# Blender 5.1.1
# www.blender.org
mtllib Cabeza.mtl
o Object_11
v 0.099298 2.879728 -0.084233
v 0.122090 2.901961 -0.094566
v 0.115646 2.888483 -0.069544
v 0.136625 2.912076 -0.075071
v -0.033240 3.050774 -0.110001
v -0.041272 3.002028 -0.134713
v -0.066517 3.008217 -0.101308
v -0.051717 3.058569 -0.087954
v -0.117880 3.017009 0.034653
v -0.114209 3.046388 0.024715
v -0.114452 3.041396 0.011413
v -0.117495 3.011372 0.022071
v -0.099859 2.929156 0.060641
v -0.097869 2.947064 0.058908
v -0.098388 2.949240 0.041480
v -0.099299 2.942512 0.045383
v -0.105668 3.029007 0.048536
v -0.105926 3.053989 0.037767
v -0.096511 2.930214 0.072694
v -0.095417 2.947971 0.073275
v -0.100237 2.964643 0.054333
v -0.107744 2.975539 0.051536
v -0.103622 2.974907 0.028296
v -0.103284 2.961855 0.034317
v -0.096362 2.964162 0.074065
v -0.100784 2.980228 0.070941
v -0.107393 3.002299 0.062609
v -0.114095 2.990196 0.043305
v -0.124909 2.984772 0.031279
v 0.136066 3.007568 0.168591
v 0.157285 3.003397 0.140422
v 0.164461 3.019186 0.131931
v 0.138957 3.019686 0.157104
v 0.144981 3.037964 0.147551
v 0.165579 3.038576 0.126971
v 0.163621 3.063066 0.121317
v 0.149524 3.059927 0.140108
v 0.158604 3.087949 0.121768
v 0.147352 3.080293 0.137406
v 0.144944 3.113130 0.118937
v 0.136636 3.103307 0.138088
v 0.162553 3.087563 0.103375
v 0.152798 3.113382 0.103117
v 0.170866 3.064591 0.103901
v 0.178631 3.038150 0.106968
v 0.172211 3.002838 0.123322
v 0.174807 3.018785 0.114344
v 0.134332 2.994579 0.175295
v 0.146205 2.989633 0.151255
v 0.158716 2.991584 0.131703
v -0.006759 3.096056 0.205486
v 0.014464 3.098686 0.206121
v 0.016219 3.106395 0.198508
v 0.001390 3.110939 0.193641
v -0.016715 3.093734 0.187479
v -0.006576 3.112977 0.179354
v -0.020196 3.075330 0.200671
v -0.005198 3.082857 0.214745
v -0.014142 3.060249 0.207504
v 0.002792 3.070874 0.217154
v -0.003413 3.050174 0.216365
v 0.012395 3.061962 0.218238
v 0.013174 3.041383 0.220851
v 0.032775 3.038877 0.225530
v 0.039442 3.050748 0.224101
v 0.023284 3.054669 0.222124
v 0.051794 3.060901 0.221274
v 0.036934 3.062621 0.220057
v 0.027431 3.069629 0.217836
v 0.021394 3.078681 0.217493
v 0.015505 3.087688 0.211743
v 0.068054 3.051446 0.223763
v 0.081673 3.066084 0.220731
v 0.054399 3.040431 0.224955
v 0.006337 3.125944 0.174687
v 0.014053 3.120280 0.182674
v 0.028480 3.124073 0.179096
v 0.026645 3.130946 0.167055
v 0.023589 3.113697 0.190733
v 0.030496 3.116894 0.187298
v -0.094993 2.942557 0.072910
v -0.095937 2.967516 0.074695
v -0.095684 2.968005 0.063042
v -0.095551 2.944470 0.062994
v -0.087782 2.883840 0.068985
v -0.091869 2.909178 0.074741
v -0.096383 2.905640 0.066345
v -0.090731 2.883996 0.063943
v -0.093820 2.937613 0.083138
v -0.095399 2.962258 0.082540
v -0.085600 2.884478 0.074567
v -0.090262 2.907989 0.080944
v -0.095266 2.930275 0.076120
v -0.096812 2.931760 0.065261
v -0.093245 2.927174 0.084198
v -0.108553 2.995912 0.005509
v -0.109026 3.028024 0.000749
v -0.108935 3.020256 -0.026003
v -0.109528 2.989846 -0.023040
v -0.103059 2.957009 -0.017792
v -0.111690 2.965198 0.003125
v -0.097201 2.923101 -0.004068
v -0.117132 2.928426 0.002648
v -0.089864 2.888687 0.015276
v -0.110314 2.896330 0.020020
v -0.094612 2.859255 0.016650
v -0.102592 2.833698 0.012368
v -0.121549 2.846542 0.022341
v -0.113577 2.870134 0.027453
v -0.091080 3.018675 -0.050785
v -0.091236 2.986591 -0.054193
v -0.088382 2.953447 -0.052480
v -0.082106 2.916089 -0.025657
v -0.081146 2.884652 -0.004311
v -0.079609 2.856577 0.008332
v -0.083491 2.835954 0.008655
v -0.108150 2.824693 0.003253
v -0.133772 2.841440 0.011812
v -0.086241 2.828137 0.003137
v 0.076531 3.200133 0.003404
v 0.062086 3.200692 -0.009647
v 0.045505 3.201218 0.003399
v 0.060351 3.200431 0.012188
v 0.181658 3.000443 -0.075166
v 0.164506 3.002073 -0.107538
v 0.151695 3.029121 -0.107460
v 0.168623 3.025509 -0.070699
v 0.181710 2.982611 -0.084948
v 0.167122 2.986003 -0.112957
v 0.149250 2.990718 -0.138797
v 0.144617 3.005557 -0.133563
v 0.131469 3.030447 -0.130672
v 0.142287 3.137509 -0.048434
v 0.120565 3.144645 -0.074136
v 0.105177 3.171925 -0.048833
v 0.123831 3.167252 -0.029628
v 0.162107 3.048640 -0.071785
v 0.137551 3.051586 -0.109748
v 0.136017 3.079343 -0.109669
v 0.157614 3.071676 -0.073544
v 0.117630 3.048562 -0.135154
v 0.108596 3.078632 -0.130654
v 0.146440 3.105927 -0.066552
v 0.124657 3.111852 -0.096664
v 0.104761 3.111298 -0.119185
v 0.100707 3.147039 -0.094868
v 0.088195 3.169543 -0.064325
v 0.080353 3.192171 -0.024843
v 0.098161 3.188816 -0.007613
v 0.064052 3.193357 -0.031144
v 0.050949 3.199948 -0.017016
v 0.039556 3.201511 -0.007795
v 0.171933 2.956183 -0.004044
v 0.167508 2.940661 -0.023379
v 0.161447 2.943415 -0.055122
v 0.167614 2.958589 -0.047252
v 0.175484 2.981401 -0.031068
v 0.180658 2.977512 0.014608
v 0.172430 2.967439 0.005193
v 0.171919 2.968569 -0.036861
v 0.156518 2.963736 -0.078367
v 0.155471 2.950953 -0.078963
v 0.159117 2.982319 -0.071362
v 0.155393 2.971493 -0.077360
v 0.160791 2.926161 -0.029173
v 0.157122 2.928729 -0.053783
v 0.160480 2.934145 -0.064685
v 0.178578 2.976447 0.019790
v 0.177930 2.967266 0.016163
v 0.171416 2.956474 0.010701
v 0.167211 2.944883 0.004006
v 0.159566 2.934058 -0.004973
v 0.033286 3.202001 0.008165
v 0.037838 3.197956 0.018123
v 0.045808 3.199361 0.010762
v 0.046323 3.202274 0.002120
v -0.037889 3.033480 -0.124317
v -0.039152 3.067683 -0.103959
v 0.001979 3.075918 -0.128546
v 0.004244 3.037252 -0.148003
v 0.002939 2.968453 -0.165661
v -0.017229 2.980255 -0.156942
v 0.015778 2.983552 -0.167783
v 0.021058 2.969177 -0.170310
v 0.048875 2.990278 -0.165333
v 0.050248 2.973084 -0.168737
v -0.034456 3.000502 -0.147880
v 0.007015 3.006381 -0.160392
v 0.048014 3.011521 -0.159128
v 0.050787 3.042592 -0.152451
v 0.053683 3.075768 -0.135551
v 0.004966 3.163077 -0.072818
v 0.020782 3.195033 -0.032177
v 0.039541 3.196559 -0.038752
v 0.032937 3.170079 -0.078635
v -0.030801 3.118244 -0.103419
v 0.010455 3.124408 -0.114200
v 0.059538 3.123081 -0.114931
v 0.065874 3.164427 -0.079791
v 0.060935 3.186773 -0.043041
v 0.027402 3.200502 -0.013177
v 0.045643 3.203551 -0.016361
v 0.063458 3.198807 -0.018967
v 0.060441 3.200443 -0.002616
v 0.059336 3.195915 0.008298
v 0.110599 3.163280 -0.040547
v 0.108126 3.175339 -0.006500
v 0.136356 3.161914 0.003571
v 0.142086 3.148746 -0.024816
v 0.047188 3.189497 -0.015599
v 0.079737 3.185690 -0.012550
v 0.079180 3.167500 -0.050509
v 0.045912 3.171753 -0.055140
v 0.082574 3.189693 0.055386
v 0.079020 3.191950 0.021618
v 0.050789 3.194686 0.020490
v 0.058236 3.196633 0.054921
v 0.123997 3.163125 0.058214
v 0.129318 3.169817 0.029419
v 0.105368 3.179460 0.025064
v 0.102721 3.183431 0.056069
v 0.159748 3.109039 0.045390
v 0.150680 3.142008 0.038103
v 0.141971 3.137754 0.062938
v 0.158729 3.109247 0.069178
v 0.110599 3.163280 -0.040547
v 0.142086 3.148746 -0.024816
v 0.145686 3.116061 -0.049033
v 0.114367 3.131197 -0.062647
v 0.044431 3.147075 -0.083796
v 0.045912 3.171753 -0.055140
v 0.079180 3.167500 -0.050509
v 0.079352 3.142176 -0.079385
v 0.061060 3.182981 0.088857
v 0.082185 3.178677 0.087485
v 0.117422 3.152764 0.085936
v 0.098637 3.168020 0.086776
v 0.108750 3.125547 0.133626
v 0.117422 3.152764 0.085936
v 0.098637 3.168020 0.086776
v 0.091946 3.139896 0.134715
v 0.072617 3.153291 0.132039
v 0.082185 3.178677 0.087485
v 0.061060 3.182981 0.088857
v 0.050804 3.159497 0.131349
v 0.161072 3.088313 -0.028611
v 0.171437 3.062289 -0.008723
v 0.173240 3.035297 -0.017636
v 0.163427 3.055099 -0.037982
v 0.142570 3.081004 -0.062983
v 0.114110 3.105590 -0.076797
v 0.042835 3.117554 -0.101881
v 0.077482 3.117911 -0.093965
v 0.175238 3.071909 0.051350
v 0.183254 3.062483 0.033823
v 0.163295 3.101925 0.023367
v 0.159748 3.109039 0.045390
v 0.170829 3.076997 0.071086
v 0.175238 3.071909 0.051350
v 0.161231 3.118195 -0.009345
v 0.151901 3.138798 0.013942
v 0.161231 3.118195 -0.009345
v 0.135956 3.128690 0.087541
v 0.125682 3.110056 0.128654
v 0.135956 3.128690 0.087541
v 0.177981 3.005259 0.074825
v 0.180425 2.999992 0.060231
v 0.183132 3.020210 0.056598
v 0.181502 3.026637 0.072217
v 0.174889 2.985872 0.074803
v 0.177341 2.982565 0.058434
v 0.171618 2.987172 0.042722
v 0.182331 2.998812 0.045269
v 0.180425 2.999992 0.060231
v 0.177341 2.982565 0.058434
v 0.184718 3.016845 0.041326
v 0.183132 3.020210 0.056598
v 0.182716 3.016983 0.002977
v 0.181423 3.037283 0.008391
v 0.164185 3.086103 0.004109
v 0.179480 3.053174 0.018361
v 0.050789 3.194686 0.020490
v 0.079020 3.191950 0.021618
v 0.105368 3.179460 0.025064
v 0.129318 3.169817 0.029419
v 0.150680 3.142008 0.038103
v 0.164185 3.086103 0.004109
v 0.179480 3.053174 0.018361
v 0.170473 3.011552 0.102897
v 0.168862 2.993107 0.103801
v 0.170473 3.011552 0.102897
v 0.151435 3.016388 0.133555
v 0.149393 2.996832 0.140018
v 0.168862 2.993107 0.103801
v 0.171774 3.032724 0.099436
v 0.153145 3.038129 0.127609
v 0.171774 3.032724 0.099436
v 0.140585 3.097183 0.121520
v 0.151704 3.105937 0.090902
v 0.151704 3.105937 0.090902
v 0.161909 3.081058 0.092774
v 0.167802 3.056074 0.096239
v 0.150979 3.058920 0.123781
v 0.171907 2.987063 0.030700
v 0.183448 2.998501 0.033257
v 0.184936 3.014860 0.029635
v 0.161909 3.081058 0.092774
v 0.146314 3.081028 0.119481
v 0.183914 3.001684 0.024782
v 0.183448 2.998501 0.033257
v 0.171907 2.987063 0.030700
v 0.172411 2.988930 0.022082
v 0.178559 3.049626 0.070669
v 0.167802 3.056074 0.096239
v 0.180586 3.043929 0.054315
v 0.180586 3.043929 0.054315
v 0.185211 3.036138 0.040281
v 0.184936 3.014860 0.029635
v 0.187648 3.009345 0.025871
v 0.186586 3.019719 0.019181
v 0.183775 3.006894 0.016166
v 0.183520 3.031104 0.025304
v 0.183520 3.031104 0.025304
v 0.173944 2.992503 0.013616
v -0.020336 3.161638 -0.042230
v -0.062714 3.134062 -0.020499
v -0.057427 3.151127 0.004980
v -0.010475 3.176554 -0.009807
v 0.013256 3.167475 -0.052345
v 0.017349 3.182551 -0.014443
v 0.032277 3.199406 0.054348
v 0.020623 3.196945 0.019525
v -0.032826 3.165344 0.062003
v 0.001680 3.187231 0.056491
v -0.007222 3.187027 0.023037
v -0.046775 3.160119 0.030810
v -0.087811 3.107875 0.051897
v -0.078116 3.113887 0.073676
v -0.062601 3.137456 0.070038
v -0.075075 3.129589 0.044894
v -0.020336 3.161638 -0.042230
v -0.028298 3.131241 -0.075326
v -0.067553 3.105899 -0.043883
v -0.062714 3.134062 -0.020499
v 0.011645 3.138381 -0.089603
v 0.013256 3.167475 -0.052345
v 0.037392 3.184593 0.087703
v -0.021904 3.163096 0.090761
v 0.007756 3.180297 0.087911
v -0.020965 3.135920 0.139212
v 0.001422 3.149111 0.136403
v 0.007756 3.180297 0.087911
v -0.021904 3.163096 0.090761
v 0.027964 3.157912 0.132479
v 0.037392 3.184593 0.087703
v -0.088536 3.085109 -0.023245
v -0.093030 3.059965 -0.040854
v -0.099593 3.047347 -0.020098
v -0.096844 3.071292 -0.007236
v -0.033235 3.092746 -0.091842
v -0.070822 3.075017 -0.063990
v 0.008839 3.108534 -0.107546
v -0.095456 3.085177 0.052587
v -0.087811 3.107875 0.051897
v -0.093076 3.098882 0.028495
v -0.099607 3.077852 0.035000
v -0.089672 3.090609 0.071647
v -0.095456 3.085177 0.052587
v -0.085929 3.106035 -0.003984
v -0.083059 3.119436 0.019556
v -0.085929 3.106035 -0.003984
v -0.055439 3.136057 0.090795
v -0.041852 3.118859 0.132958
v -0.055439 3.136057 0.090795
v -0.102025 3.027490 0.064414
v -0.100963 3.047482 0.065104
v -0.103825 3.043210 0.051304
v -0.104463 3.023438 0.049680
v -0.104925 3.005495 0.062495
v -0.104068 3.002972 0.047256
v -0.104713 3.000713 0.033240
v -0.104068 3.002972 0.047256
v -0.104463 3.023438 0.049680
v -0.106073 3.021056 0.035470
v -0.103825 3.043210 0.051304
v -0.105871 3.039048 0.038266
v -0.102964 3.036749 -0.003222
v -0.103204 3.054582 0.007170
v -0.102080 3.067641 0.020152
v -0.097917 3.086003 0.009833
v 0.020623 3.196945 0.019525
v -0.007222 3.187027 0.023037
v -0.046775 3.160119 0.030810
v -0.075075 3.129589 0.044894
v -0.097917 3.086003 0.009833
v -0.102080 3.067641 0.020152
v -0.104638 3.005169 0.075492
v -0.100380 3.026192 0.077471
v -0.100380 3.026192 0.077471
v -0.104638 3.005169 0.075492
v -0.094557 3.012436 0.092635
v -0.093724 3.025939 0.097492
v -0.087194 3.049393 0.104636
v -0.097735 3.048002 0.080504
v -0.097735 3.048002 0.080504
v -0.060030 3.100983 0.124041
v -0.070727 3.113111 0.094069
v -0.070727 3.113111 0.094069
v -0.082119 3.093036 0.090272
v -0.079785 3.068756 0.110928
v -0.090809 3.070224 0.086523
v -0.105426 3.000063 0.022687
v -0.106567 3.020695 0.023012
v -0.106763 3.036935 0.025285
v -0.082119 3.093036 0.090272
v -0.071196 3.087379 0.116482
v -0.107134 3.022336 0.017274
v -0.108499 2.998578 0.014993
v -0.105426 3.000063 0.022687
v -0.106567 3.020695 0.023012
v -0.090809 3.070224 0.086523
v -0.097607 3.067307 0.069278
v -0.102086 3.062953 0.052923
v -0.103997 3.057572 0.039429
v -0.102086 3.062953 0.052923
v -0.106763 3.036935 0.025285
v -0.106979 3.033578 0.017020
v -0.106258 3.040967 0.014707
v -0.106144 3.028203 0.010996
v -0.106266 3.050367 0.026039
v -0.106266 3.050367 0.026039
v -0.106265 3.005659 0.005467
v 0.083460 2.842972 -0.069241
v 0.069974 2.813350 -0.056837
v 0.048176 2.813251 -0.065082
v 0.055170 2.850298 -0.085692
v 0.071355 2.928839 -0.130394
v 0.114123 2.930111 -0.098585
v 0.109914 2.893795 -0.093792
v 0.079654 2.896393 -0.115729
v 0.022648 2.863350 -0.092019
v 0.023240 2.835991 -0.071965
v 0.027689 2.924364 -0.136148
v 0.028334 2.905656 -0.120670
v 0.083460 2.842972 -0.069241
v 0.055170 2.850298 -0.085692
v 0.022648 2.863350 -0.092019
v 0.033772 2.787099 -0.064444
v 0.061788 2.791165 -0.058328
v 0.058710 2.777428 -0.062238
v 0.031414 2.776706 -0.069146
v 0.016313 2.814934 -0.065179
v 0.013159 2.790298 -0.059215
v 0.114123 2.930111 -0.098585
v 0.134151 2.925878 -0.086525
v 0.118467 2.903956 -0.080998
v 0.109914 2.893795 -0.093792
v 0.093513 2.848970 -0.051068
v 0.082539 2.816171 -0.048756
v 0.076681 2.799489 -0.050814
v 0.072833 2.784373 -0.056642
v 0.056649 2.774536 -0.071823
v 0.071143 2.779370 -0.064071
v 0.029553 2.770361 -0.075153
v 0.011416 2.783574 -0.061469
v -0.010101 2.835586 -0.068054
v 0.016271 2.842083 -0.084621
v 0.010868 2.805608 -0.066334
v -0.008875 2.808890 -0.049686
v 0.051178 2.926284 -0.143879
v 0.051909 2.900523 -0.125006
v 0.009180 2.888421 -0.109229
v 0.004066 2.922844 -0.130837
v 0.055658 2.863823 -0.100012
v 0.045064 2.828849 -0.077111
v 0.088241 2.926588 -0.129016
v 0.089827 2.906011 -0.118999
v 0.008798 2.777825 -0.062742
v 0.009516 2.764660 -0.072946
v -0.007225 2.765539 -0.065666
v -0.009059 2.778255 -0.053518
v 0.036268 2.799299 -0.065035
v 0.032256 2.774328 -0.074608
v -0.011354 2.881722 -0.096562
v -0.017420 2.915088 -0.113669
v -0.020759 2.831251 -0.052636
v -0.019025 2.809964 -0.040523
v -0.015925 2.770949 -0.053619
v -0.017754 2.784130 -0.044933
v 0.029916 2.774606 -0.081525
v 0.009005 2.761175 -0.080985
v -0.007011 2.763607 -0.076464
v -0.016667 2.768867 -0.059032
v 0.125767 2.865752 -0.023671
v 0.107904 2.818835 -0.026675
v 0.094950 2.818279 -0.039612
v 0.108298 2.876900 -0.064155
v 0.142359 2.940370 -0.088356
v 0.152781 2.931197 -0.044850
v 0.136634 2.893480 -0.032677
v 0.132287 2.918243 -0.080776
v 0.109196 2.896214 -0.099326
v 0.090491 2.846506 -0.061262
v 0.122416 2.937550 -0.110811
v 0.119332 2.919677 -0.106145
v 0.088825 2.802753 -0.044268
v 0.101983 2.804705 -0.032783
v 0.099785 2.786588 -0.038540
v 0.085576 2.783022 -0.049945
v 0.081374 2.812862 -0.050628
v 0.074265 2.785096 -0.056118
v 0.151297 2.924442 -0.010008
v 0.135067 2.887499 -0.008000
v 0.133946 2.852564 0.000299
v 0.125860 2.826565 -0.009263
v 0.120310 2.815477 -0.013940
v 0.116640 2.805079 -0.017229
v -0.005145 2.796012 -0.055763
v 0.009357 2.797312 -0.071440
v 0.007532 2.779782 -0.075050
v -0.004594 2.780541 -0.059377
v 0.011149 2.922992 -0.138929
v 0.012403 2.897585 -0.118840
v -0.014577 2.880735 -0.095453
v -0.020302 2.920885 -0.117436
v 0.034346 2.802179 -0.081692
v 0.030508 2.781265 -0.086403
v 0.037019 2.920451 -0.145570
v 0.052197 2.899803 -0.132456
v 0.010471 2.831874 -0.075993
v -0.015672 2.817927 -0.056437
v 0.037471 2.832942 -0.089768
v 0.003325 2.772752 -0.089017
v -0.009929 2.773456 -0.079616
v 0.026243 2.773906 -0.097491
v -0.030393 2.872314 -0.074004
v -0.039492 2.912743 -0.093457
v -0.022136 2.815563 -0.040504
v -0.017463 2.781424 -0.050309
v -0.014585 2.795892 -0.046477
v -0.025092 2.774288 -0.069330
v -0.062825 2.925174 -0.073940
v -0.037543 2.921909 -0.108979
v -0.034688 2.879375 -0.088569
v -0.052495 2.889893 -0.062735
v -0.040978 2.970156 -0.107919
v -0.041484 2.946083 -0.112434
v -0.068723 2.945132 -0.078004
v -0.069938 2.970026 -0.085633
v -0.013601 2.926895 -0.127204
v -0.016046 2.891222 -0.108800
v -0.014321 2.966671 -0.130172
v -0.016937 2.947893 -0.135757
v -0.026906 2.810513 -0.042525
v -0.026813 2.785726 -0.043761
v -0.036247 2.794033 -0.027850
v -0.034136 2.816159 -0.026849
v -0.015784 2.818224 -0.059120
v -0.013357 2.797899 -0.049852
v -0.084102 2.946871 -0.044312
v -0.087550 2.972389 -0.047032
v -0.076709 2.922817 -0.046170
v -0.063847 2.889940 -0.041744
v -0.047472 2.801154 -0.010538
v -0.051184 2.824265 -0.010935
v -0.022423 2.772309 -0.049357
v -0.033132 2.768534 -0.044819
v -0.043843 2.769943 -0.032634
v -0.049781 2.779748 -0.010689
v 0.179103 2.951920 0.021257
v 0.165427 2.942979 -0.004972
v 0.167355 2.970356 -0.004436
v 0.173840 2.977177 0.021466
v 0.161735 2.917037 0.014033
v 0.150174 2.909544 -0.012109
v 0.142921 2.893114 -0.011340
v 0.152206 2.895408 0.012854
v 0.143859 2.867184 0.012292
v 0.136852 2.867508 -0.007740
v 0.144925 2.834937 0.015009
v 0.131623 2.831525 -0.002832
v 0.154513 2.816628 0.009835
v 0.134895 2.816551 -0.005133
v 0.156294 2.936185 -0.029140
v 0.162865 2.962394 -0.040011
v 0.142027 2.908103 -0.032980
v 0.133004 2.893276 -0.031351
v 0.124896 2.866534 -0.027162
v 0.125140 2.833724 -0.015290
v 0.133174 2.822982 -0.015806
v 0.178764 2.953453 0.017941
v 0.166755 2.950585 -0.005249
v 0.172309 2.973046 -0.004599
v 0.173147 2.979756 0.020368
v 0.172955 2.930610 0.017923
v 0.162219 2.924544 -0.007224
v 0.160301 2.898569 0.032447
v 0.145386 2.887777 -0.007737
v 0.151405 2.867430 0.027050
v 0.141673 2.861683 0.001270
v 0.138476 2.847140 -0.000381
v 0.148075 2.850727 0.020166
v 0.158041 2.828079 0.007845
v 0.142328 2.823097 -0.006694
v 0.161910 2.945542 -0.035467
v 0.166126 2.970755 -0.046110
v 0.151176 2.923978 -0.039588
v 0.135249 2.890649 -0.031706
v 0.128608 2.857901 -0.019177
v 0.126697 2.841485 -0.017557
v 0.134661 2.825784 -0.019219
v 0.170013 2.947713 -0.006840
v 0.171942 2.965950 -0.026236
v 0.184184 2.983105 0.020434
v 0.177211 2.972825 0.025016
v 0.112396 2.829245 -0.027465
v 0.103740 2.833967 -0.042474
v 0.126020 2.871035 -0.051851
v 0.126800 2.858862 -0.029287
v 0.121596 2.789018 -0.047710
v 0.103183 2.786429 -0.047554
v 0.116310 2.787646 -0.039656
v 0.136070 2.791354 -0.040205
v 0.096727 2.780449 -0.051814
v 0.082973 2.785468 -0.051274
v 0.093867 2.839035 -0.055196
v 0.123186 2.879848 -0.072095
v 0.142118 2.902810 -0.037327
v 0.141855 2.912370 -0.058502
v 0.158599 2.935357 -0.051887
v 0.159954 2.926465 -0.030961
v 0.141582 2.912264 -0.079129
v 0.157612 2.947108 -0.074238
v 0.164883 2.985182 -0.054233
v 0.186150 3.003400 -0.010456
v 0.185889 3.003284 0.039340
v 0.178992 2.981365 0.054444
v 0.189667 3.027370 0.021792
v 0.182810 3.029121 0.067809
v 0.176077 3.007631 0.084551
v 0.186147 3.045859 0.053720
v 0.079899 2.800201 -0.050842
v 0.084307 2.814728 -0.049555
v 0.096043 2.813261 -0.039701
v 0.097452 2.800706 -0.039237
v 0.109164 2.799694 -0.030013
v 0.106531 2.810791 -0.029124
v 0.173210 2.957335 0.001971
v 0.160367 2.951399 -0.049999
v 0.173115 2.973672 -0.047520
v 0.178801 2.980002 -0.003059
v 0.168228 2.934912 -0.004152
v 0.158653 2.911440 -0.016498
v 0.144704 2.912117 -0.052619
v 0.155001 2.929417 -0.049652
v 0.140420 2.864939 -0.013968
v 0.128705 2.863031 -0.037314
v 0.141647 2.832349 -0.015454
v 0.122236 2.822164 -0.030234
v 0.128579 2.807597 -0.026126
v 0.155043 2.810798 -0.013386
v 0.173877 2.801979 -0.012147
v 0.145942 2.802603 -0.023275
v 0.153431 2.948792 -0.083966
v 0.149021 2.972672 -0.090840
v 0.138425 2.909847 -0.080117
v 0.150918 2.928262 -0.081423
v 0.116018 2.859135 -0.053850
v 0.097944 2.809337 -0.041969
v 0.102218 2.799312 -0.038836
v 0.126056 2.793580 -0.039120
v -0.058025 2.846897 -0.022526
v -0.048834 2.854846 -0.046172
v -0.036298 2.804339 -0.026992
v -0.046326 2.808845 -0.015583
v -0.062873 2.977415 -0.107588
v -0.063989 2.926684 -0.089090
v -0.077147 2.916442 -0.048821
v -0.083853 2.965723 -0.065485
v -0.039127 2.851342 -0.062991
v -0.027551 2.809570 -0.043275
v -0.036600 2.977064 -0.123991
v -0.041658 2.927206 -0.113708
v -0.055892 2.898959 -0.073002
v -0.065564 2.883225 -0.038286
v -0.035697 2.900249 -0.102354
v -0.039353 2.778535 -0.037060
v -0.052955 2.783684 -0.025605
v -0.027441 2.784656 -0.054308
v -0.085092 2.915105 -0.010755
v -0.092373 2.957884 -0.022936
v -0.064858 2.841907 -0.000687
v -0.071509 2.878957 -0.004424
v -0.061952 2.816890 -0.001430
v -0.064702 2.798234 -0.006889
v 0.191766 2.981796 0.028005
v 0.181247 2.974350 0.014427
v 0.190173 3.000635 -0.004957
v 0.188331 3.007972 0.018104
v 0.186995 2.959295 0.023397
v 0.176146 2.951793 0.012458
v 0.180575 2.930767 0.021985
v 0.164574 2.922337 -0.001361
v 0.178879 2.916961 0.026129
v 0.158337 2.906114 0.002601
v 0.154106 2.888178 -0.001121
v 0.175423 2.896323 0.021346
v 0.182213 2.879868 0.013768
v 0.158651 2.877471 -0.003412
v 0.178808 2.969677 -0.028924
v 0.166370 3.004590 -0.047657
v 0.168333 2.947862 -0.030416
v 0.156334 2.918545 -0.027407
v 0.154153 2.901642 -0.013137
v 0.145607 2.886005 -0.011041
v 0.144644 2.878238 -0.013030
v 0.164852 2.872743 -0.010396
v 0.188217 2.872548 0.004348
v 0.192234 2.873474 -0.000617
v 0.168589 2.875159 -0.014624
v 0.148059 2.874622 -0.018690
v 0.153603 2.878383 -0.022112
v -0.033437 2.910126 -0.116839
v -0.005089 2.905908 -0.137583
v 0.001160 2.868639 -0.114056
v -0.028748 2.869635 -0.096297
v 0.017913 2.986676 -0.144846
v 0.002990 2.934490 -0.147859
v -0.030555 2.938143 -0.127715
v -0.019906 2.983852 -0.134317
v 0.026461 2.906023 -0.143888
v 0.029533 2.873458 -0.127218
v 0.047310 2.982585 -0.151616
v 0.033122 2.934388 -0.155476
v 0.007955 2.827715 -0.082736
v 0.009297 2.801655 -0.079252
v -0.006246 2.801100 -0.070090
v -0.018460 2.826792 -0.074165
v 0.035102 2.844042 -0.102651
v 0.029919 2.808229 -0.085968
v -0.050397 2.935331 -0.110352
v -0.044338 2.978021 -0.121166
v -0.050513 2.906495 -0.101139
v -0.042274 2.873435 -0.083404
v -0.017419 2.803636 -0.060917
v -0.028688 2.840820 -0.068666
v 0.018161 2.782518 -0.091365
v -0.000254 2.779786 -0.085227
v -0.013397 2.778990 -0.078555
v -0.020828 2.785969 -0.066316
v 0.139946 2.935588 -0.097834
v 0.100496 2.900098 -0.114895
v 0.108732 2.935482 -0.131742
v 0.094781 3.042619 -0.129350
v 0.129994 3.041538 -0.099391
v 0.130401 2.980446 -0.105888
v 0.092416 2.980122 -0.143208
v 0.071232 2.940434 -0.145101
v 0.077463 2.907664 -0.128238
v 0.065620 3.037510 -0.140956
v 0.060040 2.979570 -0.155093
v 0.070071 2.872443 -0.102300
v 0.059036 2.881435 -0.111398
v 0.146733 3.037435 -0.073501
v 0.148877 2.977821 -0.080512
v 0.151834 2.938991 -0.077356
v 0.112717 2.904807 -0.118614
v 0.099209 2.878939 -0.106085
v 0.066022 2.872895 -0.121980
v 0.081271 2.904850 -0.137659
v 0.049023 2.966904 -0.156630
v 0.099396 2.966326 -0.139830
v 0.108622 2.926478 -0.136145
v 0.060603 2.925874 -0.155411
v 0.033008 2.910653 -0.147788
v 0.032882 2.882080 -0.134696
v 0.018893 2.960462 -0.155034
v 0.021136 2.928030 -0.151620
v 0.051171 2.848092 -0.107971
v 0.073135 2.851501 -0.092905
v 0.061042 2.830789 -0.083780
v 0.044902 2.830054 -0.097260
v 0.029136 2.865662 -0.125795
v 0.032144 2.846654 -0.110972
v 0.130638 2.959590 -0.112756
v 0.133512 2.929987 -0.102069
v 0.135262 2.911674 -0.097497
v 0.120997 2.893946 -0.095171
v 0.077549 2.844466 -0.080345
v 0.096366 2.863584 -0.094455
v 0.075813 2.829000 -0.068894
v 0.060771 2.811105 -0.076266
v 0.045386 2.810324 -0.091992
v 0.034939 2.826087 -0.103250
v 0.154070 2.907236 -0.043502
v 0.140480 2.894974 -0.053773
v 0.129331 2.885473 -0.084323
v 0.138463 2.907633 -0.083271
v 0.146528 2.961785 -0.098101
v 0.171428 2.961745 -0.045355
v 0.169569 2.937081 -0.040322
v 0.156792 2.938591 -0.090941
v 0.132588 2.909561 -0.105818
v 0.120102 2.889973 -0.102959
v 0.119411 2.957480 -0.125825
v 0.129559 2.938074 -0.120350
v 0.158331 2.918136 -0.040585
v 0.149714 2.918549 -0.083358
v 0.134295 2.922074 -0.112194
v 0.101416 2.840654 -0.069062
v 0.122236 2.851088 -0.047775
v 0.119259 2.828484 -0.042190
v 0.090723 2.811048 -0.055468
v 0.088816 2.847357 -0.090039
v 0.075299 2.805831 -0.067281
v 0.178552 2.958560 0.003709
v 0.172583 2.940785 0.006663
v 0.165626 2.920749 -0.008302
v 0.158382 2.903449 -0.014778
v 0.151372 2.889805 -0.020193
v 0.147014 2.862866 -0.023100
v 0.142736 2.847800 -0.019950
v 0.107859 2.873044 -0.101265
v 0.112888 2.863091 -0.079204
v 0.129619 2.872056 -0.054166
v 0.149420 2.876125 -0.022825
v 0.030411 2.905700 -0.149617
v 0.053214 2.905505 -0.154168
v 0.043200 2.889630 -0.145891
v 0.025273 2.886209 -0.141535
v 0.016030 2.969772 -0.158915
v 0.033608 2.972275 -0.163492
v 0.048796 2.941370 -0.165446
v 0.025018 2.942351 -0.156593
v 0.030443 2.924682 -0.155957
v 0.055370 2.924148 -0.162569
v 0.014782 2.854023 -0.113593
v 0.024610 2.852940 -0.123091
v 0.011140 2.833928 -0.109211
v 0.004659 2.837246 -0.106267
v 0.060305 2.969748 -0.163513
v 0.072408 2.941464 -0.156897
v 0.075443 2.924766 -0.155294
v 0.071761 2.909713 -0.145634
v 0.062852 2.895598 -0.138344
v 0.021192 2.836627 -0.106540
v 0.039432 2.858226 -0.122774
v 0.033097 2.867326 -0.134264
v 0.052306 2.877122 -0.131100
v 0.019142 2.865209 -0.124815
v 0.004027 2.822416 -0.109517
v -0.002150 2.825174 -0.111965
v -0.005888 2.831539 -0.110345
v 0.160526 2.966113 -0.074941
v 0.164356 2.939022 -0.079965
v 0.149908 2.938000 -0.103715
v 0.143366 2.970480 -0.100602
v 0.141574 3.027748 -0.091460
v 0.160872 3.025758 -0.056329
v 0.164389 2.987979 -0.065942
v 0.143556 2.992452 -0.093410
v 0.117955 2.973750 -0.126377
v 0.117611 2.944021 -0.131964
v 0.113009 3.025771 -0.125610
v 0.113876 2.993234 -0.128105
v 0.156003 2.917978 -0.081482
v 0.146677 2.915733 -0.097197
v 0.130060 2.916801 -0.116430
v 0.177996 3.017977 -0.026762
v 0.179542 2.982338 -0.030831
v 0.176234 2.960333 -0.041006
v 0.169862 2.940488 -0.050504
v 0.156809 2.922447 -0.065603
v 0.128750 2.960715 -0.122915
v 0.128640 2.943660 -0.122029
v 0.104001 2.938591 -0.154014
v 0.088825 2.959167 -0.152352
v 0.097323 3.041353 -0.127212
v 0.132851 3.041644 -0.097196
v 0.136232 3.011996 -0.118381
v 0.110543 3.013607 -0.140096
v 0.063389 2.958532 -0.159522
v 0.080379 2.937608 -0.161880
v 0.064229 3.038982 -0.137008
v 0.072553 3.014583 -0.150958
v 0.124674 2.986775 -0.118187
v 0.100929 2.985906 -0.143381
v 0.067424 2.987046 -0.155274
v 0.158806 2.914680 -0.106498
v 0.130934 2.913415 -0.128260
v 0.105197 2.915251 -0.145000
v 0.151549 3.035728 -0.072860
v 0.147347 3.009643 -0.097251
v 0.145304 2.985145 -0.098110
v 0.147196 2.960072 -0.101402
v 0.153585 2.941506 -0.101510
v 0.175652 2.919796 -0.093068
v 0.029035 2.989348 -0.159859
v 0.037681 2.963770 -0.166578
v -0.008171 2.950781 -0.155165
v -0.022210 2.980958 -0.145057
v 0.048436 3.035966 -0.140621
v 0.036817 3.007384 -0.154115
v -0.018601 3.005805 -0.138967
v 0.004835 3.042973 -0.127402
v 0.046709 2.924370 -0.163350
v 0.041675 2.905385 -0.155134
v 0.003940 2.900827 -0.142179
v 0.003025 2.922031 -0.148359
v -0.052531 3.002444 -0.120315
v -0.035341 3.037907 -0.108908
v -0.053693 2.973588 -0.122695
v -0.038615 2.948981 -0.128965
v -0.025032 2.907480 -0.125892
v -0.027050 2.924217 -0.131381
v 0.023941 2.888904 -0.147740
v -0.005722 2.882758 -0.144733
v -0.035843 2.894933 -0.129366
v -0.003110 2.969938 -0.159275
v 0.042082 2.970381 -0.170569
v 0.031730 2.949316 -0.169169
v 0.003901 2.950932 -0.159276
v -0.014143 3.032588 -0.127379
v 0.032922 3.038620 -0.139713
v 0.050883 3.002654 -0.163960
v -0.005345 2.999242 -0.147436
v 0.030729 2.937124 -0.167527
v 0.010676 2.937772 -0.160820
v 0.085537 3.038203 -0.136713
v 0.102506 3.004996 -0.148956
v 0.089773 2.973637 -0.152508
v 0.073772 2.955631 -0.163145
v 0.061984 2.941136 -0.170121
v 0.028260 2.933190 -0.186059
v 0.029831 2.932643 -0.174355
v 0.050790 2.935964 -0.179039
v 0.035692 2.933361 -0.188007
v 0.017301 2.933719 -0.168624
v 0.023945 2.933563 -0.183999
v -0.059437 2.850362 -0.028632
v -0.060647 2.807641 -0.019400
v -0.068648 2.808801 -0.003999
v -0.069823 2.852688 -0.002334
v -0.076704 2.959860 -0.089038
v -0.074836 2.941741 -0.083381
v -0.091859 2.937435 -0.033784
v -0.093215 2.959158 -0.037354
v -0.065224 2.889472 -0.052720
v -0.074096 2.888403 -0.019770
v -0.070483 2.803060 -0.023271
v -0.078805 2.802929 -0.011339
v -0.098256 2.937546 0.007360
v -0.109252 2.958337 0.002540
v -0.085554 2.843900 0.027139
v -0.093730 2.883457 0.027616
v -0.084148 2.813285 0.014406
v -0.090370 2.804029 0.002258
v -0.069043 2.916560 -0.069105
v -0.083600 2.918464 -0.029198
v -0.097421 2.912466 0.015401
v -0.094077 2.981014 -0.039453
v -0.119687 2.978046 0.004030
v -0.075355 2.978839 -0.091761
v -0.079347 2.807244 -0.030342
v -0.087920 2.806537 -0.020119
v -0.097161 2.806893 -0.010181
v -0.126496 2.953570 -0.008491
v -0.135688 2.968226 0.007715
v -0.116244 2.988699 -0.009046
v -0.108606 2.965669 -0.033933
v -0.081789 2.881836 -0.004230
v -0.086274 2.893967 -0.018343
v -0.074573 2.888659 -0.039215
v -0.074249 2.862378 -0.019536
v -0.094094 2.830539 0.002750
v -0.097351 2.856762 0.014745
v -0.084458 2.868474 0.007281
v -0.075102 2.845632 0.001535
v -0.078832 2.819103 -0.000606
v -0.069304 2.826680 -0.003360
v -0.061574 2.896462 -0.063895
v -0.062328 2.853082 -0.029200
v -0.086257 2.914184 -0.025610
v -0.095465 2.928767 -0.024568
v -0.097269 2.934321 -0.053221
v -0.080310 2.914377 -0.054676
v -0.092308 2.951817 -0.068730
v -0.073471 2.919832 -0.070154
v -0.098939 2.984530 -0.057896
v -0.101822 3.007820 -0.046228
v -0.130365 2.981728 0.023837
v -0.112365 2.995724 0.044189
v -0.122731 3.021951 0.027708
v -0.122215 3.005533 0.004829
v -0.109717 3.069128 0.007444
v -0.111121 3.029571 -0.020780
v -0.107888 3.022463 0.075056
v -0.118790 3.047308 0.057768
v -0.100761 3.090985 0.038170
v -0.083352 2.919270 -0.062013
v -0.078524 2.900240 -0.051901
v -0.098329 2.901435 -0.014717
v -0.112138 2.926534 -0.022948
v -0.094849 3.016868 -0.058849
v -0.097202 2.993400 -0.063508
v -0.111642 2.995753 -0.033953
v -0.106869 3.021658 -0.035166
v -0.097078 2.967811 -0.064935
v -0.094070 2.942538 -0.065834
v -0.114639 2.948090 -0.028039
v -0.114146 2.970576 -0.030903
v -0.078848 2.873006 -0.035746
v -0.087592 2.856372 -0.028685
v -0.109102 2.856604 -0.006834
v -0.095506 2.875651 -0.006036
v -0.128579 2.991198 0.006697
v -0.124423 3.019873 0.005659
v -0.136240 2.948737 0.001376
v -0.137149 2.968041 0.003846
v -0.111704 2.907040 0.011765
v -0.124870 2.930696 0.000227
v -0.126923 2.886795 0.020562
v -0.116132 2.895584 0.017817
v -0.095803 2.920249 -0.051257
v -0.088676 2.908127 -0.041606
v -0.107426 2.916064 -0.018744
v -0.115858 2.926239 -0.021178
v -0.106725 2.997916 -0.047483
v -0.107768 2.977356 -0.049692
v -0.117107 2.980339 -0.025722
v -0.117143 3.000749 -0.027336
v -0.105445 2.956387 -0.053587
v -0.102540 2.937108 -0.053964
v -0.116077 2.942134 -0.023569
v -0.118353 2.958699 -0.026254
v -0.137963 2.975989 0.007062
v -0.131413 2.994377 0.008721
v -0.135582 2.944902 -0.001190
v -0.139906 2.958824 0.001388
v -0.121647 2.923346 -0.002921
v -0.125864 2.930091 -0.002398
v -0.091705 2.896363 -0.031323
v -0.106540 2.891047 -0.024975
v -0.129840 2.893673 -0.012976
v -0.112356 2.906951 -0.017097
v -0.143264 2.909793 -0.001942
v -0.129820 2.916702 -0.002227
v -0.085704 2.975782 -0.084493
v -0.068846 2.979285 -0.107502
v -0.066547 2.946903 -0.115420
v -0.080742 2.947377 -0.094437
v -0.077947 3.007661 -0.074652
v -0.069619 3.058213 -0.067577
v -0.042676 2.975580 -0.138593
v -0.041663 2.939963 -0.142756
v -0.066160 2.913054 -0.122090
v -0.079470 2.915985 -0.103781
v -0.048686 2.913434 -0.137224
v -0.088530 3.007454 -0.051370
v -0.082265 3.053954 -0.050189
v -0.093799 2.971732 -0.061590
v -0.092091 2.938182 -0.075233
v -0.088220 2.916939 -0.091408
v -0.121686 2.971832 -0.023763
v -0.108204 2.977396 -0.055627
v -0.097615 2.939800 -0.074269
v -0.109957 2.936291 -0.042374
v -0.094745 3.047287 -0.043638
v -0.111791 3.008490 -0.042783
v -0.128629 3.003188 -0.019105
v -0.117551 3.045619 -0.019994
v -0.088862 2.981913 -0.080296
v -0.081577 2.950336 -0.095648
v -0.076054 3.042868 -0.073080
v -0.094390 3.008358 -0.070172
v -0.096480 2.921914 -0.084694
v -0.101882 2.919210 -0.052239
v -0.072320 2.926798 -0.119820
v -0.138499 2.996569 -0.001217
v -0.122848 3.039165 -0.001014
v -0.137691 2.966916 -0.004477
v -0.123859 2.938053 -0.013424
v -0.118043 2.924685 -0.020393
v -0.107527 2.978351 -0.063358
v -0.096324 2.943122 -0.079666
v -0.119732 2.943233 -0.037540
v -0.122545 2.971571 -0.029848
v -0.093507 3.046078 -0.053721
v -0.112187 3.007676 -0.052462
v -0.129549 3.001623 -0.025332
v -0.126412 3.041688 -0.024575
v -0.099347 2.921910 -0.084001
v -0.119680 2.923815 -0.038721
v -0.143051 2.996342 0.005741
v -0.131594 3.038860 0.005739
v -0.141991 2.965527 0.003950
v -0.136249 2.944673 -0.005088
v -0.141324 2.932955 -0.003215
v -0.102910 2.914562 -0.087311
v -0.128551 2.914627 -0.042559
v -0.151182 2.922284 -0.003678
v -0.130908 2.998633 -0.026296
v -0.110555 3.008472 -0.053537
v -0.105625 2.978067 -0.069522
v -0.117710 2.972641 -0.046734
v -0.073884 3.109886 -0.033562
v -0.088024 3.081547 -0.036823
v -0.107632 3.074185 -0.010745
v -0.092479 3.101799 -0.006688
v -0.073950 3.012996 -0.089515
v -0.083152 2.984447 -0.096338
v -0.050444 3.109901 -0.065433
v -0.059706 3.082798 -0.070285
v -0.112255 3.051867 -0.040289
v -0.133317 3.043100 -0.014847
v -0.065822 3.054940 -0.077508
v -0.081879 2.952947 -0.102226
v -0.100344 2.947250 -0.076151
v -0.069253 2.953984 -0.123241
v -0.114862 3.066932 0.005362
v -0.099720 3.093360 0.009391
v -0.139701 2.988028 -0.006559
v -0.137174 3.035957 0.001207
v -0.127302 2.970534 -0.021257
v -0.114670 2.945112 -0.051586
v 0.076330 3.196320 0.005919
v 0.062124 3.197489 -0.007070
v 0.045183 3.192735 0.007305
v 0.060031 3.194724 0.015085
v 0.161125 3.011020 -0.067063
v 0.143506 3.014446 -0.115326
v 0.143239 3.048071 -0.097458
v 0.152342 3.042480 -0.061806
v 0.178694 2.976600 -0.057214
v 0.149700 2.983785 -0.106709
v 0.125617 2.981811 -0.127565
v 0.123486 3.016298 -0.139562
v 0.119060 3.046470 -0.131580
v 0.149886 3.121164 -0.042389
v 0.130521 3.128456 -0.068026
v 0.104728 3.168219 -0.045760
v 0.120972 3.163069 -0.026699
v 0.140720 3.087080 -0.083585
v 0.154835 3.076047 -0.052549
v 0.120176 3.091175 -0.115786
v 0.105339 3.139591 -0.088468
v 0.086138 3.170735 -0.059156
v 0.077436 3.188722 -0.023381
v 0.094773 3.186934 -0.006553
v 0.062749 3.187737 -0.029207
v 0.050909 3.192100 -0.013632
v 0.039336 3.190521 -0.003545
v 0.083163 3.200237 0.020302
v 0.071539 3.196285 0.005689
v 0.052577 3.196208 0.016884
v 0.065726 3.198484 0.027256
v 0.173485 3.010528 -0.044101
v 0.158132 3.014530 -0.097466
v 0.163978 3.043667 -0.060485
v 0.181478 3.033629 -0.020154
v 0.186701 2.982142 -0.058490
v 0.165797 2.987532 -0.109258
v 0.161139 2.999712 -0.111564
v 0.177502 2.994816 -0.060368
v 0.152250 2.984343 -0.130556
v 0.143594 2.998148 -0.138623
v 0.138485 3.016309 -0.128682
v 0.146160 3.043585 -0.098563
v 0.166843 3.120054 -0.007968
v 0.153377 3.122521 -0.035312
v 0.119576 3.165190 -0.022916
v 0.134271 3.162345 -0.002997
v 0.169833 3.079618 -0.045924
v 0.188483 3.068344 -0.011484
v 0.149350 3.083046 -0.075372
v 0.132680 3.129142 -0.061309
v 0.103227 3.171282 -0.040656
v 0.089344 3.187358 -0.007968
v 0.103772 3.185944 0.010917
v 0.077488 3.188686 -0.019095
v 0.061720 3.197979 -0.003368
v 0.049268 3.199197 0.007253
v 0.063949 3.197785 0.008892
v 0.057672 3.197483 0.002511
v 0.049864 3.182819 0.005432
v 0.054566 3.187944 0.015062
v 0.126253 3.029227 -0.124841
v 0.092639 3.030890 -0.158177
v 0.109843 3.074660 -0.129250
v 0.128985 3.066352 -0.110862
v 0.110060 2.965094 -0.139924
v 0.088116 2.965360 -0.157643
v 0.082324 2.982184 -0.160557
v 0.111599 2.981179 -0.139344
v 0.059751 2.967376 -0.168893
v 0.057311 2.985993 -0.166685
v 0.090344 3.002141 -0.161081
v 0.117865 3.001072 -0.138826
v 0.063292 3.004826 -0.171448
v 0.064167 3.032043 -0.166943
v 0.076134 3.074836 -0.136808
v 0.108375 3.156225 -0.062474
v 0.088286 3.162545 -0.070493
v 0.072102 3.184348 -0.035456
v 0.090210 3.183394 -0.026336
v 0.100088 3.125037 -0.096360
v 0.124937 3.119285 -0.085485
v 0.075405 3.127913 -0.107589
v 0.064859 3.165794 -0.078857
v 0.050535 3.185699 -0.044628
v 0.065753 3.196824 -0.007521
v 0.076467 3.196569 0.001828
v 0.051069 3.190257 -0.015804
v 0.046529 3.194490 -0.009211
v 0.038261 3.177882 -0.003489
v 0.043610 3.188822 0.045796
v 0.041485 3.155564 0.052835
v 0.043894 3.153696 0.042501
v 0.048310 3.190009 0.040095
v 0.010284 3.086193 -0.143547
v 0.013110 3.116889 -0.123180
v 0.039555 3.123904 -0.135879
v 0.034598 3.086556 -0.158247
v 0.007861 3.004288 -0.176201
v 0.004422 3.032545 -0.175264
v 0.043119 3.030983 -0.175106
v 0.050036 3.004007 -0.176080
v 0.050110 2.976244 -0.171522
v 0.018041 2.975154 -0.169557
v 0.089054 2.976030 -0.161588
v 0.089573 3.002223 -0.165486
v 0.083986 3.028002 -0.162677
v 0.005352 3.056413 -0.164542
v 0.035056 3.054663 -0.161990
v 0.077476 3.050316 -0.153752
v 0.076849 3.083588 -0.135819
v 0.073194 3.114839 -0.117051
v 0.024712 3.199679 -0.037183
v 0.027639 3.206672 -0.016931
v 0.045011 3.207339 -0.012855
v 0.045226 3.201153 -0.034336
v 0.022045 3.153247 -0.091690
v 0.048554 3.168125 -0.090484
v 0.080069 3.158163 -0.082417
v 0.021708 3.189357 -0.056499
v 0.045212 3.193348 -0.055063
v 0.078343 3.186450 -0.049382
v 0.069965 3.202403 -0.007181
v 0.074361 3.194874 -0.028709
v 0.038352 3.200843 0.028825
v 0.052874 3.202838 0.026306
v 0.066769 3.201521 0.019554
v 0.064692 3.189458 0.028396
v 0.058749 3.149469 0.035213
v 0.067366 3.202646 0.007174
v 0.056553 3.206515 0.000040
v 0.044677 3.206280 0.021635
v 0.051614 3.201592 0.031616
v 0.126046 3.045825 -0.131292
v 0.092589 3.037031 -0.158629
v 0.102571 3.081456 -0.139026
v 0.137280 3.078258 -0.112754
v 0.111948 2.969316 -0.140441
v 0.093556 2.969168 -0.157167
v 0.089895 2.984511 -0.166543
v 0.120381 2.983733 -0.141983
v 0.061051 2.971454 -0.172029
v 0.058858 2.988173 -0.179475
v 0.091596 3.007860 -0.165699
v 0.126820 3.021734 -0.137617
v 0.051242 3.011053 -0.177639
v 0.052262 3.036796 -0.175131
v 0.049563 3.078455 -0.153629
v 0.117307 3.152052 -0.066162
v 0.092985 3.165503 -0.078867
v 0.082796 3.179805 -0.059293
v 0.107991 3.173595 -0.047601
v 0.102393 3.130044 -0.109416
v 0.130365 3.125783 -0.087695
v 0.058671 3.132549 -0.121619
v 0.064230 3.166412 -0.081905
v 0.057701 3.179592 -0.064928
v 0.099291 3.187651 -0.026843
v 0.072550 3.193007 -0.039206
v 0.063825 3.204063 -0.016986
v 0.081082 3.199398 -0.007308
v 0.050593 3.193701 -0.048265
v 0.044080 3.202016 -0.024460
v 0.038168 3.207242 -0.002896
v 0.031501 3.207685 0.013754
v 0.021129 3.197113 0.003764
v 0.039086 3.194244 0.015107
v 0.052176 3.192629 0.007350
v 0.033911 3.200102 -0.008816
v -0.107086 3.012004 -0.061400
v -0.106852 3.041089 -0.050884
v -0.061815 3.047897 -0.095001
v -0.061978 3.010975 -0.116732
v -0.095292 2.979926 -0.088387
v -0.055036 2.973523 -0.131966
v -0.030763 3.006355 -0.144102
v -0.017219 2.972581 -0.158169
v -0.027771 3.043164 -0.118700
v -0.044600 3.143466 -0.036838
v -0.024675 3.171391 -0.033681
v -0.004182 3.177713 -0.052341
v -0.017266 3.152794 -0.063570
v -0.095545 3.071784 -0.046713
v -0.059461 3.080715 -0.084616
v -0.020248 3.079021 -0.109176
v -0.066082 3.116103 -0.040296
v -0.040282 3.127506 -0.078081
v -0.008530 3.118729 -0.105596
v 0.015872 3.164760 -0.069176
v 0.005650 3.146025 -0.085172
v -0.000502 3.185957 -0.009880
v 0.016754 3.194270 -0.026620
v 0.032420 3.195731 -0.031631
v 0.044083 3.198359 -0.014808
v 0.056587 3.193700 -0.003643
v 0.021048 3.204008 0.000541
v 0.039407 3.203132 0.011115
v 0.052586 3.203815 0.003298
v 0.033757 3.205487 -0.011671
v -0.102513 3.021986 -0.066489
v -0.099616 3.047808 -0.059983
v -0.069937 3.051399 -0.090631
v -0.075366 3.021881 -0.102957
v -0.099462 2.985098 -0.083012
v -0.071357 2.985818 -0.117831
v -0.050219 3.022566 -0.133194
v -0.051574 2.983789 -0.142010
v -0.046862 3.050663 -0.117456
v -0.039319 3.149190 -0.047348
v -0.020661 3.177406 -0.039952
v -0.000820 3.181715 -0.058951
v -0.016263 3.156697 -0.069310
v -0.086577 3.079421 -0.055697
v -0.062512 3.092753 -0.083814
v -0.040846 3.091104 -0.103527
v -0.068950 3.120692 -0.048040
v -0.047142 3.132500 -0.073971
v -0.028039 3.128863 -0.095718
v 0.015550 3.170589 -0.073200
v -0.003571 3.152053 -0.086139
v -0.000380 3.193663 -0.013178
v 0.016474 3.200051 -0.029850
v 0.033149 3.199026 -0.038863
v 0.044057 3.204787 -0.017926
v 0.056717 3.201393 -0.006936
v 0.024620 3.206701 0.005020
v 0.035087 3.203230 0.020860
v 0.041151 3.204303 0.016758
v 0.033900 3.206866 -0.001336
v -0.060075 3.030472 -0.132407
v -0.055333 3.062534 -0.115809
v -0.027319 3.072948 -0.136238
v -0.030182 3.035092 -0.150839
v -0.031712 2.968320 -0.152667
v -0.051323 2.980307 -0.145652
v -0.025133 2.983135 -0.160085
v -0.012731 2.968643 -0.164128
v 0.005475 2.988040 -0.173111
v 0.013171 2.971738 -0.170308
v -0.059783 3.005244 -0.138213
v -0.033354 3.005777 -0.154496
v -0.001143 3.009684 -0.163544
v 0.003709 3.036003 -0.165394
v 0.009582 3.076757 -0.147856
v -0.006587 3.178441 -0.057193
v 0.003421 3.193329 -0.032869
v 0.021348 3.199124 -0.042478
v 0.015832 3.183149 -0.064978
v -0.048898 3.093739 -0.108754
v -0.038102 3.123319 -0.104616
v -0.005730 3.129786 -0.114854
v -0.018566 3.102272 -0.124270
v 0.022842 3.134917 -0.119919
v 0.012587 3.106786 -0.132708
v -0.015535 3.157077 -0.082660
v 0.008149 3.160098 -0.092593
v 0.034092 3.163619 -0.096121
v 0.041854 3.196734 -0.046057
v 0.040134 3.183382 -0.068808
v 0.015667 3.205217 -0.010038
v 0.027751 3.206656 -0.018375
v 0.043314 3.203048 -0.023978
v 0.045520 3.207630 -0.004874
v 0.047829 3.207402 0.014323
v 0.028306 3.213629 0.015265
v 0.041651 3.209748 0.030628
v 0.049586 3.213909 0.025466
v 0.039487 3.215559 0.007067
v -0.059235 3.029603 -0.141680
v -0.064316 3.066406 -0.121742
v -0.039204 3.073570 -0.145133
v -0.032742 3.031043 -0.167330
v -0.036147 2.971663 -0.173042
v -0.034563 2.980078 -0.162282
v -0.008915 2.980596 -0.176448
v -0.014400 2.971739 -0.181510
v 0.021082 2.984329 -0.183331
v 0.013602 2.973632 -0.190311
v -0.041831 3.000845 -0.159839
v -0.014377 3.001355 -0.178055
v 0.014150 3.004482 -0.186069
v -0.004245 3.033993 -0.171504
v -0.005238 3.074136 -0.154448
v -0.057988 3.114164 -0.107716
v -0.029033 3.121011 -0.128887
v 0.004597 3.120575 -0.129041
v -0.043001 3.149760 -0.083747
v -0.014828 3.155641 -0.100584
v 0.015769 3.150258 -0.104952
v -0.002118 3.203056 -0.023252
v 0.011859 3.210662 -0.003641
v 0.026504 3.214348 -0.013246
v 0.014677 3.205984 -0.034557
v 0.043876 3.210465 -0.024721
v 0.037147 3.202698 -0.044081
v 0.051458 3.216384 -0.002799
v 0.058438 3.213052 0.020689
v -0.015794 3.192967 -0.045531
v 0.006312 3.193734 -0.055133
v 0.028823 3.191359 -0.062886
v 0.023318 3.172475 -0.082326
v -0.001885 3.173382 -0.077575
v -0.028803 3.174766 -0.067029
v 0.040181 3.200883 0.042016
v 0.039295 3.191684 0.059414
v 0.050869 3.193676 0.052735
v 0.052378 3.200341 0.040195
v 0.012281 3.075247 -0.160299
v 0.018754 3.123594 -0.126869
v 0.045252 3.129653 -0.137902
v 0.042704 3.077639 -0.167029
v 0.003448 2.982673 -0.172541
v 0.004288 3.008269 -0.177967
v 0.040706 3.007118 -0.185353
v 0.039168 2.980959 -0.182159
v 0.043145 2.960311 -0.176976
v 0.013335 2.960571 -0.167021
v 0.074661 2.960068 -0.170886
v 0.071935 2.979829 -0.171354
v 0.078003 3.003796 -0.175799
v 0.007909 3.036750 -0.175582
v 0.043074 3.034822 -0.180598
v 0.078003 3.030580 -0.169304
v 0.080247 3.072196 -0.150794
v 0.080449 3.120918 -0.126314
v 0.024726 3.203028 -0.038398
v 0.027660 3.209564 -0.015672
v 0.048136 3.211877 -0.013319
v 0.046703 3.203999 -0.035974
v 0.020179 3.162182 -0.097671
v 0.048559 3.169995 -0.093571
v 0.080319 3.164891 -0.087630
v 0.021583 3.190867 -0.059868
v 0.045136 3.194988 -0.057897
v 0.078530 3.188984 -0.052577
v 0.070102 3.205979 -0.009755
v 0.074468 3.197719 -0.031556
v 0.032200 3.207889 0.007077
v 0.036441 3.204462 0.027031
v 0.052746 3.208515 0.023459
v 0.050712 3.212905 0.006385
v 0.066699 3.208602 0.023487
v 0.068763 3.209350 0.008270
v 0.065316 3.203595 0.036465
v 0.060922 3.191948 0.049251
v -0.130317 2.941097 -0.028966
v -0.135599 2.944753 -0.011030
v -0.140744 2.957047 -0.006110
v -0.133119 2.955854 -0.028424
v 0.050169 3.191386 0.023733
v 0.036268 3.192189 0.049124
v 0.046805 3.152558 0.052206
v 0.061216 3.169344 0.026539
v 0.033643 3.204925 0.023849
v 0.025694 3.201960 0.045729
v 0.002083 3.201617 0.015219
v -0.012397 3.197466 0.039447
v -0.024857 3.192676 0.004251
v -0.044507 3.183803 0.029578
v -0.058348 3.166674 -0.002338
v -0.078055 3.157973 0.022932
v -0.083712 3.128104 -0.014261
v -0.102956 3.118492 0.018871
v -0.104226 3.083221 -0.019599
v -0.120825 3.078923 0.019425
v -0.129203 3.047414 -0.021393
v -0.138653 3.043076 0.005831
v -0.138102 3.008479 -0.023471
v -0.144570 3.000112 0.004746
v -0.151430 2.983762 0.002124
v -0.144529 2.989904 -0.024479
v -0.142920 2.970697 -0.027715
v -0.148852 2.968922 -0.000985
v -0.109287 3.050495 -0.047028
v -0.116671 3.014591 -0.051100
v -0.083660 3.090551 -0.046199
v -0.061831 3.132559 -0.043616
v -0.030214 3.167795 -0.036011
v -0.004297 3.191633 -0.021484
v 0.022019 3.203744 -0.006895
v 0.045888 3.203972 0.002431
v 0.061208 3.196100 0.005536
v 0.076204 3.181983 0.010549
v -0.120872 2.964085 -0.056700
v -0.122783 2.944978 -0.056844
v -0.124715 2.998349 -0.052313
v -0.125037 2.982658 -0.056232
v -0.133347 2.928710 -0.027138
v -0.139697 2.932233 -0.010861
v -0.131069 2.932601 -0.055294
v -0.148221 2.926637 -0.054569
v -0.144550 2.918851 -0.026353
v -0.151924 2.923728 -0.011766
v 0.007638 3.202141 0.045906
v 0.027892 3.200814 0.052065
v 0.036545 3.202717 0.040360
v 0.015676 3.209526 0.031245
v -0.142642 3.007511 0.016723
v -0.139556 3.042078 0.022337
v -0.140389 3.048292 -0.006535
v -0.147799 3.011668 -0.011792
v -0.154324 2.980614 -0.018145
v -0.142642 3.007511 0.016723
v -0.147799 3.011668 -0.011792
v -0.151157 2.982655 -0.040797
v -0.138274 3.015211 -0.028179
v -0.143890 2.981330 -0.057729
v -0.128716 3.049992 -0.023100
v -0.138274 3.015211 -0.028179
v -0.093899 3.149862 0.017498
v -0.068814 3.168587 0.020483
v -0.056955 3.179463 -0.008400
v -0.080787 3.157473 -0.013555
v -0.136004 3.070474 0.020677
v -0.131896 3.080669 -0.006167
v -0.114402 3.080300 -0.024129
v -0.114375 3.112595 0.018660
v -0.110594 3.118404 -0.011270
v -0.088067 3.115093 -0.031176
v -0.044193 3.174217 -0.025629
v -0.064433 3.146996 -0.031086
v -0.037314 3.186238 0.026907
v -0.028502 3.192770 0.005458
v -0.015364 3.191337 -0.005447
v -0.010561 3.197918 0.041919
v -0.004435 3.203773 0.020248
v 0.002377 3.202766 0.011076
v 0.035379 3.203479 0.028631
v 0.018376 3.204758 0.021323
v 0.175731 2.990629 -0.051630
v 0.191335 2.981517 -0.012057
v 0.181797 2.960560 -0.048267
v 0.171260 2.967005 -0.074205
v 0.166892 3.034248 -0.040933
v 0.183559 3.027253 -0.005094
v 0.192992 2.998314 -0.002450
v 0.176423 3.010368 -0.042357
v 0.164217 2.933882 -0.079561
v 0.151519 2.945899 -0.107871
v 0.190933 3.011031 0.026585
v 0.191975 2.987144 0.026256
v 0.191900 2.974577 0.019113
v 0.177681 2.953558 0.009843
v 0.164346 2.927845 -0.050510
v 0.182801 2.950624 0.019318
v 0.182357 2.958421 -0.014744
v 0.195027 2.973690 0.004628
v 0.192659 2.966310 0.021160
v 0.157621 2.889352 -0.036692
v 0.143274 2.877621 -0.052342
v 0.150609 2.901423 -0.065868
v 0.155357 2.903829 -0.042909
v 0.180473 2.852526 -0.018410
v 0.151519 2.844638 -0.020361
v 0.158098 2.871154 -0.015775
v 0.179326 2.869283 -0.013807
v 0.161954 2.832271 -0.022113
v 0.134398 2.821136 -0.027440
v 0.126283 2.865415 -0.063547
v 0.141606 2.898981 -0.086286
v 0.159791 2.916343 -0.041098
v 0.165112 2.918942 -0.067513
v 0.174430 2.938601 -0.051228
v 0.169770 2.930134 -0.023053
v 0.161331 2.922471 -0.088749
v 0.172339 2.949952 -0.069222
v 0.184429 2.972617 -0.046470
v 0.190886 2.991286 -0.034276
v 0.189447 2.976510 0.033078
v 0.195978 2.989899 0.020543
v 0.195654 3.001616 0.041165
v 0.178282 2.981928 0.055479
v 0.202635 3.006750 -0.005543
v 0.203088 3.025994 0.024462
v 0.185511 3.030161 0.068215
v 0.177479 3.007585 0.085620
v 0.199672 3.046161 0.054815
v 0.127544 2.840333 -0.040680
v 0.141031 2.858124 -0.034232
v 0.156862 2.875924 -0.028229
v 0.187545 2.950932 -0.002346
v 0.197060 2.970802 -0.008204
v 0.203012 2.971971 0.017752
v 0.194847 2.956267 0.016874
v 0.032735 3.187209 0.023390
v 0.021642 3.157458 0.027307
v 0.034264 3.146131 0.052667
v 0.045129 3.191955 0.049237
v 0.056637 3.192345 0.048247
v 0.050091 3.202673 0.024579
v 0.075615 3.194459 0.045235
v 0.065513 3.204116 0.020577
v 0.096150 3.188300 0.043039
v 0.122478 3.167186 0.034208
v 0.111372 3.186007 0.005559
v 0.086260 3.198033 0.015512
v 0.143367 3.149314 0.030287
v 0.140667 3.160406 0.002724
v 0.163605 3.126586 0.035235
v 0.190689 3.096797 0.037537
v 0.192948 3.104552 0.007932
v 0.162370 3.134660 0.007296
v 0.208347 3.058236 0.034489
v 0.206906 3.065190 0.004686
v 0.206340 3.023738 0.024526
v 0.201248 3.030509 -0.004082
v 0.199569 2.991523 0.022257
v 0.208054 2.998208 -0.010029
v 0.194043 3.005753 -0.045988
v 0.189253 3.035464 -0.033399
v 0.190269 3.072566 -0.026851
v 0.180342 3.107026 -0.026250
v 0.151794 3.140539 -0.024507
v 0.122440 3.171654 -0.029611
v 0.098290 3.185860 -0.020864
v 0.074910 3.195046 -0.009678
v 0.054773 3.202396 -0.002141
v 0.039427 3.202960 0.002474
v 0.023251 3.186260 0.005864
v 0.008482 3.160874 0.012330
v 0.190317 2.979563 -0.046501
v 0.189981 2.953519 -0.038064
v 0.180838 2.933563 0.019854
v 0.190169 2.920128 0.024754
v 0.183349 2.917440 0.010262
v 0.179310 2.927207 0.002398
v 0.191853 2.915594 -0.005988
v 0.183413 2.925529 -0.021245
v 0.179680 2.938804 0.002066
v 0.183301 2.937316 -0.030600
v 0.183056 2.944471 0.018282
v 0.178237 2.962685 -0.069347
v 0.192679 2.983870 -0.066069
v 0.186744 2.983058 -0.038039
v 0.186548 2.963368 -0.039728
v 0.047756 3.202773 0.019681
v 0.036220 3.191105 0.021360
v 0.050266 3.167543 0.048736
v 0.061114 3.190157 0.047911
v 0.069665 3.191995 0.047762
v 0.060680 3.202768 0.017837
v 0.102180 3.184383 0.041492
v 0.084888 3.201031 0.016391
v 0.123589 3.169254 0.033826
v 0.112255 3.184290 0.010346
v 0.153190 3.146304 0.017536
v 0.142241 3.159197 -0.003597
v 0.171580 3.114085 -0.008863
v 0.151174 3.128485 -0.035316
v 0.181046 3.088508 -0.020555
v 0.182356 3.059117 -0.030292
v 0.167761 3.072731 -0.057992
v 0.158928 3.100575 -0.047281
v 0.189720 3.019921 -0.032458
v 0.180357 3.032098 -0.063102
v 0.189932 3.000157 -0.034425
v 0.182808 3.006450 -0.065515
v 0.176918 3.015124 -0.087444
v 0.164490 3.042460 -0.087580
v 0.149474 3.086620 -0.081510
v 0.138691 3.116906 -0.075044
v 0.136089 3.137561 -0.062960
v 0.124606 3.160795 -0.037022
v 0.096481 3.187734 -0.016375
v 0.071583 3.198081 -0.002378
v 0.053484 3.202065 0.000554
v 0.037871 3.201563 0.002463
v 0.022828 3.189507 0.007203
v 0.183896 2.986422 -0.085279
v 0.170145 2.965077 -0.089767
v 0.182246 2.946684 -0.044256
v 0.194845 2.932268 -0.037523
v 0.196605 2.924931 -0.050768
v 0.178945 2.942558 -0.063970
v 0.196421 2.932925 -0.076632
v 0.174882 2.948280 -0.083785
v -0.002166 3.202541 0.031231
v 0.024792 3.203218 0.040337
v 0.036167 3.204111 0.030768
v 0.007357 3.204170 0.016759
v -0.127020 3.020039 -0.040596
v -0.126483 3.045937 -0.030218
v -0.110624 3.056562 -0.050739
v -0.114010 3.024274 -0.064648
v -0.120682 2.992748 -0.070754
v -0.113842 2.993761 -0.095259
v -0.101586 3.025416 -0.084512
v -0.102604 2.990454 -0.119160
v -0.089696 3.057032 -0.069053
v -0.079100 3.146082 -0.005834
v -0.061041 3.169858 0.002162
v -0.042730 3.174638 -0.018133
v -0.059961 3.151561 -0.026397
v -0.115261 3.077643 -0.024102
v -0.104221 3.088309 -0.045389
v -0.079918 3.086802 -0.062704
v -0.090611 3.119080 -0.012651
v -0.070842 3.128994 -0.034618
v -0.055352 3.131735 -0.055751
v -0.024458 3.171943 -0.037189
v -0.042484 3.151480 -0.046803
v -0.028429 3.187325 0.020825
v -0.013883 3.194058 0.001441
v 0.000491 3.192758 -0.013515
v 0.016705 3.202405 0.003142
v 0.038276 3.204880 0.019280
v 0.033353 3.209453 0.026867
v 0.030388 3.208418 0.032546
v 0.045393 3.201661 0.038425
v 0.046176 3.200601 0.032978
v -0.089088 3.078150 -0.070239
v -0.121148 3.078184 -0.048661
v -0.107540 3.120307 -0.045070
v -0.081551 3.115495 -0.066995
v -0.120893 2.999061 -0.074911
v -0.140488 2.996813 -0.057806
v -0.136427 3.024365 -0.045307
v -0.116547 3.025234 -0.062283
v -0.154077 2.986554 -0.030604
v -0.149543 3.015920 -0.014304
v -0.125154 3.053126 -0.044482
v -0.100274 3.051059 -0.062922
v -0.138128 3.045603 -0.012663
v -0.124828 3.070410 -0.020875
v -0.120493 3.105543 -0.018779
v -0.042328 3.171106 -0.036300
v -0.070270 3.173745 -0.021222
v -0.044566 3.191612 -0.007899
v -0.027612 3.190658 -0.022090
v -0.095659 3.144265 -0.037228
v -0.062999 3.148734 -0.054285
v -0.104997 3.132364 -0.015210
v -0.082961 3.161101 -0.001036
v -0.059533 3.178754 0.009597
v -0.022699 3.200680 0.005552
v -0.010727 3.198645 -0.007707
v -0.033107 3.192438 0.017630
v 0.027166 3.207851 0.038881
v 0.042784 3.200207 0.042980
v 0.009895 3.208056 0.033169
v 0.013257 3.210107 0.025346
v -0.002713 3.208531 0.017526
v -0.008151 3.205603 0.027070
v 0.005273 3.207433 0.006324
v 0.019269 3.210582 0.016917
v -0.139067 2.983059 -0.079020
v -0.149494 2.972470 -0.052565
v -0.125604 2.980617 -0.090827
v 0.041905 3.211535 0.026513
v 0.046891 3.207096 0.037788
v 0.057434 3.208233 0.032315
v 0.054215 3.213421 0.020479
v -0.079570 3.066596 -0.076577
v -0.089053 3.088092 -0.074042
v -0.073478 3.097641 -0.101553
v -0.069127 3.073580 -0.108664
v -0.088002 3.025272 -0.086149
v -0.079950 3.046015 -0.083841
v -0.064380 3.048750 -0.115156
v -0.074551 3.027494 -0.116865
v -0.048714 3.049052 -0.137603
v -0.058215 3.027490 -0.142640
v -0.052683 3.102016 -0.112246
v -0.051068 3.074116 -0.128556
v -0.072212 3.145972 -0.054939
v -0.053698 3.177430 -0.031429
v -0.032599 3.182552 -0.048735
v -0.058204 3.157563 -0.068363
v -0.085790 3.113714 -0.068707
v -0.072540 3.127105 -0.085797
v -0.045095 3.132201 -0.098985
v -0.031410 3.155162 -0.082690
v -0.010680 3.170781 -0.066320
v -0.027220 3.191285 -0.021256
v -0.003890 3.197400 -0.010315
v 0.010602 3.200141 -0.021142
v -0.010060 3.193067 -0.033970
v 0.026751 3.200427 -0.034152
v 0.009642 3.185079 -0.049916
v 0.015359 3.205363 0.000528
v 0.030245 3.214525 -0.007787
v 0.043262 3.212440 -0.019970
v 0.068865 3.208700 0.026484
v 0.064113 3.212658 0.012369
v 0.047112 3.216189 0.006024
v 0.055412 3.215528 -0.004204
v 0.032486 3.212345 0.013639
v 0.045886 3.210408 0.018538
v 0.039110 3.210876 0.029046
v 0.045276 3.200827 0.031131
v 0.050649 3.194927 0.022764
v -0.040421 3.028609 -0.167253
v -0.065046 3.030781 -0.153540
v -0.048485 3.056986 -0.153841
v -0.024578 3.050725 -0.162615
v -0.083171 3.038178 -0.116910
v -0.069193 3.061350 -0.123665
v -0.014068 3.176281 -0.074542
v -0.042419 3.179961 -0.057189
v -0.029456 3.195362 -0.033282
v -0.007132 3.194637 -0.048571
v -0.009606 3.082306 -0.160424
v -0.039414 3.092736 -0.148225
v -0.036563 3.116869 -0.142268
v -0.006412 3.115452 -0.143813
v -0.059292 3.084621 -0.122258
v -0.055431 3.108918 -0.114939
v -0.013675 3.158432 -0.096740
v -0.044427 3.159669 -0.083377
v -0.069367 3.154471 -0.061392
v -0.060907 3.172471 -0.038636
v -0.046809 3.188573 -0.015614
v -0.009847 3.207600 -0.009291
v 0.004960 3.206219 -0.026049
v -0.024183 3.205570 0.004792
v 0.006822 3.215395 0.007131
v 0.018516 3.213858 -0.007241
v -0.003675 3.213915 0.020968
v 0.030469 3.209998 0.038400
v 0.039988 3.198245 0.037269
v 0.026627 3.217082 0.020988
v 0.015310 3.216285 0.032878
v 0.035404 3.216130 0.008193
v -0.041487 3.146309 -0.103470
v -0.064031 3.138151 -0.084285
v -0.012187 3.143024 -0.118372
v -0.053889 3.009673 -0.178164
v -0.079707 3.016210 -0.160693
v -0.100297 3.014673 -0.126241
v 0.039090 3.207423 0.030293
v 0.042437 3.195669 0.046927
v 0.047627 3.193660 0.041305
v 0.051638 3.208320 0.027706
v 0.009915 3.072694 -0.161357
v 0.003173 3.118635 -0.142285
v 0.029446 3.126317 -0.149237
v 0.040749 3.076515 -0.170077
v 0.022041 2.989627 -0.186319
v 0.025271 3.013944 -0.185599
v 0.064231 3.012712 -0.184896
v 0.058038 2.989458 -0.186758
v 0.042388 2.961138 -0.194634
v 0.013059 2.960572 -0.189810
v 0.072524 2.961259 -0.185769
v 0.091464 2.987732 -0.177924
v 0.093664 3.010672 -0.175071
v 0.019688 3.041529 -0.179562
v 0.056332 3.039881 -0.180579
v 0.086227 3.035038 -0.165751
v 0.072041 3.071409 -0.158019
v 0.062278 3.123201 -0.137933
v 0.011334 3.189371 -0.071028
v 0.024781 3.207843 -0.036482
v 0.043713 3.209493 -0.034902
v 0.035626 3.192246 -0.069840
v -0.001125 3.149743 -0.118527
v 0.001429 3.169535 -0.097861
v 0.030361 3.173267 -0.099711
v 0.027245 3.155294 -0.124743
v 0.059555 3.169476 -0.090956
v 0.057063 3.153984 -0.115054
v 0.063138 3.189256 -0.063866
v 0.065673 3.203980 -0.033865
v 0.031430 3.214962 -0.010417
v 0.036475 3.215437 0.012180
v 0.050907 3.214586 0.010933
v 0.048099 3.215304 -0.009388
v 0.065784 3.210108 0.007837
v 0.065759 3.209998 -0.010384
v 0.063254 3.209680 0.024758
v 0.060841 3.195194 0.033609
v 0.055935 3.210730 0.012435
v 0.040855 3.207962 0.027146
v 0.041863 3.203898 0.032501
v 0.060405 3.210110 0.019932
v 0.137895 3.010068 -0.147026
v 0.123816 3.039031 -0.149658
v 0.149125 3.046448 -0.131553
v 0.161765 3.016014 -0.126387
v 0.128940 2.957329 -0.156423
v 0.140527 2.972049 -0.136941
v 0.163266 2.972858 -0.115994
v 0.153254 2.954412 -0.131197
v 0.181581 2.969671 -0.080330
v 0.172158 2.951571 -0.107841
v 0.149087 2.990395 -0.140801
v 0.170060 2.993637 -0.119102
v 0.188252 2.990473 -0.082747
v 0.179254 3.011732 -0.087829
v 0.166949 3.040826 -0.093513
v 0.087649 3.165500 -0.079097
v 0.086551 3.182811 -0.053416
v 0.109874 3.184782 -0.038677
v 0.116647 3.163003 -0.067412
v 0.115532 3.073357 -0.140135
v 0.103272 3.110928 -0.125262
v 0.128102 3.113547 -0.109423
v 0.140323 3.077730 -0.124904
v 0.152208 3.098246 -0.078528
v 0.160415 3.071705 -0.085643
v 0.091102 3.146600 -0.102282
v 0.120854 3.145907 -0.085646
v 0.137005 3.154831 -0.047533
v 0.143594 3.131703 -0.066049
v 0.122629 3.183312 -0.018620
v 0.078280 3.197571 -0.024142
v 0.093357 3.199446 -0.010024
v 0.105401 3.195472 0.001185
v 0.069574 3.206071 -0.005843
v 0.079203 3.207685 0.006079
v 0.086481 3.205307 0.014487
v 0.046593 3.200779 0.038769
v 0.064890 3.209470 0.027461
v 0.041552 3.202781 0.031048
v 0.044451 3.179228 0.039110
v 0.055164 3.190311 0.029803
v 0.052853 3.206875 0.029795
v 0.083012 3.111268 -0.136424
v 0.078951 3.137933 -0.118230
v 0.105604 3.142701 -0.108902
v 0.113624 3.111343 -0.132646
v 0.078612 3.020859 -0.180088
v 0.064649 3.039281 -0.178704
v 0.098379 3.040692 -0.169528
v 0.104881 3.018388 -0.177863
v 0.115273 2.996873 -0.174598
v 0.095753 2.999862 -0.179255
v 0.135567 2.994160 -0.151410
v 0.129051 3.010732 -0.160444
v 0.125115 3.032752 -0.158501
v 0.064772 3.068924 -0.166334
v 0.098255 3.071894 -0.154157
v 0.129892 3.062533 -0.140946
v 0.137102 3.100662 -0.118958
v 0.130740 3.133667 -0.097844
v 0.043322 3.201405 -0.059696
v 0.037285 3.211338 -0.032819
v 0.053052 3.212376 -0.022789
v 0.060327 3.203203 -0.048987
v 0.065001 3.162982 -0.099742
v 0.089545 3.165284 -0.091988
v 0.114904 3.156045 -0.078368
v 0.053664 3.181844 -0.080986
v 0.072785 3.186031 -0.071777
v 0.086896 3.196332 -0.037184
v 0.098710 3.179442 -0.058587
v 0.075271 3.207916 -0.013048
v 0.036785 3.217885 -0.005756
v 0.040081 3.215319 0.016883
v 0.053083 3.214876 0.017318
v 0.053105 3.217793 -0.001542
v 0.065725 3.212008 0.015924
v 0.069404 3.212311 0.002229
v 0.063859 3.209576 0.026450
v 0.063512 3.194535 0.030034
v 0.133520 2.985539 -0.139747
v 0.124220 2.985947 -0.152692
v 0.100548 2.987855 -0.169537
v 0.030719 3.214713 0.030643
v 0.044595 3.210701 0.035739
v 0.047660 3.210025 0.029916
v 0.041290 3.215746 0.024310
v -0.009147 3.111281 -0.158636
v -0.025200 3.134608 -0.137414
v 0.003382 3.145129 -0.142156
v 0.018502 3.113777 -0.164144
v -0.033676 3.035914 -0.170225
v -0.020023 3.055424 -0.165135
v 0.009892 3.051199 -0.178158
v -0.005904 3.034872 -0.177888
v -0.038992 3.016360 -0.184560
v -0.064030 3.015857 -0.176523
v -0.011850 3.013454 -0.195064
v 0.023857 3.031024 -0.184375
v 0.038794 3.047563 -0.181275
v -0.009105 3.083328 -0.164270
v 0.020108 3.078824 -0.174552
v 0.048524 3.073864 -0.173975
v 0.046438 3.108400 -0.158712
v 0.033995 3.136922 -0.144592
v -0.009584 3.210472 -0.028025
v 0.002972 3.219048 -0.006962
v 0.025128 3.218790 -0.013115
v 0.015229 3.212099 -0.036080
v -0.032540 3.156162 -0.113386
v -0.032430 3.179155 -0.087305
v -0.001953 3.182303 -0.089899
v -0.002388 3.163150 -0.118461
v 0.028842 3.180493 -0.092848
v 0.029270 3.159564 -0.121492
v -0.022803 3.199022 -0.054698
v 0.007006 3.199837 -0.060809
v 0.035480 3.198016 -0.059204
v 0.047015 3.216826 -0.018295
v 0.041298 3.210591 -0.038058
v 0.015492 3.219327 0.015090
v 0.034458 3.220717 0.009148
v 0.051355 3.220536 0.001189
v 0.054596 3.215079 0.017684
v 0.058771 3.211260 0.024991
v -0.100716 2.959138 0.075001
v -0.099561 2.977592 0.077152
v -0.103103 2.977419 0.062896
v -0.099009 2.964016 0.063557
v -0.101428 2.905914 0.072407
v -0.103823 2.926673 0.077430
v -0.099206 2.928743 0.066763
v -0.099633 2.908421 0.066278
v -0.094228 2.957444 0.101875
v -0.096081 2.968855 0.096946
v -0.096157 2.905719 0.079616
v -0.095123 2.928280 0.094820
v -0.101784 2.947582 0.077941
v -0.097061 2.954034 0.065866
v -0.093583 2.948039 0.100457
v -0.125423 3.034880 0.060202
v -0.119505 3.060779 0.050036
v -0.120575 3.055804 0.037197
v -0.123916 3.030814 0.046038
v -0.105591 2.943564 0.083652
v -0.105626 2.959693 0.083681
v -0.100621 2.960792 0.065131
v -0.099590 2.943469 0.069458
v -0.112081 3.043802 0.073211
v -0.106648 3.067937 0.061620
v -0.097054 2.945502 0.096691
v -0.095990 2.962676 0.098507
v -0.114185 2.976245 0.081388
v -0.120363 2.990648 0.078660
v -0.116109 2.984966 0.058286
v -0.110130 2.974451 0.061767
v -0.103935 2.977866 0.099232
v -0.111397 2.995070 0.095930
v -0.116838 3.018072 0.086502
v -0.125509 3.008594 0.070647
v -0.123170 3.005836 0.055490
v -0.102051 2.939499 0.070488
v -0.101994 2.954001 0.070645
v -0.108905 2.951069 0.052333
v -0.107740 2.933352 0.063195
v -0.106341 2.939487 0.048187
v -0.108051 2.952713 0.038036
v 0.005975 3.203058 0.020854
v -0.034337 3.188552 0.021688
v -0.039727 3.180840 0.055299
v -0.001730 3.197650 0.049578
v -0.065764 3.162601 0.028196
v -0.078060 3.155784 0.060887
v -0.087820 3.128162 0.025269
v -0.096972 3.101866 0.023412
v -0.110717 3.098333 0.055498
v -0.103172 3.126792 0.062320
v -0.119770 3.073321 0.016995
v -0.130537 3.069146 0.051845
v -0.133854 3.045197 0.015708
v -0.131333 3.024030 0.017351
v -0.136044 3.022791 0.038247
v -0.140869 3.043576 0.044546
v -0.133756 2.997096 0.023089
v -0.121237 2.977780 0.027187
v -0.124302 2.980601 0.039938
v -0.135109 2.999802 0.039330
v -0.109032 2.967907 0.031474
v -0.111711 2.967005 0.046810
v -0.118144 2.983765 0.061633
v -0.125316 2.999869 0.060131
v -0.127526 3.019097 0.062580
v -0.128258 3.037888 0.068533
v -0.122445 3.060091 0.077213
v -0.113692 3.086542 0.082823
v -0.100356 3.111150 0.087504
v -0.070127 3.139227 0.088212
v -0.045144 3.168326 0.085193
v -0.002943 3.182394 0.083219
v -0.106724 2.968322 0.067675
v 0.039905 3.196116 0.054603
v 0.040278 3.200199 0.032135
v 0.039128 3.190468 0.082715
v -0.117774 3.040208 0.092625
v -0.119751 3.064173 0.083045
v -0.121034 3.060350 0.069541
v -0.121938 3.037224 0.078716
v -0.099800 2.949528 0.094684
v -0.101835 2.964361 0.103940
v -0.106307 2.962320 0.087445
v -0.105819 2.946101 0.083959
v -0.110637 3.046981 0.114766
v -0.112822 3.069485 0.095322
v -0.091833 2.955020 0.108080
v -0.089248 2.973587 0.116478
v -0.104798 2.983032 0.107140
v -0.106617 2.998177 0.109865
v -0.117633 2.992113 0.093242
v -0.112570 2.979590 0.092823
v -0.086034 2.987675 0.120077
v -0.088874 3.001982 0.124712
v -0.100032 3.023359 0.121762
v -0.113056 3.016883 0.108438
v -0.121754 3.013779 0.092254
v -0.021676 3.198427 0.019348
v -0.054388 3.177026 0.014854
v -0.060075 3.171440 0.043586
v -0.029901 3.188220 0.048268
v -0.083238 3.160913 0.014890
v -0.091364 3.151963 0.047154
v -0.111782 3.129140 0.014290
v -0.124105 3.097297 0.016507
v -0.129328 3.090485 0.042670
v -0.114228 3.122182 0.040251
v -0.143092 3.059825 0.020415
v -0.144824 3.056231 0.051939
v -0.140752 3.025325 0.021116
v -0.146263 2.994463 0.016959
v -0.144817 2.993228 0.037649
v -0.147434 3.017976 0.047302
v -0.145865 2.978576 0.009665
v -0.145300 2.969167 0.004623
v -0.143072 2.963387 0.016836
v -0.142894 2.974938 0.028113
v -0.119681 2.957342 0.027429
v -0.119660 2.970579 0.042377
v -0.125544 2.988256 0.058877
v -0.134217 3.010484 0.071427
v -0.141987 3.045142 0.075348
v -0.128131 3.081867 0.068942
v -0.109678 3.110760 0.065367
v -0.086769 3.143798 0.071011
v -0.063638 3.164485 0.068743
v -0.030656 3.181222 0.069527
v 0.024239 3.204369 0.052146
v 0.049263 3.195301 0.056621
v 0.052100 3.201135 0.032146
v 0.029642 3.209579 0.025843
v 0.025781 3.199867 0.073498
v 0.050827 3.187025 0.077964
v 0.001408 3.198569 0.050735
v 0.008544 3.208526 0.022613
v 0.001772 3.194135 0.072078
v -0.042326 3.181047 0.051254
v -0.071698 3.164729 0.051490
v -0.065398 3.165202 0.073187
v -0.046270 3.177308 0.073467
v 0.008074 3.197115 0.077527
v 0.007118 3.198759 0.060862
v -0.014578 3.192194 0.057682
v -0.015089 3.190275 0.078576
v -0.016974 3.186089 0.095032
v 0.006351 3.191962 0.094225
v 0.047146 3.194961 0.080161
v 0.045491 3.192676 0.063987
v 0.026311 3.197887 0.062144
v 0.027526 3.197723 0.078788
v 0.046486 3.183809 0.096512
v 0.026438 3.191731 0.094863
v -0.043767 3.175304 0.090713
v -0.062005 3.160635 0.089826
v -0.080092 3.150868 0.074486
v -0.102975 3.127348 0.078910
v -0.093560 3.123124 0.092442
v -0.074294 3.144732 0.088899
v -0.092979 3.149193 0.053718
v -0.105398 3.126870 0.059224
v -0.123331 3.007699 0.108136
v -0.125402 3.022743 0.107896
v -0.139584 3.024101 0.090943
v -0.131892 3.004217 0.091784
v -0.128458 3.047819 0.108483
v -0.124279 3.072748 0.109265
v -0.135114 3.074492 0.092435
v -0.142444 3.049007 0.092633
v -0.112084 3.096411 0.103809
v -0.120937 3.101491 0.087653
v -0.118948 3.100759 0.068936
v -0.134162 3.076521 0.073903
v -0.144682 3.048700 0.071876
v -0.139533 3.020870 0.070551
v -0.134017 3.003927 0.072675
v -0.124302 2.980054 0.108658
v -0.122228 2.991666 0.108509
v -0.130382 2.987231 0.091234
v -0.133395 2.975018 0.091097
v -0.137325 2.987418 0.073634
v -0.140750 2.974683 0.072526
v 0.117432 3.166951 0.078717
v 0.115753 3.163065 0.099592
v 0.142528 3.133929 0.102138
v 0.145393 3.133546 0.082779
v 0.071897 3.187671 0.097763
v 0.093652 3.178533 0.099406
v 0.093521 3.180193 0.079031
v 0.073659 3.191585 0.081004
v 0.087576 3.165249 0.116405
v 0.071821 3.174011 0.114758
v 0.027763 3.186800 0.097155
v 0.049795 3.192542 0.096921
v 0.051583 3.195134 0.080422
v 0.029560 3.190352 0.080662
v 0.027208 3.169074 0.114837
v 0.049610 3.177087 0.113854
v 0.110062 3.145472 0.115777
v 0.132422 3.118102 0.120252
v 0.143269 3.103305 0.120342
v 0.157013 3.111585 0.105445
v 0.159833 3.111965 0.086493
v 0.147660 3.000633 0.152030
v 0.170494 3.001565 0.125542
v 0.177072 3.016832 0.117556
v 0.157043 3.014841 0.142024
v 0.162520 3.034240 0.133992
v 0.177148 3.036510 0.110892
v 0.171986 3.061888 0.105560
v 0.163967 3.057116 0.125806
v 0.166160 3.086885 0.105831
v 0.154706 3.079494 0.121682
v 0.171085 3.086159 0.086826
v 0.179487 3.062645 0.087988
v 0.186847 3.035845 0.091973
v 0.181411 2.999606 0.109215
v 0.183217 3.016153 0.100045
v 0.145690 2.989587 0.157256
v 0.157019 2.986086 0.135533
v 0.169364 2.988556 0.116907
v 0.050511 3.208867 0.027310
v 0.042581 3.199903 0.035481
v 0.043877 3.202775 0.037941
v 0.053200 3.208687 0.032979
v 0.190729 2.970360 -0.043136
v 0.196094 2.987170 -0.039155
v 0.206911 2.984707 -0.007290
v 0.207171 2.968769 -0.019646
v 0.221198 2.968979 0.021317
v 0.224029 2.956269 0.011969
v 0.196490 3.011680 -0.045431
v 0.208298 3.014412 -0.019284
v 0.218874 2.994715 0.018376
v 0.181917 3.041850 -0.056970
v 0.202947 3.045351 -0.033204
v 0.208617 3.033942 0.003294
v 0.128537 3.165935 -0.036838
v 0.116371 3.179919 -0.021735
v 0.127140 3.180210 -0.006035
v 0.147219 3.163941 -0.017814
v 0.159328 3.110254 -0.073550
v 0.142940 3.138186 -0.060102
v 0.166591 3.136018 -0.037624
v 0.182851 3.108985 -0.053671
v 0.171516 3.131115 -0.013387
v 0.192386 3.105114 -0.021614
v 0.156949 3.153909 0.003375
v 0.138558 3.174666 0.011795
v 0.101180 3.194426 -0.004376
v 0.108608 3.193941 0.006905
v 0.117126 3.189805 0.021117
v 0.044585 3.198132 0.043476
v 0.055886 3.209642 0.042468
v 0.074738 3.208308 0.036125
v 0.093170 3.202648 0.029899
v 0.088485 3.204575 0.019986
v 0.071552 3.209142 0.027177
v 0.082132 3.202919 0.009297
v 0.066500 3.207262 0.018263
v 0.221401 2.945848 -0.013222
v 0.213255 2.956418 -0.041700
v 0.190480 2.956775 -0.061164
v 0.199314 3.071769 -0.014788
v 0.193294 3.073994 -0.045569
v 0.166221 3.076966 -0.073093
v 0.113052 3.015597 0.204647
v 0.128646 3.010972 0.194837
v 0.130679 3.019511 0.188981
v 0.112664 3.025229 0.199850
v 0.114953 3.041450 0.182939
v 0.132257 3.035140 0.167891
v 0.135200 3.052551 0.147944
v 0.115909 3.058657 0.168288
v 0.143643 3.023789 0.154349
v 0.148425 3.044487 0.133673
v 0.136982 3.003901 0.172660
v 0.141173 3.008528 0.169056
v 0.110258 3.013284 0.201640
v 0.122952 3.010199 0.190835
v 0.131888 3.002961 0.175992
v 0.132835 3.095024 0.159965
v 0.117040 3.117410 0.167536
v 0.107113 3.110176 0.183427
v 0.119417 3.092409 0.185514
v 0.136447 3.101267 0.134306
v 0.115930 3.128213 0.141467
v 0.140289 3.078725 0.154972
v 0.148695 3.081037 0.128111
v 0.123578 3.033982 0.189700
v 0.137893 3.023748 0.166003
v 0.144821 3.032212 0.147441
v 0.133936 3.043547 0.168894
v 0.116762 3.048553 0.193506
v 0.109724 3.039089 0.197271
v 0.124894 3.072144 0.187544
v 0.124050 3.061738 0.188928
v 0.140793 3.053965 0.160021
v 0.142740 3.067073 0.156641
v 0.124612 3.080716 0.186702
v 0.107424 3.022259 0.205114
v 0.117803 3.027452 0.203885
v 0.102149 3.031507 0.209246
v 0.090008 3.023629 0.213479
v 0.134300 3.020470 0.180004
v 0.128437 3.018912 0.195428
v 0.075617 3.157763 0.142369
v 0.044983 3.152019 0.133596
v 0.046270 3.137346 0.156405
v 0.076870 3.145621 0.167514
v 0.074184 3.130797 0.182815
v 0.046833 3.126772 0.173043
v 0.094561 3.120556 0.183996
v 0.098812 3.138709 0.169737
v 0.094621 3.146850 0.146261
v 0.154339 3.063087 0.130072
v 0.151808 3.045811 0.137798
v 0.113549 3.134565 0.137954
v 0.113485 3.134616 0.161224
v 0.131202 3.113304 0.162300
v 0.132362 3.109600 0.137947
v 0.071829 3.154284 0.157240
v 0.093855 3.149028 0.159360
v 0.090754 3.156337 0.136160
v 0.070180 3.163585 0.135251
v 0.090689 3.134933 0.181504
v 0.070929 3.140280 0.178464
v 0.042753 3.146090 0.153988
v 0.052831 3.150655 0.156456
v 0.052756 3.161330 0.135880
v 0.044278 3.157033 0.135504
v 0.040720 3.131398 0.169108
v 0.053609 3.137312 0.176801
v 0.108240 3.123989 0.183025
v 0.119713 3.110006 0.183290
v 0.124083 3.092536 0.186408
v 0.140291 3.092697 0.160053
v 0.148274 3.086744 0.136064
v 0.117632 3.016792 0.210684
v 0.135083 3.012702 0.197814
v 0.139715 3.022230 0.190016
v 0.125092 3.027139 0.204499
v 0.128509 3.041478 0.194132
v 0.142981 3.035098 0.170239
v 0.146827 3.050038 0.163084
v 0.130093 3.058363 0.187924
v 0.146738 3.070469 0.160746
v 0.125821 3.075654 0.187645
v 0.157218 3.061371 0.136308
v 0.158938 3.041450 0.144645
v 0.155466 3.024166 0.152976
v 0.139059 3.005957 0.180504
v 0.145099 3.012881 0.170825
v 0.108041 3.012053 0.209074
v 0.125818 3.009216 0.197876
v 0.132861 3.003427 0.181811
v 0.116277 3.149053 0.114080
v 0.115967 3.150947 0.135904
v 0.127177 3.133805 0.138186
v 0.128584 3.131704 0.116759
v 0.069436 3.171715 0.128284
v 0.090813 3.165506 0.131202
v 0.091718 3.174031 0.109379
v 0.070284 3.180229 0.109672
v 0.088420 3.156006 0.145104
v 0.068717 3.161513 0.143007
v 0.031773 3.165030 0.126489
v 0.049715 3.170967 0.125953
v 0.051290 3.183387 0.109458
v 0.033925 3.170529 0.111197
v 0.030753 3.147138 0.144999
v 0.050674 3.157375 0.142283
v 0.108219 3.143775 0.150338
v 0.123740 3.124413 0.154661
v 0.139692 3.114795 0.139791
v 0.135476 3.107029 0.153876
v 0.144955 3.087506 0.151610
v 0.153159 3.094208 0.136891
v 0.157391 3.092422 0.119479
v 0.144823 3.114144 0.118344
v 0.129452 2.988149 0.193057
v 0.140427 2.983431 0.178398
v 0.151475 2.997600 0.166002
v 0.142435 3.004630 0.183320
v 0.150855 3.033543 0.165354
v 0.163895 3.026772 0.152406
v 0.165694 3.043143 0.145731
v 0.149758 3.048704 0.158796
v 0.165694 3.067149 0.138303
v 0.150685 3.066644 0.153968
v 0.165998 3.062972 0.122431
v 0.169362 3.037481 0.128887
v 0.168072 3.019467 0.134153
v 0.145277 2.976523 0.159983
v 0.155242 2.990253 0.146374
v 0.158406 3.011694 0.158983
v 0.162373 3.004225 0.140001
v 0.148500 3.018460 0.173746
v 0.107762 3.114294 0.195301
v 0.097062 3.127949 0.191497
v 0.087145 3.117066 0.193944
v 0.098523 3.104069 0.196374
v 0.119514 3.117859 0.184242
v 0.103148 3.135490 0.178182
v 0.116545 3.091117 0.199313
v 0.127863 3.091647 0.184915
v 0.118368 3.069604 0.203125
v 0.127151 3.066689 0.190620
v 0.113387 3.048434 0.203573
v 0.119929 3.044419 0.194021
v 0.110639 3.029775 0.208294
v 0.105618 3.032777 0.211554
v 0.088866 3.020458 0.219092
v 0.091762 3.017079 0.216927
v 0.100426 3.035347 0.209903
v 0.085699 3.024195 0.216773
v 0.105796 3.047725 0.203725
v 0.106867 3.069575 0.205636
v 0.103917 3.088544 0.201731
v 0.057208 3.011796 0.216688
v 0.052822 3.015251 0.216458
v 0.058714 3.009963 0.214513
v 0.057585 3.152709 0.158209
v 0.040042 3.150334 0.152314
v 0.040746 3.140419 0.167721
v 0.056848 3.143906 0.173060
v 0.057291 3.129872 0.184751
v 0.040869 3.129584 0.180283
v 0.081992 3.149547 0.168354
v 0.078054 3.139728 0.182114
v 0.071684 3.126536 0.188739
v 0.065948 3.108898 0.205361
v 0.041156 3.122965 0.188628
v 0.037112 3.111053 0.193914
v 0.048940 3.099894 0.203343
v 0.077304 3.120234 0.190815
v 0.044157 3.130778 0.177310
v 0.082650 3.091800 0.214113
v 0.096674 3.093226 0.192554
v 0.083223 3.071128 0.217897
v 0.098464 3.064789 0.191429
v 0.074850 3.058428 0.218239
v 0.091876 3.049159 0.197756
v 0.076375 3.034392 0.212022
v 0.056178 3.045167 0.222792
v 0.032600 3.036258 0.224324
v 0.038173 3.028660 0.218867
v 0.039777 3.054891 0.218819
v 0.024956 3.045781 0.218649
v 0.052116 3.061744 0.216103
v 0.058858 3.075215 0.213046
v 0.058388 3.087326 0.208482
v 0.008808 3.028088 0.224350
v -0.002088 3.037328 0.220518
v 0.013165 3.023020 0.218594
v 0.025298 3.137952 0.166514
v 0.021833 3.123882 0.179360
v 0.019671 3.116979 0.186035
v 0.076034 3.109894 0.204399
v 0.047172 3.121299 0.194798
v 0.044647 3.111341 0.204651
v 0.060469 3.100343 0.215269
v 0.084963 3.121752 0.188522
v 0.050601 3.131915 0.180861
v 0.091895 3.093510 0.212822
v 0.105570 3.095939 0.191216
v 0.094517 3.072994 0.216639
v 0.110165 3.066464 0.189181
v 0.087789 3.059782 0.221062
v 0.104144 3.050106 0.194017
v 0.091251 3.035384 0.206200
v 0.074066 3.044912 0.225159
v 0.050753 3.033999 0.225690
v 0.058591 3.025532 0.217882
v 0.055981 3.053070 0.230238
v 0.041306 3.043298 0.229156
v 0.066730 3.060764 0.225196
v 0.070340 3.075339 0.225962
v 0.069752 3.087803 0.221632
v 0.025767 3.025717 0.226100
v 0.014493 3.032667 0.226749
v 0.030207 3.021218 0.220167
v 0.030518 3.132504 0.172369
v 0.029282 3.121518 0.185355
v 0.026907 3.114140 0.194386
v 0.107968 3.107270 0.208368
v 0.096709 3.117262 0.208272
v 0.083793 3.104617 0.211479
v 0.092921 3.098930 0.211350
v 0.118909 3.117951 0.188859
v 0.104660 3.131033 0.187810
v 0.118519 3.091742 0.210868
v 0.131383 3.092751 0.187532
v 0.101691 3.036651 0.222301
v 0.116179 3.031954 0.206489
v 0.124692 3.041264 0.198266
v 0.112570 3.045850 0.218404
v 0.089754 3.053204 0.219922
v 0.081511 3.042306 0.222309
v 0.099139 3.079691 0.218202
v 0.097504 3.068210 0.219502
v 0.119515 3.061999 0.216154
v 0.120172 3.075924 0.214069
v 0.098650 3.089027 0.215594
v 0.067169 3.020616 0.221217
v 0.088678 3.028583 0.224719
v 0.067443 3.034118 0.224678
v 0.044684 3.023618 0.218853
v 0.106657 3.025128 0.215429
v 0.094492 3.019295 0.218657
v 0.042474 3.140990 0.174762
v 0.027934 3.135424 0.166443
v 0.025165 3.122380 0.182833
v 0.038116 3.127777 0.193430
v 0.037157 3.116348 0.203829
v 0.022867 3.112982 0.192133
v 0.072861 3.110107 0.208872
v 0.081694 3.125095 0.202818
v 0.055309 3.128026 0.195621
v 0.053797 3.114828 0.205482
v 0.087450 3.138881 0.186653
v 0.059273 3.141904 0.179758
v 0.133823 3.072158 0.187653
v 0.130376 3.055958 0.190626
v -0.040817 3.156686 0.067039
v -0.073063 3.130523 0.072804
v -0.071361 3.135645 0.102195
v -0.046315 3.163353 0.101579
v 0.008515 3.189382 0.096132
v 0.008044 3.186296 0.066210
v -0.013705 3.176080 0.065552
v -0.018408 3.182382 0.099269
v -0.016669 3.173229 0.116475
v 0.006212 3.178303 0.113793
v 0.060197 3.178961 0.093820
v 0.059038 3.186536 0.074181
v 0.032442 3.195577 0.072123
v 0.033566 3.189523 0.091167
v 0.059220 3.168588 0.115839
v 0.032678 3.178690 0.112812
v -0.039410 3.152987 0.116756
v -0.056776 3.123469 0.117096
v -0.091351 3.118191 0.102049
v -0.072850 3.108616 0.114706
v -0.095885 3.112925 0.073491
v -0.080159 3.007972 0.143571
v -0.091369 3.023983 0.136264
v -0.118470 3.026192 0.109938
v -0.109679 3.009158 0.115348
v -0.101768 3.043425 0.127312
v -0.104975 3.066360 0.117821
v -0.120209 3.070207 0.097190
v -0.122455 3.044899 0.104098
v -0.092634 3.087967 0.113404
v -0.107900 3.095163 0.097310
v -0.111599 3.094014 0.072033
v -0.118379 3.071337 0.075442
v -0.125987 3.044511 0.083306
v -0.126681 3.023816 0.091586
v -0.118722 3.007309 0.097488
v -0.064871 2.985601 0.154159
v -0.084737 2.981603 0.129002
v -0.103759 2.982852 0.109150
v -0.055254 3.163128 0.075063
v -0.083133 3.136468 0.076718
v -0.079629 3.136626 0.095028
v -0.055875 3.164972 0.096260
v 0.002257 3.190897 0.091234
v 0.001749 3.190866 0.071833
v -0.021267 3.180540 0.073071
v -0.024135 3.183640 0.093876
v -0.024928 3.176870 0.117189
v 0.000046 3.181426 0.113456
v 0.044594 3.193147 0.084946
v 0.043031 3.194250 0.068322
v 0.025736 3.196167 0.071015
v 0.026947 3.192513 0.088014
v 0.043888 3.181099 0.105990
v 0.026339 3.184210 0.107664
v -0.049345 3.159385 0.118922
v -0.071742 3.130884 0.114086
v -0.098037 3.115711 0.090004
v -0.095169 3.112167 0.108611
v -0.108535 3.116768 0.073158
v -0.086716 2.991162 0.134599
v -0.103679 3.011641 0.122290
v -0.125340 3.013734 0.101540
v -0.111376 2.992441 0.111032
v -0.119845 3.033709 0.112793
v -0.120396 3.060802 0.105191
v -0.125881 3.064894 0.086467
v -0.131375 3.035208 0.095075
v -0.110081 3.089141 0.102772
v -0.115814 3.094216 0.083897
v -0.117936 3.093043 0.066974
v -0.128286 3.063066 0.067260
v -0.129109 3.035171 0.073260
v -0.123616 3.011247 0.081272
v -0.119573 2.990027 0.093157
v -0.037558 3.170714 0.117853
v -0.040026 3.176849 0.094848
v -0.038277 3.174115 0.073792
v -0.070512 2.978777 0.148334
v -0.089204 2.975790 0.124557
v -0.108421 2.975360 0.105183
v -0.032317 3.163722 0.113676
v -0.054911 3.127320 0.114766
v -0.051775 3.126768 0.136864
v -0.031535 3.160131 0.136002
v 0.044293 3.165006 0.126409
v 0.043893 3.174639 0.108797
v 0.021171 3.180039 0.108168
v 0.020987 3.174142 0.126215
v 0.020590 3.159576 0.142059
v 0.043316 3.151907 0.143124
v 0.062498 3.159914 0.128266
v 0.061468 3.170456 0.112501
v 0.063031 3.145691 0.145193
v -0.030266 3.144199 0.150177
v -0.050263 3.112426 0.152251
v -0.070532 3.101604 0.133509
v -0.066499 3.095508 0.152927
v -0.075056 3.102242 0.111860
v -0.054472 3.026265 0.176870
v -0.062071 3.024536 0.178773
v -0.069500 3.014117 0.166320
v -0.060946 3.016373 0.172049
v -0.069668 3.033096 0.162952
v -0.072636 3.045481 0.158013
v -0.087676 3.038529 0.143985
v -0.085528 3.023537 0.149754
v -0.078941 3.055534 0.155456
v -0.078393 3.075533 0.153699
v -0.093417 3.077301 0.131207
v -0.093397 3.051452 0.140055
v -0.093592 3.073199 0.113384
v -0.094920 3.045990 0.119953
v -0.089754 3.032405 0.124671
v -0.087585 3.016544 0.130330
v -0.072158 3.006021 0.145969
v -0.067528 3.006282 0.156425
v -0.003870 3.162006 0.144631
v -0.005549 3.174437 0.130239
v -0.004604 3.179689 0.108928
v -0.079631 3.006475 0.138948
v -0.077213 3.016178 0.159332
v -0.067195 3.026649 0.172635
v -0.044835 3.159751 0.113940
v -0.066813 3.123294 0.113853
v -0.060847 3.123283 0.135892
v -0.041520 3.153557 0.136730
v 0.035015 3.171985 0.125094
v 0.034427 3.180254 0.107821
v 0.013997 3.181342 0.108540
v 0.013699 3.176884 0.126672
v 0.012567 3.160326 0.143139
v 0.033110 3.153112 0.142729
v 0.052926 3.160707 0.128525
v 0.051636 3.172434 0.111493
v 0.053133 3.145941 0.145516
v -0.034990 3.135996 0.151069
v -0.055881 3.110955 0.152700
v -0.082955 3.100815 0.131450
v -0.073929 3.095674 0.152363
v -0.089214 3.099993 0.112261
v -0.054510 2.999215 0.192591
v -0.066374 3.015227 0.177246
v -0.076629 3.010830 0.161729
v -0.061383 2.996847 0.178105
v -0.076211 3.028863 0.162629
v -0.083426 3.045047 0.156348
v -0.100183 3.040625 0.142064
v -0.088408 3.024158 0.150661
v -0.086367 3.062343 0.154314
v -0.105154 3.060843 0.136204
v -0.084046 3.075288 0.153199
v -0.080922 3.085613 0.152650
v -0.095652 3.089536 0.130990
v -0.104775 3.076697 0.131289
v -0.101680 3.086730 0.112783
v -0.110584 3.072119 0.113839
v -0.110026 3.055574 0.117594
v -0.107169 3.034345 0.122455
v -0.096150 3.016365 0.131385
v -0.086591 3.003259 0.140034
v -0.066394 2.992301 0.156249
v -0.010280 3.155933 0.147138
v -0.015968 3.176451 0.130574
v -0.015836 3.181723 0.109182
v -0.061187 3.095999 0.154224
v -0.045189 3.091962 0.175569
v -0.035650 3.107297 0.177862
v -0.041390 3.115770 0.161286
v -0.060652 3.104079 0.127024
v -0.042239 3.128479 0.137886
v -0.080414 3.089432 0.120829
v -0.070434 3.083261 0.150355
v -0.053582 3.043808 0.181317
v -0.061170 3.049923 0.169277
v -0.072986 3.041536 0.143086
v -0.063667 3.036527 0.160317
v -0.043824 3.056437 0.181720
v -0.038053 3.050994 0.191814
v -0.049389 3.073372 0.172117
v -0.072554 3.072799 0.154117
v -0.069433 3.061404 0.159935
v -0.048393 3.064717 0.175387
v -0.048501 3.080312 0.172115
v -0.033607 3.037148 0.196290
v -0.021824 3.049132 0.199767
v -0.031528 3.047218 0.196863
v -0.044069 3.037912 0.190085
v -0.057692 3.032113 0.172451
v -0.051800 3.029994 0.179475
v 0.000215 3.160511 0.141551
v -0.001203 3.144819 0.167028
v 0.031043 3.138170 0.156472
v 0.032812 3.154835 0.133404
v 0.003160 3.130632 0.179678
v 0.030888 3.126979 0.171750
v -0.019465 3.120068 0.178616
v -0.023411 3.131749 0.168623
v -0.021228 3.152241 0.144828
v -0.088935 3.072106 0.122886
v -0.084588 3.054459 0.130989
v -0.003360 3.104732 0.195755
v 0.011494 3.099768 0.195419
v 0.019735 3.108157 0.192809
v 0.011159 3.116921 0.184195
v -0.010892 3.106785 0.180072
v 0.006112 3.126691 0.172384
v -0.015320 3.088935 0.190437
v -0.008890 3.089415 0.207004
v -0.016685 3.069322 0.200584
v -0.008364 3.072239 0.209896
v -0.011421 3.054705 0.204741
v -0.002681 3.058293 0.212315
v -0.012510 3.044404 0.206437
v -0.015613 3.037603 0.205000
v -0.010790 3.035555 0.209762
v -0.005269 3.043184 0.213239
v -0.004310 3.031371 0.215006
v 0.004791 3.040009 0.217734
v 0.008424 3.059942 0.215162
v 0.003416 3.072303 0.208046
v 0.005861 3.087635 0.202480
v 0.008874 3.050385 0.214183
v -0.002542 3.050716 0.214426
v -0.011598 3.049137 0.206203
v -0.031221 3.023732 0.206841
v -0.027343 3.020355 0.209027
v -0.014196 3.025514 0.211854
v -0.018170 3.029782 0.208270
v -0.021439 3.032716 0.203670
v -0.033837 3.026750 0.202824
v 0.032728 3.119591 0.180082
v 0.034905 3.126511 0.168094
v 0.030860 3.114481 0.187413
v -0.044872 3.019383 0.203012
v -0.042572 3.016643 0.205982
v -0.038431 3.013585 0.208086
v -0.004658 3.108198 0.205200
v 0.011911 3.099785 0.207835
v 0.019225 3.109513 0.197098
v 0.011037 3.117105 0.192875
v -0.015772 3.111015 0.188299
v 0.006414 3.126439 0.179900
v -0.024076 3.091268 0.190185
v -0.012264 3.094309 0.211050
v -0.026594 3.073606 0.192830
v -0.012593 3.079515 0.216941
v -0.021718 3.060990 0.200702
v -0.007790 3.067496 0.220693
v -0.012555 3.050200 0.207052
v 0.001403 3.038439 0.222768
v 0.012215 3.048104 0.228643
v -0.000070 3.056979 0.224651
v 0.027042 3.054731 0.226937
v 0.015577 3.060481 0.224338
v 0.010368 3.069806 0.222131
v 0.006828 3.078118 0.219835
v 0.007029 3.089800 0.214709
v 0.035585 3.041131 0.228541
v 0.058283 3.050351 0.227013
v 0.019662 3.034225 0.224358
v 0.038734 3.124241 0.179803
v 0.040855 3.131943 0.167367
v 0.036794 3.116088 0.188445
v -0.044227 3.163606 0.124703
v -0.065730 3.125469 0.121591
v -0.064187 3.122484 0.144346
v -0.043118 3.155045 0.143911
v 0.031328 3.168726 0.132765
v 0.032103 3.178513 0.117531
v 0.009036 3.183785 0.118363
v 0.008503 3.174429 0.134515
v 0.006617 3.156956 0.154035
v 0.029060 3.146880 0.152024
v 0.047850 3.156218 0.136360
v 0.046435 3.168437 0.118489
v 0.048153 3.140567 0.152550
v -0.035643 3.134130 0.159149
v -0.056849 3.111273 0.161621
v -0.085125 3.100082 0.140818
v -0.069717 3.094517 0.162349
v -0.097272 3.098732 0.118516
v -0.084767 3.016979 0.153157
v -0.091390 3.024699 0.150517
v -0.102498 3.022009 0.138398
v -0.091502 3.013987 0.140677
v -0.099825 3.038695 0.144165
v -0.100292 3.054605 0.143598
v -0.116370 3.052070 0.130471
v -0.113181 3.035829 0.133744
v -0.085594 3.073936 0.155805
v -0.103929 3.075500 0.138981
v -0.114847 3.070108 0.114145
v -0.120842 3.048187 0.114326
v -0.116070 3.031073 0.118013
v -0.105415 3.018711 0.125426
v -0.096009 3.010671 0.130656
v -0.015970 3.149238 0.156669
v -0.016848 3.175591 0.140213
v -0.016340 3.181593 0.120346
v 0.040747 3.200713 0.052826
v 0.029831 3.208340 0.053405
v 0.030518 3.201151 0.074775
v 0.040297 3.197553 0.073075
v -0.154605 3.011028 0.035634
v -0.149010 3.020381 0.039958
v -0.148171 3.025958 0.025790
v -0.158590 3.016130 0.024999
v 0.039715 3.193342 0.090946
v 0.030318 3.194642 0.089855
v 0.008992 3.194605 0.089704
v 0.010162 3.201769 0.071827
v -0.013329 3.197399 0.070088
v -0.017341 3.188055 0.088271
v -0.040618 3.186150 0.064724
v -0.046037 3.174977 0.087318
v -0.070428 3.170326 0.054660
v -0.072412 3.159585 0.078920
v -0.097400 3.153379 0.045489
v -0.096742 3.144464 0.069643
v -0.111887 3.127013 0.067060
v -0.115571 3.130424 0.042061
v -0.132871 3.102846 0.044200
v -0.129786 3.096447 0.067996
v -0.141731 3.063634 0.070789
v -0.144975 3.070094 0.050493
v -0.150239 3.046214 0.048844
v -0.144813 3.040122 0.066197
v -0.147786 3.018884 0.053355
v -0.148125 3.051715 0.031785
v -0.142646 3.072377 0.030923
v -0.129097 3.102222 0.021628
v -0.118691 3.131440 0.015829
v -0.093518 3.159780 0.021341
v -0.064570 3.176647 0.029056
v -0.034988 3.195748 0.039057
v -0.011216 3.207153 0.046883
v 0.010172 3.209352 0.049736
v -0.150226 3.008323 0.045694
v -0.170759 3.011541 0.033372
v -0.176043 3.016104 0.025973
v -0.166079 3.007398 0.040366
v -0.106524 2.851840 -0.029979
v -0.127294 2.855766 -0.008943
v -0.141272 2.885500 0.021775
v 0.052473 3.192832 0.036873
v 0.040110 3.208407 0.030139
v 0.036082 3.205789 0.043378
v 0.049840 3.193408 0.045341
v 0.023719 3.210558 0.025845
v 0.018353 3.208412 0.041019
v 0.004815 3.211010 0.017956
v -0.016787 3.204146 0.008044
v -0.023494 3.202491 0.028493
v -0.001672 3.208965 0.035098
v -0.038957 3.195434 -0.001056
v -0.054911 3.186522 -0.010496
v -0.064914 3.181533 0.008515
v -0.046858 3.188440 0.019345
v -0.075851 3.170488 -0.018001
v -0.085201 3.164293 0.002382
v -0.120571 3.112124 -0.017495
v -0.125199 3.092126 -0.012410
v -0.136172 3.086507 0.008019
v -0.130319 3.108262 0.004996
v -0.134115 3.072436 -0.010807
v -0.147371 3.060658 -0.012882
v -0.150361 3.052750 -0.000023
v -0.144709 3.066782 0.007064
v -0.141742 3.079955 0.028632
v -0.133123 3.105006 0.025137
v -0.095815 3.153669 0.022483
v -0.070324 3.167731 0.030837
v -0.053035 3.174999 0.041938
v -0.026262 3.190634 0.050417
v -0.004018 3.196070 0.053920
v 0.015508 3.200716 0.056511
v 0.032577 3.201928 0.055626
v 0.049562 3.192618 0.054206
v -0.146322 3.046883 0.010461
v -0.144566 3.063441 0.024329
v -0.180010 3.053299 -0.007797
v -0.173428 3.047354 0.000854
v -0.157787 3.043089 0.002878
v -0.164995 3.048404 -0.007173
v -0.165961 3.053995 -0.017124
v -0.181370 3.058402 -0.016134
v -0.120336 3.130358 0.019140
v -0.110134 3.137513 -0.000454
v -0.098701 3.145010 -0.020658
v -0.194541 3.070417 -0.011920
v -0.193709 3.064042 -0.006089
v -0.189402 3.056005 -0.000078
v -0.049563 3.186955 0.040574
v -0.044645 3.199375 0.025227
v -0.072748 3.179150 0.022693
v -0.076701 3.169924 0.037287
v 0.011524 3.218211 0.044460
v -0.020409 3.211482 0.035555
v -0.026833 3.199912 0.050446
v 0.003844 3.207485 0.061648
v -0.012571 3.213965 0.020129
v 0.018368 3.221425 0.028142
v 0.041231 3.206336 0.043281
v 0.030107 3.212502 0.045721
v 0.022605 3.205692 0.058964
v 0.038661 3.202769 0.049172
v 0.046633 3.208617 0.034243
v 0.034290 3.216037 0.029627
v -0.038076 3.201592 0.011259
v -0.069004 3.178818 0.009169
v -0.092259 3.161642 0.011773
v -0.093583 3.164145 0.023183
v -0.095132 3.157289 0.035573
v -0.133482 3.114177 0.033042
v -0.133185 3.117975 0.038857
v -0.130194 3.126598 0.031465
v -0.130200 3.125350 0.024306
v -0.115381 3.143057 0.025155
v -0.115002 3.140305 0.016000
v -0.114791 3.138106 0.033713
v -0.127130 3.126551 0.037580
v -0.129488 3.117964 0.042968
v -0.132919 3.108582 0.048395
v -0.129676 3.109235 0.050973
v -0.133979 3.105315 0.044970
v -0.132775 3.102638 0.057618
v -0.132513 3.104557 0.059531
v -0.130869 3.105252 0.061231
v 0.185883 2.995275 0.070278
v 0.182131 2.975602 0.064942
v 0.194702 2.978433 0.044577
v 0.198717 2.999079 0.047089
v 0.203223 3.039294 0.052537
v 0.184821 3.039953 0.075338
v 0.187021 3.016786 0.073229
v 0.202760 3.019519 0.050442
v 0.203874 3.002780 0.027340
v 0.206959 2.985479 0.030761
v 0.206642 3.036530 0.025717
v 0.204555 3.020731 0.023746
v 0.179157 2.959358 0.059694
v 0.184895 2.965060 0.044077
v 0.192708 2.971718 0.033677
v 0.171958 3.029516 0.094162
v 0.177213 3.011532 0.090471
v 0.179014 2.989412 0.085913
v 0.179224 2.973850 0.081049
v 0.176441 2.959818 0.071512
v 0.191638 2.984380 0.057154
v 0.182350 2.988034 0.075796
v 0.180156 2.972209 0.076162
v 0.182411 2.971551 0.061138
v 0.199161 3.003539 0.051221
v 0.192911 3.016437 0.067441
v 0.186495 3.002799 0.073829
v 0.194660 2.994089 0.054696
v 0.177605 2.960482 0.075467
v 0.181688 2.961493 0.061541
v 0.179185 3.010255 0.092842
v 0.180170 3.028401 0.084669
v 0.166945 3.039168 0.102797
v 0.165030 3.021764 0.109881
v 0.176449 2.992282 0.094926
v 0.161437 3.005148 0.109628
v 0.176281 2.976490 0.095341
v 0.160943 2.991016 0.109962
v 0.174470 2.960909 0.093881
v 0.163953 2.971872 0.105408
v 0.219082 2.907023 0.002039
v 0.220824 2.911998 -0.011901
v 0.207264 2.921589 -0.008336
v 0.207128 2.913052 0.005134
v 0.217144 2.926398 -0.023465
v 0.206087 2.932583 -0.021402
v 0.088788 3.202796 0.024837
v 0.089359 3.191559 0.054874
v 0.117154 3.172780 0.055636
v 0.115302 3.184683 0.022074
v 0.144024 3.149467 0.053160
v 0.146357 3.157605 0.022870
v 0.170700 3.132555 0.021998
v 0.166072 3.120689 0.052365
v 0.188536 3.082590 0.055792
v 0.203423 3.092560 0.026960
v 0.203474 3.050134 0.054017
v 0.214521 3.054123 0.025533
v 0.211699 3.015841 0.022274
v 0.210054 3.008124 0.050669
v 0.209521 2.981220 0.046448
v 0.206156 2.991812 0.022001
v 0.211958 2.982443 0.018786
v 0.205300 2.968059 0.037224
v 0.204661 2.960807 0.026734
v 0.216180 2.971878 0.014163
v 0.207991 2.959070 0.005215
v 0.214413 2.948781 0.015914
v 0.206065 2.937806 0.003826
v 0.205439 2.943933 -0.006577
v 0.187671 2.959621 0.051474
v 0.196558 2.950182 0.037783
v 0.192416 3.002069 0.074523
v 0.189744 2.975646 0.066141
v 0.186729 3.043113 0.074994
v 0.174447 3.074760 0.079991
v 0.157103 3.104468 0.082650
v 0.140702 3.132892 0.082703
v 0.116243 3.160314 0.085650
v 0.086071 3.177337 0.085179
v 0.202789 2.937898 0.028642
v 0.205553 2.924655 0.015307
v 0.063444 3.204120 0.028870
v 0.065577 3.197795 0.054082
v 0.062980 3.183306 0.081956
v 0.044734 3.199964 0.032252
v 0.046022 3.193265 0.056902
v 0.043592 3.189437 0.077738
v 0.168891 2.934772 0.079956
v 0.169884 2.936581 0.071115
v 0.169677 2.948223 0.073786
v 0.169367 2.948617 0.083563
v 0.163829 2.881852 0.071218
v 0.167804 2.881487 0.064851
v 0.171939 2.899478 0.068655
v 0.165596 2.900874 0.078190
v 0.167884 2.929659 0.088899
v 0.168213 2.944451 0.090138
v 0.161328 2.882143 0.077493
v 0.163813 2.900462 0.083989
v 0.169442 2.922183 0.081726
v 0.172722 2.923500 0.072165
v 0.167524 2.919141 0.088801
v 0.170530 2.951844 0.083358
v 0.170028 2.956887 0.072680
v 0.170880 2.964821 0.075300
v 0.170403 2.963448 0.086499
v 0.172845 2.899536 0.075522
v 0.174617 2.902159 0.069372
v 0.173138 2.921168 0.073197
v 0.174938 2.919168 0.082964
v 0.166212 2.949949 0.103565
v 0.168397 2.961269 0.104696
v 0.166935 2.898966 0.082675
v 0.165982 2.920882 0.095160
v 0.172180 2.940237 0.085288
v 0.169598 2.946690 0.074357
v 0.165338 2.940899 0.101493
v 0.172286 2.958995 0.080284
v 0.171164 2.963202 0.066983
v 0.173023 2.972723 0.069525
v 0.171795 2.973827 0.081963
v 0.183843 2.916300 0.074242
v 0.184050 2.928885 0.067871
v 0.177299 2.932866 0.066926
v 0.177020 2.923739 0.075915
v 0.170692 2.953039 0.091675
v 0.170860 2.968793 0.090917
v 0.184069 2.906336 0.077073
v 0.175646 2.917256 0.082974
v 0.173499 2.940786 0.079738
v 0.170321 2.947364 0.064639
v 0.172707 2.937267 0.090070
v 0.214318 2.900808 0.066430
v 0.215036 2.910984 0.063837
v 0.196637 2.911327 0.070593
v 0.196689 2.901510 0.073314
v 0.214764 2.920783 0.060791
v 0.196955 2.922781 0.065316
v 0.184109 2.985441 0.076436
v 0.187185 2.987698 0.068332
v 0.186736 3.003733 0.076471
v 0.185178 3.005268 0.082855
v 0.235635 2.947160 0.042749
v 0.237176 2.958488 0.040606
v 0.214519 2.948573 0.047056
v 0.215926 2.940015 0.050005
v 0.182307 2.977897 0.082282
v 0.182080 2.999753 0.086876
v 0.235903 2.938897 0.046203
v 0.217676 2.932319 0.054400
v 0.182605 2.971684 0.073072
v 0.183747 2.975991 0.063952
v 0.180416 2.967058 0.080006
v 0.180593 2.958632 0.069594
v 0.183046 2.962619 0.062604
v 0.178779 2.953317 0.076035
v 0.187420 2.943765 0.061697
v 0.189606 2.950751 0.056908
v 0.184775 2.937591 0.067218
v 0.177614 2.963715 0.089289
v 0.176805 2.949045 0.084165
v 0.180280 2.957434 0.074972
v 0.183076 2.969612 0.077784
v 0.187745 3.003875 0.077370
v 0.181783 3.004917 0.092504
v 0.180317 2.979571 0.091938
v 0.185602 2.984482 0.078579
v 0.186279 2.975514 0.064533
v 0.183602 2.964728 0.065199
v 0.195799 2.998924 0.061817
v 0.191237 2.983576 0.063245
v 0.213774 2.932303 0.061452
v 0.207931 2.922972 0.066347
v 0.233336 2.919895 0.060172
v 0.234540 2.929452 0.052965
v 0.214911 2.941229 0.055178
v 0.238580 2.939816 0.048076
v 0.174000 3.004520 0.103076
v 0.173485 2.975995 0.102142
v 0.170204 2.958510 0.098620
v 0.172302 2.942449 0.091885
v 0.202422 2.917189 0.070767
v 0.227658 2.915057 0.065048
v 0.191146 2.949919 0.061726
v 0.190000 2.942650 0.067391
v 0.186994 2.932913 0.075401
v 0.181264 2.926153 0.079261
v 0.189105 3.012418 0.095404
v 0.194004 3.013018 0.079227
v 0.198314 3.039612 0.072079
v 0.188055 3.041677 0.087793
v 0.172990 2.929326 0.088913
v 0.184537 2.930116 0.077774
v 0.181844 2.946059 0.082014
v 0.176985 2.943414 0.094508
v 0.170603 3.019252 0.111254
v 0.173664 3.045896 0.102496
v 0.164683 2.930157 0.099253
v 0.164696 2.946675 0.106561
v 0.180860 2.959466 0.098168
v 0.184462 2.961300 0.082848
v 0.188340 2.973443 0.084403
v 0.182835 2.974405 0.099866
v 0.165978 2.961015 0.113506
v 0.165707 2.979373 0.115441
v 0.184805 2.987235 0.098295
v 0.167249 2.996462 0.114516
v 0.190786 2.988601 0.084022
v 0.135566 3.162555 0.036177
v 0.128146 3.166453 0.055558
v 0.151806 3.142303 0.058867
v 0.158392 3.141978 0.038758
v 0.083682 3.195348 0.054658
v 0.106376 3.181488 0.056404
v 0.115595 3.181529 0.034725
v 0.088820 3.198684 0.036951
v 0.104697 3.173201 0.072628
v 0.084141 3.183993 0.072350
v 0.044351 3.197767 0.055356
v 0.060978 3.199636 0.054840
v 0.072344 3.200615 0.037280
v 0.056396 3.200805 0.037629
v 0.044077 3.187950 0.072187
v 0.061105 3.192216 0.071512
v 0.125182 3.160679 0.072295
v 0.149030 3.136040 0.075323
v 0.160228 3.118256 0.078587
v 0.165746 3.121979 0.063803
v 0.173718 3.121082 0.041702
v 0.182205 2.994298 0.100364
v 0.192791 2.994234 0.078997
v 0.192974 3.022540 0.076899
v 0.182850 3.020959 0.102439
v 0.179526 3.042134 0.095928
v 0.195574 3.041496 0.074026
v 0.194554 3.066815 0.067767
v 0.173641 3.067592 0.087926
v 0.178820 3.096217 0.064744
v 0.168786 3.092243 0.082729
v 0.189830 3.093003 0.045562
v 0.204369 3.066396 0.050791
v 0.209680 3.037219 0.055489
v 0.200169 2.990049 0.061037
v 0.206311 3.016215 0.059905
v 0.180421 2.970598 0.094289
v 0.189050 2.965505 0.073899
v 0.200128 2.965971 0.055412
v 0.120144 3.176794 0.059935
v 0.119639 3.174231 0.080206
v 0.144798 3.147785 0.082168
v 0.147978 3.150618 0.059837
v 0.073226 3.198905 0.079143
v 0.096152 3.185674 0.081251
v 0.097418 3.189713 0.060062
v 0.074752 3.198996 0.062515
v 0.094146 3.178852 0.096910
v 0.073427 3.188763 0.095999
v 0.034294 3.195196 0.079708
v 0.050593 3.200851 0.078992
v 0.052300 3.200355 0.062576
v 0.036113 3.192736 0.063704
v 0.034123 3.186247 0.095626
v 0.050623 3.191360 0.095365
v 0.116360 3.165911 0.097311
v 0.141628 3.139857 0.099024
v 0.155310 3.119922 0.101175
v 0.161437 3.125156 0.082379
v 0.166502 3.128329 0.062983
v 0.165710 3.004375 0.133421
v 0.181423 3.006686 0.112299
v 0.186865 3.026676 0.103009
v 0.172511 3.024956 0.125659
v 0.175052 3.043122 0.117810
v 0.188496 3.044667 0.094684
v 0.185123 3.069912 0.088713
v 0.171919 3.068020 0.109890
v 0.174873 3.097664 0.083981
v 0.165713 3.092782 0.105464
v 0.177889 3.099058 0.066095
v 0.192930 3.070548 0.071227
v 0.198835 3.042779 0.075096
v 0.192430 3.003921 0.094166
v 0.197059 3.022545 0.081967
v 0.155804 2.989983 0.141673
v 0.169401 2.987339 0.121373
v 0.186814 2.986442 0.103234
v 0.143217 3.159933 0.014086
v 0.149393 3.155777 0.033287
v 0.162958 3.140992 0.036870
v 0.165273 3.139579 0.018309
v 0.100089 3.197031 0.036116
v 0.120004 3.180683 0.032404
v 0.121331 3.180250 0.013724
v 0.100440 3.195543 0.017181
v 0.117590 3.177177 0.049700
v 0.101686 3.186029 0.055546
v 0.049937 3.199726 0.044913
v 0.065454 3.202277 0.041934
v 0.064454 3.203616 0.023744
v 0.051758 3.200351 0.031573
v 0.049171 3.194188 0.066082
v 0.065157 3.197940 0.063232
v 0.139467 3.158965 0.047497
v 0.158858 3.139169 0.051029
v 0.174143 3.120823 0.057285
v 0.177499 3.124191 0.042431
v 0.180012 3.122487 0.023181
v 0.194216 2.995701 0.087144
v 0.200838 2.996439 0.068107
v 0.207519 3.008889 0.070756
v 0.195636 3.008836 0.092046
v 0.195423 3.045940 0.087625
v 0.209501 3.045663 0.067647
v 0.202834 3.073045 0.056431
v 0.192479 3.069848 0.078562
v 0.194205 3.102603 0.046825
v 0.183842 3.098666 0.064767
v 0.197120 3.100532 0.029960
v 0.209652 3.072677 0.039897
v 0.211918 3.043944 0.046708
v 0.209491 2.994295 0.056154
v 0.209544 3.006450 0.055885
v 0.206471 3.026705 0.070681
v 0.210894 3.022581 0.051029
v 0.196621 3.025313 0.091087
v 0.200314 2.985361 0.080199
v 0.209311 2.985653 0.066804
v 0.216750 2.985817 0.054831
v 0.083599 3.196205 0.058973
v 0.082969 3.203034 0.038713
v 0.082763 3.200799 0.020377
v 0.115170 3.172705 0.092253
v 0.116139 3.170722 0.112817
v 0.138141 3.143882 0.115290
v 0.141734 3.148425 0.092690
v 0.073599 3.192923 0.110289
v 0.094516 3.185647 0.112084
v 0.095705 3.189619 0.091425
v 0.075400 3.198004 0.091230
v 0.093606 3.174697 0.128601
v 0.073858 3.177432 0.127350
v 0.048934 3.191873 0.110196
v 0.050681 3.193191 0.094145
v 0.048666 3.173856 0.126830
v 0.115044 3.154233 0.132109
v 0.130366 3.135246 0.132921
v 0.144652 3.112996 0.135413
v 0.155971 3.116658 0.118400
v 0.161490 3.121712 0.097213
v 0.180314 3.021201 0.116540
v 0.188799 3.030453 0.107937
v 0.182858 3.044054 0.115789
v 0.170461 3.036016 0.129102
v 0.168168 3.053621 0.136136
v 0.176564 3.059152 0.120096
v 0.171281 3.079409 0.122051
v 0.164636 3.072309 0.139101
v 0.165219 3.099380 0.122345
v 0.155604 3.093082 0.137680
v 0.167862 3.099187 0.101592
v 0.174246 3.083630 0.102671
v 0.180443 3.065951 0.099374
v 0.193649 3.039853 0.094237
v 0.189715 3.051063 0.097166
v 0.198186 3.004117 0.091890
v 0.204657 3.014895 0.079223
v 0.196467 3.020831 0.095140
v 0.190400 3.012036 0.104853
v 0.202392 3.031070 0.083848
v 0.213690 3.024798 0.069875
v 0.027487 3.180346 0.111191
v 0.029318 3.183709 0.094997
v 0.026735 3.163461 0.127908
v 0.035472 3.197113 0.033108
v 0.035384 3.191899 0.042399
v 0.043701 3.205410 0.042558
v 0.042777 3.206743 0.029100
v 0.054862 3.209781 0.028760
v 0.057652 3.209853 0.042979
v 0.074962 3.209474 0.040991
v 0.070453 3.209878 0.025828
v 0.085713 3.206031 0.019928
v 0.091531 3.205208 0.037287
v 0.109558 3.195640 0.031985
v 0.104801 3.196753 0.012690
v 0.122430 3.187088 0.004376
v 0.126314 3.184891 0.023967
v 0.145646 3.173311 0.015838
v 0.140084 3.171897 -0.003833
v 0.160693 3.157860 0.010687
v 0.153467 3.159122 -0.009336
v 0.197597 3.095140 -0.010238
v 0.209474 3.090433 0.014292
v 0.218304 3.062889 0.019366
v 0.209082 3.066208 -0.004501
v 0.210103 3.043198 -0.002110
v 0.220827 3.041298 0.020044
v 0.220489 3.021518 0.019231
v 0.212593 3.022555 -0.001124
v 0.224656 3.003420 0.019277
v 0.215375 3.003442 0.001689
v 0.220920 3.037521 0.043143
v 0.223039 3.023139 0.041536
v 0.216215 3.060866 0.040014
v 0.206993 3.090768 0.034054
v 0.163565 3.146770 0.032758
v 0.151064 3.158051 0.037845
v 0.130396 3.172825 0.045396
v 0.110284 3.189831 0.053417
v 0.092404 3.199265 0.055380
v 0.076783 3.203916 0.056251
v 0.058786 3.206477 0.056626
v 0.035684 3.196317 0.050686
v 0.043391 3.202583 0.054960
v 0.229997 3.005822 0.037331
v 0.242877 2.990715 0.015222
v 0.229414 2.991102 0.019729
v 0.233901 3.000155 0.032872
v 0.242451 2.997158 0.028606
v 0.226018 2.988567 0.003660
v 0.241573 2.987402 0.004638
v 0.193430 3.112071 0.027147
v 0.197016 3.115933 0.007451
v 0.173753 3.141811 0.006454
v 0.173984 3.132246 0.028170
v 0.167914 3.142967 -0.013686
v 0.184383 3.120270 -0.016261
v -0.020433 3.205657 0.055654
v -0.035362 3.194757 0.062413
v -0.029190 3.195099 0.075001
v -0.010763 3.205091 0.069042
v 0.021566 3.215455 0.052660
v 0.017851 3.221897 0.039348
v -0.003302 3.215830 0.047984
v 0.002723 3.211570 0.062394
v 0.009329 3.200852 0.076604
v 0.028103 3.203588 0.070162
v 0.036408 3.208511 0.047519
v 0.034971 3.223426 0.031231
v 0.036798 3.202765 0.068219
v -0.005526 3.194588 0.082153
v -0.023475 3.185920 0.089047
v -0.051746 3.178703 0.083061
v -0.045864 3.174088 0.093015
v -0.050643 3.179732 0.069611
v -0.098785 3.139013 0.081094
v -0.079004 3.147632 0.088835
v -0.082335 3.151305 0.084371
v -0.099278 3.145749 0.077568
v -0.059596 3.161840 0.093596
v -0.063955 3.165211 0.086781
v -0.066007 3.167260 0.076030
v -0.080540 3.156898 0.076212
v -0.097046 3.148299 0.072216
v -0.106821 3.145032 0.063923
v -0.108730 3.142388 0.067496
v -0.108860 3.137468 0.069105
v -0.114479 3.145715 0.054902
v -0.114062 3.148920 0.054014
v -0.112515 3.151387 0.051632
v 0.070321 3.192608 0.061247
v 0.066254 3.190445 0.038016
v 0.059824 3.177422 0.014415
v -0.043588 3.178992 0.094586
v -0.070149 3.155306 0.098329
v -0.063976 3.149169 0.120366
v -0.044829 3.172698 0.117406
v 0.007205 3.190123 0.109716
v 0.006928 3.194995 0.090744
v -0.016534 3.190948 0.092479
v -0.017894 3.186495 0.113705
v -0.018186 3.179029 0.132111
v 0.004452 3.182020 0.128430
v 0.045318 3.178271 0.112688
v 0.045155 3.180924 0.096019
v 0.033346 3.192028 0.093937
v 0.034403 3.184948 0.110773
v 0.044574 3.162653 0.127727
v 0.032802 3.174240 0.125988
v -0.041921 3.161843 0.135140
v -0.057921 3.137611 0.136688
v -0.081461 3.121945 0.117747
v -0.066634 3.121907 0.133156
v -0.089719 3.128002 0.099203
v -0.126513 3.027251 0.109611
v -0.121380 3.042580 0.122806
v -0.132819 3.050909 0.108773
v -0.138981 3.037116 0.100655
v -0.114804 3.060762 0.129585
v -0.106762 3.080067 0.133214
v -0.113408 3.086614 0.113568
v -0.126587 3.066734 0.111970
v -0.088347 3.100098 0.134578
v -0.097689 3.106881 0.115380
v -0.108426 3.108541 0.098031
v -0.123693 3.091399 0.094830
v -0.135994 3.072363 0.094421
v -0.143011 3.058876 0.090658
v -0.146463 3.046865 0.086761
v -0.145672 3.011205 0.082201
v -0.136535 3.017662 0.096581
v -0.143666 3.027746 0.086564
v -0.152917 3.023737 0.069301
v -0.145140 3.039259 0.075155
v -0.157082 3.034817 0.059773
v -0.024765 3.161932 0.157864
v -0.047565 3.139831 0.158048
v -0.048051 3.129161 0.180561
v -0.024167 3.146711 0.180800
v 0.029274 3.150658 0.166761
v 0.030085 3.163473 0.147583
v 0.005478 3.169132 0.151549
v 0.005728 3.155031 0.172980
v 0.007594 3.139365 0.184526
v 0.029009 3.135684 0.178723
v 0.046459 3.141038 0.163850
v 0.046445 3.156266 0.149784
v 0.046450 3.126941 0.177268
v -0.019797 3.130264 0.187810
v -0.042044 3.114350 0.188676
v -0.063133 3.116013 0.175389
v -0.055919 3.103701 0.181312
v -0.065347 3.121292 0.155247
v -0.074450 3.048590 0.168615
v -0.078928 3.060891 0.165362
v -0.102787 3.059515 0.151400
v -0.091838 3.042211 0.154347
v -0.075758 3.075926 0.169356
v -0.094598 3.079310 0.155506
v -0.066105 3.090682 0.175556
v -0.078084 3.098695 0.168578
v -0.084971 3.101718 0.146299
v -0.107786 3.082070 0.136369
v -0.116887 3.058569 0.135926
v -0.106509 3.038180 0.140239
v -0.066464 3.035257 0.176225
v -0.078523 3.027550 0.162651
v -0.093546 3.025290 0.150463
v -0.020385 3.214932 0.057552
v -0.033077 3.202228 0.067296
v -0.028979 3.198017 0.079916
v -0.016403 3.210272 0.070992
v 0.023765 3.226200 0.048800
v 0.023860 3.229425 0.036223
v 0.011293 3.229992 0.040547
v 0.012250 3.226829 0.053777
v 0.036563 3.220517 0.041257
v 0.037341 3.224548 0.031137
v -0.043596 3.190199 0.078445
v -0.040213 3.184139 0.088527
v -0.050178 3.172827 0.096179
v -0.052563 3.178715 0.088799
v -0.065698 3.166363 0.097148
v -0.065358 3.161184 0.103283
v -0.078494 3.156824 0.099546
v -0.079230 3.153315 0.104353
v -0.003623 3.226016 0.046550
v -0.001575 3.221574 0.060628
v -0.091892 3.152586 0.092310
v -0.092603 3.148995 0.095344
v -0.100297 3.158386 0.081338
v -0.101067 3.155369 0.083300
v 0.043941 3.213094 0.036441
v 0.048078 3.214103 0.026503
v 0.049853 3.201922 0.035029
v 0.057646 3.199416 0.022130
v -0.030907 3.177612 0.131774
v -0.051863 3.161113 0.129324
v -0.053100 3.147283 0.145804
v -0.033452 3.167292 0.150591
v 0.023867 3.173939 0.150025
v 0.025835 3.181139 0.131918
v -0.004666 3.183114 0.132133
v -0.006983 3.174949 0.151464
v -0.008838 3.160058 0.171778
v 0.023725 3.157632 0.170086
v 0.050632 3.150779 0.155399
v 0.047560 3.163504 0.134674
v 0.039831 3.172692 0.133190
v 0.040504 3.162473 0.152651
v 0.052073 3.138605 0.175974
v 0.041758 3.147127 0.172684
v -0.035925 3.150885 0.167895
v -0.055124 3.134356 0.160932
v -0.072347 3.127889 0.135776
v -0.070098 3.118265 0.149575
v -0.073721 3.134038 0.122388
v -0.114592 3.078072 0.126260
v -0.099878 3.094417 0.129078
v -0.105064 3.097361 0.120856
v -0.120818 3.079010 0.120059
v -0.083362 3.105579 0.139007
v -0.089267 3.111403 0.126068
v -0.091868 3.114359 0.117021
v -0.112634 3.095917 0.113268
v -0.121924 3.078633 0.114781
v -0.122913 3.062895 0.122499
v -0.121876 3.065410 0.125938
v -0.117355 3.069382 0.128918
v -0.110843 3.057512 0.143712
v -0.116804 3.060782 0.136144
v -0.119710 3.058263 0.132793
v -0.113220 3.055218 0.140400
v -0.119775 3.055831 0.129854
v -0.115231 3.052716 0.139065
v 0.104804 3.170690 0.133016
v 0.108419 3.161857 0.152223
v 0.122003 3.154224 0.147527
v 0.117073 3.165348 0.130098
v 0.068620 3.172991 0.151650
v 0.090729 3.168810 0.153568
v 0.089083 3.176801 0.134002
v 0.069049 3.179941 0.133626
v 0.091565 3.153886 0.173558
v 0.071484 3.156134 0.172358
v 0.032739 3.159515 0.152515
v 0.049489 3.167791 0.151154
v 0.050817 3.174989 0.132925
v 0.035641 3.166280 0.133220
v 0.032201 3.145655 0.172525
v 0.050826 3.152721 0.171715
v 0.110388 3.145697 0.169596
v 0.124933 3.135426 0.161821
v 0.139891 3.126540 0.147886
v 0.137019 3.142298 0.139540
v 0.130509 3.152541 0.126471
v 0.167999 3.121014 0.094424
v 0.166662 3.129364 0.093147
v 0.160745 3.125681 0.108911
v 0.161456 3.117088 0.111961
v 0.149587 3.130862 0.126259
v 0.152675 3.119349 0.130019
v 0.144399 3.138142 0.117486
v 0.155252 3.132006 0.104754
v 0.161255 3.133349 0.090540
v 0.166495 3.134878 0.078984
v 0.162300 3.137873 0.077940
v 0.167792 3.129264 0.078774
v 0.163605 3.142230 0.067063
v 0.162848 3.145422 0.067344
v 0.160224 3.147510 0.066843
v 0.101743 3.149750 0.157739
v 0.103056 3.144571 0.180846
v 0.122045 3.129089 0.181954
v 0.122128 3.132431 0.158825
v 0.042399 3.149141 0.169441
v 0.061020 3.152892 0.172236
v 0.060369 3.162263 0.147939
v 0.043129 3.160247 0.143795
v 0.059976 3.140662 0.185269
v 0.041079 3.134952 0.183684
v 0.031057 3.140435 0.157567
v 0.032890 3.156336 0.143094
v 0.029039 3.130404 0.173756
v 0.098993 3.132798 0.190870
v 0.115196 3.119374 0.192041
v 0.126143 3.102716 0.188916
v 0.134488 3.113915 0.178303
v 0.139542 3.113292 0.155501
v 0.147925 3.041111 0.171210
v 0.160698 3.034188 0.161235
v 0.162465 3.053826 0.157081
v 0.146920 3.056756 0.167774
v 0.156297 3.076692 0.163401
v 0.141166 3.071774 0.174307
v 0.147653 3.095224 0.171814
v 0.134970 3.087451 0.182815
v 0.154730 3.096406 0.150881
v 0.166474 3.074735 0.145061
v 0.170986 3.051682 0.141403
v 0.169548 3.028305 0.146264
v 0.083416 3.151443 0.175554
v 0.082756 3.139569 0.187184
v 0.082670 3.159179 0.154086
v 0.144697 3.027454 0.178111
v 0.156124 3.018278 0.166764
v 0.162745 3.015784 0.155851
v -0.010570 3.211743 0.094425
v -0.018360 3.197309 0.116355
v -0.000127 3.196503 0.119516
v 0.007273 3.205415 0.102564
v 0.029640 3.212694 0.076377
v 0.015505 3.222225 0.064715
v 0.002455 3.220080 0.076387
v 0.019012 3.208503 0.088569
v 0.031574 3.201603 0.095930
v 0.038500 3.205773 0.083375
v 0.037894 3.214147 0.061094
v 0.027632 3.214230 0.051727
v 0.045468 3.206497 0.074810
v 0.024542 3.195026 0.107888
v 0.022201 3.191099 0.121908
v 0.007895 3.186793 0.139611
v 0.025731 3.188271 0.134887
v -0.014975 3.180315 0.140056
v 0.067826 3.163947 0.172647
v 0.053529 3.169767 0.164418
v 0.045481 3.162232 0.179785
v 0.070468 3.154210 0.186247
v 0.040296 3.175629 0.155891
v 0.030555 3.170851 0.166168
v 0.034271 3.180635 0.146827
v 0.018986 3.179900 0.152654
v -0.001495 3.169881 0.163393
v 0.017492 3.159427 0.174789
v 0.037937 3.147602 0.179931
v 0.073545 3.143199 0.189582
v 0.094039 3.141348 0.189677
v 0.092857 3.150706 0.186092
v 0.092861 3.158129 0.178231
v 0.117105 3.154711 0.159547
v 0.105628 3.155770 0.172352
v 0.108046 3.150570 0.178535
v 0.118825 3.151605 0.164071
v 0.108392 3.140049 0.182657
v 0.120188 3.145055 0.167459
v 0.050037 3.198694 0.069841
v 0.034280 3.201689 0.050333
v 0.015990 3.179483 0.033345
v 0.011162 3.210235 0.100609
v 0.012361 3.199464 0.122124
v 0.035779 3.207968 0.118623
v 0.035000 3.213662 0.100906
v 0.039315 3.222194 0.067396
v 0.021068 3.223160 0.063628
v 0.015053 3.218579 0.079604
v 0.035539 3.219239 0.082434
v 0.052560 3.209904 0.083919
v 0.049643 3.212172 0.071757
v 0.036498 3.216733 0.050951
v 0.022601 3.216382 0.046968
v 0.051901 3.211384 0.060128
v 0.055878 3.206478 0.096301
v 0.060478 3.200487 0.109115
v 0.047505 3.198069 0.133534
v 0.066864 3.196478 0.120748
v 0.026627 3.191631 0.138224
v 0.111059 3.171966 0.146365
v 0.094923 3.181687 0.142318
v 0.094239 3.173683 0.159754
v 0.113720 3.165141 0.156914
v 0.084020 3.186345 0.137311
v 0.075838 3.183543 0.151985
v 0.074671 3.191874 0.129056
v 0.059599 3.191674 0.142121
v 0.047060 3.182023 0.152864
v 0.066227 3.172810 0.161037
v 0.088968 3.164905 0.165777
v 0.113391 3.154696 0.164069
v 0.133047 3.142564 0.151605
v 0.130570 3.154797 0.147397
v 0.128696 3.159714 0.140450
v 0.150394 3.142654 0.113105
v 0.141184 3.150653 0.129498
v 0.142381 3.147401 0.135501
v 0.151334 3.140374 0.118721
v 0.144974 3.136648 0.139065
v 0.152783 3.134384 0.121309
v 0.051105 3.192858 0.047101
v 0.028748 3.198003 0.033922
v 0.003229 3.177518 0.025218
v 0.075515 3.199266 0.093175
v 0.085536 3.193637 0.100345
v 0.097064 3.194903 0.090286
v 0.086619 3.203962 0.081432
v 0.052321 3.211503 0.059162
v 0.046269 3.210012 0.071013
v 0.063275 3.205557 0.085048
v 0.072797 3.210968 0.071760
v 0.082594 3.208934 0.056933
v 0.064014 3.215862 0.044086
v 0.039005 3.206643 0.044560
v 0.038327 3.202161 0.058917
v 0.042163 3.211757 0.028121
v 0.096601 3.202566 0.069000
v 0.106920 3.192744 0.079180
v 0.106447 3.187298 0.099646
v 0.114648 3.182425 0.091866
v 0.093543 3.186487 0.108078
v 0.115313 3.163329 0.141291
v 0.118060 3.167153 0.123857
v 0.112910 3.173632 0.128329
v 0.115002 3.168825 0.143877
v 0.117845 3.172659 0.107513
v 0.111024 3.178688 0.112857
v 0.100393 3.179999 0.118578
v 0.105474 3.175935 0.129704
v 0.104799 3.168711 0.144038
v 0.100187 3.164732 0.153536
v 0.104548 3.163114 0.154459
v 0.107328 3.158263 0.153975
v 0.096400 3.154803 0.164560
v 0.094940 3.157456 0.164588
v 0.092123 3.159057 0.163541
v 0.099143 3.203791 0.059575
v 0.112235 3.195643 0.058594
v 0.114847 3.199038 0.043790
v 0.099839 3.210215 0.043769
v 0.055599 3.219496 0.048442
v 0.062826 3.214466 0.062315
v 0.082711 3.209757 0.061490
v 0.080708 3.217667 0.045374
v 0.077597 3.220445 0.028102
v 0.054153 3.221694 0.030552
v 0.037717 3.210388 0.046454
v 0.042270 3.211069 0.060906
v 0.035483 3.210573 0.032962
v 0.099065 3.215000 0.028006
v 0.117921 3.203145 0.029089
v 0.128724 3.186568 0.044905
v 0.137274 3.185577 0.034225
v 0.124897 3.184976 0.056666
v 0.160315 3.144591 0.068896
v 0.157660 3.156019 0.054290
v 0.151060 3.159925 0.060013
v 0.158589 3.149217 0.073229
v 0.147306 3.171262 0.042296
v 0.139637 3.173658 0.049955
v 0.136219 3.173869 0.058421
v 0.146114 3.161328 0.065307
v 0.153796 3.150126 0.076573
v 0.156519 3.146143 0.086691
v 0.160587 3.145318 0.084937
v 0.162244 3.141411 0.082945
v 0.158899 3.144382 0.096066
v 0.157699 3.147073 0.096929
v 0.154977 3.149232 0.097868
v -0.017916 3.145831 0.183599
v -0.047112 3.130065 0.181897
v -0.039995 3.117571 0.189906
v -0.016005 3.132058 0.189946
v 0.024285 3.133908 0.188532
v 0.025811 3.145680 0.174237
v 0.004810 3.149408 0.179294
v 0.005528 3.136082 0.188426
v 0.005014 3.117838 0.196424
v 0.021098 3.115481 0.197313
v 0.042481 3.130163 0.189036
v 0.044796 3.140987 0.169231
v 0.040345 3.110829 0.201369
v -0.012845 3.113777 0.197863
v -0.031218 3.103719 0.193882
v -0.058782 3.099330 0.189367
v -0.040945 3.090914 0.192586
v -0.069130 3.106366 0.174888
v -0.014720 3.042025 0.206404
v -0.026041 3.040399 0.201421
v -0.039898 3.031703 0.198604
v -0.032785 3.030977 0.197695
v -0.041043 3.054246 0.196266
v -0.044484 3.065317 0.190928
v -0.062854 3.061185 0.185379
v -0.055711 3.049020 0.189237
v -0.044480 3.078098 0.191001
v -0.065712 3.078327 0.184920
v -0.079717 3.080969 0.170548
v -0.075204 3.058114 0.169058
v -0.068537 3.044267 0.173968
v -0.052863 3.026891 0.184700
v -0.047429 3.026901 0.186190
v -0.058885 3.033015 0.179093
v -0.046801 3.037838 0.196228
v -0.034930 3.045045 0.199804
v 0.182130 2.988592 0.042922
v 0.190296 2.988035 0.043180
v 0.181082 2.984956 0.050252
v 0.184029 2.987825 0.034430
v 0.182708 2.998991 0.045078
v 0.183880 2.997736 0.032980
v 0.183620 3.018182 0.052636
v 0.183911 2.995824 0.022535
v 0.185208 3.019487 0.034335
v 0.182045 3.040546 0.053664
v 0.183574 3.040390 0.036399
v 0.184974 3.018609 0.018166
v 0.182975 3.040381 0.020300
v 0.182658 2.989995 0.015669
v 0.181482 3.013765 -0.002560
v 0.179080 3.042375 0.001052
v 0.179157 3.058722 0.021105
v 0.176723 3.061690 0.010086
v 0.172636 3.052512 -0.013468
v 0.172780 3.029485 -0.024519
v 0.171363 3.004865 -0.030296
v 0.163409 3.040541 -0.042880
v 0.163141 3.064545 -0.031353
v 0.178118 2.992869 -0.010137
v 0.166345 2.978976 -0.033350
v 0.171644 2.971222 -0.009554
v 0.179463 2.980773 0.011527
v 0.183432 2.974528 0.025490
v 0.174632 2.970902 0.012376
v 0.183582 2.979455 0.026700
v 0.203224 2.976619 0.009432
v 0.201552 2.984433 0.015352
v 0.183959 2.983991 0.029475
v 0.199306 2.990270 0.023424
v 0.196571 2.992175 0.033695
v 0.202006 2.967217 0.006309
v 0.183160 2.967516 0.025480
v 0.198325 2.955138 0.007145
v 0.179560 2.957877 0.023844
v 0.194366 2.941823 0.015435
v 0.186460 2.930399 0.020985
v 0.176688 2.945752 0.016456
v 0.170037 2.934216 0.016128
v 0.169861 2.947879 0.003782
v 0.158982 2.932938 -0.016110
v 0.165126 2.933076 -0.000140
v 0.172124 2.962577 0.010236
v 0.165546 2.950670 -0.012624
v 0.151025 2.930182 -0.031219
v 0.158922 2.954955 -0.033686
v 0.149402 2.961389 -0.056089
v 0.156656 2.987131 -0.055672
v 0.126680 2.944423 -0.073133
v 0.140471 2.937281 -0.054086
v 0.135353 2.968931 -0.077444
v 0.143611 2.995725 -0.078112
v 0.118808 2.975343 -0.099268
v 0.126193 3.005157 -0.100659
v 0.102076 3.013646 -0.120317
v 0.096323 2.981013 -0.118779
v 0.110487 2.948570 -0.092936
v 0.089856 2.951024 -0.111820
v 0.117759 2.923294 -0.067883
v 0.103001 2.926444 -0.082849
v 0.083741 2.926504 -0.098169
v 0.096421 2.903670 -0.070537
v 0.109559 2.904879 -0.061269
v 0.120609 2.900897 -0.050064
v 0.106407 2.892141 -0.055825
v 0.095996 2.879043 -0.058387
v 0.113765 2.874539 -0.040626
v 0.113375 2.889689 -0.048931
v 0.090018 2.849402 -0.051653
v 0.074730 2.876064 -0.072508
v 0.077258 2.902250 -0.083342
v 0.060119 2.924697 -0.109619
v 0.056793 2.900113 -0.092556
v 0.035069 2.923509 -0.110807
v 0.034342 2.897992 -0.094113
v 0.054636 2.873846 -0.080761
v 0.051644 2.847889 -0.070407
v 0.033115 2.872199 -0.080943
v 0.070434 2.849393 -0.063562
v 0.066549 2.823507 -0.058076
v 0.047616 2.822328 -0.063111
v 0.043445 2.795115 -0.059772
v 0.031162 2.846053 -0.071340
v 0.023747 2.793340 -0.060293
v 0.062402 2.796532 -0.056161
v 0.027668 2.820520 -0.063104
v 0.061114 2.767291 -0.058993
v 0.080090 2.797570 -0.048301
v 0.041100 2.765863 -0.062588
v 0.020391 2.764710 -0.063605
v 0.041114 2.739491 -0.080257
v 0.065125 2.742046 -0.075334
v 0.016033 2.739367 -0.081087
v 0.042467 2.713551 -0.101494
v 0.080390 2.694178 -0.117314
v 0.072067 2.718209 -0.096376
v 0.044723 2.686270 -0.120911
v 0.011400 2.715618 -0.100405
v 0.007041 2.685529 -0.120479
v 0.048751 2.661138 -0.138446
v 0.002850 2.656869 -0.140344
v -0.000552 2.624411 -0.158463
v 0.056186 2.628206 -0.158001
v 0.110452 2.642949 -0.158879
v 0.150408 2.614569 -0.192522
v 0.068345 2.588104 -0.178507
v -0.004250 2.584558 -0.176654
v 0.194025 2.658179 -0.146319
v 0.216573 2.684763 -0.095122
v 0.153012 2.670230 -0.136640
v 0.182291 2.690891 -0.097375
v 0.226824 2.700443 -0.045104
v 0.196770 2.702433 -0.054671
v 0.171962 2.710160 -0.057948
v 0.156132 2.702655 -0.091584
v 0.129002 2.686580 -0.119788
v 0.091925 2.670627 -0.136745
v 0.111750 2.705004 -0.104288
v 0.136987 2.715317 -0.083788
v 0.098287 2.724445 -0.086180
v 0.086483 2.745040 -0.066502
v 0.120353 2.731594 -0.071858
v 0.134427 2.736345 -0.052411
v 0.119146 2.753020 -0.042970
v 0.104805 2.749330 -0.055855
v 0.095923 2.772066 -0.044378
v 0.108817 2.774001 -0.033903
v 0.105007 2.797376 -0.027395
v 0.117308 2.772981 -0.020447
v 0.113912 2.795424 -0.014841
v 0.123877 2.792325 -0.002299
v 0.108648 2.819624 -0.024407
v 0.118141 2.816715 -0.011301
v 0.117341 2.842364 -0.024157
v 0.125054 2.837885 -0.008365
v 0.126922 2.813030 0.002221
v 0.130464 2.788209 0.012482
v 0.130690 2.832462 0.008717
v 0.131292 2.807960 0.017258
v 0.133405 2.802290 0.033885
v 0.135356 2.820345 0.039548
v 0.132360 2.783247 0.029310
v 0.133285 2.826132 0.023327
v 0.139649 2.837816 0.045752
v 0.138703 2.844103 0.030356
v 0.145841 2.858501 0.037688
v 0.144147 2.853789 0.051274
v 0.137124 2.852387 0.014957
v 0.139743 2.871242 0.004254
v 0.132715 2.860330 -0.004996
v 0.144646 2.864583 0.024567
v 0.141607 2.867285 0.011764
v 0.149804 2.882339 0.019327
v 0.147248 2.886375 0.007154
v 0.152641 2.904841 0.000349
v 0.152962 2.898641 0.012372
v 0.138571 2.878796 -0.005977
v 0.145378 2.891606 -0.005117
v 0.142203 2.896403 -0.018844
v 0.134325 2.882723 -0.020995
v 0.125819 2.864932 -0.022743
v 0.128160 2.891261 -0.036334
v 0.130691 2.916878 -0.051711
v 0.140770 2.907680 -0.031678
v 0.153838 2.921190 -0.016830
v 0.147687 2.907209 -0.017148
v 0.158852 2.919244 -0.000601
v 0.163512 2.922443 0.017216
v 0.160353 2.912823 0.020878
v 0.179531 2.920079 0.023135
v 0.174126 2.913100 0.028860
v 0.169250 2.908636 0.036214
v 0.157430 2.907867 0.031877
v 0.163779 2.904916 0.048359
v 0.153338 2.894307 0.040383
v 0.166406 2.885733 0.049597
v 0.154059 2.895094 0.024557
v 0.150718 2.877431 0.030389
v 0.150164 2.873421 0.044024
v 0.154144 2.888328 0.051155
v 0.155197 2.881598 0.061889
v 0.149599 2.868979 0.057589
v 0.143727 2.847472 0.065470
v 0.152452 2.861425 0.070100
v 0.157182 2.874482 0.073545
v 0.153449 2.853721 0.084251
v 0.157704 2.867739 0.086928
v 0.141771 2.832726 0.095979
v 0.150970 2.848126 0.098044
v 0.144946 2.838838 0.080727
v 0.135704 2.833002 0.059928
v 0.132604 2.826434 0.076067
v 0.128221 2.820086 0.092959
v 0.126302 2.810508 0.069830
v 0.133152 2.815023 0.055435
v 0.132004 2.797100 0.050666
v 0.124013 2.772906 0.062680
v 0.125337 2.792166 0.066077
v 0.130569 2.778168 0.046469
v 0.130365 2.757115 0.043652
v 0.133279 2.762827 0.026405
v 0.134429 2.745158 0.005982
v 0.131793 2.767869 0.009256
v 0.136957 2.739776 0.024347
v 0.132382 2.733517 0.042461
v 0.136298 2.706885 0.040830
v 0.123491 2.727119 0.059058
v 0.142644 2.714781 0.023163
v 0.123442 2.751212 0.059875
v 0.111686 2.722352 0.072928
v 0.112690 2.746322 0.073568
v 0.113552 2.768078 0.075864
v 0.114248 2.787501 0.078961
v 0.100989 2.783022 0.091456
v 0.100801 2.763681 0.086407
v 0.100892 2.742652 0.084451
v 0.090960 2.758115 0.099049
v 0.091048 2.777192 0.105043
v 0.098611 2.793516 0.116876
v 0.079960 2.770253 0.118735
v 0.081589 2.751327 0.110872
v 0.068693 2.745909 0.121321
v 0.090308 2.737626 0.094531
v 0.080126 2.731037 0.104378
v 0.068295 2.722978 0.113188
v 0.079036 2.711080 0.098770
v 0.088981 2.717900 0.090219
v 0.099900 2.721863 0.082441
v 0.080387 2.694630 0.095185
v 0.089103 2.697955 0.088581
v 0.108016 2.691260 0.075236
v 0.098970 2.704352 0.082342
v 0.090525 2.678183 0.087021
v 0.110032 2.662754 0.070202
v 0.091764 2.653805 0.082582
v 0.072534 2.675625 0.098470
v 0.070788 2.647494 0.091614
v 0.068505 2.699205 0.107768
v 0.050915 2.666585 0.105954
v 0.052638 2.690584 0.115801
v 0.032504 2.687807 0.116176
v 0.036597 2.714564 0.120327
v 0.053344 2.716968 0.119553
v 0.038002 2.740552 0.129473
v 0.053960 2.741863 0.128379
v 0.052520 2.760676 0.135354
v 0.036717 2.759697 0.136694
v 0.067569 2.764533 0.128904
v 0.051290 2.772794 0.145681
v 0.074674 2.783256 0.153664
v 0.068237 2.777304 0.138629
v 0.034663 2.771030 0.147163
v 0.053715 2.775527 0.162635
v 0.065873 2.783370 0.175531
v 0.050450 2.780373 0.184267
v 0.082309 2.790256 0.167753
v 0.034196 2.772810 0.161457
v 0.045215 2.776258 0.173570
v 0.034398 2.775581 0.174456
v 0.035355 2.777812 0.184892
v 0.024295 2.776052 0.174841
v 0.021131 2.778609 0.186950
v 0.036319 2.780333 0.194443
v 0.007118 2.781939 0.180037
v 0.013978 2.785602 0.199678
v 0.025435 2.784836 0.204116
v 0.027924 2.780203 0.195234
v 0.016644 2.775167 0.164282
v -0.007003 2.787350 0.174092
v -0.001540 2.779971 0.157533
v 0.019757 2.772914 0.144897
v 0.005936 2.775036 0.139405
v 0.022762 2.760671 0.132520
v 0.010438 2.763257 0.126355
v -0.008512 2.779809 0.132318
v 0.011163 2.743276 0.118568
v -0.001814 2.766993 0.118726
v -0.013656 2.771938 0.108649
v -0.022595 2.787576 0.121275
v 0.000162 2.747633 0.110606
v -0.012969 2.731360 0.097036
v -0.011203 2.752902 0.101624
v -0.001965 2.725385 0.102952
v 0.008221 2.719178 0.109973
v -0.008527 2.704696 0.099143
v -0.018650 2.710222 0.094711
v -0.029758 2.714348 0.089513
v -0.015563 2.688164 0.096026
v -0.024765 2.690357 0.092222
v -0.030362 2.672109 0.088218
v -0.033398 2.696543 0.087823
v -0.044895 2.683832 0.078471
v -0.059277 2.689924 0.061329
v -0.067937 2.662823 0.056805
v -0.053985 2.656146 0.072363
v -0.042272 2.715098 0.080789
v -0.025283 2.736088 0.091415
v -0.038294 2.740494 0.082898
v -0.049902 2.744942 0.070346
v -0.053583 2.719041 0.066946
v -0.068694 2.696168 0.045043
v -0.060918 2.723074 0.050467
v -0.075877 2.701835 0.029100
v -0.063335 2.726214 0.033070
v -0.057619 2.748745 0.055154
v -0.060820 2.751877 0.038775
v -0.066677 2.730927 0.017631
v -0.059759 2.754961 0.023287
v -0.055812 2.771180 0.058462
v -0.059379 2.774165 0.042950
v -0.059348 2.777532 0.027532
v -0.057510 2.803671 0.016025
v -0.059746 2.799441 0.030369
v -0.056512 2.757811 0.008924
v -0.055862 2.781055 0.013211
v -0.054666 2.761317 -0.004554
v -0.049067 2.784619 0.000318
v -0.051797 2.807132 0.001908
v -0.043862 2.810365 -0.011501
v -0.049022 2.833559 -0.012862
v -0.056550 2.829720 0.002619
v -0.061668 2.825172 0.018968
v -0.068320 2.846738 0.022174
v -0.062965 2.853235 0.003398
v -0.067294 2.872380 0.001759
v -0.069309 2.865849 0.011511
v -0.055464 2.856533 -0.013727
v -0.044476 2.864703 -0.031472
v -0.062063 2.875594 -0.012993
v -0.037965 2.838064 -0.027906
v -0.024036 2.840708 -0.042242
v -0.035284 2.813334 -0.025959
v -0.043840 2.787862 -0.013064
v -0.036910 2.789533 -0.026625
v -0.023050 2.816266 -0.039605
v -0.007155 2.817194 -0.050833
v -0.025530 2.790912 -0.038501
v -0.017486 2.763481 -0.051763
v -0.033043 2.764399 -0.042229
v -0.010749 2.791224 -0.048933
v 0.000489 2.763644 -0.059029
v 0.005356 2.792010 -0.056130
v 0.009403 2.818583 -0.058658
v 0.023747 2.793340 -0.060293
v 0.031162 2.846053 -0.071340
v 0.027668 2.820520 -0.063104
v -0.005916 2.842519 -0.056446
v 0.011489 2.843978 -0.066196
v 0.012206 2.870186 -0.075334
v 0.033115 2.872199 -0.080943
v 0.034342 2.897992 -0.094113
v 0.035069 2.923509 -0.110807
v 0.012075 2.896608 -0.087308
v -0.008152 2.895499 -0.074630
v 0.011036 2.923261 -0.102550
v -0.007101 2.869151 -0.063953
v -0.027372 2.869398 -0.048464
v -0.039335 2.895312 -0.050195
v -0.026973 2.894568 -0.059964
v -0.037054 2.881427 -0.045384
v -0.043461 2.879074 -0.039091
v -0.055956 2.883595 -0.027555
v -0.049114 2.891986 -0.040028
v -0.044834 2.917255 -0.056564
v -0.056556 2.912010 -0.042283
v -0.065943 2.935785 -0.048415
v -0.065944 2.904465 -0.024103
v -0.053545 2.941642 -0.065368
v -0.037091 2.946046 -0.083647
v -0.047374 2.974351 -0.097118
v -0.076199 2.962451 -0.055480
v -0.064127 2.968489 -0.075694
v -0.070093 2.999644 -0.078327
v -0.082525 2.991834 -0.057513
v -0.085463 3.022644 -0.053945
v -0.094167 3.013689 -0.035687
v -0.089802 2.984739 -0.038286
v -0.083926 2.957283 -0.036312
v -0.098113 3.002880 -0.019316
v -0.088197 2.954352 -0.019126
v -0.094252 2.977848 -0.020068
v -0.094894 2.969413 -0.004347
v -0.098167 2.979058 -0.004353
v -0.100271 2.991174 -0.002940
v -0.104698 2.992092 0.008995
v -0.103399 2.984130 0.008696
v -0.102867 3.002687 0.001748
v -0.105131 3.006962 0.010727
v -0.106747 3.030547 0.008731
v -0.105755 2.996958 0.014081
v -0.102296 3.025080 -0.010940
v -0.095603 3.039730 -0.029829
v -0.101316 3.053515 -0.006120
v -0.099308 3.072641 0.002744
v -0.101624 3.069657 0.013096
v -0.105048 3.051898 0.011758
v -0.095661 3.063291 -0.019289
v -0.093911 3.082679 -0.009175
v -0.086063 3.075402 -0.035891
v -0.084848 3.096343 -0.022383
v -0.070191 3.111698 -0.036155
v -0.092698 3.096521 0.003653
v -0.083282 3.112761 -0.005857
v -0.068651 3.129981 -0.016338
v -0.066276 3.142744 0.005995
v -0.049892 3.147536 -0.027129
v -0.023229 3.161590 -0.035685
v -0.046987 3.160382 -0.001283
v -0.050955 3.127764 -0.050187
v -0.024451 3.141009 -0.061863
v -0.051408 3.102716 -0.069209
v -0.071227 3.088928 -0.052688
v -0.086427 3.050409 -0.046418
v -0.071543 3.062100 -0.065163
v -0.071699 3.032124 -0.073789
v -0.051934 3.073979 -0.084074
v -0.026351 3.084188 -0.100666
v -0.052218 3.042101 -0.094328
v -0.025297 3.114736 -0.083690
v 0.005377 3.091184 -0.112192
v 0.007101 3.122790 -0.093196
v 0.043168 3.124388 -0.095854
v 0.008715 3.148374 -0.068050
v 0.009365 3.169292 -0.040237
v 0.044009 3.150337 -0.070063
v 0.043949 3.171234 -0.041766
v 0.042958 3.184711 -0.011055
v 0.009853 3.182756 -0.010252
v 0.041674 3.191810 0.020286
v 0.010608 3.189360 0.050757
v 0.040798 3.192779 0.051896
v 0.009845 3.189179 0.020354
v -0.015373 3.179306 0.050850
v -0.018174 3.179470 0.022215
v -0.020882 3.174496 -0.007011
v -0.041793 3.165288 0.025426
v -0.037379 3.165277 0.051595
v -0.034071 3.160478 0.077258
v -0.056097 3.149273 0.052870
v -0.051873 3.145837 0.075490
v -0.066796 3.130198 0.075041
v -0.062377 3.125688 0.092670
v -0.048351 3.139059 0.095726
v -0.031362 3.151160 0.100977
v -0.008958 3.145686 0.131868
v -0.010691 3.161585 0.105947
v -0.029782 3.138008 0.123868
v -0.046309 3.129821 0.113419
v -0.056123 3.112336 0.119515
v -0.058544 3.119584 0.107898
v -0.046557 3.118192 0.126739
v -0.035051 3.121964 0.136682
v -0.047876 3.105323 0.136389
v -0.048247 3.092696 0.144842
v -0.056175 3.103550 0.127032
v -0.036689 3.106456 0.148168
v -0.032530 3.092780 0.162102
v -0.040082 3.092246 0.154640
v -0.024128 3.123423 0.145657
v -0.024204 3.109084 0.157880
v -0.024160 3.093738 0.169113
v -0.032924 3.077768 0.171281
v -0.022931 3.078338 0.180766
v -0.010333 3.093527 0.179478
v -0.011440 3.111695 0.164878
v 0.002790 3.115008 0.169181
v -0.013081 3.126314 0.150912
v -0.000369 3.131831 0.152474
v 0.019892 3.116955 0.172265
v 0.014906 3.154119 0.134174
v 0.017808 3.136119 0.154754
v 0.037917 3.116603 0.174361
v 0.038523 3.137219 0.156491
v 0.039132 3.157376 0.136580
v 0.013383 3.170202 0.109463
v 0.039812 3.173941 0.111406
v 0.040361 3.186440 0.082844
v 0.012015 3.182333 0.081285
v -0.012845 3.172990 0.079184
v 0.021299 3.094634 0.189973
v 0.037156 3.095486 0.190777
v 0.037917 3.116603 0.174361
v 0.053709 3.094123 0.191185
v 0.036088 3.072659 0.202023
v 0.024330 3.072133 0.201633
v 0.048306 3.071323 0.201845
v 0.046244 3.055531 0.207393
v 0.056677 3.055265 0.207304
v 0.060409 3.069993 0.200824
v 0.063787 3.082866 0.196387
v 0.071034 3.055631 0.205060
v 0.071988 3.069546 0.198791
v 0.081588 3.056413 0.200404
v 0.082671 3.070235 0.194362
v 0.073679 3.083277 0.193752
v 0.081660 3.082856 0.190655
v 0.090969 3.073374 0.188703
v 0.073509 3.096483 0.185944
v 0.089426 3.090976 0.181769
v 0.075038 3.113577 0.172156
v 0.090486 3.109064 0.168625
v 0.101244 3.073854 0.180735
v 0.103176 3.089258 0.171486
v 0.110961 3.072513 0.172388
v 0.114674 3.099519 0.152135
v 0.103060 3.104288 0.161454
v 0.110957 3.087194 0.164628
v 0.118048 3.085592 0.157813
v 0.119637 3.070767 0.164575
v 0.126578 3.054692 0.162073
v 0.127298 3.068434 0.155972
v 0.118699 3.056388 0.171271
v 0.109027 3.057735 0.179718
v 0.107547 3.044869 0.187208
v 0.100111 3.058353 0.186773
v 0.091032 3.057949 0.194062
v 0.090136 3.046074 0.200707
v 0.098899 3.045608 0.194521
v 0.107783 3.034605 0.195415
v 0.099020 3.035139 0.201270
v 0.098302 3.026917 0.206706
v 0.089289 3.035384 0.206593
v 0.107991 3.025970 0.201291
v 0.106905 3.016671 0.203810
v 0.117147 3.024324 0.194588
v 0.116793 3.032840 0.187981
v 0.125068 3.040252 0.170568
v 0.116541 3.043584 0.179621
v 0.125193 3.030321 0.178733
v 0.133734 3.035721 0.158136
v 0.132995 3.024419 0.166664
v 0.126091 3.021671 0.185724
v 0.131901 3.008426 0.179828
v 0.133476 3.016076 0.174770
v 0.124998 3.013023 0.190096
v 0.121787 3.006649 0.190904
v 0.116260 3.015538 0.197992
v 0.128882 3.002667 0.180864
v 0.132125 2.998332 0.172456
v 0.128421 2.996246 0.175248
v 0.125105 2.999016 0.182739
v 0.119410 3.002178 0.190494
v 0.116612 2.997811 0.189772
v 0.121594 2.995580 0.184068
v 0.118276 2.993350 0.183043
v 0.124939 2.993765 0.177463
v 0.113695 2.995798 0.188145
v 0.111397 2.993708 0.187709
v 0.106765 2.998905 0.193632
v 0.109157 3.000049 0.195315
v 0.102294 3.005184 0.200730
v 0.111433 3.003570 0.196822
v 0.100553 3.001791 0.198987
v 0.098922 3.000785 0.197560
v 0.092693 3.007034 0.202185
v 0.091210 3.003073 0.200548
v 0.081948 3.003101 0.198798
v 0.090634 3.001986 0.199017
v 0.081888 3.001985 0.196801
v 0.081605 2.999569 0.196266
v 0.074299 3.000387 0.193081
v 0.074897 3.002128 0.195811
v 0.075977 3.006714 0.199233
v 0.068983 2.999785 0.194102
v 0.068195 2.997527 0.190274
v 0.068029 2.994055 0.189378
v 0.061720 2.990408 0.187894
v 0.062279 2.994037 0.189847
v 0.063666 2.997105 0.193355
v 0.058264 2.991727 0.191630
v 0.057568 2.988989 0.191158
v 0.054444 2.991329 0.195762
v 0.057933 2.985380 0.192198
v 0.062341 2.986819 0.189007
v 0.063959 2.986207 0.187290
v 0.063693 2.984401 0.187744
v 0.062359 2.984128 0.190085
v 0.058717 2.982616 0.192947
v 0.067604 2.991230 0.188833
v 0.074255 2.995469 0.191944
v 0.068267 2.989578 0.186780
v 0.074178 2.997617 0.192896
v 0.074941 2.994533 0.190199
v 0.067127 2.986246 0.186805
v 0.068071 2.983903 0.186805
v 0.064964 2.983402 0.188470
v 0.063212 2.982061 0.190774
v 0.067246 2.982828 0.189318
v 0.064290 2.979358 0.191123
v 0.060495 2.979923 0.192684
v 0.057415 2.977506 0.195618
v 0.061358 2.975456 0.193096
v 0.066844 2.974946 0.190855
v 0.068713 2.979175 0.190052
v 0.056292 2.974889 0.199647
v 0.060263 2.971428 0.197111
v 0.060289 2.965437 0.201356
v 0.065403 2.969407 0.193471
v 0.065634 2.961806 0.197242
v 0.071992 2.967592 0.191549
v 0.072507 2.959110 0.193952
v 0.080035 2.965133 0.190859
v 0.080404 2.972904 0.190251
v 0.073041 2.974508 0.190197
v 0.081682 2.977859 0.192533
v 0.074419 2.979018 0.190545
v 0.082519 2.981894 0.192976
v 0.075416 2.982859 0.191114
v 0.070229 2.982910 0.189450
v 0.071511 2.984639 0.188363
v 0.076217 2.984756 0.189957
v 0.082397 2.983636 0.190685
v 0.089293 2.982421 0.190990
v 0.089306 2.980618 0.193446
v 0.096165 2.982268 0.190093
v 0.102356 2.982988 0.187494
v 0.097342 2.980432 0.192548
v 0.097189 2.975829 0.190986
v 0.104207 2.981557 0.189366
v 0.089404 2.976218 0.192752
v 0.088350 2.971632 0.189574
v 0.097320 2.970570 0.187072
v 0.088832 2.963544 0.189565
v 0.099498 2.962205 0.186801
v 0.090744 2.954631 0.190474
v 0.081022 2.956707 0.191655
v 0.081362 2.948018 0.193399
v 0.072519 2.951066 0.196365
v 0.071679 2.943319 0.198873
v 0.065436 2.954761 0.200183
v 0.065111 2.947608 0.202945
v 0.060164 2.952718 0.207604
v 0.064515 2.940390 0.205782
v 0.070236 2.935344 0.202007
v 0.080966 2.939558 0.195618
v 0.080290 2.930996 0.197691
v 0.068645 2.926166 0.203245
v 0.066440 2.917977 0.202734
v 0.064393 2.924072 0.204560
v 0.063515 2.933556 0.207449
v 0.079579 2.922227 0.199398
v 0.071207 2.916362 0.201614
v 0.078539 2.913861 0.199976
v 0.071217 2.912997 0.201199
v 0.066333 2.913703 0.202351
v 0.065435 2.909542 0.203189
v 0.064207 2.911352 0.207572
v 0.064390 2.914839 0.205965
v 0.065771 2.914807 0.214376
v 0.065016 2.918624 0.212346
v 0.064221 2.919057 0.206047
v 0.062612 2.926293 0.210535
v 0.063897 2.922650 0.211274
v 0.063594 2.922711 0.206923
v 0.062093 2.929083 0.208931
v 0.059364 2.934515 0.214029
v 0.059714 2.939747 0.212583
v 0.060064 2.945925 0.210344
v 0.055786 2.945551 0.217405
v 0.056126 2.939357 0.219406
v 0.056679 2.935200 0.221196
v 0.052634 2.939760 0.227402
v 0.051927 2.944945 0.225326
v 0.051620 2.950534 0.222231
v 0.047761 2.954903 0.227033
v 0.048012 2.948946 0.230271
v 0.051265 2.957311 0.219275
v 0.055472 2.958422 0.211952
v 0.055662 2.951862 0.214904
v 0.047828 2.962329 0.223840
v 0.051447 2.964378 0.216220
v 0.048560 2.970130 0.220481
v 0.050876 2.971501 0.212459
v 0.055480 2.964709 0.208544
v 0.060211 2.959234 0.204663
v 0.055670 2.970327 0.204345
v 0.051036 2.977306 0.207525
v 0.052551 2.980004 0.201370
v 0.048069 2.978437 0.216325
v 0.047737 2.986964 0.210702
v 0.050210 2.986696 0.203209
v 0.050256 2.994390 0.203670
v 0.055324 2.981287 0.196069
v 0.054198 2.985787 0.196161
v 0.047200 2.997383 0.209568
v 0.052275 3.001623 0.204186
v 0.056509 2.998382 0.196983
v 0.062464 3.002530 0.197007
v 0.060001 2.995294 0.193463
v 0.068993 3.005099 0.198085
v 0.058567 3.007817 0.204244
v 0.068632 3.010173 0.203924
v 0.048210 3.006443 0.209586
v 0.054652 3.014247 0.212819
v 0.069104 3.016021 0.212358
v 0.070139 3.024740 0.216229
v 0.056579 3.024242 0.216754
v 0.046392 3.015657 0.213622
v 0.044721 3.007824 0.212497
v 0.040890 3.015642 0.215141
v 0.046700 3.024431 0.215898
v 0.039199 3.023744 0.216170
v 0.045764 3.032126 0.216115
v 0.039362 3.031401 0.215729
v 0.055974 3.032764 0.216817
v 0.044413 3.041324 0.213794
v 0.038780 3.036113 0.214663
v 0.033662 3.036452 0.214666
v 0.034164 3.043291 0.212115
v 0.035167 3.055927 0.206904
v 0.024266 3.041718 0.213308
v 0.028642 3.036297 0.215029
v 0.027781 3.031423 0.216262
v 0.022112 3.032165 0.216226
v 0.028000 3.023514 0.216481
v 0.013915 3.024451 0.215824
v 0.014703 3.033372 0.215870
v 0.021236 3.023516 0.216056
v 0.026935 3.015486 0.214577
v 0.021503 3.015096 0.213448
v 0.019744 3.006222 0.207950
v 0.014979 3.014244 0.211682
v 0.023649 3.007614 0.211239
v 0.023947 2.999758 0.211348
v 0.027515 3.008157 0.213419
v 0.028027 3.001019 0.214484
v 0.030706 3.014567 0.214802
v 0.031013 3.008445 0.214591
v 0.031510 3.001441 0.215852
v 0.034308 3.008248 0.215186
v 0.034606 3.001595 0.216431
v 0.031408 2.994586 0.219099
v 0.034716 2.995029 0.219542
v 0.030436 2.986709 0.224104
v 0.027553 2.993257 0.217526
v 0.026250 2.985148 0.222136
v 0.022586 2.982062 0.218548
v 0.023529 2.991622 0.213639
v 0.019982 2.986555 0.207064
v 0.017008 2.994597 0.199788
v 0.020438 2.997201 0.206821
v 0.017196 2.986857 0.198323
v 0.016694 2.977018 0.203073
v 0.019951 2.977494 0.213597
v 0.021812 2.973690 0.223218
v 0.019002 2.969361 0.218768
v 0.016606 2.970936 0.209217
v 0.016114 2.964064 0.214416
v 0.012823 2.964947 0.205797
v 0.012744 2.958543 0.210436
v 0.008598 2.959671 0.202467
v 0.008004 2.965670 0.197998
v 0.012534 2.970640 0.200433
v 0.015035 2.980141 0.196623
v 0.011351 2.974909 0.195283
v 0.007095 2.970801 0.193530
v 0.004936 2.974879 0.190221
v 0.009136 2.977488 0.191787
v 0.008247 2.981964 0.189923
v 0.011351 2.981366 0.192278
v 0.005940 2.979617 0.189496
v 0.006377 2.983007 0.187624
v 0.001936 2.979008 0.189256
v 0.004172 2.981365 0.188053
v -0.000337 2.984009 0.185579
v 0.003228 2.982666 0.185831
v -0.000699 2.983223 0.187938
v 0.004940 2.983373 0.185063
v 0.001472 2.985750 0.185395
v 0.000589 2.989306 0.186094
v 0.004755 2.986076 0.185145
v 0.006203 2.986325 0.187392
v 0.009800 2.987886 0.189030
v 0.001199 2.993337 0.188647
v 0.006016 2.989433 0.187366
v 0.001353 2.990996 0.188336
v 0.009270 2.984737 0.189692
v 0.013010 2.985694 0.192312
v 0.013459 2.991243 0.192465
v 0.009825 2.990462 0.188924
v 0.008757 2.993572 0.190134
v 0.012210 2.997751 0.194997
v 0.008019 3.001042 0.195131
v 0.015704 3.001466 0.202026
v 0.005526 2.995288 0.190219
v 0.001067 2.997944 0.191663
v 0.006247 2.992254 0.187562
v 0.002316 3.003844 0.196203
v -0.004317 3.005816 0.197699
v 0.004048 3.009487 0.204026
v 0.011688 3.007081 0.203634
v -0.003488 3.010892 0.204303
v 0.005133 3.016592 0.212263
v -0.002709 3.018334 0.211444
v -0.002134 3.027320 0.212844
v 0.005509 3.026025 0.215001
v 0.006285 3.034756 0.214585
v -0.002640 3.036475 0.211031
v 0.006427 3.045452 0.211051
v 0.015176 3.043433 0.213153
v 0.016226 3.056710 0.205939
v 0.024687 3.056210 0.206430
v 0.006081 3.058113 0.203828
v 0.014093 3.071531 0.200508
v 0.011871 3.084034 0.195225
v 0.005061 3.071919 0.198718
v -0.003036 3.059979 0.200458
v -0.004317 3.073563 0.195045
v 0.003738 3.084978 0.192474
v -0.003188 3.085157 0.189609
v -0.012482 3.077119 0.189244
v 0.004021 3.097579 0.183352
v -0.012740 3.062039 0.194678
v -0.022730 3.062891 0.187734
v -0.031958 3.062611 0.179870
v -0.012157 3.049506 0.201118
v -0.021687 3.049327 0.194939
v -0.030980 3.049055 0.187398
v -0.021800 3.037698 0.200840
v -0.030774 3.037567 0.195054
v -0.011463 3.037766 0.206530
v -0.021336 3.029080 0.205182
v -0.030901 3.028372 0.200420
v -0.021391 3.019396 0.206668
v -0.011283 3.028807 0.209540
v -0.011503 3.019304 0.209948
v -0.011206 3.011883 0.204627
v -0.020368 3.012030 0.203187
v -0.028136 3.005992 0.198934
v -0.019842 3.006817 0.199857
v -0.029079 3.011537 0.200559
v -0.030581 3.018859 0.202414
v -0.037650 3.010617 0.197220
v -0.036161 3.004961 0.196128
v -0.043762 3.002797 0.191170
v -0.041422 2.997828 0.190146
v -0.034863 3.000835 0.195121
v -0.027444 3.002097 0.197976
v -0.033296 2.999296 0.193484
v -0.040141 2.996369 0.188203
v -0.044733 2.993243 0.182161
v -0.038704 2.995152 0.187937
v -0.046945 2.994772 0.183841
v -0.054466 2.996044 0.175588
v -0.050239 2.999311 0.183545
v -0.051467 2.992131 0.176149
v -0.053434 2.988900 0.170054
v -0.049726 2.990628 0.175232
v -0.054586 2.990555 0.170772
v -0.057883 2.992500 0.168228
v -0.061895 2.995903 0.165002
v -0.055951 2.987443 0.165711
v -0.051836 2.987944 0.169691
v -0.048999 2.986577 0.170838
v -0.053231 2.984517 0.165664
v -0.056727 2.980972 0.159727
v -0.061872 2.988783 0.158687
v -0.067636 2.989316 0.151383
v -0.067023 2.999948 0.158535
v -0.065159 2.977400 0.153041
v -0.073574 2.991722 0.143382
v -0.075137 2.976160 0.143662
v -0.082864 2.977912 0.130656
v -0.077175 2.961899 0.146385
v -0.062740 2.964133 0.162136
v -0.070502 2.946508 0.162297
v -0.084769 2.962552 0.130014
v -0.078846 2.946435 0.144949
v -0.082756 2.931351 0.124535
v -0.077802 2.929959 0.141031
v -0.084546 2.947421 0.127962
v -0.086627 2.932540 0.108452
v -0.088731 2.948437 0.111439
v -0.090298 2.963993 0.113623
v -0.088857 2.980371 0.115755
v -0.094084 2.965554 0.097232
v -0.092646 2.949302 0.095098
v -0.096094 2.966552 0.079099
v -0.093551 2.983372 0.099648
v -0.091780 3.003637 0.101663
v -0.085369 2.999566 0.118333
v -0.096619 2.985487 0.081569
v -0.097136 3.005704 0.082334
v -0.098184 2.986383 0.062363
v -0.091218 3.026989 0.102193
v -0.099933 3.006298 0.065054
v -0.097795 3.027881 0.083063
v -0.096899 3.050745 0.081910
v -0.089824 3.050721 0.099590
v -0.102354 3.027192 0.063046
v -0.101777 3.050811 0.063290
v -0.105047 3.051274 0.044756
v -0.106519 3.029543 0.043034
v -0.101616 3.006256 0.054689
v -0.103104 3.017573 0.054873
v -0.104724 3.018747 0.047711
v -0.103951 3.008712 0.044118
v -0.105957 3.011267 0.034697
v -0.101536 2.993808 0.037891
v -0.103246 2.998826 0.030092
v -0.109825 2.994168 0.030028
v -0.099390 2.987197 0.051059
v -0.095670 2.969804 0.060468
v -0.094952 2.950630 0.063163
v -0.095149 2.950168 0.078352
v -0.095981 2.935601 0.065214
v -0.094546 2.935098 0.078299
v -0.094157 2.921896 0.066614
v -0.093221 2.919565 0.077436
v -0.091326 2.908059 0.066715
v -0.090853 2.904607 0.076555
v -0.087513 2.889657 0.074339
v -0.087335 2.894293 0.063368
v -0.082743 2.879354 0.061891
v -0.081144 2.884718 0.051235
v -0.087040 2.890278 0.052341
v -0.085970 2.898730 0.042619
v -0.079073 2.889856 0.040643
v -0.077569 2.874199 0.034894
v -0.077259 2.880444 0.025721
v -0.079116 2.896809 0.031116
v -0.079538 2.899708 0.020061
v -0.081017 2.910784 0.035610
v -0.075748 2.883584 0.015089
v -0.083745 2.915300 0.023609
v -0.078863 2.905174 0.007576
v -0.102402 2.906864 0.019087
v -0.091606 2.922597 0.014804
v -0.095685 2.902632 0.030352
v -0.096195 2.935097 0.008986
v -0.107889 2.915619 0.009897
v -0.083273 2.920958 0.002331
v -0.073333 2.905559 -0.010648
v -0.088016 2.935617 -0.002753
v -0.078067 2.921951 -0.013501
v -0.074912 2.930608 -0.028281
v -0.082017 2.934834 -0.016555
v -0.091004 2.952447 -0.004592
v -0.097257 2.950999 0.006551
v -0.098099 2.967161 0.008095
v -0.102252 2.976741 0.007636
v -0.117697 2.961962 -0.006949
v -0.114919 2.945569 -0.002232
v -0.111786 2.929175 0.002619
v -0.121629 2.975611 -0.007097
v -0.123063 2.985504 -0.002491
v -0.122065 2.992612 0.004511
v -0.119452 2.995723 0.013256
v -0.115834 2.996092 0.021973
v -0.104967 2.999178 0.020959
v -0.105526 3.008498 0.021552
v -0.108080 3.031149 0.024540
v -0.106137 3.051720 0.027400
v -0.101945 3.070972 0.027212
v -0.100673 3.072372 0.043989
v -0.097882 3.073118 0.061990
v -0.092100 3.093795 0.059647
v -0.095664 3.092155 0.041675
v -0.088321 3.111445 0.038261
v -0.097645 3.088467 0.024821
v -0.091410 3.106050 0.019871
v -0.098199 3.082453 0.010932
v -0.080745 3.124277 0.013449
v -0.076465 3.130445 0.034081
v -0.060978 3.148451 0.029483
v -0.083942 3.113485 0.057341
v -0.071802 3.132287 0.055066
v -0.078760 3.112819 0.075746
v -0.073329 3.110458 0.092474
v -0.087214 3.093886 0.077392
v -0.093385 3.073367 0.079766
v -0.081059 3.093045 0.093819
v -0.073904 3.091952 0.108398
v -0.086518 3.073104 0.096783
v -0.067702 3.107246 0.106824
v -0.062135 3.104317 0.118048
v -0.066286 3.091591 0.120768
v -0.069456 3.075295 0.125084
v -0.057929 3.091576 0.132762
v -0.077978 3.073525 0.112151
v -0.080267 3.051986 0.117587
v -0.070586 3.057507 0.131778
v -0.080566 3.025589 0.123708
v -0.066544 3.026386 0.150646
v -0.074515 3.013372 0.137982
v -0.069550 3.040079 0.140036
v -0.059668 3.044498 0.155712
v -0.058238 3.032363 0.164749
v -0.049138 3.035404 0.178408
v -0.049451 3.025847 0.186077
v -0.058293 3.022492 0.174223
v -0.057336 3.013188 0.181085
v -0.063093 3.008310 0.169792
v -0.064889 3.016999 0.161470
v -0.070500 3.006413 0.149592
v -0.079732 2.994256 0.132040
v -0.058832 3.002111 0.174180
v -0.054291 3.005423 0.182801
v -0.045812 3.009119 0.191879
v -0.048186 3.016682 0.190650
v -0.039918 3.027383 0.194651
v -0.038961 3.018293 0.197280
v -0.040192 3.036624 0.188091
v -0.040237 3.048080 0.179547
v -0.049735 3.046383 0.169902
v -0.042036 3.061874 0.170421
v -0.051028 3.061544 0.160669
v -0.060514 3.059545 0.148139
v -0.059717 3.075511 0.140267
v -0.050527 3.075894 0.152822
v -0.041801 3.077007 0.162251
v -0.068684 2.891975 -0.011234
v -0.072753 2.887447 0.003051
v -0.071533 2.862720 0.018334
v -0.073576 2.860714 0.029792
v -0.073933 2.853526 0.041135
v -0.077261 2.863742 0.057903
v -0.073049 2.847924 0.053555
v -0.069020 2.838431 0.036642
v -0.077139 2.869308 0.045841
v -0.067659 2.832023 0.050979
v -0.063191 2.819324 0.033048
v -0.063420 2.814166 0.048404
v -0.060102 2.794932 0.045900
v -0.059824 2.809361 0.063165
v -0.064621 2.826821 0.064829
v -0.071225 2.842207 0.067047
v -0.068252 2.834898 0.082191
v -0.059310 2.820267 0.080475
v -0.052450 2.813981 0.096896
v -0.063057 2.828973 0.097606
v -0.051447 2.804346 0.077219
v -0.056936 2.791150 0.061012
v -0.048569 2.786973 0.074335
v -0.042629 2.800004 0.090835
v -0.044456 2.807445 0.115223
v -0.032567 2.793726 0.106217
v -0.036803 2.782439 0.085703
v -0.024326 2.777339 0.097211
v -0.036108 2.763033 0.084214
v -0.023004 2.758239 0.092897
v -0.047665 2.767582 0.072813
v -0.034361 2.801007 0.137093
v -0.055033 2.821997 0.116678
v -0.066626 2.841662 0.113629
v -0.049020 2.819784 0.134225
v -0.072504 2.846388 0.096918
v -0.077847 2.864658 0.098064
v -0.076252 2.851815 0.083262
v -0.081474 2.868340 0.084904
v -0.080685 2.882357 0.100143
v -0.085061 2.885231 0.087148
v -0.082895 2.873803 0.072169
v -0.077856 2.857810 0.069589
v -0.087579 2.901668 0.089608
v -0.089060 2.917755 0.091621
v -0.082826 2.899964 0.102721
v -0.084658 2.916585 0.105667
v -0.080003 2.915117 0.120911
v -0.077563 2.898647 0.117260
v -0.075254 2.880036 0.114193
v -0.069458 2.878441 0.128676
v -0.072604 2.861086 0.112968
v -0.066669 2.858758 0.128233
v -0.059802 2.839356 0.129700
v -0.054266 2.839810 0.144992
v -0.039734 2.828120 0.161178
v -0.053793 2.858698 0.152988
v -0.048334 2.843174 0.156429
v -0.060080 2.858231 0.142319
v -0.044392 2.822390 0.149634
v -0.033409 2.807620 0.156871
v -0.020576 2.803123 0.178653
v -0.019643 2.795336 0.166545
v -0.030276 2.814173 0.168979
v -0.018871 2.813018 0.187660
v -0.027008 2.822373 0.178973
v -0.014729 2.823080 0.191996
v -0.023162 2.830500 0.184277
v -0.035812 2.833811 0.170563
v -0.032479 2.839737 0.177429
v -0.043138 2.846335 0.165646
v -0.039055 2.850067 0.173190
v -0.029162 2.845918 0.182168
v -0.017577 2.847338 0.190129
v -0.020236 2.838555 0.188043
v -0.024851 2.852342 0.185352
v -0.034906 2.854397 0.178882
v -0.038135 2.862185 0.177172
v -0.030438 2.858383 0.182853
v -0.042211 2.860664 0.170967
v -0.047393 2.859813 0.162540
v -0.038850 2.870739 0.177034
v -0.043232 2.872229 0.171247
v -0.039522 2.884198 0.176796
v -0.049015 2.874299 0.163070
v -0.045469 2.888730 0.171877
v -0.037128 2.898723 0.181086
v -0.042033 2.907229 0.179323
v -0.054543 2.897005 0.164845
v -0.055580 2.877113 0.154422
v -0.062677 2.877762 0.142759
v -0.065018 2.897117 0.147301
v -0.071853 2.898068 0.131973
v -0.068623 2.913059 0.152715
v -0.058288 2.914096 0.168923
v -0.059946 2.929862 0.173036
v -0.045275 2.919104 0.181123
v -0.031328 2.923847 0.188563
v -0.031412 2.934798 0.187936
v -0.045858 2.932123 0.182684
v -0.043666 2.945346 0.183433
v -0.030488 2.945457 0.187414
v -0.019605 2.946480 0.190018
v -0.029585 2.955516 0.186300
v -0.019469 2.955519 0.189067
v -0.036794 2.965457 0.180065
v -0.027890 2.963716 0.185206
v -0.040473 2.956686 0.181564
v -0.044542 2.969052 0.173662
v -0.051770 2.959201 0.173989
v -0.058126 2.945799 0.175814
v -0.041316 2.975645 0.175816
v -0.051618 2.973836 0.165885
v -0.047091 2.980247 0.170051
v -0.044811 2.983688 0.174499
v -0.039924 2.979064 0.179801
v -0.034506 2.972087 0.180953
v -0.033767 2.976535 0.185068
v -0.038588 2.982769 0.184294
v -0.042724 2.986210 0.179011
v -0.040811 2.990109 0.176862
v -0.038757 2.987476 0.180216
v -0.043950 2.988900 0.176308
v -0.046331 2.989723 0.176060
v -0.040171 2.991820 0.181513
v -0.042268 2.991875 0.182414
v -0.035480 2.994293 0.187324
v -0.037599 2.994574 0.188500
v -0.030381 2.996332 0.191693
v -0.031793 2.996867 0.193557
v -0.024752 2.997417 0.194109
v -0.025859 2.997967 0.196449
v -0.018747 2.997843 0.194443
v -0.019382 2.998233 0.197117
v -0.012140 2.996955 0.193116
v -0.011670 2.997248 0.195835
v -0.005946 2.994000 0.190153
v -0.004889 2.994514 0.192399
v -0.011200 2.998772 0.196360
v -0.004573 2.996390 0.192705
v -0.004176 2.998363 0.191878
v 0.001329 2.995857 0.189431
v -0.011000 3.000396 0.195892
v -0.003969 3.000471 0.194042
v -0.010643 3.001582 0.196972
v -0.011360 3.006807 0.199143
v -0.019240 3.002382 0.199061
v -0.019133 3.000713 0.197606
v -0.026566 3.000310 0.196690
v -0.032636 2.997845 0.193427
v -0.026651 2.999224 0.196600
v -0.019182 2.999485 0.197760
v -0.043343 2.992759 0.182405
v -0.047994 2.990628 0.174944
v -0.035281 2.985281 0.183827
v -0.031872 2.981079 0.189132
v -0.029902 2.983222 0.187003
v -0.024413 2.982346 0.189122
v -0.026375 2.979981 0.191422
v -0.026557 2.975497 0.188928
v -0.018655 2.975755 0.190909
v -0.018828 2.980096 0.192104
v -0.018562 2.982289 0.189927
v -0.013427 2.980639 0.192083
v -0.012320 2.976671 0.190873
v -0.005445 2.972632 0.189408
v -0.007070 2.977664 0.190090
v -0.011413 2.971726 0.189053
v -0.018181 2.970718 0.187943
v -0.004389 2.965749 0.190340
v -0.011276 2.964190 0.189559
v -0.003854 2.958512 0.192282
v -0.011434 2.956681 0.190628
v -0.018756 2.963545 0.188328
v -0.026672 2.970738 0.185328
v -0.002970 2.950745 0.194660
v -0.010914 2.948201 0.192132
v -0.001675 2.942921 0.197679
v -0.009919 2.939460 0.194067
v -0.019459 2.936952 0.191211
v -0.019065 2.927451 0.193178
v -0.008655 2.930740 0.196723
v -0.029925 2.914053 0.188821
v -0.017286 2.918592 0.194801
v -0.006462 2.922767 0.198208
v -0.012696 2.911607 0.196349
v -0.027408 2.905670 0.189685
v -0.023954 2.898181 0.191972
v -0.033004 2.892576 0.184256
v -0.013184 2.903454 0.196233
v -0.020722 2.893085 0.192906
v -0.029239 2.887187 0.187162
v -0.030761 2.877141 0.184377
v -0.024923 2.882449 0.189184
v -0.035228 2.880463 0.181160
v -0.033496 2.870437 0.182052
v -0.033048 2.864551 0.182117
v -0.027794 2.866131 0.185411
v -0.028509 2.869985 0.185591
v -0.026284 2.874180 0.187747
v -0.023066 2.869961 0.188424
v -0.021495 2.872475 0.190218
v -0.018682 2.869859 0.189501
v -0.022653 2.867469 0.187621
v -0.020972 2.865187 0.187931
v -0.025754 2.862377 0.185727
v -0.018592 2.868344 0.188810
v -0.016988 2.866877 0.189063
v -0.014959 2.869047 0.189710
v -0.015185 2.870027 0.190397
v -0.014098 2.870937 0.191987
v -0.012631 2.869986 0.191303
v -0.017284 2.871475 0.191215
v -0.011826 2.870518 0.192756
v -0.010095 2.870179 0.193237
v -0.009772 2.871021 0.195440
v -0.010728 2.869952 0.191842
v -0.010240 2.869580 0.191555
v -0.012132 2.869435 0.190814
v -0.009869 2.870066 0.191635
v -0.009580 2.870326 0.190982
v -0.009414 2.869690 0.191357
v -0.009111 2.870103 0.192805
v -0.007346 2.869868 0.194212
v -0.008906 2.870473 0.191528
v -0.007296 2.870611 0.192525
v -0.004670 2.869943 0.196064
v -0.004741 2.870863 0.194226
v -0.000817 2.871181 0.196545
v -0.000432 2.870240 0.199061
v -0.000526 2.870548 0.201318
v 0.004583 2.870641 0.202084
v 0.004566 2.870857 0.205257
v 0.009941 2.871295 0.209673
v 0.010202 2.870814 0.205857
v 0.004317 2.871773 0.199186
v 0.009843 2.872114 0.202539
v 0.015255 2.871858 0.205593
v 0.020041 2.871125 0.207744
v 0.015480 2.870673 0.209446
v 0.019967 2.870222 0.212079
v 0.015048 2.871657 0.213413
v 0.019764 2.871643 0.215973
v 0.023623 2.874091 0.221293
v 0.019111 2.874382 0.219314
v 0.023742 2.871152 0.217653
v 0.023932 2.869754 0.213780
v 0.023971 2.870782 0.209291
v 0.027283 2.870407 0.210307
v 0.027268 2.868976 0.214714
v 0.030643 2.868475 0.215334
v 0.027194 2.870558 0.218411
v 0.030569 2.869793 0.218872
v 0.030692 2.872663 0.222241
v 0.034178 2.872259 0.221974
v 0.033930 2.869128 0.218831
v 0.027367 2.873686 0.221625
v 0.027360 2.877416 0.224431
v 0.031037 2.882478 0.224281
v 0.030937 2.876673 0.224728
v 0.023405 2.877772 0.223805
v 0.027480 2.883039 0.224332
v 0.023461 2.888315 0.222122
v 0.027342 2.887764 0.221869
v 0.030812 2.887241 0.221196
v 0.023505 2.883794 0.224165
v 0.018718 2.888268 0.221631
v 0.018565 2.883490 0.223444
v 0.018658 2.878284 0.221811
v 0.013397 2.878241 0.219126
v 0.014085 2.874262 0.216342
v 0.008932 2.873673 0.212275
v 0.007576 2.877158 0.215200
v 0.000528 2.879016 0.211580
v 0.002170 2.875643 0.210052
v 0.006331 2.881422 0.216977
v 0.003683 2.873095 0.207751
v -0.001446 2.871911 0.203208
v -0.006212 2.871321 0.198971
v -0.007789 2.872667 0.199523
v -0.002822 2.873785 0.204873
v -0.010090 2.874872 0.199234
v -0.004893 2.876481 0.205334
v -0.006663 2.880799 0.205081
v -0.012656 2.878507 0.198780
v 0.000024 2.883800 0.210885
v -0.008175 2.886092 0.203758
v -0.015084 2.882417 0.197373
v -0.009498 2.891353 0.201467
v -0.017762 2.887465 0.194680
v -0.021361 2.878378 0.192082
v -0.017929 2.875304 0.193707
v -0.014344 2.873216 0.194378
v -0.011766 2.871909 0.194876
v -0.000423 2.894542 0.207179
v -0.010228 2.897191 0.198665
v 0.001171 2.900676 0.204403
v -0.002305 2.906923 0.199808
v -0.003875 2.914749 0.198475
v 0.005962 2.904716 0.205316
v 0.003347 2.908132 0.202078
v 0.002936 2.913663 0.201463
v 0.006584 2.906849 0.207450
v 0.004307 2.909941 0.205286
v 0.002789 2.915402 0.208888
v 0.003238 2.914050 0.204922
v 0.002984 2.911729 0.210504
v 0.004920 2.908214 0.212597
v 0.003272 2.911891 0.218658
v 0.008640 2.906847 0.215144
v 0.009895 2.904365 0.210168
v 0.011321 2.907607 0.217619
v 0.006070 2.909648 0.220844
v 0.009083 2.910377 0.222380
v 0.005702 2.913224 0.226898
v 0.008403 2.912207 0.227693
v 0.003820 2.916213 0.224679
v 0.002376 2.916211 0.216912
v 0.007504 2.924109 0.229504
v 0.006471 2.920408 0.231146
v 0.003807 2.920361 0.222878
v 0.009029 2.927402 0.227237
v 0.004902 2.924025 0.221017
v 0.002875 2.919950 0.214727
v 0.004179 2.923895 0.213595
v 0.003327 2.919962 0.208736
v 0.005778 2.927425 0.212718
v 0.004323 2.923771 0.208997
v 0.004331 2.924133 0.207786
v 0.003061 2.918900 0.205440
v 0.003050 2.926219 0.202988
v 0.002450 2.917211 0.201440
v 0.006568 2.933822 0.208179
v 0.000377 2.935071 0.201148
v 0.005274 2.940357 0.205701
v 0.004449 2.947614 0.201969
v 0.008981 2.953249 0.206437
v 0.009151 2.946156 0.210168
v 0.012624 2.944809 0.218012
v 0.009510 2.939559 0.213401
v 0.012711 2.951641 0.214429
v 0.015956 2.956921 0.218820
v 0.015648 2.950111 0.222703
v 0.019018 2.961941 0.223437
v 0.018545 2.954588 0.227475
v 0.021307 2.958354 0.232009
v 0.020927 2.952065 0.235694
v 0.018069 2.948501 0.231038
v 0.017598 2.943127 0.234446
v 0.020259 2.946332 0.239308
v 0.015071 2.939031 0.228555
v 0.015402 2.944026 0.226279
v 0.012468 2.938463 0.220684
v 0.012178 2.934694 0.222744
v 0.009407 2.934489 0.215639
v 0.008387 2.930932 0.217360
v 0.006632 2.929686 0.210980
v 0.006701 2.927565 0.219299
v 0.010814 2.930961 0.224952
v 0.014381 2.934579 0.230998
v 0.013005 2.930499 0.233483
v 0.016590 2.938307 0.237443
v 0.019334 2.941199 0.243221
v 0.015232 2.933735 0.240016
v 0.014013 2.929238 0.242797
v 0.011352 2.926792 0.235830
v 0.017834 2.936123 0.245946
v 0.023009 2.942818 0.247184
v 0.017017 2.930686 0.248973
v 0.021992 2.937505 0.250270
v 0.027445 2.944149 0.249800
v 0.026916 2.938497 0.253195
v 0.021336 2.931374 0.253256
v 0.016243 2.924456 0.250874
v 0.020673 2.924627 0.254905
v 0.026392 2.931941 0.256143
v 0.032263 2.932412 0.258032
v 0.025956 2.924744 0.257908
v 0.032412 2.938722 0.254674
v 0.037933 2.938570 0.253133
v 0.037565 2.943850 0.249250
v 0.032661 2.944653 0.250793
v 0.032908 2.950708 0.246875
v 0.033168 2.957015 0.243101
v 0.037304 2.949687 0.245541
v 0.028217 2.950002 0.246266
v 0.028462 2.956333 0.242403
v 0.023803 2.948670 0.243335
v 0.024260 2.954719 0.239592
v 0.024441 2.961280 0.235782
v 0.028727 2.962971 0.238207
v 0.033405 2.963404 0.238992
v 0.024821 2.968804 0.231321
v 0.029170 2.970555 0.233576
v 0.029653 2.978704 0.229009
v 0.033804 2.971236 0.234125
v 0.025243 2.976598 0.226983
v 0.021624 2.965736 0.227638
v 0.038756 2.978909 0.229300
v 0.038326 2.970566 0.233664
v 0.034270 2.979571 0.229597
v 0.034595 2.987544 0.224720
v 0.038690 2.986980 0.224465
v 0.042879 2.976895 0.227539
v 0.037815 2.994704 0.219194
v 0.042532 2.985564 0.222826
v 0.046227 2.974348 0.224414
v 0.045769 2.982785 0.220036
v 0.041135 2.993449 0.217891
v 0.040742 3.001196 0.215000
v 0.044628 2.992050 0.215088
v 0.037609 3.001577 0.216179
v 0.037580 3.008547 0.215007
v 0.033946 3.014710 0.215110
v 0.040962 3.008362 0.214151
v 0.037238 3.014601 0.215251
v 0.036612 3.019221 0.215921
v 0.033704 3.019262 0.215771
v 0.033495 3.024404 0.216443
v 0.030843 3.019181 0.215645
v 0.033483 3.031428 0.215933
v 0.044278 3.000038 0.212694
v 0.042444 2.968738 0.231494
v 0.045360 2.966018 0.227909
v 0.044675 2.958313 0.231432
v 0.041688 2.961008 0.235152
v 0.041203 2.954351 0.238716
v 0.037954 2.962806 0.237817
v 0.037676 2.956146 0.241713
v 0.040837 2.948134 0.242747
v 0.044759 2.940459 0.241630
v 0.044265 2.946113 0.238501
v 0.041493 2.942266 0.246011
v 0.044411 2.951975 0.234844
v 0.042369 2.937305 0.249512
v 0.045969 2.935449 0.244311
v 0.038441 2.932315 0.257010
v 0.043457 2.931620 0.253010
v 0.048236 2.924798 0.249687
v 0.047143 2.930578 0.247486
v 0.044134 2.924926 0.255352
v 0.038582 2.924991 0.259247
v 0.047535 2.918315 0.250000
v 0.043257 2.917844 0.255051
v 0.040644 2.912312 0.251584
v 0.036909 2.913338 0.254998
v 0.037931 2.918438 0.257956
v 0.031969 2.924914 0.259791
v 0.031880 2.913719 0.255300
v 0.031867 2.918466 0.258512
v 0.026512 2.918082 0.256944
v 0.021536 2.918029 0.254323
v 0.027193 2.913919 0.254043
v 0.028835 2.907582 0.246419
v 0.023998 2.912467 0.250959
v 0.032104 2.909764 0.251270
v 0.029473 2.910103 0.250688
v 0.032447 2.906913 0.247009
v 0.032719 2.904957 0.242726
v 0.030190 2.905206 0.242156
v 0.035980 2.907493 0.246604
v 0.035083 2.905466 0.242196
v 0.037092 2.911380 0.244671
v 0.034873 2.909638 0.251464
v 0.035807 2.914109 0.239490
v 0.043580 2.913596 0.247177
v 0.037123 2.907446 0.240098
v 0.041107 2.916919 0.241166
v 0.046702 2.914623 0.238705
v 0.049903 2.914793 0.243699
v 0.050675 2.913277 0.234950
v 0.054863 2.913995 0.238044
v 0.053460 2.911944 0.230801
v 0.058439 2.912014 0.232510
v 0.054909 2.910186 0.226424
v 0.054885 2.908600 0.222974
v 0.060211 2.909298 0.226550
v 0.061527 2.915248 0.231725
v 0.063385 2.910805 0.225095
v 0.060397 2.906674 0.221013
v 0.057754 2.905153 0.218424
v 0.060152 2.904554 0.215361
v 0.053070 2.907902 0.220719
v 0.063835 2.907757 0.217703
v 0.062539 2.905879 0.211951
v 0.063397 2.907836 0.209099
v 0.064030 2.905737 0.205485
v 0.060762 2.904446 0.208556
v 0.068058 2.902492 0.203937
v 0.062931 2.900981 0.208258
v 0.057240 2.900437 0.213222
v 0.056971 2.902973 0.212689
v 0.053964 2.903904 0.217272
v 0.052618 2.902275 0.218385
v 0.051057 2.900259 0.220514
v 0.049198 2.906223 0.221531
v 0.047655 2.904941 0.223546
v 0.050636 2.907392 0.220192
v 0.044811 2.904382 0.225590
v 0.045718 2.900129 0.223811
v 0.041581 2.904734 0.227336
v 0.041138 2.901654 0.225952
v 0.039238 2.905481 0.229951
v 0.036722 2.905041 0.235513
v 0.037271 2.903766 0.229702
v 0.038345 2.906765 0.233426
v 0.037188 2.909500 0.236487
v 0.035845 2.903112 0.229692
v 0.034955 2.903979 0.236754
v 0.034760 2.902892 0.229774
v 0.039544 2.899241 0.224803
v 0.047046 2.892201 0.222094
v 0.041436 2.893331 0.222818
v 0.046305 2.895396 0.222597
v 0.036103 2.898835 0.224870
v 0.033665 2.899054 0.224892
v 0.037480 2.893809 0.222439
v 0.042068 2.887193 0.223287
v 0.034246 2.893669 0.221593
v 0.037930 2.886999 0.222564
v 0.041763 2.882472 0.225207
v 0.034406 2.887183 0.221264
v 0.037630 2.882239 0.224996
v 0.041853 2.877026 0.223818
v 0.037706 2.876697 0.224216
v 0.034294 2.882036 0.224392
v 0.034276 2.876251 0.224337
v 0.037804 2.872630 0.221602
v 0.041689 2.873446 0.220344
v 0.041388 2.870014 0.217180
v 0.037507 2.869314 0.218401
v 0.036777 2.867908 0.215040
v 0.040522 2.868472 0.213888
v 0.045890 2.869526 0.215926
v 0.044619 2.868900 0.212351
v 0.039860 2.870220 0.209853
v 0.043626 2.870953 0.208645
v 0.036564 2.869575 0.210452
v 0.033654 2.867823 0.215541
v 0.033473 2.869439 0.210757
v 0.030430 2.869615 0.210531
v 0.048281 2.870770 0.206442
v 0.049585 2.869184 0.210020
v 0.055335 2.868489 0.206953
v 0.051069 2.869540 0.213637
v 0.056810 2.869056 0.210509
v 0.052572 2.872161 0.217297
v 0.046776 2.872607 0.219752
v 0.046946 2.876910 0.222711
v 0.047352 2.882880 0.224381
v 0.053391 2.876358 0.220316
v 0.053869 2.881925 0.221864
v 0.059913 2.875776 0.215989
v 0.058415 2.871988 0.213040
v 0.062462 2.868107 0.206461
v 0.064251 2.870561 0.208278
v 0.066191 2.874316 0.210765
v 0.072856 2.876361 0.206406
v 0.071076 2.871921 0.205127
v 0.069071 2.869365 0.203301
v 0.067531 2.878887 0.211944
v 0.068471 2.883007 0.211539
v 0.061119 2.880920 0.217187
v 0.061315 2.885477 0.216261
v 0.053980 2.886593 0.220327
v 0.053700 2.890644 0.219678
v 0.060435 2.890081 0.215529
v 0.047677 2.887318 0.222759
v 0.068405 2.888283 0.210938
v 0.059231 2.893554 0.214939
v 0.052820 2.893984 0.219513
v 0.058236 2.897517 0.214108
v 0.065383 2.897058 0.208303
v 0.067147 2.892509 0.209537
v 0.073634 2.898625 0.202565
v 0.075608 2.891369 0.204345
v 0.087417 2.894553 0.197936
v 0.077940 2.905391 0.200057
v 0.091420 2.909196 0.195381
v 0.090165 2.901265 0.196486
v 0.071052 2.906811 0.201440
v 0.098513 2.890669 0.192229
v 0.101485 2.896868 0.189817
v 0.115330 2.898019 0.179052
v 0.103819 2.904870 0.188017
v 0.111843 2.891852 0.181376
v 0.118940 2.884623 0.173202
v 0.114145 2.880700 0.178299
v 0.107455 2.886475 0.185111
v 0.107813 2.876835 0.184663
v 0.101614 2.881362 0.189842
v 0.099857 2.873708 0.190259
v 0.094701 2.877120 0.193347
v 0.094190 2.885192 0.194360
v 0.085296 2.888334 0.198963
v 0.089325 2.879877 0.197205
v 0.084883 2.875513 0.197967
v 0.080207 2.878058 0.201894
v 0.083292 2.883053 0.201221
v 0.074532 2.880704 0.206632
v 0.075904 2.886081 0.205841
v 0.077065 2.873373 0.200880
v 0.081082 2.871988 0.197162
v 0.074640 2.870355 0.199766
v 0.078306 2.869984 0.196517
v 0.084821 2.870780 0.194924
v 0.087461 2.869624 0.193976
v 0.089293 2.873158 0.195325
v 0.084224 2.868979 0.193761
v 0.081823 2.869698 0.194541
v 0.076701 2.868962 0.196141
v 0.080043 2.869217 0.194465
v 0.082305 2.868633 0.193521
v 0.079057 2.868787 0.194333
v 0.075568 2.868239 0.195714
v 0.081087 2.868810 0.193477
v 0.078433 2.868374 0.193792
v 0.080439 2.868793 0.193450
v 0.082166 2.868451 0.193337
v 0.081681 2.868703 0.193237
v 0.081293 2.867873 0.193134
v 0.080977 2.868862 0.192422
v 0.075019 2.863735 0.189734
v 0.080438 2.868840 0.192658
v 0.078481 2.868367 0.192794
v 0.075685 2.867760 0.193379
v 0.075454 2.867818 0.194744
v 0.071899 2.867827 0.198010
v 0.071755 2.867285 0.196666
v 0.067219 2.867141 0.199555
v 0.072079 2.867156 0.194630
v 0.067856 2.867381 0.197055
v 0.061849 2.867402 0.203307
v 0.062281 2.868585 0.200647
v 0.054966 2.870528 0.204176
v 0.067783 2.867671 0.201680
v 0.072862 2.868710 0.198850
v 0.080040 2.868453 0.192585
v 0.080265 2.867586 0.193324
v 0.077829 2.868026 0.193390
v 0.077936 2.867066 0.193994
v 0.074123 2.867683 0.195080
v 0.068632 2.866694 0.198894
v 0.068716 2.867481 0.197826
v 0.074308 2.866844 0.195678
v 0.069226 2.865848 0.199304
v 0.074998 2.866067 0.195733
v 0.078840 2.866494 0.193856
v 0.070401 2.864894 0.199420
v 0.076031 2.865226 0.195578
v 0.072060 2.863536 0.199127
v 0.077272 2.864271 0.195344
v 0.079964 2.865965 0.193685
v 0.082048 2.866581 0.193260
v 0.081637 2.865284 0.193499
v 0.083886 2.866218 0.193167
v 0.087100 2.865521 0.192964
v 0.085291 2.867318 0.193278
v 0.084058 2.864210 0.193211
v 0.079385 2.862599 0.194795
v 0.087884 2.862348 0.192672
v 0.091728 2.864594 0.192115
v 0.083032 2.859864 0.193983
v 0.077186 2.857348 0.197363
v 0.074143 2.861300 0.198490
v 0.093763 2.858775 0.191165
v 0.087772 2.855238 0.192833
v 0.094452 2.848421 0.189561
v 0.081042 2.851920 0.195781
v 0.101675 2.853740 0.186576
v 0.108703 2.848044 0.178834
v 0.106940 2.859432 0.183706
v 0.114055 2.856013 0.174517
v 0.119777 2.853261 0.166164
v 0.117137 2.864356 0.172338
v 0.122225 2.863556 0.164676
v 0.126755 2.876696 0.160215
v 0.127167 2.863242 0.157692
v 0.122376 2.874357 0.166286
v 0.123031 2.889354 0.169046
v 0.117882 2.872253 0.172592
v 0.110000 2.865295 0.181951
v 0.110521 2.871125 0.181914
v 0.101212 2.866364 0.189047
v 0.102323 2.869967 0.188703
v 0.094082 2.869272 0.192397
v 0.088776 2.868356 0.193379
v 0.092600 2.871207 0.193461
v 0.093715 2.866907 0.192081
v 0.098870 2.862635 0.189626
v 0.088590 2.867070 0.193073
v 0.085375 2.868225 0.193509
v 0.083328 2.868177 0.193468
v 0.082029 2.867818 0.193292
v 0.083132 2.867667 0.193322
v 0.080867 2.866998 0.193347
v 0.132151 2.879238 0.152917
v 0.118466 2.906581 0.177893
v 0.129243 2.897642 0.163673
v 0.138623 2.896982 0.147922
v 0.131548 2.913630 0.168230
v 0.140376 2.912262 0.153727
v 0.141978 2.927238 0.159025
v 0.147598 2.911433 0.139071
v 0.133203 2.928235 0.172639
v 0.120502 2.918424 0.180244
v 0.121364 2.930463 0.182680
v 0.119329 2.942207 0.184655
v 0.132380 2.941928 0.176496
v 0.142790 2.942301 0.164352
v 0.149735 2.956404 0.151387
v 0.148874 2.926831 0.143837
v 0.150470 2.941967 0.148720
v 0.127264 2.954634 0.177261
v 0.137060 2.959038 0.166656
v 0.118670 2.963973 0.175618
v 0.139311 2.971305 0.158229
v 0.125175 2.967887 0.168976
v 0.118839 2.976198 0.172631
v 0.112929 2.972807 0.177961
v 0.124707 2.980626 0.166679
v 0.130202 2.974617 0.162793
v 0.134510 2.983459 0.159345
v 0.139658 2.983001 0.154924
v 0.127464 2.983816 0.165281
v 0.123910 2.987955 0.171586
v 0.121843 2.985972 0.171494
v 0.119533 2.984689 0.172642
v 0.126902 2.990105 0.171073
v 0.130677 2.990147 0.167052
v 0.134633 2.991774 0.164177
v 0.138313 2.993741 0.160160
v 0.135661 3.002538 0.169455
v 0.138013 3.008719 0.163626
v 0.139693 3.016441 0.154478
v 0.146735 3.004138 0.143584
v 0.142345 2.998082 0.153952
v 0.145039 2.984566 0.148719
v 0.151246 2.986685 0.138340
v 0.154564 2.971061 0.137032
v 0.160658 2.973064 0.122951
v 0.157324 2.991748 0.125201
v 0.153668 3.016532 0.129806
v 0.165759 2.995542 0.109990
v 0.166607 2.975374 0.108135
v 0.170001 2.958215 0.087951
v 0.167214 2.957963 0.104982
v 0.171236 2.976693 0.090998
v 0.173233 2.996668 0.091725
v 0.177216 2.996214 0.075017
v 0.174019 3.018859 0.091844
v 0.173267 2.977157 0.072801
v 0.165591 3.018467 0.109890
v 0.164343 3.041690 0.107551
v 0.155046 3.042425 0.124226
v 0.152806 3.063488 0.119209
v 0.144819 3.064996 0.132101
v 0.145415 3.047474 0.137810
v 0.135394 3.050768 0.150882
v 0.143207 3.029817 0.144754
v 0.136151 3.067960 0.143583
v 0.125509 3.084651 0.149515
v 0.134561 3.082113 0.138452
v 0.141631 3.081271 0.127980
v 0.132408 3.094155 0.133275
v 0.132354 3.102673 0.126271
v 0.137694 3.094135 0.125218
v 0.124943 3.096693 0.141933
v 0.123595 3.109587 0.132262
v 0.112690 3.114715 0.140811
v 0.101002 3.127301 0.140896
v 0.108078 3.131710 0.127861
v 0.102377 3.117875 0.149313
v 0.091796 3.122816 0.154617
v 0.094430 3.130469 0.144089
v 0.088098 3.142900 0.135347
v 0.111388 3.145750 0.105236
v 0.091392 3.159120 0.109289
v 0.063984 3.154105 0.136656
v 0.078723 3.129954 0.155682
v 0.059694 3.135528 0.156641
v 0.056503 3.116258 0.173735
v 0.039132 3.157376 0.136580
v 0.038523 3.137219 0.156491
v 0.067005 3.170414 0.111738
v 0.039812 3.173941 0.111406
v 0.040361 3.186440 0.082844
v 0.069761 3.182101 0.083340
v 0.072350 3.187330 0.052598
v 0.095211 3.169964 0.082359
v 0.099359 3.174832 0.053977
v 0.115940 3.155244 0.081576
v 0.132251 3.138788 0.080890
v 0.120881 3.159394 0.055870
v 0.103437 3.173035 0.025394
v 0.125434 3.157013 0.029599
v 0.136938 3.141386 0.057964
v 0.154316 3.119915 0.039948
v 0.141859 3.138899 0.034541
v 0.149386 3.122582 0.060814
v 0.144495 3.121199 0.081021
v 0.139732 3.116800 0.099021
v 0.154158 3.102704 0.082073
v 0.159271 3.102962 0.063691
v 0.163809 3.100373 0.044873
v 0.166853 3.083418 0.066563
v 0.177241 3.062082 0.052093
v 0.172962 3.063045 0.069563
v 0.171045 3.081452 0.048974
v 0.161615 3.083705 0.084076
v 0.167515 3.063453 0.086844
v 0.155477 3.082877 0.100609
v 0.148718 3.100451 0.099078
v 0.143065 3.097150 0.113739
v 0.135211 3.110293 0.114476
v 0.124108 3.121804 0.118962
v 0.127437 3.131773 0.101244
v 0.148647 3.081671 0.115450
v 0.160781 3.063290 0.103833
v 0.172222 3.041487 0.089873
v 0.179929 3.016949 0.072379
v 0.178102 3.040900 0.071760
v 0.178799 2.995613 0.064806
v 0.180752 3.006572 0.064669
v 0.182060 3.007266 0.057787
v 0.180971 2.997963 0.054912
v 0.174744 2.977598 0.061695
v 0.170213 2.960878 0.070182
v 0.169538 2.942561 0.072020
v 0.169891 2.928137 0.072454
v 0.168843 2.942450 0.085895
v 0.168305 2.927273 0.084141
v 0.164374 2.926126 0.097572
v 0.165503 2.942205 0.101122
v 0.160614 2.942472 0.116478
v 0.159750 2.926516 0.112452
v 0.155743 2.942469 0.132398
v 0.162041 2.957368 0.120046
v 0.156217 2.956663 0.135546
v 0.155047 2.926809 0.128260
v 0.154044 2.911010 0.124431
v 0.158992 2.910578 0.109130
v 0.153105 2.895467 0.120358
v 0.146514 2.896579 0.134224
v 0.152587 2.878160 0.116893
v 0.158186 2.894835 0.105755
v 0.146371 2.878399 0.130132
v 0.138820 2.879248 0.142495
v 0.145291 2.860700 0.128133
v 0.138409 2.861514 0.140038
v 0.132527 2.862410 0.149478
v 0.134779 2.843970 0.140624
v 0.126259 2.826396 0.143850
v 0.122436 2.831155 0.154427
v 0.130465 2.824519 0.129761
v 0.129548 2.846994 0.150695
v 0.140509 2.842914 0.127775
v 0.146142 2.844350 0.113636
v 0.151264 2.861267 0.114819
v 0.155763 2.863763 0.100658
v 0.157439 2.878935 0.103082
v 0.161658 2.895512 0.091697
v 0.160157 2.881355 0.089185
v 0.160578 2.886314 0.075854
v 0.163578 2.898412 0.078585
v 0.166267 2.911967 0.081130
v 0.165334 2.902114 0.068718
v 0.163067 2.910391 0.094616
v 0.167303 2.914937 0.071358
v 0.166345 2.888724 0.064122
v 0.135295 2.826726 0.113620
v 0.121790 2.813928 0.110953
v 0.113985 2.806041 0.131614
v 0.093265 2.792543 0.144326
v 0.084382 2.784066 0.129614
v 0.114569 2.811607 0.150369
v 0.097757 2.799254 0.159423
v 0.099169 2.807283 0.170137
v 0.098066 2.816638 0.178653
v 0.111805 2.817535 0.161681
v 0.085541 2.798028 0.179203
v 0.087251 2.808191 0.187363
v 0.073002 2.791717 0.188163
v 0.076496 2.801627 0.196378
v 0.063932 2.796848 0.205077
v 0.064158 2.809874 0.210295
v 0.075269 2.813836 0.201151
v 0.085567 2.819308 0.191912
v 0.071065 2.825729 0.202473
v 0.081573 2.829786 0.194917
v 0.066796 2.836222 0.203322
v 0.060001 2.822943 0.209851
v 0.056369 2.834337 0.207924
v 0.044747 2.831821 0.211772
v 0.048386 2.820827 0.216066
v 0.051404 2.807319 0.217768
v 0.051158 2.793870 0.211727
v 0.037704 2.805575 0.219488
v 0.037657 2.793156 0.213806
v 0.024402 2.793734 0.213877
v 0.024212 2.806896 0.219520
v 0.036749 2.819832 0.218439
v 0.035396 2.831094 0.213044
v 0.025321 2.820207 0.217528
v 0.011270 2.808863 0.216231
v 0.026523 2.831195 0.212350
v 0.014276 2.822087 0.213793
v 0.001090 2.812278 0.208780
v 0.008560 2.835160 0.205614
v 0.005346 2.824719 0.207250
v 0.016705 2.832975 0.209019
v 0.009787 2.844938 0.207901
v 0.018243 2.843053 0.209970
v 0.027316 2.841347 0.211172
v 0.027162 2.850223 0.214326
v 0.033889 2.849789 0.215141
v 0.034203 2.841016 0.211836
v 0.041534 2.841998 0.211502
v 0.053162 2.844300 0.210370
v 0.040996 2.850441 0.215002
v 0.051747 2.851825 0.213598
v 0.040760 2.858270 0.219017
v 0.033889 2.858172 0.219036
v 0.034179 2.863315 0.219972
v 0.027507 2.858219 0.218333
v 0.027180 2.863372 0.219619
v 0.019197 2.859310 0.216923
v 0.018876 2.851490 0.213707
v 0.010759 2.853464 0.211287
v 0.012165 2.860239 0.213881
v 0.001983 2.847838 0.204188
v 0.003216 2.855118 0.206504
v -0.001697 2.862553 0.202053
v 0.005044 2.861034 0.208599
v -0.004009 2.857359 0.200481
v -0.010711 2.860133 0.194045
v -0.006468 2.851330 0.198358
v -0.013928 2.854709 0.192088
v -0.020466 2.858380 0.187716
v -0.016640 2.862942 0.189583
v -0.013096 2.865570 0.190639
v -0.010065 2.866915 0.191959
v -0.013159 2.867876 0.190011
v -0.007540 2.863927 0.195791
v 0.000414 2.865369 0.202593
v -0.005259 2.865968 0.196752
v -0.003484 2.867283 0.197026
v -0.007807 2.867916 0.192989
v -0.006176 2.868412 0.193604
v -0.010338 2.868473 0.191345
v -0.008662 2.868896 0.192119
v -0.007649 2.869197 0.192248
v -0.004969 2.868877 0.193742
v -0.001421 2.869089 0.196684
v -0.002025 2.868336 0.197111
v -0.005454 2.869662 0.192713
v -0.001931 2.870339 0.195556
v 0.003046 2.870868 0.199412
v 0.003264 2.869867 0.201169
v 0.008336 2.869162 0.207204
v 0.008885 2.870410 0.206413
v 0.003019 2.868713 0.202035
v 0.007867 2.866919 0.208225
v 0.002005 2.867061 0.202532
v 0.006606 2.864683 0.208527
v 0.013379 2.864316 0.213771
v 0.020674 2.866964 0.216823
v 0.014292 2.867077 0.213261
v 0.020220 2.863886 0.217746
v 0.027340 2.866416 0.218584
v 0.034221 2.868419 0.217210
v 0.034285 2.866120 0.218740
v 0.027615 2.868538 0.217062
v 0.021208 2.869138 0.215477
v 0.027807 2.870460 0.215227
v 0.033966 2.870104 0.215136
v 0.040661 2.870574 0.214088
v 0.039464 2.871077 0.211582
v 0.041584 2.869086 0.216519
v 0.033540 2.871115 0.212596
v 0.027974 2.871431 0.212501
v 0.022024 2.872062 0.211139
v 0.021404 2.871156 0.213838
v 0.015681 2.871879 0.208151
v 0.009093 2.871236 0.203949
v 0.014959 2.871227 0.210662
v 0.014549 2.869280 0.212090
v 0.049252 2.868791 0.213652
v 0.042119 2.866568 0.218291
v 0.050299 2.866099 0.214743
v 0.058842 2.862988 0.209581
v 0.050522 2.863069 0.215674
v 0.057236 2.865200 0.209403
v 0.063161 2.866065 0.203590
v 0.064237 2.864747 0.203925
v 0.056454 2.867214 0.208749
v 0.048289 2.870409 0.211715
v 0.055576 2.868958 0.207817
v 0.062247 2.867183 0.203124
v 0.054348 2.869580 0.205968
v 0.062119 2.868026 0.201721
v 0.046508 2.870487 0.209363
v 0.065936 2.863071 0.203867
v 0.067942 2.859995 0.203285
v 0.060560 2.859456 0.209579
v 0.070377 2.854845 0.201890
v 0.072841 2.848399 0.200382
v 0.062313 2.853407 0.208097
v 0.064273 2.846051 0.205522
v 0.051334 2.858722 0.215543
v 0.041924 2.863361 0.219499
v 0.076934 2.839138 0.197858
v 0.085948 2.843295 0.193248
v 0.091370 2.834888 0.189142
v 0.099966 2.840168 0.184142
v 0.104260 2.832922 0.177678
v 0.113613 2.842389 0.171021
v 0.107953 2.825501 0.171027
v 0.095162 2.825649 0.184688
v 0.117809 2.836641 0.163583
v 0.124690 2.849820 0.158780
v -0.007972 2.869769 0.191229
v -0.009327 2.870238 0.190793
v -0.000220 2.838397 0.201535
v -0.008746 2.842530 0.196247
v -0.003195 2.828432 0.200615
v -0.011767 2.833490 0.194143
v -0.007173 2.817088 0.200110
v -0.009803 2.805055 0.196185
v -0.000234 2.799722 0.203845
v -0.009549 2.794494 0.187321
v 0.002092 2.789674 0.194500
v 0.011560 2.795234 0.210815
v 0.037137 2.784898 0.204558
v 0.048872 2.785452 0.201978
v 0.060375 2.787139 0.195319
v 0.044807 2.781233 0.193413
v 0.108452 2.800383 0.100701
v 0.117448 2.806270 0.084815
v 0.174159 3.077612 0.032360
v 0.179453 3.060315 0.035501
v 0.175404 3.071554 0.018392
v 0.167692 3.094722 0.026700
v 0.169989 3.085390 0.010339
v 0.171103 3.071671 -0.002897
v 0.162538 3.085017 -0.017053
v 0.150412 3.100525 -0.031887
v 0.161641 3.101366 -0.000021
v 0.149267 3.118575 -0.011416
v 0.132236 3.135626 -0.022411
v 0.146982 3.131716 0.011129
v 0.129826 3.149329 0.003176
v 0.159100 3.113138 0.019492
v 0.108978 3.152058 -0.032223
v 0.106540 3.165669 -0.003665
v 0.078585 3.164990 -0.039040
v 0.076687 3.178022 -0.008515
v 0.074755 3.185314 0.022207
v 0.041674 3.191810 0.020286
v 0.040798 3.192779 0.051896
v 0.042958 3.184711 -0.011055
v 0.043949 3.171234 -0.041766
v 0.044009 3.150337 -0.070063
v 0.079046 3.144557 -0.067062
v 0.043168 3.124388 -0.095854
v 0.078902 3.119167 -0.091580
v 0.077957 3.088698 -0.111319
v 0.041706 3.093259 -0.116680
v 0.075479 3.055408 -0.125775
v 0.039948 3.058038 -0.130448
v 0.072085 3.019451 -0.134056
v 0.038110 3.021380 -0.138442
v 0.036492 2.985116 -0.135984
v 0.068211 2.984787 -0.131139
v 0.035549 2.952281 -0.125336
v 0.064330 2.952678 -0.122795
v 0.106544 3.047188 -0.113205
v 0.109365 3.079281 -0.100276
v 0.130556 3.036242 -0.094502
v 0.148416 3.024740 -0.072908
v 0.132996 3.066378 -0.083076
v 0.133795 3.093507 -0.066627
v 0.110086 3.107899 -0.081541
v 0.150258 3.052867 -0.063218
v 0.150745 3.078452 -0.049388
v 0.161471 3.014578 -0.051263
v 0.133423 3.116770 -0.046114
v 0.109914 3.132255 -0.058592
v 0.147659 2.969785 0.149357
v 0.114764 2.987268 0.178942
v 0.115778 2.981959 0.176115
v 0.117137 2.988239 0.177885
v 0.111771 2.988960 0.182164
v 0.114235 2.989523 0.182469
v 0.119174 2.990332 0.177728
v 0.115710 2.991791 0.182365
v 0.121866 2.991546 0.177983
v 0.110241 2.991410 0.187907
v 0.108049 2.991419 0.186219
v 0.104020 2.994206 0.193562
v 0.102769 2.994321 0.190666
v 0.096287 2.996294 0.193499
v 0.096969 2.996708 0.196823
v 0.089610 2.997669 0.197448
v 0.089279 2.997463 0.194527
v 0.081948 2.997042 0.193227
v 0.081313 2.997786 0.195643
v 0.089739 2.999654 0.198487
v 0.097952 2.998540 0.197532
v 0.105399 2.996413 0.194111
v 0.113743 2.985084 0.180205
v 0.111444 2.978414 0.181482
v 0.105723 2.970767 0.182793
v 0.104938 2.976671 0.187512
v 0.110222 2.982990 0.184792
v 0.107683 2.984972 0.184565
v 0.110604 2.986902 0.182118
v 0.111228 2.988229 0.180908
v 0.110043 2.962209 0.181960
v 0.115533 2.953066 0.184211
v 0.102863 2.953287 0.188327
v 0.105059 2.943464 0.189242
v 0.091951 2.945549 0.191475
v 0.106477 2.933505 0.189282
v 0.092231 2.936379 0.192551
v 0.106661 2.923136 0.188594
v 0.091918 2.927471 0.193871
v 0.091616 2.917941 0.194677
v 0.105736 2.913460 0.187647
v 0.030964 2.894025 0.221583
v 0.031340 2.899316 0.224984
v 0.027765 2.894577 0.222110
v 0.023900 2.893821 0.221795
v 0.028316 2.900244 0.225370
v 0.030344 2.902960 0.230309
v 0.026358 2.902285 0.226202
v 0.023206 2.901412 0.224020
v 0.023867 2.897346 0.222795
v 0.018806 2.892966 0.220501
v 0.018963 2.896581 0.220490
v 0.018666 2.901660 0.221170
v 0.013902 2.902566 0.215189
v 0.013831 2.897123 0.216951
v 0.022656 2.904622 0.225133
v 0.020138 2.905453 0.222710
v 0.013835 2.899857 0.215965
v 0.016629 2.902947 0.219038
v 0.018824 2.907112 0.219636
v 0.017203 2.909385 0.217087
v 0.012529 2.908848 0.218539
v 0.014314 2.911456 0.217978
v 0.015282 2.905519 0.217857
v 0.012972 2.904590 0.214654
v 0.011853 2.911994 0.222008
v 0.011159 2.912753 0.227392
v 0.009467 2.914406 0.233706
v 0.012420 2.913975 0.232229
v 0.012109 2.915462 0.239095
v 0.015040 2.915119 0.236224
v 0.015858 2.915335 0.244386
v 0.018935 2.916473 0.239407
v 0.024970 2.918601 0.242808
v 0.021020 2.913616 0.247624
v 0.017219 2.918103 0.250635
v 0.025070 2.909252 0.244852
v 0.025973 2.911963 0.239993
v 0.026721 2.905782 0.240714
v 0.025029 2.907726 0.237451
v 0.028216 2.904099 0.236177
v 0.025488 2.905679 0.234385
v 0.025751 2.904954 0.230843
v 0.028603 2.903407 0.230467
v 0.024807 2.904628 0.227561
v 0.030761 2.903524 0.237102
v 0.031627 2.902767 0.230136
v 0.032935 2.903433 0.237098
v 0.033195 2.902845 0.230115
v 0.013360 2.919369 0.245873
v 0.010112 2.918670 0.239222
v 0.013021 2.924601 0.244689
v 0.010188 2.922911 0.237832
v 0.007162 2.916746 0.233004
v 0.008538 2.899836 0.210419
v 0.009551 2.902657 0.209880
v 0.007383 2.895797 0.212091
v 0.006865 2.891719 0.213699
v -0.000470 2.889289 0.209211
v 0.006488 2.886150 0.215383
v 0.012391 2.883137 0.220970
v 0.012886 2.887922 0.219159
v 0.013075 2.892490 0.217761
v 0.065502 2.910432 0.216082
v 0.064991 2.914489 0.223078
v 0.064873 2.918973 0.220894
v 0.061225 2.923336 0.227647
v 0.063902 2.923027 0.219031
v 0.059803 2.927034 0.225420
v 0.062037 2.926698 0.217102
v 0.060270 2.930390 0.215408
v 0.058092 2.931050 0.223321
v 0.053458 2.934898 0.229433
v 0.054629 2.930362 0.231449
v 0.055864 2.926309 0.233478
v 0.048713 2.937984 0.235784
v 0.049770 2.933038 0.237893
v 0.050948 2.928748 0.240140
v 0.051793 2.924723 0.242423
v 0.056761 2.922395 0.235528
v 0.056904 2.918090 0.237489
v 0.062215 2.919220 0.229474
v 0.051947 2.919862 0.244010
v 0.048275 2.943273 0.233143
v 0.003607 2.954800 0.198264
v 0.002541 2.961505 0.194831
v 0.001753 2.967683 0.191564
v -0.000149 2.973375 0.189646
v -0.002415 2.978384 0.189442
v -0.008129 2.981673 0.191107
v -0.003793 2.982514 0.189221
v -0.004925 2.983702 0.187390
v -0.009232 2.983222 0.188746
v -0.013766 2.982642 0.189704
v -0.004971 2.870177 0.197932
v -0.008419 2.870193 0.195188
v -0.070709 2.929305 0.157905
v -0.074937 2.913733 0.136448
v -0.017067 2.788073 0.149856
v -0.090948 2.933578 0.093435
v -0.002642 3.047443 0.207043
v 0.056543 3.042459 0.214416
v 0.069690 3.033238 0.214667
v 0.070121 3.043329 0.211437
v 0.080630 3.034350 0.210909
v 0.080917 3.044381 0.206667
v 0.088521 3.026797 0.210983
v 0.079414 3.025544 0.213887
v 0.087025 3.017887 0.210693
v 0.078361 3.017042 0.211816
v 0.076742 3.011282 0.204226
v 0.084696 3.012186 0.204674
v 0.094236 3.011477 0.204566
v 0.083319 3.007315 0.200873
v 0.097050 3.017639 0.208480
v 0.104130 3.010010 0.202249
v 0.113664 3.008461 0.197738
v -0.015828 3.134678 0.140470
v -0.022723 3.132776 0.137233
v 0.041706 3.093259 -0.116680
v 0.004662 3.056737 -0.125074
v 0.039948 3.058038 -0.130448
v 0.004493 3.019828 -0.132156
v 0.038110 3.021380 -0.138442
v 0.036492 2.985116 -0.135984
v 0.004618 2.983789 -0.130468
v -0.023873 2.979907 -0.116713
v 0.035549 2.952281 -0.125336
v 0.006832 2.950662 -0.119755
v -0.017624 2.948442 -0.104746
v -0.011873 2.922403 -0.087619
v -0.030779 2.920638 -0.071219
v -0.025552 3.015191 -0.117959
v -0.051172 3.008181 -0.099507
v -0.026494 3.050570 -0.112103
v 0.020391 2.764710 -0.063605
v -0.008705 2.738685 -0.076225
v 0.016033 2.739367 -0.081087
v -0.020263 2.713977 -0.098128
v 0.011400 2.715618 -0.100405
v -0.031036 2.689497 -0.119761
v 0.007041 2.685529 -0.120479
v -0.042302 2.666366 -0.139318
v 0.002850 2.656869 -0.140344
v -0.054605 2.635610 -0.160748
v -0.000552 2.624411 -0.158463
v -0.067712 2.594579 -0.182381
v -0.004250 2.584558 -0.176654
v -0.143834 2.615278 -0.184233
v -0.106274 2.650892 -0.152872
v -0.179780 2.656370 -0.138746
v -0.161944 2.689186 -0.086759
v -0.142447 2.674212 -0.124264
v -0.196435 2.680197 -0.093842
v -0.204786 2.690615 -0.049395
v -0.167861 2.694219 -0.049768
v -0.166637 2.688590 -0.017618
v -0.208752 2.683845 -0.005974
v -0.156921 2.675133 0.006017
v -0.189121 2.667264 0.017798
v -0.175015 2.647731 0.038139
v -0.161177 2.630242 0.059454
v -0.134203 2.644905 0.042420
v -0.145232 2.657406 0.023379
v -0.112324 2.661065 0.032146
v -0.123755 2.673898 0.017506
v -0.109691 2.698692 -0.002465
v -0.132578 2.686491 -0.000073
v -0.103017 2.689592 0.013837
v -0.088775 2.716605 -0.000563
v -0.083643 2.709234 0.014509
v -0.093802 2.680311 0.029305
v -0.081838 2.671221 0.042883
v -0.098686 2.648657 0.045004
v -0.102751 2.628087 0.077305
v -0.082476 2.638010 0.057802
v -0.120518 2.637551 0.061743
v -0.144142 2.618371 0.078793
v -0.122757 2.608663 0.094122
v -0.097913 2.598764 0.104004
v -0.081344 2.618428 0.089144
v -0.070597 2.590090 0.111396
v -0.056419 2.609554 0.096230
v -0.041484 2.583438 0.117628
v -0.031421 2.602522 0.102220
v -0.010654 2.577462 0.118373
v -0.006063 2.597831 0.103115
v 0.022115 2.617947 0.089996
v 0.020382 2.594043 0.095830
v -0.001489 2.619547 0.095840
v 0.025057 2.641089 0.094901
v 0.003094 2.641784 0.095547
v -0.022940 2.623484 0.091295
v -0.045893 2.626031 0.083401
v -0.017864 2.643963 0.091182
v -0.037734 2.649440 0.083615
v -0.011275 2.671762 0.096490
v 0.008317 2.665758 0.102919
v 0.028860 2.663986 0.106288
v 0.014651 2.689940 0.110207
v 0.020819 2.715287 0.116340
v 0.001083 2.695839 0.103875
v 0.023740 2.741102 0.124787
v 0.048255 2.643035 0.094211
v 0.046725 2.619572 0.085783
v 0.070575 2.624433 0.087397
v 0.073788 2.601289 0.094497
v 0.048103 2.594853 0.093011
v 0.052051 2.572299 0.107474
v 0.082927 2.579554 0.108422
v 0.098896 2.606916 0.086496
v 0.112340 2.585434 0.101572
v 0.123851 2.611398 0.074788
v 0.139627 2.591189 0.090904
v 0.163515 2.598101 0.079070
v 0.145012 2.618890 0.061825
v 0.145851 2.650199 0.039569
v 0.131304 2.642976 0.054311
v 0.112806 2.635458 0.067157
v 0.161701 2.625133 0.045554
v 0.157622 2.661305 0.024569
v 0.173738 2.634880 0.029064
v 0.184374 2.606292 0.064263
v 0.199155 2.618289 0.047211
v 0.207585 2.638006 0.029766
v 0.192461 2.676447 0.000768
v 0.184066 2.654395 0.014988
v 0.215098 2.661807 0.014581
v 0.229631 2.688375 -0.001885
v 0.200019 2.696302 -0.019181
v 0.176752 2.706050 -0.027438
v 0.173070 2.692694 -0.005975
v 0.152970 2.720805 -0.057407
v 0.158870 2.718933 -0.031746
v 0.143685 2.735715 -0.032333
v 0.156775 2.709444 -0.011579
v 0.143960 2.729534 -0.013325
v 0.152308 2.697872 0.005211
v 0.141257 2.721165 0.004148
v 0.132589 2.750046 -0.011089
v 0.128771 2.753628 -0.027759
v 0.125150 2.771114 -0.006286
v 0.148446 2.688447 0.023002
v 0.139793 2.679642 0.039925
v 0.124310 2.698937 0.057576
v 0.126114 2.671153 0.055640
v 0.166284 2.676936 0.009876
v 0.092654 2.628607 0.078548
v 0.020614 2.571242 0.110392
v -0.064876 2.631291 0.071877
v -0.069933 2.736566 0.003548
v -0.070339 2.741214 -0.010730
v -0.091433 2.722119 -0.016916
v -0.089992 2.725949 -0.034411
v -0.115704 2.709872 -0.042558
v -0.114199 2.705680 -0.021071
v -0.067753 2.743599 -0.025318
v -0.051805 2.764350 -0.017866
v -0.086137 2.725573 -0.053859
v -0.061599 2.743904 -0.040484
v -0.049301 2.742615 -0.055190
v -0.044806 2.765107 -0.030795
v -0.071295 2.723186 -0.072584
v -0.048494 2.719012 -0.088326
v -0.031249 2.740729 -0.067551
v -0.093418 2.705405 -0.090728
v -0.066268 2.698345 -0.110574
v -0.084128 2.678245 -0.131303
v -0.115708 2.689482 -0.107401
v -0.133764 2.699109 -0.077730
v -0.140268 2.700810 -0.047940
v -0.110216 2.709903 -0.067115
v -0.138974 2.695734 -0.021798
v 0.105778 2.847004 -0.039027
v 0.097720 2.821732 -0.037293
v 0.094083 2.797385 -0.038886
v 0.084220 2.823900 -0.048859
v 0.079791 2.769449 -0.052558
vn 0.5051 -0.7404 -0.4435
vn 0.6541 -0.5573 -0.5115
vn 0.6591 -0.7198 -0.2180
vn 0.7897 -0.5109 -0.3397
vn -0.6701 0.3956 -0.6281
vn -0.7188 0.2855 -0.6339
vn -0.7623 0.3055 -0.5706
vn -0.7448 0.3458 -0.5707
vn -0.9382 0.1586 0.3077
vn -0.9435 0.1855 0.2744
vn -0.9943 0.0967 -0.0452
vn -0.9807 0.1360 0.1405
vn -0.9805 0.1017 0.1683
vn -0.9891 -0.0203 0.1457
vn -0.9875 -0.1299 0.0895
vn -0.9896 0.1304 0.0607
vn -0.8743 0.1908 0.4464
vn -0.8483 0.2342 0.4750
vn -0.9741 0.0909 0.2071
vn -0.9810 -0.0058 0.1937
vn -0.9578 -0.2424 0.1542
vn -0.9045 -0.3312 0.2686
vn -0.8217 -0.5511 0.1452
vn -0.9630 -0.2669 0.0386
vn -0.9523 -0.1978 0.2325
vn -0.9105 -0.2298 0.3439
vn -0.9137 0.0283 0.4054
vn -0.9205 -0.1160 0.3732
vn -0.9186 -0.2276 0.3230
vn 0.8124 0.0396 0.5817
vn 0.7934 -0.0049 0.6087
vn 0.7678 0.1157 0.6302
vn 0.7301 0.1701 0.6619
vn 0.7111 0.1412 0.6888
vn 0.7854 0.1485 0.6009
vn 0.8309 0.2044 0.5175
vn 0.7488 0.1484 0.6460
vn 0.8245 0.3220 0.4653
vn 0.7480 0.2629 0.6094
vn 0.7960 0.4047 0.4502
vn 0.7085 0.3847 0.5916
vn 0.8940 0.3357 0.2967
vn 0.8613 0.4133 0.2955
vn 0.8861 0.2501 0.3903
vn 0.8529 0.1734 0.4925
vn 0.8086 -0.0150 0.5882
vn 0.8360 0.0640 0.5450
vn 0.8399 -0.0478 0.5407
vn 0.8321 -0.0928 0.5468
vn 0.7641 -0.3206 0.5598
vn -0.5381 0.5591 0.6307
vn -0.0616 0.6003 0.7974
vn -0.0458 0.7078 0.7049
vn -0.4021 0.7159 0.5708
vn -0.7415 0.5133 0.4321
vn -0.5665 0.6894 0.4515
vn -0.7247 0.2185 0.6534
vn -0.4748 0.3063 0.8251
vn -0.5118 0.0124 0.8590
vn -0.3130 0.1181 0.9424
vn -0.3217 0.0922 0.9423
vn -0.1964 0.1158 0.9737
vn -0.2049 0.1142 0.9721
vn -0.0996 0.1102 0.9889
vn -0.0423 0.1813 0.9825
vn -0.1482 0.1821 0.9720
vn -0.0142 0.2509 0.9679
vn -0.0531 0.3079 0.9499
vn -0.0550 0.1910 0.9800
vn -0.0349 0.1989 0.9794
vn -0.0446 0.4350 0.8993
vn -0.0051 0.2136 0.9769
vn -0.0094 0.2393 0.9709
vn 0.0135 0.1020 0.9947
vn -0.2192 0.8143 0.5375
vn -0.1343 0.7989 0.5863
vn -0.0350 0.8130 0.5813
vn -0.0372 0.8390 0.5429
vn -0.0154 0.7517 0.6593
vn -0.0303 0.7523 0.6581
vn -0.9977 -0.0071 0.0669
vn -0.9989 -0.0337 0.0314
vn -0.9997 -0.0227 0.0116
vn -0.9993 0.0044 0.0373
vn -0.8677 -0.2523 0.4284
vn -0.9337 -0.1670 0.3168
vn -0.8875 -0.1776 0.4252
vn -0.8153 -0.2589 0.5179
vn -0.9929 -0.0192 0.1176
vn -0.9965 -0.0522 0.0648
vn -0.9279 -0.2375 0.2873
vn -0.9480 -0.2073 0.2413
vn -0.9726 -0.0505 0.2270
vn -0.9734 -0.0107 0.2290
vn -0.9743 -0.1209 0.1901
vn -0.9986 -0.0220 -0.0479
vn -0.9999 0.0038 0.0150
vn -0.9582 0.0094 -0.2860
vn -0.9482 -0.0621 -0.3115
vn -0.8807 -0.2180 -0.4205
vn -0.9301 -0.0896 -0.3563
vn -0.7470 -0.3728 -0.5505
vn -0.5830 -0.3169 -0.7481
vn -0.6446 -0.2861 -0.7090
vn -0.3989 -0.3618 -0.8426
vn -0.4706 0.0785 -0.8788
vn -0.1407 0.4982 -0.8555
vn -0.1338 0.4762 -0.8691
vn -0.3749 0.0672 -0.9246
vn -0.8393 0.0139 -0.5435
vn -0.8732 -0.0947 -0.4781
vn -0.8754 -0.2581 -0.4087
vn -0.8496 -0.3584 -0.3870
vn -0.8355 -0.2833 -0.4709
vn -0.6030 0.0079 -0.7977
vn -0.2879 0.3207 -0.9024
vn 0.0861 0.7120 -0.6969
vn 0.1884 0.7098 -0.6787
vn -0.1585 0.6881 -0.7081
vn 0.2404 0.9584 -0.1542
vn 0.1707 0.9719 -0.1623
vn 0.0337 0.9993 -0.0151
vn 0.0350 0.9993 0.0147
vn 0.8359 0.3852 -0.3910
vn 0.8080 0.3807 -0.4497
vn 0.7878 0.3906 -0.4763
vn 0.8261 0.4002 -0.3968
vn 0.8631 0.2616 -0.4319
vn 0.8249 0.3105 -0.4723
vn 0.7805 0.3594 -0.5115
vn 0.7478 0.3844 -0.5414
vn 0.7157 0.3910 -0.5787
vn 0.7073 0.5443 -0.4510
vn 0.6493 0.5825 -0.4890
vn 0.4740 0.7904 -0.3881
vn 0.5619 0.7532 -0.3419
vn 0.8491 0.2317 -0.4748
vn 0.7810 0.2331 -0.5794
vn 0.7546 0.2926 -0.5873
vn 0.8381 0.2453 -0.4873
vn 0.6934 0.2524 -0.6749
vn 0.6498 0.2996 -0.6985
vn 0.7832 0.4077 -0.4695
vn 0.7174 0.4283 -0.5495
vn 0.6334 0.4316 -0.6423
vn 0.5897 0.5953 -0.5458
vn 0.3774 0.8071 -0.4540
vn 0.3331 0.8836 -0.3292
vn 0.4190 0.8711 -0.2562
vn 0.2260 0.8911 -0.3934
vn 0.1043 0.9766 -0.1883
vn 0.0319 0.9981 -0.0536
vn 0.9720 -0.2290 -0.0523
vn 0.9428 -0.3251 -0.0739
vn 0.9610 -0.1867 -0.2039
vn 0.9670 -0.1168 -0.2263
vn 0.9321 -0.3085 -0.1898
vn 0.9162 -0.3843 -0.1136
vn 0.9409 -0.3237 -0.0992
vn 0.9624 -0.1781 -0.2050
vn 0.9394 -0.0462 -0.3397
vn 0.9477 -0.1273 -0.2927
vn 0.9204 -0.0946 -0.3792
vn 0.9299 -0.0172 -0.3674
vn 0.9139 -0.3948 -0.0950
vn 0.9516 -0.2573 -0.1682
vn 0.9964 -0.0191 -0.0823
vn 0.9340 -0.2820 -0.2194
vn 0.9498 -0.2367 -0.2044
vn 0.9605 -0.2703 -0.0653
vn 0.9029 -0.4207 0.0887
vn 0.8182 -0.5539 0.1543
vn -0.0355 0.9941 0.1028
vn 0.1308 0.9375 0.3223
vn 0.1888 0.9212 0.3403
vn 0.0712 0.9914 0.1099
vn -0.4655 0.4052 -0.7869
vn -0.4629 0.3022 -0.8333
vn -0.2890 0.3495 -0.8913
vn -0.2872 0.4045 -0.8683
vn -0.2965 0.1189 -0.9476
vn -0.3121 0.1629 -0.9360
vn -0.1344 0.2136 -0.9676
vn -0.0803 0.1687 -0.9824
vn 0.0105 0.2613 -0.9652
vn 0.0308 0.1908 -0.9811
vn -0.3833 0.3626 -0.8495
vn -0.2278 0.3131 -0.9220
vn -0.0458 0.2941 -0.9547
vn -0.1062 0.3931 -0.9133
vn -0.0923 0.3932 -0.9148
vn -0.2901 0.7176 -0.6332
vn -0.2604 0.8563 -0.4461
vn -0.0362 0.8757 -0.4814
vn -0.0748 0.7318 -0.6774
vn -0.3865 0.3762 -0.8421
vn -0.1882 0.4832 -0.8550
vn -0.0157 0.4944 -0.8691
vn 0.0816 0.6958 -0.7136
vn 0.1976 0.8398 -0.5056
vn -0.1509 0.9786 -0.1396
vn 0.0658 0.9755 -0.2098
vn 0.2442 0.9220 -0.3006
vn 0.2201 0.9713 0.0901
vn 0.2649 0.8937 0.3620
vn 0.4520 0.7274 -0.5162
vn 0.4129 0.8804 -0.2332
vn 0.6656 0.7343 -0.1337
vn 0.7105 0.5853 -0.3906
vn 0.0050 0.9461 -0.3238
vn 0.2409 0.9268 -0.2880
vn 0.2720 0.7931 -0.5451
vn 0.0090 0.8485 -0.5291
vn 0.2968 0.9425 0.1539
vn 0.2595 0.9613 -0.0928
vn 0.0747 0.9870 -0.1424
vn 0.1432 0.9785 0.1484
vn 0.6561 0.6861 0.3143
vn 0.6310 0.7727 0.0685
vn 0.4361 0.8987 -0.0464
vn 0.4838 0.8501 0.2080
vn 0.9204 0.3777 0.1012
vn 0.8576 0.4920 0.1499
vn 0.7762 0.5439 0.3190
vn 0.8695 0.4333 0.2370
vn 0.4521 0.7274 -0.5163
vn 0.7105 0.5853 -0.3907
vn 0.7344 0.3501 -0.5815
vn 0.5104 0.4875 -0.7085
vn 0.0490 0.6739 -0.7372
vn 0.0090 0.8485 -0.5292
vn 0.2720 0.7930 -0.5451
vn 0.3269 0.5877 -0.7401
vn 0.1312 0.8847 0.4473
vn 0.3300 0.8306 0.4485
vn 0.6418 0.6301 0.4372
vn 0.5184 0.7228 0.4569
vn 0.6378 0.6177 0.4600
vn 0.5184 0.7228 0.4570
vn 0.5332 0.6909 0.4882
vn 0.3494 0.7838 0.5134
vn 0.3299 0.8306 0.4486
vn 0.1312 0.8847 0.4474
vn 0.0939 0.8559 0.5085
vn 0.9181 0.2003 -0.3420
vn 0.9536 0.2078 -0.2179
vn 0.9406 0.1547 -0.3023
vn 0.9095 0.1578 -0.3846
vn 0.7613 0.2252 -0.6080
vn 0.5351 0.3633 -0.7627
vn 0.0817 0.5133 -0.8543
vn 0.3398 0.4674 -0.8162
vn 0.9314 0.3474 0.1089
vn 0.9525 0.2983 -0.0607
vn 0.9490 0.3152 -0.0103
vn 0.9204 0.3777 0.1011
vn 0.9255 0.3197 0.2028
vn 0.9368 0.3089 -0.1643
vn 0.8986 0.4385 -0.0140
vn 0.9368 0.3089 -0.1642
vn 0.7124 0.5687 0.4112
vn 0.6938 0.5720 0.4376
vn 0.9622 -0.1056 0.2509
vn 0.9755 -0.1899 0.1109
vn 0.9895 -0.0127 0.1443
vn 0.9698 0.0422 0.2403
vn 0.9628 -0.1367 0.2332
vn 0.9558 -0.2928 0.0250
vn 0.8269 -0.5596 -0.0557
vn 0.9501 -0.3110 0.0235
vn 0.9755 -0.1899 0.1108
vn 0.9959 -0.0281 0.0861
vn 0.9895 -0.0126 0.1443
vn 0.9560 0.0960 -0.2774
vn 0.9556 0.1979 -0.2182
vn 0.9598 0.2484 -0.1310
vn 0.9384 0.2655 -0.2212
vn 0.0747 0.9870 -0.1425
vn 0.2595 0.9613 -0.0929
vn 0.4361 0.8987 -0.0465
vn 0.6310 0.7727 0.0684
vn 0.8577 0.4919 0.1498
vn 0.9597 0.2484 -0.1311
vn 0.9070 -0.0164 0.4209
vn 0.9193 -0.0451 0.3909
vn 0.9069 -0.0164 0.4209
vn 0.8576 0.0333 0.5133
vn 0.8673 0.0131 0.4977
vn 0.8997 0.0953 0.4259
vn 0.8449 0.1254 0.5200
vn 0.8998 0.0953 0.4259
vn 0.7635 0.4771 0.4353
vn 0.7928 0.4679 0.3905
vn 0.7929 0.4679 0.3905
vn 0.8675 0.3059 0.3922
vn 0.8813 0.2264 0.4147
vn 0.8372 0.2328 0.4949
vn 0.7256 -0.6869 -0.0411
vn 0.8872 -0.4607 0.0249
vn 0.9970 0.0120 0.0762
vn 0.8361 0.2956 0.4621
vn 0.8600 -0.4922 -0.1347
vn 0.8872 -0.4607 0.0248
vn 0.7256 -0.6869 -0.0412
vn 0.7590 -0.6226 -0.1905
vn 0.9528 0.2039 0.2251
vn 0.9721 0.1617 0.1702
vn 0.9941 0.0897 0.0616
vn 0.9970 0.0120 0.0763
vn 0.9932 -0.1147 0.0187
vn 0.9915 0.0798 -0.1023
vn 0.9367 -0.2316 -0.2628
vn 0.9891 0.1132 -0.0941
vn 0.9891 0.1132 -0.0940
vn 0.7862 -0.5733 -0.2306
vn -0.4939 0.7545 -0.4322
vn -0.7030 0.6180 -0.3519
vn -0.6581 0.7343 -0.1665
vn -0.4413 0.8575 -0.2644
vn -0.2341 0.8311 -0.5045
vn -0.2081 0.9221 -0.3263
vn -0.1059 0.9809 0.1633
vn -0.1855 0.9719 -0.1451
vn -0.5719 0.7979 0.1906
vn -0.4129 0.8905 0.1913
vn -0.4595 0.8861 -0.0603
vn -0.6200 0.7844 0.0162
vn -0.8802 0.4503 0.1499
vn -0.8273 0.4952 0.2651
vn -0.6950 0.6844 0.2205
vn -0.7633 0.6375 0.1048
vn -0.4939 0.7545 -0.4323
vn -0.5487 0.5633 -0.6178
vn -0.7308 0.4742 -0.4911
vn -0.7030 0.6180 -0.3520
vn -0.2390 0.6295 -0.7394
vn -0.2341 0.8310 -0.5046
vn -0.0834 0.8927 0.4428
vn -0.5131 0.7721 0.3751
vn -0.3097 0.8599 0.4058
vn -0.5271 0.7268 0.4403
vn -0.3258 0.8183 0.4735
vn -0.5130 0.7720 0.3752
vn -0.1080 0.8585 0.5012
vn -0.0833 0.8927 0.4428
vn -0.8517 0.3841 -0.3564
vn -0.8616 0.3598 -0.3580
vn -0.9596 0.2130 -0.1839
vn -0.9478 0.2428 -0.2067
vn -0.5939 0.4234 -0.6841
vn -0.7331 0.4060 -0.5456
vn -0.2893 0.4786 -0.8290
vn -0.9370 0.3152 0.1506
vn -0.9171 0.3987 0.0042
vn -0.9595 0.2759 0.0562
vn -0.9006 0.3414 0.2689
vn -0.9370 0.3152 0.1507
vn -0.8464 0.4620 -0.2649
vn -0.8254 0.5598 -0.0728
vn -0.8464 0.4621 -0.2648
vn -0.6541 0.6549 0.3785
vn -0.6383 0.6329 0.4383
vn -0.6541 0.6549 0.3786
vn -0.9892 0.0777 0.1240
vn -0.9734 0.0945 0.2086
vn -0.9860 0.0559 0.1573
vn -0.9949 0.0158 0.0999
vn -0.9934 0.0988 0.0590
vn -0.9977 -0.0062 0.0676
vn -0.9958 -0.0589 0.0708
vn -0.9961 -0.0324 0.0818
vn -0.9938 0.0358 0.1051
vn -0.9754 0.1282 -0.1794
vn -0.9746 0.1569 -0.1600
vn -0.9744 0.2166 -0.0601
vn -0.9394 0.3140 -0.1375
vn -0.1855 0.9719 -0.1452
vn -0.6201 0.7844 0.0162
vn -0.7633 0.6375 0.1047
vn -0.9394 0.3140 -0.1374
vn -0.9744 0.2167 -0.0600
vn -0.9682 0.1147 0.2224
vn -0.9559 0.0969 0.2771
vn -0.9559 0.0969 0.2772
vn -0.9143 0.0554 0.4013
vn -0.9240 0.0924 0.3710
vn -0.9086 0.1620 0.3850
vn -0.9376 0.1372 0.3195
vn -0.7470 0.4884 0.4510
vn -0.7737 0.4909 0.4006
vn -0.8586 0.3467 0.3776
vn -0.8799 0.2413 0.4093
vn -0.9001 0.2354 0.3666
vn -0.9885 -0.0413 0.1452
vn -0.9937 -0.0279 0.1089
vn -0.9984 0.0276 0.0490
vn -0.8586 0.3466 0.3776
vn -0.8343 0.3465 0.4288
vn -0.9995 0.0278 -0.0157
vn -0.9986 0.0256 0.0456
vn -0.9885 -0.0412 0.1452
vn -0.9001 0.2354 0.3665
vn -0.9416 0.2280 0.2477
vn -0.9680 0.2007 0.1505
vn -0.9811 0.1788 0.0740
vn -0.9680 0.2008 0.1504
vn -0.9988 0.0237 -0.0432
vn -0.9842 0.1047 -0.1430
vn -0.9824 0.0622 -0.1763
vn -0.9881 0.1538 -0.0083
vn -0.9864 0.0576 -0.1540
vn 0.5293 -0.5662 -0.6318
vn 0.4419 -0.3706 -0.8170
vn 0.1423 -0.3387 -0.9301
vn 0.1332 -0.5627 -0.8158
vn 0.3036 -0.3819 -0.8729
vn 0.6018 -0.2261 -0.7660
vn 0.6135 -0.4724 -0.6328
vn 0.2873 -0.4745 -0.8320
vn -0.0617 -0.5329 -0.8439
vn -0.1110 -0.4403 -0.8910
vn 0.0715 -0.4981 -0.8642
vn 0.0130 -0.5266 -0.8500
vn 0.5463 -0.5633 -0.6199
vn 0.1249 -0.5665 -0.8145
vn -0.0595 -0.5442 -0.8368
vn 0.0284 -0.0042 -0.9996
vn 0.2974 0.0277 -0.9544
vn 0.1059 0.5718 -0.8135
vn -0.0335 0.4816 -0.8758
vn -0.0445 -0.1379 -0.9895
vn -0.2237 0.1181 -0.9675
vn 0.6021 -0.2272 -0.7654
vn 0.6590 -0.3394 -0.6712
vn 0.7812 -0.4534 -0.4291
vn 0.6176 -0.4762 -0.6260
vn 0.8075 -0.4970 -0.3177
vn 0.7176 -0.3641 -0.5937
vn 0.4774 -0.0374 -0.8779
vn 0.2045 0.3996 -0.8936
vn -0.0188 0.8714 -0.4902
vn -0.1945 0.9057 -0.3768
vn -0.0299 0.7669 -0.6411
vn -0.1273 0.5478 -0.8268
vn -0.4606 -0.4479 -0.7663
vn -0.1884 -0.4906 -0.8508
vn -0.2852 -0.3113 -0.9065
vn -0.6044 -0.2257 -0.7640
vn -0.0009 -0.5528 -0.8333
vn -0.0114 -0.5493 -0.8355
vn -0.2799 -0.5115 -0.8124
vn -0.2215 -0.5499 -0.8053
vn 0.0499 -0.5313 -0.8457
vn -0.0101 -0.4625 -0.8865
vn 0.2667 -0.4990 -0.8245
vn 0.1818 -0.5260 -0.8308
vn -0.3849 0.2195 -0.8965
vn -0.3310 0.7055 -0.6266
vn -0.2176 0.7746 -0.5939
vn -0.5548 0.2130 -0.8043
vn -0.0711 -0.1337 -0.9885
vn -0.3950 0.5551 -0.7320
vn -0.4536 -0.4810 -0.7503
vn -0.3699 -0.5085 -0.7775
vn -0.5908 -0.4482 -0.6709
vn -0.6909 -0.1961 -0.6958
vn -0.4553 0.5825 -0.6733
vn -0.6584 0.1435 -0.7389
vn -0.4725 0.8764 -0.0933
vn -0.2626 0.9460 -0.1903
vn 0.0150 0.9613 -0.2750
vn 0.1810 0.9536 -0.2406
vn 0.8290 -0.3531 -0.4336
vn 0.7835 -0.2491 -0.5692
vn 0.7551 -0.3070 -0.5793
vn 0.7570 -0.4836 -0.4393
vn 0.8113 -0.4456 -0.3785
vn 0.8655 -0.4482 -0.2235
vn 0.8455 -0.4633 -0.2656
vn 0.7988 -0.4863 -0.3542
vn 0.7458 -0.5428 -0.3861
vn 0.7492 -0.4721 -0.4646
vn 0.7578 -0.4061 -0.5106
vn 0.7724 -0.4830 -0.4125
vn 0.6374 -0.0108 -0.7704
vn 0.6900 0.0502 -0.7220
vn 0.6444 0.1267 -0.7542
vn 0.5941 0.0963 -0.7986
vn 0.6563 -0.2037 -0.7264
vn 0.5778 0.0663 -0.8135
vn 0.9146 -0.4025 -0.0377
vn 0.9354 -0.3274 -0.1334
vn 0.8647 -0.2122 -0.4552
vn 0.8011 -0.1684 -0.5743
vn 0.7174 0.0045 -0.6967
vn 0.7225 0.0759 -0.6872
vn -0.6850 -0.0691 -0.7253
vn -0.5406 -0.0239 -0.8410
vn -0.4553 0.6048 -0.6534
vn -0.5040 0.6560 -0.5618
vn -0.3181 -0.5780 -0.7515
vn -0.3303 -0.5224 -0.7861
vn -0.4781 -0.4836 -0.7332
vn -0.4836 -0.4994 -0.7188
vn -0.4224 -0.0333 -0.9058
vn -0.3841 0.5509 -0.7409
vn -0.2331 -0.6224 -0.7471
vn -0.2873 -0.5295 -0.7982
vn -0.3784 -0.4150 -0.8274
vn -0.6316 -0.3703 -0.6812
vn -0.3449 -0.4222 -0.8383
vn -0.2417 0.8928 -0.3801
vn -0.2059 0.9309 -0.3018
vn -0.2332 0.8776 -0.4188
vn -0.7040 -0.4013 -0.5860
vn -0.6185 -0.4485 -0.6452
vn -0.7645 -0.3454 -0.5443
vn -0.3947 0.7255 -0.5637
vn -0.7769 -0.1113 -0.6197
vn -0.1485 0.9440 -0.2948
vn -0.8116 -0.3194 -0.4892
vn -0.6889 -0.3329 -0.6439
vn -0.7075 -0.4197 -0.5686
vn -0.8102 -0.3756 -0.4501
vn -0.6905 0.0518 -0.7215
vn -0.7052 -0.1105 -0.7003
vn -0.8282 -0.1960 -0.5251
vn -0.8105 -0.1074 -0.5758
vn -0.5657 -0.3344 -0.7538
vn -0.5379 -0.4133 -0.7348
vn -0.6446 0.2196 -0.7323
vn -0.6446 -0.0256 -0.7641
vn -0.8044 -0.3216 -0.4995
vn -0.6877 0.1579 -0.7086
vn -0.8256 0.1481 -0.5444
vn -0.8288 -0.3109 -0.4652
vn -0.5518 -0.4661 -0.6916
vn -0.5661 -0.1300 -0.8141
vn -0.8883 -0.2119 -0.4075
vn -0.9007 -0.1658 -0.4016
vn -0.8392 -0.3352 -0.4282
vn -0.7803 -0.4021 -0.4790
vn -0.8095 0.0787 -0.5818
vn -0.7827 -0.3492 -0.5152
vn -0.5009 0.1908 -0.8442
vn -0.6642 0.2951 -0.6868
vn -0.7821 0.2845 -0.5544
vn -0.8480 0.2356 -0.4747
vn 0.9272 -0.1062 -0.3592
vn 0.9292 -0.2406 -0.2805
vn 0.9562 -0.0511 -0.2883
vn 0.9241 0.0639 -0.3767
vn 0.8802 -0.3615 -0.3076
vn 0.8744 -0.3843 -0.2961
vn 0.8699 -0.3366 -0.3606
vn 0.8945 -0.3268 -0.3051
vn 0.8985 -0.1798 -0.4005
vn 0.8753 -0.2104 -0.4354
vn 0.8238 0.0692 -0.5627
vn 0.8492 0.0423 -0.5264
vn 0.6279 0.3943 -0.6710
vn 0.7100 0.4047 -0.5763
vn 0.9298 -0.2896 -0.2271
vn 0.9668 -0.1870 -0.1743
vn 0.8598 -0.4102 -0.3041
vn 0.8355 -0.3552 -0.4192
vn 0.8446 -0.2424 -0.4775
vn 0.8719 -0.1085 -0.4775
vn 0.8961 0.4142 -0.1594
vn 0.9429 -0.0730 -0.3249
vn 0.9536 -0.1829 -0.2392
vn 0.9752 -0.1142 -0.1897
vn 0.9652 0.0178 -0.2610
vn 0.8945 -0.3367 -0.2942
vn 0.8891 -0.3646 -0.2767
vn 0.8991 -0.3552 -0.2558
vn 0.8778 -0.3524 -0.3245
vn 0.9307 -0.2041 -0.3036
vn 0.9014 -0.2164 -0.3750
vn 0.8153 0.1818 -0.5498
vn 0.8558 0.1523 -0.4943
vn 0.6760 0.4377 -0.5928
vn 0.7209 0.3951 -0.5694
vn 0.9537 -0.2487 -0.1689
vn 0.9664 -0.2244 -0.1256
vn 0.8798 -0.3748 -0.2922
vn 0.8439 -0.3907 -0.3677
vn 0.8462 -0.2568 -0.4669
vn 0.8258 0.1349 -0.5477
vn 0.7697 0.3337 -0.5442
vn 0.9465 -0.3044 -0.1072
vn 0.9493 -0.2377 -0.2056
vn 0.9683 -0.2448 -0.0496
vn 0.9424 -0.3342 0.0138
vn 0.7603 -0.4248 -0.4915
vn 0.7006 -0.4788 -0.5291
vn 0.8123 -0.4794 -0.3321
vn 0.8214 -0.4523 -0.3475
vn -0.1533 0.9882 -0.0014
vn 0.2551 0.5936 -0.7632
vn 0.1578 0.9284 -0.3364
vn -0.1612 0.9849 0.0628
vn 0.0303 0.5565 -0.8303
vn 0.3152 0.3809 -0.8692
vn 0.6372 -0.5372 -0.5526
vn 0.8174 -0.5021 -0.2823
vn 0.8824 -0.4180 -0.2157
vn 0.8708 -0.4537 -0.1891
vn 0.9271 -0.3100 -0.2107
vn 0.9060 -0.3704 -0.2048
vn 0.8784 -0.4535 -0.1509
vn 0.9464 -0.2443 -0.2112
vn 0.9527 -0.1841 -0.2417
vn 0.9613 -0.2137 -0.1737
vn 0.9827 -0.1389 0.1225
vn 0.9608 -0.1983 0.1938
vn 0.9931 -0.0932 0.0705
vn 0.9773 -0.0993 0.1874
vn 0.9648 -0.1395 0.2228
vn 0.9872 -0.0564 0.1492
vn 0.4644 0.1969 -0.8635
vn 0.6153 -0.2356 -0.7523
vn 0.6610 -0.1993 -0.7235
vn 0.5063 0.3108 -0.8044
vn 0.5415 0.4714 -0.6961
vn 0.7211 -0.1271 -0.6811
vn 0.9369 -0.3043 -0.1721
vn 0.9427 -0.2406 -0.2312
vn 0.9237 -0.3200 -0.2105
vn 0.9158 -0.3809 -0.1275
vn 0.9413 -0.2309 -0.2463
vn 0.8770 -0.3532 -0.3258
vn 0.8616 -0.4205 -0.2843
vn 0.9313 -0.2950 -0.2137
vn 0.8431 -0.2934 -0.4507
vn 0.8169 -0.3461 -0.4614
vn 0.6971 -0.0275 -0.7165
vn 0.6453 -0.1622 -0.7466
vn 0.3919 0.3167 -0.8638
vn 0.4037 0.3689 -0.8372
vn 0.3057 0.5751 -0.7589
vn 0.2780 0.5998 -0.7503
vn 0.9400 -0.1965 -0.2790
vn 0.9126 -0.1989 -0.3571
vn 0.8459 -0.4776 -0.2373
vn 0.9253 -0.3532 -0.1382
vn 0.7740 -0.3989 -0.4917
vn 0.5893 -0.2254 -0.7758
vn 0.4142 0.1312 -0.9007
vn 0.2136 0.6394 -0.7386
vn -0.8674 -0.3041 -0.3940
vn -0.8064 -0.3769 -0.4557
vn -0.8260 -0.0869 -0.5569
vn -0.7858 -0.0653 -0.6150
vn -0.7580 -0.1899 -0.6241
vn -0.8019 -0.2795 -0.5280
vn -0.9045 -0.2952 -0.3078
vn -0.9120 -0.2035 -0.3561
vn -0.7936 -0.3792 -0.4758
vn -0.8564 -0.2027 -0.4749
vn -0.6344 -0.1765 -0.7526
vn -0.6635 -0.2757 -0.6955
vn -0.7820 -0.4158 -0.4643
vn -0.8725 -0.3679 -0.3216
vn -0.7341 -0.4241 -0.5302
vn -0.7649 0.3029 -0.5686
vn -0.5573 0.3904 -0.7329
vn -0.8630 0.2374 -0.4460
vn -0.9320 -0.2939 -0.2122
vn -0.9522 -0.2132 -0.2187
vn -0.8965 -0.2490 -0.3665
vn -0.9215 -0.3135 -0.2294
vn -0.8102 -0.0731 -0.5815
vn -0.5895 0.3644 -0.7209
vn 0.9491 -0.1670 -0.2672
vn 0.9465 -0.1961 -0.2564
vn 0.9554 -0.1386 -0.2607
vn 0.9701 -0.1875 -0.1540
vn 0.7871 -0.0853 -0.6110
vn 0.9190 -0.2514 -0.3036
vn 0.8114 -0.1949 -0.5510
vn 0.9015 -0.3231 -0.2879
vn 0.7943 -0.2165 -0.5676
vn 0.8424 -0.1981 -0.5012
vn 0.7300 0.1493 -0.6669
vn 0.6835 0.1709 -0.7096
vn 0.4295 0.6513 -0.6256
vn 0.4385 0.6604 -0.6096
vn 0.9562 -0.2056 -0.2084
vn 0.9493 -0.1252 -0.2885
vn 0.9334 -0.3326 -0.1348
vn 0.9224 -0.3397 -0.1835
vn 0.9059 -0.3366 -0.2569
vn 0.8112 -0.0179 -0.5846
vn 0.4687 0.6762 -0.5684
vn 0.1396 0.9797 -0.1442
vn 0.1364 0.9680 -0.2109
vn -0.1152 0.9609 0.2517
vn -0.1207 0.9275 0.3538
vn 0.1697 0.9825 -0.0771
vn -0.1263 0.8407 0.5266
vn -0.5693 -0.3557 -0.7412
vn -0.4120 -0.3882 -0.8244
vn -0.3355 -0.5497 -0.7650
vn -0.5194 -0.5043 -0.6898
vn -0.3051 0.1023 -0.9468
vn -0.3487 -0.0393 -0.9364
vn -0.5138 -0.0677 -0.8552
vn -0.4378 0.0369 -0.8983
vn -0.2212 -0.4141 -0.8829
vn -0.2223 -0.5631 -0.7960
vn -0.2241 0.1311 -0.9657
vn -0.2245 0.0031 -0.9745
vn -0.3478 -0.4517 -0.8216
vn -0.4064 0.0350 -0.9130
vn -0.5339 0.0226 -0.8452
vn -0.4852 -0.4550 -0.7467
vn -0.2411 -0.5731 -0.7832
vn -0.3821 -0.1391 -0.9136
vn -0.5952 -0.1432 -0.7907
vn -0.5589 -0.0574 -0.8273
vn -0.6205 -0.3747 -0.6889
vn -0.6652 -0.4594 -0.5887
vn -0.7299 -0.1030 -0.6758
vn -0.7305 -0.4597 -0.5051
vn -0.3737 0.3735 -0.8490
vn -0.4183 0.4031 -0.8140
vn -0.5081 0.4178 -0.7532
vn -0.5914 0.4031 -0.6984
vn 0.7758 -0.1578 -0.6109
vn 0.4727 -0.5673 -0.6743
vn 0.5870 -0.1777 -0.7898
vn 0.5722 0.1393 -0.8082
vn 0.7361 0.0990 -0.6695
vn 0.7404 0.0810 -0.6673
vn 0.5327 0.0675 -0.8436
vn 0.3201 -0.2264 -0.9200
vn 0.2616 -0.4939 -0.8292
vn 0.3344 0.1924 -0.9226
vn 0.3368 0.0608 -0.9396
vn 0.3397 -0.6797 -0.6501
vn 0.2087 -0.6077 -0.7662
vn 0.8265 0.0798 -0.5572
vn 0.8289 0.0678 -0.5552
vn 0.8514 -0.1353 -0.5068
vn 0.5745 -0.4621 -0.6756
vn 0.4750 -0.5945 -0.6488
vn 0.3141 -0.5635 -0.7641
vn 0.3141 -0.4898 -0.8133
vn 0.1659 -0.0160 -0.9860
vn 0.4742 0.0189 -0.8802
vn 0.5395 -0.1321 -0.8316
vn 0.1990 -0.1615 -0.9666
vn 0.0876 -0.4691 -0.8788
vn 0.1662 -0.4835 -0.8594
vn -0.0723 -0.0763 -0.9945
vn -0.0473 -0.1914 -0.9804
vn 0.3520 -0.6059 -0.7134
vn 0.4739 -0.6494 -0.5948
vn 0.6038 -0.4369 -0.6667
vn 0.5329 -0.4093 -0.7406
vn 0.1775 -0.5485 -0.8171
vn 0.1944 -0.5468 -0.8144
vn 0.7363 -0.0117 -0.6766
vn 0.7507 -0.1041 -0.6524
vn 0.7311 -0.3555 -0.5823
vn 0.6276 -0.5821 -0.5170
vn 0.5307 -0.6020 -0.5966
vn 0.4468 -0.5750 -0.6853
vn 0.6267 -0.3994 -0.6691
vn 0.6534 -0.2960 -0.6967
vn 0.6466 -0.2307 -0.7271
vn 0.5658 -0.2102 -0.7973
vn 0.8461 -0.4736 -0.2447
vn 0.8498 -0.4334 -0.3000
vn 0.8012 -0.5079 -0.3163
vn 0.8165 -0.4910 -0.3036
vn 0.8360 0.1117 -0.5372
vn 0.9668 -0.0275 -0.2541
vn 0.9537 -0.2283 -0.1957
vn 0.8971 -0.1042 -0.4294
vn 0.7900 -0.4855 -0.3744
vn 0.7567 -0.5114 -0.4073
vn 0.7119 0.1369 -0.6888
vn 0.7420 0.0130 -0.6703
vn 0.8875 -0.4245 -0.1791
vn 0.8334 -0.4534 -0.3160
vn 0.7678 -0.3539 -0.5341
vn 0.6705 -0.4978 -0.5501
vn 0.7483 -0.3872 -0.5386
vn 0.6968 -0.3662 -0.6168
vn 0.6532 -0.4732 -0.5911
vn 0.6324 -0.5683 -0.5263
vn 0.6451 -0.5085 -0.5703
vn 0.9747 -0.1990 -0.1018
vn 0.9606 -0.2599 -0.0979
vn 0.9196 -0.3777 -0.1079
vn 0.8896 -0.3978 -0.2242
vn 0.8555 -0.3807 -0.3510
vn 0.7749 -0.2988 -0.5569
vn 0.7540 -0.2784 -0.5950
vn 0.6503 -0.5950 -0.4723
vn 0.7199 -0.5573 -0.4137
vn 0.8196 -0.4267 -0.3824
vn 0.8377 -0.2834 -0.4669
vn -0.1969 -0.3481 -0.9166
vn 0.1237 -0.4875 -0.8643
vn 0.1183 -0.5057 -0.8545
vn -0.2506 -0.4152 -0.8745
vn -0.3018 -0.1311 -0.9443
vn -0.1269 -0.0838 -0.9884
vn -0.0200 -0.0820 -0.9964
vn -0.3021 -0.1525 -0.9410
vn -0.2624 -0.2706 -0.9262
vn 0.0747 -0.2739 -0.9588
vn -0.6083 -0.1470 -0.7799
vn -0.0559 -0.5990 -0.7988
vn -0.0779 -0.2621 -0.9619
vn -0.4083 0.1517 -0.9002
vn 0.1671 -0.0006 -0.9859
vn 0.2476 -0.0130 -0.9688
vn 0.3740 -0.2792 -0.8844
vn 0.4056 -0.5379 -0.7390
vn 0.4329 -0.5916 -0.6801
vn 0.3056 -0.6878 -0.6584
vn 0.3329 -0.6456 -0.6873
vn 0.0314 -0.5627 -0.8261
vn 0.4103 -0.5624 -0.7179
vn -0.4576 -0.3997 -0.7942
vn 0.2893 -0.1544 -0.9447
vn 0.1204 0.2079 -0.9707
vn -0.0015 0.4236 -0.9059
vn 0.8804 0.1129 -0.4606
vn 0.9216 -0.0485 -0.3850
vn 0.7629 0.0173 -0.6463
vn 0.7566 0.1689 -0.6317
vn 0.8011 0.1089 -0.5886
vn 0.8706 0.1431 -0.4707
vn 0.8749 0.1144 -0.4706
vn 0.7949 0.1215 -0.5945
vn 0.7093 0.1623 -0.6859
vn 0.6917 0.0767 -0.7181
vn 0.7607 0.0743 -0.6448
vn 0.7530 0.1012 -0.6502
vn 0.8739 -0.3529 -0.3345
vn 0.7459 -0.2327 -0.6241
vn 0.6684 -0.1953 -0.7177
vn 0.8973 0.1399 -0.4187
vn 0.9046 0.1005 -0.4142
vn 0.9278 0.0341 -0.3714
vn 0.9605 -0.0512 -0.2734
vn 0.8864 -0.4586 -0.0633
vn 0.6739 0.1687 -0.7194
vn 0.6723 0.2086 -0.7102
vn 0.5576 0.0640 -0.8276
vn 0.4505 0.1980 -0.8705
vn 0.3992 0.5378 -0.7425
vn 0.6867 0.4617 -0.5615
vn 0.7130 0.2272 -0.6633
vn 0.5045 0.2658 -0.8215
vn 0.2956 0.1884 -0.9366
vn 0.3270 0.1299 -0.9361
vn 0.2292 0.5186 -0.8237
vn 0.2739 0.3009 -0.9135
vn 0.7014 -0.0362 -0.7118
vn 0.5080 0.0317 -0.8608
vn 0.3054 0.0937 -0.9476
vn 0.6313 0.2365 -0.7386
vn 0.6707 0.1398 -0.7285
vn 0.4202 -0.3081 -0.8535
vn 0.8072 0.3665 -0.4627
vn 0.8261 0.1738 -0.5360
vn 0.7575 0.0035 -0.6528
vn 0.7102 0.1522 -0.6874
vn 0.6268 0.2173 -0.7483
vn 0.5982 0.2575 -0.7589
vn -0.2885 0.2411 -0.9266
vn -0.2707 -0.0330 -0.9621
vn -0.3911 -0.0877 -0.9161
vn -0.4519 0.1339 -0.8820
vn -0.2233 0.4488 -0.8653
vn -0.2422 0.4119 -0.8785
vn -0.3751 0.3922 -0.8399
vn -0.2965 0.4635 -0.8350
vn -0.2566 -0.2373 -0.9369
vn -0.2824 -0.2471 -0.9269
vn -0.3512 -0.0624 -0.9342
vn -0.3573 -0.2621 -0.8965
vn -0.4913 0.3493 -0.7979
vn -0.4355 0.4837 -0.7592
vn -0.5795 0.0508 -0.8134
vn -0.5922 -0.1612 -0.7895
vn -0.4451 0.0616 -0.8934
vn -0.5380 -0.2965 -0.7891
vn -0.2381 0.0529 -0.9698
vn -0.3085 0.2899 -0.9059
vn -0.3341 0.3922 -0.8571
vn -0.2695 0.2282 -0.9356
vn 0.0018 0.1527 -0.9883
vn -0.0995 0.0422 -0.9941
vn -0.2882 -0.0227 -0.9573
vn -0.2786 0.4387 -0.8543
vn -0.1254 0.4774 -0.8697
vn 0.0234 0.3480 -0.9372
vn -0.2735 0.3883 -0.8800
vn -0.1759 0.4051 -0.8972
vn -0.3282 0.0166 -0.9444
vn 0.1366 0.5153 -0.8461
vn 0.2145 0.3373 -0.9166
vn 0.3041 0.0474 -0.9515
vn 0.2201 0.0767 -0.9724
vn -0.0125 0.3154 -0.9489
vn -0.0537 0.9985 0.0101
vn -0.1134 0.9621 -0.2480
vn -0.1737 0.9254 -0.3370
vn -0.1221 0.9925 -0.0003
vn -0.1171 0.8862 -0.4482
vn 0.1011 0.9943 0.0333
vn -0.9225 -0.1912 -0.3353
vn -0.9248 0.1239 -0.3598
vn -0.8539 0.2211 -0.4710
vn -0.8900 -0.1530 -0.4294
vn -0.9443 -0.0776 -0.3198
vn -0.9145 -0.2494 -0.3187
vn -0.9116 -0.2960 -0.2851
vn -0.9234 -0.1773 -0.3404
vn -0.9043 -0.3174 -0.2855
vn -0.8901 -0.2992 -0.3438
vn -0.0963 0.9945 -0.0401
vn -0.1002 0.9855 -0.1370
vn -0.9266 -0.2846 -0.2459
vn -0.8913 -0.2768 -0.3591
vn -0.8670 -0.1140 -0.4852
vn -0.8703 -0.2771 -0.4071
vn -0.8209 0.2020 -0.5341
vn -0.1629 0.9516 -0.2605
vn -0.8738 -0.3808 -0.3025
vn -0.8935 -0.3341 -0.3001
vn -0.8938 -0.3092 -0.3249
vn -0.9176 -0.1233 -0.3780
vn -0.8638 -0.2413 -0.4424
vn -0.9469 -0.0265 -0.3204
vn 0.2265 0.9521 0.2057
vn 0.2220 0.9603 0.1691
vn 0.2161 0.9674 0.1323
vn -0.8640 -0.0123 -0.5033
vn -0.8545 0.2608 -0.4493
vn -0.9066 0.1275 -0.4023
vn -0.9088 -0.0860 -0.4082
vn -0.9185 -0.2845 -0.2748
vn -0.9119 -0.3051 -0.2746
vn -0.8252 -0.3723 -0.4248
vn -0.8519 -0.3329 -0.4044
vn -0.3342 0.1674 -0.9275
vn -0.4213 0.2144 -0.8812
vn -0.8049 -0.0549 -0.5909
vn -0.7222 -0.0831 -0.6867
vn -0.2211 0.1096 -0.9691
vn -0.6072 -0.1120 -0.7867
vn -0.7255 -0.4545 -0.5168
vn -0.7910 -0.3702 -0.4871
vn -0.8789 -0.4246 -0.2175
vn -0.8334 -0.4714 -0.2885
vn -0.8409 -0.3642 -0.4004
vn -0.7811 -0.4678 -0.4136
vn -0.8760 -0.1607 -0.4548
vn -0.6961 -0.4575 -0.5533
vn -0.9315 0.0046 -0.3637
vn -0.9357 0.0354 -0.3511
vn -0.9724 0.2333 -0.0050
vn -0.9545 -0.0600 0.2920
vn -0.9907 0.1302 0.0396
vn -0.9713 0.1612 -0.1751
vn -0.9576 0.2738 -0.0896
vn -0.9547 0.1206 -0.2720
vn -0.9354 -0.1942 0.2953
vn -0.9871 0.1371 0.0831
vn -0.9506 0.3082 -0.0377
vn -0.7871 -0.4243 -0.4478
vn -0.7983 -0.4124 -0.4389
vn -0.8210 -0.3791 -0.4268
vn -0.7942 -0.4355 -0.4238
vn -0.8756 0.1582 -0.4564
vn -0.8890 0.0800 -0.4509
vn -0.8964 0.1275 -0.4245
vn -0.9010 0.1440 -0.4092
vn -0.8914 -0.0247 -0.4526
vn -0.8538 -0.2268 -0.4687
vn -0.8455 -0.1841 -0.5013
vn -0.8782 0.0490 -0.4757
vn -0.8603 -0.1022 -0.4995
vn -0.6499 0.5424 -0.5325
vn -0.3642 0.6951 -0.6198
vn -0.7853 0.0915 -0.6123
vn -0.8955 0.1675 -0.4123
vn -0.9162 0.1343 -0.3774
vn -0.8249 -0.1281 -0.5505
vn -0.8566 0.1032 -0.5056
vn -0.8362 -0.3674 -0.4072
vn -0.7995 -0.4465 -0.4017
vn -0.2582 0.5763 -0.7753
vn -0.7022 0.1639 -0.6928
vn -0.7986 -0.4549 -0.3941
vn -0.7266 -0.4953 -0.4762
vn -0.7451 -0.3758 -0.5510
vn -0.8048 -0.4147 -0.4248
vn -0.9109 0.0283 -0.4117
vn -0.9145 0.0221 -0.4040
vn -0.8841 0.0999 -0.4565
vn -0.9006 0.0980 -0.4234
vn -0.9137 -0.0812 -0.3983
vn -0.8837 -0.2105 -0.4180
vn -0.8471 -0.2111 -0.4877
vn -0.8663 -0.0194 -0.4992
vn -0.8532 0.1537 -0.4985
vn -0.8899 0.1500 -0.4307
vn -0.7787 -0.2019 -0.5940
vn -0.8082 0.0512 -0.5867
vn -0.7583 -0.1524 -0.6339
vn -0.7970 -0.3513 -0.4913
vn -0.6444 -0.0061 -0.7647
vn -0.4329 0.2680 -0.8607
vn -0.3924 0.3582 -0.8472
vn -0.5250 0.2220 -0.8217
vn -0.3756 0.3923 -0.8397
vn -0.4213 0.3818 -0.8226
vn -0.8806 0.1716 -0.4418
vn -0.7921 0.1463 -0.5926
vn -0.7644 0.0902 -0.6383
vn -0.8506 0.0926 -0.5176
vn -0.8553 0.2514 -0.4531
vn -0.8366 0.2406 -0.4922
vn -0.7502 0.1166 -0.6508
vn -0.7236 0.0855 -0.6849
vn -0.7440 0.1025 -0.6603
vn -0.8225 0.1330 -0.5531
vn -0.6982 0.0901 -0.7102
vn -0.8819 0.2137 -0.4202
vn -0.8636 0.1702 -0.4746
vn -0.9115 0.1815 -0.3691
vn -0.8925 0.0944 -0.4410
vn -0.8511 0.1594 -0.5002
vn -0.8701 -0.0623 -0.4889
vn -0.8708 0.0058 -0.4917
vn -0.8840 0.0354 -0.4661
vn -0.9084 -0.1082 -0.4039
vn -0.7723 0.3095 -0.5547
vn -0.8126 0.1865 -0.5522
vn -0.8653 0.1430 -0.4804
vn -0.8195 0.2649 -0.5082
vn -0.8082 0.0879 -0.5823
vn -0.8152 0.1580 -0.5571
vn -0.7782 0.3488 -0.5222
vn -0.8013 0.2437 -0.5464
vn -0.8784 0.1376 -0.4577
vn -0.9446 -0.1129 -0.3083
vn -0.8216 0.2297 -0.5218
vn -0.8810 0.1075 -0.4607
vn -0.9176 0.2862 -0.2759
vn -0.8307 -0.0707 -0.5522
vn -0.8523 -0.1206 -0.5090
vn -0.8907 -0.1743 -0.4198
vn -0.8856 -0.0331 -0.4632
vn -0.8906 0.0553 -0.4514
vn -0.8840 0.0425 -0.4655
vn -0.8835 -0.0334 -0.4672
vn -0.7486 0.2041 -0.6309
vn -0.8090 0.1064 -0.5781
vn -0.8848 0.0777 -0.4594
vn -0.8552 0.1933 -0.4809
vn -0.8305 0.3583 -0.4265
vn -0.8026 0.3678 -0.4696
vn -0.9271 0.0469 -0.3718
vn -0.9488 0.1701 -0.2663
vn -0.8830 -0.0370 -0.4680
vn -0.8722 0.0525 -0.4862
vn -0.7391 0.4297 -0.5188
vn -0.6671 0.6550 -0.3550
vn -0.6218 0.6554 -0.4288
vn -0.5781 0.6516 -0.4912
vn -0.8787 0.0399 -0.4757
vn -0.7406 0.2016 -0.6410
vn -0.8048 0.1240 -0.5805
vn -0.8744 -0.0073 -0.4852
vn -0.7461 0.4162 -0.5198
vn -0.7024 0.4714 -0.5332
vn -0.7720 0.5686 -0.2841
vn -0.8024 0.4755 -0.3607
vn -0.6758 0.2720 -0.6851
vn -0.7673 0.1955 -0.6108
vn -0.7257 0.3893 -0.5673
vn -0.6726 0.4234 -0.6068
vn -0.7160 0.3572 -0.5997
vn -0.8634 0.3231 -0.3876
vn -0.6451 0.3394 -0.6846
vn -0.8182 0.0529 -0.5725
vn -0.8570 -0.0284 -0.5146
vn -0.8095 0.0761 -0.5822
vn -0.8145 0.5784 -0.0442
vn -0.8545 0.5001 -0.1404
vn -0.9348 -0.0397 -0.3529
vn -0.9438 0.2487 -0.2177
vn -0.8956 -0.1442 -0.4209
vn -0.9012 -0.0232 -0.4327
vn 0.1772 0.9764 -0.1236
vn 0.0350 0.9847 -0.1705
vn -0.2009 0.9796 0.0106
vn -0.1087 0.9876 0.1130
vn 0.9107 0.2182 -0.3507
vn 0.8452 0.1570 -0.5109
vn 0.8831 0.2053 -0.4220
vn 0.9429 0.1644 -0.2896
vn 0.8910 0.2113 -0.4019
vn 0.8607 0.1193 -0.4949
vn 0.7091 -0.1288 -0.6932
vn 0.7593 0.1234 -0.6390
vn 0.7905 0.2479 -0.5601
vn 0.8023 0.4368 -0.4068
vn 0.7369 0.5037 -0.4508
vn 0.5459 0.7442 -0.3850
vn 0.6191 0.7065 -0.3429
vn 0.8443 0.2767 -0.4589
vn 0.9116 0.1880 -0.3654
vn 0.7849 0.3190 -0.5312
vn 0.6610 0.5701 -0.4878
vn 0.4587 0.7756 -0.4337
vn 0.3184 0.8913 -0.3228
vn 0.4246 0.8654 -0.2659
vn 0.1571 0.9056 -0.3939
vn -0.1683 0.9486 -0.2681
vn -0.3063 0.9453 -0.1125
vn 0.1930 0.9430 -0.2712
vn 0.2028 0.9594 -0.1959
vn -0.0075 0.9999 -0.0129
vn -0.1150 0.9846 -0.1314
vn 0.9368 0.1828 -0.2982
vn 0.8651 0.3485 -0.3609
vn 0.9046 0.1111 -0.4116
vn 0.9178 0.0294 -0.3959
vn 0.8595 0.4338 -0.2704
vn 0.8585 0.3744 -0.3503
vn 0.8204 0.4240 -0.3836
vn 0.8685 0.4307 -0.2453
vn 0.8150 0.2005 -0.5437
vn 0.7614 0.4223 -0.4919
vn 0.7786 0.4319 -0.4552
vn 0.8489 0.2611 -0.4596
vn 0.7996 0.4846 -0.3547
vn 0.7613 0.5088 -0.4019
vn 0.6174 0.7126 -0.3333
vn 0.6429 0.6912 -0.3300
vn 0.8616 0.2490 -0.4424
vn 0.8956 0.1746 -0.4093
vn 0.8249 0.2775 -0.4925
vn 0.7179 0.5443 -0.4340
vn 0.5916 0.7392 -0.3219
vn 0.4291 0.8642 -0.2627
vn 0.4466 0.8452 -0.2935
vn 0.4123 0.8839 -0.2208
vn 0.2497 0.9665 -0.0594
vn 0.1386 0.9792 0.1482
vn -0.3229 0.9405 0.1061
vn -0.4491 0.8785 0.1628
vn -0.6906 0.5298 0.4923
vn -0.7295 0.6194 0.2901
vn 0.6963 0.1594 -0.6998
vn 0.4693 0.2875 -0.8349
vn 0.4933 0.4118 -0.7662
vn 0.6551 0.3238 -0.6827
vn 0.6053 0.0218 -0.7957
vn 0.5096 0.0336 -0.8598
vn 0.4354 -0.1027 -0.8944
vn 0.5991 -0.1249 -0.7909
vn 0.3144 0.0542 -0.9477
vn 0.2916 -0.1039 -0.9509
vn 0.5210 -0.0296 -0.8531
vn 0.6549 0.0039 -0.7557
vn 0.3089 -0.0333 -0.9505
vn 0.2768 0.3438 -0.8973
vn 0.2572 0.5039 -0.8245
vn 0.4117 0.7042 -0.5785
vn 0.3583 0.7402 -0.5689
vn 0.2338 0.8948 -0.3803
vn 0.3121 0.8690 -0.3839
vn 0.4193 0.5445 -0.7264
vn 0.5404 0.5097 -0.6695
vn 0.3180 0.5556 -0.7683
vn 0.3148 0.7572 -0.5723
vn 0.1805 0.9064 -0.3820
vn 0.1176 0.9491 -0.2923
vn 0.2087 0.9388 -0.2739
vn -0.0150 0.9547 -0.2971
vn -0.5226 0.8227 0.2239
vn -0.6718 0.4971 0.5492
vn 0.8282 0.1918 0.5265
vn 0.9133 -0.0307 0.4061
vn 0.6540 0.0153 0.7564
vn 0.5576 0.2526 0.7907
vn -0.3670 0.4652 -0.8056
vn -0.4377 0.6052 -0.6649
vn 0.0941 0.6117 -0.7855
vn 0.1176 0.4364 -0.8920
vn -0.0067 -0.0612 -0.9981
vn 0.0302 0.2407 -0.9701
vn 0.1504 0.2703 -0.9510
vn 0.1405 -0.0388 -0.9893
vn 0.1152 -0.1758 -0.9777
vn -0.0222 -0.1970 -0.9802
vn 0.2465 -0.1520 -0.9571
vn 0.2644 -0.0229 -0.9641
vn 0.2719 0.2890 -0.9179
vn -0.0635 0.4211 -0.9048
vn 0.1563 0.3987 -0.9037
vn 0.3048 0.3863 -0.8706
vn 0.4264 0.3849 -0.8186
vn 0.4644 0.5105 -0.7237
vn -0.0460 0.9285 -0.3685
vn -0.0442 0.9952 -0.0878
vn 0.0752 0.9953 -0.0615
vn 0.1402 0.9344 -0.3276
vn -0.3619 0.6931 -0.6234
vn 0.1258 0.7143 -0.6885
vn 0.4007 0.6441 -0.6516
vn -0.2040 0.7770 -0.5955
vn 0.0855 0.8308 -0.5500
vn 0.3010 0.8118 -0.5004
vn 0.2067 0.9736 -0.0969
vn 0.2512 0.9188 -0.3045
vn -0.0418 0.9675 0.2494
vn 0.1333 0.9460 0.2955
vn 0.2338 0.9501 0.2068
vn 0.5188 0.2127 0.8280
vn 0.5227 0.0320 0.8519
vn 0.2786 0.9552 0.1002
vn 0.1515 0.9884 -0.0119
vn 0.1799 0.9767 0.1173
vn 0.2720 0.9434 0.1896
vn 0.5872 0.2149 -0.7804
vn 0.4117 0.2850 -0.8656
vn 0.4020 0.4063 -0.8205
vn 0.5870 0.3661 -0.7221
vn 0.5997 -0.3586 -0.7154
vn 0.5060 -0.3737 -0.7774
vn 0.4928 -0.1165 -0.8623
vn 0.6277 -0.0945 -0.7727
vn 0.3386 -0.3879 -0.8572
vn 0.3454 -0.0462 -0.9373
vn 0.4889 0.0911 -0.8676
vn 0.5980 0.1186 -0.7927
vn 0.3345 0.1312 -0.9332
vn 0.3012 0.3058 -0.9032
vn 0.2556 0.4398 -0.8610
vn 0.5477 0.6719 -0.4985
vn 0.3412 0.7271 -0.5957
vn 0.3042 0.8210 -0.4832
vn 0.4482 0.7902 -0.4179
vn 0.3842 0.5570 -0.7363
vn 0.5771 0.5221 -0.6280
vn 0.2163 0.5582 -0.8010
vn 0.1577 0.7377 -0.6564
vn 0.1401 0.8234 -0.5499
vn 0.3587 0.8674 -0.3448
vn 0.2594 0.8835 -0.3901
vn 0.2020 0.9500 -0.2381
vn 0.3293 0.9223 -0.2022
vn 0.1447 0.8814 -0.4496
vn 0.0758 0.9530 -0.2935
vn 0.0394 0.9960 -0.0803
vn 0.0594 0.9980 0.0233
vn -0.2238 0.9733 0.0504
vn 0.1156 0.9703 0.2126
vn 0.1615 0.9677 0.1936
vn -0.1035 0.9944 0.0210
vn -0.7208 0.2768 -0.6355
vn -0.7103 0.3060 -0.6339
vn -0.6333 0.3387 -0.6959
vn -0.6553 0.2995 -0.6935
vn -0.7350 0.1961 -0.6491
vn -0.6624 0.1722 -0.7291
vn -0.5693 0.2759 -0.7744
vn -0.5984 0.1515 -0.7868
vn -0.5019 0.4109 -0.7611
vn -0.6653 0.6454 -0.3751
vn -0.6032 0.7070 -0.3692
vn -0.3961 0.7812 -0.4825
vn -0.5226 0.6497 -0.5520
vn -0.7269 0.3729 -0.5768
vn -0.6588 0.3640 -0.6584
vn -0.5251 0.2941 -0.7986
vn -0.7277 0.5199 -0.4474
vn -0.6163 0.5212 -0.5904
vn -0.4913 0.4386 -0.7525
vn -0.2474 0.7085 -0.6609
vn -0.3640 0.6645 -0.6526
vn -0.4390 0.8927 -0.1020
vn -0.2768 0.9122 -0.3021
vn -0.0797 0.8844 -0.4598
vn 0.0837 0.9964 -0.0128
vn 0.2335 0.9587 0.1626
vn -0.2259 0.9740 -0.0185
vn -0.0030 0.9946 0.1035
vn 0.0728 0.9961 0.0501
vn -0.1162 0.9908 -0.0696
vn -0.7557 0.2534 -0.6039
vn -0.7388 0.3077 -0.5996
vn -0.7189 0.3182 -0.6181
vn -0.7504 0.2592 -0.6080
vn -0.7778 0.1835 -0.6012
vn -0.7664 0.1773 -0.6174
vn -0.7400 0.2628 -0.6192
vn -0.7575 0.1724 -0.6297
vn -0.6950 0.3443 -0.6312
vn -0.6287 0.6940 -0.3509
vn -0.5720 0.7266 -0.3806
vn -0.3836 0.7799 -0.4946
vn -0.5348 0.6686 -0.5167
vn -0.7605 0.3441 -0.5506
vn -0.7241 0.3562 -0.5906
vn -0.6622 0.3292 -0.6732
vn -0.7528 0.4981 -0.4304
vn -0.6598 0.5744 -0.4845
vn -0.5697 0.5363 -0.6228
vn -0.2409 0.7405 -0.6274
vn -0.4251 0.6834 -0.5935
vn -0.4225 0.8892 -0.1755
vn -0.2817 0.9083 -0.3093
vn -0.0846 0.8794 -0.4686
vn 0.0335 0.9882 -0.1495
vn 0.1811 0.9831 -0.0277
vn -0.0327 0.9973 0.0656
vn 0.0295 0.9867 0.1601
vn -0.0652 0.9880 0.1400
vn -0.0378 0.9993 0.0027
vn -0.5641 0.3012 -0.7688
vn -0.5775 0.3796 -0.7228
vn -0.4541 0.3981 -0.7970
vn -0.4484 0.2910 -0.8452
vn -0.4741 -0.2168 -0.8534
vn -0.5038 0.0180 -0.8637
vn -0.4175 0.0222 -0.9084
vn -0.3400 -0.1711 -0.9247
vn -0.3309 0.0335 -0.9431
vn -0.2979 -0.1565 -0.9417
vn -0.5211 0.1313 -0.8433
vn -0.4428 0.1229 -0.8882
vn -0.3450 0.1317 -0.9293
vn -0.3456 0.2855 -0.8939
vn -0.3250 0.4134 -0.8506
vn -0.3588 0.7930 -0.4922
vn -0.3799 0.8593 -0.3424
vn -0.1965 0.8956 -0.3992
vn -0.2364 0.8134 -0.5315
vn -0.5245 0.3741 -0.7648
vn -0.4022 0.4942 -0.7707
vn -0.3176 0.5574 -0.7671
vn -0.3953 0.4119 -0.8210
vn -0.2365 0.5878 -0.7737
vn -0.2842 0.4477 -0.8478
vn -0.3469 0.7026 -0.6213
vn -0.2671 0.7154 -0.6456
vn -0.1798 0.7366 -0.6520
vn 0.0016 0.8926 -0.4509
vn -0.1061 0.8169 -0.5669
vn -0.2688 0.9497 -0.1608
vn -0.1217 0.9698 -0.2115
vn 0.0744 0.9640 -0.2551
vn -0.0264 0.9984 -0.0502
vn -0.1687 0.9788 0.1165
vn -0.1685 0.9790 0.1151
vn -0.1320 0.9595 0.2488
vn -0.0299 0.9852 0.1687
vn -0.0687 0.9972 0.0283
vn -0.6793 0.2001 -0.7060
vn -0.6670 0.2996 -0.6822
vn -0.4668 0.3631 -0.8064
vn -0.4733 0.2394 -0.8477
vn -0.3116 0.7080 -0.6337
vn -0.5024 0.0791 -0.8610
vn -0.3627 0.1582 -0.9184
vn -0.2906 0.6750 -0.6782
vn -0.2539 0.0753 -0.9643
vn -0.2597 0.6253 -0.7359
vn -0.6027 -0.0384 -0.7971
vn -0.3849 0.0396 -0.9221
vn -0.2316 0.0342 -0.9722
vn -0.2216 0.3381 -0.9147
vn -0.1671 0.4152 -0.8943
vn -0.6023 0.4724 -0.6434
vn -0.3571 0.5187 -0.7768
vn -0.0617 0.5341 -0.8432
vn -0.4655 0.6765 -0.5706
vn -0.2498 0.7020 -0.6669
vn -0.0072 0.6849 -0.7286
vn -0.2862 0.9214 -0.2630
vn -0.2624 0.9610 -0.0868
vn -0.1363 0.9746 -0.1779
vn -0.1715 0.9214 -0.3488
vn -0.0190 0.9565 -0.2910
vn -0.0528 0.9006 -0.4314
vn 0.0095 0.9961 -0.0878
vn 0.0658 0.9936 0.0914
vn -0.2441 0.8364 -0.4909
vn -0.1777 0.8275 -0.5325
vn -0.1029 0.8032 -0.5868
vn -0.0679 0.7518 -0.6559
vn -0.1769 0.7648 -0.6195
vn -0.2964 0.7636 -0.5737
vn 0.0259 0.9124 0.4085
vn 0.1156 0.8738 0.4723
vn 0.1228 0.8475 0.5163
vn 0.0334 0.8880 0.4586
vn -0.2534 0.4392 -0.8619
vn -0.2944 0.5904 -0.7515
vn 0.0805 0.5928 -0.8013
vn 0.0986 0.4305 -0.8972
vn -0.2516 -0.2142 -0.9438
vn -0.2003 -0.0051 -0.9797
vn 0.0388 0.0073 -0.9992
vn -0.0253 -0.1998 -0.9795
vn -0.0042 -0.2100 -0.9777
vn -0.2802 -0.3177 -0.9059
vn 0.2512 -0.0930 -0.9634
vn 0.2586 -0.1460 -0.9549
vn 0.2827 0.0144 -0.9591
vn -0.1669 0.2546 -0.9525
vn 0.1159 0.2719 -0.9553
vn 0.3440 0.2711 -0.8990
vn 0.3864 0.3819 -0.8395
vn 0.3604 0.5409 -0.7600
vn -0.0514 0.9237 -0.3798
vn -0.0954 0.9799 -0.1751
vn 0.0822 0.9781 -0.1914
vn 0.1236 0.9273 -0.3533
vn -0.2094 0.7170 -0.6649
vn 0.0947 0.7509 -0.6536
vn 0.2822 0.7248 -0.6285
vn -0.1016 0.8281 -0.5513
vn 0.0848 0.8525 -0.5158
vn 0.2348 0.8417 -0.4862
vn 0.2632 0.9341 -0.2412
vn 0.2530 0.9059 -0.3396
vn -0.2003 0.9716 0.1257
vn -0.1464 0.9466 0.2872
vn -0.0730 0.9590 0.2737
vn -0.0142 0.9981 0.0600
vn 0.0329 0.9647 0.2614
vn 0.1876 0.9822 -0.0102
vn -0.0051 0.8876 0.4607
vn 0.1363 0.7874 0.6012
vn -0.9561 0.1289 -0.2633
vn -0.9485 -0.0580 -0.3113
vn -0.8662 -0.4339 -0.2479
vn -0.8903 -0.2472 -0.3825
vn 0.6649 0.5391 0.5170
vn 0.7381 0.4848 0.4692
vn 0.7806 0.3242 0.5343
vn 0.7215 0.3826 0.5772
vn 0.1265 0.9819 0.1409
vn 0.1106 0.9788 0.1723
vn -0.2223 0.9740 -0.0443
vn -0.2748 0.9609 0.0330
vn -0.4475 0.8633 -0.2332
vn -0.5187 0.8459 -0.1240
vn -0.6329 0.6905 -0.3501
vn -0.7182 0.6318 -0.2916
vn -0.7588 0.5044 -0.4120
vn -0.8212 0.4579 -0.3406
vn -0.7946 0.4644 -0.3912
vn -0.8307 0.4709 -0.2970
vn -0.8399 0.3822 -0.3853
vn -0.8923 0.3791 -0.2452
vn -0.8881 0.2563 -0.3814
vn -0.9479 0.2525 -0.1941
vn -0.9700 0.1504 -0.1908
vn -0.9116 0.1924 -0.3633
vn -0.8844 -0.1982 -0.4227
vn -0.9409 -0.2322 -0.2466
vn -0.7622 0.3918 -0.5154
vn -0.7913 0.2542 -0.5561
vn -0.7541 0.4440 -0.4840
vn -0.6904 0.5488 -0.4714
vn -0.5694 0.6992 -0.4323
vn -0.4065 0.8530 -0.3273
vn -0.1597 0.9813 -0.1073
vn 0.1893 0.9694 0.1563
vn 0.5248 0.6458 0.5546
vn 0.5277 0.5246 0.6681
vn -0.8628 -0.2025 -0.4633
vn -0.9561 0.1287 -0.2633
vn -0.8217 0.2403 -0.5169
vn -0.8347 -0.0937 -0.5426
vn -0.7360 0.6696 -0.0994
vn -0.7549 0.5048 -0.4188
vn -0.7423 0.6687 0.0426
vn -0.4707 0.8616 0.1901
vn -0.5317 0.8444 -0.0657
vn -0.5530 0.7084 -0.4387
vn -0.1852 0.9442 0.2723
vn 0.0505 0.9315 0.3601
vn 0.1255 0.9714 0.2016
vn -0.0528 0.9926 0.1094
vn -0.9836 0.1446 0.1079
vn -0.9853 0.1532 0.0761
vn -0.9562 0.2150 -0.1987
vn -0.9670 0.2368 -0.0941
vn -0.9792 0.1932 0.0615
vn -0.9836 0.1447 0.1079
vn -0.8886 0.3893 -0.2426
vn -0.8214 0.3703 -0.4338
vn -0.8035 0.4630 -0.3741
vn -0.7816 0.2662 -0.5642
vn -0.8214 0.3703 -0.4339
vn -0.7797 0.6202 -0.0861
vn -0.5819 0.8130 0.0219
vn -0.5012 0.8295 -0.2466
vn -0.6793 0.6140 -0.4019
vn -0.9456 0.3252 0.0050
vn -0.8817 0.3755 -0.2855
vn -0.6706 0.2918 -0.6820
vn -0.8615 0.5060 -0.0427
vn -0.7926 0.4679 -0.3909
vn -0.5875 0.3665 -0.7214
vn -0.3728 0.7365 -0.5644
vn -0.5305 0.4708 -0.7049
vn -0.4716 0.8761 0.1004
vn -0.3829 0.9172 -0.1098
vn -0.2268 0.8946 -0.3851
vn -0.4061 0.9030 0.1400
vn -0.3373 0.9411 -0.0251
vn -0.1600 0.9306 -0.3292
vn 0.2708 0.9498 -0.1565
vn 0.1012 0.9647 -0.2432
vn 0.9305 0.1389 -0.3389
vn 0.9678 -0.1900 -0.1654
vn 0.9517 -0.2465 -0.1830
vn 0.9145 -0.0416 -0.4023
vn 0.8959 0.3144 -0.3140
vn 0.9284 0.2857 -0.2377
vn 0.9711 0.1646 -0.1726
vn 0.9151 0.2338 -0.3287
vn 0.9225 -0.2745 -0.2714
vn 0.8967 -0.1218 -0.4255
vn 0.9809 0.1938 -0.0154
vn 0.9961 0.0876 -0.0126
vn 0.9463 -0.3221 -0.0273
vn 0.8852 -0.4639 -0.0347
vn 0.8828 -0.4688 -0.0298
vn 0.8802 -0.4667 -0.0865
vn 0.9210 -0.3738 -0.1095
vn 0.9370 -0.3359 -0.0960
vn 0.9242 -0.3819 0.0054
vn 0.8416 -0.3641 -0.3988
vn 0.7829 -0.4622 -0.4165
vn 0.8015 -0.5334 -0.2703
vn 0.8921 -0.4142 -0.1808
vn 0.0550 0.2004 -0.9782
vn 0.3959 -0.0159 -0.9182
vn 0.4328 -0.0118 -0.9014
vn 0.0552 0.2043 -0.9773
vn 0.0623 0.1914 -0.9795
vn 0.5332 -0.1454 -0.8334
vn 0.7504 -0.4971 -0.4355
vn 0.7499 -0.5804 -0.3175
vn 0.8453 -0.5332 0.0342
vn 0.8755 -0.4614 -0.1437
vn 0.9314 -0.3522 -0.0919
vn 0.9030 -0.4291 -0.0213
vn 0.8491 -0.4695 -0.2420
vn 0.9520 -0.2491 -0.1782
vn 0.9415 -0.2988 -0.1558
vn 0.9368 -0.3146 -0.1532
vn 0.9074 -0.2740 0.3186
vn 0.9659 -0.2345 0.1097
vn 0.9158 -0.2364 0.3248
vn 0.8842 -0.2600 0.3880
vn 0.9716 -0.2359 -0.0177
vn 0.9431 -0.2031 0.2633
vn 0.8951 -0.2187 0.3885
vn 0.8876 -0.2373 0.3947
vn 0.9028 -0.1984 0.3816
vn 0.6954 -0.3446 -0.6306
vn 0.7381 -0.3709 -0.5636
vn 0.7818 -0.3793 -0.4948
vn 0.9086 -0.4146 -0.0509
vn 0.9536 -0.2614 -0.1492
vn 0.9626 -0.2668 -0.0473
vn 0.8466 -0.5116 -0.1468
vn -0.7585 0.4873 0.4327
vn -0.8106 0.3371 0.4787
vn -0.8449 0.2892 0.4499
vn -0.7563 0.5081 0.4120
vn -0.2159 0.9126 0.3471
vn -0.2827 0.9246 0.2553
vn 0.1978 0.9375 0.2864
vn 0.1577 0.9834 0.0894
vn 0.5044 0.8401 0.1995
vn 0.6274 0.7500 0.2097
vn 0.5507 0.8347 0.0041
vn 0.4005 0.9161 0.0198
vn 0.6962 0.6901 0.1979
vn 0.7020 0.7122 -0.0044
vn 0.7089 0.6782 0.1936
vn 0.8441 0.5152 0.1488
vn 0.8486 0.5249 -0.0663
vn 0.7341 0.6790 -0.0085
vn 0.9869 0.1612 -0.0073
vn 0.9662 0.1697 -0.1938
vn 0.9984 -0.0414 -0.0387
vn 0.9709 0.0548 -0.2332
vn 0.9964 -0.0724 0.0430
vn 0.9843 -0.0278 -0.1744
vn 0.9460 0.0133 -0.3238
vn 0.9180 0.1390 -0.3715
vn 0.9050 0.1797 -0.3856
vn 0.8109 0.5286 -0.2511
vn 0.7360 0.6564 -0.1658
vn 0.6343 0.7571 -0.1562
vn 0.4607 0.8697 -0.1770
vn 0.2873 0.9353 -0.2063
vn 0.1289 0.9835 -0.1270
vn -0.4365 0.8771 0.2004
vn -0.7015 0.5477 0.4560
vn -0.7211 0.4392 0.5358
vn 0.9361 -0.2530 -0.2442
vn 0.9560 -0.2890 -0.0498
vn 0.9667 0.1201 -0.2260
vn 0.8856 0.3315 -0.3253
vn 0.8608 0.4939 -0.1228
vn 0.9476 0.3175 0.0362
vn 0.7287 0.6630 0.1717
vn 0.9648 0.2159 0.1501
vn 0.9510 -0.3073 0.0351
vn 0.9410 -0.3266 0.0889
vn 0.8707 -0.4885 -0.0569
vn 0.9368 -0.2446 -0.2503
vn 0.9826 -0.0901 -0.1627
vn 0.9969 -0.0758 -0.0196
vn 0.9620 -0.2524 -0.1043
vn -0.4334 0.7884 0.4366
vn -0.6261 0.5668 0.5355
vn -0.6387 0.4620 0.6153
vn -0.4678 0.6680 0.5787
vn 0.1431 0.9189 0.3677
vn 0.1050 0.9772 0.1844
vn 0.4471 0.8581 0.2525
vn 0.3344 0.9377 0.0938
vn 0.6329 0.7597 0.1492
vn 0.5719 0.8186 -0.0539
vn 0.7661 0.6375 -0.0812
vn 0.7090 0.6891 -0.1499
vn 0.8065 0.5003 -0.3151
vn 0.7998 0.5102 -0.3163
vn 0.8273 0.3673 -0.4250
vn 0.9034 0.2752 -0.3289
vn 0.8620 0.3218 -0.3918
vn 0.8303 0.3835 -0.4044
vn 0.9513 0.1751 -0.2537
vn 0.9150 0.2521 -0.3151
vn 0.9844 0.1199 -0.1288
vn 0.9567 0.1993 -0.2122
vn 0.9142 0.2773 -0.2955
vn 0.8567 0.3175 -0.4066
vn 0.8350 0.3704 -0.4069
vn 0.8428 0.3795 -0.3816
vn 0.8051 0.4878 -0.3374
vn 0.6691 0.6903 -0.2754
vn 0.4964 0.8338 -0.2415
vn 0.2759 0.9387 -0.2068
vn 0.0512 0.9927 -0.1090
vn -0.4099 0.8812 0.2356
vn -0.5720 0.7378 0.3584
vn 0.9344 -0.0774 -0.3478
vn 0.8851 -0.2853 -0.3676
vn 0.9455 0.2162 -0.2435
vn 0.7758 0.5838 -0.2393
vn 0.7158 0.6953 -0.0649
vn 0.8701 0.4894 -0.0578
vn 0.5743 0.7973 0.1860
vn 0.9124 0.3950 -0.1071
vn -0.3013 0.9530 -0.0319
vn -0.0400 0.9968 0.0698
vn -0.0296 0.9995 0.0110
vn -0.2138 0.9725 -0.0926
vn -0.8693 0.2541 -0.4240
vn -0.8553 0.2759 -0.4386
vn -0.7644 0.3278 -0.5553
vn -0.8185 0.3418 -0.4617
vn -0.9039 0.2575 -0.3417
vn -0.8144 0.4024 -0.4181
vn -0.7428 0.4445 -0.5007
vn -0.7759 0.4504 -0.4418
vn -0.6397 0.3647 -0.6766
vn -0.6967 0.5423 -0.4696
vn -0.5684 0.7693 -0.2918
vn -0.4868 0.7985 -0.3542
vn -0.6455 0.5915 -0.4832
vn -0.8230 0.4621 -0.3304
vn -0.7223 0.4923 -0.4857
vn -0.5992 0.4519 -0.6609
vn -0.7545 0.5739 -0.3184
vn -0.6802 0.5458 -0.4893
vn -0.6238 0.5460 -0.5593
vn -0.4191 0.7786 -0.4671
vn -0.5930 0.6190 -0.5150
vn -0.4484 0.8870 -0.1105
vn -0.3764 0.8959 -0.2360
vn -0.2906 0.8827 -0.3693
vn -0.1494 0.9689 -0.1970
vn -0.0190 0.9987 -0.0482
vn 0.1802 0.9746 0.1327
vn 0.1610 0.9680 0.1923
vn 0.3704 0.8952 0.2477
vn 0.4359 0.8883 0.1447
vn -0.5770 0.1540 -0.8021
vn -0.7945 0.1872 -0.5777
vn -0.7299 0.3866 -0.5637
vn -0.5363 0.3516 -0.7673
vn -0.5631 0.5355 -0.6294
vn -0.8144 0.3711 -0.4462
vn -0.8142 0.3502 -0.4631
vn -0.6005 0.3494 -0.7192
vn -0.9038 0.2906 -0.3140
vn -0.8967 0.3253 -0.3000
vn -0.8020 0.2509 -0.5421
vn -0.5863 0.0975 -0.8042
vn -0.9056 0.3377 -0.2566
vn -0.9467 0.2579 -0.1930
vn -0.9350 0.3070 -0.1776
vn -0.3313 0.7322 -0.5951
vn -0.5358 0.7768 -0.3308
vn -0.4346 0.8779 -0.2010
vn -0.2664 0.8427 -0.4679
vn -0.6372 0.6333 -0.4392
vn -0.3967 0.6413 -0.6568
vn -0.8223 0.5632 -0.0813
vn -0.7215 0.6924 0.0083
vn -0.5798 0.8069 0.1129
vn -0.3542 0.9324 -0.0727
vn -0.2024 0.9320 -0.3006
vn -0.4815 0.8595 0.1718
vn 0.1136 0.9642 0.2398
vn 0.3107 0.8907 0.3318
vn -0.1164 0.9768 0.1799
vn -0.0822 0.9938 0.0749
vn -0.2779 0.9591 -0.0528
vn -0.3938 0.9096 0.1326
vn -0.1765 0.9569 -0.2307
vn -0.0471 0.9988 -0.0092
vn -0.6706 0.5618 -0.4844
vn -0.9132 0.2726 -0.3028
vn -0.4778 0.6842 -0.5510
vn -0.0426 0.9639 0.2629
vn 0.0611 0.9289 0.3653
vn 0.1194 0.9380 0.3255
vn 0.0696 0.9719 0.2251
vn -0.9089 -0.0811 -0.4091
vn -0.8945 0.0230 -0.4466
vn -0.7478 0.2044 -0.6316
vn -0.8303 0.0525 -0.5549
vn -0.8420 0.3999 -0.3620
vn -0.9028 0.2082 -0.3764
vn -0.8427 0.2371 -0.4835
vn -0.8087 0.4119 -0.4200
vn -0.7796 0.2749 -0.5628
vn -0.7552 0.4256 -0.4986
vn -0.5333 0.3682 -0.7616
vn -0.7233 0.1539 -0.6732
vn -0.7333 0.6050 -0.3101
vn -0.5443 0.7869 -0.2908
vn -0.3095 0.8334 -0.4578
vn -0.5050 0.6997 -0.5054
vn -0.8545 0.3377 -0.3947
vn -0.6617 0.4854 -0.5714
vn -0.4148 0.5567 -0.7197
vn -0.2707 0.7083 -0.6519
vn -0.1333 0.7901 -0.5983
vn -0.3113 0.9297 -0.1967
vn -0.2965 0.9476 -0.1189
vn -0.2838 0.9078 -0.3089
vn -0.1851 0.9063 -0.3799
vn -0.2426 0.8670 -0.4353
vn -0.1123 0.8470 -0.5195
vn -0.4120 0.9101 -0.0443
vn -0.2920 0.9426 -0.1620
vn -0.2019 0.9263 -0.3181
vn 0.1917 0.9426 0.2733
vn 0.1782 0.9712 0.1584
vn -0.0706 0.9959 0.0567
vn 0.0384 0.9968 -0.0698
vn -0.2668 0.9517 0.1519
vn 0.5603 0.7839 0.2675
vn 0.4965 0.7821 0.3766
vn 0.7422 0.4568 0.4903
vn 0.8149 0.4416 0.3755
vn -0.3455 0.4544 -0.8211
vn -0.5792 0.5539 -0.5980
vn -0.5709 0.3218 -0.7553
vn -0.3166 0.2491 -0.9153
vn -0.6971 0.5521 -0.4575
vn -0.7695 0.3627 -0.5256
vn -0.2421 0.7975 -0.5526
vn -0.4257 0.7925 -0.4367
vn -0.3698 0.8764 -0.3085
vn -0.2314 0.8779 -0.4192
vn -0.2314 0.2830 -0.9308
vn -0.5172 0.3145 -0.7960
vn -0.4305 0.5312 -0.7298
vn -0.1346 0.5782 -0.8047
vn -0.7937 0.2929 -0.5332
vn -0.7710 0.3745 -0.5151
vn -0.2249 0.7821 -0.5812
vn -0.4329 0.7180 -0.5451
vn -0.6002 0.6619 -0.4491
vn -0.5724 0.7547 -0.3206
vn -0.4925 0.8461 -0.2039
vn -0.2975 0.9278 -0.2250
vn -0.2133 0.9304 -0.2981
vn -0.3795 0.9103 -0.1652
vn -0.1646 0.9777 -0.1307
vn -0.1243 0.9728 -0.1953
vn -0.2115 0.9741 -0.0798
vn 0.3631 0.8326 0.4183
vn 0.6049 0.4635 0.6475
vn 0.0798 0.9948 0.0634
vn 0.0010 0.9956 0.0934
vn 0.0954 0.9952 -0.0197
vn -0.4895 0.6404 -0.5919
vn -0.6835 0.5126 -0.5197
vn -0.1469 0.7475 -0.6478
vn -0.3193 0.6432 -0.6960
vn -0.5239 0.6839 -0.5078
vn -0.6158 0.6836 -0.3917
vn 0.1803 0.8491 0.4965
vn 0.3333 0.7064 0.6245
vn 0.3142 0.6533 0.6889
vn 0.1989 0.8220 0.5337
vn -0.2490 0.3255 -0.9122
vn -0.3175 0.4261 -0.8471
vn 0.0189 0.4902 -0.8714
vn 0.0901 0.3850 -0.9185
vn -0.0445 0.1546 -0.9870
vn 0.0037 0.1276 -0.9918
vn 0.1929 0.1723 -0.9660
vn 0.1323 0.1031 -0.9858
vn 0.0347 0.1896 -0.9812
vn -0.0796 0.2265 -0.9708
vn 0.2693 0.1048 -0.9574
vn 0.2796 0.0701 -0.9575
vn 0.3457 0.1983 -0.9171
vn -0.0907 0.2843 -0.9544
vn 0.1892 0.3212 -0.9279
vn 0.4087 0.3605 -0.8384
vn 0.3901 0.3957 -0.8314
vn 0.3340 0.4932 -0.8032
vn -0.0950 0.8565 -0.5073
vn -0.0585 0.9192 -0.3894
vn 0.1022 0.9203 -0.3776
vn 0.0797 0.8534 -0.5152
vn -0.2740 0.6636 -0.6961
vn -0.1666 0.7975 -0.5798
vn 0.0465 0.8123 -0.5814
vn 0.0024 0.6981 -0.7160
vn 0.2431 0.7858 -0.5687
vn 0.2705 0.7009 -0.6600
vn 0.2269 0.8290 -0.5112
vn 0.2299 0.8937 -0.3854
vn -0.0196 0.9873 -0.1579
vn 0.0311 0.9874 0.1553
vn 0.1329 0.9829 0.1273
vn 0.1366 0.9803 -0.1428
vn 0.2472 0.9670 0.0618
vn 0.2688 0.9495 -0.1618
vn 0.2168 0.8659 0.4507
vn 0.2749 0.5480 0.7901
vn 0.0768 0.9970 0.0064
vn 0.0201 0.9421 0.3348
vn -0.0900 0.9339 0.3461
vn 0.0590 0.9911 0.1191
vn 0.6142 0.1333 -0.7778
vn 0.5289 0.2440 -0.8129
vn 0.7363 0.2853 -0.6136
vn 0.7957 0.2189 -0.5648
vn 0.6806 0.2693 -0.6813
vn 0.7102 0.0326 -0.7032
vn 0.8154 -0.1158 -0.5671
vn 0.7387 0.2337 -0.6322
vn 0.8530 -0.2108 -0.4775
vn 0.8427 0.1546 -0.5156
vn 0.6894 -0.1300 -0.7127
vn 0.8384 -0.0554 -0.5422
vn 0.8893 -0.0984 -0.4466
vn 0.8838 0.2667 -0.3844
vn 0.8765 0.3031 -0.3739
vn 0.3024 0.7694 -0.5627
vn 0.2493 0.8401 -0.4817
vn 0.4312 0.8131 -0.3911
vn 0.4930 0.7185 -0.4906
vn 0.4469 0.3966 -0.8019
vn 0.4104 0.5302 -0.7420
vn 0.6206 0.4996 -0.6044
vn 0.6934 0.3957 -0.6021
vn 0.8025 0.4233 -0.4204
vn 0.8488 0.3590 -0.3882
vn 0.3714 0.6503 -0.6626
vn 0.5666 0.5972 -0.5677
vn 0.6629 0.6372 -0.3931
vn 0.7494 0.4845 -0.4513
vn 0.5440 0.7904 -0.2818
vn 0.1952 0.9108 -0.3637
vn 0.3098 0.9137 -0.2632
vn 0.4237 0.8909 -0.1638
vn 0.1704 0.9514 -0.2567
vn 0.2375 0.9616 -0.1375
vn 0.3290 0.9430 -0.0499
vn -0.1471 0.9250 0.3503
vn 0.0389 0.9814 0.1879
vn 0.1580 0.4645 0.8714
vn 0.2911 0.2249 0.9299
vn 0.2460 0.1979 0.9488
vn 0.1046 0.5341 0.8389
vn 0.1703 0.5156 -0.8397
vn 0.1424 0.6220 -0.7700
vn 0.3591 0.6568 -0.6631
vn 0.3815 0.4758 -0.7925
vn 0.1775 0.2554 -0.9504
vn 0.2338 0.3772 -0.8961
vn 0.3465 0.3744 -0.8601
vn 0.3773 0.1991 -0.9044
vn 0.4873 -0.2801 -0.8271
vn 0.1820 -0.1984 -0.9631
vn 0.6555 -0.3785 -0.6535
vn 0.6290 0.1648 -0.7597
vn 0.4854 0.3616 -0.7960
vn 0.2289 0.4276 -0.8745
vn 0.3330 0.4066 -0.8507
vn 0.4832 0.3436 -0.8053
vn 0.5279 0.4151 -0.7410
vn 0.5310 0.6212 -0.5763
vn 0.1593 0.8628 -0.4798
vn 0.1044 0.9512 -0.2904
vn 0.2169 0.9421 -0.2558
vn 0.2723 0.8817 -0.3852
vn 0.1508 0.6986 -0.6995
vn 0.3319 0.7360 -0.5901
vn 0.4845 0.7427 -0.4623
vn 0.1607 0.7694 -0.6183
vn 0.3160 0.7940 -0.5193
vn 0.3725 0.8613 -0.3456
vn 0.4434 0.7843 -0.4339
vn 0.3196 0.9175 -0.2369
vn 0.0519 0.9916 -0.1187
vn -0.0381 0.9487 0.3139
vn 0.0639 0.9517 0.3003
vn 0.1654 0.9835 -0.0738
vn 0.2168 0.9526 0.2136
vn 0.2982 0.9505 -0.0874
vn 0.1140 0.6750 0.7289
vn 0.1160 0.1193 0.9861
vn 0.5433 -0.6721 -0.5030
vn 0.4729 -0.6954 -0.5411
vn 0.2327 -0.7365 -0.6352
vn 0.0719 0.9563 0.2835
vn 0.2652 0.9081 0.3241
vn 0.2306 0.8837 0.4074
vn 0.1298 0.9440 0.3033
vn -0.2632 0.3944 -0.8805
vn -0.2947 0.6067 -0.7383
vn -0.1058 0.6548 -0.7483
vn -0.0231 0.4332 -0.9010
vn -0.2412 0.5431 -0.8043
vn -0.3120 0.2759 -0.9091
vn -0.1965 0.2263 -0.9540
vn -0.2021 0.5062 -0.8384
vn -0.1986 0.6235 -0.7562
vn -0.2190 0.6149 -0.7576
vn -0.1479 0.6434 -0.7511
vn -0.1416 0.3688 -0.9187
vn -0.0456 0.2043 -0.9778
vn -0.2929 0.2173 -0.9311
vn -0.0822 0.2611 -0.9618
vn 0.0847 0.2860 -0.9545
vn 0.1675 0.4342 -0.8851
vn 0.1447 0.6379 -0.7564
vn -0.1273 0.9339 -0.3341
vn -0.0835 0.9794 -0.1841
vn -0.0306 0.9806 -0.1934
vn -0.0494 0.9271 -0.3714
vn -0.2550 0.7379 -0.6249
vn -0.1688 0.8206 -0.5461
vn -0.0754 0.8386 -0.5394
vn -0.1188 0.7732 -0.6229
vn 0.0286 0.8437 -0.5361
vn 0.0541 0.7897 -0.6110
vn -0.1308 0.8872 -0.4424
vn -0.0466 0.8849 -0.4635
vn 0.0456 0.8697 -0.4915
vn 0.0175 0.9737 -0.2270
vn 0.0377 0.9173 -0.3965
vn -0.0174 0.9985 0.0518
vn 0.0279 0.9978 0.0597
vn 0.0568 0.9984 -0.0070
vn 0.1689 0.9306 0.3246
vn 0.2021 0.8594 0.4697
vn -0.9942 -0.0316 0.1026
vn -0.9883 -0.0398 0.1472
vn -0.9941 -0.0942 0.0537
vn -0.9946 -0.1000 -0.0290
vn -0.9669 -0.1738 0.1868
vn -0.9847 -0.0571 0.1647
vn -0.9337 0.0544 -0.3538
vn -0.9345 0.0030 -0.3559
vn -0.9684 0.0191 0.2486
vn -0.9781 -0.0035 0.2081
vn -0.8346 -0.2544 0.4886
vn -0.9069 -0.0497 0.4185
vn -0.9938 0.0400 0.1034
vn -0.9419 -0.0099 -0.3358
vn -0.9390 0.0304 0.3426
vn -0.9420 0.2199 0.2535
vn -0.8900 0.3247 0.3202
vn -0.9857 0.1541 -0.0676
vn -0.9945 0.0507 -0.0921
vn -0.9947 -0.0446 0.0929
vn -0.9403 -0.2921 0.1749
vn -0.8996 -0.3609 -0.2460
vn -0.9448 -0.0712 -0.3198
vn -0.7914 0.3508 0.5007
vn -0.7456 0.4007 0.5324
vn -0.8372 -0.0044 0.5469
vn -0.8102 -0.2270 0.5403
vn -0.8817 -0.4237 0.2076
vn -0.9378 -0.2405 0.2504
vn -0.9169 -0.3868 -0.0984
vn -0.8562 -0.4959 -0.1452
vn -0.7954 -0.3254 0.5113
vn -0.8596 -0.1412 0.4910
vn -0.8670 0.1599 0.4719
vn -0.9743 -0.0140 0.2247
vn -0.9766 -0.1854 -0.1087
vn -0.9065 0.1047 0.4090
vn -0.9351 -0.0388 0.3522
vn -0.9834 -0.1142 0.1409
vn -0.9570 0.0372 0.2876
vn -0.9774 -0.1731 -0.1211
vn -0.9769 -0.1705 -0.1286
vn -0.1796 0.9716 0.1541
vn -0.4554 0.8867 0.0803
vn -0.4576 0.8621 0.2178
vn -0.2121 0.9475 0.2392
vn -0.6733 0.7348 -0.0818
vn -0.6947 0.7071 0.1320
vn -0.8260 0.4865 -0.2848
vn -0.8369 0.4673 -0.2850
vn -0.8867 0.4541 -0.0868
vn -0.8429 0.5350 0.0568
vn -0.8148 0.5401 -0.2105
vn -0.8934 0.4486 0.0266
vn -0.9407 0.2550 -0.2237
vn -0.9750 -0.0828 -0.2063
vn -0.9905 -0.1233 0.0606
vn -0.9872 0.1499 0.0546
vn -0.9698 -0.2164 -0.1124
vn -0.7745 -0.6301 -0.0566
vn -0.8254 -0.5447 0.1483
vn -0.9655 -0.2157 0.1460
vn -0.8204 -0.5616 -0.1074
vn -0.8901 -0.4351 0.1355
vn -0.8218 -0.4814 0.3050
vn -0.8986 -0.2452 0.3639
vn -0.9183 -0.1637 0.3603
vn -0.9157 0.0043 0.4018
vn -0.8946 0.3037 0.3279
vn -0.9007 0.3772 0.2156
vn -0.8022 0.4858 0.3470
vn -0.5980 0.6604 0.4541
vn -0.4655 0.7986 0.3815
vn -0.2129 0.9161 0.3399
vn -0.8957 -0.3353 0.2920
vn -0.0484 0.9629 0.2656
vn 0.0171 0.9826 0.1848
vn -0.0909 0.9442 0.3167
vn -0.9288 0.0770 0.3625
vn -0.9576 0.0945 0.2720
vn -0.9819 0.0504 0.1826
vn -0.9586 0.0898 0.2702
vn -0.8258 -0.2757 0.4920
vn -0.7464 -0.2949 0.5966
vn -0.8772 -0.2736 0.3945
vn -0.8909 -0.2324 0.3901
vn -0.8963 0.0266 0.4427
vn -0.9330 0.1268 0.3368
vn -0.6223 -0.3578 0.6963
vn -0.5888 -0.1991 0.7834
vn -0.6973 -0.2552 0.6698
vn -0.6882 -0.2249 0.6898
vn -0.8068 -0.2153 0.5502
vn -0.8344 -0.2940 0.4663
vn -0.5534 -0.2413 0.7972
vn -0.5889 -0.2335 0.7737
vn -0.7607 -0.1153 0.6387
vn -0.8194 -0.0835 0.5671
vn -0.8908 -0.0088 0.4542
vn -0.4184 0.8905 0.1788
vn -0.5172 0.8502 0.0984
vn -0.5126 0.8452 0.1515
vn -0.4367 0.8801 0.1867
vn -0.6252 0.7775 0.0681
vn -0.6951 0.6956 0.1815
vn -0.8268 0.5624 0.0130
vn -0.9120 0.4089 -0.0313
vn -0.8913 0.4420 0.1010
vn -0.8412 0.5200 0.1486
vn -0.9643 0.2518 -0.0820
vn -0.9719 0.2181 0.0885
vn -0.9913 0.0325 -0.1275
vn -0.9998 -0.0017 -0.0183
vn -0.9118 -0.2827 0.2979
vn -0.9843 -0.1106 0.1376
vn -0.9868 -0.1170 0.1117
vn -0.9843 -0.1196 0.1302
vn -0.7197 -0.4999 0.4818
vn -0.7393 -0.4779 0.4743
vn -0.4677 -0.6406 0.6090
vn -0.5540 -0.5857 0.5917
vn -0.7189 -0.4704 0.5118
vn -0.8920 -0.2538 0.3740
vn -0.9580 0.0799 0.2753
vn -0.8602 0.4425 0.2537
vn -0.8100 0.4954 0.3138
vn -0.7045 0.6355 0.3159
vn -0.5220 0.8190 0.2383
vn -0.4205 0.8789 0.2252
vn 0.0444 0.9696 0.2407
vn 0.3210 0.9145 0.2463
vn 0.2852 0.9259 0.2476
vn 0.0582 0.9680 0.2440
vn 0.1073 0.9647 0.2407
vn 0.3517 0.9035 0.2448
vn -0.2911 0.9284 0.2311
vn -0.2585 0.9376 0.2326
vn -0.3065 0.9243 0.2274
vn -0.4396 0.8942 0.0848
vn -0.5609 0.8107 0.1680
vn -0.5790 0.7861 0.2162
vn -0.4633 0.8759 0.1348
vn -0.1516 0.9730 0.1743
vn -0.1809 0.9803 0.0796
vn -0.3558 0.9307 0.0849
vn -0.3413 0.9291 0.1423
vn -0.3400 0.9192 0.1988
vn -0.1555 0.9491 0.2739
vn 0.2093 0.9469 0.2439
vn 0.2072 0.9749 -0.0812
vn 0.0964 0.9953 -0.0074
vn 0.1049 0.9736 0.2029
vn 0.1967 0.8623 0.4665
vn 0.0956 0.9103 0.4027
vn -0.4655 0.8613 0.2037
vn -0.6248 0.7085 0.3280
vn -0.6524 0.6739 0.3468
vn -0.7234 0.6120 0.3197
vn -0.5716 0.6155 0.5426
vn -0.6095 0.6207 0.4933
vn -0.6953 0.6760 0.2442
vn -0.7983 0.5853 0.1418
vn -0.8413 -0.1505 0.5192
vn -0.7789 -0.1583 0.6068
vn -0.9203 -0.1950 0.3392
vn -0.9255 -0.1535 0.3462
vn -0.7756 0.0225 0.6308
vn -0.7517 0.3329 0.5693
vn -0.8743 0.3759 0.3071
vn -0.9341 0.0618 0.3517
vn -0.6532 0.5364 0.5345
vn -0.7840 0.5552 0.2775
vn -0.8622 0.5060 -0.0247
vn -0.9106 0.4131 -0.0080
vn -0.9957 0.0721 0.0573
vn -0.9693 -0.2351 0.0719
vn -0.9738 -0.1707 0.1503
vn -0.8992 0.1922 0.3929
vn -0.8984 0.0206 0.4386
vn -0.9278 0.0941 0.3611
vn -0.9048 0.2069 0.3721
vn -0.9461 0.1309 0.2962
vn -0.9082 0.2165 0.3582
vn 0.6521 0.7453 0.1386
vn 0.5981 0.6728 0.4355
vn 0.6710 0.5881 0.4516
vn 0.7699 0.6239 0.1339
vn 0.2572 0.8626 0.4356
vn 0.4561 0.7796 0.4292
vn 0.4878 0.8614 0.1414
vn 0.3231 0.9293 0.1788
vn 0.3973 0.6275 0.6697
vn 0.2092 0.7405 0.6386
vn -0.2192 0.8314 0.5106
vn -0.0464 0.8844 0.4645
vn -0.0109 0.9824 0.1866
vn -0.2280 0.9614 0.1543
vn -0.2011 0.7093 0.6756
vn -0.0596 0.7389 0.6712
vn 0.4728 0.5257 0.7072
vn 0.5117 0.4754 0.7157
vn 0.6056 0.3687 0.7052
vn 0.7722 0.4407 0.4577
vn 0.8705 0.4679 0.1529
vn 0.7944 -0.1022 0.5987
vn 0.8037 -0.1436 0.5774
vn 0.8456 0.0540 0.5311
vn 0.7788 0.0226 0.6269
vn 0.8214 0.1425 0.5522
vn 0.8659 0.1719 0.4697
vn 0.8602 0.2668 0.4346
vn 0.8346 0.2354 0.4980
vn 0.8340 0.3222 0.4479
vn 0.7352 0.3010 0.6073
vn 0.9137 0.3215 0.2485
vn 0.8894 0.2778 0.3630
vn 0.8901 0.2046 0.4073
vn 0.8725 -0.1152 0.4748
vn 0.9097 0.0452 0.4129
vn 0.8047 -0.1372 0.5776
vn 0.8019 -0.1892 0.5667
vn 0.7654 -0.4008 0.5036
vn -0.1668 0.9832 -0.0736
vn -0.6295 0.7753 0.0519
vn -0.5870 0.7771 0.2269
vn -0.1896 0.9815 0.0272
vn 0.6775 0.5759 -0.4576
vn 0.9184 -0.0666 -0.3900
vn 0.9263 0.0177 -0.3765
vn 0.8575 0.4009 -0.3226
vn 0.9245 0.1415 -0.3539
vn 0.8852 0.3844 -0.2619
vn 0.8761 -0.0351 -0.4809
vn 0.9495 0.0306 -0.3123
vn 0.9456 -0.0183 -0.3247
vn 0.7654 0.0028 -0.6436
vn 0.9185 0.1166 -0.3778
vn 0.9748 0.1721 -0.1423
vn 0.5161 0.7344 -0.4407
vn 0.4581 0.8240 -0.3335
vn 0.5447 0.8138 -0.2024
vn 0.6454 0.7148 -0.2692
vn 0.6371 0.3945 -0.6621
vn 0.5424 0.6619 -0.5174
vn 0.6791 0.6522 -0.3369
vn 0.7841 0.3761 -0.4937
vn 0.7985 0.5956 -0.0879
vn 0.9091 0.3776 -0.1762
vn 0.7598 0.6466 -0.0685
vn 0.6301 0.7726 -0.0779
vn 0.3856 0.8821 -0.2707
vn 0.4543 0.8766 -0.1586
vn 0.5192 0.8518 -0.0694
vn -0.5577 0.7681 0.3146
vn -0.1870 0.9768 0.1042
vn 0.1606 0.9870 0.0052
vn 0.4081 0.9128 -0.0132
vn 0.3264 0.9378 -0.1181
vn 0.1222 0.9882 -0.0924
vn 0.2357 0.9414 -0.2412
vn 0.0755 0.9780 -0.1946
vn 0.8578 0.4847 -0.1709
vn 0.6543 0.6774 -0.3361
vn 0.4970 0.7598 -0.4193
vn 0.9644 0.2104 -0.1602
vn 0.8682 0.1097 -0.4840
vn 0.7008 0.0506 -0.7116
vn 0.5342 -0.0582 0.8433
vn 0.6679 -0.1799 0.7222
vn 0.7511 0.3924 0.5309
vn 0.5948 0.5210 0.6122
vn 0.6416 0.5345 0.5501
vn 0.7610 0.4246 0.4904
vn 0.7681 0.3929 0.5056
vn 0.6906 0.4709 0.5489
vn 0.8406 0.3297 0.4297
vn 0.8093 0.3436 0.4763
vn 0.8353 -0.2663 0.4810
vn 0.8927 0.2300 0.3875
vn 0.0238 -0.9252 0.3787
vn 0.0726 -0.9167 0.3930
vn 0.1188 -0.9063 0.4057
vn 0.8317 0.4443 0.3329
vn 0.7484 0.5516 0.3683
vn 0.6591 0.4647 0.5913
vn 0.7830 0.3922 0.4827
vn 0.8466 0.4759 0.2383
vn 0.7679 0.6086 0.1997
vn 0.8835 0.3116 0.3497
vn 0.8915 0.3428 0.2961
vn 0.7903 0.2980 0.5354
vn 0.8857 0.1506 0.4392
vn 0.8789 -0.0409 0.4753
vn 0.8589 -0.0283 0.5113
vn 0.7856 0.0110 0.6186
vn 0.5982 0.4787 0.6427
vn 0.8743 0.0820 0.4785
vn 0.8410 -0.0930 0.5330
vn 0.8720 -0.0617 0.4855
vn 0.8985 0.1209 0.4220
vn 0.8590 0.2614 0.4402
vn 0.4236 -0.1436 0.8944
vn 0.6213 0.3993 0.6742
vn 0.4389 0.1387 0.8878
vn 0.3448 -0.2119 0.9145
vn 0.8285 0.3553 0.4328
vn 0.6812 0.1357 0.7194
vn -0.1535 0.8773 0.4548
vn -0.3396 0.8131 0.4727
vn -0.3480 0.7884 0.5073
vn -0.0755 0.8347 0.5455
vn -0.0982 0.7214 0.6855
vn -0.3611 0.7415 0.5655
vn 0.4083 0.5605 0.7206
vn 0.5194 0.7223 0.4566
vn 0.5290 0.8055 0.2671
vn 0.9134 0.1607 0.3739
vn 0.8943 -0.0365 0.4459
vn 0.7208 0.6928 0.0228
vn 0.6698 0.7040 0.2360
vn 0.8196 0.5213 0.2378
vn 0.8308 0.5562 0.0200
vn 0.0405 0.8885 0.4571
vn 0.4193 0.8398 0.3449
vn 0.4383 0.8734 0.2122
vn 0.0547 0.9253 0.3754
vn 0.3234 0.7850 0.5285
vn 0.0022 0.8342 0.5515
vn -0.5004 0.7209 0.4794
vn -0.2950 0.8204 0.4899
vn -0.2404 0.8709 0.4286
vn -0.4426 0.7914 0.4216
vn -0.5337 0.6725 0.5127
vn -0.3168 0.7805 0.5390
vn 0.5823 0.6563 0.4798
vn 0.7553 0.4445 0.4816
vn 0.8147 0.2440 0.5261
vn 0.8784 0.3414 0.3344
vn 0.9079 0.3741 0.1891
vn 0.4898 -0.4410 0.7521
vn 0.7032 -0.3010 0.6442
vn 0.8595 0.1485 0.4891
vn 0.7406 0.2408 0.6273
vn 0.8275 0.2275 0.5134
vn 0.8658 0.1180 0.4863
vn 0.8564 0.1114 0.5042
vn 0.8316 0.1089 0.5446
vn 0.8761 0.2084 0.4347
vn 0.8152 0.1709 0.5533
vn 0.9133 0.2212 0.3420
vn 0.8751 0.1141 0.4703
vn 0.8713 0.0805 0.4841
vn 0.8154 -0.4281 0.3896
vn 0.9220 0.0310 0.3858
vn 0.2730 -0.7414 0.6130
vn 0.3031 -0.7736 0.5564
vn 0.3602 -0.8279 0.4298
vn 0.6976 0.7122 0.0783
vn 0.6319 0.7208 0.2849
vn 0.7680 0.5870 0.2561
vn 0.8039 0.5939 0.0333
vn 0.0806 0.8558 0.5110
vn 0.4010 0.8393 0.3671
vn 0.4345 0.8609 0.2645
vn 0.1357 0.8833 0.4488
vn 0.2640 0.7791 0.5686
vn 0.0070 0.8046 0.5938
vn -0.3082 0.7596 0.5727
vn -0.2038 0.8085 0.5521
vn -0.1433 0.8619 0.4864
vn -0.4074 0.8152 0.4118
vn -0.2511 0.7184 0.6487
vn -0.2123 0.7455 0.6318
vn 0.4898 0.6711 0.5565
vn 0.6952 0.5247 0.4913
vn 0.7980 0.5245 0.2970
vn 0.7558 0.4262 0.4971
vn 0.7371 0.3421 0.5828
vn 0.8475 0.4130 0.3333
vn 0.8971 0.4272 0.1126
vn 0.8153 0.5648 0.1277
vn 0.7929 -0.2081 0.5727
vn 0.8305 -0.2615 0.4918
vn 0.8701 -0.2489 0.4254
vn 0.8128 -0.1623 0.5595
vn 0.7490 0.1817 0.6372
vn 0.8897 0.0247 0.4558
vn 0.8899 0.1391 0.4345
vn 0.6932 0.2201 0.6863
vn 0.8967 0.2628 0.3561
vn 0.7014 0.2560 0.6652
vn 0.9706 0.2277 0.0785
vn 0.9872 0.0456 0.1526
vn 0.9585 -0.1192 0.2591
vn 0.8759 -0.3519 0.3302
vn 0.8915 -0.3277 0.3128
vn 0.8888 -0.1367 0.4375
vn 0.9180 -0.2642 0.2959
vn 0.8243 -0.0030 0.5662
vn 0.4063 0.3867 0.8279
vn 0.1902 0.5790 0.7929
vn -0.0858 0.3268 0.9412
vn -0.0064 0.2235 0.9747
vn 0.6102 0.4340 0.6628
vn 0.3217 0.7265 0.6072
vn 0.5516 0.2393 0.7991
vn 0.7396 0.2283 0.6332
vn 0.6067 0.0459 0.7936
vn 0.8022 0.0101 0.5970
vn 0.5780 -0.0329 0.8154
vn 0.7804 -0.1059 0.6162
vn 0.6936 0.0038 0.7203
vn 0.4256 0.1764 0.8875
vn 0.1244 -0.0535 0.9908
vn 0.3424 -0.3309 0.8793
vn -0.0194 0.4989 0.8665
vn -0.0664 0.3529 0.9333
vn 0.0674 0.1741 0.9824
vn 0.1609 0.0929 0.9826
vn 0.0940 0.2232 0.9702
vn -0.0459 -0.0430 0.9980
vn -0.1043 0.2332 0.9668
vn 0.0853 -0.5940 0.7999
vn -0.2044 0.8298 0.5192
vn -0.3080 0.8092 0.5003
vn -0.3001 0.7518 0.5871
vn -0.1982 0.7611 0.6177
vn -0.2179 0.6140 0.7586
vn -0.2852 0.6659 0.6894
vn 0.0356 0.8277 0.5601
vn -0.0016 0.7118 0.7024
vn -0.1457 0.4965 0.8557
vn 0.1262 0.5972 0.7921
vn -0.1147 0.7102 0.6946
vn -0.2899 0.4796 0.8282
vn -0.2807 0.3451 0.8956
vn 0.3032 0.7205 0.6236
vn -0.0683 0.7806 0.6212
vn 0.5037 0.3390 0.7946
vn 0.7528 0.3172 0.5767
vn 0.5766 0.0339 0.8163
vn 0.8273 -0.0622 0.5584
vn 0.4388 -0.0562 0.8968
vn 0.6937 -0.2253 0.6841
vn 0.5145 -0.2311 0.8258
vn 0.2277 -0.0974 0.9689
vn 0.0512 -0.0903 0.9946
vn 0.2090 -0.4826 0.8506
vn -0.0839 0.3400 0.9367
vn -0.1014 0.3557 0.9291
vn -0.0555 0.3071 0.9501
vn -0.1653 0.2164 0.9622
vn -0.2296 0.2286 0.9461
vn -0.0167 0.1035 0.9945
vn -0.0894 0.3784 0.9213
vn 0.1603 -0.5808 0.7981
vn -0.1742 0.7526 0.6350
vn -0.2045 0.6938 0.6905
vn -0.2544 0.5773 0.7759
vn 0.2714 0.6899 0.6711
vn -0.0402 0.7679 0.6393
vn -0.0411 0.7261 0.6863
vn 0.1152 0.6429 0.7573
vn 0.3129 0.7244 0.6143
vn -0.0426 0.7873 0.6151
vn 0.6046 0.4031 0.6870
vn 0.7506 0.3653 0.5506
vn 0.7244 0.0498 0.6876
vn 0.8518 -0.0067 0.5239
vn 0.6288 -0.1572 0.7615
vn 0.7814 -0.2278 0.5809
vn 0.6387 -0.3672 0.6762
vn 0.4443 -0.3354 0.8307
vn 0.2101 -0.4523 0.8667
vn 0.3342 -0.5847 0.7392
vn 0.1693 -0.1531 0.9736
vn 0.0756 -0.2283 0.9707
vn 0.2665 0.0772 0.9607
vn 0.3157 0.1489 0.9371
vn 0.2649 0.4224 0.8669
vn 0.0872 -0.3496 0.9328
vn 0.0360 -0.2019 0.9787
vn 0.1860 -0.6262 0.7571
vn -0.2562 0.7751 0.5775
vn -0.2628 0.7640 0.5892
vn -0.2748 0.7428 0.6106
vn 0.5203 0.4543 0.7231
vn 0.2706 0.5529 0.7881
vn -0.0169 0.2962 0.9550
vn 0.1095 0.2314 0.9667
vn 0.6425 0.5122 0.5699
vn 0.3682 0.6804 0.6336
vn 0.6744 0.3106 0.6699
vn 0.8180 0.2868 0.4987
vn 0.3625 -0.0202 0.9318
vn 0.6849 -0.3234 0.6529
vn 0.8286 -0.2308 0.5101
vn 0.5456 -0.1231 0.8290
vn 0.1081 0.1194 0.9869
vn 0.0699 0.2037 0.9765
vn 0.2041 0.1766 0.9629
vn 0.1488 0.0632 0.9868
vn 0.6603 -0.0550 0.7490
vn 0.7112 0.1015 0.6956
vn 0.1565 0.2807 0.9469
vn -0.0691 -0.2712 0.9600
vn 0.1430 -0.1528 0.9779
vn -0.0699 -0.1547 0.9855
vn -0.1009 -0.2451 0.9642
vn 0.4821 -0.2887 0.8272
vn 0.1798 -0.4563 0.8715
vn -0.3742 0.7722 0.5136
vn -0.5690 0.7095 0.4157
vn -0.5881 0.6682 0.4556
vn -0.3650 0.7216 0.5883
vn -0.3183 0.6470 0.6929
vn -0.6166 0.5898 0.5215
vn -0.1031 0.4680 0.8777
vn 0.0038 0.6696 0.7427
vn -0.1027 0.7080 0.6987
vn -0.0930 0.5644 0.8203
vn 0.0440 0.7627 0.6452
vn -0.1090 0.7785 0.6181
vn 0.8918 0.0510 0.4496
vn 0.8838 -0.1136 0.4538
vn -0.6269 0.7519 -0.2043
vn -0.6650 0.7354 -0.1305
vn -0.6819 0.6897 0.2436
vn -0.6567 0.7466 0.1059
vn -0.1797 0.9669 0.1810
vn -0.2843 0.9556 -0.0772
vn -0.4739 0.8565 -0.2047
vn -0.4608 0.8860 0.0517
vn -0.3666 0.7628 0.5327
vn -0.0591 0.8672 0.4945
vn 0.2950 0.8764 0.3807
vn 0.3061 0.9034 0.3002
vn 0.0191 0.9853 0.1700
vn 0.1154 0.9414 0.3170
vn 0.2872 0.8568 0.4283
vn 0.1837 0.8695 0.4585
vn -0.5396 0.5289 0.6551
vn -0.4991 0.4157 0.7603
vn -0.6755 0.6226 0.3951
vn -0.4615 0.3661 0.8081
vn -0.7271 0.6866 -0.0052
vn -0.7030 -0.2256 0.6745
vn -0.7005 -0.1057 0.7057
vn -0.8069 -0.0906 0.5838
vn -0.7424 -0.2377 0.6264
vn -0.7328 0.0702 0.6768
vn -0.7068 0.2861 0.6470
vn -0.8841 0.3099 0.3497
vn -0.8786 0.1223 0.4616
vn -0.5785 0.3595 0.7322
vn -0.7870 0.4796 0.3881
vn -0.8669 0.4966 0.0437
vn -0.9511 0.3063 0.0392
vn -0.9822 0.1402 0.1252
vn -0.9324 -0.0930 0.3492
vn -0.8114 -0.2929 0.5058
vn -0.7052 -0.2452 0.6653
vn -0.7168 -0.2572 0.6481
vn -0.7614 -0.3060 0.5715
vn -0.6763 0.7359 -0.0330
vn -0.7130 0.6857 0.1463
vn -0.7231 0.6402 0.2595
vn -0.6997 0.6894 0.1876
vn -0.1628 0.9665 0.1984
vn -0.2457 0.9694 -0.0010
vn -0.3538 0.9274 -0.1217
vn -0.3030 0.9469 0.1078
vn -0.2696 0.9164 0.2959
vn -0.1126 0.9306 0.3483
vn 0.0936 0.9482 0.3037
vn 0.0587 0.9891 0.1351
vn -0.0537 0.9916 0.1175
vn 0.0028 0.9570 0.2899
vn 0.1226 0.8861 0.4471
vn 0.0386 0.9103 0.4121
vn -0.6883 0.6231 0.3716
vn -0.7176 0.5799 0.3858
vn -0.7477 0.5848 0.3144
vn -0.7428 0.5815 0.3318
vn -0.7907 0.5289 0.3083
vn -0.6962 -0.2668 0.6665
vn -0.7048 -0.1426 0.6950
vn -0.8895 -0.2269 0.3967
vn -0.7654 -0.2410 0.5966
vn -0.8170 -0.0208 0.5762
vn -0.8784 0.2607 0.4005
vn -0.9459 0.2524 0.2040
vn -0.9695 -0.0170 0.2445
vn -0.8466 0.4207 0.3259
vn -0.8778 0.4012 0.2619
vn -0.9141 0.3662 0.1743
vn -0.9752 0.2170 0.0436
vn -0.9990 -0.0341 -0.0298
vn -0.9591 -0.2816 0.0300
vn -0.8975 -0.3113 0.3123
vn -0.5102 0.8097 0.2899
vn -0.5040 0.8608 0.0715
vn -0.4797 0.8654 -0.1446
vn -0.6954 -0.3107 0.6480
vn -0.7052 -0.3138 0.6358
vn -0.7491 -0.3269 0.5762
vn -0.6841 0.7131 0.1531
vn -0.8203 0.5551 0.1377
vn -0.7862 0.5341 0.3109
vn -0.6299 0.6795 0.3761
vn 0.2139 0.8081 0.5488
vn 0.2266 0.8745 0.4288
vn 0.1389 0.9349 0.3266
vn 0.1631 0.8602 0.4831
vn 0.1910 0.7389 0.6461
vn 0.2058 0.7500 0.6287
vn 0.1558 0.7980 0.5821
vn 0.1414 0.8499 0.5077
vn 0.1636 0.7648 0.6232
vn -0.5920 0.5375 0.6005
vn -0.7064 0.5238 0.4760
vn -0.7654 0.5878 0.2621
vn -0.7121 0.5524 0.4334
vn -0.7912 0.6042 0.0944
vn -0.0250 -0.6377 0.7699
vn -0.3419 -0.5032 0.7937
vn -0.5810 -0.5607 0.5900
vn -0.1334 -0.6791 0.7218
vn -0.7364 0.1808 0.6519
vn -0.6933 0.0278 0.7201
vn -0.8821 -0.1049 0.4592
vn -0.8971 -0.1262 0.4234
vn -0.7542 0.0437 0.6552
vn -0.7667 0.3770 0.5197
vn -0.8873 0.3887 0.2484
vn -0.9234 -0.0208 0.3832
vn -0.9331 0.3573 0.0401
vn -0.9917 -0.0934 0.0884
vn -0.9658 -0.2052 0.1583
vn -0.9471 -0.2485 0.2029
vn -0.4924 -0.7683 0.4090
vn -0.4630 -0.7375 0.4917
vn -0.0977 0.7157 0.6915
vn -0.1947 0.8784 0.4364
vn -0.2199 0.9475 0.2322
vn -0.7750 -0.5449 0.3199
vn -0.7929 -0.3147 0.5218
vn -0.7704 0.0078 0.6375
vn -0.7141 0.6553 0.2461
vn -0.7776 0.5882 0.2224
vn -0.7230 0.5515 0.4160
vn -0.6140 0.6036 0.5086
vn 0.2480 0.7856 0.5668
vn 0.2350 0.8918 0.3867
vn 0.0724 0.9577 0.2785
vn 0.1046 0.8419 0.5295
vn 0.1263 0.6694 0.7321
vn 0.2256 0.6805 0.6971
vn 0.2631 0.7346 0.6254
vn 0.3518 0.8170 0.4569
vn 0.2249 0.6933 0.6846
vn -0.4899 0.4937 0.7185
vn -0.6181 0.5342 0.5768
vn -0.6833 0.6496 0.3333
vn -0.6295 0.5950 0.4997
vn -0.7050 0.6855 0.1820
vn -0.8305 -0.2013 0.5195
vn -0.8187 -0.1506 0.5542
vn -0.7989 -0.3236 0.5071
vn -0.8118 -0.3254 0.4849
vn -0.7293 -0.0269 0.6837
vn -0.6693 -0.0157 0.7428
vn -0.8185 -0.1370 0.5579
vn -0.7896 -0.2056 0.5781
vn -0.6883 0.1051 0.7178
vn -0.8474 0.0484 0.5288
vn -0.6970 0.2976 0.6524
vn -0.6721 0.4961 0.5497
vn -0.7277 0.5746 0.3746
vn -0.8380 0.3211 0.4413
vn -0.7675 0.6209 0.1595
vn -0.9329 0.2780 0.2290
vn -0.9535 -0.0292 0.2999
vn -0.9018 -0.2075 0.3789
vn -0.8319 -0.3242 0.4504
vn -0.8028 -0.3878 0.4529
vn -0.7450 -0.5309 0.4038
vn -0.1647 0.6015 0.7817
vn -0.2820 0.8120 0.5110
vn -0.3096 0.9162 0.2542
vn -0.7632 0.5063 0.4016
vn -0.7202 0.3532 0.5972
vn -0.6592 0.4796 0.5792
vn -0.7310 0.5478 0.4069
vn -0.7497 0.6089 0.2594
vn -0.7533 0.5766 0.3163
vn -0.7765 0.5295 0.3416
vn -0.7671 0.4597 0.4475
vn -0.7720 0.1383 0.6204
vn -0.8013 -0.0118 0.5981
vn -0.8433 -0.2443 0.4786
vn -0.8722 -0.1382 0.4692
vn -0.6276 0.3701 0.6850
vn -0.6086 0.2718 0.7455
vn -0.6140 0.2439 0.7507
vn -0.8153 0.1873 0.5480
vn -0.8054 -0.0414 0.5913
vn -0.6059 0.2162 0.7656
vn -0.6910 0.2090 0.6920
vn -0.4510 -0.0203 0.8923
vn -0.4131 0.0336 0.9101
vn -0.4793 0.0819 0.8738
vn -0.6479 -0.0626 0.7592
vn -0.8112 -0.1457 0.5663
vn -0.6282 -0.3306 0.7044
vn 0.1053 0.8162 0.5681
vn 0.0203 0.7810 0.6242
vn 0.3082 0.7648 0.5658
vn 0.3052 0.7831 0.5419
vn 0.0640 0.6989 0.7123
vn 0.3134 0.7258 0.6123
vn -0.4519 0.5575 0.6964
vn -0.5405 0.6307 0.5568
vn -0.5017 0.7114 0.4921
vn -0.8719 0.2240 0.4354
vn -0.8765 -0.0867 0.4735
vn -0.3965 0.6332 0.6648
vn 0.1240 0.5153 0.8480
vn 0.0084 0.6399 0.7684
vn -0.1627 0.7637 0.6248
vn -0.5835 0.6593 0.4741
vn -0.1709 0.8086 0.5630
vn -0.8299 0.3806 0.4080
vn -0.4623 0.4085 0.7870
vn -0.8159 0.0878 0.5715
vn -0.4861 0.1759 0.8560
vn -0.6881 -0.0070 0.7256
vn -0.3909 0.1267 0.9117
vn -0.6676 0.1450 0.7303
vn -0.6021 0.3213 0.7309
vn -0.5311 0.2286 0.8159
vn -0.4662 0.1405 0.8734
vn -0.4681 0.1610 0.8689
vn -0.2933 0.1517 0.9439
vn -0.0875 0.2142 0.9729
vn 0.1133 0.2706 0.9560
vn 0.2460 0.3778 0.8926
vn -0.1386 0.1220 0.9828
vn -0.3499 0.1546 0.9239
vn -0.6778 0.1693 0.7155
vn -0.3297 0.4791 0.8135
vn -0.2839 0.3388 0.8970
vn -0.3889 0.3393 0.8565
vn -0.4011 0.4392 0.8039
vn -0.4174 0.5844 0.6958
vn -0.3730 0.5976 0.7097
vn 0.0382 0.8056 0.5912
vn 0.0544 0.8206 0.5689
vn -0.0147 0.7512 0.6599
vn -0.3843 0.5612 0.7330
vn -0.3361 0.4575 0.8232
vn -0.2559 0.2948 0.9206
vn -0.3345 0.6686 0.6642
vn 0.1118 0.5596 0.8212
vn 0.1843 0.6528 0.7348
vn -0.0247 0.7960 0.6048
vn -0.5453 0.6778 0.4932
vn -0.0745 0.8439 0.5312
vn -0.8280 0.3166 0.4628
vn -0.6127 0.3984 0.6826
vn -0.8618 0.0907 0.4990
vn -0.6630 0.1753 0.7278
vn -0.8070 -0.1399 0.5738
vn -0.6105 -0.0458 0.7907
vn -0.7163 -0.2410 0.6549
vn -0.5167 -0.2050 0.8312
vn -0.2391 -0.0617 0.9690
vn -0.5179 -0.0310 0.8549
vn 0.0151 0.1700 0.9853
vn -0.0597 0.3085 0.9493
vn -0.0921 0.2460 0.9649
vn -0.1072 0.3120 0.9440
vn -0.0444 0.4242 0.9045
vn -0.0023 0.0396 0.9992
vn 0.0285 0.1347 0.9905
vn -0.1285 -0.3548 0.9261
vn 0.0764 0.8040 0.5897
vn 0.0582 0.8318 0.5519
vn 0.1524 0.6609 0.7348
vn -0.6951 0.6715 0.2568
vn -0.7711 0.6001 0.2127
vn -0.7031 0.5577 0.4411
vn -0.6134 0.5893 0.5257
vn 0.3162 0.7232 0.6140
vn 0.3214 0.8004 0.5061
vn 0.1314 0.8810 0.4545
vn 0.1545 0.7688 0.6205
vn 0.1598 0.6494 0.7435
vn 0.2761 0.6563 0.7022
vn 0.3191 0.6828 0.6572
vn 0.4699 0.7393 0.4823
vn 0.2644 0.6552 0.7077
vn -0.4517 0.4777 0.7535
vn -0.5935 0.4817 0.6447
vn -0.7085 0.5578 0.4322
vn -0.6444 0.4532 0.6160
vn -0.7606 0.5816 0.2884
vn -0.6281 -0.5229 0.5763
vn -0.6519 -0.3608 0.6670
vn -0.7201 -0.4149 0.5562
vn -0.6415 -0.5731 0.5099
vn -0.6416 -0.0672 0.7641
vn -0.6483 0.0435 0.7601
vn -0.8712 0.1307 0.4733
vn -0.8147 -0.2116 0.5399
vn -0.6636 0.3147 0.6787
vn -0.7790 0.3562 0.5160
vn -0.8623 0.4123 0.2941
vn -0.9539 0.1188 0.2757
vn -0.9021 -0.3216 0.2877
vn -0.7654 -0.5512 0.3322
vn -0.6535 -0.6448 0.3965
vn -0.1678 0.5544 0.8152
vn -0.2230 0.7669 0.6017
vn -0.2519 0.8964 0.3646
vn 0.4839 0.8499 0.2086
vn 0.1402 0.9448 0.2963
vn 0.1257 0.9377 0.3240
vn 0.3992 0.8832 0.2462
vn -0.5093 0.7483 0.4250
vn -0.9872 0.1041 0.1211
vn -0.9906 0.1369 0.0062
vn -0.3965 0.7999 0.4505
vn 0.2448 0.9203 0.3052
vn 0.0719 0.9303 0.3597
vn -0.1393 0.9133 0.3827
vn -0.1138 0.9273 0.3565
vn -0.3303 0.8850 0.3283
vn -0.3462 0.8702 0.3506
vn -0.4895 0.8358 0.2488
vn -0.4907 0.8164 0.3044
vn -0.5490 0.8108 0.2031
vn -0.5575 0.7779 0.2898
vn -0.6695 0.7237 0.1676
vn -0.6703 0.6944 0.2616
vn -0.8035 0.5537 0.2188
vn -0.8238 0.5536 0.1219
vn -0.8986 0.4310 0.0818
vn -0.8721 0.4327 0.2285
vn -0.9325 0.2604 0.2503
vn -0.9479 0.3014 0.1036
vn -0.9925 0.0788 0.0938
vn -0.9702 0.0516 0.2367
vn -0.9778 -0.0143 0.2089
vn -0.9880 0.1326 -0.0795
vn -0.9425 0.3172 -0.1053
vn -0.9130 0.4045 -0.0526
vn -0.8371 0.5457 0.0393
vn -0.6524 0.7516 0.0972
vn -0.5372 0.8342 0.1248
vn -0.4971 0.8448 0.1981
vn -0.3357 0.8919 0.3029
vn -0.1073 0.9354 0.3368
vn -0.7957 0.4885 0.3580
vn -0.0310 0.8863 0.4621
vn -0.0055 0.8802 0.4745
vn -0.1113 0.9003 0.4207
vn -0.1209 0.9691 -0.2148
vn -0.0509 0.7861 -0.6160
vn -0.0254 0.6891 -0.7242
vn 0.6607 0.7009 0.2686
vn 0.3475 0.9070 0.2377
vn 0.3180 0.9017 0.2928
vn 0.6100 0.7446 0.2711
vn 0.0318 0.9876 0.1540
vn -0.0489 0.9473 0.3167
vn -0.1796 0.9826 0.0465
vn -0.3866 0.9222 0.0114
vn -0.4398 0.8706 0.2204
vn -0.2373 0.9320 0.2741
vn -0.4541 0.8899 0.0427
vn -0.5361 0.8441 -0.0065
vn -0.5631 0.8164 0.1279
vn -0.5160 0.8290 0.2158
vn -0.6638 0.7403 -0.1064
vn -0.6707 0.7417 -0.0020
vn -0.8497 0.4294 -0.3059
vn -0.8917 0.2213 -0.3949
vn -0.9254 0.2903 -0.2436
vn -0.8934 0.3753 -0.2469
vn -0.8474 0.4383 -0.2996
vn -0.6862 0.7176 0.1188
vn -0.7638 0.5744 0.2944
vn -0.9305 0.3561 -0.0854
vn -0.9520 0.2928 -0.0895
vn -0.9186 0.3693 -0.1407
vn -0.6750 0.7366 0.0430
vn -0.5660 0.7780 0.2727
vn -0.5456 0.7709 0.3285
vn -0.4764 0.7939 0.3779
vn -0.2764 0.8382 0.4701
vn -0.1221 0.8822 0.4547
vn 0.2234 0.9061 0.3593
vn 0.5515 0.7885 0.2725
vn -0.9217 0.2403 0.3046
vn -0.9689 0.2467 0.0200
vn 0.4287 0.8036 0.4129
vn 0.3048 0.8786 0.3676
vn -0.3719 0.7134 0.5939
vn -0.1142 0.8741 0.4721
vn -0.1212 0.8714 0.4753
vn 0.4834 0.7508 0.4501
vn -0.8097 0.5750 -0.1176
vn -0.7766 0.6081 -0.1646
vn -0.7568 0.6274 -0.1835
vn 0.6382 0.6435 0.4227
vn 0.6086 0.6812 0.4068
vn 0.5175 0.7775 0.3572
vn -0.5495 0.7447 0.3788
vn -0.5502 0.8258 0.1237
vn -0.5843 0.8037 0.1125
vn -0.5463 0.7558 0.3610
vn -0.1157 0.9371 0.3294
vn -0.3902 0.8898 0.2365
vn -0.4519 0.7927 0.4091
vn -0.2090 0.8526 0.4790
vn -0.3103 0.9505 0.0156
vn -0.0283 0.9865 0.1610
vn 0.4618 0.7651 0.4487
vn 0.3214 0.8334 0.4496
vn 0.2273 0.7910 0.5680
vn 0.4832 0.6375 0.6001
vn 0.4424 0.8218 0.3590
vn 0.3349 0.8890 0.3124
vn -0.4887 0.8662 -0.1042
vn -0.5775 0.7972 -0.1759
vn -0.6352 0.7403 -0.2202
vn -0.6372 0.7682 0.0615
vn -0.6103 0.7119 0.3475
vn -0.9823 0.1867 -0.0145
vn -0.9166 0.3406 0.2091
vn -0.7978 0.5964 0.0888
vn -0.8124 0.5623 -0.1544
vn -0.7073 0.7044 0.0597
vn -0.7102 0.6712 -0.2126
vn -0.6251 0.6893 0.3662
vn -0.6237 0.6635 0.4132
vn -0.6430 0.5559 0.5269
vn -0.8971 0.3440 0.2773
vn -0.5574 0.7000 0.4464
vn -0.9911 0.1066 0.0793
vn -0.9842 0.1414 0.1065
vn -0.7494 0.6164 0.2419
vn -0.4829 0.8258 0.2913
vn 0.8835 -0.1694 0.4367
vn 0.8979 -0.2811 0.3388
vn 0.8550 -0.3294 0.4007
vn 0.9013 -0.1539 0.4049
vn 0.9071 -0.0499 0.4179
vn 0.8139 0.0141 0.5808
vn 0.8437 -0.0515 0.5343
vn 0.9226 -0.1022 0.3719
vn 0.9655 -0.0847 0.2464
vn 0.8915 -0.1189 0.4372
vn 0.9917 -0.0824 0.0990
vn 0.9883 -0.0997 0.1152
vn 0.8877 -0.3701 0.2738
vn 0.8238 -0.4725 0.3131
vn 0.7350 -0.6291 0.2532
vn 0.8299 0.0724 0.5532
vn 0.8660 0.0097 0.5000
vn 0.9284 -0.1105 0.3548
vn 0.9524 -0.2004 0.2295
vn 0.9470 -0.2672 0.1784
vn 0.8820 -0.2265 0.4132
vn 0.9209 -0.1640 0.3537
vn 0.9499 -0.1746 0.2593
vn 0.9196 -0.2526 0.3009
vn 0.8571 -0.2030 0.4736
vn 0.8744 -0.0774 0.4790
vn 0.8892 -0.1095 0.4442
vn 0.8641 -0.1883 0.4667
vn 0.9654 -0.1617 0.2044
vn 0.9665 -0.1480 0.2098
vn 0.8336 -0.0067 0.5524
vn 0.8513 0.1005 0.5149
vn 0.8260 0.1640 0.5392
vn 0.7874 0.0678 0.6127
vn 0.8336 -0.0739 0.5474
vn 0.6980 -0.0625 0.7134
vn 0.8504 -0.0912 0.5182
vn 0.6871 -0.0225 0.7262
vn 0.8862 -0.1530 0.4373
vn 0.6527 -0.1073 0.7500
vn 0.5523 0.7321 0.3987
vn 0.5472 0.6937 0.4684
vn 0.8727 0.4023 0.2768
vn 0.8977 0.3754 0.2306
vn 0.5356 0.6385 0.5527
vn 0.8801 0.3839 0.2794
vn 0.4023 0.8707 0.2830
vn 0.3905 0.8520 0.3487
vn 0.5909 0.7440 0.3119
vn 0.5928 0.7648 0.2523
vn 0.7002 0.6360 0.3242
vn 0.6819 0.6843 0.2583
vn 0.7230 0.5862 0.3656
vn 0.7341 0.5325 0.4213
vn 0.7689 0.4026 0.4968
vn 0.7741 0.4471 0.4482
vn 0.8630 0.1675 0.4767
vn 0.9230 0.1655 0.3475
vn 0.9907 -0.0154 0.1349
vn 0.9194 -0.0253 0.3926
vn 0.8966 -0.2458 0.3683
vn 0.9965 -0.0783 -0.0304
vn 0.9743 -0.0525 0.2189
vn 0.8402 -0.3409 0.4217
vn 0.8699 -0.1428 0.4721
vn 0.9466 -0.1187 0.2997
vn 0.9924 -0.0644 -0.1051
vn 0.9745 -0.1422 0.1736
vn 0.9948 -0.0888 -0.0490
vn 0.9874 0.0256 -0.1561
vn 0.6942 -0.5100 0.5079
vn 0.7889 -0.2023 0.5803
vn 0.7818 -0.0294 0.6229
vn 0.7456 -0.3231 0.5829
vn 0.7716 0.1623 0.6151
vn 0.7512 0.3647 0.5502
vn 0.7463 0.4649 0.4763
vn 0.7231 0.5614 0.4024
vn 0.5957 0.7111 0.3735
vn 0.3748 0.8302 0.4126
vn 0.8886 -0.1686 0.4265
vn 0.9841 -0.1490 0.0966
vn 0.0359 0.9583 0.2834
vn 0.0769 0.9346 0.3473
vn 0.1351 0.8975 0.4199
vn -0.1735 0.9499 0.2600
vn -0.0610 0.9470 0.3153
vn 0.0258 0.9348 0.3542
vn 0.9879 0.0292 0.1522
vn 0.9867 0.0565 0.1522
vn 0.9973 -0.0273 0.0677
vn 0.9953 -0.0370 0.0891
vn 0.8364 -0.2667 0.4789
vn 0.7896 -0.2842 0.5438
vn 0.8403 -0.2209 0.4950
vn 0.8930 -0.2124 0.3968
vn 0.9877 -0.0073 0.1565
vn 0.9928 -0.0466 0.1104
vn 0.9197 -0.2214 0.3241
vn 0.9397 -0.2235 0.2590
vn 0.9445 -0.0825 0.3180
vn 0.9226 -0.0508 0.3824
vn 0.9663 -0.1519 0.2078
vn 0.9948 -0.0261 0.0983
vn 0.9987 -0.0098 -0.0502
vn 0.9994 -0.0338 -0.0111
vn 0.9905 -0.0919 0.1021
vn 0.9057 -0.1997 0.3739
vn 0.9999 -0.0142 -0.0058
vn 0.9916 0.0858 -0.0965
vn 0.9456 -0.0812 0.3151
vn 0.9752 -0.0488 0.2157
vn 0.9819 -0.1160 0.1494
vn 0.7467 -0.3043 0.5915
vn 0.8441 -0.1128 0.5242
vn 0.9783 0.0486 0.2015
vn 0.9863 0.0924 -0.1367
vn 0.9162 -0.0008 0.4006
vn 0.9999 0.0156 0.0035
vn 0.9965 -0.0101 -0.0835
vn 0.9984 -0.0557 -0.0026
vn 0.9980 -0.0270 0.0573
vn 0.4882 0.3677 0.7915
vn 0.4180 0.4502 0.7891
vn 0.9028 0.3677 0.2232
vn 0.8806 0.2935 0.3721
vn 0.9884 0.0604 0.1396
vn 0.9919 0.0066 0.1269
vn 0.4663 0.2822 0.8384
vn 0.8915 0.2175 0.3975
vn 0.9869 0.1429 0.0743
vn 0.9910 0.1126 -0.0718
vn 0.9807 0.1007 0.1678
vn 0.3504 0.2296 0.9080
vn 0.3228 0.2954 0.8992
vn 0.3453 0.3058 0.8873
vn 0.3542 0.2399 0.9039
vn 0.2993 0.3474 0.8887
vn 0.3370 0.3731 0.8644
vn 0.9546 -0.1521 0.2562
vn 0.9574 -0.1853 0.2214
vn 0.9455 -0.1364 0.2957
vn 0.9426 -0.1210 0.3113
vn 0.2048 0.3092 0.9287
vn 0.2094 0.2412 0.9476
vn 0.2976 0.3216 0.8989
vn 0.3068 0.4239 0.8522
vn 0.9662 -0.1455 0.2126
vn 0.9391 -0.1054 0.3270
vn 0.1908 0.4526 0.8711
vn 0.3139 0.4993 0.8075
vn 0.9733 -0.1735 0.1506
vn 0.9703 -0.1900 0.1496
vn 0.9727 -0.1735 0.1543
vn 0.9426 0.0062 0.3340
vn 0.9440 0.0190 0.3294
vn 0.9317 0.0270 0.3621
vn 0.5786 0.3853 0.7188
vn 0.5694 0.3341 0.7511
vn 0.6215 0.3873 0.6810
vn 0.8911 -0.2050 0.4050
vn 0.8465 -0.0014 0.5324
vn 0.9096 0.0491 0.4125
vn 0.9413 -0.2267 0.2501
vn 0.9161 -0.1017 0.3878
vn 0.8821 -0.0583 0.4675
vn 0.8831 -0.1181 0.4541
vn 0.9246 -0.1461 0.3517
vn 0.9372 -0.2817 0.2058
vn 0.9500 -0.0142 0.3118
vn 0.8950 -0.1406 0.4233
vn 0.9104 -0.1902 0.3673
vn 0.3732 0.4221 0.8261
vn 0.3695 0.3760 0.8498
vn 0.3052 0.4357 0.8467
vn 0.3313 0.4106 0.8495
vn 0.3698 0.4532 0.8111
vn 0.3372 0.4021 0.8512
vn 0.8212 -0.0460 0.5688
vn 0.8309 -0.1364 0.5394
vn 0.8467 -0.1940 0.4955
vn 0.8030 -0.0676 0.5921
vn 0.3986 0.2611 0.8791
vn 0.2471 0.4775 0.8431
vn 0.6255 0.4137 0.6615
vn 0.6070 0.3620 0.7074
vn 0.6122 0.2067 0.7632
vn 0.6333 0.0791 0.7698
vn 0.8007 0.0422 0.5976
vn 0.9193 0.0063 0.3935
vn 0.9026 0.0600 0.4263
vn 0.8005 0.1284 0.5855
vn 0.7430 -0.2884 0.6040
vn 0.8171 -0.2111 0.5365
vn 0.8928 -0.2243 0.3906
vn 0.7676 -0.3044 0.5640
vn 0.6862 0.0898 0.7219
vn 0.7011 0.1770 0.6908
vn 0.6508 -0.3657 0.6654
vn 0.6393 -0.3538 0.6828
vn 0.7999 -0.2372 0.5512
vn 0.9373 -0.2326 0.2596
vn 0.9327 -0.1790 0.3131
vn 0.7884 -0.1100 0.6053
vn 0.6662 -0.2031 0.7176
vn 0.6753 -0.0592 0.7351
vn 0.7917 -0.0493 0.6089
vn 0.6652 -0.0119 0.7466
vn 0.9359 -0.1002 0.3377
vn 0.6547 0.7369 0.1681
vn 0.6208 0.7386 0.2628
vn 0.7011 0.6595 0.2711
vn 0.7235 0.6590 0.2056
vn 0.3458 0.8719 0.3469
vn 0.5161 0.7923 0.3254
vn 0.5788 0.7875 0.2117
vn 0.4128 0.8781 0.2418
vn 0.4692 0.7714 0.4298
vn 0.3435 0.8145 0.4675
vn -0.1149 0.9352 0.3349
vn 0.0539 0.9478 0.3144
vn 0.1022 0.9813 0.1631
vn -0.0491 0.9955 0.0807
vn -0.1445 0.8802 0.4522
vn 0.0784 0.8808 0.4670
vn 0.5930 0.7130 0.3742
vn 0.6897 0.6244 0.3666
vn 0.7794 0.4491 0.4369
vn 0.7882 0.5058 0.3506
vn 0.7987 0.5242 0.2955
vn 0.9053 -0.0857 0.4160
vn 0.8862 -0.0982 0.4527
vn 0.8657 0.0159 0.5003
vn 0.8993 0.0420 0.4353
vn 0.7972 0.2098 0.5660
vn 0.7999 0.1716 0.5750
vn 0.7703 0.3360 0.5421
vn 0.7186 0.3184 0.6182
vn 0.7827 0.4291 0.4509
vn 0.7430 0.3694 0.5581
vn 0.7969 0.4775 0.3701
vn 0.8116 0.3480 0.4693
vn 0.8143 0.1081 0.5704
vn 0.8648 -0.1170 0.4882
vn 0.8253 -0.0411 0.5632
vn 0.8839 -0.1847 0.4296
vn 0.8791 -0.1691 0.4455
vn 0.8747 -0.1558 0.4589
vn 0.6029 0.7827 0.1547
vn 0.5899 0.7588 0.2761
vn 0.7057 0.6436 0.2963
vn 0.7218 0.6665 0.1864
vn 0.2570 0.9262 0.2759
vn 0.4381 0.8500 0.2925
vn 0.4527 0.8797 0.1453
vn 0.3014 0.9503 0.0781
vn 0.4141 0.7978 0.4382
vn 0.2580 0.8401 0.4771
vn -0.3285 0.9159 0.2305
vn -0.1032 0.9650 0.2410
vn -0.1089 0.9926 -0.0538
vn -0.3814 0.9159 -0.1250
vn -0.2611 0.8388 0.4778
vn -0.0691 0.8624 0.5015
vn 0.5652 0.7017 0.4338
vn 0.6904 0.5947 0.4118
vn 0.7906 0.4581 0.4064
vn 0.8087 0.4939 0.3195
vn 0.8195 0.5201 0.2405
vn 0.8087 -0.1551 0.5674
vn 0.8224 -0.0484 0.5668
vn 0.8639 0.0711 0.4987
vn 0.8327 0.0367 0.5526
vn 0.8339 0.1895 0.5184
vn 0.8602 0.1883 0.4739
vn 0.8461 0.3138 0.4309
vn 0.8174 0.2890 0.4983
vn 0.8450 0.3979 0.3573
vn 0.8147 0.3650 0.4506
vn 0.8697 0.4187 0.2614
vn 0.8717 0.3384 0.3545
vn 0.8861 0.1748 0.4293
vn 0.8507 -0.0031 0.5256
vn 0.8895 0.0694 0.4516
vn 0.7942 -0.2267 0.5638
vn 0.7927 -0.1772 0.5833
vn 0.7819 -0.0692 0.6196
vn 0.6739 0.7387 -0.0137
vn 0.6765 0.7283 0.1088
vn 0.7095 0.6915 0.1360
vn 0.7267 0.6869 0.0088
vn 0.5016 0.8526 0.1463
vn 0.6350 0.7636 0.1169
vn 0.6425 0.7662 -0.0119
vn 0.5065 0.8612 -0.0423
vn 0.6139 0.7382 0.2794
vn 0.5292 0.7833 0.3260
vn -0.1613 0.9720 0.1706
vn -0.0303 0.9889 0.1457
vn -0.0179 0.9998 -0.0013
vn -0.1808 0.9819 0.0565
vn -0.1520 0.9635 0.2202
vn -0.0460 0.9699 0.2392
vn 0.6359 0.7253 0.2637
vn 0.6695 0.6820 0.2942
vn 0.7086 0.5932 0.3821
vn 0.7467 0.6355 0.1966
vn 0.7667 0.6402 0.0471
vn 0.8919 -0.1858 0.4122
vn 0.9010 -0.0202 0.4334
vn 0.9242 -0.1233 0.3613
vn 0.8870 -0.1464 0.4380
vn 0.8381 0.2070 0.5048
vn 0.9119 0.1709 0.3730
vn 0.8603 0.3542 0.3668
vn 0.7915 0.3735 0.4838
vn 0.8117 0.5023 0.2979
vn 0.7589 0.4611 0.4599
vn 0.8422 0.5205 0.1404
vn 0.9191 0.3224 0.2265
vn 0.9724 0.1104 0.2056
vn 0.8653 0.1933 0.4625
vn 0.9592 -0.0955 0.2662
vn 0.9322 0.0036 0.3620
vn 0.9836 -0.0331 0.1774
vn 0.8736 0.0293 0.4858
vn 0.8185 0.4055 0.4070
vn 0.7675 0.4770 0.4283
vn 0.7232 0.5302 0.4425
vn 0.2664 0.9130 0.3091
vn 0.2318 0.9621 0.1436
vn 0.1903 0.9796 -0.0652
vn 0.6665 0.7334 0.1339
vn 0.6346 0.7001 0.3275
vn 0.7148 0.5946 0.3682
vn 0.7406 0.6379 0.2110
vn 0.0653 0.8855 0.4600
vn 0.4225 0.8197 0.3868
vn 0.4825 0.8583 0.1749
vn 0.1380 0.9681 0.2089
vn 0.3786 0.7223 0.5787
vn 0.0219 0.7428 0.6691
vn -0.2291 0.8542 0.4667
vn -0.2433 0.9605 0.1350
vn -0.2003 0.6877 0.6978
vn 0.5966 0.5956 0.5379
vn 0.6567 0.5255 0.5408
vn 0.6727 0.4841 0.5595
vn 0.7686 0.4992 0.4000
vn 0.8095 0.5230 0.2669
vn 0.7644 -0.0512 0.6427
vn 0.8276 0.0448 0.5595
vn 0.8420 0.1260 0.5245
vn 0.7866 -0.0191 0.6172
vn 0.8527 0.0814 0.5160
vn 0.8888 0.1950 0.4148
vn 0.8957 0.2665 0.3560
vn 0.8449 0.2177 0.4886
vn 0.8339 0.3900 0.3906
vn 0.7410 0.3815 0.5526
vn 0.9093 0.3675 0.1952
vn 0.9361 0.2916 0.1964
vn 0.9068 0.3052 0.2908
vn 0.8768 0.1631 0.4524
vn 0.8769 0.2865 0.3859
vn 0.8742 -0.0045 0.4856
vn 0.8434 -0.0316 0.5364
vn 0.8518 0.0329 0.5228
vn 0.8280 -0.0215 0.5603
vn 0.8447 0.0308 0.5343
vn 0.8287 -0.0435 0.5580
vn -0.3633 0.7762 0.5153
vn -0.4362 0.8961 0.0817
vn -0.3026 0.6632 0.6845
vn -0.7979 0.5708 0.1936
vn -0.7919 0.6047 0.0849
vn -0.5096 0.8490 0.1395
vn -0.5091 0.8505 0.1323
vn -0.1210 0.9918 0.0419
vn -0.0831 0.9837 0.1592
vn 0.1752 0.9741 0.1432
vn 0.1314 0.9912 -0.0164
vn 0.3537 0.9333 -0.0615
vn 0.3925 0.9142 0.1003
vn 0.5422 0.8334 0.1068
vn 0.4673 0.8824 -0.0550
vn 0.5275 0.8455 -0.0823
vn 0.5930 0.7949 0.1285
vn 0.6411 0.7619 0.0924
vn 0.6021 0.7810 -0.1659
vn 0.7422 0.6698 0.0239
vn 0.6845 0.7002 -0.2030
vn 0.8768 0.3122 -0.3658
vn 0.9237 0.3597 -0.1316
vn 0.9676 0.2081 -0.1433
vn 0.9114 0.1875 -0.3663
vn 0.9175 0.0464 -0.3950
vn 0.9761 0.0847 -0.2003
vn 0.9485 0.1386 -0.2849
vn 0.9122 0.0829 -0.4013
vn 0.8858 0.3190 -0.3370
vn 0.8894 0.2384 -0.3901
vn 0.9939 0.1103 0.0056
vn 0.9778 0.1690 -0.1240
vn 0.9666 0.2390 0.0924
vn 0.9035 0.4038 0.1436
vn 0.7665 0.6005 0.2276
vn 0.6672 0.6872 0.2874
vn 0.6239 0.7274 0.2857
vn 0.5822 0.7795 0.2313
vn 0.4174 0.8723 0.2546
vn 0.2110 0.9337 0.2893
vn -0.0537 0.9619 0.2679
vn -0.7706 0.6354 -0.0493
vn -0.4732 0.8697 0.1402
vn 0.9011 0.3496 -0.2565
vn -0.0089 0.9445 -0.3284
vn 0.4817 0.7721 -0.4146
vn 0.5171 0.6936 -0.5015
vn -0.0644 0.8660 -0.4960
vn 0.6071 0.7189 -0.3386
vn 0.0256 0.9755 -0.2186
vn 0.7745 0.5912 0.2249
vn 0.8373 0.5404 -0.0832
vn 0.7671 0.6413 -0.0162
vn 0.7433 0.6215 0.2474
vn 0.7368 0.6394 -0.2196
vn 0.7960 0.5331 -0.2867
vn -0.3858 0.8720 0.3013
vn -0.5251 0.8267 0.2020
vn -0.3783 0.8171 0.4350
vn -0.2442 0.8371 0.4896
vn 0.1656 0.8722 0.4603
vn 0.1658 0.8722 0.4602
vn -0.1740 0.9155 0.3627
vn -0.0771 0.8723 0.4829
vn 0.0195 0.8076 0.5894
vn 0.2148 0.8570 0.4684
vn 0.5603 0.8258 0.0646
vn 0.6630 0.7460 0.0622
vn 0.4087 0.9048 0.1198
vn -0.1352 0.7674 0.6268
vn -0.2538 0.7575 0.6015
vn -0.5122 0.7653 0.3899
vn -0.3748 0.7132 0.5923
vn -0.6157 0.7767 0.1328
vn -0.5828 0.3635 0.7267
vn -0.5027 0.4903 0.7120
vn -0.5224 0.6385 0.5653
vn -0.5715 0.5941 0.5661
vn -0.5132 0.5776 0.6348
vn -0.5824 0.6773 0.4496
vn -0.6251 0.7528 0.2063
vn -0.5404 0.7754 0.3268
vn -0.4771 0.8189 0.3192
vn -0.4080 0.8271 0.3867
vn -0.7288 0.4834 0.4850
vn -0.7804 0.2363 0.5789
vn -0.8712 0.1968 0.4497
vn -0.5128 0.6641 0.5441
vn -0.2853 0.8028 0.5236
vn 0.4136 0.9099 0.0322
vn 0.6174 0.7847 -0.0555
vn 0.7324 0.6715 -0.1127
vn -0.5320 0.8152 0.2289
vn -0.7187 0.6063 0.3405
vn -0.7117 0.5451 0.4431
vn -0.5631 0.7507 0.3454
vn 0.0432 0.9336 0.3558
vn -0.0061 0.9636 0.2673
vn -0.2708 0.9396 0.2093
vn -0.2796 0.9114 0.3019
vn -0.3002 0.8557 0.4215
vn 0.0653 0.8954 0.4404
vn 0.5011 0.7265 0.4702
vn 0.5799 0.7877 0.2077
vn 0.2306 0.9278 0.2932
vn 0.2934 0.8631 0.4111
vn 0.4349 0.6623 0.6101
vn 0.2975 0.7844 0.5442
vn -0.5771 0.6479 0.4971
vn -0.6958 0.4360 0.5707
vn -0.6827 0.5337 0.4991
vn -0.6796 0.4465 0.5821
vn -0.7127 0.5447 0.4419
vn -0.7623 -0.1926 0.6179
vn -0.7730 -0.0095 0.6343
vn -0.8025 0.0558 0.5941
vn -0.8369 -0.1177 0.5346
vn -0.7881 0.2608 0.5575
vn -0.7371 0.4643 0.4910
vn -0.7249 0.4735 0.5003
vn -0.7773 0.3049 0.5503
vn -0.6442 0.5749 0.5045
vn -0.6582 0.5703 0.4915
vn -0.6791 0.5476 0.4887
vn -0.7144 0.4766 0.5123
vn -0.7681 0.3567 0.5318
vn -0.8340 0.1617 0.5275
vn -0.9236 -0.0274 0.3824
vn -0.8601 -0.0300 0.5093
vn -0.8150 -0.1552 0.5583
vn -0.8885 -0.0573 0.4553
vn -0.8538 0.1584 0.4960
vn -0.9148 0.0930 0.3930
vn -0.8415 0.2389 0.4845
vn -0.2872 0.8097 0.5118
vn -0.6313 0.6873 0.3592
vn -0.5560 0.5601 0.6141
vn -0.2890 0.6811 0.6727
vn 0.3295 0.7002 0.6334
vn 0.3107 0.7683 0.5596
vn 0.0915 0.8292 0.5515
vn 0.0904 0.7429 0.6632
vn 0.1400 0.5466 0.8256
vn 0.3539 0.5952 0.7215
vn 0.3894 0.6477 0.6548
vn 0.3672 0.7066 0.6049
vn 0.4048 0.5992 0.6907
vn -0.1255 0.4286 0.8947
vn -0.3688 0.2829 0.8854
vn -0.7015 0.4818 0.5251
vn -0.5117 0.1228 0.8503
vn -0.7324 0.6221 0.2767
vn -0.6146 -0.0951 0.7831
vn -0.5472 -0.0616 0.8347
vn -0.6815 -0.0105 0.7318
vn -0.6272 -0.1369 0.7667
vn -0.5584 -0.0243 0.8292
vn -0.7108 0.2607 0.6533
vn -0.5392 0.0168 0.8420
vn -0.7257 0.3573 0.5880
vn -0.7552 0.5344 0.3795
vn -0.7630 0.3462 0.5459
vn -0.7433 0.0254 0.6685
vn -0.6679 -0.2110 0.7137
vn -0.6637 -0.0823 0.7435
vn -0.6589 -0.0896 0.7469
vn -0.6461 -0.1082 0.7555
vn -0.3982 0.8349 0.3800
vn -0.4633 0.7729 0.4335
vn -0.4576 0.7630 0.4566
vn -0.4284 0.8133 0.3937
vn 0.2739 0.9265 0.2579
vn 0.3471 0.8984 0.2691
vn -0.0110 0.9656 0.2599
vn -0.0770 0.9599 0.2696
vn 0.5781 0.7567 0.3053
vn 0.6175 0.7221 0.3119
vn -0.4215 0.7479 0.5128
vn -0.3669 0.7431 0.5596
vn -0.2756 0.7253 0.6309
vn -0.2946 0.7304 0.6162
vn -0.2944 0.7234 0.6245
vn -0.3429 0.7254 0.5969
vn -0.4525 0.7069 0.5437
vn -0.4679 0.7011 0.5382
vn -0.2578 0.9121 0.3188
vn -0.3092 0.8878 0.3410
vn -0.4999 0.6432 0.5799
vn -0.5147 0.6603 0.5469
vn -0.4614 0.5985 0.6549
vn -0.4614 0.5985 0.6548
vn 0.7837 0.5033 0.3640
vn 0.8024 0.4581 0.3824
vn 0.8221 0.4020 0.4031
vn 0.8221 0.4020 0.4032
vn -0.4172 0.8148 0.4025
vn -0.6973 0.6119 0.3734
vn -0.7184 0.5712 0.3971
vn -0.4610 0.7468 0.4794
vn 0.1923 0.8411 0.5056
vn 0.2058 0.8958 0.3938
vn -0.0698 0.9158 0.3954
vn -0.0858 0.8503 0.5193
vn -0.1058 0.7832 0.6127
vn 0.2051 0.7731 0.6002
vn 0.6013 0.6899 0.4030
vn 0.6911 0.6535 0.3087
vn 0.5375 0.7599 0.3655
vn 0.5043 0.7315 0.4589
vn 0.5637 0.7007 0.4375
vn 0.4834 0.7192 0.4990
vn -0.5138 0.6809 0.5219
vn -0.7304 0.5419 0.4157
vn -0.7592 0.5140 0.3992
vn -0.7639 0.4794 0.4321
vn -0.7531 0.5486 0.3631
vn -0.6319 0.4517 0.6298
vn -0.6456 0.4999 0.5774
vn -0.6574 0.5449 0.5205
vn -0.7567 0.4353 0.4877
vn -0.7290 0.4615 0.5056
vn -0.7124 0.5310 0.4588
vn -0.7027 0.5865 0.4028
vn -0.7082 0.5565 0.4344
vn -0.8245 0.4322 0.3652
vn -0.9754 0.0638 0.2109
vn -0.8841 0.2145 0.4151
vn -0.6968 0.3608 0.6199
vn -0.7767 -0.0190 0.6296
vn -0.7853 0.1775 0.5931
vn -0.8630 0.0996 0.4953
vn -0.7997 -0.0416 0.5990
vn -0.9336 -0.1052 0.3425
vn -0.8479 -0.0950 0.5215
vn 0.4188 0.8472 0.3270
vn 0.4639 0.7493 0.4725
vn 0.6460 0.6349 0.4238
vn 0.5859 0.7600 0.2815
vn -0.0559 0.8636 0.5012
vn 0.2297 0.8366 0.4973
vn 0.2353 0.9066 0.3503
vn -0.0437 0.9323 0.3591
vn 0.2357 0.7656 0.5987
vn -0.0441 0.7863 0.6163
vn -0.3511 0.8102 0.4694
vn -0.2927 0.8326 0.4702
vn -0.3355 0.8888 0.3122
vn -0.4415 0.8560 0.2688
vn -0.3013 0.7736 0.5575
vn -0.2429 0.7726 0.5867
vn 0.5049 0.6542 0.5632
vn 0.6676 0.5160 0.5367
vn 0.7613 0.4248 0.4898
vn 0.7510 0.5488 0.3672
vn 0.7101 0.6779 0.1902
vn 0.9295 0.2046 0.3067
vn 0.8190 0.4935 0.2929
vn 0.8020 0.4792 0.3567
vn 0.8700 0.2756 0.4088
vn 0.7999 0.5053 0.3237
vn 0.8339 0.3442 0.4315
vn 0.7168 0.6794 0.1569
vn 0.6124 0.7459 0.2618
vn 0.5023 0.7983 0.3324
vn 0.8360 0.5208 0.1726
vn 0.4484 0.7768 0.4422
vn 0.9791 0.1977 0.0473
vn 0.9686 0.2311 -0.0923
vn 0.6545 0.6469 0.3914
vn 0.4205 0.7285 0.5407
vn 0.4789 0.8564 0.1930
vn 0.4402 0.7947 0.4178
vn 0.6586 0.6365 0.4013
vn 0.6927 0.7105 0.1241
vn -0.4260 0.7692 0.4764
vn -0.1101 0.8593 0.4995
vn -0.1141 0.9245 0.3637
vn -0.3961 0.8282 0.3965
vn -0.1501 0.7149 0.6829
vn -0.4873 0.6756 0.5533
vn -0.6617 0.6329 0.4020
vn -0.6261 0.6648 0.4075
vn -0.7030 0.5920 0.3941
vn 0.2605 0.5872 0.7663
vn 0.5067 0.4052 0.7610
vn 0.6317 0.2036 0.7480
vn 0.7647 0.4783 0.4319
vn 0.7825 0.5946 0.1847
vn 0.6536 0.1355 0.7446
vn 0.7827 0.0609 0.6194
vn 0.7941 0.0651 0.6043
vn 0.5965 -0.0016 0.8026
vn 0.7965 0.1035 0.5957
vn 0.6167 -0.0957 0.7814
vn 0.7997 0.2908 0.5254
vn 0.6488 0.0338 0.7602
vn 0.8505 0.4176 0.3197
vn 0.8807 0.1782 0.4388
vn 0.8756 0.0676 0.4783
vn 0.8661 0.0044 0.4998
vn 0.1209 0.8724 0.4736
vn 0.0139 0.6925 0.7213
vn 0.1319 0.9391 0.3174
vn 0.6981 0.1130 0.7070
vn 0.7720 0.0378 0.6345
vn 0.8482 -0.0596 0.5263
vn 0.1021 0.8681 0.4858
vn -0.0729 0.8437 0.5319
vn 0.0061 0.8696 0.4937
vn 0.1596 0.8625 0.4803
vn 0.2949 0.8946 0.3357
vn 0.2829 0.9111 0.2997
vn 0.2075 0.8652 0.4565
vn 0.2261 0.8547 0.4673
vn 0.2569 0.8361 0.4848
vn 0.2992 0.8656 0.4015
vn 0.6055 0.7440 -0.2827
vn 0.4916 0.6891 -0.5324
vn 0.6986 0.7084 -0.1009
vn 0.2613 0.8468 0.4633
vn 0.1784 0.9098 0.3746
vn -0.0806 0.8727 0.4815
vn 0.0980 0.9182 0.3837
vn -0.1651 0.8299 0.5328
vn 0.0969 0.8284 0.5516
vn 0.0892 0.8626 0.4979
vn -0.0963 0.5710 0.8153
vn -0.0533 0.5149 0.8556
vn 0.0907 0.8779 0.4702
vn -0.0500 0.7401 0.6706
vn 0.0952 0.8838 0.4581
vn -0.0569 0.8314 0.5527
vn -0.1388 0.7946 0.5911
vn -0.1309 0.6307 0.7649
vn -0.2123 0.3227 0.9224
vn -0.0960 0.2486 0.9638
vn 0.2306 0.3488 0.9084
vn 0.1885 0.5743 0.7966
vn 0.1644 0.7722 0.6138
vn 0.4961 0.7684 0.4043
vn 0.4224 0.7516 0.5066
vn 0.5327 0.5231 0.6653
vn 0.6179 0.5911 0.5185
vn 0.5423 0.3553 0.7614
vn 0.7133 0.3408 0.6124
vn 0.8091 0.3838 -0.4451
vn 0.5675 0.3608 -0.7401
vn 0.4791 0.3437 -0.8076
vn -0.1609 0.9196 0.3584
vn -0.1828 0.8562 0.4833
vn 0.0152 0.9053 0.4245
vn 0.0746 0.9429 0.3245
vn 0.2863 0.9579 -0.0203
vn 0.0312 0.9988 -0.0380
vn -0.0808 0.9547 0.2862
vn 0.1330 0.9560 0.2616
vn 0.4467 0.8699 0.2090
vn 0.5653 0.8243 0.0299
vn 0.3327 0.6818 -0.6515
vn -0.0007 0.6904 -0.7234
vn 0.5817 0.5964 -0.5531
vn 0.3841 0.8876 0.2542
vn 0.3421 0.9011 0.2664
vn 0.0605 0.8689 0.4912
vn 0.2934 0.9156 0.2748
vn -0.1332 0.7864 0.6031
vn 0.4753 0.7927 0.3819
vn 0.3248 0.8632 0.3866
vn 0.2461 0.7071 0.6629
vn 0.4999 0.6177 0.6070
vn 0.2680 0.9001 0.3435
vn 0.1230 0.7950 0.5940
vn 0.2601 0.9155 0.3070
vn 0.0849 0.8404 0.5353
vn -0.0485 0.7405 0.6703
vn -0.0016 0.6638 0.7479
vn 0.1353 0.5576 0.8190
vn 0.4981 0.4395 0.7475
vn 0.7067 0.3720 0.6018
vn 0.6844 0.5178 0.5133
vn 0.6447 0.7029 0.3005
vn 0.7770 0.6118 0.1483
vn 0.7415 0.6406 0.1997
vn 0.7939 0.4694 0.3865
vn 0.8459 0.4686 0.2548
vn 0.8233 0.3470 0.4491
vn 0.8797 0.3360 0.3366
vn 0.5445 0.4475 -0.7094
vn 0.1503 0.5540 -0.8188
vn -0.0372 0.5701 -0.8207
vn 0.1779 0.8650 0.4692
vn 0.2519 0.8478 0.4667
vn 0.3975 0.8430 0.3624
vn 0.3067 0.8930 0.3295
vn -0.1905 0.9707 0.1466
vn -0.1990 0.9614 0.1900
vn 0.0435 0.9347 0.3529
vn 0.1280 0.9642 0.2322
vn 0.1986 0.9700 0.1405
vn -0.1190 0.9836 0.1356
vn -0.3848 0.9169 0.1057
vn -0.5552 0.8304 0.0467
vn -0.3414 0.9323 0.1194
vn 0.4104 0.8892 0.2022
vn 0.5156 0.8164 0.2603
vn 0.4762 0.8141 0.3323
vn 0.6193 0.7495 0.2340
vn 0.2719 0.8564 0.4389
vn 0.9128 0.2514 0.3219
vn 0.8313 0.5374 0.1417
vn 0.5781 0.7792 0.2421
vn 0.6157 0.6550 0.4380
vn 0.7291 0.6525 0.2066
vn 0.5454 0.7884 0.2844
vn 0.2765 0.8939 0.3527
vn 0.2193 0.9280 0.3011
vn 0.1105 0.9038 0.4134
vn 0.1200 0.8375 0.5331
vn 0.4586 0.5727 0.6795
vn 0.7193 0.1415 0.6802
vn 0.6105 0.2949 0.7350
vn 0.4267 0.5618 0.7087
vn 0.1843 0.7785 0.6000
vn 0.4493 0.8248 0.3433
vn 0.5857 0.7528 0.3003
vn 0.5736 0.7583 0.3098
vn 0.4341 0.8553 0.2829
vn -0.1354 0.9663 0.2190
vn 0.0222 0.9424 0.3339
vn 0.2679 0.8931 0.3613
vn 0.2180 0.9436 0.2490
vn 0.1705 0.9738 0.1505
vn -0.1577 0.9786 0.1320
vn -0.4238 0.8882 0.1777
vn -0.3193 0.9077 0.2721
vn -0.4795 0.8690 0.1222
vn 0.4041 0.8879 0.2200
vn 0.5601 0.7671 0.3127
vn 0.6163 0.7093 0.3422
vn 0.6002 0.6999 0.3872
vn 0.6450 0.7083 0.2869
vn 0.8361 0.5357 0.1186
vn 0.7036 0.6614 0.2598
vn 0.6481 0.7008 0.2981
vn 0.7201 0.6632 0.2040
vn 0.6173 0.6956 0.3677
vn 0.6308 0.6948 0.3455
vn 0.6499 0.7013 0.2928
vn 0.5869 0.7383 0.3323
vn 0.4506 0.8278 0.3343
vn 0.3477 0.9347 0.0741
vn 0.7509 0.6510 0.1112
vn 0.9257 0.3780 0.0102
vn 0.9290 0.3294 0.1687
vn 0.6101 0.7919 -0.0262
vn 0.3571 0.9256 -0.1253
vn -0.1157 0.4510 0.8850
vn -0.3995 0.3954 0.8271
vn -0.3331 0.3131 0.8894
vn -0.1367 0.3928 0.9094
vn 0.1213 0.6123 0.7812
vn 0.2238 0.7445 0.6290
vn 0.1130 0.5914 0.7984
vn 0.0614 0.5052 0.8608
vn 0.0055 0.4055 0.9141
vn 0.0139 0.4556 0.8901
vn 0.1212 0.6523 0.7482
vn 0.2475 0.7946 0.5544
vn 0.0031 0.4877 0.8730
vn -0.1430 0.3211 0.9362
vn -0.2091 0.1837 0.9605
vn -0.4967 0.1784 0.8494
vn -0.2137 0.0081 0.9769
vn -0.6474 0.2634 0.7152
vn -0.1989 -0.2339 0.9517
vn -0.2169 -0.1466 0.9651
vn -0.3568 -0.3932 0.8474
vn -0.1801 -0.4428 0.8784
vn -0.4108 0.1616 0.8973
vn -0.3315 0.0691 0.9409
vn -0.6106 -0.0843 0.7875
vn -0.6274 -0.0717 0.7754
vn -0.2632 -0.0608 0.9628
vn -0.5997 -0.0139 0.8001
vn -0.7475 0.0084 0.6642
vn -0.7480 -0.1643 0.6431
vn -0.7403 -0.2092 0.6388
vn -0.6479 -0.3939 0.6520
vn -0.0706 -0.9152 0.3969
vn -0.7207 -0.2679 0.6394
vn -0.5812 -0.1133 0.8059
vn -0.3379 0.0766 0.9381
vn 0.5921 0.8004 -0.0937
vn 0.8940 0.3831 0.2322
vn 0.1530 0.8474 0.5084
vn 0.8856 0.0123 0.4643
vn 0.9911 -0.0730 0.1114
vn 0.9976 -0.0504 0.0482
vn 0.9946 -0.0560 -0.0872
vn 0.9902 0.0197 0.1383
vn 0.9992 0.0155 0.0378
vn 0.9775 0.1439 0.1545
vn 0.9895 0.1394 0.0371
vn 0.9929 0.0337 -0.1141
vn 0.9792 -0.1059 -0.1732
vn 0.9834 0.1405 -0.1152
vn 0.9581 0.1509 -0.2434
vn 0.9659 0.0205 -0.2580
vn 0.9699 0.2250 -0.0928
vn 0.9287 0.0958 -0.3582
vn 0.9513 0.2296 -0.2057
vn 0.9297 0.1927 -0.3139
vn 0.9449 -0.1505 -0.2906
vn 0.9179 -0.0557 -0.3928
vn 0.8914 0.1409 -0.4307
vn 0.8932 0.2384 -0.3813
vn 0.8962 -0.2011 -0.3954
vn 0.9304 -0.2462 -0.2716
vn 0.9436 -0.2412 -0.2267
vn 0.9029 -0.2841 -0.3224
vn -0.0482 0.1121 -0.9925
vn 0.1647 0.3950 -0.9038
vn -0.3427 0.3665 -0.8650
vn -0.2955 0.5946 -0.7477
vn 0.3134 0.7147 -0.6253
vn -0.0578 0.9983 -0.0056
vn -0.2163 0.8455 -0.4882
vn -0.4238 0.2332 -0.8752
vn -0.2541 0.1205 -0.9597
vn -0.4882 0.0829 -0.8688
vn 0.0216 0.1301 -0.9913
vn -0.4045 -0.0780 -0.9112
vn -0.1719 -0.1887 -0.9669
vn 0.4132 -0.1152 -0.9033
vn 0.6192 -0.3784 -0.6880
vn 0.9333 -0.1877 -0.3062
vn 0.8860 -0.3057 -0.3485
vn 0.8937 -0.3410 -0.2918
vn 0.9212 -0.2469 -0.3007
vn 0.9365 -0.1144 -0.3315
vn 0.8227 -0.3446 -0.4522
vn 0.8689 -0.2823 -0.4066
vn 0.7979 -0.2867 -0.5302
vn 0.7330 -0.2863 -0.6170
vn 0.8483 -0.1573 -0.5056
vn 0.6708 -0.3866 -0.6329
vn 0.7469 -0.3624 -0.5574
vn 0.7912 -0.1251 -0.5986
vn 0.6551 -0.2618 -0.7087
vn 0.5142 -0.0031 -0.8576
vn 0.6922 -0.0710 -0.7182
vn 0.4872 -0.2141 -0.8466
vn 0.6131 -0.4050 -0.6783
vn 0.4648 -0.3876 -0.7961
vn 0.5547 -0.4999 -0.6651
vn 0.6008 -0.4562 -0.6564
vn 0.4517 -0.5176 -0.7267
vn 0.5442 -0.4505 -0.7077
vn 0.5647 -0.4610 -0.6846
vn 0.6222 -0.4361 -0.6501
vn 0.5871 -0.3894 -0.7097
vn 0.5706 -0.3257 -0.7539
vn 0.6024 -0.3925 -0.6950
vn 0.6694 -0.3023 -0.6786
vn 0.5594 -0.2645 -0.7856
vn 0.4672 -0.3623 -0.8065
vn 0.4622 -0.4722 -0.7506
vn 0.2271 -0.5103 -0.8295
vn 0.2433 -0.5029 -0.8294
vn -0.0737 -0.5046 -0.8602
vn -0.0812 -0.4914 -0.8672
vn 0.2308 -0.3959 -0.8888
vn 0.2038 -0.3330 -0.9207
vn -0.0752 -0.3909 -0.9173
vn 0.4327 -0.3032 -0.8490
vn 0.3693 -0.1851 -0.9107
vn 0.1521 -0.2097 -0.9659
vn -0.0742 -0.3108 -0.9476
vn 0.2989 -0.0132 -0.9542
vn 0.1109 -0.0130 -0.9937
vn -0.0854 0.0266 -0.9960
vn -0.0833 -0.1856 -0.9791
vn 0.0840 0.3643 -0.9275
vn 0.2173 0.3562 -0.9088
vn 0.4685 0.0192 -0.8832
vn -0.0857 0.4001 -0.9125
vn 0.0474 0.6083 -0.7923
vn 0.1259 0.6266 -0.7691
vn 0.0083 0.6111 -0.7915
vn -0.0645 0.6216 -0.7807
vn 0.0083 0.6353 -0.7722
vn 0.0609 0.6633 -0.7459
vn -0.0290 0.5838 -0.8114
vn -0.0311 0.6158 -0.7873
vn 0.0099 0.5862 -0.8101
vn -0.0604 0.5394 -0.8399
vn 0.0412 0.5319 -0.8458
vn -0.1179 0.4806 -0.8690
vn 0.0618 0.4569 -0.8874
vn -0.0475 0.6494 -0.7590
vn -0.1279 0.5799 -0.8046
vn -0.1422 0.4866 -0.8620
vn 0.0669 0.4347 -0.8981
vn 0.0855 0.7357 -0.6719
vn 0.2012 0.8574 -0.4737
vn 0.1282 0.8932 -0.4309
vn 0.0480 0.7263 -0.6857
vn -0.0169 0.9995 -0.0249
vn 0.1003 0.7202 -0.6865
vn 0.2422 0.9617 -0.1282
vn 0.3910 0.8982 -0.2008
vn 0.2578 0.8121 -0.5234
vn 0.1386 0.7019 -0.6986
vn -0.0516 0.6091 -0.7914
vn 0.3138 0.7586 -0.5710
vn 0.1536 0.7127 -0.6844
vn 0.2108 0.6494 -0.7306
vn 0.2985 0.7460 -0.5953
vn 0.5451 0.6588 -0.5185
vn 0.5321 0.7455 -0.4015
vn 0.3259 0.6651 -0.6718
vn 0.4778 0.3931 -0.7856
vn 0.6660 0.4219 -0.6152
vn 0.7627 0.1020 -0.6386
vn 0.8233 0.0960 -0.5594
vn 0.8108 0.3894 -0.4370
vn 0.8811 0.0732 -0.4672
vn 0.8293 -0.1217 -0.5454
vn 0.7669 -0.1648 -0.6202
vn 0.7775 -0.2538 -0.5754
vn 0.8707 -0.2177 -0.4409
vn 0.9045 -0.0611 -0.4221
vn 0.9700 0.0412 -0.2398
vn 0.9746 -0.0369 -0.2211
vn 0.9309 -0.1648 -0.3260
vn 1.0000 -0.0053 -0.0002
vn 0.9975 -0.0629 -0.0336
vn 0.9883 -0.1482 -0.0361
vn 0.9701 -0.1358 -0.2010
vn 0.9593 -0.2787 -0.0450
vn 0.9456 -0.2613 -0.1938
vn 0.9204 -0.2627 -0.2895
vn 0.9397 -0.3168 -0.1286
vn 0.9358 -0.3378 -0.1007
vn 0.8788 -0.3378 -0.3369
vn 0.8913 -0.3287 -0.3123
vn 0.8834 -0.2768 -0.3782
vn 0.9171 -0.3277 -0.2269
vn 0.9343 -0.2884 -0.2094
vn 0.8923 -0.3460 -0.2900
vn 0.8902 -0.3744 -0.2597
vn 0.8671 -0.3875 -0.3130
vn 0.9246 -0.3310 -0.1886
vn 0.8579 -0.3699 -0.3567
vn 0.8197 -0.4020 -0.4081
vn 0.7896 -0.3826 -0.4798
vn 0.7004 -0.4031 -0.5890
vn 0.7914 -0.2966 -0.5345
vn 0.6853 -0.4152 -0.5982
vn 0.7646 -0.3956 -0.5088
vn 0.8567 -0.3734 -0.3558
vn 0.8579 -0.3740 -0.3522
vn 0.8837 -0.3955 -0.2505
vn 0.7360 -0.4730 -0.4843
vn 0.7680 -0.5524 -0.3240
vn -0.0340 -0.3387 -0.9403
vn -0.1147 -0.6208 -0.7755
vn -0.3677 -0.7142 -0.5956
vn 0.7700 -0.5980 -0.2226
vn 0.0751 -0.6254 -0.7767
vn 0.9082 -0.3101 -0.2811
vn 0.9479 -0.2967 -0.1163
vn 0.1002 -0.8133 -0.5731
vn 0.9595 -0.2513 -0.1272
vn 0.9629 -0.2547 -0.0895
vn 0.8148 -0.4650 -0.3462
vn 0.9354 -0.2975 -0.1909
vn 0.8253 -0.5258 -0.2060
vn 0.8832 -0.4258 -0.1966
vn 0.9045 -0.3320 -0.2678
vn 0.9312 -0.3052 -0.1995
vn 0.9127 -0.3878 -0.1291
vn 0.9707 -0.2387 -0.0293
vn 0.9011 -0.4230 0.0953
vn 0.7828 -0.6223 0.0056
vn 0.8197 -0.5504 -0.1584
vn 0.9283 -0.3712 0.0193
vn 0.8398 -0.5428 0.0117
vn 0.7364 -0.6755 0.0394
vn 0.8929 -0.3196 0.3171
vn 0.9621 -0.1959 0.1899
vn 0.9706 -0.1137 0.2124
vn 0.8720 -0.1090 0.4772
vn 0.8734 -0.1617 0.4595
vn 0.9712 -0.0690 0.2280
vn 0.9533 0.0202 0.3014
vn 0.9951 0.0813 0.0558
vn 0.9662 0.2576 -0.0129
vn 0.9772 0.1693 0.1279
vn 0.9736 0.1495 -0.1727
vn 0.9117 0.0811 0.4028
vn 0.9409 0.2228 0.2549
vn 0.8598 0.0939 0.5020
vn 0.8161 0.0002 0.5779
vn 0.8599 -0.0383 0.5090
vn 0.7177 -0.0367 0.6953
vn 0.7347 -0.0674 0.6751
vn 0.7407 -0.1231 0.6605
vn 0.7367 -0.1294 0.6637
vn 0.7864 -0.2529 0.5635
vn 0.7891 -0.3497 0.5049
vn 0.6959 -0.1001 0.7112
vn 0.8015 -0.1596 0.5762
vn 0.8103 -0.3857 0.4412
vn 0.6943 -0.7017 0.1599
vn 0.7338 -0.3965 0.5516
vn 0.7417 -0.2215 0.6331
vn 0.5752 -0.2780 0.7693
vn 0.7213 -0.2188 0.6571
vn 0.7409 -0.1672 0.6505
vn 0.5869 -0.2299 0.7763
vn 0.7000 -0.1566 0.6967
vn 0.6677 -0.1332 0.7324
vn 0.6380 -0.0755 0.7664
vn 0.5900 -0.0539 0.8056
vn 0.6395 -0.0950 0.7629
vn 0.6714 -0.0476 0.7395
vn 0.5579 -0.1152 0.8219
vn 0.5911 -0.0339 0.8059
vn 0.6237 -0.0453 0.7803
vn 0.5151 -0.1298 0.8473
vn 0.4724 -0.2449 0.8467
vn 0.2297 -0.3775 0.8971
vn 0.3332 -0.2442 0.9107
vn 0.5696 -0.2056 0.7958
vn 0.2758 -0.2682 0.9230
vn -0.1022 -0.2558 0.9613
vn -0.0984 -0.2209 0.9703
vn 0.2826 -0.2360 0.9298
vn -0.0875 -0.3352 0.9381
vn 0.2957 -0.3248 0.8984
vn 0.2999 -0.4580 0.8368
vn -0.0851 -0.5183 0.8510
vn 0.2914 -0.8641 0.4103
vn 0.5626 -0.4128 0.7162
vn 0.4511 -0.8769 0.1662
vn 0.4937 -0.7818 0.3809
vn 0.2908 -0.9407 0.1744
vn -0.0285 -0.9123 0.4085
vn 0.2916 -0.9201 0.2616
vn 0.4196 -0.8759 0.2381
vn 0.5305 -0.8138 0.2372
vn 0.1885 -0.9557 0.2260
vn 0.0031 -0.9900 0.1410
vn 0.0318 -0.9792 0.2004
vn 0.0644 -0.9723 0.2248
vn -0.1479 -0.9700 0.1930
vn -0.2393 -0.9343 0.2643
vn 0.0787 -0.9450 0.3176
vn -0.0912 -0.9319 0.3510
vn -0.3820 -0.8885 0.2542
vn -0.2420 -0.9570 0.1601
vn -0.3713 -0.8129 0.4487
vn -0.1461 -0.8171 0.5577
vn -0.5241 -0.8117 0.2577
vn -0.4134 -0.8945 0.1705
vn -0.2539 -0.9087 0.3313
vn -0.5127 -0.5430 0.6650
vn -0.4031 -0.8646 0.3000
vn -0.3560 -0.5362 0.7653
vn -0.5646 -0.7874 0.2474
vn -0.6263 -0.5464 0.5560
vn -0.5468 -0.2692 0.7928
vn -0.6695 -0.7115 0.2132
vn -0.6302 -0.2522 0.7343
vn -0.7070 -0.5005 0.4996
vn -0.5580 -0.1041 0.8233
vn -0.5086 -0.0664 0.8584
vn -0.6343 -0.2067 0.7450
vn -0.4222 0.0028 0.9065
vn -0.5207 -0.1365 0.8428
vn -0.4545 -0.0194 0.8905
vn -0.5119 0.0157 0.8589
vn -0.4558 -0.0376 0.8893
vn -0.3972 -0.0436 0.9167
vn -0.6754 0.0343 0.7367
vn -0.4757 -0.0422 0.8786
vn -0.5497 -0.0064 0.8354
vn -0.7733 0.1142 0.6237
vn -0.6955 0.0261 0.7180
vn -0.6312 0.2529 0.7333
vn -0.6049 0.1552 0.7810
vn -0.5192 -0.0096 0.8546
vn -0.6541 0.0204 0.7562
vn -0.8183 0.0309 0.5740
vn -0.8226 0.0569 0.5657
vn -0.7996 0.2601 0.5413
vn -0.9192 0.1368 0.3691
vn -0.7386 0.4230 0.5250
vn -0.9250 0.2529 0.2836
vn -0.9889 0.0819 0.1240
vn -0.9424 0.0462 0.3313
vn -0.8671 0.3947 0.3038
vn -0.9853 0.1710 0.0049
vn -0.9936 0.0186 -0.1116
vn -0.9350 -0.0243 0.3537
vn -0.9956 -0.0010 0.0932
vn -0.9482 0.3129 -0.0548
vn -0.9886 -0.0892 -0.1213
vn -0.9481 -0.0971 -0.3029
vn -0.9598 0.0472 -0.2767
vn -0.8959 0.4340 -0.0952
vn -0.9337 0.1104 -0.3406
vn -0.8926 -0.1085 -0.4376
vn -0.8573 -0.0907 -0.5067
vn -0.8164 -0.2168 -0.5353
vn -0.8851 -0.2096 -0.4156
vn -0.9358 -0.2054 -0.2866
vn -0.9284 -0.2451 -0.2794
vn -0.8859 -0.2435 -0.3947
vn -0.9104 -0.2482 -0.3309
vn -0.8866 -0.2750 -0.3718
vn -0.8123 -0.2614 -0.5213
vn -0.8320 -0.2904 -0.4726
vn -0.7092 -0.2709 -0.6509
vn -0.7273 -0.2050 -0.6550
vn -0.6353 -0.1925 -0.7479
vn -0.7835 -0.0545 -0.6190
vn -0.9006 0.1784 -0.3963
vn -0.7920 0.2029 -0.5758
vn -0.6543 -0.0536 -0.7543
vn -0.6325 0.1584 -0.7582
vn -0.5103 -0.0853 -0.8557
vn -0.5237 0.5098 -0.6825
vn -0.3872 0.4732 -0.7913
vn -0.4821 0.1129 -0.8688
vn -0.2702 0.4301 -0.8614
vn -0.3192 0.0651 -0.9454
vn -0.3226 -0.1387 -0.9363
vn -0.1065 0.0128 -0.9942
vn -0.0933 -0.1974 -0.9759
vn -0.0870 -0.3192 -0.9437
vn -0.3323 -0.2689 -0.9040
vn -0.5277 -0.2113 -0.8228
vn -0.3474 -0.3478 -0.8708
vn -0.0802 -0.3948 -0.9153
vn -0.0835 -0.4935 -0.8657
vn -0.3581 -0.4398 -0.8236
vn -0.0741 -0.5047 -0.8601
vn -0.5305 -0.2999 -0.7929
vn -0.5183 -0.3893 -0.7615
vn -0.3356 -0.5066 -0.7942
vn -0.6046 -0.2795 -0.7458
vn -0.6210 -0.3495 -0.7016
vn -0.6119 -0.3286 -0.7194
vn -0.5830 -0.3634 -0.7267
vn -0.6545 -0.3251 -0.6826
vn -0.7718 -0.3049 -0.5580
vn -0.7025 -0.3234 -0.6339
vn -0.6174 -0.4136 -0.6691
vn -0.7149 -0.3777 -0.5884
vn -0.6251 -0.4647 -0.6271
vn -0.7232 -0.4257 -0.5437
vn -0.8000 -0.3379 -0.4959
vn -0.5833 -0.4812 -0.6544
vn -0.6373 -0.2894 -0.7142
vn -0.7130 -0.3271 -0.6202
vn -0.7947 -0.3253 -0.5125
vn -0.7845 -0.0673 -0.6165
vn -0.8617 -0.1183 -0.4935
vn -0.8696 0.0404 -0.4920
vn -0.9292 -0.0338 -0.3680
vn -0.9170 -0.1599 -0.3654
vn -0.9183 -0.2795 -0.2805
vn -0.8673 -0.3150 -0.3855
vn -0.9575 -0.0959 -0.2719
vn -0.9452 -0.1897 -0.2656
vn -0.9359 -0.2321 -0.2650
vn -0.9445 -0.1938 -0.2653
vn -0.9600 -0.1226 -0.2515
vn -0.9706 -0.0917 -0.2223
vn -0.4786 0.4184 -0.7720
vn -0.1311 0.2749 -0.9525
vn -0.6795 0.6626 -0.3151
vn -0.9877 -0.0709 -0.1391
vn -0.9875 0.0168 -0.1567
vn -0.9658 0.0025 -0.2591
vn -0.9291 0.0862 -0.3597
vn -0.9602 0.1296 -0.2475
vn -0.9524 0.2215 -0.2094
vn -0.9266 0.1866 -0.3264
vn -0.9724 0.2099 -0.1020
vn -0.9808 0.1340 -0.1416
vn -0.9185 0.2778 -0.2815
vn -0.8587 0.2621 -0.4405
vn -0.8526 0.3644 -0.3746
vn -0.7679 0.5505 -0.3277
vn -0.7728 0.4437 -0.4537
vn -0.9135 0.3571 -0.1948
vn -0.8457 0.4607 -0.2693
vn -0.7445 0.6537 -0.1356
vn -0.6225 0.6738 -0.3982
vn -0.3928 0.7918 -0.4676
vn -0.6397 0.5449 -0.5421
vn -0.5988 0.7788 -0.1869
vn -0.4175 0.6633 -0.6211
vn -0.6538 0.4182 -0.6306
vn -0.7755 0.3338 -0.5358
vn -0.8626 0.1603 -0.4799
vn -0.7821 0.2245 -0.5813
vn -0.6663 0.2930 -0.6857
vn -0.7904 0.1059 -0.6034
vn -0.4571 0.5198 -0.7217
vn -0.6711 0.1603 -0.7239
vn -0.4881 0.3662 -0.7923
vn -0.2163 0.5993 -0.7708
vn -0.2537 0.4292 -0.8669
vn 0.0435 0.6236 -0.7805
vn -0.1828 0.7357 -0.6522
vn -0.1683 0.8486 -0.5015
vn 0.0533 0.7537 -0.6551
vn 0.0634 0.8630 -0.5011
vn 0.0697 0.9478 -0.3111
vn -0.1729 0.9374 -0.3024
vn 0.0583 0.9903 -0.1259
vn -0.1976 0.9750 -0.1019
vn -0.2261 0.9683 0.1067
vn 0.0295 0.9960 0.0847
vn -0.3918 0.8843 -0.2539
vn -0.4278 0.8940 0.1330
vn -0.4118 0.9100 -0.0479
vn -0.5719 0.8058 0.1539
vn -0.5786 0.8155 0.0123
vn -0.5573 0.7778 0.2905
vn -0.6731 0.7202 0.1684
vn -0.6551 0.7010 0.2819
vn -0.5376 0.7381 0.4077
vn -0.7379 0.6120 0.2846
vn -0.7202 0.5908 0.3637
vn -0.6416 0.6684 0.3763
vn -0.4109 0.7981 0.4408
vn -0.3765 0.7499 0.5440
vn -0.5387 0.6921 0.4805
vn -0.6390 0.6259 0.4472
vn -0.7051 0.5086 0.4941
vn -0.7090 0.5585 0.4306
vn -0.6565 0.5455 0.5209
vn -0.6882 0.4499 0.5693
vn -0.6119 0.5598 0.5588
vn -0.7316 0.4120 0.5432
vn -0.7177 0.3874 0.5787
vn -0.6294 0.4835 0.6084
vn -0.6278 0.4392 0.6427
vn -0.5534 0.4833 0.6783
vn -0.6807 0.4043 0.6109
vn -0.5341 0.5734 0.6212
vn -0.5379 0.5248 0.6597
vn -0.6494 0.3787 0.6594
vn -0.5764 0.4087 0.7076
vn -0.4402 0.5316 0.7236
vn -0.4201 0.5733 0.7035
vn -0.2741 0.6186 0.7364
vn -0.2936 0.6821 0.6697
vn -0.4041 0.6295 0.6637
vn -0.1433 0.6368 0.7576
vn -0.1822 0.6948 0.6958
vn -0.2345 0.7734 0.5890
vn -0.0204 0.6383 0.7695
vn -0.0250 0.6927 0.7208
vn -0.0272 0.7864 0.6171
vn -0.2520 0.8508 0.4611
vn -0.0200 0.8821 0.4706
vn -0.2451 0.9203 0.3048
vn -0.0004 0.9551 0.2963
vn -0.4242 0.8536 0.3023
vn -0.1150 0.5586 0.8214
vn -0.0168 0.5452 0.8382
vn 0.0776 0.5427 0.8363
vn 0.0377 0.3801 0.9242
vn -0.0593 0.3874 0.9200
vn -0.0135 0.3919 0.9199
vn 0.0003 0.3745 0.9272
vn 0.0843 0.4139 0.9064
vn 0.1064 0.3623 0.9260
vn 0.1269 0.4137 0.9015
vn 0.2576 0.3387 0.9049
vn 0.2347 0.4088 0.8819
vn 0.4011 0.3734 0.8365
vn 0.4244 0.3175 0.8479
vn 0.4145 0.3874 0.8235
vn 0.2665 0.4227 0.8662
vn 0.5477 0.3131 0.7759
vn 0.4793 0.4605 0.7471
vn 0.2394 0.5670 0.7882
vn 0.6078 0.3118 0.7304
vn 0.2505 0.6163 0.7466
vn 0.4559 0.5556 0.6953
vn 0.6091 0.4047 0.6820
vn 0.6066 0.4936 0.6232
vn 0.6573 0.3060 0.6887
vn 0.6661 0.3827 0.6402
vn 0.6691 0.4671 0.5780
vn 0.7029 0.3690 0.6080
vn 0.7117 0.2974 0.6364
vn 0.7897 0.2211 0.5723
vn 0.7093 0.2749 0.6491
vn 0.7734 0.2619 0.5772
vn 0.6378 0.3008 0.7091
vn 0.6058 0.4198 0.6758
vn 0.6009 0.3066 0.7382
vn 0.5287 0.3321 0.7812
vn 0.4830 0.4041 0.7768
vn 0.5538 0.4198 0.7191
vn 0.5627 0.4928 0.6637
vn 0.4871 0.4623 0.7409
vn 0.5379 0.3388 0.7719
vn 0.4281 0.2871 0.8569
vn 0.4154 0.4045 0.8147
vn 0.4625 -0.0604 0.8845
vn 0.6530 0.3601 0.6662
vn 0.6585 0.4783 0.5811
vn 0.7982 0.2946 0.5254
vn 0.7906 0.4012 0.4626
vn 0.6876 0.3805 0.6184
vn 0.8417 0.1990 0.5019
vn 0.8775 0.2731 0.3943
vn 0.7926 0.3291 0.5134
vn 0.8654 -0.0556 0.4980
vn 0.7610 0.0142 0.6486
vn 0.8994 0.2275 0.3733
vn 0.7417 -0.3578 0.5673
vn 0.6482 -0.3028 0.6987
vn 0.6104 0.0229 0.7918
vn 0.7556 -0.3962 0.5217
vn 0.6714 -0.4514 0.5878
vn 0.6780 -0.5083 0.5310
vn 0.5777 -0.4195 0.7002
vn 0.5460 -0.5899 0.5949
vn 0.4166 -0.6109 0.6732
vn 0.3078 -0.7106 0.6327
vn 0.6195 -0.5873 0.5208
vn 0.3585 -0.7519 0.5533
vn 0.5403 -0.4540 0.7085
vn 0.2816 -0.6398 0.7151
vn 0.2681 -0.6463 0.7145
vn 0.1960 -0.4341 0.8793
vn 0.4052 -0.4323 0.8056
vn 0.1172 -0.6132 0.7812
vn -0.0102 -0.4561 0.8899
vn -0.0628 -0.5258 0.8483
vn 0.1647 -0.5472 0.8206
vn -0.1763 -0.5690 0.8032
vn -0.0599 -0.5545 0.8300
vn -0.2277 -0.5457 0.8065
vn -0.1533 -0.5771 0.8021
vn -0.3128 -0.2179 0.9245
vn -0.0430 -0.6763 0.7353
vn -0.0356 -0.6502 0.7589
vn 0.1541 -0.6903 0.7069
vn 0.0675 -0.6065 0.7922
vn 0.2602 -0.0746 0.9627
vn -0.1602 -0.2450 0.9562
vn 0.3509 -0.5654 0.7465
vn 0.3106 -0.6433 0.6998
vn 0.5962 -0.4330 0.6760
vn 0.6885 0.0540 0.7232
vn 0.8031 -0.1624 0.5732
vn 0.6515 0.2320 0.7223
vn 0.4417 0.1078 0.8907
vn 0.4994 0.3189 0.8055
vn 0.4823 -0.2816 0.8295
vn 0.0711 -0.3959 0.9155
vn 0.5719 0.2790 0.7714
vn 0.5239 0.3675 0.7684
vn -0.0781 -0.6365 0.7674
vn -0.3727 -0.1970 0.9068
vn 0.7306 -0.6242 0.2766
vn 0.5177 -0.8543 -0.0469
vn 0.7113 0.1030 0.6953
vn 0.2304 0.6972 0.6789
vn 0.4141 0.7892 0.4535
vn 0.3890 0.3694 0.8440
vn 0.0791 0.5505 0.8311
vn 0.3396 0.1824 0.9227
vn 0.5025 0.2329 0.8326
vn 0.6893 0.3738 0.6206
vn 0.5391 0.3341 0.7731
vn 0.2885 0.2293 0.9296
vn 0.0594 0.1101 0.9921
vn 0.6735 0.4091 0.6157
vn 0.7698 0.4091 0.4899
vn 0.7290 0.3481 0.5894
vn 0.4893 0.3521 0.7979
vn 0.2569 0.2364 0.9371
vn 0.5919 0.3215 0.7391
vn 0.3838 0.2580 0.8866
vn 0.1574 0.1269 0.9793
vn 0.0143 -0.0936 0.9955
vn 0.0499 0.0687 0.9964
vn -0.1398 -0.2538 0.9571
vn -0.1668 -0.0709 0.9834
vn -0.0911 0.2560 0.9624
vn -0.2151 0.2448 0.9454
vn -0.1643 0.3660 0.9160
vn -0.0200 0.9980 0.0605
vn 0.1023 0.9942 0.0323
vn 0.1580 0.9866 -0.0398
vn 0.0863 0.9955 -0.0384
vn 0.0712 0.2036 0.9764
vn -0.0385 0.9989 0.0273
vn 0.2811 0.1226 0.9518
vn -0.1553 0.9730 0.1709
vn 0.0583 -0.4097 0.9104
vn 0.2871 -0.4541 0.8434
vn 0.5014 0.0741 0.8620
vn 0.1435 -0.2071 0.9678
vn 0.3411 -0.1930 0.9200
vn 0.1987 0.1006 0.9749
vn 0.3181 0.1871 0.9294
vn 0.1949 0.1606 0.9676
vn 0.2320 0.1790 0.9561
vn 0.4565 0.2409 0.8565
vn 0.2910 0.1984 0.9359
vn 0.6905 0.2163 0.6902
vn 0.5000 0.2232 0.8368
vn 0.6508 0.2562 0.7147
vn 0.5083 0.1405 0.8497
vn 0.7156 0.1404 0.6843
vn 0.7908 0.2304 0.5670
vn 0.3515 0.1950 0.9156
vn 0.3781 0.1416 0.9149
vn 0.4200 0.0044 0.9075
vn 0.4635 -0.0881 0.8817
vn 0.6091 -0.0874 0.7883
vn 0.2602 -0.0606 0.9637
vn 0.7166 0.0108 0.6974
vn 0.3538 0.0590 0.9335
vn 0.3078 0.0187 0.9513
vn 0.2126 -0.0024 0.9771
vn 0.5461 -0.0061 0.8377
vn 0.9947 -0.1018 0.0160
vn 0.6206 0.0898 0.7789
vn 0.9922 0.0184 0.1237
vn 0.9989 0.0135 -0.0446
vn 0.9822 0.1744 -0.0699
vn 0.9785 0.1209 0.1668
vn 0.9462 0.3003 0.1210
vn 0.9654 0.1878 0.1810
vn 0.9530 0.3010 -0.0332
vn 0.8380 0.0219 0.5453
vn 0.8418 0.1117 0.5281
vn 0.8946 0.1537 0.4196
vn 0.8134 0.1785 0.5536
vn 0.8516 0.2058 0.4820
vn 0.8838 0.2249 0.4102
vn 0.8576 0.3080 0.4120
vn 0.8837 0.3426 0.3189
vn 0.8609 0.2671 0.4330
vn 0.8517 0.2455 0.4630
vn 0.8634 0.2242 0.4519
vn 0.8509 0.2087 0.4820
vn 0.8467 0.2731 0.4567
vn 0.8798 0.1515 0.4506
vn 0.8201 0.2501 0.5146
vn 0.8269 0.2247 0.5156
vn 0.8720 0.2166 0.4389
vn 0.9114 0.1717 0.3739
vn 0.8926 0.2627 0.3663
vn 0.8147 0.3018 0.4952
vn 0.8957 0.2756 0.3489
vn 0.7639 0.2751 0.5838
vn 0.7978 0.3619 0.4822
vn 0.9255 0.2278 0.3025
vn 0.8674 0.2853 0.4076
vn 0.9118 0.1040 0.3972
vn 0.9204 0.1810 0.3466
vn 0.8603 -0.1103 0.4976
vn 0.7746 0.2696 0.5721
vn 0.8410 0.0978 0.5322
vn 0.8333 -0.0087 0.5527
vn 0.6258 -0.4280 0.6521
vn 0.6021 -0.4615 0.6515
vn 0.2987 -0.6389 0.7089
vn 0.4688 -0.5181 0.7154
vn 0.1160 -0.6913 0.7132
vn 0.3009 -0.6972 0.6507
vn 0.1366 -0.7772 0.6142
vn 0.1431 -0.5195 0.8424
vn 0.4965 -0.3831 0.7789
vn 0.1206 -0.5990 0.7916
vn 0.1428 -0.1224 0.9821
vn 0.0309 -0.1833 0.9826
vn 0.1115 -0.2753 0.9549
vn 0.3848 -0.1824 0.9048
vn 0.1766 -0.1528 0.9723
vn -0.0092 -0.1399 0.9901
vn 0.0586 -0.0529 0.9969
vn -0.0642 0.1259 0.9900
vn -0.0082 0.1170 0.9931
vn -0.0490 0.2612 0.9641
vn 0.0391 0.1611 0.9862
vn -0.0540 0.3638 0.9299
vn 0.0146 0.2950 0.9554
vn -0.0174 0.3876 0.9217
vn -0.0181 0.3435 0.9390
vn 0.0190 0.3803 0.9247
vn 0.0365 0.2988 0.9536
vn -0.0120 0.1428 0.9897
vn 0.0035 0.1221 0.9925
vn -0.0424 -0.0910 0.9949
vn -0.0870 -0.1682 0.9819
vn -0.0944 -0.1827 0.9786
vn -0.0675 0.1645 0.9841
vn -0.1687 -0.2309 0.9582
vn -0.2028 -0.3438 0.9169
vn -0.4652 -0.2336 0.8538
vn -0.5418 -0.3924 0.7433
vn -0.1983 -0.5103 0.8368
vn -0.3739 -0.0717 0.9247
vn -0.7388 0.0813 0.6690
vn -0.3010 0.2821 0.9110
vn -0.5392 0.2060 0.8166
vn -0.1315 -0.1197 0.9841
vn -0.2256 0.0385 0.9735
vn -0.0642 0.0872 0.9941
vn -0.0501 0.3048 0.9511
vn -0.3449 0.4738 0.8103
vn -0.0386 0.5077 0.8607
vn -0.3783 0.5142 0.7697
vn -0.6263 0.3882 0.6761
vn -0.8441 0.2371 0.4810
vn -0.6702 0.4270 0.6071
vn -0.8726 0.2988 0.3863
vn -0.9273 0.1557 0.3405
vn -0.8644 -0.1476 0.4806
vn -0.9073 0.0758 0.4137
vn -0.8534 -0.0432 0.5195
vn -0.8993 0.2783 0.3373
vn -0.9254 0.2503 0.2847
vn -0.8732 0.2869 0.3941
vn -0.9159 0.2514 0.3129
vn -0.9006 0.2945 0.3196
vn -0.9007 0.2657 0.3437
vn -0.8378 0.3363 0.4301
vn -0.8655 0.2727 0.4202
vn -0.7789 0.3034 0.5489
vn -0.7064 0.3704 0.6032
vn -0.7969 0.3844 0.4660
vn -0.8492 0.2623 0.4583
vn -0.7249 0.3843 0.5717
vn -0.5690 0.3099 0.7617
vn -0.5898 0.3885 0.7079
vn -0.3548 0.2755 0.8934
vn -0.6858 0.2430 0.6860
vn -0.5409 0.2599 0.7999
vn -0.3199 0.2955 0.9002
vn -0.6184 0.3286 0.7139
vn -0.0734 0.6209 0.7805
vn -0.0463 0.2191 0.9746
vn -0.4003 0.8613 0.3131
vn 0.1591 0.6433 0.7489
vn 0.1196 0.7308 0.6720
vn -0.4227 0.2584 0.8686
vn -0.5493 -0.0043 0.8356
vn -0.5447 -0.1583 0.8236
vn -0.6102 -0.6687 0.4248
vn -0.4192 -0.4026 0.8137
vn -0.5770 0.0964 0.8110
vn -0.0859 -0.0264 0.9960
vn -0.5997 0.1661 0.7828
vn 0.3495 -0.1329 0.9275
vn -0.0650 -0.5774 0.8138
vn -0.7797 0.0948 0.6189
vn -0.7738 -0.1866 0.6053
vn -0.4532 -0.4992 0.7385
vn -0.5317 -0.2811 0.7989
vn -0.6034 -0.4803 0.6366
vn -0.6409 -0.4367 0.6313
vn -0.3121 -0.6558 0.6874
vn -0.2491 -0.6043 0.7568
vn -0.1731 -0.3697 0.9129
vn -0.1279 -0.7143 0.6881
vn -0.0727 -0.6326 0.7711
vn 0.0063 -0.6920 0.7218
vn -0.1674 -0.7393 0.6522
vn -0.3136 -0.6707 0.6722
vn -0.1167 -0.7202 0.6839
vn -0.1562 -0.5158 0.8423
vn -0.2911 0.0303 0.9562
vn -0.2086 -0.4080 0.8888
vn -0.1809 -0.1061 0.9777
vn -0.2181 0.2050 0.9541
vn -0.3512 0.2673 0.8973
vn -0.1967 0.4050 0.8929
vn -0.0483 0.3941 0.9178
vn -0.0795 0.3954 0.9151
vn -0.0246 0.3577 0.9335
vn -0.1982 0.4010 0.8944
vn -0.1133 0.3679 0.9229
vn -0.1416 0.4735 0.8693
vn -0.2363 0.3529 0.9053
vn -0.3516 0.3737 0.8583
vn -0.3817 0.3649 0.8492
vn -0.3728 0.5020 0.7804
vn -0.2596 0.5086 0.8209
vn -0.5000 0.4060 0.7650
vn -0.2644 0.5897 0.7631
vn -0.4886 0.3451 0.8013
vn -0.5820 0.3365 0.7403
vn -0.6414 0.3418 0.6869
vn -0.5338 0.3814 0.7547
vn -0.4549 0.3794 0.8056
vn -0.5970 0.3944 0.6986
vn -0.4797 0.3912 0.7854
vn -0.4248 0.3303 0.8429
vn -0.5370 0.4420 0.7185
vn -0.4207 0.2570 0.8700
vn -0.4991 0.3099 0.8092
vn -0.3528 -0.1269 0.9271
vn -0.3554 0.1662 0.9198
vn -0.2632 -0.2527 0.9310
vn -0.1954 -0.4937 0.8474
vn -0.1178 -0.6316 0.7663
vn -0.2174 -0.3206 0.9219
vn -0.0463 -0.4440 0.8948
vn -0.3140 -0.3176 0.8947
vn -0.4473 -0.0284 0.8939
vn -0.4602 -0.1901 0.8672
vn -0.3931 -0.2993 0.8694
vn -0.5591 -0.3299 0.7607
vn -0.4223 -0.5417 0.7268
vn -0.3147 -0.4847 0.8161
vn -0.1800 -0.4034 0.8972
vn -0.2426 -0.6517 0.7186
vn -0.2305 -0.7502 0.6197
vn -0.5284 -0.5742 0.6254
vn -0.2332 -0.8331 0.5016
vn -0.4738 -0.5180 0.7122
vn -0.5989 -0.5805 0.5516
vn -0.7229 -0.4247 0.5449
vn -0.6685 -0.3860 0.6357
vn -0.4877 -0.7005 0.5209
vn -0.2893 -0.8236 0.4879
vn -0.6506 -0.5362 0.5378
vn -0.7312 -0.4461 0.5161
vn -0.7968 -0.3450 0.4960
vn -0.6873 -0.4785 0.5465
vn -0.4660 -0.6366 0.6145
vn -0.6801 -0.3427 0.6481
vn -0.7081 -0.2673 0.6536
vn -0.6765 0.0730 0.7328
vn -0.7353 -0.3052 0.6051
vn -0.7986 -0.0985 0.5938
vn -0.8994 -0.1083 0.4236
vn -0.8639 0.0446 0.5017
vn -0.6996 0.1741 0.6930
vn -0.8065 0.1564 0.5701
vn -0.8389 0.1650 0.5187
vn -0.8971 0.1116 0.4275
vn -0.6917 0.3020 0.6560
vn -0.8113 0.0846 0.5784
vn -0.9103 -0.0149 0.4138
vn -0.9300 0.0285 0.3666
vn -0.9486 -0.1829 0.2583
vn -0.9510 -0.1024 0.2919
vn -0.9241 -0.1871 0.3332
vn -0.9553 -0.1646 0.2456
vn -0.9617 -0.1326 0.2400
vn -0.9609 -0.0309 0.2752
vn -0.9822 -0.0475 0.1815
vn -0.9389 0.0751 0.3360
vn -0.9757 -0.1093 0.1897
vn -0.9963 -0.0589 0.0626
vn -0.9706 0.0273 0.2393
vn -0.9132 0.0812 0.3994
vn -0.9441 0.0339 0.3279
vn -0.9766 -0.0307 0.2129
vn -0.9908 -0.0366 0.1300
vn -0.9207 0.0589 0.3857
vn -0.9920 -0.0943 0.0833
vn -0.9846 -0.0799 0.1556
vn -0.9620 0.0123 0.2729
vn -0.9019 0.1355 0.4101
vn -0.9470 0.1137 0.3003
vn -0.9784 -0.0074 0.2065
vn -0.9719 0.1062 0.2102
vn -0.9840 0.1227 0.1294
vn -0.9921 0.0043 0.1253
vn -0.9780 -0.1068 0.1793
vn -0.9801 -0.1359 0.1448
vn -0.9761 -0.1052 0.1899
vn -0.9770 -0.1628 0.1375
vn -0.9895 -0.1239 0.0744
vn -0.9520 0.0386 0.3036
vn -0.9758 0.0930 0.1981
vn -0.3432 0.8275 0.4444
vn -0.9676 -0.0894 0.2359
vn -0.9938 -0.0910 0.0634
vn -1.0000 -0.0072 0.0055
vn -0.9955 -0.0527 0.0787
vn -0.9978 -0.0139 0.0644
vn -0.9864 -0.0738 0.1466
vn -0.9862 -0.1460 0.0777
vn -0.9710 -0.1928 0.1414
vn -0.9774 -0.1355 0.1623
vn -0.9767 -0.1877 0.1043
vn -0.9710 -0.2387 0.0098
vn -0.9165 -0.3908 0.0853
vn -0.9452 -0.2847 -0.1599
vn -0.9308 -0.3014 -0.2065
vn -0.4795 -0.8563 -0.1919
vn -0.9471 -0.2070 -0.2454
vn -0.1249 -0.7152 -0.6877
vn -0.9749 -0.1626 -0.1518
vn -0.9777 -0.1628 -0.1327
vn -0.9756 -0.1667 -0.1429
vn -0.9463 -0.2195 -0.2372
vn -0.3319 -0.7892 -0.5167
vn -0.9743 -0.1991 -0.1049
vn -0.4163 -0.7502 -0.5137
vn -0.9122 -0.3267 -0.2474
vn 0.4984 -0.6513 -0.5722
vn -0.1676 -0.6048 -0.7785
vn 0.3833 -0.6205 -0.6842
vn -0.8509 -0.4198 -0.3159
vn -0.0804 -0.3339 -0.9392
vn 0.2858 -0.4647 -0.8381
vn -0.8571 -0.3155 -0.4071
vn -0.8839 -0.3102 -0.3500
vn -0.8667 -0.3463 -0.3591
vn -0.8128 -0.3840 -0.4380
vn -0.8826 -0.3395 -0.3251
vn -0.9189 -0.2095 -0.3342
vn -0.0473 -0.1384 -0.9892
vn 0.0269 -0.0417 -0.9988
vn 0.1382 0.1335 -0.9814
vn 0.4209 0.0257 -0.9068
vn 0.4000 -0.1405 -0.9057
vn 0.3223 -0.2901 -0.9011
vn 0.3145 0.2543 -0.9146
vn 0.1708 0.4767 -0.8623
vn 0.0297 0.7191 -0.6942
vn -0.1347 0.9531 -0.2712
vn -0.2379 0.9635 0.1224
vn -0.8736 0.4792 0.0852
vn -0.9957 -0.0925 0.0013
vn -1.0000 0.0071 -0.0021
vn -0.9899 0.1411 0.0115
vn -0.9744 0.2246 0.0128
vn -0.9668 0.2298 0.1117
vn -0.9516 0.2327 0.2006
vn -0.9183 0.3414 0.2004
vn -0.9416 0.3199 0.1052
vn -0.8811 0.4652 0.0848
vn -0.9551 0.2962 -0.0067
vn -0.9040 0.4239 -0.0559
vn -0.9538 0.2736 -0.1239
vn -0.8300 0.5484 -0.1017
vn -0.7945 0.6041 0.0621
vn -0.7010 0.7116 0.0474
vn -0.8543 0.4813 0.1964
vn -0.7628 0.6206 0.1818
vn -0.8266 0.4828 0.2890
vn -0.8018 0.4710 0.3677
vn -0.8886 0.3521 0.2938
vn -0.9236 0.2358 0.3024
vn -0.8556 0.3443 0.3866
vn -0.8819 0.2362 0.4080
vn -0.7803 0.4446 0.4399
vn -0.8235 0.3280 0.4628
vn -0.7634 0.4087 0.5002
vn -0.7940 0.3260 0.5131
vn -0.8452 0.2430 0.4759
vn -0.8187 0.2694 0.5071
vn -0.7637 0.3492 0.5431
vn -0.8668 0.1585 0.4729
vn -0.8451 0.2021 0.4949
vn -0.8887 0.1019 0.4471
vn -0.8648 0.1594 0.4762
vn -0.8887 0.1804 0.4216
vn -0.8972 0.1106 0.4275
vn -0.8454 0.2965 0.4443
vn -0.8364 0.2267 0.4990
vn -0.7474 0.4020 0.5289
vn -0.7324 0.3527 0.5824
vn -0.8469 0.3050 0.4356
vn -0.9092 0.0012 0.4164
vn -0.8303 0.0806 0.5515
vn -0.9139 0.1913 0.3579
vn -0.9182 0.0740 0.3891
vn -0.8937 0.0992 0.4376
vn -0.8034 -0.2977 0.5157
vn -0.7383 -0.2429 0.6292
vn -0.6142 -0.1739 0.7698
vn -0.6963 0.1034 0.7102
vn -0.6016 0.3402 0.7227
vn -0.5588 0.0626 0.8269
vn -0.6217 0.4536 0.6385
vn -0.6583 0.3883 0.6448
vn -0.7608 0.3190 0.5652
vn -0.8184 0.2490 0.5180
vn -0.6812 0.3428 0.6469
vn -0.7542 0.3049 0.5816
vn -0.7907 0.3081 0.5290
vn -0.7383 0.3493 0.5770
vn -0.6850 0.3705 0.6273
vn -0.8667 -0.2888 -0.4068
vn -0.9125 -0.2661 -0.3108
vn -0.9273 -0.2377 -0.2893
vn -0.9589 -0.2272 -0.1703
vn -0.9633 -0.2445 -0.1106
vn -0.9726 -0.1963 -0.1243
vn -0.9578 -0.2567 -0.1290
vn -0.9535 -0.2971 -0.0509
vn -0.9545 -0.2656 -0.1354
vn -0.9563 -0.2923 0.0040
vn -0.9695 -0.2057 -0.1330
vn -0.9763 -0.2134 0.0354
vn -0.9919 -0.1082 0.0663
vn -0.9307 -0.2641 0.2530
vn -0.9234 -0.3682 0.1085
vn -0.9207 -0.3897 -0.0205
vn -0.8817 -0.4688 0.0528
vn -0.8581 -0.4864 0.1648
vn -0.8462 -0.5151 0.1369
vn -0.7919 -0.5905 0.1553
vn -0.8491 -0.3745 0.3725
vn -0.9316 -0.1407 0.3352
vn -0.8179 -0.1840 0.5452
vn -0.7859 -0.5233 0.3296
vn -0.7511 -0.6420 0.1538
vn -0.7355 -0.6333 0.2406
vn -0.7369 -0.4037 0.5422
vn -0.7432 -0.2787 0.6083
vn -0.6188 -0.1189 0.7765
vn -0.6638 -0.0511 0.7462
vn -0.8004 -0.0300 0.5988
vn -0.7188 -0.6693 0.1881
vn -0.8283 -0.5245 0.1970
vn -0.9081 -0.3807 0.1745
vn -0.8896 -0.3808 0.2521
vn -0.8243 -0.5043 0.2572
vn -0.9404 -0.2394 0.2416
vn -0.9584 -0.2642 0.1078
vn -0.9292 -0.3663 0.0495
vn -0.9389 -0.1781 0.2945
vn -0.9598 -0.2094 0.1867
vn -0.9599 -0.2729 -0.0633
vn -0.9430 -0.3239 -0.0766
vn -0.9539 -0.1655 0.2504
vn -0.9374 -0.1652 0.3067
vn -0.9543 -0.1395 0.2645
vn -0.9366 -0.2096 0.2807
vn -0.9458 -0.1672 0.2783
vn -0.9279 -0.1867 0.3228
vn -0.9286 -0.1629 0.3335
vn -0.9256 -0.2227 0.3061
vn -0.9113 -0.1602 0.3792
vn -0.9074 -0.2095 0.3643
vn -0.8789 -0.3561 0.3175
vn -0.8595 -0.3094 0.4069
vn -0.8151 -0.3100 0.4894
vn -0.8220 -0.2434 0.5148
vn -0.8273 -0.4286 0.3632
vn -0.8380 -0.1493 0.5249
vn -0.8797 -0.1835 0.4387
vn -0.7783 -0.5477 0.3070
vn -0.8173 -0.3683 0.4432
vn -0.6878 -0.6746 0.2682
vn -0.7731 -0.4807 0.4139
vn -0.7782 -0.2181 0.5889
vn -0.7952 -0.2119 0.5681
vn -0.6878 -0.0025 0.7259
vn -0.7022 -0.1017 0.7046
vn -0.7303 -0.1931 0.6553
vn -0.7965 -0.2510 0.5501
vn -0.8134 -0.2138 0.5410
vn -0.7847 -0.1874 0.5908
vn -0.6336 -0.1248 0.7636
vn -0.5708 0.0034 0.8211
vn -0.5341 -0.0383 0.8446
vn -0.6195 -0.0604 0.7827
vn -0.6824 -0.1455 0.7164
vn -0.5396 -0.1070 0.8351
vn -0.7499 -0.1027 0.6536
vn -0.8238 -0.1176 0.5546
vn -0.8256 -0.1301 0.5490
vn -0.7981 -0.0963 0.5948
vn -0.7532 -0.0475 0.6561
vn -0.7334 -0.0884 0.6740
vn -0.7251 -0.1764 0.6656
vn -0.7930 -0.1637 0.5868
vn -0.6450 -0.1270 0.7536
vn -0.5966 -0.2166 0.7728
vn -0.7594 -0.2626 0.5953
vn -0.8252 -0.1844 0.5339
vn -0.8744 -0.1701 0.4544
vn -0.8581 -0.2570 0.4446
vn -0.9073 -0.2218 0.3573
vn -0.8499 -0.2832 0.4444
vn -0.7180 -0.2785 0.6379
vn -0.5398 -0.1956 0.8188
vn -0.6977 -0.1510 0.7003
vn -0.4108 -0.0331 0.9111
vn -0.3353 0.0391 0.9413
vn -0.4784 -0.0710 0.8753
vn -0.4245 0.1188 0.8976
vn -0.2957 0.1057 0.9494
vn -0.2611 0.1186 0.9580
vn -0.3197 0.1829 0.9297
vn -0.2468 0.1302 0.9603
vn -0.3725 0.1503 0.9158
vn -0.4849 0.2302 0.8437
vn -0.4217 0.2816 0.8619
vn -0.5763 0.2873 0.7651
vn -0.5628 0.3502 0.7488
vn -0.6398 0.1281 0.7578
vn -0.7055 -0.0777 0.7044
vn -0.6298 0.2700 0.7283
vn -0.7318 -0.0937 0.6750
vn -0.7415 -0.3487 0.5733
vn -0.7867 -0.2238 0.5753
vn -0.5860 -0.1491 0.7965
vn -0.5692 -0.4696 0.6749
vn -0.6777 -0.0473 0.7338
vn -0.7614 0.0282 0.6477
vn 0.2493 0.8576 0.4498
vn -0.5937 -0.3176 0.7394
vn 0.1772 -0.0748 0.9813
vn -0.4457 -0.6806 0.5815
vn 0.3578 -0.9164 0.1796
vn -0.2428 -0.8225 0.5143
vn 0.4415 -0.8973 0.0035
vn -0.1554 -0.8278 0.5391
vn 0.3710 -0.9232 -0.1005
vn -0.1463 -0.8009 0.5807
vn 0.1541 -0.9611 -0.2292
vn -0.0662 -0.8047 0.5900
vn -0.0961 -0.9649 -0.2446
vn -0.0132 -0.8315 0.5553
vn -0.3569 -0.9250 -0.1306
vn 0.0070 -0.8083 0.5888
vn -0.4913 -0.8678 0.0748
vn 0.0563 -0.7119 0.7000
vn 0.4751 -0.0671 0.8773
vn 0.3389 -0.0506 0.9395
vn 0.3024 -0.3893 0.8700
vn 0.1052 -0.4635 0.8798
vn 0.2921 -0.3616 0.8854
vn 0.1020 -0.5938 0.7981
vn 0.1767 -0.4706 0.8644
vn 0.0484 -0.5880 0.8074
vn 0.0369 -0.3662 0.9298
vn -0.1751 -0.5148 0.8392
vn 0.0425 -0.4077 0.9121
vn -0.4619 -0.3262 0.8248
vn -0.2983 -0.1820 0.9369
vn 0.0414 -0.1236 0.9915
vn -0.4474 -0.6737 0.5882
vn -0.4043 -0.7234 0.5596
vn 0.3180 0.9123 0.2581
vn -0.5002 -0.0253 0.8656
vn 0.2964 0.9550 -0.0066
vn -0.2831 -0.0346 0.9585
vn 0.1400 0.9770 -0.1608
vn -0.1060 -0.4354 0.8940
vn -0.3281 -0.4998 0.8016
vn -0.0817 0.0593 0.9949
vn 0.0672 -0.3025 0.9508
vn -0.0302 0.9777 -0.2078
vn 0.0658 0.1504 0.9864
vn -0.0573 0.0308 0.9979
vn -0.0722 -0.0933 0.9930
vn 0.1398 -0.1309 0.9815
vn -0.2255 0.1970 0.9541
vn -0.2075 -0.1790 0.9617
vn -0.1735 0.1223 0.9772
vn -0.3618 0.2332 0.9026
vn -0.2472 0.1040 0.9634
vn -0.2387 0.1586 0.9581
vn -0.4018 -0.2032 0.8929
vn -0.3137 0.1684 0.9345
vn -0.4704 0.2257 0.8531
vn -0.5569 0.2136 0.8027
vn -0.3873 0.1917 0.9018
vn -0.3094 0.1337 0.9415
vn -0.3564 0.1001 0.9290
vn -0.4746 -0.0933 0.8752
vn -0.3685 0.0094 0.9296
vn -0.4075 0.1345 0.9033
vn -0.3693 0.0111 0.9293
vn -0.3438 0.0087 0.9390
vn -0.5191 -0.0537 0.8530
vn -0.5180 -0.0104 0.8553
vn -0.6553 -0.0698 0.7521
vn -0.6080 -0.0843 0.7895
vn -0.4056 0.0884 0.9098
vn -0.5310 -0.0030 0.8474
vn -0.6961 -0.0565 0.7157
vn -0.6187 -0.0762 0.7819
vn -0.5956 -0.0581 0.8012
vn -0.6402 -0.0508 0.7665
vn -0.6106 -0.0921 0.7866
vn -0.4658 -0.1258 0.8759
vn -0.5438 -0.1047 0.8327
vn -0.4008 -0.2744 0.8741
vn -0.5885 -0.0995 0.8024
vn -0.2285 -0.4889 0.8419
vn -0.4681 -0.3283 0.8205
vn -0.3424 -0.1828 0.9216
vn -0.4276 -0.0920 0.8993
vn -0.3574 -0.0594 0.9321
vn -0.2256 -0.2325 0.9461
vn -0.3002 0.0426 0.9529
vn -0.2234 -0.2975 0.9282
vn -0.2046 -0.6498 0.7320
vn -0.3342 -0.8172 0.4697
vn -0.3247 -0.7235 0.6092
vn -0.3290 -0.5870 0.7397
vn -0.2397 -0.7705 0.5907
vn -0.4195 -0.7683 0.4835
vn -0.1409 -0.9004 0.4116
vn -0.2439 -0.9284 0.2805
vn -0.3136 -0.4047 0.8590
vn -0.2701 -0.2087 0.9400
vn 0.2799 -0.9447 0.1709
vn 0.0280 0.6954 0.7180
vn 0.0537 -0.9930 -0.1047
vn 0.7330 -0.6783 -0.0520
vn 0.0955 -0.9869 -0.1303
vn 0.2887 -0.9181 -0.2716
vn 0.2852 -0.8999 -0.3298
vn 0.1532 -0.9755 -0.1578
vn 0.3494 -0.8470 -0.4007
vn 0.1629 -0.9746 -0.1538
vn 0.3306 -0.8379 -0.4344
vn -0.1804 -0.9247 0.3353
vn 0.1537 -0.9754 -0.1578
vn -0.1985 -0.9187 0.3415
vn -0.2431 -0.8936 0.3772
vn 0.0771 -0.9912 -0.1076
vn 0.3219 -0.8395 -0.4377
vn 0.3017 -0.8344 -0.4612
vn 0.2084 -0.8444 -0.4935
vn -0.0484 -0.9987 -0.0181
vn 0.1214 -0.8608 -0.4943
vn -0.2653 -0.8653 0.4252
vn -0.1222 -0.9914 0.0468
vn -0.2814 -0.8421 0.4601
vn -0.2746 -0.6442 0.7139
vn -0.2682 -0.8249 0.4976
vn -0.3590 -0.6432 0.6763
vn -0.1669 -0.9845 0.0541
vn 0.0901 -0.8580 -0.5056
vn -0.0404 -0.8423 -0.5376
vn -0.1969 -0.9797 0.0364
vn -0.1790 -0.9834 0.0283
vn -0.2013 -0.8158 0.5422
vn -0.2493 -0.8135 0.5255
vn -0.1512 -0.6290 0.7625
vn -0.2235 -0.6391 0.7360
vn 0.0495 -0.6283 0.7764
vn -0.0062 -0.8278 0.5610
vn -0.1267 -0.2412 0.9622
vn 0.0457 0.2892 0.9562
vn -0.0525 -0.2342 0.9708
vn 0.0233 0.2342 0.9719
vn -0.2367 -0.3063 0.9220
vn -0.0749 0.2352 0.9691
vn 0.1046 0.2108 0.9719
vn -0.1176 0.1572 0.9805
vn 0.0870 0.2273 0.9699
vn -0.2938 0.2894 0.9110
vn -0.3152 0.0458 0.9479
vn -0.3588 -0.3885 0.8487
vn -0.4056 -0.4728 0.7823
vn -0.3708 -0.6676 0.6456
vn -0.3839 -0.7065 0.5946
vn -0.4394 -0.5526 0.7082
vn -0.5796 -0.0926 0.8096
vn -0.6241 -0.2213 0.7493
vn -0.4512 -0.6109 0.6505
vn -0.3648 -0.7415 0.5631
vn -0.3424 -0.7707 0.5374
vn -0.3841 -0.7712 0.5076
vn -0.5118 -0.6216 0.5931
vn -0.4631 -0.6301 0.6234
vn -0.5969 -0.4278 0.6787
vn -0.6295 -0.3368 0.7002
vn -0.6702 -0.0772 0.7382
vn -0.6374 -0.2139 0.7402
vn -0.6569 -0.0084 0.7539
vn -0.6420 0.1049 0.7595
vn -0.6516 0.0988 0.7521
vn -0.6155 -0.0697 0.7851
vn -0.6042 0.2197 0.7660
vn -0.6093 0.0461 0.7916
vn -0.5414 -0.3069 0.7827
vn -0.4806 -0.5257 0.7019
vn -0.4716 -0.6604 0.5843
vn -0.5571 0.3579 0.7493
vn -0.5029 0.2116 0.8381
vn -0.4983 0.3685 0.7848
vn -0.3891 0.1773 0.9040
vn -0.3283 -0.0111 0.9445
vn -0.5558 0.1646 0.8149
vn -0.6199 0.2627 0.7394
vn -0.6566 0.0008 0.7542
vn -0.9404 -0.3156 0.1267
vn -0.8005 -0.5505 0.2371
vn -0.9930 -0.1096 0.0445
vn -0.7598 -0.6430 0.0958
vn -0.9976 0.0051 -0.0697
vn -0.9591 -0.2805 -0.0381
vn -0.8868 -0.4228 0.1867
vn -0.4491 -0.8400 0.3045
vn -0.6843 -0.5912 0.4268
vn -0.2140 -0.8278 0.5186
vn -0.5288 -0.7730 0.3505
vn 0.0923 -0.8946 0.4373
vn -0.1635 -0.9048 0.3932
vn -0.9511 -0.0887 0.2959
vn -0.7594 -0.5053 0.4098
vn -0.9972 -0.0167 0.0726
vn -0.9452 0.2481 0.2121
vn -0.9166 0.1754 0.3592
vn -0.8595 0.4235 0.2863
vn -0.9762 0.2167 0.0115
vn -0.8215 0.5127 0.2495
vn -0.8869 0.4279 0.1739
vn -0.9311 0.3635 0.0300
vn -0.9799 0.1938 -0.0466
vn -0.9072 0.4098 0.0957
vn -0.9481 0.3178 -0.0042
vn -0.9565 0.1809 0.2289
vn -0.9898 0.0540 0.1320
vn -0.6567 0.0256 0.7537
vn -0.6092 -0.0896 0.7879
vn -0.8535 0.0898 0.5133
vn -0.7924 0.1279 0.5965
vn -0.5984 0.1068 0.7940
vn -0.8276 0.2473 0.5039
vn -0.7413 0.2228 0.6331
vn -0.8601 0.1930 0.4723
vn -0.9041 0.2016 0.3767
vn -0.8846 0.2287 0.4065
vn -0.8904 0.1613 0.4256
vn -0.9034 0.2345 0.3591
vn -0.9140 0.2255 0.3373
vn -0.9095 0.2461 0.3351
vn -0.9087 0.2324 0.3467
vn -0.8639 0.3079 0.3985
vn -0.8712 0.2810 0.4026
vn -0.9150 0.2546 0.3131
vn -0.9313 0.2663 0.2487
vn -0.9219 0.2876 0.2597
vn -0.8517 0.3654 0.3755
vn -0.9277 0.2156 0.3049
vn -0.9140 0.2204 0.3407
vn -0.9089 0.2518 0.3323
vn -0.8932 0.3494 0.2832
vn -0.9274 0.2510 0.2775
vn -0.8713 0.4342 0.2288
vn -0.8513 0.4909 0.1852
vn -0.8420 0.4787 0.2489
vn -0.9065 0.3737 0.1965
vn -0.8726 0.4496 0.1910
vn -0.9165 0.3466 0.1999
vn -0.9027 0.3810 0.2001
vn -0.8275 0.4193 0.3735
vn -0.8705 0.4265 0.2457
vn -0.8931 0.3496 0.2831
vn -0.8170 0.4058 0.4098
vn -0.7915 0.3311 0.5138
vn -0.6499 0.4773 0.5914
vn -0.6199 0.4386 0.6507
vn -0.3885 0.5187 0.7616
vn -0.3860 0.4664 0.7959
vn -0.5950 0.3274 0.7340
vn -0.7802 0.0939 0.6184
vn -0.5887 0.0629 0.8059
vn -0.3954 0.3283 0.8578
vn -0.0661 0.3583 0.9313
vn -0.0123 0.5129 0.8583
vn -0.3951 0.0529 0.9171
vn 0.4386 0.5152 0.7364
vn 0.4937 0.5049 0.7081
vn 0.0498 0.5492 0.8342
vn 0.0777 0.5243 0.8480
vn -0.4003 0.5070 0.7633
vn 0.0696 0.5189 0.8520
vn 0.5202 0.4460 0.7284
vn -0.6915 0.4422 0.5711
vn -0.4125 0.4906 0.7675
vn -0.7160 0.3923 0.5774
vn -0.7186 0.3802 0.5823
vn -0.3975 0.4940 0.7733
vn 0.0361 0.5199 0.8535
vn -0.3813 0.4807 0.7896
vn -0.7081 0.3777 0.5966
vn -0.0046 0.4943 0.8693
vn -0.6957 0.3940 0.6007
vn -0.3824 0.4844 0.7868
vn -0.8716 0.2683 0.4104
vn 0.3421 0.4506 0.8246
vn -0.0349 0.5019 0.8642
vn 0.3852 0.4149 0.8243
vn -0.0419 0.5446 0.8376
vn 0.3315 0.5162 0.7897
vn 0.6650 0.3350 0.6675
vn 0.6373 0.4303 0.6393
vn 0.3051 0.4844 0.8199
vn 0.8583 0.2149 0.4659
vn 0.8546 0.3022 0.4223
vn 0.5914 0.4102 0.6943
vn 0.8092 0.2690 0.5223
vn 0.2413 0.2761 0.9303
vn 0.4826 0.2013 0.8524
vn 0.1386 0.0472 0.9892
vn -0.0636 -0.0746 0.9952
vn 0.0630 -0.0851 0.9944
vn 0.3276 -0.0380 0.9440
vn 0.0303 -0.1160 0.9928
vn -0.0186 -0.1370 0.9904
vn 0.0281 0.0029 0.9996
vn -0.0432 -0.1798 0.9828
vn 0.0394 0.1281 0.9910
vn 0.6817 0.0985 0.7250
vn 0.7013 0.2658 0.6615
vn 0.8531 0.1525 0.4990
vn 0.8495 0.1984 0.4888
vn 0.7427 0.2630 0.6159
vn 0.7585 0.2996 0.5787
vn 0.4627 0.4143 0.7838
vn 0.5200 0.4176 0.7451
vn 0.7497 0.3524 0.5601
vn 0.8264 0.3621 0.4312
vn 0.7418 0.4233 0.5201
vn 0.8247 0.3038 0.4771
vn 0.8325 0.2612 0.4886
vn 0.7178 0.4627 0.5202
vn 0.8242 0.4134 0.3869
vn 0.7028 0.3751 0.6044
vn 0.3861 0.3811 0.8401
vn 0.8376 0.1519 0.5247
vn 0.6937 0.0907 0.7145
vn 0.8250 0.3767 0.4211
vn 0.3442 0.0640 0.9367
vn 0.6321 -0.3710 0.6803
vn 0.7669 -0.3298 0.5505
vn 0.2339 -0.6413 0.7307
vn 0.5578 -0.7426 0.3706
vn 0.2881 -0.3428 0.8942
vn -0.0931 0.0514 0.9943
vn -0.0888 -0.3383 0.9368
vn -0.0960 -0.6135 0.7839
vn -0.3538 -0.3444 0.8696
vn -0.5531 -0.3753 0.7438
vn -0.3013 -0.6405 0.7064
vn -0.3703 -0.8184 0.4394
vn -0.4718 -0.7176 0.5124
vn -0.2637 -0.7621 0.5914
vn -0.1060 -0.7754 0.6225
vn -0.0392 -0.8837 0.4665
vn -0.2751 -0.8935 0.3549
vn 0.0391 -0.9346 0.3536
vn 0.5594 -0.7962 0.2305
vn 0.6275 -0.7305 0.2695
vn 0.7523 -0.5896 -0.2938
vn 0.1924 -0.7944 0.5761
vn 0.9780 -0.1815 0.1026
vn 0.8698 -0.4259 -0.2493
vn 0.1743 -0.9008 -0.3978
vn 0.5054 -0.8624 0.0289
vn -0.2790 -0.9381 -0.2052
vn 0.3842 -0.8396 0.3840
vn -0.3937 -0.9161 -0.0760
vn 0.4226 -0.7293 0.5381
vn -0.4974 -0.8641 0.0777
vn 0.3570 -0.7669 0.5333
vn -0.5966 -0.7814 0.1831
vn 0.2771 -0.8415 0.4637
vn -0.6829 -0.5992 0.4179
vn 0.8228 -0.1499 0.5483
vn 0.8128 -0.4369 0.3853
vn 0.2822 -0.8709 0.4023
vn -0.5783 -0.1338 0.8048
vn 0.0420 -0.8724 0.4869
vn 0.4346 -0.8769 0.2054
vn 0.6933 -0.7178 0.0642
vn 0.7751 -0.6018 0.1926
vn 0.6951 0.1210 0.7086
vn 0.9376 -0.3458 0.0359
vn 0.7701 -0.1996 0.6059
vn 0.4389 0.3032 0.8458
vn 0.5632 0.3565 0.7455
vn 0.6746 0.2942 0.6770
vn 0.6862 -0.4347 0.5833
vn 0.4681 -0.4974 0.7304
vn 0.7336 0.1695 0.6581
vn 0.6977 0.2981 0.6514
vn 0.6104 0.0498 0.7905
vn 0.6591 0.0574 0.7498
vn 0.3544 0.4365 0.8270
vn 0.5367 -0.1639 0.8277
vn 0.4018 -0.2146 0.8902
vn 0.5003 -0.3781 0.7789
vn 0.3158 -0.4292 0.8462
vn 0.6729 -0.4912 0.5532
vn 0.7930 -0.5659 0.2257
vn 0.5227 -0.6660 0.5322
vn 0.9094 -0.2473 0.3344
vn 0.9858 0.0763 0.1495
vn 0.3046 -0.7830 0.5423
vn 0.4606 -0.8636 0.2050
vn 0.1152 -0.8707 0.4781
vn 0.1288 -0.4317 0.8928
vn 0.2583 0.0550 0.9645
vn 0.3190 -0.1424 0.9370
vn 0.0295 -0.0976 0.9948
vn -0.0205 -0.5822 0.8128
vn -0.0489 -0.6470 0.7609
vn -0.1567 -0.2073 0.9656
vn 0.0070 0.2254 0.9742
vn -0.2012 0.2248 0.9534
vn -0.1351 -0.2369 0.9621
vn 0.0631 0.0571 0.9964
vn -0.0974 0.1593 0.9824
vn -0.1437 0.2155 0.9659
vn -0.0631 0.2487 0.9665
vn 0.1357 -0.4108 0.9016
vn 0.0823 -0.3462 0.9345
vn 0.0322 -0.2819 0.9589
vn 0.2179 -0.6265 0.7483
vn 0.1675 -0.8231 0.5426
vn 0.1583 -0.6636 0.7311
vn 0.2251 -0.7990 0.5576
vn 0.1006 -0.9931 -0.0609
vn 0.1064 -0.9942 -0.0146
vn 0.1152 -0.8878 0.4456
vn -0.0094 -0.9922 -0.1242
vn -0.0300 -0.8590 -0.5112
vn -0.1327 -0.8648 -0.4842
vn -0.0118 -0.8534 -0.5211
vn -0.0598 -0.9981 0.0136
vn -0.0612 -0.8521 -0.5198
vn -0.1154 -0.8382 -0.5330
vn -0.1014 -0.9836 -0.1494
vn -0.2243 -0.8414 -0.4917
vn -0.1861 -0.9720 -0.1433
vn 0.1644 -0.9100 0.3807
vn 0.1703 -0.8925 0.4176
vn 0.3149 -0.6929 0.6487
vn 0.1612 -0.6834 0.7121
vn 0.2228 -0.4211 0.8792
vn 0.2595 0.0159 0.9656
vn 0.3906 -0.4272 0.8154
vn 0.4443 -0.0445 0.8948
vn 0.3680 -0.6849 0.6289
vn 0.4798 -0.4595 0.7474
vn 0.2018 -0.8815 0.4269
vn 0.3840 -0.6887 0.6151
vn 0.4997 -0.5021 0.7058
vn 0.5844 -0.3679 0.7233
vn 0.5947 -0.2167 0.7742
vn 0.5194 -0.5710 0.6358
vn 0.4201 -0.7256 0.5450
vn 0.5979 0.0211 0.8013
vn 0.5554 -0.0973 0.8259
vn 0.5489 0.1550 0.8214
vn 0.4580 0.2168 0.8621
vn 0.4665 0.1883 0.8642
vn 0.2616 0.2315 0.9370
vn 0.5389 0.2558 0.8026
vn 0.5683 0.2217 0.7924
vn 0.5845 0.2900 0.7578
vn 0.5462 0.1104 0.8303
vn 0.6286 0.2907 0.7213
vn 0.5330 0.3713 0.7603
vn 0.5384 0.3551 0.7642
vn 0.4029 0.2209 0.8882
vn 0.4954 0.2486 0.8323
vn 0.4208 0.0814 0.9035
vn 0.3022 0.0761 0.9502
vn 0.4263 0.0247 0.9043
vn 0.4242 0.0529 0.9040
vn 0.2827 0.1357 0.9496
vn 0.5701 0.0150 0.8214
vn 0.5436 0.0087 0.8393
vn 0.6722 -0.1030 0.7332
vn 0.6730 -0.0430 0.7384
vn 0.5486 -0.0288 0.8356
vn 0.7433 -0.0513 0.6670
vn 0.7670 -0.1026 0.6334
vn 0.6562 -0.0109 0.7545
vn 0.6732 -0.0294 0.7389
vn 0.5826 -0.0419 0.8117
vn 0.5313 -0.0807 0.8433
vn 0.4975 -0.1123 0.8601
vn 0.5100 -0.0176 0.8600
vn 0.4812 0.1088 0.8698
vn 0.5017 -0.0917 0.8602
vn 0.4218 -0.3687 0.8283
vn 0.5119 -0.3002 0.8049
vn 0.5341 0.0006 0.8454
vn 0.5840 -0.1510 0.7976
vn 0.5687 0.1179 0.8140
vn 0.3591 -0.5783 0.7326
vn 0.5037 -0.5099 0.6973
vn 0.2181 -0.5377 0.8144
vn 0.4875 -0.6480 0.5852
vn 0.3712 -0.7017 0.6082
vn 0.3752 -0.3009 0.8767
vn 0.0545 -0.5077 0.8598
vn 0.1624 -0.4094 0.8978
vn 0.2062 -0.6861 0.6977
vn 0.3670 -0.7830 0.5023
vn 0.2349 -0.8076 0.5409
vn 0.0489 -0.6545 0.7545
vn 0.0480 -0.9215 0.3854
vn 0.3297 -0.8562 0.3979
vn 0.2759 -0.8603 0.4286
vn -0.1675 -0.2928 0.9414
vn 0.2426 -0.9529 0.1818
vn -0.1312 -0.7622 0.6339
vn -0.2072 -0.5459 0.8118
vn 0.8343 -0.4750 -0.2799
vn 0.6037 0.1260 0.7872
vn -0.8512 0.5034 -0.1487
vn -0.9554 -0.1545 0.2516
vn 0.0837 -0.9214 -0.3796
vn 0.2385 -0.9522 0.1911
vn -0.0507 -0.8533 -0.5189
vn 0.3268 -0.8717 0.3653
vn 0.1293 -0.9833 0.1278
vn -0.0719 -0.9970 -0.0283
vn -0.2522 -0.7862 -0.5642
vn -0.4245 -0.6980 -0.5767
vn -0.1943 -0.9732 -0.1230
vn -0.4133 -0.7228 -0.5539
vn -0.3192 -0.7837 -0.5328
vn 0.2824 -0.8807 0.3803
vn 0.4211 -0.7674 0.4836
vn -0.1053 0.9146 0.3904
vn 0.1182 0.4509 0.8847
vn -0.0081 0.9409 0.3386
vn 0.2995 0.4816 0.8236
vn 0.0017 0.9847 0.1743
vn 0.4071 0.6866 0.6024
vn 0.0938 0.9921 0.0836
vn 0.3656 0.5823 0.7261
vn 0.4547 0.5846 0.6719
vn 0.4180 0.4900 0.7650
vn 0.4864 0.5080 0.7108
vn 0.3189 0.3148 0.8940
vn 0.4386 0.4298 0.7892
vn 0.2860 0.3020 0.9094
vn 0.5387 0.3321 0.7743
vn 0.4486 0.3204 0.8343
vn 0.0703 -0.0205 0.9973
vn 0.0833 0.0614 0.9946
vn 0.2487 0.1880 0.9501
vn 0.2112 0.0850 0.9737
vn 0.1264 -0.0861 0.9882
vn 0.0346 -0.1696 0.9849
vn 0.4115 0.2134 0.8861
vn 0.3547 0.1030 0.9293
vn 0.2394 -0.0013 0.9709
vn 0.2577 -0.0963 0.9614
vn 0.4888 0.1027 0.8664
vn 0.3824 -0.0239 0.9237
vn 0.5371 0.1867 0.8226
vn 0.3801 -0.0953 0.9200
vn 0.4940 -0.1380 0.8584
vn 0.5689 -0.1780 0.8029
vn 0.4528 0.0137 0.8915
vn 0.6960 -0.2144 0.6853
vn 0.7687 -0.1656 0.6178
vn 0.6701 -0.1636 0.7240
vn 0.8010 -0.1165 0.5872
vn 0.7931 -0.1525 0.5898
vn 0.8137 -0.1033 0.5720
vn 0.8121 -0.1090 0.5733
vn 0.8111 -0.1382 0.5684
vn 0.8212 -0.0992 0.5620
vn 0.7698 -0.1550 0.6192
vn 0.7980 -0.0847 0.5967
vn 0.7300 -0.1211 0.6726
vn 0.7334 -0.0585 0.6773
vn 0.5394 -0.1131 0.8344
vn 0.5797 -0.0616 0.8125
vn 0.3742 -0.1344 0.9175
vn 0.3812 -0.1854 0.9057
vn 0.3196 -0.1348 0.9379
vn 0.1741 -0.2626 0.9491
vn 0.4708 -0.1316 0.8724
vn 0.1484 -0.1815 0.9721
vn 0.0259 -0.3062 0.9516
vn -0.0381 -0.2701 0.9621
vn -0.0393 -0.0198 0.9990
vn -0.0035 -0.1259 0.9920
vn 0.1321 0.1521 0.9795
vn 0.8303 -0.1399 0.5395
vn 0.7852 -0.2215 0.5783
vn 0.6346 -0.2009 0.7463
vn 0.8413 -0.2026 0.5012
vn 0.7439 -0.2693 0.6117
vn 0.8401 -0.2520 0.4803
vn 0.8440 -0.2258 0.4865
vn 0.8827 -0.2060 0.4224
vn 0.7214 -0.2133 0.6589
vn 0.5719 -0.2241 0.7891
vn 0.5195 -0.1426 0.8425
vn 0.4543 0.0437 0.8898
vn 0.8241 -0.0284 0.5658
vn 0.6785 0.0172 0.7344
vn 0.8640 0.0967 0.4941
vn 0.9053 -0.0938 0.4142
vn 0.7002 0.2595 0.6652
vn 0.9011 -0.1938 0.3878
vn 0.5691 0.3164 0.7590
vn 0.5105 0.3899 0.7664
vn 0.5465 0.3750 0.7488
vn 0.6701 0.2552 0.6970
vn 0.6380 0.0328 0.7693
vn 0.6791 0.0830 0.7294
vn 0.6594 0.0193 0.7515
vn 0.5602 0.2532 0.7887
vn 0.7312 0.0292 0.6816
vn 0.6235 -0.0990 0.7755
vn 0.6149 -0.2537 0.7467
vn 0.6081 -0.5501 0.5723
vn 0.5269 -0.6074 0.5945
vn 0.5706 -0.4702 0.6733
vn 0.7007 -0.2014 0.6845
vn 0.7022 -0.3767 0.6042
vn 0.6207 -0.4807 0.6194
vn 0.8337 -0.1645 0.5271
vn 0.8943 -0.1315 0.4276
vn 0.9300 0.1062 0.3519
vn 0.8909 0.1457 0.4303
vn 0.8828 0.0792 0.4629
vn 0.8954 0.0306 0.4442
vn 0.8393 0.0815 0.5376
vn 0.8792 0.0958 0.4667
vn 0.9137 0.0525 0.4030
vn 0.8936 0.1106 0.4350
vn 0.8819 0.0565 0.4679
vn 0.8624 0.0660 0.5018
vn 0.9045 0.0028 0.4264
vn 0.9425 -0.0147 0.3340
vn 0.9890 -0.0919 0.1159
vn 0.9615 -0.0872 0.2606
vn 0.9755 -0.0964 0.1975
vn 0.9521 -0.0661 0.2987
vn 0.8867 0.0478 0.4599
vn 0.9369 0.0340 0.3479
vn 0.9697 -0.1300 0.2069
vn 0.9787 -0.1687 0.1166
vn 0.8537 0.1309 0.5041
vn 0.8843 0.1483 0.4428
vn 0.8287 0.1522 0.5386
vn 0.8497 0.2439 0.4674
vn 0.8217 0.2389 0.5175
vn 0.8120 0.1845 0.5537
vn 0.8483 0.1160 0.5166
vn 0.7962 0.2483 0.5517
vn 0.7820 0.3206 0.5345
vn 0.7431 0.3503 0.5702
vn 0.8121 0.3120 0.4931
vn 0.7571 0.3951 0.5204
vn 0.7388 0.4617 0.4910
vn 0.7109 0.4372 0.5509
vn 0.7914 0.3779 0.4805
vn 0.6821 0.5133 0.5208
vn 0.6480 0.5368 0.5403
vn 0.5976 0.6291 0.4970
vn 0.5867 0.6069 0.5362
vn 0.6044 0.5555 0.5711
vn 0.4986 0.6482 0.5755
vn 0.4592 0.6206 0.6356
vn 0.4334 0.7089 0.5564
vn 0.5958 0.6754 0.4345
vn 0.4724 0.7565 0.4523
vn 0.2271 0.7639 0.6041
vn 0.3035 0.6717 0.6758
vn 0.1011 0.6352 0.7657
vn 0.1545 0.6878 0.7092
vn -0.0270 0.7864 0.6171
vn -0.0249 0.6927 0.7208
vn 0.2586 0.8450 0.4681
vn -0.0198 0.8821 0.4706
vn 0.2721 0.9170 0.2916
vn -0.0002 0.9551 0.2963
vn 0.4808 0.8250 0.2971
vn 0.2847 0.9552 0.0804
vn 0.4861 0.8675 0.1052
vn 0.6157 0.7264 0.3055
vn 0.6415 0.7548 0.1366
vn 0.7285 0.6177 0.2961
vn 0.4918 0.8666 -0.0844
vn 0.6589 0.7516 -0.0314
vn 0.7614 0.6286 0.1587
vn 0.8540 0.5140 0.0803
vn 0.8352 0.5196 0.1803
vn 0.7788 0.6266 0.0288
vn 0.8100 0.5134 0.2835
vn 0.7780 0.5021 0.3776
vn 0.8612 0.4201 0.2861
vn 0.8819 0.4261 0.2018
vn 0.8998 0.4211 0.1142
vn 0.9103 0.3482 0.2240
vn 0.9503 0.2696 0.1556
vn 0.9301 0.2743 0.2444
vn 0.9266 0.3489 0.1402
vn 0.8906 0.3403 0.3016
vn 0.9074 0.2690 0.3229
vn 0.8659 0.3291 0.3768
vn 0.8365 0.4082 0.3656
vn 0.7516 0.4859 0.4461
vn 0.8107 0.3940 0.4331
vn 0.6741 0.5646 0.4763
vn 0.6913 0.5952 0.4097
vn 0.8387 0.3173 0.4426
vn 0.8785 0.2563 0.4033
vn 0.9245 0.1627 0.3447
vn 0.9689 0.0213 0.2464
vn 0.9557 0.1556 0.2500
vn 0.9825 -0.1027 0.1555
vn 0.9606 -0.1867 0.2057
vn 0.9757 -0.1076 0.1907
vn 0.9693 -0.1444 0.1988
vn 0.9372 -0.1795 0.2991
vn 0.9895 -0.1148 0.0880
vn 0.9981 -0.0147 0.0597
vn 0.9901 -0.0688 0.1227
vn 0.9884 -0.0737 0.1330
vn 0.9581 -0.1291 0.2558
vn 0.9788 -0.1041 0.1762
vn 0.9562 -0.1212 0.2666
vn 0.9430 -0.1396 0.3022
vn 0.9482 -0.1225 0.2931
vn 0.9391 -0.1250 0.3201
vn 0.9386 -0.0678 0.3383
vn 0.9305 -0.0112 0.3661
vn 0.9344 -0.1447 0.3256
vn 0.9231 -0.1502 0.3540
vn 0.9490 -0.1220 0.2906
vn 0.9186 -0.1264 0.3745
vn 0.8735 -0.1644 0.4582
vn 0.8776 -0.1127 0.4659
vn 0.9229 -0.1113 0.3685
vn 0.9535 -0.1127 0.2794
vn 0.8461 -0.1236 0.5184
vn 0.8542 -0.1375 0.5015
vn 0.8842 -0.1766 0.4325
vn 0.8376 -0.1103 0.5350
vn 0.8554 -0.2767 0.4378
vn 0.7965 -0.5713 0.1978
vn 0.8158 -0.4655 0.3431
vn 0.8042 -0.3199 0.5009
vn 0.8321 -0.2043 0.5157
vn 0.8703 -0.3567 0.3397
vn 0.8808 -0.4132 0.2314
vn 0.9225 -0.2132 0.3219
vn 0.9615 -0.1240 0.2451
vn 0.9562 -0.2308 0.1799
vn 0.9757 -0.1422 0.1666
vn 0.9841 -0.1626 0.0717
vn 0.9746 -0.1721 0.1435
vn 0.9578 -0.2864 0.0236
vn 0.9449 -0.1488 0.2917
vn 0.9740 -0.1686 0.1511
vn 0.9617 -0.1386 0.2363
vn 0.9715 -0.1821 0.1518
vn 0.7854 -0.5930 0.1775
vn 0.7742 -0.6247 0.1020
vn 0.6969 -0.7160 0.0409
vn 0.6738 -0.7309 0.1083
vn 0.7204 -0.6329 0.2836
vn 0.5688 -0.8092 0.1471
vn 0.6246 -0.7355 0.2625
vn 0.6241 -0.7378 0.2572
vn 0.6995 -0.5473 0.4595
vn 0.6413 -0.6522 0.4042
vn 0.7187 -0.3405 0.6062
vn 0.7501 -0.4427 0.4913
vn 0.7104 -0.3784 0.5934
vn 0.5423 -0.7473 0.3840
vn 0.6623 -0.4393 0.6069
vn 0.5544 -0.5082 0.6591
vn 0.5615 -0.0849 0.8231
vn 0.6415 -0.0713 0.7638
vn 0.5402 0.1247 0.8322
vn 0.6578 -0.1083 0.7454
vn 0.5617 0.0049 0.8273
vn 0.4711 0.0522 0.8805
vn 0.4507 0.2215 0.8648
vn 0.3588 0.1233 0.9252
vn 0.2051 0.2360 0.9499
vn 0.2761 0.2515 0.9276
vn 0.3458 -0.1265 0.9297
vn 0.0702 -0.1792 0.9813
vn 0.3406 -0.5609 0.7545
vn -0.1541 -0.5693 0.8076
vn 0.0710 -0.5781 0.8129
vn -0.1514 -0.1392 0.9786
vn 0.0512 0.2393 0.9696
vn 0.0224 0.3096 0.9506
vn -0.1416 0.2689 0.9527
vn -0.4301 -0.0779 0.8994
vn -0.3494 0.3067 0.8854
vn -0.1550 0.3027 0.9404
vn -0.6223 -0.0026 0.7827
vn -0.5019 0.2629 0.8240
vn -0.4265 0.0955 0.8994
vn -0.3028 0.2222 0.9268
vn -0.4126 -0.1986 0.8890
vn -0.2639 -0.1826 0.9471
vn -0.1584 -0.1126 0.9809
vn -0.1441 -0.3826 0.9126
vn -0.0321 -0.3932 0.9189
vn -0.0093 -0.0902 0.9959
vn 0.1471 -0.1491 0.9778
vn 0.3118 -0.1716 0.9345
vn 0.1383 -0.3787 0.9151
vn 0.3300 -0.2869 0.8993
vn 0.1667 -0.2921 0.9417
vn -0.0337 -0.3415 0.9393
vn -0.1483 -0.3440 0.9272
vn -0.0073 0.0375 0.9993
vn -0.1512 -0.0036 0.9885
vn -0.2952 -0.2615 0.9190
vn -0.2502 -0.3568 0.9001
vn -0.4482 -0.2600 0.8553
vn -0.5425 -0.1295 0.8300
vn -0.4913 -0.1053 0.8646
vn -0.5969 -0.1202 0.7933
vn -0.6683 0.1536 0.7279
vn -0.6534 0.0150 0.7569
vn -0.6219 0.0367 0.7823
vn -0.6197 0.1153 0.7763
vn -0.5844 0.0422 0.8104
vn -0.6072 -0.0231 0.7942
vn -0.4900 0.0042 0.8717
vn -0.4887 0.0778 0.8690
vn -0.5064 0.2445 0.8269
vn -0.5371 0.3909 0.7475
vn -0.3633 0.0774 0.9285
vn -0.6387 0.2465 0.7289
vn -0.6167 0.4077 0.6734
vn -0.5990 0.4487 0.6632
vn -0.5373 0.5994 0.5934
vn -0.5094 0.5147 0.6896
vn -0.4337 0.6618 0.6115
vn -0.4422 0.1057 0.8906
vn -0.3569 0.4053 0.8417
vn -0.2627 0.7087 0.6547
vn -0.5087 0.6043 0.6132
vn -0.2540 0.9434 0.2133
vn -0.5689 0.5933 0.5695
vn -0.5405 0.6374 0.5491
vn -0.3037 0.8945 0.3281
vn -0.4985 0.7228 0.4786
vn -0.1772 0.9788 0.1025
vn -0.5723 0.5134 0.6395
vn -0.5962 0.5520 0.5829
vn -0.4221 0.7955 0.4347
vn -0.5816 0.4324 0.6890
vn -0.5870 0.5267 0.6148
vn -0.5957 0.3247 0.7347
vn -0.5163 0.2125 0.8297
vn -0.3204 0.4184 0.8499
vn -0.4950 0.4023 0.7702
vn -0.3352 0.0620 0.9401
vn -0.1076 0.4414 0.8908
vn 0.0118 0.4598 0.8879
vn 0.0122 0.6720 0.7404
vn -0.0605 0.6331 0.7717
vn -0.2528 0.5918 0.7655
vn -0.0037 0.8343 0.5514
vn 0.0224 0.8703 0.4920
vn 0.1614 0.6949 0.7007
vn 0.0810 0.9245 0.3725
vn 0.0207 0.9997 -0.0094
vn 0.0273 0.9979 0.0585
vn 0.0704 0.9952 0.0678
vn 0.0281 0.9991 0.0309
vn -0.1543 0.8280 0.5391
vn -0.0593 0.9982 -0.0059
vn -0.1211 0.9924 0.0237
vn -0.3156 0.8247 0.4693
vn -0.4585 0.5322 0.7117
vn 0.4773 0.4099 0.7773
vn 0.3953 0.6458 0.6532
vn 0.2303 0.4387 0.8686
vn 0.5693 0.4361 0.6969
vn 0.5732 0.2864 0.7678
vn 0.4616 0.1390 0.8761
vn 0.5450 0.5689 0.6158
vn 0.5315 0.5156 0.6721
vn 0.5261 0.5738 0.6277
vn 0.3950 0.8478 0.3539
vn 0.2393 0.9203 0.3095
vn 0.4551 0.7630 0.4590
vn 0.1402 0.9879 -0.0658
vn 0.1856 0.9825 0.0186
vn 0.0663 0.9943 -0.0832
vn 0.5761 0.3463 0.7404
vn 0.6020 0.1255 0.7886
vn 0.5689 0.0250 0.8220
vn 0.5651 0.0171 0.8249
vn 0.5293 -0.1212 0.8398
vn 0.5085 -0.0199 0.8608
vn 0.4017 -0.1567 0.9023
vn 0.4775 -0.1017 0.8727
vn 0.2373 0.0714 0.9688
vn 0.5013 -0.0005 0.8653
vn 0.4823 -0.0622 0.8738
vn 0.5662 -0.1154 0.8161
vn 0.6176 -0.2028 0.7599
vn 0.6978 -0.2316 0.6778
vn 0.6626 -0.1779 0.7275
vn 0.7464 -0.2181 0.6288
vn 0.7379 -0.2999 0.6046
vn 0.7730 -0.2477 0.5841
vn 0.8079 -0.1672 0.5651
vn -0.0319 0.9593 0.2804
vn 0.4128 0.8984 0.1501
vn -0.5744 -0.0057 0.8186
vn -0.5181 0.0072 0.8553
vn -0.5668 0.1459 0.8109
vn -0.6058 0.0262 0.7952
vn -0.6747 0.0337 0.7373
vn -0.7272 -0.3115 0.6117
vn -0.6455 -0.6438 0.4108
vn -0.6293 -0.4342 0.6445
vn -0.5079 -0.7546 0.4154
vn -0.4266 -0.5366 0.7281
vn 0.0713 -0.8168 0.5726
vn 0.2896 -0.8204 0.4930
vn 0.4364 -0.8075 0.3968
vn 0.2156 -0.9314 0.2933
vn 0.8099 -0.5032 0.3014
vn 0.7483 -0.6305 0.2062
vn 0.9670 0.2516 0.0397
vn 0.9426 0.3325 0.0302
vn 0.9501 0.2943 -0.1035
vn 0.9265 0.2652 -0.2671
vn 0.9185 0.3954 -0.0074
vn 0.9275 0.3376 -0.1607
vn 0.8897 0.3197 -0.3260
vn 0.8245 0.4070 -0.3932
vn 0.8107 0.5053 -0.2957
vn 0.8857 0.4057 -0.2257
vn 0.6937 0.6231 -0.3613
vn 0.7969 0.5889 -0.1349
vn 0.8757 0.4786 -0.0636
vn 0.6751 0.7094 -0.2023
vn 0.5229 0.7407 -0.4217
vn 0.5040 0.8255 -0.2540
vn 0.3074 0.8271 -0.4706
vn 0.3030 0.9081 -0.2889
vn 0.2953 0.9481 -0.1180
vn 0.0584 0.9903 -0.1260
vn 0.0297 0.9960 0.0847
vn 0.0699 0.9478 -0.3111
vn 0.0636 0.8630 -0.5011
vn 0.0534 0.7537 -0.6551
vn 0.3038 0.7176 -0.6266
vn 0.0436 0.6236 -0.7805
vn 0.2996 0.5916 -0.7485
vn 0.2923 0.4361 -0.8511
vn 0.0243 0.4579 -0.8887
vn 0.2816 0.2701 -0.9207
vn -0.0023 0.2898 -0.9571
vn 0.2698 0.0532 -0.9614
vn -0.0186 0.0792 -0.9967
vn 0.2488 -0.1830 -0.9511
vn -0.0232 -0.1742 -0.9844
vn -0.0428 -0.3752 -0.9260
vn 0.2280 -0.3642 -0.9030
vn 0.5299 0.2001 -0.8241
vn 0.7177 0.1167 -0.6865
vn 0.5339 0.3656 -0.7624
vn 0.7276 0.2674 -0.6317
vn 0.8243 0.0516 -0.5639
vn 0.8350 0.1903 -0.5164
vn 0.7240 0.4040 -0.5592
vn 0.5348 0.5140 -0.6707
vn 0.8799 0.0009 -0.4752
vn 0.8348 0.3037 -0.4592
vn 0.7107 0.5200 -0.4739
vn 0.5327 0.6341 -0.5606
vn 0.8203 0.1756 0.5442
vn 0.7593 -0.1148 0.6405
vn 0.6579 -0.3522 0.6656
vn 0.5724 -0.5495 0.6086
vn 0.4826 -0.6536 0.5829
vn -0.2431 -0.9155 0.3206
vn 0.4825 -0.6377 0.6005
vn 0.5122 -0.6052 0.6094
vn 0.4623 -0.7071 0.5351
vn 0.2844 -0.7484 0.5992
vn -0.4970 -0.8674 0.0247
vn -0.4637 -0.8778 -0.1203
vn 0.0934 -0.8083 0.5813
vn -0.3010 -0.9170 -0.2618
vn -0.0323 -0.8185 0.5736
vn -0.1021 -0.8089 0.5790
vn -0.0574 -0.9495 -0.3085
vn 0.2513 -0.9361 -0.2460
vn -0.1410 -0.7366 0.6615
vn -0.0992 -0.2632 0.9596
vn 0.2225 -0.2710 0.9365
vn 0.4525 -0.3213 0.8319
vn 0.7783 -0.0697 0.6241
vn 0.7145 -0.2403 0.6571
vn 0.5258 -0.0841 0.8464
vn 0.5293 -0.3910 0.7530
vn 0.6863 -0.0075 0.7273
vn -0.1017 0.8949 0.4344
vn 0.1384 0.7293 0.6700
vn 0.0305 0.0202 0.9993
vn 0.4320 0.3106 0.8467
vn 0.2726 0.2124 0.9384
vn 0.4052 0.2836 0.8692
vn 0.2127 0.1342 0.9679
vn 0.2749 0.0825 0.9579
vn 0.3332 -0.0224 0.9426
vn 0.2709 0.1021 0.9572
vn 0.4087 -0.0941 0.9078
vn 0.3416 0.0583 0.9381
vn 0.3970 0.0204 0.9176
vn 0.4855 -0.0985 0.8687
vn 0.0396 -0.2676 0.9627
vn -0.0429 -0.6511 0.7578
vn 0.0030 -0.2649 0.9643
vn -0.1908 -0.5987 0.7779
vn -0.1568 -0.0759 0.9847
vn -0.4326 -0.6113 0.6627
vn -0.2444 -0.9007 0.3591
vn -0.3045 -0.3027 0.9031
vn -0.4688 -0.3179 0.8241
vn -0.3656 0.1352 0.9209
vn -0.4997 -0.0418 0.8652
vn -0.6368 -0.0567 0.7689
vn -0.7701 0.0862 0.6321
vn -0.6904 0.2119 0.6917
vn -0.7456 0.1133 0.6567
vn -0.6063 0.2062 0.7680
vn -0.6888 -0.2542 0.6789
vn -0.7428 0.1241 0.6579
vn -0.6170 0.4629 0.6364
vn 0.0239 0.5668 0.8235
vn 0.2978 -0.4468 0.8436
vn -0.4639 -0.0803 0.8823
vn 0.7203 0.0073 0.6936
vn -0.6019 -0.5455 0.5833
vn 0.6552 -0.6530 0.3800
vn 0.3446 -0.9119 0.2229
vn -0.4034 -0.8183 0.4095
vn 0.2134 -0.9612 0.1750
vn -0.4053 -0.8506 0.3350
vn 0.3084 -0.9512 -0.0135
vn -0.2906 -0.9474 0.1341
vn 0.3081 -0.9226 -0.2320
vn -0.5811 -0.8139 0.0027
vn -0.4378 -0.7198 -0.5387
vn -0.7030 -0.3991 0.5886
vn -0.8469 -0.5306 -0.0345
vn -0.9566 -0.0250 -0.2905
vn -0.9831 -0.1649 0.0795
vn -0.7114 -0.6606 0.2399
vn -0.4440 -0.8811 0.1631
vn -0.7913 -0.5933 0.1480
vn -0.6179 -0.7549 0.2200
vn -0.4151 -0.8689 0.2697
vn -0.6331 -0.6224 0.4602
vn -0.1694 -0.9649 0.2006
vn 0.0538 -0.9375 0.3437
vn -0.0677 -0.9201 0.3859
vn 0.0902 -0.9772 0.1922
vn -0.8316 -0.2619 0.4898
vn -0.8752 -0.1677 0.4538
vn -0.8970 0.1821 0.4028
vn -0.9032 0.2448 0.3526
vn -0.8626 -0.2316 0.4497
vn -0.6851 0.2523 0.6833
vn -0.5873 0.4134 0.6958
vn -0.5669 0.3753 0.7333
vn -0.5988 0.2214 0.7697
vn -0.5673 0.2837 0.7731
vn -0.5890 0.2424 0.7709
vn -0.4766 0.0005 0.8791
vn -0.4838 0.2972 0.8232
vn -0.5200 0.2515 0.8163
vn 0.9701 -0.2409 0.0294
vn 0.9601 0.2270 0.1634
vn 0.9684 -0.0255 0.2481
vn 0.8414 0.3976 0.3659
vn 0.9171 0.3788 0.1247
vn 0.8245 0.4693 0.3160
vn 0.8901 0.4385 0.1242
vn 0.8459 0.4465 0.2918
vn 0.9082 0.3662 0.2026
vn 0.8309 0.3787 0.4076
vn 0.7963 0.4417 0.4133
vn 0.8248 0.4042 0.3953
vn 0.7820 0.4430 0.4384
vn 0.8335 0.3441 0.4323
vn 0.8245 0.4066 0.3936
vn 0.8415 0.2731 0.4661
vn 0.7985 0.3279 0.5048
vn 0.7888 -0.0187 0.6143
vn 0.8806 0.2131 0.4233
vn 0.8055 -0.1057 0.5831
vn 0.8379 0.2954 0.4590
vn -0.6691 0.2620 0.6955
vn -0.5662 0.3105 0.7636
vn -0.4055 0.3132 0.8587
vn -0.1602 0.1653 0.9731
vn 0.0905 0.0632 0.9939
vn 0.1772 0.2762 0.9446
vn 0.1784 0.4365 0.8818
vn -0.2016 0.9707 -0.1307
vn -0.2206 0.9670 -0.1270
vn -0.1611 0.9755 -0.1498
vn -0.2092 -0.9196 0.3326
vn -0.2828 -0.9005 0.3303
vn -0.8547 -0.1801 0.4869
vn -0.9114 -0.2542 0.3235
vn -0.6037 -0.7779 0.1744
vn -0.9636 -0.1277 0.2349
vn -0.3444 0.3898 0.8541
vn 0.0612 0.3755 0.9248
vn 0.2031 0.2290 0.9520
vn 0.2276 0.3832 0.8952
vn 0.3299 0.3238 0.8867
vn 0.3779 0.3861 0.8415
vn 0.2562 0.0228 0.9664
vn 0.3295 0.1858 0.9257
vn 0.1653 -0.5497 0.8188
vn 0.1996 -0.3825 0.9021
vn 0.0305 -0.6813 0.7314
vn 0.0717 -0.7673 0.6373
vn -0.1079 -0.5322 0.8397
vn 0.0947 -0.5412 0.8355
vn 0.2912 -0.3875 0.8747
vn 0.3103 -0.1987 0.9297
vn 0.4898 -0.3022 0.8178
vn -0.4135 0.6879 0.5965
vn -0.5064 0.6569 0.5586
vn 0.0241 0.4579 -0.8887
vn -0.2822 0.2637 -0.9224
vn -0.0025 0.2898 -0.9571
vn -0.2978 0.0724 -0.9519
vn -0.0188 0.0792 -0.9967
vn -0.2969 -0.1780 -0.9382
vn -0.0234 -0.1742 -0.9844
vn -0.5094 -0.2215 -0.8315
vn -0.3027 -0.4154 -0.8578
vn -0.0430 -0.3752 -0.9260
vn -0.4940 -0.4620 -0.7365
vn -0.5077 -0.4830 -0.7134
vn -0.5817 -0.4457 -0.6804
vn -0.5092 0.0385 -0.8598
vn -0.5032 0.2120 -0.8378
vn -0.6679 -0.0106 -0.7442
vn -0.1005 0.3886 -0.9159
vn -0.1692 0.6609 -0.7311
vn -0.0684 0.6192 -0.7822
vn -0.0727 0.6730 -0.7360
vn -0.0313 0.6149 -0.7880
vn 0.0160 0.6435 -0.7652
vn 0.0127 0.5796 -0.8148
vn 0.0652 0.5789 -0.8128
vn 0.0406 0.5335 -0.8448
vn 0.1065 0.4962 -0.8617
vn 0.0435 0.4563 -0.8887
vn 0.1153 0.4800 -0.8697
vn 0.0337 0.4279 -0.9032
vn -0.0503 0.6323 -0.7731
vn 0.0105 0.6229 -0.7822
vn -0.1510 0.7278 -0.6690
vn -0.1879 0.9178 -0.3497
vn -0.1959 0.8930 -0.4051
vn -0.1299 0.7769 -0.6161
vn -0.1191 0.9904 -0.0697
vn -0.1630 0.9865 -0.0147
vn -0.0934 0.9377 0.3347
vn -0.0180 0.9595 0.2811
vn -0.0462 0.7946 0.6054
vn 0.1150 0.7911 0.6008
vn 0.0529 0.7200 0.6919
vn -0.1172 0.6969 0.7076
vn -0.1215 0.7932 0.5967
vn -0.0726 0.7406 0.6680
vn -0.2970 0.6478 0.7016
vn -0.2986 0.6642 0.6853
vn -0.4840 0.6105 0.6270
vn -0.4828 0.7201 0.4983
vn -0.2823 0.7722 0.5692
vn -0.6564 0.6287 0.4170
vn -0.6676 0.5286 0.5243
vn -0.5166 0.5007 0.6946
vn -0.5704 0.3687 0.7339
vn -0.2346 0.6699 0.7044
vn -0.1142 0.8027 0.5854
vn -0.0551 0.7722 0.6330
vn -0.2405 0.6721 0.7003
vn -0.2465 0.6229 0.7425
vn -0.2190 0.5246 0.8227
vn -0.1443 0.4685 0.8716
vn -0.0317 0.7136 0.6998
vn -0.1126 0.4870 0.8661
vn -0.0439 0.6418 0.7656
vn -0.0329 0.5239 0.8512
vn 0.1725 0.4669 0.8673
vn -0.0120 0.5665 0.8240
vn 0.1668 0.5293 0.8319
vn 0.1647 0.0544 0.9848
vn 0.0654 0.1703 0.9832
vn 0.1861 0.4175 0.8894
vn 0.0571 -0.3091 0.9493
vn -0.1683 0.3080 0.9364
vn -0.1098 -0.1589 0.9812
vn -0.2433 0.4568 0.8557
vn -0.3029 -0.0249 0.9527
vn -0.4470 0.0546 0.8929
vn -0.3595 -0.1120 0.9264
vn -0.2497 -0.2364 0.9390
vn -0.3446 -0.1680 0.9236
vn -0.0486 -0.3767 0.9250
vn -0.3721 -0.1817 0.9102
vn -0.4411 -0.0826 0.8936
vn -0.3736 -0.3008 0.8775
vn 0.1363 -0.3409 0.9302
vn 0.0411 0.0318 0.9986
vn 0.1544 0.0736 0.9853
vn -0.0017 0.4577 0.8891
vn -0.0253 0.4203 0.9070
vn 0.0070 0.5224 0.8527
vn -0.0314 0.5308 0.8469
vn 0.2044 0.5319 0.8217
vn 0.2041 0.5356 0.8194
vn 0.2464 0.5885 0.7700
vn 0.2765 0.5184 0.8092
vn 0.2999 0.6375 0.7097
vn 0.3132 0.5287 0.7889
vn 0.6144 0.3480 0.7081
vn 0.5511 0.2922 0.7816
vn 0.3189 0.6840 0.6561
vn 0.4718 0.2261 0.8522
vn 0.5718 0.3952 0.7189
vn 0.2121 0.6383 0.7400
vn 0.3135 0.5889 0.7449
vn 0.1939 0.6112 0.7674
vn -0.0530 0.5910 0.8049
vn 0.1252 0.5765 0.8075
vn 0.0423 0.6316 0.7741
vn -0.2898 0.5577 0.7778
vn -0.2340 0.8296 0.5070
vn 0.0809 0.8927 0.4433
vn 0.3851 0.8692 0.3101
vn 0.3705 0.6609 0.6527
vn 0.6526 0.7507 0.1029
vn 0.5188 0.7999 -0.3017
vn 0.7419 0.6644 -0.0903
vn 0.8319 0.5021 0.2364
vn 0.6528 0.6026 0.4591
vn 0.7507 0.4597 0.4745
vn 0.9144 0.3541 0.1961
vn 0.9033 0.4267 -0.0442
vn 0.7621 0.5939 -0.2580
vn 0.9029 0.2728 -0.3323
vn 0.8291 0.2760 0.4862
vn 0.7779 0.1303 0.6147
vn 0.7666 0.0018 0.6421
vn 0.7029 0.0365 0.7104
vn 0.4442 0.4990 0.7441
vn 0.3936 0.1694 0.9036
vn 0.1653 0.5470 0.8206
vn -0.2795 0.5978 0.7514
vn -0.7983 0.5448 0.2568
vn -0.6369 0.7383 0.2218
vn -0.7477 0.6545 0.1123
vn -0.4846 0.8257 0.2888
vn -0.6707 0.7334 -0.1109
vn -0.5707 0.8209 -0.0190
vn -0.4503 0.8925 0.0251
vn -0.5251 0.7718 -0.3586
vn -0.8261 0.5070 -0.2459
vn -0.4378 0.8514 -0.2890
vn -0.6875 0.5313 -0.4950
vn -0.3731 0.7550 -0.5392
vn -0.2971 0.8179 -0.4926
vn -0.1623 0.7571 -0.6328
vn -0.2476 0.7119 -0.6572
vn -0.2427 0.8310 -0.5005
vn -0.0970 0.7485 -0.6561
vn -0.1825 0.8180 -0.5455
vn -0.0478 0.6898 -0.7224
vn -0.2502 0.9162 -0.3132
vn -0.2949 0.9554 0.0135
vn -0.3485 0.8927 -0.2856
vn -0.2846 0.9027 0.3227
vn 0.6668 -0.2507 -0.7018
vn 0.6654 -0.1638 -0.7283
vn 0.6209 0.0758 -0.7802
vn 0.5278 -0.1678 -0.8327
vn 0.3465 0.3621 -0.8653
vt 0.771211 0.982339
vt 0.756527 0.916198
vt 0.673119 0.977502
vt 0.676133 0.917925
vt 0.937864 0.682303
vt 0.940606 0.761461
vt 0.830826 0.761080
vt 0.835096 0.666106
vt 0.811714 0.377470
vt 0.806715 0.355512
vt 0.954146 0.359361
vt 0.957146 0.385517
vt 0.836044 0.638466
vt 0.839406 0.543752
vt 0.959858 0.546142
vt 0.960530 0.635414
vt 0.685457 0.381426
vt 0.691387 0.358537
vt 0.693579 0.632823
vt 0.681872 0.546042
vt 0.832812 0.501332
vt 0.826711 0.443342
vt 0.962175 0.441492
vt 0.961491 0.498982
vt 0.677309 0.497642
vt 0.678253 0.444802
vt 0.679528 0.404315
vt 0.816713 0.399427
vt 0.960145 0.411672
vt 0.259126 0.950653
vt 0.406839 0.951756
vt 0.406768 0.902097
vt 0.259126 0.907444
vt 0.259126 0.844011
vt 0.396913 0.838116
vt 0.397009 0.750824
vt 0.259126 0.758438
vt 0.383793 0.657978
vt 0.259126 0.664169
vt 0.370327 0.588098
vt 0.259126 0.588098
vt 0.491227 0.664825
vt 0.491227 0.588098
vt 0.491227 0.756187
vt 0.491227 0.842966
vt 0.491227 0.959150
vt 0.491227 0.912863
vt 0.259126 0.996543
vt 0.399720 0.998128
vt 0.491227 0.998840
vt 0.114039 0.260669
vt 0.009987 0.232895
vt 0.013625 0.146995
vt 0.123307 0.165291
vt 0.238654 0.241264
vt 0.239298 0.155365
vt 0.233569 0.361306
vt 0.122183 0.373328
vt 0.228918 0.513371
vt 0.128174 0.514963
vt 0.230952 0.671254
vt 0.122621 0.633364
vt 0.240262 0.760303
vt 0.238844 0.845272
vt 0.126121 0.865546
vt 0.128139 0.775030
vt 0.022488 0.864362
vt 0.024830 0.757584
vt 0.016366 0.648540
vt 0.013724 0.505002
vt 0.004903 0.352937
vt 0.130996 0.981003
vt 0.027066 0.994354
vt 0.244248 0.975084
vt 0.231894 0.082750
vt 0.129913 0.082366
vt 0.136518 0.001224
vt 0.234970 0.010136
vt 0.016701 0.074381
vt 0.019777 0.003244
vt 0.444785 0.521804
vt 0.443360 0.494652
vt 0.488797 0.500571
vt 0.485698 0.527563
vt 0.450066 0.579207
vt 0.443623 0.552414
vt 0.486314 0.558636
vt 0.488374 0.577810
vt 0.407764 0.515602
vt 0.409657 0.498367
vt 0.418663 0.568970
vt 0.412789 0.547423
vt 0.443776 0.539430
vt 0.485752 0.544582
vt 0.407238 0.531723
vt 0.492000 0.832256
vt 0.492000 0.791329
vt 0.398934 0.793770
vt 0.398934 0.836757
vt 0.398934 0.878815
vt 0.492000 0.874298
vt 0.398934 0.922713
vt 0.492000 0.917946
vt 0.398934 0.945043
vt 0.492000 0.938813
vt 0.398934 0.966480
vt 0.398934 0.979613
vt 0.492000 0.973827
vt 0.492000 0.959081
vt 0.260822 0.792854
vt 0.260822 0.840904
vt 0.260822 0.882861
vt 0.260822 0.927110
vt 0.260822 0.950781
vt 0.260822 0.973071
vt 0.260822 0.985070
vt 0.398934 0.992855
vt 0.491999 0.988554
vt 0.260822 0.997288
vt 0.466670 0.644820
vt 0.381380 0.644820
vt 0.381380 0.617900
vt 0.466670 0.617900
vt 0.466670 0.959534
vt 0.381380 0.959534
vt 0.381380 0.935162
vt 0.466670 0.935162
vt 0.466670 0.993809
vt 0.381380 0.993809
vt 0.280590 0.993809
vt 0.280590 0.959534
vt 0.280590 0.935162
vt 0.466670 0.788420
vt 0.381380 0.788420
vt 0.381380 0.732780
vt 0.466670 0.732780
vt 0.466670 0.910345
vt 0.381380 0.910345
vt 0.381380 0.880520
vt 0.466670 0.880520
vt 0.280590 0.910345
vt 0.280590 0.880520
vt 0.466670 0.850695
vt 0.381380 0.850695
vt 0.280590 0.850695
vt 0.280590 0.788420
vt 0.280590 0.732780
vt 0.381380 0.685590
vt 0.466670 0.685590
vt 0.280590 0.685590
vt 0.280590 0.644820
vt 0.280590 0.617900
vt 0.756850 0.841703
vt 0.761170 0.904520
vt 0.832613 0.903283
vt 0.832851 0.837666
vt 0.832851 0.718654
vt 0.756974 0.720421
vt 0.755520 0.797116
vt 0.829087 0.794022
vt 0.925097 0.834946
vt 0.926243 0.901343
vt 0.923397 0.731508
vt 0.925810 0.794323
vt 0.768909 0.974294
vt 0.833248 0.975667
vt 0.926101 0.967903
vt 0.689020 0.733331
vt 0.684295 0.800247
vt 0.681413 0.843910
vt 0.688324 0.904089
vt 0.706527 0.969597
vt 0.478130 0.635990
vt 0.478130 0.611470
vt 0.381490 0.611470
vt 0.381490 0.635990
vt 0.478130 0.907260
vt 0.478130 0.868460
vt 0.381490 0.868460
vt 0.381490 0.907260
vt 0.478130 0.991640
vt 0.478130 0.961103
vt 0.381490 0.961103
vt 0.381490 0.991640
vt 0.284960 0.961103
vt 0.284960 0.991640
vt 0.478130 0.937191
vt 0.381490 0.937191
vt 0.284960 0.937191
vt 0.284960 0.907260
vt 0.284960 0.868460
vt 0.478130 0.768570
vt 0.478130 0.717990
vt 0.381490 0.717990
vt 0.381490 0.768570
vt 0.478130 0.820830
vt 0.381490 0.820830
vt 0.284960 0.820830
vt 0.284960 0.768570
vt 0.284960 0.717990
vt 0.478130 0.673000
vt 0.381490 0.673000
vt 0.284960 0.673000
vt 0.284960 0.635990
vt 0.284960 0.611470
vt 0.265020 0.698780
vt 0.367960 0.696720
vt 0.367960 0.735400
vt 0.265020 0.739090
vt 0.367960 0.618370
vt 0.367960 0.653440
vt 0.265020 0.656350
vt 0.265020 0.618370
vt 0.378630 0.654450
vt 0.269250 0.659960
vt 0.269250 0.612170
vt 0.378630 0.612170
vt 0.378630 0.726530
vt 0.269250 0.736050
vt 0.269250 0.700220
vt 0.378630 0.692580
vt 0.269250 0.805110
vt 0.269250 0.769350
vt 0.378630 0.758860
vt 0.378630 0.793310
vt 0.478300 0.708940
vt 0.478300 0.754120
vt 0.417920 0.762260
vt 0.417920 0.715690
vt 0.417920 0.619610
vt 0.478300 0.613830
vt 0.478300 0.660020
vt 0.417920 0.665570
vt 0.473740 0.612170
vt 0.473740 0.650410
vt 0.473740 0.720800
vt 0.473740 0.687740
vt 0.486980 0.711043
vt 0.260850 0.716083
vt 0.260850 0.685193
vt 0.486980 0.680803
vt 0.486980 0.646373
vt 0.260850 0.649673
vt 0.260850 0.611783
vt 0.486980 0.611593
vt 0.417920 0.809130
vt 0.417920 0.855170
vt 0.291320 0.887170
vt 0.291320 0.829440
vt 0.291320 0.777610
vt 0.291320 0.728370
vt 0.291320 0.628010
vt 0.291320 0.677150
vt 0.460470 0.846910
vt 0.367960 0.854390
vt 0.367960 0.810280
vt 0.460470 0.805640
vt 0.378630 0.835860
vt 0.269250 0.848120
vt 0.478300 0.798600
vt 0.367960 0.771570
vt 0.265020 0.779110
vt 0.473740 0.752600
vt 0.486980 0.741643
vt 0.260850 0.745423
vt 0.378630 0.963296
vt 0.269250 0.965093
vt 0.269250 0.932230
vt 0.378630 0.926950
vt 0.378630 0.992413
vt 0.269250 0.992413
vt 0.367960 0.996501
vt 0.367960 0.959294
vt 0.460470 0.950152
vt 0.460470 0.996501
vt 0.367960 0.929750
vt 0.460470 0.922320
vt 0.291320 0.935101
vt 0.417920 0.898250
vt 0.478300 0.845810
vt 0.478300 0.889660
vt 0.460470 0.618370
vt 0.460470 0.650720
vt 0.460470 0.695710
vt 0.460470 0.734670
vt 0.460470 0.769600
vt 0.265020 0.823310
vt 0.265020 0.869430
vt 0.473740 0.963371
vt 0.473740 0.992413
vt 0.260850 0.949167
vt 0.486980 0.944708
vt 0.486980 0.986142
vt 0.260850 0.982384
vt 0.260850 0.907353
vt 0.486980 0.896703
vt 0.473740 0.923260
vt 0.486980 0.771163
vt 0.260850 0.776713
vt 0.473740 0.786810
vt 0.473740 0.828080
vt 0.260850 0.860193
vt 0.486980 0.850243
vt 0.265020 0.996501
vt 0.265020 0.954008
vt 0.265020 0.932340
vt 0.260850 0.814733
vt 0.486980 0.805893
vt 0.417920 0.963607
vt 0.478300 0.967284
vt 0.478300 0.996557
vt 0.417920 0.995964
vt 0.378630 0.882940
vt 0.473740 0.875750
vt 0.269250 0.892600
vt 0.460470 0.888380
vt 0.367960 0.895730
vt 0.478300 0.943103
vt 0.417920 0.946198
vt 0.417920 0.928841
vt 0.291320 0.955951
vt 0.265020 0.905700
vt 0.478300 0.919490
vt 0.291320 0.991518
vt 0.749883 0.843825
vt 0.749589 0.881554
vt 0.834206 0.878482
vt 0.837212 0.839146
vt 0.828162 0.667402
vt 0.747682 0.673754
vt 0.748836 0.765896
vt 0.833505 0.762174
vt 0.944752 0.837628
vt 0.944752 0.878202
vt 0.944752 0.683961
vt 0.944752 0.763163
vt 0.749883 0.819623
vt 0.837212 0.814944
vt 0.944752 0.813426
vt 0.831199 0.917818
vt 0.749295 0.919282
vt 0.757073 0.961498
vt 0.834488 0.961544
vt 0.944752 0.918776
vt 0.944752 0.959243
vt 0.747682 0.697957
vt 0.673616 0.710733
vt 0.673616 0.794901
vt 0.748836 0.790098
vt 0.673616 0.849003
vt 0.673616 0.885178
vt 0.673616 0.921353
vt 0.673616 0.960422
vt 0.764851 0.998031
vt 0.673616 0.994577
vt 0.837777 0.999163
vt 0.944752 0.994570
vt 0.755193 0.839884
vt 0.841201 0.835205
vt 0.838240 0.874541
vt 0.754903 0.877612
vt 0.832287 0.687662
vt 0.837550 0.782435
vt 0.754162 0.786156
vt 0.753026 0.694015
vt 0.947114 0.833686
vt 0.947114 0.874260
vt 0.947114 0.704222
vt 0.947114 0.783423
vt 0.835279 0.913877
vt 0.838518 0.957816
vt 0.762273 0.957633
vt 0.754612 0.915343
vt 0.947114 0.914834
vt 0.947114 0.955396
vt 0.680080 0.790960
vt 0.680080 0.706791
vt 0.680080 0.845061
vt 0.680080 0.881236
vt 0.680080 0.956586
vt 0.680080 0.917412
vt 0.947114 0.990995
vt 0.841757 0.996023
vt 0.769934 0.994456
vt 0.680080 0.991003
vt 0.743174 0.838747
vt 0.742555 0.913301
vt 0.828655 0.911855
vt 0.834977 0.834124
vt 0.825464 0.688346
vt 0.740860 0.694623
vt 0.742073 0.785662
vt 0.831080 0.781985
vt 0.949072 0.832624
vt 0.953835 0.912801
vt 0.952536 0.704708
vt 0.950915 0.782962
vt 0.832113 0.955284
vt 0.750732 0.955111
vt 0.758909 0.991676
vt 0.835571 0.993225
vt 0.953613 0.952908
vt 0.953390 0.988257
vt 0.658558 0.707247
vt 0.652224 0.790408
vt 0.648179 0.843862
vt 0.657865 0.915347
vt 0.670601 0.954191
vt 0.683336 0.988264
vt 0.566750 0.645348
vt 0.591229 0.644460
vt 0.590359 0.655839
vt 0.566665 0.656263
vt 0.589481 0.590398
vt 0.591026 0.617814
vt 0.566532 0.618891
vt 0.566198 0.592235
vt 0.623209 0.644379
vt 0.623209 0.656117
vt 0.623209 0.595188
vt 0.623209 0.618100
vt 0.592099 0.633080
vt 0.566835 0.634434
vt 0.623209 0.632641
vt 0.592262 0.681547
vt 0.571165 0.681047
vt 0.623209 0.679943
vt 0.544772 0.620281
vt 0.544772 0.595932
vt 0.544772 0.635932
vt 0.544772 0.656862
vt 0.544772 0.646397
vt 0.544772 0.679946
vt 0.744442 0.833461
vt 0.832662 0.828904
vt 0.826587 0.881604
vt 0.743847 0.883029
vt 0.823520 0.685235
vt 0.828917 0.777520
vt 0.743384 0.781143
vt 0.742219 0.691421
vt 0.942304 0.827426
vt 0.946881 0.882536
vt 0.945633 0.701360
vt 0.944076 0.778482
vt 0.827737 0.935737
vt 0.830485 0.969023
vt 0.754547 0.968106
vt 0.749532 0.935608
vt 0.944493 0.933504
vt 0.945473 0.965212
vt 0.657042 0.785821
vt 0.663129 0.703861
vt 0.653155 0.838502
vt 0.662463 0.885045
vt 0.679734 0.965831
vt 0.672528 0.934762
vt 0.946453 0.993496
vt 0.833233 0.998393
vt 0.759563 0.996866
vt 0.686940 0.993503
vt 0.937948 0.848556
vt 0.842765 0.852608
vt 0.842765 0.813917
vt 0.937948 0.811720
vt 0.937948 0.886395
vt 0.842765 0.890460
vt 0.842765 0.910217
vt 0.937948 0.906038
vt 0.937948 0.925681
vt 0.842765 0.929971
vt 0.937948 0.961537
vt 0.842765 0.967889
vt 0.937948 0.986308
vt 0.842765 0.990037
vt 0.701511 0.856340
vt 0.701511 0.813094
vt 0.701511 0.894104
vt 0.701511 0.914015
vt 0.701511 0.933928
vt 0.701511 0.974027
vt 0.701511 0.993879
vt 0.638983 0.829332
vt 0.588964 0.832860
vt 0.588964 0.799180
vt 0.638983 0.797269
vt 0.638982 0.862270
vt 0.588964 0.865810
vt 0.638982 0.896466
vt 0.588964 0.900202
vt 0.638982 0.909231
vt 0.588964 0.915377
vt 0.588964 0.929950
vt 0.638983 0.922340
vt 0.638982 0.954220
vt 0.588964 0.957798
vt 0.514736 0.836108
vt 0.514736 0.798463
vt 0.514736 0.868978
vt 0.514736 0.903645
vt 0.514736 0.921244
vt 0.514736 0.937368
vt 0.514736 0.961485
vt 0.251100 0.691749
vt 0.144240 0.691749
vt 0.144240 0.618710
vt 0.251100 0.618710
vt 0.251100 0.868271
vt 0.144240 0.868271
vt 0.144240 0.837581
vt 0.251100 0.837581
vt 0.144240 0.976280
vt 0.144240 0.912709
vt 0.251100 0.912709
vt 0.251100 0.976280
vt 0.017960 0.976280
vt 0.017960 0.912709
vt 0.017960 0.868271
vt 0.017960 0.837581
vt 0.251100 0.806891
vt 0.144240 0.806891
vt 0.144240 0.753418
vt 0.251100 0.753418
vt 0.017960 0.806891
vt 0.017960 0.753418
vt 0.017960 0.691749
vt 0.017960 0.618710
vt 0.144240 0.509620
vt 0.251100 0.509620
vt 0.017960 0.509620
vt 0.144240 0.383890
vt 0.251100 0.383890
vt 0.017960 0.383890
vt 0.017960 0.897896
vt 0.017960 0.883084
vt 0.144240 0.883084
vt 0.144240 0.897896
vt 0.251100 0.897896
vt 0.251100 0.883084
vt 0.964598 0.726617
vt 0.845358 0.734002
vt 0.845358 0.663477
vt 0.964598 0.659473
vt 0.964598 0.761104
vt 0.964598 0.795591
vt 0.845358 0.803001
vt 0.845358 0.768501
vt 0.964598 0.867200
vt 0.845359 0.875020
vt 0.964598 0.935643
vt 0.845358 0.948159
vt 0.845358 0.969358
vt 0.964598 0.960080
vt 0.964598 0.982779
vt 0.845358 0.989574
vt 0.668405 0.740804
vt 0.668405 0.661975
vt 0.668405 0.809639
vt 0.668405 0.775221
vt 0.668405 0.882232
vt 0.668405 0.958703
vt 0.668405 0.977274
vt 0.668405 0.996578
vt 0.750782 0.829426
vt 0.839440 0.825189
vt 0.833335 0.896431
vt 0.750185 0.897756
vt 0.830253 0.691582
vt 0.832965 0.734492
vt 0.749133 0.739053
vt 0.748548 0.697334
vt 0.949626 0.823814
vt 0.954226 0.897298
vt 0.952972 0.706577
vt 0.952189 0.742438
vt 0.835677 0.777403
vt 0.749719 0.780773
vt 0.951406 0.778298
vt 0.840014 0.990046
vt 0.765979 0.988627
vt 0.953796 0.985493
vt 0.666007 0.747014
vt 0.669065 0.708904
vt 0.666742 0.834114
vt 0.662949 0.785123
vt 0.668396 0.899631
vt 0.677595 0.985499
vt 0.494867 0.677228
vt 0.399128 0.685892
vt 0.399128 0.603149
vt 0.494867 0.598451
vt 0.494867 0.758152
vt 0.399128 0.766847
vt 0.494867 0.842167
vt 0.399128 0.851343
vt 0.494867 0.882336
vt 0.399128 0.894385
vt 0.399128 0.937428
vt 0.494867 0.922506
vt 0.494867 0.953283
vt 0.399128 0.964215
vt 0.257048 0.693874
vt 0.257048 0.601386
vt 0.257048 0.774635
vt 0.257048 0.859804
vt 0.257048 0.905889
vt 0.257048 0.951694
vt 0.257048 0.974901
vt 0.399128 0.976896
vt 0.494866 0.968671
vt 0.494866 0.984060
vt 0.399128 0.989671
vt 0.257048 0.986446
vt 0.257048 0.998205
vt 0.757010 0.818610
vt 0.841420 0.813788
vt 0.838514 0.854335
vt 0.756725 0.857500
vt 0.832673 0.661700
vt 0.837837 0.759392
vt 0.755997 0.763229
vt 0.754882 0.668249
vt 0.946328 0.812222
vt 0.948517 0.854046
vt 0.949513 0.678771
vt 0.948023 0.760411
vt 0.835608 0.894882
vt 0.838787 0.940527
vt 0.763959 0.940372
vt 0.756440 0.896391
vt 0.950707 0.895870
vt 0.950502 0.938148
vt 0.675395 0.768180
vt 0.674748 0.681419
vt 0.671665 0.823947
vt 0.672888 0.861236
vt 0.673419 0.939427
vt 0.674111 0.898525
vt 0.950298 0.976093
vt 0.841966 0.981276
vt 0.771477 0.979660
vt 0.672727 0.976101
vt 0.761396 0.831692
vt 0.833834 0.914977
vt 0.843822 0.827790
vt 0.830968 0.660512
vt 0.755005 0.665811
vt 0.759329 0.755605
vt 0.839246 0.752501
vt 0.946266 0.826523
vt 0.946228 0.915776
vt 0.945062 0.674325
vt 0.946842 0.753325
vt 0.840043 0.983647
vt 0.945828 0.979452
vt 0.676755 0.676467
vt 0.674303 0.759611
vt 0.671739 0.836011
vt 0.754925 0.853261
vt 0.754647 0.884729
vt 0.834514 0.882168
vt 0.837352 0.849359
vt 0.828811 0.659434
vt 0.752848 0.664733
vt 0.753937 0.808449
vt 0.833854 0.805345
vt 0.939795 0.848092
vt 0.941933 0.881934
vt 0.942905 0.673247
vt 0.941450 0.806169
vt 0.831677 0.915046
vt 0.754370 0.916206
vt 0.761712 0.951187
vt 0.834781 0.951328
vt 0.944071 0.915776
vt 0.943871 0.949352
vt 0.674598 0.675389
vt 0.668911 0.812455
vt 0.672968 0.857580
vt 0.669622 0.887753
vt 0.676427 0.950341
vt 0.673976 0.917925
vt 0.673744 0.979459
vt 0.769054 0.982339
vt 0.837886 0.983647
vt 0.943671 0.979452
vt 0.742864 0.876024
vt 0.831816 0.872990
vt 0.951454 0.872712
vt 0.653022 0.879605
vt 0.953724 0.933145
vt 0.830384 0.933792
vt 0.746644 0.934429
vt 0.664233 0.935047
vt 0.239023 0.802808
vt 0.122264 0.806780
vt 0.120998 0.846448
vt 0.240761 0.844578
vt 0.241551 0.586998
vt 0.117949 0.573219
vt 0.119195 0.662590
vt 0.240960 0.669030
vt 0.240368 0.751062
vt 0.120441 0.751961
vt 0.242499 0.886349
vt 0.119732 0.886117
vt 0.123978 0.931037
vt 0.242336 0.928745
vt 0.023480 0.589642
vt 0.021169 0.674231
vt 0.018858 0.758821
vt 0.022155 0.814519
vt 0.019436 0.851760
vt 0.024967 0.930075
vt 0.022975 0.889002
vt 0.120365 0.866282
vt 0.021205 0.870381
vt 0.241630 0.865464
vt 0.022786 0.971149
vt 0.128223 0.975958
vt 0.242173 0.971140
vt 0.328259 0.785941
vt 0.332518 0.885100
vt 0.402955 0.883147
vt 0.403189 0.779569
vt 0.403189 0.591702
vt 0.328381 0.594492
vt 0.326947 0.715558
vt 0.399479 0.710674
vt 0.494136 0.775275
vt 0.495266 0.880085
vt 0.492460 0.611994
vt 0.494839 0.711150
vt 0.340148 0.991925
vt 0.403580 0.993966
vt 0.495126 0.982423
vt 0.261384 0.614871
vt 0.256726 0.720500
vt 0.253884 0.789425
vt 0.260698 0.884420
vt 0.278644 0.984940
vt 0.751288 0.860745
vt 0.753739 0.900323
vt 0.834827 0.898766
vt 0.834962 0.857422
vt 0.748978 0.668331
vt 0.747327 0.764980
vt 0.940446 0.854486
vt 0.941097 0.896320
vt 0.748838 0.821167
vt 0.835096 0.816078
vt 0.939796 0.812652
vt 0.762524 0.982879
vt 0.835549 0.984449
vt 0.940936 0.975574
vt 0.671853 0.684598
vt 0.666489 0.768925
vt 0.663218 0.823946
vt 0.667140 0.861864
vt 0.671061 0.899782
vt 0.691722 0.977509
vt 0.928650 0.830648
vt 0.929286 0.869058
vt 0.785260 0.873279
vt 0.784129 0.836129
vt 0.926763 0.710971
vt 0.929442 0.783648
vt 0.781301 0.785088
vt 0.784196 0.697119
vt 0.929922 0.907468
vt 0.929843 0.945509
vt 0.788715 0.951037
vt 0.786392 0.910429
vt 0.661456 0.790500
vt 0.666697 0.713078
vt 0.658258 0.841018
vt 0.662091 0.875832
vt 0.676024 0.948029
vt 0.665925 0.910645
vt 0.929764 0.979458
vt 0.791039 0.986885
vt 0.686123 0.981237
vt 0.490737 0.775134
vt 0.364963 0.782574
vt 0.366933 0.883421
vt 0.491844 0.879403
vt 0.489093 0.599748
vt 0.365023 0.580949
vt 0.362503 0.713294
vt 0.491426 0.711338
vt 0.367944 0.911328
vt 0.491809 0.905535
vt 0.262769 0.602609
vt 0.258206 0.720640
vt 0.255423 0.789209
vt 0.262096 0.883717
vt 0.266490 0.909436
vt 0.370978 0.991740
vt 0.368955 0.939232
vt 0.270885 0.935165
vt 0.279674 0.983776
vt 0.491775 0.931668
vt 0.491706 0.983933
vt 0.949626 0.810609
vt 0.954226 0.897181
vt 0.791760 0.896940
vt 0.795111 0.814725
vt 0.952580 0.693616
vt 0.952189 0.714740
vt 0.791049 0.708066
vt 0.790225 0.683141
vt 0.951406 0.756987
vt 0.792698 0.757918
vt 0.954011 0.940913
vt 0.797378 0.943312
vt 0.666007 0.720131
vt 0.667536 0.697682
vt 0.659042 0.822744
vt 0.662949 0.765028
vt 0.668396 0.899929
vt 0.680696 0.942274
vt 0.951797 0.735863
vt 0.791874 0.732992
vt 0.664478 0.742579
vt 0.789400 0.658215
vt 0.669065 0.675234
vt 0.952972 0.672493
vt 0.953796 0.979974
vt 0.802997 0.984502
vt 0.692995 0.979981
vt 0.489106 0.795869
vt 0.489106 0.764619
vt 0.382246 0.764619
vt 0.382246 0.795869
vt 0.489106 0.911725
vt 0.489106 0.891182
vt 0.382246 0.891182
vt 0.382246 0.911725
vt 0.382246 0.990811
vt 0.489106 0.990811
vt 0.489106 0.931556
vt 0.382246 0.931556
vt 0.255966 0.990811
vt 0.255966 0.931556
vt 0.255966 0.891182
vt 0.255966 0.911725
vt 0.489106 0.870638
vt 0.489106 0.826518
vt 0.382246 0.826518
vt 0.382246 0.870638
vt 0.255966 0.826518
vt 0.255966 0.870638
vt 0.255966 0.795869
vt 0.255966 0.764619
vt 0.489106 0.733368
vt 0.489106 0.681680
vt 0.382246 0.681680
vt 0.382246 0.733368
vt 0.255966 0.681680
vt 0.255966 0.733368
vt 0.489106 0.597517
vt 0.382246 0.597517
vt 0.255966 0.597517
vt 0.944592 0.866935
vt 0.786885 0.868704
vt 0.788552 0.831183
vt 0.944854 0.739921
vt 0.784510 0.733830
vt 0.782869 0.688328
vt 0.943190 0.802954
vt 0.787351 0.805257
vt 0.786151 0.779332
vt 0.946881 0.906444
vt 0.946667 0.946118
vt 0.790808 0.948332
vt 0.785217 0.906225
vt 0.672892 0.744841
vt 0.675935 0.703861
vt 0.667905 0.812162
vt 0.669848 0.785821
vt 0.670615 0.873728
vt 0.665961 0.838502
vt 0.674702 0.947297
vt 0.671610 0.908953
vt 0.943448 0.847181
vt 0.787718 0.849943
vt 0.676376 0.744841
vt 0.679420 0.703861
vt 0.671389 0.812162
vt 0.673333 0.785821
vt 0.671773 0.856115
vt 0.669446 0.838502
vt 0.946881 0.991179
vt 0.785217 0.990980
vt 0.678754 0.993455
vt 0.674100 0.873728
vt 0.331914 0.815995
vt 0.400330 0.810651
vt 0.400116 0.897500
vt 0.335802 0.899135
vt 0.400330 0.653132
vt 0.396942 0.752886
vt 0.330715 0.756982
vt 0.332025 0.655471
vt 0.483371 0.807052
vt 0.484403 0.894931
vt 0.481840 0.670146
vt 0.484014 0.753286
vt 0.400687 0.990098
vt 0.342769 0.988386
vt 0.484276 0.983027
vt 0.266600 0.761126
vt 0.270853 0.672557
vt 0.264005 0.818916
vt 0.270226 0.898566
vt 0.286612 0.982531
vt 0.367959 0.898318
vt 0.366122 0.813323
vt 0.363828 0.754934
vt 0.366177 0.654301
vt 0.484340 0.938979
vt 0.369843 0.945296
vt 0.278419 0.941874
vt 0.371728 0.989242
vt 0.832961 0.713593
vt 0.748152 0.716655
vt 0.939235 0.721882
vt 0.669171 0.726761
vt 0.497864 0.623707
vt 0.390839 0.623707
vt 0.390839 0.592991
vt 0.497864 0.592991
vt 0.497864 0.955874
vt 0.390839 0.955874
vt 0.390839 0.908198
vt 0.497864 0.908198
vt 0.497864 0.992713
vt 0.390839 0.992713
vt 0.264364 0.992713
vt 0.264364 0.955874
vt 0.264364 0.908198
vt 0.497864 0.787558
vt 0.390839 0.787558
vt 0.390839 0.724071
vt 0.497864 0.724071
vt 0.390839 0.852151
vt 0.497864 0.852151
vt 0.264364 0.852151
vt 0.264364 0.787558
vt 0.264364 0.724071
vt 0.390839 0.670227
vt 0.497864 0.670227
vt 0.264364 0.670227
vt 0.264364 0.623707
vt 0.264364 0.592991
vt 0.390839 0.974431
vt 0.497864 0.974431
vt 0.264364 0.974431
vt 0.243882 0.086720
vt 0.243882 0.030320
vt 0.131541 0.030320
vt 0.131541 0.086720
vt 0.243882 0.710590
vt 0.243882 0.621360
vt 0.131541 0.621360
vt 0.131541 0.710590
vt 0.243882 0.911463
vt 0.243882 0.844444
vt 0.131541 0.844444
vt 0.131541 0.911463
vt 0.131541 0.976847
vt 0.243882 0.976847
vt 0.019318 0.976847
vt 0.019318 0.911463
vt 0.019318 0.844444
vt 0.243882 0.779739
vt 0.131541 0.779739
vt 0.019318 0.779739
vt 0.019318 0.710590
vt 0.019318 0.621360
vt 0.243882 0.333470
vt 0.243882 0.275310
vt 0.131541 0.275310
vt 0.131541 0.333470
vt 0.243882 0.511830
vt 0.131541 0.511830
vt 0.019318 0.511830
vt 0.243882 0.391630
vt 0.131541 0.391630
vt 0.019318 0.391630
vt 0.019318 0.275310
vt 0.019318 0.333470
vt 0.243882 0.171830
vt 0.131541 0.171830
vt 0.019318 0.171830
vt 0.019318 0.086720
vt 0.019318 0.030320
vt 0.495880 0.618218
vt 0.376452 0.618218
vt 0.376452 0.592332
vt 0.495880 0.592332
vt 0.495880 0.904607
vt 0.376452 0.904607
vt 0.376452 0.863645
vt 0.495880 0.863645
vt 0.495880 0.993745
vt 0.376452 0.993745
vt 0.376452 0.961540
vt 0.495880 0.961540
vt 0.257161 0.993745
vt 0.257161 0.961540
vt 0.376452 0.936205
vt 0.495880 0.936205
vt 0.257161 0.936205
vt 0.257161 0.904607
vt 0.257161 0.863645
vt 0.495880 0.758188
vt 0.376452 0.758188
vt 0.376452 0.731488
vt 0.495880 0.731488
vt 0.376452 0.813360
vt 0.495880 0.813360
vt 0.257161 0.813360
vt 0.257161 0.758188
vt 0.257161 0.731488
vt 0.495880 0.704788
vt 0.376452 0.704788
vt 0.376452 0.657291
vt 0.495880 0.657291
vt 0.257161 0.704788
vt 0.257161 0.657291
vt 0.257161 0.618218
vt 0.257161 0.592332
vt 0.494861 0.629890
vt 0.494861 0.600286
vt 0.390953 0.600286
vt 0.390953 0.629890
vt 0.494861 0.950098
vt 0.494861 0.904084
vt 0.390953 0.904084
vt 0.390953 0.950098
vt 0.494861 0.985842
vt 0.390953 0.985842
vt 0.268162 0.950098
vt 0.268162 0.985842
vt 0.268162 0.904084
vt 0.494861 0.757216
vt 0.494861 0.726622
vt 0.390953 0.726622
vt 0.390953 0.757216
vt 0.494861 0.850065
vt 0.390953 0.850065
vt 0.268162 0.850065
vt 0.494861 0.787810
vt 0.390953 0.787810
vt 0.268162 0.787810
vt 0.268162 0.726622
vt 0.268162 0.757216
vt 0.494861 0.674726
vt 0.390953 0.674726
vt 0.268162 0.674726
vt 0.268162 0.629890
vt 0.268162 0.600286
vt 0.466670 0.760600
vt 0.381380 0.760600
vt 0.280590 0.760600
vt 0.478130 0.743280
vt 0.381490 0.743280
vt 0.478130 0.844645
vt 0.381490 0.844645
vt 0.284960 0.844645
vt 0.284960 0.743280
vt 0.248680 0.063830
vt 0.248680 0.001423
vt 0.131530 0.001423
vt 0.131530 0.063830
vt 0.248680 0.773470
vt 0.248680 0.671970
vt 0.131530 0.671970
vt 0.131530 0.773470
vt 0.248680 0.978060
vt 0.248680 0.915940
vt 0.131530 0.915940
vt 0.131530 0.978060
vt 0.014500 0.915940
vt 0.014500 0.978060
vt 0.248680 0.851770
vt 0.131530 0.851770
vt 0.014500 0.851770
vt 0.014500 0.773470
vt 0.014500 0.671970
vt 0.248680 0.547380
vt 0.131530 0.547380
vt 0.014500 0.547380
vt 0.248680 0.410660
vt 0.131530 0.410660
vt 0.014500 0.410660
vt 0.248680 0.278350
vt 0.248680 0.160630
vt 0.131530 0.160630
vt 0.131530 0.278350
vt 0.014500 0.160630
vt 0.014500 0.278350
vt 0.014500 0.063830
vt 0.014500 0.001423
vt 0.248680 0.311427
vt 0.131530 0.311427
vt 0.014500 0.311427
vt 0.014500 0.361044
vt 0.131530 0.361044
vt 0.248680 0.361044
vt 0.207880 0.086720
vt 0.207880 0.030320
vt 0.131560 0.030320
vt 0.131560 0.086720
vt 0.207880 0.710590
vt 0.207880 0.621360
vt 0.131560 0.621360
vt 0.131560 0.710590
vt 0.207880 0.890450
vt 0.207880 0.835840
vt 0.131560 0.835840
vt 0.131560 0.890450
vt 0.131560 0.985355
vt 0.207880 0.985355
vt 0.055320 0.985355
vt 0.055320 0.890450
vt 0.055320 0.835840
vt 0.207880 0.779420
vt 0.131560 0.779420
vt 0.055320 0.779420
vt 0.055320 0.710590
vt 0.055320 0.621360
vt 0.207880 0.333470
vt 0.207880 0.275310
vt 0.131560 0.275310
vt 0.131560 0.333470
vt 0.207880 0.511830
vt 0.131560 0.511830
vt 0.055320 0.511830
vt 0.207880 0.391630
vt 0.131560 0.391630
vt 0.055320 0.391630
vt 0.055320 0.275310
vt 0.055320 0.333470
vt 0.207880 0.223570
vt 0.207880 0.171830
vt 0.131560 0.171830
vt 0.131560 0.223570
vt 0.055320 0.171830
vt 0.055320 0.223570
vt 0.055320 0.086720
vt 0.055320 0.030320
vt 0.354170 0.934790
vt 0.476030 0.925130
vt 0.476030 0.906180
vt 0.354170 0.913155
vt 0.354170 0.623680
vt 0.476030 0.615550
vt 0.476030 0.599350
vt 0.354170 0.603140
vt 0.354170 0.642260
vt 0.476030 0.633600
vt 0.354170 0.666670
vt 0.476030 0.663890
vt 0.354170 0.693060
vt 0.476030 0.690820
vt 0.354170 0.717960
vt 0.476030 0.719220
vt 0.354170 0.746670
vt 0.476030 0.747380
vt 0.354170 0.771140
vt 0.476030 0.774000
vt 0.354170 0.799140
vt 0.476030 0.801740
vt 0.354170 0.841490
vt 0.476030 0.843370
vt 0.476030 0.865300
vt 0.354170 0.866505
vt 0.354170 0.891520
vt 0.476030 0.887230
vt 0.272140 0.796810
vt 0.272140 0.840070
vt 0.272140 0.769930
vt 0.272140 0.746250
vt 0.272140 0.718680
vt 0.272140 0.695380
vt 0.272140 0.670340
vt 0.272140 0.649090
vt 0.272140 0.627510
vt 0.272140 0.610410
vt 0.272140 0.916970
vt 0.272140 0.938080
vt 0.272140 0.867965
vt 0.272140 0.895860
vt 0.354170 0.967844
vt 0.476030 0.963311
vt 0.272140 0.969371
vt 0.272140 0.998705
vt 0.354170 0.998705
vt 0.476030 0.998705
vt 0.484584 0.610718
vt 0.484584 0.596610
vt 0.382872 0.596610
vt 0.382872 0.610718
vt 0.484584 0.955156
vt 0.484584 0.903132
vt 0.382872 0.903132
vt 0.382872 0.955156
vt 0.484584 0.990955
vt 0.484584 0.954851
vt 0.382872 0.954851
vt 0.382872 0.990955
vt 0.262676 0.954851
vt 0.262676 0.990955
vt 0.262676 0.903132
vt 0.262676 0.955156
vt 0.484584 0.746179
vt 0.484584 0.717020
vt 0.382872 0.717020
vt 0.382872 0.746179
vt 0.484584 0.840611
vt 0.382872 0.840611
vt 0.262676 0.840611
vt 0.484584 0.775338
vt 0.382872 0.775338
vt 0.262676 0.775338
vt 0.262676 0.717020
vt 0.262676 0.746179
vt 0.484584 0.667559
vt 0.382872 0.667559
vt 0.262676 0.667559
vt 0.484584 0.624826
vt 0.382872 0.624826
vt 0.262676 0.624826
vt 0.262676 0.596610
vt 0.262676 0.610718
vt 0.942608 0.833168
vt 0.793554 0.838591
vt 0.795890 0.912081
vt 0.943920 0.909153
vt 0.940663 0.714794
vt 0.793624 0.701093
vt 0.790639 0.788104
vt 0.943425 0.786679
vt 0.800681 0.987573
vt 0.943758 0.980226
vt 0.672441 0.716879
vt 0.667034 0.793458
vt 0.663736 0.843426
vt 0.671645 0.912296
vt 0.692476 0.981984
vt 0.251100 0.712080
vt 0.144240 0.712080
vt 0.144240 0.665395
vt 0.251100 0.665395
vt 0.251100 0.917030
vt 0.144240 0.917030
vt 0.144240 0.886340
vt 0.251100 0.886340
vt 0.144240 0.946655
vt 0.251100 0.946655
vt 0.017960 0.946655
vt 0.017960 0.917030
vt 0.017960 0.886340
vt 0.251100 0.855650
vt 0.144240 0.855650
vt 0.144240 0.789740
vt 0.251100 0.789740
vt 0.017960 0.855650
vt 0.017960 0.789740
vt 0.017960 0.712080
vt 0.017960 0.665395
vt 0.017960 0.931842
vt 0.144240 0.931842
vt 0.251100 0.931842
vt 0.354170 0.934806
vt 0.476030 0.648745
vt 0.354170 0.654465
vt 0.476030 0.733300
vt 0.354170 0.732315
vt 0.272140 0.732465
vt 0.272140 0.659715
vt 0.476030 0.981069
vt 0.354170 0.982774
vt 0.272140 0.983549
vt 0.354170 0.967145
vt 0.272140 0.968682
vt 0.476030 0.760690
vt 0.354170 0.758905
vt 0.272140 0.758090
vt 0.963802 0.362031
vt 0.828236 0.362031
vt 0.828236 0.340311
vt 0.963802 0.340311
vt 0.963802 0.574457
vt 0.828236 0.574457
vt 0.828236 0.544368
vt 0.963802 0.544368
vt 0.963802 0.626673
vt 0.828236 0.626673
vt 0.828236 0.617178
vt 0.963802 0.617178
vt 0.682128 0.626673
vt 0.682128 0.617178
vt 0.828236 0.597769
vt 0.963802 0.597769
vt 0.682128 0.597769
vt 0.682128 0.574457
vt 0.682128 0.544368
vt 0.963802 0.466893
vt 0.828236 0.466893
vt 0.828236 0.426599
vt 0.963802 0.426599
vt 0.828236 0.507606
vt 0.963802 0.507606
vt 0.682128 0.507606
vt 0.682128 0.466893
vt 0.682128 0.426599
vt 0.828236 0.390036
vt 0.963802 0.390036
vt 0.682128 0.390036
vt 0.682128 0.362031
vt 0.682128 0.340311
vt 0.682128 0.368755
vt 0.828236 0.368755
vt 0.828236 0.375478
vt 0.682128 0.375478
vt 0.963802 0.375478
vt 0.963802 0.368755
vt 0.828236 0.636168
vt 0.682128 0.636168
vt 0.963802 0.636168
vt 0.959772 0.360160
vt 0.959772 0.354787
vt 0.831481 0.354787
vt 0.831481 0.360160
vt 0.959772 0.592155
vt 0.959772 0.575369
vt 0.831481 0.575369
vt 0.831481 0.592155
vt 0.959772 0.636862
vt 0.959772 0.608940
vt 0.831481 0.608940
vt 0.831481 0.636862
vt 0.679896 0.608940
vt 0.679896 0.636862
vt 0.679896 0.575369
vt 0.679896 0.592155
vt 0.959772 0.490939
vt 0.959772 0.446517
vt 0.831481 0.446517
vt 0.831481 0.490939
vt 0.959772 0.536146
vt 0.831481 0.536146
vt 0.679896 0.536146
vt 0.679896 0.490939
vt 0.679896 0.446517
vt 0.959772 0.427676
vt 0.959772 0.408835
vt 0.831481 0.408835
vt 0.831481 0.427676
vt 0.679896 0.408835
vt 0.679896 0.427676
vt 0.959772 0.376281
vt 0.831481 0.376281
vt 0.679896 0.376281
vt 0.679896 0.354787
vt 0.679896 0.360160
vt 0.831481 0.365534
vt 0.679896 0.365534
vt 0.959772 0.365534
vt 0.249618 0.057867
vt 0.110662 0.057867
vt 0.110662 0.004292
vt 0.249618 0.004292
vt 0.249618 0.832365
vt 0.110662 0.832365
vt 0.110662 0.749066
vt 0.249618 0.749066
vt 0.011692 0.832365
vt 0.011692 0.749066
vt 0.249618 0.480910
vt 0.110662 0.480910
vt 0.110662 0.362950
vt 0.249618 0.362950
vt 0.249618 0.670628
vt 0.110662 0.670628
vt 0.110662 0.588830
vt 0.249618 0.588830
vt 0.011692 0.670628
vt 0.011692 0.588830
vt 0.249618 0.534870
vt 0.110662 0.534870
vt 0.011692 0.534870
vt 0.011692 0.480910
vt 0.011692 0.362950
vt 0.110662 0.256920
vt 0.249618 0.256920
vt 0.011692 0.256920
vt 0.110662 0.165730
vt 0.249618 0.165730
vt 0.011692 0.165730
vt 0.011692 0.057867
vt 0.011692 0.004292
vt 0.110662 0.128990
vt 0.011692 0.128990
vt 0.249618 0.128990
vt 0.110662 0.561850
vt 0.011692 0.561850
vt 0.249618 0.561850
vt 0.249618 0.974468
vt 0.110662 0.974468
vt 0.011692 0.974468
vt 0.252002 0.060523
vt 0.252002 0.002029
vt 0.130840 0.002029
vt 0.130840 0.060523
vt 0.252002 0.725941
vt 0.252002 0.630768
vt 0.130840 0.630768
vt 0.130840 0.725941
vt 0.252002 0.917779
vt 0.252002 0.859532
vt 0.130840 0.859532
vt 0.130840 0.917779
vt 0.130840 0.980601
vt 0.252002 0.980601
vt 0.009805 0.980601
vt 0.009805 0.917779
vt 0.009805 0.859532
vt 0.252002 0.799355
vt 0.130840 0.799355
vt 0.009805 0.799355
vt 0.009805 0.725941
vt 0.009805 0.630768
vt 0.252002 0.385740
vt 0.252002 0.261673
vt 0.130840 0.261673
vt 0.130840 0.385740
vt 0.252002 0.572356
vt 0.252002 0.513944
vt 0.130840 0.513944
vt 0.130840 0.572356
vt 0.009805 0.513944
vt 0.009805 0.572356
vt 0.009805 0.385740
vt 0.009805 0.261673
vt 0.252002 0.206487
vt 0.252002 0.151302
vt 0.130840 0.151302
vt 0.130840 0.206487
vt 0.009805 0.151302
vt 0.009805 0.206487
vt 0.009805 0.060523
vt 0.009805 0.002029
vt 0.249618 0.754370
vt 0.249618 0.675140
vt 0.110662 0.675140
vt 0.110662 0.754370
vt 0.194770 0.985449
vt 0.249618 0.894260
vt 0.110662 0.894260
vt 0.119880 0.985449
vt 0.011692 0.894260
vt 0.066540 0.985449
vt 0.249618 0.827880
vt 0.110662 0.827880
vt 0.011692 0.827880
vt 0.011692 0.754370
vt 0.011692 0.675140
vt 0.249618 0.631985
vt 0.110662 0.631985
vt 0.011692 0.631985
vt 0.961421 0.342640
vt 0.961421 0.322585
vt 0.820880 0.322585
vt 0.820880 0.342640
vt 0.961421 0.564472
vt 0.961421 0.532744
vt 0.820880 0.532744
vt 0.820880 0.564472
vt 0.961421 0.628426
vt 0.961421 0.609008
vt 0.820880 0.609008
vt 0.820880 0.628426
vt 0.820880 0.638897
vt 0.961421 0.638897
vt 0.680486 0.638897
vt 0.680486 0.628426
vt 0.680486 0.609008
vt 0.961421 0.588946
vt 0.820880 0.588946
vt 0.680486 0.588946
vt 0.680486 0.564472
vt 0.680486 0.532744
vt 0.961421 0.451058
vt 0.961421 0.409697
vt 0.820880 0.409697
vt 0.820880 0.451058
vt 0.961421 0.493798
vt 0.820880 0.493798
vt 0.680486 0.493798
vt 0.961421 0.472428
vt 0.820880 0.472428
vt 0.680486 0.451058
vt 0.680486 0.472428
vt 0.680486 0.409697
vt 0.961421 0.391300
vt 0.961421 0.372903
vt 0.820880 0.372903
vt 0.820880 0.391300
vt 0.680486 0.372903
vt 0.680486 0.391300
vt 0.680486 0.342640
vt 0.680486 0.322585
vt 0.680486 0.649369
vt 0.820880 0.649369
vt 0.961421 0.649369
vt 0.252002 0.323707
vt 0.130840 0.323707
vt 0.009805 0.323707
vt 0.843367 0.395106
vt 0.788875 0.335625
vt 0.987649 0.333052
vt 0.987649 0.378315
vt 0.874107 0.664742
vt 0.795647 0.557924
vt 0.987649 0.550235
vt 0.987649 0.654238
vt 0.655531 0.428227
vt 0.655531 0.360038
vt 0.742391 0.674982
vt 0.667025 0.571221
vt 0.790723 0.451536
vt 0.987649 0.429669
vt 0.655531 0.477247
vt 0.043450 0.968802
vt 0.043450 0.903851
vt 0.124535 0.905231
vt 0.131714 0.998232
vt 0.243240 0.977102
vt 0.243240 0.902136
vt 0.243240 0.144090
vt 0.243240 0.234990
vt 0.132620 0.208650
vt 0.155400 0.133580
vt 0.243240 0.283205
vt 0.127985 0.264650
vt 0.243240 0.331420
vt 0.243240 0.431920
vt 0.124760 0.418520
vt 0.123350 0.320650
vt 0.243240 0.497340
vt 0.127010 0.480125
vt 0.243240 0.562760
vt 0.243240 0.661580
vt 0.125380 0.638540
vt 0.129260 0.541730
vt 0.243240 0.701280
vt 0.243240 0.762527
vt 0.132140 0.747773
vt 0.131335 0.683575
vt 0.243240 0.827170
vt 0.116690 0.805260
vt 0.043450 0.771595
vt 0.043450 0.697200
vt 0.043450 0.645240
vt 0.043450 0.552670
vt 0.043450 0.487735
vt 0.043450 0.422800
vt 0.043450 0.324150
vt 0.043450 0.264680
vt 0.043450 0.205210
vt 0.043450 0.105300
vt 0.043450 0.838900
vt 0.139520 0.017570
vt 0.243240 0.057810
vt 0.043450 0.011350
vt 0.809643 0.376870
vt 0.804644 0.354913
vt 0.952075 0.358762
vt 0.955075 0.384917
vt 0.833973 0.637867
vt 0.837335 0.543153
vt 0.957787 0.545543
vt 0.958459 0.634815
vt 0.683386 0.380827
vt 0.689315 0.357937
vt 0.691508 0.632223
vt 0.679801 0.545443
vt 0.830741 0.500733
vt 0.824640 0.442743
vt 0.960104 0.440893
vt 0.959420 0.498383
vt 0.675238 0.497043
vt 0.676182 0.444203
vt 0.677456 0.403716
vt 0.814642 0.398828
vt 0.958074 0.411073
vt 0.226513 0.144090
vt 0.226513 0.234990
vt 0.115893 0.208650
vt 0.138673 0.133580
vt 0.226513 0.283205
vt 0.111258 0.264650
vt 0.226513 0.331420
vt 0.226513 0.431920
vt 0.108033 0.418520
vt 0.106623 0.320650
vt 0.226513 0.497340
vt 0.110283 0.480125
vt 0.226513 0.562760
vt 0.226513 0.661580
vt 0.108653 0.638540
vt 0.112533 0.541730
vt 0.226513 0.701280
vt 0.226513 0.970750
vt 0.115413 0.955995
vt 0.114608 0.683575
vt 0.026723 0.979818
vt 0.026723 0.697200
vt 0.026723 0.645240
vt 0.026723 0.552670
vt 0.026723 0.487735
vt 0.026723 0.422800
vt 0.026723 0.324150
vt 0.026723 0.264680
vt 0.026723 0.205210
vt 0.026723 0.105300
vt 0.130733 0.075575
vt 0.122793 0.017570
vt 0.226513 0.057810
vt 0.226513 0.100950
vt 0.026723 0.058325
vt 0.026723 0.011350
vt 0.134703 0.104578
vt 0.226513 0.122520
vt 0.026723 0.081813
vt 0.224223 0.197204
vt 0.224223 0.243188
vt 0.133916 0.248289
vt 0.132608 0.202970
vt 0.132882 0.120990
vt 0.224223 0.119874
vt 0.224223 0.151695
vt 0.132770 0.154722
vt 0.039747 0.144373
vt 0.039747 0.107692
vt 0.125057 0.006072
vt 0.224223 0.006072
vt 0.224223 0.062449
vt 0.128969 0.063007
vt 0.039747 0.006072
vt 0.039747 0.056327
vt 0.039747 0.196833
vt 0.039747 0.244422
vt 0.135223 0.293607
vt 0.128131 0.407256
vt 0.039747 0.407616
vt 0.039747 0.292011
vt 0.224223 0.289171
vt 0.224223 0.396781
vt 0.039747 0.901345
vt 0.039747 0.857987
vt 0.131773 0.855211
vt 0.126433 0.901137
vt 0.039747 0.771272
vt 0.039747 0.684603
vt 0.123708 0.655650
vt 0.142453 0.763359
vt 0.039747 0.533887
vt 0.118094 0.536680
vt 0.224223 0.518522
vt 0.224223 0.643447
vt 0.224223 0.738962
vt 0.224223 0.830514
vt 0.224223 0.876290
vt 0.039747 0.972048
vt 0.039747 0.936696
vt 0.123763 0.937773
vt 0.121093 0.974409
vt 0.224223 0.919687
vt 0.224223 0.963085
vt 0.133604 0.003861
vt 0.133243 0.061734
vt 0.224223 0.061176
vt 0.224223 0.003861
vt 0.039747 0.003861
vt 0.039747 0.055078
vt 0.039747 0.942363
vt 0.126433 0.941897
vt 0.131773 0.896229
vt 0.039747 0.899006
vt 0.039747 0.812291
vt 0.142453 0.804377
vt 0.224223 0.779980
vt 0.224223 0.917309
vt 0.224223 0.871533
vt 0.039747 0.985721
vt 0.121093 0.986440
vt 0.963802 0.525987
vt 0.828236 0.525987
vt 0.682128 0.525987
vt 0.682128 0.551890
vt 0.828236 0.551890
vt 0.963802 0.551890
vt 0.263605 0.945539
vt 0.378957 0.944633
vt 0.380727 0.872939
vt 0.263605 0.865584
vt 0.263605 0.757080
vt 0.378680 0.751387
vt 0.371024 0.592175
vt 0.263605 0.592175
vt 0.489700 0.757080
vt 0.489700 0.592175
vt 0.489700 0.949638
vt 0.489700 0.865584
vt 0.263605 0.990452
vt 0.384228 0.993137
vt 0.489700 0.989169
vt 0.142457 0.301090
vt 0.121680 0.244906
vt 0.032230 0.244906
vt 0.032230 0.301090
vt 0.228445 0.301090
vt 0.228445 0.244906
vt 0.145256 0.385974
vt 0.228445 0.385974
vt 0.120432 0.767808
vt 0.228445 0.775919
vt 0.228445 0.654975
vt 0.125403 0.647993
vt 0.032230 0.650266
vt 0.032230 0.762315
vt 0.032230 0.466881
vt 0.032230 0.579572
vt 0.131598 0.579572
vt 0.138209 0.466881
vt 0.032230 0.385974
vt 0.133544 0.984668
vt 0.119152 0.857266
vt 0.032230 0.867391
vt 0.032230 0.986310
vt 0.228445 0.867242
vt 0.228445 0.986310
vt 0.228445 0.085698
vt 0.228445 0.012920
vt 0.125347 0.012920
vt 0.112060 0.085698
vt 0.032230 0.085698
vt 0.032230 0.012920
vt 0.032230 0.189070
vt 0.112604 0.189070
vt 0.228445 0.189070
vt 0.228445 0.466881
vt 0.228445 0.579572
vt 0.229054 0.295888
vt 0.128647 0.289256
vt 0.138611 0.363656
vt 0.229054 0.365536
vt 0.127923 0.137498
vt 0.126386 0.203119
vt 0.229054 0.206748
vt 0.229054 0.139312
vt 0.021633 0.206748
vt 0.021633 0.139312
vt 0.130645 0.008202
vt 0.129459 0.071876
vt 0.229054 0.071876
vt 0.229054 0.008202
vt 0.021633 0.008202
vt 0.021633 0.071876
vt 0.021633 0.295888
vt 0.021633 0.365536
vt 0.021633 0.445377
vt 0.146320 0.439708
vt 0.229054 0.445377
vt 0.021633 0.917480
vt 0.126596 0.918635
vt 0.140096 0.865617
vt 0.021633 0.865617
vt 0.021633 0.777752
vt 0.136832 0.777752
vt 0.152174 0.644215
vt 0.021633 0.644215
vt 0.158823 0.536032
vt 0.021633 0.537061
vt 0.229054 0.522033
vt 0.229054 0.644215
vt 0.229054 0.777752
vt 0.229054 0.920883
vt 0.229054 0.865617
vt 0.021633 0.969344
vt 0.113096 0.971653
vt 0.229054 0.976149
vt 0.238674 0.263167
vt 0.127648 0.269001
vt 0.129233 0.318362
vt 0.238674 0.313200
vt 0.127912 0.134232
vt 0.127844 0.189825
vt 0.238674 0.186762
vt 0.238674 0.132136
vt 0.015112 0.179352
vt 0.015112 0.122268
vt 0.129545 0.007724
vt 0.127980 0.078640
vt 0.238674 0.077510
vt 0.238674 0.007724
vt 0.015112 0.007724
vt 0.015112 0.065184
vt 0.015112 0.262791
vt 0.015112 0.314449
vt 0.130817 0.367723
vt 0.015112 0.366108
vt 0.015112 0.478419
vt 0.122222 0.478055
vt 0.238674 0.467455
vt 0.238674 0.363233
vt 0.015112 0.975818
vt 0.120164 0.975608
vt 0.130059 0.922343
vt 0.015112 0.906742
vt 0.015112 0.817310
vt 0.124822 0.809862
vt 0.133282 0.714881
vt 0.015112 0.721347
vt 0.144223 0.586904
vt 0.015112 0.596855
vt 0.238674 0.581307
vt 0.238674 0.717059
vt 0.238674 0.810867
vt 0.238674 0.970834
vt 0.238674 0.924512
vt 0.123124 0.873566
vt 0.238674 0.878191
vt 0.015112 0.873052
vt 0.320596 0.150476
vt 0.321191 0.138170
vt 0.272691 0.127382
vt 0.272691 0.138440
vt 0.363826 0.138440
vt 0.363826 0.127382
vt 0.326476 0.208208
vt 0.363826 0.200252
vt 0.324986 0.280881
vt 0.363826 0.278225
vt 0.320771 0.341860
vt 0.363826 0.359335
vt 0.363826 0.404907
vt 0.320058 0.414559
vt 0.319892 0.461129
vt 0.363826 0.448613
vt 0.272691 0.407816
vt 0.272691 0.462752
vt 0.272691 0.351948
vt 0.272691 0.278225
vt 0.272691 0.200252
vt 0.319747 0.530294
vt 0.272691 0.539394
vt 0.363826 0.515221
vt 0.363826 0.094208
vt 0.363826 0.019426
vt 0.325792 0.015718
vt 0.322976 0.101251
vt 0.272691 0.094208
vt 0.272691 0.019426
vt 0.363826 0.116324
vt 0.321786 0.125863
vt 0.272691 0.116324
vt 0.134012 0.290633
vt 0.138742 0.208824
vt 0.038817 0.197119
vt 0.038817 0.270630
vt 0.219917 0.270630
vt 0.219917 0.197119
vt 0.145697 0.386582
vt 0.219917 0.373359
vt 0.142736 0.507361
vt 0.219917 0.502946
vt 0.134360 0.608705
vt 0.219917 0.637747
vt 0.219917 0.713485
vt 0.132944 0.729527
vt 0.132614 0.806924
vt 0.219917 0.786122
vt 0.038817 0.718321
vt 0.038817 0.809621
vt 0.038817 0.625471
vt 0.038817 0.502946
vt 0.038817 0.373359
vt 0.132326 0.981321
vt 0.038817 0.984845
vt 0.219917 0.976570
vt 0.219917 0.072835
vt 0.144338 0.066671
vt 0.038817 0.072835
vt 0.120432 0.822977
vt 0.228445 0.831087
vt 0.228445 0.713389
vt 0.125403 0.706407
vt 0.032230 0.708680
vt 0.032230 0.817484
vt 0.131597 0.579572
vt 0.133544 0.994404
vt 0.119152 0.892963
vt 0.032230 0.903088
vt 0.032230 0.996046
vt 0.228445 0.902940
vt 0.228445 0.996046
vt 0.228445 0.049309
vt 0.118704 0.049309
vt 0.032230 0.049309
vt 0.039747 0.899549
vt 0.039747 0.848746
vt 0.131773 0.845969
vt 0.126433 0.899341
vt 0.039747 0.762030
vt 0.142453 0.754117
vt 0.224223 0.757642
vt 0.224223 0.849195
vt 0.224223 0.894971
vt 0.039747 0.974552
vt 0.121093 0.976913
vt 0.039747 0.170603
vt 0.132689 0.178846
vt 0.224223 0.174450
vt 0.226313 0.263167
vt 0.226313 0.363233
vt 0.130383 0.367723
vt 0.127564 0.269001
vt 0.127860 0.078640
vt 0.226313 0.077510
vt 0.226313 0.132136
vt 0.127799 0.134232
vt 0.027473 0.122268
vt 0.027473 0.065184
vt 0.129252 0.007724
vt 0.226313 0.007724
vt 0.027473 0.007724
vt 0.027473 0.262791
vt 0.027473 0.366108
vt 0.122738 0.478055
vt 0.027473 0.478419
vt 0.226313 0.467455
vt 0.027473 0.975818
vt 0.027473 0.911167
vt 0.123786 0.909657
vt 0.120908 0.975608
vt 0.027473 0.768300
vt 0.027473 0.725693
vt 0.128074 0.725719
vt 0.138176 0.760293
vt 0.027473 0.683085
vt 0.027473 0.596855
vt 0.111921 0.599681
vt 0.117971 0.691145
vt 0.226313 0.581307
vt 0.226313 0.678797
vt 0.226313 0.707201
vt 0.226313 0.735605
vt 0.226313 0.904958
vt 0.226313 0.970834
vt 0.027473 0.179352
vt 0.127739 0.189825
vt 0.226313 0.186762
vt 0.226313 0.833344
vt 0.126664 0.837967
vt 0.027473 0.840776
vt 0.027473 0.873299
vt 0.126664 0.870489
vt 0.027473 0.800823
vt 0.138176 0.792815
vt 0.027473 0.639970
vt 0.114946 0.645413
vt 0.027473 0.537637
vt 0.117329 0.538868
vt 0.226313 0.524381
vt 0.226313 0.630052
vt 0.226313 0.768128
vt 0.226313 0.865867
vt 0.322742 0.150476
vt 0.272074 0.138440
vt 0.272074 0.094208
vt 0.325260 0.101251
vt 0.368466 0.138440
vt 0.368466 0.094208
vt 0.368466 0.200252
vt 0.328962 0.208208
vt 0.370614 0.278225
vt 0.329534 0.280881
vt 0.370614 0.359335
vt 0.325075 0.341860
vt 0.370614 0.404907
vt 0.370614 0.426760
vt 0.324234 0.437845
vt 0.324322 0.414559
vt 0.274222 0.435284
vt 0.274222 0.407816
vt 0.274222 0.351948
vt 0.274222 0.278225
vt 0.272074 0.200252
vt 0.274222 0.379882
vt 0.324699 0.378210
vt 0.370614 0.382121
vt 0.324070 0.499947
vt 0.274222 0.505308
vt 0.274222 0.462752
vt 0.324147 0.461129
vt 0.370614 0.448613
vt 0.370614 0.486152
vt 0.328238 0.015718
vt 0.368466 0.019426
vt 0.272074 0.019426
vt 0.370614 0.523692
vt 0.323993 0.538765
vt 0.274222 0.547865
vt 0.137649 0.267924
vt 0.026713 0.244618
vt 0.026713 0.158973
vt 0.143161 0.172610
vt 0.237759 0.244618
vt 0.237759 0.158973
vt 0.237759 0.364305
vt 0.151266 0.379711
vt 0.237759 0.515284
vt 0.147816 0.520427
vt 0.237759 0.672336
vt 0.138054 0.638500
vt 0.237759 0.760576
vt 0.237759 0.845203
vt 0.136020 0.869439
vt 0.136404 0.779266
vt 0.026713 0.872581
vt 0.026713 0.766210
vt 0.026713 0.658033
vt 0.026713 0.515284
vt 0.026713 0.364305
vt 0.135684 0.972844
vt 0.026713 0.981745
vt 0.237759 0.974176
vt 0.149682 0.007781
vt 0.237759 0.014173
vt 0.026713 0.014173
vt 0.027473 0.911561
vt 0.126664 0.908751
vt 0.027473 0.839085
vt 0.027473 0.721347
vt 0.117971 0.729407
vt 0.138176 0.831078
vt 0.226313 0.717059
vt 0.226313 0.806390
vt 0.226313 0.904129
vt 0.025493 0.015532
vt 0.025493 0.144811
vt 0.130447 0.125138
vt 0.114701 0.000941
vt 0.123870 0.895232
vt 0.125004 0.834889
vt 0.025493 0.836673
vt 0.025493 0.876837
vt 0.234144 0.015532
vt 0.234144 0.127126
vt 0.234144 0.158965
vt 0.133528 0.161006
vt 0.136610 0.196873
vt 0.234144 0.190803
vt 0.137447 0.278471
vt 0.234144 0.268597
vt 0.129702 0.362708
vt 0.234144 0.360550
vt 0.129574 0.406729
vt 0.234144 0.405153
vt 0.234144 0.449756
vt 0.129447 0.450750
vt 0.125748 0.541944
vt 0.234144 0.538813
vt 0.234144 0.585452
vt 0.126621 0.589625
vt 0.127493 0.637305
vt 0.234144 0.632091
vt 0.234144 0.818977
vt 0.025493 0.638257
vt 0.025493 0.591682
vt 0.025493 0.545107
vt 0.025493 0.457771
vt 0.025493 0.415908
vt 0.025493 0.374046
vt 0.025493 0.295622
vt 0.025493 0.216364
vt 0.025493 0.180588
vt 0.234144 0.867989
vt 0.122736 0.993737
vt 0.025493 0.995379
vt 0.234144 0.995379
vt 0.946453 0.981423
vt 0.796398 0.985556
vt 0.675049 0.981430
vt 0.956217 0.373529
vt 0.956217 0.395229
vt 0.839570 0.393729
vt 0.818919 0.370516
vt 0.956217 0.407789
vt 0.842709 0.408284
vt 0.956217 0.420348
vt 0.956217 0.437067
vt 0.843760 0.438003
vt 0.845849 0.422840
vt 0.956217 0.453786
vt 0.956217 0.481941
vt 0.832641 0.481822
vt 0.841671 0.453166
vt 0.956217 0.500743
vt 0.819855 0.500650
vt 0.956217 0.519545
vt 0.956217 0.533635
vt 0.811744 0.533593
vt 0.807069 0.519478
vt 0.956217 0.564061
vt 0.956217 0.597199
vt 0.823611 0.595423
vt 0.817966 0.562927
vt 0.686834 0.534098
vt 0.686834 0.522587
vt 0.686834 0.504809
vt 0.686834 0.487030
vt 0.686834 0.452148
vt 0.686834 0.436165
vt 0.686834 0.420182
vt 0.686834 0.404442
vt 0.686834 0.388702
vt 0.686834 0.368220
vt 0.686834 0.593291
vt 0.686834 0.561552
vt 0.847442 0.628969
vt 0.686834 0.623845
vt 0.686834 0.609088
vt 0.827709 0.612701
vt 0.956217 0.614002
vt 0.956217 0.631855
vt 0.686834 0.513698
vt 0.813462 0.510064
vt 0.956217 0.510144
vt 0.956217 0.649709
vt 0.867174 0.645237
vt 0.686834 0.638601
vt 0.137113 0.871369
vt 0.224223 0.846822
vt 0.039747 0.876714
vt 0.039747 0.982155
vt 0.131773 0.979379
vt 0.224223 0.954682
vt 0.759474 0.476172
vt 0.758009 0.541796
vt 0.852697 0.545584
vt 0.854195 0.480692
vt 0.868996 0.354345
vt 0.778204 0.354345
vt 0.764529 0.430593
vt 0.854677 0.435455
vt 0.969758 0.488384
vt 0.970558 0.551521
vt 0.969325 0.354345
vt 0.973459 0.447349
vt 0.773297 0.637690
vt 0.858913 0.637690
vt 0.971312 0.637690
vt 0.698223 0.354345
vt 0.681631 0.427029
vt 0.671506 0.470297
vt 0.672374 0.532977
vt 0.693040 0.637690
vt 0.494691 0.800072
vt 0.416154 0.793663
vt 0.423492 0.901166
vt 0.492407 0.898187
vt 0.491107 0.591780
vt 0.416780 0.591780
vt 0.410006 0.693225
vt 0.496318 0.693720
vt 0.427119 0.995153
vt 0.493003 0.995153
vt 0.317986 0.696349
vt 0.328386 0.591780
vt 0.263818 0.591780
vt 0.252751 0.702895
vt 0.322851 0.803596
vt 0.250477 0.809228
vt 0.327456 0.897182
vt 0.258804 0.907442
vt 0.335372 0.995153
vt 0.269195 0.995153
vt 0.032066 0.968802
vt 0.120330 0.998232
vt 0.113151 0.905231
vt 0.032066 0.903851
vt 0.231856 0.977102
vt 0.231856 0.902136
vt 0.231856 0.144090
vt 0.144016 0.133580
vt 0.121236 0.208650
vt 0.231856 0.234990
vt 0.116601 0.264650
vt 0.231856 0.283205
vt 0.231856 0.331420
vt 0.111966 0.320650
vt 0.113376 0.418520
vt 0.231856 0.431920
vt 0.115626 0.480125
vt 0.231856 0.497340
vt 0.231856 0.562760
vt 0.117876 0.541730
vt 0.113996 0.638540
vt 0.231856 0.661580
vt 0.231856 0.701280
vt 0.119951 0.683575
vt 0.125906 0.728610
vt 0.231856 0.740980
vt 0.231856 0.784075
vt 0.115606 0.766935
vt 0.105306 0.805260
vt 0.231856 0.827170
vt 0.032066 0.697200
vt 0.032066 0.749160
vt 0.032066 0.552670
vt 0.032066 0.645240
vt 0.032066 0.487735
vt 0.032066 0.422800
vt 0.032066 0.324150
vt 0.032066 0.264680
vt 0.032066 0.205210
vt 0.032066 0.105300
vt 0.032066 0.794030
vt 0.032066 0.838900
vt 0.231856 0.100950
vt 0.136076 0.075575
vt 0.032066 0.058325
vt 0.231856 0.057810
vt 0.128136 0.017570
vt 0.032066 0.011350
vt 0.820350 0.414148
vt 0.961036 0.404266
vt 0.961036 0.361134
vt 0.820350 0.355688
vt 0.820350 0.572920
vt 0.961036 0.566761
vt 0.961036 0.544494
vt 0.820350 0.549782
vt 0.681833 0.439312
vt 0.681833 0.375377
vt 0.681833 0.584026
vt 0.681833 0.561539
vt 0.820350 0.462322
vt 0.961036 0.447402
vt 0.681832 0.480449
vt 0.681833 0.651489
vt 0.820350 0.652659
vt 0.820350 0.596058
vt 0.681833 0.606514
vt 0.961036 0.643886
vt 0.961036 0.589027
vt 0.575984 0.826974
vt 0.642759 0.827799
vt 0.642842 0.805817
vt 0.574662 0.792234
vt 0.582697 0.953538
vt 0.633706 0.953538
vt 0.636155 0.941312
vt 0.578073 0.941312
vt 0.508055 0.825784
vt 0.509534 0.800866
vt 0.522373 0.953538
vt 0.517201 0.941312
vt 0.575146 0.859941
vt 0.642722 0.860319
vt 0.508630 0.855350
vt 0.570382 0.887168
vt 0.640106 0.890800
vt 0.509447 0.886840
vt 0.577010 0.923167
vt 0.637649 0.918999
vt 0.511740 0.916281
vt 0.752123 0.472941
vt 0.750589 0.535305
vt 0.849707 0.538905
vt 0.851274 0.477236
vt 0.866767 0.357165
vt 0.771729 0.357165
vt 0.757415 0.429625
vt 0.851779 0.434246
vt 0.972243 0.484546
vt 0.973079 0.544547
vt 0.971789 0.357165
vt 0.976116 0.445550
vt 0.853773 0.593612
vt 0.760591 0.592262
vt 0.766592 0.645450
vt 0.856212 0.645450
vt 0.973573 0.595728
vt 0.973869 0.645450
vt 0.688009 0.357165
vt 0.670639 0.426238
vt 0.660041 0.467357
vt 0.660950 0.526923
vt 0.674470 0.589119
vt 0.682582 0.645450
vt 0.973276 0.565019
vt 0.851333 0.560788
vt 0.754590 0.558088
vt 0.666358 0.551801
vt 0.129103 0.919193
vt 0.039747 0.920685
vt 0.224223 0.894421
vt 0.039747 0.081389
vt 0.133062 0.091362
vt 0.224223 0.090525
vt 0.956217 0.401509
vt 0.841140 0.401007
vt 0.826248 0.491236
vt 0.956217 0.491342
vt 0.956217 0.547725
vt 0.816419 0.547709
vt 0.819512 0.578145
vt 0.956217 0.580397
vt 0.686834 0.545609
vt 0.686834 0.577494
vt 0.686834 0.495919
vt 0.686834 0.396572
vt 0.242514 0.216605
vt 0.244006 0.300167
vt 0.138496 0.304164
vt 0.132594 0.222000
vt 0.131868 0.079374
vt 0.230051 0.078304
vt 0.234718 0.131145
vt 0.132177 0.134057
vt 0.024407 0.124018
vt 0.028474 0.066592
vt 0.130197 0.004633
vt 0.214685 0.004633
vt 0.038835 0.004633
vt 0.019181 0.215667
vt 0.015612 0.300444
vt 0.132813 0.403293
vt 0.007950 0.401479
vt 0.242504 0.394200
vt 0.041482 0.872963
vt 0.030219 0.776540
vt 0.142184 0.768932
vt 0.157078 0.870292
vt 0.018529 0.614540
vt 0.130628 0.622290
vt 0.007886 0.507104
vt 0.129838 0.513360
vt 0.239844 0.500307
vt 0.244170 0.629404
vt 0.244050 0.766052
vt 0.239207 0.852164
vt 0.045266 0.969385
vt 0.146728 0.981002
vt 0.242779 0.969129
vt 0.224223 0.135785
vt 0.132826 0.137856
vt 0.127013 0.032807
vt 0.224223 0.032517
vt 0.039747 0.929435
vt 0.134443 0.925374
vt 0.224223 0.900752
vt 0.229934 0.209978
vt 0.134702 0.209978
vt 0.138782 0.269320
vt 0.229934 0.265304
vt 0.134200 0.056106
vt 0.134306 0.107683
vt 0.229934 0.107683
vt 0.229934 0.056106
vt 0.039775 0.107683
vt 0.039775 0.056106
vt 0.134492 0.003227
vt 0.229934 0.003227
vt 0.039775 0.003227
vt 0.039775 0.209978
vt 0.039775 0.265582
vt 0.039775 0.377274
vt 0.134853 0.379097
vt 0.229934 0.369959
vt 0.039775 0.884912
vt 0.151627 0.882227
vt 0.158782 0.740948
vt 0.039775 0.744529
vt 0.137867 0.599713
vt 0.039775 0.608599
vt 0.128272 0.489320
vt 0.039775 0.485852
vt 0.229934 0.473384
vt 0.229934 0.596007
vt 0.229934 0.729911
vt 0.229934 0.858374
vt 0.134413 0.151670
vt 0.039775 0.151670
vt 0.229934 0.151670
vt 0.039775 0.981807
vt 0.144473 0.984086
vt 0.229934 0.959941
vt 0.039747 0.609245
vt 0.120901 0.596165
vt 0.224223 0.580985
vt 0.229054 0.346723
vt 0.229054 0.492008
vt 0.138611 0.490128
vt 0.128647 0.340090
vt 0.229054 0.193404
vt 0.126386 0.189776
vt 0.021633 0.193404
vt 0.021633 0.346723
vt 0.021633 0.492008
vt 0.146320 0.542718
vt 0.021633 0.548387
vt 0.229054 0.548387
vt 0.021633 0.719853
vt 0.152174 0.719853
vt 0.021633 0.640071
vt 0.158823 0.639043
vt 0.229054 0.625043
vt 0.229054 0.719853
vt 0.420030 0.137800
vt 0.415620 0.140590
vt 0.416780 0.144360
vt 0.412720 0.146610
vt 0.414280 0.133600
vt 0.419810 0.132860
vt 0.424540 0.133330
vt 0.408950 0.122070
vt 0.417000 0.120370
vt 0.405870 0.109930
vt 0.413730 0.109340
vt 0.423650 0.120310
vt 0.428190 0.136470
vt 0.420520 0.108800
vt 0.427700 0.107310
vt 0.431600 0.122770
vt 0.418270 0.099150
vt 0.436880 0.112830
vt 0.422160 0.097270
vt 0.431060 0.101130
vt 0.435830 0.134660
vt 0.440410 0.126890
vt 0.441140 0.106340
vt 0.435070 0.093860
vt 0.443150 0.144090
vt 0.437350 0.150020
vt 0.431170 0.142380
vt 0.432360 0.150190
vt 0.428180 0.147050
vt 0.426770 0.142810
vt 0.423690 0.151170
vt 0.423550 0.148350
vt 0.423970 0.139320
vt 0.420230 0.143370
vt 0.422170 0.145910
vt 0.423600 0.154720
vt 0.428560 0.152260
vt 0.422930 0.160700
vt 0.428980 0.158740
vt 0.422050 0.171070
vt 0.420940 0.181640
vt 0.428510 0.169450
vt 0.427070 0.180090
vt 0.433040 0.167830
vt 0.438790 0.177540
vt 0.433010 0.178280
vt 0.438010 0.165060
vt 0.432790 0.156620
vt 0.444090 0.179210
vt 0.444410 0.161120
vt 0.451380 0.156280
vt 0.458310 0.151270
vt 0.449400 0.138640
vt 0.459050 0.170640
vt 0.452140 0.174690
vt 0.455950 0.132830
vt 0.465730 0.145550
vt 0.470470 0.116910
vt 0.462970 0.125190
vt 0.473850 0.138660
vt 0.466590 0.166830
vt 0.475210 0.161640
vt 0.465920 0.187070
vt 0.459140 0.189820
vt 0.474540 0.184180
vt 0.464450 0.208900
vt 0.458920 0.207490
vt 0.453280 0.208050
vt 0.458040 0.218900
vt 0.460990 0.229300
vt 0.453860 0.218850
vt 0.449750 0.229740
vt 0.458710 0.249410
vt 0.472860 0.227600
vt 0.474190 0.206510
vt 0.483840 0.181120
vt 0.483090 0.203670
vt 0.492240 0.179600
vt 0.491150 0.201890
vt 0.482360 0.225080
vt 0.481680 0.245460
vt 0.491460 0.222920
vt 0.471670 0.247260
vt 0.469450 0.265300
vt 0.480340 0.265350
vt 0.491910 0.243280
vt 0.466340 0.284410
vt 0.478290 0.286200
vt 0.490610 0.288020
vt 0.491680 0.264780
vt 0.476360 0.308370
vt 0.462790 0.306150
vt 0.452820 0.283060
vt 0.490100 0.311980
vt 0.475280 0.328860
vt 0.460300 0.325520
vt 0.474360 0.345770
vt 0.490110 0.334220
vt 0.457870 0.356070
vt 0.458550 0.342390
vt 0.473990 0.357640
vt 0.490120 0.350310
vt 0.490120 0.359950
vt 0.473670 0.366720
vt 0.490130 0.368080
vt 0.473600 0.378410
vt 0.490240 0.378580
vt 0.455210 0.392120
vt 0.456830 0.379200
vt 0.474010 0.390340
vt 0.489650 0.391720
vt 0.440010 0.391490
vt 0.426140 0.378940
vt 0.427750 0.391130
vt 0.441440 0.378870
vt 0.414180 0.390870
vt 0.441620 0.367070
vt 0.411650 0.379120
vt 0.411610 0.367000
vt 0.426290 0.366970
vt 0.441910 0.355260
vt 0.457430 0.367230
vt 0.426560 0.355460
vt 0.442760 0.341200
vt 0.445700 0.323970
vt 0.427670 0.341090
vt 0.419000 0.322180
vt 0.414940 0.339280
vt 0.431720 0.323080
vt 0.436250 0.303780
vt 0.424340 0.303450
vt 0.429980 0.284060
vt 0.419000 0.285320
vt 0.412700 0.304270
vt 0.407800 0.286960
vt 0.423250 0.269050
vt 0.433770 0.268110
vt 0.436770 0.251930
vt 0.426530 0.254090
vt 0.412970 0.269810
vt 0.396920 0.287900
vt 0.403010 0.271160
vt 0.415720 0.255210
vt 0.385730 0.288100
vt 0.391810 0.272800
vt 0.396110 0.259330
vt 0.406700 0.257260
vt 0.399450 0.245620
vt 0.409140 0.243110
vt 0.417700 0.240910
vt 0.410630 0.229380
vt 0.402270 0.232480
vt 0.427040 0.226680
vt 0.422850 0.228230
vt 0.429370 0.238530
vt 0.418050 0.226300
vt 0.422230 0.210810
vt 0.426940 0.210700
vt 0.430640 0.197520
vt 0.432420 0.208700
vt 0.425570 0.200420
vt 0.431860 0.221030
vt 0.438900 0.205430
vt 0.439400 0.218790
vt 0.447000 0.213370
vt 0.438980 0.234990
vt 0.452520 0.192530
vt 0.444480 0.197380
vt 0.438600 0.185540
vt 0.438360 0.196630
vt 0.432030 0.187810
vt 0.425440 0.188160
vt 0.423250 0.192540
vt 0.419030 0.189120
vt 0.418710 0.190020
vt 0.418120 0.191710
vt 0.420150 0.194860
vt 0.417030 0.194810
vt 0.417320 0.201400
vt 0.421440 0.201100
vt 0.413300 0.195260
vt 0.418060 0.212310
vt 0.411690 0.215050
vt 0.412420 0.202800
vt 0.404080 0.218390
vt 0.406090 0.205850
vt 0.392230 0.235440
vt 0.395420 0.221300
vt 0.397560 0.209610
vt 0.384480 0.224670
vt 0.387100 0.213270
vt 0.373860 0.228030
vt 0.367690 0.242260
vt 0.380010 0.238860
vt 0.388610 0.248850
vt 0.375100 0.252350
vt 0.361020 0.255550
vt 0.370550 0.264290
vt 0.384020 0.261900
vt 0.379600 0.274260
vt 0.359960 0.288940
vt 0.365590 0.276150
vt 0.373970 0.287880
vt 0.366420 0.304460
vt 0.378570 0.304750
vt 0.383430 0.321730
vt 0.371150 0.321610
vt 0.390150 0.304840
vt 0.358090 0.321460
vt 0.364820 0.337660
vt 0.350990 0.337650
vt 0.343650 0.321860
vt 0.352740 0.305270
vt 0.328810 0.322570
vt 0.338430 0.306910
vt 0.346880 0.290850
vt 0.333330 0.293480
vt 0.352670 0.278500
vt 0.338130 0.282190
vt 0.325190 0.308220
vt 0.318460 0.297190
vt 0.322810 0.286540
vt 0.325500 0.275520
vt 0.304440 0.291730
vt 0.302500 0.301610
vt 0.284720 0.305070
vt 0.297140 0.313530
vt 0.311780 0.310270
vt 0.282050 0.316940
vt 0.293370 0.324290
vt 0.305700 0.322230
vt 0.317470 0.321370
vt 0.300300 0.332980
vt 0.291210 0.333210
vt 0.315830 0.338790
vt 0.297490 0.342130
vt 0.310770 0.331240
vt 0.313480 0.351720
vt 0.297050 0.352970
vt 0.282320 0.340480
vt 0.265970 0.341800
vt 0.280750 0.353270
vt 0.280140 0.328530
vt 0.266070 0.330580
vt 0.250970 0.331080
vt 0.251060 0.319300
vt 0.266800 0.318800
vt 0.250880 0.308130
vt 0.267800 0.307520
vt 0.269670 0.299670
vt 0.250990 0.300810
vt 0.269370 0.293450
vt 0.287200 0.296000
vt 0.288300 0.281250
vt 0.288220 0.289260
vt 0.268120 0.286320
vt 0.251010 0.294910
vt 0.262610 0.277880
vt 0.274790 0.276580
vt 0.288080 0.272290
vt 0.259990 0.283610
vt 0.250980 0.289330
vt 0.251010 0.284330
vt 0.251000 0.279850
vt 0.242040 0.283700
vt 0.239390 0.277920
vt 0.251060 0.275770
vt 0.244560 0.275380
vt 0.227100 0.276470
vt 0.233760 0.286420
vt 0.235000 0.270300
vt 0.243080 0.270430
vt 0.213700 0.272080
vt 0.213290 0.281330
vt 0.232520 0.293540
vt 0.214350 0.295930
vt 0.213340 0.289350
vt 0.232360 0.299680
vt 0.195390 0.283000
vt 0.197100 0.291610
vt 0.217010 0.304830
vt 0.175820 0.275310
vt 0.199830 0.300990
vt 0.178530 0.286310
vt 0.204090 0.313120
vt 0.189310 0.309830
vt 0.182860 0.296840
vt 0.195600 0.322080
vt 0.219520 0.316720
vt 0.207850 0.323890
vt 0.184070 0.321350
vt 0.201530 0.333100
vt 0.210460 0.333200
vt 0.185890 0.338780
vt 0.204340 0.342230
vt 0.190990 0.331280
vt 0.166640 0.337940
vt 0.172830 0.322520
vt 0.171780 0.350690
vt 0.188470 0.351550
vt 0.176280 0.308060
vt 0.162980 0.306760
vt 0.148640 0.305160
vt 0.157990 0.321750
vt 0.150800 0.337000
vt 0.143520 0.321320
vt 0.136960 0.337180
vt 0.130400 0.321410
vt 0.122790 0.304600
vt 0.134990 0.304400
vt 0.118200 0.321590
vt 0.111360 0.304780
vt 0.104610 0.287960
vt 0.127460 0.288100
vt 0.115710 0.288260
vt 0.100240 0.304700
vt 0.098490 0.271220
vt 0.088710 0.269850
vt 0.093870 0.287000
vt 0.088990 0.304220
vt 0.082790 0.285390
vt 0.078470 0.269050
vt 0.068050 0.268130
vt 0.065090 0.251980
vt 0.075250 0.254100
vt 0.085990 0.255240
vt 0.084060 0.240880
vt 0.072490 0.238540
vt 0.074830 0.226630
vt 0.070030 0.221020
vt 0.062900 0.234990
vt 0.062500 0.218800
vt 0.052150 0.229720
vt 0.054380 0.249840
vt 0.043200 0.249380
vt 0.057110 0.267030
vt 0.071890 0.284170
vt 0.060900 0.283960
vt 0.045000 0.264960
vt 0.049060 0.283100
vt 0.032460 0.265280
vt 0.052770 0.304540
vt 0.039060 0.306220
vt 0.035570 0.284410
vt 0.025470 0.308570
vt 0.023600 0.286200
vt 0.021560 0.265340
vt 0.011300 0.288020
vt 0.010240 0.264780
vt 0.010000 0.243280
vt 0.020220 0.245460
vt 0.030240 0.247250
vt 0.019540 0.225080
vt 0.010450 0.222920
vt 0.010760 0.201890
vt 0.018810 0.203670
vt 0.009670 0.179600
vt 0.029040 0.227590
vt 0.027720 0.206510
vt 0.018060 0.181120
vt 0.040920 0.229300
vt 0.042980 0.207390
vt 0.043870 0.218860
vt 0.037460 0.208890
vt 0.048050 0.218860
vt 0.054920 0.213360
vt 0.048630 0.208020
vt 0.042770 0.189790
vt 0.049390 0.192520
vt 0.042900 0.170660
vt 0.049760 0.174710
vt 0.057410 0.197410
vt 0.035320 0.166820
vt 0.036180 0.145540
vt 0.043620 0.151300
vt 0.050550 0.156320
vt 0.045970 0.132850
vt 0.052520 0.138700
vt 0.056080 0.121130
vt 0.061500 0.126930
vt 0.058780 0.144160
vt 0.063790 0.165080
vt 0.057480 0.161170
vt 0.066080 0.134740
vt 0.064650 0.150110
vt 0.068930 0.156670
vt 0.069450 0.150240
vt 0.070670 0.142270
vt 0.073190 0.135250
vt 0.074960 0.140690
vt 0.073240 0.145960
vt 0.078050 0.137780
vt 0.077190 0.132910
vt 0.078160 0.120270
vt 0.070230 0.122700
vt 0.065030 0.112860
vt 0.074180 0.107340
vt 0.079720 0.097310
vt 0.070830 0.101160
vt 0.083600 0.099200
vt 0.081340 0.108830
vt 0.076770 0.091390
vt 0.066830 0.093880
vt 0.074160 0.083620
vt 0.081920 0.065960
vt 0.071730 0.074600
vt 0.083620 0.084580
vt 0.082810 0.075630
vt 0.092910 0.059630
vt 0.081090 0.055940
vt 0.080350 0.044570
vt 0.069560 0.064760
vt 0.093220 0.049430
vt 0.067440 0.053810
vt 0.059380 0.076130
vt 0.062950 0.085530
vt 0.060760 0.106360
vt 0.055790 0.098980
vt 0.050840 0.090080
vt 0.050170 0.114870
vt 0.055930 0.065650
vt 0.043980 0.106590
vt 0.046040 0.080290
vt 0.052500 0.053290
vt 0.040730 0.069000
vt 0.048320 0.038320
vt 0.065630 0.040940
vt 0.079860 0.031580
vt 0.063810 0.025760
vt 0.079610 0.016830
vt 0.095030 0.009950
vt 0.094220 0.024890
vt 0.109330 0.007190
vt 0.108190 0.021240
vt 0.122510 0.019300
vt 0.124290 0.005580
vt 0.093710 0.037870
vt 0.120180 0.031450
vt 0.106930 0.033740
vt 0.117760 0.042300
vt 0.105490 0.044920
vt 0.130180 0.041550
vt 0.115260 0.052700
vt 0.126130 0.051910
vt 0.141990 0.042590
vt 0.122620 0.062560
vt 0.131040 0.062730
vt 0.135780 0.052500
vt 0.148960 0.032240
vt 0.165000 0.035930
vt 0.154080 0.045830
vt 0.144440 0.054820
vt 0.145110 0.066210
vt 0.138710 0.063800
vt 0.151200 0.059690
vt 0.156540 0.066140
vt 0.159580 0.053740
vt 0.149490 0.070580
vt 0.161870 0.072610
vt 0.165860 0.061400
vt 0.176030 0.067880
vt 0.183500 0.066020
vt 0.169480 0.069800
vt 0.168780 0.049730
vt 0.176430 0.057080
vt 0.181270 0.077650
vt 0.191890 0.076080
vt 0.197670 0.063430
vt 0.187600 0.052400
vt 0.199180 0.046010
vt 0.183350 0.038210
vt 0.176860 0.045000
vt 0.212260 0.037980
vt 0.192860 0.028380
vt 0.173570 0.023230
vt 0.224710 0.028110
vt 0.203720 0.015510
vt 0.181840 0.008590
vt 0.155580 0.020120
vt 0.161670 0.006130
vt 0.138550 0.018830
vt 0.142280 0.005200
vt 0.134350 0.030890
vt 0.232670 0.055750
vt 0.250960 0.050130
vt 0.277200 0.028110
vt 0.269240 0.055750
vt 0.261190 0.079030
vt 0.240710 0.079020
vt 0.250960 0.078320
vt 0.260500 0.091740
vt 0.268090 0.091070
vt 0.270960 0.078680
vt 0.275520 0.066440
vt 0.280520 0.078380
vt 0.278040 0.089810
vt 0.286960 0.088520
vt 0.290380 0.077850
vt 0.293210 0.067910
vt 0.285420 0.066910
vt 0.299020 0.075900
vt 0.304240 0.063430
vt 0.290180 0.057200
vt 0.310050 0.076070
vt 0.302720 0.046020
vt 0.314300 0.052400
vt 0.318410 0.066020
vt 0.325470 0.057080
vt 0.320560 0.077630
vt 0.325940 0.067730
vt 0.336030 0.061400
vt 0.332590 0.069610
vt 0.329450 0.080240
vt 0.335510 0.092110
vt 0.326910 0.089590
vt 0.337680 0.083480
vt 0.316660 0.087260
vt 0.314870 0.095400
vt 0.306990 0.086340
vt 0.296740 0.086850
vt 0.295700 0.094920
vt 0.305450 0.094850
vt 0.314440 0.102400
vt 0.306270 0.101790
vt 0.314900 0.108320
vt 0.306450 0.107170
vt 0.296290 0.101770
vt 0.316070 0.115310
vt 0.322400 0.110000
vt 0.322820 0.104300
vt 0.333010 0.100810
vt 0.331370 0.106680
vt 0.323890 0.097340
vt 0.344110 0.105040
vt 0.341830 0.111080
vt 0.330500 0.112160
vt 0.338060 0.121740
vt 0.330070 0.118370
vt 0.339590 0.116090
vt 0.337730 0.126700
vt 0.329820 0.123450
vt 0.322960 0.116520
vt 0.343040 0.130030
vt 0.337050 0.129830
vt 0.342290 0.132710
vt 0.330260 0.127120
vt 0.336410 0.132180
vt 0.330580 0.130320
vt 0.330890 0.132310
vt 0.341620 0.134690
vt 0.336880 0.134380
vt 0.331040 0.133940
vt 0.324720 0.130400
vt 0.324710 0.128720
vt 0.317840 0.124850
vt 0.324240 0.125960
vt 0.318630 0.127580
vt 0.310300 0.123800
vt 0.311540 0.126920
vt 0.318810 0.129100
vt 0.304080 0.127360
vt 0.312190 0.128230
vt 0.304900 0.128690
vt 0.298970 0.130180
vt 0.305920 0.130360
vt 0.298690 0.128630
vt 0.297070 0.125660
vt 0.294250 0.130360
vt 0.294680 0.132120
vt 0.291420 0.136410
vt 0.295180 0.133630
vt 0.290840 0.134700
vt 0.290390 0.132600
vt 0.287910 0.136710
vt 0.288470 0.138180
vt 0.284420 0.137860
vt 0.289540 0.139850
vt 0.292140 0.138060
vt 0.294380 0.138810
vt 0.294300 0.137900
vt 0.295460 0.134970
vt 0.290610 0.141080
vt 0.292780 0.139620
vt 0.300710 0.133150
vt 0.299920 0.131740
vt 0.296600 0.135810
vt 0.301480 0.134670
vt 0.296730 0.136850
vt 0.295180 0.139370
vt 0.296990 0.137830
vt 0.294160 0.140740
vt 0.297960 0.139590
vt 0.296280 0.142360
vt 0.292640 0.142140
vt 0.289580 0.144250
vt 0.293550 0.145400
vt 0.298020 0.146510
vt 0.299960 0.142780
vt 0.290830 0.149050
vt 0.286760 0.147250
vt 0.287960 0.153100
vt 0.295640 0.150480
vt 0.300690 0.152030
vt 0.293270 0.154970
vt 0.298880 0.156790
vt 0.306250 0.153820
vt 0.308280 0.148730
vt 0.302910 0.147530
vt 0.309880 0.143940
vt 0.304370 0.143300
vt 0.311050 0.139920
vt 0.305060 0.139950
vt 0.300540 0.139730
vt 0.300130 0.137550
vt 0.304810 0.137320
vt 0.311450 0.137080
vt 0.318010 0.138000
vt 0.316550 0.140720
vt 0.325070 0.139450
vt 0.323580 0.142100
vt 0.331550 0.140420
vt 0.315680 0.144800
vt 0.322150 0.145800
vt 0.330030 0.142890
vt 0.313920 0.149750
vt 0.321080 0.150970
vt 0.312180 0.154970
vt 0.320280 0.156430
vt 0.310620 0.160490
vt 0.304570 0.158690
vt 0.296760 0.161440
vt 0.302770 0.163600
vt 0.288900 0.163960
vt 0.294100 0.166160
vt 0.291040 0.159290
vt 0.290820 0.171000
vt 0.286600 0.168690
vt 0.284000 0.161990
vt 0.300550 0.168580
vt 0.297910 0.173470
vt 0.288680 0.175870
vt 0.286230 0.181230
vt 0.285270 0.177340
vt 0.289140 0.181970
vt 0.284810 0.172380
vt 0.295220 0.178320
vt 0.292950 0.183250
vt 0.288510 0.184070
vt 0.285780 0.184130
vt 0.281870 0.185770
vt 0.284450 0.186960
vt 0.283300 0.183550
vt 0.278350 0.183890
vt 0.279920 0.181760
vt 0.283410 0.180820
vt 0.281160 0.176970
vt 0.283050 0.178550
vt 0.280670 0.179290
vt 0.282390 0.175090
vt 0.280310 0.170400
vt 0.278750 0.173480
vt 0.282200 0.166600
vt 0.275890 0.168900
vt 0.274720 0.172630
vt 0.269130 0.174170
vt 0.273840 0.175010
vt 0.269770 0.171410
vt 0.271340 0.167730
vt 0.266720 0.166680
vt 0.272750 0.162950
vt 0.265630 0.170470
vt 0.267500 0.161580
vt 0.279260 0.160000
vt 0.277380 0.164640
vt 0.274290 0.158070
vt 0.268770 0.156220
vt 0.275990 0.152670
vt 0.281130 0.155200
vt 0.278570 0.147750
vt 0.285740 0.157340
vt 0.283570 0.150840
vt 0.269960 0.149830
vt 0.283200 0.144790
vt 0.279720 0.141890
vt 0.272510 0.143390
vt 0.277770 0.137460
vt 0.287510 0.142490
vt 0.285820 0.140570
vt 0.270580 0.136790
vt 0.276820 0.132800
vt 0.283570 0.133980
vt 0.286920 0.130560
vt 0.287930 0.134320
vt 0.291520 0.127690
vt 0.279500 0.127700
vt 0.287160 0.124080
vt 0.272350 0.121590
vt 0.269450 0.130190
vt 0.282930 0.117280
vt 0.280830 0.109960
vt 0.271940 0.112340
vt 0.264520 0.122530
vt 0.263930 0.129960
vt 0.258250 0.123470
vt 0.263950 0.114080
vt 0.256510 0.115860
vt 0.262770 0.108410
vt 0.256770 0.109570
vt 0.256100 0.106120
vt 0.270530 0.106770
vt 0.260990 0.102020
vt 0.250960 0.106080
vt 0.250950 0.100950
vt 0.250960 0.091890
vt 0.240910 0.102020
vt 0.245820 0.106120
vt 0.239160 0.108370
vt 0.245170 0.109560
vt 0.245490 0.115810
vt 0.238020 0.114040
vt 0.229960 0.112270
vt 0.231340 0.106710
vt 0.243740 0.123380
vt 0.237450 0.122410
vt 0.238150 0.129870
vt 0.232550 0.130100
vt 0.229670 0.121510
vt 0.243220 0.130100
vt 0.237330 0.135700
vt 0.247470 0.135410
vt 0.243200 0.135450
vt 0.247710 0.124820
vt 0.247430 0.130220
vt 0.250990 0.130490
vt 0.251010 0.135430
vt 0.247530 0.140640
vt 0.251010 0.140400
vt 0.247160 0.147400
vt 0.242940 0.141280
vt 0.237030 0.141350
vt 0.242660 0.148070
vt 0.237590 0.148710
vt 0.229430 0.143290
vt 0.224160 0.137320
vt 0.222190 0.141750
vt 0.231400 0.136660
vt 0.223330 0.147690
vt 0.232040 0.149780
vt 0.238150 0.155150
vt 0.233230 0.156090
vt 0.225950 0.152600
vt 0.227680 0.157900
vt 0.220820 0.155090
vt 0.222680 0.159790
vt 0.216290 0.157240
vt 0.213860 0.153000
vt 0.218300 0.150810
vt 0.218690 0.144730
vt 0.215140 0.147270
vt 0.212360 0.144210
vt 0.210990 0.149070
vt 0.208410 0.145380
vt 0.214370 0.142410
vt 0.211290 0.141010
vt 0.209320 0.142110
vt 0.209200 0.139540
vt 0.207760 0.140690
vt 0.205750 0.142380
vt 0.204930 0.137830
vt 0.203970 0.139330
vt 0.206760 0.139360
vt 0.207460 0.138810
vt 0.205180 0.136850
vt 0.209720 0.138000
vt 0.205310 0.135810
vt 0.207540 0.137650
vt 0.213520 0.138130
vt 0.210490 0.136440
vt 0.212410 0.139810
vt 0.206730 0.133560
vt 0.206240 0.134970
vt 0.216070 0.140530
vt 0.217460 0.137760
vt 0.213150 0.134520
vt 0.213890 0.136670
vt 0.218260 0.133960
vt 0.225110 0.132690
vt 0.215010 0.130600
vt 0.210740 0.132770
vt 0.210940 0.134710
vt 0.210370 0.127680
vt 0.207370 0.130470
vt 0.204840 0.125680
vt 0.214680 0.124060
vt 0.222430 0.127630
vt 0.207640 0.121970
vt 0.219020 0.117220
vt 0.213600 0.108550
vt 0.211380 0.115110
vt 0.221080 0.109980
vt 0.222870 0.104930
vt 0.214130 0.103110
vt 0.224000 0.098790
vt 0.232140 0.100540
vt 0.233820 0.091090
vt 0.241450 0.091750
vt 0.223820 0.089830
vt 0.230940 0.078690
vt 0.226380 0.066440
vt 0.221350 0.078360
vt 0.214890 0.088490
vt 0.211490 0.077810
vt 0.208720 0.067910
vt 0.216490 0.066900
vt 0.202880 0.075910
vt 0.211730 0.057200
vt 0.205160 0.086830
vt 0.194960 0.086410
vt 0.185270 0.087260
vt 0.196520 0.094850
vt 0.206150 0.094890
vt 0.187050 0.095370
vt 0.195580 0.101770
vt 0.205590 0.101760
vt 0.187430 0.102370
vt 0.195460 0.107150
vt 0.187020 0.108320
vt 0.194200 0.114240
vt 0.204900 0.107240
vt 0.203340 0.114000
vt 0.193160 0.119990
vt 0.201420 0.120350
vt 0.184080 0.124860
vt 0.191580 0.123850
vt 0.185130 0.120850
vt 0.185850 0.115350
vt 0.178290 0.121920
vt 0.177750 0.125930
vt 0.171800 0.126980
vt 0.171570 0.130250
vt 0.177370 0.128580
vt 0.183320 0.127530
vt 0.177360 0.130200
vt 0.170960 0.131950
vt 0.165760 0.132100
vt 0.165410 0.134120
vt 0.170360 0.134130
vt 0.160330 0.134770
vt 0.159640 0.132940
vt 0.164960 0.129780
vt 0.157030 0.139880
vt 0.160320 0.136450
vt 0.157070 0.137950
vt 0.155530 0.136920
vt 0.153890 0.134910
vt 0.154890 0.141770
vt 0.157160 0.141270
vt 0.158020 0.142470
vt 0.155760 0.144210
vt 0.153450 0.147150
vt 0.151180 0.140950
vt 0.147450 0.140850
vt 0.150810 0.132600
vt 0.143050 0.139730
vt 0.149500 0.149620
vt 0.143170 0.150860
vt 0.144890 0.160880
vt 0.135270 0.150830
vt 0.156000 0.159100
vt 0.155900 0.170190
vt 0.145030 0.170430
vt 0.134820 0.160990
vt 0.134240 0.179650
vt 0.134580 0.170180
vt 0.144920 0.180110
vt 0.123560 0.178620
vt 0.124240 0.169560
vt 0.125000 0.160660
vt 0.115260 0.160110
vt 0.126740 0.150610
vt 0.113880 0.168860
vt 0.104050 0.160610
vt 0.117700 0.149730
vt 0.129540 0.138490
vt 0.120390 0.137210
vt 0.109270 0.137100
vt 0.106990 0.149600
vt 0.122460 0.122990
vt 0.096050 0.151190
vt 0.100280 0.137720
vt 0.112120 0.123290
vt 0.123620 0.109190
vt 0.114070 0.109960
vt 0.102030 0.124090
vt 0.104600 0.110400
vt 0.095940 0.110010
vt 0.092960 0.121940
vt 0.094000 0.128550
vt 0.095850 0.137960
vt 0.097290 0.130010
vt 0.091840 0.135180
vt 0.087960 0.131970
vt 0.089190 0.146610
vt 0.085650 0.139090
vt 0.085130 0.144360
vt 0.090850 0.152500
vt 0.091950 0.161680
vt 0.092220 0.169470
vt 0.103000 0.168890
vt 0.093150 0.177280
vt 0.102600 0.176200
vt 0.093040 0.181380
vt 0.092940 0.185720
vt 0.101600 0.183240
vt 0.101490 0.190130
vt 0.101560 0.198550
vt 0.092160 0.193420
vt 0.095480 0.204970
vt 0.089260 0.201840
vt 0.088610 0.195260
vt 0.084520 0.201380
vt 0.084880 0.194810
vt 0.079680 0.210640
vt 0.083810 0.212690
vt 0.080670 0.200340
vt 0.075020 0.210530
vt 0.077590 0.193630
vt 0.076290 0.200240
vt 0.081170 0.195340
vt 0.071070 0.197640
vt 0.083780 0.191710
vt 0.076010 0.188330
vt 0.083190 0.190020
vt 0.069620 0.188060
vt 0.074710 0.180320
vt 0.082880 0.189120
vt 0.068770 0.178610
vt 0.063470 0.196720
vt 0.063240 0.185680
vt 0.057820 0.179310
vt 0.063080 0.177750
vt 0.068710 0.167950
vt 0.072920 0.169680
vt 0.071870 0.158780
vt 0.072360 0.151940
vt 0.078980 0.160700
vt 0.079870 0.171070
vt 0.080970 0.181640
vt 0.078310 0.154720
vt 0.078220 0.151170
vt 0.078360 0.148350
vt 0.079740 0.145910
vt 0.081680 0.143370
vt 0.081400 0.137000
vt 0.081930 0.132450
vt 0.084790 0.120420
vt 0.088100 0.109400
vt 0.089970 0.098930
vt 0.097850 0.098420
vt 0.106560 0.097890
vt 0.108220 0.086250
vt 0.099360 0.087550
vt 0.100960 0.076820
vt 0.091130 0.089460
vt 0.091860 0.079910
vt 0.084280 0.092310
vt 0.092590 0.069700
vt 0.102730 0.065680
vt 0.104090 0.055200
vt 0.110390 0.074900
vt 0.112940 0.063400
vt 0.119560 0.073840
vt 0.128070 0.073290
vt 0.117230 0.085260
vt 0.115590 0.097180
vt 0.126050 0.084280
vt 0.124990 0.096240
vt 0.135870 0.072950
vt 0.134510 0.082900
vt 0.142840 0.072460
vt 0.142630 0.080610
vt 0.134210 0.094220
vt 0.142810 0.090690
vt 0.152010 0.077420
vt 0.134480 0.106850
vt 0.144240 0.100980
vt 0.134810 0.121990
vt 0.146420 0.110580
vt 0.150390 0.116960
vt 0.141460 0.126990
vt 0.160060 0.111090
vt 0.157700 0.105020
vt 0.170500 0.106820
vt 0.171360 0.112370
vt 0.162340 0.116130
vt 0.157090 0.125840
vt 0.163850 0.121700
vt 0.154360 0.121030
vt 0.146950 0.129220
vt 0.136770 0.140010
vt 0.158880 0.129560
vt 0.164200 0.126690
vt 0.172140 0.123340
vt 0.171820 0.118320
vt 0.179520 0.110010
vt 0.178950 0.116490
vt 0.179070 0.104260
vt 0.178050 0.097370
vt 0.168890 0.100770
vt 0.156390 0.096510
vt 0.175010 0.089560
vt 0.166650 0.092110
vt 0.154540 0.087280
vt 0.164690 0.083620
vt 0.172480 0.080250
vt 0.062980 0.205460
vt 0.069470 0.208660
vt 0.078980 0.228190
vt 0.083710 0.226190
vt 0.090920 0.229450
vt 0.089680 0.214660
vt 0.097340 0.218130
vt 0.099220 0.232420
vt 0.092490 0.243140
vt 0.102120 0.245730
vt 0.094950 0.257350
vt 0.105480 0.259500
vt 0.109670 0.272970
vt 0.117670 0.262150
vt 0.113020 0.249040
vt 0.109200 0.235330
vt 0.121570 0.239180
vt 0.127030 0.252710
vt 0.133730 0.242260
vt 0.140290 0.255510
vt 0.132210 0.264910
vt 0.121800 0.274410
vt 0.135660 0.276220
vt 0.143840 0.266630
vt 0.155530 0.258930
vt 0.159010 0.270720
vt 0.163090 0.282000
vt 0.148330 0.278270
vt 0.167930 0.293240
vt 0.154320 0.290680
vt 0.141250 0.288940
vt 0.174040 0.262510
vt 0.149290 0.246500
vt 0.127670 0.228010
vt 0.140450 0.230870
vt 0.161520 0.246960
vt 0.124780 0.215800
vt 0.114290 0.213200
vt 0.116960 0.224760
vt 0.123680 0.205460
vt 0.112850 0.202800
vt 0.103550 0.209280
vt 0.105920 0.221250
vt 0.112530 0.193660
vt 0.123350 0.196030
vt 0.112770 0.185380
vt 0.134470 0.188700
vt 0.123370 0.187210
vt 0.134750 0.197450
vt 0.134790 0.207200
vt 0.136270 0.218030
vt 0.145590 0.207880
vt 0.147430 0.218990
vt 0.152010 0.231930
vt 0.162450 0.231270
vt 0.178540 0.241590
vt 0.170590 0.229290
vt 0.171150 0.244850
vt 0.165510 0.218610
vt 0.157690 0.218960
vt 0.183620 0.256550
vt 0.190360 0.252630
vt 0.200230 0.266230
vt 0.203740 0.260440
vt 0.207010 0.254830
vt 0.196330 0.247880
vt 0.209730 0.250050
vt 0.200270 0.243770
vt 0.190110 0.235220
vt 0.185010 0.238330
vt 0.177600 0.227790
vt 0.183750 0.226310
vt 0.194300 0.232900
vt 0.205660 0.236360
vt 0.198430 0.230970
vt 0.203450 0.240320
vt 0.188850 0.225170
vt 0.193420 0.224690
vt 0.185950 0.219120
vt 0.180590 0.218750
vt 0.173290 0.218350
vt 0.178870 0.211340
vt 0.184410 0.213200
vt 0.182870 0.203660
vt 0.177500 0.200700
vt 0.171620 0.209560
vt 0.185320 0.194300
vt 0.181130 0.189490
vt 0.169750 0.196190
vt 0.164720 0.207920
vt 0.156010 0.207760
vt 0.156350 0.197530
vt 0.145470 0.197730
vt 0.156420 0.188890
vt 0.168200 0.187470
vt 0.178520 0.183330
vt 0.166780 0.179020
vt 0.187940 0.179500
vt 0.186000 0.173830
vt 0.176300 0.176790
vt 0.175520 0.169960
vt 0.184840 0.168150
vt 0.192940 0.165750
vt 0.182990 0.162230
vt 0.191440 0.160450
vt 0.181700 0.156350
vt 0.172950 0.156870
vt 0.174070 0.163170
vt 0.165160 0.155340
vt 0.165250 0.162410
vt 0.165950 0.170570
vt 0.165460 0.149900
vt 0.158390 0.152290
vt 0.159640 0.147070
vt 0.165730 0.146460
vt 0.160440 0.143820
vt 0.172900 0.151280
vt 0.172560 0.146360
vt 0.165910 0.143300
vt 0.161540 0.141670
vt 0.162810 0.140810
vt 0.160070 0.140260
vt 0.161510 0.140230
vt 0.160490 0.139030
vt 0.164070 0.139100
vt 0.164190 0.137600
vt 0.170140 0.137760
vt 0.169950 0.135960
vt 0.176420 0.136430
vt 0.176800 0.134170
vt 0.180910 0.135640
vt 0.182060 0.133260
vt 0.186890 0.134600
vt 0.187720 0.132560
vt 0.193860 0.134270
vt 0.194940 0.132220
vt 0.200430 0.134670
vt 0.201140 0.133110
vt 0.201960 0.131590
vt 0.196160 0.130150
vt 0.202900 0.130150
vt 0.207250 0.131800
vt 0.197070 0.128570
vt 0.203520 0.128470
vt 0.197820 0.127500
vt 0.199200 0.124440
vt 0.190360 0.126880
vt 0.183120 0.129250
vt 0.189710 0.128450
vt 0.177070 0.132150
vt 0.182590 0.130920
vt 0.189020 0.130250
vt 0.165120 0.135840
vt 0.160440 0.137690
vt 0.165520 0.141060
vt 0.172550 0.142460
vt 0.171120 0.140380
vt 0.177810 0.141740
vt 0.176620 0.139550
vt 0.186220 0.144300
vt 0.179360 0.145420
vt 0.185040 0.140270
vt 0.192020 0.143680
vt 0.183720 0.138200
vt 0.191060 0.139860
vt 0.198800 0.147610
vt 0.193560 0.148700
vt 0.197430 0.143250
vt 0.201000 0.152140
vt 0.187980 0.149670
vt 0.195680 0.153730
vt 0.202970 0.156780
vt 0.189830 0.154920
vt 0.197420 0.158630
vt 0.180730 0.150760
vt 0.199210 0.163510
vt 0.205200 0.161370
vt 0.207800 0.166020
vt 0.201310 0.168410
vt 0.194360 0.171020
vt 0.196300 0.176130
vt 0.190510 0.184840
vt 0.199750 0.180780
vt 0.203720 0.173160
vt 0.206340 0.177570
vt 0.204610 0.184760
vt 0.193680 0.189480
vt 0.197340 0.194240
vt 0.189170 0.197950
vt 0.192630 0.201770
vt 0.205030 0.190160
vt 0.199690 0.197410
vt 0.187310 0.206630
vt 0.191810 0.209740
vt 0.196480 0.205670
vt 0.190520 0.214810
vt 0.191590 0.219340
vt 0.196530 0.220210
vt 0.195660 0.216660
vt 0.200680 0.218000
vt 0.197020 0.213190
vt 0.203960 0.219230
vt 0.201650 0.215420
vt 0.200990 0.220880
vt 0.197860 0.223930
vt 0.202100 0.223570
vt 0.204000 0.221300
vt 0.204910 0.223340
vt 0.206430 0.221670
vt 0.206390 0.220110
vt 0.208790 0.219040
vt 0.207200 0.218270
vt 0.204960 0.217050
vt 0.208150 0.220720
vt 0.210800 0.217010
vt 0.209510 0.221010
vt 0.210060 0.219310
vt 0.208260 0.221890
vt 0.209570 0.221930
vt 0.210590 0.221130
vt 0.210680 0.221830
vt 0.211000 0.219850
vt 0.211940 0.221230
vt 0.212590 0.219060
vt 0.212090 0.220720
vt 0.212990 0.220520
vt 0.215370 0.218720
vt 0.215210 0.220350
vt 0.219550 0.218180
vt 0.218880 0.220090
vt 0.220190 0.216460
vt 0.224530 0.218000
vt 0.225470 0.216130
vt 0.231170 0.215640
vt 0.230370 0.217640
vt 0.223820 0.219920
vt 0.229900 0.219590
vt 0.234780 0.219420
vt 0.235410 0.217150
vt 0.238830 0.219300
vt 0.235690 0.214890
vt 0.239350 0.216680
vt 0.239520 0.214330
vt 0.242730 0.211490
vt 0.242860 0.214060
vt 0.239190 0.211840
vt 0.242880 0.216470
vt 0.242490 0.219290
vt 0.245270 0.219280
vt 0.245810 0.216470
vt 0.248630 0.216370
vt 0.248540 0.214030
vt 0.245730 0.214050
vt 0.248460 0.211590
vt 0.245650 0.211540
vt 0.250990 0.211610
vt 0.250980 0.214050
vt 0.245690 0.208940
vt 0.248560 0.205940
vt 0.248550 0.209000
vt 0.245740 0.205860
vt 0.242630 0.208890
vt 0.241850 0.203610
vt 0.245190 0.203540
vt 0.242540 0.205810
vt 0.248200 0.203570
vt 0.238080 0.203780
vt 0.238820 0.206460
vt 0.238930 0.209160
vt 0.234900 0.209720
vt 0.235270 0.212470
vt 0.230850 0.213290
vt 0.230350 0.210550
vt 0.229490 0.208160
vt 0.223920 0.209450
vt 0.224980 0.211660
vt 0.225550 0.213950
vt 0.220170 0.214880
vt 0.214900 0.215820
vt 0.213910 0.214580
vt 0.219620 0.212990
vt 0.211790 0.212650
vt 0.217860 0.211080
vt 0.215520 0.207560
vt 0.209040 0.209390
vt 0.206040 0.205720
vt 0.222080 0.205980
vt 0.212740 0.202940
vt 0.200800 0.209390
vt 0.210230 0.198860
vt 0.202400 0.201470
vt 0.204360 0.212480
vt 0.207390 0.214760
vt 0.209310 0.216240
vt 0.218340 0.197630
vt 0.208230 0.194730
vt 0.217030 0.193290
vt 0.211720 0.188040
vt 0.208830 0.182450
vt 0.214960 0.187710
vt 0.218590 0.191060
vt 0.213510 0.183690
vt 0.217230 0.186770
vt 0.219740 0.189760
vt 0.216070 0.183910
vt 0.222590 0.188950
vt 0.218480 0.183650
vt 0.220190 0.186050
vt 0.225320 0.187060
vt 0.225970 0.191290
vt 0.223150 0.192700
vt 0.228950 0.192210
vt 0.228010 0.189240
vt 0.230450 0.190390
vt 0.231690 0.189430
vt 0.228100 0.185560
vt 0.230130 0.187790
vt 0.223490 0.184270
vt 0.226770 0.183020
vt 0.231590 0.184310
vt 0.230980 0.182170
vt 0.221740 0.181950
vt 0.230040 0.180090
vt 0.225700 0.180840
vt 0.220950 0.179470
vt 0.217880 0.180900
vt 0.220440 0.177070
vt 0.217860 0.178620
vt 0.217150 0.178220
vt 0.215740 0.181020
vt 0.213220 0.175940
vt 0.212730 0.181490
vt 0.217070 0.172200
vt 0.215390 0.168490
vt 0.211040 0.170760
vt 0.218120 0.161590
vt 0.213120 0.163760
vt 0.219700 0.166250
vt 0.225800 0.168730
vt 0.224410 0.164450
vt 0.221470 0.170220
vt 0.229190 0.162790
vt 0.230610 0.167480
vt 0.235260 0.166480
vt 0.234510 0.161380
vt 0.240300 0.169830
vt 0.239620 0.165860
vt 0.236290 0.170400
vt 0.232880 0.174290
vt 0.237320 0.173800
vt 0.241150 0.173410
vt 0.232160 0.171410
vt 0.227190 0.172800
vt 0.222940 0.173690
vt 0.228190 0.175170
vt 0.219260 0.175330
vt 0.223940 0.176060
vt 0.224840 0.178560
vt 0.229200 0.177750
vt 0.233750 0.177100
vt 0.234360 0.179500
vt 0.238070 0.176800
vt 0.238400 0.179290
vt 0.242080 0.176720
vt 0.235060 0.181710
vt 0.239030 0.181520
vt 0.242180 0.179240
vt 0.242640 0.181480
vt 0.245200 0.176780
vt 0.245410 0.179290
vt 0.248040 0.176720
vt 0.248270 0.179280
vt 0.245650 0.181430
vt 0.242720 0.183700
vt 0.245620 0.183410
vt 0.248380 0.181390
vt 0.250960 0.181350
vt 0.250940 0.179310
vt 0.248380 0.183110
vt 0.253640 0.179270
vt 0.253830 0.176760
vt 0.250950 0.176720
vt 0.250950 0.173430
vt 0.248080 0.173500
vt 0.250990 0.169430
vt 0.253780 0.173510
vt 0.244780 0.173370
vt 0.247830 0.169630
vt 0.244200 0.169590
vt 0.243670 0.165440
vt 0.247590 0.165370
vt 0.250990 0.165440
vt 0.247340 0.159960
vt 0.243100 0.160320
vt 0.251000 0.159860
vt 0.242730 0.154530
vt 0.247100 0.153890
vt 0.238900 0.160750
vt 0.254910 0.153940
vt 0.251020 0.153310
vt 0.254700 0.160010
vt 0.251020 0.146900
vt 0.254830 0.147400
vt 0.259260 0.154630
vt 0.259320 0.148140
vt 0.254470 0.140650
vt 0.263830 0.155260
vt 0.264390 0.148720
vt 0.258990 0.141320
vt 0.264940 0.141310
vt 0.254580 0.135470
vt 0.258860 0.135550
vt 0.254600 0.130280
vt 0.251000 0.124830
vt 0.254310 0.124870
vt 0.258790 0.130160
vt 0.253790 0.120410
vt 0.251010 0.120660
vt 0.250990 0.115730
vt 0.248240 0.120390
vt 0.250970 0.109780
vt 0.264670 0.135810
vt 0.258900 0.160410
vt 0.263090 0.160890
vt 0.262390 0.165980
vt 0.258360 0.165490
vt 0.257600 0.169660
vt 0.254490 0.165350
vt 0.254170 0.169620
vt 0.256640 0.173580
vt 0.259880 0.176660
vt 0.256760 0.176790
vt 0.260260 0.173520
vt 0.261430 0.170000
vt 0.256550 0.179250
vt 0.259820 0.179150
vt 0.256370 0.181400
vt 0.253610 0.181360
vt 0.259260 0.183700
vt 0.256400 0.183440
vt 0.259380 0.181410
vt 0.253640 0.183080
vt 0.256640 0.185630
vt 0.259290 0.186160
vt 0.253980 0.186470
vt 0.256520 0.187880
vt 0.253940 0.184750
vt 0.250980 0.182980
vt 0.250990 0.184490
vt 0.250930 0.186060
vt 0.248110 0.184820
vt 0.245320 0.185610
vt 0.247900 0.186450
vt 0.248060 0.190180
vt 0.245410 0.187940
vt 0.248900 0.188460
vt 0.250940 0.188400
vt 0.250940 0.190230
vt 0.248660 0.191510
vt 0.250930 0.191420
vt 0.253820 0.190220
vt 0.253200 0.191460
vt 0.257470 0.190310
vt 0.252970 0.188450
vt 0.256740 0.191770
vt 0.261240 0.192060
vt 0.262680 0.191470
vt 0.259390 0.188760
vt 0.264530 0.190810
vt 0.262300 0.188100
vt 0.266430 0.190770
vt 0.265550 0.188160
vt 0.267850 0.191190
vt 0.268230 0.188530
vt 0.268940 0.191790
vt 0.270300 0.189370
vt 0.268940 0.192380
vt 0.269210 0.186220
vt 0.272000 0.187540
vt 0.271540 0.190440
vt 0.268950 0.192940
vt 0.271300 0.192160
vt 0.273640 0.191450
vt 0.277230 0.189290
vt 0.274960 0.188180
vt 0.281820 0.189700
vt 0.279900 0.188070
vt 0.277960 0.191560
vt 0.283140 0.191240
vt 0.278220 0.193330
vt 0.272640 0.195420
vt 0.273240 0.194070
vt 0.270160 0.194460
vt 0.268590 0.195590
vt 0.265700 0.194530
vt 0.266250 0.196610
vt 0.264180 0.194940
vt 0.267740 0.193970
vt 0.262570 0.194980
vt 0.262390 0.197230
vt 0.261360 0.195010
vt 0.259890 0.196580
vt 0.260060 0.194530
vt 0.256320 0.193290
vt 0.257200 0.195180
vt 0.259930 0.193670
vt 0.260170 0.192730
vt 0.254870 0.195390
vt 0.253430 0.193120
vt 0.253290 0.195440
vt 0.257290 0.197530
vt 0.260750 0.200880
vt 0.261400 0.199120
vt 0.257100 0.200400
vt 0.253500 0.197860
vt 0.250960 0.197980
vt 0.253830 0.200380
vt 0.256760 0.203580
vt 0.253710 0.203620
vt 0.250930 0.200550
vt 0.256200 0.205880
vt 0.253400 0.205960
vt 0.250980 0.203480
vt 0.250980 0.205880
vt 0.256230 0.208900
vt 0.253390 0.208990
vt 0.250970 0.209170
vt 0.253480 0.211550
vt 0.256220 0.213980
vt 0.256300 0.211450
vt 0.253400 0.214030
vt 0.256110 0.216340
vt 0.253260 0.216310
vt 0.259120 0.214010
vt 0.259060 0.216380
vt 0.256640 0.219280
vt 0.259410 0.219290
vt 0.253630 0.219320
vt 0.250970 0.216230
vt 0.250960 0.219350
vt 0.248270 0.219320
vt 0.262570 0.216650
vt 0.263080 0.219300
vt 0.266570 0.217190
vt 0.262470 0.214320
vt 0.266270 0.214940
vt 0.262800 0.211820
vt 0.259280 0.211450
vt 0.259340 0.208860
vt 0.259450 0.205810
vt 0.263040 0.209130
vt 0.263100 0.206430
vt 0.266680 0.212500
vt 0.267090 0.209770
vt 0.270840 0.215810
vt 0.271180 0.213410
vt 0.271670 0.210540
vt 0.278270 0.209660
vt 0.272560 0.208150
vt 0.276940 0.212240
vt 0.276340 0.214430
vt 0.274200 0.205030
vt 0.267750 0.207120
vt 0.268770 0.204010
vt 0.263830 0.203790
vt 0.264770 0.201220
vt 0.260110 0.203630
vt 0.269890 0.200520
vt 0.275840 0.200760
vt 0.270910 0.198180
vt 0.265550 0.199240
vt 0.271910 0.196600
vt 0.278010 0.195380
vt 0.277120 0.197680
vt 0.284810 0.193260
vt 0.283600 0.197680
vt 0.293550 0.195150
vt 0.290260 0.188510
vt 0.300040 0.186420
vt 0.297030 0.190970
vt 0.286970 0.188070
vt 0.304470 0.194310
vt 0.301780 0.198060
vt 0.316590 0.194370
vt 0.312710 0.198010
vt 0.308210 0.189520
vt 0.314470 0.206790
vt 0.318960 0.203790
vt 0.309170 0.201790
vt 0.310000 0.210130
vt 0.305500 0.205810
vt 0.304960 0.213530
vt 0.301330 0.209440
vt 0.299340 0.201840
vt 0.291580 0.199190
vt 0.295980 0.205960
vt 0.293050 0.209710
vt 0.286660 0.207610
vt 0.289270 0.203120
vt 0.280030 0.206050
vt 0.282180 0.201470
vt 0.290440 0.213170
vt 0.284610 0.211920
vt 0.294840 0.215300
vt 0.282930 0.214130
vt 0.288230 0.215430
vt 0.297830 0.212810
vt 0.294620 0.218860
vt 0.297030 0.217670
vt 0.292440 0.217020
vt 0.287160 0.216750
vt 0.291110 0.217740
vt 0.293090 0.219580
vt 0.291860 0.219900
vt 0.286500 0.217880
vt 0.290390 0.218430
vt 0.292250 0.221310
vt 0.289500 0.219560
vt 0.290880 0.220290
vt 0.291270 0.221360
vt 0.289920 0.221750
vt 0.291210 0.222180
vt 0.289970 0.221560
vt 0.289820 0.220990
vt 0.288920 0.220700
vt 0.286550 0.219080
vt 0.286700 0.220390
vt 0.281750 0.217130
vt 0.282370 0.218500
vt 0.277160 0.218180
vt 0.283030 0.220090
vt 0.278090 0.219920
vt 0.271580 0.217800
vt 0.272000 0.219590
vt 0.267120 0.219420
vt 0.276450 0.216300
vt 0.282020 0.215800
vt 0.289890 0.221890
vt 0.290780 0.222930
vt 0.289160 0.222140
vt 0.289350 0.223400
vt 0.286040 0.222110
vt 0.279820 0.223880
vt 0.279690 0.222150
vt 0.285970 0.223560
vt 0.280170 0.225390
vt 0.286870 0.224800
vt 0.280670 0.227080
vt 0.290450 0.224030
vt 0.287620 0.225940
vt 0.291550 0.224470
vt 0.281330 0.229010
vt 0.288200 0.227030
vt 0.294620 0.223770
vt 0.292990 0.223680
vt 0.292860 0.224960
vt 0.294510 0.225780
vt 0.296960 0.223920
vt 0.295380 0.222190
vt 0.289410 0.228550
vt 0.291650 0.230410
vt 0.296700 0.227060
vt 0.299860 0.224070
vt 0.284170 0.234160
vt 0.293650 0.233050
vt 0.282500 0.231280
vt 0.299670 0.229030
vt 0.296320 0.236710
vt 0.303530 0.231250
vt 0.286020 0.236920
vt 0.307390 0.233460
vt 0.313020 0.226270
vt 0.308260 0.225530
vt 0.315970 0.219350
vt 0.318130 0.226630
vt 0.321330 0.218940
vt 0.322860 0.211420
vt 0.330050 0.209610
vt 0.328580 0.218510
vt 0.324380 0.200710
vt 0.317380 0.213320
vt 0.310510 0.219990
vt 0.311360 0.215000
vt 0.305250 0.220620
vt 0.306160 0.217150
vt 0.301210 0.218570
vt 0.300370 0.215940
vt 0.300920 0.221340
vt 0.297860 0.219940
vt 0.303850 0.224590
vt 0.297820 0.221920
vt 0.295440 0.220630
vt 0.293670 0.221090
vt 0.292220 0.222340
vt 0.293600 0.222310
vt 0.291770 0.223490
vt 0.337220 0.207990
vt 0.332210 0.195860
vt 0.320790 0.189500
vt 0.345590 0.197570
vt 0.333670 0.187550
vt 0.345510 0.188920
vt 0.345820 0.179950
vt 0.356620 0.189290
vt 0.334990 0.179140
vt 0.323360 0.183360
vt 0.325560 0.176910
vt 0.326350 0.170090
vt 0.345920 0.170240
vt 0.335820 0.170680
vt 0.357000 0.160880
vt 0.356840 0.170440
vt 0.345890 0.159120
vt 0.356970 0.180110
vt 0.336700 0.162430
vt 0.336940 0.155480
vt 0.343480 0.152350
vt 0.352400 0.149620
vt 0.336340 0.150030
vt 0.342220 0.147290
vt 0.346140 0.144170
vt 0.348440 0.147160
vt 0.354450 0.140840
vt 0.350720 0.140870
vt 0.347020 0.141950
vt 0.344840 0.138030
vt 0.344900 0.139950
vt 0.344790 0.141280
vt 0.343980 0.142420
vt 0.348010 0.134910
vt 0.346370 0.137270
vt 0.351070 0.132590
vt 0.344810 0.125850
vt 0.347520 0.121040
vt 0.351390 0.116910
vt 0.360280 0.126900
vt 0.354870 0.129200
vt 0.358810 0.139710
vt 0.365010 0.139920
vt 0.375010 0.150560
vt 0.366560 0.150810
vt 0.372170 0.138460
vt 0.366840 0.121880
vt 0.381300 0.137040
vt 0.384020 0.149630
vt 0.397640 0.160500
vt 0.386500 0.160060
vt 0.394610 0.149350
vt 0.392390 0.136860
vt 0.378970 0.122770
vt 0.389520 0.123100
vt 0.401290 0.137460
vt 0.405180 0.150610
vt 0.367100 0.106750
vt 0.377330 0.108910
vt 0.357370 0.100880
vt 0.367430 0.094100
vt 0.358960 0.090610
vt 0.346250 0.096480
vt 0.355240 0.110510
vt 0.349370 0.086140
vt 0.350950 0.077390
vt 0.340230 0.072510
vt 0.359200 0.080560
vt 0.353040 0.070400
vt 0.356780 0.066190
vt 0.345350 0.066140
vt 0.359030 0.072430
vt 0.350690 0.059680
vt 0.342320 0.053740
vt 0.347820 0.045830
vt 0.338200 0.045170
vt 0.333120 0.049730
vt 0.333610 0.042020
vt 0.325040 0.045000
vt 0.336900 0.035930
vt 0.359910 0.042590
vt 0.352940 0.032240
vt 0.328330 0.023230
vt 0.318550 0.038210
vt 0.289640 0.037980
vt 0.309040 0.028380
vt 0.320080 0.008590
vt 0.298190 0.015510
vt 0.346320 0.020120
vt 0.340240 0.006130
vt 0.363350 0.018830
vt 0.359640 0.005200
vt 0.367550 0.030890
vt 0.379400 0.019300
vt 0.381730 0.031450
vt 0.371720 0.041550
vt 0.384140 0.042300
vt 0.375770 0.051910
vt 0.394970 0.033740
vt 0.396410 0.044920
vt 0.386640 0.052700
vt 0.399170 0.065670
vt 0.388950 0.063390
vt 0.397810 0.055200
vt 0.379270 0.062540
vt 0.370840 0.062710
vt 0.382310 0.073810
vt 0.391480 0.074880
vt 0.400920 0.076790
vt 0.393620 0.086190
vt 0.403980 0.098330
vt 0.395230 0.097790
vt 0.402500 0.087500
vt 0.384580 0.085190
vt 0.386110 0.097070
vt 0.375720 0.084200
vt 0.373790 0.073260
vt 0.363170 0.063790
vt 0.365980 0.072910
vt 0.357450 0.054820
vt 0.366120 0.052500
vt 0.367240 0.082810
vt 0.376520 0.096080
vt 0.387550 0.109770
vt 0.399740 0.123980
vt 0.397150 0.110240
vt 0.407840 0.128720
vt 0.405970 0.137850
vt 0.404530 0.129970
vt 0.409990 0.135280
vt 0.411060 0.152500
vt 0.409960 0.161680
vt 0.409690 0.169470
vt 0.408760 0.177280
vt 0.398680 0.168860
vt 0.387840 0.168850
vt 0.398810 0.176320
vt 0.388550 0.177420
vt 0.377540 0.169550
vt 0.378200 0.178620
vt 0.367280 0.170180
vt 0.376770 0.160620
vt 0.367040 0.160970
vt 0.367640 0.179650
vt 0.367350 0.188720
vt 0.378330 0.187270
vt 0.367030 0.197480
vt 0.356420 0.197760
vt 0.356230 0.207930
vt 0.366940 0.207240
vt 0.378290 0.196100
vt 0.345910 0.207820
vt 0.344130 0.219070
vt 0.354310 0.219070
vt 0.336360 0.218730
vt 0.339250 0.231460
vt 0.339900 0.247240
vt 0.330360 0.245210
vt 0.323170 0.241960
vt 0.331220 0.229490
vt 0.349570 0.232110
vt 0.361100 0.230950
vt 0.365390 0.218080
vt 0.377910 0.205530
vt 0.376790 0.215830
vt 0.388870 0.193810
vt 0.388540 0.202970
vt 0.399460 0.190440
vt 0.399340 0.198990
vt 0.408970 0.185720
vt 0.399530 0.183430
vt 0.388750 0.185480
vt 0.408860 0.181380
vt 0.409760 0.193420
vt 0.352100 0.246620
vt 0.345580 0.259130
vt 0.327220 0.262810
vt 0.317830 0.256980
vt 0.305770 0.274100
vt 0.305980 0.282970
vt 0.301420 0.266600
vt 0.298100 0.260780
vt 0.285750 0.266010
vt 0.294940 0.255120
vt 0.311250 0.253060
vt 0.284780 0.260050
vt 0.275910 0.268440
vt 0.276100 0.262640
vt 0.267270 0.264330
vt 0.267170 0.258970
vt 0.275380 0.257330
vt 0.274260 0.252360
vt 0.283880 0.254590
vt 0.282300 0.249630
vt 0.272720 0.247910
vt 0.266230 0.254060
vt 0.265740 0.249370
vt 0.257270 0.250900
vt 0.258080 0.255330
vt 0.258840 0.259990
vt 0.251120 0.260830
vt 0.259100 0.265060
vt 0.243230 0.265100
vt 0.251110 0.265570
vt 0.243370 0.260070
vt 0.250990 0.255850
vt 0.250890 0.251270
vt 0.243900 0.255360
vt 0.235040 0.258930
vt 0.235770 0.254040
vt 0.244510 0.250820
vt 0.226710 0.257200
vt 0.227680 0.252230
vt 0.229130 0.247780
vt 0.236040 0.249360
vt 0.230790 0.243390
vt 0.237620 0.245250
vt 0.245420 0.246590
vt 0.245680 0.242940
vt 0.250770 0.243370
vt 0.250780 0.247050
vt 0.256150 0.246780
vt 0.264080 0.245450
vt 0.255910 0.243210
vt 0.262940 0.242090
vt 0.255570 0.238630
vt 0.250870 0.238660
vt 0.246210 0.238380
vt 0.250940 0.233770
vt 0.245860 0.233800
vt 0.239410 0.237350
vt 0.238830 0.241650
vt 0.232100 0.239350
vt 0.224190 0.240480
vt 0.233520 0.235580
vt 0.225330 0.236650
vt 0.219580 0.230330
vt 0.217950 0.233310
vt 0.226810 0.233200
vt 0.210640 0.229750
vt 0.208360 0.232690
vt 0.216040 0.236470
vt 0.202310 0.228680
vt 0.205360 0.226470
vt 0.207560 0.225180
vt 0.209140 0.224510
vt 0.207180 0.223280
vt 0.212870 0.227760
vt 0.220690 0.228150
vt 0.213930 0.226440
vt 0.214440 0.225250
vt 0.210250 0.223850
vt 0.211330 0.223540
vt 0.208800 0.223160
vt 0.209920 0.222950
vt 0.211010 0.222590
vt 0.212610 0.223050
vt 0.215870 0.221790
vt 0.216180 0.223380
vt 0.215420 0.224280
vt 0.212750 0.221760
vt 0.222140 0.223510
vt 0.222210 0.221970
vt 0.228180 0.225700
vt 0.221860 0.224790
vt 0.228450 0.224510
vt 0.228330 0.227950
vt 0.221300 0.226410
vt 0.227660 0.230140
vt 0.234430 0.232070
vt 0.240420 0.229990
vt 0.234930 0.229230
vt 0.240390 0.233430
vt 0.245630 0.230340
vt 0.250960 0.230450
vt 0.250960 0.227840
vt 0.245690 0.227680
vt 0.240340 0.227470
vt 0.245340 0.225170
vt 0.250960 0.225210
vt 0.256330 0.227670
vt 0.256630 0.225090
vt 0.257290 0.222150
vt 0.250960 0.222240
vt 0.244620 0.222280
vt 0.238550 0.222290
vt 0.239670 0.225180
vt 0.233470 0.222330
vt 0.228060 0.222300
vt 0.234170 0.224920
vt 0.234550 0.226950
vt 0.261510 0.230230
vt 0.261580 0.227550
vt 0.256330 0.230420
vt 0.267000 0.229630
vt 0.267530 0.232630
vt 0.261470 0.233800
vt 0.267280 0.227160
vt 0.273790 0.228380
vt 0.273730 0.226210
vt 0.267720 0.224920
vt 0.262320 0.225080
vt 0.273530 0.224520
vt 0.268440 0.222130
vt 0.273850 0.222220
vt 0.263360 0.222080
vt 0.274370 0.230890
vt 0.275360 0.234020
vt 0.268420 0.236310
vt 0.276770 0.237470
vt 0.269800 0.240020
vt 0.277770 0.240910
vt 0.262370 0.237880
vt 0.271050 0.243670
vt 0.256030 0.233970
vt 0.280120 0.245370
vt 0.287820 0.241580
vt 0.290260 0.245620
vt 0.298450 0.240840
vt 0.301470 0.244330
vt 0.292230 0.250310
vt 0.311180 0.235870
vt 0.305320 0.248290
vt 0.316030 0.238810
vt 0.324250 0.228050
vt 0.212020 0.221520
vt 0.211980 0.221400
vt 0.214160 0.241230
vt 0.221780 0.245170
vt 0.219630 0.249470
vt 0.211670 0.245280
vt 0.218160 0.254410
vt 0.217290 0.259880
vt 0.216120 0.265730
vt 0.226010 0.262440
vt 0.226060 0.268280
vt 0.235070 0.264310
vt 0.251090 0.270620
vt 0.259110 0.270400
vt 0.267180 0.270250
vt 0.257550 0.275420
vt 0.357410 0.266750
vt 0.342200 0.270890
vt 0.411880 0.098860
vt 0.410750 0.089420
vt 0.417600 0.092280
vt 0.425130 0.091370
vt 0.410030 0.079880
vt 0.418270 0.084560
vt 0.427740 0.083600
vt 0.430170 0.074590
vt 0.419980 0.065950
vt 0.419090 0.075620
vt 0.420820 0.055940
vt 0.408990 0.059620
vt 0.409300 0.069680
vt 0.408680 0.049430
vt 0.421550 0.044570
vt 0.408190 0.037870
vt 0.422040 0.031580
vt 0.407680 0.024890
vt 0.393710 0.021240
vt 0.392580 0.007190
vt 0.377620 0.005580
vt 0.406880 0.009950
vt 0.422300 0.016830
vt 0.438100 0.025760
vt 0.436270 0.040940
vt 0.453590 0.038320
vt 0.449400 0.053280
vt 0.461170 0.069000
vt 0.468490 0.055320
vt 0.470920 0.087260
vt 0.480360 0.076300
vt 0.478540 0.109150
vt 0.489220 0.101770
vt 0.481970 0.132670
vt 0.490930 0.127960
vt 0.491540 0.154740
vt 0.483390 0.157170
vt 0.464120 0.097310
vt 0.457930 0.106580
vt 0.455870 0.080290
vt 0.451070 0.090070
vt 0.451750 0.114860
vt 0.446120 0.098960
vt 0.442520 0.076120
vt 0.445970 0.065650
vt 0.445840 0.121110
vt 0.438950 0.085520
vt 0.432340 0.064750
vt 0.434460 0.053810
vt 0.358720 0.150860
vt 0.341430 0.144140
vt 0.341840 0.140260
vt 0.341570 0.139230
vt 0.341540 0.137820
vt 0.337940 0.139110
vt 0.337420 0.137420
vt 0.336900 0.135780
vt 0.341550 0.136550
vt 0.331410 0.135590
vt 0.331780 0.137760
vt 0.325490 0.136430
vt 0.325280 0.134190
vt 0.320990 0.135640
vt 0.319760 0.132930
vt 0.314220 0.132580
vt 0.314840 0.134610
vt 0.308050 0.134270
vt 0.306780 0.132260
vt 0.312960 0.130280
vt 0.319300 0.130920
vt 0.324970 0.132300
vt 0.340350 0.142240
vt 0.335990 0.146680
vt 0.329030 0.151340
vt 0.329150 0.146540
vt 0.335780 0.143570
vt 0.336390 0.141060
vt 0.339110 0.140810
vt 0.340400 0.140230
vt 0.329090 0.156860
vt 0.319040 0.162260
vt 0.327960 0.163170
vt 0.309090 0.165810
vt 0.317120 0.168250
vt 0.315890 0.173920
vt 0.307460 0.171110
vt 0.314040 0.179550
vt 0.305030 0.176170
vt 0.302360 0.181510
vt 0.311430 0.184890
vt 0.248140 0.200450
vt 0.248370 0.197860
vt 0.244840 0.200340
vt 0.244620 0.197450
vt 0.241320 0.200860
vt 0.242110 0.196540
vt 0.246900 0.195370
vt 0.240600 0.199110
vt 0.239520 0.197130
vt 0.237210 0.201110
vt 0.236460 0.199190
vt 0.235410 0.196670
vt 0.228610 0.195280
vt 0.229490 0.196660
vt 0.232740 0.195840
vt 0.230900 0.198090
vt 0.239330 0.194980
vt 0.237730 0.194940
vt 0.236200 0.194530
vt 0.234170 0.193970
vt 0.230570 0.192380
vt 0.231390 0.194590
vt 0.232960 0.192940
vt 0.227750 0.194050
vt 0.232960 0.192380
vt 0.232970 0.191790
vt 0.233770 0.188510
vt 0.234060 0.191190
vt 0.236400 0.188220
vt 0.235480 0.190770
vt 0.239620 0.188170
vt 0.237380 0.190810
vt 0.242550 0.188710
vt 0.239230 0.191470
vt 0.242740 0.186080
vt 0.244420 0.190310
vt 0.240670 0.192060
vt 0.241740 0.192730
vt 0.245140 0.191790
vt 0.245520 0.193320
vt 0.241980 0.193670
vt 0.241850 0.194530
vt 0.244700 0.195180
vt 0.240550 0.195010
vt 0.248470 0.193130
vt 0.251010 0.195540
vt 0.248730 0.195410
vt 0.250900 0.193150
vt 0.239790 0.185740
vt 0.236150 0.185960
vt 0.239370 0.183550
vt 0.235540 0.183790
vt 0.232780 0.186470
vt 0.222960 0.193580
vt 0.223580 0.195520
vt 0.224800 0.197830
vt 0.219870 0.201420
vt 0.226160 0.200670
vt 0.227800 0.204920
vt 0.234220 0.207080
vt 0.233220 0.204010
vt 0.232060 0.200700
vt 0.276770 0.186260
vt 0.275180 0.182660
vt 0.273730 0.185190
vt 0.271050 0.181860
vt 0.276260 0.180490
vt 0.272070 0.179740
vt 0.277230 0.178230
vt 0.272970 0.177430
vt 0.278020 0.175890
vt 0.268290 0.176910
vt 0.267670 0.179290
vt 0.263600 0.179140
vt 0.266950 0.181560
vt 0.263900 0.176640
vt 0.262990 0.181380
vt 0.262530 0.183400
vt 0.266410 0.183620
vt 0.265860 0.185800
vt 0.270390 0.184030
vt 0.262240 0.185590
vt 0.264590 0.173710
vt 0.210900 0.159210
vt 0.208490 0.154920
vt 0.206010 0.150590
vt 0.203730 0.146570
vt 0.201880 0.142770
vt 0.197140 0.139720
vt 0.201490 0.139490
vt 0.201780 0.137550
vt 0.196850 0.137320
vt 0.190460 0.137080
vt 0.215590 0.217160
vt 0.211770 0.217970
vt 0.156100 0.179930
vt 0.145280 0.189280
vt 0.195660 0.273770
vt 0.113080 0.177370
vt 0.215500 0.096880
vt 0.269760 0.100550
vt 0.279010 0.104930
vt 0.277890 0.098780
vt 0.287750 0.103100
vt 0.286360 0.096900
vt 0.288320 0.108550
vt 0.296990 0.107260
vt 0.290570 0.115180
vt 0.298640 0.114030
vt 0.300470 0.120270
vt 0.294180 0.121930
vt 0.302720 0.124400
vt 0.308750 0.119920
vt 0.316770 0.120810
vt 0.307750 0.114150
vt 0.323640 0.121970
vt 0.168290 0.042020
vt 0.163710 0.045170
vt 0.033420 0.055320
vt 0.030980 0.087270
vt 0.021550 0.076300
vt 0.023370 0.109150
vt 0.012690 0.101770
vt 0.019930 0.132670
vt 0.010980 0.127960
vt 0.028060 0.138660
vt 0.018510 0.157170
vt 0.010370 0.154740
vt 0.026700 0.161630
vt 0.027360 0.184170
vt 0.035990 0.187050
vt 0.031440 0.116910
vt 0.037780 0.097310
vt 0.038940 0.125200
vt 0.011810 0.311980
vt 0.026620 0.328970
vt 0.011800 0.334220
vt 0.027520 0.346030
vt 0.011790 0.350310
vt 0.027900 0.357650
vt 0.011780 0.359950
vt 0.028220 0.366730
vt 0.011780 0.366740
vt 0.028280 0.378440
vt 0.011670 0.378580
vt 0.027900 0.390340
vt 0.012260 0.391720
vt 0.046710 0.392120
vt 0.045080 0.379200
vt 0.061900 0.391490
vt 0.075680 0.378940
vt 0.074160 0.391130
vt 0.060630 0.378870
vt 0.087730 0.390870
vt 0.089880 0.379030
vt 0.103310 0.378840
vt 0.101130 0.391250
vt 0.116810 0.378160
vt 0.113810 0.390630
vt 0.127670 0.391130
vt 0.143850 0.391770
vt 0.144980 0.377030
vt 0.130620 0.377530
vt 0.144320 0.364060
vt 0.130320 0.365310
vt 0.128020 0.352550
vt 0.115290 0.353390
vt 0.116840 0.366160
vt 0.111890 0.338840
vt 0.124050 0.338030
vt 0.141540 0.351260
vt 0.155890 0.350340
vt 0.158970 0.363570
vt 0.159990 0.376630
vt 0.175060 0.377080
vt 0.174150 0.363870
vt 0.159920 0.392110
vt 0.175190 0.392210
vt 0.189130 0.392220
vt 0.190070 0.377370
vt 0.202320 0.392030
vt 0.205690 0.376900
vt 0.215980 0.391570
vt 0.235270 0.378380
vt 0.220770 0.377860
vt 0.232260 0.391030
vt 0.251080 0.365610
vt 0.236180 0.365210
vt 0.250890 0.378330
vt 0.250970 0.353650
vt 0.221930 0.363860
vt 0.236200 0.353570
vt 0.205570 0.364440
vt 0.221220 0.353730
vt 0.204870 0.352740
vt 0.219540 0.340480
vt 0.235910 0.341800
vt 0.235650 0.330470
vt 0.250970 0.342060
vt 0.234950 0.318810
vt 0.221380 0.328100
vt 0.234170 0.307400
vt 0.265760 0.353590
vt 0.265730 0.365570
vt 0.280210 0.364760
vt 0.281030 0.377840
vt 0.266440 0.378550
vt 0.285930 0.391570
vt 0.269650 0.391030
vt 0.296290 0.376970
vt 0.299590 0.392030
vt 0.312110 0.377750
vt 0.312780 0.392220
vt 0.326950 0.377590
vt 0.326730 0.392210
vt 0.342790 0.364030
vt 0.327760 0.364240
vt 0.341750 0.377580
vt 0.312260 0.364390
vt 0.357610 0.364380
vt 0.356840 0.378090
vt 0.342000 0.392110
vt 0.358060 0.391770
vt 0.374240 0.391130
vt 0.371470 0.378090
vt 0.384860 0.377900
vt 0.388100 0.390630
vt 0.400780 0.391250
vt 0.398120 0.378800
vt 0.398020 0.366670
vt 0.384640 0.365850
vt 0.399210 0.354160
vt 0.412370 0.355060
vt 0.402140 0.339470
vt 0.389870 0.338850
vt 0.386370 0.353240
vt 0.373630 0.352510
vt 0.377630 0.338200
vt 0.395100 0.322050
vt 0.406980 0.321930
vt 0.401370 0.304740
vt 0.360300 0.351550
vt 0.345940 0.350830
vt 0.335110 0.338110
vt 0.330080 0.350960
vt 0.371400 0.365000
vt 0.296590 0.364700
vt 0.250960 0.390910
vt 0.189770 0.364200
vt 0.106560 0.321940
vt 0.099680 0.339560
vt 0.094710 0.321820
vt 0.102500 0.354230
vt 0.082760 0.322140
vt 0.086880 0.339310
vt 0.089410 0.355090
vt 0.070190 0.323060
vt 0.077450 0.303590
vt 0.074390 0.341280
vt 0.065560 0.303800
vt 0.056180 0.323920
vt 0.059160 0.341170
vt 0.043330 0.342340
vt 0.041580 0.325490
vt 0.059950 0.355270
vt 0.044000 0.356030
vt 0.060200 0.367090
vt 0.044460 0.367220
vt 0.075500 0.367030
vt 0.090030 0.367070
vt 0.075290 0.355580
vt 0.103480 0.366840
vt 0.447520 0.249860
vt 0.444780 0.267000
vt 0.441000 0.283880
vt 0.456910 0.264920
vt 0.449070 0.304590
s 1
usemtl Hairmat
f 1/1/1 2/2/2 3/3/3
f 3/3/3 2/2/2 4/4/4
f 5/5/5 6/6/6 7/7/7
f 5/5/5 7/7/7 8/8/8
f 9/9/9 10/10/10 11/11/11
f 9/9/9 11/11/11 12/12/12
f 13/13/13 14/14/14 15/15/15
f 13/13/13 15/15/15 16/16/16
f 17/17/17 18/18/18 10/10/10
f 17/17/17 10/10/10 9/9/9
f 19/19/19 20/20/20 14/14/14
f 19/19/19 14/14/14 13/13/13
f 21/21/21 22/22/22 23/23/23
f 21/21/21 23/23/23 24/24/24
f 25/25/25 26/26/26 22/22/22
f 25/25/25 22/22/22 21/21/21
f 14/14/14 21/21/21 24/24/24
f 14/14/14 24/24/24 15/15/15
f 20/20/20 25/25/25 21/21/21
f 20/20/20 21/21/21 14/14/14
f 26/26/26 27/27/27 28/28/28
f 26/26/26 28/28/28 22/22/22
f 22/22/22 28/28/28 29/29/29
f 22/22/22 29/29/29 23/23/23
f 28/28/28 9/9/9 12/12/12
f 28/28/28 12/12/12 29/29/29
f 27/27/27 17/17/17 9/9/9
f 27/27/27 9/9/9 28/28/28
f 30/30/30 31/31/31 32/32/32
f 30/30/30 32/32/32 33/33/33
f 34/34/34 35/35/35 36/36/36
f 34/34/34 36/36/36 37/37/37
f 37/37/37 36/36/36 38/38/38
f 37/37/37 38/38/38 39/39/39
f 39/39/39 38/38/38 40/40/40
f 39/39/39 40/40/40 41/41/41
f 38/38/38 42/42/42 43/43/43
f 38/38/38 43/43/43 40/40/40
f 38/38/38 36/36/36 44/44/44
f 38/38/38 44/44/44 42/42/42
f 36/36/36 35/35/35 45/45/45
f 36/36/36 45/45/45 44/44/44
f 32/32/32 31/31/31 46/46/46
f 32/32/32 46/46/46 47/47/47
f 35/35/35 32/32/32 47/47/47
f 35/35/35 47/47/47 45/45/45
f 33/33/33 32/32/32 35/35/35
f 33/33/33 35/35/35 34/34/34
f 48/48/48 49/49/49 31/31/31
f 48/48/48 31/31/31 30/30/30
f 46/46/46 31/31/31 49/49/49
f 46/46/46 49/49/49 50/50/50
f 51/51/51 52/52/52 53/53/53
f 51/51/51 53/53/53 54/54/54
f 55/55/55 51/51/51 54/54/54
f 55/55/55 54/54/54 56/56/56
f 55/55/55 57/57/57 58/58/58
f 55/55/55 58/58/58 51/51/51
f 57/57/57 59/59/59 60/60/60
f 57/57/57 60/60/60 58/58/58
f 59/59/59 61/61/61 62/62/62
f 59/59/59 62/62/62 60/60/60
f 63/63/63 64/64/64 65/65/65
f 63/63/63 65/65/65 66/66/66
f 65/65/65 67/67/67 68/68/68
f 65/65/65 68/68/68 66/66/66
f 69/69/69 70/70/70 60/60/60
f 69/69/69 60/60/60 62/62/62
f 70/70/70 71/71/71 58/58/58
f 70/70/70 58/58/58 60/60/60
f 71/71/71 52/52/52 51/51/51
f 71/71/71 51/51/51 58/58/58
f 68/68/68 69/69/69 62/62/62
f 68/68/68 62/62/62 66/66/66
f 61/61/61 63/63/63 66/66/66
f 61/61/61 66/66/66 62/62/62
f 72/72/72 73/73/73 67/67/67
f 72/72/72 67/67/67 65/65/65
f 64/64/64 74/74/74 72/72/72
f 64/64/64 72/72/72 65/65/65
f 75/75/75 76/76/76 77/77/77
f 75/75/75 77/77/77 78/78/78
f 79/79/79 80/80/80 77/77/77
f 79/79/79 77/77/77 76/76/76
f 56/56/56 54/54/54 76/76/76
f 56/56/56 76/76/76 75/75/75
f 53/53/53 79/79/79 76/76/76
f 53/53/53 76/76/76 54/54/54
f 81/81/81 82/82/82 83/83/83
f 81/81/81 83/83/83 84/84/84
f 85/85/85 86/86/86 87/87/87
f 85/85/85 87/87/87 88/88/88
f 89/89/89 90/90/90 82/82/82
f 89/89/89 82/82/82 81/81/81
f 91/91/91 92/92/92 86/86/86
f 91/91/91 86/86/86 85/85/85
f 93/93/93 81/81/81 84/84/84
f 93/93/93 84/84/84 94/94/94
f 95/95/95 89/89/89 81/81/81
f 95/95/95 81/81/81 93/93/93
f 86/86/86 93/93/93 94/94/94
f 86/86/86 94/94/94 87/87/87
f 92/92/92 95/95/95 93/93/93
f 92/92/92 93/93/93 86/86/86
f 96/96/96 97/97/97 98/98/98
f 96/96/96 98/98/98 99/99/99
f 96/96/96 99/99/99 100/100/100
f 96/96/96 100/100/100 101/101/101
f 100/100/100 102/102/102 103/103/103
f 100/100/100 103/103/103 101/101/101
f 102/102/102 104/104/104 105/105/105
f 102/102/102 105/105/105 103/103/103
f 106/106/106 107/107/107 108/108/108
f 106/106/106 108/108/108 109/109/109
f 99/99/99 98/98/98 110/110/110
f 99/99/99 110/110/110 111/111/111
f 100/100/100 99/99/99 111/111/111
f 100/100/100 111/111/111 112/112/112
f 112/112/112 113/113/113 102/102/102
f 112/112/112 102/102/102 100/100/100
f 113/113/113 114/114/114 104/104/104
f 113/113/113 104/104/104 102/102/102
f 115/115/115 116/116/116 107/107/107
f 115/115/115 107/107/107 106/106/106
f 104/104/104 106/106/106 109/109/109
f 104/104/104 109/109/109 105/105/105
f 114/114/114 115/115/115 106/106/106
f 114/114/114 106/106/106 104/104/104
f 107/107/107 117/117/117 118/118/118
f 107/107/107 118/118/118 108/108/108
f 116/116/116 119/119/119 117/117/117
f 116/116/116 117/117/117 107/107/107
f 120/120/120 121/121/121 122/122/122
f 120/120/120 122/122/122 123/123/123
f 124/124/124 125/125/125 126/126/126
f 124/124/124 126/126/126 127/127/127
f 128/128/128 129/129/129 125/125/125
f 128/128/128 125/125/125 124/124/124
f 125/125/125 129/129/129 130/130/130
f 125/125/125 130/130/130 131/131/131
f 126/126/126 125/125/125 131/131/131
f 126/126/126 131/131/131 132/132/132
f 133/133/133 134/134/134 135/135/135
f 133/133/133 135/135/135 136/136/136
f 137/137/137 138/138/138 139/139/139
f 137/137/137 139/139/139 140/140/140
f 139/139/139 138/138/138 141/141/141
f 139/139/139 141/141/141 142/142/142
f 143/143/143 144/144/144 134/134/134
f 143/143/143 134/134/134 133/133/133
f 134/134/134 144/144/144 145/145/145
f 134/134/134 145/145/145 146/146/146
f 135/135/135 134/134/134 146/146/146
f 135/135/135 146/146/146 147/147/147
f 136/136/136 135/135/135 148/148/148
f 136/136/136 148/148/148 149/149/149
f 148/148/148 135/135/135 147/147/147
f 148/148/148 147/147/147 150/150/150
f 149/149/149 148/148/148 121/121/121
f 149/149/149 121/121/121 120/120/120
f 121/121/121 148/148/148 150/150/150
f 121/121/121 150/150/150 151/151/151
f 122/122/122 121/121/121 151/151/151
f 122/122/122 151/151/151 152/152/152
f 144/144/144 139/139/139 142/142/142
f 144/144/144 142/142/142 145/145/145
f 140/140/140 139/139/139 144/144/144
f 140/140/140 144/144/144 143/143/143
f 138/138/138 126/126/126 132/132/132
f 138/138/138 132/132/132 141/141/141
f 127/127/127 126/126/126 138/138/138
f 127/127/127 138/138/138 137/137/137
f 153/153/153 154/154/154 155/155/155
f 153/153/153 155/155/155 156/156/156
f 157/157/157 158/158/158 159/159/159
f 157/157/157 159/159/159 160/160/160
f 161/161/161 156/156/156 155/155/155
f 161/161/161 155/155/155 162/162/162
f 163/163/163 157/157/157 160/160/160
f 163/163/163 160/160/160 164/164/164
f 160/160/160 159/159/159 153/153/153
f 160/160/160 153/153/153 156/156/156
f 164/164/164 160/160/160 156/156/156
f 164/164/164 156/156/156 161/161/161
f 155/155/155 154/154/154 165/165/165
f 155/155/155 165/165/165 166/166/166
f 162/162/162 155/155/155 166/166/166
f 162/162/162 166/166/166 167/167/167
f 158/158/158 168/168/168 169/169/169
f 158/158/158 169/169/169 159/159/159
f 153/153/153 159/159/159 169/169/169
f 153/153/153 169/169/169 170/170/170
f 154/154/154 153/153/153 170/170/170
f 154/154/154 170/170/170 171/171/171
f 165/165/165 154/154/154 171/171/171
f 165/165/165 171/171/171 172/172/172
f 173/173/173 174/174/174 175/175/175
f 173/173/173 175/175/175 176/176/176
f 177/177/177 178/178/178 179/179/179
f 177/177/177 179/179/179 180/180/180
f 181/181/181 182/182/182 183/183/183
f 181/181/181 183/183/183 184/184/184
f 183/183/183 185/185/185 186/186/186
f 183/183/183 186/186/186 184/184/184
f 182/182/182 187/187/187 188/188/188
f 182/182/182 188/188/188 183/183/183
f 188/188/188 189/189/189 185/185/185
f 188/188/188 185/185/185 183/183/183
f 187/187/187 177/177/177 180/180/180
f 187/187/187 180/180/180 188/188/188
f 180/180/180 190/190/190 189/189/189
f 180/180/180 189/189/189 188/188/188
f 179/179/179 191/191/191 190/190/190
f 179/179/179 190/190/190 180/180/180
f 192/192/192 193/193/193 194/194/194
f 192/192/192 194/194/194 195/195/195
f 178/178/178 196/196/196 197/197/197
f 178/178/178 197/197/197 179/179/179
f 197/197/197 198/198/198 191/191/191
f 197/197/197 191/191/191 179/179/179
f 196/196/196 192/192/192 195/195/195
f 196/196/196 195/195/195 197/197/197
f 195/195/195 199/199/199 198/198/198
f 195/195/195 198/198/198 197/197/197
f 194/194/194 200/200/200 199/199/199
f 194/194/194 199/199/199 195/195/195
f 193/193/193 201/201/201 202/202/202
f 193/193/193 202/202/202 194/194/194
f 202/202/202 203/203/203 200/200/200
f 202/202/202 200/200/200 194/194/194
f 201/201/201 173/173/173 176/176/176
f 201/201/201 176/176/176 202/202/202
f 176/176/176 204/204/204 203/203/203
f 176/176/176 203/203/203 202/202/202
f 175/175/175 205/205/205 204/204/204
f 175/175/175 204/204/204 176/176/176
f 206/206/206 207/207/207 208/208/208
f 206/206/206 208/208/208 209/209/209
f 210/210/210 211/211/211 212/212/212
f 210/210/210 212/212/212 213/213/213
f 214/214/214 215/215/215 216/216/216
f 214/214/214 216/216/216 217/217/217
f 218/218/218 219/219/219 220/220/220
f 218/218/218 220/220/220 221/221/221
f 222/222/222 223/223/223 224/224/224
f 222/222/222 224/224/224 225/225/225
f 226/226/226 227/227/227 228/228/228
f 226/226/226 228/228/228 229/229/229
f 230/230/230 231/231/231 232/232/232
f 230/230/230 232/232/232 233/233/233
f 214/214/214 217/217/217 234/234/234
f 214/214/214 234/234/234 235/235/235
f 236/236/236 218/218/218 221/221/221
f 236/236/236 221/221/221 237/237/237
f 238/238/238 239/239/236 240/240/239
f 238/238/238 240/240/239 241/241/240
f 242/242/241 243/243/242 244/244/243
f 242/242/241 244/244/243 245/245/244
f 246/246/245 247/247/246 248/248/247
f 246/246/245 248/248/247 249/249/248
f 229/229/229 228/228/228 250/250/249
f 229/229/229 250/250/249 251/251/250
f 252/252/251 230/230/230 233/233/233
f 252/252/251 233/233/233 253/253/252
f 212/212/212 211/211/211 207/207/207
f 212/212/212 207/207/207 206/206/206
f 221/221/221 220/220/220 215/215/215
f 221/221/221 215/215/215 214/214/214
f 237/237/237 221/221/221 214/214/214
f 237/237/237 214/214/214 235/235/235
f 241/241/240 240/240/239 243/243/242
f 241/241/240 243/243/242 242/242/241
f 254/254/253 255/255/254 256/256/255
f 254/254/253 256/256/255 257/257/256
f 258/258/257 259/259/253 222/222/222
f 258/258/257 222/222/222 225/225/225
f 228/228/228 246/246/245 249/249/248
f 228/228/228 249/249/248 250/250/249
f 227/227/227 260/260/258 246/246/245
f 227/227/227 246/246/245 228/228/228
f 261/261/259 262/262/260 209/209/209
f 261/261/259 209/209/209 208/208/208
f 224/224/224 223/223/223 219/219/219
f 224/224/224 219/219/219 218/218/218
f 263/263/261 224/224/224 218/218/218
f 263/263/261 218/218/218 236/236/236
f 264/264/262 265/265/261 239/239/236
f 264/264/262 239/239/236 238/238/238
f 226/226/226 229/229/229 233/233/233
f 226/226/226 233/233/233 232/232/232
f 229/229/229 251/251/250 253/253/252
f 229/229/229 253/253/252 233/233/233
f 266/266/263 267/267/264 268/268/265
f 266/266/263 268/268/265 269/269/266
f 270/270/267 271/271/268 267/267/264
f 270/270/267 267/267/264 266/266/263
f 272/272/269 273/273/270 274/274/271
f 272/272/269 274/274/271 275/275/268
f 273/273/270 276/276/272 277/277/273
f 273/273/270 277/277/273 274/274/271
f 278/278/274 248/248/247 247/247/246
f 278/278/274 247/247/246 279/279/275
f 247/247/246 280/280/276 281/281/277
f 247/247/246 281/281/277 279/279/275
f 247/247/246 246/246/245 260/260/258
f 247/247/246 260/260/258 280/280/276
f 282/282/278 283/283/279 211/211/211
f 282/282/278 211/211/211 210/210/210
f 207/207/207 211/211/211 283/283/279
f 207/207/207 283/283/279 284/284/280
f 208/208/208 207/207/207 284/284/280
f 208/208/208 284/284/280 285/285/281
f 286/286/282 261/261/259 208/208/208
f 286/286/282 208/208/208 285/285/281
f 287/287/283 256/256/255 255/255/254
f 287/287/283 255/255/254 288/288/277
f 286/286/282 257/257/256 256/256/255
f 286/286/282 256/256/255 261/261/259
f 261/261/259 256/256/255 287/287/283
f 261/261/259 287/287/283 262/262/260
f 270/270/267 266/266/263 289/289/284
f 270/270/267 289/289/284 290/290/285
f 291/291/286 292/292/287 293/293/288
f 291/291/286 293/293/288 294/294/285
f 291/291/286 295/295/289 296/296/290
f 291/291/286 296/296/290 292/292/287
f 266/266/263 269/269/266 297/297/291
f 266/266/263 297/297/291 289/289/284
f 298/298/292 299/299/293 265/265/261
f 298/298/292 265/265/261 264/264/262
f 300/300/294 225/225/225 224/224/224
f 300/300/294 224/224/224 263/263/261
f 258/258/257 225/225/225 300/300/294
f 258/258/257 300/300/294 301/301/295
f 296/296/290 295/295/289 302/302/296
f 296/296/290 302/302/296 303/303/297
f 304/304/298 305/305/299 273/273/270
f 304/304/298 273/273/270 272/272/269
f 305/305/299 306/306/300 276/276/272
f 305/305/299 276/276/272 273/273/270
f 307/307/295 308/308/301 303/303/297
f 307/307/295 303/303/297 302/302/296
f 309/309/302 310/310/303 311/311/304
f 309/309/302 311/311/304 312/312/305
f 269/269/266 313/313/306 314/314/296
f 269/269/266 314/314/296 297/297/291
f 301/301/295 314/314/296 313/313/306
f 301/301/295 313/313/306 258/258/257
f 259/259/253 258/258/257 313/313/306
f 259/259/253 313/313/306 315/315/307
f 268/268/265 315/315/307 313/313/306
f 268/268/265 313/313/306 269/269/266
f 254/254/253 316/316/307 317/317/308
f 254/254/253 317/317/308 255/255/254
f 276/276/272 317/317/308 316/316/307
f 276/276/272 316/316/307 277/277/273
f 318/318/309 310/310/303 309/309/302
f 318/318/309 309/309/302 319/319/310
f 320/320/311 321/321/312 278/278/274
f 320/320/311 278/278/274 279/279/275
f 322/322/313 288/288/277 255/255/254
f 322/322/313 255/255/254 317/317/308
f 279/279/275 281/281/277 323/323/314
f 279/279/275 323/323/314 320/320/311
f 323/323/314 318/318/309 319/319/310
f 323/323/314 319/319/310 320/320/311
f 322/322/313 317/317/308 276/276/272
f 322/322/313 276/276/272 306/306/300
f 298/298/292 308/308/301 307/307/295
f 298/298/292 307/307/295 299/299/293
f 319/319/310 309/309/302 321/321/312
f 319/319/310 321/321/312 320/320/311
f 321/321/312 309/309/302 312/312/305
f 321/321/312 312/312/305 324/324/315
f 325/206/316 326/209/317 327/208/318
f 325/206/316 327/208/318 328/207/319
f 210/210/210 213/213/213 329/212/320
f 210/210/210 329/212/320 330/211/321
f 331/214/322 217/217/217 216/216/216
f 331/214/322 216/216/216 332/215/323
f 333/218/324 334/221/325 335/220/326
f 333/218/324 335/220/326 336/219/327
f 337/222/328 338/225/329 339/224/330
f 337/222/328 339/224/330 340/223/331
f 341/226/332 342/229/333 343/228/334
f 341/226/332 343/228/334 344/227/335
f 230/230/230 345/233/336 346/232/337
f 230/230/230 346/232/337 231/231/231
f 331/214/322 347/235/338 234/234/234
f 331/214/322 234/234/234 217/217/217
f 348/236/339 349/237/340 334/221/325
f 348/236/339 334/221/325 333/218/324
f 350/238/341 351/241/342 352/240/340
f 350/238/341 352/240/340 353/239/343
f 354/242/344 245/245/244 244/244/243
f 354/242/344 244/244/243 355/243/345
f 356/246/346 357/249/347 358/248/348
f 356/246/346 358/248/348 359/247/349
f 342/229/333 360/251/350 361/250/351
f 342/229/333 361/250/351 343/228/334
f 252/252/251 362/253/352 345/233/336
f 252/252/251 345/233/336 230/230/230
f 329/212/320 325/206/316 328/207/319
f 329/212/320 328/207/319 330/211/321
f 334/221/325 331/214/322 332/215/323
f 334/221/325 332/215/323 335/220/326
f 349/237/340 347/235/338 331/214/322
f 349/237/340 331/214/322 334/221/325
f 351/241/342 354/242/344 355/243/345
f 351/241/342 355/243/345 352/240/340
f 363/254/353 364/257/328 365/256/354
f 363/254/353 365/256/354 366/255/355
f 367/258/356 338/225/329 337/222/328
f 367/258/356 337/222/328 368/259/357
f 343/228/334 361/250/351 357/249/347
f 343/228/334 357/249/347 356/246/346
f 344/227/335 343/228/334 356/246/346
f 344/227/335 356/246/346 369/260/358
f 370/261/359 327/208/318 326/209/317
f 370/261/359 326/209/317 371/262/360
f 339/224/330 333/218/324 336/219/327
f 339/224/330 336/219/327 340/223/331
f 372/263/361 348/236/339 333/218/324
f 372/263/361 333/218/324 339/224/330
f 373/264/362 350/238/341 353/239/343
f 373/264/362 353/239/343 374/265/363
f 341/226/332 346/232/337 345/233/336
f 341/226/332 345/233/336 342/229/333
f 342/229/333 345/233/336 362/253/352
f 342/229/333 362/253/352 360/251/350
f 375/266/364 376/269/365 377/268/366
f 375/266/364 377/268/366 378/267/367
f 379/270/368 375/266/364 378/267/367
f 379/270/368 378/267/367 380/271/369
f 381/272/370 382/275/369 383/274/367
f 381/272/370 383/274/367 384/273/371
f 384/273/371 383/274/367 385/277/366
f 384/273/371 385/277/366 386/276/372
f 387/278/373 388/279/374 359/247/349
f 387/278/373 359/247/349 358/248/348
f 359/247/349 388/279/374 389/281/375
f 359/247/349 389/281/375 390/280/376
f 359/247/349 390/280/376 369/260/358
f 359/247/349 369/260/358 356/246/346
f 282/282/278 210/210/210 330/211/321
f 282/282/278 330/211/321 391/283/377
f 328/207/319 392/284/326 391/283/377
f 328/207/319 391/283/377 330/211/321
f 327/208/318 393/285/378 392/284/326
f 327/208/318 392/284/326 328/207/319
f 394/286/379 393/285/378 327/208/318
f 394/286/379 327/208/318 370/261/359
f 395/287/380 396/288/381 366/255/355
f 395/287/380 366/255/355 365/256/354
f 394/286/379 370/261/359 365/256/354
f 394/286/379 365/256/354 364/257/328
f 370/261/359 371/262/360 395/287/380
f 370/261/359 395/287/380 365/256/354
f 379/270/368 397/290/382 398/289/383
f 379/270/368 398/289/383 375/266/364
f 399/291/384 400/294/382 401/293/385
f 399/291/384 401/293/385 402/292/386
f 399/291/384 402/292/386 403/296/387
f 399/291/384 403/296/387 404/295/388
f 375/266/364 398/289/383 405/297/388
f 375/266/364 405/297/388 376/269/365
f 406/298/389 373/264/362 374/265/363
f 406/298/389 374/265/363 407/299/390
f 408/300/390 372/263/361 339/224/330
f 408/300/390 339/224/330 338/225/329
f 367/258/356 409/301/391 408/300/390
f 367/258/356 408/300/390 338/225/329
f 403/296/387 410/303/392 411/302/393
f 403/296/387 411/302/393 404/295/388
f 412/304/394 381/272/370 384/273/371
f 412/304/394 384/273/371 413/305/395
f 413/305/395 384/273/371 386/276/372
f 413/305/395 386/276/372 414/306/396
f 415/307/397 411/302/393 410/303/392
f 415/307/397 410/303/392 416/308/398
f 417/309/399 418/312/400 419/311/401
f 417/309/399 419/311/401 420/310/395
f 376/269/365 405/297/388 421/314/402
f 376/269/365 421/314/402 422/313/403
f 409/301/391 367/258/356 422/313/403
f 409/301/391 422/313/403 421/314/402
f 368/259/357 423/315/404 422/313/403
f 368/259/357 422/313/403 367/258/356
f 377/268/366 376/269/365 422/313/403
f 377/268/366 422/313/403 423/315/404
f 363/254/353 366/255/355 424/317/405
f 363/254/353 424/317/405 425/316/406
f 386/276/372 385/277/366 425/316/406
f 386/276/372 425/316/406 424/317/405
f 426/318/396 427/319/407 417/309/399
f 426/318/396 417/309/399 420/310/395
f 428/320/408 388/279/374 387/278/373
f 428/320/408 387/278/373 429/321/409
f 430/322/410 424/317/405 366/255/355
f 430/322/410 366/255/355 396/288/381
f 388/279/374 428/320/408 431/323/410
f 388/279/374 431/323/410 389/281/375
f 431/323/410 428/320/408 427/319/407
f 431/323/410 427/319/407 426/318/396
f 430/322/410 414/306/396 386/276/372
f 430/322/410 386/276/372 424/317/405
f 406/298/389 407/299/390 415/307/397
f 406/298/389 415/307/397 416/308/398
f 427/319/407 428/320/408 429/321/409
f 427/319/407 429/321/409 417/309/399
f 429/321/409 432/324/411 418/312/400
f 429/321/409 418/312/400 417/309/399
f 433/325/412 434/326/413 435/327/414
f 433/325/412 435/327/414 436/328/415
f 437/329/416 438/330/417 439/331/418
f 437/329/416 439/331/418 440/332/419
f 441/333/420 436/328/415 435/327/414
f 441/333/420 435/327/414 442/334/421
f 443/335/422 437/329/416 440/332/419
f 443/335/422 440/332/419 444/336/423
f 440/332/419 439/331/418 445/337/424
f 440/332/419 445/337/424 446/338/425
f 444/336/423 440/332/419 446/338/425
f 444/336/423 446/338/425 447/339/426
f 448/340/427 449/341/428 450/342/429
f 448/340/427 450/342/429 451/343/430
f 452/344/431 448/340/427 451/343/430
f 452/344/431 451/343/430 453/345/432
f 454/346/433 455/347/434 456/348/435
f 454/346/433 456/348/435 457/349/436
f 433/325/412 457/349/436 456/348/435
f 433/325/412 456/348/435 458/350/437
f 434/326/413 433/325/412 458/350/437
f 434/326/413 458/350/437 459/351/438
f 450/342/429 449/341/428 460/352/439
f 450/342/429 460/352/439 461/353/440
f 449/341/428 434/326/413 459/351/438
f 449/341/428 459/351/438 460/352/439
f 435/327/414 434/326/413 449/341/428
f 435/327/414 449/341/428 448/340/427
f 442/334/421 435/327/414 448/340/427
f 442/334/421 448/340/427 452/344/431
f 462/354/441 450/342/429 461/353/440
f 462/354/441 461/353/440 463/355/442
f 451/343/430 450/342/429 462/354/441
f 451/343/430 462/354/441 464/356/443
f 453/345/432 451/343/430 464/356/443
f 453/345/432 464/356/443 465/357/444
f 466/358/445 467/359/446 468/360/447
f 466/358/445 468/360/447 469/361/448
f 470/362/449 471/363/450 472/364/451
f 470/362/449 472/364/451 473/365/452
f 474/366/453 475/367/454 468/360/447
f 474/366/453 468/360/447 467/359/446
f 476/368/455 477/369/456 471/363/450
f 476/368/455 471/363/450 470/362/449
f 471/363/450 467/359/446 466/358/445
f 471/363/450 466/358/445 472/364/451
f 477/369/456 474/366/453 467/359/446
f 477/369/456 467/359/446 471/363/450
f 478/370/457 479/371/458 480/372/459
f 478/370/457 480/372/459 481/373/460
f 482/374/461 483/375/462 479/371/458
f 482/374/461 479/371/458 478/370/457
f 473/365/452 472/364/451 484/376/463
f 473/365/452 484/376/463 485/377/464
f 466/358/445 486/378/465 484/376/463
f 466/358/445 484/376/463 472/364/451
f 469/361/448 487/379/466 486/378/465
f 469/361/448 486/378/465 466/358/445
f 480/372/459 488/380/467 489/381/468
f 480/372/459 489/381/468 481/373/460
f 483/375/462 490/382/469 491/383/470
f 483/375/462 491/383/470 479/371/458
f 480/372/459 479/371/458 491/383/470
f 480/372/459 491/383/470 492/384/471
f 492/384/471 493/385/472 488/380/467
f 492/384/471 488/380/467 480/372/459
f 475/367/454 482/374/461 478/370/457
f 475/367/454 478/370/457 468/360/447
f 469/361/448 468/360/447 478/370/457
f 469/361/448 478/370/457 481/373/460
f 481/373/460 489/381/468 487/379/466
f 481/373/460 487/379/466 469/361/448
f 494/386/473 495/387/474 496/388/475
f 494/386/473 496/388/475 497/389/476
f 498/390/477 499/391/478 500/392/479
f 498/390/477 500/392/479 501/393/480
f 502/394/481 497/389/476 496/388/475
f 502/394/481 496/388/475 503/395/482
f 504/396/483 498/390/477 501/393/480
f 504/396/483 501/393/480 505/397/484
f 501/393/480 500/392/479 494/386/473
f 501/393/480 494/386/473 497/389/476
f 505/397/484 501/393/480 497/389/476
f 505/397/484 497/389/476 502/394/481
f 506/398/485 507/399/486 508/400/487
f 506/398/485 508/400/487 509/401/488
f 510/402/489 506/398/485 509/401/488
f 510/402/489 509/401/488 511/403/490
f 499/391/478 512/404/491 513/405/492
f 499/391/478 513/405/492 500/392/479
f 494/386/473 500/392/479 513/405/492
f 494/386/473 513/405/492 514/406/493
f 495/387/474 494/386/473 514/406/493
f 495/387/474 514/406/493 515/407/494
f 508/400/487 507/399/486 516/408/495
f 508/400/487 516/408/495 517/409/496
f 503/395/482 496/388/475 506/398/485
f 503/395/482 506/398/485 510/402/489
f 496/388/475 495/387/474 507/399/486
f 496/388/475 507/399/486 506/398/485
f 516/408/495 507/399/486 495/387/474
f 516/408/495 495/387/474 515/407/494
f 518/410/497 519/411/498 520/412/499
f 518/410/497 520/412/499 521/413/500
f 522/414/501 523/415/502 524/416/503
f 522/414/501 524/416/503 525/417/504
f 526/418/505 527/419/506 520/412/499
f 526/418/505 520/412/499 519/411/498
f 528/420/507 529/421/508 523/415/502
f 528/420/507 523/415/502 522/414/501
f 523/415/502 530/422/509 531/423/510
f 523/415/502 531/423/510 524/416/503
f 529/421/508 532/424/511 530/422/509
f 529/421/508 530/422/509 523/415/502
f 520/412/499 533/425/512 534/426/513
f 520/412/499 534/426/513 521/413/500
f 527/419/506 535/427/514 533/425/512
f 527/419/506 533/425/512 520/412/499
f 525/417/504 524/416/503 536/428/515
f 525/417/504 536/428/515 537/429/516
f 531/423/510 538/430/517 536/428/515
f 531/423/510 536/428/515 524/416/503
f 521/413/500 539/431/518 540/432/519
f 521/413/500 540/432/519 518/410/497
f 534/426/513 541/433/520 539/431/518
f 534/426/513 539/431/518 521/413/500
f 518/410/497 540/432/519 538/430/517
f 518/410/497 538/430/517 531/423/510
f 531/423/510 530/422/509 519/411/498
f 531/423/510 519/411/498 518/410/497
f 532/424/511 526/418/505 519/411/498
f 532/424/511 519/411/498 530/422/509
f 542/434/521 543/435/522 544/436/523
f 542/434/521 544/436/523 545/437/524
f 546/438/525 547/439/526 548/440/527
f 546/438/525 548/440/527 549/441/528
f 550/442/529 551/443/530 544/436/523
f 550/442/529 544/436/523 543/435/522
f 552/444/531 553/445/532 547/439/526
f 552/444/531 547/439/526 546/438/525
f 547/439/526 543/435/522 542/434/521
f 547/439/526 542/434/521 548/440/527
f 553/445/532 550/442/529 543/435/522
f 553/445/532 543/435/522 547/439/526
f 554/446/533 555/447/534 556/448/535
f 554/446/533 556/448/535 557/449/536
f 558/450/537 559/451/538 555/447/534
f 558/450/537 555/447/534 554/446/533
f 549/441/528 548/440/527 560/452/539
f 549/441/528 560/452/539 561/453/540
f 542/434/521 562/454/541 560/452/539
f 542/434/521 560/452/539 548/440/527
f 545/437/524 563/455/542 562/454/541
f 545/437/524 562/454/541 542/434/521
f 556/448/535 564/456/543 565/457/544
f 556/448/535 565/457/544 557/449/536
f 557/449/536 565/457/544 563/455/542
f 557/449/536 563/455/542 545/437/524
f 544/436/523 554/446/533 557/449/536
f 544/436/523 557/449/536 545/437/524
f 551/443/530 558/450/537 554/446/533
f 551/443/530 554/446/533 544/436/523
f 559/451/538 566/458/545 567/459/546
f 559/451/538 567/459/546 555/447/534
f 556/448/535 555/447/534 567/459/546
f 556/448/535 567/459/546 568/460/547
f 568/460/547 569/461/548 564/456/543
f 568/460/547 564/456/543 556/448/535
f 570/462/549 571/463/550 572/464/551
f 570/462/549 572/464/551 573/465/552
f 570/462/549 574/466/553 575/467/554
f 570/462/549 575/467/554 571/463/550
f 576/468/555 577/469/556 578/470/557
f 576/468/555 578/470/557 579/471/558
f 579/471/558 578/470/557 580/472/559
f 579/471/558 580/472/559 581/473/560
f 581/473/560 580/472/559 582/474/561
f 581/473/560 582/474/561 583/475/562
f 571/463/550 584/476/563 585/477/564
f 571/463/550 585/477/564 572/464/551
f 575/467/554 586/478/565 584/476/563
f 575/467/554 584/476/563 571/463/550
f 587/479/566 576/468/555 579/471/558
f 587/479/566 579/471/558 588/480/567
f 588/480/567 579/471/558 581/473/560
f 588/480/567 581/473/560 589/481/568
f 589/481/568 581/473/560 583/475/562
f 589/481/568 583/475/562 590/482/569
f 586/478/565 575/467/554 576/468/555
f 586/478/565 576/468/555 587/479/566
f 575/467/554 574/466/553 577/469/556
f 575/467/554 577/469/556 576/468/555
f 591/483/570 592/484/571 593/485/572
f 591/483/570 593/485/572 594/486/573
f 591/483/570 595/487/574 596/488/575
f 591/483/570 596/488/575 592/484/571
f 596/488/575 595/487/574 597/489/576
f 596/488/575 597/489/576 598/490/577
f 598/490/577 597/489/576 599/491/578
f 598/490/577 599/491/578 600/492/579
f 601/493/580 602/494/581 603/495/582
f 601/493/580 603/495/582 604/496/583
f 592/484/571 605/497/584 606/498/585
f 592/484/571 606/498/585 593/485/572
f 596/488/575 607/499/586 605/497/584
f 596/488/575 605/497/584 592/484/571
f 607/499/586 596/488/575 598/490/577
f 607/499/586 598/490/577 608/500/587
f 608/500/587 598/490/577 600/492/579
f 608/500/587 600/492/579 609/501/588
f 610/502/589 601/493/580 604/496/583
f 610/502/589 604/496/583 611/503/590
f 600/492/579 599/491/578 602/494/581
f 600/492/579 602/494/581 601/493/580
f 609/501/588 600/492/579 601/493/580
f 609/501/588 601/493/580 610/502/589
f 612/504/591 613/505/592 614/506/593
f 612/504/591 614/506/593 615/507/594
f 616/508/595 617/509/596 618/510/597
f 616/508/595 618/510/597 619/511/598
f 620/512/599 621/513/600 622/514/601
f 620/512/599 622/514/601 623/515/602
f 624/516/603 625/517/604 621/513/600
f 624/516/603 621/513/600 620/512/599
f 618/510/597 617/509/596 626/518/605
f 618/510/597 626/518/605 627/519/606
f 628/520/607 629/521/608 630/522/609
f 628/520/607 630/522/609 631/523/610
f 630/522/609 629/521/608 632/524/611
f 630/522/609 632/524/611 633/525/612
f 631/523/610 630/522/609 613/505/592
f 631/523/610 613/505/592 612/504/591
f 613/505/592 630/522/609 633/525/612
f 613/505/592 633/525/612 634/526/613
f 614/506/593 613/505/592 634/526/613
f 614/506/593 634/526/613 635/527/614
f 615/507/594 614/506/593 636/528/615
f 615/507/594 636/528/615 637/529/616
f 636/528/615 614/506/593 635/527/614
f 636/528/615 635/527/614 638/530/617
f 637/529/616 636/528/615 639/531/618
f 637/529/616 639/531/618 640/532/619
f 639/531/618 636/528/615 638/530/617
f 639/531/618 638/530/617 641/533/620
f 642/534/621 643/535/622 644/536/623
f 642/534/621 644/536/623 645/537/624
f 646/538/625 645/537/624 644/536/623
f 646/538/625 644/536/623 647/539/626
f 629/521/608 618/510/597 627/519/606
f 629/521/608 627/519/606 632/524/611
f 619/511/598 618/510/597 629/521/608
f 619/511/598 629/521/608 628/520/607
f 625/517/604 642/534/621 645/537/624
f 625/517/604 645/537/624 621/513/600
f 622/514/601 621/513/600 645/537/624
f 622/514/601 645/537/624 646/538/625
f 643/535/622 626/518/605 617/509/596
f 643/535/622 617/509/596 644/536/623
f 647/539/626 644/536/623 617/509/596
f 647/539/626 617/509/596 616/508/595
f 648/540/627 649/541/628 650/542/629
f 648/540/627 650/542/629 651/543/630
f 652/544/631 653/545/632 654/546/633
f 652/544/631 654/546/633 655/547/634
f 654/546/633 653/545/632 656/548/635
f 654/546/633 656/548/635 657/549/636
f 657/549/636 656/548/635 658/550/637
f 657/549/636 658/550/637 659/551/638
f 660/552/639 661/553/640 662/554/641
f 660/552/639 662/554/641 663/555/642
f 649/541/628 664/556/643 665/557/644
f 649/541/628 665/557/644 650/542/629
f 654/546/633 666/558/645 667/559/646
f 654/546/633 667/559/646 655/547/634
f 666/558/645 654/546/633 657/549/636
f 666/558/645 657/549/636 668/560/647
f 668/560/647 657/549/636 659/551/638
f 668/560/647 659/551/638 669/561/648
f 670/562/649 660/552/639 663/555/642
f 670/562/649 663/555/642 671/563/650
f 669/561/648 659/551/638 660/552/639
f 669/561/648 660/552/639 670/562/649
f 659/551/638 658/550/637 661/553/640
f 659/551/638 661/553/640 660/552/639
f 655/547/634 667/559/646 664/556/643
f 655/547/634 664/556/643 649/541/628
f 648/540/627 652/544/631 655/547/634
f 648/540/627 655/547/634 649/541/628
f 672/564/651 673/565/652 674/566/653
f 672/564/651 674/566/653 675/567/654
f 676/568/655 677/569/656 678/570/657
f 676/568/655 678/570/657 679/571/658
f 680/572/659 681/573/660 674/566/653
f 680/572/659 674/566/653 673/565/652
f 682/574/661 683/575/662 677/569/656
f 682/574/661 677/569/656 676/568/655
f 684/576/663 673/565/652 672/564/651
f 684/576/663 672/564/651 685/577/664
f 686/578/665 680/572/659 673/565/652
f 686/578/665 673/565/652 684/576/663
f 674/566/653 687/579/666 688/580/667
f 674/566/653 688/580/667 675/567/654
f 681/573/660 689/581/668 687/579/666
f 681/573/660 687/579/666 674/566/653
f 679/571/658 678/570/657 690/582/669
f 679/571/658 690/582/669 691/583/670
f 672/564/651 692/584/671 693/585/672
f 672/564/651 693/585/672 685/577/664
f 675/567/654 694/586/673 692/584/671
f 675/567/654 692/584/671 672/564/651
f 688/580/667 695/587/674 694/586/673
f 688/580/667 694/586/673 675/567/654
f 683/575/662 686/578/665 684/576/663
f 683/575/662 684/576/663 677/569/656
f 678/570/657 677/569/656 684/576/663
f 678/570/657 684/576/663 685/577/664
f 690/582/669 678/570/657 685/577/664
f 690/582/669 685/577/664 693/585/672
f 696/588/675 697/589/676 698/590/677
f 696/588/675 698/590/677 699/591/678
f 696/588/675 700/592/679 701/593/680
f 696/588/675 701/593/680 697/589/676
f 701/593/680 700/592/679 702/594/681
f 701/593/680 702/594/681 703/595/682
f 703/595/682 702/594/681 704/596/683
f 703/595/682 704/596/683 705/597/684
f 706/598/685 707/599/686 708/600/687
f 706/598/685 708/600/687 709/601/688
f 697/589/676 710/602/689 711/603/690
f 697/589/676 711/603/690 698/590/677
f 701/593/680 712/604/691 710/602/689
f 701/593/680 710/602/689 697/589/676
f 712/604/691 701/593/680 703/595/682
f 712/604/691 703/595/682 713/605/692
f 713/605/692 703/595/682 705/597/684
f 713/605/692 705/597/684 714/606/693
f 715/607/694 706/598/685 709/601/688
f 715/607/694 709/601/688 716/608/695
f 705/597/684 704/596/683 707/599/686
f 705/597/684 707/599/686 706/598/685
f 714/606/693 705/597/684 706/598/685
f 714/606/693 706/598/685 715/607/694
f 717/609/696 718/610/697 719/611/698
f 717/609/696 719/611/698 720/612/699
f 721/613/700 717/609/696 720/612/699
f 721/613/700 720/612/699 722/614/701
f 716/608/695 709/601/688 717/609/696
f 716/608/695 717/609/696 721/613/700
f 709/601/688 708/600/687 718/610/697
f 709/601/688 718/610/697 717/609/696
f 723/615/702 724/616/703 725/617/704
f 723/615/702 725/617/704 726/618/705
f 727/619/706 728/620/707 729/621/708
f 727/619/706 729/621/708 730/622/709
f 731/623/710 732/624/711 725/617/704
f 731/623/710 725/617/704 724/616/703
f 733/625/712 734/626/713 728/620/707
f 733/625/712 728/620/707 727/619/706
f 728/620/707 724/616/703 723/615/702
f 728/620/707 723/615/702 729/621/708
f 734/626/713 731/623/710 724/616/703
f 734/626/713 724/616/703 728/620/707
f 735/627/714 736/628/715 737/629/716
f 735/627/714 737/629/716 738/630/717
f 739/631/718 740/632/719 736/628/715
f 739/631/718 736/628/715 735/627/714
f 730/622/709 729/621/708 741/633/720
f 730/622/709 741/633/720 742/634/721
f 723/615/702 743/635/722 741/633/720
f 723/615/702 741/633/720 729/621/708
f 726/618/705 744/636/723 743/635/722
f 726/618/705 743/635/722 723/615/702
f 737/629/716 745/637/724 746/638/725
f 737/629/716 746/638/725 738/630/717
f 732/624/711 739/631/718 735/627/714
f 732/624/711 735/627/714 725/617/704
f 726/618/705 725/617/704 735/627/714
f 726/618/705 735/627/714 738/630/717
f 738/630/717 746/638/725 744/636/723
f 738/630/717 744/636/723 726/618/705
f 740/632/719 747/639/726 748/640/727
f 740/632/719 748/640/727 736/628/715
f 737/629/716 736/628/715 748/640/727
f 737/629/716 748/640/727 749/641/728
f 749/641/728 750/642/729 745/637/724
f 749/641/728 745/637/724 737/629/716
f 751/643/730 2/2/2 752/644/731
f 751/643/730 752/644/731 753/645/732
f 754/646/733 755/647/734 756/648/735
f 754/646/733 756/648/735 757/649/736
f 758/650/737 753/645/732 752/644/731
f 758/650/737 752/644/731 759/651/738
f 760/652/739 754/646/733 757/649/736
f 760/652/739 757/649/736 761/653/740
f 757/649/736 756/648/735 751/643/730
f 757/649/736 751/643/730 753/645/732
f 761/653/740 757/649/736 753/645/732
f 761/653/740 753/645/732 758/650/737
f 752/644/731 2/2/2 1/1/1
f 752/644/731 1/1/1 762/654/741
f 759/651/738 752/644/731 762/654/741
f 759/651/738 762/654/741 763/655/742
f 755/647/734 764/656/743 765/657/744
f 755/647/734 765/657/744 756/648/735
f 751/643/730 756/648/735 765/657/744
f 751/643/730 765/657/744 766/658/745
f 2/2/2 751/643/730 766/658/745
f 2/2/2 766/658/745 4/4/4
f 767/659/746 768/660/747 769/661/748
f 767/659/746 769/661/748 770/662/749
f 771/663/750 772/664/751 773/665/752
f 771/663/750 773/665/752 774/666/753
f 775/667/754 770/662/749 769/661/748
f 775/667/754 769/661/748 776/668/755
f 777/669/756 771/663/750 774/666/753
f 777/669/756 774/666/753 778/670/757
f 774/666/753 773/665/752 767/659/746
f 774/666/753 767/659/746 770/662/749
f 778/670/757 774/666/753 770/662/749
f 778/670/757 770/662/749 775/667/754
f 779/671/758 780/672/759 781/673/760
f 779/671/758 781/673/760 782/674/761
f 783/675/762 779/671/758 782/674/761
f 783/675/762 782/674/761 784/676/763
f 772/664/751 785/677/764 786/678/765
f 772/664/751 786/678/765 773/665/752
f 767/659/746 773/665/752 786/678/765
f 767/659/746 786/678/765 787/679/766
f 768/660/747 767/659/746 787/679/766
f 768/660/747 787/679/766 788/680/767
f 789/681/768 781/673/760 780/672/759
f 789/681/768 780/672/759 790/682/769
f 780/672/759 768/660/747 788/680/767
f 780/672/759 788/680/767 790/682/769
f 769/661/748 768/660/747 780/672/759
f 769/661/748 780/672/759 779/671/758
f 776/668/755 769/661/748 779/671/758
f 776/668/755 779/671/758 783/675/762
f 791/683/770 792/684/771 781/673/760
f 791/683/770 781/673/760 789/681/768
f 782/674/761 781/673/760 792/684/771
f 782/674/761 792/684/771 793/685/772
f 784/676/763 782/674/761 793/685/772
f 784/676/763 793/685/772 794/686/773
f 795/687/774 796/387/775 797/388/776
f 795/687/774 797/388/776 798/688/777
f 799/390/778 800/391/779 801/392/780
f 799/390/778 801/392/780 802/393/781
f 803/689/782 798/688/777 797/388/776
f 803/689/782 797/388/776 804/395/783
f 805/396/784 799/390/778 802/393/781
f 805/396/784 802/393/781 806/397/785
f 802/393/781 801/392/780 807/386/786
f 802/393/781 807/386/786 808/389/787
f 806/397/785 802/393/781 808/389/787
f 806/397/785 808/389/787 809/394/788
f 810/398/789 811/399/790 812/400/791
f 810/398/789 812/400/791 813/401/792
f 814/402/793 810/398/789 813/401/792
f 814/402/793 813/401/792 815/403/794
f 800/391/779 816/404/795 817/405/796
f 800/391/779 817/405/796 801/392/780
f 807/386/786 801/392/780 817/405/796
f 807/386/786 817/405/796 818/406/797
f 796/387/775 795/687/774 819/690/798
f 796/387/775 819/690/798 820/407/799
f 812/400/791 811/399/790 821/408/800
f 812/400/791 821/408/800 822/409/801
f 823/691/802 824/692/803 810/398/789
f 823/691/802 810/398/789 814/402/793
f 824/692/803 825/693/804 811/399/790
f 824/692/803 811/399/790 810/398/789
f 821/408/800 811/399/790 825/693/804
f 821/408/800 825/693/804 826/694/805
f 804/395/783 797/388/776 824/692/803
f 804/395/783 824/692/803 823/691/802
f 797/388/776 796/387/775 825/693/804
f 797/388/776 825/693/804 824/692/803
f 826/694/805 825/693/804 796/387/775
f 826/694/805 796/387/775 820/407/799
f 809/394/788 808/389/787 798/688/777
f 809/394/788 798/688/777 803/689/782
f 807/386/786 795/687/774 798/688/777
f 807/386/786 798/688/777 808/389/787
f 819/690/798 795/687/774 807/386/786
f 819/690/798 807/386/786 818/406/797
f 827/695/806 828/696/807 829/697/808
f 827/695/806 829/697/808 830/698/809
f 831/699/810 832/700/811 833/701/812
f 831/699/810 833/701/812 834/702/813
f 835/703/814 836/704/815 828/696/807
f 835/703/814 828/696/807 827/695/806
f 837/705/816 838/706/817 839/707/818
f 837/705/816 839/707/818 840/708/819
f 832/700/811 841/709/820 842/710/821
f 832/700/811 842/710/821 833/701/812
f 828/696/807 836/704/815 843/711/822
f 828/696/807 843/711/822 844/712/823
f 829/697/808 828/696/807 844/712/823
f 829/697/808 844/712/823 845/713/824
f 846/714/825 839/707/818 838/706/817
f 846/714/825 838/706/817 847/715/826
f 838/706/817 848/716/827 849/717/828
f 838/706/817 849/717/828 847/715/826
f 850/718/829 848/716/827 838/706/817
f 850/718/829 838/706/817 837/705/816
f 851/719/830 852/720/831 839/707/818
f 851/719/830 839/707/818 846/714/825
f 840/708/819 839/707/818 852/720/831
f 840/708/819 852/720/831 853/721/832
f 830/698/809 829/697/808 848/716/827
f 830/698/809 848/716/827 850/718/829
f 849/717/828 848/716/827 829/697/808
f 849/717/828 829/697/808 845/713/824
f 833/701/812 842/710/821 843/711/822
f 833/701/812 843/711/822 836/704/815
f 834/702/813 833/701/812 836/704/815
f 834/702/813 836/704/815 835/703/814
f 854/722/833 855/723/834 856/724/835
f 854/722/833 856/724/835 857/725/836
f 858/726/837 859/727/838 860/728/839
f 858/726/837 860/728/839 861/729/840
f 862/730/841 857/725/836 856/724/835
f 862/730/841 856/724/835 863/731/842
f 864/732/843 858/726/837 861/729/840
f 864/732/843 861/729/840 865/733/844
f 861/729/840 860/728/839 854/722/833
f 861/729/840 854/722/833 857/725/836
f 865/733/844 861/729/840 857/725/836
f 865/733/844 857/725/836 862/730/841
f 856/724/835 855/723/834 866/734/845
f 856/724/835 866/734/845 867/735/846
f 863/731/842 856/724/835 867/735/846
f 863/731/842 867/735/846 868/736/847
f 859/727/838 869/737/848 870/738/849
f 859/727/838 870/738/849 860/728/839
f 854/722/833 860/728/839 870/738/849
f 854/722/833 870/738/849 871/739/850
f 855/723/834 854/722/833 871/739/850
f 855/723/834 871/739/850 872/740/851
f 866/734/845 855/723/834 872/740/851
f 866/734/845 872/740/851 873/741/852
f 874/742/853 875/743/854 876/744/855
f 874/742/853 876/744/855 877/745/856
f 878/8/857 879/746/858 880/747/859
f 878/8/857 880/747/859 881/7/860
f 882/748/861 877/745/856 876/744/855
f 882/748/861 876/744/855 883/749/862
f 884/5/863 878/8/857 881/7/860
f 884/5/863 881/7/860 885/6/864
f 881/7/860 880/747/859 886/750/865
f 881/7/860 886/750/865 887/751/866
f 885/6/864 881/7/860 887/751/866
f 885/6/864 887/751/866 888/752/867
f 876/744/855 875/743/854 889/753/868
f 876/744/855 889/753/868 890/754/869
f 883/749/862 876/744/855 890/754/869
f 883/749/862 890/754/869 891/755/870
f 879/746/858 892/756/871 893/757/872
f 879/746/858 893/757/872 880/747/859
f 886/750/865 880/747/859 893/757/872
f 886/750/865 893/757/872 894/758/873
f 875/743/854 874/742/853 895/759/874
f 875/743/854 895/759/874 896/760/875
f 889/753/868 875/743/854 896/760/875
f 889/753/868 896/760/875 897/761/876
f 888/752/867 887/751/866 877/745/856
f 888/752/867 877/745/856 882/748/861
f 886/750/865 874/742/853 877/745/856
f 886/750/865 877/745/856 887/751/866
f 895/759/874 874/742/853 886/750/865
f 895/759/874 886/750/865 894/758/873
f 898/762/877 899/763/878 900/764/879
f 898/762/877 900/764/879 901/765/880
f 902/766/881 903/767/882 904/768/883
f 902/766/881 904/768/883 905/769/884
f 903/767/882 898/762/877 901/765/880
f 903/767/882 901/765/880 904/768/883
f 906/770/885 907/771/886 908/772/887
f 906/770/885 908/772/887 909/773/888
f 905/769/884 904/768/883 910/774/889
f 905/769/884 910/774/889 911/775/890
f 901/765/880 912/776/891 910/774/889
f 901/765/880 910/774/889 904/768/883
f 900/764/879 913/777/892 912/776/891
f 900/764/879 912/776/891 901/765/880
f 908/772/887 914/778/893 915/779/894
f 908/772/887 915/779/894 909/773/888
f 899/763/878 906/770/885 909/773/888
f 899/763/878 909/773/888 900/764/879
f 909/773/888 915/779/894 913/777/892
f 909/773/888 913/777/892 900/764/879
f 907/771/886 916/780/895 917/781/896
f 907/771/886 917/781/896 908/772/887
f 917/781/896 918/782/897 914/778/893
f 917/781/896 914/778/893 908/772/887
f 919/783/898 920/784/899 921/785/900
f 919/783/898 921/785/900 922/786/901
f 923/787/902 924/788/903 925/789/904
f 923/787/902 925/789/904 926/790/905
f 926/790/905 925/789/904 920/784/899
f 926/790/905 920/784/899 919/783/898
f 922/786/901 921/785/900 927/791/906
f 922/786/901 927/791/906 928/792/907
f 924/788/903 929/793/908 930/794/909
f 924/788/903 930/794/909 925/789/904
f 920/784/899 925/789/904 930/794/909
f 920/784/899 930/794/909 931/795/910
f 921/785/900 920/784/899 931/795/910
f 921/785/900 931/795/910 932/796/911
f 927/791/906 921/785/900 932/796/911
f 927/791/906 932/796/911 933/797/912
f 934/798/913 935/799/914 936/800/915
f 934/798/913 936/800/915 937/801/916
f 938/802/917 935/799/914 934/798/913
f 938/802/917 934/798/913 939/803/918
f 935/799/914 927/791/906 933/797/912
f 935/799/914 933/797/912 936/800/915
f 928/792/907 927/791/906 935/799/914
f 928/792/907 935/799/914 938/802/917
f 940/804/919 941/805/920 942/806/921
f 940/804/919 942/806/921 943/807/922
f 944/808/923 945/809/924 946/810/925
f 944/808/923 946/810/925 947/811/926
f 948/812/927 940/804/919 943/807/922
f 948/812/927 943/807/922 949/813/928
f 941/805/920 950/814/929 951/815/930
f 941/805/920 951/815/930 942/806/921
f 947/811/926 946/810/925 952/816/931
f 947/811/926 952/816/931 953/817/932
f 943/807/922 954/818/933 955/819/934
f 943/807/922 955/819/934 949/813/928
f 942/806/921 956/820/935 954/818/933
f 942/806/921 954/818/933 943/807/922
f 951/815/930 957/821/936 956/820/935
f 951/815/930 956/820/935 942/806/921
f 945/809/924 958/822/937 959/823/938
f 945/809/924 959/823/938 946/810/925
f 952/816/931 946/810/925 959/823/938
f 952/816/931 959/823/938 960/824/939
f 958/822/937 948/812/927 949/813/928
f 958/822/937 949/813/928 959/823/938
f 960/824/939 959/823/938 949/813/928
f 960/824/939 949/813/928 955/819/934
f 961/825/940 947/811/926 953/817/932
f 961/825/940 953/817/932 962/826/941
f 963/827/942 944/808/923 947/811/926
f 963/827/942 947/811/926 961/825/940
f 950/814/929 964/828/943 965/829/944
f 950/814/929 965/829/944 951/815/930
f 965/829/944 966/830/945 957/821/936
f 965/829/944 957/821/936 951/815/930
f 967/831/946 968/832/947 969/833/948
f 967/831/946 969/833/948 970/834/949
f 971/835/950 972/836/951 973/837/952
f 971/835/950 973/837/952 974/838/953
f 975/839/954 976/840/955 977/841/956
f 975/839/954 977/841/956 978/842/957
f 979/843/958 975/839/954 978/842/957
f 979/843/958 978/842/957 980/844/959
f 973/837/952 981/845/960 982/846/961
f 973/837/952 982/846/961 974/838/953
f 983/847/962 984/848/963 985/849/964
f 983/847/962 985/849/964 986/850/965
f 985/849/964 987/851/966 988/852/967
f 985/849/964 988/852/967 986/850/965
f 984/848/963 967/831/946 970/834/949
f 984/848/963 970/834/949 985/849/964
f 970/834/949 989/853/968 987/851/966
f 970/834/949 987/851/966 985/849/964
f 969/833/948 990/854/969 989/853/968
f 969/833/948 989/853/968 970/834/949
f 991/855/970 992/856/971 993/857/972
f 991/855/970 993/857/972 994/858/973
f 993/857/972 995/859/974 996/860/975
f 993/857/972 996/860/975 994/858/973
f 992/856/971 997/861/976 998/862/977
f 992/856/971 998/862/977 993/857/972
f 998/862/977 999/863/978 995/859/974
f 998/862/977 995/859/974 993/857/972
f 994/858/973 996/860/975 990/854/969
f 994/858/973 990/854/969 969/833/948
f 968/832/947 991/855/970 994/858/973
f 968/832/947 994/858/973 969/833/948
f 986/850/965 988/852/967 981/845/960
f 986/850/965 981/845/960 973/837/952
f 972/836/951 983/847/962 986/850/965
f 972/836/951 986/850/965 973/837/952
f 980/844/959 978/842/957 974/838/953
f 980/844/959 974/838/953 982/846/961
f 977/841/956 971/835/950 974/838/953
f 977/841/956 974/838/953 978/842/957
f 1000/442/979 1001/864/980 1002/865/981
f 1000/442/979 1002/865/981 1003/866/982
f 1004/444/983 1005/867/984 1006/868/985
f 1004/444/983 1006/868/985 1007/869/986
f 1008/445/987 1009/870/988 1010/871/989
f 1008/445/987 1010/871/989 1011/872/990
f 1012/873/991 1013/874/992 1014/875/993
f 1012/873/991 1014/875/993 1015/876/994
f 1007/869/986 1006/868/985 1016/877/995
f 1007/869/986 1016/877/995 1017/878/996
f 1010/871/989 1018/879/997 1019/880/998
f 1010/871/989 1019/880/998 1011/872/990
f 1002/865/981 1020/881/999 1021/882/1000
f 1002/865/981 1021/882/1000 1003/866/982
f 1014/875/993 1022/883/1001 1023/884/1002
f 1014/875/993 1023/884/1002 1015/876/994
f 1001/864/980 1012/873/991 1015/876/994
f 1001/864/980 1015/876/994 1002/865/981
f 1015/876/994 1023/884/1002 1020/881/999
f 1015/876/994 1020/881/999 1002/865/981
f 1005/867/984 1008/445/987 1011/872/990
f 1005/867/984 1011/872/990 1006/868/985
f 1016/877/995 1006/868/985 1011/872/990
f 1016/877/995 1011/872/990 1019/880/998
f 1009/870/988 1000/442/979 1003/866/982
f 1009/870/988 1003/866/982 1010/871/989
f 1003/866/982 1021/882/1000 1018/879/997
f 1003/866/982 1018/879/997 1010/871/989
f 1024/442/1003 1025/885/1004 1026/886/1005
f 1024/442/1003 1026/886/1005 1027/866/1006
f 1028/444/1007 1029/867/1008 1030/868/1009
f 1028/444/1007 1030/868/1009 1031/869/1010
f 1032/445/1011 1033/870/1012 1034/871/1013
f 1032/445/1011 1034/871/1013 1035/872/1014
f 1031/869/1010 1030/868/1009 1036/887/1015
f 1031/869/1010 1036/887/1015 1037/888/1016
f 1034/871/1013 1038/889/1017 1039/890/1018
f 1034/871/1013 1039/890/1018 1035/872/1014
f 1026/886/1005 1040/891/1019 1041/892/1020
f 1026/886/1005 1041/892/1020 1027/866/1006
f 1042/864/1021 1043/893/1022 1044/894/1023
f 1042/864/1021 1044/894/1023 1045/865/1024
f 1044/894/1023 1046/895/1025 1047/896/1026
f 1044/894/1023 1047/896/1026 1045/865/1024
f 1025/885/1004 1042/864/1021 1045/865/1024
f 1025/885/1004 1045/865/1024 1026/886/1005
f 1045/865/1024 1047/896/1026 1040/891/1019
f 1045/865/1024 1040/891/1019 1026/886/1005
f 1033/870/1012 1024/442/1003 1027/866/1006
f 1033/870/1012 1027/866/1006 1034/871/1013
f 1027/866/1006 1041/892/1020 1038/889/1017
f 1027/866/1006 1038/889/1017 1034/871/1013
f 1029/867/1008 1032/445/1011 1035/872/1014
f 1029/867/1008 1035/872/1014 1030/868/1009
f 1036/887/1015 1030/868/1009 1035/872/1014
f 1036/887/1015 1035/872/1014 1039/890/1018
f 1048/750/1027 1049/751/1028 1050/744/1029
f 1048/750/1027 1050/744/1029 1051/743/1030
f 8/8/8 7/7/7 1052/747/1031
f 8/8/8 1052/747/1031 1053/746/1032
f 1054/752/1033 1055/749/1034 1050/744/1029
f 1054/752/1033 1050/744/1029 1049/751/1028
f 7/7/7 1049/751/1028 1048/750/1027
f 7/7/7 1048/750/1027 1052/747/1031
f 6/6/6 1054/752/1033 1049/751/1028
f 6/6/6 1049/751/1028 7/7/7
f 1050/744/1029 1056/754/1035 1057/753/1036
f 1050/744/1029 1057/753/1036 1051/743/1030
f 1055/749/1034 1058/755/1037 1056/754/1035
f 1055/749/1034 1056/754/1035 1050/744/1029
f 1053/746/1032 1052/747/1031 1059/757/1038
f 1053/746/1032 1059/757/1038 1060/756/1039
f 1048/750/1027 1061/758/1040 1059/757/1038
f 1048/750/1027 1059/757/1038 1052/747/1031
f 1051/743/1030 1062/760/1041 1061/758/1040
f 1051/743/1030 1061/758/1040 1048/750/1027
f 1057/753/1036 1063/761/1042 1062/760/1041
f 1057/753/1036 1062/760/1041 1051/743/1030
f 1064/897/1043 1065/898/1044 1066/899/1045
f 1064/897/1043 1066/899/1045 1067/900/1046
f 1068/901/1047 1069/902/1048 1070/903/1049
f 1068/901/1047 1070/903/1049 1071/904/1050
f 1072/905/1051 1073/906/1052 1066/899/1045
f 1072/905/1051 1066/899/1045 1065/898/1044
f 1074/907/1053 1075/908/1054 1069/902/1048
f 1074/907/1053 1069/902/1048 1068/901/1047
f 1069/902/1048 1065/898/1044 1064/897/1043
f 1069/902/1048 1064/897/1043 1070/903/1049
f 1075/908/1054 1072/905/1051 1065/898/1044
f 1075/908/1054 1065/898/1044 1069/902/1048
f 1066/899/1045 1076/909/1055 1077/910/1056
f 1066/899/1045 1077/910/1056 1067/900/1046
f 1073/906/1052 1078/911/1057 1076/909/1055
f 1073/906/1052 1076/909/1055 1066/899/1045
f 1071/904/1050 1070/903/1049 1079/912/1058
f 1071/904/1050 1079/912/1058 1080/913/1059
f 1064/897/1043 1081/914/1060 1079/912/1058
f 1064/897/1043 1079/912/1058 1070/903/1049
f 1067/900/1046 1082/915/1061 1081/914/1060
f 1067/900/1046 1081/914/1060 1064/897/1043
f 1077/910/1056 1083/916/1062 1082/915/1061
f 1077/910/1056 1082/915/1061 1067/900/1046
f 1084/905/1063 1085/906/1064 1086/917/1065
f 1084/905/1063 1086/917/1065 1087/918/1066
f 1088/907/1067 1089/908/1068 1090/919/1069
f 1088/907/1067 1090/919/1069 1091/920/1070
f 1089/908/1068 1084/905/1063 1087/918/1066
f 1089/908/1068 1087/918/1066 1090/919/1069
f 1085/906/1064 1092/921/1071 1093/922/1072
f 1085/906/1064 1093/922/1072 1086/917/1065
f 1091/920/1070 1090/919/1069 1094/912/1073
f 1091/920/1070 1094/912/1073 1095/913/1074
f 1087/918/1066 1096/914/1075 1094/912/1073
f 1087/918/1066 1094/912/1073 1090/919/1069
f 1086/917/1065 1097/915/1076 1096/914/1075
f 1086/917/1065 1096/914/1075 1087/918/1066
f 1093/922/1072 1098/923/1077 1097/915/1076
f 1093/922/1072 1097/915/1076 1086/917/1065
f 1092/921/1071 1099/911/1078 1100/924/1079
f 1092/921/1071 1100/924/1079 1093/922/1072
f 1100/924/1079 1101/916/1080 1098/923/1077
f 1100/924/1079 1098/923/1077 1093/922/1072
f 1102/750/1081 1103/751/1082 1104/744/1083
f 1102/750/1081 1104/744/1083 1105/743/1084
f 1106/8/1085 1107/925/1086 1108/926/1087
f 1106/8/1085 1108/926/1087 1109/746/1088
f 1110/752/1089 1111/749/1090 1104/744/1083
f 1110/752/1089 1104/744/1083 1103/751/1082
f 1112/5/1091 1113/927/1092 1107/925/1086
f 1112/5/1091 1107/925/1086 1106/8/1085
f 1114/7/1093 1103/751/1082 1102/750/1081
f 1114/7/1093 1102/750/1081 1115/747/1094
f 1116/6/1095 1110/752/1089 1103/751/1082
f 1116/6/1095 1103/751/1082 1114/7/1093
f 1104/744/1083 1117/754/1096 1118/753/1097
f 1104/744/1083 1118/753/1097 1105/743/1084
f 1111/749/1090 1119/755/1098 1117/754/1096
f 1111/749/1090 1117/754/1096 1104/744/1083
f 1109/746/1088 1108/926/1087 1120/928/1099
f 1109/746/1088 1120/928/1099 1121/756/1100
f 1102/750/1081 1122/758/1101 1123/757/1102
f 1102/750/1081 1123/757/1102 1115/747/1094
f 1105/743/1084 1124/760/1103 1122/758/1101
f 1105/743/1084 1122/758/1101 1102/750/1081
f 1118/753/1097 1125/761/1104 1124/760/1103
f 1118/753/1097 1124/760/1103 1105/743/1084
f 1113/927/1092 1116/6/1095 1114/7/1093
f 1113/927/1092 1114/7/1093 1107/925/1086
f 1108/926/1087 1107/925/1086 1114/7/1093
f 1108/926/1087 1114/7/1093 1115/747/1094
f 1120/928/1099 1108/926/1087 1115/747/1094
f 1120/928/1099 1115/747/1094 1123/757/1102
f 1126/929/1105 1127/930/1106 1128/931/1107
f 1126/929/1105 1128/931/1107 1129/932/1108
f 1130/933/1109 1131/934/1110 1132/935/1111
f 1130/933/1109 1132/935/1111 1133/936/1112
f 1134/937/1113 1135/938/1114 1131/934/1110
f 1134/937/1113 1131/934/1110 1130/933/1109
f 1131/934/1110 1135/938/1114 1136/939/1115
f 1131/934/1110 1136/939/1115 1137/940/1116
f 1132/935/1111 1131/934/1110 1137/940/1116
f 1132/935/1111 1137/940/1116 1138/941/1117
f 1139/942/1118 1140/943/1119 1141/944/1120
f 1139/942/1118 1141/944/1120 1142/945/1121
f 1133/936/1112 1132/935/1111 1143/946/1122
f 1133/936/1112 1143/946/1122 1144/947/1123
f 1143/946/1122 1132/935/1111 1138/941/1117
f 1143/946/1122 1138/941/1117 1145/948/1124
f 1144/947/1123 1143/946/1122 1140/943/1119
f 1144/947/1123 1140/943/1119 1139/942/1118
f 1140/943/1119 1143/946/1122 1145/948/1124
f 1140/943/1119 1145/948/1124 1146/949/1125
f 1141/944/1120 1140/943/1119 1146/949/1125
f 1141/944/1120 1146/949/1125 1147/950/1126
f 1142/945/1121 1141/944/1120 1148/951/1127
f 1142/945/1121 1148/951/1127 1149/952/1128
f 1148/951/1127 1141/944/1120 1147/950/1126
f 1148/951/1127 1147/950/1126 1150/953/1129
f 1149/952/1128 1148/951/1127 1127/930/1106
f 1149/952/1128 1127/930/1106 1126/929/1105
f 1127/930/1106 1148/951/1127 1150/953/1129
f 1127/930/1106 1150/953/1129 1151/954/1130
f 1128/931/1107 1127/930/1106 1151/954/1130
f 1128/931/1107 1151/954/1130 1152/955/1131
f 1153/929/1132 1154/930/1133 1155/931/1134
f 1153/929/1132 1155/931/1134 1156/932/1135
f 1157/933/1136 1158/934/1137 1159/935/1138
f 1157/933/1136 1159/935/1138 1160/936/1139
f 1161/937/1140 1162/938/1141 1163/956/1142
f 1161/937/1140 1163/956/1142 1164/957/1143
f 1163/956/1142 1162/938/1141 1165/939/1144
f 1163/956/1142 1165/939/1144 1166/958/1145
f 1159/935/1138 1158/934/1137 1167/940/1146
f 1159/935/1138 1167/940/1146 1168/941/1147
f 1169/942/1148 1170/943/1149 1171/944/1150
f 1169/942/1148 1171/944/1150 1172/945/1151
f 1160/936/1139 1159/935/1138 1173/946/1152
f 1160/936/1139 1173/946/1152 1174/947/1153
f 1173/946/1152 1159/935/1138 1168/941/1147
f 1173/946/1152 1168/941/1147 1175/948/1154
f 1174/947/1153 1173/946/1152 1170/943/1149
f 1174/947/1153 1170/943/1149 1169/942/1148
f 1170/943/1149 1173/946/1152 1175/948/1154
f 1170/943/1149 1175/948/1154 1176/949/1155
f 1171/944/1150 1170/943/1149 1176/949/1155
f 1171/944/1150 1176/949/1155 1177/950/1156
f 1172/945/1151 1171/944/1150 1178/951/1157
f 1172/945/1151 1178/951/1157 1179/952/1158
f 1178/951/1157 1171/944/1150 1177/950/1156
f 1178/951/1157 1177/950/1156 1180/953/1159
f 1179/952/1158 1178/951/1157 1154/930/1133
f 1179/952/1158 1154/930/1133 1153/929/1132
f 1154/930/1133 1178/951/1157 1180/953/1159
f 1154/930/1133 1180/953/1159 1181/954/1160
f 1155/931/1134 1154/930/1133 1181/954/1160
f 1155/931/1134 1181/954/1160 1182/955/1161
f 1158/934/1137 1163/956/1142 1166/958/1145
f 1158/934/1137 1166/958/1145 1167/940/1146
f 1164/957/1143 1163/956/1142 1158/934/1137
f 1164/957/1143 1158/934/1137 1157/933/1136
f 1183/173/1162 1184/176/1163 1185/175/1164
f 1183/173/1162 1185/175/1164 1186/174/1165
f 1187/177/1166 1188/180/1167 1189/179/1168
f 1187/177/1166 1189/179/1168 1190/178/1169
f 1191/181/1170 1192/184/1171 1193/183/1172
f 1191/181/1170 1193/183/1172 1194/182/1173
f 1193/183/1172 1192/184/1171 1195/186/1174
f 1193/183/1172 1195/186/1174 1196/185/1175
f 1194/182/1173 1193/183/1172 1197/188/1176
f 1194/182/1173 1197/188/1176 1198/187/1177
f 1197/188/1176 1193/183/1172 1196/185/1175
f 1197/188/1176 1196/185/1175 1199/189/1178
f 1198/187/1177 1197/188/1176 1188/180/1167
f 1198/187/1177 1188/180/1167 1187/177/1166
f 1188/180/1167 1197/188/1176 1199/189/1178
f 1188/180/1167 1199/189/1178 1200/190/1179
f 1189/179/1168 1188/180/1167 1200/190/1179
f 1189/179/1168 1200/190/1179 1201/191/1180
f 1202/192/1181 1203/195/1182 1204/194/1183
f 1202/192/1181 1204/194/1183 1205/193/1184
f 1190/178/1169 1189/179/1168 1206/197/1185
f 1190/178/1169 1206/197/1185 1207/196/1186
f 1206/197/1185 1189/179/1168 1201/191/1180
f 1206/197/1185 1201/191/1180 1208/198/1187
f 1207/196/1186 1206/197/1185 1203/195/1182
f 1207/196/1186 1203/195/1182 1202/192/1181
f 1203/195/1182 1206/197/1185 1208/198/1187
f 1203/195/1182 1208/198/1187 1209/199/1188
f 1204/194/1183 1203/195/1182 1209/199/1188
f 1204/194/1183 1209/199/1188 1210/200/1189
f 1205/193/1184 1204/194/1183 1211/202/1190
f 1205/193/1184 1211/202/1190 1212/201/1191
f 1211/202/1190 1204/194/1183 1210/200/1189
f 1211/202/1190 1210/200/1189 1213/203/1192
f 1212/201/1191 1211/202/1190 1184/176/1163
f 1212/201/1191 1184/176/1163 1183/173/1162
f 1184/176/1163 1211/202/1190 1213/203/1192
f 1184/176/1163 1213/203/1192 1214/204/1193
f 1185/175/1164 1184/176/1163 1214/204/1193
f 1185/175/1164 1214/204/1193 1215/205/1194
f 1216/959/1195 1217/960/1196 1218/961/1197
f 1216/959/1195 1218/961/1197 1219/962/1198
f 1220/963/1199 1221/964/1200 1222/965/1201
f 1220/963/1199 1222/965/1201 1223/966/1202
f 1224/967/1203 1225/968/1204 1226/969/1205
f 1224/967/1203 1226/969/1205 1227/970/1206
f 1228/971/1207 1229/972/1208 1224/967/1203
f 1228/971/1207 1224/967/1203 1227/970/1206
f 1230/973/1209 1228/971/1207 1227/970/1206
f 1230/973/1209 1227/970/1206 1231/974/1210
f 1226/969/1205 1232/975/1211 1231/974/1210
f 1226/969/1205 1231/974/1210 1227/970/1206
f 1225/968/1204 1233/976/1212 1234/977/1213
f 1225/968/1204 1234/977/1213 1226/969/1205
f 1234/977/1213 1235/978/1214 1232/975/1211
f 1234/977/1213 1232/975/1211 1226/969/1205
f 1233/976/1212 1220/963/1199 1223/966/1202
f 1233/976/1212 1223/966/1202 1234/977/1213
f 1223/966/1202 1236/979/1215 1235/978/1214
f 1223/966/1202 1235/978/1214 1234/977/1213
f 1222/965/1201 1237/980/1216 1236/979/1215
f 1222/965/1201 1236/979/1215 1223/966/1202
f 1238/981/1217 1239/982/1218 1240/983/1219
f 1238/981/1217 1240/983/1219 1241/984/1220
f 1221/964/1200 1242/985/1221 1243/986/1222
f 1221/964/1200 1243/986/1222 1222/965/1201
f 1243/986/1222 1244/987/1223 1237/980/1216
f 1243/986/1222 1237/980/1216 1222/965/1201
f 1242/985/1221 1245/988/1224 1246/989/1225
f 1242/985/1221 1246/989/1225 1243/986/1222
f 1246/989/1225 1247/990/1226 1244/987/1223
f 1246/989/1225 1244/987/1223 1243/986/1222
f 1240/983/1219 1248/991/1227 1249/992/1228
f 1240/983/1219 1249/992/1228 1241/984/1220
f 1239/982/1218 1250/993/1229 1251/994/1230
f 1239/982/1218 1251/994/1230 1240/983/1219
f 1251/994/1230 1252/995/1231 1248/991/1227
f 1251/994/1230 1248/991/1227 1240/983/1219
f 1250/993/1229 1216/959/1195 1219/962/1198
f 1250/993/1229 1219/962/1198 1251/994/1230
f 1219/962/1198 1253/996/1232 1252/995/1231
f 1219/962/1198 1252/995/1231 1251/994/1230
f 1218/961/1197 1254/997/1233 1253/996/1232
f 1218/961/1197 1253/996/1232 1219/962/1198
f 1241/984/1220 1249/992/1228 1247/990/1226
f 1241/984/1220 1247/990/1226 1246/989/1225
f 1245/988/1224 1238/981/1217 1241/984/1220
f 1245/988/1224 1241/984/1220 1246/989/1225
f 1255/998/1234 1256/999/1235 1257/1000/1236
f 1255/998/1234 1257/1000/1236 1258/1001/1237
f 1259/1002/1238 1260/1003/1239 1261/1004/1240
f 1259/1002/1238 1261/1004/1240 1262/1005/1241
f 1263/1006/1242 1264/1007/1243 1265/1008/1244
f 1263/1006/1242 1265/1008/1244 1266/1009/1245
f 1265/1008/1244 1264/1007/1243 1267/1010/1246
f 1265/1008/1244 1267/1010/1246 1268/1011/1247
f 1266/1009/1245 1265/1008/1244 1269/1012/1248
f 1266/1009/1245 1269/1012/1248 1270/1013/1249
f 1269/1012/1248 1265/1008/1244 1268/1011/1247
f 1269/1012/1248 1268/1011/1247 1271/1014/1250
f 1270/1013/1249 1269/1012/1248 1260/1003/1239
f 1270/1013/1249 1260/1003/1239 1259/1002/1238
f 1260/1003/1239 1269/1012/1248 1271/1014/1250
f 1260/1003/1239 1271/1014/1250 1272/1015/1251
f 1261/1004/1240 1260/1003/1239 1272/1015/1251
f 1261/1004/1240 1272/1015/1251 1273/1016/1252
f 1274/1017/1253 1275/1018/1254 1276/1019/1255
f 1274/1017/1253 1276/1019/1255 1277/1020/1256
f 1262/1005/1241 1261/1004/1240 1278/1021/1257
f 1262/1005/1241 1278/1021/1257 1279/1022/1258
f 1278/1021/1257 1261/1004/1240 1273/1016/1252
f 1278/1021/1257 1273/1016/1252 1280/1023/1259
f 1279/1022/1258 1278/1021/1257 1275/1018/1254
f 1279/1022/1258 1275/1018/1254 1274/1017/1253
f 1275/1018/1254 1278/1021/1257 1280/1023/1259
f 1275/1018/1254 1280/1023/1259 1281/1024/1260
f 1276/1019/1255 1275/1018/1254 1281/1024/1260
f 1276/1019/1255 1281/1024/1260 1282/1025/1261
f 1283/1026/1262 1284/1027/1263 1285/1028/1264
f 1283/1026/1262 1285/1028/1264 1286/1029/1265
f 1285/1028/1264 1284/1027/1263 1287/1030/1266
f 1285/1028/1264 1287/1030/1266 1288/1031/1267
f 1286/1029/1265 1285/1028/1264 1256/999/1235
f 1286/1029/1265 1256/999/1235 1255/998/1234
f 1256/999/1235 1285/1028/1264 1288/1031/1267
f 1256/999/1235 1288/1031/1267 1289/1032/1268
f 1257/1000/1236 1256/999/1235 1289/1032/1268
f 1257/1000/1236 1289/1032/1268 1290/1033/1269
f 1284/1027/1263 1276/1019/1255 1282/1025/1261
f 1284/1027/1263 1282/1025/1261 1287/1030/1266
f 1277/1020/1256 1276/1019/1255 1284/1027/1263
f 1277/1020/1256 1284/1027/1263 1283/1026/1262
f 1291/1034/1270 1292/1035/1271 1293/1036/1272
f 1291/1034/1270 1293/1036/1272 1294/1037/1273
f 1295/1038/1274 1296/1039/1275 1297/1040/1276
f 1295/1038/1274 1297/1040/1276 1298/1041/1277
f 1299/1042/1278 1295/1038/1274 1298/1041/1277
f 1299/1042/1278 1298/1041/1277 1300/1043/1279
f 1298/1041/1277 1301/1044/1280 1302/1045/1281
f 1298/1041/1277 1302/1045/1281 1300/1043/1279
f 1297/1040/1276 1303/1046/1282 1301/1044/1280
f 1297/1040/1276 1301/1044/1280 1298/1041/1277
f 1304/1047/1283 1305/1048/1284 1306/1049/1285
f 1304/1047/1283 1306/1049/1285 1307/1050/1286
f 1296/1039/1275 1308/1051/1287 1309/1052/1288
f 1296/1039/1275 1309/1052/1288 1297/1040/1276
f 1309/1052/1288 1310/1053/1289 1303/1046/1282
f 1309/1052/1288 1303/1046/1282 1297/1040/1276
f 1308/1051/1287 1311/1054/1290 1312/1055/1291
f 1308/1051/1287 1312/1055/1291 1309/1052/1288
f 1312/1055/1291 1313/1056/1292 1310/1053/1289
f 1312/1055/1291 1310/1053/1289 1309/1052/1288
f 1306/1049/1285 1314/1057/1293 1315/1058/1294
f 1306/1049/1285 1315/1058/1294 1307/1050/1286
f 1305/1048/1284 1316/1059/1295 1317/1060/1296
f 1305/1048/1284 1317/1060/1296 1306/1049/1285
f 1317/1060/1296 1318/1061/1297 1314/1057/1293
f 1317/1060/1296 1314/1057/1293 1306/1049/1285
f 1316/1059/1295 1291/1034/1270 1294/1037/1273
f 1316/1059/1295 1294/1037/1273 1317/1060/1296
f 1294/1037/1273 1319/1062/1298 1318/1061/1297
f 1294/1037/1273 1318/1061/1297 1317/1060/1296
f 1293/1036/1272 1320/1063/1299 1319/1062/1298
f 1293/1036/1272 1319/1062/1298 1294/1037/1273
f 1307/1050/1286 1315/1058/1294 1313/1056/1292
f 1307/1050/1286 1313/1056/1292 1312/1055/1291
f 1311/1054/1290 1304/1047/1283 1307/1050/1286
f 1311/1054/1290 1307/1050/1286 1312/1055/1291
f 1321/120/1300 1322/123/1301 1323/122/1302
f 1321/120/1300 1323/122/1302 1324/121/1303
f 1325/124/1304 1326/137/1305 1327/138/1306
f 1325/124/1304 1327/138/1306 1328/125/1307
f 1329/128/1308 1325/124/1304 1328/125/1307
f 1329/128/1308 1328/125/1307 1330/129/1309
f 1328/125/1307 1331/131/1310 1332/130/1311
f 1328/125/1307 1332/130/1311 1330/129/1309
f 1327/138/1306 1333/141/1312 1331/131/1310
f 1327/138/1306 1331/131/1310 1328/125/1307
f 1334/1064/1313 1335/136/1314 1336/135/1315
f 1334/1064/1313 1336/135/1315 1337/1065/1316
f 1326/137/1305 1338/143/1317 1339/144/1318
f 1326/137/1305 1339/144/1318 1327/138/1306
f 1339/144/1318 1340/145/1319 1333/141/1312
f 1339/144/1318 1333/141/1312 1327/138/1306
f 1338/143/1317 1341/133/1320 1342/134/1321
f 1338/143/1317 1342/134/1321 1339/144/1318
f 1342/134/1321 1343/146/1322 1340/145/1319
f 1342/134/1321 1340/145/1319 1339/144/1318
f 1336/135/1315 1344/147/1323 1345/1066/1324
f 1336/135/1315 1345/1066/1324 1337/1065/1316
f 1335/136/1314 1346/149/1325 1347/148/1326
f 1335/136/1314 1347/148/1326 1336/135/1315
f 1347/148/1326 1348/150/1327 1344/147/1323
f 1347/148/1326 1344/147/1323 1336/135/1315
f 1346/149/1325 1321/120/1300 1324/121/1303
f 1346/149/1325 1324/121/1303 1347/148/1326
f 1324/121/1303 1349/151/1328 1348/150/1327
f 1324/121/1303 1348/150/1327 1347/148/1326
f 1323/122/1302 1350/152/1329 1349/151/1328
f 1323/122/1302 1349/151/1328 1324/121/1303
f 1337/1065/1316 1345/1066/1324 1343/146/1322
f 1337/1065/1316 1343/146/1322 1342/134/1321
f 1341/133/1320 1334/1064/1313 1337/1065/1316
f 1341/133/1320 1337/1065/1316 1342/134/1321
f 1351/173/1330 1352/174/1331 1353/175/1332
f 1351/173/1330 1353/175/1332 1354/176/1333
f 1355/177/1334 1356/178/1335 1357/179/1336
f 1355/177/1334 1357/179/1336 1358/180/1337
f 1359/181/1338 1360/182/1339 1361/183/1340
f 1359/181/1338 1361/183/1340 1362/184/1341
f 1361/183/1340 1363/185/1342 1364/186/1343
f 1361/183/1340 1364/186/1343 1362/184/1341
f 1360/182/1339 1365/187/1344 1366/188/1345
f 1360/182/1339 1366/188/1345 1361/183/1340
f 1366/188/1345 1367/189/1346 1363/185/1342
f 1366/188/1345 1363/185/1342 1361/183/1340
f 1365/187/1344 1355/177/1334 1358/180/1337
f 1365/187/1344 1358/180/1337 1366/188/1345
f 1358/180/1337 1368/190/1347 1367/189/1346
f 1358/180/1337 1367/189/1346 1366/188/1345
f 1357/179/1336 1369/191/1348 1368/190/1347
f 1357/179/1336 1368/190/1347 1358/180/1337
f 1370/1067/1349 1371/193/1350 1372/194/1351
f 1370/1067/1349 1372/194/1351 1373/1068/1352
f 1374/1069/1353 1375/196/1354 1376/197/1355
f 1374/1069/1353 1376/197/1355 1377/1070/1356
f 1376/197/1355 1378/198/1357 1379/1071/1358
f 1376/197/1355 1379/1071/1358 1377/1070/1356
f 1375/196/1354 1380/192/1359 1381/195/1360
f 1375/196/1354 1381/195/1360 1376/197/1355
f 1381/195/1360 1382/199/1361 1378/198/1357
f 1381/195/1360 1378/198/1357 1376/197/1355
f 1372/194/1351 1383/200/1362 1384/1072/1363
f 1372/194/1351 1384/1072/1363 1373/1068/1352
f 1371/193/1350 1385/201/1364 1386/202/1365
f 1371/193/1350 1386/202/1365 1372/194/1351
f 1386/202/1365 1387/203/1366 1383/200/1362
f 1386/202/1365 1383/200/1362 1372/194/1351
f 1385/201/1364 1351/173/1330 1354/176/1333
f 1385/201/1364 1354/176/1333 1386/202/1365
f 1354/176/1333 1388/204/1367 1387/203/1366
f 1354/176/1333 1387/203/1366 1386/202/1365
f 1353/175/1332 1389/205/1368 1388/204/1367
f 1353/175/1332 1388/204/1367 1354/176/1333
f 1373/1068/1352 1384/1072/1363 1382/199/1361
f 1373/1068/1352 1382/199/1361 1381/195/1360
f 1380/192/1359 1370/1067/1349 1373/1068/1352
f 1380/192/1359 1373/1068/1352 1381/195/1360
f 1377/1070/1356 1379/1071/1358 1369/191/1348
f 1377/1070/1356 1369/191/1348 1357/179/1336
f 1356/178/1335 1374/1069/1353 1377/1070/1356
f 1356/178/1335 1377/1070/1356 1357/179/1336
f 1390/1073/1369 1391/1074/1370 1392/1075/1371
f 1390/1073/1369 1392/1075/1371 1393/1076/1372
f 1394/1077/1373 1395/1078/1374 1396/1079/1375
f 1394/1077/1373 1396/1079/1375 1397/1080/1376
f 1398/1081/1377 1399/1082/1378 1400/1083/1379
f 1398/1081/1377 1400/1083/1379 1401/1084/1380
f 1400/1083/1379 1402/1085/1381 1403/1086/1382
f 1400/1083/1379 1403/1086/1382 1401/1084/1380
f 1399/1082/1378 1404/1087/1383 1405/1088/1384
f 1399/1082/1378 1405/1088/1384 1400/1083/1379
f 1405/1088/1384 1406/1089/1385 1402/1085/1381
f 1405/1088/1384 1402/1085/1381 1400/1083/1379
f 1404/1087/1383 1394/1077/1373 1397/1080/1376
f 1404/1087/1383 1397/1080/1376 1405/1088/1384
f 1397/1080/1376 1407/1090/1386 1406/1089/1385
f 1397/1080/1376 1406/1089/1385 1405/1088/1384
f 1396/1079/1375 1408/1091/1387 1407/1090/1386
f 1396/1079/1375 1407/1090/1386 1397/1080/1376
f 1395/1078/1374 1409/1092/1388 1410/1093/1389
f 1395/1078/1374 1410/1093/1389 1396/1079/1375
f 1410/1093/1389 1411/1094/1390 1408/1091/1387
f 1410/1093/1389 1408/1091/1387 1396/1079/1375
f 1409/1092/1388 1412/1095/1391 1413/1096/1392
f 1409/1092/1388 1413/1096/1392 1410/1093/1389
f 1413/1096/1392 1414/1097/1393 1411/1094/1390
f 1413/1096/1392 1411/1094/1390 1410/1093/1389
f 1415/1098/1394 1416/1099/1395 1417/1100/1396
f 1415/1098/1394 1417/1100/1396 1418/1101/1397
f 1417/1100/1396 1419/1102/1398 1420/1103/1399
f 1417/1100/1396 1420/1103/1399 1418/1101/1397
f 1416/1099/1395 1390/1073/1369 1393/1076/1372
f 1416/1099/1395 1393/1076/1372 1417/1100/1396
f 1393/1076/1372 1421/1104/1400 1419/1102/1398
f 1393/1076/1372 1419/1102/1398 1417/1100/1396
f 1392/1075/1371 1422/1105/1401 1421/1104/1400
f 1392/1075/1371 1421/1104/1400 1393/1076/1372
f 1423/1106/1402 1415/1098/1394 1418/1101/1397
f 1423/1106/1402 1418/1101/1397 1424/1107/1403
f 1418/1101/1397 1420/1103/1399 1425/1108/1404
f 1418/1101/1397 1425/1108/1404 1424/1107/1403
f 1424/1107/1403 1425/1108/1404 1426/1109/1405
f 1424/1107/1403 1426/1109/1405 1427/1110/1406
f 1428/1111/1407 1423/1106/1402 1424/1107/1403
f 1428/1111/1407 1424/1107/1403 1427/1110/1406
f 1427/1110/1406 1426/1109/1405 1414/1097/1393
f 1427/1110/1406 1414/1097/1393 1413/1096/1392
f 1412/1095/1391 1428/1111/1407 1427/1110/1406
f 1412/1095/1391 1427/1110/1406 1413/1096/1392
f 1429/1112/1408 1430/1113/1409 1431/1114/1410
f 1429/1112/1408 1431/1114/1410 1432/1115/1411
f 1433/1116/1412 1434/1117/1413 1435/1118/1414
f 1433/1116/1412 1435/1118/1414 1436/1119/1415
f 1437/1120/1416 1438/1121/1417 1439/1122/1418
f 1437/1120/1416 1439/1122/1418 1440/1123/1419
f 1441/1124/1420 1442/1125/1421 1437/1120/1416
f 1441/1124/1420 1437/1120/1416 1440/1123/1419
f 1443/1126/1422 1441/1124/1420 1440/1123/1419
f 1443/1126/1422 1440/1123/1419 1444/1127/1423
f 1439/1122/1418 1445/1128/1424 1444/1127/1423
f 1439/1122/1418 1444/1127/1423 1440/1123/1419
f 1438/1121/1417 1446/1129/1425 1447/1130/1426
f 1438/1121/1417 1447/1130/1426 1439/1122/1418
f 1447/1130/1426 1448/1131/1427 1445/1128/1424
f 1447/1130/1426 1445/1128/1424 1439/1122/1418
f 1446/1129/1425 1433/1116/1412 1436/1119/1415
f 1446/1129/1425 1436/1119/1415 1447/1130/1426
f 1436/1119/1415 1449/1132/1428 1448/1131/1427
f 1436/1119/1415 1448/1131/1427 1447/1130/1426
f 1435/1118/1414 1450/1133/1429 1449/1132/1428
f 1435/1118/1414 1449/1132/1428 1436/1119/1415
f 1451/1134/1430 1452/1135/1431 1453/1136/1432
f 1451/1134/1430 1453/1136/1432 1454/1137/1433
f 1434/1117/1413 1455/1138/1434 1456/1139/1435
f 1434/1117/1413 1456/1139/1435 1435/1118/1414
f 1456/1139/1435 1457/1140/1436 1450/1133/1429
f 1456/1139/1435 1450/1133/1429 1435/1118/1414
f 1455/1138/1434 1458/1141/1437 1459/1142/1438
f 1455/1138/1434 1459/1142/1438 1456/1139/1435
f 1459/1142/1438 1460/1143/1439 1457/1140/1436
f 1459/1142/1438 1457/1140/1436 1456/1139/1435
f 1453/1136/1432 1461/1144/1440 1462/1145/1441
f 1453/1136/1432 1462/1145/1441 1454/1137/1433
f 1463/1146/1442 1464/1147/1443 1465/1148/1444
f 1463/1146/1442 1465/1148/1444 1466/1149/1445
f 1465/1148/1444 1467/1150/1446 1468/1151/1447
f 1465/1148/1444 1468/1151/1447 1466/1149/1445
f 1464/1147/1443 1429/1112/1408 1432/1115/1411
f 1464/1147/1443 1432/1115/1411 1465/1148/1444
f 1432/1115/1411 1469/1152/1448 1467/1150/1446
f 1432/1115/1411 1467/1150/1446 1465/1148/1444
f 1431/1114/1410 1470/1153/1449 1469/1152/1448
f 1431/1114/1410 1469/1152/1448 1432/1115/1411
f 1466/1149/1445 1468/1151/1447 1461/1144/1440
f 1466/1149/1445 1461/1144/1440 1453/1136/1432
f 1452/1135/1431 1463/1146/1442 1466/1149/1445
f 1452/1135/1431 1466/1149/1445 1453/1136/1432
f 1454/1137/1433 1462/1145/1441 1460/1143/1439
f 1454/1137/1433 1460/1143/1439 1459/1142/1438
f 1458/1141/1437 1451/1134/1430 1454/1137/1433
f 1458/1141/1437 1454/1137/1433 1459/1142/1438
f 1471/1154/1450 1472/1155/1451 1473/1156/1452
f 1471/1154/1450 1473/1156/1452 1474/1157/1453
f 1475/1158/1454 1476/1159/1455 1477/1160/1456
f 1475/1158/1454 1477/1160/1456 1478/1161/1457
f 1476/1159/1455 1475/1158/1454 1479/1162/1458
f 1476/1159/1455 1479/1162/1458 1480/1163/1459
f 1480/1163/1459 1479/1162/1458 1481/1164/1460
f 1480/1163/1459 1481/1164/1460 1482/1165/1461
f 1482/1165/1461 1481/1164/1460 1483/1166/1462
f 1482/1165/1461 1483/1166/1462 1484/1167/1463
f 1484/1167/1463 1483/1166/1462 1485/1168/1464
f 1484/1167/1463 1485/1168/1464 1486/1169/1465
f 1486/1169/1465 1485/1168/1464 1487/1170/1466
f 1486/1169/1465 1487/1170/1466 1488/1171/1467
f 1488/1171/1467 1487/1170/1466 1489/1172/1468
f 1488/1171/1467 1489/1172/1468 1490/1173/1469
f 1490/1173/1469 1489/1172/1468 1491/1174/1470
f 1490/1173/1469 1491/1174/1470 1492/1175/1471
f 1492/1175/1471 1491/1174/1470 1493/1176/1472
f 1492/1175/1471 1493/1176/1472 1494/1177/1473
f 1495/1178/1474 1496/1179/1475 1497/1180/1476
f 1495/1178/1474 1497/1180/1476 1498/1181/1477
f 1491/1174/1470 1499/1182/1478 1500/1183/1479
f 1491/1174/1470 1500/1183/1479 1493/1176/1472
f 1491/1174/1470 1489/1172/1468 1501/1184/1480
f 1491/1174/1470 1501/1184/1480 1499/1182/1478
f 1501/1184/1480 1489/1172/1468 1487/1170/1466
f 1501/1184/1480 1487/1170/1466 1502/1185/1481
f 1502/1185/1481 1487/1170/1466 1485/1168/1464
f 1502/1185/1481 1485/1168/1464 1503/1186/1482
f 1503/1186/1482 1485/1168/1464 1483/1166/1462
f 1503/1186/1482 1483/1166/1462 1504/1187/1483
f 1504/1187/1483 1483/1166/1462 1481/1164/1460
f 1504/1187/1483 1481/1164/1460 1505/1188/1484
f 1505/1188/1484 1481/1164/1460 1479/1162/1458
f 1505/1188/1484 1479/1162/1458 1506/1189/1485
f 1506/1189/1485 1479/1162/1458 1475/1158/1454
f 1506/1189/1485 1475/1158/1454 1507/1190/1486
f 1507/1190/1486 1475/1158/1454 1478/1161/1457
f 1507/1190/1486 1478/1161/1457 1508/1191/1487
f 1509/1192/1488 1510/1193/1489 1471/1154/1450
f 1509/1192/1488 1471/1154/1450 1474/1157/1453
f 1511/1194/1490 1512/1195/1491 1497/1180/1476
f 1511/1194/1490 1497/1180/1476 1496/1179/1475
f 1472/1155/1451 1471/1154/1450 1513/1196/1492
f 1472/1155/1451 1513/1196/1492 1514/1197/1493
f 1471/1154/1450 1510/1193/1489 1515/1198/1494
f 1471/1154/1450 1515/1198/1494 1513/1196/1492
f 1513/1196/1492 1515/1198/1494 1516/1199/1495
f 1513/1196/1492 1516/1199/1495 1517/1200/1496
f 1514/1197/1493 1513/1196/1492 1517/1200/1496
f 1514/1197/1493 1517/1200/1496 1518/1201/1497
f 1474/1157/1453 1473/1156/1452 1498/1181/1477
f 1474/1157/1453 1498/1181/1477 1497/1180/1476
f 1512/1195/1491 1509/1192/1488 1474/1157/1453
f 1512/1195/1491 1474/1157/1453 1497/1180/1476
f 1494/1177/1473 1493/1176/1472 1496/1179/1475
f 1494/1177/1473 1496/1179/1475 1495/1178/1474
f 1500/1183/1479 1511/1194/1490 1496/1179/1475
f 1500/1183/1479 1496/1179/1475 1493/1176/1472
f 1519/1202/1498 1520/1203/1499 1521/1204/1500
f 1519/1202/1498 1521/1204/1500 1522/1205/1501
f 1523/1206/1502 1524/1207/1503 1525/1208/1504
f 1523/1206/1502 1525/1208/1504 1526/1209/1505
f 1527/1210/1506 1528/1211/1507 1529/1212/1505
f 1527/1210/1506 1529/1212/1505 1530/1213/1508
f 1529/1212/1505 1531/1214/1509 1532/1215/1510
f 1529/1212/1505 1532/1215/1510 1530/1213/1508
f 1525/1208/1504 1533/1216/1511 1534/1217/1512
f 1525/1208/1504 1534/1217/1512 1526/1209/1505
f 1535/1218/1513 1536/1219/1514 1537/1220/1515
f 1535/1218/1513 1537/1220/1515 1538/1221/1516
f 1524/1207/1503 1539/1222/1517 1540/1223/1518
f 1524/1207/1503 1540/1223/1518 1525/1208/1504
f 1540/1223/1518 1541/1224/1519 1533/1216/1511
f 1540/1223/1518 1533/1216/1511 1525/1208/1504
f 1539/1222/1517 1542/1225/1520 1543/1226/1521
f 1539/1222/1517 1543/1226/1521 1540/1223/1518
f 1543/1226/1521 1544/1227/1522 1541/1224/1519
f 1543/1226/1521 1541/1224/1519 1540/1223/1518
f 1537/1220/1515 1545/1228/1523 1546/1229/1524
f 1537/1220/1515 1546/1229/1524 1538/1221/1516
f 1536/1219/1514 1547/1230/1525 1548/1231/1526
f 1536/1219/1514 1548/1231/1526 1537/1220/1515
f 1548/1231/1526 1549/1232/1527 1545/1228/1523
f 1548/1231/1526 1545/1228/1523 1537/1220/1515
f 1547/1230/1525 1550/1233/1528 1551/1234/1529
f 1547/1230/1525 1551/1234/1529 1548/1231/1526
f 1551/1234/1529 1552/1235/1530 1549/1232/1527
f 1551/1234/1529 1549/1232/1527 1548/1231/1526
f 1521/1204/1500 1553/1236/1531 1554/1237/1532
f 1521/1204/1500 1554/1237/1532 1522/1205/1501
f 1522/1205/1501 1554/1237/1532 1552/1235/1530
f 1522/1205/1501 1552/1235/1530 1551/1234/1529
f 1550/1233/1528 1519/1202/1498 1522/1205/1501
f 1550/1233/1528 1522/1205/1501 1551/1234/1529
f 1538/1221/1516 1546/1229/1524 1544/1227/1522
f 1538/1221/1516 1544/1227/1522 1543/1226/1521
f 1542/1225/1520 1535/1218/1513 1538/1221/1516
f 1542/1225/1520 1538/1221/1516 1543/1226/1521
f 1555/1238/1533 1556/1239/1534 1557/1240/1535
f 1555/1238/1533 1557/1240/1535 1558/1241/1536
f 1559/1242/1537 1560/1243/1538 1561/1244/1539
f 1559/1242/1537 1561/1244/1539 1562/1245/1540
f 1562/1245/1540 1561/1244/1539 1556/1239/1534
f 1562/1245/1540 1556/1239/1534 1555/1238/1533
f 1558/1241/1536 1557/1240/1535 1563/1246/1541
f 1558/1241/1536 1563/1246/1541 1564/1247/1542
f 1560/1243/1538 1565/1248/1543 1566/1249/1544
f 1560/1243/1538 1566/1249/1544 1561/1244/1539
f 1556/1239/1534 1561/1244/1539 1566/1249/1544
f 1556/1239/1534 1566/1249/1544 1567/1250/1545
f 1557/1240/1535 1556/1239/1534 1567/1250/1545
f 1557/1240/1535 1567/1250/1545 1568/1251/1546
f 1563/1246/1541 1557/1240/1535 1568/1251/1546
f 1563/1246/1541 1568/1251/1546 1569/1252/1547
f 1570/1253/1548 1571/1254/1549 1572/1255/1550
f 1570/1253/1548 1572/1255/1550 1573/1256/1551
f 1574/1257/1552 1575/1258/1553 1576/1259/1554
f 1574/1257/1552 1576/1259/1554 1577/1260/1555
f 1578/512/1556 1579/1261/1557 1580/1262/1558
f 1578/512/1556 1580/1262/1558 1581/515/1559
f 1582/516/1560 1583/1263/1561 1579/1261/1557
f 1582/516/1560 1579/1261/1557 1578/512/1556
f 1576/1259/1554 1575/1258/1553 1584/1264/1562
f 1576/1259/1554 1584/1264/1562 1585/1265/1563
f 1586/1266/1564 1587/1267/1565 1588/1268/1566
f 1586/1266/1564 1588/1268/1566 1589/1269/1567
f 1588/1268/1566 1587/1267/1565 1590/1270/1568
f 1588/1268/1566 1590/1270/1568 1591/1271/1569
f 1589/1269/1567 1588/1268/1566 1571/1254/1549
f 1589/1269/1567 1571/1254/1549 1570/1253/1548
f 1571/1254/1549 1588/1268/1566 1591/1271/1569
f 1571/1254/1549 1591/1271/1569 1592/1272/1570
f 1572/1255/1550 1571/1254/1549 1592/1272/1570
f 1572/1255/1550 1592/1272/1570 1593/1273/1571
f 1594/507/1572 1595/506/1573 1596/528/1574
f 1594/507/1572 1596/528/1574 1597/529/1575
f 1596/528/1574 1595/506/1573 1598/527/1576
f 1596/528/1574 1598/527/1576 1599/530/1577
f 1597/529/1575 1596/528/1574 1600/531/1578
f 1597/529/1575 1600/531/1578 1601/532/1579
f 1600/531/1578 1596/528/1574 1599/530/1577
f 1600/531/1578 1599/530/1577 1602/533/1580
f 1595/506/1573 1572/1255/1550 1593/1273/1571
f 1595/506/1573 1593/1273/1571 1598/527/1576
f 1573/1256/1551 1572/1255/1550 1595/506/1573
f 1573/1256/1551 1595/506/1573 1594/507/1572
f 1587/1267/1565 1576/1259/1554 1585/1265/1563
f 1587/1267/1565 1585/1265/1563 1590/1270/1568
f 1577/1260/1555 1576/1259/1554 1587/1267/1565
f 1577/1260/1555 1587/1267/1565 1586/1266/1564
f 1603/1274/1581 1584/1264/1562 1575/1258/1553
f 1603/1274/1581 1575/1258/1553 1604/1275/1582
f 1605/1276/1583 1604/1275/1582 1575/1258/1553
f 1605/1276/1583 1575/1258/1553 1574/1257/1552
f 1580/1262/1558 1579/1261/1557 1604/1275/1582
f 1580/1262/1558 1604/1275/1582 1605/1276/1583
f 1583/1263/1561 1603/1274/1581 1604/1275/1582
f 1583/1263/1561 1604/1275/1582 1579/1261/1557
f 1606/1277/1584 1607/1180/1585 1608/1181/1586
f 1606/1277/1584 1608/1181/1586 1609/1155/1587
f 1610/1158/1588 1611/1161/1589 1612/1160/1590
f 1610/1158/1588 1612/1160/1590 1613/1159/1591
f 1613/1159/1591 1614/1163/1592 1615/1162/1593
f 1613/1159/1591 1615/1162/1593 1610/1158/1588
f 1614/1163/1592 1616/1278/1594 1617/1279/1595
f 1614/1163/1592 1617/1279/1595 1615/1162/1593
f 1618/1165/1596 1619/1167/1597 1620/1166/1598
f 1618/1165/1596 1620/1166/1598 1621/1164/1599
f 1619/1167/1597 1622/1169/1600 1623/1168/1601
f 1619/1167/1597 1623/1168/1601 1620/1166/1598
f 1624/1280/1602 1625/1171/1603 1626/1170/1604
f 1624/1280/1602 1626/1170/1604 1627/1281/1605
f 1625/1171/1603 1628/1173/1606 1629/1172/1607
f 1625/1171/1603 1629/1172/1607 1626/1170/1604
f 1628/1173/1606 1630/1175/1608 1631/1174/1609
f 1628/1173/1606 1631/1174/1609 1629/1172/1607
f 1630/1175/1608 1632/1177/1610 1633/1176/1611
f 1630/1175/1608 1633/1176/1611 1631/1174/1609
f 1632/1177/1610 1608/1181/1586 1607/1180/1585
f 1632/1177/1610 1607/1180/1585 1633/1176/1611
f 1631/1174/1609 1633/1176/1611 1634/1183/1612
f 1631/1174/1609 1634/1183/1612 1635/1182/1613
f 1631/1174/1609 1635/1182/1613 1636/1184/1614
f 1631/1174/1609 1636/1184/1614 1629/1172/1607
f 1636/1184/1614 1637/1185/1615 1626/1170/1604
f 1636/1184/1614 1626/1170/1604 1629/1172/1607
f 1637/1185/1615 1638/1282/1616 1627/1281/1605
f 1637/1185/1615 1627/1281/1605 1626/1170/1604
f 1639/1186/1617 1640/1187/1618 1620/1166/1598
f 1639/1186/1617 1620/1166/1598 1623/1168/1601
f 1640/1187/1618 1641/1188/1619 1621/1164/1599
f 1640/1187/1618 1621/1164/1599 1620/1166/1598
f 1642/1283/1620 1643/1189/1621 1615/1162/1593
f 1642/1283/1620 1615/1162/1593 1617/1279/1595
f 1643/1189/1621 1644/1190/1622 1610/1158/1588
f 1643/1189/1621 1610/1158/1588 1615/1162/1593
f 1644/1190/1622 1645/1191/1623 1611/1161/1589
f 1644/1190/1622 1611/1161/1589 1610/1158/1588
f 1646/1195/1624 1607/1180/1585 1606/1277/1584
f 1646/1195/1624 1606/1277/1584 1647/1193/1625
f 1634/1183/1612 1633/1176/1611 1607/1180/1585
f 1634/1183/1612 1607/1180/1585 1646/1195/1624
f 1648/1284/1626 1649/1201/1627 1650/1200/1628
f 1648/1284/1626 1650/1200/1628 1651/1285/1629
f 1651/1285/1629 1650/1200/1628 1652/1199/1630
f 1651/1285/1629 1652/1199/1630 1653/1286/1631
f 1606/1277/1584 1654/1287/1632 1655/1288/1633
f 1606/1277/1584 1655/1288/1633 1647/1193/1625
f 1609/1155/1587 1656/1197/1634 1654/1287/1632
f 1609/1155/1587 1654/1287/1632 1606/1277/1584
f 1654/1287/1632 1651/1285/1629 1653/1286/1631
f 1654/1287/1632 1653/1286/1631 1655/1288/1633
f 1656/1197/1634 1648/1284/1626 1651/1285/1629
f 1656/1197/1634 1651/1285/1629 1654/1287/1632
f 1638/1282/1616 1639/1186/1617 1623/1168/1601
f 1638/1282/1616 1623/1168/1601 1627/1281/1605
f 1622/1169/1600 1624/1280/1602 1627/1281/1605
f 1622/1169/1600 1627/1281/1605 1623/1168/1601
f 1616/1278/1594 1618/1165/1596 1621/1164/1599
f 1616/1278/1594 1621/1164/1599 1617/1279/1595
f 1641/1188/1619 1642/1283/1620 1617/1279/1595
f 1641/1188/1619 1617/1279/1595 1621/1164/1599
f 1657/1154/1635 1658/1180/1636 1659/1181/1637
f 1657/1154/1635 1659/1181/1637 1660/1155/1638
f 1661/1158/1639 1662/1161/1640 1663/1160/1641
f 1661/1158/1639 1663/1160/1641 1664/1159/1642
f 1664/1159/1642 1665/1163/1643 1666/1162/1644
f 1664/1159/1642 1666/1162/1644 1661/1158/1639
f 1665/1163/1643 1667/1165/1645 1668/1164/1646
f 1665/1163/1643 1668/1164/1646 1666/1162/1644
f 1667/1165/1645 1669/1167/1647 1670/1166/1648
f 1667/1165/1645 1670/1166/1648 1668/1164/1646
f 1669/1167/1647 1671/1169/1649 1672/1168/1650
f 1669/1167/1647 1672/1168/1650 1670/1166/1648
f 1671/1169/1649 1673/1171/1651 1674/1170/1652
f 1671/1169/1649 1674/1170/1652 1672/1168/1650
f 1675/1289/1653 1676/1173/1654 1677/1172/1655
f 1675/1289/1653 1677/1172/1655 1678/1290/1656
f 1676/1173/1654 1679/1175/1657 1680/1174/1658
f 1676/1173/1654 1680/1174/1658 1677/1172/1655
f 1679/1175/1657 1681/1177/1659 1682/1176/1660
f 1679/1175/1657 1682/1176/1660 1680/1174/1658
f 1681/1177/1659 1659/1181/1637 1658/1180/1636
f 1681/1177/1659 1658/1180/1636 1682/1176/1660
f 1680/1174/1658 1682/1176/1660 1683/1183/1661
f 1680/1174/1658 1683/1183/1661 1684/1182/1662
f 1680/1174/1658 1684/1182/1662 1685/1184/1663
f 1680/1174/1658 1685/1184/1663 1677/1172/1655
f 1685/1184/1663 1686/1291/1664 1678/1290/1656
f 1685/1184/1663 1678/1290/1656 1677/1172/1655
f 1687/1185/1665 1688/1186/1666 1672/1168/1650
f 1687/1185/1665 1672/1168/1650 1674/1170/1652
f 1688/1186/1666 1689/1187/1667 1670/1166/1648
f 1688/1186/1666 1670/1166/1648 1672/1168/1650
f 1689/1187/1667 1690/1188/1668 1668/1164/1646
f 1689/1187/1667 1668/1164/1646 1670/1166/1648
f 1690/1188/1668 1691/1189/1669 1666/1162/1644
f 1690/1188/1668 1666/1162/1644 1668/1164/1646
f 1691/1189/1669 1692/1190/1670 1661/1158/1639
f 1691/1189/1669 1661/1158/1639 1666/1162/1644
f 1692/1190/1670 1693/1191/1671 1662/1161/1640
f 1692/1190/1670 1662/1161/1640 1661/1158/1639
f 1694/1195/1672 1658/1180/1636 1657/1154/1635
f 1694/1195/1672 1657/1154/1635 1695/1193/1673
f 1683/1183/1661 1682/1176/1660 1658/1180/1636
f 1683/1183/1661 1658/1180/1636 1694/1195/1672
f 1696/1197/1674 1697/1201/1675 1698/1200/1676
f 1696/1197/1674 1698/1200/1676 1699/1196/1677
f 1699/1196/1677 1698/1200/1676 1700/1199/1678
f 1699/1196/1677 1700/1199/1678 1701/1198/1679
f 1686/1291/1664 1687/1185/1665 1674/1170/1652
f 1686/1291/1664 1674/1170/1652 1678/1290/1656
f 1673/1171/1651 1675/1289/1653 1678/1290/1656
f 1673/1171/1651 1678/1290/1656 1674/1170/1652
f 1657/1154/1635 1699/1196/1677 1701/1198/1679
f 1657/1154/1635 1701/1198/1679 1695/1193/1673
f 1660/1155/1638 1696/1197/1674 1699/1196/1677
f 1660/1155/1638 1699/1196/1677 1657/1154/1635
f 1702/1233/1680 1703/1203/1681 1704/1204/1682
f 1702/1233/1680 1704/1204/1682 1705/1234/1683
f 1706/1211/1684 1707/1207/1685 1708/1208/1686
f 1706/1211/1684 1708/1208/1686 1709/1212/1687
f 1710/1210/1688 1706/1211/1684 1709/1212/1687
f 1710/1210/1688 1709/1212/1687 1711/1213/1689
f 1709/1212/1687 1712/1214/1690 1713/1215/1691
f 1709/1212/1687 1713/1215/1691 1711/1213/1689
f 1708/1208/1686 1714/1216/1692 1712/1214/1690
f 1708/1208/1686 1712/1214/1690 1709/1212/1687
f 1715/1218/1693 1716/1219/1694 1717/1220/1695
f 1715/1218/1693 1717/1220/1695 1718/1221/1696
f 1707/1207/1685 1719/1222/1697 1720/1223/1698
f 1707/1207/1685 1720/1223/1698 1708/1208/1686
f 1720/1223/1698 1721/1224/1699 1714/1216/1692
f 1720/1223/1698 1714/1216/1692 1708/1208/1686
f 1719/1222/1697 1722/1225/1700 1723/1226/1701
f 1719/1222/1697 1723/1226/1701 1720/1223/1698
f 1723/1226/1701 1724/1227/1702 1721/1224/1699
f 1723/1226/1701 1721/1224/1699 1720/1223/1698
f 1717/1220/1695 1725/1228/1703 1726/1229/1704
f 1717/1220/1695 1726/1229/1704 1718/1221/1696
f 1716/1219/1694 1727/1230/1705 1728/1231/1706
f 1716/1219/1694 1728/1231/1706 1717/1220/1695
f 1728/1231/1706 1729/1232/1707 1725/1228/1703
f 1728/1231/1706 1725/1228/1703 1717/1220/1695
f 1727/1230/1705 1702/1233/1680 1705/1234/1683
f 1727/1230/1705 1705/1234/1683 1728/1231/1706
f 1705/1234/1683 1730/1235/1708 1729/1232/1707
f 1705/1234/1683 1729/1232/1707 1728/1231/1706
f 1704/1204/1682 1731/1236/1709 1730/1235/1708
f 1704/1204/1682 1730/1235/1708 1705/1234/1683
f 1718/1221/1696 1726/1229/1704 1724/1227/1702
f 1718/1221/1696 1724/1227/1702 1723/1226/1701
f 1722/1225/1700 1715/1218/1693 1718/1221/1696
f 1722/1225/1700 1718/1221/1696 1723/1226/1701
f 1732/1292/1710 1733/1293/1711 1734/1294/1712
f 1732/1292/1710 1734/1294/1712 1735/1295/1713
f 1736/1296/1714 1737/1297/1715 1738/1298/1716
f 1736/1296/1714 1738/1298/1716 1739/1299/1717
f 1740/1300/1718 1741/1301/1719 1742/1302/1720
f 1740/1300/1718 1742/1302/1720 1743/1303/1721
f 1742/1302/1720 1741/1301/1719 1744/1304/1722
f 1742/1302/1720 1744/1304/1722 1745/1305/1723
f 1743/1303/1721 1742/1302/1720 1746/1306/1724
f 1743/1303/1721 1746/1306/1724 1747/1307/1725
f 1746/1306/1724 1742/1302/1720 1745/1305/1723
f 1746/1306/1724 1745/1305/1723 1748/1308/1726
f 1747/1307/1725 1746/1306/1724 1737/1297/1715
f 1747/1307/1725 1737/1297/1715 1736/1296/1714
f 1737/1297/1715 1746/1306/1724 1748/1308/1726
f 1737/1297/1715 1748/1308/1726 1749/1309/1727
f 1738/1298/1716 1737/1297/1715 1749/1309/1727
f 1738/1298/1716 1749/1309/1727 1750/1310/1728
f 1751/1311/1729 1752/1312/1730 1753/1313/1731
f 1751/1311/1729 1753/1313/1731 1754/1314/1732
f 1739/1299/1717 1738/1298/1716 1755/1315/1733
f 1739/1299/1717 1755/1315/1733 1756/1316/1734
f 1755/1315/1733 1738/1298/1716 1750/1310/1728
f 1755/1315/1733 1750/1310/1728 1757/1317/1735
f 1756/1316/1734 1755/1315/1733 1752/1312/1730
f 1756/1316/1734 1752/1312/1730 1751/1311/1729
f 1752/1312/1730 1755/1315/1733 1757/1317/1735
f 1752/1312/1730 1757/1317/1735 1758/1318/1736
f 1753/1313/1731 1752/1312/1730 1758/1318/1736
f 1753/1313/1731 1758/1318/1736 1759/1319/1737
f 1754/1314/1732 1753/1313/1731 1760/1320/1738
f 1754/1314/1732 1760/1320/1738 1761/1321/1739
f 1760/1320/1738 1753/1313/1731 1759/1319/1737
f 1760/1320/1738 1759/1319/1737 1762/1322/1740
f 1733/1293/1711 1763/1323/1741 1764/1324/1742
f 1733/1293/1711 1764/1324/1742 1734/1294/1712
f 1765/1325/1743 1766/1326/1744 1767/1327/1745
f 1765/1325/1743 1767/1327/1745 1768/1328/1746
f 1769/1329/1747 1767/1327/1745 1766/1326/1744
f 1769/1329/1747 1766/1326/1744 1770/1330/1748
f 1768/1328/1746 1767/1327/1745 1760/1320/1738
f 1768/1328/1746 1760/1320/1738 1762/1322/1740
f 1761/1321/1739 1760/1320/1738 1767/1327/1745
f 1761/1321/1739 1767/1327/1745 1769/1329/1747
f 1741/1301/1719 1771/1331/1749 1772/1332/1750
f 1741/1301/1719 1772/1332/1750 1744/1304/1722
f 1773/1333/1751 1771/1331/1749 1741/1301/1719
f 1773/1333/1751 1741/1301/1719 1740/1300/1718
f 1763/1323/1741 1733/1293/1711 1766/1326/1744
f 1763/1323/1741 1766/1326/1744 1765/1325/1743
f 1770/1330/1748 1766/1326/1744 1733/1293/1711
f 1770/1330/1748 1733/1293/1711 1732/1292/1710
f 1774/1334/1752 1775/1335/1753 1776/1336/1754
f 1774/1334/1752 1776/1336/1754 1777/1337/1755
f 1778/1338/1756 1779/1339/1757 1780/1340/1758
f 1778/1338/1756 1780/1340/1758 1781/1341/1759
f 1782/1342/1760 1783/1343/1761 1784/1344/1762
f 1782/1342/1760 1784/1344/1762 1785/1345/1763
f 1784/1344/1762 1786/1346/1764 1787/1347/1765
f 1784/1344/1762 1787/1347/1765 1785/1345/1763
f 1780/1340/1758 1788/1348/1766 1789/1349/1767
f 1780/1340/1758 1789/1349/1767 1781/1341/1759
f 1790/1350/1768 1791/1351/1769 1792/1352/1770
f 1790/1350/1768 1792/1352/1770 1793/1353/1771
f 1779/1339/1757 1794/1354/1772 1795/1355/1773
f 1779/1339/1757 1795/1355/1773 1780/1340/1758
f 1795/1355/1773 1796/1356/1774 1788/1348/1766
f 1795/1355/1773 1788/1348/1766 1780/1340/1758
f 1794/1354/1772 1790/1350/1768 1793/1353/1771
f 1794/1354/1772 1793/1353/1771 1795/1355/1773
f 1793/1353/1771 1797/1357/1775 1796/1356/1774
f 1793/1353/1771 1796/1356/1774 1795/1355/1773
f 1792/1352/1770 1798/1358/1776 1797/1357/1775
f 1792/1352/1770 1797/1357/1775 1793/1353/1771
f 1799/1359/1777 1800/1360/1778 1801/1361/1779
f 1799/1359/1777 1801/1361/1779 1802/1362/1780
f 1801/1361/1779 1803/1363/1781 1804/1364/1782
f 1801/1361/1779 1804/1364/1782 1802/1362/1780
f 1800/1360/1778 1805/1365/1783 1806/1366/1784
f 1800/1360/1778 1806/1366/1784 1801/1361/1779
f 1806/1366/1784 1807/1367/1785 1803/1363/1781
f 1806/1366/1784 1803/1363/1781 1801/1361/1779
f 1776/1336/1754 1808/1368/1786 1809/1369/1787
f 1776/1336/1754 1809/1369/1787 1777/1337/1755
f 1781/1341/1759 1789/1349/1767 1786/1346/1764
f 1781/1341/1759 1786/1346/1764 1784/1344/1762
f 1783/1343/1761 1778/1338/1756 1781/1341/1759
f 1783/1343/1761 1781/1341/1759 1784/1344/1762
f 1810/1370/1788 1811/1371/1789 1807/1367/1785
f 1810/1370/1788 1807/1367/1785 1806/1366/1784
f 1805/1365/1783 1812/1372/1790 1810/1370/1788
f 1805/1365/1783 1810/1370/1788 1806/1366/1784
f 1802/1362/1780 1804/1364/1782 1798/1358/1776
f 1802/1362/1780 1798/1358/1776 1792/1352/1770
f 1791/1351/1769 1799/1359/1777 1802/1362/1780
f 1791/1351/1769 1802/1362/1780 1792/1352/1770
f 1777/1337/1755 1809/1369/1787 1811/1371/1789
f 1777/1337/1755 1811/1371/1789 1810/1370/1788
f 1812/1372/1790 1774/1334/1752 1777/1337/1755
f 1812/1372/1790 1777/1337/1755 1810/1370/1788
f 1813/1373/1791 1814/1374/1792 1815/1375/1793
f 1813/1373/1791 1815/1375/1793 1816/1376/1794
f 1817/1377/1795 1818/1378/1796 1819/1379/1797
f 1817/1377/1795 1819/1379/1797 1820/1380/1798
f 1819/1379/1797 1818/1378/1796 1821/1381/1799
f 1819/1379/1797 1821/1381/1799 1822/1382/1800
f 1823/1383/1801 1824/1384/1802 1825/1385/1803
f 1823/1383/1801 1825/1385/1803 1826/1386/1804
f 1827/1387/1805 1828/1388/1806 1829/1389/1807
f 1827/1387/1805 1829/1389/1807 1830/1390/1808
f 1829/1389/1807 1828/1388/1806 1831/1391/1809
f 1829/1389/1807 1831/1391/1809 1832/1392/1810
f 1833/1393/1811 1834/1394/1812 1824/1384/1802
f 1833/1393/1811 1824/1384/1802 1823/1383/1801
f 1824/1384/1802 1834/1394/1812 1835/1395/1813
f 1824/1384/1802 1835/1395/1813 1836/1396/1814
f 1825/1385/1803 1824/1384/1802 1836/1396/1814
f 1825/1385/1803 1836/1396/1814 1837/1397/1815
f 1826/1386/1804 1825/1385/1803 1838/1398/1816
f 1826/1386/1804 1838/1398/1816 1839/1399/1817
f 1838/1398/1816 1825/1385/1803 1837/1397/1815
f 1838/1398/1816 1837/1397/1815 1840/1400/1818
f 1839/1399/1817 1838/1398/1816 1841/1401/1819
f 1839/1399/1817 1841/1401/1819 1842/1402/1820
f 1841/1401/1819 1838/1398/1816 1840/1400/1818
f 1841/1401/1819 1840/1400/1818 1843/1403/1821
f 1815/1375/1793 1814/1374/1792 1844/1404/1822
f 1815/1375/1793 1844/1404/1822 1845/1405/1823
f 1846/1406/1824 1841/1401/1819 1843/1403/1821
f 1846/1406/1824 1843/1403/1821 1847/1407/1825
f 1842/1402/1820 1841/1401/1819 1846/1406/1824
f 1842/1402/1820 1846/1406/1824 1848/1408/1826
f 1834/1394/1812 1849/1409/1827 1850/1410/1828
f 1834/1394/1812 1850/1410/1828 1835/1395/1813
f 1851/1411/1829 1849/1409/1827 1834/1394/1812
f 1851/1411/1829 1834/1394/1812 1833/1393/1811
f 1828/1388/1806 1819/1379/1797 1822/1382/1800
f 1828/1388/1806 1822/1382/1800 1831/1391/1809
f 1820/1380/1798 1819/1379/1797 1828/1388/1806
f 1820/1380/1798 1828/1388/1806 1827/1387/1805
f 1830/1390/1808 1829/1389/1807 1849/1409/1827
f 1830/1390/1808 1849/1409/1827 1851/1411/1829
f 1850/1410/1828 1849/1409/1827 1829/1389/1807
f 1850/1410/1828 1829/1389/1807 1832/1392/1810
f 1852/1412/1830 1853/1413/1831 1818/1378/1796
f 1852/1412/1830 1818/1378/1796 1817/1377/1795
f 1821/1381/1799 1818/1378/1796 1853/1413/1831
f 1821/1381/1799 1853/1413/1831 1854/1414/1832
f 1848/1408/1826 1846/1406/1824 1814/1374/1792
f 1848/1408/1826 1814/1374/1792 1813/1373/1791
f 1844/1404/1822 1814/1374/1792 1846/1406/1824
f 1844/1404/1822 1846/1406/1824 1847/1407/1825
f 1855/1415/1833 1856/1416/1834 1857/1417/1835
f 1855/1415/1833 1857/1417/1835 1858/1418/1836
f 1859/1419/1837 1860/1420/1838 1861/1421/1839
f 1859/1419/1837 1861/1421/1839 1862/1422/1840
f 1863/1423/1841 1864/1424/1842 1865/1425/1843
f 1863/1423/1841 1865/1425/1843 1866/1426/1844
f 1867/1427/1845 1868/1428/1846 1863/1423/1841
f 1867/1427/1845 1863/1423/1841 1866/1426/1844
f 1869/1429/1847 1867/1427/1845 1866/1426/1844
f 1869/1429/1847 1866/1426/1844 1870/1430/1848
f 1865/1425/1843 1871/1431/1849 1870/1430/1848
f 1865/1425/1843 1870/1430/1848 1866/1426/1844
f 1864/1424/1842 1872/1432/1850 1873/1433/1851
f 1864/1424/1842 1873/1433/1851 1865/1425/1843
f 1873/1433/1851 1874/1434/1852 1871/1431/1849
f 1873/1433/1851 1871/1431/1849 1865/1425/1843
f 1872/1432/1850 1859/1419/1837 1862/1422/1840
f 1872/1432/1850 1862/1422/1840 1873/1433/1851
f 1862/1422/1840 1875/1435/1853 1874/1434/1852
f 1862/1422/1840 1874/1434/1852 1873/1433/1851
f 1861/1421/1839 1876/1436/1854 1875/1435/1853
f 1861/1421/1839 1875/1435/1853 1862/1422/1840
f 1877/1437/1855 1878/1438/1856 1879/1439/1857
f 1877/1437/1855 1879/1439/1857 1880/1440/1858
f 1881/1441/1859 1882/1442/1860 1883/1443/1861
f 1881/1441/1859 1883/1443/1861 1884/1444/1862
f 1883/1443/1861 1885/1445/1863 1886/1446/1864
f 1883/1443/1861 1886/1446/1864 1884/1444/1862
f 1882/1442/1860 1877/1437/1855 1880/1440/1858
f 1882/1442/1860 1880/1440/1858 1883/1443/1861
f 1880/1440/1858 1887/1447/1865 1885/1445/1863
f 1880/1440/1858 1885/1445/1863 1883/1443/1861
f 1879/1439/1857 1888/1448/1866 1887/1447/1865
f 1879/1439/1857 1887/1447/1865 1880/1440/1858
f 1889/1449/1867 1890/1450/1868 1891/1451/1869
f 1889/1449/1867 1891/1451/1869 1892/1452/1870
f 1891/1451/1869 1893/1453/1871 1894/1454/1872
f 1891/1451/1869 1894/1454/1872 1892/1452/1870
f 1890/1450/1868 1855/1415/1833 1858/1418/1836
f 1890/1450/1868 1858/1418/1836 1891/1451/1869
f 1858/1418/1836 1895/1455/1873 1893/1453/1871
f 1858/1418/1836 1893/1453/1871 1891/1451/1869
f 1857/1417/1835 1896/1456/1874 1895/1455/1873
f 1857/1417/1835 1895/1455/1873 1858/1418/1836
f 1884/1444/1862 1886/1446/1864 1876/1436/1854
f 1884/1444/1862 1876/1436/1854 1861/1421/1839
f 1860/1420/1838 1881/1441/1859 1884/1444/1862
f 1860/1420/1838 1884/1444/1862 1861/1421/1839
f 1892/1452/1870 1894/1454/1872 1888/1448/1866
f 1892/1452/1870 1888/1448/1866 1879/1439/1857
f 1878/1438/1856 1889/1449/1867 1892/1452/1870
f 1878/1438/1856 1892/1452/1870 1879/1439/1857
f 1897/1408/1875 1898/1376/1876 1899/1375/1877
f 1897/1408/1875 1899/1375/1877 1900/1406/1878
f 1901/1457/1879 1902/1458/1880 1903/1459/1881
f 1901/1457/1879 1903/1459/1881 1904/1460/1882
f 1905/1461/1883 1906/1462/1884 1907/1463/1885
f 1905/1461/1883 1907/1463/1885 1908/1464/1886
f 1907/1463/1885 1909/1465/1887 1910/1466/1888
f 1907/1463/1885 1910/1466/1888 1908/1464/1886
f 1906/1462/1884 1911/1467/1889 1912/1468/1890
f 1906/1462/1884 1912/1468/1890 1907/1463/1885
f 1912/1468/1890 1913/1469/1891 1909/1465/1887
f 1912/1468/1890 1909/1465/1887 1907/1463/1885
f 1911/1467/1889 1901/1457/1879 1904/1460/1882
f 1911/1467/1889 1904/1460/1882 1912/1468/1890
f 1904/1460/1882 1914/1470/1892 1913/1469/1891
f 1904/1460/1882 1913/1469/1891 1912/1468/1890
f 1903/1459/1881 1915/1471/1893 1914/1470/1892
f 1903/1459/1881 1914/1470/1892 1904/1460/1882
f 1916/1383/1894 1917/1386/1895 1918/1385/1896
f 1916/1383/1894 1918/1385/1896 1919/1384/1897
f 1920/1472/1898 1921/1390/1899 1922/1389/1900
f 1920/1472/1898 1922/1389/1900 1923/1473/1901
f 1922/1389/1900 1924/1392/1902 1925/1474/1903
f 1922/1389/1900 1925/1474/1903 1923/1473/1901
f 1926/1393/1904 1916/1383/1894 1919/1384/1897
f 1926/1393/1904 1919/1384/1897 1927/1394/1905
f 1919/1384/1897 1928/1396/1906 1929/1395/1907
f 1919/1384/1897 1929/1395/1907 1927/1394/1905
f 1918/1385/1896 1930/1397/1908 1928/1396/1906
f 1918/1385/1896 1928/1396/1906 1919/1384/1897
f 1917/1386/1895 1931/1399/1909 1932/1398/1910
f 1917/1386/1895 1932/1398/1910 1918/1385/1896
f 1932/1398/1910 1933/1400/1911 1930/1397/1908
f 1932/1398/1910 1930/1397/1908 1918/1385/1896
f 1931/1399/1909 1934/1402/1912 1935/1401/1913
f 1931/1399/1909 1935/1401/1913 1932/1398/1910
f 1935/1401/1913 1936/1403/1914 1933/1400/1911
f 1935/1401/1913 1933/1400/1911 1932/1398/1910
f 1899/1375/1877 1937/1405/1915 1938/1407/1916
f 1899/1375/1877 1938/1407/1916 1900/1406/1878
f 1900/1406/1878 1938/1407/1916 1936/1403/1914
f 1900/1406/1878 1936/1403/1914 1935/1401/1913
f 1934/1402/1912 1897/1408/1875 1900/1406/1878
f 1934/1402/1912 1900/1406/1878 1935/1401/1913
f 1927/1394/1905 1929/1395/1907 1924/1392/1902
f 1927/1394/1905 1924/1392/1902 1922/1389/1900
f 1921/1390/1899 1926/1393/1904 1927/1394/1905
f 1921/1390/1899 1927/1394/1905 1922/1389/1900
f 1923/1473/1901 1925/1474/1903 1915/1471/1893
f 1923/1473/1901 1915/1471/1893 1903/1459/1881
f 1902/1458/1880 1920/1472/1898 1923/1473/1901
f 1902/1458/1880 1923/1473/1901 1903/1459/1881
f 1939/1475/1917 1940/1476/1918 1941/1477/1919
f 1939/1475/1917 1941/1477/1919 1942/1478/1920
f 1943/1479/1921 1944/1480/1922 1945/1481/1923
f 1943/1479/1921 1945/1481/1923 1946/1482/1924
f 1947/1483/1925 1948/1484/1926 1949/1485/1927
f 1947/1483/1925 1949/1485/1927 1950/1486/1928
f 1951/1487/1929 1952/1488/1930 1947/1483/1925
f 1951/1487/1929 1947/1483/1925 1950/1486/1928
f 1953/1489/1931 1951/1487/1929 1950/1486/1928
f 1953/1489/1931 1950/1486/1928 1954/1490/1932
f 1949/1485/1927 1955/1491/1933 1954/1490/1932
f 1949/1485/1927 1954/1490/1932 1950/1486/1928
f 1948/1484/1926 1956/1492/1934 1957/1493/1935
f 1948/1484/1926 1957/1493/1935 1949/1485/1927
f 1957/1493/1935 1958/1494/1936 1955/1491/1933
f 1957/1493/1935 1955/1491/1933 1949/1485/1927
f 1956/1492/1934 1943/1479/1921 1946/1482/1924
f 1956/1492/1934 1946/1482/1924 1957/1493/1935
f 1946/1482/1924 1959/1495/1937 1958/1494/1936
f 1946/1482/1924 1958/1494/1936 1957/1493/1935
f 1945/1481/1923 1960/1496/1938 1959/1495/1937
f 1945/1481/1923 1959/1495/1937 1946/1482/1924
f 1961/1497/1939 1962/1498/1940 1963/1499/1941
f 1961/1497/1939 1963/1499/1941 1964/1500/1942
f 1944/1480/1922 1965/1501/1943 1966/1502/1944
f 1944/1480/1922 1966/1502/1944 1945/1481/1923
f 1966/1502/1944 1967/1503/1945 1960/1496/1938
f 1966/1502/1944 1960/1496/1938 1945/1481/1923
f 1968/1504/1946 1961/1497/1939 1964/1500/1942
f 1968/1504/1946 1964/1500/1942 1969/1505/1947
f 1964/1500/1942 1970/1506/1948 1971/1507/1949
f 1964/1500/1942 1971/1507/1949 1969/1505/1947
f 1963/1499/1941 1972/1508/1950 1970/1506/1948
f 1963/1499/1941 1970/1506/1948 1964/1500/1942
f 1973/1509/1951 1974/1510/1952 1975/1511/1953
f 1973/1509/1951 1975/1511/1953 1976/1512/1954
f 1975/1511/1953 1977/1513/1955 1978/1514/1956
f 1975/1511/1953 1978/1514/1956 1976/1512/1954
f 1974/1510/1952 1939/1475/1917 1942/1478/1920
f 1974/1510/1952 1942/1478/1920 1975/1511/1953
f 1942/1478/1920 1979/1515/1957 1977/1513/1955
f 1942/1478/1920 1977/1513/1955 1975/1511/1953
f 1941/1477/1919 1980/1516/1958 1979/1515/1957
f 1941/1477/1919 1979/1515/1957 1942/1478/1920
f 1976/1512/1954 1978/1514/1956 1972/1508/1950
f 1976/1512/1954 1972/1508/1950 1963/1499/1941
f 1962/1498/1940 1973/1509/1951 1976/1512/1954
f 1962/1498/1940 1976/1512/1954 1963/1499/1941
f 1969/1505/1947 1971/1507/1949 1967/1503/1945
f 1969/1505/1947 1967/1503/1945 1966/1502/1944
f 1965/1501/1943 1968/1504/1946 1969/1505/1947
f 1965/1501/1943 1969/1505/1947 1966/1502/1944
f 1981/1517/1959 1982/1518/1960 1951/1487/1929
f 1981/1517/1959 1951/1487/1929 1953/1489/1931
f 1982/1518/1960 1983/1519/1961 1952/1488/1930
f 1982/1518/1960 1952/1488/1930 1951/1487/1929
f 1984/1415/1962 1985/1416/1963 1986/1417/1964
f 1984/1415/1962 1986/1417/1964 1987/1418/1965
f 1988/1419/1966 1989/1420/1967 1990/1421/1968
f 1988/1419/1966 1990/1421/1968 1991/1422/1969
f 1992/1423/1970 1993/1424/1971 1994/1425/1972
f 1992/1423/1970 1994/1425/1972 1995/1426/1973
f 1996/1427/1974 1997/1428/1975 1992/1423/1970
f 1996/1427/1974 1992/1423/1970 1995/1426/1973
f 1998/1429/1976 1996/1427/1974 1995/1426/1973
f 1998/1429/1976 1995/1426/1973 1999/1430/1977
f 1994/1425/1972 2000/1431/1978 1999/1430/1977
f 1994/1425/1972 1999/1430/1977 1995/1426/1973
f 1993/1424/1971 2001/1432/1979 2002/1433/1980
f 1993/1424/1971 2002/1433/1980 1994/1425/1972
f 2002/1433/1980 2003/1434/1981 2000/1431/1978
f 2002/1433/1980 2000/1431/1978 1994/1425/1972
f 2001/1432/1979 1988/1419/1966 1991/1422/1969
f 2001/1432/1979 1991/1422/1969 2002/1433/1980
f 1991/1422/1969 2004/1435/1982 2003/1434/1981
f 1991/1422/1969 2003/1434/1981 2002/1433/1980
f 1990/1421/1968 2005/1436/1983 2004/1435/1982
f 1990/1421/1968 2004/1435/1982 1991/1422/1969
f 2006/1520/1984 2007/1438/1985 2008/1439/1986
f 2006/1520/1984 2008/1439/1986 2009/1521/1987
f 2010/1441/1988 2011/1442/1989 2012/1443/1990
f 2010/1441/1988 2012/1443/1990 2013/1444/1991
f 2012/1443/1990 2014/1445/1992 2015/1446/1993
f 2012/1443/1990 2015/1446/1993 2013/1444/1991
f 2011/1442/1989 2016/1437/1994 2017/1440/1995
f 2011/1442/1989 2017/1440/1995 2012/1443/1990
f 2017/1440/1995 2018/1447/1996 2014/1445/1992
f 2017/1440/1995 2014/1445/1992 2012/1443/1990
f 2008/1439/1986 2019/1448/1997 2020/1522/1998
f 2008/1439/1986 2020/1522/1998 2009/1521/1987
f 2007/1438/1985 2021/1450/1999 2022/1451/2000
f 2007/1438/1985 2022/1451/2000 2008/1439/1986
f 2022/1451/2000 2023/1453/2001 2019/1448/1997
f 2022/1451/2000 2019/1448/1997 2008/1439/1986
f 2021/1450/1999 1984/1415/1962 1987/1418/1965
f 2021/1450/1999 1987/1418/1965 2022/1451/2000
f 1987/1418/1965 2024/1455/2002 2023/1453/2001
f 1987/1418/1965 2023/1453/2001 2022/1451/2000
f 1986/1417/1964 2025/1456/2003 2024/1455/2002
f 1986/1417/1964 2024/1455/2002 1987/1418/1965
f 2013/1444/1991 2015/1446/1993 2005/1436/1983
f 2013/1444/1991 2005/1436/1983 1990/1421/1968
f 1989/1420/1967 2010/1441/1988 2013/1444/1991
f 1989/1420/1967 2013/1444/1991 1990/1421/1968
f 2009/1521/1987 2020/1522/1998 2018/1447/1996
f 2009/1521/1987 2018/1447/1996 2017/1440/1995
f 2016/1437/1994 2006/1520/1984 2009/1521/1987
f 2016/1437/1994 2009/1521/1987 2017/1440/1995
f 2026/1523/2004 2027/1524/2005 2028/1525/2006
f 2026/1523/2004 2028/1525/2006 2029/1526/2007
f 2030/1527/2008 2031/1528/2009 2032/1529/2010
f 2030/1527/2008 2032/1529/2010 2033/1530/2011
f 2034/1531/2012 2035/1532/2013 2027/1524/2005
f 2034/1531/2012 2027/1524/2005 2026/1523/2004
f 2036/1533/2014 2037/1534/2015 2031/1528/2009
f 2036/1533/2014 2031/1528/2009 2030/1527/2008
f 2038/1535/2016 2026/1523/2004 2029/1526/2007
f 2038/1535/2016 2029/1526/2007 2039/1536/2017
f 2040/1537/2018 2034/1531/2012 2026/1523/2004
f 2040/1537/2018 2026/1523/2004 2038/1535/2016
f 2031/1528/2009 2038/1535/2016 2039/1536/2017
f 2031/1528/2009 2039/1536/2017 2032/1529/2010
f 2037/1534/2015 2040/1537/2018 2038/1535/2016
f 2037/1534/2015 2038/1535/2016 2031/1528/2009
f 2041/9/2019 2042/10/2020 2043/11/2021
f 2041/9/2019 2043/11/2021 2044/12/2022
f 2045/13/2023 2046/14/2024 2047/15/2025
f 2045/13/2023 2047/15/2025 2048/16/2026
f 2049/17/2027 2050/18/2028 2042/10/2020
f 2049/17/2027 2042/10/2020 2041/9/2019
f 2051/19/2029 2052/20/2030 2046/14/2024
f 2051/19/2029 2046/14/2024 2045/13/2023
f 2053/21/2031 2054/22/2032 2055/23/2033
f 2053/21/2031 2055/23/2033 2056/24/2034
f 2057/25/2035 2058/26/2036 2054/22/2032
f 2057/25/2035 2054/22/2032 2053/21/2031
f 2046/14/2024 2053/21/2031 2056/24/2034
f 2046/14/2024 2056/24/2034 2047/15/2025
f 2052/20/2030 2057/25/2035 2053/21/2031
f 2052/20/2030 2053/21/2031 2046/14/2024
f 2058/26/2036 2059/27/2037 2060/28/2038
f 2058/26/2036 2060/28/2038 2054/22/2032
f 2054/22/2032 2060/28/2038 2061/29/2039
f 2054/22/2032 2061/29/2039 2055/23/2033
f 2060/28/2038 2041/9/2019 2044/12/2022
f 2060/28/2038 2044/12/2022 2061/29/2039
f 2059/27/2037 2049/17/2027 2041/9/2019
f 2059/27/2037 2041/9/2019 2060/28/2038
f 2062/1538/2040 2063/1539/2041 2064/1540/2042
f 2062/1538/2040 2064/1540/2042 2065/1541/2043
f 2066/1542/2044 2065/1541/2043 2064/1540/2042
f 2066/1542/2044 2064/1540/2042 2067/1543/2045
f 2068/1544/2046 2069/1545/2047 2070/1546/2048
f 2068/1544/2046 2070/1546/2048 2071/1547/2049
f 2069/1545/2047 2072/1548/2050 2073/1549/2051
f 2069/1545/2047 2073/1549/2051 2070/1546/2048
f 2074/1550/2052 2075/1551/2053 2076/1552/2054
f 2074/1550/2052 2076/1552/2054 2077/1553/2055
f 2075/1551/2053 2078/1554/2056 2079/1555/2057
f 2075/1551/2053 2079/1555/2057 2076/1552/2054
f 2080/1556/2058 2081/1557/2059 2082/1558/2060
f 2080/1556/2058 2082/1558/2060 2083/1559/2061
f 2084/1560/2062 2085/1561/2063 2086/1562/2064
f 2084/1560/2062 2086/1562/2064 2087/1563/2065
f 2085/1561/2063 2088/1564/2066 2089/1565/2067
f 2085/1561/2063 2089/1565/2067 2086/1562/2064
f 2087/1563/2065 2086/1562/2064 2090/1566/2068
f 2087/1563/2065 2090/1566/2068 2091/1567/2069
f 2082/1558/2060 2092/1568/2070 2093/1569/2071
f 2082/1558/2060 2093/1569/2071 2083/1559/2061
f 2094/1570/2072 2095/1571/2073 2076/1552/2054
f 2094/1570/2072 2076/1552/2054 2079/1555/2057
f 2095/1571/2073 2096/1572/2074 2077/1553/2055
f 2095/1571/2073 2077/1553/2055 2076/1552/2054
f 2097/1573/2075 2098/1574/2076 2070/1546/2048
f 2097/1573/2075 2070/1546/2048 2073/1549/2051
f 2098/1574/2076 2099/1575/2077 2071/1547/2049
f 2098/1574/2076 2071/1547/2049 2070/1546/2048
f 2090/1566/2068 2086/1562/2064 2089/1565/2067
f 2090/1566/2068 2089/1565/2067 2100/1576/2078
f 2071/1547/2049 2101/1577/2079 2102/1578/2080
f 2071/1547/2049 2102/1578/2080 2068/1544/2046
f 2099/1575/2077 2103/1579/2081 2101/1577/2079
f 2099/1575/2077 2101/1577/2079 2071/1547/2049
f 2093/1569/2071 2094/1570/2072 2079/1555/2057
f 2093/1569/2071 2079/1555/2057 2083/1559/2061
f 2078/1554/2056 2080/1556/2058 2083/1559/2061
f 2078/1554/2056 2083/1559/2061 2079/1555/2057
f 2067/1543/2045 2064/1540/2042 2089/1565/2067
f 2067/1543/2045 2089/1565/2067 2088/1564/2066
f 2063/1539/2041 2100/1576/2078 2089/1565/2067
f 2063/1539/2041 2089/1565/2067 2064/1540/2042
f 2096/1572/2074 2097/1573/2075 2073/1549/2051
f 2096/1572/2074 2073/1549/2051 2077/1553/2055
f 2072/1548/2050 2074/1550/2052 2077/1553/2055
f 2072/1548/2050 2077/1553/2055 2073/1549/2051
f 2081/1557/2059 2084/1560/2062 2087/1563/2065
f 2081/1557/2059 2087/1563/2065 2082/1558/2060
f 2082/1558/2060 2087/1563/2065 2091/1567/2069
f 2082/1558/2060 2091/1567/2069 2092/1568/2070
f 2104/1580/2082 2105/1581/2083 2106/1582/2084
f 2104/1580/2082 2106/1582/2084 2107/1583/2085
f 2108/1584/2086 2109/1585/2087 2110/1586/2088
f 2108/1584/2086 2110/1586/2088 2111/1587/2089
f 2112/1588/2090 2113/1589/2091 2105/1581/2083
f 2112/1588/2090 2105/1581/2083 2104/1580/2082
f 2114/1590/2092 2115/1591/2093 2109/1585/2087
f 2114/1590/2092 2109/1585/2087 2108/1584/2086
f 2116/1592/2094 2117/1593/2095 2118/1594/2096
f 2116/1592/2094 2118/1594/2096 2119/1595/2097
f 2120/1596/2098 2121/1597/2099 2117/1593/2095
f 2120/1596/2098 2117/1593/2095 2116/1592/2094
f 2109/1585/2087 2116/1592/2094 2119/1595/2097
f 2109/1585/2087 2119/1595/2097 2110/1586/2088
f 2115/1591/2093 2120/1596/2098 2116/1592/2094
f 2115/1591/2093 2116/1592/2094 2109/1585/2087
f 2121/1597/2099 2122/1598/2100 2123/1599/2101
f 2121/1597/2099 2123/1599/2101 2117/1593/2095
f 2117/1593/2095 2123/1599/2101 2124/1600/2102
f 2117/1593/2095 2124/1600/2102 2118/1594/2096
f 2123/1599/2101 2104/1580/2082 2107/1583/2085
f 2123/1599/2101 2107/1583/2085 2124/1600/2102
f 2122/1598/2100 2112/1588/2090 2104/1580/2082
f 2122/1598/2100 2104/1580/2082 2123/1599/2101
f 2125/1601/2103 2126/1602/2104 2127/1603/2105
f 2125/1601/2103 2127/1603/2105 2128/1604/2106
f 2126/1602/2104 2129/1605/2107 2130/1606/2108
f 2126/1602/2104 2130/1606/2108 2127/1603/2105
f 2131/1607/2109 2132/1608/2110 2133/1609/2111
f 2131/1607/2109 2133/1609/2111 2134/1610/2112
f 2132/1608/2110 2135/1611/2113 2136/1612/2114
f 2132/1608/2110 2136/1612/2114 2133/1609/2111
f 2137/1613/2115 2138/1614/2116 2139/1615/2117
f 2137/1613/2115 2139/1615/2117 2140/1616/2118
f 2141/1617/2119 2142/1618/2120 2143/1619/2121
f 2141/1617/2119 2143/1619/2121 2144/1620/2122
f 2144/1620/2122 2143/1619/2121 2145/1621/2123
f 2144/1620/2122 2145/1621/2123 2146/1622/2124
f 2139/1615/2117 2147/1623/2125 2148/1624/2126
f 2139/1615/2117 2148/1624/2126 2140/1616/2118
f 2149/1625/2127 2150/1626/2128 2133/1609/2111
f 2149/1625/2127 2133/1609/2111 2136/1612/2114
f 2150/1626/2128 2151/1627/2129 2134/1610/2112
f 2150/1626/2128 2134/1610/2112 2133/1609/2111
f 2152/1628/2130 2153/1629/2131 2127/1603/2105
f 2152/1628/2130 2127/1603/2105 2130/1606/2108
f 2153/1629/2131 2154/1630/2132 2128/1604/2106
f 2153/1629/2131 2128/1604/2106 2127/1603/2105
f 2155/1631/2133 2156/1632/2134 2157/1633/2135
f 2155/1631/2133 2157/1633/2135 2158/1634/2136
f 2159/1635/2137 2160/1636/2138 2156/1632/2134
f 2159/1635/2137 2156/1632/2134 2155/1631/2133
f 2148/1624/2126 2149/1625/2127 2136/1612/2114
f 2148/1624/2126 2136/1612/2114 2140/1616/2118
f 2135/1611/2113 2137/1613/2115 2140/1616/2118
f 2135/1611/2113 2140/1616/2118 2136/1612/2114
f 2151/1627/2129 2152/1628/2130 2130/1606/2108
f 2151/1627/2129 2130/1606/2108 2134/1610/2112
f 2129/1605/2107 2131/1607/2109 2134/1610/2112
f 2129/1605/2107 2134/1610/2112 2130/1606/2108
f 2138/1614/2116 2141/1617/2119 2144/1620/2122
f 2138/1614/2116 2144/1620/2122 2139/1615/2117
f 2139/1615/2117 2144/1620/2122 2146/1622/2124
f 2139/1615/2117 2146/1622/2124 2147/1623/2125
f 2161/1637/2139 2155/1631/2133 2158/1634/2136
f 2161/1637/2139 2158/1634/2136 2162/1638/2140
f 2163/1639/2141 2159/1635/2137 2155/1631/2133
f 2163/1639/2141 2155/1631/2133 2161/1637/2139
f 2128/1604/2106 2161/1637/2139 2162/1638/2140
f 2128/1604/2106 2162/1638/2140 2125/1601/2103
f 2154/1630/2132 2163/1639/2141 2161/1637/2139
f 2154/1630/2132 2161/1637/2139 2128/1604/2106
f 2164/1640/2142 2165/1641/2143 2166/1642/2144
f 2164/1640/2142 2166/1642/2144 2167/1643/2145
f 2168/1644/2146 2169/1645/2147 2170/1646/2148
f 2168/1644/2146 2170/1646/2148 2171/1647/2149
f 2172/1648/2150 2173/1649/2151 2168/1644/2146
f 2172/1648/2150 2168/1644/2146 2171/1647/2149
f 2174/1650/2152 2175/1651/2153 2176/1652/2154
f 2174/1650/2152 2176/1652/2154 2177/1653/2155
f 2178/1654/2156 2174/1650/2152 2177/1653/2155
f 2178/1654/2156 2177/1653/2155 2179/1655/2157
f 2180/1656/2158 2167/1643/2145 2166/1642/2144
f 2180/1656/2158 2166/1642/2144 2181/1657/2159
f 2182/1658/2160 2183/1659/2161 2184/1660/2162
f 2182/1658/2160 2184/1660/2162 2185/1661/2163
f 2182/1658/2160 2186/1662/2164 2187/1663/2165
f 2182/1658/2160 2187/1663/2165 2183/1659/2161
f 2188/1664/2166 2189/1665/2167 2190/1666/2168
f 2188/1664/2166 2190/1666/2168 2191/1667/2169
f 2192/1668/2170 2193/1669/2171 2194/1670/2172
f 2192/1668/2170 2194/1670/2172 2195/1671/2173
f 2193/1669/2171 2196/1672/2174 2197/1673/2175
f 2193/1669/2171 2197/1673/2175 2194/1670/2172
f 2196/1672/2174 2184/1660/2162 2183/1659/2161
f 2196/1672/2174 2183/1659/2161 2197/1673/2175
f 2197/1673/2175 2183/1659/2161 2187/1663/2165
f 2197/1673/2175 2187/1663/2165 2198/1674/2176
f 2197/1673/2175 2198/1674/2176 2199/1675/2177
f 2197/1673/2175 2199/1675/2177 2194/1670/2172
f 2194/1670/2172 2199/1675/2177 2200/1676/2178
f 2194/1670/2172 2200/1676/2178 2195/1671/2173
f 2190/1666/2168 2201/1677/2179 2202/1678/2180
f 2190/1666/2168 2202/1678/2180 2191/1667/2169
f 2180/1656/2158 2172/1648/2150 2171/1647/2149
f 2180/1656/2158 2171/1647/2149 2167/1643/2145
f 2170/1646/2148 2164/1640/2142 2167/1643/2145
f 2170/1646/2148 2167/1643/2145 2171/1647/2149
f 2195/1671/2173 2200/1676/2178 2201/1677/2179
f 2195/1671/2173 2201/1677/2179 2190/1666/2168
f 2189/1665/2167 2192/1668/2170 2195/1671/2173
f 2189/1665/2167 2195/1671/2173 2190/1666/2168
f 2203/1679/2181 2204/1680/2182 2205/1681/2183
f 2203/1679/2181 2205/1681/2183 2206/1682/2184
f 2207/1683/2185 2208/1684/2186 2206/1682/2184
f 2207/1683/2185 2206/1682/2184 2205/1681/2183
f 2204/1680/2182 2188/1664/2166 2191/1667/2169
f 2204/1680/2182 2191/1667/2169 2205/1681/2183
f 2202/1678/2180 2207/1683/2185 2205/1681/2183
f 2202/1678/2180 2205/1681/2183 2191/1667/2169
f 2165/1641/2143 2186/1662/2164 2182/1658/2160
f 2165/1641/2143 2182/1658/2160 2166/1642/2144
f 2181/1657/2159 2166/1642/2144 2182/1658/2160
f 2181/1657/2159 2182/1658/2160 2185/1661/2163
f 2177/1653/2155 2176/1652/2154 2169/1645/2147
f 2177/1653/2155 2169/1645/2147 2168/1644/2146
f 2179/1655/2157 2177/1653/2155 2168/1644/2146
f 2179/1655/2157 2168/1644/2146 2173/1649/2151
f 2209/1640/2187 2210/1643/2188 2211/1658/2189
f 2209/1640/2187 2211/1658/2189 2212/1662/2190
f 2213/1644/2191 2214/1647/2192 2215/1646/2193
f 2213/1644/2191 2215/1646/2193 2216/1645/2194
f 2217/1648/2195 2214/1647/2192 2213/1644/2191
f 2217/1648/2195 2213/1644/2191 2218/1649/2196
f 2219/1685/2197 2220/1686/2198 2221/1687/2199
f 2219/1685/2197 2221/1687/2199 2222/1688/2200
f 2223/1689/2201 2224/1690/2202 2220/1686/2198
f 2223/1689/2201 2220/1686/2198 2219/1685/2197
f 2225/1656/2203 2226/1661/2204 2211/1658/2189
f 2225/1656/2203 2211/1658/2189 2210/1643/2188
f 2211/1658/2189 2226/1661/2204 2227/1660/2205
f 2211/1658/2189 2227/1660/2205 2228/1659/2206
f 2211/1658/2189 2228/1659/2206 2229/1663/2207
f 2211/1658/2189 2229/1663/2207 2212/1662/2190
f 2230/1691/2208 2231/1692/2209 2232/1693/2210
f 2230/1691/2208 2232/1693/2210 2233/1694/2211
f 2234/1695/2212 2235/1696/2213 2236/1670/2214
f 2234/1695/2212 2236/1670/2214 2237/1669/2215
f 2237/1669/2215 2236/1670/2214 2238/1673/2216
f 2237/1669/2215 2238/1673/2216 2239/1672/2217
f 2239/1672/2217 2238/1673/2216 2228/1659/2206
f 2239/1672/2217 2228/1659/2206 2227/1660/2205
f 2238/1673/2216 2240/1674/2218 2229/1663/2207
f 2238/1673/2216 2229/1663/2207 2228/1659/2206
f 2238/1673/2216 2236/1670/2214 2241/1675/2219
f 2238/1673/2216 2241/1675/2219 2240/1674/2218
f 2236/1670/2214 2235/1696/2213 2242/1697/2220
f 2236/1670/2214 2242/1697/2220 2241/1675/2219
f 2232/1693/2210 2231/1692/2209 2243/1698/2221
f 2232/1693/2210 2243/1698/2221 2244/1699/2222
f 2225/1656/2203 2210/1643/2188 2214/1647/2192
f 2225/1656/2203 2214/1647/2192 2217/1648/2195
f 2215/1646/2193 2214/1647/2192 2210/1643/2188
f 2215/1646/2193 2210/1643/2188 2209/1640/2187
f 2235/1696/2213 2232/1693/2210 2244/1699/2222
f 2235/1696/2213 2244/1699/2222 2242/1697/2220
f 2233/1694/2211 2232/1693/2210 2235/1696/2213
f 2233/1694/2211 2235/1696/2213 2234/1695/2212
f 2245/1700/2223 2246/1701/2224 2231/1692/2209
f 2245/1700/2223 2231/1692/2209 2230/1691/2208
f 2243/1698/2221 2231/1692/2209 2246/1701/2224
f 2243/1698/2221 2246/1701/2224 2247/1684/2225
f 2224/1690/2202 2218/1649/2196 2213/1644/2191
f 2224/1690/2202 2213/1644/2191 2220/1686/2198
f 2221/1687/2199 2220/1686/2198 2213/1644/2191
f 2221/1687/2199 2213/1644/2191 2216/1645/2194
f 2248/1292/2226 2249/1295/2227 2250/1294/2228
f 2248/1292/2226 2250/1294/2228 2251/1293/2229
f 2252/1300/2230 2253/1303/2231 2254/1302/2232
f 2252/1300/2230 2254/1302/2232 2255/1301/2233
f 2254/1302/2232 2256/1305/2234 2257/1304/2235
f 2254/1302/2232 2257/1304/2235 2255/1301/2233
f 2253/1303/2231 2258/1307/2236 2259/1306/2237
f 2253/1303/2231 2259/1306/2237 2254/1302/2232
f 2259/1306/2237 2260/1308/2238 2256/1305/2234
f 2259/1306/2237 2256/1305/2234 2254/1302/2232
f 2258/1307/2236 2261/1296/2239 2262/1297/2240
f 2258/1307/2236 2262/1297/2240 2259/1306/2237
f 2262/1297/2240 2263/1309/2241 2260/1308/2238
f 2262/1297/2240 2260/1308/2238 2259/1306/2237
f 2264/1311/2242 2265/1314/2243 2266/1313/2244
f 2264/1311/2242 2266/1313/2244 2267/1312/2245
f 2268/1702/2246 2269/1316/2247 2270/1315/2248
f 2268/1702/2246 2270/1315/2248 2271/1703/2249
f 2270/1315/2248 2272/1317/2250 2273/1704/2251
f 2270/1315/2248 2273/1704/2251 2271/1703/2249
f 2269/1316/2247 2264/1311/2242 2267/1312/2245
f 2269/1316/2247 2267/1312/2245 2270/1315/2248
f 2267/1312/2245 2274/1318/2252 2272/1317/2250
f 2267/1312/2245 2272/1317/2250 2270/1315/2248
f 2266/1313/2244 2275/1319/2253 2274/1318/2252
f 2266/1313/2244 2274/1318/2252 2267/1312/2245
f 2265/1314/2243 2276/1321/2254 2277/1320/2255
f 2265/1314/2243 2277/1320/2255 2266/1313/2244
f 2277/1320/2255 2278/1322/2256 2275/1319/2253
f 2277/1320/2255 2275/1319/2253 2266/1313/2244
f 2251/1293/2229 2250/1294/2228 2279/1324/2257
f 2251/1293/2229 2279/1324/2257 2280/1323/2258
f 2281/1325/2259 2282/1328/2260 2283/1327/2261
f 2281/1325/2259 2283/1327/2261 2284/1326/2262
f 2285/1329/2263 2286/1330/2264 2284/1326/2262
f 2285/1329/2263 2284/1326/2262 2283/1327/2261
f 2282/1328/2260 2278/1322/2256 2277/1320/2255
f 2282/1328/2260 2277/1320/2255 2283/1327/2261
f 2276/1321/2254 2285/1329/2263 2283/1327/2261
f 2276/1321/2254 2283/1327/2261 2277/1320/2255
f 2255/1301/2233 2257/1304/2235 2287/1332/2265
f 2255/1301/2233 2287/1332/2265 2288/1331/2266
f 2289/1333/2267 2252/1300/2230 2255/1301/2233
f 2289/1333/2267 2255/1301/2233 2288/1331/2266
f 2286/1330/2264 2248/1292/2226 2251/1293/2229
f 2286/1330/2264 2251/1293/2229 2284/1326/2262
f 2280/1323/2258 2281/1325/2259 2284/1326/2262
f 2280/1323/2258 2284/1326/2262 2251/1293/2229
f 2271/1703/2249 2273/1704/2251 2290/1705/2268
f 2271/1703/2249 2290/1705/2268 2291/1706/2269
f 2292/1707/2270 2268/1702/2246 2271/1703/2249
f 2292/1707/2270 2271/1703/2249 2291/1706/2269
f 2291/1706/2269 2290/1705/2268 2263/1309/2241
f 2291/1706/2269 2263/1309/2241 2262/1297/2240
f 2261/1296/2239 2292/1707/2270 2291/1706/2269
f 2261/1296/2239 2291/1706/2269 2262/1297/2240
f 2293/1708/2271 2294/1709/2272 2295/1710/2273
f 2293/1708/2271 2295/1710/2273 2296/1711/2274
f 2297/1712/2275 2298/1713/2276 2299/1714/2277
f 2297/1712/2275 2299/1714/2277 2300/1715/2278
f 2299/1714/2277 2298/1713/2276 2301/1716/2279
f 2299/1714/2277 2301/1716/2279 2302/1717/2280
f 2295/1710/2273 2294/1709/2272 2303/1718/2281
f 2295/1710/2273 2303/1718/2281 2304/1719/2282
f 2298/1713/2276 2295/1710/2273 2304/1719/2282
f 2298/1713/2276 2304/1719/2282 2301/1716/2279
f 2296/1711/2274 2295/1710/2273 2298/1713/2276
f 2296/1711/2274 2298/1713/2276 2297/1712/2275
f 2305/1720/2283 2306/1721/2284 2294/1709/2272
f 2305/1720/2283 2294/1709/2272 2293/1708/2271
f 2303/1718/2281 2294/1709/2272 2306/1721/2284
f 2303/1718/2281 2306/1721/2284 2307/1722/2285
f 2308/1723/2286 2309/1724/2287 2310/1725/2288
f 2308/1723/2286 2310/1725/2288 2311/1726/2289
f 2312/1727/2290 2313/1728/2291 2309/1724/2287
f 2312/1727/2290 2309/1724/2287 2308/1723/2286
f 2312/1727/2290 2308/1723/2286 2314/1729/2292
f 2312/1727/2290 2314/1729/2292 2315/1730/2293
f 2316/1731/2294 2317/1732/2295 2318/1733/2296
f 2316/1731/2294 2318/1733/2296 2319/1734/2297
f 2320/1735/2298 2321/1736/2299 2316/1731/2294
f 2320/1735/2298 2316/1731/2294 2319/1734/2297
f 2322/1737/2300 2323/1738/2301 2324/1739/2302
f 2322/1737/2300 2324/1739/2302 2325/1740/2303
f 2326/1741/2304 2322/1737/2300 2325/1740/2303
f 2326/1741/2304 2325/1740/2303 2314/1729/2292
f 2326/1741/2304 2314/1729/2292 2308/1723/2286
f 2326/1741/2304 2308/1723/2286 2311/1726/2289
f 2327/1742/2305 2328/1743/2306 2329/1744/2307
f 2327/1742/2305 2329/1744/2307 2330/1745/2308
f 2331/1746/2309 2328/1743/2306 2327/1742/2305
f 2331/1746/2309 2327/1742/2305 2332/1747/2310
f 2333/1748/2311 2334/1749/2312 2335/1750/2313
f 2333/1748/2311 2335/1750/2313 2336/1751/2314
f 2337/1752/2315 2336/1751/2314 2335/1750/2313
f 2337/1752/2315 2335/1750/2313 2338/1753/2316
f 2339/1754/2317 2340/1755/2318 2336/1751/2314
f 2339/1754/2317 2336/1751/2314 2337/1752/2315
f 2341/1756/2319 2333/1748/2311 2336/1751/2314
f 2341/1756/2319 2336/1751/2314 2340/1755/2318
f 2340/1755/2318 2309/1724/2287 2313/1728/2291
f 2340/1755/2318 2313/1728/2291 2341/1756/2319
f 2339/1754/2317 2310/1725/2288 2309/1724/2287
f 2339/1754/2317 2309/1724/2287 2340/1755/2318
f 2342/1757/2320 2315/1730/2293 2314/1729/2292
f 2342/1757/2320 2314/1729/2292 2325/1740/2303
f 2343/1758/2321 2342/1757/2320 2325/1740/2303
f 2343/1758/2321 2325/1740/2303 2324/1739/2302
f 2324/1739/2302 2323/1738/2301 2320/1735/2298
f 2324/1739/2302 2320/1735/2298 2319/1734/2297
f 2318/1733/2296 2343/1758/2321 2324/1739/2302
f 2318/1733/2296 2324/1739/2302 2319/1734/2297
f 2328/1743/2306 2316/1731/2294 2321/1736/2299
f 2328/1743/2306 2321/1736/2299 2329/1744/2307
f 2317/1732/2295 2316/1731/2294 2328/1743/2306
f 2317/1732/2295 2328/1743/2306 2331/1746/2309
f 2344/1759/2322 2345/1760/2323 2346/1761/2324
f 2344/1759/2322 2346/1761/2324 2347/1762/2325
f 2348/1763/2326 2349/1764/2327 2350/1765/2328
f 2348/1763/2326 2350/1765/2328 2351/1766/2329
f 2352/1767/2330 2349/1764/2327 2348/1763/2326
f 2352/1767/2330 2348/1763/2326 2353/1768/2331
f 2354/1769/2332 2355/1770/2333 2356/1771/2334
f 2354/1769/2332 2356/1771/2334 2357/1772/2335
f 2358/1773/2336 2359/1774/2337 2355/1770/2333
f 2358/1773/2336 2355/1770/2333 2354/1769/2332
f 2360/1775/2338 2361/1776/2339 2346/1761/2324
f 2360/1775/2338 2346/1761/2324 2345/1760/2323
f 2346/1761/2324 2361/1776/2339 2362/1777/2340
f 2346/1761/2324 2362/1777/2340 2363/1778/2341
f 2346/1761/2324 2363/1778/2341 2364/1779/2342
f 2346/1761/2324 2364/1779/2342 2347/1762/2325
f 2365/1780/2343 2366/1781/2344 2367/1782/2345
f 2365/1780/2343 2367/1782/2345 2368/1783/2346
f 2369/1784/2347 2370/1785/2348 2371/1786/2349
f 2369/1784/2347 2371/1786/2349 2372/1787/2350
f 2372/1787/2350 2371/1786/2349 2373/1788/2351
f 2372/1787/2350 2373/1788/2351 2374/1789/2352
f 2374/1789/2352 2373/1788/2351 2363/1778/2341
f 2374/1789/2352 2363/1778/2341 2362/1777/2340
f 2373/1788/2351 2375/1790/2353 2364/1779/2342
f 2373/1788/2351 2364/1779/2342 2363/1778/2341
f 2373/1788/2351 2371/1786/2349 2376/1791/2354
f 2373/1788/2351 2376/1791/2354 2375/1790/2353
f 2371/1786/2349 2370/1785/2348 2377/1792/2355
f 2371/1786/2349 2377/1792/2355 2376/1791/2354
f 2367/1782/2345 2366/1781/2344 2378/1793/2356
f 2367/1782/2345 2378/1793/2356 2379/1794/2357
f 2360/1775/2338 2345/1760/2323 2349/1764/2327
f 2360/1775/2338 2349/1764/2327 2352/1767/2330
f 2350/1765/2328 2349/1764/2327 2345/1760/2323
f 2350/1765/2328 2345/1760/2323 2344/1759/2322
f 2370/1785/2348 2367/1782/2345 2379/1794/2357
f 2370/1785/2348 2379/1794/2357 2377/1792/2355
f 2368/1783/2346 2367/1782/2345 2370/1785/2348
f 2368/1783/2346 2370/1785/2348 2369/1784/2347
f 2380/1795/2358 2381/1796/2359 2366/1781/2344
f 2380/1795/2358 2366/1781/2344 2365/1780/2343
f 2378/1793/2356 2366/1781/2344 2381/1796/2359
f 2378/1793/2356 2381/1796/2359 2382/1797/2360
f 2355/1770/2333 2348/1763/2326 2351/1766/2329
f 2355/1770/2333 2351/1766/2329 2356/1771/2334
f 2353/1768/2331 2348/1763/2326 2355/1770/2333
f 2353/1768/2331 2355/1770/2333 2359/1774/2337
f 2383/1798/2361 2384/1799/2362 2385/1800/2363
f 2383/1798/2361 2385/1800/2363 2386/1801/2364
f 2387/1802/2365 2388/1803/2366 2389/1804/2367
f 2387/1802/2365 2389/1804/2367 2390/1805/2368
f 2391/1806/2369 2388/1803/2366 2387/1802/2365
f 2391/1806/2369 2387/1802/2365 2392/1807/2370
f 2393/1808/2371 2394/1809/2372 2395/1810/2373
f 2393/1808/2371 2395/1810/2373 2396/1811/2374
f 2397/1812/2375 2398/1813/2376 2394/1809/2372
f 2397/1812/2375 2394/1809/2372 2393/1808/2371
f 2399/1814/2377 2400/1815/2378 2385/1800/2363
f 2399/1814/2377 2385/1800/2363 2384/1799/2362
f 2401/1816/2379 2402/1817/2380 2403/1818/2381
f 2401/1816/2379 2403/1818/2381 2404/1819/2382
f 2401/1816/2379 2404/1819/2382 2405/1820/2383
f 2401/1816/2379 2405/1820/2383 2406/1821/2384
f 2407/1822/2385 2408/1823/2386 2409/1824/2387
f 2407/1822/2385 2409/1824/2387 2410/1825/2388
f 2411/1826/2389 2412/1827/2390 2413/1828/2391
f 2411/1826/2389 2413/1828/2391 2414/1829/2392
f 2414/1829/2392 2413/1828/2391 2415/1830/2393
f 2414/1829/2392 2415/1830/2393 2416/1831/2394
f 2416/1831/2394 2415/1830/2393 2404/1819/2382
f 2416/1831/2394 2404/1819/2382 2403/1818/2381
f 2415/1830/2393 2417/1832/2395 2405/1820/2383
f 2415/1830/2393 2405/1820/2383 2404/1819/2382
f 2415/1830/2393 2413/1828/2391 2418/1833/2396
f 2415/1830/2393 2418/1833/2396 2417/1832/2395
f 2413/1828/2391 2412/1827/2390 2419/1834/2397
f 2413/1828/2391 2419/1834/2397 2418/1833/2396
f 2409/1824/2387 2408/1823/2386 2420/1835/2398
f 2409/1824/2387 2420/1835/2398 2421/1836/2399
f 2399/1814/2377 2384/1799/2362 2388/1803/2366
f 2399/1814/2377 2388/1803/2366 2391/1806/2369
f 2389/1804/2367 2388/1803/2366 2384/1799/2362
f 2389/1804/2367 2384/1799/2362 2383/1798/2361
f 2422/1837/2400 2409/1824/2387 2421/1836/2399
f 2422/1837/2400 2421/1836/2399 2423/1838/2401
f 2410/1825/2388 2409/1824/2387 2422/1837/2400
f 2410/1825/2388 2422/1837/2400 2424/1839/2402
f 2412/1827/2390 2422/1837/2400 2423/1838/2401
f 2412/1827/2390 2423/1838/2401 2419/1834/2397
f 2424/1839/2402 2422/1837/2400 2412/1827/2390
f 2424/1839/2402 2412/1827/2390 2411/1826/2389
f 2394/1809/2372 2387/1802/2365 2390/1805/2368
f 2394/1809/2372 2390/1805/2368 2395/1810/2373
f 2392/1807/2370 2387/1802/2365 2394/1809/2372
f 2392/1807/2370 2394/1809/2372 2398/1813/2376
f 2400/1815/2378 2402/1817/2380 2401/1816/2379
f 2400/1815/2378 2401/1816/2379 2385/1800/2363
f 2386/1801/2364 2385/1800/2363 2401/1816/2379
f 2386/1801/2364 2401/1816/2379 2406/1821/2384
f 2425/1840/2403 2426/1841/2404 2427/1842/2405
f 2425/1840/2403 2427/1842/2405 2428/1843/2406
f 2429/1844/2407 2430/1845/2408 2426/1841/2404
f 2429/1844/2407 2426/1841/2404 2425/1840/2403
f 2429/1844/2407 2425/1840/2403 2431/1846/2409
f 2429/1844/2407 2431/1846/2409 2432/1847/2410
f 2432/1847/2410 2431/1846/2409 2433/1848/2411
f 2432/1847/2410 2433/1848/2411 2434/1849/2412
f 2434/1849/2412 2433/1848/2411 2435/1850/2413
f 2434/1849/2412 2435/1850/2413 2436/1851/2414
f 2437/1852/2415 2438/1853/2416 2439/1854/2417
f 2437/1852/2415 2439/1854/2417 2440/1855/2418
f 2439/1854/2417 2438/1853/2416 2441/1856/2419
f 2439/1854/2417 2441/1856/2419 2442/1857/2420
f 2443/1858/2421 2435/1850/2413 2433/1848/2411
f 2443/1858/2421 2433/1848/2411 2444/1859/2422
f 2444/1859/2422 2433/1848/2411 2431/1846/2409
f 2444/1859/2422 2431/1846/2409 2445/1860/2423
f 2445/1860/2423 2431/1846/2409 2425/1840/2403
f 2445/1860/2423 2425/1840/2403 2428/1843/2406
f 2441/1856/2419 2438/1853/2416 2435/1850/2413
f 2441/1856/2419 2435/1850/2413 2443/1858/2421
f 2436/1851/2414 2435/1850/2413 2438/1853/2416
f 2436/1851/2414 2438/1853/2416 2437/1852/2415
f 2446/1861/2424 2439/1854/2417 2442/1857/2420
f 2446/1861/2424 2442/1857/2420 2447/1862/2425
f 2440/1855/2418 2439/1854/2417 2446/1861/2424
f 2440/1855/2418 2446/1861/2424 2448/1863/2426
f 2449/1864/2427 2450/1865/2428 2451/1866/2429
f 2449/1864/2427 2451/1866/2429 2452/1867/2430
f 2453/1868/2431 2452/1867/2430 2451/1866/2429
f 2453/1868/2431 2451/1866/2429 2454/1869/2432
f 2455/1870/2433 2449/1864/2427 2452/1867/2430
f 2455/1870/2433 2452/1867/2430 2456/1871/2434
f 2457/1872/2435 2456/1871/2434 2452/1867/2430
f 2457/1872/2435 2452/1867/2430 2453/1868/2431
f 2430/1845/2408 2455/1870/2433 2456/1871/2434
f 2430/1845/2408 2456/1871/2434 2426/1841/2404
f 2427/1842/2405 2426/1841/2404 2456/1871/2434
f 2427/1842/2405 2456/1871/2434 2457/1872/2435
f 2458/1840/2436 2459/1867/2437 2460/1868/2438
f 2458/1840/2436 2460/1868/2438 2461/1843/2439
f 2462/1844/2440 2463/1864/2441 2459/1867/2437
f 2462/1844/2440 2459/1867/2437 2458/1840/2436
f 2462/1844/2440 2458/1840/2436 2464/1846/2442
f 2462/1844/2440 2464/1846/2442 2465/1847/2443
f 2465/1847/2443 2464/1846/2442 2466/1848/2444
f 2465/1847/2443 2466/1848/2444 2467/1849/2445
f 2467/1849/2445 2466/1848/2444 2468/1850/2446
f 2467/1849/2445 2468/1850/2446 2469/1851/2447
f 2470/1852/2448 2471/1853/2449 2472/1854/2450
f 2470/1852/2448 2472/1854/2450 2473/1855/2451
f 2472/1854/2450 2471/1853/2449 2474/1856/2452
f 2472/1854/2450 2474/1856/2452 2475/1857/2453
f 2476/1858/2454 2468/1850/2446 2466/1848/2444
f 2476/1858/2454 2466/1848/2444 2477/1859/2455
f 2477/1859/2455 2466/1848/2444 2464/1846/2442
f 2477/1859/2455 2464/1846/2442 2478/1860/2456
f 2478/1860/2456 2464/1846/2442 2458/1840/2436
f 2478/1860/2456 2458/1840/2436 2461/1843/2439
f 2474/1856/2452 2471/1853/2449 2468/1850/2446
f 2474/1856/2452 2468/1850/2446 2476/1858/2454
f 2469/1851/2447 2468/1850/2446 2471/1853/2449
f 2469/1851/2447 2471/1853/2449 2470/1852/2448
f 2479/1861/2457 2472/1854/2450 2475/1857/2453
f 2479/1861/2457 2475/1857/2453 2480/1862/2458
f 2473/1855/2451 2472/1854/2450 2479/1861/2457
f 2473/1855/2451 2479/1861/2457 2481/1863/2459
f 2463/1864/2441 2482/1865/2460 2483/1866/2461
f 2463/1864/2441 2483/1866/2461 2459/1867/2437
f 2460/1868/2438 2459/1867/2437 2483/1866/2461
f 2460/1868/2438 2483/1866/2461 2484/1869/2462
f 2485/1873/2463 2486/1874/2464 2487/1875/2465
f 2485/1873/2463 2487/1875/2465 2488/1876/2466
f 2489/1877/2467 2490/1878/2468 2486/1874/2464
f 2489/1877/2467 2486/1874/2464 2485/1873/2463
f 2489/1877/2467 2485/1873/2463 2491/1879/2469
f 2489/1877/2467 2491/1879/2469 2492/1880/2470
f 2492/1880/2470 2491/1879/2469 2493/1881/2471
f 2492/1880/2470 2493/1881/2471 2494/1882/2472
f 2494/1882/2472 2493/1881/2471 2495/1883/2473
f 2494/1882/2472 2495/1883/2473 2496/1884/2474
f 2497/1885/2475 2498/1886/2476 2499/1887/2477
f 2497/1885/2475 2499/1887/2477 2500/1888/2478
f 2499/1887/2477 2498/1886/2476 2501/1889/2479
f 2499/1887/2477 2501/1889/2479 2502/1890/2480
f 2503/1891/2481 2495/1883/2473 2493/1881/2471
f 2503/1891/2481 2493/1881/2471 2504/1892/2482
f 2504/1892/2482 2493/1881/2471 2491/1879/2469
f 2504/1892/2482 2491/1879/2469 2505/1893/2483
f 2505/1893/2483 2491/1879/2469 2485/1873/2463
f 2505/1893/2483 2485/1873/2463 2488/1876/2466
f 2501/1889/2479 2498/1886/2476 2495/1883/2473
f 2501/1889/2479 2495/1883/2473 2503/1891/2481
f 2496/1884/2474 2495/1883/2473 2498/1886/2476
f 2496/1884/2474 2498/1886/2476 2497/1885/2475
f 2506/1894/2484 2499/1887/2477 2502/1890/2480
f 2506/1894/2484 2502/1890/2480 2507/1895/2485
f 2500/1888/2478 2499/1887/2477 2506/1894/2484
f 2500/1888/2478 2506/1894/2484 2508/1896/2486
f 2490/1878/2468 2509/1897/2487 2510/1898/2488
f 2490/1878/2468 2510/1898/2488 2486/1874/2464
f 2487/1875/2465 2486/1874/2464 2510/1898/2488
f 2487/1875/2465 2510/1898/2488 2511/1899/2489
f 2512/1723/2490 2513/1724/2491 2514/1725/2492
f 2512/1723/2490 2514/1725/2492 2515/1726/2493
f 2516/1727/2494 2517/1728/2495 2513/1724/2491
f 2516/1727/2494 2513/1724/2491 2512/1723/2490
f 2516/1727/2494 2512/1723/2490 2518/1729/2496
f 2516/1727/2494 2518/1729/2496 2519/1730/2497
f 2520/1900/2498 2521/1901/2499 2522/1902/2500
f 2520/1900/2498 2522/1902/2500 2523/1903/2501
f 2524/1904/2502 2525/1905/2503 2520/1900/2498
f 2524/1904/2502 2520/1900/2498 2523/1903/2501
f 2526/1737/2504 2527/1738/2505 2528/1906/2506
f 2526/1737/2504 2528/1906/2506 2529/1740/2507
f 2530/1741/2508 2526/1737/2504 2529/1740/2507
f 2530/1741/2508 2529/1740/2507 2518/1729/2496
f 2530/1741/2508 2518/1729/2496 2512/1723/2490
f 2530/1741/2508 2512/1723/2490 2515/1726/2493
f 2531/1907/2509 2532/1908/2510 2533/1909/2511
f 2531/1907/2509 2533/1909/2511 2534/1910/2512
f 2535/1911/2513 2532/1908/2510 2531/1907/2509
f 2535/1911/2513 2531/1907/2509 2536/1912/2514
f 2537/1913/2515 2538/1749/2516 2539/1750/2517
f 2537/1913/2515 2539/1750/2517 2540/1914/2518
f 2541/1915/2519 2540/1914/2518 2539/1750/2517
f 2541/1915/2519 2539/1750/2517 2542/1753/2520
f 2543/1754/2521 2544/1755/2522 2545/1751/2523
f 2543/1754/2521 2545/1751/2523 2546/1752/2524
f 2547/1756/2525 2548/1748/2526 2545/1751/2523
f 2547/1756/2525 2545/1751/2523 2544/1755/2522
f 2544/1755/2522 2513/1724/2491 2517/1728/2495
f 2544/1755/2522 2517/1728/2495 2547/1756/2525
f 2543/1754/2521 2514/1725/2492 2513/1724/2491
f 2543/1754/2521 2513/1724/2491 2544/1755/2522
f 2549/1757/2527 2519/1730/2497 2518/1729/2496
f 2549/1757/2527 2518/1729/2496 2529/1740/2507
f 2550/1758/2528 2549/1757/2527 2529/1740/2507
f 2550/1758/2528 2529/1740/2507 2528/1906/2506
f 2528/1906/2506 2527/1738/2505 2524/1904/2502
f 2528/1906/2506 2524/1904/2502 2523/1903/2501
f 2522/1902/2500 2550/1758/2528 2528/1906/2506
f 2522/1902/2500 2528/1906/2506 2523/1903/2501
f 2532/1908/2510 2520/1900/2498 2525/1905/2503
f 2532/1908/2510 2525/1905/2503 2533/1909/2511
f 2521/1901/2499 2520/1900/2498 2532/1908/2510
f 2521/1901/2499 2532/1908/2510 2535/1911/2513
f 2546/1752/2524 2545/1751/2523 2540/1914/2518
f 2546/1752/2524 2540/1914/2518 2541/1915/2519
f 2548/1748/2526 2537/1913/2515 2540/1914/2518
f 2548/1748/2526 2540/1914/2518 2545/1751/2523
f 2551/1640/2529 2552/1662/2530 2553/1658/2531
f 2551/1640/2529 2553/1658/2531 2554/1643/2532
f 2555/1644/2533 2556/1645/2534 2557/1646/2535
f 2555/1644/2533 2557/1646/2535 2558/1647/2536
f 2559/1648/2537 2560/1649/2538 2555/1644/2533
f 2559/1648/2537 2555/1644/2533 2558/1647/2536
f 2561/1685/2539 2562/1688/2540 2563/1687/2541
f 2561/1685/2539 2563/1687/2541 2564/1686/2542
f 2565/1689/2543 2561/1685/2539 2564/1686/2542
f 2565/1689/2543 2564/1686/2542 2566/1690/2544
f 2567/1656/2545 2554/1643/2532 2553/1658/2531
f 2567/1656/2545 2553/1658/2531 2568/1661/2546
f 2553/1658/2531 2569/1659/2547 2570/1660/2548
f 2553/1658/2531 2570/1660/2548 2568/1661/2546
f 2553/1658/2531 2552/1662/2530 2571/1663/2549
f 2553/1658/2531 2571/1663/2549 2569/1659/2547
f 2572/1916/2550 2573/1917/2551 2574/1918/2552
f 2572/1916/2550 2574/1918/2552 2575/1919/2553
f 2576/1920/2554 2577/1669/2555 2578/1670/2556
f 2576/1920/2554 2578/1670/2556 2579/1921/2557
f 2577/1669/2555 2580/1672/2558 2581/1673/2559
f 2577/1669/2555 2581/1673/2559 2578/1670/2556
f 2580/1672/2558 2570/1660/2548 2569/1659/2547
f 2580/1672/2558 2569/1659/2547 2581/1673/2559
f 2581/1673/2559 2569/1659/2547 2571/1663/2549
f 2581/1673/2559 2571/1663/2549 2582/1674/2560
f 2581/1673/2559 2582/1674/2560 2583/1675/2561
f 2581/1673/2559 2583/1675/2561 2578/1670/2556
f 2578/1670/2556 2583/1675/2561 2584/1922/2562
f 2578/1670/2556 2584/1922/2562 2579/1921/2557
f 2574/1918/2552 2585/1923/2563 2586/1924/2564
f 2574/1918/2552 2586/1924/2564 2575/1919/2553
f 2567/1656/2545 2559/1648/2537 2558/1647/2536
f 2567/1656/2545 2558/1647/2536 2554/1643/2532
f 2557/1646/2535 2551/1640/2529 2554/1643/2532
f 2557/1646/2535 2554/1643/2532 2558/1647/2536
f 2579/1921/2557 2584/1922/2562 2585/1923/2563
f 2579/1921/2557 2585/1923/2563 2574/1918/2552
f 2573/1917/2551 2576/1920/2554 2579/1921/2557
f 2573/1917/2551 2579/1921/2557 2574/1918/2552
f 2587/1925/2565 2572/1916/2550 2575/1919/2553
f 2587/1925/2565 2575/1919/2553 2588/1926/2566
f 2586/1924/2564 2589/1684/2567 2588/1926/2566
f 2586/1924/2564 2588/1926/2566 2575/1919/2553
f 2564/1686/2542 2563/1687/2541 2556/1645/2534
f 2564/1686/2542 2556/1645/2534 2555/1644/2533
f 2566/1690/2544 2564/1686/2542 2555/1644/2533
f 2566/1690/2544 2555/1644/2533 2560/1649/2538
f 2590/1640/2568 2591/1662/2569 2592/1658/2570
f 2590/1640/2568 2592/1658/2570 2593/1643/2571
f 2594/1644/2572 2595/1645/2573 2596/1646/2574
f 2594/1644/2572 2596/1646/2574 2597/1647/2575
f 2598/1648/2576 2599/1649/2577 2594/1644/2572
f 2598/1648/2576 2594/1644/2572 2597/1647/2575
f 2600/1685/2578 2601/1688/2579 2602/1687/2580
f 2600/1685/2578 2602/1687/2580 2603/1686/2581
f 2604/1689/2582 2600/1685/2578 2603/1686/2581
f 2604/1689/2582 2603/1686/2581 2605/1690/2583
f 2606/1656/2584 2593/1643/2571 2592/1658/2570
f 2606/1656/2584 2592/1658/2570 2607/1661/2585
f 2592/1658/2570 2608/1659/2586 2609/1660/2587
f 2592/1658/2570 2609/1660/2587 2607/1661/2585
f 2592/1658/2570 2591/1662/2569 2610/1663/2588
f 2592/1658/2570 2610/1663/2588 2608/1659/2586
f 2611/1691/2589 2612/1694/2590 2613/1693/2591
f 2611/1691/2589 2613/1693/2591 2614/1692/2592
f 2615/1695/2593 2616/1669/2594 2617/1670/2595
f 2615/1695/2593 2617/1670/2595 2618/1696/2596
f 2616/1669/2594 2619/1672/2597 2620/1673/2598
f 2616/1669/2594 2620/1673/2598 2617/1670/2595
f 2619/1672/2597 2609/1660/2587 2608/1659/2586
f 2619/1672/2597 2608/1659/2586 2620/1673/2598
f 2620/1673/2598 2608/1659/2586 2610/1663/2588
f 2620/1673/2598 2610/1663/2588 2621/1674/2599
f 2620/1673/2598 2621/1674/2599 2622/1675/2600
f 2620/1673/2598 2622/1675/2600 2617/1670/2595
f 2617/1670/2595 2622/1675/2600 2623/1697/2601
f 2617/1670/2595 2623/1697/2601 2618/1696/2596
f 2613/1693/2591 2624/1699/2602 2625/1698/2603
f 2613/1693/2591 2625/1698/2603 2614/1692/2592
f 2606/1656/2584 2626/1927/2604 2627/1928/2605
f 2606/1656/2584 2627/1928/2605 2593/1643/2571
f 2628/1929/2606 2590/1640/2568 2593/1643/2571
f 2628/1929/2606 2593/1643/2571 2627/1928/2605
f 2618/1696/2596 2623/1697/2601 2624/1699/2602
f 2618/1696/2596 2624/1699/2602 2613/1693/2591
f 2612/1694/2590 2615/1695/2593 2618/1696/2596
f 2612/1694/2590 2618/1696/2596 2613/1693/2591
f 2629/1700/2607 2611/1691/2589 2614/1692/2592
f 2629/1700/2607 2614/1692/2592 2630/1701/2608
f 2625/1698/2603 2631/1684/2609 2630/1701/2608
f 2625/1698/2603 2630/1701/2608 2614/1692/2592
f 2603/1686/2581 2602/1687/2580 2595/1645/2573
f 2603/1686/2581 2595/1645/2573 2594/1644/2572
f 2605/1690/2583 2603/1686/2581 2594/1644/2572
f 2605/1690/2583 2594/1644/2572 2599/1649/2577
f 2626/1927/2604 2598/1648/2576 2597/1647/2575
f 2626/1927/2604 2597/1647/2575 2627/1928/2605
f 2596/1646/2574 2628/1929/2606 2627/1928/2605
f 2596/1646/2574 2627/1928/2605 2597/1647/2575
f 2632/1930/2610 2633/1931/2611 2634/1932/2612
f 2632/1930/2610 2634/1932/2612 2635/1933/2613
f 2636/1934/2614 2637/1935/2615 2638/1936/2616
f 2636/1934/2614 2638/1936/2616 2639/1937/2617
f 2640/1938/2618 2641/1939/2619 2636/1934/2614
f 2640/1938/2618 2636/1934/2614 2639/1937/2617
f 2642/1940/2620 2643/1941/2621 2637/1935/2615
f 2642/1940/2620 2637/1935/2615 2636/1934/2614
f 2644/1942/2622 2642/1940/2620 2636/1934/2614
f 2644/1942/2622 2636/1934/2614 2641/1939/2619
f 2645/1943/2623 2635/1933/2613 2634/1932/2612
f 2645/1943/2623 2634/1932/2612 2646/1944/2624
f 2634/1932/2612 2647/1945/2625 2648/1946/2626
f 2634/1932/2612 2648/1946/2626 2646/1944/2624
f 2634/1932/2612 2633/1931/2611 2649/1947/2627
f 2634/1932/2612 2649/1947/2627 2647/1945/2625
f 2650/1948/2628 2651/1949/2629 2652/1950/2630
f 2650/1948/2628 2652/1950/2630 2653/1951/2631
f 2654/1952/2632 2655/1953/2633 2656/1954/2634
f 2654/1952/2632 2656/1954/2634 2657/1955/2635
f 2658/1956/2636 2659/1957/2637 2660/1958/2638
f 2658/1956/2636 2660/1958/2638 2661/1959/2639
f 2659/1957/2637 2648/1946/2626 2647/1945/2625
f 2659/1957/2637 2647/1945/2625 2660/1958/2638
f 2660/1958/2638 2647/1945/2625 2649/1947/2627
f 2660/1958/2638 2649/1947/2627 2662/1960/2640
f 2660/1958/2638 2662/1960/2640 2663/1961/2641
f 2660/1958/2638 2663/1961/2641 2661/1959/2639
f 2656/1954/2634 2664/1962/2642 2665/1963/2643
f 2656/1954/2634 2665/1963/2643 2657/1955/2635
f 2652/1950/2630 2666/1964/2644 2667/1965/2645
f 2652/1950/2630 2667/1965/2645 2653/1951/2631
f 2645/1943/2623 2668/1966/2646 2669/1967/2647
f 2645/1943/2623 2669/1967/2647 2635/1933/2613
f 2670/1968/2648 2632/1930/2610 2635/1933/2613
f 2670/1968/2648 2635/1933/2613 2669/1967/2647
f 2657/1955/2635 2665/1963/2643 2671/1969/2649
f 2657/1955/2635 2671/1969/2649 2672/1970/2650
f 2673/1971/2651 2654/1952/2632 2657/1955/2635
f 2673/1971/2651 2657/1955/2635 2672/1970/2650
f 2639/1937/2617 2638/1936/2616 2670/1968/2648
f 2639/1937/2617 2670/1968/2648 2669/1967/2647
f 2668/1966/2646 2640/1938/2618 2639/1937/2617
f 2668/1966/2646 2639/1937/2617 2669/1967/2647
f 2651/1949/2629 2673/1971/2651 2672/1970/2650
f 2651/1949/2629 2672/1970/2650 2652/1950/2630
f 2672/1970/2650 2671/1969/2649 2666/1964/2644
f 2672/1970/2650 2666/1964/2644 2652/1950/2630
f 2655/1953/2633 2658/1956/2636 2661/1959/2639
f 2655/1953/2633 2661/1959/2639 2656/1954/2634
f 2661/1959/2639 2663/1961/2641 2664/1962/2642
f 2661/1959/2639 2664/1962/2642 2656/1954/2634
f 2674/1930/2652 2675/1931/2653 2676/1932/2654
f 2674/1930/2652 2676/1932/2654 2677/1933/2655
f 2678/1934/2656 2679/1935/2657 2680/1936/2658
f 2678/1934/2656 2680/1936/2658 2681/1937/2659
f 2682/1938/2660 2683/1939/2661 2678/1934/2656
f 2682/1938/2660 2678/1934/2656 2681/1937/2659
f 2684/1940/2662 2685/1941/2663 2679/1935/2657
f 2684/1940/2662 2679/1935/2657 2678/1934/2656
f 2686/1942/2664 2684/1940/2662 2678/1934/2656
f 2686/1942/2664 2678/1934/2656 2683/1939/2661
f 2687/1943/2665 2677/1933/2655 2676/1932/2654
f 2687/1943/2665 2676/1932/2654 2688/1944/2666
f 2676/1932/2654 2689/1945/2667 2690/1946/2668
f 2676/1932/2654 2690/1946/2668 2688/1944/2666
f 2676/1932/2654 2675/1931/2653 2691/1947/2669
f 2676/1932/2654 2691/1947/2669 2689/1945/2667
f 2692/1948/2670 2693/1972/2671 2694/1973/2672
f 2692/1948/2670 2694/1973/2672 2695/1951/2673
f 2696/1974/2674 2697/1956/2675 2698/1959/2676
f 2696/1974/2674 2698/1959/2676 2699/1975/2677
f 2697/1956/2675 2700/1976/2678 2701/1977/2679
f 2697/1956/2675 2701/1977/2679 2698/1959/2676
f 2702/1957/2680 2703/1978/2681 2704/1979/2682
f 2702/1957/2680 2704/1979/2682 2705/1958/2683
f 2705/1958/2683 2704/1979/2682 2706/1980/2684
f 2705/1958/2683 2706/1980/2684 2707/1960/2685
f 2701/1977/2679 2708/1981/2686 2709/1961/2687
f 2701/1977/2679 2709/1961/2687 2698/1959/2676
f 2698/1959/2676 2709/1961/2687 2710/1982/2688
f 2698/1959/2676 2710/1982/2688 2699/1975/2677
f 2694/1973/2672 2711/1983/2689 2712/1965/2690
f 2694/1973/2672 2712/1965/2690 2695/1951/2673
f 2687/1943/2665 2713/1966/2691 2714/1967/2692
f 2687/1943/2665 2714/1967/2692 2677/1933/2655
f 2715/1968/2693 2674/1930/2652 2677/1933/2655
f 2715/1968/2693 2677/1933/2655 2714/1967/2692
f 2699/1975/2677 2710/1982/2688 2711/1983/2689
f 2699/1975/2677 2711/1983/2689 2694/1973/2672
f 2693/1972/2671 2696/1974/2674 2699/1975/2677
f 2693/1972/2671 2699/1975/2677 2694/1973/2672
f 2681/1937/2659 2680/1936/2658 2715/1968/2693
f 2681/1937/2659 2715/1968/2693 2714/1967/2692
f 2713/1966/2691 2682/1938/2660 2681/1937/2659
f 2713/1966/2691 2681/1937/2659 2714/1967/2692
f 2703/1978/2681 2690/1946/2668 2689/1945/2667
f 2703/1978/2681 2689/1945/2667 2704/1979/2682
f 2706/1980/2684 2704/1979/2682 2689/1945/2667
f 2706/1980/2684 2689/1945/2667 2691/1947/2669
f 2700/1976/2678 2702/1957/2680 2705/1958/2683
f 2700/1976/2678 2705/1958/2683 2701/1977/2679
f 2705/1958/2683 2707/1960/2685 2708/1981/2686
f 2705/1958/2683 2708/1981/2686 2701/1977/2679
f 2716/1723/2694 2717/1726/2695 2718/1725/2696
f 2716/1723/2694 2718/1725/2696 2719/1724/2697
f 2720/1727/2698 2716/1723/2694 2719/1724/2697
f 2720/1727/2698 2719/1724/2697 2721/1728/2699
f 2720/1727/2698 2722/1730/2700 2723/1729/2701
f 2720/1727/2698 2723/1729/2701 2716/1723/2694
f 2724/1731/2702 2725/1734/2703 2726/1733/2704
f 2724/1731/2702 2726/1733/2704 2727/1732/2705
f 2728/1735/2706 2725/1734/2703 2724/1731/2702
f 2728/1735/2706 2724/1731/2702 2729/1736/2707
f 2730/1737/2708 2731/1740/2709 2732/1906/2710
f 2730/1737/2708 2732/1906/2710 2733/1738/2711
f 2734/1741/2712 2723/1729/2701 2731/1740/2709
f 2734/1741/2712 2731/1740/2709 2730/1737/2708
f 2734/1741/2712 2717/1726/2695 2716/1723/2694
f 2734/1741/2712 2716/1723/2694 2723/1729/2701
f 2735/1742/2713 2736/1745/2714 2737/1744/2715
f 2735/1742/2713 2737/1744/2715 2738/1743/2716
f 2739/1746/2717 2740/1747/2718 2735/1742/2713
f 2739/1746/2717 2735/1742/2713 2738/1743/2716
f 2741/1748/2719 2742/1751/2720 2743/1750/2721
f 2741/1748/2719 2743/1750/2721 2744/1749/2722
f 2745/1752/2723 2746/1753/2724 2743/1750/2721
f 2745/1752/2723 2743/1750/2721 2742/1751/2720
f 2747/1754/2725 2745/1752/2723 2742/1751/2720
f 2747/1754/2725 2742/1751/2720 2748/1755/2726
f 2749/1756/2727 2748/1755/2726 2742/1751/2720
f 2749/1756/2727 2742/1751/2720 2741/1748/2719
f 2748/1755/2726 2749/1756/2727 2721/1728/2699
f 2748/1755/2726 2721/1728/2699 2719/1724/2697
f 2747/1754/2725 2748/1755/2726 2719/1724/2697
f 2747/1754/2725 2719/1724/2697 2718/1725/2696
f 2750/1757/2728 2731/1740/2709 2723/1729/2701
f 2750/1757/2728 2723/1729/2701 2722/1730/2700
f 2751/1758/2729 2732/1906/2710 2731/1740/2709
f 2751/1758/2729 2731/1740/2709 2750/1757/2728
f 2732/1906/2710 2725/1734/2703 2728/1735/2706
f 2732/1906/2710 2728/1735/2706 2733/1738/2711
f 2726/1733/2704 2725/1734/2703 2732/1906/2710
f 2726/1733/2704 2732/1906/2710 2751/1758/2729
f 2738/1743/2716 2737/1744/2715 2729/1736/2707
f 2738/1743/2716 2729/1736/2707 2724/1731/2702
f 2727/1732/2705 2739/1746/2717 2738/1743/2716
f 2727/1732/2705 2738/1743/2716 2724/1731/2702
f 2752/1984/2730 2753/1985/2731 2754/1986/2732
f 2752/1984/2730 2754/1986/2732 2755/1987/2733
f 2756/1988/2734 2752/1984/2730 2755/1987/2733
f 2756/1988/2734 2755/1987/2733 2757/1989/2735
f 2756/1988/2734 2758/1990/2736 2759/1991/2737
f 2756/1988/2734 2759/1991/2737 2752/1984/2730
f 2758/1990/2736 2760/1992/2738 2761/1993/2739
f 2758/1990/2736 2761/1993/2739 2759/1991/2737
f 2760/1992/2738 2762/1994/2740 2763/1995/2741
f 2760/1992/2738 2763/1995/2741 2761/1993/2739
f 2764/1996/2742 2765/1997/2743 2766/1998/2744
f 2764/1996/2742 2766/1998/2744 2767/1999/2745
f 2766/1998/2744 2768/2000/2746 2769/2001/2747
f 2766/1998/2744 2769/2001/2747 2767/1999/2745
f 2770/2002/2748 2771/2003/2749 2761/1993/2739
f 2770/2002/2748 2761/1993/2739 2763/1995/2741
f 2771/2003/2749 2772/2004/2750 2759/1991/2737
f 2771/2003/2749 2759/1991/2737 2761/1993/2739
f 2772/2004/2750 2753/1985/2731 2752/1984/2730
f 2772/2004/2750 2752/1984/2730 2759/1991/2737
f 2773/2005/2751 2770/2002/2748 2763/1995/2741
f 2773/2005/2751 2763/1995/2741 2774/2006/2752
f 2762/1994/2740 2775/2007/2753 2774/2006/2752
f 2762/1994/2740 2774/2006/2752 2763/1995/2741
f 2776/2008/2754 2777/2009/2755 2778/2010/2756
f 2776/2008/2754 2778/2010/2756 2779/2011/2757
f 2780/2012/2758 2781/2013/2759 2776/2008/2754
f 2780/2012/2758 2776/2008/2754 2779/2011/2757
f 2757/1989/2735 2755/1987/2733 2782/2014/2760
f 2757/1989/2735 2782/2014/2760 2783/2015/2761
f 2754/1986/2732 2784/2016/2762 2782/2014/2760
f 2754/1986/2732 2782/2014/2760 2755/1987/2733
f 2781/2013/2759 2785/2017/2763 2786/2018/2764
f 2781/2013/2759 2786/2018/2764 2776/2008/2754
f 2786/2018/2764 2787/2019/2765 2777/2009/2755
f 2786/2018/2764 2777/2009/2755 2776/2008/2754
f 2765/1997/2743 2780/2012/2758 2779/2011/2757
f 2765/1997/2743 2779/2011/2757 2766/1998/2744
f 2779/2011/2757 2778/2010/2756 2768/2000/2746
f 2779/2011/2757 2768/2000/2746 2766/1998/2744
f 2775/2007/2753 2764/1996/2742 2767/1999/2745
f 2775/2007/2753 2767/1999/2745 2774/2006/2752
f 2769/2001/2747 2773/2005/2751 2774/2006/2752
f 2769/2001/2747 2774/2006/2752 2767/1999/2745
f 2788/2020/2766 2789/2021/2767 2790/2022/2768
f 2788/2020/2766 2790/2022/2768 2791/2023/2769
f 2792/2024/2770 2788/2020/2766 2791/2023/2769
f 2792/2024/2770 2791/2023/2769 2793/2025/2771
f 2792/2024/2770 2794/2026/2772 2795/2027/2773
f 2792/2024/2770 2795/2027/2773 2788/2020/2766
f 2794/2026/2772 2796/2028/2774 2797/2029/2775
f 2794/2026/2772 2797/2029/2775 2795/2027/2773
f 2796/2028/2774 2798/2030/2776 2799/2031/2777
f 2796/2028/2774 2799/2031/2777 2797/2029/2775
f 2800/2032/2778 2801/2033/2779 2802/2034/2780
f 2800/2032/2778 2802/2034/2780 2803/2035/2781
f 2802/2034/2780 2804/2036/2782 2805/2037/2783
f 2802/2034/2780 2805/2037/2783 2803/2035/2781
f 2806/2038/2784 2807/2039/2785 2797/2029/2775
f 2806/2038/2784 2797/2029/2775 2799/2031/2777
f 2807/2039/2785 2808/2040/2786 2795/2027/2773
f 2807/2039/2785 2795/2027/2773 2797/2029/2775
f 2808/2040/2786 2789/2021/2767 2788/2020/2766
f 2808/2040/2786 2788/2020/2766 2795/2027/2773
f 2805/2037/2783 2806/2038/2784 2799/2031/2777
f 2805/2037/2783 2799/2031/2777 2803/2035/2781
f 2798/2030/2776 2800/2032/2778 2803/2035/2781
f 2798/2030/2776 2803/2035/2781 2799/2031/2777
f 2809/2041/2787 2810/2042/2788 2804/2036/2782
f 2809/2041/2787 2804/2036/2782 2802/2034/2780
f 2801/2033/2779 2811/2043/2789 2809/2041/2787
f 2801/2033/2779 2809/2041/2787 2802/2034/2780
f 2793/2025/2771 2791/2023/2769 2812/2044/2790
f 2793/2025/2771 2812/2044/2790 2813/2045/2791
f 2790/2022/2768 2814/2046/2792 2812/2044/2790
f 2790/2022/2768 2812/2044/2790 2791/2023/2769
f 2815/1930/2793 2816/1931/2794 2817/1932/2795
f 2815/1930/2793 2817/1932/2795 2818/1933/2796
f 2819/1934/2797 2820/1935/2798 2821/1936/2799
f 2819/1934/2797 2821/1936/2799 2822/1937/2800
f 2823/1938/2801 2824/1939/2802 2819/1934/2797
f 2823/1938/2801 2819/1934/2797 2822/1937/2800
f 2825/1940/2803 2826/1941/2804 2820/1935/2798
f 2825/1940/2803 2820/1935/2798 2819/1934/2797
f 2827/1942/2805 2825/1940/2803 2819/1934/2797
f 2827/1942/2805 2819/1934/2797 2824/1939/2802
f 2828/1943/2806 2818/1933/2796 2817/1932/2795
f 2828/1943/2806 2817/1932/2795 2829/1944/2807
f 2817/1932/2795 2830/1945/2808 2831/1946/2809
f 2817/1932/2795 2831/1946/2809 2829/1944/2807
f 2817/1932/2795 2816/1931/2794 2832/1947/2810
f 2817/1932/2795 2832/1947/2810 2830/1945/2808
f 2833/1948/2811 2834/2047/2812 2835/2048/2813
f 2833/1948/2811 2835/2048/2813 2836/1951/2814
f 2837/2049/2815 2838/2050/2816 2839/2051/2817
f 2837/2049/2815 2839/2051/2817 2840/2052/2818
f 2838/2050/2816 2841/1957/2819 2842/1958/2820
f 2838/2050/2816 2842/1958/2820 2839/2051/2817
f 2841/1957/2819 2831/1946/2809 2830/1945/2808
f 2841/1957/2819 2830/1945/2808 2842/1958/2820
f 2842/1958/2820 2830/1945/2808 2832/1947/2810
f 2842/1958/2820 2832/1947/2810 2843/1960/2821
f 2842/1958/2820 2843/1960/2821 2844/2053/2822
f 2842/1958/2820 2844/2053/2822 2839/2051/2817
f 2839/2051/2817 2844/2053/2822 2845/2054/2823
f 2839/2051/2817 2845/2054/2823 2840/2052/2818
f 2835/2048/2813 2846/2055/2824 2847/1965/2825
f 2835/2048/2813 2847/1965/2825 2836/1951/2814
f 2828/1943/2806 2848/1966/2826 2849/1967/2827
f 2828/1943/2806 2849/1967/2827 2818/1933/2796
f 2850/1968/2828 2815/1930/2793 2818/1933/2796
f 2850/1968/2828 2818/1933/2796 2849/1967/2827
f 2840/2052/2818 2845/2054/2823 2846/2055/2824
f 2840/2052/2818 2846/2055/2824 2835/2048/2813
f 2834/2047/2812 2837/2049/2815 2840/2052/2818
f 2834/2047/2812 2840/2052/2818 2835/2048/2813
f 2822/1937/2800 2821/1936/2799 2850/1968/2828
f 2822/1937/2800 2850/1968/2828 2849/1967/2827
f 2848/1966/2826 2823/1938/2801 2822/1937/2800
f 2848/1966/2826 2822/1937/2800 2849/1967/2827
f 2851/2056/2829 2852/2057/2830 2853/2058/2831
f 2851/2056/2829 2853/2058/2831 2854/2059/2832
f 2855/2060/2833 2856/2061/2834 2857/2062/2835
f 2855/2060/2833 2857/2062/2835 2858/2063/2836
f 2859/2064/2837 2854/2059/2832 2853/2058/2831
f 2859/2064/2837 2853/2058/2831 2860/2065/2838
f 2861/2066/2839 2862/2067/2840 2863/2068/2841
f 2861/2066/2839 2863/2068/2841 2864/2069/2842
f 2864/2069/2842 2863/2068/2841 2865/2070/2843
f 2864/2069/2842 2865/2070/2843 2866/2071/2844
f 2866/2071/2844 2865/2070/2843 2867/2072/2845
f 2866/2071/2844 2867/2072/2845 2868/2073/2846
f 2868/2073/2846 2867/2072/2845 2869/2074/2847
f 2868/2073/2846 2869/2074/2847 2870/2075/2848
f 2871/2076/2849 2872/2077/2850 2873/2078/2851
f 2871/2076/2849 2873/2078/2851 2874/2079/2852
f 2875/2080/2853 2876/2081/2854 2877/2082/2855
f 2875/2080/2853 2877/2082/2855 2878/2083/2856
f 2879/2084/2857 2878/2083/2856 2877/2082/2855
f 2879/2084/2857 2877/2082/2855 2856/2061/2834
f 2880/2085/2858 2857/2062/2835 2856/2061/2834
f 2880/2085/2858 2856/2061/2834 2877/2082/2855
f 2880/2085/2858 2877/2082/2855 2876/2081/2854
f 2880/2085/2858 2876/2081/2854 2881/2086/2859
f 2882/2087/2860 2873/2078/2851 2872/2077/2850
f 2882/2087/2860 2872/2077/2850 2883/2088/2861
f 2884/2089/2862 2869/2074/2847 2867/2072/2845
f 2884/2089/2862 2867/2072/2845 2885/2090/2863
f 2885/2090/2863 2867/2072/2845 2865/2070/2843
f 2885/2090/2863 2865/2070/2843 2886/2091/2864
f 2886/2091/2864 2865/2070/2843 2863/2068/2841
f 2886/2091/2864 2863/2068/2841 2887/2092/2865
f 2887/2092/2865 2863/2068/2841 2862/2067/2840
f 2887/2092/2865 2862/2067/2840 2888/2093/2866
f 2879/2084/2857 2856/2061/2834 2855/2060/2833
f 2879/2084/2857 2855/2060/2833 2889/2094/2867
f 2860/2065/2838 2853/2058/2831 2862/2067/2840
f 2860/2065/2838 2862/2067/2840 2861/2066/2839
f 2888/2093/2866 2862/2067/2840 2853/2058/2831
f 2888/2093/2866 2853/2058/2831 2852/2057/2830
f 2883/2088/2861 2872/2077/2850 2869/2074/2847
f 2883/2088/2861 2869/2074/2847 2884/2089/2862
f 2870/2075/2848 2869/2074/2847 2872/2077/2850
f 2870/2075/2848 2872/2077/2850 2871/2076/2849
f 2874/2079/2852 2873/2078/2851 2876/2081/2854
f 2874/2079/2852 2876/2081/2854 2875/2080/2853
f 2881/2086/2859 2876/2081/2854 2873/2078/2851
f 2881/2086/2859 2873/2078/2851 2882/2087/2860
f 2890/2095/2868 2855/2060/2833 2858/2063/2836
f 2890/2095/2868 2858/2063/2836 2891/2096/2869
f 2889/2094/2867 2855/2060/2833 2890/2095/2868
f 2889/2094/2867 2890/2095/2868 2892/2097/2870
f 1013/874/992 2893/2098/2871 2894/2099/2872
f 1013/874/992 2894/2099/2872 1014/875/993
f 2894/2099/2872 2895/2100/2873 1022/883/1001
f 2894/2099/2872 1022/883/1001 1014/875/993
f 2896/2101/2874 2897/2102/2875 2898/2103/2876
f 2896/2101/2874 2898/2103/2876 2899/2104/2877
f 2897/2102/2875 2900/2105/2878 2901/2106/2879
f 2897/2102/2875 2901/2106/2879 2898/2103/2876
f 2902/2107/2880 2903/2108/2881 2904/2109/2882
f 2902/2107/2880 2904/2109/2882 2905/2110/2883
f 2906/2111/2884 2907/2112/2885 2908/2113/2886
f 2906/2111/2884 2908/2113/2886 2909/2114/2887
f 2907/2112/2885 2910/2115/2888 2911/2116/2889
f 2907/2112/2885 2911/2116/2889 2908/2113/2886
f 2912/2117/2890 2913/2118/2891 2914/2119/2892
f 2912/2117/2890 2914/2119/2892 2915/2120/2893
f 2916/2121/2894 2917/2122/2895 2918/2123/2896
f 2916/2121/2894 2918/2123/2896 2919/2124/2897
f 2920/2125/2898 2921/2126/2899 2915/2120/2893
f 2920/2125/2898 2915/2120/2893 2914/2119/2892
f 2922/2127/2900 2923/2128/2901 2908/2113/2886
f 2922/2127/2900 2908/2113/2886 2911/2116/2889
f 2923/2128/2901 2924/2129/2902 2909/2114/2887
f 2923/2128/2901 2909/2114/2887 2908/2113/2886
f 2925/2130/2903 2926/2131/2904 2905/2110/2883
f 2925/2130/2903 2905/2110/2883 2904/2109/2882
f 2927/2132/2905 2928/2133/2906 2898/2103/2876
f 2927/2132/2905 2898/2103/2876 2901/2106/2879
f 2929/2134/2907 2899/2104/2877 2898/2103/2876
f 2929/2134/2907 2898/2103/2876 2928/2133/2906
f 2918/2123/2896 2930/2135/2908 2931/2136/2909
f 2918/2123/2896 2931/2136/2909 2919/2124/2897
f 2932/2137/2910 2933/2138/2911 2934/2139/2912
f 2932/2137/2910 2934/2139/2912 2935/2140/2913
f 2936/2141/2914 2937/2142/2915 2932/2137/2910
f 2936/2141/2914 2932/2137/2910 2935/2140/2913
f 2938/2143/2916 2922/2127/2900 2911/2116/2889
f 2938/2143/2916 2911/2116/2889 2939/2144/2917
f 2910/2115/2888 2940/2145/2918 2939/2144/2917
f 2910/2115/2888 2939/2144/2917 2911/2116/2889
f 2924/2129/2902 2925/2130/2903 2904/2109/2882
f 2924/2129/2902 2904/2109/2882 2909/2114/2887
f 2903/2108/2881 2906/2111/2884 2909/2114/2887
f 2903/2108/2881 2909/2114/2887 2904/2109/2882
f 2931/2136/2909 2920/2125/2898 2914/2119/2892
f 2931/2136/2909 2914/2119/2892 2919/2124/2897
f 2913/2118/2891 2916/2121/2894 2919/2124/2897
f 2913/2118/2891 2919/2124/2897 2914/2119/2892
f 2921/2126/2899 2938/2143/2916 2939/2144/2917
f 2921/2126/2899 2939/2144/2917 2915/2120/2893
f 2940/2145/2918 2912/2117/2890 2915/2120/2893
f 2940/2145/2918 2915/2120/2893 2939/2144/2917
f 2926/2131/2904 2927/2132/2905 2901/2106/2879
f 2926/2131/2904 2901/2106/2879 2905/2110/2883
f 2900/2105/2878 2902/2107/2880 2905/2110/2883
f 2900/2105/2878 2905/2110/2883 2901/2106/2879
f 2917/2122/2895 2936/2141/2914 2935/2140/2913
f 2917/2122/2895 2935/2140/2913 2918/2123/2896
f 2935/2140/2913 2934/2139/2912 2930/2135/2908
f 2935/2140/2913 2930/2135/2908 2918/2123/2896
f 2937/2142/2915 2941/2146/2919 2942/2147/2920
f 2937/2142/2915 2942/2147/2920 2932/2137/2910
f 2942/2147/2920 2943/2148/2921 2933/2138/2911
f 2942/2147/2920 2933/2138/2911 2932/2137/2910
f 2944/1640/2922 2945/1643/2923 2946/1658/2924
f 2944/1640/2922 2946/1658/2924 2947/1662/2925
f 2948/1644/2926 2949/1647/2927 2950/1646/2928
f 2948/1644/2926 2950/1646/2928 2951/1645/2929
f 2952/1648/2930 2949/1647/2927 2948/1644/2926
f 2952/1648/2930 2948/1644/2926 2953/1649/2931
f 2954/1650/2932 2955/1653/2933 2956/1652/2934
f 2954/1650/2932 2956/1652/2934 2957/1651/2935
f 2958/1654/2936 2959/1655/2937 2955/1653/2933
f 2958/1654/2936 2955/1653/2933 2954/1650/2932
f 2960/1656/2938 2961/1661/2939 2946/1658/2924
f 2960/1656/2938 2946/1658/2924 2945/1643/2923
f 2946/1658/2924 2961/1661/2939 2962/1660/2940
f 2946/1658/2924 2962/1660/2940 2963/1659/2941
f 2946/1658/2924 2963/1659/2941 2964/1663/2942
f 2946/1658/2924 2964/1663/2942 2947/1662/2925
f 2965/1668/2943 2966/1671/2944 2967/1670/2945
f 2965/1668/2943 2967/1670/2945 2968/1669/2946
f 2968/1669/2946 2967/1670/2945 2969/1673/2947
f 2968/1669/2946 2969/1673/2947 2970/1672/2948
f 2970/1672/2948 2969/1673/2947 2963/1659/2941
f 2970/1672/2948 2963/1659/2941 2962/1660/2940
f 2969/1673/2947 2971/1674/2949 2964/1663/2942
f 2969/1673/2947 2964/1663/2942 2963/1659/2941
f 2969/1673/2947 2967/1670/2945 2972/1675/2950
f 2969/1673/2947 2972/1675/2950 2971/1674/2949
f 2967/1670/2945 2966/1671/2944 2973/1676/2951
f 2967/1670/2945 2973/1676/2951 2972/1675/2950
f 2960/1656/2938 2945/1643/2923 2949/1647/2927
f 2960/1656/2938 2949/1647/2927 2952/1648/2930
f 2950/1646/2928 2949/1647/2927 2945/1643/2923
f 2950/1646/2928 2945/1643/2923 2944/1640/2922
f 2966/1671/2944 2974/2149/2952 2975/2150/2953
f 2966/1671/2944 2975/2150/2953 2973/1676/2951
f 2976/2151/2954 2974/2149/2952 2966/1671/2944
f 2976/2151/2954 2966/1671/2944 2965/1668/2943
f 2977/2152/2955 2978/2153/2956 2974/2149/2952
f 2977/2152/2955 2974/2149/2952 2976/2151/2954
f 2975/2150/2953 2974/2149/2952 2978/2153/2956
f 2975/2150/2953 2978/2153/2956 2979/2154/2957
f 2959/1655/2937 2953/1649/2931 2948/1644/2926
f 2959/1655/2937 2948/1644/2926 2955/1653/2933
f 2956/1652/2934 2955/1653/2933 2948/1644/2926
f 2956/1652/2934 2948/1644/2926 2951/1645/2929
f 2980/2155/2958 2981/2156/2959 2982/2157/2960
f 2980/2155/2958 2982/2157/2960 2983/2158/2961
f 2984/2159/2962 2985/2160/2963 2986/2161/2964
f 2984/2159/2962 2986/2161/2964 2987/2162/2965
f 2988/2163/2966 2983/2158/2961 2982/2157/2960
f 2988/2163/2966 2982/2157/2960 2989/2164/2967
f 2990/2165/2968 2984/2159/2962 2987/2162/2965
f 2990/2165/2968 2987/2162/2965 2991/2166/2969
f 2987/2162/2965 2986/2161/2964 2980/2155/2958
f 2987/2162/2965 2980/2155/2958 2983/2158/2961
f 2991/2166/2969 2987/2162/2965 2983/2158/2961
f 2991/2166/2969 2983/2158/2961 2988/2163/2966
f 2982/2157/2960 2981/2156/2959 2992/2167/2970
f 2982/2157/2960 2992/2167/2970 2993/2168/2971
f 2989/2164/2967 2982/2157/2960 2993/2168/2971
f 2989/2164/2967 2993/2168/2971 2994/2169/2972
f 2985/2160/2963 2995/2170/2973 2996/2171/2974
f 2985/2160/2963 2996/2171/2974 2986/2161/2964
f 2980/2155/2958 2986/2161/2964 2996/2171/2974
f 2980/2155/2958 2996/2171/2974 2997/2172/2975
f 2981/2156/2959 2980/2155/2958 2997/2172/2975
f 2981/2156/2959 2997/2172/2975 2998/2173/2976
f 2992/2167/2970 2981/2156/2959 2998/2173/2976
f 2992/2167/2970 2998/2173/2976 2999/2174/2977
f 3000/2175/2978 3001/2176/2979 3002/2177/2980
f 3000/2175/2978 3002/2177/2980 3003/2178/2981
f 3004/2179/2982 3005/2180/2983 3006/2181/2984
f 3004/2179/2982 3006/2181/2984 3007/2182/2985
f 3007/2182/2985 3006/2181/2984 3001/2176/2979
f 3007/2182/2985 3001/2176/2979 3000/2175/2978
f 3003/2178/2981 3002/2177/2980 3008/2183/2986
f 3003/2178/2981 3008/2183/2986 3009/2184/2987
f 3010/2185/2988 3011/2186/2989 3012/2187/2990
f 3010/2185/2988 3012/2187/2990 3013/2188/2991
f 3014/2189/2992 3010/2185/2988 3013/2188/2991
f 3014/2189/2992 3013/2188/2991 3015/2190/2993
f 3016/2191/2994 3014/2189/2992 3015/2190/2993
f 3016/2191/2994 3015/2190/2993 3017/2192/2995
f 3018/2193/2996 3016/2191/2994 3017/2192/2995
f 3018/2193/2996 3017/2192/2995 3019/2194/2997
f 3002/2177/2980 3016/2191/2994 3018/2193/2996
f 3002/2177/2980 3018/2193/2996 3008/2183/2986
f 3016/2191/2994 3002/2177/2980 3001/2176/2979
f 3016/2191/2994 3001/2176/2979 3014/2189/2992
f 3014/2189/2992 3001/2176/2979 3006/2181/2984
f 3014/2189/2992 3006/2181/2984 3010/2185/2988
f 3005/2180/2983 3011/2186/2989 3010/2185/2988
f 3005/2180/2983 3010/2185/2988 3006/2181/2984
f 3020/2195/2998 3021/2196/2999 3022/2197/3000
f 3020/2195/2998 3022/2197/3000 3023/2198/3001
f 3024/2199/3002 3025/2200/3003 3022/2197/3000
f 3024/2199/3002 3022/2197/3000 3021/2196/2999
f 3026/2201/3004 3027/2202/3005 3028/2203/3006
f 3026/2201/3004 3028/2203/3006 3029/2204/3007
f 3029/2204/3007 3028/2203/3006 3030/2205/3008
f 3029/2204/3007 3030/2205/3008 3031/2206/3009
f 3032/2207/3010 3033/2208/3011 3034/2209/3012
f 3032/2207/3010 3034/2209/3012 3035/2210/3013
f 3035/2210/3013 3034/2209/3012 3036/2211/3014
f 3035/2210/3013 3036/2211/3014 3037/2212/3015
f 3038/2213/3016 3039/2214/3017 3040/2215/3018
f 3038/2213/3016 3040/2215/3018 3041/2216/3019
f 3042/2217/3020 3043/2218/3021 3044/2219/3022
f 3042/2217/3020 3044/2219/3022 3045/2220/3023
f 3046/2221/3024 3047/2222/3025 3048/2223/3026
f 3046/2221/3024 3048/2223/3026 3049/2224/3027
f 3043/2218/3021 3050/2225/3028 3051/2226/3029
f 3043/2218/3021 3051/2226/3029 3044/2219/3022
f 3040/2215/3018 3039/2214/3017 3052/2227/3030
f 3040/2215/3018 3052/2227/3030 3053/2228/3031
f 3054/2229/3032 3036/2211/3014 3034/2209/3012
f 3054/2229/3032 3034/2209/3012 3055/2230/3033
f 3055/2230/3033 3034/2209/3012 3033/2208/3011
f 3055/2230/3033 3033/2208/3011 3056/2231/3034
f 3057/2232/3035 3030/2205/3008 3028/2203/3006
f 3057/2232/3035 3028/2203/3006 3058/2233/3036
f 3058/2233/3036 3028/2203/3006 3027/2202/3005
f 3058/2233/3036 3027/2202/3005 3059/2234/3037
f 3060/2235/3038 3061/2236/3039 3048/2223/3026
f 3060/2235/3038 3048/2223/3026 3047/2222/3025
f 3027/2202/3005 3026/2201/3004 3062/2237/3040
f 3027/2202/3005 3062/2237/3040 3063/2238/3041
f 3059/2234/3037 3027/2202/3005 3063/2238/3041
f 3059/2234/3037 3063/2238/3041 3064/2239/3042
f 3052/2227/3030 3039/2214/3017 3036/2211/3014
f 3052/2227/3030 3036/2211/3014 3054/2229/3032
f 3037/2212/3015 3036/2211/3014 3039/2214/3017
f 3037/2212/3015 3039/2214/3017 3038/2213/3016
f 3025/2200/3003 3049/2224/3027 3048/2223/3026
f 3025/2200/3003 3048/2223/3026 3022/2197/3000
f 3023/2198/3001 3022/2197/3000 3048/2223/3026
f 3023/2198/3001 3048/2223/3026 3061/2236/3039
f 3045/2220/3023 3044/2219/3022 3047/2222/3025
f 3045/2220/3023 3047/2222/3025 3046/2221/3024
f 3051/2226/3029 3060/2235/3038 3047/2222/3025
f 3051/2226/3029 3047/2222/3025 3044/2219/3022
f 3056/2231/3034 3033/2208/3011 3030/2205/3008
f 3056/2231/3034 3030/2205/3008 3057/2232/3035
f 3031/2206/3009 3030/2205/3008 3033/2208/3011
f 3031/2206/3009 3033/2208/3011 3032/2207/3010
f 3041/2216/3019 3040/2215/3018 3043/2218/3021
f 3041/2216/3019 3043/2218/3021 3042/2217/3020
f 3040/2215/3018 3053/2228/3031 3050/2225/3028
f 3040/2215/3018 3050/2225/3028 3043/2218/3021
f 3063/2238/3041 3062/2237/3040 3065/2240/3043
f 3063/2238/3041 3065/2240/3043 3066/2241/3044
f 3064/2239/3042 3063/2238/3041 3066/2241/3044
f 3064/2239/3042 3066/2241/3044 3067/2242/3045
f 3068/81/3046 3069/84/3047 3070/83/3048
f 3068/81/3046 3070/83/3048 3071/82/3049
f 3072/85/3050 3073/88/3051 3074/87/3052
f 3072/85/3050 3074/87/3052 3075/86/3053
f 3076/89/3054 3068/81/3046 3071/82/3049
f 3076/89/3054 3071/82/3049 3077/90/3055
f 3078/91/3056 3072/85/3050 3075/86/3053
f 3078/91/3056 3075/86/3053 3079/92/3057
f 3080/93/3058 3081/94/3059 3069/84/3047
f 3080/93/3058 3069/84/3047 3068/81/3046
f 3082/95/3060 3080/93/3058 3068/81/3046
f 3082/95/3060 3068/81/3046 3076/89/3054
f 3075/86/3053 3074/87/3052 3081/94/3059
f 3075/86/3053 3081/94/3059 3080/93/3058
f 3079/92/3057 3075/86/3053 3080/93/3058
f 3079/92/3057 3080/93/3058 3082/95/3060
f 3083/1523/3061 3084/1526/3062 3085/1525/3063
f 3083/1523/3061 3085/1525/3063 3086/1524/3064
f 3087/1527/3065 3088/1530/3066 3089/1529/3067
f 3087/1527/3065 3089/1529/3067 3090/1528/3068
f 3091/1531/3069 3083/1523/3061 3086/1524/3064
f 3091/1531/3069 3086/1524/3064 3092/1532/3070
f 3093/1533/3071 3087/1527/3065 3090/1528/3068
f 3093/1533/3071 3090/1528/3068 3094/1534/3072
f 3095/1535/3073 3096/1536/3074 3084/1526/3062
f 3095/1535/3073 3084/1526/3062 3083/1523/3061
f 3097/1537/3075 3095/1535/3073 3083/1523/3061
f 3097/1537/3075 3083/1523/3061 3091/1531/3069
f 3090/1528/3068 3089/1529/3067 3096/1536/3074
f 3090/1528/3068 3096/1536/3074 3095/1535/3073
f 3094/1534/3072 3090/1528/3068 3095/1535/3073
f 3094/1534/3072 3095/1535/3073 3097/1537/3075
f 3098/2243/3076 3099/2244/3077 3100/2245/3078
f 3098/2243/3076 3100/2245/3078 3101/2246/3079
f 3102/2247/3080 3103/2248/3081 3104/2249/3082
f 3102/2247/3080 3104/2249/3082 3105/2250/3083
f 3106/2251/3084 3098/2243/3076 3101/2246/3079
f 3106/2251/3084 3101/2246/3079 3107/2252/3085
f 3108/2253/3086 3102/2247/3080 3105/2250/3083
f 3108/2253/3086 3105/2250/3083 3109/2254/3087
f 3110/2255/3088 3111/2256/3089 3099/2244/3077
f 3110/2255/3088 3099/2244/3077 3098/2243/3076
f 3112/2257/3090 3110/2255/3088 3098/2243/3076
f 3112/2257/3090 3098/2243/3076 3106/2251/3084
f 3105/2250/3083 3104/2249/3082 3111/2256/3089
f 3105/2250/3083 3111/2256/3089 3110/2255/3088
f 3109/2254/3087 3105/2250/3083 3110/2255/3088
f 3109/2254/3087 3110/2255/3088 3112/2257/3090
f 3113/2258/3091 3114/2259/3092 3115/2260/3093
f 3113/2258/3091 3115/2260/3093 3116/2261/3094
f 3114/2259/3092 3117/2262/3095 3118/2263/3096
f 3114/2259/3092 3118/2263/3096 3115/2260/3093
f 3116/2261/3094 3115/2260/3093 3102/2247/3080
f 3116/2261/3094 3102/2247/3080 3108/2253/3086
f 3115/2260/3093 3118/2263/3096 3103/2248/3081
f 3115/2260/3093 3103/2248/3081 3102/2247/3080
f 3119/2264/3097 3120/2265/3098 3121/2266/3099
f 3119/2264/3097 3121/2266/3099 3122/2267/3100
f 3123/2268/3101 3124/2269/3102 3125/2270/3103
f 3123/2268/3101 3125/2270/3103 3126/2271/3104
f 3127/2272/3105 3119/2264/3097 3122/2267/3100
f 3127/2272/3105 3122/2267/3100 3128/2273/3106
f 3129/2274/3107 3123/2268/3101 3126/2271/3104
f 3129/2274/3107 3126/2271/3104 3130/2275/3108
f 3131/2276/3109 3132/2277/3110 3120/2265/3098
f 3131/2276/3109 3120/2265/3098 3119/2264/3097
f 3133/2278/3111 3131/2276/3109 3119/2264/3097
f 3133/2278/3111 3119/2264/3097 3127/2272/3105
f 3134/2279/3112 3135/2280/3113 3132/2277/3110
f 3134/2279/3112 3132/2277/3110 3131/2276/3109
f 3136/2281/3114 3134/2279/3112 3131/2276/3109
f 3136/2281/3114 3131/2276/3109 3133/2278/3111
f 3137/2282/3115 3138/2283/3116 3135/2280/3113
f 3137/2282/3115 3135/2280/3113 3134/2279/3112
f 3139/2284/3117 3137/2282/3115 3134/2279/3112
f 3139/2284/3117 3134/2279/3112 3136/2281/3114
f 3126/2271/3104 3125/2270/3103 3138/2283/3116
f 3126/2271/3104 3138/2283/3116 3137/2282/3115
f 3130/2275/3108 3126/2271/3104 3137/2282/3115
f 3130/2275/3108 3137/2282/3115 3139/2284/3117
f 3140/2285/3118 3141/2286/3119 3142/2287/3120
f 3140/2285/3118 3142/2287/3120 3143/2288/3121
f 3144/2289/3122 3145/2290/3123 3146/2291/3124
f 3144/2289/3122 3146/2291/3124 3147/2292/3125
f 3148/2293/3126 3143/2288/3121 3142/2287/3120
f 3148/2293/3126 3142/2287/3120 3149/2294/3127
f 3150/2295/3128 3144/2289/3122 3147/2292/3125
f 3150/2295/3128 3147/2292/3125 3151/2296/3129
f 3147/2292/3125 3146/2291/3124 3140/2285/3118
f 3147/2292/3125 3140/2285/3118 3143/2288/3121
f 3151/2296/3129 3147/2292/3125 3143/2288/3121
f 3151/2296/3129 3143/2288/3121 3148/2293/3126
f 3152/2297/3130 3153/2298/3131 3154/2299/3132
f 3152/2297/3130 3154/2299/3132 3155/2300/3133
f 3156/2301/3134 3152/2297/3130 3155/2300/3133
f 3156/2301/3134 3155/2300/3133 3157/2302/3135
f 3145/2290/3123 3158/2303/3136 3159/2304/3137
f 3145/2290/3123 3159/2304/3137 3146/2291/3124
f 3140/2285/3118 3146/2291/3124 3159/2304/3137
f 3140/2285/3118 3159/2304/3137 3160/2305/3138
f 3141/2286/3119 3140/2285/3118 3160/2305/3138
f 3141/2286/3119 3160/2305/3138 3161/2306/3139
f 3154/2299/3132 3153/2298/3131 3162/2307/3140
f 3154/2299/3132 3162/2307/3140 3163/2308/3141
f 3164/2309/3142 3165/2310/3143 3152/2297/3130
f 3164/2309/3142 3152/2297/3130 3156/2301/3134
f 3165/2310/3143 3166/2311/3144 3153/2298/3131
f 3165/2310/3143 3153/2298/3131 3152/2297/3130
f 3162/2307/3140 3153/2298/3131 3166/2311/3144
f 3162/2307/3140 3166/2311/3144 3167/2312/3145
f 3149/2294/3127 3142/2287/3120 3165/2310/3143
f 3149/2294/3127 3165/2310/3143 3164/2309/3142
f 3142/2287/3120 3141/2286/3119 3166/2311/3144
f 3142/2287/3120 3166/2311/3144 3165/2310/3143
f 3167/2312/3145 3166/2311/3144 3141/2286/3119
f 3167/2312/3145 3141/2286/3119 3161/2306/3139
f 3168/9/3146 3169/12/3147 3170/11/3148
f 3168/9/3146 3170/11/3148 3171/10/3149
f 3172/13/3150 3173/16/3151 3174/15/3152
f 3172/13/3150 3174/15/3152 3175/14/3153
f 3176/17/3154 3168/9/3146 3171/10/3149
f 3176/17/3154 3171/10/3149 3177/18/3155
f 3178/19/3156 3172/13/3150 3175/14/3153
f 3178/19/3156 3175/14/3153 3179/20/3157
f 3180/21/3158 3181/24/3159 3182/23/3160
f 3180/21/3158 3182/23/3160 3183/22/3161
f 3184/25/3162 3180/21/3158 3183/22/3161
f 3184/25/3162 3183/22/3161 3185/26/3163
f 3175/14/3153 3174/15/3152 3181/24/3159
f 3175/14/3153 3181/24/3159 3180/21/3158
f 3179/20/3157 3175/14/3153 3180/21/3158
f 3179/20/3157 3180/21/3158 3184/25/3162
f 3185/26/3163 3183/22/3161 3186/28/3164
f 3185/26/3163 3186/28/3164 3187/27/3165
f 3183/22/3161 3182/23/3160 3188/29/3166
f 3183/22/3161 3188/29/3166 3186/28/3164
f 3187/27/3165 3186/28/3164 3168/9/3146
f 3187/27/3165 3168/9/3146 3176/17/3154
f 3186/28/3164 3188/29/3166 3169/12/3147
f 3186/28/3164 3169/12/3147 3168/9/3146
f 3189/1640/3167 3190/1643/3168 3191/1658/3169
f 3189/1640/3167 3191/1658/3169 3192/1662/3170
f 3193/1644/3171 3194/1647/3172 3195/1646/3173
f 3193/1644/3171 3195/1646/3173 3196/1645/3174
f 3197/1648/3175 3194/1647/3172 3193/1644/3171
f 3197/1648/3175 3193/1644/3171 3198/1649/3176
f 3199/1650/3177 3200/1653/3178 3201/1652/3179
f 3199/1650/3177 3201/1652/3179 3202/1651/3180
f 3203/1654/3181 3204/1655/3182 3200/1653/3178
f 3203/1654/3181 3200/1653/3178 3199/1650/3177
f 3205/1656/3183 3206/1661/3184 3191/1658/3169
f 3205/1656/3183 3191/1658/3169 3190/1643/3168
f 3191/1658/3169 3206/1661/3184 3207/1660/3185
f 3191/1658/3169 3207/1660/3185 3208/1659/3186
f 3191/1658/3169 3208/1659/3186 3209/1663/3187
f 3191/1658/3169 3209/1663/3187 3192/1662/3170
f 3210/1664/3188 3211/1667/3189 3212/1666/3190
f 3210/1664/3188 3212/1666/3190 3213/1665/3191
f 3214/1668/3192 3215/1671/3193 3216/1670/3194
f 3214/1668/3192 3216/1670/3194 3217/1669/3195
f 3217/1669/3195 3216/1670/3194 3218/1673/3196
f 3217/1669/3195 3218/1673/3196 3219/1672/3197
f 3219/1672/3197 3218/1673/3196 3208/1659/3186
f 3219/1672/3197 3208/1659/3186 3207/1660/3185
f 3218/1673/3196 3220/1674/3198 3209/1663/3187
f 3218/1673/3196 3209/1663/3187 3208/1659/3186
f 3218/1673/3196 3216/1670/3194 3221/1675/3199
f 3218/1673/3196 3221/1675/3199 3220/1674/3198
f 3216/1670/3194 3215/1671/3193 3222/1676/3200
f 3216/1670/3194 3222/1676/3200 3221/1675/3199
f 3212/1666/3190 3211/1667/3189 3223/1678/3201
f 3212/1666/3190 3223/1678/3201 3224/1677/3202
f 3205/1656/3183 3190/1643/3168 3194/1647/3172
f 3205/1656/3183 3194/1647/3172 3197/1648/3175
f 3195/1646/3173 3194/1647/3172 3190/1643/3168
f 3195/1646/3173 3190/1643/3168 3189/1640/3167
f 3215/1671/3193 3212/1666/3190 3224/1677/3202
f 3215/1671/3193 3224/1677/3202 3222/1676/3200
f 3213/1665/3191 3212/1666/3190 3215/1671/3193
f 3213/1665/3191 3215/1671/3193 3214/1668/3192
f 3225/1679/3203 3226/1682/3204 3211/1667/3189
f 3225/1679/3203 3211/1667/3189 3210/1664/3188
f 3223/1678/3201 3211/1667/3189 3226/1682/3204
f 3223/1678/3201 3226/1682/3204 3227/1684/3205
f 3204/1655/3182 3198/1649/3176 3193/1644/3171
f 3204/1655/3182 3193/1644/3171 3200/1653/3178
f 3201/1652/3179 3200/1653/3178 3193/1644/3171
f 3201/1652/3179 3193/1644/3171 3196/1645/3174
f 3228/1640/3206 3229/1643/3207 3230/1658/3208
f 3228/1640/3206 3230/1658/3208 3231/1662/3209
f 3232/1644/3210 3233/1647/3211 3234/1646/3212
f 3232/1644/3210 3234/1646/3212 3235/1645/3213
f 3236/1648/3214 3233/1647/3211 3232/1644/3210
f 3236/1648/3214 3232/1644/3210 3237/1649/3215
f 3238/1650/3216 3239/1653/3217 3240/1652/3218
f 3238/1650/3216 3240/1652/3218 3241/1651/3219
f 3242/1654/3220 3243/1655/3221 3239/1653/3217
f 3242/1654/3220 3239/1653/3217 3238/1650/3216
f 3244/1656/3222 3245/1661/3223 3230/1658/3208
f 3244/1656/3222 3230/1658/3208 3229/1643/3207
f 3230/1658/3208 3245/1661/3223 3246/1660/3224
f 3230/1658/3208 3246/1660/3224 3247/1659/3225
f 3230/1658/3208 3247/1659/3225 3248/1663/3226
f 3230/1658/3208 3248/1663/3226 3231/1662/3209
f 3249/1664/3227 3250/1667/3228 3251/1666/3229
f 3249/1664/3227 3251/1666/3229 3252/1665/3230
f 3253/1668/3231 3254/1671/3232 3255/1670/3233
f 3253/1668/3231 3255/1670/3233 3256/1669/3234
f 3256/1669/3234 3255/1670/3233 3257/1673/3235
f 3256/1669/3234 3257/1673/3235 3258/1672/3236
f 3258/1672/3236 3257/1673/3235 3247/1659/3225
f 3258/1672/3236 3247/1659/3225 3246/1660/3224
f 3257/1673/3235 3259/1674/3237 3248/1663/3226
f 3257/1673/3235 3248/1663/3226 3247/1659/3225
f 3257/1673/3235 3255/1670/3233 3260/1675/3238
f 3257/1673/3235 3260/1675/3238 3259/1674/3237
f 3255/1670/3233 3254/1671/3232 3261/1676/3239
f 3255/1670/3233 3261/1676/3239 3260/1675/3238
f 3251/1666/3229 3250/1667/3228 3262/1678/3240
f 3251/1666/3229 3262/1678/3240 3263/1677/3241
f 3244/1656/3222 3229/1643/3207 3233/1647/3211
f 3244/1656/3222 3233/1647/3211 3236/1648/3214
f 3234/1646/3212 3233/1647/3211 3229/1643/3207
f 3234/1646/3212 3229/1643/3207 3228/1640/3206
f 3254/1671/3232 3251/1666/3229 3263/1677/3241
f 3254/1671/3232 3263/1677/3241 3261/1676/3239
f 3252/1665/3230 3251/1666/3229 3254/1671/3232
f 3252/1665/3230 3254/1671/3232 3253/1668/3231
f 3264/1679/3242 3265/1682/3243 3250/1667/3228
f 3264/1679/3242 3250/1667/3228 3249/1664/3227
f 3262/1678/3240 3250/1667/3228 3265/1682/3243
f 3262/1678/3240 3265/1682/3243 3266/1684/3244
f 3243/1655/3221 3237/1649/3215 3232/1644/3210
f 3243/1655/3221 3232/1644/3210 3239/1653/3217
f 3240/1652/3218 3239/1653/3217 3232/1644/3210
f 3240/1652/3218 3232/1644/3210 3235/1645/3213
f 3267/1640/3245 3268/1643/3246 3269/1658/3247
f 3267/1640/3245 3269/1658/3247 3270/1662/3248
f 3271/1644/3249 3272/1647/3250 3273/1646/3251
f 3271/1644/3249 3273/1646/3251 3274/1645/3252
f 3275/1648/3253 3272/1647/3250 3271/1644/3249
f 3275/1648/3253 3271/1644/3249 3276/1649/3254
f 3277/1685/3255 3278/1686/3256 3279/1687/3257
f 3277/1685/3255 3279/1687/3257 3280/1688/3258
f 3281/1689/3259 3282/1690/3260 3278/1686/3256
f 3281/1689/3259 3278/1686/3256 3277/1685/3255
f 3283/1656/3261 3284/1661/3262 3269/1658/3247
f 3283/1656/3261 3269/1658/3247 3268/1643/3246
f 3269/1658/3247 3284/1661/3262 3285/1660/3263
f 3269/1658/3247 3285/1660/3263 3286/1659/3264
f 3269/1658/3247 3286/1659/3264 3287/1663/3265
f 3269/1658/3247 3287/1663/3265 3270/1662/3248
f 3288/1691/3266 3289/1692/3267 3290/2313/3268
f 3288/1691/3266 3290/2313/3268 3291/2314/3269
f 3292/1695/3270 3293/1696/3271 3294/1670/3272
f 3292/1695/3270 3294/1670/3272 3295/1669/3273
f 3295/1669/3273 3294/1670/3272 3296/1673/3274
f 3295/1669/3273 3296/1673/3274 3297/1672/3275
f 3297/1672/3275 3296/1673/3274 3286/1659/3264
f 3297/1672/3275 3286/1659/3264 3285/1660/3263
f 3296/1673/3274 3298/1674/3276 3287/1663/3265
f 3296/1673/3274 3287/1663/3265 3286/1659/3264
f 3296/1673/3274 3294/1670/3272 3299/1675/3277
f 3296/1673/3274 3299/1675/3277 3298/1674/3276
f 3294/1670/3272 3293/1696/3271 3300/1697/3278
f 3294/1670/3272 3300/1697/3278 3299/1675/3277
f 3290/2313/3268 3289/1692/3267 3301/1698/3279
f 3290/2313/3268 3301/1698/3279 3302/2315/3280
f 3283/1656/3261 3268/1643/3246 3272/1647/3250
f 3283/1656/3261 3272/1647/3250 3275/1648/3253
f 3273/1646/3251 3272/1647/3250 3268/1643/3246
f 3273/1646/3251 3268/1643/3246 3267/1640/3245
f 3293/1696/3271 3303/1693/3281 3304/1699/3282
f 3293/1696/3271 3304/1699/3282 3300/1697/3278
f 3305/1694/3283 3303/1693/3281 3293/1696/3271
f 3305/1694/3283 3293/1696/3271 3292/1695/3270
f 3306/1700/3284 3307/1701/3285 3289/1692/3267
f 3306/1700/3284 3289/1692/3267 3288/1691/3266
f 3301/1698/3279 3289/1692/3267 3307/1701/3285
f 3301/1698/3279 3307/1701/3285 3308/1684/3286
f 3309/2316/3287 3276/1649/3254 3271/1644/3249
f 3309/2316/3287 3271/1644/3249 3310/2317/3288
f 3311/2318/3289 3310/2317/3288 3271/1644/3249
f 3311/2318/3289 3271/1644/3249 3274/1645/3252
f 3303/1693/3281 3290/2313/3268 3302/2315/3280
f 3303/1693/3281 3302/2315/3280 3304/1699/3282
f 3291/2314/3269 3290/2313/3268 3303/1693/3281
f 3291/2314/3269 3303/1693/3281 3305/1694/3283
f 3279/1687/3257 3278/1686/3256 3310/2317/3288
f 3279/1687/3257 3310/2317/3288 3311/2318/3289
f 3282/1690/3260 3309/2316/3287 3310/2317/3288
f 3282/1690/3260 3310/2317/3288 3278/1686/3256
f 3312/1640/3290 3313/1643/3291 3314/1658/3292
f 3312/1640/3290 3314/1658/3292 3315/1662/3293
f 3316/1644/3294 3317/1647/3295 3318/1646/3296
f 3316/1644/3294 3318/1646/3296 3319/1645/3297
f 3320/1648/3298 3317/1647/3295 3316/1644/3294
f 3320/1648/3298 3316/1644/3294 3321/1649/3299
f 3322/1653/3300 3316/1644/3294 3319/1645/3297
f 3322/1653/3300 3319/1645/3297 3323/1652/3301
f 3324/1655/3302 3321/1649/3299 3316/1644/3294
f 3324/1655/3302 3316/1644/3294 3322/1653/3300
f 3325/1656/3303 3326/1661/3304 3314/1658/3292
f 3325/1656/3303 3314/1658/3292 3313/1643/3291
f 3314/1658/3292 3326/1661/3304 3327/1660/3305
f 3314/1658/3292 3327/1660/3305 3328/1659/3306
f 3314/1658/3292 3328/1659/3306 3329/1663/3307
f 3314/1658/3292 3329/1663/3307 3315/1662/3293
f 3330/1664/3308 3331/1667/3309 3332/1666/3310
f 3330/1664/3308 3332/1666/3310 3333/1665/3311
f 3334/1668/3312 3335/1671/3313 3336/1670/3314
f 3334/1668/3312 3336/1670/3314 3337/1669/3315
f 3337/1669/3315 3336/1670/3314 3338/1673/3316
f 3337/1669/3315 3338/1673/3316 3339/1672/3317
f 3339/1672/3317 3338/1673/3316 3328/1659/3306
f 3339/1672/3317 3328/1659/3306 3327/1660/3305
f 3338/1673/3316 3340/1674/3318 3329/1663/3307
f 3338/1673/3316 3329/1663/3307 3328/1659/3306
f 3338/1673/3316 3336/1670/3314 3341/1675/3319
f 3338/1673/3316 3341/1675/3319 3340/1674/3318
f 3336/1670/3314 3335/1671/3313 3342/1676/3320
f 3336/1670/3314 3342/1676/3320 3341/1675/3319
f 3332/1666/3310 3331/1667/3309 3343/1678/3321
f 3332/1666/3310 3343/1678/3321 3344/1677/3322
f 3325/1656/3303 3313/1643/3291 3317/1647/3295
f 3325/1656/3303 3317/1647/3295 3320/1648/3298
f 3318/1646/3296 3317/1647/3295 3313/1643/3291
f 3318/1646/3296 3313/1643/3291 3312/1640/3290
f 3335/1671/3313 3332/1666/3310 3344/1677/3322
f 3335/1671/3313 3344/1677/3322 3342/1676/3320
f 3333/1665/3311 3332/1666/3310 3335/1671/3313
f 3333/1665/3311 3335/1671/3313 3334/1668/3312
f 3345/1679/3323 3346/1682/3324 3347/1681/3325
f 3345/1679/3323 3347/1681/3325 3348/1680/3326
f 3349/1683/3327 3347/1681/3325 3346/1682/3324
f 3349/1683/3327 3346/1682/3324 3350/1684/3328
f 3343/1678/3321 3331/1667/3309 3347/1681/3325
f 3343/1678/3321 3347/1681/3325 3349/1683/3327
f 3348/1680/3326 3347/1681/3325 3331/1667/3309
f 3348/1680/3326 3331/1667/3309 3330/1664/3308
f 3351/1650/3329 3322/1653/3300 3323/1652/3301
f 3351/1650/3329 3323/1652/3301 3352/1651/3330
f 3353/1654/3331 3324/1655/3302 3322/1653/3300
f 3353/1654/3331 3322/1653/3300 3351/1650/3329
f 3354/2101/3332 3355/2104/3333 3356/2103/3334
f 3354/2101/3332 3356/2103/3334 3357/2102/3335
f 3358/2319/3336 3359/2320/3337 3360/2106/3338
f 3358/2319/3336 3360/2106/3338 3361/2105/3339
f 3362/2107/3340 3363/2110/3341 3364/2109/3342
f 3362/2107/3340 3364/2109/3342 3365/2108/3343
f 3366/2111/3344 3367/2114/3345 3368/2113/3346
f 3366/2111/3344 3368/2113/3346 3369/2112/3347
f 3369/2112/3347 3368/2113/3346 3370/2321/3348
f 3369/2112/3347 3370/2321/3348 3371/2322/3349
f 3372/2117/3350 3373/2120/3351 3374/2119/3352
f 3372/2117/3350 3374/2119/3352 3375/2118/3353
f 3376/2323/3354 3377/2324/3355 3378/2325/3356
f 3376/2323/3354 3378/2325/3356 3379/2326/3357
f 3379/2326/3357 3378/2325/3356 3380/2140/3358
f 3379/2326/3357 3380/2140/3358 3381/2141/3359
f 3378/2325/3356 3377/2324/3355 3382/2327/3360
f 3378/2325/3356 3382/2327/3360 3383/2328/3361
f 3384/2125/3362 3374/2119/3352 3373/2120/3351
f 3384/2125/3362 3373/2120/3351 3385/2126/3363
f 3386/2329/3364 3370/2321/3348 3368/2113/3346
f 3386/2329/3364 3368/2113/3346 3387/2128/3365
f 3387/2128/3365 3368/2113/3346 3367/2114/3345
f 3387/2128/3365 3367/2114/3345 3388/2129/3366
f 3389/2130/3367 3364/2109/3342 3363/2110/3341
f 3389/2130/3367 3363/2110/3341 3390/2131/3368
f 3391/2132/3369 3360/2106/3338 3359/2320/3337
f 3391/2132/3369 3359/2320/3337 3392/2330/3370
f 3393/2134/3371 3394/2133/3372 3356/2103/3334
f 3393/2134/3371 3356/2103/3334 3355/2104/3333
f 3380/2140/3358 3378/2325/3356 3383/2328/3361
f 3380/2140/3358 3383/2328/3361 3395/2139/3373
f 3396/2147/3374 3397/2137/3375 3398/2138/3376
f 3396/2147/3374 3398/2138/3376 3399/2148/3377
f 3400/2142/3378 3397/2137/3375 3396/2147/3374
f 3400/2142/3378 3396/2147/3374 3401/2146/3379
f 3402/2143/3380 3403/2144/3381 3404/2116/3382
f 3402/2143/3380 3404/2116/3382 3405/2127/3383
f 3406/2115/3384 3404/2116/3382 3403/2144/3381
f 3406/2115/3384 3403/2144/3381 3407/2145/3385
f 3388/2129/3366 3367/2114/3345 3364/2109/3342
f 3388/2129/3366 3364/2109/3342 3389/2130/3367
f 3365/2108/3343 3364/2109/3342 3367/2114/3345
f 3365/2108/3343 3367/2114/3345 3366/2111/3344
f 3382/2327/3360 3377/2324/3355 3374/2119/3352
f 3382/2327/3360 3374/2119/3352 3384/2125/3362
f 3375/2118/3353 3374/2119/3352 3377/2324/3355
f 3375/2118/3353 3377/2324/3355 3376/2323/3354
f 3385/2126/3363 3373/2120/3351 3403/2144/3381
f 3385/2126/3363 3403/2144/3381 3402/2143/3380
f 3407/2145/3385 3403/2144/3381 3373/2120/3351
f 3407/2145/3385 3373/2120/3351 3372/2117/3350
f 3390/2131/3368 3363/2110/3341 3360/2106/3338
f 3390/2131/3368 3360/2106/3338 3391/2132/3369
f 3361/2105/3339 3360/2106/3338 3363/2110/3341
f 3361/2105/3339 3363/2110/3341 3362/2107/3340
f 3357/2102/3335 3356/2103/3334 3359/2320/3337
f 3357/2102/3335 3359/2320/3337 3358/2319/3336
f 3392/2330/3370 3359/2320/3337 3356/2103/3334
f 3392/2330/3370 3356/2103/3334 3394/2133/3372
f 3381/2141/3359 3380/2140/3358 3397/2137/3375
f 3381/2141/3359 3397/2137/3375 3400/2142/3378
f 3398/2138/3376 3397/2137/3375 3380/2140/3358
f 3398/2138/3376 3380/2140/3358 3395/2139/3373
f 3405/2127/3383 3404/2116/3382 3370/2321/3348
f 3405/2127/3383 3370/2321/3348 3386/2329/3364
f 3371/2322/3349 3370/2321/3348 3404/2116/3382
f 3371/2322/3349 3404/2116/3382 3406/2115/3384
f 3408/1640/3386 3409/1662/3387 3410/1658/3388
f 3408/1640/3386 3410/1658/3388 3411/1643/3389
f 3412/1644/3390 3413/1645/3391 3414/1646/3392
f 3412/1644/3390 3414/1646/3392 3415/1647/3393
f 3416/1648/3394 3417/1649/3395 3412/1644/3390
f 3416/1648/3394 3412/1644/3390 3415/1647/3393
f 3418/1653/3396 3419/1652/3397 3413/1645/3391
f 3418/1653/3396 3413/1645/3391 3412/1644/3390
f 3420/1655/3398 3418/1653/3396 3412/1644/3390
f 3420/1655/3398 3412/1644/3390 3417/1649/3395
f 3421/1656/3399 3411/1643/3389 3410/1658/3388
f 3421/1656/3399 3410/1658/3388 3422/1661/3400
f 3410/1658/3388 3423/1659/3401 3424/1660/3402
f 3410/1658/3388 3424/1660/3402 3422/1661/3400
f 3410/1658/3388 3409/1662/3387 3425/1663/3403
f 3410/1658/3388 3425/1663/3403 3423/1659/3401
f 3426/1668/3404 3427/1669/3405 3428/1670/3406
f 3426/1668/3404 3428/1670/3406 3429/1671/3407
f 3427/1669/3405 3430/1672/3408 3431/1673/3409
f 3427/1669/3405 3431/1673/3409 3428/1670/3406
f 3430/1672/3408 3424/1660/3402 3423/1659/3401
f 3430/1672/3408 3423/1659/3401 3431/1673/3409
f 3431/1673/3409 3423/1659/3401 3425/1663/3403
f 3431/1673/3409 3425/1663/3403 3432/1674/3410
f 3431/1673/3409 3432/1674/3410 3433/1675/3411
f 3431/1673/3409 3433/1675/3411 3428/1670/3406
f 3428/1670/3406 3433/1675/3411 3434/1676/3412
f 3428/1670/3406 3434/1676/3412 3429/1671/3407
f 3421/1656/3399 3416/1648/3394 3415/1647/3393
f 3421/1656/3399 3415/1647/3393 3411/1643/3389
f 3414/1646/3392 3408/1640/3386 3411/1643/3389
f 3414/1646/3392 3411/1643/3389 3415/1647/3393
f 3429/1671/3407 3434/1676/3412 3435/2150/3413
f 3429/1671/3407 3435/2150/3413 3436/2149/3414
f 3437/2151/3415 3426/1668/3404 3429/1671/3407
f 3437/2151/3415 3429/1671/3407 3436/2149/3414
f 3438/2152/3416 3437/2151/3415 3436/2149/3414
f 3438/2152/3416 3436/2149/3414 3439/2153/3417
f 3435/2150/3413 3440/2154/3418 3439/2153/3417
f 3435/2150/3413 3439/2153/3417 3436/2149/3414
f 3441/1654/3419 3442/1650/3420 3418/1653/3396
f 3441/1654/3419 3418/1653/3396 3420/1655/3398
f 3442/1650/3420 3443/1651/3421 3419/1652/3397
f 3442/1650/3420 3419/1652/3397 3418/1653/3396
f 3444/1640/3422 3445/1662/3423 3446/1658/3424
f 3444/1640/3422 3446/1658/3424 3447/1643/3425
f 3448/1644/3426 3449/1645/3427 3450/1646/3428
f 3448/1644/3426 3450/1646/3428 3451/1647/3429
f 3452/1648/3430 3453/1649/3431 3448/1644/3426
f 3452/1648/3430 3448/1644/3426 3451/1647/3429
f 3454/1650/3432 3455/1651/3433 3456/1652/3434
f 3454/1650/3432 3456/1652/3434 3457/1653/3435
f 3458/1654/3436 3454/1650/3432 3457/1653/3435
f 3458/1654/3436 3457/1653/3435 3459/1655/3437
f 3460/1656/3438 3447/1643/3425 3446/1658/3424
f 3460/1656/3438 3446/1658/3424 3461/1661/3439
f 3446/1658/3424 3462/1659/3440 3463/1660/3441
f 3446/1658/3424 3463/1660/3441 3461/1661/3439
f 3446/1658/3424 3445/1662/3423 3464/1663/3442
f 3446/1658/3424 3464/1663/3442 3462/1659/3440
f 3465/1664/3443 3466/1665/3444 3467/1666/3445
f 3465/1664/3443 3467/1666/3445 3468/1667/3446
f 3469/1668/3447 3470/1669/3448 3471/1670/3449
f 3469/1668/3447 3471/1670/3449 3472/1671/3450
f 3470/1669/3448 3473/1672/3451 3474/1673/3452
f 3470/1669/3448 3474/1673/3452 3471/1670/3449
f 3473/1672/3451 3463/1660/3441 3462/1659/3440
f 3473/1672/3451 3462/1659/3440 3474/1673/3452
f 3474/1673/3452 3462/1659/3440 3464/1663/3442
f 3474/1673/3452 3464/1663/3442 3475/1674/3453
f 3474/1673/3452 3475/1674/3453 3476/1675/3454
f 3474/1673/3452 3476/1675/3454 3471/1670/3449
f 3471/1670/3449 3476/1675/3454 3477/1676/3455
f 3471/1670/3449 3477/1676/3455 3472/1671/3450
f 3467/1666/3445 3478/1677/3456 3479/1678/3457
f 3467/1666/3445 3479/1678/3457 3468/1667/3446
f 3460/1656/3438 3452/1648/3430 3451/1647/3429
f 3460/1656/3438 3451/1647/3429 3447/1643/3425
f 3450/1646/3428 3444/1640/3422 3447/1643/3425
f 3450/1646/3428 3447/1643/3425 3451/1647/3429
f 3472/1671/3450 3477/1676/3455 3478/1677/3456
f 3472/1671/3450 3478/1677/3456 3467/1666/3445
f 3466/1665/3444 3469/1668/3447 3472/1671/3450
f 3466/1665/3444 3472/1671/3450 3467/1666/3445
f 3480/1679/3458 3481/1680/3459 3482/1681/3460
f 3480/1679/3458 3482/1681/3460 3483/1682/3461
f 3484/1683/3462 3485/1684/3463 3483/1682/3461
f 3484/1683/3462 3483/1682/3461 3482/1681/3460
f 3479/1678/3457 3484/1683/3462 3482/1681/3460
f 3479/1678/3457 3482/1681/3460 3468/1667/3446
f 3481/1680/3459 3465/1664/3443 3468/1667/3446
f 3481/1680/3459 3468/1667/3446 3482/1681/3460
f 3457/1653/3435 3456/1652/3434 3449/1645/3427
f 3457/1653/3435 3449/1645/3427 3448/1644/3426
f 3459/1655/3437 3457/1653/3435 3448/1644/3426
f 3459/1655/3437 3448/1644/3426 3453/1649/3431
f 3486/2331/3464 3487/2332/3465 3488/2333/3466
f 3486/2331/3464 3488/2333/3466 3489/2334/3467
f 3490/2335/3468 3491/2336/3469 3492/2337/3470
f 3490/2335/3468 3492/2337/3470 3493/2338/3471
f 3494/2339/3472 3495/2340/3473 3490/2335/3468
f 3494/2339/3472 3490/2335/3468 3493/2338/3471
f 3496/2341/3474 3497/2342/3475 3491/2336/3469
f 3496/2341/3474 3491/2336/3469 3490/2335/3468
f 3498/2343/3476 3496/2341/3474 3490/2335/3468
f 3498/2343/3476 3490/2335/3468 3495/2340/3473
f 3499/2344/3477 3489/2334/3467 3488/2333/3466
f 3499/2344/3477 3488/2333/3466 3500/2345/3478
f 3488/2333/3466 3501/2346/3479 3502/2347/3480
f 3488/2333/3466 3502/2347/3480 3500/2345/3478
f 3488/2333/3466 3487/2332/3465 3503/2348/3481
f 3488/2333/3466 3503/2348/3481 3501/2346/3479
f 3504/2349/3482 3505/2350/3483 3506/2351/3484
f 3504/2349/3482 3506/2351/3484 3507/2352/3485
f 3505/2350/3483 3508/2353/3486 3509/2354/3487
f 3505/2350/3483 3509/2354/3487 3506/2351/3484
f 3508/2353/3486 3510/2355/3488 3511/2356/3489
f 3508/2353/3486 3511/2356/3489 3509/2354/3487
f 3510/2355/3488 3502/2347/3480 3501/2346/3479
f 3510/2355/3488 3501/2346/3479 3511/2356/3489
f 3511/2356/3489 3501/2346/3479 3503/2348/3481
f 3511/2356/3489 3503/2348/3481 3512/2357/3490
f 3511/2356/3489 3512/2357/3490 3513/2358/3491
f 3511/2356/3489 3513/2358/3491 3509/2354/3487
f 3509/2354/3487 3513/2358/3491 3514/2359/3492
f 3509/2354/3487 3514/2359/3492 3506/2351/3484
f 3506/2351/3484 3514/2359/3492 3515/2360/3493
f 3506/2351/3484 3515/2360/3493 3507/2352/3485
f 3499/2344/3477 3494/2339/3472 3493/2338/3471
f 3499/2344/3477 3493/2338/3471 3489/2334/3467
f 3492/2337/3470 3486/2331/3464 3489/2334/3467
f 3492/2337/3470 3489/2334/3467 3493/2338/3471
f 3516/2361/3494 3504/2349/3482 3507/2352/3485
f 3516/2361/3494 3507/2352/3485 3517/2362/3495
f 3515/2360/3493 3518/2363/3496 3517/2362/3495
f 3515/2360/3493 3517/2362/3495 3507/2352/3485
f 3519/1640/3497 3520/1662/3498 3521/1658/3499
f 3519/1640/3497 3521/1658/3499 3522/1643/3500
f 3523/1644/3501 3524/1645/3502 3525/2364/3503
f 3523/1644/3501 3525/2364/3503 3526/2365/3504
f 3527/1653/3505 3528/1652/3506 3524/1645/3502
f 3527/1653/3505 3524/1645/3502 3523/1644/3501
f 3521/1658/3499 3520/1662/3498 3529/1663/3507
f 3521/1658/3499 3529/1663/3507 3530/1659/3508
f 3531/1673/3509 3530/1659/3508 3529/1663/3507
f 3531/1673/3509 3529/1663/3507 3532/1674/3510
f 3531/1673/3509 3532/1674/3510 3533/1675/3511
f 3531/1673/3509 3533/1675/3511 3534/1670/3512
f 3534/1670/3512 3533/1675/3511 3535/1676/3513
f 3534/1670/3512 3535/1676/3513 3536/1671/3514
f 3537/1646/3515 3519/1640/3497 3522/1643/3500
f 3537/1646/3515 3522/1643/3500 3538/1647/3516
f 3536/1671/3514 3535/1676/3513 3539/2150/3517
f 3536/1671/3514 3539/2150/3517 3540/2149/3518
f 3539/2150/3517 3541/2154/3519 3542/2153/3520
f 3539/2150/3517 3542/2153/3520 3540/2149/3518
f 3543/2366/3521 3544/2367/3522 3528/1652/3506
f 3543/2366/3521 3528/1652/3506 3527/1653/3505
f 3526/2365/3504 3525/2364/3503 3537/1646/3515
f 3526/2365/3504 3537/1646/3515 3538/1647/3516
f 3545/1650/3523 3546/1651/3524 3544/2367/3522
f 3545/1650/3523 3544/2367/3522 3543/2366/3521
f 3547/1640/3525 3548/1662/3526 3549/1658/3527
f 3547/1640/3525 3549/1658/3527 3550/1643/3528
f 3551/1644/3529 3552/1645/3530 3553/1646/3531
f 3551/1644/3529 3553/1646/3531 3554/1647/3532
f 3555/1648/3533 3556/1649/3534 3551/1644/3529
f 3555/1648/3533 3551/1644/3529 3554/1647/3532
f 3557/1650/3535 3558/1651/3536 3559/1652/3537
f 3557/1650/3535 3559/1652/3537 3560/1653/3538
f 3561/1654/3539 3557/1650/3535 3560/1653/3538
f 3561/1654/3539 3560/1653/3538 3562/1655/3540
f 3563/1656/3541 3550/1643/3528 3549/1658/3527
f 3563/1656/3541 3549/1658/3527 3564/1661/3542
f 3549/1658/3527 3565/1659/3543 3566/1660/3544
f 3549/1658/3527 3566/1660/3544 3564/1661/3542
f 3549/1658/3527 3548/1662/3526 3567/1663/3545
f 3549/1658/3527 3567/1663/3545 3565/1659/3543
f 3568/1668/3546 3569/1669/3547 3570/1670/3548
f 3568/1668/3546 3570/1670/3548 3571/1671/3549
f 3569/1669/3547 3572/1672/3550 3573/1673/3551
f 3569/1669/3547 3573/1673/3551 3570/1670/3548
f 3572/1672/3550 3566/1660/3544 3565/1659/3543
f 3572/1672/3550 3565/1659/3543 3573/1673/3551
f 3573/1673/3551 3565/1659/3543 3567/1663/3545
f 3573/1673/3551 3567/1663/3545 3574/1674/3552
f 3573/1673/3551 3574/1674/3552 3575/1675/3553
f 3573/1673/3551 3575/1675/3553 3570/1670/3548
f 3570/1670/3548 3575/1675/3553 3576/1676/3554
f 3570/1670/3548 3576/1676/3554 3571/1671/3549
f 3563/1656/3541 3555/1648/3533 3554/1647/3532
f 3563/1656/3541 3554/1647/3532 3550/1643/3528
f 3553/1646/3531 3547/1640/3525 3550/1643/3528
f 3553/1646/3531 3550/1643/3528 3554/1647/3532
f 3571/1671/3549 3576/1676/3554 3577/2150/3555
f 3571/1671/3549 3577/2150/3555 3578/2149/3556
f 3579/2151/3557 3568/1668/3546 3571/1671/3549
f 3579/2151/3557 3571/1671/3549 3578/2149/3556
f 3580/2152/3558 3581/2368/3559 3582/2369/3560
f 3580/2152/3558 3582/2369/3560 3583/2153/3561
f 3584/2370/3562 3585/2154/3563 3583/2153/3561
f 3584/2370/3562 3583/2153/3561 3582/2369/3560
f 3581/2368/3559 3579/2151/3557 3578/2149/3556
f 3581/2368/3559 3578/2149/3556 3582/2369/3560
f 3577/2150/3555 3584/2370/3562 3582/2369/3560
f 3577/2150/3555 3582/2369/3560 3578/2149/3556
f 3560/1653/3538 3559/1652/3537 3552/1645/3530
f 3560/1653/3538 3552/1645/3530 3551/1644/3529
f 3562/1655/3540 3560/1653/3538 3551/1644/3529
f 3562/1655/3540 3551/1644/3529 3556/1649/3534
f 3586/1640/3564 3587/1643/3565 3588/1658/3566
f 3586/1640/3564 3588/1658/3566 3589/1662/3567
f 3590/1644/3568 3591/1647/3569 3592/1646/3570
f 3590/1644/3568 3592/1646/3570 3593/1645/3571
f 3594/1648/3572 3591/1647/3569 3590/1644/3568
f 3594/1648/3572 3590/1644/3568 3595/1649/3573
f 3596/1650/3574 3597/1653/3575 3598/1652/3576
f 3596/1650/3574 3598/1652/3576 3599/1651/3577
f 3600/1654/3578 3601/1655/3579 3597/1653/3575
f 3600/1654/3578 3597/1653/3575 3596/1650/3574
f 3602/1656/3580 3603/1661/3581 3588/1658/3566
f 3602/1656/3580 3588/1658/3566 3587/1643/3565
f 3588/1658/3566 3603/1661/3581 3604/1660/3582
f 3588/1658/3566 3604/1660/3582 3605/1659/3583
f 3588/1658/3566 3605/1659/3583 3606/1663/3584
f 3588/1658/3566 3606/1663/3584 3589/1662/3567
f 3607/1668/3585 3608/1671/3586 3609/1670/3587
f 3607/1668/3585 3609/1670/3587 3610/1669/3588
f 3610/1669/3588 3609/1670/3587 3611/1673/3589
f 3610/1669/3588 3611/1673/3589 3612/1672/3590
f 3612/1672/3590 3611/1673/3589 3605/1659/3583
f 3612/1672/3590 3605/1659/3583 3604/1660/3582
f 3611/1673/3589 3613/1674/3591 3606/1663/3584
f 3611/1673/3589 3606/1663/3584 3605/1659/3583
f 3611/1673/3589 3609/1670/3587 3614/1675/3592
f 3611/1673/3589 3614/1675/3592 3613/1674/3591
f 3609/1670/3587 3608/1671/3586 3615/1676/3593
f 3609/1670/3587 3615/1676/3593 3614/1675/3592
f 3602/1656/3580 3587/1643/3565 3591/1647/3569
f 3602/1656/3580 3591/1647/3569 3594/1648/3572
f 3592/1646/3570 3591/1647/3569 3587/1643/3565
f 3592/1646/3570 3587/1643/3565 3586/1640/3564
f 3608/1671/3586 3616/2149/3594 3617/2150/3595
f 3608/1671/3586 3617/2150/3595 3615/1676/3593
f 3618/2151/3596 3616/2149/3594 3608/1671/3586
f 3618/2151/3596 3608/1671/3586 3607/1668/3585
f 3619/2152/3597 3620/2153/3598 3616/2149/3594
f 3619/2152/3597 3616/2149/3594 3618/2151/3596
f 3617/2150/3595 3616/2149/3594 3620/2153/3598
f 3617/2150/3595 3620/2153/3598 3621/2154/3599
f 3601/1655/3579 3595/1649/3573 3590/1644/3568
f 3601/1655/3579 3590/1644/3568 3597/1653/3575
f 3598/1652/3576 3597/1653/3575 3590/1644/3568
f 3598/1652/3576 3590/1644/3568 3593/1645/3571
f 3622/2371/3600 3623/2372/3601 3624/2373/3602
f 3622/2371/3600 3624/2373/3602 3625/2374/3603
f 3626/2375/3604 3627/2376/3605 3628/2377/3606
f 3626/2375/3604 3628/2377/3606 3629/2378/3607
f 3630/2379/3608 3627/2376/3605 3626/2375/3604
f 3630/2379/3608 3626/2375/3604 3631/2380/3609
f 3632/2381/3610 3626/2375/3604 3629/2378/3607
f 3632/2381/3610 3629/2378/3607 3633/2382/3611
f 3634/2383/3612 3631/2380/3609 3626/2375/3604
f 3634/2383/3612 3626/2375/3604 3632/2381/3610
f 3635/2384/3613 3636/2385/3614 3624/2373/3602
f 3635/2384/3613 3624/2373/3602 3623/2372/3601
f 3624/2373/3602 3636/2385/3614 3637/2386/3615
f 3624/2373/3602 3637/2386/3615 3638/2387/3616
f 3624/2373/3602 3638/2387/3616 3639/2388/3617
f 3624/2373/3602 3639/2388/3617 3625/2374/3603
f 3640/2389/3618 3641/2390/3619 3642/2391/3620
f 3640/2389/3618 3642/2391/3620 3643/2392/3621
f 3643/2392/3621 3642/2391/3620 3644/2393/3622
f 3643/2392/3621 3644/2393/3622 3645/2394/3623
f 3645/2394/3623 3644/2393/3622 3646/2395/3624
f 3645/2394/3623 3646/2395/3624 3647/2396/3625
f 3647/2396/3625 3646/2395/3624 3638/2387/3616
f 3647/2396/3625 3638/2387/3616 3637/2386/3615
f 3646/2395/3624 3648/2397/3626 3639/2388/3617
f 3646/2395/3624 3639/2388/3617 3638/2387/3616
f 3646/2395/3624 3644/2393/3622 3649/2398/3627
f 3646/2395/3624 3649/2398/3627 3648/2397/3626
f 3644/2393/3622 3642/2391/3620 3650/2399/3628
f 3644/2393/3622 3650/2399/3628 3649/2398/3627
f 3642/2391/3620 3641/2390/3619 3651/2400/3629
f 3642/2391/3620 3651/2400/3629 3650/2399/3628
f 3635/2384/3613 3623/2372/3601 3652/2401/3630
f 3635/2384/3613 3652/2401/3630 3653/2402/3631
f 3654/2403/3632 3652/2401/3630 3623/2372/3601
f 3654/2403/3632 3623/2372/3601 3622/2371/3600
f 3655/2404/3633 3656/2405/3634 3641/2390/3619
f 3655/2404/3633 3641/2390/3619 3640/2389/3618
f 3651/2400/3629 3641/2390/3619 3656/2405/3634
f 3651/2400/3629 3656/2405/3634 3657/2406/3635
f 3653/2402/3631 3652/2401/3630 3627/2376/3605
f 3653/2402/3631 3627/2376/3605 3630/2379/3608
f 3628/2377/3606 3627/2376/3605 3652/2401/3630
f 3628/2377/3606 3652/2401/3630 3654/2403/3632
f 3658/1640/3636 3659/1662/3637 3660/1658/3638
f 3658/1640/3636 3660/1658/3638 3661/1643/3639
f 3662/1644/3640 3663/1645/3641 3664/1646/3642
f 3662/1644/3640 3664/1646/3642 3665/1647/3643
f 3666/1648/3644 3667/1649/3645 3662/1644/3640
f 3666/1648/3644 3662/1644/3640 3665/1647/3643
f 3668/1653/3646 3669/1652/3647 3663/1645/3641
f 3668/1653/3646 3663/1645/3641 3662/1644/3640
f 3670/1655/3648 3668/1653/3646 3662/1644/3640
f 3670/1655/3648 3662/1644/3640 3667/1649/3645
f 3671/1656/3649 3661/1643/3639 3660/1658/3638
f 3671/1656/3649 3660/1658/3638 3672/1661/3650
f 3660/1658/3638 3673/1659/3651 3674/1660/3652
f 3660/1658/3638 3674/1660/3652 3672/1661/3650
f 3660/1658/3638 3659/1662/3637 3675/1663/3653
f 3660/1658/3638 3675/1663/3653 3673/1659/3651
f 3676/1668/3654 3677/1669/3655 3678/1670/3656
f 3676/1668/3654 3678/1670/3656 3679/1671/3657
f 3677/1669/3655 3680/2407/3658 3681/2408/3659
f 3677/1669/3655 3681/2408/3659 3678/1670/3656
f 3682/1672/3660 3674/1660/3652 3673/1659/3651
f 3682/1672/3660 3673/1659/3651 3683/1673/3661
f 3683/1673/3661 3673/1659/3651 3675/1663/3653
f 3683/1673/3661 3675/1663/3653 3684/1674/3662
f 3681/2408/3659 3685/2409/3663 3686/1675/3664
f 3681/2408/3659 3686/1675/3664 3678/1670/3656
f 3678/1670/3656 3686/1675/3664 3687/1676/3665
f 3678/1670/3656 3687/1676/3665 3679/1671/3657
f 3671/1656/3649 3666/1648/3644 3665/1647/3643
f 3671/1656/3649 3665/1647/3643 3661/1643/3639
f 3664/1646/3642 3658/1640/3636 3661/1643/3639
f 3664/1646/3642 3661/1643/3639 3665/1647/3643
f 3679/1671/3657 3687/1676/3665 3688/2150/3666
f 3679/1671/3657 3688/2150/3666 3689/2149/3667
f 3690/2151/3668 3676/1668/3654 3679/1671/3657
f 3690/2151/3668 3679/1671/3657 3689/2149/3667
f 3691/2152/3669 3692/2368/3670 3693/2369/3671
f 3691/2152/3669 3693/2369/3671 3694/2153/3672
f 3695/2370/3673 3696/2154/3674 3694/2153/3672
f 3695/2370/3673 3694/2153/3672 3693/2369/3671
f 3697/1654/3675 3698/1650/3676 3668/1653/3646
f 3697/1654/3675 3668/1653/3646 3670/1655/3648
f 3698/1650/3676 3699/1651/3677 3669/1652/3647
f 3698/1650/3676 3669/1652/3647 3668/1653/3646
f 3692/2368/3670 3690/2151/3668 3689/2149/3667
f 3692/2368/3670 3689/2149/3667 3693/2369/3671
f 3688/2150/3666 3695/2370/3673 3693/2369/3671
f 3688/2150/3666 3693/2369/3671 3689/2149/3667
f 3680/2407/3658 3682/1672/3660 3683/1673/3661
f 3680/2407/3658 3683/1673/3661 3681/2408/3659
f 3683/1673/3661 3684/1674/3662 3685/2409/3663
f 3683/1673/3661 3685/2409/3663 3681/2408/3659
f 3700/1640/3678 3701/1662/3679 3702/1658/3680
f 3700/1640/3678 3702/1658/3680 3703/1643/3681
f 3704/1644/3682 3705/1645/3683 3706/1646/3684
f 3704/1644/3682 3706/1646/3684 3707/1647/3685
f 3708/1648/3686 3709/1649/3687 3704/1644/3682
f 3708/1648/3686 3704/1644/3682 3707/1647/3685
f 3710/1653/3688 3711/1652/3689 3705/1645/3683
f 3710/1653/3688 3705/1645/3683 3704/1644/3682
f 3712/1655/3690 3710/1653/3688 3704/1644/3682
f 3712/1655/3690 3704/1644/3682 3709/1649/3687
f 3713/1656/3691 3703/1643/3681 3702/1658/3680
f 3713/1656/3691 3702/1658/3680 3714/1661/3692
f 3702/1658/3680 3715/1659/3693 3716/1660/3694
f 3702/1658/3680 3716/1660/3694 3714/1661/3692
f 3702/1658/3680 3701/1662/3679 3717/1663/3695
f 3702/1658/3680 3717/1663/3695 3715/1659/3693
f 3718/1668/3696 3719/1669/3697 3720/1670/3698
f 3718/1668/3696 3720/1670/3698 3721/1671/3699
f 3719/1669/3697 3722/2407/3700 3723/2408/3701
f 3719/1669/3697 3723/2408/3701 3720/1670/3698
f 3724/1672/3702 3716/1660/3694 3715/1659/3693
f 3724/1672/3702 3715/1659/3693 3725/1673/3703
f 3725/1673/3703 3715/1659/3693 3717/1663/3695
f 3725/1673/3703 3717/1663/3695 3726/1674/3704
f 3723/2408/3701 3727/2409/3705 3728/1675/3706
f 3723/2408/3701 3728/1675/3706 3720/1670/3698
f 3720/1670/3698 3728/1675/3706 3729/1676/3707
f 3720/1670/3698 3729/1676/3707 3721/1671/3699
f 3713/1656/3691 3708/1648/3686 3707/1647/3685
f 3713/1656/3691 3707/1647/3685 3703/1643/3681
f 3706/1646/3684 3700/1640/3678 3703/1643/3681
f 3706/1646/3684 3703/1643/3681 3707/1647/3685
f 3721/1671/3699 3729/1676/3707 3730/2150/3708
f 3721/1671/3699 3730/2150/3708 3731/2149/3709
f 3732/2151/3710 3718/1668/3696 3721/1671/3699
f 3732/2151/3710 3721/1671/3699 3731/2149/3709
f 3733/2152/3711 3734/2368/3712 3735/2369/3713
f 3733/2152/3711 3735/2369/3713 3736/2153/3714
f 3737/2370/3715 3738/2154/3716 3736/2153/3714
f 3737/2370/3715 3736/2153/3714 3735/2369/3713
f 3739/1654/3717 3740/1650/3718 3710/1653/3688
f 3739/1654/3717 3710/1653/3688 3712/1655/3690
f 3740/1650/3718 3741/1651/3719 3711/1652/3689
f 3740/1650/3718 3711/1652/3689 3710/1653/3688
f 3734/2368/3712 3732/2151/3710 3731/2149/3709
f 3734/2368/3712 3731/2149/3709 3735/2369/3713
f 3730/2150/3708 3737/2370/3715 3735/2369/3713
f 3730/2150/3708 3735/2369/3713 3731/2149/3709
f 3722/2407/3700 3724/1672/3702 3725/1673/3703
f 3722/2407/3700 3725/1673/3703 3723/2408/3701
f 3725/1673/3703 3726/1674/3704 3727/2409/3705
f 3725/1673/3703 3727/2409/3705 3723/2408/3701
f 3742/1640/3720 3743/1662/3721 3744/1658/3722
f 3742/1640/3720 3744/1658/3722 3745/1643/3723
f 3746/1644/3724 3747/1645/3725 3748/1646/3726
f 3746/1644/3724 3748/1646/3726 3749/1647/3727
f 3750/1648/3728 3751/1649/3729 3746/1644/3724
f 3750/1648/3728 3746/1644/3724 3749/1647/3727
f 3752/1650/3730 3753/1651/3731 3747/1645/3725
f 3752/1650/3730 3747/1645/3725 3746/1644/3724
f 3754/1654/3732 3752/1650/3730 3746/1644/3724
f 3754/1654/3732 3746/1644/3724 3751/1649/3729
f 3755/1656/3733 3745/1643/3723 3744/1658/3722
f 3755/1656/3733 3744/1658/3722 3756/1661/3734
f 3744/1658/3722 3757/1659/3735 3758/1660/3736
f 3744/1658/3722 3758/1660/3736 3756/1661/3734
f 3744/1658/3722 3743/1662/3721 3759/1663/3737
f 3744/1658/3722 3759/1663/3737 3757/1659/3735
f 3760/1668/3738 3761/1669/3739 3762/1670/3740
f 3760/1668/3738 3762/1670/3740 3763/1671/3741
f 3761/1669/3739 3764/1672/3742 3765/1673/3743
f 3761/1669/3739 3765/1673/3743 3762/1670/3740
f 3764/1672/3742 3758/1660/3736 3757/1659/3735
f 3764/1672/3742 3757/1659/3735 3765/1673/3743
f 3765/1673/3743 3757/1659/3735 3759/1663/3737
f 3765/1673/3743 3759/1663/3737 3766/1674/3744
f 3765/1673/3743 3766/1674/3744 3767/1675/3745
f 3765/1673/3743 3767/1675/3745 3762/1670/3740
f 3762/1670/3740 3767/1675/3745 3768/1676/3746
f 3762/1670/3740 3768/1676/3746 3763/1671/3741
f 3755/1656/3733 3750/1648/3728 3749/1647/3727
f 3755/1656/3733 3749/1647/3727 3745/1643/3723
f 3748/1646/3726 3742/1640/3720 3745/1643/3723
f 3748/1646/3726 3745/1643/3723 3749/1647/3727
f 3763/1671/3741 3768/1676/3746 3769/2150/3747
f 3763/1671/3741 3769/2150/3747 3770/2149/3748
f 3771/2151/3749 3760/1668/3738 3763/1671/3741
f 3771/2151/3749 3763/1671/3741 3770/2149/3748
f 3772/2152/3750 3771/2151/3749 3770/2149/3748
f 3772/2152/3750 3770/2149/3748 3773/2153/3751
f 3769/2150/3747 3774/2154/3752 3773/2153/3751
f 3769/2150/3747 3773/2153/3751 3770/2149/3748
f 3775/1640/3753 3776/1662/3754 3777/1658/3755
f 3775/1640/3753 3777/1658/3755 3778/1643/3756
f 3779/1644/3757 3780/1645/3758 3781/1646/3759
f 3779/1644/3757 3781/1646/3759 3782/1647/3760
f 3783/1648/3761 3784/1649/3762 3779/1644/3757
f 3783/1648/3761 3779/1644/3757 3782/1647/3760
f 3785/1650/3763 3786/1651/3764 3780/1645/3758
f 3785/1650/3763 3780/1645/3758 3779/1644/3757
f 3787/1654/3765 3785/1650/3763 3779/1644/3757
f 3787/1654/3765 3779/1644/3757 3784/1649/3762
f 3788/1656/3766 3778/1643/3756 3777/1658/3755
f 3788/1656/3766 3777/1658/3755 3789/1661/3767
f 3777/1658/3755 3790/1659/3768 3791/1660/3769
f 3777/1658/3755 3791/1660/3769 3789/1661/3767
f 3777/1658/3755 3776/1662/3754 3792/1663/3770
f 3777/1658/3755 3792/1663/3770 3790/1659/3768
f 3793/1668/3771 3794/1669/3772 3795/1670/3773
f 3793/1668/3771 3795/1670/3773 3796/1671/3774
f 3794/1669/3772 3797/1672/3775 3798/1673/3776
f 3794/1669/3772 3798/1673/3776 3795/1670/3773
f 3797/1672/3775 3791/1660/3769 3790/1659/3768
f 3797/1672/3775 3790/1659/3768 3798/1673/3776
f 3798/1673/3776 3790/1659/3768 3792/1663/3770
f 3798/1673/3776 3792/1663/3770 3799/1674/3777
f 3798/1673/3776 3799/1674/3777 3800/1675/3778
f 3798/1673/3776 3800/1675/3778 3795/1670/3773
f 3795/1670/3773 3800/1675/3778 3801/1676/3779
f 3795/1670/3773 3801/1676/3779 3796/1671/3774
f 3788/1656/3766 3783/1648/3761 3782/1647/3760
f 3788/1656/3766 3782/1647/3760 3778/1643/3756
f 3781/1646/3759 3775/1640/3753 3778/1643/3756
f 3781/1646/3759 3778/1643/3756 3782/1647/3760
f 3796/1671/3774 3801/1676/3779 3802/2150/3780
f 3796/1671/3774 3802/2150/3780 3803/2149/3781
f 3804/2151/3782 3793/1668/3771 3796/1671/3774
f 3804/2151/3782 3796/1671/3774 3803/2149/3781
f 3805/2152/3783 3804/2151/3782 3803/2149/3781
f 3805/2152/3783 3803/2149/3781 3806/2153/3784
f 3802/2150/3780 3807/2154/3785 3806/2153/3784
f 3802/2150/3780 3806/2153/3784 3803/2149/3781
f 3808/2410/3786 3809/2411/3787 3810/2412/3788
f 3808/2410/3786 3810/2412/3788 3811/2413/3789
f 3812/1770/3790 3813/1771/3791 3814/2414/3792
f 3812/1770/3790 3814/2414/3792 3815/2415/3793
f 3816/2416/3794 3817/1774/3795 3812/1770/3790
f 3816/2416/3794 3812/1770/3790 3815/2415/3793
f 3818/1769/3796 3819/1772/3797 3813/1771/3791
f 3818/1769/3796 3813/1771/3791 3812/1770/3790
f 3820/1773/3798 3818/1769/3796 3812/1770/3790
f 3820/1773/3798 3812/1770/3790 3817/1774/3795
f 3821/2417/3799 3811/2413/3789 3810/2412/3788
f 3821/2417/3799 3810/2412/3788 3822/2418/3800
f 3810/2412/3788 3823/2419/3801 3824/2420/3802
f 3810/2412/3788 3824/2420/3802 3822/2418/3800
f 3810/2412/3788 3809/2411/3787 3825/2421/3803
f 3810/2412/3788 3825/2421/3803 3823/2419/3801
f 3826/1795/3804 3827/1780/3805 3828/1781/3806
f 3826/1795/3804 3828/1781/3806 3829/1796/3807
f 3830/1784/3808 3831/2422/3809 3832/2423/3810
f 3830/1784/3808 3832/2423/3810 3833/1785/3811
f 3831/2422/3809 3834/2424/3812 3835/2425/3813
f 3831/2422/3809 3835/2425/3813 3832/2423/3810
f 3834/2424/3812 3824/2420/3802 3823/2419/3801
f 3834/2424/3812 3823/2419/3801 3835/2425/3813
f 3835/2425/3813 3823/2419/3801 3825/2421/3803
f 3835/2425/3813 3825/2421/3803 3836/2426/3814
f 3835/2425/3813 3836/2426/3814 3837/2427/3815
f 3835/2425/3813 3837/2427/3815 3832/2423/3810
f 3832/2423/3810 3837/2427/3815 3838/1792/3816
f 3832/2423/3810 3838/1792/3816 3833/1785/3811
f 3828/1781/3806 3839/1793/3817 3840/1797/3818
f 3828/1781/3806 3840/1797/3818 3829/1796/3807
f 3821/2417/3799 3816/2416/3794 3815/2415/3793
f 3821/2417/3799 3815/2415/3793 3811/2413/3789
f 3814/2414/3792 3808/2410/3786 3811/2413/3789
f 3814/2414/3792 3811/2413/3789 3815/2415/3793
f 3833/1785/3811 3838/1792/3816 3841/1794/3819
f 3833/1785/3811 3841/1794/3819 3842/1782/3820
f 3843/1783/3821 3830/1784/3808 3833/1785/3811
f 3843/1783/3821 3833/1785/3811 3842/1782/3820
f 3827/1780/3805 3843/1783/3821 3842/1782/3820
f 3827/1780/3805 3842/1782/3820 3828/1781/3806
f 3842/1782/3820 3841/1794/3819 3839/1793/3817
f 3842/1782/3820 3839/1793/3817 3828/1781/3806
usemtl Bodymat
f 3847/2428/3822 3844/2429/3823 3845/2430/3824
f 3844/2429/3823 3846/2431/3825 3845/2430/3824
f 3846/2431/3825 3844/2429/3823 3848/2432/3826
f 3849/2433/3827 3844/2429/3823 3847/2428/3822
f 3849/2433/3827 3848/2432/3826 3844/2429/3823
f 3851/2434/3828 3849/2433/3827 3847/2428/3822
f 3850/2435/3829 3849/2433/3827 3852/2436/3830
f 3850/2435/3829 3848/2432/3826 3849/2433/3827
f 3851/2434/3828 3852/2436/3830 3849/2433/3827
f 3852/2436/3830 3853/2437/3831 3850/2435/3829
f 3852/2436/3830 3854/2438/3832 3853/2437/3831
f 3855/2439/3833 3854/2438/3832 3852/2436/3830
f 3851/2434/3828 3855/2439/3833 3852/2436/3830
f 3857/2440/3834 3855/2439/3833 3851/2434/3828
f 3855/2439/3833 3856/2441/3835 3854/2438/3832
f 3859/2442/3836 3856/2441/3835 3855/2439/3833
f 3857/2440/3834 3858/2443/3837 3855/2439/3833
f 3859/2442/3836 3855/2439/3833 3858/2443/3837
f 3860/2444/3838 3856/2441/3835 3859/2442/3836
f 3863/2445/3839 3859/2442/3836 3858/2443/3837
f 3860/2444/3838 3859/2442/3836 3861/2446/3840
f 3861/2446/3840 3859/2442/3836 3862/2447/3841
f 3863/2445/3839 3862/2447/3841 3859/2442/3836
f 3867/2448/3842 3864/2449/3843 3863/2445/3839
f 3864/2449/3843 3865/2450/3844 3863/2445/3839
f 3866/2451/3845 3863/2445/3839 3865/2450/3844
f 3866/2451/3845 3862/2447/3841 3863/2445/3839
f 3867/2448/3842 3863/2445/3839 3858/2443/3837
f 3868/2452/3846 3864/2449/3843 3867/2448/3842
f 3868/2452/3846 3867/2448/3842 3869/2453/3847
f 3869/2453/3847 3867/2448/3842 3870/2454/3848
f 3867/2448/3842 3858/2443/3837 3857/2440/3834
f 3867/2448/3842 3857/2440/3834 3870/2454/3848
f 3872/2455/3849 3870/2454/3848 3871/2456/3850
f 3873/2457/3851 3871/2456/3850 3870/2454/3848
f 3873/2457/3851 3870/2454/3848 3857/2440/3834
f 3869/2453/3847 3870/2454/3848 3872/2455/3849
f 3873/2457/3851 3874/2458/3852 3871/2456/3850
f 3873/2457/3851 3875/2459/3853 3874/2458/3852
f 3876/2460/3854 3875/2459/3853 3873/2457/3851
f 3876/2460/3854 3873/2457/3851 3857/2440/3834
f 3851/2434/3828 3847/2428/3822 3876/2460/3854
f 3876/2460/3854 3847/2428/3822 3878/2461/3855
f 3876/2460/3854 3878/2461/3855 3877/2462/3856
f 3876/2460/3854 3877/2462/3856 3875/2459/3853
f 3876/2460/3854 3857/2440/3834 3851/2434/3828
f 3847/2428/3822 3845/2430/3824 3878/2461/3855
f 3871/2456/3850 3874/2458/3852 3879/2463/3857
f 3871/2456/3850 3879/2463/3857 3880/2464/3858
f 3880/2464/3858 3879/2463/3857 3881/2465/3859
f 3880/2464/3858 3881/2465/3859 3882/2466/3860
f 3883/2467/3861 3882/2466/3860 3881/2465/3859
f 3884/2468/3862 3885/2469/3863 3883/2467/3861
f 3883/2467/3861 3885/2469/3863 3882/2466/3860
f 3886/2470/3864 3887/2471/3865 3885/2469/3863
f 3884/2468/3862 3886/2470/3864 3885/2469/3863
f 3887/2471/3865 3882/2466/3860 3885/2469/3863
f 3888/2472/3866 3887/2471/3865 3889/2473/3867
f 3888/2472/3866 3891/2474/3868 3887/2471/3865
f 3886/2470/3864 3889/2473/3867 3887/2471/3865
f 3891/2474/3868 3890/2475/3869 3887/2471/3865
f 3887/2471/3865 3890/2475/3869 3882/2466/3860
f 3892/2476/3870 3891/2474/3868 3888/2472/3866
f 3892/2476/3870 3893/2477/3871 3891/2474/3868
f 3891/2474/3868 3868/2452/3846 3869/2453/3847
f 3891/2474/3868 3893/2477/3871 3868/2452/3846
f 3891/2474/3868 3869/2453/3847 3890/2475/3869
f 3894/2478/3872 3868/2452/3846 3893/2477/3871
f 3894/2478/3872 3893/2477/3871 3892/2476/3870
f 3898/2479/3873 3895/2480/3874 3894/2478/3872
f 3894/2478/3872 3895/2480/3874 3868/2452/3846
f 3894/2478/3872 3896/2481/3875 3898/2479/3873
f 3894/2478/3872 3897/2482/3876 3896/2481/3875
f 3894/2478/3872 3892/2476/3870 3897/2482/3876
f 3898/2479/3873 3899/2483/3877 3895/2480/3874
f 3896/2481/3875 3900/2484/3878 3898/2479/3873
f 3900/2484/3878 3899/2483/3877 3898/2479/3873
f 3900/2484/3878 3902/2485/3879 3901/2486/3880
f 3900/2484/3878 3901/2486/3880 3899/2483/3877
f 3900/2484/3878 3903/2487/3881 3902/2485/3879
f 3903/2487/3881 3900/2484/3878 3904/2488/3882
f 3896/2481/3875 3904/2488/3882 3900/2484/3878
f 3903/2487/3881 3904/2488/3882 3905/2489/3883
f 3905/2489/3883 3904/2488/3882 3907/2490/3884
f 3906/2491/3885 3904/2488/3882 3896/2481/3875
f 3906/2491/3885 3907/2490/3884 3904/2488/3882
f 3905/2489/3883 3907/2490/3884 3908/2492/3886
f 3909/2493/3887 3908/2492/3886 3907/2490/3884
f 3910/2494/3888 3907/2490/3884 3906/2491/3885
f 3910/2494/3888 3909/2493/3887 3907/2490/3884
f 3911/2495/3889 3912/2496/3890 3910/2494/3888
f 3911/2495/3889 3910/2494/3888 3906/2491/3885
f 3910/2494/3888 3913/2497/3891 3909/2493/3887
f 3910/2494/3888 3912/2496/3890 3913/2497/3891
f 3915/2498/3892 3914/2499/3893 3913/2497/3891
f 3914/2499/3893 3916/2500/3894 3913/2497/3891
f 3915/2498/3892 3913/2497/3891 3912/2496/3890
f 3916/2500/3894 3917/2501/3895 3913/2497/3891
f 3913/2497/3891 3918/2502/3896 3909/2493/3887
f 3913/2497/3891 3917/2501/3895 3918/2502/3896
f 3909/2493/3887 3918/2502/3896 3908/2492/3886
f 3918/2502/3896 3919/2503/3897 3908/2492/3886
f 3918/2502/3896 3920/2504/3898 3919/2503/3897
f 3917/2501/3895 3920/2504/3898 3918/2502/3896
f 3920/2504/3898 3921/2505/3899 3919/2503/3897
f 3920/2504/3898 3922/2506/3900 3921/2505/3899
f 3923/2507/3901 3922/2506/3900 3920/2504/3898
f 3917/2501/3895 3923/2507/3901 3920/2504/3898
f 3924/2508/3902 3925/2509/3903 3923/2507/3901
f 3926/2510/3904 3924/2508/3902 3923/2507/3901
f 3923/2507/3901 3925/2509/3903 3922/2506/3900
f 3926/2510/3904 3923/2507/3901 3917/2501/3895
f 3927/2511/3905 3926/2510/3904 3916/2500/3894
f 3916/2500/3894 3926/2510/3904 3917/2501/3895
f 3928/2512/3906 3924/2508/3902 3926/2510/3904
f 3928/2512/3906 3926/2510/3904 3927/2511/3905
f 3928/2512/3906 3930/2513/3907 3924/2508/3902
f 3932/2514/3908 3929/2515/3909 3928/2512/3906
f 3928/2512/3906 3929/2515/3909 3931/2516/3910
f 3928/2512/3906 3933/2517/3911 3930/2513/3907
f 3928/2512/3906 3931/2516/3910 3933/2517/3911
f 3932/2514/3908 3928/2512/3906 3927/2511/3905
f 3936/2518/3912 3932/2514/3908 3934/2519/3913
f 3934/2519/3913 3932/2514/3908 3935/2520/3914
f 3935/2520/3914 3932/2514/3908 3927/2511/3905
f 3936/2518/3912 3929/2515/3909 3932/2514/3908
f 3929/2515/3909 3936/2518/3912 3937/2521/3915
f 3937/2521/3915 3936/2518/3912 3938/2522/3916
f 3938/2522/3916 3936/2518/3912 3934/2519/3913
f 3938/2522/3916 3934/2519/3913 3939/2523/3917
f 3939/2523/3917 3941/2524/3918 3938/2522/3916
f 3937/2521/3915 3938/2522/3916 3940/2525/3919
f 3941/2524/3918 3940/2525/3919 3938/2522/3916
f 3942/2526/3920 3941/2524/3918 3943/2527/3921
f 3942/2526/3920 3944/2528/3922 3941/2524/3918
f 3939/2523/3917 3943/2527/3921 3941/2524/3918
f 3944/2528/3922 3945/2529/3923 3941/2524/3918
f 3941/2524/3918 3945/2529/3923 3940/2525/3919
f 3944/2528/3922 3946/2530/3924 3945/2529/3923
f 3947/2531/3925 3946/2530/3924 3944/2528/3922
f 3947/2531/3925 3948/2532/3926 3946/2530/3924
f 3950/2533/3927 3949/2534/3928 3948/2532/3926
f 3950/2533/3927 3948/2532/3926 3947/2531/3925
f 3952/2535/3929 3950/2533/3927 3951/2536/3930
f 3951/2536/3930 3950/2533/3927 3947/2531/3925
f 3952/2535/3929 3953/2537/3931 3950/2533/3927
f 3949/2534/3928 3950/2533/3927 3953/2537/3931
f 3949/2534/3928 3953/2537/3931 3954/2538/3932
f 3951/2536/3930 3955/2539/3933 3952/2535/3929
f 3958/2540/3934 3956/2541/3935 3955/2539/3933
f 3951/2536/3930 3957/2542/3936 3955/2539/3933
f 3958/2540/3934 3955/2539/3933 3957/2542/3936
f 3959/2543/3937 3956/2541/3935 3958/2540/3934
f 3963/2544/3938 3958/2540/3934 3957/2542/3936
f 3959/2543/3937 3958/2540/3934 3960/2545/3939
f 3958/2540/3934 3961/2546/3940 3960/2545/3939
f 3958/2540/3934 3962/2547/3941 3961/2546/3940
f 3963/2544/3938 3962/2547/3941 3958/2540/3934
f 3963/2544/3938 3942/2526/3920 3965/2548/3942
f 3963/2544/3938 3964/2549/3943 3942/2526/3920
f 3951/2536/3930 3963/2544/3938 3957/2542/3936
f 3962/2547/3941 3963/2544/3938 3965/2548/3942
f 3951/2536/3930 3964/2549/3943 3963/2544/3938
f 3962/2547/3941 3965/2548/3942 3966/2550/3944
f 3966/2550/3944 3965/2548/3942 3967/2551/3945
f 3965/2548/3942 3943/2527/3921 3967/2551/3945
f 3965/2548/3942 3942/2526/3920 3943/2527/3921
f 3968/2552/3946 3967/2551/3945 3943/2527/3921
f 3969/2553/3947 3967/2551/3945 3968/2552/3946
f 3966/2550/3944 3967/2551/3945 3969/2553/3947
f 3971/2554/3948 3970/2555/3949 3969/2553/3947
f 3970/2555/3949 3966/2550/3944 3969/2553/3947
f 3971/2554/3948 3969/2553/3947 3972/2556/3950
f 3969/2553/3947 3968/2552/3946 3972/2556/3950
f 3968/2552/3946 3973/2557/3951 3972/2556/3950
f 3972/2556/3950 3973/2557/3951 3974/2558/3952
f 3972/2556/3950 3974/2558/3952 3971/2554/3948
f 3973/2557/3951 3975/2559/3953 3974/2558/3952
f 3974/2558/3952 3975/2559/3953 3977/2560/3954
f 3971/2554/3948 3974/2558/3952 3976/2561/3955
f 3974/2558/3952 3977/2560/3954 3976/2561/3955
f 3976/2561/3955 3977/2560/3954 3978/2562/3956
f 3978/2562/3956 3977/2560/3954 3980/2563/3957
f 3977/2560/3954 3975/2559/3953 3979/2564/3958
f 3977/2560/3954 3979/2564/3958 3980/2563/3957
f 3981/2565/3959 3980/2563/3957 3979/2564/3958
f 3981/2565/3959 3982/2566/3960 3980/2563/3957
f 3982/2566/3960 3983/2567/3961 3980/2563/3957
f 3978/2562/3956 3980/2563/3957 3983/2567/3961
f 3984/2568/3962 3983/2567/3961 3986/2569/3963
f 3984/2568/3962 3978/2562/3956 3983/2567/3961
f 3982/2566/3960 3985/2570/3964 3983/2567/3961
f 3985/2570/3964 3986/2569/3963 3983/2567/3961
f 3989/2571/3965 3984/2568/3962 3986/2569/3963
f 3989/2571/3965 3986/2569/3963 3987/2572/3966
f 3986/2569/3963 3988/2573/3967 3987/2572/3966
f 3986/2569/3963 3990/2574/3968 3988/2573/3967
f 3985/2570/3964 3990/2574/3968 3986/2569/3963
f 3991/2575/3969 3988/2573/3967 3990/2574/3968
f 3985/2570/3964 3992/2576/3970 3990/2574/3968
f 3991/2575/3969 3990/2574/3968 3992/2576/3970
f 3995/2577/3971 3993/2578/3972 3992/2576/3970
f 3992/2576/3970 3993/2578/3972 3994/2579/3973
f 3992/2576/3970 3994/2579/3973 3991/2575/3969
f 3985/2570/3964 3995/2577/3971 3992/2576/3970
f 3995/2577/3971 3996/2580/3974 3999/2581/3975
f 3995/2577/3971 3997/2582/3976 3996/2580/3974
f 3982/2566/3960 3997/2582/3976 3995/2577/3971
f 3995/2577/3971 3998/2583/3977 3993/2578/3972
f 3995/2577/3971 3999/2581/3975 3998/2583/3977
f 3982/2566/3960 3995/2577/3971 3985/2570/3964
f 3998/2583/3977 3999/2581/3975 4000/2584/3978
f 4001/2585/3979 4000/2584/3978 3999/2581/3975
f 4001/2585/3979 3999/2581/3975 3996/2580/3974
f 4002/2586/3980 4001/2585/3979 4005/2587/3981
f 4002/2586/3980 4003/2588/3982 4001/2585/3979
f 4001/2585/3979 3996/2580/3974 4004/2589/3983
f 4003/2588/3982 4000/2584/3978 4001/2585/3979
f 4001/2585/3979 4004/2589/3983 4005/2587/3981
f 4006/2590/3984 4002/2586/3980 4005/2587/3981
f 4005/2587/3981 4007/2591/3985 4006/2590/3984
f 4005/2587/3981 4004/2589/3983 4007/2591/3985
f 4006/2590/3984 4007/2591/3985 4009/2592/3986
f 4007/2591/3985 3914/2499/3893 4009/2592/3986
f 4007/2591/3985 4008/2593/3987 3914/2499/3893
f 4004/2589/3983 4008/2593/3987 4007/2591/3985
f 4009/2592/3986 4010/2594/3988 4011/2595/3989
f 4009/2592/3986 3911/2495/3889 4010/2594/3988
f 4006/2590/3984 4009/2592/3986 4011/2595/3989
f 4009/2592/3986 3915/2498/3892 3911/2495/3889
f 4009/2592/3986 3914/2499/3893 3915/2498/3892
f 4011/2595/3989 4012/2596/3990 4013/2597/3991
f 4011/2595/3989 3892/2476/3870 4012/2596/3990
f 3897/2482/3876 3892/2476/3870 4011/2595/3989
f 4011/2595/3989 4013/2597/3991 4006/2590/3984
f 3897/2482/3876 4011/2595/3989 4010/2594/3988
f 4006/2590/3984 4013/2597/3991 4002/2586/3980
f 4013/2597/3991 4014/2598/3992 4002/2586/3980
f 4013/2597/3991 4012/2596/3990 4014/2598/3992
f 4012/2596/3990 3889/2473/3867 4014/2598/3992
f 4015/2599/3993 4014/2598/3992 3889/2473/3867
f 4015/2599/3993 4002/2586/3980 4014/2598/3992
f 4015/2599/3993 4016/2600/3994 4002/2586/3980
f 4015/2599/3993 3889/2473/3867 3886/2470/3864
f 3886/2470/3864 4017/2601/3995 4015/2599/3993
f 4015/2599/3993 4018/2602/3996 4016/2600/3994
f 4015/2599/3993 4017/2601/3995 4018/2602/3996
f 4016/2600/3994 4018/2602/3996 4019/2603/3997
f 4016/2600/3994 4019/2603/3997 4020/2604/3998
f 4020/2604/3998 4019/2603/3997 4021/2605/3999
f 4021/2605/3999 4022/2606/4000 4024/2607/4001
f 4022/2606/4000 4021/2605/3999 4023/2608/4002
f 4021/2605/3999 4024/2607/4001 4020/2604/3998
f 4024/2607/4001 4022/2606/4000 4025/2609/4003
f 4024/2607/4001 4025/2609/4003 4000/2584/3978
f 4003/2588/3982 4020/2604/3998 4024/2607/4001
f 4003/2588/3982 4024/2607/4001 4000/2584/3978
f 4025/2609/4003 3993/2578/3972 3998/2583/3977
f 4025/2609/4003 4026/2610/4004 3993/2578/3972
f 3998/2583/3977 4000/2584/3978 4025/2609/4003
f 4025/2609/4003 4027/2611/4005 4026/2610/4004
f 4025/2609/4003 4022/2606/4000 4027/2611/4005
f 4029/2612/4006 4027/2611/4005 4028/2613/4007
f 4028/2613/4007 4027/2611/4005 4023/2608/4002
f 4029/2612/4006 4026/2610/4004 4027/2611/4005
f 4022/2606/4000 4023/2608/4002 4027/2611/4005
f 4029/2612/4006 4030/2614/4008 3994/2579/3973
f 4029/2612/4006 4031/2615/4009 4030/2614/4008
f 3994/2579/3973 4026/2610/4004 4029/2612/4006
f 4031/2615/4009 4029/2612/4006 4028/2613/4007
f 4031/2615/4009 4028/2613/4007 4032/2616/4010
f 4033/2617/4011 4031/2615/4009 4032/2616/4010
f 4030/2614/4008 4031/2615/4009 4033/2617/4011
f 4033/2617/4011 4032/2616/4010 4034/2618/4012
f 4036/2619/4013 4033/2617/4011 4034/2618/4012
f 4033/2617/4011 4035/2620/4014 4037/2621/4015
f 4033/2617/4011 4036/2619/4013 4035/2620/4014
f 4030/2614/4008 4033/2617/4011 4037/2621/4015
f 4038/2622/4016 4037/2621/4015 4039/2623/4017
f 4038/2622/4016 4030/2614/4008 4037/2621/4015
f 4035/2620/4014 4039/2623/4017 4037/2621/4015
f 4035/2620/4014 4040/2624/4018 4039/2623/4017
f 4040/2624/4018 4041/2625/4019 4039/2623/4017
f 4039/2623/4017 4041/2625/4019 4042/2626/4020
f 4039/2623/4017 4042/2626/4020 4038/2622/4016
f 3987/2572/3966 4042/2626/4020 4043/2627/4021
f 3987/2572/3966 3988/2573/3967 4042/2626/4020
f 4038/2622/4016 4042/2626/4020 3988/2573/3967
f 4043/2627/4021 4042/2626/4020 4041/2625/4019
f 4044/2628/4022 4043/2627/4021 4045/2629/4023
f 4044/2628/4022 4046/2630/4024 4043/2627/4021
f 4043/2627/4021 3989/2571/3965 3987/2572/3966
f 4043/2627/4021 4041/2625/4019 4045/2629/4023
f 4043/2627/4021 4046/2630/4024 3989/2571/3965
f 4046/2630/4024 4047/2631/4025 4048/2632/4026
f 4047/2631/4025 4046/2630/4024 4044/2628/4022
f 4046/2630/4024 4048/2632/4026 3989/2571/3965
f 4049/2633/4027 4048/2632/4026 4051/2634/4028
f 4049/2633/4027 4050/2635/4029 4048/2632/4026
f 4048/2632/4026 3984/2568/3962 3989/2571/3965
f 4048/2632/4026 4050/2635/4029 3984/2568/3962
f 4048/2632/4026 4052/2636/4030 4051/2634/4028
f 4048/2632/4026 4047/2631/4025 4052/2636/4030
f 4055/2637/4031 4052/2636/4030 4053/2638/4032
f 4054/2639/4033 4053/2638/4032 4052/2636/4030
f 4056/2640/4034 4054/2639/4033 4052/2636/4030
f 4055/2637/4031 4051/2634/4028 4052/2636/4030
f 4056/2640/4034 4052/2636/4030 4047/2631/4025
f 4056/2640/4034 4057/2641/4035 4054/2639/4033
f 4056/2640/4034 4058/2642/4036 4057/2641/4035
f 4056/2640/4034 4059/2643/4037 4058/2642/4036
f 4047/2631/4025 4044/2628/4022 4056/2640/4034
f 4056/2640/4034 4044/2628/4022 4059/2643/4037
f 4059/2643/4037 4044/2628/4022 4045/2629/4023
f 4062/2644/4038 4058/2642/4036 4059/2643/4037
f 4059/2643/4037 4045/2629/4023 4060/2645/4039
f 4061/2646/4040 4059/2643/4037 4060/2645/4039
f 4061/2646/4040 4062/2644/4038 4059/2643/4037
f 4062/2644/4038 4063/2647/4041 4058/2642/4036
f 4064/2648/4042 4063/2647/4041 4062/2644/4038
f 4065/2649/4043 4064/2648/4042 4062/2644/4038
f 4065/2649/4043 4062/2644/4038 4061/2646/4040
f 4061/2646/4040 4066/2650/4044 4065/2649/4043
f 4067/2651/4045 4065/2649/4043 4066/2650/4044
f 4068/2652/4046 4065/2649/4043 4067/2651/4045
f 4068/2652/4046 4064/2648/4042 4065/2649/4043
f 4069/2653/4047 4068/2652/4046 4067/2651/4045
f 4071/2654/4048 4068/2652/4046 4069/2653/4047
f 4070/2655/4049 4064/2648/4042 4068/2652/4046
f 4070/2655/4049 4068/2652/4046 4071/2654/4048
f 4071/2654/4048 4069/2653/4047 4072/2656/4050
f 4072/2656/4050 4073/2657/4051 4071/2654/4048
f 4071/2654/4048 4074/2658/4052 4070/2655/4049
f 4071/2654/4048 4073/2657/4051 4074/2658/4052
f 4070/2655/4049 4074/2658/4052 4075/2659/4053
f 4075/2659/4053 4074/2658/4052 4077/2660/4054
f 4076/2661/4055 4074/2658/4052 4073/2657/4051
f 4076/2661/4055 4077/2660/4054 4074/2658/4052
f 4078/2662/4056 4077/2660/4054 4080/2663/4057
f 4078/2662/4056 4079/2664/4058 4077/2660/4054
f 4075/2659/4053 4077/2660/4054 4079/2664/4058
f 4080/2663/4057 4077/2660/4054 4076/2661/4055
f 4081/2665/4059 4080/2663/4057 4082/2666/4060
f 4081/2665/4059 4078/2662/4056 4080/2663/4057
f 4082/2666/4060 4080/2663/4057 4083/2667/4061
f 4080/2663/4057 4076/2661/4055 4083/2667/4061
f 4086/2668/4062 4084/2669/4063 4083/2667/4061
f 4082/2666/4060 4083/2667/4061 4084/2669/4063
f 4083/2667/4061 4073/2657/4051 4085/2670/4064
f 4087/2671/4065 4083/2667/4061 4085/2670/4064
f 4083/2667/4061 4076/2661/4055 4073/2657/4051
f 4087/2671/4065 4086/2668/4062 4083/2667/4061
f 4086/2668/4062 4087/2671/4065 4088/2672/4066
f 4087/2671/4065 4089/2673/4067 4088/2672/4066
f 4087/2671/4065 4090/2674/4068 4089/2673/4067
f 4090/2674/4068 4087/2671/4065 4085/2670/4064
f 4090/2674/4068 4091/2675/4069 4089/2673/4067
f 4090/2674/4068 4092/2676/4070 4091/2675/4069
f 4092/2676/4070 4090/2674/4068 4072/2656/4050
f 4090/2674/4068 4085/2670/4064 4072/2656/4050
f 4091/2675/4069 4092/2676/4070 4093/2677/4071
f 4093/2677/4071 4092/2676/4070 4069/2653/4047
f 4092/2676/4070 4072/2656/4050 4069/2653/4047
f 4091/2675/4069 4093/2677/4071 4094/2678/4072
f 4094/2678/4072 4093/2677/4071 4096/2679/4073
f 4093/2677/4071 4069/2653/4047 4095/2680/4074
f 4095/2680/4074 4096/2679/4073 4093/2677/4071
f 4097/2681/4075 4096/2679/4073 4098/2682/4076
f 4097/2681/4075 4100/2683/4077 4096/2679/4073
f 4095/2680/4074 4098/2682/4076 4096/2679/4073
f 4094/2678/4072 4096/2679/4073 4099/2684/4078
f 4100/2683/4077 4099/2684/4078 4096/2679/4073
f 4102/2685/4079 4100/2683/4077 4101/2686/4080
f 4103/2687/4081 4101/2686/4080 4100/2683/4077
f 4103/2687/4081 4100/2683/4077 4097/2681/4075
f 4102/2685/4079 4105/2688/4082 4100/2683/4077
f 4100/2683/4077 4104/2689/4083 4099/2684/4078
f 4104/2689/4083 4100/2683/4077 4105/2688/4082
f 4106/2690/4084 4105/2688/4082 4102/2685/4079
f 4104/2689/4083 4105/2688/4082 4106/2690/4084
f 4106/2690/4084 4102/2685/4079 4107/2691/4085
f 4104/2689/4083 4106/2690/4084 4108/2692/4086
f 4106/2690/4084 4107/2691/4085 4109/2693/4087
f 4106/2690/4084 4109/2693/4087 4108/2692/4086
f 4109/2693/4087 4110/2694/4088 4114/2695/4089
f 4109/2693/4087 4107/2691/4085 4110/2694/4088
f 4109/2693/4087 4111/2696/4090 4115/2697/4091
f 4111/2696/4090 4109/2693/4087 4112/2698/4092
f 4109/2693/4087 4113/2699/4093 4112/2698/4092
f 4109/2693/4087 4114/2695/4089 4113/2699/4093
f 4109/2693/4087 4115/2697/4091 4108/2692/4086
f 4116/2700/4094 4115/2697/4091 4111/2696/4090
f 4116/2700/4094 4117/2701/4095 4115/2697/4091
f 4104/2689/4083 4108/2692/4086 4115/2697/4091
f 4115/2697/4091 4099/2684/4078 4104/2689/4083
f 4117/2701/4095 4118/2702/4096 4115/2697/4091
f 4115/2697/4091 4118/2702/4096 4099/2684/4078
f 4121/2703/4097 4118/2702/4096 4119/2704/4098
f 4117/2701/4095 4119/2704/4098 4118/2702/4096
f 4094/2678/4072 4118/2702/4096 4120/2705/4099
f 4094/2678/4072 4099/2684/4078 4118/2702/4096
f 4121/2703/4097 4120/2705/4099 4118/2702/4096
f 4122/2706/4100 4121/2703/4097 4119/2704/4098
f 4122/2706/4100 4124/2707/4101 4121/2703/4097
f 4120/2705/4099 4121/2703/4097 4123/2708/4102
f 4123/2708/4102 4121/2703/4097 4124/2707/4101
f 4124/2707/4101 4122/2706/4100 4126/2709/4103
f 4127/2710/4104 4124/2707/4101 4125/2711/4105
f 4124/2707/4101 4126/2709/4103 4125/2711/4105
f 4123/2708/4102 4124/2707/4101 4127/2710/4104
f 4130/2712/4106 4123/2708/4102 4127/2710/4104
f 4128/2713/4107 4127/2710/4104 4129/2714/4108
f 4128/2713/4107 4130/2712/4106 4127/2710/4104
f 4127/2710/4104 4125/2711/4105 4129/2714/4108
f 4130/2712/4106 4128/2713/4107 4133/2715/4109
f 4130/2712/4106 4131/2716/4110 4123/2708/4102
f 4131/2716/4110 4130/2712/4106 4132/2717/4111
f 4130/2712/4106 4133/2715/4109 4132/2717/4111
f 4128/2713/4107 4134/2718/4112 4133/2715/4109
f 4134/2718/4112 4136/2719/4113 4133/2715/4109
f 4135/2720/4114 4132/2717/4111 4133/2715/4109
f 4135/2720/4114 4133/2715/4109 4136/2719/4113
f 4139/2721/4115 4137/2722/4116 4136/2719/4113
f 4137/2722/4116 4135/2720/4114 4136/2719/4113
f 4139/2721/4115 4136/2719/4113 4138/2723/4117
f 4134/2718/4112 4138/2723/4117 4136/2719/4113
f 4140/2724/4118 4139/2721/4115 4143/2725/4119
f 4139/2721/4115 4140/2724/4118 4141/2726/4120
f 4139/2721/4115 4141/2726/4120 4142/2727/4121
f 4142/2727/4121 4137/2722/4116 4139/2721/4115
f 4138/2723/4117 4143/2725/4119 4139/2721/4115
f 4144/2728/4122 4143/2725/4119 4134/2718/4112
f 4144/2728/4122 4145/2729/4123 4143/2725/4119
f 4146/2730/4124 4143/2725/4119 4145/2729/4123
f 4138/2723/4117 4134/2718/4112 4143/2725/4119
f 4146/2730/4124 4147/2731/4125 4143/2725/4119
f 4140/2724/4118 4143/2725/4119 4147/2731/4125
f 4147/2731/4125 4148/2732/4126 4140/2724/4118
f 4147/2731/4125 4149/2733/4127 4148/2732/4126
f 4146/2730/4124 4149/2733/4127 4147/2731/4125
f 4150/2734/4128 4148/2732/4126 4149/2733/4127
f 4150/2734/4128 4149/2733/4127 4151/2735/4129
f 4153/2736/4130 4151/2735/4129 4149/2733/4127
f 4146/2730/4124 4152/2737/4131 4149/2733/4127
f 4153/2736/4130 4149/2733/4127 4152/2737/4131
f 4154/2738/4132 4153/2736/4130 4155/2739/4133
f 4154/2738/4132 4151/2735/4129 4153/2736/4130
f 4153/2736/4130 4158/2740/4134 4155/2739/4133
f 4156/2741/4135 4153/2736/4130 4152/2737/4131
f 4156/2741/4135 4157/2742/4136 4153/2736/4130
f 4153/2736/4130 4157/2742/4136 4158/2740/4134
f 4161/2743/4137 4155/2739/4133 4158/2740/4134
f 4157/2742/4136 4160/2744/4138 4158/2740/4134
f 4158/2740/4134 4159/2745/4139 4162/2746/4140
f 4158/2740/4134 4160/2744/4138 4159/2745/4139
f 4161/2743/4137 4158/2740/4134 4162/2746/4140
f 4163/2747/4141 4162/2746/4140 4164/2748/4142
f 4163/2747/4141 4161/2743/4137 4162/2746/4140
f 4162/2746/4140 4165/2749/4143 4164/2748/4142
f 4162/2746/4140 4159/2745/4139 4165/2749/4143
f 4164/2748/4142 4165/2749/4143 4166/2750/4144
f 4167/2751/4145 4166/2750/4144 4165/2749/4143
f 4167/2751/4145 4165/2749/4143 4168/2752/4146
f 4168/2752/4146 4165/2749/4143 4159/2745/4139
f 4168/2752/4146 4159/2745/4139 4169/2753/4147
f 4168/2752/4146 4169/2753/4147 4170/2754/4148
f 4168/2752/4146 4170/2754/4148 4171/2755/4149
f 4171/2755/4149 4167/2751/4145 4168/2752/4146
f 4170/2754/4148 4173/2756/4150 4171/2755/4149
f 4172/2757/4151 4174/2758/4152 4171/2755/4149
f 4171/2755/4149 4173/2756/4150 4172/2757/4151
f 4171/2755/4149 4174/2758/4152 4167/2751/4145
f 4176/2759/4153 4175/2760/4154 4174/2758/4152
f 4174/2758/4152 4175/2760/4154 4177/2761/4155
f 4172/2757/4151 4176/2759/4153 4174/2758/4152
f 4174/2758/4152 4177/2761/4155 4167/2751/4145
f 4175/2760/4154 4178/2762/4156 4177/2761/4155
f 4178/2762/4156 4179/2763/4157 4177/2761/4155
f 4179/2763/4157 4167/2751/4145 4177/2761/4155
f 4180/2764/4158 4179/2763/4157 4181/2765/4159
f 4180/2764/4158 4166/2750/4144 4179/2763/4157
f 4178/2762/4156 4182/2766/4160 4179/2763/4157
f 4181/2765/4159 4179/2763/4157 4182/2766/4160
f 4179/2763/4157 4166/2750/4144 4167/2751/4145
f 4184/2767/4161 4182/2766/4160 4183/2768/4162
f 4183/2768/4162 4182/2766/4160 4178/2762/4156
f 4181/2765/4159 4182/2766/4160 4184/2767/4161
f 4186/2769/4163 4181/2765/4159 4184/2767/4161
f 4185/2770/4164 4184/2767/4161 4187/2771/4165
f 4185/2770/4164 4186/2769/4163 4184/2767/4161
f 4184/2767/4161 4183/2768/4162 4187/2771/4165
f 4188/2772/4166 4185/2770/4164 4187/2771/4165
f 4188/2772/4166 4187/2771/4165 4189/2773/4167
f 4187/2771/4165 4190/2774/4168 4189/2773/4167
f 4187/2771/4165 4183/2768/4162 4190/2774/4168
f 4190/2774/4168 4191/2775/4169 4189/2773/4167
f 4190/2774/4168 4193/2776/4170 4191/2775/4169
f 4190/2774/4168 4192/2777/4171 4193/2776/4170
f 4190/2774/4168 4195/2778/4172 4192/2777/4171
f 4190/2774/4168 4183/2768/4162 4194/2779/4173
f 4190/2774/4168 4194/2779/4173 4195/2778/4172
f 4194/2779/4173 4196/2780/4174 4195/2778/4172
f 4195/2778/4172 4196/2780/4174 4197/2781/4175
f 4195/2778/4172 4197/2781/4175 4192/2777/4171
f 4196/2780/4174 4198/2782/4176 4197/2781/4175
f 4200/2783/4177 4199/2784/4178 4198/2782/4176
f 4196/2780/4174 4200/2783/4177 4198/2782/4176
f 4203/2785/4179 4201/2786/4180 4200/2783/4177
f 4201/2786/4180 4202/2787/4181 4200/2783/4177
f 4200/2783/4177 4202/2787/4181 4199/2784/4178
f 4203/2785/4179 4200/2783/4177 4196/2780/4174
f 4178/2762/4156 4203/2785/4179 4194/2779/4173
f 4178/2762/4156 4204/2788/4182 4203/2785/4179
f 4204/2788/4182 4201/2786/4180 4203/2785/4179
f 4194/2779/4173 4203/2785/4179 4196/2780/4174
f 4205/2789/4183 4204/2788/4182 4207/2790/4184
f 4205/2789/4183 4206/2791/4185 4204/2788/4182
f 4175/2760/4154 4204/2788/4182 4178/2762/4156
f 4204/2788/4182 4206/2791/4185 4201/2786/4180
f 4208/2792/4186 4204/2788/4182 4175/2760/4154
f 4208/2792/4186 4207/2790/4184 4204/2788/4182
f 4209/2793/4187 4208/2792/4186 4175/2760/4154
f 4209/2793/4187 4210/2794/4188 4208/2792/4186
f 4210/2794/4188 4207/2790/4184 4208/2792/4186
f 4210/2794/4188 4211/2795/4189 4205/2789/4183
f 4210/2794/4188 4212/2796/4190 4211/2795/4189
f 4209/2793/4187 4212/2796/4190 4210/2794/4188
f 4210/2794/4188 4205/2789/4183 4207/2790/4184
f 4215/2797/4191 4212/2796/4190 4213/2798/4192
f 4213/2798/4192 4212/2796/4190 4214/2799/4193
f 4209/2793/4187 4214/2799/4193 4212/2796/4190
f 4215/2797/4191 4211/2795/4189 4212/2796/4190
f 4211/2795/4189 4215/2797/4191 4216/2800/4194
f 4215/2797/4191 4217/2801/4195 4216/2800/4194
f 4215/2797/4191 4219/2802/4196 4217/2801/4195
f 4218/2803/4197 4215/2797/4191 4213/2798/4192
f 4218/2803/4197 4219/2802/4196 4215/2797/4191
f 4217/2801/4195 4219/2802/4196 4220/2804/4198
f 4219/2802/4196 4221/2805/4199 4220/2804/4198
f 4219/2802/4196 4218/2803/4197 4221/2805/4199
f 4220/2804/4198 4221/2805/4199 4222/2806/4200
f 4221/2805/4199 4223/2807/4201 4222/2806/4200
f 4221/2805/4199 4224/2808/4202 4223/2807/4201
f 4218/2803/4197 4224/2808/4202 4221/2805/4199
f 4227/2809/4203 4224/2808/4202 4225/2810/4204
f 4218/2803/4197 4225/2810/4204 4224/2808/4202
f 4224/2808/4202 4226/2811/4205 4223/2807/4201
f 4224/2808/4202 4228/2812/4206 4226/2811/4205
f 4227/2809/4203 4228/2812/4206 4224/2808/4202
f 4227/2809/4203 4229/2813/4207 4228/2812/4206
f 4229/2813/4207 4230/2814/4208 4228/2812/4206
f 4228/2812/4206 4230/2814/4208 4231/2815/4209
f 4228/2812/4206 4231/2815/4209 4226/2811/4205
f 4226/2811/4205 4231/2815/4209 4234/2816/4210
f 4232/2817/4211 4231/2815/4209 4233/2818/4212
f 4232/2817/4211 4234/2816/4210 4231/2815/4209
f 4230/2814/4208 4233/2818/4212 4231/2815/4209
f 4237/2819/4213 4235/2820/4214 4234/2816/4210
f 4234/2816/4210 4235/2820/4214 4236/2821/4215
f 4226/2811/4205 4234/2816/4210 4238/2822/4216
f 4234/2816/4210 4236/2821/4215 4238/2822/4216
f 4237/2819/4213 4234/2816/4210 4232/2817/4211
f 4226/2811/4205 4238/2822/4216 4239/2823/4217
f 4240/2824/4218 4238/2822/4216 4236/2821/4215
f 4239/2823/4217 4238/2822/4216 4240/2824/4218
f 4241/2825/4219 4244/2826/4220 4240/2824/4218
f 4242/2827/4221 4241/2825/4219 4240/2824/4218
f 4240/2824/4218 4236/2821/4215 4243/2828/4222
f 4242/2827/4221 4240/2824/4218 4243/2828/4222
f 4239/2823/4217 4240/2824/4218 4244/2826/4220
f 4241/2825/4219 4245/2829/4223 4244/2826/4220
f 4246/2830/4224 4239/2823/4217 4244/2826/4220
f 4244/2826/4220 4245/2829/4223 4247/2831/4225
f 4244/2826/4220 4247/2831/4225 4246/2830/4224
f 4247/2831/4225 4251/2832/4226 4248/2833/4227
f 4248/2833/4227 4246/2830/4224 4247/2831/4225
f 4247/2831/4225 4245/2829/4223 4249/2834/4228
f 4247/2831/4225 4249/2834/4228 4250/2835/4229
f 4247/2831/4225 4250/2835/4229 4251/2832/4226
f 4252/2836/4230 4251/2832/4226 4250/2835/4229
f 4252/2836/4230 4253/2837/4231 4251/2832/4226
f 4253/2837/4231 4248/2833/4227 4251/2832/4226
f 4254/2838/4232 4256/2839/4233 4253/2837/4231
f 4254/2838/4232 4253/2837/4231 4255/2840/4234
f 4252/2836/4230 4255/2840/4234 4253/2837/4231
f 4253/2837/4231 4256/2839/4233 4248/2833/4227
f 4254/2838/4232 4257/2841/4235 4256/2839/4233
f 4257/2841/4235 4258/2842/4236 4256/2839/4233
f 4256/2839/4233 4258/2842/4236 4259/2843/4237
f 4256/2839/4233 4259/2843/4237 4248/2833/4227
f 4248/2833/4227 4259/2843/4237 4246/2830/4224
f 4260/2844/4238 4246/2830/4224 4259/2843/4237
f 4260/2844/4238 4259/2843/4237 4261/2845/4239
f 4261/2845/4239 4259/2843/4237 4258/2842/4236
f 4261/2845/4239 4258/2842/4236 4263/2846/4240
f 4222/2806/4200 4261/2845/4239 4262/2847/4241
f 4262/2847/4241 4261/2845/4239 4263/2846/4240
f 4222/2806/4200 4260/2844/4238 4261/2845/4239
f 4263/2846/4240 4258/2842/4236 4266/2848/4242
f 4265/2849/4243 4263/2846/4240 4264/2850/4244
f 4263/2846/4240 4266/2848/4242 4264/2850/4244
f 4262/2847/4241 4263/2846/4240 4265/2849/4243
f 4257/2841/4235 4268/2851/4245 4266/2848/4242
f 4257/2841/4235 4266/2848/4242 4258/2842/4236
f 4266/2848/4242 4267/2852/4246 4264/2850/4244
f 4266/2848/4242 4268/2851/4245 4267/2852/4246
f 4267/2852/4246 4268/2851/4245 4269/2853/4247
f 4269/2853/4247 4268/2851/4245 4270/2854/4248
f 4257/2841/4235 4270/2854/4248 4268/2851/4245
f 4254/2838/4232 4271/2855/4249 4270/2854/4248
f 4272/2856/4250 4270/2854/4248 4271/2855/4249
f 4254/2838/4232 4270/2854/4248 4257/2841/4235
f 4269/2853/4247 4270/2854/4248 4272/2856/4250
f 4272/2856/4250 4271/2855/4249 4273/2857/4251
f 4274/2858/4252 4273/2857/4251 4271/2855/4249
f 4274/2858/4252 4271/2855/4249 4275/2859/4253
f 4276/2860/4254 4274/2858/4252 4275/2859/4253
f 4276/2860/4254 4275/2859/4253 4279/2861/4255
f 4277/2862/4256 4276/2860/4254 4279/2861/4255
f 4277/2862/4256 4278/2863/4257 4276/2860/4254
f 4282/2864/4258 4279/2861/4255 4275/2859/4253
f 4280/2865/4259 4277/2862/4256 4279/2861/4255
f 4280/2865/4259 4279/2861/4255 4281/2866/4260
f 4282/2864/4258 4281/2866/4260 4279/2861/4255
f 4271/2855/4249 4254/2838/4232 4282/2864/4258
f 4254/2838/4232 4255/2840/4234 4282/2864/4258
f 4255/2840/4234 4281/2866/4260 4282/2864/4258
f 4271/2855/4249 4282/2864/4258 4275/2859/4253
f 4284/2867/4261 4280/2865/4259 4281/2866/4260
f 4255/2840/4234 4283/2868/4262 4281/2866/4260
f 4284/2867/4261 4281/2866/4260 4283/2868/4262
f 4285/2869/4263 4280/2865/4259 4284/2867/4261
f 4286/2870/4264 4284/2867/4261 4283/2868/4262
f 4287/2871/4265 4285/2869/4263 4284/2867/4261
f 4287/2871/4265 4284/2867/4261 4286/2870/4264
f 4291/2872/4266 4285/2869/4263 4287/2871/4265
f 4288/2873/4267 4287/2871/4265 4286/2870/4264
f 4289/2874/4268 4287/2871/4265 4288/2873/4267
f 4289/2874/4268 4290/2875/4269 4287/2871/4265
f 4291/2872/4266 4287/2871/4265 4290/2875/4269
f 4293/2876/4270 4285/2869/4263 4291/2872/4266
f 4292/2877/4271 4291/2872/4266 4294/2878/4272
f 4292/2877/4271 4293/2876/4270 4291/2872/4266
f 4295/2879/4273 4294/2878/4272 4291/2872/4266
f 4295/2879/4273 4291/2872/4266 4290/2875/4269
f 4296/2880/4274 4295/2879/4273 4297/2881/4275
f 4296/2880/4274 4298/2882/4276 4295/2879/4273
f 4298/2882/4276 4294/2878/4272 4295/2879/4273
f 4297/2881/4275 4295/2879/4273 4290/2875/4269
f 4296/2880/4274 4300/2883/4277 4298/2882/4276
f 4298/2882/4276 4299/2884/4278 4294/2878/4272
f 4300/2883/4277 4299/2884/4278 4298/2882/4276
f 4296/2880/4274 4302/2885/4279 4300/2883/4277
f 4301/2886/4280 4300/2883/4277 4302/2885/4279
f 4301/2886/4280 4303/2887/4281 4300/2883/4277
f 4300/2883/4277 4303/2887/4281 4299/2884/4278
f 4303/2887/4281 4304/2888/4282 4308/2889/4283
f 4303/2887/4281 4305/2890/4284 4304/2888/4282
f 4301/2886/4280 4305/2890/4284 4303/2887/4281
f 4303/2887/4281 4306/2891/4285 4299/2884/4278
f 4303/2887/4281 4307/2892/4286 4306/2891/4285
f 4303/2887/4281 4308/2889/4283 4307/2892/4286
f 4308/2889/4283 4309/2893/4287 4310/2894/4288
f 4308/2889/4283 4304/2888/4282 4309/2893/4287
f 4311/2895/4289 4308/2889/4283 4310/2894/4288
f 4312/2896/4290 4308/2889/4283 4311/2895/4289
f 4312/2896/4290 4307/2892/4286 4308/2889/4283
f 4312/2896/4290 4313/2897/4291 4315/2898/4292
f 4313/2897/4291 4312/2896/4290 4311/2895/4289
f 4314/2899/4293 4307/2892/4286 4312/2896/4290
f 4312/2896/4290 4315/2898/4292 4314/2899/4293
f 4314/2899/4293 4315/2898/4292 4292/2877/4271
f 4316/2900/4294 4315/2898/4292 4313/2897/4291
f 4316/2900/4294 4318/2901/4295 4315/2898/4292
f 4317/2902/4296 4315/2898/4292 4318/2901/4295
f 4317/2902/4296 4292/2877/4271 4315/2898/4292
f 4319/2903/4297 4318/2901/4295 4316/2900/4294
f 4319/2903/4297 4320/2904/4298 4318/2901/4295
f 4321/2905/4299 4317/2902/4296 4318/2901/4295
f 4321/2905/4299 4318/2901/4295 4320/2904/4298
f 4321/2905/4299 4322/2906/4300 4317/2902/4296
f 4321/2905/4299 4323/2907/4301 4322/2906/4300
f 4323/2907/4301 4325/2908/4302 4322/2906/4300
f 4323/2907/4301 4324/2909/4303 4325/2908/4302
f 4326/2910/4304 4325/2908/4302 4277/2862/4256
f 4277/2862/4256 4325/2908/4302 4324/2909/4303
f 4322/2906/4300 4325/2908/4302 4326/2910/4304
f 4326/2910/4304 4277/2862/4256 4280/2865/4259
f 4285/2869/4263 4326/2910/4304 4280/2865/4259
f 4293/2876/4270 4326/2910/4304 4285/2869/4263
f 4322/2906/4300 4326/2910/4304 4293/2876/4270
f 4277/2862/4256 4324/2909/4303 4278/2863/4257
f 4317/2902/4296 4322/2906/4300 4293/2876/4270
f 4319/2903/4297 4327/2911/4305 4328/2912/4306
f 4319/2903/4297 4316/2900/4294 4327/2911/4305
f 4329/2913/4297 4328/2912/4306 4330/2914/4307
f 4328/2912/4306 4333/2915/4308 4330/2914/4307
f 4328/2912/4306 4332/2916/4309 4331/2917/4310
f 4328/2912/4306 4331/2917/4310 4333/2915/4308
f 4328/2912/4306 4327/2911/4305 4332/2916/4309
f 4331/2917/4310 4334/2918/4311 4333/2915/4308
f 4335/2919/4312 4333/2915/4308 4334/2918/4311
f 4335/2919/4312 4336/2920/4313 4333/2915/4308
f 4336/2920/4313 4330/2914/4307 4333/2915/4308
f 4336/2920/4313 4337/2921/4314 4330/2914/4307
f 4339/2922/4315 4337/2921/4314 4336/2920/4313
f 4338/2923/4316 4336/2920/4313 4335/2919/4312
f 4338/2923/4316 4339/2922/4315 4336/2920/4313
f 4339/2922/4315 4340/2924/4317 4341/2925/4318
f 4339/2922/4315 4338/2923/4316 4340/2924/4317
f 4343/2926/4319 4339/2922/4315 4341/2925/4318
f 4339/2922/4315 4342/2927/4320 4337/2921/4314
f 4343/2926/4319 4342/2927/4320 4339/2922/4315
f 4344/2928/4321 4343/2926/4319 4341/2925/4318
f 4344/2928/4321 4346/2929/4322 4343/2926/4319
f 4345/2930/4323 4343/2926/4319 4346/2929/4322
f 4345/2930/4323 4342/2927/4320 4343/2926/4319
f 4346/2929/4322 4344/2928/4321 4349/2931/4324
f 4347/2932/4325 4345/2930/4323 4346/2929/4322
f 4347/2932/4325 4346/2929/4322 4348/2933/4326
f 4348/2933/4326 4346/2929/4322 4350/2934/4327
f 4346/2929/4322 4349/2931/4324 4350/2934/4327
f 4348/2933/4326 4350/2934/4327 4353/2935/4328
f 4350/2934/4327 4349/2931/4324 4351/2936/4329
f 4350/2934/4327 4351/2936/4329 4354/2937/4330
f 4352/2938/4331 4350/2934/4327 4354/2937/4330
f 4352/2938/4331 4353/2935/4328 4350/2934/4327
f 4352/2938/4331 4354/2937/4330 4355/2939/4332
f 4354/2937/4330 4356/2940/4333 4355/2939/4332
f 4354/2937/4330 4351/2936/4329 4356/2940/4333
f 4357/2941/4334 4356/2940/4333 4359/2942/4335
f 4357/2941/4334 4358/2943/4336 4356/2940/4333
f 4358/2943/4336 4355/2939/4332 4356/2940/4333
f 4356/2940/4333 4360/2944/4337 4359/2942/4335
f 4356/2940/4333 4351/2936/4329 4360/2944/4337
f 4360/2944/4337 4351/2936/4329 4349/2931/4324
f 4361/2945/4338 4360/2944/4337 4362/2946/4339
f 4359/2942/4335 4360/2944/4337 4361/2945/4338
f 4360/2944/4337 4349/2931/4324 4362/2946/4339
f 4344/2928/4321 4362/2946/4339 4349/2931/4324
f 4344/2928/4321 4363/2947/4340 4362/2946/4339
f 4362/2946/4339 4363/2947/4340 4364/2948/4341
f 4362/2946/4339 4364/2948/4341 4365/2949/4342
f 4361/2945/4338 4362/2946/4339 4365/2949/4342
f 4366/2950/4343 4361/2945/4338 4365/2949/4342
f 4364/2948/4341 4367/2951/4344 4365/2949/4342
f 4366/2950/4343 4365/2949/4342 4367/2951/4344
f 4370/2952/4345 4367/2951/4344 4368/2953/4346
f 4368/2953/4346 4367/2951/4344 4369/2954/4347
f 4364/2948/4341 4369/2954/4347 4367/2951/4344
f 4370/2952/4345 4366/2950/4343 4367/2951/4344
f 4371/2955/4348 4370/2952/4345 4368/2953/4346
f 4372/2956/4349 4370/2952/4345 4371/2955/4348
f 4373/2957/4350 4370/2952/4345 4372/2956/4349
f 4373/2957/4350 4366/2950/4343 4370/2952/4345
f 4374/2958/4351 4373/2957/4350 4376/2959/4352
f 4374/2958/4351 4375/2960/4353 4373/2957/4350
f 4375/2960/4353 4366/2950/4343 4373/2957/4350
f 4376/2959/4352 4373/2957/4350 4372/2956/4349
f 4377/2961/4354 4376/2959/4352 4378/2962/4355
f 4377/2961/4354 4374/2958/4351 4376/2959/4352
f 4378/2962/4355 4376/2959/4352 4379/2963/4356
f 4376/2959/4352 4372/2956/4349 4379/2963/4356
f 4380/2964/4357 4379/2963/4356 4382/2965/4358
f 4380/2964/4357 4381/2966/4359 4379/2963/4356
f 4378/2962/4355 4379/2963/4356 4381/2966/4359
f 4382/2965/4358 4379/2963/4356 4372/2956/4349
f 4385/2967/4360 4380/2964/4357 4382/2965/4358
f 4383/2968/4361 4382/2965/4358 4384/2969/4362
f 4385/2967/4360 4382/2965/4358 4383/2968/4361
f 4382/2965/4358 4372/2956/4349 4384/2969/4362
f 4386/2970/4363 4380/2964/4357 4385/2967/4360
f 4388/2971/4364 4385/2967/4360 4383/2968/4361
f 4387/2972/4365 4386/2970/4363 4385/2967/4360
f 4387/2972/4365 4385/2967/4360 4388/2971/4364
f 4388/2971/4364 4383/2968/4361 4389/2973/4366
f 4391/2974/4367 4387/2972/4365 4388/2971/4364
f 4390/2975/4368 4388/2971/4364 4389/2973/4366
f 4390/2975/4368 4391/2974/4367 4388/2971/4364
f 4394/2976/4369 4391/2974/4367 4390/2975/4368
f 4391/2974/4367 4393/2977/4370 4387/2972/4365
f 4394/2976/4369 4392/2978/4371 4391/2974/4367
f 4392/2978/4371 4393/2977/4370 4391/2974/4367
f 4395/2979/4372 4392/2978/4371 4394/2976/4369
f 4396/2980/4373 4395/2979/4372 4394/2976/4369
f 4397/2981/4374 4396/2980/4373 4394/2976/4369
f 4397/2981/4374 4394/2976/4369 4390/2975/4368
f 4398/2982/4375 4397/2981/4374 4399/2983/4376
f 4398/2982/4375 4400/2984/4377 4397/2981/4374
f 4399/2983/4376 4397/2981/4374 4390/2975/4368
f 4400/2984/4377 4396/2980/4373 4397/2981/4374
f 4402/2985/4378 4400/2984/4377 4398/2982/4375
f 4403/2986/4379 4401/2987/4380 4400/2984/4377
f 4400/2984/4377 4401/2987/4380 4396/2980/4373
f 4402/2985/4378 4403/2986/4379 4400/2984/4377
f 4404/2988/4381 4403/2986/4379 4402/2985/4378
f 4403/2986/4379 4405/2989/4382 4401/2987/4380
f 4406/2990/4383 4403/2986/4379 4404/2988/4381
f 4406/2990/4383 4405/2989/4382 4403/2986/4379
f 4408/2991/4384 4407/2992/4385 4406/2990/4383
f 4407/2992/4385 4405/2989/4382 4406/2990/4383
f 4409/2993/4386 4408/2991/4384 4406/2990/4383
f 4409/2993/4386 4406/2990/4383 4404/2988/4381
f 4410/2994/4387 4409/2993/4386 4404/2988/4381
f 4411/2995/4388 4409/2993/4386 4410/2994/4387
f 4412/2996/4389 4409/2993/4386 4411/2995/4388
f 4412/2996/4389 4408/2991/4384 4409/2993/4386
f 4414/2997/4390 4413/2998/4391 4412/2996/4389
f 4413/2998/4391 4408/2991/4384 4412/2996/4389
f 4414/2997/4390 4412/2996/4389 4415/2999/4392
f 4415/2999/4392 4412/2996/4389 4411/2995/4388
f 4415/2999/4392 4411/2995/4388 4416/3000/4393
f 4416/3000/4393 4417/3001/4394 4415/2999/4392
f 4415/2999/4392 4417/3001/4394 4418/3002/4395
f 4415/2999/4392 4418/3002/4395 4414/2997/4390
f 4417/3001/4394 4419/3003/4396 4418/3002/4395
f 4420/3004/4397 4418/3002/4395 4419/3003/4396
f 4421/3005/4398 4418/3002/4395 4420/3004/4397
f 4421/3005/4398 4414/2997/4390 4418/3002/4395
f 4421/3005/4398 4423/3006/4399 4422/3007/4400
f 4426/3008/4401 4421/3005/4398 4422/3007/4400
f 4425/3009/4402 4421/3005/4398 4420/3004/4397
f 4421/3005/4398 4424/3010/4403 4423/3006/4399
f 4425/3009/4402 4424/3010/4403 4421/3005/4398
f 4421/3005/4398 4413/2998/4391 4414/2997/4390
f 4421/3005/4398 4426/3008/4401 4413/2998/4391
f 4426/3008/4401 4427/3011/4404 4429/3012/4405
f 4427/3011/4404 4426/3008/4401 4428/3013/4406
f 4426/3008/4401 4429/3012/4405 4413/2998/4391
f 4426/3008/4401 4422/3007/4400 4428/3013/4406
f 4413/2998/4391 4429/3012/4405 4408/2991/4384
f 4407/2992/4385 4429/3012/4405 4427/3011/4404
f 4408/2991/4384 4429/3012/4405 4407/2992/4385
f 4427/3011/4404 4428/3013/4406 4430/3014/4407
f 4423/3006/4399 4428/3013/4406 4422/3007/4400
f 4423/3006/4399 4431/3015/4408 4428/3013/4406
f 4433/3016/4409 4431/3015/4408 4423/3006/4399
f 4433/3016/4409 4432/3017/4410 4431/3015/4408
f 4423/3006/4399 4434/3018/4411 4433/3016/4409
f 4434/3018/4411 4432/3017/4410 4433/3016/4409
f 4434/3018/4411 4435/3019/4412 4432/3017/4410
f 4436/3020/4413 4435/3019/4412 4434/3018/4411
f 4436/3020/4413 4434/3018/4411 4437/3021/4414
f 4437/3021/4414 4434/3018/4411 4424/3010/4403
f 4423/3006/4399 4424/3010/4403 4434/3018/4411
f 4437/3021/4414 4424/3010/4403 4425/3009/4402
f 4425/3009/4402 4438/3022/4415 4437/3021/4414
f 4439/3023/4416 4437/3021/4414 4438/3022/4415
f 4439/3023/4416 4436/3020/4413 4437/3021/4414
f 4439/3023/4416 4440/3024/4417 4441/3025/4418
f 4443/3026/4419 4440/3024/4417 4439/3023/4416
f 4442/3027/4420 4439/3023/4416 4438/3022/4415
f 4439/3023/4416 4441/3025/4418 4436/3020/4413
f 4442/3027/4420 4443/3026/4419 4439/3023/4416
f 4442/3027/4420 4444/3028/4421 4443/3026/4419
f 4445/3029/4422 4443/3026/4419 4444/3028/4421
f 4443/3026/4419 4445/3029/4422 4440/3024/4417
f 4447/3030/4423 4445/3029/4422 4446/3031/4424
f 4445/3029/4422 4444/3028/4421 4446/3031/4424
f 4440/3024/4417 4445/3029/4422 4447/3030/4423
f 4447/3030/4423 4446/3031/4424 4448/3032/4425
f 4448/3032/4425 4449/3033/4426 4447/3030/4423
f 4447/3030/4423 4449/3033/4426 4450/3034/4427
f 4447/3030/4423 4450/3034/4427 4451/3035/4428
f 4440/3024/4417 4447/3030/4423 4451/3035/4428
f 4451/3035/4428 4452/3036/4429 4453/3037/4430
f 4451/3035/4428 4450/3034/4427 4452/3036/4429
f 4441/3025/4418 4451/3035/4428 4453/3037/4430
f 4441/3025/4418 4440/3024/4417 4451/3035/4428
f 4454/3038/4431 4453/3037/4430 4452/3036/4429
f 4454/3038/4431 4455/3039/4432 4453/3037/4430
f 4456/3040/4433 4453/3037/4430 4455/3039/4432
f 4456/3040/4433 4441/3025/4418 4453/3037/4430
f 4436/3020/4413 4441/3025/4418 4456/3040/4433
f 4436/3020/4413 4456/3040/4433 4435/3019/4412
f 4457/3041/4434 4435/3019/4412 4456/3040/4433
f 4458/3042/4435 4456/3040/4433 4455/3039/4432
f 4458/3042/4435 4457/3041/4434 4456/3040/4433
f 4459/3043/4436 4458/3042/4435 4455/3039/4432
f 4459/3043/4436 4455/3039/4432 4454/3038/4431
f 4454/3038/4431 4460/3044/4437 4459/3043/4436
f 4454/3038/4431 4461/3045/4438 4460/3044/4437
f 4461/3045/4438 4462/3046/4439 4460/3044/4437
f 4464/3047/4440 4463/3048/4441 4462/3046/4439
f 4461/3045/4438 4464/3047/4440 4462/3046/4439
f 4467/3049/4442 4465/3050/4443 4464/3047/4440
f 4465/3050/4443 4466/3051/4444 4464/3047/4440
f 4464/3047/4440 4466/3051/4444 4463/3048/4441
f 4467/3049/4442 4464/3047/4440 4461/3045/4438
f 4468/3052/4445 4465/3050/4443 4467/3049/4442
f 4452/3036/4429 4467/3049/4442 4461/3045/4438
f 4450/3034/4427 4468/3052/4445 4467/3049/4442
f 4450/3034/4427 4467/3049/4442 4452/3036/4429
f 4468/3052/4445 4469/3053/4446 4465/3050/4443
f 4470/3054/4447 4469/3053/4446 4468/3052/4445
f 4449/3033/4426 4470/3054/4447 4468/3052/4445
f 4449/3033/4426 4468/3052/4445 4450/3034/4427
f 4470/3054/4447 4471/3055/4448 4469/3053/4446
f 4472/3056/4449 4471/3055/4448 4470/3054/4447
f 4473/3057/4450 4472/3056/4449 4470/3054/4447
f 4473/3057/4450 4470/3054/4447 4449/3033/4426
f 4475/3058/4451 4473/3057/4450 4448/3032/4425
f 4448/3032/4425 4473/3057/4450 4449/3033/4426
f 4474/3059/4452 4472/3056/4449 4473/3057/4450
f 4475/3058/4451 4474/3059/4452 4473/3057/4450
f 4446/3031/4424 4475/3058/4451 4448/3032/4425
f 4478/3060/4453 4476/3061/4454 4475/3058/4451
f 4476/3061/4454 4474/3059/4452 4475/3058/4451
f 4446/3031/4424 4477/3062/4455 4475/3058/4451
f 4478/3060/4453 4475/3058/4451 4477/3062/4455
f 4481/3063/4456 4476/3061/4454 4478/3060/4453
f 4480/3064/4457 4478/3060/4453 4479/3065/4458
f 4479/3065/4458 4478/3060/4453 4477/3062/4455
f 4481/3063/4456 4478/3060/4453 4480/3064/4457
f 4481/3063/4456 4482/3066/4459 4476/3061/4454
f 4481/3063/4456 4483/3067/4460 4482/3066/4459
f 4484/3068/4461 4483/3067/4460 4481/3063/4456
f 4480/3064/4457 4484/3068/4461 4481/3063/4456
f 4485/3069/4462 4484/3068/4461 4486/3070/4463
f 4485/3069/4462 4489/3071/4464 4484/3068/4461
f 4487/3072/4465 4486/3070/4463 4484/3068/4461
f 4480/3064/4457 4487/3072/4465 4484/3068/4461
f 4488/3073/4466 4484/3068/4461 4489/3071/4464
f 4484/3068/4461 4488/3073/4466 4483/3067/4460
f 4488/3073/4466 4489/3071/4464 4490/3074/4467
f 4490/3074/4467 4489/3071/4464 4491/3075/4468
f 4489/3071/4464 4492/3076/4469 4491/3075/4468
f 4489/3071/4464 4485/3069/4462 4492/3076/4469
f 4494/3077/4470 4493/3078/4471 4492/3076/4469
f 4491/3075/4468 4492/3076/4469 4493/3078/4471
f 4494/3077/4470 4492/3076/4469 4495/3079/4472
f 4495/3079/4472 4492/3076/4469 4485/3069/4462
f 4495/3079/4472 4496/3080/4473 4494/3077/4470
f 4495/3079/4472 4497/3081/4474 4496/3080/4473
f 4495/3079/4472 4485/3069/4462 4498/3082/4475
f 4498/3082/4475 4497/3081/4474 4495/3079/4472
f 4499/3083/4476 4498/3082/4475 4501/3084/4477
f 4499/3083/4476 4500/3085/4478 4498/3082/4475
f 4498/3082/4475 4500/3085/4478 4497/3081/4474
f 4498/3082/4475 4486/3070/4463 4501/3084/4477
f 4498/3082/4475 4485/3069/4462 4486/3070/4463
f 4501/3084/4477 4502/3086/4479 4499/3083/4476
f 4501/3084/4477 4486/3070/4463 4502/3086/4479
f 4487/3072/4465 4502/3086/4479 4486/3070/4463
f 4504/3087/4480 4502/3086/4479 4487/3072/4465
f 4499/3083/4476 4502/3086/4479 4503/3088/4481
f 4504/3087/4480 4503/3088/4481 4502/3086/4479
f 4505/3089/4482 4504/3087/4480 4487/3072/4465
f 4505/3089/4482 4506/3090/4483 4504/3087/4480
f 4507/3091/4484 4504/3087/4480 4506/3090/4483
f 4507/3091/4484 4503/3088/4481 4504/3087/4480
f 4509/3092/4485 4508/3093/4486 4507/3091/4484
f 4508/3093/4486 4503/3088/4481 4507/3091/4484
f 4509/3092/4485 4507/3091/4484 4510/3094/4487
f 4511/3095/4488 4510/3094/4487 4507/3091/4484
f 4511/3095/4488 4507/3091/4484 4506/3090/4483
f 4512/3096/4489 4511/3095/4488 4514/3097/4490
f 4513/3098/4491 4511/3095/4488 4512/3096/4489
f 4513/3098/4491 4510/3094/4487 4511/3095/4488
f 4514/3097/4490 4511/3095/4488 4506/3090/4483
f 4512/3096/4489 4514/3097/4490 4517/3099/4492
f 4515/3100/4493 4514/3097/4490 4516/3101/4494
f 4515/3100/4493 4518/3102/4495 4514/3097/4490
f 4514/3097/4490 4506/3090/4483 4516/3101/4494
f 4518/3102/4495 4517/3099/4492 4514/3097/4490
f 4518/3102/4495 4519/3103/4496 4517/3099/4492
f 4519/3103/4496 4518/3102/4495 4520/3104/4497
f 4518/3102/4495 4521/3105/4498 4520/3104/4497
f 4518/3102/4495 4515/3100/4493 4521/3105/4498
f 4524/3106/4499 4520/3104/4497 4521/3105/4498
f 4515/3100/4493 4522/3107/4500 4521/3105/4498
f 4521/3105/4498 4522/3107/4500 4444/3028/4421
f 4521/3105/4498 4444/3028/4421 4523/3108/4501
f 4524/3106/4499 4521/3105/4498 4523/3108/4501
f 4526/3109/4502 4520/3104/4497 4524/3106/4499
f 4525/3110/4503 4524/3106/4499 4523/3108/4501
f 4528/3111/4504 4524/3106/4499 4525/3110/4503
f 4526/3109/4502 4524/3106/4499 4527/3112/4505
f 4528/3111/4504 4527/3112/4505 4524/3106/4499
f 4527/3112/4505 4528/3111/4504 4529/3113/4506
f 4419/3003/4396 4529/3113/4506 4528/3111/4504
f 4530/3114/4507 4528/3111/4504 4525/3110/4503
f 4530/3114/4507 4531/3115/4508 4528/3111/4504
f 4419/3003/4396 4528/3111/4504 4531/3115/4508
f 4420/3004/4397 4419/3003/4396 4531/3115/4508
f 4531/3115/4508 4425/3009/4402 4420/3004/4397
f 4531/3115/4508 4530/3114/4507 4425/3009/4402
f 4425/3009/4402 4530/3114/4507 4438/3022/4415
f 4438/3022/4415 4530/3114/4507 4525/3110/4503
f 4527/3112/4505 4529/3113/4506 4532/3116/4509
f 4532/3116/4509 4529/3113/4506 4533/3117/4510
f 4534/3118/4511 4533/3117/4510 4529/3113/4506
f 4534/3118/4511 4529/3113/4506 4419/3003/4396
f 4534/3118/4511 4416/3000/4393 4535/3119/4512
f 4534/3118/4511 4536/3120/4513 4416/3000/4393
f 4535/3119/4512 4533/3117/4510 4534/3118/4511
f 4536/3120/4513 4534/3118/4511 4419/3003/4396
f 4416/3000/4393 4536/3120/4513 4417/3001/4394
f 4536/3120/4513 4419/3003/4396 4417/3001/4394
f 4416/3000/4393 4537/3121/4514 4535/3119/4512
f 4535/3119/4512 4538/3122/4515 4533/3117/4510
f 4538/3122/4515 4535/3119/4512 4537/3121/4514
f 4539/3123/4516 4541/3124/4517 4538/3122/4515
f 4538/3122/4515 4537/3121/4514 4539/3123/4516
f 4538/3122/4515 4540/3125/4518 4533/3117/4510
f 4538/3122/4515 4541/3124/4517 4540/3125/4518
f 4541/3124/4517 4542/3126/4519 4543/3127/4520
f 4539/3123/4516 4542/3126/4519 4541/3124/4517
f 4541/3124/4517 4543/3127/4520 4544/3128/4521
f 4540/3125/4518 4541/3124/4517 4545/3129/4522
f 4544/3128/4521 4545/3129/4522 4541/3124/4517
f 4540/3125/4518 4545/3129/4522 4546/3130/4523
f 4546/3130/4523 4545/3129/4522 4547/3131/4524
f 4548/3132/4525 4547/3131/4524 4545/3129/4522
f 4544/3128/4521 4548/3132/4525 4545/3129/4522
f 4549/3133/4526 4548/3132/4525 4550/3134/4527
f 4548/3132/4525 4549/3133/4526 4547/3131/4524
f 4544/3128/4521 4550/3134/4527 4548/3132/4525
f 4549/3133/4526 4550/3134/4527 4551/3135/4528
f 4554/3136/4529 4551/3135/4528 4550/3134/4527
f 4544/3128/4521 4552/3137/4530 4550/3134/4527
f 4552/3137/4530 4553/3138/4531 4550/3134/4527
f 4554/3136/4529 4550/3134/4527 4553/3138/4531
f 4555/3139/4532 4551/3135/4528 4554/3136/4529
f 4556/3140/4533 4555/3139/4532 4554/3136/4529
f 4556/3140/4533 4554/3136/4529 4553/3138/4531
f 4557/3141/4534 4558/3142/4535 4556/3140/4533
f 4557/3141/4534 4556/3140/4533 4553/3138/4531
f 4556/3140/4533 4559/3143/4536 4555/3139/4532
f 4556/3140/4533 4558/3142/4535 4559/3143/4536
f 4559/3143/4536 4561/3144/4537 4560/3145/4538
f 4555/3139/4532 4559/3143/4536 4560/3145/4538
f 4559/3143/4536 4558/3142/4535 4561/3144/4537
f 4562/3146/4539 4561/3144/4537 4565/3147/4540
f 4562/3146/4539 4560/3145/4538 4561/3144/4537
f 4563/3148/4541 4561/3144/4537 4564/3149/4542
f 4563/3148/4541 4565/3147/4540 4561/3144/4537
f 4564/3149/4542 4561/3144/4537 4558/3142/4535
f 4565/3147/4540 4566/3150/4543 4562/3146/4539
f 4565/3147/4540 4567/3151/4544 4566/3150/4543
f 4563/3148/4541 4567/3151/4544 4565/3147/4540
f 4570/3152/4545 4566/3150/4543 4567/3151/4544
f 4568/3153/4546 4567/3151/4544 4569/3154/4547
f 4568/3153/4546 4570/3152/4545 4567/3151/4544
f 4563/3148/4541 4569/3154/4547 4567/3151/4544
f 4572/3155/4548 4570/3152/4545 4571/3156/4549
f 4571/3156/4549 4570/3152/4545 4568/3153/4546
f 4570/3152/4545 4572/3155/4548 4566/3150/4543
f 4576/3157/4550 4572/3155/4548 4573/3158/4551
f 4572/3155/4548 4571/3156/4549 4573/3158/4551
f 4572/3155/4548 4574/3159/4552 4566/3150/4543
f 4572/3155/4548 4575/3160/4553 4574/3159/4552
f 4576/3157/4550 4575/3160/4553 4572/3155/4548
f 4577/3161/4554 4575/3160/4553 4576/3157/4550
f 4577/3161/4554 4576/3157/4550 4578/3162/4555
f 4579/3163/4556 4576/3157/4550 4573/3158/4551
f 4578/3162/4555 4576/3157/4550 4579/3163/4556
f 4578/3162/4555 4579/3163/4556 4580/3164/4557
f 4580/3164/4557 4579/3163/4556 4581/3165/4558
f 4581/3165/4558 4579/3163/4556 4582/3166/4559
f 4579/3163/4556 4573/3158/4551 4582/3166/4559
f 4573/3158/4551 4585/3167/4560 4582/3166/4559
f 4581/3165/4558 4582/3166/4559 4583/3168/4561
f 4582/3166/4559 4584/3169/4562 4583/3168/4561
f 4582/3166/4559 4585/3167/4560 4584/3169/4562
f 4573/3158/4551 4571/3156/4549 4585/3167/4560
f 4586/3170/4563 4585/3167/4560 4571/3156/4549
f 4584/3169/4562 4585/3167/4560 4586/3170/4563
f 4586/3170/4563 4587/3171/4564 4589/3172/4565
f 4586/3170/4563 4588/3173/4566 4587/3171/4564
f 4586/3170/4563 4571/3156/4549 4588/3173/4566
f 4589/3172/4565 4590/3174/4567 4586/3170/4563
f 4591/3175/4568 4586/3170/4563 4590/3174/4567
f 4584/3169/4562 4586/3170/4563 4591/3175/4568
f 4592/3176/4569 4584/3169/4562 4591/3175/4568
f 4592/3176/4569 4591/3175/4568 4593/3177/4570
f 4593/3177/4570 4591/3175/4568 4594/3178/4571
f 4591/3175/4568 4590/3174/4567 4594/3178/4571
f 4595/3179/4572 4594/3178/4571 4596/3180/4573
f 4593/3177/4570 4594/3178/4571 4595/3179/4572
f 4590/3174/4567 4596/3180/4573 4594/3178/4571
f 4595/3179/4572 4596/3180/4573 4597/3181/4574
f 4597/3181/4574 4596/3180/4573 4598/3182/4575
f 4596/3180/4573 4599/3183/4576 4598/3182/4575
f 4596/3180/4573 4600/3184/4577 4599/3183/4576
f 4590/3174/4567 4600/3184/4577 4596/3180/4573
f 4601/3185/4578 4600/3184/4577 4590/3174/4567
f 4601/3185/4578 4602/3186/4579 4600/3184/4577
f 4602/3186/4579 4599/3183/4576 4600/3184/4577
f 4605/3187/4580 4602/3186/4579 4601/3185/4578
f 4602/3186/4579 4603/3188/4581 4599/3183/4576
f 4602/3186/4579 4604/3189/4582 4603/3188/4581
f 4602/3186/4579 4605/3187/4580 4604/3189/4582
f 4605/3187/4580 4601/3185/4578 4607/3190/4583
f 4606/3191/4584 4605/3187/4580 4607/3190/4583
f 4606/3191/4584 4608/3192/4585 4605/3187/4580
f 4604/3189/4582 4605/3187/4580 4608/3192/4585
f 4608/3192/4585 4609/3193/4586 4611/3194/4587
f 4608/3192/4585 4606/3191/4584 4609/3193/4586
f 4604/3189/4582 4608/3192/4585 4610/3195/4588
f 4610/3195/4588 4608/3192/4585 4611/3194/4587
f 4611/3194/4587 4612/3196/4589 4614/3197/4590
f 4611/3194/4587 4613/3198/4591 4612/3196/4589
f 4615/3199/4592 4613/3198/4591 4611/3194/4587
f 4610/3195/4588 4611/3194/4587 4614/3197/4590
f 4615/3199/4592 4611/3194/4587 4609/3193/4586
f 4613/3198/4591 4615/3199/4592 4616/3200/4593
f 4619/3201/4594 4615/3199/4592 4609/3193/4586
f 4615/3199/4592 4617/3202/4595 4616/3200/4593
f 4615/3199/4592 4618/3203/4596 4617/3202/4595
f 4619/3201/4594 4618/3203/4596 4615/3199/4592
f 4619/3201/4594 4620/3204/4597 4622/3205/4598
f 4619/3201/4594 4624/3206/4599 4620/3204/4597
f 4619/3201/4594 4621/3207/4600 4623/3208/4601
f 4619/3201/4594 4622/3205/4598 4621/3207/4600
f 4623/3208/4601 4618/3203/4596 4619/3201/4594
f 4606/3191/4584 4624/3206/4599 4619/3201/4594
f 4606/3191/4584 4619/3201/4594 4609/3193/4586
f 4625/3209/4602 4624/3206/4599 4606/3191/4584
f 4624/3206/4599 4625/3209/4602 4626/3210/4603
f 4624/3206/4599 4626/3210/4603 4620/3204/4597
f 4628/3211/4604 4627/3212/4605 4626/3210/4603
f 4627/3212/4605 4620/3204/4597 4626/3210/4603
f 4626/3210/4603 4625/3209/4602 4589/3172/4565
f 4626/3210/4603 4589/3172/4565 4587/3171/4564
f 4629/3213/4606 4626/3210/4603 4587/3171/4564
f 4628/3211/4604 4626/3210/4603 4629/3213/4606
f 4629/3213/4606 4587/3171/4564 4631/3214/4607
f 4630/3215/4608 4629/3213/4606 4631/3214/4607
f 4629/3213/4606 4630/3215/4608 4632/3216/4609
f 4629/3213/4606 4632/3216/4609 4628/3211/4604
f 4632/3216/4609 4627/3212/4605 4628/3211/4604
f 4632/3216/4609 4634/3217/4610 4627/3212/4605
f 4632/3216/4609 4630/3215/4608 4635/3218/4611
f 4634/3217/4610 4632/3216/4609 4633/3219/4612
f 4632/3216/4609 4635/3218/4611 4633/3219/4612
f 4633/3219/4612 4635/3218/4611 4636/3220/4613
f 4636/3220/4613 4635/3218/4611 4637/3221/4614
f 4638/3222/4615 4637/3221/4614 4635/3218/4611
f 4638/3222/4615 4635/3218/4611 4630/3215/4608
f 4630/3215/4608 4631/3214/4607 4638/3222/4615
f 4638/3222/4615 4568/3153/4546 4569/3154/4547
f 4638/3222/4615 4631/3214/4607 4568/3153/4546
f 4637/3221/4614 4638/3222/4615 4569/3154/4547
f 4636/3220/4613 4637/3221/4614 4639/3223/4616
f 4639/3223/4616 4637/3221/4614 4640/3224/4617
f 4637/3221/4614 4569/3154/4547 4640/3224/4617
f 4640/3224/4617 4642/3225/4618 4641/3226/4619
f 4639/3223/4616 4640/3224/4617 4641/3226/4619
f 4640/3224/4617 4643/3227/4620 4642/3225/4618
f 4569/3154/4547 4643/3227/4620 4640/3224/4617
f 4644/3228/4621 4642/3225/4618 4643/3227/4620
f 4643/3227/4620 4564/3149/4542 4644/3228/4621
f 4569/3154/4547 4563/3148/4541 4643/3227/4620
f 4643/3227/4620 4563/3148/4541 4564/3149/4542
f 4645/3229/4622 4644/3228/4621 4646/3230/4623
f 4644/3228/4621 4645/3229/4622 4642/3225/4618
f 4644/3228/4621 4647/3231/4624 4646/3230/4623
f 4644/3228/4621 4564/3149/4542 4647/3231/4624
f 4564/3149/4542 4558/3142/4535 4647/3231/4624
f 4646/3230/4623 4647/3231/4624 4648/3232/4625
f 4647/3231/4624 4558/3142/4535 4649/3233/4626
f 4647/3231/4624 4649/3233/4626 4648/3232/4625
f 4331/2917/4310 4649/3233/4626 4557/3141/4534
f 4331/2917/4310 4332/2916/4309 4649/3233/4626
f 4648/3232/4625 4649/3233/4626 4332/2916/4309
f 4557/3141/4534 4649/3233/4626 4558/3142/4535
f 4646/3230/4623 4648/3232/4625 4650/3234/4627
f 4648/3232/4625 4332/2916/4309 4651/3235/4628
f 4650/3234/4627 4648/3232/4625 4651/3235/4628
f 4651/3235/4628 4327/2911/4305 4652/3236/4629
f 4653/3237/4630 4651/3235/4628 4652/3236/4629
f 4651/3235/4628 4332/2916/4309 4327/2911/4305
f 4650/3234/4627 4651/3235/4628 4653/3237/4630
f 4653/3237/4630 4654/3238/4631 4650/3234/4627
f 4653/3237/4630 4655/3239/4632 4654/3238/4631
f 4657/3240/4633 4655/3239/4632 4653/3237/4630
f 4653/3237/4630 4652/3236/4629 4656/3241/4634
f 4657/3240/4633 4653/3237/4630 4656/3241/4634
f 4658/3242/4635 4655/3239/4632 4657/3240/4633
f 4659/3243/4636 4657/3240/4633 4656/3241/4634
f 4658/3242/4635 4657/3240/4633 4311/2895/4289
f 4659/3243/4636 4311/2895/4289 4657/3240/4633
f 4316/2900/4294 4659/3243/4636 4327/2911/4305
f 4316/2900/4294 4313/2897/4291 4659/3243/4636
f 4656/3241/4634 4327/2911/4305 4659/3243/4636
f 4313/2897/4291 4311/2895/4289 4659/3243/4636
f 4655/3239/4632 4658/3242/4635 4660/3244/4637
f 4658/3242/4635 4661/3245/4638 4660/3244/4637
f 4311/2895/4289 4310/2894/4288 4658/3242/4635
f 4658/3242/4635 4310/2894/4288 4661/3245/4638
f 4309/2893/4287 4662/3246/4639 4661/3245/4638
f 4662/3246/4639 4664/3247/4640 4661/3245/4638
f 4309/2893/4287 4661/3245/4638 4310/2894/4288
f 4661/3245/4638 4663/3248/4641 4660/3244/4637
f 4661/3245/4638 4664/3247/4640 4663/3248/4641
f 4662/3246/4639 4665/3249/4642 4664/3247/4640
f 4665/3249/4642 4666/3250/4643 4664/3247/4640
f 4663/3248/4641 4664/3247/4640 4666/3250/4643
f 4663/3248/4641 4666/3250/4643 4668/3251/4644
f 4665/3249/4642 4667/3252/4645 4666/3250/4643
f 4667/3252/4645 4669/3253/4646 4666/3250/4643
f 4669/3253/4646 4668/3251/4644 4666/3250/4643
f 4667/3252/4645 4670/3254/4647 4669/3253/4646
f 4670/3254/4647 4671/3255/4648 4669/3253/4646
f 4671/3255/4648 4672/3256/4649 4669/3253/4646
f 4669/3253/4646 4672/3256/4649 4668/3251/4644
f 4642/3225/4618 4672/3256/4649 4673/3257/4650
f 4671/3255/4648 4673/3257/4650 4672/3256/4649
f 4672/3256/4649 4642/3225/4618 4645/3229/4622
f 4672/3256/4649 4645/3229/4622 4668/3251/4644
f 4675/3258/4651 4673/3257/4650 4671/3255/4648
f 4642/3225/4618 4673/3257/4650 4641/3226/4619
f 4674/3259/4652 4641/3226/4619 4673/3257/4650
f 4675/3258/4651 4674/3259/4652 4673/3257/4650
f 4675/3258/4651 4676/3260/4653 4677/3261/4654
f 4675/3258/4651 4678/3262/4655 4676/3260/4653
f 4677/3261/4654 4674/3259/4652 4675/3258/4651
f 4671/3255/4648 4678/3262/4655 4675/3258/4651
f 4671/3255/4648 4679/3263/4656 4678/3262/4655
f 4679/3263/4656 4680/3264/4657 4678/3262/4655
f 4678/3262/4655 4680/3264/4657 4681/3265/4658
f 4678/3262/4655 4681/3265/4658 4676/3260/4653
f 4682/3266/4659 4681/3265/4658 4680/3264/4657
f 4681/3265/4658 4682/3266/4659 4683/3267/4660
f 4676/3260/4653 4681/3265/4658 4684/3268/4661
f 4681/3265/4658 4683/3267/4660 4684/3268/4661
f 4676/3260/4653 4684/3268/4661 4685/3269/4662
f 4685/3269/4662 4684/3268/4661 4686/3270/4663
f 4684/3268/4661 4687/3271/4664 4686/3270/4663
f 4684/3268/4661 4683/3267/4660 4687/3271/4664
f 4687/3271/4664 4690/3272/4665 4688/3273/4666
f 4689/3274/4667 4687/3271/4664 4688/3273/4666
f 4686/3270/4663 4687/3271/4664 4689/3274/4667
f 4687/3271/4664 4683/3267/4660 4690/3272/4665
f 4688/3273/4666 4690/3272/4665 4693/3275/4668
f 4690/3272/4665 4691/3276/4669 4693/3275/4668
f 4690/3272/4665 4692/3277/4670 4691/3276/4669
f 4683/3267/4660 4692/3277/4670 4690/3272/4665
f 4693/3275/4668 4694/3278/4671 4695/3279/4672
f 4693/3275/4668 4696/3280/4673 4694/3278/4671
f 4688/3273/4666 4693/3275/4668 4695/3279/4672
f 4697/3281/4674 4693/3275/4668 4691/3276/4669
f 4697/3281/4674 4696/3280/4673 4693/3275/4668
f 4698/3282/4675 4699/3283/4676 4697/3281/4674
f 4698/3282/4675 4697/3281/4674 4691/3276/4669
f 4696/3280/4673 4697/3281/4674 4699/3283/4676
f 4696/3280/4673 4699/3283/4676 4694/3278/4671
f 4694/3278/4671 4699/3283/4676 4700/3284/4677
f 4699/3283/4676 4701/3285/4678 4700/3284/4677
f 4699/3283/4676 4702/3286/4679 4701/3285/4678
f 4703/3287/4680 4702/3286/4679 4699/3283/4676
f 4703/3287/4680 4699/3283/4676 4704/3288/4681
f 4698/3282/4675 4704/3288/4681 4699/3283/4676
f 4698/3282/4675 4705/3289/4682 4704/3288/4681
f 4705/3289/4682 4703/3287/4680 4704/3288/4681
f 4706/3290/4683 4708/3291/4684 4705/3289/4682
f 4698/3282/4675 4706/3290/4683 4705/3289/4682
f 4705/3289/4682 4707/3292/4685 4703/3287/4680
f 4705/3289/4682 4709/3293/4686 4707/3292/4685
f 4705/3289/4682 4708/3291/4684 4709/3293/4686
f 4707/3292/4685 4709/3293/4686 4711/3294/4687
f 4708/3291/4684 4710/3295/4688 4709/3293/4686
f 4710/3295/4688 4711/3294/4687 4709/3293/4686
f 4707/3292/4685 4711/3294/4687 4712/3296/4689
f 4711/3294/4687 4713/3297/4690 4712/3296/4689
f 4711/3294/4687 4715/3298/4691 4713/3297/4690
f 4710/3295/4688 4714/3299/4692 4711/3294/4687
f 4715/3298/4691 4711/3294/4687 4714/3299/4692
f 4716/3300/4693 4715/3298/4691 4718/3301/4694
f 4716/3300/4693 4717/3302/4695 4715/3298/4691
f 4717/3302/4695 4713/3297/4690 4715/3298/4691
f 4715/3298/4691 4714/3299/4692 4718/3301/4694
f 4719/3303/4696 4718/3301/4694 4720/3304/4697
f 4719/3303/4696 4716/3300/4693 4718/3301/4694
f 4721/3305/4698 4720/3304/4697 4718/3301/4694
f 4721/3305/4698 4718/3301/4694 4714/3299/4692
f 4723/3306/4699 4721/3305/4698 4722/3307/4700
f 4714/3299/4692 4722/3307/4700 4721/3305/4698
f 4723/3306/4699 4720/3304/4697 4721/3305/4698
f 4723/3306/4699 4724/3308/4701 4720/3304/4697
f 4724/3308/4701 4723/3306/4699 4725/3309/4702
f 4725/3309/4702 4723/3306/4699 4726/3310/4703
f 4723/3306/4699 4722/3307/4700 4726/3310/4703
f 4726/3310/4703 4728/3311/4704 4727/3312/4705
f 4730/3313/4706 4726/3310/4703 4727/3312/4705
f 4726/3310/4703 4722/3307/4700 4728/3311/4704
f 4730/3313/4706 4729/3314/4707 4726/3310/4703
f 4725/3309/4702 4726/3310/4703 4729/3314/4707
f 4732/3315/4708 4730/3313/4706 4727/3312/4705
f 4730/3313/4706 4731/3316/4709 4729/3314/4707
f 4730/3313/4706 4733/3317/4710 4731/3316/4709
f 4732/3315/4708 4734/3318/4711 4730/3313/4706
f 4734/3318/4711 4733/3317/4710 4730/3313/4706
f 4734/3318/4711 4732/3315/4708 4736/3319/4712
f 4734/3318/4711 4736/3319/4712 4735/3320/4713
f 4737/3321/4714 4734/3318/4711 4735/3320/4713
f 4734/3318/4711 4737/3321/4714 4733/3317/4710
f 4737/3321/4714 4735/3320/4713 4738/3322/4715
f 4737/3321/4714 4738/3322/4715 4739/3323/4716
f 4737/3321/4714 4739/3323/4716 4740/3324/4717
f 4737/3321/4714 4740/3324/4717 4743/3325/4718
f 4737/3321/4714 4741/3326/4719 4733/3317/4710
f 4737/3321/4714 4742/3327/4720 4741/3326/4719
f 4737/3321/4714 4743/3325/4718 4742/3327/4720
f 4740/3324/4717 4744/3328/4721 4743/3325/4718
f 4742/3327/4720 4743/3325/4718 4744/3328/4721
f 4740/3324/4717 4745/3329/4722 4744/3328/4721
f 4742/3327/4720 4744/3328/4721 4741/3326/4719
f 4741/3326/4719 4744/3328/4721 4746/3330/4723
f 4746/3330/4723 4744/3328/4721 4745/3329/4722
f 4746/3330/4723 4745/3329/4722 4747/3331/4724
f 4747/3331/4724 4748/3332/4725 4746/3330/4723
f 4741/3326/4719 4746/3330/4723 4749/3333/4726
f 4749/3333/4726 4731/3316/4709 4733/3317/4710
f 4731/3316/4709 4749/3333/4726 4750/3334/4727
f 4749/3333/4726 4733/3317/4710 4741/3326/4719
f 4729/3314/4707 4731/3316/4709 4750/3334/4727
f 4729/3314/4707 4750/3334/4727 4725/3309/4702
f 4725/3309/4702 4750/3334/4727 4751/3335/4728
f 4725/3309/4702 4751/3335/4728 4752/3336/4729
f 4753/3337/4730 4752/3336/4729 4751/3335/4728
f 4753/3337/4730 4754/3338/4731 4752/3336/4729
f 4755/3339/4732 4754/3338/4731 4753/3337/4730
f 4757/3340/4733 4756/3341/4734 4755/3339/4732
f 4755/3339/4732 4756/3341/4734 4754/3338/4731
f 4757/3340/4733 4758/3342/4735 4756/3341/4734
f 4757/3340/4733 4759/3343/4736 4758/3342/4735
f 4757/3340/4733 4760/3344/4737 4759/3343/4736
f 4761/3345/4738 4759/3343/4736 4760/3344/4737
f 4762/3346/4739 4761/3345/4738 4760/3344/4737
f 4762/3346/4739 4760/3344/4737 4763/3347/4740
f 4765/3348/4741 4763/3347/4740 4764/3349/4742
f 4765/3348/4741 4762/3346/4739 4763/3347/4740
f 4765/3348/4741 4767/3350/4743 4766/3351/4744
f 4766/3351/4744 4762/3346/4739 4765/3348/4741
f 4765/3348/4741 4768/3352/4745 4767/3350/4743
f 4764/3349/4742 4768/3352/4745 4765/3348/4741
f 4768/3352/4745 4771/3353/4746 4767/3350/4743
f 4768/3352/4745 4772/3354/4747 4769/3355/4748
f 4768/3352/4745 4769/3355/4748 4771/3353/4746
f 4768/3352/4745 4770/3356/4749 4772/3354/4747
f 4764/3349/4742 4770/3356/4749 4768/3352/4745
f 4769/3355/4748 4772/3354/4747 4773/3357/4750
f 4772/3354/4747 4770/3356/4749 4776/3358/4751
f 4773/3357/4750 4772/3354/4747 4775/3359/4752
f 4775/3359/4752 4772/3354/4747 4774/3360/4753
f 4772/3354/4747 4776/3358/4751 4774/3360/4753
f 4770/3356/4749 4764/3349/4742 4776/3358/4751
f 4779/3361/4754 4775/3359/4752 4777/3362/4755
f 4777/3362/4755 4775/3359/4752 4778/3363/4756
f 4775/3359/4752 4774/3360/4753 4778/3363/4756
f 4773/3357/4750 4775/3359/4752 4779/3361/4754
f 4779/3361/4754 4777/3362/4755 4781/3364/4757
f 4780/3365/4758 4779/3361/4754 4782/3366/4759
f 4780/3365/4758 4773/3357/4750 4779/3361/4754
f 4782/3366/4759 4779/3361/4754 4781/3364/4757
f 4214/2799/4193 4780/3365/4758 4782/3366/4759
f 4214/2799/4193 4782/3366/4759 4783/3367/4760
f 4783/3367/4760 4782/3366/4759 4784/3368/4761
f 4782/3366/4759 4781/3364/4757 4784/3368/4761
f 4783/3367/4760 4784/3368/4761 4227/2809/4203
f 4784/3368/4761 4785/3369/4762 4227/2809/4203
f 4784/3368/4761 4781/3364/4757 4785/3369/4762
f 4777/3362/4755 4785/3369/4762 4781/3364/4757
f 4777/3362/4755 4786/3370/4763 4785/3369/4762
f 4227/2809/4203 4785/3369/4762 4229/2813/4207
f 4785/3369/4762 4786/3370/4763 4787/3371/4764
f 4785/3369/4762 4787/3371/4764 4229/2813/4207
f 4788/3372/4765 4229/2813/4207 4787/3371/4764
f 4788/3372/4765 4787/3371/4764 4789/3373/4766
f 4790/3374/4767 4789/3373/4766 4787/3371/4764
f 4790/3374/4767 4787/3371/4764 4786/3370/4763
f 4791/3375/4768 4790/3374/4767 4786/3370/4763
f 4791/3375/4768 4786/3370/4763 4777/3362/4755
f 4777/3362/4755 4778/3363/4756 4791/3375/4768
f 4788/3372/4765 4789/3373/4766 4792/3376/4769
f 4233/2818/4212 4792/3376/4769 4793/3377/4770
f 4233/2818/4212 4788/3372/4765 4792/3376/4769
f 4232/2817/4211 4793/3377/4770 4794/3378/4771
f 4232/2817/4211 4233/2818/4212 4793/3377/4770
f 4237/2819/4213 4232/2817/4211 4794/3378/4771
f 4237/2819/4213 4794/3378/4771 4795/3379/4772
f 4237/2819/4213 4795/3379/4772 4796/3380/4773
f 4237/2819/4213 4796/3380/4773 4797/3381/4774
f 4797/3381/4774 4796/3380/4773 4748/3332/4725
f 4235/2820/4214 4237/2819/4213 4797/3381/4774
f 4235/2820/4214 4797/3381/4774 4798/3382/4775
f 4798/3382/4775 4797/3381/4774 4747/3331/4724
f 4797/3381/4774 4748/3332/4725 4747/3331/4724
f 4740/3324/4717 4798/3382/4775 4745/3329/4722
f 4740/3324/4717 4799/3383/4776 4798/3382/4775
f 4235/2820/4214 4798/3382/4775 4799/3383/4776
f 4798/3382/4775 4747/3331/4724 4745/3329/4722
f 4799/3383/4776 4740/3324/4717 4739/3323/4716
f 4236/2821/4215 4799/3383/4776 4800/3384/4777
f 4799/3383/4776 4739/3323/4716 4800/3384/4777
f 4235/2820/4214 4799/3383/4776 4236/2821/4215
f 4243/2828/4222 4800/3384/4777 4801/3385/4778
f 4800/3384/4777 4802/3386/4779 4801/3385/4778
f 4236/2821/4215 4800/3384/4777 4243/2828/4222
f 4800/3384/4777 4739/3323/4716 4802/3386/4779
f 4738/3322/4715 4802/3386/4779 4739/3323/4716
f 4738/3322/4715 4803/3387/4780 4802/3386/4779
f 4802/3386/4779 4803/3387/4780 4804/3388/4781
f 4801/3385/4778 4802/3386/4779 4805/3389/4782
f 4802/3386/4779 4804/3388/4781 4805/3389/4782
f 4806/3390/4783 4805/3389/4782 4804/3388/4781
f 4806/3390/4783 4807/3391/4784 4805/3389/4782
f 4801/3385/4778 4805/3389/4782 4807/3391/4784
f 4806/3390/4783 4808/3392/4785 4807/3391/4784
f 4809/3393/4786 4801/3385/4778 4807/3391/4784
f 4809/3393/4786 4807/3391/4784 4808/3392/4785
f 4809/3393/4786 4242/2827/4221 4801/3385/4778
f 4809/3393/4786 4241/2825/4219 4242/2827/4221
f 4245/2829/4223 4241/2825/4219 4809/3393/4786
f 4809/3393/4786 4808/3392/4785 4249/2834/4228
f 4245/2829/4223 4809/3393/4786 4249/2834/4228
f 4806/3390/4783 4810/3394/4787 4808/3392/4785
f 4250/2835/4229 4808/3392/4785 4810/3394/4787
f 4250/2835/4229 4249/2834/4228 4808/3392/4785
f 4806/3390/4783 4811/3395/4788 4810/3394/4787
f 4812/3396/4789 4810/3394/4787 4811/3395/4788
f 4812/3396/4789 4252/2836/4230 4810/3394/4787
f 4252/2836/4230 4250/2835/4229 4810/3394/4787
f 4812/3396/4789 4283/2868/4262 4255/2840/4234
f 4286/2870/4264 4283/2868/4262 4812/3396/4789
f 4812/3396/4789 4255/2840/4234 4252/2836/4230
f 4811/3395/4788 4286/2870/4264 4812/3396/4789
f 4813/3397/4790 4811/3395/4788 4806/3390/4783
f 4813/3397/4790 4814/3398/4791 4811/3395/4788
f 4811/3395/4788 4814/3398/4791 4286/2870/4264
f 4288/2873/4267 4286/2870/4264 4814/3398/4791
f 4813/3397/4790 4288/2873/4267 4814/3398/4791
f 4806/3390/4783 4804/3388/4781 4813/3397/4790
f 4813/3397/4790 4815/3399/4792 4288/2873/4267
f 4815/3399/4792 4813/3397/4790 4804/3388/4781
f 4815/3399/4792 4289/2874/4268 4288/2873/4267
f 4815/3399/4792 4816/3400/4793 4289/2874/4268
f 4816/3400/4793 4815/3399/4792 4817/3401/4794
f 4815/3399/4792 4804/3388/4781 4817/3401/4794
f 4803/3387/4780 4818/3402/4795 4817/3401/4794
f 4819/3403/4796 4817/3401/4794 4818/3402/4795
f 4816/3400/4793 4817/3401/4794 4819/3403/4796
f 4803/3387/4780 4817/3401/4794 4804/3388/4781
f 4819/3403/4796 4818/3402/4795 4821/3404/4797
f 4822/3405/4798 4819/3403/4796 4820/3406/4799
f 4820/3406/4799 4819/3403/4796 4821/3404/4797
f 4822/3405/4798 4816/3400/4793 4819/3403/4796
f 4296/2880/4274 4822/3405/4798 4823/3407/4800
f 4296/2880/4274 4297/2881/4275 4822/3405/4798
f 4820/3406/4799 4823/3407/4800 4822/3405/4798
f 4297/2881/4275 4816/3400/4793 4822/3405/4798
f 4296/2880/4274 4823/3407/4800 4302/2885/4279
f 4302/2885/4279 4823/3407/4800 4824/3408/4801
f 4820/3406/4799 4824/3408/4801 4823/3407/4800
f 4827/3409/4802 4825/3410/4803 4824/3408/4801
f 4826/3411/4804 4824/3408/4801 4825/3410/4803
f 4302/2885/4279 4824/3408/4801 4826/3411/4804
f 4827/3409/4802 4824/3408/4801 4820/3406/4799
f 4825/3410/4803 4827/3409/4802 4828/3412/4805
f 4820/3406/4799 4821/3404/4797 4827/3409/4802
f 4827/3409/4802 4821/3404/4797 4736/3319/4712
f 4827/3409/4802 4736/3319/4712 4828/3412/4805
f 4825/3410/4803 4828/3412/4805 4829/3413/4806
f 4830/3414/4807 4829/3413/4806 4828/3412/4805
f 4732/3315/4708 4828/3412/4805 4736/3319/4712
f 4732/3315/4708 4830/3414/4807 4828/3412/4805
f 4830/3414/4807 4833/3415/4808 4829/3413/4806
f 4830/3414/4807 4831/3416/4809 4833/3415/4808
f 4830/3414/4807 4832/3417/4810 4831/3416/4809
f 4728/3311/4704 4832/3417/4810 4830/3414/4807
f 4727/3312/4705 4830/3414/4807 4732/3315/4708
f 4727/3312/4705 4728/3311/4704 4830/3414/4807
f 4833/3415/4808 4835/3418/4811 4834/3419/4812
f 4829/3413/4806 4833/3415/4808 4834/3419/4812
f 4833/3415/4808 4831/3416/4809 4835/3418/4811
f 4834/3419/4812 4835/3418/4811 4836/3420/4813
f 4835/3418/4811 4837/3421/4814 4836/3420/4813
f 4831/3416/4809 4838/3422/4815 4835/3418/4811
f 4835/3418/4811 4838/3422/4815 4837/3421/4814
f 4838/3422/4815 4840/3423/4816 4839/3424/4817
f 4839/3424/4817 4837/3421/4814 4838/3422/4815
f 4838/3422/4815 4841/3425/4818 4840/3423/4816
f 4831/3416/4809 4841/3425/4818 4838/3422/4815
f 4841/3425/4818 4706/3290/4683 4840/3423/4816
f 4841/3425/4818 4842/3426/4819 4706/3290/4683
f 4832/3417/4810 4841/3425/4818 4831/3416/4809
f 4832/3417/4810 4842/3426/4819 4841/3425/4818
f 4706/3290/4683 4842/3426/4819 4708/3291/4684
f 4843/3427/4820 4842/3426/4819 4832/3417/4810
f 4843/3427/4820 4708/3291/4684 4842/3426/4819
f 4728/3311/4704 4843/3427/4820 4832/3417/4810
f 4708/3291/4684 4843/3427/4820 4710/3295/4688
f 4722/3307/4700 4843/3427/4820 4728/3311/4704
f 4722/3307/4700 4710/3295/4688 4843/3427/4820
f 4844/3428/4821 4839/3424/4817 4840/3423/4816
f 4840/3423/4816 4698/3282/4675 4844/3428/4821
f 4840/3423/4816 4706/3290/4683 4698/3282/4675
f 4844/3428/4821 4845/3429/4822 4839/3424/4817
f 4691/3276/4669 4845/3429/4822 4844/3428/4821
f 4698/3282/4675 4691/3276/4669 4844/3428/4821
f 4692/3277/4670 4846/3430/4823 4845/3429/4822
f 4845/3429/4822 4846/3430/4823 4847/3431/4824
f 4845/3429/4822 4847/3431/4824 4839/3424/4817
f 4691/3276/4669 4692/3277/4670 4845/3429/4822
f 4839/3424/4817 4847/3431/4824 4837/3421/4814
f 4847/3431/4824 4848/3432/4825 4837/3421/4814
f 4846/3430/4823 4849/3433/4826 4847/3431/4824
f 4847/3431/4824 4849/3433/4826 4848/3432/4825
f 4848/3432/4825 4849/3433/4826 4679/3263/4656
f 4679/3263/4656 4849/3433/4826 4680/3264/4657
f 4846/3430/4823 4680/3264/4657 4849/3433/4826
f 4836/3420/4813 4848/3432/4825 4850/3434/4827
f 4850/3434/4827 4848/3432/4825 4670/3254/4647
f 4836/3420/4813 4837/3421/4814 4848/3432/4825
f 4848/3432/4825 4679/3263/4656 4670/3254/4647
f 4851/3435/4828 4850/3434/4827 4667/3252/4645
f 4852/3436/4829 4850/3434/4827 4851/3435/4828
f 4850/3434/4827 4670/3254/4647 4667/3252/4645
f 4852/3436/4829 4836/3420/4813 4850/3434/4827
f 4855/3437/4830 4834/3419/4812 4852/3436/4829
f 4834/3419/4812 4836/3420/4813 4852/3436/4829
f 4852/3436/4829 4851/3435/4828 4853/3438/4831
f 4852/3436/4829 4853/3438/4831 4854/3439/4832
f 4855/3437/4830 4852/3436/4829 4854/3439/4832
f 4829/3413/4806 4834/3419/4812 4855/3437/4830
f 4856/3440/4833 4855/3437/4830 4854/3439/4832
f 4825/3410/4803 4855/3437/4830 4856/3440/4833
f 4825/3410/4803 4829/3413/4806 4855/3437/4830
f 4856/3440/4833 4854/3439/4832 4857/3441/4834
f 4856/3440/4833 4857/3441/4834 4301/2886/4280
f 4826/3411/4804 4825/3410/4803 4856/3440/4833
f 4856/3440/4833 4301/2886/4280 4826/3411/4804
f 4854/3439/4832 4858/3442/4835 4857/3441/4834
f 4857/3441/4834 4858/3442/4835 4305/2890/4284
f 4857/3441/4834 4305/2890/4284 4301/2886/4280
f 4854/3439/4832 4853/3438/4831 4858/3442/4835
f 4858/3442/4835 4853/3438/4831 4662/3246/4639
f 4858/3442/4835 4662/3246/4639 4309/2893/4287
f 4304/2888/4282 4858/3442/4835 4309/2893/4287
f 4304/2888/4282 4305/2890/4284 4858/3442/4835
f 4853/3438/4831 4851/3435/4828 4665/3249/4642
f 4853/3438/4831 4665/3249/4642 4662/3246/4639
f 4851/3435/4828 4667/3252/4645 4665/3249/4642
f 4692/3277/4670 4682/3266/4659 4846/3430/4823
f 4682/3266/4659 4680/3264/4657 4846/3430/4823
f 4301/2886/4280 4302/2885/4279 4826/3411/4804
f 4821/3404/4797 4818/3402/4795 4735/3320/4713
f 4821/3404/4797 4735/3320/4713 4736/3319/4712
f 4738/3322/4715 4735/3320/4713 4818/3402/4795
f 4738/3322/4715 4818/3402/4795 4803/3387/4780
f 4297/2881/4275 4289/2874/4268 4816/3400/4793
f 4243/2828/4222 4801/3385/4778 4242/2827/4221
f 4230/2814/4208 4788/3372/4765 4233/2818/4212
f 4788/3372/4765 4230/2814/4208 4229/2813/4207
f 4218/2803/4197 4783/3367/4760 4225/2810/4204
f 4218/2803/4197 4213/2798/4192 4783/3367/4760
f 4213/2798/4192 4214/2799/4193 4783/3367/4760
f 4783/3367/4760 4227/2809/4203 4225/2810/4204
f 4859/3443/4836 4773/3357/4750 4780/3365/4758
f 4214/2799/4193 4859/3443/4836 4780/3365/4758
f 4859/3443/4836 4214/2799/4193 4209/2793/4187
f 4859/3443/4836 4860/3444/4837 4773/3357/4750
f 4860/3444/4837 4859/3443/4836 4176/2759/4153
f 4859/3443/4836 4209/2793/4187 4176/2759/4153
f 4769/3355/4748 4860/3444/4837 4771/3353/4746
f 4769/3355/4748 4773/3357/4750 4860/3444/4837
f 4771/3353/4746 4860/3444/4837 4172/2757/4151
f 4860/3444/4837 4176/2759/4153 4172/2757/4151
f 4771/3353/4746 4861/3445/4838 4767/3350/4743
f 4771/3353/4746 4173/2756/4150 4861/3445/4838
f 4771/3353/4746 4172/2757/4151 4173/2756/4150
f 4170/2754/4148 4861/3445/4838 4173/2756/4150
f 4170/2754/4148 4862/3446/4839 4861/3445/4838
f 4862/3446/4839 4767/3350/4743 4861/3445/4838
f 4170/2754/4148 4863/3447/4840 4862/3446/4839
f 4862/3446/4839 4766/3351/4744 4767/3350/4743
f 4766/3351/4744 4862/3446/4839 4863/3447/4840
f 4766/3351/4744 4863/3447/4840 4867/3448/4841
f 4863/3447/4840 4864/3449/4842 4867/3448/4841
f 4863/3447/4840 4865/3450/4843 4864/3449/4842
f 4866/3451/4844 4865/3450/4843 4863/3447/4840
f 4170/2754/4148 4866/3451/4844 4863/3447/4840
f 4864/3449/4842 4762/3346/4739 4867/3448/4841
f 4766/3351/4744 4867/3448/4841 4762/3346/4739
f 4866/3451/4844 4868/3452/4845 4865/3450/4843
f 4868/3452/4845 4866/3451/4844 4869/3453/4846
f 4169/2753/4147 4866/3451/4844 4170/2754/4148
f 4169/2753/4147 4869/3453/4846 4866/3451/4844
f 4169/2753/4147 4160/2744/4138 4869/3453/4846
f 4160/2744/4138 4870/3454/4847 4869/3453/4846
f 4868/3452/4845 4869/3453/4846 4870/3454/4847
f 4160/2744/4138 4871/3455/4848 4870/3454/4847
f 4871/3455/4848 4872/3456/4849 4870/3454/4847
f 4873/3457/4850 4870/3454/4847 4872/3456/4849
f 4873/3457/4850 4868/3452/4845 4870/3454/4847
f 4865/3450/4843 4873/3457/4850 4874/3458/4851
f 4873/3457/4850 4875/3459/4852 4874/3458/4851
f 4876/3460/4853 4873/3457/4850 4872/3456/4849
f 4865/3450/4843 4868/3452/4845 4873/3457/4850
f 4873/3457/4850 4876/3460/4853 4875/3459/4852
f 4878/3461/4854 4875/3459/4852 4876/3460/4853
f 4878/3461/4854 4876/3460/4853 4877/3462/4855
f 4877/3462/4855 4876/3460/4853 4879/3463/4856
f 4876/3460/4853 4872/3456/4849 4879/3463/4856
f 4880/3464/4857 4879/3463/4856 4872/3456/4849
f 4880/3464/4857 4881/3465/4858 4879/3463/4856
f 4881/3465/4858 4882/3466/4859 4879/3463/4856
f 4877/3462/4855 4879/3463/4856 4882/3466/4859
f 4882/3466/4859 4883/3467/4860 4877/3462/4855
f 4882/3466/4859 4884/3468/4861 4883/3467/4860
f 4886/3469/4862 4884/3468/4861 4882/3466/4859
f 4881/3465/4858 4885/3470/4863 4882/3466/4859
f 4886/3469/4862 4882/3466/4859 4885/3470/4863
f 4125/2711/4105 4886/3469/4862 4888/3471/4864
f 4886/3469/4862 4125/2711/4105 4126/2709/4103
f 4886/3469/4862 4126/2709/4103 4884/3468/4861
f 4886/3469/4862 4887/3472/4865 4888/3471/4864
f 4886/3469/4862 4885/3470/4863 4887/3472/4865
f 4888/3471/4864 4145/2729/4123 4144/2728/4122
f 4888/3471/4864 4887/3472/4865 4145/2729/4123
f 4129/2714/4108 4888/3471/4864 4144/2728/4122
f 4125/2711/4105 4888/3471/4864 4129/2714/4108
f 4146/2730/4124 4887/3472/4865 4889/3473/4866
f 4146/2730/4124 4145/2729/4123 4887/3472/4865
f 4887/3472/4865 4881/3465/4858 4889/3473/4866
f 4887/3472/4865 4885/3470/4863 4881/3465/4858
f 4152/2737/4131 4146/2730/4124 4889/3473/4866
f 4152/2737/4131 4889/3473/4866 4156/2741/4135
f 4889/3473/4866 4880/3464/4857 4156/2741/4135
f 4889/3473/4866 4881/3465/4858 4880/3464/4857
f 4883/3467/4860 4884/3468/4861 4126/2709/4103
f 4890/3474/4867 4891/3475/4868 4883/3467/4860
f 4883/3467/4860 4126/2709/4103 4890/3474/4867
f 4877/3462/4855 4883/3467/4860 4891/3475/4868
f 4894/3476/4869 4891/3475/4868 4892/3477/4870
f 4893/3478/4871 4892/3477/4870 4891/3475/4868
f 4890/3474/4867 4893/3478/4871 4891/3475/4868
f 4894/3476/4869 4878/3461/4854 4891/3475/4868
f 4877/3462/4855 4891/3475/4868 4878/3461/4854
f 4892/3477/4870 4895/3479/4872 4894/3476/4869
f 4894/3476/4869 4895/3479/4872 4897/3480/4873
f 4896/3481/4874 4878/3461/4854 4894/3476/4869
f 4894/3476/4869 4897/3480/4873 4896/3481/4874
f 4897/3480/4873 4898/3482/4875 4899/3483/4876
f 4897/3480/4873 4895/3479/4872 4898/3482/4875
f 4900/3484/4877 4897/3480/4873 4899/3483/4876
f 4896/3481/4874 4897/3480/4873 4900/3484/4877
f 4900/3484/4877 4899/3483/4876 4759/3343/4736
f 4761/3345/4738 4900/3484/4877 4759/3343/4736
f 4896/3481/4874 4900/3484/4877 4901/3485/4878
f 4901/3485/4878 4900/3484/4877 4761/3345/4738
f 4864/3449/4842 4874/3458/4851 4901/3485/4878
f 4874/3458/4851 4896/3481/4874 4901/3485/4878
f 4901/3485/4878 4761/3345/4738 4864/3449/4842
f 4902/3486/4879 4899/3483/4876 4898/3482/4875
f 4758/3342/4735 4899/3483/4876 4902/3486/4879
f 4758/3342/4735 4759/3343/4736 4899/3483/4876
f 4902/3486/4879 4898/3482/4875 4904/3487/4880
f 4758/3342/4735 4902/3486/4879 4903/3488/4881
f 4904/3487/4880 4903/3488/4881 4902/3486/4879
f 4906/3489/4882 4905/3490/4883 4904/3487/4880
f 4904/3487/4880 4905/3490/4883 4903/3488/4881
f 4906/3489/4882 4904/3487/4880 4907/3491/4884
f 4908/3492/4885 4907/3491/4884 4904/3487/4880
f 4908/3492/4885 4904/3487/4880 4898/3482/4875
f 4910/3493/4886 4909/3494/4887 4908/3492/4885
f 4909/3494/4887 4907/3491/4884 4908/3492/4885
f 4895/3479/4872 4908/3492/4885 4898/3482/4875
f 4895/3479/4872 4910/3493/4886 4908/3492/4885
f 4910/3493/4886 4911/3495/4888 4909/3494/4887
f 4912/3496/4889 4911/3495/4888 4910/3493/4886
f 4912/3496/4889 4910/3493/4886 4892/3477/4870
f 4892/3477/4870 4910/3493/4886 4895/3479/4872
f 4911/3495/4888 4912/3496/4889 4913/3497/4890
f 4893/3478/4871 4912/3496/4889 4892/3477/4870
f 4893/3478/4871 4913/3497/4890 4912/3496/4889
f 4913/3497/4890 4914/3498/4891 4916/3499/4892
f 4913/3497/4890 4918/3500/4893 4914/3498/4891
f 4913/3497/4890 4915/3501/4894 4917/3502/4895
f 4913/3497/4890 4916/3499/4892 4915/3501/4894
f 4911/3495/4888 4913/3497/4890 4917/3502/4895
f 4893/3478/4871 4918/3500/4893 4913/3497/4890
f 4919/3503/4896 4914/3498/4891 4918/3500/4893
f 4890/3474/4867 4918/3500/4893 4893/3478/4871
f 4890/3474/4867 4919/3503/4896 4918/3500/4893
f 4919/3503/4896 4922/3504/4897 4914/3498/4891
f 4921/3505/4898 4919/3503/4896 4890/3474/4867
f 4919/3503/4896 4920/3506/4899 4922/3504/4897
f 4919/3503/4896 4921/3505/4898 4920/3506/4899
f 4923/3507/4900 4922/3504/4897 4920/3506/4899
f 4923/3507/4900 4924/3508/4901 4922/3504/4897
f 4924/3508/4901 4914/3498/4891 4922/3504/4897
f 4925/3509/4902 4924/3508/4901 4923/3507/4900
f 4925/3509/4902 4926/3510/4903 4924/3508/4901
f 4928/3511/4904 4924/3508/4901 4926/3510/4903
f 4924/3508/4901 4927/3512/4905 4914/3498/4891
f 4928/3511/4904 4927/3512/4905 4924/3508/4901
f 4928/3511/4904 4929/3513/4906 4927/3512/4905
f 4928/3511/4904 4930/3514/4907 4929/3513/4906
f 4931/3515/4908 4930/3514/4907 4928/3511/4904
f 4931/3515/4908 4928/3511/4904 4926/3510/4903
f 4931/3515/4908 4932/3516/4909 4934/3517/4910
f 4931/3515/4908 4933/3518/4911 4932/3516/4909
f 4931/3515/4908 4926/3510/4903 4933/3518/4911
f 4935/3519/4912 4931/3515/4908 4934/3517/4910
f 4931/3515/4908 4935/3519/4912 4930/3514/4907
f 4935/3519/4912 4934/3517/4910 4937/3520/4913
f 4935/3519/4912 4936/3521/4914 4938/3522/4915
f 4936/3521/4914 4935/3519/4912 4937/3520/4913
f 4935/3519/4912 4938/3522/4915 4930/3514/4907
f 4930/3514/4907 4938/3522/4915 4939/3523/4916
f 4939/3523/4916 4938/3522/4915 4941/3524/4917
f 4938/3522/4915 4940/3525/4918 4941/3524/4917
f 4938/3522/4915 4936/3521/4914 4940/3525/4918
f 4940/3525/4918 4942/3526/4919 4941/3524/4917
f 4941/3524/4917 4942/3526/4919 4944/3527/4920
f 4939/3523/4916 4941/3524/4917 4943/3528/4921
f 4941/3524/4917 4944/3527/4920 4943/3528/4921
f 4942/3526/4919 4945/3529/4922 4944/3527/4920
f 4944/3527/4920 4945/3529/4922 4946/3530/4923
f 4944/3527/4920 4946/3530/4923 4947/3531/4924
f 4944/3527/4920 4947/3531/4924 4948/3532/4925
f 4944/3527/4920 4948/3532/4925 4943/3528/4921
f 4917/3502/4895 4948/3532/4925 4949/3533/4926
f 4917/3502/4895 4915/3501/4894 4948/3532/4925
f 4948/3532/4925 4950/3534/4927 4949/3533/4926
f 4948/3532/4925 4947/3531/4924 4950/3534/4927
f 4948/3532/4925 4939/3523/4916 4943/3528/4921
f 4948/3532/4925 4915/3501/4894 4939/3523/4916
f 4949/3533/4926 4950/3534/4927 4951/3535/4928
f 4952/3536/4929 4951/3535/4928 4950/3534/4927
f 4953/3537/4930 4950/3534/4927 4947/3531/4924
f 4953/3537/4930 4952/3536/4929 4950/3534/4927
f 4955/3538/4931 4954/3539/4932 4953/3537/4930
f 4954/3539/4932 4952/3536/4929 4953/3537/4930
f 4946/3530/4923 4953/3537/4930 4947/3531/4924
f 4946/3530/4923 4955/3538/4931 4953/3537/4930
f 4946/3530/4923 4956/3540/4933 4955/3538/4931
f 4955/3538/4931 4956/3540/4933 4957/3541/4934
f 4955/3538/4931 4957/3541/4934 4958/3542/4935
f 4955/3538/4931 4958/3542/4935 4954/3539/4932
f 4959/3543/4936 4954/3539/4932 4958/3542/4935
f 4960/3544/4937 4959/3543/4936 4958/3542/4935
f 4960/3544/4937 4958/3542/4935 4957/3541/4934
f 4961/3545/4938 4962/3546/4939 4960/3544/4937
f 4957/3541/4934 4961/3545/4938 4960/3544/4937
f 4962/3546/4939 4959/3543/4936 4960/3544/4937
f 4961/3545/4938 4963/3547/4940 4962/3546/4939
f 4963/3547/4940 4965/3548/4941 4962/3546/4939
f 4962/3546/4939 4964/3549/4942 4966/3550/4943
f 4962/3546/4939 4965/3548/4941 4964/3549/4942
f 4962/3546/4939 4966/3550/4943 4959/3543/4936
f 4966/3550/4943 4964/3549/4942 4967/3551/4944
f 4966/3550/4943 4967/3551/4944 4968/3552/4945
f 4959/3543/4936 4966/3550/4943 4968/3552/4945
f 4959/3543/4936 4968/3552/4945 4969/3553/4946
f 4968/3552/4945 4713/3297/4690 4969/3553/4946
f 4968/3552/4945 4712/3296/4689 4713/3297/4690
f 4967/3551/4944 4712/3296/4689 4968/3552/4945
f 4959/3543/4936 4969/3553/4946 4954/3539/4932
f 4713/3297/4690 4954/3539/4932 4969/3553/4946
f 4964/3549/4942 4970/3554/4947 4967/3551/4944
f 4971/3555/4948 4967/3551/4944 4970/3554/4947
f 4967/3551/4944 4971/3555/4948 4712/3296/4689
f 4702/3286/4679 4971/3555/4948 4972/3556/4949
f 4702/3286/4679 4703/3287/4680 4971/3555/4948
f 4971/3555/4948 4970/3554/4947 4972/3556/4949
f 4971/3555/4948 4703/3287/4680 4707/3292/4685
f 4971/3555/4948 4707/3292/4685 4712/3296/4689
f 4974/3557/4950 4973/3558/4951 4972/3556/4949
f 4973/3558/4951 4702/3286/4679 4972/3556/4949
f 4974/3557/4950 4972/3556/4949 4970/3554/4947
f 4975/3559/4952 4974/3557/4950 4970/3554/4947
f 4975/3559/4952 4976/3560/4953 4974/3557/4950
f 4976/3560/4953 4977/3561/4954 4974/3557/4950
f 4974/3557/4950 4977/3561/4954 4978/3562/4955
f 4974/3557/4950 4978/3562/4955 4973/3558/4951
f 4977/3561/4954 4980/3563/4956 4978/3562/4955
f 4973/3558/4951 4978/3562/4955 4981/3564/4957
f 4978/3562/4955 4979/3565/4958 4981/3564/4957
f 4978/3562/4955 4980/3563/4956 4979/3565/4958
f 4982/3566/4959 4981/3564/4957 4983/3567/4960
f 4982/3566/4959 4701/3285/4678 4981/3564/4957
f 4973/3558/4951 4981/3564/4957 4701/3285/4678
f 4982/3566/4959 4983/3567/4960 4984/3568/4961
f 4984/3568/4961 4983/3567/4960 4985/3569/4962
f 4986/3570/4963 4985/3569/4962 4987/3571/4964
f 4984/3568/4961 4985/3569/4962 4986/3570/4963
f 4986/3570/4963 4987/3571/4964 4988/3572/4965
f 4988/3572/4965 4987/3571/4964 4989/3573/4966
f 4988/3572/4965 4989/3573/4966 4990/3574/4967
f 4990/3574/4967 4989/3573/4966 4991/3575/4968
f 4990/3574/4967 4991/3575/4968 4992/3576/4969
f 4992/3576/4969 4991/3575/4968 4993/3577/4970
f 4994/3578/4971 4993/3577/4970 4995/3579/4972
f 4992/3576/4969 4993/3577/4970 4994/3578/4971
f 4994/3578/4971 4995/3579/4972 4996/3580/4973
f 4996/3580/4973 4995/3579/4972 4617/3202/4595
f 4996/3580/4973 4617/3202/4595 4623/3208/4601
f 4623/3208/4601 4998/3581/4974 4996/3580/4973
f 4997/3582/4975 4994/3578/4971 4996/3580/4973
f 4997/3582/4975 4996/3580/4973 4998/3581/4974
f 4623/3208/4601 4621/3207/4600 4998/3581/4974
f 4621/3207/4600 4999/3583/4976 4998/3581/4974
f 4999/3583/4976 4997/3582/4975 4998/3581/4974
f 4621/3207/4600 5000/3584/4977 4999/3583/4976
f 4999/3583/4976 5001/3585/4978 4997/3582/4975
f 5000/3584/4977 5002/3586/4979 4999/3583/4976
f 5002/3586/4979 5001/3585/4978 4999/3583/4976
f 5002/3586/4979 5003/3587/4980 5001/3585/4978
f 4636/3220/4613 5003/3587/4980 5002/3586/4979
f 5000/3584/4977 4633/3219/4612 5002/3586/4979
f 4633/3219/4612 4636/3220/4613 5002/3586/4979
f 4636/3220/4613 5004/3588/4981 5003/3587/4980
f 5003/3587/4980 5004/3588/4981 4677/3261/4654
f 5001/3585/4978 5003/3587/4980 5005/3589/4982
f 5003/3587/4980 4677/3261/4654 5005/3589/4982
f 4677/3261/4654 4685/3269/4662 5005/3589/4982
f 5005/3589/4982 4685/3269/4662 5007/3590/4983
f 5001/3585/4978 5005/3589/4982 5006/3591/4984
f 5005/3589/4982 5007/3590/4983 5006/3591/4984
f 5007/3590/4983 5008/3592/4985 5009/3593/4986
f 5007/3590/4983 4686/3270/4663 5008/3592/4985
f 4685/3269/4662 4686/3270/4663 5007/3590/4983
f 5006/3591/4984 5007/3590/4983 5009/3593/4986
f 5008/3592/4985 4990/3574/4967 5009/3593/4986
f 5009/3593/4986 4990/3574/4967 4992/3576/4969
f 5009/3593/4986 4992/3576/4969 5010/3594/4987
f 5006/3591/4984 5009/3593/4986 5010/3594/4987
f 4994/3578/4971 4997/3582/4975 5010/3594/4987
f 4997/3582/4975 5006/3591/4984 5010/3594/4987
f 4994/3578/4971 5010/3594/4987 4992/3576/4969
f 4686/3270/4663 4689/3274/4667 5008/3592/4985
f 5008/3592/4985 4988/3572/4965 4990/3574/4967
f 4689/3274/4667 4988/3572/4965 5008/3592/4985
f 4997/3582/4975 5001/3585/4978 5006/3591/4984
f 5004/3588/4981 4639/3223/4616 4674/3259/4652
f 4677/3261/4654 5004/3588/4981 4674/3259/4652
f 5004/3588/4981 4636/3220/4613 4639/3223/4616
f 4622/3205/4598 5000/3584/4977 4621/3207/4600
f 4622/3205/4598 4634/3217/4610 5000/3584/4977
f 4634/3217/4610 4633/3219/4612 5000/3584/4977
f 4689/3274/4667 4986/3570/4963 4988/3572/4965
f 4986/3570/4963 5011/3595/4988 4984/3568/4961
f 4986/3570/4963 4689/3274/4667 5011/3595/4988
f 5011/3595/4988 4695/3279/4672 5012/3596/4989
f 5011/3595/4988 4688/3273/4666 4695/3279/4672
f 4689/3274/4667 4688/3273/4666 5011/3595/4988
f 4984/3568/4961 5011/3595/4988 5012/3596/4989
f 4695/3279/4672 4700/3284/4677 5012/3596/4989
f 4700/3284/4677 4982/3566/4959 5012/3596/4989
f 4984/3568/4961 5012/3596/4989 4982/3566/4959
f 4700/3284/4677 4701/3285/4678 4982/3566/4959
f 4977/3561/4954 5013/3597/4990 4980/3563/4956
f 5014/3598/4991 5013/3597/4990 4977/3561/4954
f 5014/3598/4991 5015/3599/4992 5013/3597/4990
f 5017/3600/4993 5015/3599/4992 5014/3598/4991
f 5017/3600/4993 5016/3601/4994 5015/3599/4992
f 5019/3602/4995 5017/3600/4993 5018/3603/4996
f 5018/3603/4996 5017/3600/4993 5014/3598/4991
f 5019/3602/4995 5020/3604/4997 5017/3600/4993
f 5020/3604/4997 5016/3601/4994 5017/3600/4993
f 5023/3605/4998 5020/3604/4997 5019/3602/4995
f 5020/3604/4997 5021/3606/4999 5016/3601/4994
f 5022/3607/5000 5021/3606/4999 5020/3604/4997
f 5023/3605/4998 5022/3607/5000 5020/3604/4997
f 5024/3608/5001 5023/3605/4998 5026/3609/5002
f 5024/3608/5001 5025/3610/5003 5023/3605/4998
f 5026/3609/5002 5023/3605/4998 5019/3602/4995
f 5022/3607/5000 5023/3605/4998 5025/3610/5003
f 5028/3611/5004 5024/3608/5001 5026/3609/5002
f 5026/3609/5002 5019/3602/4995 5027/3612/5005
f 5029/3613/5006 5026/3609/5002 5027/3612/5005
f 5028/3611/5004 5026/3609/5002 5029/3613/5006
f 5030/3614/5007 5028/3611/5004 5029/3613/5006
f 5029/3613/5006 5027/3612/5005 5032/3615/5008
f 5030/3614/5007 5029/3613/5006 5031/3616/5009
f 5031/3616/5009 5029/3613/5006 5032/3615/5008
f 5031/3616/5009 5032/3615/5008 4963/3547/4940
f 4963/3547/4940 5032/3615/5008 4965/3548/4941
f 5032/3615/5008 5033/3617/5010 4965/3548/4941
f 5032/3615/5008 5027/3612/5005 5033/3617/5010
f 4975/3559/4952 4965/3548/4941 5033/3617/5010
f 4976/3560/4953 4975/3559/4952 5033/3617/5010
f 4976/3560/4953 5033/3617/5010 5018/3603/4996
f 5027/3612/5005 5018/3603/4996 5033/3617/5010
f 5035/3618/5011 5031/3616/5009 4963/3547/4940
f 5034/3619/5012 5031/3616/5009 5035/3618/5011
f 5034/3619/5012 5030/3614/5007 5031/3616/5009
f 5036/3620/5013 5035/3618/5011 5037/3621/5014
f 5036/3620/5013 5034/3619/5012 5035/3618/5011
f 5038/3622/5015 5037/3621/5014 5035/3618/5011
f 5038/3622/5015 5035/3618/5011 4961/3545/4938
f 5035/3618/5011 4963/3547/4940 4961/3545/4938
f 4957/3541/4934 5038/3622/5015 4961/3545/4938
f 4956/3540/4933 5038/3622/5015 4957/3541/4934
f 4956/3540/4933 5039/3623/5016 5038/3622/5015
f 5039/3623/5016 5037/3621/5014 5038/3622/5015
f 5041/3624/5017 5039/3623/5016 4956/3540/4933
f 5042/3625/5018 5040/3626/5019 5039/3623/5016
f 5039/3623/5016 5040/3626/5019 5037/3621/5014
f 5041/3624/5017 5042/3625/5018 5039/3623/5016
f 5042/3625/5018 5043/3627/5020 5040/3626/5019
f 5044/3628/5021 5043/3627/5020 5042/3625/5018
f 5045/3629/5022 5044/3628/5021 5042/3625/5018
f 5045/3629/5022 5042/3625/5018 5041/3624/5017
f 4946/3530/4923 4945/3529/4922 5045/3629/5022
f 4945/3529/4922 5046/3630/5023 5045/3629/5022
f 5046/3630/5023 5044/3628/5021 5045/3629/5022
f 4946/3530/4923 5045/3629/5022 5041/3624/5017
f 5046/3630/5023 5047/3631/5024 5050/3632/5025
f 4945/3529/4922 5047/3631/5024 5046/3630/5023
f 5046/3630/5023 5048/3633/5026 5044/3628/5021
f 5049/3634/5027 5048/3633/5026 5046/3630/5023
f 5046/3630/5023 5050/3632/5025 5049/3634/5027
f 5053/3635/5028 5050/3632/5025 5047/3631/5024
f 5051/3636/5029 5050/3632/5025 5053/3635/5028
f 5051/3636/5029 5052/3637/5030 5050/3632/5025
f 5052/3637/5030 5049/3634/5027 5050/3632/5025
f 5053/3635/5028 5054/3638/5031 5051/3636/5029
f 5053/3635/5028 4940/3525/4918 5054/3638/5031
f 4940/3525/4918 5053/3635/5028 4942/3526/4919
f 5053/3635/5028 5047/3631/5024 4942/3526/4919
f 4940/3525/4918 5055/3639/5032 5054/3638/5031
f 5054/3638/5031 5055/3639/5032 5056/3640/5033
f 5051/3636/5029 5054/3638/5031 5057/3641/5034
f 5054/3638/5031 5056/3640/5033 5057/3641/5034
f 5059/3642/5035 5058/3643/5036 5057/3641/5034
f 5051/3636/5029 5057/3641/5034 5058/3643/5036
f 5056/3640/5033 5059/3642/5035 5057/3641/5034
f 5061/3644/5037 5060/3645/5038 5059/3642/5035
f 5059/3642/5035 5060/3645/5038 5058/3643/5036
f 5062/3646/5039 5061/3644/5037 5059/3642/5035
f 5056/3640/5033 5062/3646/5039 5059/3642/5035
f 5064/3647/5040 5063/3648/5041 5062/3646/5039
f 5063/3648/5041 5065/3649/5042 5062/3646/5039
f 5062/3646/5039 5065/3649/5042 5061/3644/5037
f 5064/3647/5040 5062/3646/5039 5056/3640/5033
f 5063/3648/5041 5066/3650/5043 5065/3649/5042
f 5066/3650/5043 5067/3651/5044 5065/3649/5042
f 5065/3649/5042 5067/3651/5044 5068/3652/5045
f 5065/3649/5042 5068/3652/5045 5061/3644/5037
f 5072/3653/5046 5069/3654/5047 5068/3652/5045
f 5068/3652/5045 5069/3654/5047 5071/3655/5048
f 5068/3652/5045 5071/3655/5048 5061/3644/5037
f 5070/3656/5049 5068/3652/5045 5067/3651/5044
f 5072/3653/5046 5068/3652/5045 5070/3656/5049
f 5074/3657/5050 5069/3654/5047 5072/3653/5046
f 5075/3658/5051 5073/3659/5052 5072/3653/5046
f 5073/3659/5052 5074/3657/5050 5072/3653/5046
f 5075/3658/5051 5072/3653/5046 5070/3656/5049
f 5077/3660/5053 5076/3661/5054 5075/3658/5051
f 5076/3661/5054 5078/3662/5055 5075/3658/5051
f 5077/3660/5053 5075/3658/5051 5070/3656/5049
f 5078/3662/5055 5073/3659/5052 5075/3658/5051
f 5076/3661/5054 5080/3663/5056 5078/3662/5055
f 5078/3662/5055 5081/3664/5057 5073/3659/5052
f 5080/3663/5056 5079/3665/5058 5078/3662/5055
f 5079/3665/5058 5081/3664/5057 5078/3662/5055
f 5082/3666/5059 5073/3659/5052 5081/3664/5057
f 5083/3667/5060 5082/3666/5059 5081/3664/5057
f 5079/3665/5058 5083/3667/5060 5081/3664/5057
f 5083/3667/5060 5084/3668/5061 5082/3666/5059
f 5085/3669/5062 5084/3668/5061 5086/3670/5063
f 5085/3669/5062 5082/3666/5059 5084/3668/5061
f 5088/3671/5064 5086/3670/5063 5087/3672/5065
f 5088/3671/5064 5085/3669/5062 5086/3670/5063
f 5089/3673/5066 5088/3671/5064 5090/3674/5067
f 5085/3669/5062 5088/3671/5064 5089/3673/5066
f 5090/3674/5067 5088/3671/5064 5087/3672/5065
f 5089/3673/5066 5090/3674/5067 5091/3675/5068
f 5090/3674/5067 5092/3676/5069 5091/3675/5068
f 5090/3674/5067 5093/3677/5070 5092/3676/5069
f 5094/3678/5071 5093/3677/5070 5090/3674/5067
f 5090/3674/5067 5087/3672/5065 5094/3678/5071
f 5094/3678/5071 5095/3679/5072 5093/3677/5070
f 5093/3677/5070 5095/3679/5072 5096/3680/5073
f 5098/3681/5074 5096/3680/5073 5097/3682/5075
f 5093/3677/5070 5096/3680/5073 5098/3681/5074
f 5098/3681/5074 5092/3676/5069 5093/3677/5070
f 5098/3681/5074 5100/3683/5076 5092/3676/5069
f 5098/3681/5074 5097/3682/5075 5099/3684/5077
f 5101/3685/5078 5098/3681/5074 5099/3684/5077
f 5101/3685/5078 5100/3683/5076 5098/3681/5074
f 5102/3686/5079 5101/3685/5078 5104/3687/5080
f 5102/3686/5079 5103/3688/5081 5101/3685/5078
f 5103/3688/5081 5100/3683/5076 5101/3685/5078
f 5101/3685/5078 5105/3689/5082 5104/3687/5080
f 5101/3685/5078 5099/3684/5077 5105/3689/5082
f 5099/3684/5077 5106/3690/5083 5105/3689/5082
f 5105/3689/5082 5106/3690/5083 5107/3691/5084
f 5104/3687/5080 5105/3689/5082 5108/3692/5085
f 5105/3689/5082 5107/3691/5084 5108/3692/5085
f 5107/3691/5084 5109/3693/5086 5108/3692/5085
f 5108/3692/5085 5109/3693/5086 5111/3694/5087
f 5104/3687/5080 5108/3692/5085 5110/3695/5088
f 5108/3692/5085 5111/3694/5087 5110/3695/5088
f 5111/3694/5087 5112/3696/5089 5115/3697/5090
f 5113/3698/5091 5112/3696/5089 5111/3694/5087
f 5113/3698/5091 5111/3694/5087 5114/3699/5092
f 5109/3693/5086 5114/3699/5092 5111/3694/5087
f 5111/3694/5087 5115/3697/5090 5110/3695/5088
f 5116/3700/5093 5102/3686/5079 5115/3697/5090
f 5115/3697/5090 5102/3686/5079 5104/3687/5080
f 5112/3696/5089 5116/3700/5093 5115/3697/5090
f 5115/3697/5090 5104/3687/5080 5110/3695/5088
f 5117/3701/5094 5116/3700/5093 5118/3702/5095
f 5117/3701/5094 5120/3703/5096 5116/3700/5093
f 5116/3700/5093 5119/3704/5097 5102/3686/5079
f 5112/3696/5089 5118/3702/5095 5116/3700/5093
f 5120/3703/5096 5119/3704/5097 5116/3700/5093
f 5121/3705/5098 5120/3703/5096 5122/3706/5099
f 5121/3705/5098 5124/3707/5100 5120/3703/5096
f 5120/3703/5096 5124/3707/5100 5119/3704/5097
f 5120/3703/5096 5123/3708/5101 5122/3706/5099
f 5120/3703/5096 5117/3701/5094 5123/3708/5101
f 5125/3709/5102 5124/3707/5100 5121/3705/5098
f 5125/3709/5102 5126/3710/5103 5124/3707/5100
f 5124/3707/5100 5126/3710/5103 5127/3711/5104
f 5124/3707/5100 5127/3711/5104 5119/3704/5097
f 5127/3711/5104 5128/3712/5105 5129/3713/5106
f 5126/3710/5103 5128/3712/5105 5127/3711/5104
f 5119/3704/5097 5127/3711/5104 5103/3688/5081
f 5127/3711/5104 5129/3713/5106 5103/3688/5081
f 5092/3676/5069 5129/3713/5106 5130/3714/5107
f 5092/3676/5069 5100/3683/5076 5129/3713/5106
f 5103/3688/5081 5129/3713/5106 5100/3683/5076
f 5129/3713/5106 5131/3715/5108 5130/3714/5107
f 5129/3713/5106 5128/3712/5105 5131/3715/5108
f 5128/3712/5105 5134/3716/5109 5131/3715/5108
f 5131/3715/5108 5132/3717/5110 5133/3718/5111
f 5131/3715/5108 5134/3716/5109 5132/3717/5110
f 5131/3715/5108 5133/3718/5111 5135/3719/5112
f 5131/3715/5108 5135/3719/5112 5130/3714/5107
f 5130/3714/5107 5135/3719/5112 5091/3675/5068
f 5135/3719/5112 5089/3673/5066 5091/3675/5068
f 5135/3719/5112 5136/3720/5113 5089/3673/5066
f 5133/3718/5111 5136/3720/5113 5135/3719/5112
f 5137/3721/5114 5089/3673/5066 5136/3720/5113
f 5138/3722/5115 5137/3721/5114 5136/3720/5113
f 5138/3722/5115 5136/3720/5113 5139/3723/5116
f 5133/3718/5111 5139/3723/5116 5136/3720/5113
f 5140/3724/5117 5139/3723/5116 5141/3725/5118
f 5140/3724/5117 5138/3722/5115 5139/3723/5116
f 5133/3718/5111 5141/3725/5118 5139/3723/5116
f 5140/3724/5117 5141/3725/5118 5142/3726/5119
f 5142/3726/5119 5141/3725/5118 5132/3717/5110
f 5133/3718/5111 5132/3717/5110 5141/3725/5118
f 5140/3724/5117 5142/3726/5119 5143/3727/5120
f 5146/3728/5121 5143/3727/5120 5142/3726/5119
f 5142/3726/5119 5132/3717/5110 5144/3729/5122
f 5144/3729/5122 5145/3730/5123 5142/3726/5119
f 5146/3728/5121 5142/3726/5119 5145/3730/5123
f 5149/3731/5124 5143/3727/5120 5146/3728/5121
f 5147/3732/5125 5146/3728/5121 5145/3730/5123
f 5147/3732/5125 5148/3733/5126 5146/3728/5121
f 5148/3733/5126 5149/3731/5124 5146/3728/5121
f 5149/3731/5124 5150/3734/5127 5143/3727/5120
f 5148/3733/5126 5052/3637/5030 5149/3731/5124
f 5060/3645/5038 5149/3731/5124 5058/3643/5036
f 5058/3643/5036 5149/3731/5124 5052/3637/5030
f 5060/3645/5038 5150/3734/5127 5149/3731/5124
f 5151/3735/5128 5143/3727/5120 5150/3734/5127
f 5071/3655/5048 5150/3734/5127 5060/3645/5038
f 5071/3655/5048 5151/3735/5128 5150/3734/5127
f 5151/3735/5128 5140/3724/5117 5143/3727/5120
f 5151/3735/5128 5071/3655/5048 5069/3654/5047
f 5151/3735/5128 5138/3722/5115 5140/3724/5117
f 5151/3735/5128 5069/3654/5047 5152/3736/5129
f 5151/3735/5128 5152/3736/5129 5138/3722/5115
f 5074/3657/5050 5152/3736/5129 5069/3654/5047
f 5152/3736/5129 5074/3657/5050 5137/3721/5114
f 5152/3736/5129 5137/3721/5114 5138/3722/5115
f 5049/3634/5027 5148/3733/5126 5147/3732/5125
f 5052/3637/5030 5148/3733/5126 5049/3634/5027
f 5153/3737/5130 5147/3732/5125 5145/3730/5123
f 5153/3737/5130 5154/3738/5131 5147/3732/5125
f 5049/3634/5027 5147/3732/5125 5154/3738/5131
f 5154/3738/5131 5155/3739/5132 5156/3740/5133
f 5153/3737/5130 5155/3739/5132 5154/3738/5131
f 5049/3634/5027 5154/3738/5131 5048/3633/5026
f 5154/3738/5131 5156/3740/5133 5048/3633/5026
f 5156/3740/5133 5044/3628/5021 5048/3633/5026
f 5156/3740/5133 5157/3741/5134 5044/3628/5021
f 5157/3741/5134 5156/3740/5133 5159/3742/5135
f 5158/3743/5136 5156/3740/5133 5155/3739/5132
f 5158/3743/5136 5159/3742/5135 5156/3740/5133
f 5157/3741/5134 5159/3742/5135 5160/3744/5137
f 5160/3744/5137 5159/3742/5135 5162/3745/5138
f 5159/3742/5135 5158/3743/5136 5161/3746/5139
f 5159/3742/5135 5161/3746/5139 5162/3745/5138
f 5160/3744/5137 5162/3745/5138 5164/3747/5140
f 5166/3748/5141 5162/3745/5138 5161/3746/5139
f 5162/3745/5138 5163/3749/5142 5164/3747/5140
f 5162/3745/5138 5165/3750/5143 5163/3749/5142
f 5166/3748/5141 5165/3750/5143 5162/3745/5138
f 5165/3750/5143 5166/3748/5141 5167/3751/5144
f 5167/3751/5144 5166/3748/5141 5168/3752/5145
f 5168/3752/5145 5166/3748/5141 5161/3746/5139
f 5168/3752/5145 5161/3746/5139 5169/3753/5146
f 5170/3754/5147 5168/3752/5145 5169/3753/5146
f 5170/3754/5147 5171/3755/5148 5168/3752/5145
f 5167/3751/5144 5168/3752/5145 5171/3755/5148
f 5171/3755/5148 5172/3756/5149 5174/3757/5150
f 5170/3754/5147 5172/3756/5149 5171/3755/5148
f 5175/3758/5151 5171/3755/5148 5173/3759/5152
f 5171/3755/5148 5174/3757/5150 5173/3759/5152
f 5175/3758/5151 5167/3751/5144 5171/3755/5148
f 5176/3760/5153 5175/3758/5151 5179/3761/5154
f 5176/3760/5153 5167/3751/5144 5175/3758/5151
f 5173/3759/5152 5178/3762/5155 5175/3758/5151
f 5175/3758/5151 5177/3763/5156 5179/3761/5154
f 5175/3758/5151 5178/3762/5155 5177/3763/5156
f 5182/3764/5157 5176/3760/5153 5179/3761/5154
f 5179/3761/5154 5177/3763/5156 5180/3765/5158
f 5179/3761/5154 5180/3765/5158 5181/3766/5159
f 5182/3764/5157 5179/3761/5154 5181/3766/5159
f 5163/3749/5142 5176/3760/5153 5182/3764/5157
f 5183/3767/5160 5182/3764/5157 5181/3766/5159
f 5184/3768/5161 5182/3764/5157 5183/3767/5160
f 5184/3768/5161 5163/3749/5142 5182/3764/5157
f 5185/3769/5162 5184/3768/5161 5183/3767/5160
f 5185/3769/5162 5186/3770/5163 5184/3768/5161
f 5184/3768/5161 5186/3770/5163 5187/3771/5164
f 5184/3768/5161 5187/3771/5164 5188/3772/5165
f 5164/3747/5140 5184/3768/5161 5188/3772/5165
f 5164/3747/5140 5163/3749/5142 5184/3768/5161
f 5188/3772/5165 5187/3771/5164 5189/3773/5166
f 5188/3772/5165 5189/3773/5166 5190/3774/5167
f 5190/3774/5167 5164/3747/5140 5188/3772/5165
f 5043/3627/5020 5157/3741/5134 5190/3774/5167
f 5157/3741/5134 5160/3744/5137 5190/3774/5167
f 5190/3774/5167 5160/3744/5137 5164/3747/5140
f 5043/3627/5020 5190/3774/5167 5189/3773/5166
f 5189/3773/5166 5040/3626/5019 5043/3627/5020
f 5191/3775/5168 5189/3773/5166 5187/3771/5164
f 5193/3776/5169 5189/3773/5166 5191/3775/5168
f 5189/3773/5166 5192/3777/5170 5040/3626/5019
f 5193/3776/5169 5192/3777/5170 5189/3773/5166
f 5195/3778/5171 5194/3779/5172 5193/3776/5169
f 5194/3779/5172 5192/3777/5170 5193/3776/5169
f 5196/3780/5173 5193/3776/5169 5191/3775/5168
f 5195/3778/5171 5193/3776/5169 5196/3780/5173
f 5196/3780/5173 5197/3781/5174 5199/3782/5175
f 5196/3780/5173 5198/3783/5176 5197/3781/5174
f 5196/3780/5173 5191/3775/5168 5198/3783/5176
f 4597/3181/4574 5196/3780/5173 5199/3782/5175
f 4597/3181/4574 5195/3778/5171 5196/3780/5173
f 5200/3784/5177 5199/3782/5175 5197/3781/5174
f 4595/3179/4572 4597/3181/4574 5199/3782/5175
f 4595/3179/4572 5199/3782/5175 5200/3784/5177
f 5200/3784/5177 5197/3781/5174 5201/3785/5178
f 5203/3786/5179 5200/3784/5177 5201/3785/5178
f 4593/3177/4570 5200/3784/5177 5202/3787/5180
f 5203/3786/5179 5202/3787/5180 5200/3784/5177
f 4593/3177/4570 4595/3179/4572 5200/3784/5177
f 5205/3788/5181 5204/3789/5182 5203/3786/5179
f 5202/3787/5180 5203/3786/5179 5204/3789/5182
f 5205/3788/5181 5203/3786/5179 5206/3790/5183
f 5206/3790/5183 5203/3786/5179 5201/3785/5178
f 5206/3790/5183 5209/3791/5184 5207/3792/5185
f 5208/3793/5186 5206/3790/5183 5207/3792/5185
f 5208/3793/5186 5205/3788/5181 5206/3790/5183
f 5206/3790/5183 5210/3794/5187 5209/3791/5184
f 5206/3790/5183 5201/3785/5178 5210/3794/5187
f 5209/3791/5184 5210/3794/5187 5211/3795/5188
f 5201/3785/5178 5211/3795/5188 5210/3794/5187
f 5211/3795/5188 5198/3783/5176 5213/3796/5189
f 5211/3795/5188 5197/3781/5174 5198/3783/5176
f 5201/3785/5178 5197/3781/5174 5211/3795/5188
f 5209/3791/5184 5211/3795/5188 5212/3797/5190
f 5212/3797/5190 5211/3795/5188 5213/3796/5189
f 5198/3783/5176 5215/3798/5191 5213/3796/5189
f 5212/3797/5190 5213/3796/5189 5214/3799/5192
f 5215/3798/5191 5214/3799/5192 5213/3796/5189
f 5198/3783/5176 5191/3775/5168 5215/3798/5191
f 5191/3775/5168 5187/3771/5164 5215/3798/5191
f 5186/3770/5163 5215/3798/5191 5187/3771/5164
f 5215/3798/5191 5185/3769/5162 5214/3799/5192
f 5186/3770/5163 5185/3769/5162 5215/3798/5191
f 5216/3800/5193 5212/3797/5190 5214/3799/5192
f 5214/3799/5192 5183/3767/5160 5216/3800/5193
f 5214/3799/5192 5185/3769/5162 5183/3767/5160
f 5216/3800/5193 5217/3801/5194 5212/3797/5190
f 5181/3766/5159 5217/3801/5194 5216/3800/5193
f 5183/3767/5160 5181/3766/5159 5216/3800/5193
f 5180/3765/5158 5218/3802/5195 5217/3801/5194
f 5217/3801/5194 5218/3802/5195 5209/3791/5184
f 5181/3766/5159 5180/3765/5158 5217/3801/5194
f 5217/3801/5194 5209/3791/5184 5212/3797/5190
f 5180/3765/5158 5219/3803/5196 5218/3802/5195
f 5220/3804/5197 5218/3802/5195 5219/3803/5196
f 5220/3804/5197 5209/3791/5184 5218/3802/5195
f 5222/3805/5198 5221/3806/5199 5220/3804/5197
f 5220/3804/5197 5221/3806/5199 5208/3793/5186
f 5220/3804/5197 5208/3793/5186 5207/3792/5185
f 5220/3804/5197 5207/3792/5185 5209/3791/5184
f 5220/3804/5197 5219/3803/5196 5222/3805/5198
f 5222/3805/5198 5224/3807/5200 5223/3808/5201
f 5223/3808/5201 5225/3809/5202 5222/3805/5198
f 5222/3805/5198 5219/3803/5196 5224/3807/5200
f 5222/3805/5198 5225/3809/5202 5221/3806/5199
f 5223/3808/5201 5227/3810/5203 5225/3809/5202
f 5225/3809/5202 5226/3811/5204 5221/3806/5199
f 5225/3809/5202 5228/3812/5205 5226/3811/5204
f 5227/3810/5203 5228/3812/5205 5225/3809/5202
f 5228/3812/5205 5229/3813/5206 5226/3811/5204
f 5228/3812/5205 5230/3814/5207 5229/3813/5206
f 5231/3815/5208 5230/3814/5207 5228/3812/5205
f 5227/3810/5203 5231/3815/5208 5228/3812/5205
f 5232/3816/5209 5231/3815/5208 5227/3810/5203
f 5232/3816/5209 5233/3817/5210 5231/3815/5208
f 5233/3817/5210 5234/3818/5211 5231/3815/5208
f 5231/3815/5208 5234/3818/5211 5230/3814/5207
f 5234/3818/5211 5235/3819/5212 5237/3820/5213
f 5236/3821/5214 5235/3819/5212 5234/3818/5211
f 5233/3817/5210 5236/3821/5214 5234/3818/5211
f 5234/3818/5211 5237/3820/5213 5230/3814/5207
f 5235/3819/5212 5238/3822/5215 5237/3820/5213
f 5237/3820/5213 5238/3822/5215 5239/3823/5216
f 5230/3814/5207 5237/3820/5213 5240/3824/5217
f 5237/3820/5213 5239/3823/5216 5240/3824/5217
f 5229/3813/5206 5240/3824/5217 5241/3825/5218
f 5239/3823/5216 5241/3825/5218 5240/3824/5217
f 5230/3814/5207 5240/3824/5217 5229/3813/5206
f 5244/3826/5219 5241/3825/5218 5242/3827/5220
f 5243/3828/5221 5242/3827/5220 5241/3825/5218
f 5239/3823/5216 5243/3828/5221 5241/3825/5218
f 5229/3813/5206 5241/3825/5218 5244/3826/5219
f 5246/3829/5222 5244/3826/5219 5245/3830/5223
f 5244/3826/5219 5242/3827/5220 5245/3830/5223
f 5226/3811/5204 5229/3813/5206 5244/3826/5219
f 5226/3811/5204 5244/3826/5219 5246/3829/5222
f 5221/3806/5199 5246/3829/5222 5208/3793/5186
f 5221/3806/5199 5226/3811/5204 5246/3829/5222
f 5205/3788/5181 5208/3793/5186 5246/3829/5222
f 5205/3788/5181 5246/3829/5222 5247/3831/5224
f 5246/3829/5222 5245/3830/5223 5247/3831/5224
f 5204/3789/5182 5247/3831/5224 5248/3832/5225
f 5204/3789/5182 5205/3788/5181 5247/3831/5224
f 5247/3831/5224 5249/3833/5226 5248/3832/5225
f 5247/3831/5224 5245/3830/5223 5249/3833/5226
f 5250/3834/5227 5252/3835/5228 5249/3833/5226
f 5245/3830/5223 5250/3834/5227 5249/3833/5226
f 5249/3833/5226 5251/3836/5229 5248/3832/5225
f 5249/3833/5226 5252/3835/5228 5251/3836/5229
f 5250/3834/5227 5254/3837/5230 5252/3835/5228
f 5255/3838/5231 5251/3836/5229 5252/3835/5228
f 5253/3839/5232 5252/3835/5228 5254/3837/5230
f 5255/3838/5231 5252/3835/5228 5253/3839/5232
f 5255/3838/5231 5256/3840/5233 5251/3836/5229
f 5255/3838/5231 4592/3176/4569 5256/3840/5233
f 5253/3839/5232 4583/3168/4561 5255/3838/5231
f 4583/3168/4561 4592/3176/4569 5255/3838/5231
f 5256/3840/5233 5248/3832/5225 5251/3836/5229
f 5256/3840/5233 5204/3789/5182 5248/3832/5225
f 5202/3787/5180 5204/3789/5182 5256/3840/5233
f 4592/3176/4569 5202/3787/5180 5256/3840/5233
f 5254/3837/5230 5257/3841/5234 5259/3842/5235
f 5254/3837/5230 5258/3843/5236 5257/3841/5234
f 5258/3843/5236 5254/3837/5230 5250/3834/5227
f 5253/3839/5232 5254/3837/5230 5259/3842/5235
f 5260/3844/5237 5259/3842/5235 5257/3841/5234
f 5260/3844/5237 5253/3839/5232 5259/3842/5235
f 4580/3164/4557 5260/3844/5237 5261/3845/5238
f 4580/3164/4557 4581/3165/4558 5260/3844/5237
f 5260/3844/5237 4581/3165/4558 5253/3839/5232
f 5260/3844/5237 5257/3841/5234 5261/3845/5238
f 5261/3845/5238 5262/3846/5239 5264/3847/5240
f 5261/3845/5238 5257/3841/5234 5262/3846/5239
f 4580/3164/4557 5261/3845/5238 5263/3848/5241
f 5263/3848/5241 5261/3845/5238 5264/3847/5240
f 5264/3847/5240 5265/3849/5242 5266/3850/5243
f 5264/3847/5240 5262/3846/5239 5265/3849/5242
f 5267/3851/5244 5264/3847/5240 5266/3850/5243
f 5263/3848/5241 5264/3847/5240 5267/3851/5244
f 5267/3851/5244 5266/3850/5243 5269/3852/5245
f 5270/3853/5246 5267/3851/5244 5268/3854/5247
f 5268/3854/5247 5267/3851/5244 5269/3852/5245
f 5270/3853/5246 5263/3848/5241 5267/3851/5244
f 4577/3161/4554 5270/3853/5246 5271/3855/5248
f 5271/3855/5248 5270/3853/5246 5268/3854/5247
f 4578/3162/4555 5263/3848/5241 5270/3853/5246
f 4577/3161/4554 4578/3162/4555 5270/3853/5246
f 5271/3855/5248 5272/3856/5249 4577/3161/4554
f 5271/3855/5248 5274/3857/5250 5272/3856/5249
f 5271/3855/5248 5268/3854/5247 5273/3858/5251
f 5273/3858/5251 5274/3857/5250 5271/3855/5248
f 4547/3131/4524 5275/3859/5252 5274/3857/5250
f 5273/3858/5251 4547/3131/4524 5274/3857/5250
f 5275/3859/5252 5272/3856/5249 5274/3857/5250
f 4547/3131/4524 4549/3133/4526 5275/3859/5252
f 4549/3133/4526 5276/3860/5253 5275/3859/5252
f 5275/3859/5252 5276/3860/5253 5272/3856/5249
f 5276/3860/5253 5277/3861/5254 4562/3146/4539
f 4549/3133/4526 5277/3861/5254 5276/3860/5253
f 5276/3860/5253 4562/3146/4539 5278/3862/5255
f 5272/3856/5249 5276/3860/5253 5278/3862/5255
f 4566/3150/4543 5278/3862/5255 4562/3146/4539
f 4566/3150/4543 4574/3159/4552 5278/3862/5255
f 5272/3856/5249 5278/3862/5255 4574/3159/4552
f 5277/3861/5254 5279/3863/5256 4560/3145/4538
f 5277/3861/5254 4551/3135/4528 5279/3863/5256
f 5277/3861/5254 4560/3145/4538 4562/3146/4539
f 5277/3861/5254 4549/3133/4526 4551/3135/4528
f 4555/3139/4532 4560/3145/4538 5279/3863/5256
f 4555/3139/4532 5279/3863/5256 4551/3135/4528
f 5273/3858/5251 5280/3864/5257 4546/3130/4523
f 5273/3858/5251 5268/3854/5247 5280/3864/5257
f 4546/3130/4523 4547/3131/4524 5273/3858/5251
f 4527/3112/4505 5280/3864/5257 5269/3852/5245
f 4527/3112/4505 4532/3116/4509 5280/3864/5257
f 5280/3864/5257 4532/3116/4509 4540/3125/4518
f 5280/3864/5257 4540/3125/4518 4546/3130/4523
f 5268/3854/5247 5269/3852/5245 5280/3864/5257
f 4575/3160/4553 5272/3856/5249 4574/3159/4552
f 4575/3160/4553 4577/3161/4554 5272/3856/5249
f 5266/3850/5243 4527/3112/4505 5269/3852/5245
f 5265/3849/5242 4526/3109/4502 5266/3850/5243
f 5266/3850/5243 4526/3109/4502 4527/3112/4505
f 5265/3849/5242 5262/3846/5239 5281/3865/5258
f 5265/3849/5242 4519/3103/4496 4526/3109/4502
f 4519/3103/4496 5265/3849/5242 5282/3866/5259
f 5265/3849/5242 5281/3865/5258 5282/3866/5259
f 4519/3103/4496 5282/3866/5259 4517/3099/4492
f 4517/3099/4492 5282/3866/5259 5283/3867/5260
f 5282/3866/5259 5284/3868/5261 5283/3867/5260
f 5282/3866/5259 5281/3865/5258 5284/3868/5261
f 5283/3867/5260 5284/3868/5261 5285/3869/5262
f 5285/3869/5262 5284/3868/5261 5286/3870/5263
f 5281/3865/5258 5286/3870/5263 5284/3868/5261
f 5287/3871/5264 5286/3870/5263 5250/3834/5227
f 5258/3843/5236 5250/3834/5227 5286/3870/5263
f 5285/3869/5262 5286/3870/5263 5287/3871/5264
f 5281/3865/5258 5258/3843/5236 5286/3870/5263
f 5287/3871/5264 5250/3834/5227 5242/3827/5220
f 5243/3828/5221 5287/3871/5264 5242/3827/5220
f 5288/3872/5265 5287/3871/5264 5243/3828/5221
f 5288/3872/5265 5285/3869/5262 5287/3871/5264
f 5289/3873/5266 5288/3872/5265 5291/3874/5267
f 5289/3873/5266 5290/3875/5268 5288/3872/5265
f 5292/3876/5269 5288/3872/5265 5290/3875/5268
f 5291/3874/5267 5288/3872/5265 5243/3828/5221
f 5292/3876/5269 5285/3869/5262 5288/3872/5265
f 5283/3867/5260 5285/3869/5262 5292/3876/5269
f 5292/3876/5269 4512/3096/4489 5283/3867/5260
f 5292/3876/5269 4513/3098/4491 4512/3096/4489
f 5290/3875/5268 4513/3098/4491 5292/3876/5269
f 5293/3877/5270 5289/3873/5266 5291/3874/5267
f 5291/3874/5267 5243/3828/5221 5239/3823/5216
f 5238/3822/5215 5291/3874/5267 5239/3823/5216
f 5238/3822/5215 5293/3877/5270 5291/3874/5267
f 5293/3877/5270 5294/3878/5271 5289/3873/5266
f 5296/3879/5272 5294/3878/5271 5293/3877/5270
f 5295/3880/5273 5293/3877/5270 5238/3822/5215
f 5295/3880/5273 5296/3879/5272 5293/3877/5270
f 5297/3881/5274 5296/3879/5272 5299/3882/5275
f 5297/3881/5274 5298/3883/5276 5296/3879/5272
f 5296/3879/5272 5298/3883/5276 5294/3878/5271
f 5299/3882/5275 5296/3879/5272 5295/3880/5273
f 5299/3882/5275 5295/3880/5273 5300/3884/5277
f 5302/3885/5278 5299/3882/5275 5300/3884/5277
f 5301/3886/5279 5297/3881/5274 5299/3882/5275
f 5301/3886/5279 5299/3882/5275 5302/3885/5278
f 5304/3887/5280 5303/3888/5281 5302/3885/5278
f 5303/3888/5281 5301/3886/5279 5302/3885/5278
f 5304/3887/5280 5302/3885/5278 5305/3889/5282
f 5302/3885/5278 5300/3884/5277 5305/3889/5282
f 5305/3889/5282 5300/3884/5277 5306/3890/5283
f 5305/3889/5282 5306/3890/5283 5308/3891/5284
f 5307/3892/5285 5305/3889/5282 5308/3891/5284
f 5307/3892/5285 5304/3887/5280 5305/3889/5282
f 5309/3893/5286 5308/3891/5284 5306/3890/5283
f 5307/3892/5285 5308/3891/5284 5309/3893/5286
f 5309/3893/5286 5306/3890/5283 5236/3821/5214
f 5310/3894/5287 5309/3893/5286 5236/3821/5214
f 5307/3892/5285 5309/3893/5286 5311/3895/5288
f 5311/3895/5288 5309/3893/5286 5310/3894/5287
f 5312/3896/5289 5311/3895/5288 5313/3897/5290
f 5312/3896/5289 5315/3898/5291 5311/3895/5288
f 5314/3899/5292 5307/3892/5285 5311/3895/5288
f 5311/3895/5288 5310/3894/5287 5313/3897/5290
f 5314/3899/5292 5311/3895/5288 5315/3898/5291
f 5316/3900/5293 5315/3898/5291 5312/3896/5289
f 5316/3900/5293 5314/3899/5292 5315/3898/5291
f 5318/3901/5294 5317/3902/5295 5316/3900/5293
f 5317/3902/5295 5319/3903/5296 5316/3900/5293
f 5318/3901/5294 5316/3900/5293 5312/3896/5289
f 5319/3903/5296 5314/3899/5292 5316/3900/5293
f 5317/3902/5295 5320/3904/5297 5319/3903/5296
f 5320/3904/5297 5321/3905/5298 5319/3903/5296
f 5303/3888/5281 5319/3903/5296 5321/3905/5298
f 5303/3888/5281 5322/3906/5299 5319/3903/5296
f 5319/3903/5296 5322/3906/5299 5314/3899/5292
f 5322/3906/5299 5307/3892/5285 5314/3899/5292
f 5322/3906/5299 5304/3887/5280 5307/3892/5285
f 5303/3888/5281 5304/3887/5280 5322/3906/5299
f 5325/3907/5300 5323/3908/5301 5321/3905/5298
f 5321/3905/5298 5323/3908/5301 5326/3909/5302
f 5303/3888/5281 5321/3905/5298 5324/3910/5303
f 5321/3905/5298 5326/3909/5302 5324/3910/5303
f 5320/3904/5297 5325/3907/5300 5321/3905/5298
f 5324/3910/5303 5326/3909/5302 5327/3911/5304
f 5324/3910/5303 5327/3911/5304 5328/3912/5305
f 5328/3912/5305 5327/3911/5304 5329/3913/5306
f 5328/3912/5305 5329/3913/5306 5330/3914/5307
f 5331/3915/5308 5330/3914/5307 5329/3913/5306
f 5331/3915/5308 5332/3916/5309 5330/3914/5307
f 5333/3917/5310 5332/3916/5309 5331/3915/5308
f 5333/3917/5310 5335/3918/5311 5332/3916/5309
f 5334/3919/5312 5335/3918/5311 5333/3917/5310
f 5335/3918/5311 5336/3920/5313 5332/3916/5309
f 5335/3918/5311 5337/3921/5314 5336/3920/5313
f 5338/3922/5315 5337/3921/5314 5335/3918/5311
f 5334/3919/5312 5338/3922/5315 5335/3918/5311
f 5341/3923/5316 5339/3924/5317 5338/3922/5315
f 5339/3924/5317 5340/3925/5318 5338/3922/5315
f 5338/3922/5315 5340/3925/5318 5343/3926/5319
f 5341/3923/5316 5338/3922/5315 5334/3919/5312
f 5338/3922/5315 5342/3927/5320 5337/3921/5314
f 5338/3922/5315 5343/3926/5319 5342/3927/5320
f 5343/3926/5319 5345/3928/5321 5344/3929/5322
f 5344/3929/5322 5342/3927/5320 5343/3926/5319
f 5343/3926/5319 5346/3930/5323 5345/3928/5321
f 5340/3925/5318 5346/3930/5323 5343/3926/5319
f 5346/3930/5323 5347/3931/5324 5345/3928/5321
f 5346/3930/5323 5348/3932/5325 5347/3931/5324
f 5349/3933/5326 5348/3932/5325 5346/3930/5323
f 5349/3933/5326 5346/3930/5323 5350/3934/5327
f 5340/3925/5318 5350/3934/5327 5346/3930/5323
f 5339/3924/5317 5351/3935/5328 5350/3934/5327
f 5350/3934/5327 5351/3935/5328 5352/3936/5329
f 5350/3934/5327 5352/3936/5329 5349/3933/5326
f 5339/3924/5317 5350/3934/5327 5340/3925/5318
f 5354/3937/5330 5352/3936/5329 5351/3935/5328
f 5353/3938/5331 5349/3933/5326 5352/3936/5329
f 5353/3938/5331 5352/3936/5329 5354/3937/5330
f 5353/3938/5331 5354/3937/5330 5355/3939/5332
f 5354/3937/5330 5351/3935/5328 5356/3940/5333
f 5356/3940/5333 5351/3935/5328 5339/3924/5317
f 5356/3940/5333 5339/3924/5317 5341/3923/5316
f 5357/3941/5334 5353/3938/5331 5355/3939/5332
f 5357/3941/5334 5358/3942/5335 5353/3938/5331
f 5359/3943/5336 5358/3942/5335 5357/3941/5334
f 5359/3943/5336 5360/3944/5337 5358/3942/5335
f 5360/3944/5337 5359/3943/5336 5361/3945/5338
f 5361/3945/5338 5362/3946/5339 5363/3947/5340
f 5361/3945/5338 5364/3948/5341 5362/3946/5339
f 5360/3944/5337 5361/3945/5338 5363/3947/5340
f 5362/3946/5339 5364/3948/5341 5365/3949/5342
f 5362/3946/5339 5365/3949/5342 5325/3907/5300
f 5325/3907/5300 5365/3949/5342 5323/3908/5301
f 5366/3950/5343 5363/3947/5340 5362/3946/5339
f 5360/3944/5337 5363/3947/5340 5366/3950/5343
f 5366/3950/5343 5362/3946/5339 5367/3951/5344
f 5367/3951/5344 5368/3952/5345 5366/3950/5343
f 5368/3952/5345 5369/3953/5346 5366/3950/5343
f 5360/3944/5337 5366/3950/5343 5369/3953/5346
f 5369/3953/5346 5370/3954/5347 5372/3955/5348
f 5369/3953/5346 5371/3956/5349 5370/3954/5347
f 5373/3957/5350 5371/3956/5349 5369/3953/5346
f 5369/3953/5346 5372/3955/5348 5358/3942/5335
f 5369/3953/5346 5358/3942/5335 5360/3944/5337
f 5368/3952/5345 5373/3957/5350 5369/3953/5346
f 5374/3958/5351 5373/3957/5350 5368/3952/5345
f 5374/3958/5351 5375/3959/5352 5373/3957/5350
f 5373/3957/5350 5375/3959/5352 5371/3956/5349
f 5376/3960/5353 5375/3959/5352 5378/3961/5354
f 5376/3960/5353 5371/3956/5349 5375/3959/5352
f 5374/3958/5351 5377/3962/5355 5375/3959/5352
f 5378/3961/5354 5375/3959/5352 5377/3962/5355
f 5379/3963/5356 5376/3960/5353 5378/3961/5354
f 5379/3963/5356 5378/3961/5354 5381/3964/5357
f 5378/3961/5354 5377/3962/5355 5380/3965/5358
f 5381/3964/5357 5378/3961/5354 5380/3965/5358
f 5381/3964/5357 5380/3965/5358 5384/3966/5359
f 5381/3964/5357 5382/3967/5360 5379/3963/5356
f 5381/3964/5357 5383/3968/5361 5382/3967/5360
f 5384/3966/5359 5383/3968/5361 5381/3964/5357
f 5117/3701/5094 5384/3966/5359 5380/3965/5358
f 5384/3966/5359 5117/3701/5094 5118/3702/5095
f 5384/3966/5359 5118/3702/5095 5385/3969/5362
f 5384/3966/5359 5385/3969/5362 5383/3968/5361
f 5385/3969/5362 5118/3702/5095 5112/3696/5089
f 5385/3969/5362 5386/3970/5363 5383/3968/5361
f 5385/3969/5362 5112/3696/5089 5113/3698/5091
f 5385/3969/5362 5113/3698/5091 5386/3970/5363
f 5386/3970/5363 5388/3971/5364 5387/3972/5365
f 5383/3968/5361 5386/3970/5363 5387/3972/5365
f 5386/3970/5363 5389/3973/5366 5388/3971/5364
f 5113/3698/5091 5389/3973/5366 5386/3970/5363
f 5391/3974/5367 5388/3971/5364 5389/3973/5366
f 5390/3975/5368 5389/3973/5366 5114/3699/5092
f 5391/3974/5367 5389/3973/5366 5390/3975/5368
f 5113/3698/5091 5114/3699/5092 5389/3973/5366
f 5392/3976/5369 5388/3971/5364 5391/3974/5367
f 5392/3976/5369 5391/3974/5367 5393/3977/5370
f 5393/3977/5370 5391/3974/5367 5394/3978/5371
f 5394/3978/5371 5391/3974/5367 5390/3975/5368
f 5393/3977/5370 5394/3978/5371 5395/3979/5372
f 5394/3978/5371 5390/3975/5368 5396/3980/5373
f 5396/3980/5373 5390/3975/5368 5397/3981/5374
f 5396/3980/5373 5397/3981/5374 5398/3982/5375
f 5399/3983/5376 5398/3982/5375 5397/3981/5374
f 5107/3691/5084 5399/3983/5376 5109/3693/5086
f 5399/3983/5376 5397/3981/5374 5109/3693/5086
f 5109/3693/5086 5397/3981/5374 5114/3699/5092
f 5390/3975/5368 5114/3699/5092 5397/3981/5374
f 5401/3984/5377 5395/3979/5372 5400/3985/5378
f 5401/3984/5377 5393/3977/5370 5395/3979/5372
f 5402/3986/5379 5401/3984/5377 5400/3985/5378
f 5403/3987/5380 5401/3984/5377 5402/3986/5379
f 5403/3987/5380 5393/3977/5370 5401/3984/5377
f 5403/3987/5380 5402/3986/5379 5404/3988/5381
f 5405/3989/5382 5403/3987/5380 5404/3988/5381
f 5406/3990/5383 5403/3987/5380 5405/3989/5382
f 5406/3990/5383 5392/3976/5369 5403/3987/5380
f 5403/3987/5380 5392/3976/5369 5393/3977/5370
f 5382/3967/5360 5387/3972/5365 5406/3990/5383
f 5387/3972/5365 5392/3976/5369 5406/3990/5383
f 5382/3967/5360 5406/3990/5383 5407/3991/5384
f 5407/3991/5384 5406/3990/5383 5405/3989/5382
f 5379/3963/5356 5407/3991/5384 5408/3992/5385
f 5379/3963/5356 5382/3967/5360 5407/3991/5384
f 5408/3992/5385 5407/3991/5384 5409/3993/5386
f 5407/3991/5384 5405/3989/5382 5409/3993/5386
f 5408/3992/5385 5409/3993/5386 5410/3994/5387
f 5409/3993/5386 5405/3989/5382 5412/3995/5388
f 5410/3994/5387 5409/3993/5386 5411/3996/5389
f 5409/3993/5386 5412/3995/5388 5411/3996/5389
f 5413/3997/5390 5412/3995/5388 5404/3988/5381
f 5413/3997/5390 5414/3998/5391 5412/3995/5388
f 5412/3995/5388 5414/3998/5391 5415/3999/5392
f 5405/3989/5382 5404/3988/5381 5412/3995/5388
f 5412/3995/5388 5415/3999/5392 5411/3996/5389
f 5415/3999/5392 5416/4000/5393 5419/4001/5394
f 5415/3999/5392 5417/4002/5395 5416/4000/5393
f 5415/3999/5392 5418/4003/5396 5417/4002/5395
f 5415/3999/5392 5414/3998/5391 5418/4003/5396
f 5411/3996/5389 5415/3999/5392 5419/4001/5394
f 5416/4000/5393 5420/4004/5397 5419/4001/5394
f 5420/4004/5397 5421/4005/5398 5419/4001/5394
f 5411/3996/5389 5419/4001/5394 5421/4005/5398
f 5420/4004/5397 5422/4006/5399 5421/4005/5398
f 5423/4007/5400 5421/4005/5398 5422/4006/5399
f 5410/3994/5387 5411/3996/5389 5421/4005/5398
f 5423/4007/5400 5410/3994/5387 5421/4005/5398
f 5424/4008/5401 5426/4009/5402 5423/4007/5400
f 5425/4010/5403 5424/4008/5401 5423/4007/5400
f 5423/4007/5400 5408/3992/5385 5410/3994/5387
f 5423/4007/5400 5426/4009/5402 5408/3992/5385
f 5425/4010/5403 5423/4007/5400 5422/4006/5399
f 5426/4009/5402 5379/3963/5356 5408/3992/5385
f 5426/4009/5402 5376/3960/5353 5379/3963/5356
f 5370/3954/5347 5376/3960/5353 5426/4009/5402
f 5424/4008/5401 5370/3954/5347 5426/4009/5402
f 5420/4004/5397 5427/4011/5404 5425/4010/5403
f 5427/4011/5404 5428/4012/5405 5425/4010/5403
f 5429/4013/5406 5425/4010/5403 5428/4012/5405
f 5420/4004/5397 5425/4010/5403 5422/4006/5399
f 5429/4013/5406 5424/4008/5401 5425/4010/5403
f 5358/3942/5335 5372/3955/5348 5429/4013/5406
f 5372/3955/5348 5424/4008/5401 5429/4013/5406
f 5430/4014/5407 5429/4013/5406 5428/4012/5405
f 5430/4014/5407 5353/3938/5331 5429/4013/5406
f 5358/3942/5335 5429/4013/5406 5353/3938/5331
f 5430/4014/5407 5431/4015/5408 5348/3932/5325
f 5428/4012/5405 5431/4015/5408 5430/4014/5407
f 5430/4014/5407 5348/3932/5325 5349/3933/5326
f 5353/3938/5331 5430/4014/5407 5349/3933/5326
f 5432/4016/5409 5433/4017/5410 5431/4015/5408
f 5428/4012/5405 5432/4016/5409 5431/4015/5408
f 5348/3932/5325 5431/4015/5408 5433/4017/5410
f 5432/4016/5409 5434/4018/5411 5433/4017/5410
f 5434/4018/5411 5435/4019/5412 5433/4017/5410
f 5435/4019/5412 5436/4020/5413 5433/4017/5410
f 5436/4020/5413 5347/3931/5324 5433/4017/5410
f 5348/3932/5325 5433/4017/5410 5347/3931/5324
f 5436/4020/5413 5437/4021/5414 4490/3074/4467
f 5436/4020/5413 5438/4022/5415 5437/4021/5414
f 4490/3074/4467 5439/4023/5416 5436/4020/5413
f 5435/4019/5412 5438/4022/5415 5436/4020/5413
f 5436/4020/5413 5439/4023/5416 5347/3931/5324
f 4490/3074/4467 4491/3075/4468 5439/4023/5416
f 4491/3075/4468 4493/3078/4471 5439/4023/5416
f 5439/4023/5416 4493/3078/4471 5345/3928/5321
f 5439/4023/5416 5345/3928/5321 5347/3931/5324
f 5441/4024/5417 5437/4021/5414 5438/4022/5415
f 5440/4025/5418 5438/4022/5415 5435/4019/5412
f 5440/4025/5418 5441/4024/5417 5438/4022/5415
f 5442/4026/5419 5441/4024/5417 5444/4027/5420
f 5442/4026/5419 5443/4028/5421 5441/4024/5417
f 5441/4024/5417 5443/4028/5421 5437/4021/5414
f 5444/4027/5420 5441/4024/5417 5440/4025/5418
f 5446/4029/5422 5445/4030/5423 5444/4027/5420
f 5445/4030/5423 5442/4026/5419 5444/4027/5420
f 5444/4027/5420 5440/4025/5418 5447/4031/5424
f 5446/4029/5422 5444/4027/5420 5447/4031/5424
f 5448/4032/5425 5447/4031/5424 5449/4033/5426
f 5448/4032/5425 5446/4029/5422 5447/4031/5424
f 5449/4033/5426 5447/4031/5424 5440/4025/5418
f 5450/4034/5427 5449/4033/5426 5451/4035/5428
f 5450/4034/5427 5448/4032/5425 5449/4033/5426
f 5452/4036/5429 5451/4035/5428 5449/4033/5426
f 5449/4033/5426 5440/4025/5418 5452/4036/5429
f 5440/4025/5418 5453/4037/5430 5452/4036/5429
f 5453/4037/5430 5454/4038/5431 5452/4036/5429
f 5452/4036/5429 5454/4038/5431 5451/4035/5428
f 5451/4035/5428 5454/4038/5431 5455/4039/5432
f 5454/4038/5431 5456/4040/5433 5455/4039/5432
f 5453/4037/5430 5457/4041/5434 5454/4038/5431
f 5454/4038/5431 5457/4041/5434 5456/4040/5433
f 5434/4018/5411 5457/4041/5434 5453/4037/5430
f 5458/4042/5435 5456/4040/5433 5457/4041/5434
f 5458/4042/5435 5457/4041/5434 5459/4043/5436
f 5434/4018/5411 5459/4043/5436 5457/4041/5434
f 5432/4016/5409 5459/4043/5436 5434/4018/5411
f 5420/4004/5397 5459/4043/5436 5427/4011/5404
f 5432/4016/5409 5427/4011/5404 5459/4043/5436
f 5420/4004/5397 5458/4042/5435 5459/4043/5436
f 5456/4040/5433 5458/4042/5435 5416/4000/5393
f 5416/4000/5393 5458/4042/5435 5420/4004/5397
f 5461/4044/5437 5455/4039/5432 5456/4040/5433
f 5456/4040/5433 5416/4000/5393 5460/4045/5438
f 5461/4044/5437 5456/4040/5433 5460/4045/5438
f 5464/4046/5439 5455/4039/5432 5461/4044/5437
f 5461/4044/5437 5460/4045/5438 5462/4047/5440
f 5461/4044/5437 5462/4047/5440 5463/4048/5441
f 5464/4046/5439 5461/4044/5437 5463/4048/5441
f 5464/4046/5439 5466/4049/5442 5455/4039/5432
f 5464/4046/5439 5467/4050/5443 5465/4051/5444
f 5465/4051/5444 5466/4049/5442 5464/4046/5439
f 5464/4046/5439 5468/4052/5445 5467/4050/5443
f 5464/4046/5439 5463/4048/5441 5468/4052/5445
f 5468/4052/5445 5469/4053/5446 5470/4054/5447
f 5468/4052/5445 5463/4048/5441 5469/4053/5446
f 5470/4054/5447 5467/4050/5443 5468/4052/5445
f 5470/4054/5447 5471/4055/5448 5467/4050/5443
f 5474/4056/5449 5471/4055/5448 5470/4054/5447
f 5470/4054/5447 5473/4057/5450 5472/4058/5451
f 5474/4056/5449 5470/4054/5447 5472/4058/5451
f 5470/4054/5447 5469/4053/5446 5473/4057/5450
f 5477/4059/5452 5471/4055/5448 5474/4056/5449
f 5475/4060/5453 5474/4056/5449 5472/4058/5451
f 5475/4060/5453 5476/4061/5454 5474/4056/5449
f 5478/4062/5455 5474/4056/5449 5476/4061/5454
f 5478/4062/5455 5477/4059/5452 5474/4056/5449
f 5480/4063/5456 5479/4064/5457 5478/4062/5455
f 5479/4064/5457 5477/4059/5452 5478/4062/5455
f 5480/4063/5456 5478/4062/5455 5481/4065/5458
f 5481/4065/5458 5478/4062/5455 5476/4061/5454
f 5481/4065/5458 5476/4061/5454 5482/4066/5459
f 5482/4066/5459 5475/4060/5453 5483/4067/5460
f 5482/4066/5459 5476/4061/5454 5475/4060/5453
f 5485/4068/5461 5483/4067/5460 5475/4060/5453
f 5485/4068/5461 5484/4069/5462 5483/4067/5460
f 5485/4068/5461 5486/4070/5463 5487/4071/5464
f 5485/4068/5461 5473/4057/5450 5486/4070/5463
f 5475/4060/5453 5473/4057/5450 5485/4068/5461
f 5487/4071/5464 5484/4069/5462 5485/4068/5461
f 5488/4072/5465 5489/4073/5466 5487/4071/5464
f 5486/4070/5463 5488/4072/5465 5487/4071/5464
f 5487/4071/5464 5489/4073/5466 5484/4069/5462
f 5488/4072/5465 5490/4074/5467 5489/4073/5466
f 5490/4074/5467 5488/4072/5465 5491/4075/5468
f 5490/4074/5467 5491/4075/5468 5492/4076/5469
f 5491/4075/5468 5493/4077/5470 5492/4076/5469
f 5491/4075/5468 5402/3986/5379 5493/4077/5470
f 5402/3986/5379 5400/3985/5378 5493/4077/5470
f 5488/4072/5465 5413/3997/5390 5491/4075/5468
f 5402/3986/5379 5491/4075/5468 5413/3997/5390
f 5488/4072/5465 5494/4078/5471 5413/3997/5390
f 5486/4070/5463 5494/4078/5471 5488/4072/5465
f 5414/3998/5391 5494/4078/5471 5418/4003/5396
f 5418/4003/5396 5494/4078/5471 5486/4070/5463
f 5414/3998/5391 5413/3997/5390 5494/4078/5471
f 5418/4003/5396 5486/4070/5463 5495/4079/5472
f 5469/4053/5446 5495/4079/5472 5486/4070/5463
f 5469/4053/5446 5486/4070/5463 5473/4057/5450
f 5417/4002/5395 5418/4003/5396 5495/4079/5472
f 5463/4048/5441 5495/4079/5472 5469/4053/5446
f 5463/4048/5441 5462/4047/5440 5495/4079/5472
f 5417/4002/5395 5495/4079/5472 5462/4047/5440
f 5496/4080/5473 5479/4064/5457 5480/4063/5456
f 5496/4080/5473 5497/4081/5474 5479/4064/5457
f 5497/4081/5474 5496/4080/5473 5498/4082/5475
f 5497/4081/5474 5498/4082/5475 5499/4083/5476
f 5500/4084/5477 5499/4083/5476 5498/4082/5475
f 5501/4085/5478 5500/4084/5477 5502/4086/5479
f 5501/4085/5478 5503/4087/5480 5500/4084/5477
f 5500/4084/5477 5503/4087/5480 5499/4083/5476
f 5503/4087/5480 5504/4088/5481 5505/4089/5482
f 5503/4087/5480 5501/4085/5478 5504/4088/5481
f 5499/4083/5476 5503/4087/5480 5505/4089/5482
f 5505/4089/5482 5504/4088/5481 5507/4090/5483
f 5499/4083/5476 5505/4089/5482 5506/4091/5484
f 5506/4091/5484 5505/4089/5482 5508/4092/5485
f 5505/4089/5482 5507/4090/5483 5508/4092/5485
f 5506/4091/5484 5508/4092/5485 5511/4093/5486
f 5508/4092/5485 5509/4094/5487 5510/4095/5488
f 5508/4092/5485 5507/4090/5483 5509/4094/5487
f 5511/4093/5486 5508/4092/5485 5510/4095/5488
f 5514/4096/5489 5512/4097/5490 5511/4093/5486
f 5512/4097/5490 5506/4091/5484 5511/4093/5486
f 5511/4093/5486 5510/4095/5488 5513/4098/5491
f 5514/4096/5489 5511/4093/5486 5513/4098/5491
f 5517/4099/5492 5514/4096/5489 5513/4098/5491
f 5515/4100/5493 5516/4101/5494 5514/4096/5489
f 5517/4099/5492 5515/4100/5493 5514/4096/5489
f 5516/4101/5494 5512/4097/5490 5514/4096/5489
f 5513/4098/5491 5518/4102/5495 5517/4099/5492
f 5517/4099/5492 5518/4102/5495 5521/4103/5496
f 5517/4099/5492 5519/4104/5497 5520/4105/5498
f 5517/4099/5492 5521/4103/5496 5519/4104/5497
f 5517/4099/5492 5520/4105/5498 5515/4100/5493
f 5522/4106/5499 5525/4107/5500 5521/4103/5496
f 5523/4108/5501 5522/4106/5499 5521/4103/5496
f 5523/4108/5501 5521/4103/5496 5518/4102/5495
f 5521/4103/5496 5524/4109/5502 5519/4104/5497
f 5521/4103/5496 5525/4107/5500 5524/4109/5502
f 5525/4107/5500 5526/4110/5503 5528/4111/5504
f 5527/4112/5505 5526/4110/5503 5525/4107/5500
f 5522/4106/5499 5527/4112/5505 5525/4107/5500
f 5525/4107/5500 5528/4111/5504 5524/4109/5502
f 5529/4113/5506 5528/4111/5504 5526/4110/5503
f 5531/4114/5507 5528/4111/5504 5529/4113/5506
f 5524/4109/5502 5528/4111/5504 5530/4115/5508
f 5531/4114/5507 5530/4115/5508 5528/4111/5504
f 5533/4116/5509 5530/4115/5508 5531/4114/5507
f 5531/4114/5507 5532/4117/5510 5534/4118/5511
f 5529/4113/5506 5532/4117/5510 5531/4114/5507
f 5531/4114/5507 5534/4118/5511 5533/4116/5509
f 5533/4116/5509 5534/4118/5511 5537/4119/5512
f 5534/4118/5511 5535/4120/5513 5537/4119/5512
f 5534/4118/5511 5536/4121/5514 5535/4120/5513
f 5532/4117/5510 5536/4121/5514 5534/4118/5511
f 5537/4119/5512 5538/4122/5515 5445/4030/5423
f 5537/4119/5512 5535/4120/5513 5538/4122/5515
f 5539/4123/5516 5537/4119/5512 5445/4030/5423
f 5533/4116/5509 5537/4119/5512 5539/4123/5516
f 5539/4123/5516 5540/4124/5517 5533/4116/5509
f 5539/4123/5516 5541/4125/5518 5540/4124/5517
f 5446/4029/5422 5541/4125/5518 5539/4123/5516
f 5539/4123/5516 5445/4030/5423 5446/4029/5422
f 5541/4125/5518 5542/4126/5519 5540/4124/5517
f 5541/4125/5518 5543/4127/5520 5542/4126/5519
f 5448/4032/5425 5543/4127/5520 5541/4125/5518
f 5446/4029/5422 5448/4032/5425 5541/4125/5518
f 5544/4128/5521 5543/4127/5520 5450/4034/5427
f 5448/4032/5425 5450/4034/5427 5543/4127/5520
f 5542/4126/5519 5543/4127/5520 5544/4128/5521
f 5544/4128/5521 5450/4034/5427 5546/4129/5522
f 5542/4126/5519 5544/4128/5521 5547/4130/5523
f 5545/4131/5524 5544/4128/5521 5546/4129/5522
f 5547/4130/5523 5544/4128/5521 5545/4131/5524
f 5548/4132/5525 5547/4130/5523 5520/4105/5498
f 5548/4132/5525 5542/4126/5519 5547/4130/5523
f 5520/4105/5498 5547/4130/5523 5549/4133/5526
f 5547/4130/5523 5545/4131/5524 5549/4133/5526
f 5549/4133/5526 5550/4134/5527 5516/4101/5494
f 5549/4133/5526 5545/4131/5524 5550/4134/5527
f 5515/4100/5493 5549/4133/5526 5516/4101/5494
f 5520/4105/5498 5549/4133/5526 5515/4100/5493
f 5550/4134/5527 5465/4051/5444 5467/4050/5443
f 5550/4134/5527 5545/4131/5524 5465/4051/5444
f 5551/4135/5528 5516/4101/5494 5550/4134/5527
f 5471/4055/5448 5551/4135/5528 5550/4134/5527
f 5471/4055/5448 5550/4134/5527 5467/4050/5443
f 5477/4059/5452 5551/4135/5528 5471/4055/5448
f 5552/4136/5529 5551/4135/5528 5477/4059/5452
f 5552/4136/5529 5553/4137/5530 5551/4135/5528
f 5551/4135/5528 5553/4137/5530 5516/4101/5494
f 5554/4138/5531 5553/4137/5530 5552/4136/5529
f 5554/4138/5531 5512/4097/5490 5553/4137/5530
f 5516/4101/5494 5553/4137/5530 5512/4097/5490
f 5499/4083/5476 5554/4138/5531 5497/4081/5474
f 5499/4083/5476 5506/4091/5484 5554/4138/5531
f 5512/4097/5490 5554/4138/5531 5506/4091/5484
f 5497/4081/5474 5554/4138/5531 5552/4136/5529
f 5497/4081/5474 5552/4136/5529 5479/4064/5457
f 5479/4064/5457 5552/4136/5529 5477/4059/5452
f 5519/4104/5497 5524/4109/5502 5548/4132/5525
f 5524/4109/5502 5530/4115/5508 5548/4132/5525
f 5540/4124/5517 5548/4132/5525 5530/4115/5508
f 5519/4104/5497 5548/4132/5525 5520/4105/5498
f 5540/4124/5517 5542/4126/5519 5548/4132/5525
f 5546/4129/5522 5450/4034/5427 5451/4035/5428
f 5546/4129/5522 5451/4035/5428 5466/4049/5442
f 5545/4131/5524 5546/4129/5522 5465/4051/5444
f 5465/4051/5444 5546/4129/5522 5466/4049/5442
f 5533/4116/5509 5540/4124/5517 5530/4115/5508
f 5538/4122/5515 5555/4139/5532 5557/4140/5533
f 5538/4122/5515 5535/4120/5513 5555/4139/5532
f 5445/4030/5423 5538/4122/5515 5442/4026/5419
f 5538/4122/5515 5556/4141/5534 5442/4026/5419
f 5538/4122/5515 5557/4140/5533 5556/4141/5534
f 5555/4139/5532 5558/4142/5535 5557/4140/5533
f 5556/4141/5534 5557/4140/5533 5559/4143/5536
f 5560/4144/5537 5557/4140/5533 5558/4142/5535
f 5560/4144/5537 5559/4143/5536 5557/4140/5533
f 5561/4145/5538 5560/4144/5537 5562/4146/5539
f 5563/4147/5540 5560/4144/5537 5561/4145/5538
f 5562/4146/5539 5560/4144/5537 5558/4142/5535
f 5563/4147/5540 5559/4143/5536 5560/4144/5537
f 5564/4148/5541 5563/4147/5540 5565/4149/5542
f 5564/4148/5541 5559/4143/5536 5563/4147/5540
f 5566/4150/5543 5565/4149/5542 5563/4147/5540
f 5568/4151/5544 5563/4147/5540 5561/4145/5538
f 5566/4150/5543 5563/4147/5540 5567/4152/5545
f 5568/4151/5544 5567/4152/5545 5563/4147/5540
f 5569/4153/5546 5568/4151/5544 5571/4154/5547
f 5569/4153/5546 5573/4155/5548 5568/4151/5544
f 5570/4156/5549 5568/4151/5544 5561/4145/5538
f 5570/4156/5549 5571/4154/5547 5568/4151/5544
f 5572/4157/5550 5568/4151/5544 5573/4155/5548
f 5572/4157/5550 5567/4152/5545 5568/4151/5544
f 5574/4158/5551 5573/4155/5548 5576/4159/5552
f 5574/4158/5551 5572/4157/5550 5573/4155/5548
f 5575/4160/5553 5573/4155/5548 5569/4153/5546
f 5576/4159/5552 5573/4155/5548 5575/4160/5553
f 5576/4159/5552 5578/4161/5554 5574/4158/5551
f 5576/4159/5552 5577/4162/5555 5578/4161/5554
f 5579/4163/5556 5577/4162/5555 5576/4159/5552
f 5579/4163/5556 5576/4159/5552 5580/4164/5557
f 5576/4159/5552 5575/4160/5553 5580/4164/5557
f 5582/4165/5558 5580/4164/5557 5575/4160/5553
f 5582/4165/5558 5581/4166/5559 5580/4164/5557
f 5580/4164/5557 5581/4166/5559 5583/4167/5560
f 5580/4164/5557 5583/4167/5560 5579/4163/5556
f 5587/4168/5561 5584/4169/5562 5583/4167/5560
f 5584/4169/5562 5585/4170/5563 5583/4167/5560
f 5583/4167/5560 5585/4170/5563 5586/4171/5564
f 5583/4167/5560 5586/4171/5564 5579/4163/5556
f 5589/4172/5565 5583/4167/5560 5581/4166/5559
f 5587/4168/5561 5583/4167/5560 5588/4173/5566
f 5589/4172/5565 5588/4173/5566 5583/4167/5560
f 5589/4172/5565 5582/4165/5558 5590/4174/5567
f 5591/4175/5568 5589/4172/5565 5590/4174/5567
f 5589/4172/5565 4387/2972/4365 5588/4173/5566
f 5589/4172/5565 5581/4166/5559 5582/4165/5558
f 5589/4172/5565 4386/2970/4363 4387/2972/4365
f 5591/4175/5568 4386/2970/4363 5589/4172/5565
f 4381/2966/4359 4380/2964/4357 5591/4175/5568
f 4386/2970/4363 5591/4175/5568 4380/2964/4357
f 4381/2966/4359 5591/4175/5568 5592/4176/5569
f 5592/4176/5569 5591/4175/5568 5590/4174/5567
f 5593/4177/5570 4381/2966/4359 5592/4176/5569
f 5594/4178/5571 5593/4177/5570 5592/4176/5569
f 5592/4176/5569 5590/4174/5567 5595/4179/5572
f 5594/4178/5571 5592/4176/5569 5595/4179/5572
f 5590/4174/5567 5596/4180/5573 5595/4179/5572
f 5597/4181/5574 5594/4178/5571 5595/4179/5572
f 5597/4181/5574 5595/4179/5572 5596/4180/5573
f 5599/4182/5575 5597/4181/5574 5598/4183/5576
f 5596/4180/5573 5598/4183/5576 5597/4181/5574
f 5599/4182/5575 5600/4184/5577 5597/4181/5574
f 5600/4184/5577 5594/4178/5571 5597/4181/5574
f 5600/4184/5577 5601/4185/5578 5594/4178/5571
f 5602/4186/5579 5601/4185/5578 5600/4184/5577
f 5603/4187/5580 5602/4186/5579 5600/4184/5577
f 5603/4187/5580 5600/4184/5577 5599/4182/5575
f 5604/4188/5581 5603/4187/5580 5605/4189/5582
f 5604/4188/5581 5606/4190/5583 5603/4187/5580
f 5605/4189/5582 5603/4187/5580 5599/4182/5575
f 5607/4191/5584 5602/4186/5579 5603/4187/5580
f 5607/4191/5584 5603/4187/5580 5606/4190/5583
f 5611/4192/5585 5602/4186/5579 5607/4191/5584
f 5609/4193/5586 5607/4191/5584 5608/4194/5587
f 5607/4191/5584 5610/4195/5588 5608/4194/5587
f 5611/4192/5585 5607/4191/5584 5609/4193/5586
f 5607/4191/5584 5606/4190/5583 5610/4195/5588
f 5611/4192/5585 5613/4196/5589 5601/4185/5578
f 5602/4186/5579 5611/4192/5585 5601/4185/5578
f 5609/4193/5586 5612/4197/5590 5611/4192/5585
f 5611/4192/5585 5612/4197/5590 5613/4196/5589
f 5601/4185/5578 5613/4196/5589 5616/4198/5591
f 5614/4199/5592 5613/4196/5589 5612/4197/5590
f 5615/4200/5593 5613/4196/5589 5614/4199/5592
f 5615/4200/5593 5616/4198/5591 5613/4196/5589
f 5616/4198/5591 5617/4201/5594 4377/2961/4354
f 5615/4200/5593 5617/4201/5594 5616/4198/5591
f 5616/4198/5591 4377/2961/4354 5618/4202/5595
f 5601/4185/5578 5616/4198/5591 5618/4202/5595
f 5601/4185/5578 5618/4202/5595 5593/4177/5570
f 5618/4202/5595 4378/2962/4355 5593/4177/5570
f 5618/4202/5595 4377/2961/4354 4378/2962/4355
f 5615/4200/5593 5619/4203/5596 5617/4201/5594
f 5619/4203/5596 4357/2941/4334 5617/4201/5594
f 5617/4201/5594 4374/2958/4351 4377/2961/4354
f 5617/4201/5594 4357/2941/4334 4374/2958/4351
f 5621/4204/5597 5619/4203/5596 5615/4200/5593
f 5619/4203/5596 5620/4205/5598 4358/2943/4336
f 5619/4203/5596 5621/4204/5597 5620/4205/5598
f 5619/4203/5596 4358/2943/4336 4357/2941/4334
f 5621/4204/5597 5615/4200/5593 5622/4206/5599
f 5623/4207/5600 5621/4204/5597 5622/4206/5599
f 5620/4205/5598 5621/4204/5597 5623/4207/5600
f 5624/4208/5601 5626/4209/5602 5623/4207/5600
f 5624/4208/5601 5623/4207/5600 5625/4210/5603
f 5623/4207/5600 5622/4206/5599 5625/4210/5603
f 5620/4205/5598 5623/4207/5600 5626/4209/5602
f 5626/4209/5602 5627/4211/5604 5628/4212/5605
f 5624/4208/5601 5627/4211/5604 5626/4209/5602
f 5626/4209/5602 5628/4212/5605 4352/2938/4331
f 5620/4205/5598 5626/4209/5602 4352/2938/4331
f 5627/4211/5604 5630/4213/5606 5628/4212/5605
f 5628/4212/5605 5629/4214/5607 5631/4215/5608
f 5628/4212/5605 5630/4213/5606 5629/4214/5607
f 4352/2938/4331 5628/4212/5605 5631/4215/5608
f 4352/2938/4331 5631/4215/5608 4353/2935/4328
f 5633/4216/5609 5632/4217/5610 5631/4215/5608
f 5632/4217/5610 4353/2935/4328 5631/4215/5608
f 5633/4216/5609 5631/4215/5608 5629/4214/5607
f 5634/4218/5611 5633/4216/5609 5629/4214/5607
f 5632/4217/5610 5633/4216/5609 5634/4218/5611
f 5634/4218/5611 5635/4219/5612 5636/4220/5613
f 5634/4218/5611 5630/4213/5606 5635/4219/5612
f 5634/4218/5611 5629/4214/5607 5630/4213/5606
f 5637/4221/5614 5634/4218/5611 5636/4220/5613
f 5637/4221/5614 5638/4222/5615 5634/4218/5611
f 5632/4217/5610 5634/4218/5611 5638/4222/5615
f 4348/2933/4326 5638/4222/5615 4347/2932/4325
f 5640/4223/5616 4347/2932/4325 5638/4222/5615
f 5637/4221/5614 5639/4224/5617 5638/4222/5615
f 5640/4223/5616 5638/4222/5615 5639/4224/5617
f 4348/2933/4326 5632/4217/5610 5638/4222/5615
f 4329/2913/4297 5640/4223/5616 5639/4224/5617
f 4329/2913/4297 4330/2914/4307 5640/4223/5616
f 5640/4223/5616 4330/2914/4307 4345/2930/4323
f 5640/4223/5616 4345/2930/4323 4347/2932/4325
f 5641/4225/5618 5639/4224/5617 5637/4221/5614
f 5641/4225/5618 5642/4226/5619 5639/4224/5617
f 4329/2913/4297 5639/4224/5617 5642/4226/5619
f 5641/4225/5618 5643/4227/5620 5644/4228/5621
f 5641/4225/5618 5637/4221/5614 5643/4227/5620
f 5644/4228/5621 5646/4229/5622 5645/4230/5623
f 5644/4228/5621 5643/4227/5620 5646/4229/5622
f 5648/4231/5624 5647/4232/5625 5646/4229/5622
f 5647/4232/5625 5645/4230/5623 5646/4229/5622
f 5643/4227/5620 5648/4231/5624 5646/4229/5622
f 5648/4231/5624 5649/4233/5626 5647/4232/5625
f 5650/4234/5627 5649/4233/5626 5648/4231/5624
f 5636/4220/5613 5650/4234/5627 5648/4231/5624
f 5643/4227/5620 5636/4220/5613 5648/4231/5624
f 5650/4234/5627 5652/4235/5628 5649/4233/5626
f 5635/4219/5612 5651/4236/5629 5650/4234/5627
f 5651/4236/5629 5652/4235/5628 5650/4234/5627
f 5636/4220/5613 5635/4219/5612 5650/4234/5627
f 5652/4235/5628 5653/4237/5630 5649/4233/5626
f 5652/4235/5628 5654/4238/5631 5653/4237/5630
f 5655/4239/5632 5654/4238/5631 5652/4235/5628
f 5651/4236/5629 5655/4239/5632 5652/4235/5628
f 5656/4240/5633 5655/4239/5632 5658/4241/5634
f 5656/4240/5633 5657/4242/5635 5655/4239/5632
f 5655/4239/5632 5657/4242/5635 5654/4238/5631
f 5659/4243/5636 5658/4241/5634 5655/4239/5632
f 5659/4243/5636 5655/4239/5632 5651/4236/5629
f 5660/4244/5637 5659/4243/5636 5651/4236/5629
f 5661/4245/5638 5659/4243/5636 5660/4244/5637
f 5662/4246/5639 5659/4243/5636 5661/4245/5638
f 5662/4246/5639 5658/4241/5634 5659/4243/5636
f 5662/4246/5639 5656/4240/5633 5658/4241/5634
f 5662/4246/5639 5663/4247/5640 5656/4240/5633
f 5663/4247/5640 5662/4246/5639 5664/4248/5641
f 5661/4245/5638 5664/4248/5641 5662/4246/5639
f 5665/4249/5642 5664/4248/5641 5666/4250/5643
f 5665/4249/5642 5667/4251/5644 5664/4248/5641
f 5666/4250/5643 5664/4248/5641 5668/4252/5645
f 5661/4245/5638 5668/4252/5645 5664/4248/5641
f 5663/4247/5640 5664/4248/5641 5667/4251/5644
f 5666/4250/5643 5668/4252/5645 5669/4253/5646
f 5670/4254/5647 5669/4253/5646 5668/4252/5645
f 5671/4255/5648 5668/4252/5645 5661/4245/5638
f 5671/4255/5648 5670/4254/5647 5668/4252/5645
f 5673/4256/5649 5671/4255/5648 5660/4244/5637
f 5661/4245/5638 5660/4244/5637 5671/4255/5648
f 5673/4256/5649 5672/4257/5650 5671/4255/5648
f 5672/4257/5650 5670/4254/5647 5671/4255/5648
f 5624/4208/5601 5673/4256/5649 5674/4258/5651
f 5673/4256/5649 5675/4259/5652 5674/4258/5651
f 5673/4256/5649 5660/4244/5637 5675/4259/5652
f 5624/4208/5601 5672/4257/5650 5673/4256/5649
f 5635/4219/5612 5675/4259/5652 5651/4236/5629
f 5660/4244/5637 5651/4236/5629 5675/4259/5652
f 5674/4258/5651 5675/4259/5652 5635/4219/5612
f 5627/4211/5604 5674/4258/5651 5630/4213/5606
f 5624/4208/5601 5674/4258/5651 5627/4211/5604
f 5674/4258/5651 5635/4219/5612 5630/4213/5606
f 5624/4208/5601 5625/4210/5603 5672/4257/5650
f 5676/4260/5653 5672/4257/5650 5625/4210/5603
f 5672/4257/5650 5676/4260/5653 5670/4254/5647
f 5676/4260/5653 5614/4199/5592 5677/4261/5654
f 5614/4199/5592 5676/4260/5653 5622/4206/5599
f 5676/4260/5653 5625/4210/5603 5622/4206/5599
f 5676/4260/5653 5677/4261/5654 5670/4254/5647
f 5614/4199/5592 5612/4197/5590 5677/4261/5654
f 5677/4261/5654 5678/4262/5655 5669/4253/5646
f 5677/4261/5654 5612/4197/5590 5678/4262/5655
f 5670/4254/5647 5677/4261/5654 5669/4253/5646
f 5679/4263/5656 5678/4262/5655 5609/4193/5586
f 5679/4263/5656 5680/4264/5657 5678/4262/5655
f 5680/4264/5657 5669/4253/5646 5678/4262/5655
f 5609/4193/5586 5678/4262/5655 5612/4197/5590
f 5679/4263/5656 3853/2437/3831 5680/4264/5657
f 5680/4264/5657 3853/2437/3831 5665/4249/5642
f 5680/4264/5657 5665/4249/5642 5666/4250/5643
f 5680/4264/5657 5666/4250/5643 5669/4253/5646
f 5679/4263/5656 3850/2435/3829 3853/2437/3831
f 5679/4263/5656 5683/4265/5658 3850/2435/3829
f 5609/4193/5586 5608/4194/5587 5679/4263/5656
f 5679/4263/5656 5608/4194/5587 5681/4266/5659
f 5679/4263/5656 5681/4266/5659 5682/4267/5660
f 5679/4263/5656 5682/4267/5660 5683/4265/5658
f 3850/2435/3829 5683/4265/5658 5684/4268/5661
f 5682/4267/5660 5684/4268/5661 5683/4265/5658
f 5682/4267/5660 5681/4266/5659 5684/4268/5661
f 5681/4266/5659 3846/2431/3825 5684/4268/5661
f 3850/2435/3829 5684/4268/5661 3848/2432/3826
f 3846/2431/3825 3848/2432/3826 5684/4268/5661
f 5685/4269/5662 5681/4266/5659 5608/4194/5587
f 5681/4266/5659 5685/4269/5662 3846/2431/3825
f 5685/4269/5662 5608/4194/5587 5610/4195/5588
f 5610/4195/5588 5686/4270/5663 5685/4269/5662
f 5606/4190/5583 5686/4270/5663 5610/4195/5588
f 5606/4190/5583 5604/4188/5581 5686/4270/5663
f 5604/4188/5581 5687/4271/5664 5686/4270/5663
f 5688/4272/5665 5687/4271/5664 5689/4273/5666
f 5604/4188/5581 5689/4273/5666 5687/4271/5664
f 5692/4274/5667 5689/4273/5666 5604/4188/5581
f 5688/4272/5665 5689/4273/5666 5690/4275/5668
f 5689/4273/5666 5691/4276/5669 5690/4275/5668
f 5689/4273/5666 5692/4274/5667 5691/4276/5669
f 5693/4277/5670 5691/4276/5669 5692/4274/5667
f 5692/4274/5667 5604/4188/5581 5605/4189/5582
f 5605/4189/5582 5693/4277/5670 5692/4274/5667
f 5693/4277/5670 5694/4278/5671 5691/4276/5669
f 5694/4278/5671 5693/4277/5670 5695/4279/5672
f 5605/4189/5582 5696/4280/5673 5693/4277/5670
f 5696/4280/5673 5695/4279/5672 5693/4277/5670
f 5605/4189/5582 5599/4182/5575 5696/4280/5673
f 5697/4281/5674 5696/4280/5673 5599/4182/5575
f 5696/4280/5673 5697/4281/5674 5695/4279/5672
f 5697/4281/5674 5599/4182/5575 5598/4183/5576
f 5598/4183/5576 5569/4153/5546 5697/4281/5674
f 5571/4154/5547 5697/4281/5674 5569/4153/5546
f 5571/4154/5547 5695/4279/5672 5697/4281/5674
f 5694/4278/5671 5695/4279/5672 5698/4282/5675
f 5698/4282/5675 5695/4279/5672 5571/4154/5547
f 5694/4278/5671 5698/4282/5675 5699/4283/5676
f 5699/4283/5676 5698/4282/5675 5570/4156/5549
f 5698/4282/5675 5571/4154/5547 5570/4156/5549
f 5694/4278/5671 5699/4283/5676 5700/4284/5677
f 5700/4284/5677 5699/4283/5676 5701/4285/5678
f 5699/4283/5676 5570/4156/5549 5562/4146/5539
f 5701/4285/5678 5699/4283/5676 5562/4146/5539
f 5701/4285/5678 5562/4146/5539 5702/4286/5679
f 5705/4287/5680 5701/4285/5678 5702/4286/5679
f 5703/4288/5681 5704/4289/5682 5701/4285/5678
f 5705/4287/5680 5703/4288/5681 5701/4285/5678
f 5700/4284/5677 5701/4285/5678 5704/4289/5682
f 5706/4290/5683 5705/4287/5680 5702/4286/5679
f 5705/4287/5680 5706/4290/5683 5708/4291/5684
f 5707/4292/5685 5703/4288/5681 5705/4287/5680
f 5705/4287/5680 5708/4291/5684 5707/4292/5685
f 5708/4291/5684 5555/4139/5532 5709/4293/5686
f 5708/4291/5684 5706/4290/5683 5555/4139/5532
f 5710/4294/5687 5708/4291/5684 5709/4293/5686
f 5707/4292/5685 5708/4291/5684 5710/4294/5687
f 5713/4295/5688 5710/4294/5687 5711/4296/5689
f 5710/4294/5687 5712/4297/5690 5711/4296/5689
f 5710/4294/5687 5709/4293/5686 5714/4298/5691
f 5710/4294/5687 5714/4298/5691 5712/4297/5690
f 5713/4295/5688 5715/4299/5692 5710/4294/5687
f 5707/4292/5685 5710/4294/5687 5715/4299/5692
f 5713/4295/5688 5716/4300/5693 5715/4299/5692
f 5715/4299/5692 5716/4300/5693 5717/4301/5694
f 5715/4299/5692 5717/4301/5694 5707/4292/5685
f 5717/4301/5694 5719/4302/5695 5703/4288/5681
f 5707/4292/5685 5717/4301/5694 5703/4288/5681
f 5716/4300/5693 5718/4303/5696 5717/4301/5694
f 5717/4301/5694 5718/4303/5696 5719/4302/5695
f 5703/4288/5681 5719/4302/5695 5704/4289/5682
f 5720/4304/5697 5704/4289/5682 5719/4302/5695
f 5720/4304/5697 5719/4302/5695 5721/4305/5698
f 5718/4303/5696 5721/4305/5698 5719/4302/5695
f 5723/4306/5699 5720/4304/5697 5721/4305/5698
f 5718/4303/5696 4034/2618/4012 5721/4305/5698
f 4034/2618/4012 5722/4307/5700 5721/4305/5698
f 5723/4306/5699 5721/4305/5698 5722/4307/5700
f 5725/4308/5701 5724/4309/5702 5723/4306/5699
f 5723/4306/5699 5724/4309/5702 5726/4310/5703
f 5725/4308/5701 5723/4306/5699 5722/4307/5700
f 5723/4306/5699 5726/4310/5703 5720/4304/5697
f 5704/4289/5682 5726/4310/5703 5700/4284/5677
f 5700/4284/5677 5726/4310/5703 5691/4276/5669
f 5724/4309/5702 5691/4276/5669 5726/4310/5703
f 5704/4289/5682 5720/4304/5697 5726/4310/5703
f 5725/4308/5701 5727/4311/5704 5724/4309/5702
f 5725/4308/5701 5722/4307/5700 5728/4312/5705
f 4032/2616/4010 5728/4312/5705 5722/4307/5700
f 4032/2616/4010 4028/2613/4007 5728/4312/5705
f 4028/2613/4007 4023/2608/4002 5728/4312/5705
f 5727/4311/5704 5688/4272/5665 5690/4275/5668
f 5727/4311/5704 5690/4275/5668 5724/4309/5702
f 5724/4309/5702 5690/4275/5668 5691/4276/5669
f 4034/2618/4012 4032/2616/4010 5722/4307/5700
f 4036/2619/4013 4034/2618/4012 5718/4303/5696
f 5716/4300/5693 4036/2619/4013 5718/4303/5696
f 4036/2619/4013 5716/4300/5693 5729/4313/5706
f 5713/4295/5688 5729/4313/5706 5716/4300/5693
f 4040/2624/4018 5729/4313/5706 5730/4314/5707
f 4040/2624/4018 4035/2620/4014 5729/4313/5706
f 5731/4315/5708 5730/4314/5707 5729/4313/5706
f 5731/4315/5708 5729/4313/5706 5713/4295/5688
f 4036/2619/4013 5729/4313/5706 4035/2620/4014
f 5731/4315/5708 5711/4296/5689 5734/4316/5709
f 5731/4315/5708 5713/4295/5688 5711/4296/5689
f 5731/4315/5708 5732/4317/5710 5733/4318/5711
f 5735/4319/5712 5732/4317/5710 5731/4315/5708
f 5730/4314/5707 5731/4315/5708 4066/2650/4044
f 5731/4315/5708 5733/4318/5711 4066/2650/4044
f 5735/4319/5712 5731/4315/5708 5734/4316/5709
f 5734/4316/5709 5736/4320/5713 5735/4319/5712
f 4103/2687/4081 5735/4319/5712 5736/4320/5713
f 4097/2681/4075 5735/4319/5712 4103/2687/4081
f 4097/2681/4075 5732/4317/5710 5735/4319/5712
f 5739/4321/5714 5736/4320/5713 5737/4322/5715
f 5737/4322/5715 5736/4320/5713 5738/4323/5716
f 5734/4316/5709 5738/4323/5716 5736/4320/5713
f 4103/2687/4081 5736/4320/5713 5739/4321/5714
f 5739/4321/5714 5737/4322/5715 5740/4324/5717
f 5741/4325/5718 4103/2687/4081 5739/4321/5714
f 5742/4326/5719 5739/4321/5714 5740/4324/5717
f 5742/4326/5719 5741/4325/5718 5739/4321/5714
f 5743/4327/5720 5741/4325/5718 5742/4326/5719
f 5742/4326/5719 5744/4328/5721 5743/4327/5720
f 5742/4326/5719 5745/4329/5722 5744/4328/5721
f 5745/4329/5722 5742/4326/5719 5740/4324/5717
f 5744/4328/5721 5745/4329/5722 5747/4330/5723
f 5745/4329/5722 5740/4324/5717 5746/4331/5724
f 5747/4330/5723 5745/4329/5722 5746/4331/5724
f 5747/4330/5723 5746/4331/5724 5748/4332/5725
f 5749/4333/5726 5747/4330/5723 5748/4332/5725
f 5749/4333/5726 5750/4334/5727 5747/4330/5723
f 5744/4328/5721 5747/4330/5723 5750/4334/5727
f 5749/4333/5726 5751/4335/5728 5750/4334/5727
f 5750/4334/5727 5751/4335/5728 5752/4336/5729
f 5750/4334/5727 5752/4336/5729 5753/4337/5730
f 5754/4338/5731 5750/4334/5727 5753/4337/5730
f 5754/4338/5731 5744/4328/5721 5750/4334/5727
f 5756/4339/5732 5754/4338/5731 5753/4337/5730
f 5755/4340/5733 5754/4338/5731 5756/4339/5732
f 5743/4327/5720 5754/4338/5731 5755/4340/5733
f 5743/4327/5720 5744/4328/5721 5754/4338/5731
f 5758/4341/5734 5757/4342/5735 5756/4339/5732
f 5755/4340/5733 5756/4339/5732 5757/4342/5735
f 5758/4341/5734 5756/4339/5732 5759/4343/5736
f 5759/4343/5736 5756/4339/5732 5760/4344/5737
f 5756/4339/5732 5753/4337/5730 5760/4344/5737
f 5753/4337/5730 5761/4345/5738 5760/4344/5737
f 5762/4346/5739 5760/4344/5737 5761/4345/5738
f 5759/4343/5736 5760/4344/5737 5762/4346/5739
f 5763/4347/5740 5762/4346/5739 5765/4348/5741
f 5763/4347/5740 5759/4343/5736 5762/4346/5739
f 5762/4346/5739 5761/4345/5738 5764/4349/5742
f 5765/4348/5741 5762/4346/5739 5764/4349/5742
f 5766/4350/5743 5763/4347/5740 5765/4348/5741
f 5766/4350/5743 5765/4348/5741 5768/4351/5744
f 5767/4352/5745 5765/4348/5741 5769/4353/5746
f 5767/4352/5745 5768/4351/5744 5765/4348/5741
f 5765/4348/5741 5764/4349/5742 5769/4353/5746
f 5770/4354/5747 5769/4353/5746 5771/4355/5748
f 5770/4354/5747 5767/4352/5745 5769/4353/5746
f 5769/4353/5746 5772/4356/5749 5771/4355/5748
f 5769/4353/5746 5764/4349/5742 5772/4356/5749
f 5771/4355/5748 5772/4356/5749 5773/4357/5750
f 5772/4356/5749 5774/4358/5751 5773/4357/5750
f 5764/4349/5742 5775/4359/5752 5772/4356/5749
f 5772/4356/5749 5775/4359/5752 5774/4358/5751
f 5752/4336/5729 5775/4359/5752 5761/4345/5738
f 5752/4336/5729 5776/4360/5753 5775/4359/5752
f 5776/4360/5753 5774/4358/5751 5775/4359/5752
f 5764/4349/5742 5761/4345/5738 5775/4359/5752
f 5751/4335/5728 5776/4360/5753 5752/4336/5729
f 5751/4335/5728 5777/4361/5754 5776/4360/5753
f 5777/4361/5754 5778/4362/5755 5776/4360/5753
f 5776/4360/5753 5778/4362/5755 5774/4358/5751
f 5777/4361/5754 5779/4363/5756 5778/4362/5755
f 5780/4364/5757 5778/4362/5755 5779/4363/5756
f 5781/4365/5758 5778/4362/5755 5780/4364/5757
f 5781/4365/5758 5774/4358/5751 5778/4362/5755
f 5783/4366/5759 5781/4365/5758 5782/4367/5760
f 5780/4364/5757 5782/4367/5760 5781/4365/5758
f 5781/4365/5758 5773/4357/5750 5774/4358/5751
f 5781/4365/5758 5783/4366/5759 5773/4357/5750
f 5783/4366/5759 5782/4367/5760 5784/4368/5761
f 5785/4369/5762 5783/4366/5759 5784/4368/5761
f 5783/4366/5759 5786/4370/5763 5773/4357/5750
f 5783/4366/5759 5785/4369/5762 5786/4370/5763
f 5771/4355/5748 5773/4357/5750 5786/4370/5763
f 5787/4371/5764 5771/4355/5748 5786/4370/5763
f 5785/4369/5762 5787/4371/5764 5786/4370/5763
f 5787/4371/5764 5770/4354/5747 5771/4355/5748
f 5787/4371/5764 5789/4372/5765 5770/4354/5747
f 5785/4369/5762 5788/4373/5766 5787/4371/5764
f 5788/4373/5766 5790/4374/5767 5787/4371/5764
f 5787/4371/5764 5790/4374/5767 5789/4372/5765
f 5790/4374/5767 5791/4375/5768 5793/4376/5769
f 5790/4374/5767 5792/4377/5770 5791/4375/5768
f 5788/4373/5766 5792/4377/5770 5790/4374/5767
f 5789/4372/5765 5790/4374/5767 5793/4376/5769
f 5793/4376/5769 5794/4378/5771 5796/4379/5772
f 5791/4375/5768 5794/4378/5771 5793/4376/5769
f 5789/4372/5765 5793/4376/5769 5795/4380/5773
f 5793/4376/5769 5796/4379/5772 5795/4380/5773
f 5796/4379/5772 4934/3517/4910 4932/3516/4909
f 5795/4380/5773 5796/4379/5772 4932/3516/4909
f 5796/4379/5772 5797/4381/5774 4934/3517/4910
f 5794/4378/5771 5797/4381/5774 5796/4379/5772
f 5794/4378/5771 5798/4382/5775 5797/4381/5774
f 5797/4381/5774 4937/3520/4913 4934/3517/4910
f 5797/4381/5774 5064/3647/5040 4937/3520/4913
f 5798/4382/5775 5064/3647/5040 5797/4381/5774
f 5799/4383/5776 5063/3648/5041 5798/4382/5775
f 5799/4383/5776 5798/4382/5775 5794/4378/5771
f 5798/4382/5775 5063/3648/5041 5064/3647/5040
f 5799/4383/5776 5800/4384/5777 5801/4385/5778
f 5800/4384/5777 5799/4383/5776 5802/4386/5779
f 5799/4383/5776 5801/4385/5778 5066/3650/5043
f 5799/4383/5776 5066/3650/5043 5063/3648/5041
f 5799/4383/5776 5794/4378/5771 5802/4386/5779
f 5803/4387/5780 5802/4386/5779 5791/4375/5768
f 5803/4387/5780 5804/4388/5781 5802/4386/5779
f 5800/4384/5777 5802/4386/5779 5804/4388/5781
f 5791/4375/5768 5802/4386/5779 5794/4378/5771
f 5805/4389/5782 5804/4388/5781 5803/4387/5780
f 5806/4390/5783 5800/4384/5777 5804/4388/5781
f 5806/4390/5783 5804/4388/5781 5805/4389/5782
f 5807/4391/5784 5806/4390/5783 5805/4389/5782
f 5808/4392/5785 5806/4390/5783 5807/4391/5784
f 5801/4385/5778 5806/4390/5783 5808/4392/5785
f 5801/4385/5778 5800/4384/5777 5806/4390/5783
f 5808/4392/5785 5807/4391/5784 5809/4393/5786
f 5809/4393/5786 5077/3660/5053 5808/4392/5785
f 5077/3660/5053 5801/4385/5778 5808/4392/5785
f 5809/4393/5786 5076/3661/5054 5077/3660/5053
f 5810/4394/5787 5076/3661/5054 5809/4393/5786
f 5811/4395/5788 5810/4394/5787 5809/4393/5786
f 5811/4395/5788 5809/4393/5786 5807/4391/5784
f 5815/4396/5789 5811/4395/5788 5812/4397/5790
f 5811/4395/5788 5813/4398/5791 5812/4397/5790
f 5811/4395/5788 5807/4391/5784 5813/4398/5791
f 5810/4394/5787 5811/4395/5788 5814/4399/5792
f 5815/4396/5789 5814/4399/5792 5811/4395/5788
f 5817/4400/5793 5816/4401/5794 5815/4396/5789
f 5817/4400/5793 5815/4396/5789 5812/4397/5790
f 5818/4402/5795 5817/4400/5793 5820/4403/5796
f 5818/4402/5795 5819/4404/5797 5817/4400/5793
f 5819/4404/5797 5816/4401/5794 5817/4400/5793
f 5812/4397/5790 5820/4403/5796 5817/4400/5793
f 5821/4405/5798 5818/4402/5795 5820/4403/5796
f 5812/4397/5790 5813/4398/5791 5820/4403/5796
f 5813/4398/5791 5822/4406/5799 5820/4403/5796
f 5821/4405/5798 5820/4403/5796 5822/4406/5799
f 5805/4389/5782 5803/4387/5780 5822/4406/5799
f 5813/4398/5791 5805/4389/5782 5822/4406/5799
f 5823/4407/5800 5822/4406/5799 5803/4387/5780
f 5823/4407/5800 5821/4405/5798 5822/4406/5799
f 5824/4408/5801 5823/4407/5800 5792/4377/5770
f 5792/4377/5770 5823/4407/5800 5803/4387/5780
f 5821/4405/5798 5823/4407/5800 5824/4408/5801
f 5824/4408/5801 5792/4377/5770 5788/4373/5766
f 5824/4408/5801 5825/4409/5802 5826/4410/5803
f 5824/4408/5801 5827/4411/5804 5825/4409/5802
f 5821/4405/5798 5824/4408/5801 5826/4410/5803
f 5788/4373/5766 5827/4411/5804 5824/4408/5801
f 5785/4369/5762 5784/4368/5761 5827/4411/5804
f 5788/4373/5766 5785/4369/5762 5827/4411/5804
f 5827/4411/5804 5828/4412/5805 5825/4409/5802
f 5827/4411/5804 5784/4368/5761 5828/4412/5805
f 5784/4368/5761 5830/4413/5806 5828/4412/5805
f 5828/4412/5805 5829/4414/5807 5831/4415/5808
f 5828/4412/5805 5830/4413/5806 5829/4414/5807
f 5825/4409/5802 5828/4412/5805 5831/4415/5808
f 5825/4409/5802 5831/4415/5808 5832/4416/5809
f 5832/4416/5809 5831/4415/5808 5833/4417/5810
f 5831/4415/5808 5829/4414/5807 5834/4418/5811
f 5831/4415/5808 5834/4418/5811 5833/4417/5810
f 5837/4419/5812 5835/4420/5813 5834/4418/5811
f 5834/4418/5811 5835/4420/5813 5836/4421/5814
f 5834/4418/5811 5836/4421/5814 5838/4422/5815
f 5837/4419/5812 5834/4418/5811 5829/4414/5807
f 5834/4418/5811 5838/4422/5815 5839/4423/5816
f 5834/4418/5811 5839/4423/5816 5833/4417/5810
f 5833/4417/5810 5839/4423/5816 5840/4424/5817
f 5833/4417/5810 5840/4424/5817 5841/4425/5818
f 5841/4425/5818 5840/4424/5817 5842/4426/5819
f 5842/4426/5819 5843/4427/5820 5819/4404/5797
f 5841/4425/5818 5842/4426/5819 5844/4428/5821
f 5842/4426/5819 5819/4404/5797 5844/4428/5821
f 5845/4429/5822 5841/4425/5818 5844/4428/5821
f 5844/4428/5821 5818/4402/5795 5845/4429/5822
f 5844/4428/5821 5819/4404/5797 5818/4402/5795
f 5818/4402/5795 5826/4410/5803 5845/4429/5822
f 5845/4429/5822 5832/4416/5809 5841/4425/5818
f 5826/4410/5803 5832/4416/5809 5845/4429/5822
f 5819/4404/5797 5843/4427/5820 5816/4401/5794
f 5832/4416/5809 5833/4417/5810 5841/4425/5818
f 5848/4430/5823 5846/4431/5824 5837/4419/5812
f 5846/4431/5824 5835/4420/5813 5837/4419/5812
f 5847/4432/5825 5837/4419/5812 5829/4414/5807
f 5848/4430/5823 5837/4419/5812 5847/4432/5825
f 5851/4433/5826 5846/4431/5824 5848/4430/5823
f 5849/4434/5827 5848/4430/5823 5850/4435/5828
f 5849/4434/5827 5851/4433/5826 5848/4430/5823
f 5850/4435/5828 5848/4430/5823 5847/4432/5825
f 5851/4433/5826 5854/4436/5829 5846/4431/5824
f 5853/4437/5830 5851/4433/5826 5849/4434/5827
f 5852/4438/5831 5851/4433/5826 5853/4437/5830
f 5852/4438/5831 5854/4436/5829 5851/4433/5826
f 5856/4439/5832 5854/4436/5829 5852/4438/5831
f 5854/4436/5829 5855/4440/5833 5846/4431/5824
f 5854/4436/5829 5856/4439/5832 5855/4440/5833
f 5856/4439/5832 5852/4438/5831 5857/4441/5834
f 5858/4442/5835 5856/4439/5832 5857/4441/5834
f 5855/4440/5833 5856/4439/5832 5858/4442/5835
f 5858/4442/5835 5857/4441/5834 5859/4443/5836
f 5855/4440/5833 5858/4442/5835 5860/4444/5837
f 5835/4420/5813 5860/4444/5837 5836/4421/5814
f 5835/4420/5813 5855/4440/5833 5860/4444/5837
f 5857/4441/5834 5502/4086/5479 5859/4443/5836
f 5852/4438/5831 5501/4085/5478 5857/4441/5834
f 5857/4441/5834 5501/4085/5478 5502/4086/5479
f 5846/4431/5824 5855/4440/5833 5835/4420/5813
f 5853/4437/5830 5849/4434/5827 5861/4445/5838
f 5853/4437/5830 5504/4088/5481 5852/4438/5831
f 5853/4437/5830 5507/4090/5483 5504/4088/5481
f 5861/4445/5838 5507/4090/5483 5853/4437/5830
f 5849/4434/5827 5862/4446/5839 5861/4445/5838
f 5861/4445/5838 5509/4094/5487 5507/4090/5483
f 5862/4446/5839 5509/4094/5487 5861/4445/5838
f 5849/4434/5827 5863/4447/5840 5862/4446/5839
f 5863/4447/5840 5864/4448/5841 5862/4446/5839
f 5864/4448/5841 5523/4108/5501 5862/4446/5839
f 5862/4446/5839 5523/4108/5501 5509/4094/5487
f 5866/4449/5842 5865/4450/5843 5864/4448/5841
f 5865/4450/5843 5522/4106/5499 5864/4448/5841
f 5863/4447/5840 5866/4449/5842 5864/4448/5841
f 5864/4448/5841 5522/4106/5499 5523/4108/5501
f 5866/4449/5842 5779/4363/5756 5777/4361/5754
f 5868/4451/5844 5779/4363/5756 5866/4449/5842
f 5866/4449/5842 5867/4452/5845 5865/4450/5843
f 5868/4451/5844 5866/4449/5842 5863/4447/5840
f 5866/4449/5842 5777/4361/5754 5867/4452/5845
f 5780/4364/5757 5779/4363/5756 5868/4451/5844
f 5863/4447/5840 5850/4435/5828 5868/4451/5844
f 5868/4451/5844 5850/4435/5828 5869/4453/5846
f 5868/4451/5844 5869/4453/5846 5780/4364/5757
f 5850/4435/5828 5847/4432/5825 5869/4453/5846
f 5869/4453/5846 5847/4432/5825 5830/4413/5806
f 5780/4364/5757 5869/4453/5846 5782/4367/5760
f 5869/4453/5846 5830/4413/5806 5782/4367/5760
f 5867/4452/5845 5870/4454/5847 5865/4450/5843
f 5867/4452/5845 5749/4333/5726 5870/4454/5847
f 5867/4452/5845 5751/4335/5728 5749/4333/5726
f 5867/4452/5845 5777/4361/5754 5751/4335/5728
f 5749/4333/5726 5748/4332/5725 5870/4454/5847
f 5748/4332/5725 5871/4455/5848 5870/4454/5847
f 5870/4454/5847 5871/4455/5848 5527/4112/5505
f 5870/4454/5847 5527/4112/5505 5865/4450/5843
f 5748/4332/5725 5872/4456/5849 5871/4455/5848
f 5871/4455/5848 5872/4456/5849 5873/4457/5850
f 5871/4455/5848 5873/4457/5850 5526/4110/5503
f 5527/4112/5505 5871/4455/5848 5526/4110/5503
f 5872/4456/5849 5874/4458/5851 5873/4457/5850
f 5529/4113/5506 5873/4457/5850 5874/4458/5851
f 5529/4113/5506 5526/4110/5503 5873/4457/5850
f 5872/4456/5849 5877/4459/5852 5874/4458/5851
f 5529/4113/5506 5874/4458/5851 5875/4460/5853
f 5875/4460/5853 5874/4458/5851 5876/4461/5854
f 5877/4459/5852 5876/4461/5854 5874/4458/5851
f 5877/4459/5852 5737/4322/5715 5876/4461/5854
f 5740/4324/5717 5737/4322/5715 5877/4459/5852
f 5746/4331/5724 5877/4459/5852 5872/4456/5849
f 5740/4324/5717 5877/4459/5852 5746/4331/5724
f 5737/4322/5715 5738/4323/5716 5876/4461/5854
f 5876/4461/5854 5738/4323/5716 5712/4297/5690
f 5876/4461/5854 5712/4297/5690 5878/4462/5855
f 5875/4460/5853 5876/4461/5854 5878/4462/5855
f 5712/4297/5690 5879/4463/5856 5878/4462/5855
f 5875/4460/5853 5878/4462/5855 5879/4463/5856
f 5709/4293/5686 5879/4463/5856 5714/4298/5691
f 5709/4293/5686 5536/4121/5514 5879/4463/5856
f 5532/4117/5510 5879/4463/5856 5536/4121/5514
f 5875/4460/5853 5879/4463/5856 5532/4117/5510
f 5712/4297/5690 5714/4298/5691 5879/4463/5856
f 5529/4113/5506 5875/4460/5853 5532/4117/5510
f 5746/4331/5724 5872/4456/5849 5748/4332/5725
f 5865/4450/5843 5527/4112/5505 5522/4106/5499
f 5863/4447/5840 5849/4434/5827 5850/4435/5828
f 5852/4438/5831 5504/4088/5481 5501/4085/5478
f 5847/4432/5825 5829/4414/5807 5830/4413/5806
f 5826/4410/5803 5825/4409/5802 5832/4416/5809
f 5784/4368/5761 5782/4367/5760 5830/4413/5806
f 5818/4402/5795 5821/4405/5798 5826/4410/5803
f 5810/4394/5787 5814/4399/5792 5880/4464/5857
f 5880/4464/5857 5881/4465/5858 5080/3663/5056
f 5880/4464/5857 5080/3663/5056 5810/4394/5787
f 5080/3663/5056 5881/4465/5858 5079/3665/5058
f 5807/4391/5784 5805/4389/5782 5813/4398/5791
f 5810/4394/5787 5080/3663/5056 5076/3661/5054
f 5792/4377/5770 5803/4387/5780 5791/4375/5768
f 5066/3650/5043 5801/4385/5778 5067/3651/5044
f 5077/3660/5053 5067/3651/5044 5801/4385/5778
f 5795/4380/5773 4932/3516/4909 5883/4466/5859
f 5882/4467/5860 5789/4372/5765 5795/4380/5773
f 5882/4467/5860 5795/4380/5773 5883/4466/5859
f 5884/4468/5861 5883/4466/5859 5885/4469/5862
f 5884/4468/5861 5882/4467/5860 5883/4466/5859
f 5883/4466/5859 4933/3518/4911 5885/4469/5862
f 5883/4466/5859 4932/3516/4909 4933/3518/4911
f 5885/4469/5862 4933/3518/4911 4926/3510/4903
f 5885/4469/5862 4926/3510/4903 4925/3509/4902
f 4925/3509/4902 5884/4468/5861 5885/4469/5862
f 5767/4352/5745 5882/4467/5860 5884/4468/5861
f 5767/4352/5745 5884/4468/5861 5768/4351/5744
f 5768/4351/5744 5884/4468/5861 5886/4470/5863
f 4925/3509/4902 5886/4470/5863 5884/4468/5861
f 5766/4350/5743 5886/4470/5863 5887/4471/5864
f 5887/4471/5864 5886/4470/5863 4925/3509/4902
f 5768/4351/5744 5886/4470/5863 5766/4350/5743
f 5887/4471/5864 4925/3509/4902 4923/3507/4900
f 5889/4472/5865 5887/4471/5864 4923/3507/4900
f 5766/4350/5743 5887/4471/5864 5888/4473/5866
f 5888/4473/5866 5887/4471/5864 5889/4472/5865
f 5890/4474/5867 5889/4472/5865 4116/2700/4094
f 4116/2700/4094 5889/4472/5865 4920/3506/4899
f 5889/4472/5865 4923/3507/4900 4920/3506/4899
f 5888/4473/5866 5889/4472/5865 5890/4474/5867
f 5891/4475/5868 5890/4474/5867 4112/2698/4092
f 5891/4475/5868 5888/4473/5866 5890/4474/5867
f 5890/4474/5867 4116/2700/4094 4111/2696/4090
f 4111/2696/4090 4112/2698/4092 5890/4474/5867
f 5888/4473/5866 5891/4475/5868 5763/4347/5740
f 5891/4475/5868 5759/4343/5736 5763/4347/5740
f 5891/4475/5868 5758/4341/5734 5759/4343/5736
f 5758/4341/5734 5891/4475/5868 4112/2698/4092
f 5888/4473/5866 5763/4347/5740 5766/4350/5743
f 5770/4354/5747 5789/4372/5765 5882/4467/5860
f 5770/4354/5747 5882/4467/5860 5767/4352/5745
f 5753/4337/5730 5752/4336/5729 5761/4345/5738
f 5757/4342/5735 5758/4341/5734 4113/2699/4093
f 5758/4341/5734 4112/2698/4092 4113/2699/4093
f 5757/4342/5735 4113/2699/4093 5892/4476/5869
f 5757/4342/5735 5892/4476/5869 5893/4477/5870
f 5757/4342/5735 5893/4477/5870 5755/4340/5733
f 4102/2685/4079 5894/4478/5871 5893/4477/5870
f 5755/4340/5733 5893/4477/5870 5894/4478/5871
f 4102/2685/4079 5893/4477/5870 5895/4479/5872
f 5895/4479/5872 5893/4477/5870 5892/4476/5869
f 4102/2685/4079 5895/4479/5872 4110/2694/4088
f 5895/4479/5872 5892/4476/5869 4110/2694/4088
f 4101/2686/4080 5894/4478/5871 4102/2685/4079
f 4101/2686/4080 5741/4325/5718 5894/4478/5871
f 5743/4327/5720 5894/4478/5871 5741/4325/5718
f 5755/4340/5733 5894/4478/5871 5743/4327/5720
f 4114/2695/4089 4110/2694/4088 5892/4476/5869
f 4114/2695/4089 5892/4476/5869 4113/2699/4093
f 5741/4325/5718 4101/2686/4080 4103/2687/4081
f 5734/4316/5709 5712/4297/5690 5738/4323/5716
f 5734/4316/5709 5711/4296/5689 5712/4297/5690
f 4097/2681/4075 5733/4318/5711 5732/4317/5710
f 4097/2681/4075 4098/2682/4076 5733/4318/5711
f 5733/4318/5711 4098/2682/4076 4095/2680/4074
f 4067/2651/4045 4066/2650/4044 5733/4318/5711
f 5733/4318/5711 4095/2680/4074 4067/2651/4045
f 5897/4480/5873 4040/2624/4018 5730/4314/5707
f 5730/4314/5707 4066/2650/4044 5896/4481/5874
f 5897/4480/5873 5730/4314/5707 5896/4481/5874
f 4040/2624/4018 5897/4480/5873 4041/2625/4019
f 4061/2646/4040 5897/4480/5873 5896/4481/5874
f 4045/2629/4023 4041/2625/4019 5897/4480/5873
f 4045/2629/4023 5897/4480/5873 4060/2645/4039
f 4061/2646/4040 4060/2645/4039 5897/4480/5873
f 4061/2646/4040 5896/4481/5874 4066/2650/4044
f 5555/4139/5532 5536/4121/5514 5709/4293/5686
f 5706/4290/5683 5702/4286/5679 5558/4142/5535
f 5555/4139/5532 5706/4290/5683 5558/4142/5535
f 5562/4146/5539 5558/4142/5535 5702/4286/5679
f 5700/4284/5677 5691/4276/5669 5694/4278/5671
f 5899/4482/5875 5898/4483/5876 5667/4251/5644
f 5663/4247/5640 5667/4251/5644 5898/4483/5876
f 5899/4482/5875 5667/4251/5644 5665/4249/5642
f 3854/2438/3832 5899/4482/5875 5665/4249/5642
f 3856/2441/3835 5899/4482/5875 3854/2438/3832
f 3856/2441/3835 3860/2444/3838 5899/4482/5875
f 5900/4484/5877 5898/4483/5876 5899/4482/5875
f 5900/4484/5877 5899/4482/5875 3860/2444/3838
f 5903/4485/5878 5900/4484/5877 3861/2446/3840
f 5900/4484/5877 3860/2444/3838 3861/2446/3840
f 5900/4484/5877 5901/4486/5879 5898/4483/5876
f 5900/4484/5877 5902/4487/5880 5901/4486/5879
f 5903/4485/5878 5902/4487/5880 5900/4484/5877
f 5904/4488/5881 5902/4487/5880 5903/4485/5878
f 3861/2446/3840 3862/2447/3841 5903/4485/5878
f 3862/2447/3841 5904/4488/5881 5903/4485/5878
f 5904/4488/5881 5905/4489/5882 5907/4490/5883
f 5905/4489/5882 5904/4488/5881 3866/2451/3845
f 3862/2447/3841 3866/2451/3845 5904/4488/5881
f 5904/4488/5881 5906/4491/5884 5902/4487/5880
f 5904/4488/5881 5907/4490/5883 5906/4491/5884
f 5908/4492/5885 5907/4490/5883 5905/4489/5882
f 5909/4493/5886 5907/4490/5883 5908/4492/5885
f 5909/4493/5886 5906/4491/5884 5907/4490/5883
f 5657/4242/5635 5911/4494/5887 5909/4493/5886
f 5657/4242/5635 5909/4493/5886 5910/4495/5888
f 5909/4493/5886 5908/4492/5885 5910/4495/5888
f 5909/4493/5886 5911/4494/5887 5906/4491/5884
f 5657/4242/5635 5656/4240/5633 5911/4494/5887
f 5663/4247/5640 5911/4494/5887 5656/4240/5633
f 5663/4247/5640 5901/4486/5879 5911/4494/5887
f 5906/4491/5884 5911/4494/5887 5901/4486/5879
f 5912/4496/5889 5910/4495/5888 5908/4492/5885
f 5912/4496/5889 5913/4497/5890 5910/4495/5888
f 5910/4495/5888 5913/4497/5890 5653/4237/5630
f 5910/4495/5888 5653/4237/5630 5654/4238/5631
f 5657/4242/5635 5910/4495/5888 5654/4238/5631
f 5914/4498/5891 5913/4497/5890 5912/4496/5889
f 5914/4498/5891 5915/4499/5892 5913/4497/5890
f 5913/4497/5890 5915/4499/5892 5916/4500/5893
f 5913/4497/5890 5916/4500/5893 5653/4237/5630
f 5649/4233/5626 5916/4500/5893 5647/4232/5625
f 5647/4232/5625 5916/4500/5893 5917/4501/5894
f 5917/4501/5894 5916/4500/5893 5915/4499/5892
f 5649/4233/5626 5653/4237/5630 5916/4500/5893
f 5647/4232/5625 5917/4501/5894 5918/4502/5895
f 5917/4501/5894 5915/4499/5892 5919/4503/5896
f 5919/4503/5896 5914/4498/5891 5920/4504/5897
f 5919/4503/5896 5915/4499/5892 5914/4498/5891
f 5921/4505/5898 5920/4504/5897 5914/4498/5891
f 5921/4505/5898 5914/4498/5891 5922/4506/5899
f 5923/4507/5900 5921/4505/5898 5922/4506/5899
f 5923/4507/5900 5922/4506/5899 5924/4508/5901
f 5925/4509/5902 5923/4507/5900 5924/4508/5901
f 5925/4509/5902 5926/4510/5903 5923/4507/5900
f 5927/4511/5904 5926/4510/5903 5925/4509/5902
f 5927/4511/5904 5928/4512/5905 5926/4510/5903
f 5929/4513/5906 5928/4512/5905 5927/4511/5904
f 5929/4513/5906 5930/4514/5907 5928/4512/5905
f 5932/4515/5908 5931/4516/5909 5930/4514/5907
f 5932/4515/5908 5930/4514/5907 5929/4513/5906
f 5933/4517/5910 5932/4515/5908 5934/4518/5911
f 5933/4517/5910 5931/4516/5909 5932/4515/5908
f 3903/2487/3881 5934/4518/5911 5932/4515/5908
f 5929/4513/5906 3903/2487/3881 5932/4515/5908
f 5934/4518/5911 3905/2489/3883 3908/2492/3886
f 3903/2487/3881 3905/2489/3883 5934/4518/5911
f 3921/2505/3899 5933/4517/5910 5934/4518/5911
f 5934/4518/5911 3908/2492/3886 3919/2503/3897
f 3921/2505/3899 5934/4518/5911 3919/2503/3897
f 5929/4513/5906 3902/2485/3879 3903/2487/3881
f 5935/4519/5912 3902/2485/3879 5929/4513/5906
f 5935/4519/5912 5929/4513/5906 5927/4511/5904
f 5937/4520/5913 5935/4519/5912 5936/4521/5914
f 5936/4521/5914 5935/4519/5912 5927/4511/5904
f 3901/2486/3880 5935/4519/5912 5937/4520/5913
f 3901/2486/3880 3902/2485/3879 5935/4519/5912
f 5937/4520/5913 5936/4521/5914 5939/4522/5915
f 3901/2486/3880 5937/4520/5913 5938/4523/5916
f 5938/4523/5916 5937/4520/5913 5939/4522/5915
f 5942/4524/5917 5939/4522/5915 5940/4525/5918
f 5939/4522/5915 5941/4526/5919 5940/4525/5918
f 5939/4522/5915 5936/4521/5914 5941/4526/5919
f 5938/4523/5916 5939/4522/5915 5942/4524/5917
f 5944/4527/5920 5942/4524/5917 3865/2450/3844
f 3865/2450/3844 5942/4524/5917 5943/4528/5921
f 5942/4524/5917 5940/4525/5918 5943/4528/5921
f 5944/4527/5920 5938/4523/5916 5942/4524/5917
f 3864/2449/3843 5944/4527/5920 3865/2450/3844
f 3899/2483/3877 5944/4527/5920 3895/2480/3874
f 3899/2483/3877 5938/4523/5916 5944/4527/5920
f 3895/2480/3874 5944/4527/5920 3864/2449/3843
f 3865/2450/3844 5943/4528/5921 3866/2451/3845
f 5945/4529/5922 5943/4528/5921 5940/4525/5918
f 5905/4489/5882 3866/2451/3845 5943/4528/5921
f 5945/4529/5922 5905/4489/5882 5943/4528/5921
f 5912/4496/5889 5945/4529/5922 5946/4530/5923
f 5912/4496/5889 5908/4492/5885 5945/4529/5922
f 5908/4492/5885 5905/4489/5882 5945/4529/5922
f 5946/4530/5923 5945/4529/5922 5940/4525/5918
f 5912/4496/5889 5946/4530/5923 5922/4506/5899
f 5946/4530/5923 5940/4525/5918 5941/4526/5919
f 5946/4530/5923 5941/4526/5919 5924/4508/5901
f 5946/4530/5923 5924/4508/5901 5922/4506/5899
f 5941/4526/5919 5936/4521/5914 5925/4509/5902
f 5941/4526/5919 5925/4509/5902 5924/4508/5901
f 3901/2486/3880 5938/4523/5916 3899/2483/3877
f 5936/4521/5914 5927/4511/5904 5925/4509/5902
f 5912/4496/5889 5922/4506/5899 5914/4498/5891
f 5647/4232/5625 5918/4502/5895 5645/4230/5623
f 5906/4491/5884 5901/4486/5879 5902/4487/5880
f 5663/4247/5640 5898/4483/5876 5901/4486/5879
f 3854/2438/3832 5665/4249/5642 3853/2437/3831
f 5637/4221/5614 5636/4220/5613 5643/4227/5620
f 5632/4217/5610 4348/2933/4326 4353/2935/4328
f 5614/4199/5592 5622/4206/5599 5615/4200/5593
f 5620/4205/5598 4352/2938/4331 4355/2939/4332
f 4358/2943/4336 5620/4205/5598 4355/2939/4332
f 5601/4185/5578 5593/4177/5570 5594/4178/5571
f 5598/4183/5576 5947/4531/5924 5569/4153/5546
f 5596/4180/5573 5947/4531/5924 5598/4183/5576
f 5575/4160/5553 5569/4153/5546 5947/4531/5924
f 5582/4165/5558 5947/4531/5924 5596/4180/5573
f 5582/4165/5558 5575/4160/5553 5947/4531/5924
f 5590/4174/5567 5582/4165/5558 5596/4180/5573
f 5593/4177/5570 4378/2962/4355 4381/2966/4359
f 5588/4173/5566 4393/2977/4370 5587/4168/5561
f 5588/4173/5566 4387/2972/4365 4393/2977/4370
f 4393/2977/4370 5584/4169/5562 5587/4168/5561
f 5949/4532/5925 5586/4171/5564 5948/4533/5926
f 5950/4534/5927 5948/4533/5926 5586/4171/5564
f 5949/4532/5925 5579/4163/5556 5586/4171/5564
f 5585/4170/5563 5950/4534/5927 5586/4171/5564
f 5585/4170/5563 5953/4535/5928 5950/4534/5927
f 5950/4534/5927 5951/4536/5929 5948/4533/5926
f 5950/4534/5927 5952/4537/5930 5951/4536/5929
f 5952/4537/5930 5950/4534/5927 5953/4535/5928
f 5952/4537/5930 5953/4535/5928 5954/4538/5931
f 5954/4538/5931 5953/4535/5928 5955/4539/5932
f 5955/4539/5932 5953/4535/5928 5585/4170/5563
f 5954/4538/5931 5955/4539/5932 4392/2978/4371
f 4392/2978/4371 5955/4539/5932 4393/2977/4370
f 4393/2977/4370 5955/4539/5932 5584/4169/5562
f 5955/4539/5932 5585/4170/5563 5584/4169/5562
f 4395/2979/4372 5954/4538/5931 4392/2978/4371
f 5956/4540/5933 5954/4538/5931 4395/2979/4372
f 5956/4540/5933 5952/4537/5930 5954/4538/5931
f 5952/4537/5930 5956/4540/5933 5957/4541/5934
f 5956/4540/5933 5959/4542/5935 5957/4541/5934
f 4395/2979/4372 5958/4543/5936 5956/4540/5933
f 5956/4540/5933 5958/4543/5936 5959/4542/5935
f 5958/4543/5936 5960/4544/5937 5959/4542/5935
f 5958/4543/5936 5961/4545/5938 5960/4544/5937
f 5960/4544/5937 5961/4545/5938 5962/4546/5939
f 5960/4544/5937 5962/4546/5939 5963/4547/5940
f 5962/4546/5939 5964/4548/5941 5963/4547/5940
f 5962/4546/5939 5965/4549/5942 5964/4548/5941
f 5965/4549/5942 4430/3014/4407 5964/4548/5941
f 5965/4549/5942 5962/4546/5939 5966/4550/5943
f 4407/2992/4385 4427/3011/4404 5965/4549/5942
f 5965/4549/5942 4427/3011/4404 4430/3014/4407
f 5965/4549/5942 5966/4550/5943 4407/2992/4385
f 5961/4545/5938 5967/4551/5944 5966/4550/5943
f 4405/2989/4382 5966/4550/5943 5967/4551/5944
f 4407/2992/4385 5966/4550/5943 4405/2989/4382
f 5961/4545/5938 5966/4550/5943 5962/4546/5939
f 4405/2989/4382 5967/4551/5944 4401/2987/4380
f 4401/2987/4380 5967/4551/5944 5968/4552/5945
f 5968/4552/5945 5967/4551/5944 5961/4545/5938
f 4401/2987/4380 5968/4552/5945 4396/2980/4373
f 4396/2980/4373 5968/4552/5945 4395/2979/4372
f 5968/4552/5945 5961/4545/5938 5958/4543/5936
f 4395/2979/4372 5968/4552/5945 5958/4543/5936
f 5952/4537/5930 5957/4541/5934 5951/4536/5929
f 5949/4532/5925 5948/4533/5926 5969/4553/5946
f 5949/4532/5925 5577/4162/5555 5579/4163/5556
f 5970/4554/5947 5577/4162/5555 5949/4532/5925
f 5970/4554/5947 5949/4532/5925 5969/4553/5946
f 5971/4555/5948 5970/4554/5947 5972/4556/5949
f 5971/4555/5948 5578/4161/5554 5970/4554/5947
f 5970/4554/5947 5578/4161/5554 5577/4162/5555
f 5972/4556/5949 5970/4554/5947 5973/4557/5950
f 5970/4554/5947 5969/4553/5946 5973/4557/5950
f 4466/3051/4444 5973/4557/5950 5974/4558/5951
f 5972/4556/5949 5973/4557/5950 4466/3051/4444
f 5973/4557/5950 5975/4559/5952 5974/4558/5951
f 5973/4557/5950 5969/4553/5946 5975/4559/5952
f 5969/4553/5946 5976/4560/5953 5975/4559/5952
f 5969/4553/5946 5948/4533/5926 5976/4560/5953
f 4466/3051/4444 5974/4558/5951 4463/3048/4441
f 5972/4556/5949 4469/3053/4446 5971/4555/5948
f 5972/4556/5949 4465/3050/4443 4469/3053/4446
f 4465/3050/4443 5972/4556/5949 4466/3051/4444
f 5977/4561/5954 5578/4161/5554 5971/4555/5948
f 5971/4555/5948 4469/3053/4446 4471/3055/4448
f 5971/4555/5948 4471/3055/4448 5977/4561/5954
f 5979/4562/5955 5977/4561/5954 4471/3055/4448
f 5978/4563/5956 5574/4158/5551 5977/4561/5954
f 5977/4561/5954 5574/4158/5551 5578/4161/5554
f 5979/4562/5955 5978/4563/5956 5977/4561/5954
f 4472/3056/4449 5979/4562/5955 4471/3055/4448
f 5981/4564/5957 5979/4562/5955 4472/3056/4449
f 5979/4562/5955 5566/4150/5543 5978/4563/5956
f 5979/4562/5955 5980/4565/5958 5566/4150/5543
f 5981/4564/5957 5980/4565/5958 5979/4562/5955
f 4474/3059/4452 5981/4564/5957 4472/3056/4449
f 5982/4566/5959 5981/4564/5957 5983/4567/5960
f 5982/4566/5959 5980/4565/5958 5981/4564/5957
f 5983/4567/5960 5981/4564/5957 4474/3059/4452
f 5984/4568/5961 5982/4566/5959 5983/4567/5960
f 5985/4569/5962 5983/4567/5960 4482/3066/4459
f 5983/4567/5960 4474/3059/4452 4482/3066/4459
f 5984/4568/5961 5983/4567/5960 5985/4569/5962
f 5985/4569/5962 4482/3066/4459 4483/3067/4460
f 5986/4570/5963 5985/4569/5962 4483/3067/4460
f 5987/4571/5964 5984/4568/5961 5985/4569/5962
f 5987/4571/5964 5985/4569/5962 5986/4570/5963
f 5443/4028/5421 5987/4571/5964 5986/4570/5963
f 5556/4141/5534 5984/4568/5961 5987/4571/5964
f 5556/4141/5534 5987/4571/5964 5443/4028/5421
f 5437/4021/5414 5986/4570/5963 4488/3073/4466
f 5443/4028/5421 5986/4570/5963 5437/4021/5414
f 5986/4570/5963 4483/3067/4460 4488/3073/4466
f 5564/4148/5541 5982/4566/5959 5984/4568/5961
f 5556/4141/5534 5564/4148/5541 5984/4568/5961
f 5980/4565/5958 5982/4566/5959 5565/4149/5542
f 5564/4148/5541 5565/4149/5542 5982/4566/5959
f 5980/4565/5958 5565/4149/5542 5566/4150/5543
f 5978/4563/5956 5572/4157/5550 5574/4158/5551
f 5566/4150/5543 5572/4157/5550 5978/4563/5956
f 5566/4150/5543 5567/4152/5545 5572/4157/5550
f 5561/4145/5538 5562/4146/5539 5570/4156/5549
f 5556/4141/5534 5559/4143/5536 5564/4148/5541
f 5556/4141/5534 5443/4028/5421 5442/4026/5419
f 5555/4139/5532 5535/4120/5513 5536/4121/5514
f 5509/4094/5487 5523/4108/5501 5518/4102/5495
f 5509/4094/5487 5518/4102/5495 5510/4095/5488
f 5513/4098/5491 5510/4095/5488 5518/4102/5495
f 5475/4060/5453 5472/4058/5451 5473/4057/5450
f 5451/4035/5428 5455/4039/5432 5466/4049/5442
f 5417/4002/5395 5462/4047/5440 5460/4045/5438
f 5417/4002/5395 5460/4045/5438 5416/4000/5393
f 5434/4018/5411 5453/4037/5430 5435/4019/5412
f 5440/4025/5418 5435/4019/5412 5453/4037/5430
f 5437/4021/5414 4488/3073/4466 4490/3074/4467
f 5427/4011/5404 5432/4016/5409 5428/4012/5405
f 5372/3955/5348 5370/3954/5347 5424/4008/5401
f 5402/3986/5379 5413/3997/5390 5404/3988/5381
f 5387/3972/5365 5388/3971/5364 5392/3976/5369
f 5383/3968/5361 5387/3972/5365 5382/3967/5360
f 5988/4572/5965 5380/3965/5358 5377/3962/5355
f 5988/4572/5965 5123/3708/5101 5380/3965/5358
f 5117/3701/5094 5380/3965/5358 5123/3708/5101
f 5374/3958/5351 5989/4573/5966 5988/4572/5965
f 5989/4573/5966 5990/4574/5967 5988/4572/5965
f 5122/3706/5099 5988/4572/5965 5990/4574/5967
f 5374/3958/5351 5988/4572/5965 5377/3962/5355
f 5122/3706/5099 5123/3708/5101 5988/4572/5965
f 5992/4575/5968 5991/4576/5969 5990/4574/5967
f 5991/4576/5969 5122/3706/5099 5990/4574/5967
f 5989/4573/5966 5992/4575/5968 5990/4574/5967
f 5994/4577/5970 5992/4575/5968 5993/4578/5971
f 5989/4573/5966 5993/4578/5971 5992/4575/5968
f 5992/4575/5968 5996/4579/5972 5991/4576/5969
f 5992/4575/5968 5994/4577/5970 5995/4580/5973
f 5992/4575/5968 5995/4580/5973 5996/4579/5972
f 5996/4579/5972 5997/4581/5974 5991/4576/5969
f 5996/4579/5972 5998/4582/5975 5997/4581/5974
f 5996/4579/5972 5999/4583/5976 5998/4582/5975
f 5996/4579/5972 5995/4580/5973 5999/4583/5976
f 5999/4583/5976 6000/4584/5977 6004/4585/5978
f 5999/4583/5976 6005/4586/5979 6000/4584/5977
f 5999/4583/5976 6001/4587/5980 5998/4582/5975
f 5999/4583/5976 6004/4585/5978 6001/4587/5980
f 6002/4588/5981 5999/4583/5976 5995/4580/5973
f 6002/4588/5981 6003/4589/5982 5999/4583/5976
f 5999/4583/5976 6003/4589/5982 6006/4590/5983
f 5999/4583/5976 6006/4590/5983 6005/4586/5979
f 6005/4586/5979 6006/4590/5983 6007/4591/5984
f 6007/4591/5984 6008/4592/5985 6010/4593/5986
f 6007/4591/5984 6009/4594/5987 6008/4592/5985
f 6005/4586/5979 6007/4591/5984 6010/4593/5986
f 6008/4592/5985 6011/4595/5988 6010/4593/5986
f 6005/4586/5979 6010/4593/5986 6011/4595/5988
f 6008/4592/5985 5170/3754/5147 6011/4595/5988
f 5170/3754/5147 5169/3753/5146 6011/4595/5988
f 6005/4586/5979 6011/4595/5988 6000/4584/5977
f 6000/4584/5977 6011/4595/5988 5169/3753/5146
f 6009/4594/5987 6012/4596/5989 5172/3756/5149
f 6009/4594/5987 5172/3756/5149 6008/4592/5985
f 5172/3756/5149 6012/4596/5989 6013/4597/5990
f 6013/4597/5990 6014/4598/5991 5174/3757/5150
f 6013/4597/5990 6015/4599/5992 6014/4598/5991
f 5172/3756/5149 6013/4597/5990 5174/3757/5150
f 6015/4599/5992 6016/4600/5993 6014/4598/5991
f 6015/4599/5992 6017/4601/5994 6016/4600/5993
f 6018/4602/5995 6017/4601/5994 6019/4603/5996
f 6018/4602/5995 6016/4600/5993 6017/4601/5994
f 6021/4604/5997 6018/4602/5995 6019/4603/5996
f 6021/4604/5997 6019/4603/5996 6020/4605/5998
f 6018/4602/5995 6021/4604/5997 6022/4606/5999
f 6023/4607/6000 6021/4604/5997 6020/4605/5998
f 5313/3897/5290 6022/4606/5999 6021/4604/5997
f 5313/3897/5290 6021/4604/5997 6023/4607/6000
f 6023/4607/6000 6020/4605/5998 6024/4608/6001
f 6026/4609/6002 6023/4607/6000 6024/4608/6001
f 6026/4609/6002 6025/4610/6003 6023/4607/6000
f 6025/4610/6003 5312/3896/5289 6023/4607/6000
f 5313/3897/5290 6023/4607/6000 5312/3896/5289
f 6027/4611/6004 6025/4610/6003 6026/4609/6002
f 6027/4611/6004 6026/4609/6002 6028/4612/6005
f 6029/4613/6006 6027/4611/6004 6028/4612/6005
f 5994/4577/5970 6030/4614/6007 6029/4613/6006
f 6029/4613/6006 6030/4614/6007 6027/4611/6004
f 5994/4577/5970 6029/4613/6006 6031/4615/6008
f 6031/4615/6008 5995/4580/5973 5994/4577/5970
f 6031/4615/6008 6002/4588/5981 5995/4580/5973
f 5994/4577/5970 5993/4578/5971 6030/4614/6007
f 5993/4578/5971 6027/4611/6004 6030/4614/6007
f 5993/4578/5971 6032/4616/6009 6027/4611/6004
f 5318/3901/5294 6025/4610/6003 6027/4611/6004
f 5318/3901/5294 6027/4611/6004 6032/4616/6009
f 6035/4617/6010 6032/4616/6009 6033/4618/6011
f 6033/4618/6011 6032/4616/6009 5993/4578/5971
f 5317/3902/5295 5318/3901/5294 6032/4616/6009
f 5317/3902/5295 6032/4616/6009 6034/4619/6012
f 6035/4617/6010 6034/4619/6012 6032/4616/6009
f 6035/4617/6010 5367/3951/5344 6034/4619/6012
f 5374/3958/5351 6035/4617/6010 6033/4618/6011
f 5374/3958/5351 5368/3952/5345 6035/4617/6010
f 6035/4617/6010 5368/3952/5345 5367/3951/5344
f 5317/3902/5295 6034/4619/6012 5367/3951/5344
f 5989/4573/5966 6033/4618/6011 5993/4578/5971
f 5374/3958/5351 6033/4618/6011 5989/4573/5966
f 6025/4610/6003 5318/3901/5294 5312/3896/5289
f 6018/4602/5995 6022/4606/5999 6036/4620/6013
f 6036/4620/6013 6022/4606/5999 5232/3816/5209
f 5313/3897/5290 5310/3894/5287 6022/4606/5999
f 6022/4606/5999 5310/3894/5287 5233/3817/5210
f 6022/4606/5999 5233/3817/5210 5232/3816/5209
f 6036/4620/6013 6016/4600/5993 6018/4602/5995
f 6036/4620/6013 6037/4621/6014 6016/4600/5993
f 6038/4622/6015 6037/4621/6014 6036/4620/6013
f 6036/4620/6013 5232/3816/5209 6038/4622/6015
f 6038/4622/6015 5232/3816/5209 5227/3810/5203
f 6038/4622/6015 6039/4623/6016 6037/4621/6014
f 6038/4622/6015 5227/3810/5203 5223/3808/5201
f 5223/3808/5201 6039/4623/6016 6038/4622/6015
f 5223/3808/5201 5224/3807/5200 6039/4623/6016
f 5178/3762/5155 6039/4623/6016 5224/3807/5200
f 6040/4624/6017 6039/4623/6016 5178/3762/5155
f 6040/4624/6017 6037/4621/6014 6039/4623/6016
f 5173/3759/5152 6040/4624/6017 5178/3762/5155
f 5174/3757/5150 6040/4624/6017 5173/3759/5152
f 6014/4598/5991 6037/4621/6014 6040/4624/6017
f 5174/3757/5150 6014/4598/5991 6040/4624/6017
f 6014/4598/5991 6016/4600/5993 6037/4621/6014
f 6008/4592/5985 5172/3756/5149 5170/3754/5147
f 6004/4585/5978 6000/4584/5977 6042/4625/6018
f 6001/4587/5980 6004/4585/5978 6041/4626/6019
f 6004/4585/5978 6042/4625/6018 6041/4626/6019
f 6000/4584/5977 5169/3753/5146 6042/4625/6018
f 6042/4625/6018 5155/3739/5132 6041/4626/6019
f 6042/4625/6018 5158/3743/5136 5155/3739/5132
f 5169/3753/5146 5158/3743/5136 6042/4625/6018
f 6043/4627/6020 6041/4626/6019 5155/3739/5132
f 6001/4587/5980 6041/4626/6019 6043/4627/6020
f 6043/4627/6020 6045/4628/6021 6044/4629/6022
f 6044/4629/6022 6001/4587/5980 6043/4627/6020
f 6043/4627/6020 5153/3737/5130 6045/4628/6021
f 6043/4627/6020 5155/3739/5132 5153/3737/5130
f 6046/4630/6023 6045/4628/6021 5144/3729/5122
f 5144/3729/5122 6045/4628/6021 5145/3730/5123
f 6046/4630/6023 6044/4629/6022 6045/4628/6021
f 5153/3737/5130 5145/3730/5123 6045/4628/6021
f 6046/4630/6023 6047/4631/6024 6048/4632/6025
f 6046/4630/6023 5134/3716/5109 6047/4631/6024
f 5132/3717/5110 5134/3716/5109 6046/4630/6023
f 6046/4630/6023 6048/4632/6025 6049/4633/6026
f 6046/4630/6023 6049/4633/6026 6044/4629/6022
f 5132/3717/5110 6046/4630/6023 5144/3729/5122
f 6044/4629/6022 6049/4633/6026 6001/4587/5980
f 5998/4582/5975 6001/4587/5980 6049/4633/6026
f 6049/4633/6026 6048/4632/6025 5125/3709/5102
f 6049/4633/6026 5125/3709/5102 5997/4581/5974
f 5998/4582/5975 6049/4633/6026 5997/4581/5974
f 5125/3709/5102 6048/4632/6025 6047/4631/6024
f 5128/3712/5105 6047/4631/6024 5134/3716/5109
f 5126/3710/5103 6047/4631/6024 5128/3712/5105
f 5125/3709/5102 6047/4631/6024 5126/3710/5103
f 5997/4581/5974 5121/3705/5098 5991/4576/5969
f 5997/4581/5974 5125/3709/5102 5121/3705/5098
f 5991/4576/5969 5121/3705/5098 5122/3706/5099
f 5370/3954/5347 5371/3956/5349 5376/3960/5353
f 5317/3902/5295 5367/3951/5344 5320/3904/5297
f 5320/3904/5297 5367/3951/5344 5362/3946/5339
f 5320/3904/5297 5362/3946/5339 5325/3907/5300
f 5344/3929/5322 5345/3928/5321 4493/3078/4471
f 5344/3929/5322 6050/4634/6027 5342/3927/5320
f 4494/3077/4470 6050/4634/6027 5344/3929/5322
f 5344/3929/5322 4493/3078/4471 4494/3077/4470
f 6050/4634/6027 4496/3080/4473 6052/4635/6028
f 4494/3077/4470 4496/3080/4473 6050/4634/6027
f 5342/3927/5320 6050/4634/6027 6051/4636/6029
f 6050/4634/6027 6052/4635/6028 6051/4636/6029
f 6051/4636/6029 6052/4635/6028 6053/4637/6030
f 6053/4637/6030 6052/4635/6028 6054/4638/6031
f 6052/4635/6028 4496/3080/4473 4497/3081/4474
f 6052/4635/6028 4497/3081/4474 6054/4638/6031
f 6054/4638/6031 4497/3081/4474 4500/3085/4478
f 6055/4639/6032 6054/4638/6031 6056/4640/6033
f 6053/4637/6030 6054/4638/6031 6055/4639/6032
f 6054/4638/6031 4500/3085/4478 6056/4640/6033
f 6056/4640/6033 4508/3093/4486 6058/4641/6034
f 6056/4640/6033 6057/4642/6035 4508/3093/4486
f 6057/4642/6035 6056/4640/6033 4500/3085/4478
f 6055/4639/6032 6056/4640/6033 6058/4641/6034
f 6058/4641/6034 4508/3093/4486 4509/3092/4485
f 6058/4641/6034 4509/3092/4485 6059/4643/6036
f 6060/4644/6037 6058/4641/6034 6059/4643/6036
f 6060/4644/6037 6055/4639/6032 6058/4641/6034
f 6063/4645/6038 6061/4646/6039 6060/4644/6037
f 6061/4646/6039 6055/4639/6032 6060/4644/6037
f 6062/4647/6040 6060/4644/6037 6059/4643/6036
f 6062/4647/6040 6063/4645/6038 6060/4644/6037
f 5298/3883/5276 6064/4648/6041 6063/4645/6038
f 6063/4645/6038 6064/4648/6041 6061/4646/6039
f 5294/3878/5271 6063/4645/6038 6062/4647/6040
f 5298/3883/5276 6063/4645/6038 5294/3878/5271
f 6064/4648/6041 6065/4649/6042 6066/4650/6043
f 6065/4649/6042 6064/4648/6041 5298/3883/5276
f 6064/4648/6041 6066/4650/6043 6061/4646/6039
f 5336/3920/5313 6066/4650/6043 6067/4651/6044
f 5336/3920/5313 6068/4652/6045 6066/4650/6043
f 6066/4650/6043 6065/4649/6042 6069/4653/6046
f 6066/4650/6043 6069/4653/6046 6067/4651/6044
f 6068/4652/6045 6061/4646/6039 6066/4650/6043
f 6069/4653/6046 5297/3881/5274 5301/3886/5279
f 5328/3912/5305 6069/4653/6046 5301/3886/5279
f 6069/4653/6046 5330/3914/5307 6067/4651/6044
f 6069/4653/6046 5328/3912/5305 5330/3914/5307
f 6069/4653/6046 6065/4649/6042 5297/3881/5274
f 5337/3921/5314 6068/4652/6045 5336/3920/5313
f 6068/4652/6045 6053/4637/6030 6061/4646/6039
f 5337/3921/5314 6051/4636/6029 6068/4652/6045
f 6051/4636/6029 6053/4637/6030 6068/4652/6045
f 5332/3916/5309 6067/4651/6044 5330/3914/5307
f 5332/3916/5309 5336/3920/5313 6067/4651/6044
f 6065/4649/6042 5298/3883/5276 5297/3881/5274
f 5294/3878/5271 6062/4647/6040 5289/3873/5266
f 6062/4647/6040 5290/3875/5268 5289/3873/5266
f 6062/4647/6040 6070/4654/6047 5290/3875/5268
f 6062/4647/6040 4509/3092/4485 6070/4654/6047
f 6062/4647/6040 6059/4643/6036 4509/3092/4485
f 5290/3875/5268 6070/4654/6047 4513/3098/4491
f 4513/3098/4491 6070/4654/6047 4509/3092/4485
f 6061/4646/6039 6053/4637/6030 6055/4639/6032
f 4508/3093/4486 6057/4642/6035 4503/3088/4481
f 4499/3083/4476 4503/3088/4481 6057/4642/6035
f 6057/4642/6035 4500/3085/4478 4499/3083/4476
f 5342/3927/5320 6051/4636/6029 5337/3921/5314
f 5328/3912/5305 5301/3886/5279 5324/3910/5303
f 5303/3888/5281 5324/3910/5303 5301/3886/5279
f 5310/3894/5287 5236/3821/5214 5233/3817/5210
f 5300/3884/5277 5235/3819/5212 5306/3890/5283
f 5236/3821/5214 5306/3890/5283 5235/3819/5212
f 5300/3884/5277 5295/3880/5273 5235/3819/5212
f 5235/3819/5212 5295/3880/5273 5238/3822/5215
f 4517/3099/4492 5283/3867/5260 4512/3096/4489
f 5257/3841/5234 5281/3865/5258 5262/3846/5239
f 5257/3841/5234 5258/3843/5236 5281/3865/5258
f 4578/3162/4555 4580/3164/4557 5263/3848/5241
f 5253/3839/5232 4581/3165/4558 4583/3168/4561
f 5245/3830/5223 5242/3827/5220 5250/3834/5227
f 5178/3762/5155 5224/3807/5200 5177/3763/5156
f 5177/3763/5156 5224/3807/5200 5219/3803/5196
f 5177/3763/5156 5219/3803/5196 5180/3765/5158
f 4592/3176/4569 4593/3177/4570 5202/3787/5180
f 4597/3181/4574 4598/3182/4575 5195/3778/5171
f 5195/3778/5171 4598/3182/4575 6071/4655/6048
f 5195/3778/5171 6071/4655/6048 5194/3779/5172
f 5194/3779/5172 6071/4655/6048 5034/3619/5012
f 6071/4655/6048 6072/4656/6049 5030/3614/5007
f 4598/3182/4575 6072/4656/6049 6071/4655/6048
f 6071/4655/6048 5030/3614/5007 5034/3619/5012
f 4598/3182/4575 4599/3183/4576 6072/4656/6049
f 6073/4657/6050 6072/4656/6049 4599/3183/4576
f 5028/3611/5004 6072/4656/6049 6073/4657/6050
f 5028/3611/5004 5030/3614/5007 6072/4656/6049
f 4603/3188/4581 6074/4658/6051 6073/4657/6050
f 6073/4657/6050 4599/3183/4576 4603/3188/4581
f 6073/4657/6050 6074/4658/6051 5024/3608/5001
f 6073/4657/6050 5024/3608/5001 5028/3611/5004
f 4603/3188/4581 4604/3189/4582 6074/4658/6051
f 6074/4658/6051 5025/3610/5003 5024/3608/5001
f 4604/3189/4582 6075/4659/6052 6074/4658/6051
f 6074/4658/6051 6075/4659/6052 5025/3610/5003
f 4604/3189/4582 4610/3195/4588 6075/4659/6052
f 6075/4659/6052 6076/4660/6053 5025/3610/5003
f 6075/4659/6052 6077/4661/6054 6076/4660/6053
f 4610/3195/4588 6077/4661/6054 6075/4659/6052
f 6078/4662/6055 6077/4661/6054 4614/3197/4590
f 4610/3195/4588 4614/3197/4590 6077/4661/6054
f 6079/4663/6056 6076/4660/6053 6077/4661/6054
f 6079/4663/6056 6077/4661/6054 6078/4662/6055
f 6080/4664/6057 6076/4660/6053 6079/4663/6056
f 5022/3607/5000 6080/4664/6057 5021/3606/4999
f 6080/4664/6057 5022/3607/5000 6076/4660/6053
f 6078/4662/6055 4614/3197/4590 4612/3196/4589
f 5022/3607/5000 5025/3610/5003 6076/4660/6053
f 5194/3779/5172 5036/3620/5013 5192/3777/5170
f 5194/3779/5172 5034/3619/5012 5036/3620/5013
f 5192/3777/5170 5036/3620/5013 5037/3621/5014
f 5192/3777/5170 5037/3621/5014 5040/3626/5019
f 5163/3749/5142 5165/3750/5143 5176/3760/5153
f 5165/3750/5143 5167/3751/5144 5176/3760/5153
f 5169/3753/5146 5161/3746/5139 5158/3743/5136
f 5044/3628/5021 5157/3741/5134 5043/3627/5020
f 5137/3721/5114 6081/4665/6058 5089/3673/5066
f 5074/3657/5050 6081/4665/6058 5137/3721/5114
f 5085/3669/5062 5089/3673/5066 6081/4665/6058
f 5082/3666/5059 5085/3669/5062 6081/4665/6058
f 5082/3666/5059 6081/4665/6058 6082/4666/6059
f 5074/3657/5050 6082/4666/6059 6081/4665/6058
f 5082/3666/5059 6082/4666/6059 5073/3659/5052
f 5073/3659/5052 6082/4666/6059 5074/3657/5050
f 5130/3714/5107 5091/3675/5068 5092/3676/5069
f 5119/3704/5097 5103/3688/5081 5102/3686/5079
f 5099/3684/5077 5097/3682/5075 5106/3690/5083
f 5070/3656/5049 5067/3651/5044 5077/3660/5053
f 5061/3644/5037 5071/3655/5048 5060/3645/5038
f 5055/3639/5032 4937/3520/4913 5064/3647/5040
f 5055/3639/5032 5064/3647/5040 5056/3640/5033
f 5058/3643/5036 5052/3637/5030 5051/3636/5029
f 4936/3521/4914 4937/3520/4913 5055/3639/5032
f 4940/3525/4918 4936/3521/4914 5055/3639/5032
f 4942/3526/4919 5047/3631/5024 4945/3529/4922
f 4946/3530/4923 5041/3624/5017 4956/3540/4933
f 5027/3612/5005 5019/3602/4995 5018/3603/4996
f 5018/3603/4996 5014/3598/4991 4976/3560/4953
f 4976/3560/4953 5014/3598/4991 4977/3561/4954
f 4964/3549/4942 4975/3559/4952 4970/3554/4947
f 4975/3559/4952 4964/3549/4942 4965/3548/4941
f 4973/3558/4951 4701/3285/4678 4702/3286/4679
f 4954/3539/4932 6083/4667/6060 4952/3536/4929
f 4713/3297/4690 6083/4667/6060 4954/3539/4932
f 6083/4667/6060 6084/4668/6061 4952/3536/4929
f 6083/4667/6060 4717/3302/4695 6084/4668/6061
f 4717/3302/4695 6083/4667/6060 4713/3297/4690
f 4952/3536/4929 6084/4668/6061 4951/3535/4928
f 4907/3491/4884 6084/4668/6061 4906/3489/4882
f 4906/3489/4882 6084/4668/6061 4717/3302/4695
f 4907/3491/4884 4951/3535/4928 6084/4668/6061
f 4949/3533/4926 4951/3535/4928 4909/3494/4887
f 4909/3494/4887 4951/3535/4928 4907/3491/4884
f 4909/3494/4887 4917/3502/4895 4949/3533/4926
f 4930/3514/4907 4939/3523/4916 4929/3513/4906
f 4915/3501/4894 4929/3513/4906 4939/3523/4916
f 4914/3498/4891 4927/3512/4905 4929/3513/4906
f 4914/3498/4891 4929/3513/4906 4916/3499/4892
f 4915/3501/4894 4916/3499/4892 4929/3513/4906
f 4117/2701/4095 4116/2700/4094 4921/3505/4898
f 4116/2700/4094 4920/3506/4899 4921/3505/4898
f 4921/3505/4898 4890/3474/4867 6085/4669/6062
f 4117/2701/4095 4921/3505/4898 6085/4669/6062
f 4890/3474/4867 4122/2706/4100 6085/4669/6062
f 4117/2701/4095 6085/4669/6062 4122/2706/4100
f 4909/3494/4887 4911/3495/4888 4917/3502/4895
f 4719/3303/4696 4906/3489/4882 4716/3300/4693
f 4719/3303/4696 4905/3490/4883 4906/3489/4882
f 4906/3489/4882 4717/3302/4695 4716/3300/4693
f 4905/3490/4883 4719/3303/4696 6086/4670/6063
f 4905/3490/4883 6086/4670/6063 4903/3488/4881
f 4752/3336/4729 6086/4670/6063 4724/3308/4701
f 4752/3336/4729 4754/3338/4731 6086/4670/6063
f 4756/3341/4734 6086/4670/6063 4754/3338/4731
f 4720/3304/4697 4724/3308/4701 6086/4670/6063
f 4720/3304/4697 6086/4670/6063 4719/3303/4696
f 4756/3341/4734 4903/3488/4881 6086/4670/6063
f 4758/3342/4735 4903/3488/4881 4756/3341/4734
f 4896/3481/4874 4875/3459/4852 4878/3461/4854
f 4874/3458/4851 4875/3459/4852 4896/3481/4874
f 4890/3474/4867 4126/2709/4103 4122/2706/4100
f 4880/3464/4857 4157/2742/4136 4156/2741/4135
f 4880/3464/4857 4871/3455/4848 4157/2742/4136
f 4871/3455/4848 4880/3464/4857 4872/3456/4849
f 4864/3449/4842 4865/3450/4843 4874/3458/4851
f 4157/2742/4136 4871/3455/4848 4160/2744/4138
f 4864/3449/4842 4761/3345/4738 4762/3346/4739
f 4724/3308/4701 4725/3309/4702 4752/3336/4729
f 4714/3299/4692 4710/3295/4688 4722/3307/4700
f 4695/3279/4672 4694/3278/4671 4700/3284/4677
f 4683/3267/4660 4682/3266/4659 4692/3277/4670
f 4677/3261/4654 4676/3260/4653 4685/3269/4662
f 4670/3254/4647 4679/3263/4656 4671/3255/4648
f 4674/3259/4652 4639/3223/4616 4641/3226/4619
f 4668/3251/4644 6087/4671/6064 4663/3248/4641
f 4668/3251/4644 4645/3229/4622 6087/4671/6064
f 4660/3244/4637 4663/3248/4641 6087/4671/6064
f 4660/3244/4637 6087/4671/6064 4654/3238/4631
f 4654/3238/4631 6087/4671/6064 4646/3230/4623
f 4645/3229/4622 4646/3230/4623 6087/4671/6064
f 4655/3239/4632 4660/3244/4637 4654/3238/4631
f 4656/3241/4634 4652/3236/4629 4327/2911/4305
f 4654/3238/4631 4646/3230/4623 4650/3234/4627
f 4634/3217/4610 4620/3204/4597 4627/3212/4605
f 4634/3217/4610 4622/3205/4598 4620/3204/4597
f 4588/3173/4566 4631/3214/4607 4587/3171/4564
f 4588/3173/4566 4568/3153/4546 4631/3214/4607
f 4625/3209/4602 4606/3191/4584 4607/3190/4583
f 4607/3190/4583 4589/3172/4565 4625/3209/4602
f 4623/3208/4601 4617/3202/4595 4618/3203/4596
f 4613/3198/4591 4616/3200/4593 4612/3196/4589
f 4607/3190/4583 4601/3185/4578 4589/3172/4565
f 4589/3172/4565 4601/3185/4578 4590/3174/4567
f 4583/3168/4561 4584/3169/4562 4592/3176/4569
f 4571/3156/4549 4568/3153/4546 4588/3173/4566
f 4331/2917/4310 4557/3141/4534 4334/2918/4311
f 4557/3141/4534 4553/3138/4531 4334/2918/4311
f 4552/3137/4530 6088/4672/6065 4553/3138/4531
f 6088/4672/6065 4334/2918/4311 4553/3138/4531
f 6089/4673/6066 6088/4672/6065 4552/3137/4530
f 6089/4673/6066 6090/4674/6067 6088/4672/6065
f 6090/4674/6067 4335/2919/4312 6088/4672/6065
f 6088/4672/6065 4335/2919/4312 4334/2918/4311
f 6091/4675/6068 6090/4674/6067 6089/4673/6066
f 4340/2924/4317 6090/4674/6067 6092/4676/6069
f 4340/2924/4317 4338/2923/4316 6090/4674/6067
f 6091/4675/6068 6092/4676/6069 6090/4674/6067
f 6090/4674/6067 4338/2923/4316 4335/2919/4312
f 4363/2947/4340 4340/2924/4317 6092/4676/6069
f 4363/2947/4340 6092/4676/6069 4364/2948/4341
f 4369/2954/4347 6092/4676/6069 6091/4675/6068
f 4369/2954/4347 4364/2948/4341 6092/4676/6069
f 6089/4673/6066 6094/4677/6070 6091/4675/6068
f 6093/4678/6071 4369/2954/4347 6091/4675/6068
f 6093/4678/6071 6091/4675/6068 6094/4677/6070
f 4542/3126/4519 6094/4677/6070 4543/3127/4520
f 4542/3126/4519 6096/4679/6072 6094/4677/6070
f 6094/4677/6070 6095/4680/6073 6093/4678/6071
f 6094/4677/6070 6096/4679/6072 6095/4680/6073
f 6089/4673/6066 4543/3127/4520 6094/4677/6070
f 6098/4681/6074 6096/4679/6072 6097/4682/6075
f 6097/4682/6075 6096/4679/6072 4542/3126/4519
f 6098/4681/6074 6095/4680/6073 6096/4679/6072
f 4402/2985/4378 6098/4681/6074 6100/4683/6076
f 4402/2985/4378 6099/4684/6077 6098/4681/6074
f 6099/4684/6077 6095/4680/6073 6098/4681/6074
f 6100/4683/6076 6098/4681/6074 6097/4682/6075
f 4404/2988/4381 4402/2985/4378 6100/4683/6076
f 4410/2994/4387 4404/2988/4381 6100/4683/6076
f 6100/4683/6076 6097/4682/6075 4410/2994/4387
f 6099/4684/6077 4402/2985/4378 4398/2982/4375
f 6099/4684/6077 4398/2982/4375 6102/4685/6078
f 6099/4684/6077 6101/4686/6079 6095/4680/6073
f 6101/4686/6079 6099/4684/6077 6102/4685/6078
f 6101/4686/6079 6102/4685/6078 4371/2955/4348
f 4371/2955/4348 6102/4685/6078 6103/4687/6080
f 6102/4685/6078 4399/2983/4376 6103/4687/6080
f 6102/4685/6078 4398/2982/4375 4399/2983/4376
f 4389/2973/4366 4383/2968/4361 6103/4687/6080
f 4383/2968/4361 4384/2969/4362 6103/4687/6080
f 4371/2955/4348 6103/4687/6080 4384/2969/4362
f 4389/2973/4366 6103/4687/6080 4399/2983/4376
f 4371/2955/4348 4368/2953/4346 6101/4686/6079
f 6101/4686/6079 6093/4678/6071 6095/4680/6073
f 6101/4686/6079 4368/2953/4346 6093/4678/6071
f 4410/2994/4387 6097/4682/6075 4539/3123/4516
f 6097/4682/6075 4542/3126/4519 4539/3123/4516
f 4368/2953/4346 4369/2954/4347 6093/4678/6071
f 4543/3127/4520 6089/4673/6066 4552/3137/4530
f 4543/3127/4520 4552/3137/4530 4544/3128/4521
f 4532/3116/4509 4533/3117/4510 4540/3125/4518
f 4410/2994/4387 4539/3123/4516 4537/3121/4514
f 4411/2995/4388 4410/2994/4387 4537/3121/4514
f 4416/3000/4393 4411/2995/4388 4537/3121/4514
f 4519/3103/4496 4520/3104/4497 4526/3109/4502
f 4525/3110/4503 4523/3108/4501 4442/3027/4420
f 4438/3022/4415 4525/3110/4503 4442/3027/4420
f 4442/3027/4420 4523/3108/4501 4444/3028/4421
f 4515/3100/4493 4479/3065/4458 4522/3107/4500
f 4479/3065/4458 4477/3062/4455 4522/3107/4500
f 4522/3107/4500 4477/3062/4455 4446/3031/4424
f 4522/3107/4500 4446/3031/4424 4444/3028/4421
f 4479/3065/4458 4516/3101/4494 4505/3089/4482
f 4505/3089/4482 4516/3101/4494 4506/3090/4483
f 4479/3065/4458 4515/3100/4493 4516/3101/4494
f 4513/3098/4491 4509/3092/4485 4510/3094/4487
f 4480/3064/4457 4479/3065/4458 4505/3089/4482
f 4505/3089/4482 4487/3072/4465 4480/3064/4457
f 4476/3061/4454 4482/3066/4459 4474/3059/4452
f 4452/3036/4429 4461/3045/4438 4454/3038/4431
f 4457/3041/4434 4432/3017/4410 4435/3019/4412
f 4399/2983/4376 4390/2975/4368 4389/2973/4366
f 4372/2956/4349 4371/2955/4348 4384/2969/4362
f 4374/2958/4351 4359/2942/4335 4375/2960/4353
f 4375/2960/4353 4361/2945/4338 4366/2950/4343
f 4359/2942/4335 4361/2945/4338 4375/2960/4353
f 4374/2958/4351 4357/2941/4334 4359/2942/4335
f 4341/2925/4318 4363/2947/4340 4344/2928/4321
f 4341/2925/4318 4340/2924/4317 4363/2947/4340
f 4342/2927/4320 4345/2930/4323 4330/2914/4307
f 4342/2927/4320 4330/2914/4307 4337/2921/4314
f 4317/2902/4296 4293/2876/4270 4292/2877/4271
f 4314/2899/4293 4306/2891/4285 4307/2892/4286
f 6104/4688/6081 4306/2891/4285 4314/2899/4293
f 4314/2899/4293 4292/2877/4271 6104/4688/6081
f 6104/4688/6081 6105/4689/6082 4306/2891/4285
f 4292/2877/4271 6105/4689/6082 6104/4688/6081
f 4299/2884/4278 4306/2891/4285 6105/4689/6082
f 4292/2877/4271 4294/2878/4272 6105/4689/6082
f 4299/2884/4278 6105/4689/6082 4294/2878/4272
f 4297/2881/4275 4290/2875/4269 4289/2874/4268
f 4267/2852/4246 4269/2853/4247 6106/4690/6083
f 6107/4691/6084 4267/2852/4246 6106/4690/6083
f 6107/4691/6084 6106/4690/6083 6108/4692/6085
f 6109/4693/6086 6108/4692/6085 6110/4694/6087
f 6109/4693/6086 6107/4691/6084 6108/4692/6085
f 6112/4695/6088 6110/4694/6087 6111/4696/6089
f 6112/4695/6088 6109/4693/6086 6110/4694/6087
f 6109/4693/6086 6112/4695/6088 6113/4697/6090
f 6113/4697/6090 6112/4695/6088 6115/4698/6091
f 6114/4699/6092 6112/4695/6088 6111/4696/6089
f 6114/4699/6092 6115/4698/6091 6112/4695/6088
f 6113/4697/6090 6115/4698/6091 6116/4700/6093
f 6115/4698/6091 6117/4701/6094 6116/4700/6093
f 4199/2784/4178 6115/4698/6091 6114/4699/6092
f 4199/2784/4178 4202/2787/4181 6115/4698/6091
f 6115/4698/6091 4202/2787/4181 6117/4701/6094
f 4206/2791/4185 6117/4701/6094 4201/2786/4180
f 4206/2791/4185 6118/4702/6095 6117/4701/6094
f 6116/4700/6093 6117/4701/6094 6118/4702/6095
f 4201/2786/4180 6117/4701/6094 4202/2787/4181
f 4211/2795/4189 4216/2800/4194 6118/4702/6095
f 4205/2789/4183 4211/2795/4189 6118/4702/6095
f 4205/2789/4183 6118/4702/6095 4206/2791/4185
f 6116/4700/6093 6118/4702/6095 4216/2800/4194
f 6113/4697/6090 6116/4700/6093 4216/2800/4194
f 6109/4693/6086 6113/4697/6090 6119/4703/6096
f 4217/2801/4195 6119/4703/6096 6113/4697/6090
f 6113/4697/6090 4216/2800/4194 4217/2801/4195
f 6121/4704/6097 6109/4693/6086 6119/4703/6096
f 4217/2801/4195 6120/4705/6098 6119/4703/6096
f 6120/4705/6098 6121/4704/6097 6119/4703/6096
f 6120/4705/6098 4265/2849/4243 6121/4704/6097
f 4265/2849/4243 4264/2850/4244 6121/4704/6097
f 4264/2850/4244 6107/4691/6084 6121/4704/6097
f 6121/4704/6097 6107/4691/6084 6109/4693/6086
f 4217/2801/4195 4220/2804/4198 6120/4705/6098
f 6120/4705/6098 4220/2804/4198 4262/2847/4241
f 6120/4705/6098 4262/2847/4241 4265/2849/4243
f 4264/2850/4244 4267/2852/4246 6107/4691/6084
f 4220/2804/4198 4222/2806/4200 4262/2847/4241
f 4246/2830/4224 4260/2844/4238 4239/2823/4217
f 4223/2807/4201 4239/2823/4217 4260/2844/4238
f 4223/2807/4201 4260/2844/4238 4222/2806/4200
f 4226/2811/4205 4239/2823/4217 4223/2807/4201
f 4176/2759/4153 4209/2793/4187 4175/2760/4154
f 4183/2768/4162 4178/2762/4156 4194/2779/4173
f 4189/2773/4167 4191/2775/4169 6122/4706/6099
f 6122/4706/6099 6123/4707/6100 4188/2772/4166
f 4189/2773/4167 6122/4706/6099 4188/2772/4166
f 6122/4706/6099 6124/4708/6101 6123/4707/6100
f 6125/4709/6102 6123/4707/6100 6124/4708/6101
f 6125/4709/6102 6124/4708/6101 6126/4710/6103
f 6127/4711/6104 6125/4709/6102 6126/4710/6103
f 6127/4711/6104 6126/4710/6103 6128/4712/6105
f 6129/4713/6106 6128/4712/6105 6130/4714/6107
f 6129/4713/6106 6127/4711/6104 6128/4712/6105
f 6131/4715/6108 6129/4713/6106 6130/4714/6107
f 6131/4715/6108 6130/4714/6107 6132/4716/6109
f 6132/4716/6109 6133/4717/6110 6131/4715/6108
f 6132/4716/6109 6134/4718/6111 6133/4717/6110
f 6135/4719/6112 6131/4715/6108 6133/4717/6110
f 6135/4719/6112 6136/4720/6113 6131/4715/6108
f 6136/4720/6113 6135/4719/6112 6137/4721/6114
f 6138/4722/6115 6137/4721/6114 6140/4723/6116
f 6138/4722/6115 6139/4724/6117 6137/4721/6114
f 6136/4720/6113 6137/4721/6114 6139/4724/6117
f 6141/4725/6118 6138/4722/6115 6140/4723/6116
f 6141/4725/6118 6142/4726/6119 6138/4722/6115
f 6143/4727/6120 6142/4726/6119 6141/4725/6118
f 6143/4727/6120 6141/4725/6118 6144/4728/6121
f 6144/4728/6121 6145/4729/6122 6143/4727/6120
f 6144/4728/6121 6146/4730/6123 6145/4729/6122
f 6145/4729/6122 6146/4730/6123 6147/4731/6124
f 6147/4731/6124 6148/4732/6125 6149/4733/6126
f 6147/4731/6124 6149/4733/6126 6150/4734/6127
f 6145/4729/6122 6147/4731/6124 6150/4734/6127
f 6151/4735/6128 6150/4734/6127 6149/4733/6126
f 6151/4735/6128 6152/4736/6129 6150/4734/6127
f 6152/4736/6129 6145/4729/6122 6150/4734/6127
f 6151/4735/6128 6155/4737/6130 6152/4736/6129
f 6152/4736/6129 6153/4738/6131 6154/4739/6132
f 6152/4736/6129 6155/4737/6130 6153/4738/6131
f 6152/4736/6129 6154/4739/6132 6145/4729/6122
f 6155/4737/6130 6156/4740/6133 6153/4738/6131
f 6155/4737/6130 6157/4741/6134 6156/4740/6133
f 6158/4742/6135 6157/4741/6134 6155/4737/6130
f 6151/4735/6128 6158/4742/6135 6155/4737/6130
f 6158/4742/6135 4150/2734/4128 6157/4741/6134
f 6159/4743/6136 6158/4742/6135 6151/4735/6128
f 4150/2734/4128 6158/4742/6135 6159/4743/6136
f 4141/2726/4120 6159/4743/6136 6160/4744/6137
f 6159/4743/6136 6151/4735/6128 6160/4744/6137
f 4140/2724/4118 6159/4743/6136 4141/2726/4120
f 4140/2724/4118 4148/2732/4126 6159/4743/6136
f 4150/2734/4128 6159/4743/6136 4148/2732/4126
f 6163/4745/6138 6160/4744/6137 6151/4735/6128
f 6161/4746/6139 6160/4744/6137 6163/4745/6138
f 6161/4746/6139 6162/4747/6140 6160/4744/6137
f 4141/2726/4120 6160/4744/6137 6162/4747/6140
f 6163/4745/6138 6151/4735/6128 6149/4733/6126
f 6149/4733/6126 6164/4748/6141 6163/4745/6138
f 6163/4745/6138 6165/4749/6142 6161/4746/6139
f 6163/4745/6138 6164/4748/6141 6165/4749/6142
f 6161/4746/6139 6165/4749/6142 6166/4750/6143
f 6161/4746/6139 6166/4750/6143 6167/4751/6144
f 6167/4751/6144 6166/4750/6143 6168/4752/6145
f 6167/4751/6144 6168/4752/6145 6169/4753/6146
f 6169/4753/6146 6168/4752/6145 6170/4754/6147
f 6170/4754/6147 6173/4755/6148 6171/4756/6149
f 6169/4753/6146 6170/4754/6147 6171/4756/6149
f 6170/4754/6147 6172/4757/6150 6173/4755/6148
f 6173/4755/6148 6174/4758/6151 6176/4759/6152
f 6173/4755/6148 6175/4760/6153 6174/4758/6151
f 6176/4759/6152 6171/4756/6149 6173/4755/6148
f 6172/4757/6150 6175/4760/6153 6173/4755/6148
f 6176/4759/6152 6174/4758/6151 6177/4761/6154
f 6176/4759/6152 6179/4762/6155 6171/4756/6149
f 6176/4759/6152 6177/4761/6154 6178/4763/6156
f 6178/4763/6156 6179/4762/6155 6176/4759/6152
f 6180/4764/6157 6179/4762/6155 6181/4765/6158
f 6179/4762/6155 6180/4764/6157 6169/4753/6146
f 6178/4763/6156 6181/4765/6158 6179/4762/6155
f 6179/4762/6155 6169/4753/6146 6171/4756/6149
f 6180/4764/6157 6181/4765/6158 6182/4766/6159
f 6182/4766/6159 6181/4765/6158 6183/4767/6160
f 6184/4768/6161 6183/4767/6160 6181/4765/6158
f 6184/4768/6161 6181/4765/6158 6178/4763/6156
f 6184/4768/6161 4088/2672/4066 6186/4769/6162
f 6184/4768/6161 6185/4770/6163 4088/2672/4066
f 6178/4763/6156 6185/4770/6163 6184/4768/6161
f 6186/4769/6162 6183/4767/6160 6184/4768/6161
f 6186/4769/6162 4088/2672/4066 4089/2673/4067
f 6186/4769/6162 4089/2673/4067 6187/4771/6164
f 6187/4771/6164 6188/4772/6165 6186/4769/6162
f 6186/4769/6162 6188/4772/6165 6183/4767/6160
f 6187/4771/6164 4131/2716/4110 6188/4772/6165
f 4131/2716/4110 4132/2717/4111 6188/4772/6165
f 6183/4767/6160 6188/4772/6165 4132/2717/4111
f 6187/4771/6164 4091/2675/4069 6189/4773/6166
f 6187/4771/6164 4089/2673/4067 4091/2675/4069
f 6189/4773/6166 4131/2716/4110 6187/4771/6164
f 4091/2675/4069 4120/2705/4099 6189/4773/6166
f 6189/4773/6166 4123/2708/4102 4131/2716/4110
f 4120/2705/4099 4123/2708/4102 6189/4773/6166
f 4086/2668/4062 4088/2672/4066 6185/4770/6163
f 6190/4774/6167 6185/4770/6163 6177/4761/6154
f 6190/4774/6167 4086/2668/4062 6185/4770/6163
f 6178/4763/6156 6177/4761/6154 6185/4770/6163
f 4084/2669/4063 6190/4774/6167 6191/4775/6168
f 4086/2668/4062 6190/4774/6167 4084/2669/4063
f 6191/4775/6168 6190/4774/6167 6177/4761/6154
f 4084/2669/4063 6191/4775/6168 6192/4776/6169
f 6191/4775/6168 6193/4777/6170 6192/4776/6169
f 6191/4775/6168 6194/4778/6171 6193/4777/6170
f 6194/4778/6171 6191/4775/6168 6174/4758/6151
f 6191/4775/6168 6177/4761/6154 6174/4758/6151
f 6196/4779/6172 6193/4777/6170 6194/4778/6171
f 6194/4778/6171 6174/4758/6151 6175/4760/6153
f 6195/4780/6173 6194/4778/6171 6175/4760/6153
f 6196/4779/6172 6194/4778/6171 6195/4780/6173
f 6197/4781/6174 6193/4777/6170 6196/4779/6172
f 6197/4781/6174 6196/4779/6172 6198/4782/6175
f 6199/4783/6176 6198/4782/6175 6200/4784/6177
f 6199/4783/6176 6197/4781/6174 6198/4782/6175
f 6202/4785/6178 6200/4784/6177 6201/4786/6179
f 6202/4785/6178 6199/4783/6176 6200/4784/6177
f 6202/4785/6178 6203/4787/6180 6204/4788/6181
f 6202/4785/6178 6206/4789/6182 6203/4787/6180
f 6205/4790/6183 6202/4785/6178 6204/4788/6181
f 6205/4790/6183 6199/4783/6176 6202/4785/6178
f 6206/4789/6182 6202/4785/6178 6201/4786/6179
f 6206/4789/6182 6207/4791/6184 6203/4787/6180
f 6206/4789/6182 6208/4792/6185 6207/4791/6184
f 6208/4792/6185 6206/4789/6182 6209/4793/6186
f 6206/4789/6182 6201/4786/6179 6209/4793/6186
f 6208/4792/6185 6209/4793/6186 6210/4794/6187
f 6211/4795/6188 6208/4792/6185 6210/4794/6187
f 6211/4795/6188 6213/4796/6189 6208/4792/6185
f 6212/4797/6190 6211/4795/6188 6214/4798/6191
f 6212/4797/6190 6213/4796/6189 6211/4795/6188
f 6215/4799/6192 6212/4797/6190 6214/4798/6191
f 6215/4799/6192 6216/4800/6193 6212/4797/6190
f 6216/4800/6193 6215/4799/6192 3959/2543/3937
f 6212/4797/6190 6216/4800/6193 6217/4801/6194
f 6217/4801/6194 6216/4800/6193 3960/2545/3939
f 6216/4800/6193 3959/2543/3937 3960/2545/3939
f 6212/4797/6190 6217/4801/6194 6218/4802/6195
f 6220/4803/6196 6218/4802/6195 6217/4801/6194
f 6217/4801/6194 6219/4804/6197 6220/4803/6196
f 6217/4801/6194 3961/2546/3940 6219/4804/6197
f 6217/4801/6194 3960/2545/3939 3961/2546/3940
f 6220/4803/6196 3970/2555/3949 6221/4805/6198
f 6220/4803/6196 6219/4804/6197 3970/2555/3949
f 6223/4806/6199 6220/4803/6196 6221/4805/6198
f 6220/4803/6196 6222/4807/6200 6218/4802/6195
f 6223/4806/6199 6222/4807/6200 6220/4803/6196
f 6224/4808/6201 6223/4806/6199 6225/4809/6202
f 6224/4808/6201 6222/4807/6200 6223/4806/6199
f 6225/4809/6202 6223/4806/6199 6226/4810/6203
f 6221/4805/6198 6226/4810/6203 6223/4806/6199
f 6225/4809/6202 6226/4810/6203 4049/2633/4027
f 6221/4805/6198 6227/4811/6204 6226/4810/6203
f 6226/4810/6203 4050/2635/4029 4049/2633/4027
f 6227/4811/6204 6228/4812/6205 6226/4810/6203
f 6226/4810/6203 6228/4812/6205 4050/2635/4029
f 6228/4812/6205 3984/2568/3962 4050/2635/4029
f 6228/4812/6205 3978/2562/3956 3984/2568/3962
f 6227/4811/6204 3976/2561/3955 6228/4812/6205
f 3976/2561/3955 3978/2562/3956 6228/4812/6205
f 3971/2554/3948 3976/2561/3955 6227/4811/6204
f 3971/2554/3948 6227/4811/6204 6221/4805/6198
f 4055/2637/4031 6225/4809/6202 4049/2633/4027
f 6229/4813/6206 6225/4809/6202 4055/2637/4031
f 6229/4813/6206 6224/4808/6201 6225/4809/6202
f 4055/2637/4031 6230/4814/6207 6229/4813/6206
f 6207/4791/6184 6224/4808/6201 6229/4813/6206
f 6229/4813/6206 6203/4787/6180 6207/4791/6184
f 6229/4813/6206 6230/4814/6207 6203/4787/6180
f 6231/4815/6208 6230/4814/6207 4053/2638/4032
f 6231/4815/6208 6232/4816/6209 6230/4814/6207
f 6230/4814/6207 6232/4816/6209 6204/4788/6181
f 4055/2637/4031 4053/2638/4032 6230/4814/6207
f 6230/4814/6207 6204/4788/6181 6203/4787/6180
f 4078/2662/4056 6232/4816/6209 6231/4815/6208
f 6232/4816/6209 4081/2665/4059 6205/4790/6183
f 4078/2662/4056 4081/2665/4059 6232/4816/6209
f 6232/4816/6209 6205/4790/6183 6204/4788/6181
f 4054/2639/4033 6231/4815/6208 4053/2638/4032
f 6231/4815/6208 4054/2639/4033 4057/2641/4035
f 6231/4815/6208 4057/2641/4035 4078/2662/4056
f 6233/4817/6210 6222/4807/6200 6224/4808/6201
f 6207/4791/6184 6233/4817/6210 6224/4808/6201
f 6207/4791/6184 6213/4796/6189 6233/4817/6210
f 6233/4817/6210 6213/4796/6189 6212/4797/6190
f 6233/4817/6210 6212/4797/6190 6218/4802/6195
f 6233/4817/6210 6218/4802/6195 6222/4807/6200
f 3971/2554/3948 6221/4805/6198 3970/2555/3949
f 3970/2555/3949 6219/4804/6197 3966/2550/3944
f 3966/2550/3944 6219/4804/6197 3961/2546/3940
f 6207/4791/6184 6208/4792/6185 6213/4796/6189
f 6234/4818/6211 6199/4783/6176 6205/4790/6183
f 6205/4790/6183 4082/2666/4060 6234/4818/6211
f 6205/4790/6183 4081/2665/4059 4082/2666/4060
f 6234/4818/6211 4084/2669/4063 6192/4776/6169
f 6192/4776/6169 6197/4781/6174 6234/4818/6211
f 6234/4818/6211 4082/2666/4060 4084/2669/4063
f 6234/4818/6211 6197/4781/6174 6199/4783/6176
f 6192/4776/6169 6193/4777/6170 6197/4781/6174
f 6195/4780/6173 6175/4760/6153 6235/4819/6212
f 6172/4757/6150 6235/4819/6212 6175/4760/6153
f 6182/4766/6159 6183/4767/6160 4137/2722/4116
f 4137/2722/4116 6183/4767/6160 4135/2720/4114
f 6183/4767/6160 4132/2717/4111 4135/2720/4114
f 6236/4820/6213 6180/4764/6157 6182/4766/6159
f 4142/2727/4121 6182/4766/6159 4137/2722/4116
f 6236/4820/6213 6182/4766/6159 4142/2727/4121
f 6180/4764/6157 6236/4820/6213 6167/4751/6144
f 6236/4820/6213 6161/4746/6139 6167/4751/6144
f 4142/2727/4121 6162/4747/6140 6236/4820/6213
f 6236/4820/6213 6162/4747/6140 6161/4746/6139
f 6180/4764/6157 6167/4751/6144 6169/4753/6146
f 6149/4733/6126 6148/4732/6125 6164/4748/6141
f 4142/2727/4121 4141/2726/4120 6162/4747/6140
f 6157/4741/6134 6237/4821/6214 6156/4740/6133
f 6157/4741/6134 4154/2738/4132 6237/4821/6214
f 4150/2734/4128 4154/2738/4132 6157/4741/6134
f 6237/4821/6214 4154/2738/4132 4155/2739/4133
f 6239/4822/6215 6156/4740/6133 6237/4821/6214
f 6238/4823/6216 6237/4821/6214 4161/2743/4137
f 6239/4822/6215 6237/4821/6214 6238/4823/6216
f 6237/4821/6214 4155/2739/4133 4161/2743/4137
f 6156/4740/6133 6239/4822/6215 6242/4824/6217
f 6243/4825/6218 6240/4826/6219 6239/4822/6215
f 6241/4827/6220 6239/4822/6215 6240/4826/6219
f 6241/4827/6220 6242/4824/6217 6239/4822/6215
f 6243/4825/6218 6239/4822/6215 6238/4823/6216
f 6246/4828/6221 6243/4825/6218 6244/4829/6222
f 6243/4825/6218 4163/2747/4141 6244/4829/6222
f 6243/4825/6218 6245/4830/6223 6240/4826/6219
f 6243/4825/6218 6238/4823/6216 4163/2747/4141
f 6243/4825/6218 6246/4828/6221 6245/4830/6223
f 6246/4828/6221 6244/4829/6222 6248/4831/6224
f 6245/4830/6223 6246/4828/6221 6247/4832/6225
f 6247/4832/6225 6246/4828/6221 6248/4831/6224
f 6248/4831/6224 4180/2764/4158 4181/2765/4159
f 6248/4831/6224 6244/4829/6222 4180/2764/4158
f 4186/2769/4163 6248/4831/6224 4181/2765/4159
f 6247/4832/6225 6248/4831/6224 4186/2769/4163
f 6245/4830/6223 6247/4832/6225 6249/4833/6226
f 6247/4832/6225 6250/4834/6227 6249/4833/6226
f 6247/4832/6225 6251/4835/6228 6250/4834/6227
f 6251/4835/6228 6247/4832/6225 4186/2769/4163
f 6251/4835/6228 6125/4709/6102 6250/4834/6227
f 6123/4707/6100 6251/4835/6228 4185/2770/4164
f 6251/4835/6228 4186/2769/4163 4185/2770/4164
f 6251/4835/6228 6123/4707/6100 6125/4709/6102
f 6252/4836/6229 6250/4834/6227 6253/4837/6230
f 6252/4836/6229 6249/4833/6226 6250/4834/6227
f 6253/4837/6230 6250/4834/6227 6125/4709/6102
f 6255/4838/6231 6252/4836/6229 6253/4837/6230
f 6253/4837/6230 6125/4709/6102 6127/4711/6104
f 6254/4839/6232 6253/4837/6230 6127/4711/6104
f 6255/4838/6231 6253/4837/6230 6254/4839/6232
f 6256/4840/6233 6252/4836/6229 6255/4838/6231
f 6255/4838/6231 6138/4722/6115 6256/4840/6233
f 6255/4838/6231 6139/4724/6117 6138/4722/6115
f 6136/4720/6113 6255/4838/6231 6254/4839/6232
f 6136/4720/6113 6139/4724/6117 6255/4838/6231
f 6241/4827/6220 6256/4840/6233 6257/4841/6234
f 6138/4722/6115 6257/4841/6234 6256/4840/6233
f 6256/4840/6233 6258/4842/6235 6252/4836/6229
f 6241/4827/6220 6258/4842/6235 6256/4840/6233
f 6240/4826/6219 6258/4842/6235 6241/4827/6220
f 6240/4826/6219 6245/4830/6223 6258/4842/6235
f 6258/4842/6235 6245/4830/6223 6249/4833/6226
f 6258/4842/6235 6249/4833/6226 6252/4836/6229
f 6259/4843/6236 6257/4841/6234 6142/4726/6119
f 6138/4722/6115 6142/4726/6119 6257/4841/6234
f 6259/4843/6236 6241/4827/6220 6257/4841/6234
f 6259/4843/6236 6242/4824/6217 6241/4827/6220
f 6153/4738/6131 6242/4824/6217 6259/4843/6236
f 6153/4738/6131 6259/4843/6236 6154/4739/6132
f 6145/4729/6122 6259/4843/6236 6143/4727/6120
f 6145/4729/6122 6154/4739/6132 6259/4843/6236
f 6259/4843/6236 6142/4726/6119 6143/4727/6120
f 6136/4720/6113 6254/4839/6232 6129/4713/6106
f 6254/4839/6232 6127/4711/6104 6129/4713/6106
f 6244/4829/6222 4164/2748/4142 4180/2764/4158
f 6244/4829/6222 4163/2747/4141 4164/2748/4142
f 6156/4740/6133 6242/4824/6217 6153/4738/6131
f 6238/4823/6216 4161/2743/4137 4163/2747/4141
f 6136/4720/6113 6129/4713/6106 6131/4715/6108
f 6123/4707/6100 4185/2770/4164 4188/2772/4166
f 4164/2748/4142 4166/2750/4144 4180/2764/4158
f 4169/2753/4147 4159/2745/4139 4160/2744/4138
f 4150/2734/4128 4151/2735/4129 4154/2738/4132
f 4129/2714/4108 4144/2728/4122 4128/2713/4107
f 4128/2713/4107 4144/2728/4122 4134/2718/4112
f 4117/2701/4095 4122/2706/4100 4119/2704/4098
f 4091/2675/4069 4094/2678/4072 4120/2705/4099
f 4102/2685/4079 4110/2694/4088 4107/2691/4085
f 4069/2653/4047 4067/2651/4045 4095/2680/4074
f 4072/2656/4050 4085/2670/4064 4073/2657/4051
f 4079/2664/4058 4057/2641/4035 4075/2659/4053
f 4079/2664/4058 4078/2662/4056 4057/2641/4035
f 4063/2647/4041 4075/2659/4053 4057/2641/4035
f 4070/2655/4049 4075/2659/4053 4063/2647/4041
f 4064/2648/4042 4070/2655/4049 4063/2647/4041
f 4063/2647/4041 4057/2641/4035 4058/2642/4036
f 4055/2637/4031 4049/2633/4027 4051/2634/4028
f 3994/2579/3973 4030/2614/4008 4038/2622/4016
f 4038/2622/4016 3988/2573/3967 3991/2575/3969
f 3994/2579/3973 4038/2622/4016 3991/2575/3969
f 3994/2579/3973 3993/2578/3972 4026/2610/4004
f 4003/2588/3982 4016/2600/3994 4020/2604/3998
f 3886/2470/3864 3884/2468/3862 4017/2601/3995
f 4002/2586/3980 4016/2600/3994 4003/2588/3982
f 4012/2596/3990 3888/2472/3866 3889/2473/3867
f 4012/2596/3990 3892/2476/3870 3888/2472/3866
f 3896/2481/3875 4010/2594/3988 3906/2491/3885
f 3911/2495/3889 3906/2491/3885 4010/2594/3988
f 3896/2481/3875 3897/2482/3876 4010/2594/3988
f 4008/2593/3987 6260/4844/6237 3914/2499/3893
f 4008/2593/3987 3981/2565/3959 6260/4844/6237
f 3997/2582/3976 3981/2565/3959 4008/2593/3987
f 4004/2589/3983 3997/2582/3976 4008/2593/3987
f 3916/2500/3894 6260/4844/6237 6261/4845/6238
f 6261/4845/6238 6260/4844/6237 3981/2565/3959
f 3914/2499/3893 6260/4844/6237 3916/2500/3894
f 6261/4845/6238 3981/2565/3959 3979/2564/3958
f 3975/2559/3953 6261/4845/6238 3979/2564/3958
f 6262/4846/6239 6263/4847/6240 6261/4845/6238
f 3975/2559/3953 6262/4846/6239 6261/4845/6238
f 3916/2500/3894 6261/4845/6238 6263/4847/6240
f 6262/4846/6239 3935/2520/3914 6263/4847/6240
f 3935/2520/3914 3927/2511/3905 6263/4847/6240
f 3927/2511/3905 3916/2500/3894 6263/4847/6240
f 6264/4848/6241 6262/4846/6239 3973/2557/3951
f 3973/2557/3951 6262/4846/6239 3975/2559/3953
f 6264/4848/6241 3935/2520/3914 6262/4846/6239
f 3939/2523/3917 6264/4848/6241 3968/2552/3946
f 3968/2552/3946 6264/4848/6241 3973/2557/3951
f 3939/2523/3917 3934/2519/3913 6264/4848/6241
f 3934/2519/3913 3935/2520/3914 6264/4848/6241
f 3996/2580/3974 3997/2582/3976 4004/2589/3983
f 3997/2582/3976 3982/2566/3960 3981/2565/3959
f 3968/2552/3946 3943/2527/3921 3939/2523/3917
f 3966/2550/3944 3961/2546/3940 3962/2547/3941
f 3964/2549/3943 3944/2528/3922 3942/2526/3920
f 3951/2536/3930 3947/2531/3925 3964/2549/3943
f 3964/2549/3943 3947/2531/3925 3944/2528/3922
f 3929/2515/3909 3937/2521/3915 3931/2516/3910
f 3924/2508/3902 3930/2513/3907 3925/2509/3903
f 3911/2495/3889 3915/2498/3892 3912/2496/3890
f 3895/2480/3874 3864/2449/3843 3868/2452/3846
f 3880/2464/3858 3890/2475/3869 3872/2455/3849
f 3890/2475/3869 3869/2453/3847 3872/2455/3849
f 3880/2464/3858 3882/2466/3860 3890/2475/3869
f 3872/2455/3849 3871/2456/3850 3880/2464/3858
