# Blender 5.1.1
# www.blender.org
mtllib PiernaIzq.mtl
o Object_7
v 0.008576 0.184610 0.071313
v 0.006971 0.200563 0.071862
v 0.028334 0.190463 0.056586
v 0.007409 0.174234 0.073627
v -0.171370 0.050711 0.266480
v -0.176140 0.028696 0.268865
v -0.172870 0.030946 0.279849
v 0.074683 0.034531 -0.031027
v 0.068419 0.061266 -0.018285
v 0.074986 0.029408 -0.014374
v -0.027520 0.026683 -0.098995
v -0.022885 0.061131 -0.102988
v -0.011305 0.030275 -0.108103
v -0.070294 0.020318 -0.032424
v -0.066780 0.047285 -0.037557
v -0.066142 0.020882 -0.042455
v -0.056243 0.022279 -0.065379
v -0.062889 0.021147 -0.050776
v -0.055072 0.050113 -0.061945
v -0.161093 0.053251 0.183722
v -0.156381 0.016282 0.178411
v -0.164888 0.016191 0.195703
v 0.035429 0.039314 0.098717
v 0.019247 0.021682 0.104921
v 0.027236 0.021370 0.091257
v -0.128501 0.086284 0.350602
v -0.139510 0.072856 0.359156
v -0.133071 0.074919 0.365263
v -0.130435 0.067452 0.371070
v -0.126903 0.072435 0.368856
v -0.146814 0.054569 0.364533
v -0.148162 0.059410 0.359224
v -0.150724 0.051226 0.359312
v -0.139172 0.060258 0.367965
v -0.145318 0.057443 0.358308
v -0.141266 0.054225 0.366202
v -0.134606 0.062289 0.370762
v -0.134606 0.062289 0.370762
v -0.083421 0.136763 0.169265
v -0.085442 0.134046 0.178119
v -0.076363 0.138579 0.177878
v 0.066892 0.029126 -0.073851
v 0.057380 0.029996 -0.086420
v 0.066853 0.029913 -0.073690
v -0.134889 0.063044 0.128720
v -0.127799 0.026598 0.113946
v -0.134609 0.023129 0.124605
v -0.139679 0.020419 0.140368
v -0.138823 0.018839 0.146237
v -0.145775 0.017950 0.156415
v 0.047161 0.029444 -0.095190
v 0.027486 0.028587 -0.109219
v 0.041167 0.038893 -0.100218
v 0.027425 0.036453 -0.109907
v 0.047161 0.029444 -0.095190
v 0.041167 0.038893 -0.100218
v 0.054487 0.039404 -0.088638
v -0.002693 0.180807 0.068712
v 0.000604 0.200189 0.068189
v 0.002943 0.189086 0.065491
v 0.001821 0.177426 0.068634
v -0.054980 0.174814 0.050056
v -0.054668 0.185085 0.047942
v -0.048597 0.175156 0.050771
v -0.109769 0.085113 0.363894
v -0.116064 0.078928 0.368514
v -0.108554 0.076850 0.372188
v -0.077327 0.051861 0.386611
v -0.089110 0.055192 0.388014
v -0.076999 0.047033 0.390590
v -0.060259 0.185179 0.050655
v -0.072673 0.212181 0.047016
v -0.061868 0.198201 0.054241
v 0.049002 0.019314 0.069656
v 0.047576 0.043138 0.078642
v 0.038836 0.017280 0.084510
v 0.016695 0.014521 0.242378
v 0.019809 0.017454 0.213906
v 0.017506 0.046839 0.225930
v 0.011801 0.011716 0.209737
v 0.011182 0.017246 0.178182
v 0.022381 0.020100 0.190561
v -0.091552 0.083713 0.367193
v -0.103371 0.076134 0.374553
v -0.095092 0.074080 0.377735
v -0.079454 0.064321 0.381858
v -0.163819 0.041620 0.335997
v -0.166246 0.053447 0.320587
v -0.169903 0.037382 0.319029
v -0.159143 0.044594 0.347290
v -0.155024 0.047537 0.353234
v -0.156464 0.054636 0.344806
v -0.027490 0.017641 -0.097434
v -0.042071 0.027067 -0.090429
v -0.035530 0.015881 -0.091689
v -0.049041 0.024565 -0.079299
v -0.042942 0.053947 -0.086039
v -0.076317 0.016932 0.018819
v -0.069638 0.018741 0.036182
v -0.074275 0.027679 0.054371
v -0.098254 0.038298 0.047403
v -0.089742 0.040217 0.021787
v -0.066235 0.229729 0.067482
v -0.063092 0.212084 0.058651
v -0.070574 0.218614 0.060825
v -0.079425 0.215822 0.060979
v -0.073059 0.218193 0.062610
v -0.079391 0.209500 0.047442
v -0.076883 0.216152 0.072347
v -0.069713 0.214277 0.072518
v -0.078407 0.147388 0.149816
v -0.059653 0.152002 0.168053
v -0.056841 0.156670 0.157164
v 0.001386 0.215829 0.078191
v -0.004169 0.228474 0.081366
v 0.006427 0.221534 0.082005
v -0.065159 0.198942 0.092794
v -0.072090 0.196818 0.087458
v -0.071457 0.186038 0.097389
v -0.054282 0.198144 0.104145
v -0.067415 0.218382 0.075747
v -0.064323 0.207271 0.090678
v -0.064575 0.236080 0.082475
v -0.043743 0.204293 0.105418
v -0.043721 0.223563 0.104202
v -0.015155 0.184978 0.115773
v -0.013183 0.194054 0.109298
v -0.036081 0.195765 0.111247
v -0.074584 0.198538 0.086374
v -0.074876 0.202408 0.086317
v -0.080279 0.197581 0.050356
v -0.083254 0.167660 0.061837
v -0.079800 0.200397 0.060469
v -0.080528 0.186969 0.065877
v -0.079412 0.194632 0.075572
v -0.081854 0.198036 0.076328
v -0.082296 0.192764 0.072557
v -0.084354 0.177396 0.093560
v -0.083502 0.181316 0.095121
v -0.078957 0.176633 0.093919
v -0.081430 0.172002 0.092419
v -0.077810 0.200004 0.071070
v -0.075610 0.204934 0.080588
v -0.075558 0.206090 0.083680
v -0.071694 0.205312 0.082431
v -0.080557 0.189663 0.070666
v -0.078499 0.191364 0.067920
v -0.082336 0.170296 0.095935
v -0.084583 0.164201 0.090470
v -0.081360 0.194553 0.069883
v -0.081410 0.201263 0.072924
v 0.001880 0.216243 0.097321
v 0.014665 0.205473 0.091983
v 0.008801 0.222223 0.087906
v -0.006136 0.215200 0.095419
v -0.016067 0.233557 0.095376
v -0.010488 0.202910 0.103093
v -0.010163 0.201950 0.112653
v -0.009989 0.198541 0.111469
v -0.006044 0.204808 0.105684
v -0.000332 0.200810 0.104248
v 0.005605 0.195907 0.103319
v 0.012792 0.183011 0.105268
v 0.005087 0.191034 0.107063
v -0.003088 0.194068 0.108465
v -0.012922 0.187107 0.119097
v -0.014183 0.190275 0.121439
v 0.008603 0.164867 0.121842
v -0.000567 0.173560 0.120852
v -0.004119 0.183906 0.124267
v -0.000201 0.178518 0.124510
v -0.040548 0.133306 0.201888
v -0.037944 0.136019 0.194732
v -0.058176 0.141134 0.187508
v -0.030856 0.148549 0.161635
v -0.030067 0.149978 0.158041
v -0.035905 0.150374 0.158605
v -0.036943 0.137590 0.190763
v -0.086375 0.145092 0.168731
v -0.085935 0.140254 0.168990
v -0.088709 0.156848 0.129478
v -0.093328 0.153488 0.126862
v -0.090768 0.152975 0.132289
v -0.077880 0.150426 0.142260
v -0.081109 0.158022 0.140519
v -0.080570 0.152719 0.140965
v -0.029769 0.147656 0.172294
v -0.029689 0.151621 0.169430
v -0.032193 0.145807 0.168520
v -0.028700 0.152702 0.164260
v -0.028331 0.149455 0.162771
v -0.080561 0.151216 0.142821
v -0.080702 0.154036 0.144137
v -0.077785 0.149580 0.142869
v -0.057097 0.163385 0.155163
v -0.056052 0.160290 0.156649
v -0.072332 0.156431 0.146655
v -0.074826 0.155180 0.150594
v -0.087890 0.147845 0.133095
v -0.089348 0.147672 0.125701
v -0.095458 0.139363 0.127532
v -0.100115 0.143215 0.148170
v -0.096256 0.142792 0.154153
v -0.092690 0.145531 0.147090
v -0.090736 0.161418 0.117615
v -0.086583 0.164187 0.121411
v -0.087355 0.163682 0.116948
v -0.017445 0.142467 0.173300
v -0.020680 0.135610 0.188279
v -0.009837 0.133537 0.184743
v -0.063176 0.146091 0.180017
v -0.035096 0.140267 0.183834
v -0.085048 0.142388 0.162359
v -0.085990 0.146773 0.164924
v -0.081652 0.140467 0.164907
v -0.097395 0.131116 0.169867
v -0.099803 0.129275 0.176470
v -0.088036 0.137076 0.177413
v -0.109799 0.126064 0.172494
v -0.107038 0.124703 0.163994
v -0.026323 0.131385 0.200021
v -0.028952 0.128203 0.209482
v -0.024127 0.125847 0.212525
v -0.038358 0.142297 0.204139
v -0.038405 0.134293 0.203079
v -0.027336 0.133817 0.209648
v -0.026003 0.124239 0.219117
v -0.029119 0.131668 0.216320
v -0.030623 0.126138 0.215906
v -0.019812 0.120720 0.219789
v -0.055015 0.184146 0.117692
v -0.054841 0.184873 0.118410
v -0.052441 0.192258 0.110752
v -0.080454 0.173177 0.098475
v -0.083841 0.178420 0.097954
v -0.084557 0.174404 0.096779
v -0.071438 0.183323 0.102910
v -0.073431 0.169642 0.115215
v -0.075760 0.172577 0.117711
v -0.054767 0.180591 0.118673
v -0.075493 0.171014 0.115530
v -0.055282 0.177865 0.123457
v -0.054975 0.183213 0.120360
v -0.072732 0.181327 0.103733
v -0.074847 0.182437 0.103510
v -0.022425 0.164823 0.139798
v -0.021722 0.167310 0.140533
v -0.023588 0.164212 0.137531
v -0.028816 0.152905 0.151593
v -0.044984 0.172841 0.128850
v -0.044050 0.175281 0.126220
v -0.045472 0.178360 0.128965
v -0.049455 0.186873 0.121141
v -0.038895 0.156823 0.158252
v -0.056145 0.163922 0.150807
v -0.074987 0.164432 0.122352
v -0.076691 0.170393 0.121516
v -0.076909 0.166121 0.122527
v -0.056512 0.172476 0.126104
v -0.076059 0.153649 0.134848
v -0.024969 0.115107 0.246280
v -0.115227 0.117294 0.214076
v -0.109153 0.120401 0.218452
v -0.110588 0.123001 0.216661
v -0.103548 0.112721 0.252602
v -0.096667 0.123389 0.225958
v -0.092373 0.122770 0.217223
v -0.095807 0.125425 0.215815
v -0.093475 0.128401 0.218809
v -0.139212 0.099771 0.205461
v -0.147518 0.097377 0.229707
v -0.120775 0.115060 0.211411
v -0.113189 0.118632 0.208706
v -0.130096 0.105468 0.248577
v -0.108401 0.123232 0.211482
v -0.106996 0.120926 0.210754
v -0.112335 0.119336 0.183932
v -0.110456 0.124652 0.178831
v -0.101768 0.125852 0.188482
v -0.100149 0.127782 0.181769
v -0.035943 0.121808 0.233075
v -0.039458 0.118553 0.243773
v -0.037668 0.115888 0.248207
v -0.054454 0.122656 0.236441
v -0.054325 0.128343 0.240303
v -0.050618 0.122770 0.237708
v -0.041174 0.124126 0.245999
v -0.051246 0.123777 0.231740
v -0.090741 0.124203 0.209977
v -0.044970 0.128787 0.214064
v -0.047919 0.126195 0.224395
v -0.045888 0.127504 0.225389
v -0.060302 0.132405 0.212073
v -0.062834 0.135128 0.212797
v -0.067263 0.133623 0.203219
v -0.067809 0.137765 0.206661
v -0.043313 0.129965 0.207085
v -0.089785 0.126424 0.202866
v -0.076429 0.136437 0.205162
v -0.078401 0.131312 0.203849
v -0.086784 0.132071 0.186270
v -0.086674 0.133937 0.183383
v -0.089210 0.134873 0.184635
v -0.088724 0.128799 0.194766
v -0.091428 0.131898 0.193790
v -0.069155 0.136110 0.211396
v -0.069620 0.131887 0.214298
v -0.088420 0.141558 0.178486
v -0.063381 0.149765 0.182178
v -0.063965 0.148489 0.188814
v -0.058366 0.148588 0.188390
v -0.090246 0.139289 0.183672
v -0.076708 0.146900 0.178540
v -0.040182 0.131665 0.208824
v -0.041944 0.130300 0.206624
v -0.040257 0.140143 0.209837
v -0.042507 0.113377 0.255895
v -0.058760 0.115586 0.248694
v -0.063834 0.106178 0.273303
v -0.038975 0.111968 0.254566
v -0.032099 0.104928 0.271372
v -0.042749 0.120449 0.253252
v -0.043100 0.185640 0.122647
v -0.044493 0.182364 0.125857
v -0.072857 0.186076 0.097231
v -0.074388 0.188954 0.099636
v -0.075463 0.186881 0.103319
v -0.047864 0.194030 0.112337
v -0.047415 0.200532 0.112814
v -0.015202 0.186563 0.124743
v -0.040643 0.191093 0.114178
v -0.022044 0.183752 0.120911
v -0.041990 0.184138 0.120485
v -0.038218 0.202432 0.113223
v -0.044879 0.205074 0.109442
v -0.054355 0.203146 0.107816
v -0.060247 0.173347 0.053597
v -0.061576 0.186095 0.037204
v -0.002200 0.171002 0.124795
v -0.000679 0.175914 0.127936
v -0.004896 0.180729 0.127719
v -0.017234 0.167966 0.144710
v -0.010429 0.166167 0.143742
v -0.019734 0.170742 0.137212
v -0.043562 0.180432 0.125224
v -0.016727 0.180649 0.123565
v -0.017724 0.179108 0.122075
v -0.021160 0.168956 0.132021
v -0.042487 0.182597 0.122118
v -0.019376 0.169317 0.134130
v -0.026775 0.155453 0.159564
v -0.027383 0.151624 0.159203
v -0.020308 0.159352 0.155005
v -0.026164 0.157395 0.155085
v -0.026198 0.155332 0.153543
v -0.020194 0.155753 0.158546
v -0.014220 0.156914 0.156137
v -0.013680 0.152099 0.155427
v -0.021331 0.150878 0.157535
v -0.034183 0.144259 0.185608
v -0.033141 0.141375 0.185752
v -0.034760 0.138594 0.191373
v -0.035479 0.141440 0.191871
v -0.025156 0.145306 0.185269
v -0.028025 0.136993 0.191365
v -0.026901 0.141032 0.192002
v -0.020310 0.141995 0.189036
v -0.069234 0.099499 0.292193
v -0.088140 0.102300 0.280836
v -0.094439 0.096813 0.300234
v -0.074890 0.094460 0.312207
v -0.099503 0.095575 0.317498
v -0.082757 0.094712 0.327227
v -0.114242 0.098491 0.292571
v -0.117101 0.096091 0.310894
v -0.109297 0.103770 0.272351
v -0.102963 0.096087 0.330938
v -0.089566 0.095650 0.338380
v -0.013896 0.067997 0.319799
v -0.008830 0.071969 0.296521
v -0.017524 0.091826 0.283649
v -0.023239 0.085605 0.305933
v -0.168918 0.066270 0.270228
v -0.169096 0.065687 0.293819
v -0.155304 0.084587 0.290359
v -0.154312 0.085710 0.269883
v -0.166029 0.067840 0.320374
v -0.151889 0.086292 0.314501
v -0.043534 0.062055 0.373057
v -0.029733 0.062735 0.357482
v -0.041152 0.079062 0.344069
v -0.052946 0.078240 0.358145
v -0.019093 0.064729 0.340435
v -0.031598 0.081443 0.326536
v -0.051567 0.180828 -0.052560
v -0.062268 0.171277 -0.034849
v -0.055166 0.196959 -0.032540
v -0.047899 0.210132 -0.048454
v 0.071233 0.156274 0.028469
v 0.075875 0.167215 0.003832
v 0.072004 0.193851 0.002520
v 0.072034 0.179069 0.029884
v -0.013905 0.211810 -0.092634
v -0.029925 0.203141 -0.085363
v -0.033093 0.238712 -0.075300
v -0.020260 0.248482 -0.080341
v -0.042197 0.191396 -0.070682
v -0.042523 0.222481 -0.064354
v -0.068676 0.162636 -0.014593
v -0.061949 0.187309 -0.015693
v 0.063230 0.151436 0.049900
v 0.066302 0.174431 0.051309
v 0.026346 0.169680 0.100302
v 0.043461 0.157859 0.083405
v 0.046709 0.182915 0.069924
v 0.027258 0.197614 0.085176
v 0.054050 0.152628 0.067120
v 0.056069 0.178822 0.062178
v -0.136953 0.095983 0.287536
v -0.134583 0.099293 0.268460
v -0.134663 0.093809 0.309838
v -0.056180 0.090735 0.327467
v -0.066169 0.091072 0.341003
v -0.047702 0.093483 0.310213
v -0.002602 0.077754 0.268600
v -0.011355 0.099303 0.259457
v 0.003129 0.078631 0.243602
v -0.005714 0.101880 0.236505
v -0.006317 0.050294 0.297779
v 0.001492 0.051093 0.271398
v 0.008151 0.050828 0.246808
v -0.043603 0.050796 0.371251
v -0.027427 0.047998 0.360142
v -0.011733 0.048132 0.346926
v -0.010155 0.048365 0.323343
v -0.166648 0.073480 0.234503
v -0.157987 0.077496 0.209580
v -0.164824 0.054874 0.207191
v -0.171110 0.054837 0.237528
v -0.146099 0.080316 0.188275
v -0.158160 0.055420 0.185832
v -0.167640 0.052286 0.289479
v -0.164458 0.053995 0.317851
v -0.168783 0.051786 0.265579
v -0.167274 0.068864 0.253785
v -0.169721 0.052550 0.253323
v 0.061868 0.223545 -0.015106
v 0.053134 0.245092 -0.031646
v 0.044352 0.247475 -0.027897
v 0.053101 0.226782 -0.013174
v 0.037590 0.259320 -0.041276
v 0.044859 0.257992 -0.046302
v 0.032615 0.262804 -0.064588
v 0.014531 0.257188 -0.075543
v 0.011709 0.259356 -0.067320
v 0.027714 0.262379 -0.057035
v -0.036011 0.247605 -0.070335
v -0.045679 0.233418 -0.059012
v -0.041158 0.234848 -0.051288
v -0.033267 0.249111 -0.061485
v -0.023142 0.257671 -0.077302
v -0.021572 0.259123 -0.067825
v -0.047492 0.223660 -0.038809
v -0.052052 0.222176 -0.044873
v -0.059547 0.209749 -0.031012
v -0.054250 0.211428 -0.026718
v -0.065919 0.200499 -0.014864
v -0.060605 0.203127 -0.012110
v 0.062566 0.195797 0.027659
v 0.071661 0.190886 0.030106
v 0.070268 0.205030 0.004578
v 0.061028 0.209476 0.004402
v 0.056197 0.232793 -0.036700
v 0.047911 0.245388 -0.051042
v 0.063952 0.212018 -0.018093
v 0.034355 0.249894 -0.066339
v 0.016484 0.246562 -0.077781
v 0.056276 0.191376 0.059306
v 0.064840 0.186685 0.051830
v 0.029958 0.247614 -0.038902
v 0.035465 0.235654 -0.027648
v 0.007989 0.248724 -0.059336
v 0.021632 0.251037 -0.050765
v -0.033542 0.224465 -0.046477
v -0.026521 0.239154 -0.054025
v -0.017096 0.248276 -0.058444
v -0.047056 0.201277 -0.024002
v -0.040240 0.212990 -0.035172
v -0.052824 0.192936 -0.009727
v -0.005471 0.248851 -0.060680
v -0.006975 0.259542 -0.071701
v 0.007989 0.248724 -0.059336
v 0.011709 0.259356 -0.067320
v -0.005478 0.258409 -0.080117
v 0.014531 0.257188 -0.075543
v -0.003561 0.246989 -0.079752
v 0.016484 0.246562 -0.077781
v 0.024233 0.217710 -0.084534
v 0.005283 0.217302 -0.091241
v -0.075185 0.157022 0.005275
v -0.079052 0.156648 0.024773
v -0.073891 0.180774 0.019498
v -0.069760 0.177890 0.002402
v -0.072622 0.190603 0.000985
v -0.075664 0.193183 0.017362
v -0.010933 0.224171 0.076061
v -0.022800 0.238583 0.076358
v -0.021864 0.245907 0.081510
v -0.040529 0.242633 0.073784
v -0.042375 0.249552 0.079152
v -0.018588 0.243827 0.090351
v -0.043810 0.251952 0.086491
v -0.005172 0.214328 0.073041
v 0.056928 0.191395 0.046802
v 0.050083 0.193242 0.055351
v -0.054832 0.236721 0.067162
v -0.059084 0.240892 0.071336
v -0.061878 0.241819 0.076968
v -0.066587 0.194337 0.002479
v -0.068288 0.196885 0.017829
v -0.054217 0.149483 -0.053322
v -0.063547 0.143977 -0.033427
v 0.073885 0.140015 0.005241
v 0.068751 0.130845 0.029283
v -0.027864 0.164846 -0.090534
v -0.042844 0.156819 -0.072807
v -0.008402 0.171353 -0.099926
v -0.081043 0.131306 0.029996
v -0.076539 0.132488 0.008430
v -0.070949 0.136153 -0.012403
v 0.062603 0.125900 0.051907
v 0.054940 0.125177 0.072450
v 0.011906 0.175531 -0.099326
v 0.031301 0.176245 -0.090303
v 0.029965 0.133188 0.120799
v 0.044284 0.127687 0.094393
v -0.054398 0.117173 -0.053386
v -0.064064 0.112490 -0.030752
v -0.025163 0.126651 -0.095076
v -0.042691 0.122265 -0.076022
v -0.002047 0.134399 -0.104645
v 0.034592 0.141271 -0.093354
v 0.016826 0.138852 -0.102454
v 0.065153 0.104537 0.031331
v 0.067394 0.112015 0.005894
v -0.025160 0.099721 -0.094462
v -0.043469 0.093897 -0.075962
v -0.001146 0.104876 -0.103264
v 0.034794 0.109863 -0.091023
v 0.019479 0.108269 -0.101442
v 0.060651 0.081679 0.030575
v 0.062529 0.086952 0.007542
v -0.070294 0.109531 -0.010369
v -0.063507 0.087925 -0.028177
v -0.070652 0.084370 -0.009131
v -0.053612 0.090525 -0.051905
v 0.063125 0.099849 0.054878
v 0.058061 0.097319 0.075805
v 0.053571 0.071774 0.074362
v 0.057521 0.075083 0.056486
v 0.035837 0.094723 0.120151
v 0.047057 0.095809 0.098328
v 0.033258 0.061574 0.119131
v 0.042894 0.066471 0.101324
v -0.078996 0.081208 0.010053
v -0.085092 0.080024 0.033664
v -0.082675 0.105275 0.032910
v -0.076794 0.106719 0.009942
v -0.167953 0.052437 0.208659
v -0.174274 0.052812 0.239578
v -0.172840 0.051172 0.254575
v -0.170369 0.051524 0.291885
v -0.043004 0.048470 0.375628
v -0.025384 0.045346 0.364918
v 0.004853 0.046533 0.275031
v 0.011924 0.046385 0.250118
v -0.055166 0.089060 -0.055017
v -0.065157 0.085787 -0.030905
v -0.024447 0.097362 -0.098205
v 0.000668 0.102821 -0.107313
v 0.021325 0.106152 -0.104624
v 0.036397 0.108129 -0.094491
v 0.066427 0.085482 0.007727
v 0.064035 0.079837 0.030756
v 0.060525 0.072767 0.056532
v -0.072808 0.082291 -0.011209
v 0.035031 0.058002 0.117832
v 0.043546 0.063278 0.100856
v 0.056433 0.069705 0.074193
v -0.095806 0.096567 0.344604
v -0.105326 0.097549 0.340378
v -0.116550 0.096449 0.326945
v -0.114479 0.096985 0.336589
v -0.153678 0.068675 0.343886
v -0.142754 0.087965 0.336426
v -0.130059 0.094172 0.328637
v -0.154065 0.054033 0.343194
v -0.121401 0.095440 0.341920
v -0.172061 0.018409 0.220874
v -0.176077 0.019451 0.245351
v -0.177124 0.025208 0.260105
v -0.117878 0.031235 0.096499
v -0.107563 0.035547 0.075162
v -0.091177 0.030990 0.078488
v -0.100939 0.027820 0.097515
v 0.066191 0.055698 0.007589
v 0.062641 0.052476 0.031592
v 0.069740 0.027281 0.008726
v 0.065486 0.025236 0.027129
v 0.067163 0.092700 -0.018984
v 0.012286 0.016744 0.260392
v 0.009356 0.017226 0.281961
v 0.024897 0.072880 -0.109629
v 0.039671 0.074393 -0.097867
v 0.005185 0.069361 -0.112692
v 0.005726 0.033901 -0.112410
v -0.075773 0.044519 -0.017201
v -0.072729 0.019264 -0.020049
v -0.117671 0.022486 0.117444
v -0.154800 0.054345 0.170123
v -0.172994 0.031997 0.298655
v 0.028139 0.039303 0.118136
v 0.010490 0.022218 0.116871
v 0.022902 0.033102 0.139903
v 0.005120 0.023001 0.134761
v 0.008691 0.018859 0.154987
v 0.021658 0.025046 0.165179
v -0.172519 0.015280 0.271626
v -0.171678 0.017966 0.276139
v -0.171907 0.020682 0.279326
v -0.171754 0.022799 0.285664
v -0.168349 0.027518 0.306426
v -0.168238 0.032456 0.316312
v 0.006462 0.006379 0.174593
v 0.002825 0.008630 0.161264
v 0.006090 0.016527 0.111533
v 0.010947 0.015964 0.105092
v 0.015716 0.014465 0.099628
v 0.022881 0.012650 0.093206
v 0.065015 0.013796 0.018860
v 0.067708 0.015117 0.009465
v 0.070597 0.016458 0.000669
v 0.073470 0.018392 -0.014418
v 0.069647 0.019417 -0.029355
v -0.013029 0.021205 -0.105768
v -0.019918 0.019101 -0.101529
v 0.002665 0.025375 -0.111961
v -0.004966 0.022895 -0.108415
v 0.000035 0.015588 0.127120
v 0.002845 0.016422 0.117936
v -0.162152 0.005772 0.211288
v -0.166103 0.005640 0.225918
v -0.141974 0.007565 0.169115
v -0.148431 0.006885 0.181335
v -0.153838 0.006183 0.190143
v -0.158011 0.005843 0.200347
v -0.115817 0.012587 0.122117
v -0.120310 0.011352 0.127488
v -0.126112 0.020951 0.126993
v -0.064295 0.009955 -0.037479
v -0.061937 0.010260 -0.042438
v 0.001125 0.011328 0.147772
v 0.000019 0.013683 0.137266
v -0.001899 0.006719 0.283923
v 0.002018 0.020707 0.302675
v -0.004966 0.008976 0.298733
v -0.059592 0.010690 -0.047477
v -0.057752 0.011173 -0.052925
v -0.053435 0.011941 -0.062649
v -0.069853 0.008089 -0.006395
v -0.078216 0.016567 -0.000840
v -0.067277 0.008619 -0.015928
v -0.109971 0.014677 0.114152
v -0.094355 0.019216 0.101036
v -0.170110 0.009491 0.258527
v -0.171262 0.012499 0.266799
v -0.123099 0.078752 0.366117
v -0.149714 0.049606 0.364127
v -0.147781 0.052752 0.367725
v -0.139789 0.059014 0.372468
v -0.137694 0.062498 0.373109
v -0.139418 0.081929 0.166588
v -0.129591 0.086393 0.143976
v -0.143129 0.059940 0.155370
v -0.152035 0.056070 0.173083
v 0.010289 0.080317 0.220083
v 0.014026 0.050994 0.223162
v 0.018747 0.053077 0.195904
v 0.016319 0.082982 0.195933
v -0.131109 0.101440 0.181528
v -0.123688 0.104313 0.160401
v -0.151570 0.090272 0.250594
v -0.009458 0.045046 0.351412
v -0.007062 0.045800 0.326833
v -0.004000 0.046964 0.302244
v -0.020855 0.027275 0.370565
v -0.010411 0.023322 0.354361
v -0.004361 0.021888 0.327132
v -0.007505 0.011350 0.311771
v -0.009872 0.014178 0.325898
v -0.022692 0.016058 0.359328
v -0.028055 0.018917 0.365781
v 0.063145 0.094116 -0.018527
v 0.069909 0.122032 -0.018398
v 0.076106 0.152328 -0.017927
v 0.075035 0.182613 -0.017468
v -0.058036 0.184426 0.004276
v 0.021420 0.085692 0.170939
v 0.022043 0.055529 0.170598
v 0.014011 0.117276 0.169961
v 0.028140 0.090964 0.145277
v 0.020824 0.124528 0.146887
v 0.028289 0.060051 0.141949
v 0.029743 0.055696 0.142818
v -0.119384 0.091895 0.121479
v -0.131314 0.064273 0.129116
v -0.090293 0.104693 0.055994
v -0.095118 0.076407 0.056887
v -0.107846 0.071681 0.084223
v -0.098958 0.103694 0.080278
v -0.108509 0.098410 0.100548
v -0.117737 0.069032 0.103818
v -0.120682 0.067877 0.103024
v -0.108566 0.070794 0.082855
v -0.086355 0.132800 0.052165
v -0.082754 0.158877 0.044418
v -0.079155 0.186132 0.037929
v -0.078324 0.198841 0.034572
v -0.084373 0.041977 0.001686
v -0.081098 0.078979 0.008057
v 0.047511 0.195882 0.066495
v 0.041946 0.197515 0.062178
v 0.067638 0.197710 -0.038831
v 0.057155 0.209360 -0.057198
v 0.043376 0.217453 -0.071451
v 0.024233 0.217710 -0.084534
v 0.062528 0.170463 -0.056976
v 0.049638 0.174581 -0.074917
v 0.071095 0.162502 -0.038273
v 0.031301 0.176245 -0.090303
v 0.052126 0.140262 -0.076040
v 0.034592 0.141271 -0.093354
v 0.062509 0.137200 -0.057762
v 0.068599 0.131386 -0.039937
v 0.050823 0.109377 -0.073558
v 0.034794 0.109863 -0.091023
v 0.057254 0.106103 -0.057340
v 0.061439 0.101674 -0.039898
v 0.052588 0.108352 -0.077156
v 0.036397 0.108129 -0.094491
v 0.060303 0.105064 -0.059014
v 0.065328 0.100749 -0.041138
v 0.063857 0.072456 -0.061117
v 0.054058 0.074137 -0.081162
v 0.069398 0.040076 -0.066018
v 0.068835 0.067215 -0.040523
v 0.075186 0.035941 -0.040207
v 0.039671 0.074393 -0.097867
v 0.070262 0.022406 -0.044498
v 0.066275 0.025910 -0.063124
v -0.146328 0.058437 0.153538
v -0.125212 0.010552 0.133353
v -0.131118 0.009114 0.145601
v -0.045152 0.092793 -0.079562
v 0.013628 0.026538 -0.111774
v -0.038813 0.228414 0.073593
v -0.048638 0.225098 0.064655
v -0.026488 0.225368 0.075421
v -0.015862 0.210806 0.074790
v -0.008973 0.201604 0.072640
v -0.057233 0.226781 0.060272
v -0.050469 0.215008 0.058871
v -0.057601 0.209484 0.055071
v -0.049664 0.205520 0.053082
v -0.056814 0.198306 0.048792
v -0.048337 0.190189 0.049613
v -0.043567 0.034546 0.382936
v -0.053049 0.032409 0.386042
v -0.064056 0.042147 0.387935
v -0.062269 0.036768 0.387960
v -0.033784 0.023162 0.370647
v -0.044980 0.027810 0.378781
v -0.078863 0.091745 0.350743
v -0.070338 0.080778 0.366301
v -0.061958 0.062120 0.381350
v -0.063437 0.052835 0.381009
v -0.079269 0.054932 0.383476
v -0.063242 0.050271 0.385275
v -0.092554 0.094657 0.354611
v -0.107213 0.095262 0.351321
v -0.089502 0.049172 0.391482
v -0.082636 0.045622 0.391876
v -0.071186 0.202417 0.034234
v 0.051546 0.187026 0.023696
v 0.044651 0.182644 0.041825
v 0.036415 0.186506 0.049307
v 0.043514 0.217085 -0.014053
v 0.051532 0.201029 0.001613
v 0.057833 0.047621 0.055010
v 0.058149 0.021571 0.050784
v 0.028155 0.010597 0.086643
v 0.034129 0.008317 0.082056
v 0.038680 0.007471 0.074906
v 0.044787 0.006897 0.068574
v 0.049646 0.007945 0.060383
v 0.054160 0.009320 0.050106
v 0.057945 0.010507 0.040946
v 0.062463 0.012304 0.028537
v 0.020889 0.048830 0.196827
v 0.022948 0.051504 0.170232
v 0.010857 0.003226 0.237851
v 0.011809 0.003265 0.217919
v 0.008592 0.004980 0.188037
v 0.011572 0.003755 0.203906
v -0.092069 0.060728 0.385644
v -0.166015 0.035512 0.324663
v -0.162823 0.038237 0.334378
v -0.160610 0.039947 0.340380
v -0.158929 0.041549 0.346534
v -0.155763 0.046092 0.356186
v -0.152602 0.048351 0.360410
v -0.158011 0.043608 0.351527
v -0.049539 0.012242 -0.067219
v -0.045346 0.013044 -0.076097
v -0.095943 0.074873 0.055459
v -0.086810 0.077626 0.031974
v -0.070627 0.007014 0.022008
v -0.066138 0.006891 0.030333
v -0.071421 0.007589 0.002138
v -0.069852 0.007077 0.013436
v -0.067859 0.226421 0.068628
v 0.027100 0.211429 0.079444
v 0.021568 0.214353 0.074288
v -0.001848 0.225429 0.085825
v -0.044266 0.249363 0.091160
v -0.067453 0.204435 0.094983
v -0.066467 0.208117 0.093221
v -0.091972 0.137340 0.154243
v -0.082190 0.149764 0.148169
v -0.090241 0.142204 0.147039
v -0.090890 0.138038 0.077133
v -0.100550 0.125472 0.102323
v -0.090452 0.150909 0.109598
v -0.025727 0.142730 0.178223
v -0.027261 0.140108 0.184252
v -0.011346 0.202212 0.105016
v -0.008940 0.206637 0.109535
v 0.000948 0.203628 0.108515
v 0.000577 0.199885 0.111817
v 0.005715 0.200390 0.106169
v 0.005299 0.195567 0.109374
v 0.001697 0.152571 0.140660
v -0.101034 0.139322 0.153153
v -0.096279 0.142372 0.156860
v -0.094590 0.135096 0.159465
v -0.099957 0.130997 0.151105
v -0.097749 0.135340 0.146463
v -0.089233 0.143576 0.141214
v -0.080449 0.158942 0.136826
v -0.078597 0.157331 0.134719
v -0.084182 0.152971 0.128355
v -0.092713 0.147151 0.142412
v -0.082607 0.151751 0.148927
v -0.073537 0.161431 0.146175
v -0.116289 0.109701 0.141017
v -0.108774 0.116503 0.122461
v -0.101589 0.131077 0.145460
v -0.094622 0.138911 0.140877
v -0.096871 0.145863 0.142584
v -0.084277 0.160701 0.120624
v -0.086869 0.156654 0.115208
v -0.022432 0.155274 0.153247
v -0.019188 0.162937 0.141935
v -0.003969 0.142559 0.161853
v -0.017407 0.148636 0.175154
v 0.007268 0.111387 0.192844
v 0.000513 0.106008 0.214500
v -0.107553 0.130865 0.174311
v -0.101323 0.135278 0.176653
v -0.108438 0.130415 0.180089
v -0.102940 0.133707 0.182327
v -0.035829 0.136714 0.195030
v -0.015984 0.125885 0.204693
v -0.050764 0.174018 0.127787
v -0.051027 0.179394 0.127275
v -0.056005 0.178285 0.125205
v -0.083882 0.159318 0.115314
v -0.055415 0.160995 0.149153
v -0.072308 0.164011 0.142809
v -0.075669 0.129047 0.234675
v -0.073458 0.132277 0.229760
v -0.095841 0.128046 0.224072
v -0.072898 0.127649 0.226047
v -0.077501 0.120199 0.237297
v -0.082430 0.109873 0.261467
v -0.056626 0.125233 0.245218
v -0.063771 0.142505 0.190269
v -0.023059 0.149086 0.179213
v -0.039056 0.098215 0.291463
v -0.060403 0.185663 0.020093
v -0.009153 0.160699 0.141638
v -0.046602 0.882171 0.012367
v -0.019040 0.915384 0.048435
v -0.048912 0.919681 0.025135
v -0.015729 0.872202 0.036291
v -0.042325 0.833339 -0.009598
v -0.090400 0.830638 -0.009819
v -0.089114 0.880375 0.011353
v -0.127763 0.871537 0.028291
v -0.124287 0.909487 0.036611
v -0.088977 0.916835 0.021095
v -0.133838 0.824184 0.011165
v -0.139195 0.776149 -0.009248
v -0.157063 0.809497 0.048664
v -0.152951 0.860753 0.060308
v -0.156727 0.848487 0.103304
v -0.152004 0.898781 0.063517
v -0.159400 0.887893 0.105283
v -0.144263 0.832672 0.147377
v -0.148910 0.873445 0.154479
v -0.114353 0.857983 0.202793
v -0.067608 0.823388 0.171604
v -0.060493 0.863269 0.198185
v -0.110936 0.819825 0.186022
v -0.144193 0.778405 0.135856
v -0.107817 0.769758 0.165213
v -0.103301 0.721029 0.145508
v -0.060588 0.721544 0.138796
v -0.063224 0.773328 0.155905
v -0.027859 0.783574 0.126203
v -0.025720 0.831438 0.147419
v -0.022154 0.877435 0.165072
v -0.022380 0.732875 0.112625
v -0.053506 0.671798 0.126221
v -0.012568 0.679445 0.100915
v -0.002624 0.622064 0.089963
v -0.044326 0.615250 0.113862
v -0.089296 0.609078 0.125222
v -0.098390 0.667449 0.135232
v -0.033048 0.555187 0.099378
v -0.077313 0.546686 0.112727
v -0.022320 0.486820 0.084246
v 0.003435 0.560222 0.073758
v -0.061639 0.478470 0.098199
v -0.119923 0.546855 0.097050
v -0.013414 0.419730 0.070579
v -0.047325 0.410798 0.083360
v -0.102358 0.475115 0.084831
v -0.083357 0.405813 0.073872
v -0.034645 0.347420 0.073991
v -0.126980 0.479636 0.048304
v -0.066514 0.340142 0.067094
v -0.108829 0.406599 0.042272
v -0.089627 0.337757 0.038109
v -0.109919 0.411779 0.001796
v -0.128112 0.488272 0.003434
v -0.109129 0.495871 -0.037566
v -0.122478 0.566789 -0.037583
v -0.143806 0.558746 0.006167
v -0.092981 0.419075 -0.034520
v -0.070901 0.501613 -0.057669
v -0.061509 0.427205 -0.058109
v -0.076382 0.345274 -0.032390
v -0.090645 0.340093 0.000477
v -0.072271 0.283339 -0.000910
v -0.072551 0.284410 0.033822
v -0.052652 0.286328 0.064365
v -0.060293 0.238135 0.035168
v -0.063437 0.233303 -0.000123
v -0.051503 0.232542 -0.032191
v -0.061411 0.284170 -0.031259
v -0.038535 0.290535 -0.055969
v -0.029358 0.236581 -0.055478
v -0.009710 0.295613 -0.066609
v -0.004469 0.243847 -0.071408
v 0.021450 0.250070 -0.061255
v 0.031191 0.252882 -0.032360
v 0.012624 0.299798 -0.056525
v 0.005387 0.366246 -0.050101
v 0.024352 0.304859 -0.030346
v 0.020692 0.368849 -0.024207
v 0.024186 0.306938 0.001007
v 0.013119 0.365030 0.035120
v 0.020223 0.307366 0.031159
v 0.021987 0.367735 0.005589
v 0.033828 0.256247 -0.000858
v 0.032205 0.258503 0.031584
v 0.018980 0.436053 -0.017285
v 0.009632 0.428476 0.043915
v 0.022950 0.433357 0.013877
v 0.007950 0.494729 0.057764
v 0.026012 0.502654 0.024515
v 0.003435 0.560222 0.073758
v 0.029018 0.573754 0.040707
v 0.022394 0.507561 -0.010132
v 0.002476 0.435994 -0.043446
v 0.002941 0.508156 -0.039573
v 0.033052 0.579478 -0.001840
v 0.038228 0.643219 0.011033
v 0.010747 0.583358 -0.038781
v -0.029918 0.505260 -0.057343
v -0.030611 0.584672 -0.061119
v 0.015539 0.651230 -0.034512
v -0.031969 0.650583 -0.059762
v -0.035094 0.720829 -0.048176
v 0.009483 0.720246 -0.019777
v 0.030938 0.704710 0.024029
v 0.030408 0.632159 0.056757
v 0.020709 0.757392 0.039426
v 0.000675 0.774109 -0.002773
v 0.023936 0.690353 0.071856
v -0.002624 0.622064 0.089963
v 0.012901 0.745756 0.083703
v -0.012568 0.679445 0.100915
v -0.022380 0.732875 0.112625
v 0.002573 0.797266 0.096186
v -0.027859 0.783574 0.126203
v 0.002280 0.845059 0.110309
v -0.025720 0.831438 0.147419
v 0.008921 0.891230 0.125692
v -0.022154 0.877435 0.165072
v 0.009567 0.905806 0.080182
v 0.005370 0.860352 0.069988
v -0.008384 0.825019 0.019512
v 0.009454 0.812516 0.055409
v -0.039341 0.784411 -0.030449
v -0.091730 0.784421 -0.031511
v -0.090154 0.718327 -0.047919
v -0.086204 0.646806 -0.057093
v -0.139703 0.712093 -0.025421
v -0.134037 0.638361 -0.033858
v -0.156144 0.629573 0.012723
v -0.164635 0.700567 0.021663
v -0.164078 0.683060 0.070652
v -0.165722 0.743503 0.083406
v -0.163543 0.761721 0.035620
v -0.161285 0.789585 0.092272
v -0.144517 0.728245 0.125301
v -0.141564 0.670252 0.115812
v -0.131791 0.608308 0.106456
v -0.154103 0.617819 0.062662
v -0.142111 0.553212 0.055046
v -0.080695 0.577038 -0.059390
v -0.026008 0.433472 -0.059844
v -0.018894 0.360821 -0.063779
v -0.050951 0.352669 -0.057798
v -0.043429 0.244753 0.065033
v -0.012687 0.251685 0.073903
v -0.022217 0.292568 0.071236
v 0.016940 0.257067 0.061153
v 0.006098 0.302016 0.058233
v 0.032205 0.258503 0.031584
v 0.020223 0.307366 0.031159
v -0.004686 0.357125 0.062632
v 0.013119 0.365030 0.035120
v 0.009632 0.428476 0.043915
v 0.007950 0.494729 0.057764
vn -0.2205 -0.0984 -0.9704
vn -0.0648 0.4289 -0.9010
vn -0.6900 0.1741 -0.7026
vn -0.6202 -0.3357 -0.7090
vn -0.9496 0.3078 0.0600
vn -0.9793 0.0632 0.1925
vn -0.9927 0.0587 0.1053
vn 0.9823 -0.0106 -0.1868
vn 0.9919 0.1033 0.0736
vn 0.9924 0.0712 0.1008
vn -0.5313 -0.0688 -0.8444
vn -0.4949 0.0630 -0.8667
vn -0.3187 -0.0623 -0.9458
vn -0.9271 -0.3030 -0.2208
vn -0.9201 0.0820 -0.3830
vn -0.9114 -0.0155 -0.4113
vn -0.8920 -0.0549 -0.4488
vn -0.8860 -0.0534 -0.4607
vn -0.9083 0.0710 -0.4123
vn -0.9350 0.0494 -0.3512
vn -0.8582 -0.3149 -0.4055
vn -0.9376 -0.1874 -0.2929
vn 0.8171 -0.3656 0.4458
vn 0.6373 -0.6605 0.3970
vn 0.6576 -0.4742 0.5854
vn -0.4511 0.7482 0.4866
vn -0.6725 0.5076 0.5385
vn -0.5032 0.6340 0.5872
vn -0.5200 0.5496 0.6539
vn -0.4101 0.7002 0.5844
vn -0.6716 0.4829 0.5619
vn -0.5971 0.7797 0.1885
vn -0.8363 0.2691 0.4776
vn -0.7112 0.3322 0.6196
vn -0.7971 0.3323 0.5042
vn -0.6624 -0.2441 0.7083
vn -0.6366 0.5134 0.5755
vn -0.6366 0.5133 0.5755
vn -0.5271 0.2820 0.8017
vn 0.0558 0.6335 -0.7717
vn -0.9541 0.1255 -0.2718
vn 0.2471 -0.9480 0.2006
vn 0.6759 -0.3061 -0.6704
vn 0.9106 0.0140 -0.4130
vn -0.9069 0.1057 -0.4078
vn -0.8119 -0.2313 -0.5361
vn -0.8813 -0.1588 -0.4451
vn -0.9063 -0.1386 -0.3992
vn -0.3583 -0.9336 -0.0015
vn -0.7497 -0.4452 -0.4897
vn 0.6887 -0.7067 -0.1622
vn 0.3328 -0.4586 -0.8240
vn 0.6458 0.0685 -0.7604
vn 0.3421 0.0211 -0.9394
vn 0.6933 -0.7029 -0.1591
vn 0.6530 0.0707 -0.7541
vn 0.7742 0.1239 -0.6207
vn -0.6815 -0.2110 -0.7007
vn 0.0191 0.2402 -0.9705
vn 0.3377 0.0759 -0.9382
vn 0.1716 -0.4528 -0.8750
vn -0.2027 -0.3742 -0.9049
vn -0.1189 -0.0433 -0.9920
vn 0.9115 -0.1787 -0.3704
vn -0.2015 0.7718 0.6030
vn -0.2300 0.8451 0.4826
vn -0.0997 0.7763 0.6224
vn 0.2380 0.6338 0.7360
vn 0.3280 0.5387 0.7760
vn 0.2234 -0.0380 0.9740
vn 0.7452 0.3071 -0.5919
vn 0.5203 0.7144 -0.4679
vn 0.2311 0.3587 -0.9044
vn 0.8806 -0.2540 0.4001
vn 0.8802 -0.2111 0.4250
vn 0.6884 -0.4031 0.6031
vn 0.8611 -0.3940 0.3213
vn 0.9872 -0.1271 0.0966
vn 0.9725 0.1646 0.1647
vn 0.5985 -0.7968 -0.0832
vn 0.5614 -0.8197 -0.1137
vn 0.9789 -0.2030 0.0242
vn 0.0894 0.7467 0.6591
vn -0.0685 0.7451 0.6634
vn 0.1896 0.6430 0.7421
vn 0.1297 0.5269 0.8400
vn -0.9234 0.0845 0.3744
vn -0.9024 0.3985 0.1638
vn -0.9747 0.0208 0.2225
vn -0.8953 0.1666 0.4132
vn -0.8555 0.3579 0.3742
vn -0.7743 0.5781 0.2576
vn 0.1876 -0.5302 -0.8268
vn -0.6885 -0.1658 -0.7061
vn -0.5937 -0.6766 0.4356
vn -0.8376 -0.1113 -0.5348
vn -0.7831 0.0609 -0.6189
vn -0.7946 -0.6072 0.0043
vn -0.5799 -0.7374 0.3463
vn -0.3301 -0.9396 0.0899
vn -0.9194 -0.2700 -0.2862
vn -0.9654 -0.0348 -0.2583
vn -0.5628 0.5027 -0.6562
vn 0.1014 0.4804 -0.8712
vn 0.1162 0.7359 -0.6670
vn -0.9615 0.2745 0.0121
vn -0.6090 0.7916 -0.0498
vn -0.9026 0.3529 -0.2465
vn -0.8464 0.3680 0.3849
vn -0.6503 0.5385 0.5358
vn -0.3713 0.8043 0.4639
vn -0.1314 0.9210 0.3667
vn -0.1867 0.6820 0.7071
vn 0.1194 0.4515 -0.8842
vn 0.6240 0.6312 -0.4606
vn 0.1601 0.7465 -0.6458
vn -0.6986 0.0136 0.7154
vn -0.5741 0.1853 0.7975
vn -0.0594 0.9979 0.0240
vn -0.9313 0.3600 0.0562
vn -0.9271 0.2362 0.2912
vn -0.5967 0.5924 0.5413
vn -0.7300 0.3042 0.6120
vn -0.1694 0.6394 0.7500
vn -0.1920 0.3155 0.9293
vn 0.2838 0.9476 -0.1466
vn -0.1583 0.0961 0.9827
vn 0.7700 0.3918 0.5036
vn -0.8648 0.1937 0.4632
vn -0.7906 0.0477 0.6105
vn -0.9957 0.0692 -0.0620
vn -0.9850 0.1533 -0.0792
vn -0.9931 0.0666 0.0962
vn -0.9734 0.2213 0.0596
vn -0.8991 0.0786 0.4307
vn -0.9009 -0.0220 0.4334
vn -0.9437 -0.3304 0.0183
vn -0.8573 0.0912 -0.5067
vn -0.6662 0.6771 -0.3126
vn -0.8720 0.4683 0.1427
vn -0.9697 0.2444 0.0008
vn -0.9818 0.1525 0.1128
vn -0.3822 0.8934 0.2362
vn -0.7213 0.6319 0.2835
vn -0.4993 0.7645 0.4078
vn -0.9732 0.2301 0.0030
vn -0.9839 0.1646 0.0700
vn -0.9096 0.4146 -0.0273
vn -0.9558 0.2867 -0.0655
vn -0.8206 0.1227 -0.5581
vn -0.8494 0.5276 -0.0124
vn 0.2431 0.5875 0.7719
vn 0.5839 0.3547 0.7302
vn 0.4497 0.7298 0.5150
vn 0.2966 0.5637 0.7709
vn 0.2877 0.3933 0.8733
vn 0.0219 0.4903 0.8713
vn 0.0535 0.1988 0.9786
vn -0.0112 -0.0281 0.9995
vn -0.0232 0.8672 0.4975
vn 0.5420 0.5021 0.6739
vn 0.5827 0.3731 0.7220
vn 0.6276 0.3982 0.6690
vn 0.4953 0.3838 0.7793
vn 0.3677 0.3230 0.8720
vn 0.3773 0.7743 0.5081
vn 0.3479 0.9069 0.2378
vn 0.6493 0.4838 0.5868
vn 0.4556 0.5077 0.7312
vn 0.6312 0.7676 -0.1114
vn 0.9372 0.3348 0.0983
vn 0.6400 0.4309 -0.6362
vn -0.0000 0.9341 0.3569
vn 0.9519 0.1499 -0.2674
vn 0.4737 0.5250 -0.7071
vn -0.1235 0.1566 0.9799
vn 0.8832 0.3007 0.3599
vn -0.1537 0.1687 0.9736
vn -0.6761 0.4893 0.5509
vn -0.6502 0.6137 0.4479
vn -0.2682 0.8940 0.3589
vn -0.9911 -0.0796 -0.1065
vn -0.8280 0.0436 0.5590
vn -0.5307 0.0515 0.8460
vn -0.6860 0.3397 0.6434
vn -0.7058 0.3032 0.6403
vn -0.6333 0.6075 0.4794
vn -0.1113 0.7727 0.6249
vn 0.0091 0.8213 0.5705
vn 0.5026 0.8471 -0.1725
vn 0.5013 0.8651 -0.0170
vn -0.5090 0.7663 -0.3919
vn -0.3572 0.8855 -0.2973
vn 0.0757 0.6177 -0.7828
vn -0.2619 0.6804 0.6844
vn -0.3987 0.1558 0.9037
vn -0.5767 0.4090 0.7072
vn -0.4124 0.4846 0.7714
vn -0.8445 0.3734 0.3839
vn -0.9536 0.2959 0.0563
vn -0.8653 0.4993 -0.0452
vn -0.9151 0.2892 -0.2811
vn 0.1886 0.9818 0.0214
vn -0.1130 0.8052 0.5822
vn -0.9395 0.1799 -0.2915
vn -0.3788 0.7154 0.5871
vn -0.5082 0.6377 -0.5788
vn 0.5745 0.7344 0.3614
vn 0.4787 0.7255 0.4945
vn 0.5985 0.6888 0.4091
vn 0.0119 0.9836 -0.1799
vn 0.1184 0.9913 0.0581
vn 0.0704 0.9932 -0.0931
vn 0.1779 0.8737 -0.4528
vn -0.2190 0.9754 0.0233
vn -0.5843 0.8079 0.0766
vn -0.1536 0.6650 -0.7309
vn -0.2400 0.8794 -0.4111
vn -0.8497 0.4124 -0.3286
vn -0.7477 0.6607 -0.0663
vn 0.2938 0.8646 0.4075
vn 0.5909 0.7564 -0.2804
vn 0.4737 0.8087 0.3487
vn 0.5731 0.7585 -0.3102
vn 0.5351 0.7953 -0.2848
vn 0.7519 0.6283 -0.1997
vn 0.3155 0.8890 0.3320
vn 0.1270 0.5083 0.8518
vn 0.1144 0.8677 0.4838
vn 0.5905 0.7425 0.3163
vn -0.6124 0.4704 0.6354
vn -0.5998 0.6649 0.4452
vn -0.4251 0.2106 0.8803
vn -0.8151 0.4078 0.4114
vn -0.7201 0.1291 0.6818
vn -0.9502 -0.2949 0.1004
vn -0.4155 0.1017 0.9039
vn -0.4120 0.8199 0.3976
vn -0.4390 0.8982 -0.0233
vn -0.5276 0.6608 0.5338
vn -0.7840 0.6093 0.1189
vn -0.4602 0.7255 0.5118
vn -0.6201 0.5831 0.5249
vn -0.3578 0.6009 0.7148
vn -0.7050 0.3282 0.6287
vn -0.5966 0.6436 0.4794
vn -0.4862 0.2333 0.8421
vn -0.2613 0.5641 0.7833
vn 0.1209 0.9721 0.2011
vn 0.1622 0.7830 0.6005
vn -0.4523 0.1275 0.8827
vn 0.0228 0.3399 0.9402
vn -0.2038 0.7614 0.6154
vn 0.2219 0.8970 0.3823
vn 0.2438 0.8332 -0.4963
vn -0.1896 0.6392 0.7453
vn -0.3709 0.6323 0.6802
vn -0.3162 0.5161 0.7960
vn -0.4915 0.7274 0.4789
vn -0.3223 0.9107 0.2583
vn 0.4987 0.8032 0.3259
vn -0.3836 0.9053 0.1821
vn -0.3896 0.8681 0.3075
vn -0.5326 0.8173 0.2202
vn -0.1778 0.9320 0.3160
vn -0.2608 0.8217 0.5067
vn -0.1346 0.9805 -0.1435
vn -0.2609 0.9627 -0.0714
vn -0.0408 0.9341 -0.3548
vn -0.7261 0.6583 -0.1986
vn -0.6714 0.7411 -0.0076
vn -0.5918 0.8053 -0.0371
vn -0.4836 0.8753 0.0057
vn -0.4266 0.8854 0.1844
vn -0.3387 0.8852 -0.3189
vn -0.4114 0.9108 -0.0337
vn -0.6779 0.7322 -0.0662
vn -0.9400 0.2988 0.1646
vn -0.4982 0.8602 0.1093
vn -0.4908 0.6186 0.6136
vn 0.2075 0.9209 0.3301
vn 0.3256 0.9326 0.1559
vn 0.2711 0.8535 0.4451
vn 0.3097 0.9429 -0.1227
vn 0.2432 0.9700 0.0041
vn 0.3313 0.9431 -0.0283
vn 0.4469 0.8923 0.0639
vn 0.0222 0.9368 0.3491
vn -0.1925 0.9327 0.3049
vn 0.0784 0.9771 0.1977
vn 0.0593 0.9293 0.3646
vn 0.1863 0.9286 0.3210
vn 0.4349 0.8113 0.3907
vn 0.2322 0.9176 0.3226
vn -0.0437 0.9740 0.2222
vn 0.1252 0.9770 -0.1729
vn 0.0757 0.8915 0.4467
vn -0.0991 0.9179 0.3841
vn -0.4702 0.8611 0.1935
vn -0.7777 0.6280 0.0295
vn -0.3439 0.8654 0.3643
vn -0.4037 0.5394 0.7389
vn -0.3166 0.6311 0.7081
vn -0.2506 0.9598 0.1260
vn -0.3874 0.9057 0.1718
vn -0.2696 0.8057 0.5274
vn -0.2668 0.8618 0.4314
vn -0.3734 0.8805 -0.2921
vn 0.2453 0.8415 -0.4814
vn -0.4463 0.4224 0.7889
vn 0.3117 0.9275 0.2063
vn -0.3933 0.5753 0.7172
vn -0.4827 0.8441 0.2336
vn -0.1920 0.7432 0.6409
vn -0.4593 0.4031 0.7916
vn -0.3375 0.4844 0.8071
vn -0.0039 0.8667 0.4989
vn -0.1319 0.8298 0.5422
vn 0.0080 0.9357 0.3527
vn 0.1729 0.8940 0.4133
vn 0.2584 0.8795 0.3997
vn -0.0053 0.5800 0.8146
vn 0.1960 0.7278 0.6572
vn 0.1141 0.6089 0.7850
vn -0.7850 0.6111 0.1019
vn -0.5910 0.8032 0.0751
vn -0.5190 0.2925 0.8031
vn -0.2201 0.5518 0.8044
vn -0.3237 0.3482 0.8797
vn -0.1488 0.2837 0.9473
vn -0.2311 0.2631 0.9367
vn -0.1790 0.1792 0.9674
vn 0.0347 0.5549 0.8312
vn 0.0642 0.5892 0.8055
vn 0.0488 0.9926 0.1115
vn -0.5554 0.5563 0.6181
vn 0.9110 -0.0938 -0.4016
vn 0.9792 0.1926 -0.0643
vn 0.4203 0.5820 0.6962
vn 0.7190 -0.1193 0.6847
vn -0.1150 0.0293 0.9929
vn -0.1958 0.8219 0.5349
vn 0.7343 0.6241 0.2669
vn 0.3785 0.9108 0.1649
vn 0.2373 0.7278 0.6434
vn -0.0722 0.4381 0.8960
vn -0.1324 0.6277 0.7671
vn 0.1221 0.8838 0.4517
vn 0.2466 0.7152 0.6539
vn 0.3020 0.7634 0.5710
vn 0.0778 0.5867 0.8061
vn 0.1144 0.7436 0.6587
vn -0.3326 0.8125 0.4788
vn 0.1572 0.9732 -0.1676
vn -0.4245 0.8749 0.2330
vn 0.2530 0.1018 0.9621
vn 0.6685 0.3553 0.6534
vn 0.4924 0.6816 0.5413
vn 0.1528 0.7069 0.6906
vn 0.1903 0.9367 -0.2938
vn -0.2068 0.9684 -0.1394
vn 0.0933 0.6074 0.7889
vn 0.0315 0.6239 0.7808
vn -0.1787 0.9404 0.2894
vn 0.2895 0.5580 0.7777
vn 0.2047 0.3152 0.9267
vn 0.8589 0.1865 0.4770
vn 0.0111 0.9590 0.2831
vn -0.0391 0.9507 0.3077
vn -0.0002 0.9830 0.1838
vn 0.0545 0.9850 0.1637
vn 0.0416 0.9984 0.0387
vn 0.1140 0.9921 0.0525
vn -0.0877 0.9812 0.1719
vn -0.0668 0.9955 0.0671
vn -0.1394 0.9493 0.2818
vn 0.0544 0.9973 -0.0498
vn 0.1474 0.9884 0.0366
vn 0.8502 0.4542 0.2662
vn 0.8961 0.3454 0.2787
vn 0.6246 0.6933 0.3593
vn 0.5551 0.7570 0.3448
vn -0.9264 0.3763 0.0097
vn -0.9400 0.3363 0.0572
vn -0.6866 0.7259 0.0414
vn -0.6978 0.7149 0.0439
vn -0.9036 0.3501 0.2470
vn -0.6554 0.7414 0.1445
vn 0.5046 0.4945 0.7077
vn 0.6092 0.5610 0.5605
vn 0.4550 0.8046 0.3816
vn 0.3981 0.7847 0.4751
vn 0.7373 0.5617 0.3753
vn 0.4855 0.8014 0.3495
vn -0.9080 0.1131 -0.4035
vn -0.9300 0.1410 -0.3395
vn -0.9238 0.0945 -0.3710
vn -0.9186 0.0520 -0.3917
vn 0.9766 -0.0416 0.2110
vn 0.9961 0.0399 0.0784
vn 0.9843 0.1760 0.0122
vn 0.9847 0.0202 0.1730
vn -0.2354 0.2083 -0.9493
vn -0.6404 0.1091 -0.7603
vn -0.6394 0.1551 -0.7531
vn -0.2596 0.2498 -0.9329
vn -0.8546 0.0767 -0.5136
vn -0.8610 0.0652 -0.5044
vn -0.9512 0.1261 -0.2815
vn -0.9420 0.0845 -0.3249
vn 0.9249 -0.0255 0.3792
vn 0.9033 -0.0393 0.4272
vn 0.7274 0.3406 0.5957
vn 0.8145 0.2382 0.5289
vn 0.7383 0.2241 0.6361
vn 0.6711 0.2969 0.6793
vn 0.8641 0.0931 0.4946
vn 0.7775 0.0736 0.6246
vn -0.3497 0.9312 0.1027
vn -0.3879 0.9060 0.1694
vn -0.3084 0.9483 0.0749
vn 0.2436 0.9393 0.2417
vn 0.2831 0.9265 0.2477
vn 0.1952 0.9341 0.2990
vn 0.9071 0.3208 0.2727
vn 0.7006 0.6373 0.3209
vn 0.9196 0.2925 0.2621
vn 0.7688 0.5719 0.2863
vn 0.9327 0.2770 0.2312
vn 0.9275 0.2805 0.2472
vn 0.9256 0.2883 0.2453
vn 0.5665 0.3017 0.7669
vn 0.6220 0.4710 0.6255
vn 0.7801 0.5115 0.3602
vn 0.9177 0.3564 0.1755
vn -0.8849 0.4561 -0.0946
vn -0.8465 0.4645 -0.2601
vn -0.8777 0.3930 -0.2742
vn -0.9303 0.3487 -0.1137
vn -0.8333 0.4684 -0.2935
vn -0.8386 0.4505 -0.3064
vn -0.9931 0.1030 0.0557
vn -0.9654 0.0867 0.2460
vn -0.9838 0.1789 0.0077
vn -0.8893 0.4550 0.0461
vn -0.9569 0.2867 0.0466
vn 0.8355 0.5164 0.1876
vn 0.8092 0.5580 0.1840
vn -0.1107 0.6336 0.7657
vn -0.1369 0.5932 0.7934
vn -0.1872 0.8184 0.5433
vn 0.7384 0.6614 -0.1313
vn 0.4875 0.6842 -0.5424
vn 0.2444 0.5779 -0.7786
vn -0.2212 0.9225 0.3163
vn -0.2906 0.9037 0.3145
vn -0.7970 0.4568 -0.3951
vn -0.9219 0.2765 -0.2713
vn -0.2923 0.6955 0.6564
vn -0.4429 0.7168 0.5385
vn -0.4156 0.6628 -0.6230
vn -0.2030 0.8872 0.4143
vn -0.0422 0.7321 0.6799
vn -0.9480 0.2169 -0.2328
vn -0.9358 0.1395 -0.3237
vn 0.0814 0.7576 0.6476
vn -0.9423 0.1385 -0.3047
vn 0.2086 0.8048 0.5556
vn -0.2049 0.9125 0.3540
vn 0.8615 0.4423 0.2495
vn 0.8498 0.5032 0.1566
vn -0.2032 0.7509 0.6284
vn 0.9256 0.3011 -0.2292
vn 0.8370 0.3034 -0.4553
vn 0.9530 0.2899 -0.0880
vn 0.6403 0.2912 -0.7108
vn 0.3566 0.2895 -0.8883
vn 0.6843 0.4998 0.5310
vn 0.8015 0.4107 0.4347
vn -0.8267 -0.0274 0.5620
vn -0.9028 -0.0306 0.4290
vn -0.4050 -0.0619 0.9122
vn -0.6884 -0.0300 0.7247
vn 0.7630 0.0679 0.6428
vn 0.5295 0.0275 0.8479
vn 0.2400 0.0361 0.9701
vn 0.8630 0.1594 0.4793
vn 0.8364 0.1143 0.5360
vn 0.8881 0.2135 0.4072
vn -0.0619 -0.0359 0.9974
vn 0.0055 0.9459 0.3245
vn -0.4130 -0.0494 0.9094
vn -0.2262 0.9197 0.3211
vn 0.0453 0.6129 -0.7888
vn 0.2470 0.5688 -0.7845
vn 0.0830 0.2929 -0.9525
vn 0.3577 0.2957 -0.8858
vn 0.4439 0.2496 -0.8606
vn 0.1558 0.2686 -0.9506
vn -0.9648 0.1098 -0.2389
vn -0.9711 0.0868 -0.2223
vn -0.9755 0.0462 -0.2150
vn -0.9607 0.0979 -0.2599
vn -0.9457 0.0653 -0.3185
vn -0.9405 0.2251 -0.2546
vn 0.2140 0.2520 -0.9438
vn 0.2546 0.3025 -0.9185
vn 0.4186 0.8070 -0.4165
vn 0.2360 0.3946 -0.8880
vn 0.0580 0.8881 -0.4560
vn 0.4669 0.7560 0.4587
vn -0.1201 0.9459 0.3016
vn 0.0924 0.3106 -0.9460
vn -0.1126 0.9936 -0.0112
vn 0.0097 0.9076 -0.4197
vn 0.1525 0.4943 -0.8558
vn -0.2993 0.7496 -0.5904
vn -0.7032 0.7085 0.0593
vn 0.3077 0.9066 0.2888
vn 0.5235 0.8452 -0.1078
vn -0.8913 0.0331 -0.4521
vn -0.9277 0.0161 -0.3731
vn 0.9884 -0.1356 0.0689
vn 0.9800 -0.0999 0.1719
vn -0.6152 0.0614 -0.7860
vn -0.8256 0.0445 -0.5625
vn -0.2282 0.1149 -0.9668
vn -0.9717 0.0386 -0.2330
vn -0.9696 0.0112 -0.2443
vn -0.9531 0.0026 -0.3026
vn 0.9582 0.0152 0.2858
vn 0.9076 0.1186 0.4028
vn 0.2163 0.1659 -0.9621
vn 0.5299 0.1604 -0.8327
vn 0.8287 0.3002 0.4724
vn 0.8671 0.1863 0.4620
vn -0.9035 -0.0084 -0.4286
vn -0.9296 -0.0302 -0.3674
vn -0.5732 0.0181 -0.8192
vn -0.8174 0.0173 -0.5759
vn -0.1781 0.0326 -0.9835
vn 0.5935 0.0435 -0.8037
vn 0.2755 0.0564 -0.9596
vn 0.9845 -0.1498 0.0911
vn 0.9791 -0.2016 0.0277
vn -0.5897 0.0784 -0.8038
vn -0.8421 0.1036 -0.5293
vn -0.1967 0.0677 -0.9781
vn 0.6430 0.0503 -0.7642
vn 0.2995 0.0687 -0.9516
vn 0.9937 -0.0613 0.0937
vn 0.9949 -0.0489 0.0877
vn -0.9471 -0.0159 -0.3204
vn -0.9330 0.0656 -0.3538
vn -0.9383 0.1275 -0.3215
vn -0.9137 0.0676 -0.4008
vn 0.9800 -0.0792 0.1823
vn 0.9380 -0.0134 0.3464
vn 0.9392 -0.0717 0.3359
vn 0.9814 -0.0704 0.1784
vn 0.9232 0.0583 0.3798
vn 0.9006 0.0229 0.4340
vn 0.9412 -0.0279 0.3368
vn 0.8991 -0.0705 0.4321
vn -0.9485 0.1576 -0.2749
vn -0.9427 0.1526 -0.2968
vn -0.9588 0.0743 -0.2743
vn -0.9610 0.0299 -0.2749
vn -0.9667 0.0992 -0.2358
vn -0.9835 0.1280 -0.1279
vn -0.9740 0.2238 0.0362
vn -0.9603 0.2745 0.0503
vn 0.4643 0.5045 0.7279
vn 0.6089 0.4252 0.6696
vn 0.9288 0.2779 0.2450
vn 0.9491 0.2263 0.2192
vn -0.9139 0.1217 -0.3872
vn -0.9149 0.1612 -0.3702
vn -0.5271 0.1369 -0.8387
vn -0.1680 0.1913 -0.9670
vn 0.3416 0.2327 -0.9106
vn 0.6596 0.2051 -0.7231
vn 0.9859 0.1104 0.1261
vn 0.9856 0.0700 0.1538
vn 0.9732 -0.0259 0.2283
vn -0.9132 0.1976 -0.3565
vn 0.9288 -0.2495 0.2739
vn 0.8863 -0.2256 0.4044
vn 0.9230 -0.1396 0.3586
vn 0.1203 0.9892 0.0837
vn 0.0014 0.9988 0.0494
vn -0.0706 0.9974 -0.0174
vn -0.0951 0.9950 0.0290
vn -0.7995 0.3862 0.4600
vn -0.5880 0.7382 0.3307
vn -0.3097 0.9432 0.1201
vn -0.8670 0.2060 0.4537
vn -0.3138 0.8826 0.3501
vn -0.9761 -0.1511 -0.1561
vn -0.8755 -0.4548 -0.1633
vn -0.9960 -0.0428 0.0783
vn -0.8152 -0.2668 -0.5141
vn -0.8493 -0.3335 -0.4092
vn -0.1871 -0.9799 -0.0689
vn -0.2584 -0.8359 -0.4843
vn 0.9879 0.0702 0.1382
vn 0.9838 -0.0020 0.1791
vn 0.9879 0.0016 0.1551
vn 0.9800 -0.0852 0.1799
vn 0.9866 0.1536 0.0556
vn 0.7345 -0.6287 0.2554
vn 0.9011 -0.3935 0.1822
vn 0.3477 0.1010 -0.9322
vn 0.6567 0.1190 -0.7447
vn -0.1257 0.0757 -0.9892
vn -0.0762 -0.0116 -0.9970
vn -0.9299 0.0527 -0.3641
vn -0.8322 -0.2734 -0.4823
vn -0.2710 -0.8800 -0.3901
vn -0.9085 0.0240 -0.4171
vn -0.9969 -0.0454 0.0649
vn 0.8299 -0.5082 0.2302
vn 0.6029 -0.7807 0.1643
vn 0.8565 -0.5153 0.0297
vn 0.5721 -0.8167 -0.0751
vn 0.5574 -0.8024 -0.2132
vn 0.9201 -0.3908 -0.0278
vn -0.1311 -0.8543 -0.5029
vn -0.6556 -0.0224 0.7548
vn -0.3030 -0.8617 -0.4071
vn -0.8094 -0.2686 0.5222
vn -0.5000 -0.8660 -0.0103
vn -0.5658 -0.6343 0.5269
vn 0.5924 -0.7780 0.2094
vn 0.3074 -0.7627 -0.5690
vn -0.3404 -0.6871 0.6419
vn 0.4914 -0.8583 -0.1479
vn -0.2783 -0.6538 0.7036
vn 0.6283 -0.7744 0.0742
vn -0.0531 -0.7354 0.6755
vn 0.6942 -0.5487 -0.4659
vn 0.1772 -0.7720 0.6104
vn 0.6891 -0.7233 -0.0437
vn 0.4080 -0.5851 -0.7008
vn 0.0592 -0.4863 -0.8718
vn -0.6203 -0.7684 -0.1573
vn 0.0569 -0.4862 -0.8720
vn -0.6738 -0.7383 -0.0303
vn 0.2133 -0.9031 0.3727
vn 0.4303 -0.8652 -0.2574
vn -0.0484 -0.8831 -0.4666
vn -0.7082 -0.6741 0.2098
vn 0.2372 -0.8081 -0.5392
vn -0.5038 -0.8554 0.1201
vn 0.3090 -0.7692 -0.5594
vn -0.6773 -0.6986 0.2308
vn 0.4009 -0.5167 -0.7565
vn -0.5941 -0.7770 0.2082
vn -0.3600 -0.8668 -0.3451
vn -0.5891 -0.6982 0.4068
vn -0.5835 -0.7568 -0.2948
vn 0.5117 -0.8498 0.1265
vn 0.4258 -0.6646 -0.6140
vn 0.2007 -0.8021 -0.5625
vn 0.9490 -0.0576 0.3101
vn 0.3396 -0.7879 0.5137
vn -0.1199 -0.5924 -0.7967
vn -0.7659 -0.6224 0.1615
vn -0.4164 -0.5284 -0.7399
vn -0.2377 -0.8189 0.5224
vn -0.8885 -0.3970 -0.2303
vn -0.3016 -0.7523 -0.5858
vn -0.4059 -0.9059 -0.1207
vn -0.1272 -0.8386 -0.5296
vn -0.0440 -0.8806 -0.4717
vn -0.7131 -0.2460 0.6565
vn -0.3306 0.7929 0.5118
vn -0.8242 -0.5434 0.1596
vn -0.6005 0.1894 0.7769
vn -0.7661 -0.2696 0.5834
vn -0.5272 0.5504 0.6474
vn -0.8594 0.4288 -0.2784
vn -0.8761 0.3802 -0.2965
vn -0.8584 0.4104 -0.3078
vn -0.8449 0.4461 -0.2952
vn 0.9283 0.2547 0.2710
vn 0.9434 0.2385 0.2306
vn 0.9739 0.1294 0.1867
vn 0.9503 0.1957 0.2422
vn -0.7474 0.6408 -0.1755
vn -0.8001 0.5782 -0.1600
vn -0.6704 0.7357 0.0964
vn 0.9049 0.2306 0.3578
vn 0.9628 0.2110 0.1689
vn 0.9255 0.2943 0.2386
vn 0.6215 0.0048 0.7834
vn 0.7934 -0.5058 0.3387
vn 0.9193 -0.2923 0.2635
vn 0.2276 -0.9420 -0.2466
vn 0.4141 -0.7867 0.4578
vn 0.3673 -0.9297 0.0275
vn 0.0766 -0.6728 0.7359
vn 0.9969 -0.0771 -0.0136
vn 0.9748 -0.2038 -0.0903
vn 0.9916 -0.0733 -0.1068
vn 0.9824 0.1583 -0.0990
vn 0.9352 0.2255 0.2732
vn 0.9594 0.1290 0.2509
vn 0.9789 0.0396 0.2005
vn 0.8330 0.4221 0.3576
vn 0.9536 0.0863 0.2884
vn 0.8398 0.3673 0.3998
vn 0.9701 0.0077 0.2425
vn 0.9760 -0.1587 0.1493
vn -0.8862 0.3212 -0.3338
vn -0.8653 0.3801 -0.3268
vn -0.9409 0.1350 -0.3106
vn -0.9194 0.1796 -0.3499
vn -0.8983 0.2343 -0.3718
vn -0.9251 0.1956 -0.3255
vn -0.9017 0.2590 -0.3463
vn -0.8741 0.2935 -0.3871
vn -0.8787 0.0933 -0.4682
vn -0.9104 0.0962 -0.4025
vn -0.9668 0.1055 -0.2328
vn -0.9786 0.0953 -0.1825
vn -0.9852 0.0607 -0.1605
vn -0.9173 0.2769 -0.2860
vn -0.9604 -0.0167 -0.2780
vn -0.9359 0.1859 -0.2993
vn 0.7107 0.4586 0.5335
vn 0.0629 0.7725 -0.6319
vn 0.9438 0.2106 -0.2548
vn 0.8507 0.2153 -0.4795
vn 0.6733 0.2375 -0.7002
vn 0.4458 0.2540 -0.8583
vn 0.8716 0.0732 -0.4847
vn 0.7259 0.1195 -0.6773
vn 0.9508 0.0116 -0.3095
vn 0.5289 0.1549 -0.8345
vn 0.7809 0.0007 -0.6246
vn 0.5972 0.0445 -0.8009
vn 0.9010 -0.0601 -0.4297
vn 0.9526 -0.1420 -0.2692
vn 0.8171 -0.0047 -0.5765
vn 0.6460 0.0204 -0.7631
vn 0.9269 -0.0705 -0.3687
vn 0.9790 -0.1063 -0.1740
vn 0.8189 0.1988 -0.5385
vn 0.6563 0.2220 -0.7211
vn 0.9327 0.1792 -0.3131
vn 0.9787 0.1881 -0.0824
vn 0.9304 0.1453 -0.3364
vn 0.8147 0.1307 -0.5650
vn 0.9270 0.1072 -0.3593
vn 0.9849 0.1403 -0.1011
vn 0.9986 -0.0328 0.0409
vn 0.6665 0.1152 -0.7366
vn 0.6082 -0.7618 0.2233
vn 0.5635 -0.7279 -0.3907
vn -0.9183 0.0788 -0.3879
vn 0.1944 -0.6981 -0.6891
vn -0.5218 -0.8494 0.0794
vn -0.8165 0.1146 -0.5658
vn 0.0356 -0.3435 -0.9385
vn 0.3949 -0.0545 -0.9171
vn 0.6411 0.0860 -0.7626
vn 0.0493 -0.1336 -0.9898
vn -0.3329 -0.1775 -0.9261
vn -0.5544 -0.1178 -0.8239
vn -0.0600 0.4296 -0.9010
vn 0.8408 0.1288 -0.5258
vn -0.1990 0.3516 -0.9148
vn 0.8995 0.1623 -0.4055
vn -0.1570 0.2434 -0.9572
vn 0.9436 0.0006 -0.3310
vn 0.4344 0.1280 0.8916
vn 0.3467 -0.4941 0.7973
vn 0.2764 0.2855 0.9177
vn 0.0572 -0.0899 0.9943
vn 0.2143 -0.9156 0.3402
vn 0.0292 -0.7050 0.7086
vn 0.2539 0.8984 0.3582
vn 0.2456 0.7519 0.6118
vn 0.2846 0.4887 0.8248
vn 0.3115 0.2957 0.9030
vn 0.1787 0.3820 0.9067
vn 0.3305 0.5269 0.7831
vn 0.0943 0.8683 0.4870
vn -0.1872 0.8499 0.4926
vn -0.1248 -0.0900 0.9881
vn 0.3256 -0.6081 0.7240
vn 0.6531 0.7164 -0.2454
vn -0.9482 0.3129 -0.0542
vn -0.8897 0.2930 -0.3502
vn -0.8084 0.1711 -0.5632
vn -0.9403 0.0309 0.3390
vn -0.9580 0.1926 0.2122
vn 0.9577 -0.0815 0.2759
vn 0.9466 -0.1499 0.2856
vn -0.3761 -0.5806 0.7221
vn 0.7278 -0.6806 -0.0841
vn -0.1378 -0.8100 0.5700
vn 0.7807 -0.5902 -0.2056
vn -0.1359 -0.7852 0.6041
vn 0.7612 -0.5836 -0.2826
vn -0.0419 -0.7890 0.6130
vn 0.7208 -0.6078 -0.3333
vn 0.9932 0.0762 0.0881
vn 0.9956 -0.0485 0.0802
vn 0.4772 -0.7828 0.3993
vn 0.3468 -0.8275 -0.4415
vn 0.2442 -0.7983 -0.5506
vn 0.6094 -0.7783 0.1513
vn 0.2974 0.4545 0.8396
vn -0.4675 -0.8788 0.0955
vn -0.4454 -0.6316 0.6346
vn -0.4976 -0.8672 0.0196
vn -0.3364 -0.4569 0.8235
vn -0.6775 -0.4765 0.5603
vn -0.3943 0.0732 0.9160
vn -0.7014 -0.5825 0.4107
vn -0.7362 -0.6737 0.0638
vn -0.4392 -0.5855 -0.6814
vn -0.9322 0.1314 -0.3372
vn -0.9438 0.1799 -0.2773
vn -0.5111 -0.6960 -0.5044
vn -0.1635 -0.7158 0.6790
vn -0.3354 -0.7762 -0.5339
vn -0.1978 -0.8267 0.5267
vn -0.9472 0.3068 0.0932
vn 0.6645 0.5800 0.4712
vn 0.0398 0.7031 -0.7100
vn 0.5505 0.6856 0.4763
vn -0.2426 0.4684 0.8495
vn -0.6645 0.1388 0.7343
vn -0.2303 0.9361 0.2659
vn -0.2468 0.9690 -0.0049
vn -0.4023 0.5691 0.7171
vn -0.4455 0.7293 0.5193
vn -0.9581 0.2207 -0.1825
vn -0.9223 0.3309 -0.1996
vn -0.9170 0.3927 -0.0699
vn -0.3308 0.8096 0.4848
vn -0.1278 0.9915 0.0262
vn 0.0488 0.7214 0.6908
vn 0.0495 0.9362 0.3479
vn 0.4423 0.8266 0.3480
vn 0.2631 0.0778 0.9616
vn 0.7850 0.6125 -0.0922
vn 0.5437 -0.2308 0.8069
vn 0.6532 0.5759 0.4915
vn -0.9548 0.0224 0.2964
vn -0.7605 0.3049 0.5733
vn -0.7497 0.5745 0.3284
vn -0.7613 0.6289 0.1577
vn -0.8971 0.4055 -0.1756
vn -0.6714 0.6993 -0.2456
vn -0.2106 0.9523 -0.2209
vn 0.0365 0.9988 -0.0318
vn -0.3493 0.8719 0.3433
vn -0.3890 0.8004 -0.4561
vn -0.4670 0.6596 0.5890
vn -0.5277 0.5040 0.6837
vn -0.8415 0.5140 -0.1664
vn -0.8811 0.4362 -0.1826
vn -0.8088 0.5844 -0.0659
vn -0.8157 0.5636 -0.1302
vn -0.6948 0.4499 -0.5612
vn -0.2984 0.6130 0.7315
vn -0.9273 0.3717 -0.0442
vn -0.5077 0.8314 0.2260
vn -0.6027 0.6545 0.4565
vn 0.6185 0.6560 0.4326
vn 0.8437 0.5358 -0.0326
vn 0.8047 0.4801 0.3493
vn 0.7757 0.5301 0.3426
vn -0.3763 0.6012 -0.7050
vn -0.2938 0.7779 -0.5556
vn -0.6818 0.3637 0.6348
vn -0.4462 0.5158 0.7313
vn 0.1706 0.8960 0.4101
vn 0.5589 0.7303 0.3928
vn -0.1708 0.8013 0.5734
vn -0.3161 0.4583 0.8307
vn -0.6220 0.4163 0.6632
vn -0.8295 0.5576 0.0319
vn 0.0079 0.9917 0.1285
vn 0.1635 0.8273 -0.5374
vn -0.3360 0.6476 0.6839
vn 0.1503 0.9630 -0.2236
vn -0.4080 0.7669 0.4954
vn 0.1019 0.9815 -0.1622
vn -0.1485 0.8374 0.5261
vn -0.0423 0.9297 0.3659
vn -0.2593 0.6047 0.7530
vn -0.4573 0.3666 0.8102
vn -0.1069 0.8890 0.4452
vn 0.2057 0.9130 0.3524
vn 0.9711 0.2277 0.0719
vn 0.5351 0.6432 0.5476
vn 0.3333 0.3541 -0.8738
vn 0.7319 0.2016 -0.6509
vn 0.7534 0.2547 -0.6063
vn 0.3653 0.2964 -0.8824
vn -0.2155 0.3312 -0.9186
vn 0.3271 0.4074 -0.8527
vn -0.2333 0.4022 -0.8853
vn -0.6355 0.2556 -0.7285
vn -0.5916 0.1966 -0.7819
vn -0.6737 0.3258 -0.6633
vn -0.1724 0.2708 -0.9471
vn -0.6888 0.2519 -0.6798
vn -0.9522 0.1765 -0.2493
vn -0.9400 0.1210 -0.3191
vn -0.9049 0.0723 -0.4195
vn -0.9953 -0.0054 0.0963
vn -0.9982 -0.0548 0.0241
vn -0.8793 -0.1504 0.4518
vn -0.9100 -0.1807 0.3732
vn -0.3797 -0.4270 0.8207
vn 0.4252 -0.3721 0.8251
vn 0.4268 -0.4528 0.7828
vn -0.3334 -0.3588 0.8719
vn -0.8202 -0.1431 0.5538
vn -0.2508 -0.3110 0.9167
vn -0.1812 -0.2597 0.9486
vn 0.4043 -0.2006 0.8923
vn 0.4418 -0.2796 0.8524
vn 0.6927 -0.1892 0.6960
vn 0.7122 -0.3035 0.6330
vn 0.7214 -0.3409 0.6028
vn 0.6306 -0.0925 0.7706
vn 0.3871 -0.1328 0.9124
vn 0.6092 -0.0746 0.7895
vn 0.4017 -0.1312 0.9063
vn 0.6395 -0.1025 0.7619
vn -0.1296 -0.1955 0.9721
vn -0.0701 -0.1965 0.9780
vn 0.4499 -0.1351 0.8828
vn -0.0165 -0.2051 0.9786
vn 0.0340 -0.2002 0.9792
vn 0.7089 -0.1219 0.6947
vn 0.5136 -0.1193 0.8497
vn -0.6539 -0.2551 0.7123
vn -0.5966 -0.2692 0.7560
vn 0.5767 -0.0776 0.8133
vn 0.0687 -0.1621 0.9844
vn -0.5446 -0.2500 0.8006
vn 0.0863 -0.0857 0.9926
vn -0.9343 -0.2505 0.2535
vn -0.5304 -0.2108 0.8211
vn -0.9182 -0.2690 0.2908
vn -0.9075 -0.2833 0.3103
vn -0.9448 -0.2339 -0.2294
vn -0.9497 -0.2083 -0.2338
vn -0.7505 -0.1668 -0.6395
vn -0.7106 -0.1444 -0.6886
vn -0.7024 -0.1010 -0.7046
vn -0.9557 -0.1731 -0.2381
vn -0.2570 -0.0541 -0.9649
vn -0.3461 -0.0546 -0.9366
vn -0.7848 -0.1934 -0.5888
vn -0.9420 -0.2635 -0.2080
vn -0.9542 -0.2441 -0.1729
vn -0.9216 -0.2607 0.2875
vn -0.5668 -0.1629 0.8076
vn -0.9396 -0.1458 0.3097
vn -0.9860 -0.1188 -0.1171
vn -0.8466 -0.0778 -0.5266
vn -0.8194 -0.1855 -0.5424
vn -0.5356 -0.0944 -0.8392
vn -0.6230 -0.0245 -0.7818
vn -0.0014 0.0440 -0.9990
vn -0.1194 0.0873 -0.9890
vn 0.7143 0.1747 -0.6777
vn 0.9473 0.1953 -0.2540
vn 0.6914 0.1419 -0.7084
vn 0.6882 0.1070 -0.7176
vn 0.9621 0.1248 -0.2423
vn 0.9555 0.0655 -0.2876
vn 0.9916 0.1168 0.0548
vn 0.9938 0.0210 0.1089
vn 0.8993 0.0258 0.4365
vn 0.9334 0.1446 0.3285
vn 0.9660 0.2545 -0.0449
vn 0.9172 0.2902 0.2732
vn 0.9436 0.0198 -0.3305
vn 0.8447 -0.0554 0.5324
vn 0.9878 -0.0358 0.1519
vn 0.9724 -0.0867 0.2168
vn 0.7806 -0.1011 0.6168
vn 0.7069 -0.1267 0.6958
vn 0.9388 -0.1126 0.3254
vn 0.9482 -0.0523 -0.3135
vn 0.6792 0.0608 -0.7314
vn 0.6658 -0.0156 -0.7460
vn 0.9665 -0.0624 -0.2491
vn 0.9847 0.0500 -0.1669
vn 0.6841 -0.0216 -0.7291
vn 0.7141 0.1103 -0.6913
vn 0.2236 -0.0050 -0.9747
vn 0.2242 -0.0058 -0.9745
vn 0.2249 0.1040 -0.9688
vn 0.2506 0.2253 -0.9415
vn 0.9782 0.1690 -0.1209
vn 0.7330 0.2424 -0.6356
vn 0.9025 -0.0549 0.4272
vn 0.8683 0.0276 0.4953
vn 0.9733 0.2178 -0.0730
vn 0.7613 0.3152 -0.5667
vn 0.6227 -0.1106 0.7746
vn 0.8684 0.0409 0.4941
vn 0.5892 -0.0743 0.8045
vn 0.6245 -0.1053 0.7739
vn 0.8958 -0.0340 0.4431
vn 0.6503 -0.1875 0.7362
vn 0.9319 -0.1628 0.3240
vn 0.7008 -0.3205 0.6373
vn 0.9408 -0.2008 0.2732
vn 0.7190 -0.3521 0.5992
vn 0.9574 0.0194 -0.2881
vn 0.9742 0.0661 -0.2159
vn 0.7791 0.3224 -0.5377
vn 0.9777 0.1806 -0.1075
vn 0.2933 0.3438 -0.8921
vn -0.2304 0.3183 -0.9196
vn -0.2337 0.1758 -0.9563
vn -0.2482 0.0633 -0.9666
vn -0.7040 -0.0204 -0.7099
vn -0.6935 0.1013 -0.7133
vn -0.9622 -0.1138 -0.2476
vn -0.9665 -0.0090 -0.2567
vn -0.9812 -0.0157 0.1922
vn -0.9755 -0.1151 0.1873
vn -0.9619 0.1217 -0.2447
vn -0.9859 0.0395 0.1626
vn -0.7542 -0.1586 0.6372
vn -0.7237 -0.1869 0.6643
vn -0.6941 -0.2277 0.6829
vn -0.9626 -0.1847 0.1980
vn -0.9505 -0.2202 0.2192
vn -0.2470 -0.0272 -0.9686
vn 0.1974 0.0423 -0.9794
vn -0.4504 -0.0857 -0.8887
vn 0.1154 0.0449 -0.9923
vn -0.6303 -0.0678 0.7734
vn 0.0553 0.1186 0.9914
vn 0.0878 0.0116 0.9961
vn 0.6445 0.2436 0.7247
vn 0.6577 0.1243 0.7430
vn 0.9192 0.2850 0.2718
vn 0.9337 0.1437 0.3281
vn 0.6220 0.0071 0.7829
vn 0.9003 0.0269 0.4345
vn 0.8449 -0.0559 0.5320
vn 0.7805 -0.1011 0.6169
vt 0.638369 0.653771
vt 0.650521 0.660707
vt 0.651167 0.630683
vt 0.629192 0.651840
vt 0.833566 0.923956
vt 0.826241 0.950340
vt 0.842434 0.949778
vt 0.736693 0.427718
vt 0.721659 0.454015
vt 0.750793 0.440412
vt 0.464626 0.960914
vt 0.457103 0.928095
vt 0.447520 0.958136
vt 0.542470 0.959697
vt 0.532200 0.933932
vt 0.531929 0.960284
vt 0.508277 0.961806
vt 0.523425 0.961005
vt 0.506718 0.933805
vt 0.764119 0.916319
vt 0.755059 0.945663
vt 0.767976 0.946024
vt 0.808976 0.551817
vt 0.834711 0.546734
vt 0.823595 0.536032
vt 0.921944 0.859904
vt 0.927157 0.878872
vt 0.935808 0.872192
vt 0.943388 0.875989
vt 0.942140 0.867529
vt 0.931760 0.903327
vt 0.925706 0.899624
vt 0.925697 0.909534
vt 0.936310 0.890291
vt 0.924872 0.895872
vt 0.936797 0.897726
vt 0.939941 0.885165
vt 0.941235 0.884550
vt 0.764108 0.800058
vt 0.768310 0.801511
vt 0.769106 0.793677
vt 0.710847 0.387330
vt 0.697390 0.377334
vt 0.710363 0.387951
vt 0.710915 0.906925
vt 0.701586 0.937569
vt 0.712808 0.940372
vt 0.725993 0.942335
vt 0.730139 0.945344
vt 0.738885 0.944176
vt 0.384738 0.960364
vt 0.408855 0.960874
vt 0.393966 0.950235
vt 0.409865 0.952592
vt 0.686287 0.368217
vt 0.673239 0.370381
vt 0.686767 0.381628
vt 0.630370 0.664626
vt 0.645616 0.665590
vt 0.637807 0.660847
vt 0.629285 0.659072
vt 0.594310 0.729432
vt 0.602103 0.731411
vt 0.595794 0.721924
vt 0.939242 0.841046
vt 0.944264 0.850538
vt 0.949644 0.840645
vt 0.973013 0.789955
vt 0.974865 0.805803
vt 0.980480 0.785724
vt 0.601113 0.739779
vt 0.619604 0.755666
vt 0.614375 0.740560
vt 0.803478 0.514713
vt 0.790399 0.535674
vt 0.814898 0.526484
vt 0.899067 0.636203
vt 0.885163 0.625250
vt 0.872553 0.650648
vt 0.889778 0.616849
vt 0.873808 0.601292
vt 0.872923 0.614642
vt 0.943165 0.819911
vt 0.952436 0.834127
vt 0.957383 0.822718
vt 0.960531 0.800761
vt 0.899571 0.929854
vt 0.884410 0.916838
vt 0.881151 0.939292
vt 0.912058 0.922583
vt 0.918715 0.915931
vt 0.910262 0.908240
vt 0.465751 0.970797
vt 0.480338 0.960041
vt 0.475052 0.972504
vt 0.493179 0.961157
vt 0.480951 0.933248
vt 0.596811 0.957651
vt 0.613834 0.960488
vt 0.632365 0.952202
vt 0.628533 0.930230
vt 0.601043 0.931762
vt 0.643742 0.736299
vt 0.627230 0.739765
vt 0.634834 0.746008
vt 0.637214 0.756236
vt 0.637458 0.748454
vt 0.622615 0.763336
vt 0.647453 0.754000
vt 0.648854 0.747750
vt 0.741750 0.788122
vt 0.760753 0.763747
vt 0.749445 0.759291
vt 0.660734 0.673787
vt 0.665787 0.684305
vt 0.668121 0.673654
vt 0.673443 0.753705
vt 0.667289 0.760283
vt 0.677568 0.764723
vt 0.683909 0.743371
vt 0.651945 0.743798
vt 0.667264 0.746051
vt 0.656841 0.732683
vt 0.687478 0.728480
vt 0.677632 0.723925
vt 0.708174 0.703711
vt 0.702601 0.701708
vt 0.697442 0.719891
vt 0.665073 0.761661
vt 0.663386 0.758722
vt 0.626144 0.772610
vt 0.639058 0.797342
vt 0.637269 0.767851
vt 0.644256 0.778609
vt 0.655401 0.770183
vt 0.653874 0.767203
vt 0.651198 0.771437
vt 0.676123 0.780513
vt 0.677491 0.777295
vt 0.673886 0.777558
vt 0.673642 0.783878
vt 0.647495 0.764828
vt 0.656558 0.758177
vt 0.659892 0.757262
vt 0.658483 0.753684
vt 0.649784 0.775204
vt 0.645753 0.773051
vt 0.678300 0.785553
vt 0.671522 0.793821
vt 0.648765 0.770944
vt 0.650794 0.766035
vt 0.683016 0.684210
vt 0.685304 0.668137
vt 0.674406 0.674782
vt 0.681136 0.691070
vt 0.673628 0.700653
vt 0.689365 0.697979
vt 0.698632 0.699131
vt 0.701513 0.698321
vt 0.692430 0.693695
vt 0.694073 0.686839
vt 0.697842 0.680151
vt 0.706953 0.669901
vt 0.703747 0.681113
vt 0.704039 0.690093
vt 0.710918 0.701815
vt 0.712579 0.705097
vt 0.729631 0.674685
vt 0.722470 0.687304
vt 0.718467 0.696625
vt 0.721696 0.691987
vt 0.797268 0.741862
vt 0.792863 0.738454
vt 0.785098 0.759763
vt 0.760793 0.724039
vt 0.758758 0.722951
vt 0.757023 0.728894
vt 0.789975 0.737339
vt 0.760372 0.797843
vt 0.761895 0.801214
vt 0.714537 0.791512
vt 0.711928 0.797302
vt 0.716175 0.794995
vt 0.730345 0.787672
vt 0.726134 0.785057
vt 0.728130 0.789310
vt 0.770704 0.728281
vt 0.765963 0.727813
vt 0.768627 0.731031
vt 0.763584 0.725315
vt 0.762525 0.721761
vt 0.731105 0.790859
vt 0.734816 0.789598
vt 0.731715 0.788411
vt 0.744156 0.756660
vt 0.747011 0.757235
vt 0.736243 0.778819
vt 0.739265 0.781103
vt 0.718950 0.799420
vt 0.711114 0.803339
vt 0.714014 0.814817
vt 0.739820 0.811370
vt 0.745489 0.808048
vt 0.737937 0.804442
vt 0.704020 0.793283
vt 0.706782 0.789240
vt 0.702880 0.790035
vt 0.775140 0.712289
vt 0.789626 0.717826
vt 0.791291 0.702386
vt 0.773677 0.769280
vt 0.779232 0.735596
vt 0.752320 0.795682
vt 0.757221 0.797230
vt 0.754675 0.791828
vt 0.761707 0.817097
vt 0.767103 0.819238
vt 0.768933 0.804063
vt 0.768045 0.828399
vt 0.757491 0.830320
vt 0.801295 0.724674
vt 0.808528 0.729964
vt 0.814574 0.726313
vt 0.801297 0.745822
vt 0.799165 0.740413
vt 0.809601 0.734517
vt 0.820863 0.730941
vt 0.813722 0.736986
vt 0.818511 0.737286
vt 0.823856 0.721752
vt 0.704875 0.747148
vt 0.705514 0.746304
vt 0.696721 0.741545
vt 0.682204 0.781654
vt 0.679667 0.778532
vt 0.678602 0.781794
vt 0.688609 0.765057
vt 0.700576 0.772789
vt 0.702646 0.774022
vt 0.707085 0.749182
vt 0.700695 0.774794
vt 0.709339 0.749998
vt 0.707863 0.746631
vt 0.688977 0.767100
vt 0.687585 0.769091
vt 0.739300 0.716344
vt 0.737651 0.714280
vt 0.738113 0.717979
vt 0.748968 0.722579
vt 0.721881 0.738553
vt 0.719591 0.736499
vt 0.717803 0.738797
vt 0.708252 0.740144
vt 0.753304 0.735768
vt 0.741991 0.756768
vt 0.709668 0.774536
vt 0.705998 0.775519
vt 0.709373 0.777576
vt 0.716317 0.750309
vt 0.720914 0.779245
vt 0.846198 0.733134
vt 0.807136 0.839132
vt 0.813097 0.832257
vt 0.810159 0.831640
vt 0.842870 0.826068
vt 0.821880 0.818673
vt 0.809828 0.811471
vt 0.809653 0.815861
vt 0.814347 0.813334
vt 0.791475 0.870154
vt 0.810787 0.875141
vt 0.803581 0.845222
vt 0.802183 0.836596
vt 0.833753 0.853170
vt 0.806203 0.829820
vt 0.803929 0.829378
vt 0.778878 0.836301
vt 0.775367 0.829390
vt 0.784872 0.823195
vt 0.779563 0.820891
vt 0.832205 0.745433
vt 0.840605 0.751213
vt 0.845168 0.749582
vt 0.830026 0.768494
vt 0.835952 0.771503
vt 0.832072 0.764355
vt 0.842231 0.757843
vt 0.826334 0.764276
vt 0.804609 0.809288
vt 0.814180 0.755836
vt 0.822027 0.760142
vt 0.823201 0.757659
vt 0.810155 0.773129
vt 0.808328 0.777250
vt 0.799363 0.779791
vt 0.803103 0.781228
vt 0.810684 0.753943
vt 0.798744 0.807848
vt 0.801448 0.791332
vt 0.799884 0.795171
vt 0.785865 0.803463
vt 0.782216 0.802321
vt 0.781469 0.805874
vt 0.791756 0.805787
vt 0.789961 0.809700
vt 0.806506 0.783058
vt 0.809683 0.784705
vt 0.772873 0.802217
vt 0.777650 0.770038
vt 0.781871 0.771028
vt 0.783130 0.763832
vt 0.777169 0.804501
vt 0.771441 0.787558
vt 0.810371 0.749405
vt 0.809479 0.751943
vt 0.803981 0.747711
vt 0.851331 0.757927
vt 0.845512 0.777618
vt 0.863286 0.784262
vt 0.850401 0.751758
vt 0.864761 0.745380
vt 0.846427 0.760066
vt 0.711374 0.734652
vt 0.714792 0.736384
vt 0.677385 0.765872
vt 0.680976 0.765545
vt 0.684597 0.766649
vt 0.698869 0.735859
vt 0.694413 0.733208
vt 0.716057 0.706197
vt 0.703592 0.729188
vt 0.715524 0.713047
vt 0.711118 0.732134
vt 0.695438 0.723821
vt 0.689579 0.729760
vt 0.686685 0.739683
vt 0.591698 0.735751
vt 0.592981 0.753270
vt 0.727533 0.689976
vt 0.723621 0.692911
vt 0.720993 0.697263
vt 0.742567 0.710533
vt 0.744107 0.704336
vt 0.734733 0.712061
vt 0.716194 0.734718
vt 0.720367 0.707203
vt 0.720160 0.709006
vt 0.730296 0.711773
vt 0.713049 0.732936
vt 0.732420 0.710035
vt 0.755766 0.721157
vt 0.759078 0.720329
vt 0.752418 0.714078
vt 0.752898 0.721249
vt 0.750870 0.720318
vt 0.755833 0.713716
vt 0.754999 0.708003
vt 0.758731 0.705004
vt 0.760187 0.712604
vt 0.782883 0.735458
vt 0.780765 0.733552
vt 0.789936 0.734914
vt 0.787104 0.736561
vt 0.783134 0.725266
vt 0.791707 0.725737
vt 0.788036 0.727273
vt 0.785928 0.721216
vt 0.877585 0.790894
vt 0.867135 0.810767
vt 0.881342 0.817218
vt 0.892098 0.798016
vt 0.894704 0.823509
vt 0.903993 0.807573
vt 0.872808 0.836762
vt 0.887139 0.840628
vt 0.857557 0.831849
vt 0.906327 0.828459
vt 0.913676 0.816522
vt 0.907300 0.717946
vt 0.894545 0.706703
vt 0.878737 0.724991
vt 0.892714 0.736082
vt 0.837574 0.904460
vt 0.859807 0.903844
vt 0.861959 0.879265
vt 0.843780 0.879536
vt 0.883948 0.899676
vt 0.883328 0.877082
vt 0.946671 0.760763
vt 0.933371 0.743087
vt 0.918315 0.762301
vt 0.930204 0.777421
vt 0.920263 0.728540
vt 0.905752 0.748651
vt 0.508868 0.816363
vt 0.527959 0.820409
vt 0.526563 0.797977
vt 0.509248 0.791901
vt 0.674578 0.561382
vt 0.655549 0.544122
vt 0.638778 0.557689
vt 0.660599 0.574825
vt 0.453980 0.797868
vt 0.471323 0.804583
vt 0.476904 0.776896
vt 0.463613 0.770147
vt 0.489976 0.811412
vt 0.492541 0.786233
vt 0.549029 0.821863
vt 0.545428 0.800125
vt 0.688615 0.579378
vt 0.673712 0.592162
vt 0.711457 0.649375
vt 0.706630 0.619386
vt 0.681714 0.622188
vt 0.684646 0.651684
vt 0.698648 0.598134
vt 0.678428 0.608536
vt 0.864700 0.858658
vt 0.849384 0.856745
vt 0.883294 0.858276
vt 0.904801 0.779696
vt 0.915853 0.792555
vt 0.892008 0.768077
vt 0.879131 0.693410
vt 0.862679 0.713177
vt 0.863772 0.682412
vt 0.846078 0.702218
vt 0.906391 0.686337
vt 0.893704 0.673720
vt 0.880714 0.663953
vt 0.955380 0.748039
vt 0.943616 0.727679
vt 0.931151 0.710425
vt 0.917742 0.697669
vt 0.807733 0.903051
vt 0.788527 0.897766
vt 0.785069 0.916559
vt 0.804546 0.918939
vt 0.767373 0.890260
vt 0.763149 0.913334
vt 0.855802 0.919965
vt 0.882290 0.914390
vt 0.832583 0.920366
vt 0.822350 0.903463
vt 0.818429 0.919569
vt 0.612091 0.555481
vt 0.593528 0.548772
vt 0.590529 0.555916
vt 0.608460 0.563074
vt 0.579473 0.550076
vt 0.581821 0.543691
vt 0.569456 0.536031
vt 0.554509 0.528146
vt 0.552578 0.538770
vt 0.566840 0.543734
vt 0.480286 0.769291
vt 0.496142 0.776552
vt 0.499893 0.768044
vt 0.483910 0.761573
vt 0.467328 0.763525
vt 0.470858 0.756492
vt 0.515010 0.773159
vt 0.512078 0.781633
vt 0.528474 0.787071
vt 0.530398 0.778359
vt 0.546414 0.789071
vt 0.546986 0.780589
vt 0.646100 0.586951
vt 0.653128 0.580931
vt 0.632915 0.565199
vt 0.627908 0.572301
vt 0.597548 0.540054
vt 0.584876 0.535290
vt 0.617003 0.547418
vt 0.571817 0.527162
vt 0.557038 0.518009
vt 0.668542 0.612305
vt 0.666293 0.599439
vt 0.575346 0.560425
vt 0.588092 0.566911
vt 0.549539 0.551359
vt 0.562514 0.555190
vt 0.506964 0.757788
vt 0.490599 0.750994
vt 0.476164 0.745580
vt 0.534868 0.767407
vt 0.521222 0.762946
vt 0.549108 0.769419
vt 0.463349 0.739751
vt 0.457404 0.751794
vt 0.452819 0.734697
vt 0.444696 0.745104
vt 0.453261 0.759677
vt 0.437769 0.753854
vt 0.448487 0.767952
vt 0.432517 0.763125
vt 0.420139 0.784733
vt 0.436696 0.790585
vt 0.571011 0.821506
vt 0.593806 0.816814
vt 0.587567 0.794402
vt 0.566859 0.802314
vt 0.565373 0.790658
vt 0.585510 0.783883
vt 0.656946 0.684511
vt 0.656488 0.697707
vt 0.661896 0.700274
vt 0.651067 0.710917
vt 0.656380 0.713479
vt 0.668131 0.701251
vt 0.661188 0.715892
vt 0.653777 0.675638
vt 0.657671 0.604014
vt 0.662218 0.615674
vt 0.643598 0.723570
vt 0.648365 0.726225
vt 0.652909 0.728469
vt 0.564478 0.781136
vt 0.583461 0.775226
vt 0.507918 0.842084
vt 0.528643 0.843304
vt 0.672758 0.529408
vt 0.691816 0.547156
vt 0.466413 0.833751
vt 0.487442 0.838662
vt 0.446006 0.828101
vt 0.598814 0.841771
vt 0.574385 0.845021
vt 0.551489 0.845931
vt 0.707513 0.565643
vt 0.721047 0.585231
vt 0.427073 0.822122
vt 0.408602 0.816793
vt 0.749202 0.637946
vt 0.734374 0.608054
vt 0.506720 0.870771
vt 0.530080 0.872652
vt 0.460526 0.865491
vt 0.483626 0.868345
vt 0.437965 0.857939
vt 0.401688 0.847767
vt 0.420149 0.852258
vt 0.712354 0.532339
vt 0.692807 0.512965
vt 0.460431 0.891022
vt 0.484574 0.894829
vt 0.437216 0.885176
vt 0.398459 0.878064
vt 0.416151 0.880695
vt 0.731082 0.516238
vt 0.714018 0.498024
vt 0.553054 0.871805
vt 0.533083 0.896587
vt 0.555329 0.897302
vt 0.508894 0.895894
vt 0.728621 0.550703
vt 0.743604 0.568926
vt 0.763659 0.550176
vt 0.750548 0.535871
vt 0.777265 0.610052
vt 0.760426 0.589638
vt 0.802419 0.585491
vt 0.785991 0.571567
vt 0.577522 0.897958
vt 0.604049 0.896441
vt 0.601844 0.869016
vt 0.576099 0.871089
vt 0.786096 0.919753
vt 0.805532 0.922206
vt 0.819392 0.923036
vt 0.857376 0.922564
vt 0.960433 0.745845
vt 0.948176 0.725161
vt 0.897915 0.671051
vt 0.885068 0.661223
vt 0.506887 0.899429
vt 0.531453 0.900231
vt 0.457993 0.894750
vt 0.434759 0.889387
vt 0.414502 0.885581
vt 0.397303 0.883024
vt 0.716441 0.494012
vt 0.733217 0.512315
vt 0.752370 0.532104
vt 0.554009 0.900911
vt 0.804385 0.581085
vt 0.787693 0.568344
vt 0.764850 0.546271
vt 0.919624 0.823394
vt 0.915441 0.832282
vt 0.901283 0.841369
vt 0.910741 0.841278
vt 0.907848 0.891590
vt 0.904765 0.870719
vt 0.900738 0.855288
vt 0.909113 0.905137
vt 0.914770 0.849020
vt 0.784086 0.946211
vt 0.798685 0.948324
vt 0.812859 0.949192
vt 0.681995 0.933336
vt 0.658111 0.930423
vt 0.657689 0.946074
vt 0.678660 0.947526
vt 0.741205 0.475460
vt 0.756485 0.496738
vt 0.765665 0.461611
vt 0.776663 0.478208
vt 0.694812 0.472795
vt 0.905325 0.644314
vt 0.915215 0.651822
vt 0.412745 0.917704
vt 0.395349 0.916034
vt 0.431620 0.920972
vt 0.431185 0.954898
vt 0.555137 0.933794
vt 0.555290 0.958907
vt 0.700699 0.948052
vt 0.747397 0.914240
vt 0.859932 0.947138
vt 0.822765 0.569060
vt 0.846660 0.555672
vt 0.840486 0.584324
vt 0.857086 0.569521
vt 0.865319 0.585270
vt 0.858254 0.600541
vt 0.816612 0.962144
vt 0.825083 0.961816
vt 0.832463 0.960419
vt 0.842078 0.959118
vt 0.868708 0.952428
vt 0.879061 0.945645
vt 0.883510 0.593597
vt 0.878107 0.583838
vt 0.851065 0.546771
vt 0.844022 0.542051
vt 0.840452 0.538884
vt 0.833058 0.531680
vt 0.783395 0.465293
vt 0.777267 0.456595
vt 0.770917 0.448184
vt 0.760497 0.434772
vt 0.751768 0.420405
vt 0.450194 0.967841
vt 0.457603 0.969615
vt 0.433720 0.964386
vt 0.441614 0.966395
vt 0.863147 0.559137
vt 0.856643 0.552234
vt 0.773459 0.956426
vt 0.782786 0.957397
vt 0.744814 0.956649
vt 0.754415 0.956485
vt 0.759843 0.956117
vt 0.767375 0.956422
vt 0.707050 0.960091
vt 0.712992 0.959880
vt 0.711696 0.947708
vt 0.537113 0.970921
vt 0.531838 0.971227
vt 0.873199 0.575096
vt 0.868229 0.567042
vt 0.926471 0.642918
vt 0.924694 0.660546
vt 0.932545 0.649913
vt 0.526617 0.971576
vt 0.521151 0.971938
vt 0.510849 0.972475
vt 0.569574 0.970150
vt 0.576630 0.959158
vt 0.559078 0.970606
vt 0.697200 0.958866
vt 0.681209 0.958705
vt 0.801909 0.961069
vt 0.810156 0.961977
vt 0.940312 0.859300
vt 0.930545 0.910820
vt 0.933450 0.907402
vt 0.943012 0.892813
vt 0.943497 0.888124
vt 0.749332 0.885450
vt 0.729769 0.880358
vt 0.728935 0.907567
vt 0.746565 0.911384
vt 0.848572 0.670952
vt 0.868011 0.653334
vt 0.852184 0.639131
vt 0.831676 0.658356
vt 0.772494 0.864253
vt 0.752884 0.858593
vt 0.827446 0.877799
vt 0.935314 0.708163
vt 0.921167 0.694732
vt 0.910465 0.683921
vt 0.961870 0.705383
vt 0.948395 0.687028
vt 0.935544 0.671217
vt 0.937413 0.654899
vt 0.943477 0.662118
vt 0.961729 0.686544
vt 0.968206 0.696566
vt 0.692531 0.476890
vt 0.671172 0.494642
vt 0.651352 0.513938
vt 0.634207 0.531790
vt 0.562671 0.769087
vt 0.813995 0.644069
vt 0.836348 0.623517
vt 0.792530 0.667003
vt 0.795044 0.628090
vt 0.772240 0.653665
vt 0.816840 0.603887
vt 0.820574 0.601099
vt 0.708323 0.875188
vt 0.710434 0.904119
vt 0.628197 0.866832
vt 0.628755 0.896790
vt 0.658065 0.898745
vt 0.656925 0.865459
vt 0.682412 0.869350
vt 0.684153 0.900795
vt 0.683912 0.903399
vt 0.656492 0.900996
vt 0.625000 0.836167
vt 0.617865 0.809867
vt 0.611024 0.784692
vt 0.606849 0.773861
vt 0.577819 0.933391
vt 0.576367 0.901462
vt 0.671160 0.625351
vt 0.664882 0.627716
vt 0.614360 0.521627
vt 0.598105 0.513833
vt 0.583690 0.507430
vt 0.567881 0.496994
vt 0.617162 0.492608
vt 0.601619 0.481516
vt 0.633367 0.502403
vt 0.584970 0.469881
vt 0.621111 0.459442
vt 0.603731 0.445200
vt 0.636682 0.471283
vt 0.652073 0.481635
vt 0.642154 0.438623
vt 0.624947 0.423605
vt 0.657426 0.450047
vt 0.673338 0.461912
vt 0.644042 0.434351
vt 0.627951 0.419560
vt 0.659854 0.446621
vt 0.675474 0.458190
vt 0.684371 0.424399
vt 0.665429 0.409368
vt 0.708522 0.401212
vt 0.703029 0.437931
vt 0.730320 0.420585
vt 0.650267 0.395931
vt 0.737611 0.406083
vt 0.721455 0.393082
vt 0.729511 0.910409
vt 0.719561 0.958671
vt 0.730155 0.958129
vt 0.482519 0.898384
vt 0.422712 0.962946
vt 0.643164 0.706122
vt 0.635361 0.718117
vt 0.648507 0.695337
vt 0.647340 0.682961
vt 0.644092 0.675274
vt 0.635083 0.728906
vt 0.626828 0.723590
vt 0.622557 0.733798
vt 0.618844 0.725252
vt 0.611740 0.733414
vt 0.607111 0.724066
vt 0.975078 0.733073
vt 0.982496 0.740654
vt 0.981434 0.764605
vt 0.984275 0.755720
vt 0.973463 0.709524
vt 0.979116 0.725019
vt 0.924884 0.806468
vt 0.939405 0.796614
vt 0.956386 0.781086
vt 0.965125 0.773812
vt 0.968311 0.794202
vt 0.970860 0.772118
vt 0.929390 0.821255
vt 0.925924 0.836101
vt 0.983010 0.801373
vt 0.984647 0.790892
vt 0.603340 0.765360
vt 0.637583 0.595471
vt 0.646349 0.610110
vt 0.649408 0.620044
vt 0.605872 0.574069
vt 0.622807 0.582473
vt 0.772417 0.515847
vt 0.791417 0.498408
vt 0.826694 0.525105
vt 0.820821 0.519494
vt 0.818964 0.515334
vt 0.813664 0.508345
vt 0.808917 0.501750
vt 0.802187 0.492799
vt 0.797087 0.485202
vt 0.788903 0.473827
vt 0.855791 0.636322
vt 0.839176 0.620070
vt 0.906539 0.626150
vt 0.899355 0.615922
vt 0.887400 0.599690
vt 0.894603 0.608806
vt 0.969930 0.812742
vt 0.888491 0.940585
vt 0.898734 0.934841
vt 0.905548 0.930529
vt 0.911581 0.926670
vt 0.920989 0.918615
vt 0.925741 0.914717
vt 0.916203 0.922810
vt 0.505144 0.973328
vt 0.495785 0.973753
vt 0.627329 0.899340
vt 0.602726 0.899873
vt 0.597747 0.969288
vt 0.606630 0.971952
vt 0.579680 0.969901
vt 0.591832 0.969994
vt 0.644689 0.739344
vt 0.673460 0.653057
vt 0.667196 0.654991
vt 0.670431 0.684109
vt 0.664368 0.717384
vt 0.671408 0.749932
vt 0.669544 0.747634
vt 0.744958 0.803640
vt 0.739326 0.791998
vt 0.740064 0.802170
vt 0.655075 0.826109
vt 0.684890 0.836850
vt 0.693200 0.804772
vt 0.777156 0.725755
vt 0.780758 0.727360
vt 0.691319 0.698884
vt 0.695483 0.697649
vt 0.697057 0.688995
vt 0.699923 0.689934
vt 0.698196 0.684020
vt 0.701393 0.684618
vt 0.751017 0.683523
vt 0.744417 0.814308
vt 0.748627 0.810080
vt 0.751847 0.813386
vt 0.745087 0.819247
vt 0.736471 0.817674
vt 0.729907 0.804829
vt 0.723022 0.784027
vt 0.721337 0.782722
vt 0.734369 0.804957
vt 0.737703 0.791404
vt 0.733563 0.776649
vt 0.732218 0.852290
vt 0.709874 0.845324
vt 0.736247 0.823779
vt 0.729397 0.812679
vt 0.734748 0.808748
vt 0.708987 0.787345
vt 0.699096 0.796042
vt 0.750714 0.716831
vt 0.742114 0.714208
vt 0.770928 0.692164
vt 0.775496 0.717108
vt 0.811545 0.679403
vt 0.829424 0.691197
vt 0.770633 0.824307
vt 0.771409 0.817537
vt 0.774278 0.824220
vt 0.775078 0.819165
vt 0.793407 0.736155
vt 0.809900 0.713598
vt 0.718757 0.745295
vt 0.715079 0.743549
vt 0.713296 0.747654
vt 0.698501 0.791056
vt 0.739372 0.755006
vt 0.731523 0.774547
vt 0.828909 0.794074
vt 0.825396 0.791487
vt 0.818659 0.815684
vt 0.820241 0.789919
vt 0.834528 0.798370
vt 0.852949 0.804603
vt 0.839108 0.774299
vt 0.786902 0.772795
vt 0.777646 0.722332
vt 0.878815 0.755860
vt 0.577918 0.764002
vt 0.744880 0.699286
vt 0.798820 0.866420
vt 0.806440 0.853570
vt 0.791120 0.854280
vt 0.811620 0.864980
vt 0.803900 0.880870
vt 0.780940 0.868470
vt 0.786010 0.883420
vt 0.806160 0.895890
vt 0.817420 0.893220
vt 0.789830 0.898730
vt 0.815470 0.878930
vt 0.776150 0.900790
vt 0.790190 0.913810
vt 0.807150 0.910450
vt 0.818510 0.907330
vt 0.808230 0.925500
vt 0.819840 0.921670
vt 0.808800 0.940630
vt 0.820680 0.937430
vt 0.821870 0.956060
vt 0.809310 0.972270
vt 0.823670 0.972730
vt 0.809590 0.957400
vt 0.791090 0.943510
vt 0.792280 0.958090
vt 0.777250 0.958640
vt 0.776220 0.972250
vt 0.791830 0.972920
vt 0.788830 0.987600
vt 0.810000 0.987250
vt 0.828310 0.988760
vt 0.776210 0.987650
vt 0.762920 0.972790
vt 0.762950 0.987690
vt 0.747500 0.973770
vt 0.746740 0.988230
vt 0.762660 0.959160
vt 0.746920 0.960220
vt 0.729920 0.975250
vt 0.728860 0.961360
vt 0.705100 0.962610
vt 0.730960 0.988610
vt 0.706220 0.975690
vt 0.729030 0.948630
vt 0.705160 0.949860
vt 0.680830 0.975190
vt 0.678750 0.962810
vt 0.678270 0.950930
vt 0.655110 0.963090
vt 0.706520 0.936970
vt 0.653290 0.951930
vt 0.679360 0.938030
vt 0.652890 0.938770
vt 0.680260 0.925160
vt 0.707650 0.923500
vt 0.680780 0.911770
vt 0.707450 0.909490
vt 0.726560 0.907540
vt 0.727590 0.921810
vt 0.705920 0.895850
vt 0.680670 0.897700
vt 0.652240 0.913200
vt 0.652450 0.925840
vt 0.633200 0.925920
vt 0.635050 0.939180
vt 0.635930 0.953930
vt 0.620890 0.941940
vt 0.617400 0.926920
vt 0.614850 0.913710
vt 0.631440 0.913330
vt 0.630880 0.899550
vt 0.612650 0.899540
vt 0.629310 0.886940
vt 0.611340 0.886890
vt 0.612190 0.878460
vt 0.612240 0.867270
vt 0.629000 0.878380
vt 0.652220 0.876460
vt 0.629340 0.867040
vt 0.650630 0.864260
vt 0.628260 0.853850
vt 0.647350 0.851160
vt 0.642760 0.838100
vt 0.626550 0.841980
vt 0.611640 0.854630
vt 0.611400 0.843890
vt 0.672980 0.860110
vt 0.661980 0.834570
vt 0.668090 0.847120
vt 0.690180 0.843170
vt 0.684460 0.829770
vt 0.704610 0.825680
vt 0.709930 0.838620
vt 0.695540 0.856020
vt 0.676530 0.872270
vt 0.699630 0.868770
vt 0.715060 0.852490
vt 0.728420 0.848980
vt 0.719990 0.865750
vt 0.734190 0.862960
vt 0.703160 0.882370
vt 0.724350 0.879580
vt 0.738100 0.877510
vt 0.752700 0.874300
vt 0.740800 0.846560
vt 0.748340 0.860080
vt 0.722970 0.835780
vt 0.735140 0.833290
vt 0.752160 0.844300
vt 0.760020 0.857630
vt 0.718130 0.822450
vt 0.747210 0.830960
vt 0.731620 0.819730
vt 0.741910 0.817880
vt 0.760240 0.829130
vt 0.751700 0.816110
vt 0.775180 0.826940
vt 0.768500 0.813340
vt 0.791110 0.825140
vt 0.784230 0.810920
vt 0.799130 0.840060
vt 0.783020 0.841190
vt 0.774240 0.855070
vt 0.767190 0.842640
vt 0.767160 0.870980
vt 0.772710 0.885550
vt 0.756950 0.888590
vt 0.741180 0.891700
vt 0.743090 0.905800
vt 0.760380 0.903040
vt 0.744980 0.920250
vt 0.762520 0.918100
vt 0.777180 0.931090
vt 0.761770 0.931860
vt 0.777640 0.916510
vt 0.788990 0.929390
vt 0.777180 0.944900
vt 0.761800 0.946000
vt 0.745630 0.947460
vt 0.745380 0.934010
vt 0.728940 0.935480
vt 0.726100 0.894110
vt 0.679250 0.884480
vt 0.652400 0.899260
vt 0.652600 0.886670
vt 0.623570 0.958000
vt 0.625580 0.967900
vt 0.637570 0.965120
vt 0.627560 0.977810
vt 0.640960 0.976250
vt 0.628100 0.988070
vt 0.643050 0.986990
vt 0.658370 0.974700
vt 0.660210 0.986920
vt 0.682330 0.988140
vt 0.708070 0.989100
s 1
usemtl Shoesmat.001
f 1/1/1 2/2/2 3/3/3
f 3/3/3 4/4/4 1/1/1
f 5/5/5 6/6/6 7/7/7
f 8/8/8 9/9/9 10/10/10
f 11/11/11 12/12/12 13/13/13
f 14/14/14 15/15/15 16/16/16
f 17/17/17 18/18/18 19/19/19
f 20/20/20 21/21/21 22/22/22
f 23/23/23 24/24/24 25/25/25
f 26/26/26 27/27/27 28/28/28
f 29/29/29 30/30/30 28/28/28
f 31/31/31 32/32/32 33/33/33
f 34/34/34 27/27/27 35/35/35
f 34/34/34 35/35/35 32/32/32
f 34/34/34 32/32/32 31/31/31
f 36/36/36 34/34/34 31/31/31
f 34/34/34 36/36/36 37/37/37
f 28/28/28 38/38/38 29/29/29
f 39/39/39 40/40/40 41/41/41
f 42/42/42 43/43/43 44/44/44
f 45/45/45 46/46/46 47/47/47
f 48/48/48 49/49/49 50/50/50
f 51/51/51 52/52/52 53/53/53
f 53/53/53 52/52/52 54/54/54
f 55/55/55 56/56/56 57/57/57
f 58/58/58 59/59/59 60/60/60
f 60/60/60 61/61/61 58/58/58
f 62/62/62 63/63/63 64/64/64
f 65/65/65 66/66/66 67/67/67
f 68/68/68 69/69/69 70/70/70
f 71/71/71 72/72/72 73/73/73
f 74/74/74 75/75/75 76/76/76
f 77/77/77 78/78/78 79/79/79
f 80/80/80 81/81/81 82/82/82
f 78/78/78 77/77/77 80/80/80
f 82/82/82 78/78/78 80/80/80
f 83/83/83 84/84/84 85/85/85
f 86/86/86 83/83/83 85/85/85
f 87/87/87 88/88/88 89/89/89
f 90/90/90 91/91/91 92/92/92
f 11/11/11 93/93/93 94/94/94
f 94/94/94 93/93/93 95/95/95
f 96/96/96 97/97/97 94/94/94
f 98/98/98 99/99/99 100/100/100
f 101/101/101 102/102/102 98/98/98
f 98/98/98 100/100/100 101/101/101
f 103/103/103 104/104/104 105/105/105
f 106/106/106 107/107/107 108/108/108
f 107/107/107 109/109/109 110/110/110
f 106/106/106 109/109/109 107/107/107
f 111/111/111 112/112/112 113/113/113
f 114/114/114 115/115/115 116/116/116
f 117/117/117 118/118/118 119/119/119
f 117/117/117 119/119/119 120/120/120
f 121/121/121 122/122/122 123/123/123
f 124/124/124 125/125/125 122/122/122
f 126/126/126 127/127/127 128/128/128
f 129/129/129 118/118/118 130/130/130
f 131/131/131 132/132/132 133/133/133
f 133/133/133 132/132/132 134/134/134
f 135/135/135 136/136/136 137/137/137
f 138/138/138 139/139/139 140/140/140
f 140/140/140 141/141/141 138/138/138
f 142/142/142 143/143/143 109/109/109
f 144/144/144 145/145/145 143/143/143
f 146/146/146 147/147/147 134/134/134
f 148/148/148 141/141/141 149/149/149
f 147/147/147 150/150/150 142/142/142
f 150/150/150 151/151/151 142/142/142
f 137/137/137 146/146/146 135/135/135
f 152/152/152 153/153/153 154/154/154
f 155/155/155 156/156/156 157/157/157
f 158/158/158 127/127/127 159/159/159
f 152/152/152 160/160/160 161/161/161
f 162/162/162 163/163/163 153/153/153
f 164/164/164 163/163/163 162/162/162
f 165/165/165 159/159/159 166/166/166
f 126/126/126 167/167/167 166/166/166
f 168/168/168 163/163/163 164/164/164
f 169/169/169 168/168/168 164/164/164
f 170/170/170 171/171/171 169/169/169
f 172/172/172 173/173/173 174/174/174
f 175/175/175 176/176/176 177/177/177
f 174/174/174 173/173/173 178/178/178
f 39/39/39 179/179/179 180/180/180
f 181/181/181 182/182/182 183/183/183
f 184/184/184 185/185/185 186/186/186
f 187/187/187 188/188/188 189/189/189
f 175/175/175 190/190/190 191/191/191
f 192/192/192 193/193/193 194/194/194
f 195/195/195 196/196/196 188/188/188
f 197/197/197 194/194/194 193/193/193
f 197/197/197 198/198/198 196/196/196
f 197/197/197 184/184/184 194/194/194
f 199/199/199 200/200/200 201/201/201
f 202/202/202 203/203/203 204/204/204
f 205/205/205 206/206/206 207/207/207
f 208/208/208 209/209/209 210/210/210
f 211/211/211 212/212/212 112/112/112
f 213/213/213 214/214/214 215/215/215
f 216/216/216 217/217/217 218/218/218
f 219/219/219 217/217/217 216/216/216
f 216/216/216 220/220/220 219/219/219
f 221/221/221 222/222/222 223/223/223
f 172/172/172 224/224/224 225/225/225
f 222/222/222 226/226/226 223/223/223
f 227/227/227 228/228/228 229/229/229
f 230/230/230 223/223/223 227/227/227
f 231/231/231 232/232/232 233/233/233
f 234/234/234 235/235/235 236/236/236
f 236/236/236 148/148/148 234/234/234
f 237/237/237 231/231/231 233/233/233
f 238/238/238 239/239/239 240/240/240
f 241/241/241 239/239/239 238/238/238
f 242/242/242 243/243/243 240/240/240
f 244/244/244 238/238/238 240/240/240
f 244/244/244 237/237/237 245/245/245
f 246/246/246 247/247/247 248/248/248
f 249/249/249 248/248/248 250/250/250
f 251/251/251 250/250/250 248/248/248
f 252/252/252 250/250/250 251/251/251
f 243/243/243 253/253/253 232/232/232
f 254/254/254 255/255/255 195/195/195
f 256/256/256 257/257/257 258/258/258
f 259/259/259 256/256/256 260/260/260
f 242/242/242 257/257/257 256/256/256
f 256/256/256 259/259/259 242/242/242
f 261/261/261 230/230/230 227/227/227
f 262/262/262 263/263/263 264/264/264
f 265/265/265 266/266/266 263/263/263
f 267/267/267 268/268/268 269/269/269
f 270/270/270 271/271/271 272/272/272
f 273/273/273 272/272/272 262/262/262
f 262/262/262 272/272/272 274/274/274
f 273/273/273 275/275/275 276/276/276
f 277/277/277 272/272/272 273/273/273
f 278/278/278 277/277/277 279/279/279
f 279/279/279 280/280/280 278/278/278
f 281/281/281 282/282/282 261/261/261
f 261/261/261 282/282/282 283/283/283
f 284/284/284 285/285/285 286/286/286
f 287/287/287 283/283/283 282/282/282
f 288/288/288 284/284/284 286/286/286
f 268/268/268 267/267/267 289/289/289
f 290/290/290 291/291/291 292/292/292
f 293/293/293 291/291/291 290/290/290
f 293/293/293 294/294/294 291/291/291
f 290/290/290 294/294/294 293/293/293
f 295/295/295 296/296/296 297/297/297
f 298/298/298 299/299/299 300/300/300
f 301/301/301 296/296/296 295/295/295
f 301/301/301 302/302/302 303/303/303
f 300/300/300 304/304/304 298/298/298
f 300/300/300 299/299/299 304/304/304
f 305/305/305 298/298/298 304/304/304
f 288/288/288 306/306/306 307/307/307
f 307/307/307 306/306/306 289/289/289
f 299/299/299 306/306/306 296/296/296
f 296/296/296 306/306/306 294/294/294
f 218/218/218 308/308/308 40/40/40
f 309/309/309 310/310/310 311/311/311
f 302/302/302 312/312/312 303/303/303
f 313/313/313 310/310/310 309/309/309
f 314/314/314 315/315/315 297/297/297
f 314/314/314 316/316/316 315/315/315
f 317/317/317 318/318/318 319/319/319
f 320/320/320 317/317/317 321/321/321
f 317/317/317 320/320/320 322/322/322
f 323/323/323 253/253/253 324/324/324
f 325/325/325 326/326/326 119/119/119
f 327/327/327 245/245/245 237/237/237
f 233/233/233 328/328/328 329/329/329
f 330/330/330 329/329/329 331/331/331
f 330/330/330 331/331/331 332/332/332
f 332/332/332 331/331/331 333/333/333
f 329/329/329 328/328/328 331/331/331
f 333/333/333 331/331/331 323/323/323
f 334/334/334 335/335/335 329/329/329
f 329/329/329 335/335/335 336/336/336
f 337/337/337 338/338/338 71/71/71
f 339/339/339 340/340/340 341/341/341
f 339/339/339 168/168/168 169/169/169
f 342/342/342 343/343/343 344/344/344
f 344/344/344 247/247/247 342/342/342
f 345/345/345 247/247/247 344/344/344
f 346/346/346 330/330/330 347/347/347
f 348/348/348 347/347/347 349/349/349
f 332/332/332 347/347/347 330/330/330
f 323/323/323 349/349/349 333/333/333
f 348/348/348 344/344/344 350/350/350
f 351/351/351 176/176/176 352/352/352
f 353/353/353 354/354/354 351/351/351
f 249/249/249 354/354/354 355/355/355
f 356/356/356 357/357/357 353/353/353
f 208/208/208 358/358/358 359/359/359
f 351/351/351 356/356/356 353/353/353
f 212/212/212 360/360/360 361/361/361
f 362/362/362 363/363/363 178/178/178
f 364/364/364 360/360/360 363/363/363
f 221/221/221 209/209/209 365/365/365
f 364/364/364 366/366/366 367/367/367
f 363/363/363 366/366/366 364/364/364
f 368/368/368 369/369/369 370/370/370
f 368/368/368 370/370/370 371/371/371
f 371/371/371 370/370/370 372/372/372
f 371/371/371 372/372/372 373/373/373
f 370/370/370 374/374/374 375/375/375
f 370/370/370 375/375/375 372/372/372
f 369/369/369 376/376/376 374/374/374
f 369/369/369 374/374/374 370/370/370
f 373/373/373 372/372/372 377/377/377
f 373/373/373 377/377/377 378/378/378
f 379/379/379 380/380/380 381/381/381
f 379/379/379 381/381/381 382/382/382
f 383/383/383 384/384/384 385/385/385
f 383/383/383 385/385/385 386/386/386
f 384/384/384 387/387/387 388/388/388
f 384/384/384 388/388/388 385/385/385
f 389/389/389 390/390/390 391/391/391
f 389/389/389 391/391/391 392/392/392
f 390/390/390 393/393/393 394/394/394
f 390/390/390 394/394/394 391/391/391
f 395/395/395 396/396/396 397/397/397
f 395/395/395 397/397/397 398/398/398
f 399/399/399 400/400/400 401/401/401
f 399/399/399 401/401/401 402/402/402
f 403/403/403 404/404/404 405/405/405
f 403/403/403 405/405/405 406/406/406
f 404/404/404 407/407/407 408/408/408
f 404/404/404 408/408/408 405/405/405
f 396/396/396 409/409/409 410/410/410
f 396/396/396 410/410/410 397/397/397
f 411/411/411 399/399/399 402/402/402
f 411/411/411 402/402/402 412/412/412
f 413/413/413 414/414/414 415/415/415
f 413/413/413 415/415/415 416/416/416
f 417/417/417 411/411/411 412/412/412
f 417/417/417 412/412/412 418/418/418
f 386/386/386 385/385/385 419/419/419
f 386/386/386 419/419/419 420/420/420
f 420/420/420 419/419/419 374/374/374
f 420/420/420 374/374/374 376/376/376
f 419/419/419 421/421/421 375/375/375
f 419/419/419 375/375/375 374/374/374
f 385/385/385 388/388/388 421/421/421
f 385/385/385 421/421/421 419/419/419
f 392/392/392 391/391/391 422/422/422
f 392/392/392 422/422/422 423/423/423
f 423/423/423 422/422/422 371/371/371
f 423/423/423 371/371/371 373/373/373
f 422/422/422 424/424/424 368/368/368
f 422/422/422 368/368/368 371/371/371
f 391/391/391 394/394/394 424/424/424
f 391/391/391 424/424/424 422/422/422
f 380/380/380 425/425/425 426/426/426
f 380/380/380 426/426/426 381/381/381
f 425/425/425 427/427/427 428/428/428
f 425/425/425 428/428/428 426/426/426
f 380/380/380 429/429/429 430/430/430
f 380/380/380 430/430/430 425/425/425
f 425/425/425 430/430/430 431/431/431
f 425/425/425 431/431/431 427/427/427
f 389/389/389 432/432/432 433/433/433
f 389/389/389 433/433/433 390/390/390
f 390/390/390 433/433/433 434/434/434
f 390/390/390 434/434/434 393/393/393
f 379/379/379 435/435/435 429/429/429
f 379/379/379 429/429/429 380/380/380
f 436/436/436 437/437/437 438/438/438
f 436/436/436 438/438/438 439/439/439
f 437/437/437 440/440/440 441/441/441
f 437/437/437 441/441/441 438/438/438
f 387/387/387 384/384/384 442/442/442
f 387/387/387 442/442/442 443/443/443
f 384/384/384 383/383/383 444/444/444
f 384/384/384 444/444/444 442/442/442
f 445/445/445 436/436/436 439/439/439
f 445/445/445 439/439/439 446/446/446
f 447/447/447 448/448/448 449/449/449
f 447/447/447 449/449/449 450/450/450
f 451/451/451 449/449/449 448/448/448
f 451/451/451 448/448/448 452/452/452
f 453/453/453 454/454/454 455/455/455
f 453/453/453 455/455/455 456/456/456
f 451/451/451 452/452/452 453/453/453
f 451/451/451 453/453/453 456/456/456
f 457/457/457 458/458/458 459/459/459
f 457/457/457 459/459/459 460/460/460
f 461/461/461 457/457/457 460/460/460
f 461/461/461 460/460/460 462/462/462
f 463/463/463 464/464/464 465/465/465
f 463/463/463 465/465/465 466/466/466
f 466/466/466 465/465/465 467/467/467
f 466/466/466 467/467/467 468/468/468
f 469/469/469 470/470/470 471/471/471
f 469/469/469 471/471/471 472/472/472
f 448/448/448 473/473/473 474/474/474
f 448/448/448 474/474/474 452/452/452
f 447/447/447 475/475/475 473/473/473
f 447/447/447 473/473/473 448/448/448
f 453/453/453 476/476/476 477/477/477
f 453/453/453 477/477/477 454/454/454
f 452/452/452 474/474/474 476/476/476
f 452/452/452 476/476/476 453/453/453
f 457/457/457 405/405/405 408/408/408
f 457/457/457 408/408/408 458/458/458
f 461/461/461 406/406/406 405/405/405
f 461/461/461 405/405/405 457/457/457
f 464/464/464 398/398/398 397/397/397
f 464/464/464 397/397/397 465/465/465
f 465/465/465 397/397/397 410/410/410
f 465/465/465 410/410/410 467/467/467
f 478/478/478 418/418/418 412/412/412
f 478/478/478 412/412/412 479/479/479
f 479/479/479 412/412/412 402/402/402
f 479/479/479 402/402/402 470/470/470
f 470/470/470 402/402/402 401/401/401
f 470/470/470 401/401/401 471/471/471
f 449/449/449 451/451/451 480/480/480
f 449/449/449 480/480/480 481/481/481
f 455/455/455 482/482/482 483/483/483
f 455/455/455 483/483/483 456/456/456
f 456/456/456 483/483/483 480/480/480
f 456/456/456 480/480/480 451/451/451
f 459/459/459 484/484/484 485/485/485
f 459/459/459 485/485/485 460/460/460
f 460/460/460 485/485/485 486/486/486
f 460/460/460 486/486/486 462/462/462
f 466/466/466 487/487/487 488/488/488
f 466/466/466 488/488/488 463/463/463
f 468/468/468 489/489/489 487/487/487
f 468/468/468 487/487/487 466/466/466
f 462/462/462 486/486/486 490/490/490
f 462/462/462 490/490/490 491/491/491
f 492/492/492 493/493/493 491/491/491
f 492/492/492 491/491/491 490/490/490
f 494/494/494 461/461/461 462/462/462
f 494/494/494 462/462/462 491/491/491
f 493/493/493 495/495/495 494/494/494
f 493/493/493 494/494/494 491/491/491
f 494/494/494 496/496/496 406/406/406
f 494/494/494 406/406/406 461/461/461
f 495/495/495 497/497/497 496/496/496
f 495/495/495 496/496/496 494/494/494
f 497/497/497 498/498/498 499/499/499
f 497/497/497 499/499/499 496/496/496
f 499/499/499 403/403/403 406/406/406
f 499/499/499 406/406/406 496/496/496
f 500/500/500 501/501/501 502/502/502
f 500/500/500 502/502/502 503/503/503
f 504/504/504 503/503/503 502/502/502
f 504/504/504 502/502/502 505/505/505
f 115/115/115 506/506/506 507/507/507
f 115/115/115 507/507/507 508/508/508
f 508/508/508 507/507/507 509/509/509
f 508/508/508 509/509/509 510/510/510
f 511/511/511 508/508/508 510/510/510
f 511/511/511 510/510/510 512/512/512
f 513/513/513 506/506/506 115/115/115
f 513/513/513 115/115/115 114/114/114
f 478/478/478 479/479/479 514/514/514
f 478/478/478 514/514/514 515/515/515
f 479/479/479 470/470/470 469/469/469
f 479/479/479 469/469/469 514/514/514
f 114/114/114 2/2/2 59/59/59
f 114/114/114 59/59/59 513/513/513
f 509/509/509 516/516/516 517/517/517
f 509/509/509 517/517/517 510/510/510
f 510/510/510 517/517/517 518/518/518
f 510/510/510 518/518/518 512/512/512
f 519/519/519 504/504/504 505/505/505
f 519/519/519 505/505/505 520/520/520
f 60/60/60 59/59/59 2/2/2
f 60/60/60 2/2/2 1/1/1
f 521/521/521 522/522/522 396/396/396
f 521/521/521 396/396/396 395/395/395
f 523/523/523 400/400/400 399/399/399
f 523/523/523 399/399/399 524/524/524
f 525/525/525 526/526/526 407/407/407
f 525/525/525 407/407/407 404/404/404
f 527/527/527 525/525/525 404/404/404
f 527/527/527 404/404/404 403/403/403
f 528/528/528 501/501/501 500/500/500
f 528/528/528 500/500/500 529/529/529
f 522/522/522 530/530/530 409/409/409
f 522/522/522 409/409/409 396/396/396
f 524/524/524 399/399/399 411/411/411
f 524/524/524 411/411/411 531/531/531
f 531/531/531 411/411/411 417/417/417
f 531/531/531 417/417/417 532/532/532
f 527/527/527 403/403/403 499/499/499
f 527/527/527 499/499/499 533/533/533
f 534/534/534 533/533/533 499/499/499
f 534/534/534 499/499/499 498/498/498
f 535/535/535 536/536/536 414/414/414
f 535/535/535 414/414/414 413/413/413
f 537/537/537 538/538/538 522/522/522
f 537/537/537 522/522/522 521/521/521
f 539/539/539 540/540/540 526/526/526
f 539/539/539 526/526/526 525/525/525
f 541/541/541 539/539/539 525/525/525
f 541/541/541 525/525/525 527/527/527
f 542/542/542 543/543/543 533/533/533
f 542/542/542 533/533/533 534/534/534
f 544/544/544 545/545/545 523/523/523
f 544/544/544 523/523/523 524/524/524
f 540/540/540 539/539/539 546/546/546
f 540/540/540 546/546/546 547/547/547
f 539/539/539 541/541/541 548/548/548
f 539/539/539 548/548/548 546/546/546
f 543/543/543 542/542/542 549/549/549
f 543/543/543 549/549/549 550/550/550
f 545/545/545 544/544/544 551/551/551
f 545/545/545 551/551/551 552/552/552
f 538/538/538 553/553/553 530/530/530
f 538/538/538 530/530/530 522/522/522
f 553/553/553 538/538/538 554/554/554
f 553/553/553 554/554/554 555/555/555
f 538/538/538 537/537/537 556/556/556
f 538/538/538 556/556/556 554/554/554
f 557/557/557 544/544/544 524/524/524
f 557/557/557 524/524/524 531/531/531
f 558/558/558 557/557/557 531/531/531
f 558/558/558 531/531/531 532/532/532
f 559/559/559 560/560/560 557/557/557
f 559/559/559 557/557/557 558/558/558
f 536/536/536 535/535/535 561/561/561
f 536/536/536 561/561/561 562/562/562
f 563/563/563 564/564/564 562/562/562
f 563/563/563 562/562/562 561/561/561
f 560/560/560 551/551/551 544/544/544
f 560/560/560 544/544/544 557/557/557
f 565/565/565 566/566/566 567/567/567
f 565/565/565 567/567/567 568/568/568
f 568/568/568 567/567/567 528/528/528
f 568/568/568 528/528/528 529/529/529
f 441/441/441 20/20/20 569/569/569
f 441/441/441 569/569/569 438/438/438
f 438/438/438 569/569/569 570/570/570
f 438/438/438 570/570/570 439/439/439
f 439/439/439 570/570/570 571/571/571
f 439/439/439 571/571/571 446/446/446
f 444/444/444 5/5/5 572/572/572
f 444/444/444 572/572/572 442/442/442
f 432/432/432 573/573/573 574/574/574
f 432/432/432 574/574/574 433/433/433
f 430/430/430 575/575/575 576/576/576
f 430/430/430 576/576/576 431/431/431
f 556/556/556 577/577/577 578/578/578
f 556/556/556 578/578/578 554/554/554
f 579/579/579 546/546/546 548/548/548
f 579/579/579 548/548/548 580/580/580
f 581/581/581 550/550/550 549/549/549
f 581/581/581 549/549/549 582/582/582
f 583/583/583 552/552/552 551/551/551
f 583/583/583 551/551/551 584/584/584
f 584/584/584 551/551/551 560/560/560
f 584/584/584 560/560/560 585/585/585
f 554/554/554 578/578/578 586/586/586
f 554/554/554 586/586/586 555/555/555
f 563/563/563 587/587/587 588/588/588
f 563/563/563 588/588/588 564/564/564
f 559/559/559 589/589/589 585/585/585
f 559/559/559 585/585/585 560/560/560
f 590/590/590 378/378/378 377/377/377
f 590/590/590 377/377/377 591/591/591
f 377/377/377 592/592/592 593/593/593
f 377/377/377 593/593/593 591/591/591
f 372/372/372 375/375/375 592/592/592
f 372/372/372 592/592/592 377/377/377
f 388/388/388 387/387/387 594/594/594
f 388/388/388 594/594/594 595/595/595
f 421/421/421 388/388/388 595/595/595
f 421/421/421 595/595/595 596/596/596
f 375/375/375 421/421/421 596/596/596
f 375/375/375 596/596/596 592/592/592
f 597/597/597 594/594/594 387/387/387
f 597/597/597 387/387/387 443/443/443
f 598/598/598 593/593/593 592/592/592
f 598/598/598 592/592/592 596/596/596
f 26/26/26 598/598/598 596/596/596
f 26/26/26 596/596/596 595/595/595
f 27/27/27 26/26/26 595/595/595
f 27/27/27 595/595/595 594/594/594
f 35/35/35 27/27/27 594/594/594
f 35/35/35 594/594/594 597/597/597
f 570/570/570 569/569/569 599/599/599
f 570/570/570 599/599/599 600/600/600
f 571/571/571 570/570/570 600/600/600
f 571/571/571 600/600/600 601/601/601
f 602/602/602 603/603/603 604/604/604
f 602/602/602 604/604/604 605/605/605
f 606/606/606 583/583/583 584/584/584
f 606/606/606 584/584/584 607/607/607
f 608/608/608 606/606/606 607/607/607
f 608/608/608 607/607/607 609/609/609
f 606/606/606 608/608/608 10/10/10
f 606/606/606 10/10/10 9/9/9
f 583/583/583 606/606/606 9/9/9
f 583/583/583 9/9/9 610/610/610
f 611/611/611 576/576/576 575/575/575
f 611/611/611 575/575/575 612/612/612
f 613/613/613 581/581/581 582/582/582
f 613/613/613 582/582/582 614/614/614
f 579/579/579 580/580/580 615/615/615
f 579/579/579 615/615/615 12/12/12
f 12/12/12 615/615/615 616/616/616
f 12/12/12 616/616/616 13/13/13
f 580/580/580 581/581/581 613/613/613
f 580/580/580 613/613/613 615/615/615
f 586/586/586 578/578/578 15/15/15
f 586/586/586 15/15/15 617/617/617
f 578/578/578 577/577/577 19/19/19
f 578/578/578 19/19/19 15/15/15
f 18/18/18 16/16/16 15/15/15
f 18/18/18 15/15/15 19/19/19
f 15/15/15 14/14/14 618/618/618
f 15/15/15 618/618/618 617/617/617
f 619/619/619 46/46/46 602/602/602
f 619/619/619 602/602/602 605/605/605
f 569/569/569 20/20/20 22/22/22
f 569/569/569 22/22/22 599/599/599
f 20/20/20 620/620/620 50/50/50
f 20/20/20 50/50/50 21/21/21
f 5/5/5 571/571/571 601/601/601
f 5/5/5 601/601/601 6/6/6
f 572/572/572 5/5/5 7/7/7
f 572/572/572 7/7/7 621/621/621
f 23/23/23 622/622/622 623/623/623
f 23/23/23 623/623/623 24/24/24
f 23/23/23 588/588/588 587/587/587
f 23/23/23 587/587/587 622/622/622
f 622/622/622 624/624/624 625/625/625
f 622/622/622 625/625/625 623/623/623
f 626/626/626 625/625/625 624/624/624
f 626/626/626 624/624/624 627/627/627
f 6/6/6 601/601/601 628/628/628
f 6/6/6 628/628/628 629/629/629
f 7/7/7 6/6/6 630/630/630
f 7/7/7 630/630/630 631/631/631
f 621/621/621 632/632/632 633/633/633
f 621/621/621 633/633/633 89/89/89
f 626/626/626 81/81/81 634/634/634
f 626/626/626 634/634/634 635/635/635
f 24/24/24 623/623/623 636/636/636
f 24/24/24 636/636/636 637/637/637
f 25/25/25 24/24/24 638/638/638
f 25/25/25 638/638/638 639/639/639
f 608/608/608 609/609/609 640/640/640
f 608/608/608 640/640/640 641/641/641
f 10/10/10 608/608/608 642/642/642
f 10/10/10 642/642/642 643/643/643
f 8/8/8 10/10/10 643/643/643
f 8/8/8 643/643/643 644/644/644
f 11/11/11 13/13/13 645/645/645
f 11/11/11 645/645/645 646/646/646
f 13/13/13 616/616/616 647/647/647
f 13/13/13 647/647/647 648/648/648
f 623/623/623 625/625/625 649/649/649
f 623/623/623 649/649/649 650/650/650
f 599/599/599 22/22/22 651/651/651
f 599/599/599 651/651/651 652/652/652
f 21/21/21 50/50/50 653/653/653
f 21/21/21 653/653/653 654/654/654
f 22/22/22 21/21/21 655/655/655
f 22/22/22 655/655/655 656/656/656
f 657/657/657 658/658/658 659/659/659
f 657/657/657 659/659/659 619/619/619
f 660/660/660 14/14/14 16/16/16
f 660/660/660 16/16/16 661/661/661
f 626/626/626 662/662/662 663/663/663
f 626/626/626 663/663/663 625/625/625
f 664/664/664 612/612/612 665/665/665
f 664/664/664 665/665/665 666/666/666
f 16/16/16 18/18/18 667/667/667
f 16/16/16 667/667/667 661/661/661
f 668/668/668 18/18/18 17/17/17
f 668/668/668 17/17/17 669/669/669
f 670/670/670 671/671/671 618/618/618
f 670/670/670 618/618/618 672/672/672
f 673/673/673 619/619/619 605/605/605
f 673/673/673 605/605/605 674/674/674
f 601/601/601 600/600/600 675/675/675
f 601/601/601 675/675/675 676/676/676
f 26/26/26 28/28/28 30/30/30
f 26/26/26 30/30/30 677/677/677
f 678/678/678 679/679/679 31/31/31
f 678/678/678 31/31/31 33/33/33
f 37/37/37 36/36/36 680/680/680
f 37/37/37 680/680/680 681/681/681
f 28/28/28 27/27/27 34/34/34
f 28/28/28 34/34/34 38/38/38
f 682/682/682 683/683/683 684/684/684
f 682/682/682 684/684/684 685/685/685
f 686/686/686 687/687/687 688/688/688
f 686/686/686 688/688/688 689/689/689
f 427/427/427 431/431/431 687/687/687
f 427/427/427 687/687/687 686/686/686
f 682/682/682 440/440/440 690/690/690
f 682/682/682 690/690/690 691/691/691
f 441/441/441 440/440/440 682/682/682
f 441/441/441 682/682/682 685/685/685
f 685/685/685 620/620/620 20/20/20
f 685/685/685 20/20/20 441/441/441
f 446/446/446 571/571/571 5/5/5
f 446/446/446 5/5/5 444/444/444
f 383/383/383 445/445/445 446/446/446
f 383/383/383 446/446/446 444/444/444
f 692/692/692 445/445/445 383/383/383
f 692/692/692 383/383/383 386/386/386
f 393/393/393 379/379/379 382/382/382
f 393/393/393 382/382/382 394/394/394
f 393/393/393 434/434/434 435/435/435
f 393/393/393 435/435/435 379/379/379
f 433/433/433 574/574/574 693/693/693
f 433/433/433 693/693/693 434/434/434
f 435/435/435 694/694/694 695/695/695
f 435/435/435 695/695/695 429/429/429
f 429/429/429 695/695/695 575/575/575
f 429/429/429 575/575/575 430/430/430
f 575/575/575 695/695/695 665/665/665
f 575/575/575 665/665/665 612/612/612
f 693/693/693 574/574/574 696/696/696
f 693/693/693 696/696/696 697/697/697
f 698/698/698 665/665/665 695/695/695
f 698/698/698 695/695/695 694/694/694
f 699/699/699 665/665/665 698/698/698
f 699/699/699 698/698/698 700/700/700
f 701/701/701 697/697/697 696/696/696
f 701/701/701 696/696/696 702/702/702
f 434/434/434 693/693/693 694/694/694
f 434/434/434 694/694/694 435/435/435
f 698/698/698 694/694/694 693/693/693
f 698/698/698 693/693/693 697/697/697
f 463/463/463 488/488/488 484/484/484
f 463/463/463 484/484/484 459/459/459
f 459/459/459 458/458/458 464/464/464
f 459/459/459 464/464/464 463/463/463
f 458/458/458 408/408/408 398/398/398
f 458/458/458 398/398/398 464/464/464
f 407/407/407 395/395/395 398/398/398
f 407/407/407 398/398/398 408/408/408
f 526/526/526 521/521/521 395/395/395
f 526/526/526 395/395/395 407/407/407
f 540/540/540 537/537/537 521/521/521
f 540/540/540 521/521/521 526/526/526
f 556/556/556 537/537/537 540/540/540
f 556/556/556 540/540/540 547/547/547
f 610/610/610 703/703/703 552/552/552
f 610/610/610 552/552/552 583/583/583
f 704/704/704 545/545/545 552/552/552
f 704/704/704 552/552/552 703/703/703
f 523/523/523 545/545/545 704/704/704
f 523/523/523 704/704/704 705/705/705
f 705/705/705 706/706/706 400/400/400
f 705/705/705 400/400/400 523/523/523
f 401/401/401 400/400/400 706/706/706
f 401/401/401 706/706/706 475/475/475
f 471/471/471 401/401/401 475/475/475
f 471/471/471 475/475/475 447/447/447
f 472/472/472 471/471/471 447/447/447
f 472/472/472 447/447/447 450/450/450
f 568/568/568 553/553/553 555/555/555
f 568/568/568 555/555/555 565/565/565
f 530/530/530 553/553/553 568/568/568
f 530/530/530 568/568/568 529/529/529
f 409/409/409 530/530/530 529/529/529
f 409/409/409 529/529/529 500/500/500
f 410/410/410 409/409/409 500/500/500
f 410/410/410 500/500/500 503/503/503
f 467/467/467 410/410/410 503/503/503
f 467/467/467 503/503/503 504/504/504
f 468/468/468 467/467/467 504/504/504
f 468/468/468 504/504/504 519/519/519
f 519/519/519 707/707/707 489/489/489
f 519/519/519 489/489/489 468/468/468
f 580/580/580 548/548/548 550/550/550
f 580/580/580 550/550/550 581/581/581
f 541/541/541 543/543/543 550/550/550
f 541/541/541 550/550/550 548/548/548
f 533/533/533 543/543/543 541/541/541
f 533/533/533 541/541/541 527/527/527
f 708/708/708 689/689/689 688/688/688
f 708/708/708 688/688/688 709/709/709
f 710/710/710 708/708/708 711/711/711
f 710/710/710 711/711/711 712/712/712
f 711/711/711 708/708/708 709/709/709
f 711/711/711 709/709/709 713/713/713
f 713/713/713 563/563/563 561/561/561
f 713/713/713 561/561/561 711/711/711
f 563/563/563 713/713/713 714/714/714
f 563/563/563 714/714/714 587/587/587
f 622/622/622 587/587/587 714/714/714
f 622/622/622 714/714/714 624/624/624
f 712/712/712 711/711/711 561/561/561
f 712/712/712 561/561/561 535/535/535
f 683/683/683 715/715/715 716/716/716
f 683/683/683 716/716/716 684/684/684
f 717/717/717 718/718/718 719/719/719
f 717/717/717 719/719/719 720/720/720
f 716/716/716 715/715/715 721/721/721
f 716/716/716 721/721/721 722/722/722
f 723/723/723 724/724/724 603/603/603
f 723/723/723 603/603/603 602/602/602
f 722/722/722 721/721/721 720/720/720
f 722/722/722 720/720/720 719/719/719
f 723/723/723 722/722/722 719/719/719
f 723/723/723 719/719/719 724/724/724
f 567/567/567 566/566/566 718/718/718
f 567/567/567 718/718/718 717/717/717
f 528/528/528 567/567/567 717/717/717
f 528/528/528 717/717/717 725/725/725
f 725/725/725 726/726/726 501/501/501
f 725/725/725 501/501/501 528/528/528
f 502/502/502 501/501/501 726/726/726
f 502/502/502 726/726/726 727/727/727
f 505/505/505 502/502/502 727/727/727
f 505/505/505 727/727/727 728/728/728
f 729/729/729 617/617/617 618/618/618
f 729/729/729 618/618/618 671/671/671
f 730/730/730 586/586/586 617/617/617
f 730/730/730 617/617/617 729/729/729
f 555/555/555 586/586/586 730/730/730
f 555/555/555 730/730/730 565/565/565
f 731/731/731 478/478/478 515/515/515
f 731/731/731 515/515/515 732/732/732
f 731/731/731 415/415/415 418/418/418
f 731/731/731 418/418/418 478/478/478
f 414/414/414 417/417/417 418/418/418
f 414/414/414 418/418/418 415/415/415
f 532/532/532 417/417/417 414/414/414
f 532/532/532 414/414/414 536/536/536
f 562/562/562 558/558/558 532/532/532
f 562/562/562 532/532/532 536/536/536
f 564/564/564 559/559/559 558/558/558
f 564/564/564 558/558/558 562/562/562
f 588/588/588 589/589/589 559/559/559
f 588/588/588 559/559/559 564/564/564
f 475/475/475 706/706/706 733/733/733
f 475/475/475 733/733/733 473/473/473
f 734/734/734 735/735/735 476/476/476
f 734/734/734 476/476/476 474/474/474
f 735/735/735 736/736/736 477/477/477
f 735/735/735 477/477/477 476/476/476
f 734/734/734 737/737/737 738/738/738
f 734/734/734 738/738/738 735/735/735
f 739/739/739 733/733/733 706/706/706
f 739/739/739 706/706/706 705/705/705
f 740/740/740 736/736/736 735/735/735
f 740/740/740 735/735/735 738/738/738
f 741/741/741 742/742/742 740/740/740
f 741/741/741 740/740/740 738/738/738
f 737/737/737 743/743/743 741/741/741
f 737/737/737 741/741/741 738/738/738
f 705/705/705 704/704/704 744/744/744
f 705/705/705 744/744/744 739/739/739
f 742/742/742 741/741/741 745/745/745
f 742/742/742 745/745/745 746/746/746
f 743/743/743 747/747/747 745/745/745
f 743/743/743 745/745/745 741/741/741
f 748/748/748 744/744/744 704/704/704
f 748/748/748 704/704/704 703/703/703
f 749/749/749 750/750/750 746/746/746
f 749/749/749 746/746/746 745/745/745
f 747/747/747 751/751/751 749/749/749
f 747/747/747 749/749/749 745/745/745
f 610/610/610 752/752/752 748/748/748
f 610/610/610 748/748/748 703/703/703
f 751/751/751 753/753/753 754/754/754
f 751/751/751 754/754/754 749/749/749
f 755/755/755 57/57/57 754/754/754
f 755/755/755 754/754/754 753/753/753
f 756/756/756 752/752/752 610/610/610
f 756/756/756 610/610/610 9/9/9
f 756/756/756 757/757/757 755/755/755
f 756/756/756 755/755/755 753/753/753
f 757/757/757 756/756/756 9/9/9
f 757/757/757 9/9/9 8/8/8
f 758/758/758 750/750/750 749/749/749
f 758/758/758 749/749/749 754/754/754
f 757/757/757 759/759/759 760/760/760
f 757/757/757 760/760/760 755/755/755
f 57/57/57 755/755/755 44/44/44
f 57/57/57 44/44/44 43/43/43
f 733/733/733 739/739/739 737/737/737
f 733/733/733 737/737/737 734/734/734
f 474/474/474 473/473/473 733/733/733
f 474/474/474 733/733/733 734/734/734
f 743/743/743 737/737/737 739/739/739
f 743/743/743 739/739/739 744/744/744
f 747/747/747 743/743/743 744/744/744
f 747/747/747 744/744/744 748/748/748
f 751/751/751 747/747/747 748/748/748
f 751/751/751 748/748/748 752/752/752
f 753/753/753 751/751/751 752/752/752
f 753/753/753 752/752/752 756/756/756
f 659/659/659 47/47/47 46/46/46
f 659/659/659 46/46/46 619/619/619
f 761/761/761 45/45/45 47/47/47
f 761/761/761 47/47/47 48/48/48
f 762/762/762 763/763/763 49/49/49
f 762/762/762 49/49/49 659/659/659
f 50/50/50 620/620/620 761/761/761
f 50/50/50 761/761/761 48/48/48
f 761/761/761 620/620/620 685/685/685
f 761/761/761 685/685/685 684/684/684
f 45/45/45 761/761/761 684/684/684
f 45/45/45 684/684/684 716/716/716
f 723/723/723 45/45/45 716/716/716
f 723/723/723 716/716/716 722/722/722
f 723/723/723 602/602/602 46/46/46
f 723/723/723 46/46/46 45/45/45
f 659/659/659 49/49/49 48/48/48
f 659/659/659 48/48/48 47/47/47
f 764/764/764 547/547/547 546/546/546
f 764/764/764 546/546/546 579/579/579
f 764/764/764 579/579/579 12/12/12
f 764/764/764 12/12/12 97/97/97
f 97/97/97 19/19/19 577/577/577
f 97/97/97 577/577/577 764/764/764
f 547/547/547 764/764/764 577/577/577
f 547/547/547 577/577/577 556/556/556
f 53/53/53 54/54/54 613/613/613
f 53/53/53 613/613/613 614/614/614
f 615/615/615 613/613/613 54/54/54
f 615/615/615 54/54/54 616/616/616
f 57/57/57 56/56/56 758/758/758
f 57/57/57 758/758/758 754/754/754
f 765/765/765 616/616/616 54/54/54
f 765/765/765 54/54/54 52/52/52
f 516/516/516 509/509/509 766/766/766
f 516/516/516 766/766/766 767/767/767
f 766/766/766 509/509/509 507/507/507
f 766/766/766 507/507/507 768/768/768
f 768/768/768 507/507/507 506/506/506
f 768/768/768 506/506/506 769/769/769
f 513/513/513 770/770/770 769/769/769
f 513/513/513 769/769/769 506/506/506
f 770/770/770 513/513/513 59/59/59
f 770/770/770 59/59/59 58/58/58
f 771/771/771 516/516/516 767/767/767
f 771/771/771 767/767/767 772/772/772
f 773/773/773 771/771/771 772/772/772
f 773/773/773 772/772/772 774/774/774
f 61/61/61 60/60/60 1/1/1
f 61/61/61 1/1/1 4/4/4
f 775/775/775 773/773/773 774/774/774
f 775/775/775 774/774/774 776/776/776
f 63/63/63 775/775/775 776/776/776
f 63/63/63 776/776/776 64/64/64
f 574/574/574 573/573/573 777/777/777
f 574/574/574 777/777/777 696/696/696
f 778/778/778 777/777/777 779/779/779
f 778/778/778 779/779/779 780/780/780
f 781/781/781 696/696/696 777/777/777
f 781/781/781 777/777/777 782/782/782
f 783/783/783 423/423/423 373/373/373
f 783/783/783 373/373/373 378/378/378
f 784/784/784 392/392/392 423/423/423
f 784/784/784 423/423/423 783/783/783
f 785/785/785 389/389/389 392/392/392
f 785/785/785 392/392/392 784/784/784
f 389/389/389 785/785/785 786/786/786
f 389/389/389 786/786/786 432/432/432
f 787/787/787 68/68/68 788/788/788
f 787/787/787 788/788/788 786/786/786
f 787/787/787 786/786/786 785/785/785
f 787/787/787 785/785/785 86/86/86
f 789/789/789 783/783/783 378/378/378
f 789/789/789 378/378/378 590/590/590
f 789/789/789 83/83/83 784/784/784
f 789/789/789 784/784/784 783/783/783
f 83/83/83 86/86/86 785/785/785
f 83/83/83 785/785/785 784/784/784
f 593/593/593 598/598/598 790/790/790
f 593/593/593 790/790/790 591/591/591
f 790/790/790 789/789/789 590/590/590
f 790/790/790 590/590/590 591/591/591
f 84/84/84 83/83/83 65/65/65
f 84/84/84 65/65/65 67/67/67
f 65/65/65 83/83/83 789/789/789
f 65/65/65 789/789/789 790/790/790
f 26/26/26 65/65/65 790/790/790
f 26/26/26 790/790/790 598/598/598
f 65/65/65 26/26/26 677/677/677
f 65/65/65 677/677/677 66/66/66
f 786/786/786 788/788/788 573/573/573
f 786/786/786 573/573/573 432/432/432
f 573/573/573 788/788/788 779/779/779
f 573/573/573 779/779/779 777/777/777
f 70/70/70 779/779/779 788/788/788
f 70/70/70 788/788/788 68/68/68
f 70/70/70 69/69/69 791/791/791
f 70/70/70 791/791/791 792/792/792
f 73/73/73 104/104/104 773/773/773
f 73/73/73 773/773/773 775/775/775
f 520/520/520 505/505/505 728/728/728
f 520/520/520 728/728/728 793/793/793
f 775/775/775 63/63/63 71/71/71
f 775/775/775 71/71/71 73/73/73
f 71/71/71 63/63/63 62/62/62
f 71/71/71 62/62/62 337/337/337
f 514/514/514 469/469/469 794/794/794
f 514/514/514 794/794/794 795/795/795
f 515/515/515 514/514/514 795/795/795
f 515/515/515 795/795/795 796/796/796
f 732/732/732 515/515/515 796/796/796
f 732/732/732 796/796/796 3/3/3
f 450/450/450 449/449/449 481/481/481
f 450/450/450 481/481/481 797/797/797
f 469/469/469 472/472/472 798/798/798
f 469/469/469 798/798/798 794/794/794
f 472/472/472 450/450/450 797/797/797
f 472/472/472 797/797/797 798/798/798
f 799/799/799 585/585/585 589/589/589
f 799/799/799 589/589/589 75/75/75
f 607/607/607 584/584/584 585/585/585
f 607/607/607 585/585/585 799/799/799
f 607/607/607 799/799/799 800/800/800
f 607/607/607 800/800/800 609/609/609
f 76/76/76 75/75/75 23/23/23
f 76/76/76 23/23/23 25/25/25
f 588/588/588 23/23/23 75/75/75
f 588/588/588 75/75/75 589/589/589
f 76/76/76 25/25/25 801/801/801
f 76/76/76 801/801/801 802/802/802
f 74/74/74 76/76/76 803/803/803
f 74/74/74 803/803/803 804/804/804
f 800/800/800 74/74/74 805/805/805
f 800/800/800 805/805/805 806/806/806
f 609/609/609 800/800/800 807/807/807
f 609/609/609 807/807/807 808/808/808
f 799/799/799 75/75/75 74/74/74
f 799/799/799 74/74/74 800/800/800
f 688/688/688 809/809/809 810/810/810
f 688/688/688 810/810/810 709/709/709
f 810/810/810 809/809/809 82/82/82
f 810/810/810 82/82/82 627/627/627
f 627/627/627 82/82/82 81/81/81
f 627/627/627 81/81/81 626/626/626
f 687/687/687 79/79/79 809/809/809
f 687/687/687 809/809/809 688/688/688
f 431/431/431 576/576/576 79/79/79
f 431/431/431 79/79/79 687/687/687
f 709/709/709 810/810/810 714/714/714
f 709/709/709 714/714/714 713/713/713
f 810/810/810 627/627/627 624/624/624
f 810/810/810 624/624/624 714/714/714
f 78/78/78 82/82/82 809/809/809
f 78/78/78 809/809/809 79/79/79
f 77/77/77 79/79/79 576/576/576
f 77/77/77 576/576/576 611/611/611
f 80/80/80 77/77/77 811/811/811
f 80/80/80 811/811/811 812/812/812
f 813/813/813 81/81/81 80/80/80
f 813/813/813 80/80/80 814/814/814
f 69/69/69 68/68/68 787/787/787
f 69/69/69 787/787/787 815/815/815
f 86/86/86 85/85/85 815/815/815
f 86/86/86 815/815/815 787/787/787
f 572/572/572 88/88/88 443/443/443
f 572/572/572 443/443/443 442/442/442
f 597/597/597 443/443/443 88/88/88
f 597/597/597 88/88/88 92/92/92
f 32/32/32 35/35/35 597/597/597
f 32/32/32 597/597/597 92/92/92
f 572/572/572 621/621/621 89/89/89
f 572/572/572 89/89/89 88/88/88
f 87/87/87 90/90/90 92/92/92
f 87/87/87 92/92/92 88/88/88
f 33/33/33 32/32/32 92/92/92
f 33/33/33 92/92/92 91/91/91
f 87/87/87 89/89/89 816/816/816
f 87/87/87 816/816/816 817/817/817
f 90/90/90 87/87/87 818/818/818
f 90/90/90 818/818/818 819/819/819
f 33/33/33 91/91/91 820/820/820
f 33/33/33 820/820/820 821/821/821
f 822/822/822 820/820/820 91/91/91
f 822/822/822 91/91/91 90/90/90
f 96/96/96 17/17/17 19/19/19
f 96/96/96 19/19/19 97/97/97
f 97/97/97 12/12/12 11/11/11
f 97/97/97 11/11/11 94/94/94
f 823/823/823 17/17/17 96/96/96
f 823/823/823 96/96/96 824/824/824
f 724/724/724 719/719/719 718/718/718
f 724/724/724 718/718/718 825/825/825
f 101/101/101 100/100/100 604/604/604
f 101/101/101 604/604/604 603/603/603
f 724/724/724 825/825/825 101/101/101
f 724/724/724 101/101/101 603/603/603
f 565/565/565 730/730/730 826/826/826
f 565/565/565 826/826/826 566/566/566
f 730/730/730 729/729/729 102/102/102
f 730/730/730 102/102/102 826/826/826
f 729/729/729 671/671/671 98/98/98
f 729/729/729 98/98/98 102/102/102
f 98/98/98 827/827/827 828/828/828
f 98/98/98 828/828/828 99/99/99
f 671/671/671 829/829/829 830/830/830
f 671/671/671 830/830/830 98/98/98
f 826/826/826 102/102/102 101/101/101
f 826/826/826 101/101/101 825/825/825
f 566/566/566 826/826/826 825/825/825
f 566/566/566 825/825/825 718/718/718
f 516/516/516 771/771/771 103/103/103
f 516/516/516 103/103/103 517/517/517
f 103/103/103 831/831/831 518/518/518
f 103/103/103 518/518/518 517/517/517
f 104/104/104 103/103/103 771/771/771
f 104/104/104 771/771/771 773/773/773
f 104/104/104 73/73/73 72/72/72
f 104/104/104 72/72/72 105/105/105
f 180/180/180 218/218/218 40/40/40
f 180/180/180 40/40/40 39/39/39
f 793/793/793 728/728/728 108/108/108
f 793/793/793 108/108/108 72/72/72
f 831/831/831 103/103/103 105/105/105
f 831/831/831 105/105/105 107/107/107
f 107/107/107 105/105/105 72/72/72
f 107/107/107 72/72/72 108/108/108
f 110/110/110 121/121/121 831/831/831
f 110/110/110 831/831/831 107/107/107
f 416/416/416 415/415/415 731/731/731
f 416/416/416 731/731/731 832/832/832
f 732/732/732 833/833/833 832/832/832
f 732/732/732 832/832/832 731/731/731
f 833/833/833 2/2/2 114/114/114
f 833/833/833 114/114/114 116/116/116
f 833/833/833 732/732/732 3/3/3
f 833/833/833 3/3/3 2/2/2
f 115/115/115 508/508/508 511/511/511
f 115/115/115 511/511/511 834/834/834
f 154/154/154 832/832/832 833/833/833
f 154/154/154 833/833/833 116/116/116
f 116/116/116 115/115/115 834/834/834
f 116/116/116 834/834/834 154/154/154
f 728/728/728 727/727/727 131/131/131
f 728/728/728 131/131/131 108/108/108
f 832/832/832 154/154/154 153/153/153
f 832/832/832 153/153/153 416/416/416
f 518/518/518 123/123/123 835/835/835
f 518/518/518 835/835/835 512/512/512
f 123/123/123 122/122/122 125/125/125
f 123/123/123 125/125/125 835/835/835
f 831/831/831 121/121/121 123/123/123
f 831/831/831 123/123/123 518/518/518
f 121/121/121 110/110/110 145/145/145
f 121/121/121 145/145/145 122/122/122
f 511/511/511 512/512/512 835/835/835
f 511/511/511 835/835/835 156/156/156
f 130/130/130 836/836/836 837/837/837
f 130/130/130 837/837/837 144/144/144
f 836/836/836 130/130/130 118/118/118
f 836/836/836 118/118/118 117/117/117
f 122/122/122 145/145/145 144/144/144
f 122/122/122 144/144/144 837/837/837
f 838/838/838 213/213/213 839/839/839
f 838/838/838 839/839/839 840/840/840
f 325/325/325 119/119/119 118/118/118
f 325/325/325 118/118/118 129/129/129
f 236/236/236 235/235/235 139/139/139
f 236/236/236 139/139/139 138/138/138
f 720/720/720 841/841/841 725/725/725
f 720/720/720 725/725/725 717/717/717
f 720/720/720 721/721/721 842/842/842
f 720/720/720 842/842/842 841/841/841
f 108/108/108 131/131/131 133/133/133
f 108/108/108 133/133/133 106/106/106
f 841/841/841 132/132/132 726/726/726
f 841/841/841 726/726/726 725/725/725
f 727/727/727 726/726/726 132/132/132
f 727/727/727 132/132/132 131/131/131
f 132/132/132 841/841/841 149/149/149
f 132/132/132 149/149/149 134/134/134
f 843/843/843 149/149/149 841/841/841
f 843/843/843 841/841/841 842/842/842
f 130/130/130 136/136/136 135/135/135
f 130/130/130 135/135/135 129/129/129
f 140/140/140 135/135/135 146/146/146
f 140/140/140 146/146/146 141/141/141
f 140/140/140 325/325/325 129/129/129
f 140/140/140 129/129/129 135/135/135
f 141/141/141 148/148/148 236/236/236
f 141/141/141 236/236/236 138/138/138
f 143/143/143 142/142/142 151/151/151
f 143/143/143 151/151/151 144/144/144
f 142/142/142 109/109/109 106/106/106
f 142/142/142 106/106/106 133/133/133
f 147/147/147 142/142/142 133/133/133
f 147/147/147 133/133/133 134/134/134
f 144/144/144 151/151/151 136/136/136
f 144/144/144 136/136/136 130/130/130
f 137/137/137 136/136/136 151/151/151
f 137/137/137 151/151/151 150/150/150
f 141/141/141 146/146/146 134/134/134
f 141/141/141 134/134/134 149/149/149
f 109/109/109 143/143/143 145/145/145
f 109/109/109 145/145/145 110/110/110
f 150/150/150 147/147/147 146/146/146
f 150/150/150 146/146/146 137/137/137
f 361/361/361 187/187/187 189/189/189
f 361/361/361 189/189/189 212/212/212
f 844/844/844 187/187/187 361/361/361
f 844/844/844 361/361/361 845/845/845
f 834/834/834 511/511/511 156/156/156
f 834/834/834 156/156/156 155/155/155
f 834/834/834 155/155/155 152/152/152
f 834/834/834 152/152/152 154/154/154
f 156/156/156 835/835/835 125/125/125
f 156/156/156 125/125/125 157/157/157
f 160/160/160 157/157/157 846/846/846
f 160/160/160 846/846/846 847/847/847
f 160/160/160 152/152/152 155/155/155
f 160/160/160 155/155/155 157/157/157
f 157/157/157 125/125/125 124/124/124
f 157/157/157 124/124/124 846/846/846
f 152/152/152 161/161/161 162/162/162
f 152/152/152 162/162/162 153/153/153
f 160/160/160 847/847/847 848/848/848
f 160/160/160 848/848/848 161/161/161
f 847/847/847 158/158/158 849/849/849
f 847/847/847 849/849/849 848/848/848
f 158/158/158 159/159/159 165/165/165
f 158/158/158 165/165/165 849/849/849
f 848/848/848 850/850/850 162/162/162
f 848/848/848 162/162/162 161/161/161
f 850/850/850 848/848/848 849/849/849
f 850/850/850 849/849/849 851/851/851
f 163/163/163 413/413/413 416/416/416
f 163/163/163 416/416/416 153/153/153
f 851/851/851 164/164/164 162/162/162
f 851/851/851 162/162/162 850/850/850
f 165/165/165 164/164/164 851/851/851
f 165/165/165 851/851/851 849/849/849
f 166/166/166 159/159/159 127/127/127
f 166/166/166 127/127/127 126/126/126
f 168/168/168 535/535/535 413/413/413
f 168/168/168 413/413/413 163/163/163
f 165/165/165 166/166/166 169/169/169
f 165/165/165 169/169/169 164/164/164
f 170/170/170 169/169/169 166/166/166
f 170/170/170 166/166/166 167/167/167
f 341/341/341 340/340/340 171/171/171
f 341/341/341 171/171/171 170/170/170
f 852/852/852 712/712/712 535/535/535
f 852/852/852 535/535/535 168/168/168
f 112/112/112 212/212/212 189/189/189
f 112/112/112 189/189/189 113/113/113
f 853/853/853 854/854/854 203/203/203
f 853/853/853 203/203/203 202/202/202
f 180/180/180 179/179/179 854/854/854
f 180/180/180 854/854/854 855/855/855
f 840/840/840 204/204/204 203/203/203
f 840/840/840 203/203/203 838/838/838
f 856/856/856 853/853/853 202/202/202
f 856/856/856 202/202/202 857/857/857
f 855/855/855 854/854/854 853/853/853
f 855/855/855 853/853/853 856/856/856
f 181/181/181 206/206/206 205/205/205
f 181/181/181 205/205/205 182/182/182
f 199/199/199 183/183/183 182/182/182
f 199/199/199 182/182/182 200/200/200
f 199/199/199 858/858/858 192/192/192
f 199/199/199 192/192/192 186/186/186
f 186/186/186 185/185/185 183/183/183
f 186/186/186 183/183/183 199/199/199
f 184/184/184 186/186/186 192/192/192
f 184/184/184 192/192/192 194/194/194
f 181/181/181 859/859/859 860/860/860
f 181/181/181 860/860/860 861/181/861
f 859/859/859 181/181/181 183/183/183
f 859/859/859 183/183/183 185/185/185
f 177/177/177 254/254/254 190/190/190
f 177/177/177 190/190/190 175/175/175
f 862/861/862 193/193/193 192/192/192
f 862/861/862 192/192/192 858/858/858
f 188/188/188 196/196/196 113/113/113
f 188/188/188 113/113/113 189/189/189
f 254/254/254 195/195/195 188/188/188
f 254/254/254 188/188/188 190/190/190
f 839/839/839 863/862/863 204/204/204
f 839/839/839 204/204/204 840/840/840
f 198/198/198 863/862/863 839/839/839
f 198/198/198 839/839/839 111/111/111
f 862/861/862 204/204/204 863/862/863
f 862/861/862 863/862/863 193/193/193
f 185/185/185 184/184/184 197/197/197
f 185/185/185 197/197/197 864/863/864
f 113/113/113 196/196/196 198/198/198
f 113/113/113 198/198/198 111/111/111
f 864/863/864 197/197/197 196/196/196
f 864/863/864 196/196/196 195/195/195
f 193/193/193 863/862/863 198/198/198
f 193/193/193 198/198/198 197/197/197
f 683/683/683 682/682/682 691/691/691
f 683/683/683 691/691/691 865/864/865
f 715/715/715 683/683/683 865/864/865
f 715/715/715 865/864/865 866/865/866
f 721/721/721 715/715/715 866/865/866
f 721/721/721 866/865/866 842/842/842
f 867/866/867 201/201/201 866/865/866
f 867/866/867 866/865/866 865/864/865
f 201/201/201 843/843/843 842/842/842
f 201/201/201 842/842/842 866/865/866
f 857/857/857 868/867/868 201/201/201
f 857/857/857 201/201/201 867/866/867
f 204/204/204 862/861/862 869/868/869
f 204/204/204 869/868/869 202/202/202
f 869/868/869 862/861/862 858/858/858
f 869/868/869 858/858/858 868/867/868
f 857/857/857 202/202/202 869/868/869
f 857/857/857 869/868/869 868/867/868
f 868/867/868 858/858/858 199/199/199
f 868/867/868 199/199/199 201/201/201
f 258/258/258 870/869/870 861/181/861
f 258/258/258 861/181/861 860/860/860
f 148/148/148 149/149/149 843/843/843
f 148/148/148 843/843/843 871/870/871
f 200/200/200 871/870/871 843/843/843
f 200/200/200 843/843/843 201/201/201
f 182/182/182 205/205/205 871/870/871
f 182/182/182 871/870/871 200/200/200
f 181/181/181 861/181/861 870/869/870
f 181/181/181 870/869/870 206/206/206
f 872/871/872 873/872/873 246/246/246
f 872/871/872 246/246/246 355/355/355
f 874/873/874 710/710/710 712/712/712
f 874/873/874 712/712/712 852/852/852
f 191/191/191 190/190/190 875/874/875
f 191/191/191 875/874/875 208/208/208
f 689/689/689 876/875/876 877/876/877
f 689/689/689 877/876/877 686/686/686
f 428/428/428 427/427/427 686/686/686
f 428/428/428 686/686/686 877/876/877
f 876/875/876 689/689/689 708/708/708
f 876/875/876 708/708/708 710/710/710
f 210/210/210 876/875/876 710/710/710
f 210/210/210 710/710/710 874/873/874
f 207/207/207 206/206/206 257/257/257
f 207/207/207 257/257/257 239/239/239
f 258/258/258 257/257/257 206/206/206
f 258/258/258 206/206/206 870/869/870
f 112/112/112 111/111/111 215/215/215
f 112/112/112 215/215/215 211/211/211
f 111/111/111 839/839/839 213/213/213
f 111/111/111 213/213/213 215/215/215
f 854/854/854 179/179/179 214/214/214
f 854/854/854 214/214/214 203/203/203
f 203/203/203 214/214/214 213/213/213
f 203/203/203 213/213/213 838/838/838
f 216/216/216 218/218/218 180/180/180
f 216/216/216 180/180/180 855/855/855
f 216/216/216 855/855/855 856/856/856
f 216/216/216 856/856/856 220/220/220
f 219/219/219 878/877/878 879/878/879
f 219/219/219 879/878/879 217/217/217
f 856/856/856 857/857/857 867/866/867
f 856/856/856 867/866/867 220/220/220
f 220/220/220 867/866/867 865/864/865
f 220/220/220 865/864/865 691/691/691
f 878/877/878 880/879/880 881/880/881
f 878/877/878 881/880/881 879/878/879
f 278/278/278 880/879/880 878/877/878
f 278/278/278 878/877/878 219/219/219
f 226/226/226 224/224/224 316/316/316
f 226/226/226 316/316/316 228/228/228
f 173/173/173 172/172/172 225/225/225
f 173/173/173 225/225/225 882/881/882
f 221/221/221 882/881/882 225/225/225
f 221/221/221 225/225/225 222/222/222
f 225/225/225 224/224/224 226/226/226
f 225/225/225 226/226/226 222/222/222
f 876/875/876 210/210/210 883/882/883
f 876/875/876 883/882/883 877/876/877
f 223/223/223 226/226/226 228/228/228
f 223/223/223 228/228/228 227/227/227
f 230/230/230 428/428/428 877/876/877
f 230/230/230 877/876/877 883/882/883
f 223/223/223 230/230/230 883/882/883
f 223/223/223 883/882/883 221/221/221
f 884/883/884 885/884/885 886/885/886
f 884/883/884 886/885/886 259/259/259
f 886/885/886 243/243/243 242/242/242
f 886/885/886 242/242/242 259/259/259
f 234/234/234 887/886/887 241/241/241
f 234/234/234 241/241/241 245/245/245
f 148/148/148 871/870/871 887/886/887
f 148/148/148 887/886/887 234/234/234
f 871/870/871 205/205/205 207/207/207
f 871/870/871 207/207/207 887/886/887
f 244/244/244 240/240/240 231/231/231
f 244/244/244 231/231/231 237/237/237
f 239/239/239 257/257/257 242/242/242
f 239/239/239 242/242/242 240/240/240
f 241/241/241 887/886/887 207/207/207
f 241/241/241 207/207/207 239/239/239
f 240/240/240 243/243/243 232/232/232
f 240/240/240 232/232/232 231/231/231
f 245/245/245 241/241/241 238/238/238
f 245/245/245 238/238/238 244/244/244
f 873/872/873 342/342/342 247/247/247
f 873/872/873 247/247/247 246/246/246
f 249/249/249 355/355/355 246/246/246
f 249/249/249 246/246/246 248/248/248
f 884/883/884 888/887/888 249/249/249
f 884/883/884 249/249/249 250/250/250
f 252/252/252 885/884/885 884/883/884
f 252/252/252 884/883/884 250/250/250
f 248/248/248 247/247/247 345/345/345
f 248/248/248 345/345/345 251/251/251
f 170/170/170 167/167/167 330/330/330
f 170/170/170 330/330/330 341/341/341
f 885/884/885 253/253/253 243/243/243
f 885/884/885 243/243/243 886/885/886
f 324/324/324 253/253/253 885/884/885
f 324/324/324 885/884/885 252/252/252
f 345/345/345 324/324/324 252/252/252
f 345/345/345 252/252/252 251/251/251
f 889/888/889 859/859/859 185/185/185
f 889/888/889 185/185/185 864/863/864
f 255/255/255 889/888/889 864/863/864
f 255/255/255 864/863/864 195/195/195
f 889/888/889 255/255/255 888/887/888
f 889/888/889 888/887/888 260/260/260
f 860/860/860 859/859/859 889/888/889
f 860/860/860 889/888/889 260/260/260
f 258/258/258 860/860/860 260/260/260
f 258/258/258 260/260/260 256/256/256
f 259/259/259 260/260/260 888/887/888
f 259/259/259 888/887/888 884/883/884
f 228/228/228 316/316/316 314/314/314
f 228/228/228 314/314/314 229/229/229
f 440/440/440 437/437/437 270/270/270
f 440/440/440 270/270/270 690/690/690
f 437/437/437 436/436/436 271/271/271
f 437/437/437 271/271/271 270/270/270
f 445/445/445 692/692/692 271/271/271
f 445/445/445 271/271/271 436/436/436
f 890/889/890 891/890/891 269/269/269
f 890/889/890 269/269/269 892/891/892
f 893/892/893 267/267/267 269/269/269
f 893/892/893 269/269/269 891/890/891
f 892/891/892 266/266/266 894/893/894
f 892/891/892 894/893/894 890/889/890
f 428/428/428 230/230/230 261/261/261
f 428/428/428 261/261/261 426/426/426
f 274/274/274 692/692/692 386/386/386
f 274/274/274 386/386/386 420/420/420
f 265/265/265 274/274/274 420/420/420
f 265/265/265 420/420/420 376/376/376
f 895/894/895 265/265/265 376/376/376
f 895/894/895 376/376/376 369/369/369
f 265/265/265 895/894/895 894/893/894
f 265/265/265 894/893/894 266/266/266
f 263/263/263 262/262/262 274/274/274
f 263/263/263 274/274/274 265/265/265
f 266/266/266 892/891/892 264/264/264
f 266/266/266 264/264/264 263/263/263
f 280/280/280 881/880/881 880/879/880
f 280/280/280 880/879/880 278/278/278
f 277/277/277 220/220/220 691/691/691
f 277/277/277 691/691/691 690/690/690
f 219/219/219 220/220/220 277/277/277
f 219/219/219 277/277/277 278/278/278
f 274/274/274 272/272/272 271/271/271
f 274/274/274 271/271/271 692/692/692
f 264/264/264 275/275/275 273/273/273
f 264/264/264 273/273/273 262/262/262
f 270/270/270 272/272/272 277/277/277
f 270/270/270 277/277/277 690/690/690
f 269/269/269 275/275/275 264/264/264
f 269/269/269 264/264/264 892/891/892
f 268/268/268 276/276/276 275/275/275
f 268/268/268 275/275/275 269/269/269
f 280/280/280 279/279/279 305/305/305
f 280/280/280 305/305/305 303/303/303
f 268/268/268 305/305/305 279/279/279
f 268/268/268 279/279/279 276/276/276
f 273/273/273 276/276/276 279/279/279
f 273/273/273 279/279/279 277/277/277
f 229/229/229 281/281/281 261/261/261
f 229/229/229 261/261/261 227/227/227
f 288/288/288 307/307/307 893/892/893
f 288/288/288 893/892/893 284/284/284
f 288/288/288 286/286/286 292/292/292
f 288/288/288 292/292/292 291/291/291
f 292/292/292 286/286/286 282/282/282
f 292/292/292 282/282/282 281/281/281
f 891/890/891 890/889/890 896/895/896
f 891/890/891 896/895/896 285/285/285
f 286/286/286 285/285/285 287/287/287
f 286/286/286 287/287/287 282/282/282
f 891/890/891 285/285/285 284/284/284
f 891/890/891 284/284/284 893/892/893
f 229/229/229 314/314/314 292/292/292
f 229/229/229 292/292/292 281/281/281
f 289/289/289 267/267/267 893/892/893
f 289/289/289 893/892/893 307/307/307
f 268/268/268 289/289/289 298/298/298
f 268/268/268 298/298/298 305/305/305
f 297/297/297 315/315/315 897/896/897
f 297/297/297 897/896/897 295/295/295
f 295/295/295 897/896/897 302/302/302
f 295/295/295 302/302/302 301/301/301
f 305/305/305 304/304/304 301/301/301
f 305/305/305 301/301/301 303/303/303
f 288/288/288 291/291/291 294/294/294
f 288/288/288 294/294/294 306/306/306
f 289/289/289 306/306/306 299/299/299
f 289/289/289 299/299/299 298/298/298
f 299/299/299 296/296/296 301/301/301
f 299/299/299 301/301/301 304/304/304
f 296/296/296 294/294/294 290/290/290
f 296/296/296 290/290/290 297/297/297
f 308/308/308 313/313/313 41/41/41
f 308/308/308 41/41/41 40/40/40
f 41/41/41 313/313/313 179/179/179
f 41/41/41 179/179/179 39/39/39
f 313/313/313 308/308/308 312/312/312
f 313/313/313 312/312/312 310/310/310
f 179/179/179 313/313/313 309/309/309
f 179/179/179 309/309/309 214/214/214
f 215/215/215 214/214/214 309/309/309
f 215/215/215 309/309/309 211/211/211
f 879/878/879 308/308/308 218/218/218
f 879/878/879 218/218/218 217/217/217
f 879/878/879 881/880/881 312/312/312
f 879/878/879 312/312/312 308/308/308
f 316/316/316 224/224/224 311/311/311
f 316/316/316 311/311/311 310/310/310
f 174/174/174 311/311/311 224/224/224
f 174/174/174 224/224/224 172/172/172
f 316/316/316 310/310/310 897/896/897
f 316/316/316 897/896/897 315/315/315
f 881/880/881 280/280/280 303/303/303
f 881/880/881 303/303/303 312/312/312
f 310/310/310 312/312/312 302/302/302
f 310/310/310 302/302/302 897/896/897
f 314/314/314 297/297/297 290/290/290
f 314/314/314 290/290/290 292/292/292
f 190/190/190 188/188/188 898/897/898
f 190/190/190 898/897/898 875/874/875
f 898/897/898 188/188/188 187/187/187
f 898/897/898 187/187/187 844/844/844
f 209/209/209 221/221/221 883/882/883
f 209/209/209 883/882/883 210/210/210
f 319/319/319 895/894/895 369/369/369
f 319/319/319 369/369/369 368/368/368
f 424/424/424 899/898/899 319/319/319
f 424/424/424 319/319/319 368/368/368
f 394/394/394 382/382/382 899/898/899
f 394/394/394 899/898/899 424/424/424
f 895/894/895 319/319/319 318/318/318
f 895/894/895 318/318/318 894/893/894
f 382/382/382 381/381/381 321/321/321
f 382/382/382 321/321/321 899/898/899
f 426/426/426 261/261/261 321/321/321
f 426/426/426 321/321/321 381/381/381
f 320/320/320 321/321/321 261/261/261
f 320/320/320 261/261/261 283/283/283
f 322/322/322 896/895/896 318/318/318
f 322/322/322 318/318/318 317/317/317
f 318/318/318 896/895/896 890/889/890
f 318/318/318 890/889/890 894/893/894
f 285/285/285 896/895/896 322/322/322
f 285/285/285 322/322/322 287/287/287
f 320/320/320 283/283/283 287/287/287
f 320/320/320 287/287/287 322/322/322
f 321/321/321 317/317/317 319/319/319
f 321/321/321 319/319/319 899/898/899
f 128/128/128 127/127/127 158/158/158
f 128/128/128 158/158/158 334/334/334
f 128/128/128 334/334/334 167/167/167
f 128/128/128 167/167/167 126/126/126
f 120/120/120 119/119/119 326/326/326
f 120/120/120 326/326/326 336/336/336
f 120/120/120 336/336/336 836/836/836
f 120/120/120 836/836/836 117/117/117
f 327/327/327 326/326/326 139/139/139
f 327/327/327 139/139/139 235/235/235
f 325/325/325 140/140/140 139/139/139
f 325/325/325 139/139/139 326/326/326
f 235/235/235 234/234/234 245/245/245
f 235/235/235 245/245/245 327/327/327
f 837/837/837 335/335/335 124/124/124
f 837/837/837 124/124/124 122/122/122
f 846/846/846 124/124/124 335/335/335
f 846/846/846 335/335/335 847/847/847
f 837/837/837 836/836/836 336/336/336
f 837/837/837 336/336/336 335/335/335
f 334/334/334 158/158/158 847/847/847
f 334/334/334 847/847/847 335/335/335
f 253/253/253 328/328/328 233/233/233
f 253/253/253 233/233/233 232/232/232
f 253/253/253 323/323/323 331/331/331
f 253/253/253 331/331/331 328/328/328
f 330/330/330 167/167/167 334/334/334
f 330/330/330 334/334/334 329/329/329
f 327/327/327 329/329/329 336/336/336
f 327/327/327 336/336/336 326/326/326
f 329/329/329 327/327/327 237/237/237
f 329/329/329 237/237/237 233/233/233
f 519/519/519 520/520/520 900/899/900
f 519/519/519 900/899/900 707/707/707
f 338/338/338 900/899/900 520/520/520
f 338/338/338 520/520/520 793/793/793
f 71/71/71 338/338/338 793/793/793
f 71/71/71 793/793/793 72/72/72
f 171/171/171 340/340/340 339/339/339
f 171/171/171 339/339/339 169/169/169
f 852/852/852 168/168/168 339/339/339
f 852/852/852 339/339/339 901/900/901
f 901/900/901 339/339/339 346/346/346
f 901/900/901 346/346/346 350/350/350
f 901/900/901 350/350/350 344/344/344
f 901/900/901 344/344/344 343/343/343
f 358/358/358 874/873/874 852/852/852
f 358/358/358 852/852/852 901/900/901
f 874/873/874 358/358/358 208/208/208
f 874/873/874 208/208/208 210/210/210
f 341/341/341 330/330/330 346/346/346
f 341/341/341 346/346/346 339/339/339
f 350/350/350 346/346/346 347/347/347
f 350/350/350 347/347/347 348/348/348
f 345/345/345 344/344/344 348/348/348
f 345/345/345 348/348/348 349/349/349
f 324/324/324 345/345/345 349/349/349
f 324/324/324 349/349/349 323/323/323
f 349/349/349 347/347/347 332/332/332
f 349/349/349 332/332/332 333/333/333
f 191/191/191 352/352/352 176/176/176
f 191/191/191 176/176/176 175/175/175
f 873/872/873 872/871/872 353/353/353
f 873/872/873 353/353/353 342/342/342
f 354/354/354 353/353/353 872/871/872
f 354/354/354 872/871/872 355/355/355
f 351/351/351 254/254/254 177/177/177
f 351/351/351 177/177/177 176/176/176
f 356/356/356 351/351/351 352/352/352
f 356/356/356 352/352/352 359/359/359
f 359/359/359 352/352/352 191/191/191
f 359/359/359 191/191/191 208/208/208
f 254/254/254 351/351/351 354/354/354
f 254/254/254 354/354/354 255/255/255
f 255/255/255 354/354/354 249/249/249
f 255/255/255 249/249/249 888/887/888
f 342/342/342 353/353/353 357/357/357
f 342/342/342 357/357/357 343/343/343
f 357/357/357 358/358/358 901/900/901
f 357/357/357 901/900/901 343/343/343
f 359/359/359 358/358/358 357/357/357
f 359/359/359 357/357/357 356/356/356
f 178/178/178 173/173/173 882/881/882
f 178/178/178 882/881/882 362/362/362
f 311/311/311 363/363/363 360/360/360
f 311/311/311 360/360/360 309/309/309
f 211/211/211 309/309/309 360/360/360
f 211/211/211 360/360/360 212/212/212
f 363/363/363 311/311/311 174/174/174
f 363/363/363 174/174/174 178/178/178
f 367/367/367 875/874/875 898/897/898
f 367/367/367 898/897/898 364/364/364
f 361/361/361 360/360/360 364/364/364
f 361/361/361 364/364/364 845/845/845
f 366/366/366 363/363/363 362/362/362
f 366/366/366 362/362/362 365/365/365
f 364/364/364 898/897/898 844/844/844
f 364/364/364 844/844/844 845/845/845
f 367/367/367 366/366/366 365/365/365
f 367/367/367 365/365/365 209/209/209
f 367/367/367 209/209/209 208/208/208
f 367/367/367 208/208/208 875/874/875
f 882/881/882 221/221/221 365/365/365
f 882/881/882 365/365/365 362/362/362
usemtl Bodymat.001
f 902/901/902 903/902/903 905/903/904
f 902/901/902 904/904/905 903/902/903
f 904/904/905 902/901/902 908/905/906
f 906/906/907 902/901/902 905/903/904
f 902/901/902 906/906/907 907/907/908
f 902/901/902 907/907/908 908/905/906
f 908/905/906 909/908/909 910/909/910
f 908/905/906 912/910/911 909/908/909
f 908/905/906 907/907/908 912/910/911
f 908/905/906 910/909/910 911/911/912
f 904/904/905 908/905/906 911/911/912
f 907/907/908 913/912/913 912/910/911
f 914/913/914 912/910/911 913/912/913
f 912/910/911 914/913/914 915/914/915
f 912/910/911 915/914/915 909/908/909
f 917/915/916 915/914/915 916/916/917
f 914/913/914 916/916/917 915/914/915
f 917/915/916 909/908/909 915/914/915
f 917/915/916 916/916/917 918/917/918
f 917/915/916 910/909/910 909/908/909
f 919/918/919 918/917/918 916/916/917
f 919/918/919 920/919/920 918/917/918
f 921/920/921 920/919/920 919/918/919
f 921/920/921 922/921/922 923/922/923
f 921/920/921 924/923/924 922/921/922
f 921/920/921 919/918/919 924/923/924
f 925/924/925 924/923/924 919/918/919
f 925/924/925 926/925/926 924/923/924
f 926/925/926 922/921/922 924/923/924
f 927/926/927 926/925/926 925/924/925
f 926/925/926 927/926/927 928/927/928
f 926/925/926 928/927/928 929/928/929
f 926/925/926 929/928/929 922/921/922
f 930/929/930 929/928/929 928/927/928
f 931/930/931 929/928/929 930/929/930
f 931/930/931 922/921/922 929/928/929
f 922/921/922 931/930/931 932/931/932
f 922/921/922 932/931/932 923/922/923
f 930/929/930 928/927/928 933/932/933
f 933/932/933 934/933/934 935/934/935
f 933/932/933 928/927/928 934/933/934
f 937/935/936 936/936/937 935/934/935
f 937/935/936 935/934/935 934/933/934
f 939/937/938 938/938/939 937/935/936
f 938/938/939 940/939/940 937/935/936
f 940/939/940 936/936/937 937/935/936
f 939/937/938 937/935/936 934/933/934
f 938/938/939 941/940/941 940/939/940
f 940/939/940 941/940/941 944/941/942
f 943/942/943 940/939/940 942/943/944
f 940/939/940 944/941/942 942/943/944
f 940/939/940 943/942/943 936/936/937
f 945/944/945 944/941/942 941/940/941
f 945/944/945 948/945/946 944/941/942
f 946/946/947 944/941/942 947/947/948
f 946/946/947 942/943/944 944/941/942
f 944/941/942 949/948/949 947/947/948
f 944/941/942 948/945/946 949/948/949
f 949/948/949 950/949/950 947/947/948
f 951/950/951 949/948/949 948/945/946
f 949/948/949 952/951/952 950/949/950
f 951/950/951 953/952/953 949/948/949
f 952/951/952 949/948/949 953/952/953
f 952/951/952 953/952/953 954/953/954
f 954/953/954 953/952/953 955/954/955
f 956/955/956 955/954/955 953/952/953
f 956/955/956 953/952/953 951/950/951
f 960/956/957 956/955/956 957/957/958
f 958/958/959 957/957/958 956/955/956
f 958/958/959 956/955/956 959/959/960
f 959/959/960 956/955/956 951/950/951
f 960/956/957 955/954/955 956/955/956
f 961/960/961 960/956/957 957/957/958
f 961/960/961 962/961/962 960/956/957
f 962/961/962 963/962/963 960/956/957
f 964/963/964 960/956/957 963/962/963
f 964/963/964 955/954/955 960/956/957
f 965/964/965 964/963/964 963/962/963
f 954/953/954 955/954/955 964/963/964
f 966/965/966 954/953/954 964/963/964
f 966/965/966 964/963/964 965/964/965
f 967/966/967 954/953/954 966/965/966
f 967/966/967 966/965/966 968/967/968
f 969/968/969 968/967/968 966/965/966
f 969/968/969 966/965/966 965/964/965
f 970/969/970 969/968/969 965/964/965
f 970/969/970 965/964/965 971/970/971
f 972/971/972 970/969/970 971/970/971
f 972/971/972 973/972/973 970/969/970
f 974/973/974 973/972/973 972/971/972
f 974/973/974 975/974/975 973/972/973
f 974/973/974 976/975/976 975/974/975
f 977/976/977 976/975/976 978/977/978
f 974/973/974 978/977/978 976/975/976
f 979/978/979 978/977/978 974/973/974
f 980/979/980 978/977/978 979/978/979
f 977/976/977 978/977/978 980/979/980
f 980/979/980 979/978/979 981/980/981
f 982/981/982 980/979/980 981/980/981
f 977/976/977 980/979/980 982/981/982
f 982/981/982 981/980/981 985/982/983
f 983/983/984 982/981/982 985/982/983
f 983/983/984 984/984/985 982/981/982
f 986/985/986 982/981/982 984/984/985
f 977/976/977 982/981/982 986/985/986
f 986/985/986 984/984/985 987/986/987
f 985/982/983 981/980/981 988/987/988
f 989/988/989 983/983/984 985/982/983
f 985/982/983 988/987/988 990/989/990
f 989/988/989 985/982/983 990/989/990
f 992/990/991 990/989/990 988/987/988
f 991/991/992 990/989/990 992/990/991
f 991/991/992 989/988/989 990/989/990
f 993/992/993 992/990/991 994/993/994
f 993/992/993 991/991/992 992/990/991
f 995/994/995 994/993/994 992/990/991
f 992/990/991 988/987/988 995/994/995
f 996/995/996 995/994/995 988/987/988
f 996/995/996 997/996/997 995/994/995
f 998/997/998 995/994/995 997/996/997
f 995/994/995 998/997/998 994/993/994
f 999/998/999 998/997/998 1000/999/1000
f 999/998/999 994/993/994 998/997/998
f 998/997/998 997/996/997 1000/999/1000
f 999/998/999 1000/999/1000 1003/1000/1001
f 1001/1001/1002 1000/999/1000 997/996/997
f 1001/1001/1002 1002/1002/1003 1000/999/1000
f 1002/1002/1003 1003/1000/1001 1000/999/1000
f 1002/1002/1003 1004/1003/1004 1003/1000/1001
f 1003/1000/1001 1004/1003/1004 1005/1004/1005
f 1007/1005/1006 999/998/999 1003/1000/1001
f 1003/1000/1001 1005/1004/1005 1006/1006/1007
f 1007/1005/1006 1003/1000/1001 1006/1006/1007
f 1007/1005/1006 1008/1007/1008 999/998/999
f 1007/1005/1006 1011/1008/1009 1008/1007/1008
f 1011/1008/1009 1007/1005/1006 1009/1009/1010
f 1007/1005/1006 1010/1010/1011 1009/1009/1010
f 1007/1005/1006 1006/1006/1007 1010/1010/1011
f 1012/1011/1012 1008/1007/1008 1011/1008/1009
f 1011/1008/1009 1009/1009/1010 1013/1012/1013
f 1012/1011/1012 1011/1008/1009 1014/1013/1014
f 1014/1013/1014 1011/1008/1009 1013/1012/1013
f 1014/1013/1014 1013/1012/1013 1015/1014/1015
f 1015/1014/1015 1013/1012/1013 1016/1015/1016
f 1015/1014/1015 1016/1015/1016 1017/1016/1017
f 1018/1017/1018 1017/1016/1017 1016/1015/1016
f 1018/1017/1018 1019/1018/1019 1017/1016/1017
f 1019/1018/1019 1018/1017/1018 1020/1019/1020
f 1019/1018/1019 1020/1019/1020 1021/1020/1021
f 1018/1017/1018 1022/1021/1022 1020/1019/1020
f 1018/1017/1018 1023/1022/1023 1022/1021/1022
f 1023/1022/1023 903/902/903 1022/1021/1022
f 1023/1022/1023 905/903/904 903/902/903
f 1023/1022/1023 1024/1023/1024 905/903/904
f 1023/1022/1023 1025/1024/1025 1024/1023/1024
f 1018/1017/1018 1025/1024/1025 1023/1022/1023
f 1013/1012/1013 1009/1009/1010 1025/1024/1025
f 1009/1009/1010 1024/1023/1024 1025/1024/1025
f 1013/1012/1013 1025/1024/1025 1016/1015/1016
f 1018/1017/1018 1016/1015/1016 1025/1024/1025
f 906/906/907 905/903/904 1024/1023/1024
f 1026/1025/1026 906/906/907 1024/1023/1024
f 1026/1025/1026 1024/1023/1024 1010/1010/1011
f 1009/1009/1010 1010/1010/1011 1024/1023/1024
f 1027/1026/1027 906/906/907 1026/1025/1026
f 1005/1004/1005 1026/1025/1026 1010/1010/1011
f 1028/1027/1028 1027/1026/1027 1026/1025/1026
f 1028/1027/1028 1026/1025/1026 1005/1004/1005
f 1005/1004/1005 1029/1028/1029 1028/1027/1028
f 1028/1027/1028 1029/1028/1029 1031/1029/1030
f 913/912/913 1028/1027/1028 1030/1030/1031
f 1028/1027/1028 1031/1029/1030 1030/1030/1031
f 913/912/913 1027/1026/1027 1028/1027/1028
f 1029/1028/1029 958/958/959 1031/1029/1030
f 958/958/959 1032/1031/1032 1031/1029/1030
f 1031/1029/1030 1032/1031/1032 1033/1032/1033
f 1031/1029/1030 1033/1032/1033 1030/1030/1031
f 1035/1033/1034 1033/1032/1033 1034/1034/1035
f 1032/1031/1032 1034/1034/1035 1033/1032/1033
f 1035/1033/1034 1036/1035/1036 1033/1032/1033
f 1036/1035/1036 1030/1030/1031 1033/1032/1033
f 1037/1036/1037 914/913/914 1036/1035/1036
f 914/913/914 913/912/913 1036/1035/1036
f 1036/1035/1036 913/912/913 1030/1030/1031
f 1037/1036/1037 1036/1035/1036 1035/1033/1034
f 914/913/914 1037/1036/1037 916/916/917
f 1035/1033/1034 925/924/925 1037/1036/1037
f 1037/1036/1037 925/924/925 919/918/919
f 1037/1036/1037 919/918/919 916/916/917
f 1035/1033/1034 1038/1037/1038 925/924/925
f 1034/1034/1035 1038/1037/1038 1035/1033/1034
f 927/926/927 925/924/925 1038/1037/1038
f 939/937/938 927/926/927 1038/1037/1038
f 1034/1034/1035 1039/1038/1039 1038/1037/1038
f 939/937/938 1038/1037/1038 1039/1038/1039
f 1039/1038/1039 938/938/939 939/937/938
f 1039/1038/1039 1040/1039/1040 938/938/939
f 1041/1040/1041 1040/1039/1040 1039/1038/1039
f 1041/1040/1041 1039/1038/1039 1034/1034/1035
f 959/959/960 1042/1041/1042 1041/1040/1041
f 1042/1041/1042 1040/1039/1040 1041/1040/1041
f 959/959/960 1041/1040/1041 1032/1031/1032
f 1032/1031/1032 1041/1040/1041 1034/1034/1035
f 1042/1041/1042 945/944/945 1040/1039/1040
f 948/945/946 945/944/945 1042/1041/1042
f 948/945/946 1042/1041/1042 951/950/951
f 959/959/960 951/950/951 1042/1041/1042
f 1040/1039/1040 945/944/945 941/940/941
f 1040/1039/1040 941/940/941 938/938/939
f 958/958/959 959/959/960 1032/1031/1032
f 1029/1028/1029 1043/1042/1043 958/958/959
f 1004/1003/1004 1043/1042/1043 1029/1028/1029
f 1005/1004/1005 1004/1003/1004 1029/1028/1029
f 958/958/959 1043/1042/1043 961/960/961
f 1002/1002/1003 961/960/961 1043/1042/1043
f 1004/1003/1004 1002/1002/1003 1043/1042/1043
f 1027/1026/1027 907/907/908 906/906/907
f 907/907/908 1027/1026/1027 913/912/913
f 993/992/993 1008/1007/1008 1012/1011/1012
f 1005/1004/1005 1010/1010/1011 1006/1006/1007
f 993/992/993 994/993/994 1008/1007/1008
f 999/998/999 1008/1007/1008 994/993/994
f 1002/1002/1003 1001/1001/1002 961/960/961
f 997/996/997 1044/1043/1044 1001/1001/1002
f 1001/1001/1002 1044/1043/1044 962/961/962
f 1001/1001/1002 962/961/962 961/960/961
f 1044/1043/1044 996/995/996 979/978/979
f 997/996/997 996/995/996 1044/1043/1044
f 1044/1043/1044 1046/1044/1045 962/961/962
f 1044/1043/1044 979/978/979 1045/1045/1046
f 1044/1043/1044 1045/1045/1046 1046/1044/1045
f 971/970/971 1046/1044/1045 972/971/972
f 971/970/971 963/962/963 1046/1044/1045
f 962/961/962 1046/1044/1045 963/962/963
f 974/973/974 1046/1044/1045 1045/1045/1046
f 974/973/974 972/971/972 1046/1044/1045
f 979/978/979 974/973/974 1045/1045/1046
f 979/978/979 996/995/996 988/987/988
f 979/978/979 988/987/988 981/980/981
f 965/964/965 963/962/963 971/970/971
f 967/966/967 968/967/968 1047/1046/1047
f 1048/1047/1048 967/966/967 1047/1046/1047
f 1049/1048/1049 1048/1047/1048 1050/1049/1050
f 1048/1047/1048 1049/1048/1049 967/966/967
f 1049/1048/1049 1050/1049/1050 1051/1050/1051
f 1051/1050/1051 1050/1049/1050 1052/1051/1052
f 1051/1050/1051 1052/1051/1052 1053/1052/1053
f 1054/1053/1054 1051/1050/1051 1053/1052/1053
f 1054/1053/1054 1053/1052/1053 1055/1054/1055
f 1054/1053/1054 1055/1054/1055 1056/1055/1056
f 1054/1053/1054 1056/1055/1056 946/946/947
f 946/946/947 1056/1055/1056 1057/1056/1057
f 946/946/947 1057/1056/1057 942/943/944
f 943/942/943 942/943/944 1057/1056/1057
f 1049/1048/1049 1054/1053/1054 950/949/950
f 1049/1048/1049 1051/1050/1051 1054/1053/1054
f 950/949/950 1054/1053/1054 946/946/947
f 952/951/952 1049/1048/1049 950/949/950
f 952/951/952 967/966/967 1049/1048/1049
f 967/966/967 952/951/952 954/953/954
f 958/958/959 961/960/961 957/957/958
f 950/949/950 946/946/947 947/947/948
f 928/927/928 927/926/927 939/937/938
f 928/927/928 939/937/938 934/933/934
