# Blender 5.1.1
# www.blender.org
mtllib Piernas.mtl
o Object_9
v -0.153363 1.181287 -0.037126
v -0.173982 1.154217 -0.024692
v -0.168584 1.176483 -0.026632
v -0.180963 1.168354 -0.021940
v -0.186050 1.199791 -0.016425
v -0.178269 1.170733 -0.019460
v -0.267939 1.179164 0.074038
v -0.271226 1.152202 0.078930
v -0.278639 1.198592 0.108416
v -0.263284 1.181759 0.075226
v -0.269734 1.224818 0.091276
v -0.264859 1.217172 0.068475
v -0.221860 1.152523 0.020385
v -0.253695 1.158452 0.043699
v -0.240618 1.205498 0.032588
v -0.213402 1.117637 0.010823
v -0.211484 1.157153 0.007171
v -0.254424 1.134719 0.040076
v -0.268628 1.145337 0.048861
v -0.280904 1.226823 0.106556
v -0.272910 1.251405 0.102391
v -0.177968 1.168181 -0.013585
v -0.183263 1.197398 -0.011066
v -0.181019 1.166069 -0.016359
v -0.273330 1.198014 0.110365
v -0.265478 1.152055 0.080528
v -0.263636 1.176557 0.077057
v -0.264183 1.223374 0.093841
v -0.259570 1.178975 0.078672
v -0.253138 1.213442 0.066288
v -0.201653 1.198541 0.004221
v -0.207209 1.156904 0.010721
v -0.196185 1.161759 -0.003697
v -0.236426 1.204362 0.037031
v -0.249546 1.157153 0.047803
v -0.218101 1.152295 0.024860
v -0.250726 1.135818 0.044334
v -0.263372 1.145915 0.051895
v -0.268632 1.247593 0.105216
v -0.276095 1.225692 0.109332
v -0.162655 1.202023 -0.021768
v -0.161690 1.213666 -0.018960
v -0.165267 1.204417 -0.026983
v -0.157279 1.233503 -0.022057
v -0.198557 1.232936 0.002607
v -0.206942 1.200416 0.001390
v -0.199663 1.162481 -0.008084
v -0.209547 1.117137 0.014968
v 0.322432 1.327766 0.180153
v 0.319989 1.326156 0.177036
v 0.319085 1.327476 0.175416
v 0.321918 1.329954 0.178922
v 0.323301 1.331952 0.180398
v 0.320616 1.329708 0.179863
v 0.318687 1.329056 0.177543
v 0.321360 1.327737 0.180855
v 0.321903 1.331715 0.181400
v 0.316675 1.343953 0.167906
v 0.315700 1.343878 0.167952
v 0.316547 1.342720 0.164656
v 0.314544 1.342268 0.164756
v 0.314442 1.341355 0.161941
v 0.316549 1.347044 0.166600
v 0.316418 1.345754 0.163374
v 0.315543 1.346666 0.166558
v 0.314327 1.344302 0.160709
v 0.314342 1.345440 0.163229
v 0.313958 1.346276 0.166120
v 0.314138 1.343476 0.167557
v 0.293730 1.763614 -0.025548
v 0.294425 1.757058 -0.024989
v 0.295309 1.764830 -0.026254
v 0.293364 1.766509 -0.025971
v 0.289863 1.764992 -0.055537
v 0.291326 1.752531 -0.053000
v 0.288361 1.755612 -0.053536
v 0.295387 1.752357 -0.024817
v 0.297949 1.754237 -0.025214
v 0.290845 1.763846 -0.025204
v 0.288028 1.762495 -0.054885
v 0.289346 1.750611 -0.052528
v 0.163446 1.743026 0.160578
v 0.163904 1.745597 0.161127
v 0.165451 1.743057 0.162259
v 0.170482 1.732603 0.170631
v 0.168691 1.731097 0.168295
v 0.167364 1.735983 0.165077
v 0.156382 1.667272 0.207768
v 0.155672 1.671123 0.204335
v 0.154058 1.666034 0.206729
v 0.138276 1.744021 0.178101
v 0.136659 1.745421 0.175810
v 0.137114 1.742616 0.177802
v 0.180538 1.668892 0.192364
v 0.179643 1.673477 0.192363
v 0.181845 1.669419 0.195628
v 0.139655 1.732470 0.180223
v 0.141695 1.728468 0.181497
v 0.142426 1.729949 0.183430
v 0.135932 1.743518 0.175153
v 0.165814 1.744412 0.163728
v -0.072161 1.749405 0.202545
v -0.071890 1.752915 0.204176
v -0.072017 1.748851 0.205248
v -0.076964 1.737592 0.216339
v -0.076918 1.734506 0.212944
v -0.074049 1.741015 0.209574
v -0.128641 1.677556 0.238014
v -0.126407 1.682143 0.235946
v -0.128341 1.677550 0.235917
v -0.101156 1.756003 0.202700
v -0.100337 1.756641 0.200165
v -0.102163 1.754703 0.201521
v -0.097140 1.674434 0.243568
v -0.097401 1.678048 0.242657
v -0.098599 1.674199 0.245739
v -0.105188 1.745565 0.205547
v -0.106580 1.741535 0.208692
v -0.106846 1.743438 0.210600
v -0.101115 1.755108 0.199354
v -0.072821 1.751219 0.207713
v -0.280876 1.782591 0.054288
v -0.281072 1.785557 0.053695
v -0.283507 1.783144 0.055067
v -0.293971 1.773547 0.056040
v -0.291506 1.771549 0.056200
v -0.287486 1.776335 0.056389
v -0.316120 1.702088 0.034027
v -0.312635 1.706015 0.034652
v -0.313549 1.699246 0.033504
v -0.285015 1.783382 0.022061
v -0.282015 1.784014 0.021608
v -0.284148 1.781824 0.021492
v -0.317630 1.704306 0.063520
v -0.316704 1.710018 0.061874
v -0.321002 1.706209 0.062627
v -0.287042 1.772197 0.024411
v -0.289462 1.767924 0.026193
v -0.291350 1.770422 0.025421
v -0.281304 1.781730 0.021759
v -0.284807 1.784965 0.054078
v -0.222083 1.781878 -0.112745
v -0.224479 1.786652 -0.114876
v -0.224593 1.782161 -0.113706
v -0.230254 1.771940 -0.116636
v -0.226280 1.766122 -0.113257
v -0.225834 1.773910 -0.113536
v -0.226764 1.704589 -0.132250
v -0.225458 1.707906 -0.131068
v -0.224794 1.702498 -0.130178
v -0.214333 1.789370 -0.135645
v -0.212534 1.790041 -0.134624
v -0.212732 1.787481 -0.135174
v -0.238216 1.702317 -0.113385
v -0.237646 1.706105 -0.114241
v -0.240162 1.704034 -0.115601
v -0.213443 1.776897 -0.134549
v -0.215244 1.771664 -0.134076
v -0.217092 1.774875 -0.136358
v -0.211395 1.787530 -0.134005
v -0.226965 1.785773 -0.116315
v 0.178306 1.765051 -0.176822
v 0.180093 1.770756 -0.179470
v 0.179655 1.766165 -0.179073
v 0.182842 1.752507 -0.183996
v 0.180163 1.745974 -0.179552
v 0.180317 1.756597 -0.179683
v 0.209893 1.673356 -0.169094
v 0.207747 1.677066 -0.168444
v 0.208004 1.671374 -0.167006
v 0.199030 1.765976 -0.165805
v 0.197852 1.766904 -0.163727
v 0.198190 1.763013 -0.163933
v 0.190208 1.674179 -0.182871
v 0.190517 1.678160 -0.182796
v 0.192177 1.675215 -0.184664
v 0.198839 1.751820 -0.163579
v 0.199126 1.745935 -0.164878
v 0.201276 1.750027 -0.167435
v 0.196983 1.763941 -0.162279
v 0.181455 1.769356 -0.181772
v -0.010704 1.778028 -0.197000
v -0.011664 1.771559 -0.198196
v -0.010968 1.780036 -0.198492
v -0.010548 1.781016 -0.196436
v -0.039282 1.782576 -0.194451
v -0.039504 1.771534 -0.197139
v -0.039253 1.773126 -0.193610
v -0.012556 1.767609 -0.199842
v -0.012588 1.770145 -0.202032
v -0.010361 1.777196 -0.194292
v -0.039198 1.779434 -0.192691
v -0.039438 1.769028 -0.195333
v 0.330382 1.251004 0.240112
v 0.348861 1.245224 0.233729
v 0.343123 1.245815 0.221822
v 0.347474 1.236952 0.246791
v 0.328288 1.259832 0.266762
v 0.339105 1.230744 0.297165
v 0.344638 1.231170 0.264609
v 0.307126 1.237835 0.345153
v 0.327007 1.231696 0.322264
v 0.307111 1.270746 0.315140
v 0.255082 1.294678 0.335219
v 0.201404 1.301899 0.351790
v 0.234412 1.271912 0.365366
v 0.274980 1.270616 0.342529
v 0.267456 1.262126 0.367503
v 0.286134 1.248455 0.360368
v 0.327606 1.272153 0.215599
v 0.334660 1.260511 0.192042
v 0.326092 1.274475 0.175874
v 0.315809 1.306186 0.200363
v 0.318726 1.292584 0.161329
v 0.307979 1.293477 0.156610
v 0.339182 1.241606 0.220985
v 0.345959 1.240973 0.233289
v 0.327013 1.248433 0.239430
v 0.345026 1.234030 0.244885
v 0.341099 1.228736 0.263860
v 0.335616 1.228958 0.295638
v 0.323218 1.262469 0.281035
v 0.299585 1.269792 0.322009
v 0.323388 1.230204 0.320119
v 0.303833 1.236259 0.342712
v 0.232672 1.269045 0.362606
v 0.200142 1.299150 0.348648
v 0.253282 1.292511 0.332215
v 0.283524 1.246025 0.358072
v 0.265524 1.258556 0.366071
v 0.272957 1.267431 0.340619
v 0.322071 1.272551 0.175677
v 0.331561 1.257792 0.190977
v 0.319119 1.268698 0.213205
v 0.188188 1.327568 0.334098
v 0.191206 1.330236 0.315791
v 0.187820 1.323370 0.332210
v 0.315758 1.289643 0.162051
v 0.256328 1.178480 0.075569
v 0.260406 1.134799 0.094830
v 0.242467 1.143133 0.072420
v 0.230859 1.153786 0.061192
v 0.218756 1.170048 0.046045
v 0.315865 1.227050 0.135365
v 0.301958 1.261582 0.113641
v 0.320376 1.248477 0.136899
v 0.323404 1.227120 0.134384
v 0.303887 1.285227 0.142423
v 0.316573 1.279583 0.143922
v 0.325637 1.258380 0.153816
v 0.288359 1.198346 0.098210
v 0.311648 1.152156 0.124977
v 0.283824 1.136347 0.110523
v 0.312535 1.185805 0.124441
v 0.318695 1.183504 0.123409
v 0.325219 1.171221 0.136074
v 0.313170 1.209122 0.127912
v 0.279042 1.239237 0.086079
v 0.238911 1.143677 0.076800
v 0.256700 1.135136 0.096725
v 0.252771 1.178172 0.080391
v 0.227597 1.154314 0.065536
v 0.215764 1.170506 0.050386
v 0.313354 1.225237 0.140180
v 0.320991 1.225123 0.138561
v 0.315428 1.247005 0.139695
v 0.297573 1.258415 0.117157
v 0.312339 1.276246 0.146869
v 0.301294 1.281524 0.145618
v 0.320360 1.256683 0.155559
v 0.280233 1.136858 0.115023
v 0.307754 1.152570 0.129038
v 0.292481 1.203731 0.107194
v 0.309968 1.185360 0.129032
v 0.315857 1.183036 0.128157
v 0.320300 1.171882 0.139014
v 0.086151 1.058680 0.336772
v 0.112724 1.028846 0.376408
v 0.104295 1.078059 0.361832
v 0.138558 1.068151 0.394574
v 0.132960 1.094271 0.385266
v 0.075222 1.109022 0.315445
v 0.329313 1.234764 0.263954
v 0.320722 1.273453 0.203663
v 0.315120 1.288349 0.244812
v 0.269867 1.338820 0.037941
v 0.297826 1.373498 0.058765
v 0.276495 1.298624 0.054276
v 0.045553 1.288319 0.268968
v 0.055722 1.258138 0.283432
v 0.065412 1.314693 0.286106
v 0.043517 1.245192 0.259403
v 0.052753 1.214025 0.275946
v 0.091445 1.188121 0.044818
v 0.068171 1.227944 0.038085
v 0.097466 1.226126 0.033312
v 0.132187 1.152818 0.043491
v 0.135966 1.190074 0.045215
v 0.093515 1.149396 0.062019
v 0.070968 1.188364 0.057105
v 0.064800 1.268402 0.026691
v 0.053152 1.229584 0.057793
v 0.244538 1.355843 -0.017376
v 0.275845 1.379601 0.012462
v 0.235273 1.316151 0.018016
v 0.216385 1.346410 -0.045992
v 0.214427 1.304363 -0.007425
v 0.144637 1.295373 -0.000932
v 0.184630 1.288078 -0.017569
v 0.147359 1.250022 -0.001388
v 0.174892 1.254775 0.004852
v 0.171258 1.227863 0.013136
v 0.136186 1.219363 0.029868
v 0.207494 1.222355 0.028022
v 0.204689 1.235701 0.031083
v 0.240413 1.246583 0.038991
v 0.206783 1.269421 0.020382
v 0.232258 1.281179 0.038437
v 0.145960 1.333858 -0.033798
v 0.183519 1.335631 -0.040380
v 0.185106 1.381101 -0.076365
v 0.112285 1.299147 0.011179
v 0.081957 1.344670 -0.002655
v 0.110765 1.335125 -0.022588
v 0.099080 0.886865 0.189273
v 0.095542 0.844991 0.180187
v 0.104795 0.857544 0.143854
v 0.153820 0.846935 0.349279
v 0.172772 0.779355 0.313656
v 0.157899 0.783974 0.292562
v 0.326878 0.797424 0.285182
v 0.311759 0.788474 0.313066
v 0.311198 0.863459 0.335787
v 0.232561 0.844702 0.390003
v 0.268448 0.776743 0.340638
v 0.242738 0.774485 0.342767
v 0.006405 1.678235 0.014561
v -0.045081 1.697607 -0.192388
v -0.094315 1.703177 -0.178118
v 0.046173 1.691821 -0.190008
v 0.012309 1.695443 -0.197400
v 0.079253 1.690214 -0.188981
v 0.113450 1.687744 -0.183864
v 0.148435 1.686237 -0.174234
v 0.179220 1.686179 -0.157174
v 0.206142 1.685187 -0.133317
v 0.238681 1.686429 -0.096254
v 0.279049 1.699400 0.001373
v 0.273147 1.694585 -0.032453
v 0.262514 1.690275 -0.060675
v 0.280782 1.702824 0.032388
v 0.278033 1.704837 0.057687
v 0.270227 1.706204 0.089372
v 0.199038 1.696739 0.147105
v 0.249723 1.704478 0.113242
v -0.125294 1.707621 -0.166849
v -0.153689 1.705740 -0.148685
v -0.184296 1.707261 -0.130227
v -0.210326 1.709485 -0.106539
v 0.091031 1.682931 0.195728
v 0.123338 1.686019 0.184935
v 0.057823 1.680375 0.204799
v 0.027045 1.679500 0.211132
v 0.162235 1.690115 0.166538
v -0.023632 1.683557 0.217477
v -0.065329 1.688936 0.214179
v -0.107781 1.696487 0.205655
v -0.149470 1.707061 0.196308
v -0.191173 1.715380 0.180772
v -0.236174 1.723268 0.153462
v -0.265105 1.724785 0.108430
v -0.274876 1.720849 0.057811
v -0.271377 1.715140 0.004717
v -0.255425 1.711318 -0.035776
v -0.231967 1.710225 -0.077830
v -0.004864 1.166601 0.200119
v 0.022915 1.197234 0.173582
v 0.008226 1.203777 0.201896
v 0.020658 1.053751 0.227907
v 0.022592 1.104400 0.187299
v 0.003331 1.109433 0.212657
v 0.002026 1.269721 0.223468
v -0.036346 1.245347 0.248517
v -0.007865 1.242363 0.224374
v -0.086735 0.984044 -0.031943
v -0.109306 0.935337 -0.023719
v -0.115747 0.985746 -0.021348
v -0.060335 1.037593 -0.030178
v -0.107503 1.044323 -0.023704
v 0.004565 0.846956 0.004348
v 0.032884 0.897565 0.036059
v 0.020592 0.848764 0.030478
v 0.052958 0.982233 0.066874
v 0.038381 0.933993 0.036704
v 0.033899 0.979669 0.031696
v 0.054835 0.986573 0.104021
v 0.053696 0.937441 0.069255
v 0.052371 1.035003 0.099787
v 0.036550 1.032727 0.063900
v 0.021421 1.039880 0.012783
v 0.005682 0.978143 -0.002988
v -0.020322 1.037615 -0.012330
v -0.047991 0.980537 -0.017519
v 0.012738 0.898480 0.257420
v 0.032643 0.945153 0.228618
v 0.004493 0.950229 0.262083
v 0.050065 0.989836 0.142150
v 0.047336 1.038825 0.140502
v -0.260881 1.293382 0.050768
v -0.272494 1.330045 0.036380
v -0.254449 1.285126 0.013437
v -0.223699 1.134786 0.269239
v -0.180273 1.080596 0.312358
v -0.180167 1.136869 0.305388
v -0.026760 1.085243 -0.019842
v -0.048123 1.088529 -0.032951
v -0.031344 1.142887 -0.033435
v -0.111120 1.097852 -0.036032
v -0.115782 1.152638 -0.039758
v -0.092907 1.146461 -0.048667
v -0.080349 1.096987 -0.033829
v -0.129893 1.072737 -0.028368
v -0.134577 1.100014 -0.029436
v 0.038240 1.088891 0.092744
v 0.025528 1.085645 0.055638
v 0.023949 1.142818 0.042396
v 0.025365 1.083910 0.027821
v 0.022762 1.141898 0.018952
v -0.142058 1.326481 -0.078636
v -0.177412 1.283979 -0.057961
v -0.182169 1.326771 -0.063742
v -0.061561 1.513714 -0.166187
v -0.089094 1.466706 -0.138232
v -0.110546 1.517023 -0.168537
v -0.020302 1.560787 -0.178280
v -0.008183 1.510464 -0.146152
v -0.105101 1.369542 -0.091719
v -0.152124 1.367203 -0.092184
v -0.193616 1.368348 -0.081744
v -0.074553 1.420713 -0.104278
v -0.064121 1.375270 -0.073775
v 0.047048 1.092978 0.132360
v 0.018362 1.296852 0.219136
v -0.014809 1.283656 0.237113
v 0.024633 1.278129 0.201002
v 0.020941 1.255860 0.201001
v 0.030556 1.293388 0.222127
v 0.035129 1.312322 0.248556
v 0.024996 1.306331 0.220839
v 0.027975 1.743289 0.199762
v 0.027213 1.718644 0.209156
v 0.031690 1.719639 0.212874
v -0.125973 1.603847 0.243151
v -0.103019 1.599684 0.241809
v -0.094060 1.638049 0.248395
v -0.210783 1.430448 0.238172
v -0.162990 1.405116 0.254408
v -0.167264 1.440021 0.251901
v -0.269038 1.632926 0.204081
v -0.238089 1.628163 0.227048
v -0.233831 1.666459 0.204223
v -0.276378 1.458522 0.196138
v -0.284159 1.464415 0.172756
v -0.278636 1.438661 0.178495
v -0.275700 1.191107 0.163226
v -0.260748 1.136039 0.155300
v -0.272011 1.136147 0.174232
v -0.093783 1.265055 0.278025
v -0.027382 1.302059 0.258072
v -0.091382 1.299651 0.271187
v -0.122424 1.237033 0.289387
v -0.149748 1.240414 0.291741
v -0.133155 1.185013 0.301648
v -0.103109 1.228340 0.281132
v -0.067551 1.257757 0.261809
v -0.117069 1.241919 0.284468
v -0.191006 1.244328 0.274089
v -0.148051 1.243716 0.283475
v -0.030807 0.954106 0.291688
v -0.080380 0.960850 0.326536
v -0.080609 0.933594 0.330224
v -0.112381 0.909900 0.325262
v -0.092359 0.904530 0.328368
v -0.096049 0.923861 0.331742
v -0.103776 0.952193 0.344290
v -0.283445 1.721869 0.148191
v -0.276083 1.721150 0.154534
v -0.243789 1.768985 0.148330
v -0.279746 1.770869 0.101824
v -0.296761 1.721790 0.114860
v -0.283553 1.721836 0.143009
v -0.325374 1.557765 0.115208
v -0.326965 1.598491 0.128003
v -0.326852 1.597274 0.118701
v -0.291250 1.410254 0.017826
v -0.305252 1.420657 0.069420
v -0.309426 1.438245 0.064867
v -0.311173 1.462961 0.073050
v -0.310167 1.460434 0.061549
v -0.318583 1.465574 0.075796
v 0.057531 0.973934 0.284604
v 0.061567 0.981603 0.296818
v 0.049639 1.023579 0.268166
v 0.088700 0.820091 0.216518
v 0.082593 0.827648 0.203142
v 0.089223 0.836415 0.217279
v 0.323267 0.858597 0.337958
v 0.315813 0.793135 0.316161
v 0.329232 0.804433 0.293326
v 0.236611 0.835788 0.387496
v 0.241764 0.771931 0.343336
v 0.266581 0.776474 0.345543
v 0.322161 1.623328 0.008661
v 0.308853 1.648093 -0.028853
v 0.315369 1.657928 0.000612
v 0.316124 1.256655 0.147676
v 0.315406 1.294529 0.143159
v 0.317502 1.260802 0.162047
v 0.364495 0.888458 0.227221
v 0.357799 0.846562 0.203468
v 0.373872 0.858203 0.186943
v 0.262577 0.954901 0.131946
v 0.265871 0.962024 0.138599
v 0.232565 0.950564 0.131972
v 0.207160 0.958685 0.129477
v 0.178891 0.954116 0.149182
v 0.172236 0.972107 0.120718
v 0.216950 1.025427 0.116220
v 0.238780 1.038549 0.121004
v 0.243827 1.010117 0.132529
v 0.055702 0.986273 0.180084
v 0.052269 1.003806 0.213078
v 0.050303 1.048976 0.188778
v 0.045923 1.061617 0.218176
v 0.045469 1.013123 0.243140
v 0.087585 0.983528 0.144411
v 0.075703 0.953821 0.176077
v 0.055766 0.961720 0.231132
v 0.065423 0.957210 0.203744
v 0.064137 1.040071 0.150863
v 0.135322 0.956293 0.157017
v 0.127651 0.969236 0.130187
v 0.100427 0.948000 0.168979
v 0.148715 0.957465 0.164985
v 0.119535 0.955516 0.154955
v 0.144895 0.962940 0.125990
v 0.184398 0.964417 0.095784
v 0.186886 0.956723 0.122699
v 0.229535 0.957901 0.083972
v 0.184061 0.960104 0.080775
v 0.290581 1.023887 0.157641
v 0.277552 1.061716 0.154453
v 0.335840 1.092281 0.173890
v 0.324150 1.111669 0.168497
v 0.321634 1.150361 0.152807
v 0.340964 1.161729 0.181897
v 0.196677 1.066362 0.425589
v 0.169528 1.076953 0.411928
v 0.171996 1.054654 0.417577
v 0.183563 1.273086 0.346455
v 0.221122 1.281682 0.353518
v 0.188234 1.313812 0.334527
v 0.206444 0.989357 0.436505
v 0.179546 0.983932 0.431460
v 0.184298 0.908795 0.415412
v 0.230260 0.950179 0.430971
v 0.231835 0.908437 0.420227
v 0.275236 0.921845 0.407685
v 0.218505 1.237687 0.368335
v 0.215670 1.179502 0.389730
v 0.267071 1.193661 0.378291
v 0.298924 1.143499 0.374231
v 0.265686 1.135803 0.387411
v 0.318000 1.144058 0.341452
v 0.316857 1.194560 0.325123
v 0.290175 1.193020 0.353913
v 0.253965 1.231701 0.352484
v 0.286940 1.244430 0.339409
v 0.237067 1.318957 0.317010
v 0.245296 1.291895 0.333776
v 0.274047 1.297860 0.313660
v 0.284620 1.318983 0.279672
v 0.299677 1.295628 0.290330
v 0.324845 1.088434 0.366604
v 0.343792 1.053164 0.267208
v 0.337294 1.050396 0.264506
v 0.332269 1.113205 0.237411
v 0.339930 0.937942 0.330474
v 0.350234 0.923473 0.295142
v 0.345341 0.956591 0.306570
v 0.349639 0.961886 0.307239
v 0.337040 1.047349 0.249784
v 0.347281 0.982587 0.272483
v 0.340247 0.985642 0.292997
v 0.358922 0.914488 0.257032
v 0.367958 0.912650 0.217307
v 0.360903 0.932634 0.268418
v 0.355837 0.929074 0.270656
v 0.330757 1.108563 0.226409
v 0.342525 1.048675 0.248861
v 0.312606 1.669216 0.068081
v 0.307800 1.702611 0.058746
v 0.315262 1.669212 0.071149
v 0.326467 1.520093 0.060533
v 0.322318 1.489939 0.051337
v 0.323883 1.510831 0.041081
v 0.330749 1.521585 0.063154
v 0.320383 1.473078 0.060748
v 0.307239 1.451475 0.021258
v 0.326371 1.603235 0.075069
v 0.324409 1.567046 0.090569
v 0.331127 1.561859 0.072734
v 0.327467 1.555266 0.053778
v 0.326610 1.559264 0.068987
v 0.311610 1.602490 -0.045379
v 0.300309 1.643027 -0.055787
v 0.349005 0.956929 0.181779
v 0.316572 0.965575 0.164788
v 0.298936 0.992042 0.165880
v 0.363673 0.971273 0.196859
v 0.363484 0.941027 0.195722
v -0.035232 1.225270 -0.046076
v -0.041816 1.273510 -0.053368
v -0.011498 1.273174 -0.042928
v 0.000297 1.313055 -0.039789
v -0.079660 1.223714 -0.063060
v -0.085659 1.258441 -0.056471
v -0.130391 1.245783 -0.054185
v -0.049193 1.311211 -0.040863
v -0.056341 1.335391 -0.050031
v -0.022736 1.344321 -0.037665
v 0.019138 1.359396 -0.030248
v 0.004173 1.393992 -0.038325
v -0.031176 1.382615 -0.055395
v -0.119502 1.213290 -0.037667
v -0.070484 1.186398 -0.061380
v -0.118883 1.188555 -0.041937
v -0.019868 0.930404 -0.019189
v -0.018278 0.896355 -0.016928
v -0.050595 0.889259 -0.030736
v -0.075324 0.949929 -0.027898
v -0.066323 0.919933 -0.018148
v -0.047757 0.846518 -0.034411
v -0.081457 0.843232 -0.042227
v -0.274425 1.231968 0.115453
v -0.256144 1.219409 0.075482
v -0.270756 1.186268 0.105668
v -0.255457 1.181421 0.079854
v -0.269100 1.189857 0.124152
v -0.112137 0.865636 -0.022628
v -0.131099 0.848355 -0.021717
v -0.131656 0.870811 -0.023716
v -0.145711 1.196804 -0.030724
v -0.155500 1.229751 -0.019584
v -0.208780 1.265579 -0.022855
v -0.200265 1.250439 -0.006234
v -0.166741 1.196987 -0.018611
v -0.279663 0.999701 0.100767
v -0.270242 1.007305 0.123674
v -0.274035 1.067460 0.119870
v -0.237928 0.888654 0.151008
v -0.217187 0.894896 0.205338
v -0.231195 0.917090 0.177393
v -0.236341 0.817934 0.146927
v -0.248510 0.852780 0.128536
v -0.240158 0.822709 0.089625
v -0.129552 0.891288 -0.024156
v -0.174947 0.892878 0.010680
v -0.136771 0.939159 -0.027006
v -0.222848 0.864139 0.055495
v -0.242873 0.900284 0.059896
v -0.211242 0.892133 0.048569
v -0.274406 1.071673 0.069037
v -0.266012 1.008562 0.065957
v -0.224666 1.011129 0.030633
v -0.244077 0.991734 0.058058
v 0.040934 1.261858 0.073962
v 0.033849 1.249010 0.106100
v 0.034999 1.273791 0.079962
v 0.011411 1.267206 -0.012487
v 0.022912 1.320329 -0.004700
v 0.045194 1.319618 0.021653
v 0.041906 1.284732 0.042381
v 0.027517 1.393364 -0.022191
v 0.029769 1.353926 0.000869
v 0.044453 1.395618 -0.033552
v 0.048885 1.357605 0.001905
v 0.019018 1.433682 -0.051256
v 0.031690 1.440326 -0.096416
v 0.025625 1.413846 -0.041357
v 0.005673 1.472257 -0.106811
v 0.346901 0.888713 0.230025
v 0.370772 0.851706 0.178723
v 0.353798 0.838809 0.198252
v 0.092934 0.859469 0.245949
v 0.092934 0.859469 0.245949
v 0.095542 0.844991 0.180187
v 0.215451 0.774499 0.337702
v 0.194023 0.775000 0.326422
v 0.187992 0.844122 0.377567
v 0.274358 0.853286 0.378349
v 0.290817 0.779183 0.329764
v 0.283001 0.842513 0.376841
v 0.292462 0.780971 0.337870
v 0.312146 0.792955 0.321745
v -0.256041 0.983782 0.075261
v -0.232214 0.974700 0.042116
v 0.066513 1.151145 0.097156
v 0.059708 1.189146 0.079155
v 0.099459 0.921792 0.200470
v 0.114718 0.931306 0.176166
v 0.208067 0.901434 0.253382
v 0.093580 0.909815 0.224026
v 0.219066 0.959335 0.129748
v 0.253856 0.956570 0.138290
v 0.300091 0.945403 0.164199
v 0.155598 0.948913 0.140642
v 0.185135 0.957356 0.130416
v 0.134388 0.936697 0.156919
v 0.328087 0.927077 0.196992
v 0.334308 0.918959 0.223009
v 0.331869 0.912905 0.253183
v 0.323664 0.908639 0.283232
v 0.312735 0.906441 0.312192
v 0.150384 0.887698 0.369433
v 0.134845 0.887877 0.345682
v 0.120080 0.888759 0.319950
v 0.106621 0.892467 0.297921
v 0.100166 0.893324 0.279755
v 0.184048 0.885927 0.392141
v 0.225835 0.886935 0.400278
v 0.262461 0.895949 0.387933
v 0.295729 0.905456 0.351472
v -0.085306 0.872947 -0.000875
v -0.057459 0.871788 0.001269
v -0.085106 0.869241 0.138776
v -0.034549 0.871220 0.012299
v -0.017973 0.870814 0.029919
v -0.001021 0.874155 0.049483
v -0.203192 0.872632 0.057624
v -0.163769 0.875033 0.025012
v -0.178116 0.880324 0.238161
v -0.200895 0.873648 0.189969
v -0.144051 0.880183 0.275761
v -0.222042 0.869149 0.144152
v -0.223508 0.870996 0.099059
v -0.122605 0.874526 0.006606
v -0.110357 0.879779 0.298368
v -0.092594 0.878069 0.300256
v -0.016420 0.873736 0.232425
v -0.037967 0.873266 0.260928
v 0.001539 0.874949 0.202129
v 0.027213 0.878990 0.122948
v 0.015138 0.877093 0.174361
v 0.024970 0.879223 0.096288
v -0.074008 0.877277 0.292690
v 0.014870 0.876905 0.071594
v -0.299409 1.421894 0.111710
v -0.311965 1.463579 0.105735
v 0.097049 0.818943 0.240279
v 0.092782 0.854646 0.280253
v 0.086855 0.824222 0.229735
v 0.191330 0.773758 0.328071
v 0.189207 0.837941 0.379658
v 0.172093 0.776483 0.315933
v 0.216466 0.773664 0.341074
v 0.314505 0.783137 0.308507
v -0.253078 1.716501 0.171558
v 0.078022 1.305999 0.016551
v 0.075036 1.386083 -0.048284
v -0.117947 1.415348 -0.113783
v -0.137111 1.280662 -0.051018
v -0.095860 1.329762 -0.066492
v 0.011909 0.933008 0.005047
v 0.172193 0.997555 0.105041
v 0.228729 0.960046 0.125217
v 0.045793 0.899478 0.066421
v 0.057139 0.939636 0.102756
v 0.275290 1.271823 0.069219
v 0.296855 1.337345 0.074174
v 0.084003 0.940411 0.200680
v 0.030623 0.894679 0.222789
v 0.178190 1.211304 0.020954
v 0.031240 1.317443 0.025384
v 0.027823 1.253587 0.010411
v 0.029870 1.281939 0.058661
v 0.011327 1.079835 0.005439
v -0.036249 1.275333 0.248477
v -0.068635 1.220139 0.270266
v -0.043991 1.213717 0.253230
v -0.106379 1.180540 0.286843
v -0.164516 0.934071 0.006646
v -0.214859 1.077808 0.270579
v 0.222167 1.389776 -0.070306
v 0.324892 1.223172 0.217887
v 0.091119 1.275212 0.298771
v 0.070383 1.225603 0.291750
v -0.050090 1.468538 -0.128073
v -0.079691 1.566176 -0.185005
v -0.198975 1.230399 0.003378
v -0.254040 1.310810 -0.000876
v -0.108321 0.914159 -0.019395
v -0.036308 0.944953 -0.022531
v -0.075968 1.144882 -0.044798
v -0.157015 1.072301 -0.029847
v -0.153172 1.049887 -0.023599
v -0.199025 1.056206 0.002708
v 0.235390 0.948248 0.139671
v 0.239108 0.960766 0.139263
v 0.010166 0.895708 0.008121
v 0.091079 1.002809 0.354377
v 0.097364 1.128242 0.343005
v 0.019667 1.162495 0.177754
v 0.031957 1.048211 0.197416
v -0.164277 1.612629 0.257788
v -0.162572 1.611053 0.266394
v -0.148831 1.605383 0.261194
v -0.125073 1.616578 0.256719
v -0.097625 1.638952 0.251864
v -0.111053 1.650001 0.242503
v -0.278654 1.664664 0.186806
v -0.235790 1.665391 0.205420
v -0.270607 1.666236 0.176734
v -0.153498 1.636796 0.249190
v -0.139611 1.656433 0.237588
v -0.239111 1.638572 0.239038
v -0.222242 1.636219 0.247558
v -0.224034 1.618538 0.239451
v -0.178811 1.646618 0.245259
v -0.188460 1.663301 0.224198
v -0.205277 1.643923 0.234802
v -0.269600 1.639477 0.211268
v -0.281167 1.639553 0.204572
v -0.277009 1.640854 0.213131
v -0.258584 1.629100 0.220408
v -0.250210 1.648491 0.212737
v -0.149249 1.601800 0.256577
v -0.162490 1.603713 0.264096
v -0.164247 1.604801 0.257106
v -0.113728 1.644539 0.239916
v -0.099726 1.635597 0.249526
v -0.125529 1.613687 0.251431
v -0.228974 1.611329 0.243001
v -0.225158 1.634371 0.249588
v -0.242072 1.637355 0.240978
v -0.278964 1.635170 0.214187
v -0.281080 1.634140 0.200870
v -0.274279 1.630696 0.207382
v -0.249927 1.645140 0.207874
v -0.260376 1.620134 0.221149
v -0.274279 1.630696 0.207382
v -0.155653 1.634010 0.244292
v -0.282747 1.649962 0.190669
v -0.278807 1.660829 0.185090
v -0.210965 1.626845 0.254880
v -0.207839 1.629224 0.252881
v 0.210643 1.469316 -0.163604
v 0.162767 1.482948 -0.180047
v 0.195756 1.528845 -0.184681
v 0.122322 1.502305 -0.193197
v 0.098750 1.535197 -0.206718
v 0.140941 1.536200 -0.203602
v 0.136090 1.569494 -0.203555
v 0.086854 1.566073 -0.211329
v 0.082966 1.578456 -0.202616
v 0.305679 1.524443 -0.082454
v 0.313589 1.538118 -0.056026
v 0.308247 1.507382 -0.062002
v 0.294966 1.480225 -0.080785
v 0.294032 1.562679 -0.086257
v 0.299737 1.572123 -0.053640
v 0.309066 1.563635 -0.055865
v 0.260221 1.565121 -0.138615
v 0.280204 1.512600 -0.126858
v 0.237823 1.519205 -0.162209
v 0.227389 1.568246 -0.168817
v 0.201157 1.527513 -0.176006
v 0.161457 1.483507 -0.174403
v 0.208687 1.468720 -0.157504
v 0.132114 1.535205 -0.200040
v 0.098295 1.534398 -0.200725
v 0.121904 1.503721 -0.187864
v 0.127268 1.563113 -0.199992
v 0.302943 1.507255 -0.059841
v 0.308344 1.535997 -0.053119
v 0.293245 1.521537 -0.094799
v 0.289922 1.480641 -0.077951
v 0.304563 1.559416 -0.052788
v 0.296080 1.566038 -0.050422
v 0.282923 1.556967 -0.098271
v 0.276307 1.510928 -0.121379
v 0.086423 1.561837 -0.205279
v -0.311692 1.577272 -0.058245
v -0.320926 1.573171 -0.040820
v -0.312930 1.583147 -0.036458
v -0.123654 1.571866 -0.198152
v -0.132689 1.551907 -0.198944
v -0.132641 1.572331 -0.195731
v -0.295825 1.499279 -0.081508
v -0.308621 1.514073 -0.067776
v -0.312230 1.545819 -0.078940
v -0.319063 1.539288 -0.055020
v -0.276800 1.546425 -0.115233
v -0.251718 1.553807 -0.134368
v -0.254100 1.479573 -0.126619
v -0.278028 1.585187 -0.104452
v -0.313451 1.567576 -0.069083
v -0.277785 1.486879 -0.101735
v -0.179265 1.568707 -0.180664
v -0.159636 1.522368 -0.190952
v -0.211414 1.524851 -0.147909
v -0.215946 1.562359 -0.158131
v -0.193254 1.501848 -0.174239
v -0.227120 1.483032 -0.148135
v -0.163607 1.568179 -0.179476
v -0.131192 1.551479 -0.195645
v -0.132241 1.571397 -0.191147
v -0.305428 1.548438 -0.076113
v -0.305323 1.514555 -0.066711
v -0.292977 1.499019 -0.079824
v -0.319014 1.569782 -0.039938
v -0.307135 1.571311 -0.056483
v -0.316452 1.539263 -0.054222
v -0.207013 1.522861 -0.143121
v -0.220703 1.560228 -0.149338
v -0.271542 1.544027 -0.111414
v -0.274303 1.486205 -0.099333
v -0.250712 1.477770 -0.123785
v -0.157436 1.521370 -0.188487
v -0.224739 1.481073 -0.146221
v -0.191253 1.499606 -0.172179
v -0.113489 1.594117 -0.191348
v -0.114048 1.598505 -0.181516
v -0.112814 1.591490 -0.188177
v -0.319014 1.569782 -0.039938
v -0.167161 1.595755 -0.171944
v -0.133457 1.597235 -0.186924
v -0.182219 1.600662 -0.172948
v -0.133374 1.598955 -0.178229
v -0.122703 1.571868 -0.194589
v -0.160626 1.229502 0.294235
v -0.132283 1.239900 0.298327
v -0.150290 1.254281 0.285504
v -0.255569 1.178463 0.204755
v -0.272838 1.177096 0.182982
v -0.261935 1.161100 0.209067
v -0.244564 1.168258 0.228248
v -0.257594 1.154250 0.222700
v -0.251535 1.151076 0.235437
v -0.203941 1.208101 0.282412
v -0.184632 1.219106 0.289097
v -0.198319 1.246626 0.279989
v -0.215999 1.189699 0.273316
v -0.233099 1.204008 0.249172
v -0.236849 1.168154 0.256094
v -0.245360 1.151996 0.254324
v -0.133036 1.229573 0.304895
v -0.121601 1.239178 0.305850
v -0.132346 1.241632 0.306727
v -0.241095 1.166155 0.265114
v -0.230075 1.158361 0.270925
v -0.156298 1.226011 0.289270
v -0.146284 1.251806 0.282553
v -0.128032 1.236934 0.292850
v -0.252503 1.176908 0.200162
v -0.260220 1.159687 0.206932
v -0.268826 1.176298 0.180350
v -0.240066 1.165883 0.225689
v -0.248938 1.150242 0.233895
v -0.255523 1.153374 0.220786
v -0.211852 1.187104 0.270658
v -0.229121 1.201627 0.246740
v -0.199783 1.205647 0.280101
v -0.230623 1.165162 0.251798
v -0.239597 1.150017 0.252880
v -0.132115 1.229214 0.302611
v -0.127616 1.232464 0.299586
v -0.119739 1.237791 0.304989
v -0.228295 1.161183 0.259130
v -0.227012 1.156270 0.268049
v -0.273862 1.202076 0.169575
v -0.277229 1.201313 0.161420
v -0.274365 1.199996 0.159339
v -0.269213 1.200145 0.166672
v -0.175541 1.150364 -0.029581
v -0.188491 1.143978 -0.023047
v -0.267461 1.133373 0.058572
v -0.246186 1.120196 0.038527
v -0.141206 1.234347 -0.032142
v -0.144007 1.210353 -0.038314
v -0.257344 1.247925 0.065194
v -0.175790 1.151281 -0.019381
v -0.150869 1.179600 -0.032277
v -0.164580 1.173591 -0.022770
v -0.141422 1.207721 -0.033243
v -0.175272 1.147543 -0.023971
v -0.185192 1.142611 -0.018550
v -0.262062 1.135251 0.060444
v -0.242537 1.121107 0.042983
v -0.150869 1.179600 -0.032277
v -0.175790 1.151281 -0.019381
v -0.141422 1.207721 -0.033243
v -0.175272 1.147543 -0.023971
v -0.185192 1.142611 -0.018550
v -0.265478 1.152055 0.080528
v -0.273330 1.198014 0.110365
v -0.276095 1.225692 0.109332
v -0.262062 1.135251 0.060444
v -0.242537 1.121107 0.042983
v -0.209547 1.117137 0.014968
v -0.139401 1.231610 -0.027497
v -0.268632 1.247593 0.105216
v -0.235490 1.239168 0.034085
v -0.139401 1.231610 -0.027497
v 0.320044 1.336754 0.174780
v 0.322760 1.337423 0.178841
v 0.321948 1.335696 0.177865
v 0.320471 1.335088 0.175941
v 0.317705 1.333238 0.172744
v 0.319402 1.333654 0.174812
v 0.320129 1.329392 0.176361
v 0.324658 1.332098 0.182292
v 0.324690 1.329983 0.182930
v 0.316637 1.348587 0.168756
v 0.316187 1.350360 0.168022
v 0.318278 1.350635 0.170841
v 0.317590 1.348690 0.170155
v 0.319743 1.347904 0.173235
v 0.318385 1.346955 0.171562
v 0.314587 1.347739 0.166306
v 0.315857 1.347268 0.168019
v 0.314690 1.343879 0.167071
v 0.315994 1.345075 0.168669
v 0.316721 1.343625 0.169884
v 0.315962 1.341125 0.169287
v 0.320266 1.344607 0.174427
v 0.318565 1.345041 0.172128
v 0.317909 1.333393 0.175823
v 0.316379 1.333044 0.173800
v 0.317694 1.327245 0.176435
v 0.318867 1.325849 0.177919
v 0.318995 1.334667 0.176759
v 0.314667 1.340899 0.170296
v 0.323579 1.329706 0.183792
v 0.323317 1.331852 0.183301
v 0.320566 1.335356 0.178833
v 0.321492 1.337259 0.179805
v 0.315385 1.348361 0.169611
v 0.316451 1.348502 0.171012
v 0.317042 1.350510 0.171705
v 0.314907 1.350208 0.168871
v 0.317168 1.346793 0.172418
v 0.318487 1.347714 0.174171
v 0.313391 1.347597 0.167158
v 0.314638 1.347104 0.168869
v 0.313407 1.343749 0.167958
v 0.314797 1.344887 0.169504
v 0.315463 1.343418 0.170837
v 0.317315 1.344913 0.173099
v 0.318945 1.344243 0.175602
v 0.318995 1.334667 0.176759
v 0.317909 1.333393 0.175823
v 0.318687 1.329056 0.177543
v 0.320616 1.329708 0.179863
v 0.320566 1.335356 0.178833
v 0.321903 1.331715 0.181400
v 0.316451 1.348502 0.171012
v 0.315385 1.348361 0.169611
v 0.317168 1.346793 0.172418
v 0.314638 1.347104 0.168869
v 0.314797 1.344887 0.169504
v 0.315463 1.343418 0.170837
v 0.316492 1.343971 0.172146
v 0.317600 1.344184 0.171173
v 0.317315 1.344913 0.173099
v 0.321492 1.337259 0.179805
v 0.318945 1.344243 0.175602
v 0.318487 1.347714 0.174171
v 0.317042 1.350510 0.171705
v 0.314907 1.350208 0.168871
v 0.313391 1.347597 0.167158
v 0.313407 1.343749 0.167958
v 0.314667 1.340899 0.170296
v 0.316379 1.333044 0.173800
v 0.317694 1.327245 0.176435
v 0.318867 1.325849 0.177919
v 0.321360 1.327737 0.180855
v 0.323579 1.329706 0.183792
v 0.323317 1.331852 0.183301
v 0.316492 1.343971 0.172146
v 0.318257 1.342662 0.171967
v 0.315895 1.345027 0.171242
v 0.315750 1.348023 0.169955
v 0.313551 1.347761 0.170202
v 0.313723 1.344708 0.171510
v 0.313825 1.344303 0.169886
v 0.315379 1.344714 0.170494
v 0.315169 1.347548 0.169101
v 0.313613 1.347068 0.168526
v 0.308713 1.681376 -0.036727
v 0.307068 1.679668 -0.035877
v 0.310496 1.687509 -0.007091
v 0.313235 1.687500 -0.007169
v 0.313235 1.687500 -0.007169
v 0.310496 1.687509 -0.007091
v 0.312492 1.680216 -0.004026
v 0.314240 1.680426 -0.004676
v 0.313713 1.693799 -0.008983
v 0.309622 1.687956 -0.038692
v 0.304905 1.711389 -0.043843
v 0.307390 1.712179 -0.044375
v 0.312162 1.688534 -0.039151
v 0.309622 1.687956 -0.038692
v 0.299907 1.730796 -0.048588
v 0.301280 1.730992 -0.048777
v 0.292453 1.747268 -0.052032
v 0.298757 1.749213 -0.024748
v 0.305250 1.733895 -0.021840
v 0.295909 1.747277 -0.023907
v 0.302958 1.732988 -0.021340
v 0.308977 1.715132 -0.016814
v 0.312030 1.715919 -0.017567
v 0.308977 1.715132 -0.016814
v 0.302958 1.732988 -0.021340
v 0.299907 1.730796 -0.048588
v 0.304905 1.711389 -0.043843
v 0.290537 1.745632 -0.051553
v 0.295909 1.747277 -0.023907
v 0.316735 1.694031 -0.009750
v 0.290537 1.745632 -0.051553
v 0.313713 1.693799 -0.008983
v 0.316660 1.679782 -0.005290
v 0.316622 1.687425 -0.007686
v 0.316723 1.669988 -0.001172
v 0.318807 1.669392 -0.002081
v 0.312955 1.673697 -0.034655
v 0.312836 1.663136 -0.031753
v 0.309832 1.662673 -0.031251
v 0.311628 1.661584 -0.031164
v 0.317115 1.667450 -0.001720
v 0.315578 1.668710 -0.000840
v 0.317115 1.667450 -0.001720
v 0.315578 1.668710 -0.000840
v 0.312265 1.683190 -0.037689
v 0.308713 1.681376 -0.036727
v 0.310176 1.673750 -0.034390
v 0.310971 1.664275 -0.031848
v 0.311628 1.661584 -0.031164
v 0.309832 1.662673 -0.031251
v 0.308231 1.673452 -0.033956
v 0.312492 1.680216 -0.004026
v 0.308231 1.673452 -0.033956
v 0.307068 1.679668 -0.035877
v 0.295387 1.752357 -0.024817
v 0.294571 1.751789 -0.024571
v 0.287337 1.748849 -0.050653
v 0.289346 1.750611 -0.052528
v 0.292527 1.756541 -0.024609
v 0.294571 1.751789 -0.024571
v 0.292527 1.756541 -0.024609
v 0.285842 1.754349 -0.052939
v 0.285842 1.754349 -0.052939
v 0.285509 1.764545 -0.054755
v 0.288332 1.767113 -0.055491
v 0.285509 1.764545 -0.054755
v 0.290845 1.763846 -0.025204
v 0.293364 1.766509 -0.025971
v 0.288332 1.767113 -0.055491
v 0.287337 1.748849 -0.050653
v 0.168691 1.731097 0.168295
v 0.141695 1.728468 0.181497
v 0.141522 1.726007 0.179415
v 0.167575 1.729186 0.167205
v 0.166544 1.734231 0.163190
v 0.167575 1.729186 0.167205
v 0.176537 1.710200 0.180517
v 0.148695 1.708792 0.192398
v 0.177542 1.710669 0.182626
v 0.176537 1.710200 0.180517
v 0.149843 1.709369 0.193825
v 0.148695 1.708792 0.192398
v 0.182137 1.693450 0.191394
v 0.181122 1.693084 0.189376
v 0.154102 1.692973 0.202951
v 0.181122 1.693084 0.189376
v 0.153045 1.692650 0.201494
v 0.153045 1.692650 0.201494
v 0.154573 1.681813 0.204749
v 0.155726 1.681426 0.206945
v 0.154573 1.681813 0.204749
v 0.181522 1.683029 0.192124
v 0.137521 1.731402 0.178388
v 0.163904 1.745597 0.161127
v 0.163446 1.743026 0.160578
v 0.135932 1.743518 0.175153
v 0.136659 1.745421 0.175810
v 0.137521 1.731402 0.178388
v 0.166544 1.734231 0.163190
v 0.141522 1.726007 0.179415
v 0.178353 1.672545 0.190917
v 0.154712 1.669540 0.202358
v 0.155672 1.671123 0.204335
v 0.179643 1.673477 0.192363
v 0.178353 1.672545 0.190917
v 0.179804 1.667886 0.191342
v 0.181153 1.661663 0.195973
v 0.180490 1.659044 0.195593
v 0.181274 1.657740 0.197485
v 0.181984 1.659299 0.198411
v 0.156339 1.655894 0.211959
v 0.155319 1.657707 0.210726
v 0.154853 1.655740 0.209375
v 0.180490 1.659044 0.195593
v 0.181274 1.657740 0.197485
v 0.155659 1.654730 0.211123
v 0.154177 1.665356 0.204508
v 0.179804 1.667886 0.191342
v 0.154712 1.669540 0.202358
v 0.154177 1.665356 0.204508
v 0.154853 1.655740 0.209375
v 0.155659 1.654730 0.211123
v 0.182725 1.682512 0.194884
v 0.181522 1.683029 0.192124
v -0.076918 1.734506 0.212944
v -0.106580 1.741535 0.208692
v -0.106246 1.737692 0.206072
v -0.077501 1.730274 0.211712
v -0.073618 1.739389 0.207785
v -0.077501 1.730274 0.211712
v -0.086641 1.704642 0.232894
v -0.117798 1.713487 0.226075
v -0.086974 1.705146 0.235081
v -0.086641 1.704642 0.232894
v -0.117758 1.713918 0.227872
v -0.117798 1.713487 0.226075
v -0.123894 1.692824 0.235317
v -0.124523 1.692678 0.237625
v -0.123894 1.692824 0.235317
v -0.093127 1.688205 0.241492
v -0.104766 1.744090 0.202990
v -0.100337 1.756641 0.200165
v -0.071890 1.752915 0.204176
v -0.072161 1.749405 0.202545
v -0.101115 1.755108 0.199354
v -0.104766 1.744090 0.202990
v -0.073618 1.739389 0.207785
v -0.106246 1.737692 0.206072
v -0.098048 1.676712 0.241064
v -0.126461 1.680152 0.233743
v -0.126407 1.682143 0.235946
v -0.097401 1.678048 0.242657
v -0.098048 1.676712 0.241064
v -0.097028 1.673719 0.241716
v -0.098699 1.663301 0.245469
v -0.099275 1.661362 0.244717
v -0.100410 1.660119 0.246764
v -0.100558 1.661820 0.247557
v -0.131880 1.667052 0.239659
v -0.131051 1.669072 0.237908
v -0.131406 1.666600 0.236741
v -0.099275 1.661362 0.244717
v -0.100410 1.660119 0.246764
v -0.132271 1.665216 0.238557
v -0.097028 1.673719 0.241716
v -0.127403 1.676265 0.233934
v -0.126461 1.680152 0.233743
v -0.127403 1.676265 0.233934
v -0.131406 1.666600 0.236741
v -0.132271 1.665216 0.238557
v -0.094216 1.687790 0.244329
v -0.093127 1.688205 0.241492
v -0.291506 1.771549 0.056200
v -0.289462 1.767924 0.026193
v -0.287021 1.764693 0.027591
v -0.289475 1.769376 0.056270
v -0.285440 1.774125 0.057156
v -0.289475 1.769376 0.056270
v -0.304509 1.750432 0.058721
v -0.300015 1.748939 0.029443
v -0.306914 1.751008 0.058470
v -0.304509 1.750432 0.058721
v -0.301949 1.749671 0.029610
v -0.300015 1.748939 0.029443
v -0.316833 1.732473 0.060679
v -0.314468 1.731901 0.061069
v -0.310826 1.730211 0.032185
v -0.314468 1.731901 0.061069
v -0.308848 1.729745 0.032100
v -0.308848 1.729745 0.032100
v -0.312346 1.717155 0.033151
v -0.315022 1.717242 0.033040
v -0.312346 1.717155 0.033151
v -0.317498 1.720790 0.061919
v -0.284553 1.769931 0.023907
v -0.281072 1.785557 0.053695
v -0.280876 1.782591 0.054288
v -0.281304 1.781730 0.021759
v -0.282015 1.784014 0.021608
v -0.284553 1.769931 0.023907
v -0.285440 1.774125 0.057156
v -0.287021 1.764693 0.027591
v -0.314928 1.708493 0.061538
v -0.310248 1.702855 0.034992
v -0.312635 1.706015 0.034652
v -0.316704 1.710018 0.061874
v -0.314928 1.708493 0.061538
v -0.316454 1.703757 0.063523
v -0.321546 1.697058 0.063135
v -0.320749 1.694658 0.063075
v -0.323093 1.693266 0.062631
v -0.324087 1.695403 0.062639
v -0.319860 1.689702 0.033257
v -0.317813 1.691002 0.033593
v -0.316786 1.688688 0.033350
v -0.320749 1.694658 0.063075
v -0.323093 1.693266 0.062631
v -0.318849 1.687367 0.033195
v -0.311904 1.698216 0.033983
v -0.316454 1.703757 0.063523
v -0.310248 1.702855 0.034992
v -0.311904 1.698216 0.033983
v -0.316786 1.688688 0.033350
v -0.318849 1.687367 0.033195
v -0.320648 1.720502 0.061322
v -0.317498 1.720790 0.061919
v -0.226280 1.766122 -0.113257
v -0.215244 1.771664 -0.134076
v -0.212070 1.766342 -0.131187
v -0.223578 1.761372 -0.111510
v -0.223636 1.771400 -0.111522
v -0.223578 1.761372 -0.111510
v -0.235129 1.737787 -0.115886
v -0.222303 1.742624 -0.136061
v -0.237086 1.739317 -0.117618
v -0.235129 1.737787 -0.115886
v -0.223879 1.743584 -0.137292
v -0.222303 1.742624 -0.136061
v -0.226303 1.720350 -0.134520
v -0.228193 1.720611 -0.136214
v -0.226303 1.720350 -0.134520
v -0.238599 1.718545 -0.115982
v -0.211211 1.774254 -0.132543
v -0.212534 1.790041 -0.134624
v -0.224479 1.786652 -0.114876
v -0.222083 1.781878 -0.112745
v -0.211395 1.787530 -0.134005
v -0.211211 1.774254 -0.132543
v -0.223636 1.771400 -0.111522
v -0.212070 1.766342 -0.131187
v -0.235600 1.703760 -0.112932
v -0.223244 1.704118 -0.128996
v -0.225458 1.707906 -0.131068
v -0.237646 1.706105 -0.114241
v -0.235600 1.703760 -0.112932
v -0.236348 1.700314 -0.111652
v -0.239516 1.692487 -0.112416
v -0.238718 1.689924 -0.111417
v -0.240380 1.689462 -0.112846
v -0.241118 1.692035 -0.114139
v -0.227402 1.695289 -0.132074
v -0.225968 1.695642 -0.130667
v -0.224725 1.693097 -0.129975
v -0.238718 1.689924 -0.111417
v -0.240380 1.689462 -0.112846
v -0.226204 1.692659 -0.131193
v -0.236348 1.700314 -0.111652
v -0.222936 1.700307 -0.128253
v -0.223244 1.704118 -0.128996
v -0.222936 1.700307 -0.128253
v -0.224725 1.693097 -0.129975
v -0.226204 1.692659 -0.131193
v -0.240970 1.719152 -0.118210
v -0.238599 1.718545 -0.115982
v 0.180163 1.745974 -0.179552
v 0.199126 1.745935 -0.164878
v 0.196955 1.741140 -0.160689
v 0.179458 1.741872 -0.176276
v 0.178285 1.753211 -0.177696
v 0.179458 1.741872 -0.176276
v 0.187191 1.714747 -0.184844
v 0.206529 1.715947 -0.169474
v 0.188616 1.716113 -0.187008
v 0.187191 1.714747 -0.184844
v 0.207458 1.717219 -0.171362
v 0.206529 1.715947 -0.169474
v 0.208575 1.690835 -0.170899
v 0.209965 1.691290 -0.173142
v 0.208575 1.690835 -0.170899
v 0.190177 1.692515 -0.185909
v 0.197220 1.749706 -0.160540
v 0.197852 1.766904 -0.163727
v 0.180093 1.770756 -0.179470
v 0.178306 1.765051 -0.176822
v 0.196983 1.763941 -0.162279
v 0.197220 1.749706 -0.160540
v 0.178285 1.753211 -0.177696
v 0.196955 1.741140 -0.160689
v 0.189388 1.675165 -0.180434
v 0.206251 1.673256 -0.165663
v 0.207747 1.677066 -0.168444
v 0.190517 1.678160 -0.182796
v 0.189388 1.675165 -0.180434
v 0.188684 1.671610 -0.180675
v 0.191281 1.663925 -0.182039
v 0.190659 1.660706 -0.180644
v 0.192150 1.660067 -0.182284
v 0.192989 1.662807 -0.183365
v 0.212048 1.663286 -0.168292
v 0.210496 1.664070 -0.167060
v 0.210427 1.661895 -0.165348
v 0.190659 1.660706 -0.180644
v 0.192150 1.660067 -0.182284
v 0.211724 1.661054 -0.166854
v 0.188684 1.671610 -0.180675
v 0.206566 1.669181 -0.164924
v 0.206251 1.673256 -0.165663
v 0.206566 1.669181 -0.164924
v 0.210427 1.661895 -0.165348
v 0.211724 1.661054 -0.166854
v 0.191976 1.692627 -0.188358
v 0.190177 1.692515 -0.185909
v -0.045949 1.704658 -0.217973
v -0.045956 1.702148 -0.216263
v -0.016890 1.706609 -0.217497
v -0.016989 1.707154 -0.219807
v -0.016989 1.707154 -0.219807
v -0.016890 1.706609 -0.217497
v -0.016601 1.698603 -0.217540
v -0.017126 1.699213 -0.219264
v -0.016572 1.714445 -0.221018
v -0.045449 1.712285 -0.219462
v -0.042945 1.734720 -0.216134
v -0.043094 1.736112 -0.218181
v -0.045374 1.713513 -0.221604
v -0.045449 1.712285 -0.219462
v -0.040906 1.755590 -0.209633
v -0.040968 1.756251 -0.210936
v -0.039818 1.767102 -0.199023
v -0.013264 1.765804 -0.203778
v -0.015305 1.753263 -0.213309
v -0.013071 1.762959 -0.201260
v -0.015068 1.751899 -0.211271
v -0.016534 1.735374 -0.217579
v -0.016970 1.736916 -0.220073
v -0.016534 1.735374 -0.217579
v -0.015068 1.751899 -0.211271
v -0.040906 1.755590 -0.209633
v -0.042945 1.734720 -0.216134
v -0.039728 1.765189 -0.197416
v -0.013071 1.762959 -0.201260
v -0.017013 1.715789 -0.223651
v -0.039728 1.765189 -0.197416
v -0.016572 1.714445 -0.221018
v -0.017560 1.699426 -0.221260
v -0.017228 1.708090 -0.222661
v -0.017511 1.688163 -0.219241
v -0.018224 1.687973 -0.220861
v -0.046256 1.697354 -0.220341
v -0.046691 1.686004 -0.217603
v -0.046661 1.684963 -0.214826
v -0.046716 1.683775 -0.216003
v -0.018680 1.685318 -0.218866
v -0.017634 1.686534 -0.217710
v -0.018680 1.685318 -0.218866
v -0.017634 1.686534 -0.217710
v -0.045774 1.707463 -0.221209
v -0.045949 1.704658 -0.217973
v -0.046146 1.696909 -0.217830
v -0.046564 1.687052 -0.216217
v -0.046716 1.683775 -0.216003
v -0.046661 1.684963 -0.214826
v -0.046168 1.695796 -0.216078
v -0.016601 1.698603 -0.217540
v -0.046168 1.695796 -0.216078
v -0.045956 1.702148 -0.216263
v -0.012556 1.767609 -0.199842
v -0.012619 1.766617 -0.198941
v -0.037918 1.766453 -0.193559
v -0.039438 1.769028 -0.195333
v -0.011462 1.770132 -0.196247
v -0.012619 1.766617 -0.198941
v -0.011462 1.770132 -0.196247
v -0.039013 1.770945 -0.191400
v -0.039013 1.770945 -0.191400
v -0.038630 1.780603 -0.190218
v -0.038929 1.783972 -0.192714
v -0.038630 1.780603 -0.190218
v -0.010361 1.777196 -0.194292
v -0.010548 1.781016 -0.196436
v -0.038929 1.783972 -0.192714
v -0.037918 1.766453 -0.193559
v 0.319985 1.284661 0.252918
v 0.297914 1.294910 0.298515
v 0.307551 1.316332 0.235576
v 0.286060 1.326786 0.279480
v 0.290499 1.324947 0.226305
v 0.272011 1.334745 0.258000
v 0.239979 1.332689 0.318224
v 0.231057 1.338414 0.295856
v 0.297556 1.314890 0.192151
v 0.300778 1.300642 0.161199
v 0.187820 1.323370 0.332210
v 0.238905 1.328434 0.316896
v 0.309952 1.300054 0.199467
v 0.315758 1.289643 0.162051
v 0.345959 1.240973 0.233289
v 0.339182 1.241606 0.220985
v 0.345026 1.234030 0.244885
v 0.335616 1.228958 0.295638
v 0.341099 1.228736 0.263860
v 0.323388 1.230204 0.320119
v 0.303833 1.236259 0.342712
v 0.200142 1.299150 0.348648
v 0.232672 1.269045 0.362606
v 0.265524 1.258556 0.366071
v 0.283524 1.246025 0.358072
v 0.331561 1.257792 0.190977
v 0.322071 1.272551 0.175677
v 0.249059 1.249197 0.088811
v 0.275443 1.272538 0.114187
v 0.240289 1.216578 0.059412
v 0.219776 1.232541 0.068751
v 0.207246 1.198466 0.034968
v 0.201651 1.216443 0.047600
v 0.291761 1.286174 0.137625
v 0.335346 1.232214 0.152040
v 0.322365 1.208645 0.125467
v 0.339809 1.204818 0.146762
v 0.205006 1.196884 0.039821
v 0.237722 1.214450 0.064507
v 0.204316 1.221955 0.061274
v 0.199396 1.213286 0.051495
v 0.289507 1.282038 0.141039
v 0.273200 1.268665 0.117514
v 0.330462 1.230650 0.154493
v 0.310810 1.207335 0.132886
v 0.320156 1.207210 0.130001
v 0.334857 1.204350 0.149532
v 0.205006 1.196884 0.039821
v 0.199396 1.213286 0.051495
v 0.256700 1.135136 0.096725
v 0.238911 1.143677 0.076800
v 0.227597 1.154314 0.065536
v 0.215764 1.170506 0.050386
v 0.301294 1.281524 0.145618
v 0.312339 1.276246 0.146869
v 0.289507 1.282038 0.141039
v 0.320360 1.256683 0.155559
v 0.330462 1.230650 0.154493
v 0.280233 1.136858 0.115023
v 0.307754 1.152570 0.129038
v 0.334857 1.204350 0.149532
v 0.320300 1.171882 0.139014
v 0.133470 1.292902 0.318531
v 0.125026 1.330097 0.310530
v 0.075140 0.993946 0.326774
v 0.066164 1.043264 0.306664
v 0.068009 1.162930 0.292214
v 0.051066 1.146963 0.253536
v 0.057458 1.092673 0.282683
v 0.044126 1.123204 0.216766
v 0.046053 1.068771 0.244519
v 0.126082 1.143301 0.362341
v 0.092693 1.176137 0.312206
v 0.118735 1.194153 0.337500
v 0.144173 1.039015 0.401916
v 0.119137 0.953940 0.385570
v 0.149037 0.969975 0.415839
v 0.099165 0.944738 0.355048
v 0.129276 0.899119 0.365078
v 0.107800 0.897941 0.339744
v 0.153387 0.901049 0.400113
v 0.133035 0.843538 0.326038
v 0.155564 0.839964 0.363523
v 0.113385 0.848910 0.302572
v 0.083547 0.940766 0.331778
v 0.088370 0.897274 0.316381
v 0.354344 0.875607 0.263778
v 0.341249 0.868468 0.296482
v 0.347648 0.825270 0.254393
v 0.356649 0.838341 0.223883
v 0.329464 0.796514 0.283270
v 0.347765 0.819166 0.243024
v 0.354580 0.920188 0.177297
v 0.374339 0.877041 0.157991
v 0.361585 0.892563 0.127694
v 0.329951 1.188392 0.279181
v 0.334553 1.175982 0.233517
v 0.336630 1.136109 0.299457
v 0.343406 1.120235 0.255597
v 0.277246 1.389853 0.247929
v 0.275365 1.421410 0.233516
v 0.225349 1.423801 0.275631
v 0.227279 1.395299 0.288238
v 0.281302 1.357733 0.262422
v 0.230971 1.363319 0.301678
v 0.223613 1.450960 0.261482
v 0.275605 1.455960 0.216533
v 0.223244 1.481917 0.247082
v 0.276411 1.491410 0.199473
v 0.176552 1.415498 0.285632
v 0.177810 1.392554 0.302871
v 0.126133 1.405652 0.291695
v 0.124137 1.370378 0.297841
v 0.180837 1.358910 0.319994
v 0.129596 1.441428 0.285466
v 0.178358 1.446477 0.280363
v 0.179676 1.478372 0.268628
v 0.132841 1.478891 0.279224
v 0.182151 1.516524 0.256811
v 0.181301 1.551823 0.240378
v 0.135377 1.546533 0.255228
v 0.135308 1.514988 0.269286
v 0.224428 1.519336 0.231305
v 0.223836 1.556920 0.214866
v 0.131826 1.572479 0.236262
v 0.133507 1.605459 0.228858
v 0.095561 1.598541 0.239678
v 0.091246 1.558286 0.243949
v 0.089649 1.533096 0.251747
v 0.178087 1.583662 0.222777
v 0.221346 1.591746 0.199595
v 0.177274 1.614346 0.210819
v 0.218966 1.622835 0.186903
v 0.089593 1.505830 0.266437
v 0.089362 1.477071 0.279353
v 0.277319 1.530120 0.183795
v 0.276652 1.568321 0.168741
v 0.306116 1.531880 0.140979
v 0.305194 1.572360 0.128970
v 0.302509 1.492240 0.152504
v 0.300895 1.418342 0.185732
v 0.301278 1.455083 0.169026
v 0.080012 1.360743 0.284840
v 0.082607 1.404055 0.289150
v 0.088110 1.443316 0.284574
v 0.304700 1.351524 0.215062
v 0.302163 1.383362 0.201393
v 0.311145 1.343211 0.180684
v 0.311129 1.380705 0.162546
v 0.317958 1.338364 0.145876
v 0.314369 1.371557 0.127121
v 0.307880 1.412576 0.148423
v 0.316120 1.405894 0.113517
v 0.314593 1.363291 0.107200
v 0.313423 1.329217 0.125321
v 0.290642 1.302788 0.097081
v 0.315248 1.398814 0.092180
v 0.297351 1.269090 0.111148
v 0.273179 1.238301 0.087509
v 0.304004 1.241542 0.122523
v 0.276664 1.213793 0.096688
v 0.312482 1.450257 0.134381
v 0.313109 1.486917 0.118896
v 0.315701 1.441181 0.099559
v 0.319500 1.478838 0.084881
v 0.299687 1.411794 0.042098
v 0.315826 1.434833 0.076072
v 0.313395 1.306692 0.197612
v 0.306373 1.311678 0.233883
v 0.316361 1.299862 0.162234
v 0.109022 1.242569 0.316479
v 0.041908 1.196091 0.234255
v 0.036377 1.175416 0.193259
v 0.035918 1.228461 0.224036
v 0.031102 1.252571 0.216696
v 0.040798 1.273993 0.243494
v 0.027983 1.224506 0.173808
v 0.032425 1.208632 0.180061
v 0.033856 1.237085 0.128636
v 0.028562 1.236525 0.156833
v 0.029571 1.268350 0.207862
v 0.026943 1.263895 0.174661
v 0.028562 1.236525 0.156833
v 0.033856 1.237085 0.128636
v 0.035801 1.252110 0.098656
v 0.031795 1.232856 0.133096
v 0.027983 1.224506 0.173808
v 0.029187 1.214128 0.148968
v 0.036113 1.264646 0.069342
v 0.052957 1.158318 0.131271
v 0.037781 1.164257 0.165424
v 0.031161 1.192192 0.155258
v 0.048477 1.192260 0.118655
v 0.043209 1.221585 0.108385
v 0.101615 1.260823 0.014914
v 0.032425 1.208632 0.180061
v 0.036377 1.175416 0.193259
v 0.044850 1.113680 0.189966
v 0.044126 1.123204 0.216766
v 0.046053 1.068771 0.244519
v 0.078520 0.919475 0.205843
v 0.093309 0.933261 0.176822
v 0.103316 0.919757 0.139888
v 0.091419 0.906163 0.165586
v 0.099491 0.882919 0.124396
v 0.108558 0.896045 0.102320
v 0.108595 0.894506 0.097218
v 0.099928 0.880434 0.120188
v 0.066065 0.930881 0.228791
v 0.051686 1.102336 0.157797
v 0.094517 1.040230 0.118134
v 0.070606 1.095749 0.124740
v 0.096159 1.094043 0.089587
v 0.128352 1.044892 0.085464
v 0.131853 1.098066 0.059761
v 0.125417 0.987602 0.114523
v 0.172353 1.060428 0.084108
v 0.170402 1.111993 0.061614
v 0.210399 1.079635 0.089353
v 0.208929 1.130245 0.067250
v 0.232276 1.143478 0.068466
v 0.277944 1.171334 0.106803
v 0.283520 1.122631 0.119208
v 0.233386 1.096068 0.091204
v 0.207599 1.171712 0.051329
v 0.233131 1.186371 0.061434
v 0.170306 1.155791 0.043301
v 0.273181 0.947840 0.095312
v 0.323502 0.932861 0.133920
v 0.332629 0.916618 0.085036
v 0.280087 0.934194 0.051805
v 0.269879 0.958660 0.128858
v 0.245972 0.963493 0.122328
v 0.185026 0.957453 0.155353
v 0.321968 0.941677 0.158596
v 0.113652 0.947985 0.147529
v 0.119431 0.932789 0.114836
v 0.123413 0.909325 0.078136
v 0.123456 0.907393 0.073563
v 0.142648 0.949774 0.091027
v 0.144985 0.925234 0.056216
v 0.287253 1.686160 -0.068100
v 0.277966 1.740170 -0.081673
v 0.288428 1.741264 -0.056017
v 0.298788 1.688397 -0.043427
v 0.292694 1.741609 -0.024651
v 0.308522 1.693371 -0.008597
v 0.260679 1.682457 -0.107240
v 0.249603 1.738373 -0.115685
v 0.083310 1.691619 -0.208469
v 0.081750 1.750021 -0.202520
v 0.118299 1.749523 -0.201013
v 0.120512 1.686943 -0.203203
v 0.048714 1.694292 -0.213650
v 0.045581 1.751897 -0.203811
v 0.159602 1.684698 -0.193649
v 0.154044 1.747596 -0.192245
v 0.185392 1.744418 -0.174896
v 0.194065 1.685187 -0.175441
v 0.225248 1.683265 -0.148634
v 0.213698 1.740826 -0.151139
v 0.169929 1.639414 -0.198572
v 0.127652 1.641145 -0.211372
v 0.207708 1.638762 -0.175160
v 0.221998 1.589965 -0.171976
v 0.180342 1.590502 -0.195634
v 0.134219 1.590595 -0.207635
v 0.275568 1.635663 -0.102677
v 0.240459 1.636253 -0.147387
v 0.288903 1.589372 -0.094112
v 0.253092 1.587739 -0.141157
v 0.086959 1.645089 -0.217781
v 0.089868 1.592279 -0.213310
v 0.048195 1.597291 -0.212147
v 0.048019 1.647983 -0.219249
v 0.016443 1.544564 -0.181281
v 0.050486 1.535499 -0.189871
v 0.055423 1.474706 -0.155954
v 0.023004 1.490276 -0.144510
v -0.032656 1.609401 -0.199722
v 0.012524 1.601754 -0.206126
v 0.096162 1.474640 -0.165191
v 0.092519 1.536264 -0.198551
v 0.139379 1.537565 -0.196682
v 0.142852 1.478816 -0.169144
v -0.041662 1.705778 -0.215153
v 0.011660 1.702176 -0.218593
v 0.010599 1.652518 -0.216031
v -0.040868 1.658048 -0.211449
v 0.009526 1.756259 -0.206550
v -0.041611 1.762811 -0.201254
v 0.269922 1.697418 0.124038
v 0.260557 1.744378 0.106835
v 0.206456 1.733788 0.146546
v 0.215724 1.688421 0.162522
v 0.272608 1.634317 0.143777
v 0.271668 1.663384 0.134969
v 0.218358 1.653729 0.177193
v 0.273968 1.602803 0.154355
v 0.302990 1.606192 0.119976
v 0.179198 1.647416 0.202416
v 0.175759 1.682009 0.184017
v 0.134213 1.677462 0.202322
v 0.136468 1.642536 0.221440
v 0.098901 1.674001 0.216256
v 0.100127 1.639350 0.234374
v 0.097024 1.720121 0.197670
v 0.130592 1.721098 0.185909
v 0.167829 1.726229 0.166466
v 0.144462 1.425653 -0.125324
v 0.101570 1.421677 -0.118892
v 0.145327 1.376524 -0.076666
v 0.106630 1.375945 -0.067691
v 0.064039 1.426607 -0.103751
v 0.188357 1.430303 -0.122666
v 0.229786 1.437752 -0.111473
v 0.190257 1.482783 -0.160930
v 0.232812 1.487797 -0.141914
v 0.252345 1.402191 -0.052591
v 0.286530 1.425889 -0.018650
v 0.313931 1.491641 0.002294
v 0.293532 1.469347 -0.045024
v 0.299064 1.509864 -0.069276
v 0.315008 1.528495 -0.015188
v 0.295257 1.553626 -0.083574
v 0.315040 1.567091 -0.032126
v 0.323159 1.585513 0.016244
v 0.326546 1.547026 0.027656
v 0.267604 1.495188 -0.117076
v 0.231054 1.543395 -0.163166
v 0.264233 1.545143 -0.135231
v 0.261666 1.449126 -0.088821
v 0.186855 1.540453 -0.182237
v 0.169794 1.195930 0.036450
v 0.203509 1.204325 0.045881
v 0.234025 1.215776 0.065739
v 0.316550 1.196561 0.137785
v 0.120526 0.807012 0.255932
v 0.137246 0.796702 0.277038
v 0.321584 1.527616 0.104747
v 0.373346 0.874647 0.141953
v 0.360735 0.891621 0.113580
v 0.361733 0.894407 0.116342
v 0.374300 0.877018 0.144945
v 0.373892 0.854329 0.174504
v 0.374304 0.856397 0.177454
v 0.348005 0.899147 0.200756
v 0.369958 0.868519 0.148830
v 0.356780 0.842391 0.196650
v 0.355828 0.839943 0.193140
v 0.356429 0.834283 0.213982
v 0.346361 0.815628 0.239019
v 0.354709 0.831115 0.209961
v -0.057459 0.871788 0.001269
v -0.085306 0.872947 -0.000875
v -0.079453 0.829922 -0.028627
v -0.048722 0.831973 -0.023372
v -0.034549 0.871220 0.012299
v -0.024866 0.833351 -0.008163
v -0.074663 0.789174 -0.048257
v -0.043273 0.792477 -0.039768
v -0.042647 0.793319 -0.042874
v -0.075302 0.790991 -0.051605
v -0.075904 0.796236 -0.051945
v -0.042500 0.798488 -0.043799
v -0.017626 0.798862 -0.024285
v -0.018660 0.794608 -0.023415
v -0.020249 0.794098 -0.020594
v -0.123438 0.787014 -0.044405
v -0.124774 0.792708 -0.044663
v -0.121756 0.785014 -0.040867
v -0.124478 0.826108 -0.018427
v -0.167777 0.780425 -0.021448
v -0.164258 0.823122 0.001834
v -0.170801 0.783008 -0.024255
v -0.171927 0.787725 -0.023371
v -0.203631 0.818273 0.039379
v -0.206365 0.773604 0.019881
v -0.210411 0.775163 0.016615
v -0.211328 0.779693 0.017858
v -0.007207 0.797618 0.002795
v -0.009174 0.834476 0.013651
v -0.002666 0.801321 0.001461
v -0.004732 0.796749 0.001977
v 0.014027 0.804977 0.025926
v 0.011938 0.801882 0.026471
v 0.008670 0.801715 0.028276
v 0.006528 0.836943 0.036133
v -0.017973 0.870814 0.029919
v -0.001021 0.874155 0.049483
v 0.024056 0.804011 0.050977
v 0.034992 0.806095 0.077369
v 0.032595 0.838363 0.086061
v 0.021215 0.838976 0.059211
v 0.030264 0.806664 0.049511
v 0.027728 0.803900 0.049612
v 0.040672 0.805152 0.075165
v 0.036938 0.802356 0.074760
v -0.163769 0.875033 0.025012
v -0.203192 0.872632 0.057624
v -0.173362 0.810759 0.226147
v -0.203337 0.807213 0.178685
v -0.200895 0.873648 0.189969
v -0.178116 0.880324 0.238161
v -0.144051 0.880183 0.275761
v -0.140561 0.815942 0.270105
v -0.226678 0.813424 0.084911
v -0.226229 0.809356 0.138590
v -0.232348 0.763076 0.129714
v -0.229719 0.768844 0.069365
v -0.208801 0.753383 0.166538
v -0.214085 0.758754 0.168813
v -0.239509 0.765437 0.132244
v -0.237437 0.758541 0.129835
v -0.211807 0.752777 0.166325
v -0.234980 0.774501 0.069282
v -0.234732 0.767514 0.067978
v -0.171155 0.754560 0.211537
v -0.173406 0.752837 0.211281
v -0.176602 0.759327 0.214708
v -0.223508 0.870996 0.099059
v -0.222042 0.869149 0.144152
v -0.122605 0.874526 0.006606
v -0.110357 0.879779 0.298368
v -0.103447 0.815921 0.297892
v -0.085406 0.816718 0.299732
v -0.092594 0.878069 0.300256
v -0.074008 0.877277 0.292690
v -0.066887 0.818453 0.291399
v -0.078470 0.765375 0.295060
v -0.098936 0.763998 0.293704
v -0.078031 0.767956 0.297128
v -0.099627 0.766771 0.296175
v -0.098970 0.761455 0.293801
v -0.077634 0.762549 0.294565
v -0.143342 0.765731 0.265748
v -0.141236 0.759647 0.262215
v -0.139877 0.761958 0.262105
v -0.024874 0.780161 0.248651
v -0.057990 0.769135 0.285679
v -0.033536 0.822788 0.257993
v -0.020349 0.778048 0.247468
v -0.018986 0.781280 0.249327
v -0.056385 0.771189 0.287068
v -0.056110 0.766191 0.284684
v -0.013946 0.823496 0.226188
v 0.002641 0.826970 0.194952
v -0.001923 0.789644 0.183457
v -0.012539 0.784552 0.215565
v -0.004909 0.784782 0.215762
v -0.007482 0.782160 0.214308
v 0.002663 0.787667 0.182368
v 0.005569 0.790313 0.183766
v -0.037967 0.873266 0.260928
v -0.016420 0.873736 0.232425
v 0.001539 0.874949 0.202129
v 0.035342 0.836826 0.114455
v 0.019207 0.831416 0.168320
v 0.015138 0.877093 0.174361
v 0.027213 0.878990 0.122948
v 0.027213 0.878990 0.122948
v 0.024970 0.879223 0.096288
v 0.035342 0.836826 0.114455
v 0.013553 0.793511 0.156955
v 0.037604 0.802327 0.104520
v 0.020584 0.794771 0.157111
v 0.017915 0.792470 0.156013
v 0.039915 0.800117 0.102066
v 0.042943 0.801663 0.102830
v 0.105033 0.901658 0.163839
v 0.116532 0.912189 0.142253
v 0.114718 0.931306 0.176166
v 0.099459 0.921792 0.200470
v 0.093580 0.909815 0.224026
v 0.152418 0.933781 0.106482
v 0.132670 0.920982 0.122387
v 0.127685 0.900006 0.075295
v 0.147373 0.914705 0.053548
v 0.113851 0.888140 0.098018
v 0.223774 0.944683 0.092560
v 0.184540 0.942431 0.094935
v 0.182300 0.926358 0.041358
v 0.229223 0.929727 0.039112
v 0.253856 0.956570 0.138290
v 0.219066 0.959335 0.129748
v 0.265515 0.939920 0.099659
v 0.311624 0.928460 0.133972
v 0.300091 0.945403 0.164199
v 0.185135 0.957356 0.130416
v 0.155598 0.948913 0.140642
v 0.134388 0.936697 0.156919
v 0.328087 0.927077 0.196992
v 0.339765 0.910241 0.173030
v 0.357629 0.883931 0.120236
v 0.330671 0.907893 0.078850
v 0.334308 0.918959 0.223009
v 0.331869 0.912905 0.253183
v 0.338735 0.877700 0.263503
v 0.323664 0.908639 0.283232
v 0.328704 0.871225 0.295228
v 0.312735 0.906441 0.312192
v 0.332851 0.917246 0.073205
v 0.333215 0.920102 0.075864
v 0.279337 0.925610 0.047335
v 0.229716 0.937061 0.035326
v 0.229797 0.939756 0.037777
v 0.280491 0.936797 0.044738
v 0.280472 0.933771 0.042156
v 0.181879 0.932670 0.036873
v 0.145574 0.921059 0.049124
v 0.144994 0.924473 0.051287
v 0.181698 0.936537 0.039196
v 0.124852 0.904167 0.071503
v 0.110547 0.891149 0.094562
v 0.106591 0.876408 0.118106
v 0.103703 0.852106 0.272279
v 0.103638 0.817229 0.236141
v 0.120572 0.844642 0.293021
v 0.125979 0.805508 0.250770
v 0.135706 0.849086 0.323914
v 0.142293 0.795195 0.272276
v 0.136911 0.788789 0.262677
v 0.120640 0.801270 0.243390
v 0.123640 0.800484 0.240673
v 0.138995 0.787623 0.259867
v 0.134845 0.887877 0.345682
v 0.150384 0.887698 0.369433
v 0.120080 0.888759 0.319950
v 0.106621 0.892467 0.297921
v 0.100166 0.893324 0.279755
v 0.102796 0.877266 0.117348
v 0.100166 0.893324 0.279755
v 0.184048 0.885927 0.392141
v 0.225835 0.886935 0.400278
v 0.262461 0.895949 0.387933
v 0.295729 0.905456 0.351472
v 0.343601 0.818151 0.247245
v 0.328705 0.792466 0.278337
v 0.289178 1.744094 0.017499
v 0.287412 1.741572 -0.018399
v 0.279049 1.699400 0.001373
v 0.280782 1.702824 0.032388
v 0.285203 1.746145 0.045845
v 0.278033 1.704837 0.057687
v 0.270227 1.706204 0.089372
v 0.249723 1.704478 0.113242
v 0.252497 1.739623 0.102207
v 0.268375 1.744639 0.079048
v 0.273147 1.694585 -0.032453
v 0.280641 1.738761 -0.050388
v 0.262514 1.690275 -0.060675
v 0.268777 1.736306 -0.076925
v 0.267483 1.764781 -0.082479
v 0.243971 1.765479 -0.116021
v 0.244008 1.734653 -0.110494
v 0.244094 1.766055 -0.116208
v 0.269320 1.765621 -0.083725
v 0.182418 1.738196 -0.166752
v 0.179220 1.686179 -0.157174
v 0.206142 1.685187 -0.133317
v 0.209500 1.735437 -0.144168
v 0.238681 1.686429 -0.096254
v 0.209556 1.768746 -0.149108
v 0.209617 1.769573 -0.149462
v 0.182150 1.774615 -0.171725
v 0.180771 1.773341 -0.169339
v 0.281032 1.766363 -0.057732
v 0.278676 1.765964 -0.057014
v 0.285130 1.766227 -0.025876
v 0.286703 1.766623 -0.026381
v 0.082218 1.743481 -0.192968
v 0.079253 1.690214 -0.188981
v 0.113450 1.687744 -0.183864
v 0.118028 1.742781 -0.191589
v 0.046165 1.742762 -0.193486
v 0.046173 1.691821 -0.190008
v 0.148435 1.686237 -0.174234
v 0.152400 1.740836 -0.183394
v 0.046001 1.777095 -0.190642
v 0.082648 1.776733 -0.191870
v 0.117288 1.777759 -0.191627
v 0.081938 1.777733 -0.193020
v 0.117958 1.779146 -0.194228
v 0.045481 1.778275 -0.191702
v 0.011463 1.775839 -0.188162
v 0.009708 1.743366 -0.192879
v 0.011098 1.777595 -0.190549
v -0.037236 1.780838 -0.185409
v -0.036953 1.779221 -0.182669
v -0.039640 1.749224 -0.186814
v 0.151531 1.777963 -0.185385
v 0.152753 1.779639 -0.187853
v -0.088003 1.785684 -0.176420
v -0.092464 1.756424 -0.180376
v -0.094084 1.764553 -0.189769
v -0.087795 1.786822 -0.178397
v -0.045081 1.697607 -0.192388
v 0.012309 1.695443 -0.197400
v -0.094315 1.703177 -0.178118
v -0.125294 1.707621 -0.166849
v -0.126094 1.758844 -0.175677
v -0.159405 1.758614 -0.162647
v -0.153689 1.705740 -0.148685
v -0.189378 1.758785 -0.141672
v -0.214549 1.759437 -0.116924
v -0.210326 1.709485 -0.106539
v -0.184296 1.707261 -0.130227
v -0.188277 1.791804 -0.148022
v -0.213132 1.791144 -0.122882
v -0.156610 1.789040 -0.164157
v -0.161797 1.764120 -0.168774
v -0.193500 1.765612 -0.150116
v -0.189758 1.793308 -0.150393
v -0.157603 1.790719 -0.166067
v -0.215177 1.792850 -0.125020
v -0.220687 1.766603 -0.124953
v -0.123052 1.788401 -0.174200
v -0.128559 1.764523 -0.182258
v -0.122257 1.787122 -0.172069
v 0.093051 1.717445 0.188657
v 0.124157 1.719563 0.178687
v 0.123338 1.686019 0.184935
v 0.091031 1.682931 0.195728
v 0.161566 1.722252 0.158307
v 0.197951 1.728887 0.137396
v 0.199038 1.696739 0.147105
v 0.162235 1.690115 0.166538
v 0.160103 1.744885 0.154603
v 0.196721 1.751074 0.134482
v 0.125574 1.742758 0.172584
v 0.161999 1.745652 0.157029
v 0.127276 1.743528 0.175326
v 0.199839 1.752436 0.137953
v 0.251521 1.763017 0.097104
v 0.253196 1.763325 0.099516
v 0.268341 1.767104 0.073808
v 0.287554 1.766073 0.009028
v 0.282751 1.767925 0.040931
v 0.290268 1.766843 0.009041
v 0.298376 1.746604 0.011465
v 0.095973 1.741534 0.181770
v 0.097165 1.742274 0.184631
v 0.059234 1.716583 0.195555
v 0.026277 1.715031 0.200569
v 0.025175 1.742178 0.195223
v 0.060609 1.744673 0.189981
v 0.025175 1.742178 0.195223
v 0.026277 1.715031 0.200569
v -0.024779 1.718327 0.208080
v -0.025237 1.742915 0.201644
v 0.027045 1.679500 0.211132
v -0.023632 1.683557 0.217477
v 0.057823 1.680375 0.204799
v 0.027045 1.679500 0.211132
v -0.065329 1.688936 0.214179
v -0.064366 1.724283 0.207201
v -0.063230 1.748971 0.200490
v -0.025569 1.743344 0.204400
v -0.063890 1.749970 0.203431
v -0.067043 1.727656 0.216727
v -0.025844 1.720966 0.216819
v -0.104621 1.730064 0.199076
v -0.100460 1.752895 0.192255
v -0.144207 1.739476 0.187599
v -0.139353 1.762057 0.181947
v -0.149671 1.744707 0.198331
v -0.108099 1.734054 0.208479
v -0.101481 1.753807 0.194846
v -0.140574 1.763293 0.184707
v -0.107781 1.696487 0.205655
v -0.149470 1.707061 0.196308
v -0.236174 1.723268 0.153462
v -0.233489 1.763110 0.142312
v -0.186745 1.750996 0.170888
v -0.191173 1.715380 0.180772
v -0.181490 1.773054 0.166342
v -0.194074 1.756506 0.180680
v -0.183391 1.774293 0.169077
v -0.228841 1.784211 0.135676
v -0.267170 1.765943 0.099459
v -0.265654 1.790834 0.091958
v -0.277825 1.763726 0.056634
v -0.273779 1.790686 0.053095
v -0.231365 1.785585 0.137642
v -0.265105 1.724785 0.108430
v -0.274876 1.720849 0.057811
v -0.273200 1.759830 -0.002794
v -0.269637 1.789497 -0.007841
v -0.287606 1.765719 0.058333
v -0.277752 1.790794 0.054937
v -0.272587 1.786929 -0.008447
v -0.285138 1.765023 -0.005661
v -0.258920 1.758107 -0.044310
v -0.271377 1.715140 0.004717
v -0.255425 1.711318 -0.035776
v -0.255904 1.790121 -0.049407
v -0.267155 1.762705 -0.048746
v -0.257941 1.787587 -0.050102
v -0.232851 1.788284 -0.092272
v -0.235996 1.758447 -0.087366
v -0.235359 1.789769 -0.094260
v -0.241327 1.763464 -0.093084
v -0.231967 1.710225 -0.077830
v 0.014870 0.876905 0.071594
v 0.037604 0.802327 0.104520
v 0.042943 0.801663 0.102830
v 0.039915 0.800117 0.102066
v 0.352822 0.831596 0.218790
v 0.024171 1.244978 0.168255
v 0.026943 1.263895 0.174661
v 0.033856 1.237085 0.128636
v 0.034766 1.218591 0.114409
v 0.017951 1.232772 0.201385
v 0.024244 1.224940 0.170222
v 0.036271 1.196886 0.113575
v 0.039181 1.181942 0.116173
v 0.044213 1.149313 0.122453
v 0.047048 1.092978 0.132360
v -0.038345 1.062518 0.283271
v -0.002932 1.057677 0.255879
v -0.019699 1.112407 0.237448
v -0.046781 1.116368 0.266744
v -0.020109 1.208229 0.223223
v -0.051928 1.173073 0.253924
v -0.025379 1.169453 0.225585
v 0.047336 1.038825 0.140502
v 0.027943 1.146843 0.082514
v 0.031082 1.181905 0.074877
v 0.039181 1.181942 0.116173
v 0.044213 1.149313 0.122453
v 0.034206 1.209304 0.071053
v 0.035921 1.229166 0.074838
v 0.034766 1.218591 0.114409
v 0.036271 1.196886 0.113575
v 0.031159 1.241538 0.035982
v -0.029339 1.184654 -0.041630
v 0.008133 1.225053 -0.012172
v 0.004302 1.182789 -0.005836
v 0.029515 1.216088 0.027557
v 0.025741 1.220447 0.006905
v 0.025874 1.181571 0.033192
v 0.022633 1.182246 0.011557
v -0.043067 0.802542 -0.042836
v -0.017869 0.803112 -0.023453
v -0.124911 1.042645 -0.022160
v 0.014628 0.808766 0.026972
v -0.002205 0.805717 0.001650
v -0.018296 0.846552 -0.017947
v 0.056217 0.897869 0.097362
v 0.036251 0.849179 0.057287
v 0.047584 0.847801 0.085896
v 0.041344 0.808850 0.077120
v 0.043601 0.805340 0.105407
v 0.057733 0.894010 0.131412
v 0.048897 0.843713 0.117859
v 0.030825 0.810109 0.050771
v 0.016465 0.836705 0.203287
v 0.006507 0.795355 0.187491
v 0.021166 0.799363 0.160120
v 0.026805 0.840908 0.173414
v 0.043601 0.805340 0.105407
v 0.048897 0.843713 0.117859
v 0.057733 0.894010 0.131412
v 0.034388 0.895081 0.188953
v 0.004560 0.835615 0.238683
v -0.018997 0.902149 0.288327
v -0.018658 0.838016 0.272301
v -0.004213 0.790768 0.220317
v -0.019183 0.788868 0.254577
v -0.062970 0.833826 0.306531
v -0.057634 0.781670 0.293811
v 0.027612 1.000168 0.233433
v 0.004688 1.005126 0.264180
v -0.034133 1.009892 0.292418
v -0.083597 1.010522 0.317642
v -0.094168 1.067285 0.306764
v 0.058605 0.937934 0.139135
v 0.040014 0.943331 0.198396
v 0.050065 0.989836 0.142150
v 0.038171 0.996219 0.201326
v 0.058605 0.937934 0.139135
v -0.105729 0.830029 0.310643
v -0.148351 0.826188 0.283759
v -0.143988 0.772865 0.269222
v -0.100564 0.775082 0.299832
v -0.079046 0.776841 0.301492
v -0.177298 0.765983 0.218521
v -0.213895 0.764598 0.172022
v -0.167358 1.024001 0.306482
v -0.212824 1.021363 0.273353
v -0.103225 1.701013 -0.197059
v -0.215097 1.708558 0.197213
v -0.168567 1.699671 0.216361
v -0.114710 1.403455 0.256065
v -0.053910 1.411355 0.267111
v -0.059440 1.443604 0.256812
v -0.120898 1.438130 0.251523
v -0.107808 1.368088 0.258722
v -0.046080 1.379240 0.269923
v -0.158872 1.370764 0.259655
v -0.187012 1.656590 0.225160
v -0.140880 1.646330 0.238516
v -0.122708 1.690231 0.229301
v -0.075438 1.681730 0.234773
v -0.298026 1.711835 0.000573
v -0.310239 1.717742 0.062020
v -0.314503 1.667764 0.001009
v -0.325109 1.679349 0.062810
v -0.326536 1.625255 -0.001159
v -0.337233 1.636529 0.060721
v -0.291460 1.662381 -0.046948
v -0.276537 1.706871 -0.042499
v -0.307730 1.617479 -0.054516
v -0.248026 1.707188 -0.086216
v -0.228937 1.712050 -0.122616
v -0.239947 1.671246 -0.124834
v -0.264537 1.666888 -0.093347
v -0.277704 1.619304 -0.101899
v -0.248944 1.623908 -0.130640
v -0.336550 1.592448 0.055870
v -0.332472 1.582963 -0.003099
v -0.295119 1.483126 -0.047914
v -0.281427 1.436310 -0.037561
v -0.304787 1.453024 0.008747
v -0.316873 1.495885 0.003185
v -0.307938 1.528418 -0.055953
v -0.329317 1.539308 -0.001934
v -0.312261 1.575206 -0.057283
v -0.034078 1.339164 0.263234
v -0.098722 1.334570 0.264777
v -0.097665 1.123050 0.297413
v -0.116805 1.071826 0.323389
v -0.126029 1.128734 0.314679
v -0.199730 1.310047 0.258220
v -0.237064 1.308669 0.226085
v -0.233560 1.271988 0.233158
v -0.196360 1.272449 0.263969
v -0.241297 1.344443 0.219830
v -0.271450 1.346103 0.177414
v -0.266565 1.309268 0.182979
v -0.246955 1.383389 0.214768
v -0.276933 1.385648 0.171962
v -0.203204 1.342210 0.251946
v -0.207448 1.377151 0.246075
v -0.153951 1.338167 0.264757
v -0.149602 1.305754 0.269279
v -0.284107 1.309755 0.130696
v -0.289302 1.347016 0.122069
v -0.290879 1.382988 0.115169
v -0.291245 1.347480 0.081052
v -0.297519 1.383197 0.075667
v -0.284201 1.307839 0.091258
v -0.260845 1.272361 0.190325
v -0.256164 1.234018 0.196902
v -0.230801 1.236232 0.239553
v -0.250501 1.194647 0.201778
v -0.225755 1.195247 0.251276
v -0.186761 1.194654 0.287221
v -0.255197 1.257755 0.064328
v -0.277144 1.269781 0.103863
v -0.277535 1.274814 0.140171
v -0.274847 1.231034 0.151608
v -0.277043 1.367774 0.027409
v -0.265827 1.389316 -0.023982
v -0.223744 1.375188 -0.058754
v -0.212478 1.331576 -0.042153
v -0.253279 1.346940 -0.009677
v -0.241313 1.421998 -0.076359
v -0.205903 1.415596 -0.096626
v -0.213016 1.290544 -0.030646
v -0.173972 1.257538 -0.048108
v 0.006341 1.140620 0.000287
v -0.139904 1.155086 -0.031070
v -0.235990 1.239789 0.033245
v -0.092017 1.287748 -0.045008
v -0.037083 1.425851 -0.091040
v -0.133892 1.464462 -0.140871
v -0.156522 1.520000 -0.161594
v -0.094453 1.614763 -0.200275
v -0.100403 1.658542 -0.201977
v -0.139017 1.663525 -0.189049
v -0.134933 1.703975 -0.181862
v -0.138542 1.616453 -0.190000
v -0.177006 1.665328 -0.170424
v -0.184970 1.623067 -0.173484
v -0.167237 1.710065 -0.168014
v -0.208713 1.668538 -0.151436
v -0.217517 1.625028 -0.155378
v -0.199467 1.709915 -0.146663
v -0.216176 1.579614 -0.156116
v -0.195164 1.519287 -0.142954
v -0.238074 1.518870 -0.124495
v -0.251185 1.578108 -0.134223
v -0.178060 1.575796 -0.172064
v -0.278847 1.574196 -0.104286
v -0.273138 1.520434 -0.101257
v -0.221697 1.466371 -0.112347
v -0.258618 1.470652 -0.091557
v -0.179762 1.464403 -0.130284
v -0.163293 1.412952 -0.109819
v -0.129901 1.571029 -0.183787
v -0.027549 1.673806 0.237227
v -0.106292 1.018104 0.329506
v 0.284405 1.768241 0.041529
v 0.272141 1.768207 0.075671
v 0.061579 1.745623 0.193018
v -0.268625 1.790755 0.093691
v 0.061894 1.719240 0.203843
v 0.027213 1.718644 0.209156
v 0.031297 1.673231 0.235586
v 0.063620 1.672765 0.229240
v 0.031297 1.673231 0.235586
v 0.034646 1.674385 0.239012
v 0.064542 1.637860 0.248523
v -0.030922 1.637846 0.254815
v 0.029163 1.639338 0.251786
v 0.033551 1.639040 0.255225
v 0.029163 1.639338 0.251786
v 0.060583 1.596159 0.253604
v -0.035839 1.594182 0.245858
v 0.025930 1.596621 0.250787
v 0.029275 1.595928 0.254458
v 0.025930 1.596621 0.250787
v -0.049099 1.549165 0.240051
v 0.013874 1.548090 0.242724
v 0.051794 1.549712 0.247214
v 0.018333 1.546481 0.244218
v 0.013874 1.548090 0.242724
v -0.060839 1.509422 0.230000
v 0.002945 1.502195 0.232213
v 0.043857 1.506958 0.240895
v 0.008258 1.500661 0.233231
v 0.002945 1.502195 0.232213
v 0.042851 1.488871 0.254856
v -0.063495 1.474935 0.243551
v -0.008147 1.465888 0.235705
v -0.000024 1.464689 0.235540
v -0.008147 1.465888 0.235705
v 0.043830 1.466625 0.267959
v -0.009273 1.444560 0.252774
v -0.009273 1.444560 0.252774
v 0.002064 1.449815 0.258110
v 0.044978 1.439534 0.274253
v -0.010926 1.416016 0.261647
v -0.010926 1.416016 0.261647
v 0.005288 1.424680 0.267155
v -0.006737 1.385178 0.255916
v 0.044202 1.403545 0.275249
v -0.006737 1.385178 0.255916
v 0.010139 1.393265 0.260501
v 0.042406 1.366972 0.261605
v 0.001123 1.351651 0.250447
v 0.017232 1.359826 0.244917
v 0.001123 1.351651 0.250447
v 0.010400 1.320910 0.236640
v 0.039988 1.335108 0.259207
v 0.010400 1.320910 0.236640
v 0.021947 1.330254 0.229880
v 0.018362 1.296852 0.219136
v 0.024633 1.278129 0.201002
v 0.027975 1.743289 0.199762
v -0.194322 1.624639 0.244919
v -0.149504 1.620824 0.252520
v -0.209534 1.576235 0.240742
v -0.168591 1.568465 0.247364
v -0.116618 1.555592 0.237194
v -0.142223 1.560579 0.238607
v -0.123900 1.513699 0.236286
v -0.215207 1.528909 0.242350
v -0.175472 1.521056 0.245358
v -0.152362 1.516142 0.237743
v -0.124382 1.473545 0.248227
v -0.158059 1.475531 0.245218
v -0.179825 1.490274 0.250557
v -0.193815 1.469282 0.254893
v -0.214389 1.488353 0.240491
v -0.211904 1.451698 0.243599
v -0.252479 1.429677 0.210725
v -0.257950 1.451624 0.214187
v -0.256851 1.494031 0.223721
v -0.281853 1.498605 0.203977
v -0.253557 1.537623 0.226095
v -0.289173 1.501304 0.170477
v -0.280466 1.541954 0.205425
v -0.292829 1.547434 0.174029
v -0.249388 1.584682 0.228550
v -0.279110 1.589649 0.203559
v -0.162733 0.964549 0.306215
v -0.204574 0.958619 0.270473
v -0.153969 0.893351 0.295500
v -0.192316 0.888945 0.256621
v -0.184069 0.823333 0.237730
v -0.212163 0.820221 0.186864
v -0.200103 0.912351 0.263137
v -0.232002 0.913410 0.214249
v -0.241373 0.951925 0.216823
v -0.243006 1.010953 0.143715
v -0.241496 0.945048 0.148318
v -0.236018 0.948059 0.168431
v -0.240195 1.014596 0.157378
v -0.231417 1.016571 0.210688
v -0.252441 0.950858 0.192232
v -0.261336 1.013251 0.184768
v -0.250179 1.077133 0.221441
v -0.248536 1.074207 0.153789
v -0.271076 1.071911 0.186240
v -0.253113 1.069036 0.141330
v -0.254362 1.134387 0.216669
v -0.262006 1.130481 0.133926
v -0.246319 0.922932 0.195091
v -0.150059 1.267572 0.276929
v -0.069471 0.902369 0.324392
v -0.160291 0.918848 0.306799
v -0.118528 0.932389 0.336298
v -0.084857 0.832608 0.314002
v -0.319126 1.507367 0.120853
v -0.293822 1.593649 0.179115
v -0.286878 1.638277 0.183893
v -0.272473 1.676306 0.184911
v -0.328221 1.506199 0.057475
v -0.319031 1.505089 0.095533
v -0.329381 1.508551 0.098275
v -0.332823 1.547671 0.055601
v -0.319613 1.640991 0.145132
v -0.331820 1.599529 0.132019
v -0.322549 1.598195 0.144800
v -0.311722 1.640397 0.155823
v -0.313911 1.683099 0.119825
v -0.323199 1.641179 0.119711
v -0.306344 1.683482 0.152102
v -0.299381 1.682162 0.162796
v -0.315153 1.639621 0.140446
v -0.297006 1.681230 0.147822
v -0.322538 1.553839 0.131278
v -0.333006 1.555422 0.116640
v 0.098814 0.861341 0.144975
v 0.101053 0.859012 0.142340
v 0.089552 0.889272 0.194362
v 0.098337 0.863022 0.151621
v 0.089296 0.845909 0.181900
v 0.085382 0.874914 0.225810
v 0.076692 0.909274 0.235589
v 0.081423 0.899940 0.262907
v 0.085382 0.874914 0.225810
v 0.081009 0.861561 0.254158
v 0.079879 0.898968 0.292034
v 0.081423 0.899940 0.262907
v 0.072056 0.933805 0.307854
v 0.064118 0.930965 0.257262
v 0.069122 0.934244 0.283952
v 0.069122 0.934244 0.283952
v 0.050531 0.968418 0.258538
v 0.049639 1.023579 0.268166
v 0.057531 0.973934 0.284604
v 0.079827 0.828834 0.205283
v 0.080383 0.831631 0.215413
v 0.089296 0.845909 0.181900
v 0.089338 0.843934 0.173712
v 0.099748 0.813243 0.227485
v 0.097033 0.814804 0.230587
v 0.085882 0.821260 0.219169
v 0.092512 0.841360 0.171775
v 0.089338 0.843934 0.173712
v 0.092512 0.841360 0.171775
v 0.153437 0.783789 0.302557
v 0.154816 0.774333 0.279642
v 0.152304 0.773136 0.285226
v 0.171262 0.765539 0.296646
v 0.169666 0.765820 0.300365
v 0.190848 0.762258 0.314461
v 0.192219 0.762246 0.312707
v 0.313655 0.780917 0.304240
v 0.292221 0.771135 0.325428
v 0.268333 0.766192 0.332328
v 0.269031 0.766610 0.336029
v 0.241982 0.763773 0.335595
v 0.242143 0.762469 0.332397
v 0.213746 0.761850 0.328102
v 0.214055 0.762264 0.326224
v 0.293070 0.771241 0.328437
v 0.322638 1.631199 0.042993
v 0.316053 1.665085 0.038149
v 0.319041 1.267390 0.178145
v 0.321094 1.218185 0.200391
v 0.328596 1.209660 0.167048
v 0.322332 1.213187 0.186057
v 0.327194 1.167399 0.216870
v 0.324530 1.164261 0.206812
v 0.253846 0.977940 0.132257
v 0.182090 0.936707 0.044270
v 0.229942 0.939462 0.043265
v 0.355577 1.107509 0.199897
v 0.316224 0.928028 0.367993
v 0.164141 1.109820 0.398953
v 0.191686 1.120371 0.405124
v 0.217840 1.074771 0.430072
v 0.217877 1.131521 0.407105
v 0.157524 1.159181 0.377126
v 0.187632 1.169052 0.383268
v 0.152113 1.208133 0.354363
v 0.185281 1.223836 0.361883
v 0.142038 1.259825 0.335088
v 0.312985 1.244354 0.312113
v 0.243988 0.982610 0.436686
v 0.227017 1.020953 0.444853
v 0.273857 0.956361 0.419460
v 0.270670 1.083542 0.407045
v 0.271529 1.023837 0.418397
v 0.320788 0.954889 0.377439
v 0.326846 1.024564 0.380554
v 0.343044 1.078673 0.320713
v 0.345912 0.960026 0.341067
v 0.351084 1.019433 0.341059
v 0.348513 1.063659 0.280080
v 0.356877 1.000354 0.300212
v 0.352393 0.990315 0.293345
v 0.357365 0.977304 0.314678
v 0.364697 1.047413 0.224906
v 0.348745 1.028858 0.189350
v 0.375260 0.985908 0.248075
v 0.354962 0.984149 0.268973
v 0.381873 0.946862 0.245843
v 0.298194 1.638625 0.112758
v 0.297200 1.669143 0.105254
v 0.292964 1.702358 0.094107
v 0.306591 1.697523 0.028929
v 0.281637 1.749749 0.079477
v 0.293691 1.749654 0.045317
v 0.319799 1.637847 0.077012
v 0.317801 1.636264 0.073413
v 0.323235 1.601941 0.071710
v 0.324027 1.594319 0.048443
v -0.076309 0.799871 -0.050544
v -0.105135 0.888008 -0.018534
v -0.270483 1.130985 0.113111
v -0.266609 1.128205 0.078756
v -0.211162 0.783349 0.021061
v -0.171716 0.791174 -0.019995
v -0.125096 0.796659 -0.041724
v -0.172728 0.838732 0.003311
v -0.231201 1.204525 0.043143
v -0.204371 1.198333 0.009208
v -0.234797 1.171308 0.043757
v -0.158700 1.159238 -0.025128
v -0.206247 1.164090 0.006459
v -0.160067 1.110208 -0.024892
v -0.238021 1.122148 0.041643
v -0.203796 1.113123 0.010871
v -0.242240 1.066348 0.032403
v -0.137181 0.995076 -0.025602
v -0.274533 0.936095 0.094715
v -0.267016 0.896921 0.085026
v -0.265115 0.898829 0.130352
v -0.265210 0.941641 0.130018
v -0.235324 0.778325 0.072337
v -0.265486 0.871180 0.119398
v -0.255122 0.868962 0.080609
v -0.239121 0.770072 0.135094
v -0.186951 1.002114 -0.002382
v -0.178810 0.861979 0.006594
v -0.212350 0.829561 0.040470
v -0.221385 0.949951 0.031444
v -0.192669 0.921869 0.030356
v -0.249251 0.940114 0.058182
v 0.035560 1.299156 0.051722
v 0.035925 1.333071 0.026071
v 0.033773 1.372033 -0.001297
v -0.262216 1.641924 0.223328
v -0.186785 1.618192 0.261834
v -0.189811 1.617309 0.254829
v -0.283782 1.651848 0.193737
v -0.164247 1.604801 0.257106
v -0.149249 1.601800 0.256577
v -0.260376 1.620134 0.221149
v -0.264897 1.640347 0.224477
v -0.194110 1.605788 0.253185
v -0.188568 1.614630 0.263417
v -0.194110 1.605788 0.253185
v -0.180753 1.640554 0.239228
v -0.212920 1.639560 0.226873
v -0.228974 1.611329 0.243001
v -0.281080 1.634140 0.200870
v -0.125529 1.613687 0.251431
v -0.099726 1.635597 0.249526
v -0.270523 1.663310 0.176306
v -0.278807 1.660829 0.185090
v -0.282747 1.649962 0.190669
v 0.183006 1.567122 -0.191687
v 0.255441 1.462050 -0.130452
v 0.278554 1.465712 -0.103952
v 0.086423 1.561837 -0.205279
v 0.251798 1.462282 -0.125263
v 0.246068 1.514456 -0.148182
v 0.273975 1.466364 -0.100157
v 0.161457 1.483507 -0.174403
v 0.121904 1.503721 -0.187864
v 0.208687 1.468720 -0.157504
v 0.098295 1.534398 -0.200725
v 0.308344 1.535997 -0.053119
v 0.302943 1.507255 -0.059841
v 0.289922 1.480641 -0.077951
v 0.251798 1.462282 -0.125263
v 0.304563 1.559416 -0.052788
v 0.296080 1.566038 -0.050422
v 0.273975 1.466364 -0.100157
v -0.323384 1.557029 -0.047935
v -0.250690 1.592812 -0.134800
v -0.216981 1.598080 -0.156424
v -0.321054 1.555213 -0.047061
v -0.112814 1.591490 -0.188177
v -0.131566 1.592471 -0.181780
v -0.292977 1.499019 -0.079824
v -0.305323 1.514555 -0.066711
v -0.321054 1.555213 -0.047061
v -0.316452 1.539263 -0.054222
v -0.274303 1.486205 -0.099333
v -0.250712 1.477770 -0.123785
v -0.224739 1.481073 -0.146221
v -0.131192 1.551479 -0.195645
v -0.157436 1.521370 -0.188487
v -0.122703 1.571868 -0.194589
v -0.191253 1.499606 -0.172179
v -0.153445 1.279514 0.275771
v -0.114312 1.275723 0.278547
v -0.112411 1.280334 0.271247
v -0.151940 1.282774 0.267582
v -0.195382 1.283742 0.258176
v -0.200163 1.277743 0.267405
v -0.116602 1.244509 0.297918
v -0.113329 1.255793 0.287108
v -0.236305 1.269918 0.235357
v -0.229080 1.276430 0.227395
v -0.254362 1.272027 0.187687
v -0.262800 1.265373 0.191730
v -0.278422 1.258747 0.129096
v -0.278034 1.261833 0.144493
v -0.271434 1.267986 0.139553
v -0.274328 1.264405 0.124363
v -0.281941 1.229449 0.144765
v -0.275417 1.230676 0.158556
v -0.260462 1.205431 0.206739
v -0.261023 1.234011 0.199613
v -0.236748 1.234410 0.243665
v -0.162441 1.232518 0.302903
v -0.144005 1.215140 0.308512
v -0.191430 1.220963 0.297487
v -0.163899 1.200318 0.311287
v -0.207874 1.206524 0.292815
v -0.190627 1.181274 0.305746
v -0.223889 1.188137 0.283452
v -0.210134 1.167139 0.290224
v -0.110738 1.274214 0.275667
v -0.108299 1.278380 0.268543
v -0.114320 1.243959 0.295735
v -0.111215 1.255711 0.285536
v -0.276000 1.257570 0.128271
v -0.272350 1.262776 0.123501
v -0.278770 1.227466 0.144320
v -0.260220 1.159687 0.206932
v -0.268826 1.176298 0.180350
v -0.248938 1.150242 0.233895
v -0.255523 1.153374 0.220786
v -0.274365 1.199996 0.159339
v -0.239597 1.150017 0.252880
v -0.119739 1.237791 0.304989
v -0.132115 1.229214 0.302611
v -0.142627 1.213834 0.305120
v -0.160765 1.198383 0.308568
v -0.185903 1.177956 0.301744
v -0.207014 1.165915 0.287550
v -0.227012 1.156270 0.268049
v -0.147730 1.280252 0.264651
v -0.108299 1.278380 0.268543
v -0.110738 1.274214 0.275667
v -0.149140 1.276626 0.273022
v -0.111215 1.255711 0.285536
v -0.114320 1.243959 0.295735
v -0.278770 1.227466 0.144320
v -0.276000 1.257570 0.128271
v -0.272743 1.259775 0.142214
v -0.270080 1.228493 0.156366
v -0.254304 1.202762 0.202732
v -0.151107 1.219607 0.292526
v -0.142627 1.213834 0.305120
v -0.173442 1.208495 0.284227
v -0.180503 1.216872 0.286766
v -0.160765 1.198383 0.308568
v -0.194478 1.197215 0.280326
v -0.185903 1.177956 0.301744
v -0.208897 1.182289 0.275331
v -0.207014 1.165915 0.287550
v -0.255068 1.262448 0.187552
v -0.252265 1.231083 0.198797
vn -0.2286 -0.0809 -0.9702
vn 0.5977 -0.3822 -0.7047
vn -0.5334 0.0522 -0.8443
vn -0.5450 0.1487 -0.8251
vn -0.5682 0.1304 -0.8125
vn -0.3743 0.0801 -0.9238
vn -0.8561 0.2292 -0.4633
vn -0.9647 -0.2136 0.1539
vn -0.9920 -0.0759 -0.1011
vn -0.8548 0.1176 -0.5055
vn -0.9230 0.0715 -0.3780
vn -0.8881 0.0715 -0.4540
vn -0.6595 -0.0277 -0.7512
vn -0.7399 0.1185 -0.6622
vn -0.7588 0.0689 -0.6477
vn -0.5862 -0.3421 -0.7343
vn -0.7511 -0.0348 -0.6592
vn -0.6310 -0.0921 -0.7703
vn -0.8944 0.0875 -0.4386
vn -0.9665 0.1046 -0.2345
vn -0.9533 0.1596 -0.2565
vn 0.4407 -0.1152 0.8902
vn 0.5858 -0.0597 0.8083
vn 0.5635 -0.1386 0.8144
vn 0.7403 -0.1718 0.6500
vn 0.8347 -0.2908 0.4676
vn 0.8595 -0.2279 0.4576
vn 0.8945 -0.0579 0.4433
vn 0.8415 -0.1611 0.5157
vn 0.8980 -0.0725 0.4339
vn 0.7015 0.0149 0.7125
vn 0.7560 0.0338 0.6537
vn 0.7431 -0.0353 0.6682
vn 0.8024 -0.0226 0.5964
vn 0.7372 -0.1452 0.6599
vn 0.6644 0.0263 0.7469
vn 0.6286 0.0788 0.7737
vn 0.8944 -0.0973 0.4366
vn 0.0680 0.1518 0.9861
vn 0.7013 -0.0249 0.7124
vn 0.5212 -0.1271 0.8439
vn 0.5082 -0.2421 0.8265
vn -0.5154 0.1541 -0.8430
vn -0.5046 0.2784 -0.8172
vn -0.6086 0.1997 -0.7679
vn -0.6713 0.0762 -0.7373
vn -0.7285 0.0355 -0.6841
vn 0.7116 -0.2857 0.6418
vn 0.7635 -0.6096 -0.2133
vn 0.4945 -0.8134 -0.3063
vn 0.2576 -0.4318 -0.8644
vn 0.5193 0.4325 -0.7371
vn 0.5900 -0.1627 -0.7909
vn -0.7212 0.6733 0.1625
vn -0.6491 0.2716 0.7106
vn -0.3713 -0.6110 0.6991
vn -0.9479 0.0614 0.3124
vn 0.9911 -0.1195 0.0581
vn 0.1252 -0.9256 0.3572
vn 0.9349 -0.2767 -0.2220
vn 0.2130 -0.9158 0.3404
vn 0.8155 -0.2678 -0.5131
vn 0.9724 0.2329 0.0105
vn 0.9176 0.1307 -0.3753
vn -0.2388 0.9147 -0.3262
vn 0.8150 -0.0945 -0.5717
vn -0.1186 0.9275 -0.3545
vn -0.1504 0.9442 -0.2932
vn 0.1293 -0.9037 0.4082
vn 0.2178 0.1084 0.9699
vn 0.1555 0.1121 0.9814
vn 0.9397 0.2544 -0.2288
vn -0.0404 0.9907 0.1297
vn 0.9309 0.2591 -0.2575
vn 0.9589 0.1389 -0.2475
vn -0.1455 -0.2239 -0.9637
vn -0.7572 -0.4285 0.4929
vn 0.9716 0.1632 -0.1716
vn -0.9578 0.1225 0.2602
vn -0.1563 -0.1917 -0.9689
vn -0.8494 -0.4998 -0.1693
vn -0.4391 -0.2100 -0.8735
vn -0.0893 0.9734 -0.2110
vn 0.8186 0.0826 -0.5683
vn 0.4119 0.4523 0.7910
vn -0.1410 -0.6705 -0.7283
vn 0.8622 0.0217 -0.5061
vn 0.4679 0.1785 0.8655
vn -0.5798 0.2595 -0.7723
vn -0.8625 0.2097 0.4605
vn 0.3015 0.6018 0.7395
vn -0.1696 0.9431 -0.2859
vn -0.7267 0.0402 0.6858
vn 0.8671 0.0005 -0.4981
vn -0.2233 0.1493 -0.9632
vn 0.4938 -0.0680 0.8669
vn -0.7307 -0.0429 0.6813
vn -0.3784 -0.6790 -0.6292
vn 0.2676 0.5343 0.8018
vn -0.4865 -0.2202 -0.8455
vn 0.4130 0.5059 0.7573
vn 0.0709 -0.2629 -0.9622
vn 0.2209 0.9204 -0.3225
vn 0.9784 -0.0866 0.1876
vn 0.0044 0.4720 0.8816
vn 0.2196 -0.6246 -0.7494
vn 0.9498 -0.1428 0.2782
vn -0.1623 0.1251 0.9788
vn 0.0566 0.1035 -0.9930
vn -0.9173 0.2914 -0.2714
vn -0.0625 0.6189 0.7830
vn 0.2412 0.8775 -0.4144
vn -0.9292 0.3264 -0.1731
vn 0.9529 -0.0028 0.3032
vn 0.2707 -0.2006 -0.9415
vn -0.1876 0.1002 0.9771
vn -0.9495 0.2538 -0.1845
vn -0.1030 -0.5535 -0.8265
vn -0.0883 0.5342 0.8408
vn 0.1219 -0.2973 -0.9470
vn -0.0139 0.5867 0.8097
vn 0.9582 -0.2802 0.0585
vn 0.5361 0.8435 -0.0343
vn 0.0352 0.2638 0.9639
vn -0.8878 0.4570 -0.0536
vn 0.8292 -0.4677 0.3062
vn -0.0683 0.2118 0.9749
vn -0.9634 0.1415 -0.2277
vn 0.9835 0.1776 -0.0340
vn 0.0884 0.0569 -0.9945
vn -0.7669 0.6324 -0.1091
vn 0.5404 0.8374 -0.0815
vn -0.2238 -0.1463 -0.9636
vn -0.0537 0.1110 0.9924
vn 0.9464 0.1336 0.2940
vn -0.9833 0.1393 -0.1170
vn -0.2151 -0.2046 -0.9549
vn 0.8060 -0.5919 -0.0089
vn -0.8759 0.4533 -0.1651
vn 0.9649 -0.2576 -0.0508
vn -0.8002 0.5991 -0.0281
vn 0.8520 0.1057 0.5127
vn 0.4079 0.8249 0.3914
vn -0.5327 0.1469 0.8334
vn -0.8823 0.2150 -0.4187
vn 0.6486 -0.4294 0.6284
vn -0.5606 0.1109 0.8206
vn -0.7395 -0.1367 -0.6591
vn 0.8503 0.2535 0.4613
vn 0.6697 -0.0521 -0.7408
vn -0.7946 0.3389 -0.5038
vn 0.3661 0.8771 0.3108
vn 0.5198 -0.0489 -0.8529
vn -0.6123 0.1888 0.7677
vn 0.6336 0.3037 0.7116
vn -0.8402 -0.0401 -0.5407
vn 0.5134 -0.1195 -0.8498
vn 0.8957 -0.4351 0.0918
vn -0.8030 0.1448 -0.5781
vn 0.8724 0.1649 0.4600
vn -0.8331 0.3395 -0.4366
vn -0.7457 0.1565 0.6477
vn -0.1103 0.9452 0.3074
vn -0.8108 0.0026 -0.5853
vn 0.5091 0.2327 -0.8287
vn -0.7321 -0.3865 0.5610
vn -0.8221 0.0299 -0.5686
vn 0.7111 -0.0724 -0.6994
vn -0.4778 0.3139 0.8205
vn 0.6814 0.2225 0.6973
vn 0.7366 0.2077 -0.6436
vn -0.0407 0.8881 0.4579
vn 0.8413 0.0236 0.5400
vn -0.7408 -0.0627 -0.6688
vn -0.7361 0.1797 0.6525
vn 0.5814 -0.0312 -0.8130
vn 0.8602 0.0342 0.5087
vn -0.3326 -0.4609 0.8227
vn 0.7192 0.0961 -0.6881
vn -0.4198 0.0883 0.9033
vn 0.6051 0.3831 -0.6979
vn 0.9741 -0.0919 -0.2067
vn 0.9765 -0.1116 -0.1845
vn -0.1016 0.4792 -0.8718
vn 0.1812 0.8779 0.4432
vn -0.1562 0.4188 -0.8945
vn -0.1709 0.3416 -0.9242
vn -0.9903 -0.0260 0.1368
vn 0.3464 -0.7860 0.5121
vn -0.0852 0.3209 -0.9433
vn 0.1987 0.0334 0.9795
vn -0.9893 0.0107 0.1454
vn -0.2310 -0.7452 0.6256
vn 0.8899 0.4444 0.1033
vn 0.7296 0.6752 0.1082
vn 0.9577 0.2860 -0.0301
vn 0.8657 0.4957 0.0688
vn 0.8600 0.4661 0.2074
vn 0.8618 0.4239 0.2787
vn 0.9312 0.3558 0.0794
vn 0.6404 0.4407 0.6290
vn 0.8499 0.4061 0.3357
vn 0.7085 0.5543 0.4369
vn 0.4436 0.5771 0.6857
vn 0.1795 0.5110 0.8406
vn 0.1272 0.5514 0.8245
vn 0.5170 0.6233 0.5867
vn 0.3306 0.6948 0.6387
vn 0.6027 0.5007 0.6213
vn 0.9237 0.3795 0.0527
vn 0.9503 0.2134 -0.2268
vn 0.9657 0.2376 -0.1046
vn 0.8371 0.5448 -0.0493
vn 0.8778 0.4513 -0.1603
vn 0.4599 0.8293 -0.3175
vn -0.6059 -0.7512 -0.2618
vn 0.1019 -0.9418 -0.3204
vn -0.7679 -0.6332 -0.0973
vn -0.6936 -0.7156 -0.0826
vn -0.7488 -0.6608 -0.0513
vn -0.7672 -0.5618 -0.3095
vn -0.8289 -0.4855 -0.2777
vn -0.7066 -0.5071 -0.4936
vn -0.7472 -0.5573 -0.3622
vn -0.5832 -0.6516 -0.4850
vn -0.4344 -0.7664 -0.4732
vn -0.3568 -0.5961 -0.7193
vn -0.2891 -0.5775 -0.7635
vn -0.5509 -0.6950 -0.4620
vn -0.3878 -0.9200 -0.0561
vn -0.4794 -0.6293 -0.6118
vn -0.8835 -0.4346 -0.1747
vn -0.5738 -0.7536 -0.3208
vn -0.8408 -0.5221 -0.1428
vn 0.1295 0.6951 0.7071
vn -0.0555 0.9814 0.1839
vn -0.3988 -0.5312 -0.7475
vn -0.8764 -0.4263 -0.2242
vn 0.6210 -0.1249 -0.7738
vn 0.6398 -0.3187 -0.6994
vn 0.5249 -0.4673 -0.7114
vn 0.4047 -0.4182 -0.8132
vn 0.5403 -0.1502 -0.8280
vn 0.7444 0.0408 -0.6665
vn 0.5992 0.3708 -0.7096
vn 0.8108 0.1521 -0.5652
vn 0.6866 0.2692 -0.6754
vn 0.3196 0.8116 -0.4891
vn 0.7520 0.5579 -0.3511
vn 0.9117 0.4108 -0.0053
vn 0.6450 -0.1158 -0.7554
vn 0.6699 -0.3453 -0.6572
vn 0.5984 -0.3420 -0.7245
vn 0.5821 0.0287 -0.8126
vn 0.6548 -0.0931 -0.7500
vn 0.9024 -0.3318 -0.2748
vn 0.7070 0.0503 -0.7054
vn 0.5285 0.2554 -0.8096
vn -0.7552 -0.1039 0.6472
vn -0.6904 0.0565 0.7212
vn -0.6254 0.1585 0.7640
vn -0.7725 -0.0541 0.6327
vn -0.7126 -0.0050 0.7016
vn 0.2275 -0.2698 0.9356
vn -0.6789 -0.2967 0.6717
vn -0.8146 -0.2483 0.5242
vn -0.4802 -0.6076 0.6326
vn -0.5395 -0.1269 0.8324
vn -0.3250 -0.5643 0.7589
vn -0.5918 -0.0989 0.8000
vn -0.6024 0.0902 0.7931
vn -0.4458 -0.0499 0.8938
vn -0.6053 0.2167 0.7659
vn -0.5109 -0.0026 0.8596
vn -0.6671 0.1104 0.7367
vn -0.5226 -0.0950 0.8473
vn -0.8478 0.0645 0.5263
vn -0.7205 0.0750 0.6894
vn -0.7236 0.1380 0.6763
vn -0.5988 0.1382 0.7889
vn -0.5818 0.2358 0.7784
vn -0.8535 0.1166 0.5080
vn 0.9706 0.1935 0.1433
vn 0.9875 0.1557 -0.0254
vn 0.9156 0.3609 0.1771
vn 0.7098 -0.3286 -0.6230
vn 0.8831 -0.2340 -0.4067
vn 0.7574 -0.2723 -0.5935
vn -0.8663 -0.0127 0.4994
vn -0.6796 0.0429 0.7323
vn -0.5222 0.1110 0.8455
vn -0.9458 -0.0577 0.3195
vn -0.8640 -0.0599 0.4999
vn -0.2173 -0.3173 -0.9231
vn -0.4546 -0.3467 -0.8204
vn -0.2115 -0.4240 -0.8806
vn -0.1743 -0.2710 -0.9467
vn -0.0863 -0.2179 -0.9722
vn -0.5916 -0.3721 -0.7152
vn -0.6881 -0.4106 -0.5982
vn -0.5071 -0.2716 -0.8180
vn -0.8771 -0.3016 -0.3737
vn 0.7302 -0.4909 -0.4752
vn 0.8174 -0.4069 -0.4077
vn 0.7152 -0.4805 -0.5075
vn 0.4885 -0.5457 -0.6809
vn 0.6560 -0.5485 -0.5185
vn -0.3482 -0.3108 -0.8844
vn 0.0239 -0.4808 -0.8765
vn -0.2629 -0.3168 -0.9113
vn 0.4506 -0.4281 -0.7833
vn 0.2323 -0.3888 -0.8915
vn -0.1972 -0.4945 -0.8465
vn 0.5177 -0.4728 -0.7131
vn 0.4381 -0.1531 -0.8858
vn 0.5937 -0.3666 -0.7163
vn 0.6049 -0.4184 -0.6775
vn 0.4831 -0.1990 -0.8527
vn -0.1485 -0.6795 -0.7185
vn -0.0500 -0.5950 -0.8021
vn 0.1376 -0.6725 -0.7272
vn -0.3279 -0.2759 -0.9035
vn -0.4514 -0.5707 -0.6860
vn -0.3911 -0.6692 -0.6318
vn 0.9955 -0.0571 0.0755
vn 0.9665 -0.2392 0.0930
vn 0.9500 -0.2041 0.2362
vn 0.6682 0.4289 -0.6079
vn 0.6151 0.5545 -0.5606
vn 0.7652 0.5690 -0.3012
vn -0.8121 0.5695 -0.1272
vn -0.7883 0.4854 -0.3781
vn -0.8565 0.0071 -0.5162
vn -0.0183 0.3840 -0.9232
vn -0.3063 0.6980 -0.6472
vn 0.1222 0.7410 -0.6603
vn 0.0536 0.9985 0.0049
vn 0.1349 0.8793 0.4568
vn 0.2187 0.8694 0.4430
vn 0.0421 0.8872 0.4595
vn 0.0579 0.8697 0.4901
vn 0.0296 0.8792 0.4755
vn -0.0329 0.8953 0.4443
vn -0.1378 0.9091 0.3931
vn -0.2132 0.9194 0.3305
vn -0.2485 0.9350 0.2529
vn -0.2934 0.9412 0.1674
vn -0.3770 0.9234 -0.0725
vn -0.3687 0.9289 -0.0338
vn -0.3442 0.9364 0.0680
vn -0.3869 0.9163 -0.1029
vn -0.3885 0.9074 -0.1602
vn -0.3761 0.9022 -0.2110
vn -0.2887 0.9294 -0.2299
vn -0.3413 0.8841 -0.3193
vn 0.2181 0.8570 0.4669
vn 0.2349 0.8871 0.3973
vn 0.3254 0.8816 0.3419
vn 0.3655 0.8875 0.2807
vn -0.1741 0.9271 -0.3320
vn -0.2165 0.9323 -0.2896
vn -0.1272 0.9211 -0.3680
vn -0.0147 0.9250 -0.3796
vn -0.2708 0.9306 -0.2462
vn 0.0740 0.9184 -0.3886
vn 0.1856 0.9256 -0.3300
vn 0.2702 0.9213 -0.2797
vn 0.2904 0.9104 -0.2947
vn 0.3086 0.9037 -0.2969
vn 0.3657 0.8824 -0.2962
vn 0.4034 0.8909 -0.2087
vn 0.4195 0.9015 -0.1061
vn 0.4348 0.9005 -0.0060
vn 0.4003 0.9075 0.1270
vn 0.3794 0.8998 0.2154
vn 0.7439 0.0822 0.6632
vn 0.9401 -0.0065 0.3407
vn 0.7403 -0.1976 0.6426
vn 0.8294 0.2552 0.4970
vn 0.8911 0.1602 0.4246
vn 0.7417 0.2914 0.6041
vn 0.5971 -0.1731 0.7832
vn 0.5690 -0.0414 0.8213
vn 0.6448 -0.1854 0.7415
vn -0.0169 -0.0273 -0.9995
vn 0.0406 -0.1294 -0.9908
vn -0.0500 0.0244 -0.9984
vn 0.1879 -0.0748 -0.9793
vn -0.1604 -0.0599 -0.9852
vn 0.7687 -0.0393 -0.6384
vn 0.8453 -0.1159 -0.5215
vn 0.8602 -0.1090 -0.4982
vn 0.9436 0.1122 -0.3114
vn 0.8209 -0.0474 -0.5691
vn 0.8376 0.0440 -0.5445
vn 0.9972 0.0718 0.0211
vn 0.9641 -0.0624 -0.2582
vn 0.9796 0.1361 -0.1479
vn 0.9363 0.1574 -0.3141
vn 0.8057 0.0490 -0.5903
vn 0.5720 0.0273 -0.8198
vn 0.4548 -0.0461 -0.8894
vn 0.3017 0.0229 -0.9531
vn 0.7858 -0.1382 0.6028
vn 0.9086 -0.0186 0.4173
vn 0.7026 0.0202 0.7113
vn 0.9795 0.0892 0.1805
vn 0.9691 0.0973 0.2265
vn -0.8999 -0.3286 -0.2866
vn -0.9096 -0.2343 -0.3431
vn -0.7953 -0.3934 -0.4612
vn -0.7835 0.0723 0.6171
vn -0.4247 -0.0030 0.9053
vn -0.3678 0.1786 0.9126
vn 0.5425 -0.0874 -0.8355
vn 0.2654 -0.1261 -0.9559
vn 0.4823 -0.1590 -0.8615
vn -0.1054 -0.1736 -0.9792
vn -0.3570 -0.0797 -0.9307
vn -0.1790 -0.1755 -0.9681
vn 0.0680 -0.1685 -0.9834
vn -0.0501 -0.1496 -0.9875
vn -0.2154 -0.0264 -0.9762
vn 0.9560 0.0985 -0.2765
vn 0.9766 0.0762 -0.2010
vn 0.9902 -0.0072 -0.1395
vn 0.9481 0.0475 -0.3143
vn 0.8967 -0.0355 -0.4413
vn 0.0594 -0.4279 -0.9019
vn -0.3822 -0.2664 -0.8849
vn -0.5121 -0.3138 -0.7996
vn 0.1591 -0.4699 -0.8683
vn 0.1278 -0.5141 -0.8482
vn -0.0664 -0.3732 -0.9254
vn -0.0969 -0.4394 -0.8931
vn -0.0382 -0.6277 -0.7775
vn 0.2146 -0.4145 -0.8844
vn -0.1233 -0.3817 -0.9160
vn -0.4321 -0.4205 -0.7978
vn 0.3040 -0.4975 -0.8124
vn 0.4282 -0.4276 -0.7961
vn 0.9810 0.1145 0.1569
vn 0.6543 -0.3216 0.6844
vn 0.5698 -0.2641 0.7781
vn 0.8633 -0.2465 0.4403
vn 0.8672 -0.1884 0.4609
vn -0.9564 -0.1142 0.2688
vn -0.9189 -0.3917 -0.0474
vn -0.4138 -0.4412 0.7963
vn 0.1103 0.5232 0.8450
vn 0.1005 0.4410 0.8919
vn 0.1608 0.4726 0.8665
vn 0.1312 -0.1113 0.9851
vn -0.0555 -0.1290 0.9901
vn -0.0699 0.1174 0.9906
vn -0.4528 -0.0426 0.8906
vn -0.1352 0.1071 0.9850
vn -0.0678 0.0345 0.9971
vn -0.6053 0.2323 0.7614
vn -0.4023 0.2817 0.8711
vn -0.3684 0.3923 0.8429
vn -0.8223 -0.2230 0.5236
vn -0.9175 -0.1784 0.3556
vn -0.8957 -0.1422 0.4213
vn -0.9689 -0.0093 0.2474
vn -0.9541 -0.1678 -0.2482
vn -0.9906 0.0001 0.1368
vn 0.1675 0.0897 0.9818
vn 0.3682 -0.1560 0.9165
vn 0.0655 0.1314 0.9892
vn 0.3420 0.2546 0.9046
vn -0.2234 0.2297 0.9473
vn 0.0295 0.2170 0.9757
vn 0.4147 0.1003 0.9044
vn 0.4555 -0.0934 0.8853
vn 0.0640 0.2924 0.9542
vn -0.4874 0.1697 0.8565
vn -0.0959 0.3842 0.9183
vn 0.5927 0.0592 0.8032
vn 0.5366 0.1189 0.8354
vn 0.5261 0.0564 0.8485
vn -0.3900 -0.2228 0.8935
vn 0.0254 -0.1699 0.9851
vn 0.1052 -0.2932 0.9502
vn -0.2244 0.0898 0.9703
vn -0.7302 0.5316 0.4292
vn -0.5254 0.4619 0.7145
vn -0.4949 0.5547 0.6689
vn -0.8051 0.5026 0.3151
vn -0.8834 0.3910 0.2582
vn -0.7707 0.4688 0.4314
vn -0.9993 -0.0360 0.0140
vn -0.9355 0.2466 -0.2532
vn -0.9850 0.0059 0.1722
vn -0.9039 -0.3263 -0.2768
vn -0.9629 -0.2660 -0.0458
vn -0.9642 -0.2622 -0.0389
vn -0.9733 -0.2273 -0.0332
vn -0.9535 -0.2943 -0.0648
vn -0.9831 -0.1663 -0.0768
vn -0.9439 -0.1792 0.2773
vn -0.9187 -0.0702 0.3886
vn -0.9593 0.0092 0.2822
vn 0.5470 -0.4388 -0.7129
vn 0.3728 -0.9258 -0.0623
vn 0.9879 -0.0078 -0.1549
vn 0.8222 -0.2250 0.5229
vn 0.8031 -0.3070 0.5107
vn 0.9160 -0.2526 0.3117
vn 0.0727 -0.4795 0.8745
vn -0.0354 -0.6371 0.7700
vn 0.2487 -0.5692 0.7837
vn 0.9893 0.0770 -0.1240
vn 0.9447 0.1382 -0.2974
vn 0.9753 0.1754 -0.1344
vn 0.9426 0.0695 -0.3266
vn 0.9388 -0.0579 -0.3396
vn 0.9954 0.0951 -0.0073
vn 0.9820 -0.0796 0.1714
vn 0.9463 -0.2901 0.1428
vn 0.9690 -0.2169 0.1181
vn 0.4382 -0.7012 -0.5624
vn 0.1867 0.5731 0.7979
vn -0.0819 -0.8599 -0.5039
vn -0.1378 -0.8036 -0.5790
vn -0.0367 -0.9993 0.0070
vn -0.0927 -0.6994 -0.7087
vn 0.3613 -0.2520 -0.8978
vn 0.5799 -0.2960 -0.7590
vn 0.4913 -0.0055 -0.8710
vn -0.8635 -0.2605 -0.4318
vn -0.9819 -0.1473 -0.1194
vn -0.9653 -0.0961 -0.2430
vn -0.9975 -0.0488 -0.0507
vn -0.9972 -0.0735 0.0167
vn -0.6051 -0.3973 -0.6899
vn -0.5053 -0.7478 -0.4307
vn -0.9352 -0.2841 -0.2114
vn -0.7965 -0.5482 -0.2551
vn -0.8200 -0.1878 -0.5408
vn -0.0124 -0.9825 -0.1859
vn -0.2427 -0.7352 -0.6329
vn -0.6627 -0.4226 -0.6182
vn 0.1584 -0.0909 0.9832
vn -0.3403 0.9226 -0.1819
vn -0.2613 0.9583 -0.1158
vn -0.0818 0.9926 -0.0899
vn -0.0301 0.9995 0.0136
vn 0.1238 0.9621 -0.2428
vn -0.1816 0.9141 -0.3624
vn 0.4952 -0.0516 -0.8672
vn 0.6112 -0.2405 -0.7541
vn 0.6918 -0.0413 -0.7209
vn 0.6900 -0.2293 -0.6865
vn 0.7536 -0.1753 -0.6335
vn 0.9807 0.1954 0.0108
vn -0.3080 0.2242 0.9246
vn -0.4126 0.2373 0.8794
vn -0.4367 0.1740 0.8826
vn -0.3167 0.3019 0.8992
vn 0.1814 0.4080 0.8948
vn -0.0735 0.3399 0.9376
vn -0.1963 -0.0577 0.9788
vn -0.3699 -0.0092 0.9290
vn -0.2252 -0.3218 0.9196
vn -0.0817 -0.3212 0.9435
vn 0.0670 -0.3221 0.9443
vn 0.5553 -0.2168 0.8029
vn 0.0134 0.3607 0.9326
vn -0.0238 0.3079 0.9511
vn 0.4140 0.3661 0.8334
vn 0.6143 0.2836 0.7364
vn 0.3639 0.2582 0.8950
vn 0.8798 0.2528 0.4026
vn 0.8762 0.1875 0.4439
vn 0.6937 0.3301 0.6401
vn 0.4063 0.4128 0.8152
vn 0.5324 0.3571 0.7675
vn 0.4012 0.4392 0.8038
vn 0.3346 0.4737 0.8147
vn 0.4894 0.5034 0.7121
vn 0.7348 0.3956 0.5510
vn 0.8072 0.4379 0.3957
vn 0.7641 0.2328 0.6016
vn 0.8047 -0.1468 -0.5752
vn 0.8855 -0.1066 -0.4522
vn 0.9447 -0.0244 -0.3270
vn 0.9086 -0.0780 0.4103
vn 0.9489 -0.0585 0.3102
vn 0.9776 0.0574 0.2025
vn 0.8518 -0.4114 -0.3243
vn 0.8801 0.2765 0.3860
vn 0.8896 0.1798 0.4199
vn 0.9902 -0.0014 -0.1395
vn 0.9407 -0.2053 0.2702
vn 0.9920 -0.0372 -0.1206
vn 0.7813 -0.2425 0.5751
vn 0.9611 0.1704 0.2174
vn 0.8557 0.2873 0.4304
vn 0.5796 0.3635 0.7294
vn 0.9858 0.1676 0.0017
vn 0.9358 0.2841 0.2088
vn 0.9036 0.1898 0.3841
vn 0.9918 -0.0383 -0.1219
vn 0.9718 -0.2075 -0.1117
vn 0.9776 -0.1417 -0.1559
vn 0.9814 -0.1012 0.1631
vn 0.9772 -0.1878 -0.0987
vn 0.9252 -0.2884 -0.2465
vn 0.9173 0.2115 0.3373
vn 0.9203 0.0925 0.3800
vn 0.9939 0.0115 0.1093
vn 0.9990 0.0357 -0.0277
vn 0.9737 0.1003 -0.2044
vn 0.9380 0.0638 -0.3407
vn 0.8792 0.1550 -0.4506
vn 0.5498 0.0847 -0.8310
vn 0.5280 0.2723 -0.8044
vn 0.4928 0.1117 -0.8630
vn 0.7972 0.1385 -0.5876
vn 0.8650 0.0507 -0.4993
vn 0.5218 -0.0968 -0.8475
vn 0.1013 0.1730 -0.9797
vn 0.6034 -0.1522 -0.7828
vn 0.5273 -0.0191 -0.8494
vn 0.0505 -0.0627 -0.9968
vn -0.0371 0.2344 -0.9714
vn -0.2348 -0.2914 -0.9273
vn 0.1555 0.0045 -0.9878
vn 0.4034 -0.3593 -0.8415
vn 0.3223 -0.1546 -0.9339
vn 0.6541 -0.0957 -0.7503
vn 0.5392 -0.3565 -0.7630
vn 0.4914 -0.4247 -0.7603
vn -0.4290 -0.3377 -0.8378
vn 0.1342 -0.1340 -0.9819
vn -0.3735 -0.0178 -0.9275
vn 0.3907 0.0332 -0.9199
vn 0.5677 -0.0146 -0.8231
vn 0.0679 0.1952 -0.9784
vn 0.0839 -0.1493 -0.9852
vn -0.0516 0.0078 -0.9986
vn 0.3652 0.1372 -0.9208
vn -0.1339 0.2668 -0.9544
vn -0.9748 -0.0907 -0.2039
vn -0.8732 -0.1088 -0.4750
vn -0.9882 0.0074 -0.1527
vn -0.8713 0.0560 -0.4875
vn -0.9940 -0.1079 0.0165
vn -0.1937 0.2909 -0.9369
vn -0.4139 0.2033 -0.8873
vn -0.4274 0.0093 -0.9040
vn -0.4003 0.0446 -0.9153
vn -0.5082 -0.4358 -0.7428
vn -0.6043 -0.5440 -0.5822
vn -0.5501 -0.6079 -0.5725
vn -0.5284 0.0546 -0.8472
vn -0.9980 -0.0499 -0.0398
vn -0.7774 -0.0232 0.6286
vn -0.9406 0.0449 0.3364
vn -0.8431 -0.1005 0.5282
vn -0.8777 -0.2305 0.4202
vn -0.9636 -0.2540 0.0837
vn -0.9386 -0.1038 0.3289
vn -0.9109 -0.3180 0.2631
vn -0.9578 -0.1000 -0.2694
vn -0.3081 -0.0122 -0.9513
vn -0.6712 0.0900 -0.7358
vn -0.4038 -0.0719 -0.9120
vn -0.7184 -0.0880 -0.6900
vn -0.6141 -0.1846 -0.7673
vn -0.5847 -0.0547 -0.8094
vn -0.8944 0.0579 -0.4435
vn -0.7646 -0.1778 -0.6195
vn -0.6667 -0.1072 -0.7375
vn -0.7560 -0.1084 -0.6455
vn -0.9064 -0.2613 -0.3319
vn 0.0459 -0.7989 -0.5997
vn 0.2080 -0.5454 -0.8120
vn 0.8455 -0.0687 -0.5295
vn 0.9217 -0.1634 -0.3519
vn -0.5099 -0.3620 -0.7804
vn -0.8418 -0.2903 -0.4550
vn 0.8120 -0.1263 -0.5699
vn 0.9287 -0.1371 -0.3446
vn -0.4544 -0.7150 -0.5313
vn -0.3377 -0.5261 -0.7805
vn -0.2738 -0.7412 -0.6128
vn -0.5466 -0.6805 -0.4880
vn -0.7346 -0.5626 -0.3793
vn -0.1091 -0.7745 -0.6231
vn -0.9448 -0.2513 -0.2103
vn -0.7797 0.5121 0.3604
vn -0.9774 0.1967 0.0775
vn 0.9912 0.0408 -0.1261
vn 0.9894 0.1051 -0.0997
vn 0.9443 -0.3122 0.1043
vn 0.2029 0.7331 -0.6491
vn 0.5245 0.6538 -0.5454
vn 0.3961 0.4449 -0.8033
vn -0.5855 0.1613 -0.7944
vn -0.5645 0.5746 -0.5926
vn 0.5265 -0.3496 0.7750
vn 0.4318 -0.5033 0.7485
vn 0.7970 -0.2798 0.5353
vn -0.7888 -0.0214 -0.6143
vn -0.7229 -0.0240 -0.6906
vn -0.8414 -0.2977 -0.4511
vn -0.9121 -0.2883 -0.2913
vn 0.5972 -0.7888 -0.1455
vn 0.4206 -0.9065 -0.0378
vn 0.0679 -0.9656 -0.2510
vn 0.6974 -0.6822 -0.2199
vn -0.0204 -0.9996 0.0172
vn -0.2047 -0.9787 0.0130
vn -0.3331 -0.9413 -0.0543
vn 0.3609 -0.9305 -0.0623
vn 0.1611 -0.9869 0.0024
vn 0.4215 -0.9059 -0.0419
vn -0.4058 -0.9015 -0.1504
vn -0.3806 -0.9026 -0.2012
vn -0.3729 -0.8985 -0.2316
vn -0.3823 -0.8958 -0.2266
vn -0.4058 -0.8878 -0.2170
vn 0.4163 -0.7734 -0.4780
vn 0.5675 -0.7304 -0.3800
vn 0.5732 -0.6934 -0.4366
vn 0.6054 -0.6769 -0.4188
vn 0.6496 -0.7245 -0.2304
vn 0.2504 -0.7659 -0.5922
vn 0.0850 -0.7522 -0.6534
vn -0.1612 -0.8143 -0.5575
vn -0.3236 -0.8721 -0.3672
vn 0.0366 -0.8565 0.5149
vn -0.1518 -0.8785 0.4529
vn 0.0073 -0.9999 0.0140
vn -0.3209 -0.8728 0.3677
vn -0.3505 -0.8761 0.3310
vn -0.3077 -0.8877 0.3424
vn 0.5438 -0.7562 0.3639
vn 0.3542 -0.8124 0.4632
vn 0.6254 -0.6773 -0.3875
vn 0.6662 -0.6935 -0.2742
vn 0.4905 -0.7009 -0.5179
vn 0.7152 -0.6773 -0.1725
vn 0.6937 -0.7110 0.1146
vn 0.1754 -0.8422 0.5098
vn 0.3112 -0.7063 -0.6358
vn -0.1357 -0.7717 -0.6214
vn -0.5329 -0.7680 -0.3553
vn -0.5004 -0.7678 -0.4002
vn -0.5369 -0.7680 -0.3492
vn -0.5992 -0.7913 -0.1217
vn -0.5551 -0.7928 -0.2518
vn -0.5004 -0.8528 0.1492
vn -0.4234 -0.7469 -0.5127
vn -0.4064 -0.8649 0.2948
vn -0.9492 -0.1686 0.2656
vn -0.9145 -0.2330 0.3307
vn -0.6589 -0.6634 0.3546
vn -0.7777 -0.4787 0.4075
vn -0.8584 -0.4584 0.2302
vn -0.3204 -0.6243 0.7124
vn -0.2647 -0.5250 0.8089
vn -0.5054 -0.6430 0.5754
vn -0.2362 -0.6407 0.7305
vn 0.7766 -0.5525 0.3026
vn -0.4327 0.4234 0.7960
vn -0.2548 -0.2609 -0.9311
vn -0.4697 -0.7201 -0.5108
vn 0.0447 -0.4461 -0.8939
vn 0.1003 -0.2272 -0.9687
vn 0.3119 -0.4236 -0.8505
vn 0.7191 -0.0496 -0.6932
vn 0.1101 -0.3961 -0.9116
vn 0.1720 -0.3367 -0.9258
vn 0.9327 -0.1239 -0.3387
vn 0.9980 0.0191 -0.0601
vn 0.8295 -0.3076 -0.4662
vn 0.9022 -0.2407 -0.3580
vn -0.8627 -0.1570 -0.4807
vn 0.9313 -0.2051 0.3010
vn 0.1315 -0.5059 -0.8525
vn 0.9465 -0.2640 -0.1854
vn 0.9284 0.1378 -0.3452
vn 0.9758 -0.0813 -0.2032
vn 0.6465 -0.0388 -0.7619
vn 0.5044 -0.2412 0.8291
vn 0.4591 0.0237 0.8881
vn 0.6321 -0.1115 0.7669
vn 0.5026 0.1653 0.8486
vn -0.5949 -0.1159 -0.7954
vn -0.8077 -0.1234 0.5765
vn 0.4793 -0.5859 -0.6534
vn 0.9907 0.0621 -0.1210
vn -0.4637 0.0995 0.8804
vn -0.6072 0.0730 0.7912
vn 0.3272 -0.5913 -0.7371
vn -0.0064 -0.3131 -0.9497
vn -0.6091 -0.2302 -0.7590
vn -0.7559 -0.2224 -0.6158
vn 0.0532 -0.0639 -0.9965
vn 0.1938 0.0356 -0.9804
vn 0.1954 -0.2374 -0.9515
vn -0.4458 -0.0282 -0.8947
vn -0.3181 -0.1083 -0.9419
vn -0.5871 -0.0229 -0.8092
vn 0.1065 -0.8191 0.5637
vn 0.0524 0.6463 0.7613
vn 0.7108 -0.0489 -0.7017
vn -0.8120 0.0029 0.5837
vn -0.7237 0.2257 0.6522
vn 0.8779 0.1168 0.4644
vn 0.9502 0.1329 0.2818
vn -0.0467 0.5335 0.8445
vn 0.1785 0.5007 0.8470
vn 0.0159 0.1004 0.9948
vn 0.1403 0.1406 0.9801
vn -0.0952 0.2767 0.9562
vn -0.0633 0.4387 0.8964
vn -0.3182 0.7326 0.6017
vn -0.2979 0.6004 0.7422
vn -0.1122 0.9935 0.0185
vn -0.0028 0.3820 0.9242
vn -0.0232 0.5873 0.8091
vn 0.5030 0.5276 -0.6845
vn 0.4943 0.6625 -0.5629
vn -0.2801 0.5992 0.7500
vn -0.1676 0.5150 0.8406
vn -0.2362 0.6632 0.7101
vn -0.3276 0.5158 0.7916
vn -0.1910 0.7642 0.6160
vn -0.6197 0.5001 0.6049
vn -0.3391 0.9303 0.1399
vn -0.1430 0.8419 0.5204
vn -0.3319 0.5361 0.7762
vn 0.0460 -0.5471 -0.8358
vn -0.1627 -0.6637 0.7301
vn 0.0179 -0.6093 -0.7927
vn 0.1107 -0.3841 -0.9166
vn 0.5925 -0.6994 -0.3998
vn 0.1375 -0.5536 -0.8214
vn 0.1303 -0.7932 -0.5949
vn -0.3969 0.0803 0.9143
vn -0.5712 -0.1136 0.8129
vn -0.7401 -0.3240 0.5893
vn 0.1906 -0.5897 -0.7848
vn 0.1205 -0.7954 -0.5940
vn 0.3346 -0.5571 -0.7601
vn -0.0614 -0.9354 -0.3483
vn 0.1128 -0.7967 -0.5938
vn 0.0269 -0.3844 -0.9228
vn 0.1054 -0.5453 -0.8316
vn -0.1925 -0.3584 -0.9135
vn -0.3557 -0.1940 0.9142
vn 0.4652 0.7414 -0.4837
vn 0.4238 -0.3475 -0.8364
vn 0.1074 -0.3910 -0.9141
vn 0.3817 -0.1518 -0.9117
vn 0.1031 -0.4258 -0.8989
vn -0.0374 -0.1372 -0.9898
vn 0.2188 -0.1652 -0.9617
vn 0.2048 -0.0281 -0.9784
vn -0.0032 0.0253 -0.9997
vn 0.0725 0.5868 -0.8065
vn 0.8943 -0.0136 -0.4472
vn 0.9682 0.1276 -0.2153
vn 0.9368 -0.3374 0.0925
vn 0.8650 -0.3383 -0.3705
vn 0.8489 0.2140 -0.4832
vn 0.6648 0.7447 0.0587
vn 0.9025 0.3376 -0.2675
vn 0.7529 0.1413 -0.6428
vn 0.7711 -0.1202 -0.6252
vn 0.5485 -0.1547 -0.8217
vn 0.5235 0.0087 -0.8520
vn -0.3674 0.2708 0.8898
vn -0.2981 0.1763 0.9381
vn -0.5011 0.1004 0.8595
vn -0.2195 0.1939 0.9561
vn -0.2861 -0.0215 0.9580
vn -0.3331 0.1957 0.9224
vn -0.1749 0.0189 0.9844
vn -0.7946 -0.0146 0.6070
vn -0.8236 -0.1614 0.5437
vn -0.8924 0.0251 0.4505
vn -0.8340 0.1057 0.5416
vn -0.7845 -0.2707 0.5579
vn -0.3814 -0.7062 0.5965
vn -0.8739 -0.2054 0.4407
vn -0.7648 0.2413 0.5974
vn -0.4292 -0.0463 0.9020
vn -0.8233 0.4563 -0.3375
vn -0.8928 0.4227 -0.1558
vn -0.7336 0.6576 -0.1716
vn 0.0303 0.1956 -0.9802
vn -0.2069 -0.0132 -0.9783
vn -0.2681 0.2377 -0.9336
vn -0.7439 -0.2218 -0.6304
vn -0.9010 -0.3688 -0.2283
vn -0.7813 0.0027 -0.6242
vn -0.9696 -0.1172 -0.2149
vn -0.7069 -0.0047 -0.7073
vn -0.5808 0.0071 -0.8140
vn -0.5529 -0.0685 -0.8304
vn -0.7104 0.1532 -0.6870
vn -0.8000 0.2397 -0.5501
vn -0.7640 -0.2169 -0.6076
vn -0.4718 0.1062 -0.8753
vn -0.5222 0.0203 -0.8526
vn -0.5534 0.0153 -0.8328
vn -0.5101 -0.0658 -0.8576
vn -0.6175 0.0473 -0.7851
vn -0.5061 -0.0021 -0.8625
vn 0.5005 -0.1653 0.8498
vn 0.5444 -0.2753 0.7923
vn 0.3071 -0.2849 0.9080
vn 0.7491 -0.0844 0.6571
vn 0.7186 -0.0114 0.6953
vn 0.7165 0.0645 0.6946
vn 0.6643 -0.2767 0.6943
vn 0.7014 -0.4329 0.5662
vn 0.7775 -0.1259 0.6161
vn 0.5675 -0.0542 0.8216
vn 0.4659 0.2605 0.8456
vn 0.6309 0.0303 0.7753
vn 0.7173 0.0301 0.6961
vn 0.5298 -0.1456 0.8355
vn 0.6656 -0.2478 0.7039
vn 0.5288 -0.1913 0.8269
vn 0.6781 -0.3013 0.6704
vn 0.0356 0.5540 -0.8317
vn 0.0379 0.9551 -0.2940
vn 0.6385 -0.4401 0.6314
vn 0.6890 -0.2789 0.6689
vn 0.3853 -0.2399 0.8910
vn -0.2233 0.4404 -0.8696
vn -0.3934 0.1778 -0.9020
vn 0.0205 0.9672 -0.2532
vn 0.5656 -0.4427 0.6958
vn -0.2952 0.5744 0.7634
vn -0.1953 0.8069 0.5574
vn -0.1431 0.3701 0.9179
vn -0.8670 0.0303 0.4975
vn -0.9274 -0.1065 0.3585
vn -0.8578 0.2561 0.4456
vn -0.8893 0.0852 0.4493
vn -0.8145 0.3175 0.4856
vn -0.9403 0.0320 0.3389
vn -0.7679 0.2565 0.5869
vn -0.3710 0.5359 0.7584
vn -0.5101 0.2397 0.8261
vn -0.8226 0.5064 0.2585
vn -0.8114 0.0633 0.5811
vn -0.8893 0.4177 0.1863
vn -0.9503 0.0274 0.3101
vn 0.0478 0.0023 0.9989
vn 0.1299 0.7182 0.6837
vn -0.1817 0.7084 0.6821
vn -0.8765 0.2868 0.3867
vn -0.5460 -0.3739 0.7497
vn 0.2675 -0.1949 -0.9436
vn 0.1328 -0.4139 -0.9006
vn 0.3011 -0.5191 -0.7999
vn 0.8583 -0.0993 -0.5035
vn 0.4881 -0.6767 -0.5512
vn 0.7450 -0.2773 -0.6067
vn 0.8755 -0.1339 -0.4643
vn 0.4802 -0.8213 -0.3079
vn 0.5471 -0.6659 -0.5072
vn 0.7382 -0.1521 -0.6573
vn 0.8642 -0.0302 -0.5022
vn 0.4566 0.0390 -0.8888
vn 0.8550 -0.2715 -0.4418
vn 0.5634 -0.8127 -0.1490
vn 0.6683 -0.6861 -0.2874
vn 0.5146 -0.6502 -0.5589
vn 0.6925 -0.7202 -0.0424
vn 0.7866 -0.3978 -0.4722
vn 0.6743 -0.6769 -0.2950
vn -0.9259 0.0581 0.3734
vn -0.9872 -0.1374 0.0809
vn 0.4886 -0.4139 -0.7681
vn 0.8922 -0.1214 -0.4350
vn -0.4494 0.1294 -0.8839
vn -0.6557 -0.1046 -0.7477
vn -0.9264 -0.3677 -0.0810
vn -0.6173 -0.3043 -0.7255
vn -0.3237 0.2783 -0.9043
vn -0.2727 0.1717 -0.9467
vn -0.8561 0.1345 -0.4989
vn 0.4608 -0.5017 0.7321
vn 0.7564 -0.2981 0.5823
vn 0.5545 -0.1063 0.8254
vn 0.7765 -0.2303 0.5865
vn 0.6936 -0.4352 0.5741
vn 0.8067 -0.3256 0.4932
vn 0.8367 -0.2280 0.4979
vn 0.5446 -0.2001 0.8145
vn 0.7531 -0.2976 0.5868
vn 0.4634 -0.4949 0.7351
vn 0.7752 -0.2303 0.5882
vn 0.6743 -0.4239 0.6047
vn 0.8072 -0.3069 0.5043
vn 0.8341 -0.2916 0.4683
vn 0.7280 -0.1795 0.6617
vn 0.7076 -0.0273 0.7061
vn 0.8358 -0.2282 0.4994
vn 0.5446 -0.2021 0.8140
vn 0.7118 -0.2823 0.6432
vn 0.8660 -0.1892 0.4629
vn 0.0748 0.1478 0.9862
vn -0.7249 0.1391 -0.6747
vn 0.8669 -0.1898 0.4610
vn 0.7935 -0.0893 -0.6020
vn 0.9554 0.2767 -0.1034
vn 0.6709 -0.3683 -0.6436
vn 0.7796 -0.5023 -0.3740
vn 0.3163 -0.3468 -0.8830
vn 0.9557 -0.1560 -0.2497
vn 0.9146 0.1666 -0.3684
vn 0.9683 0.2498 -0.0042
vn 0.9425 -0.3260 -0.0739
vn 0.8208 -0.3390 -0.4598
vn 0.2641 0.7156 -0.6466
vn 0.6879 0.7117 -0.1424
vn 0.6894 -0.3472 -0.6357
vn 0.9305 0.3602 0.0668
vn 0.5549 -0.2740 -0.7855
vn 0.0734 0.1702 -0.9827
vn 0.9355 -0.1494 -0.3201
vn 0.2035 -0.3523 -0.9135
vn 0.9487 0.1252 -0.2902
vn 0.8404 0.2247 -0.4932
vn 0.4741 -0.3035 -0.8265
vn 0.9557 0.1884 -0.2260
vn 0.5911 -0.0455 -0.8053
vn -0.6392 0.1852 0.7464
vn -0.9822 -0.1723 0.0752
vn -0.9517 -0.2937 0.0895
vn -0.6345 -0.5267 0.5656
vn -0.7438 -0.0406 0.6672
vn -0.9679 -0.1583 0.1952
vn -0.4086 -0.3010 0.8616
vn -0.3823 0.3287 0.8636
vn -0.8772 -0.0908 0.4715
vn -0.4070 0.3735 0.8336
vn -0.6312 -0.2780 0.7241
vn -0.8722 -0.2542 0.4179
vn -0.3738 0.7146 0.5913
vn -0.7114 0.6974 0.0869
vn -0.9608 -0.0822 0.2648
vn -0.2463 0.4406 0.8633
vn -0.9498 0.2255 -0.2169
vn -0.5299 0.0632 0.8457
vn -0.9671 -0.2400 -0.0844
vn -0.5608 0.2932 0.7743
vn -0.7725 0.2095 0.5995
vn -0.8657 0.1480 0.4783
vn -0.4812 0.3241 0.8145
vn -0.7190 -0.0746 0.6909
vn -0.6407 0.1711 0.7484
vn -0.6633 0.2609 0.7014
vn -0.7287 0.6605 0.1809
vn -0.8734 -0.1264 0.4704
vn -0.9545 0.0733 0.2891
vn -0.8743 -0.2338 0.4253
vn -0.6131 -0.2968 0.7321
vn -0.9583 -0.0694 0.2773
vn -0.5144 0.0709 0.8546
vn -0.5635 0.2876 0.7745
vn -0.7887 0.1561 0.5947
vn -0.8125 0.1480 0.5639
vn 0.5675 0.3837 -0.7285
vn -0.8496 0.1434 0.5075
vn -0.3843 0.3816 0.8406
vn -0.4751 0.3297 0.8158
vn -0.2381 0.4359 0.8679
vn -0.3688 0.7154 0.5934
vn -0.7173 0.6903 0.0942
vn -0.9525 0.2173 -0.2136
vn -0.9639 -0.2493 -0.0936
vn -0.9691 -0.1451 0.1996
vn -0.9803 -0.1697 0.1015
vn -0.9513 -0.2929 0.0961
vn -0.6116 -0.5720 0.5466
vn -0.3492 -0.6306 0.6932
vn -0.4085 -0.3060 0.8599
vn -0.3968 0.3268 0.8578
vn -0.8177 0.1802 0.5467
vn 0.7922 -0.0785 -0.6052
vn 0.7484 0.0942 0.6566
vn 0.7596 0.4287 0.4891
vn 0.0251 0.6268 0.7788
vn 0.0986 0.0614 0.9932
vn 0.1621 -0.9524 0.2581
vn 0.1262 -0.9478 0.2929
vn -0.2208 0.9052 -0.3631
vn -0.1459 0.9086 -0.3914
vn -0.9496 0.2771 -0.1463
vn -0.9943 0.1060 0.0118
vn -0.9789 0.1355 0.1530
vn -0.8722 0.4110 0.2652
vn -0.8440 0.4545 0.2848
vn -0.9868 0.1015 0.1259
vn -0.9652 -0.1484 0.2153
vn 0.2221 0.3446 0.9121
vn -0.9629 -0.0316 0.2679
vn -0.9923 -0.1070 0.0619
vn -0.9729 -0.2135 0.0892
vn 0.9401 0.2088 -0.2695
vn 0.9622 0.0939 -0.2556
vn -0.9914 -0.1105 0.0698
vn -0.9226 -0.3829 0.0468
vn 0.9137 0.3226 -0.2470
vn 0.8711 0.3863 -0.3032
vn 0.9289 0.3535 -0.1106
vn 0.9389 0.3332 -0.0862
vn -0.8838 -0.3806 0.2722
vn -0.9148 -0.3128 0.2557
vn -0.9489 -0.1527 0.2762
vn 0.9650 0.2434 -0.0974
vn -0.9522 -0.1570 0.2620
vn -0.9129 -0.3133 0.2617
vn -0.9250 -0.3692 0.0896
vn -0.9737 -0.2141 0.0774
vn -0.9193 -0.3832 0.0892
vn -0.8910 -0.3753 0.2554
vn 0.9910 0.1203 -0.0589
vn -0.9238 -0.3758 0.0737
vn -0.9644 -0.0301 0.2626
vn 0.9945 0.0554 -0.0888
vn 0.9991 0.0008 -0.0424
vn 0.3014 0.2797 0.9116
vn 0.9923 -0.0744 -0.0988
vn 0.9712 0.0165 -0.2379
vn 0.9792 -0.0849 -0.1845
vn -0.9424 -0.2750 0.1903
vn 0.2308 -0.9681 0.0976
vn 0.2528 -0.9531 0.1663
vn -0.9309 -0.2576 0.2588
vn 0.1138 -0.9795 0.1664
vn -0.9431 -0.2686 0.1959
vn 0.9678 -0.0734 -0.2409
vn -0.9544 0.2786 -0.1073
vn -0.1207 -0.2911 -0.9490
vn -0.1297 -0.2654 -0.9554
vn 0.1795 -0.9782 0.1042
vn -0.9424 -0.2615 0.2085
vn -0.9749 -0.1600 0.1550
vn -0.9603 -0.1360 0.2437
vn -0.9775 -0.1654 0.1307
vn -0.9927 0.1192 0.0192
vn -0.6474 -0.5415 0.5364
vn -0.7043 -0.5931 0.3902
vn -0.7418 -0.6274 0.2371
vn -0.8406 -0.5340 -0.0913
vn -0.9524 -0.1630 0.2575
vn -0.6640 -0.6821 0.3063
vn -0.9437 -0.1495 0.2951
vn -0.9784 -0.1560 0.1358
vn -0.9795 -0.1500 0.1344
vn -0.9601 0.2193 0.1733
vn -0.2539 0.9666 0.0365
vn -0.9777 0.1805 0.1072
vn -0.9597 0.1548 0.2344
vn -0.1458 0.9853 0.0885
vn -0.2029 0.9792 -0.0091
vn -0.7822 -0.6076 0.1382
vn -0.1726 -0.6417 -0.7473
vn -0.3711 -0.6639 -0.6493
vn -0.2509 -0.8038 -0.5394
vn -0.0722 -0.8417 -0.5350
vn -0.3464 -0.4070 -0.8452
vn -0.1007 -0.8477 -0.5209
vn -0.2328 -0.5280 -0.8167
vn -0.3734 -0.5492 -0.7476
vn 0.3937 0.4943 0.7750
vn -0.2325 -0.5213 -0.8211
vn 0.2451 0.5165 0.8205
vn -0.3975 -0.5504 -0.7342
vn 0.4014 0.4261 0.8108
vn -0.2627 -0.4209 -0.8682
vn 0.2800 0.4564 0.8446
vn -0.2747 -0.4226 -0.8637
vn -0.4114 -0.4358 -0.8005
vn -0.3886 -0.4442 -0.8073
vn -0.4639 -0.1435 -0.8742
vn 0.3185 0.1782 0.9310
vn -0.5022 -0.1504 -0.8516
vn -0.2968 -0.1740 -0.9390
vn -0.4467 -0.4016 -0.7995
vn -0.0348 0.9929 -0.1141
vn -0.4123 -0.2060 -0.8874
vn -0.4964 -0.2221 -0.8392
vn -0.1496 0.9621 -0.2282
vn -0.4733 -0.4086 -0.7804
vn -0.3350 -0.4049 -0.8507
vn -0.2537 -0.8173 -0.5174
vn -0.4017 0.1399 -0.9050
vn -0.5185 0.0431 -0.8540
vn -0.5994 0.2246 -0.7683
vn -0.2676 0.1256 -0.9553
vn -0.4372 0.1262 -0.8905
vn -0.3926 -0.3897 -0.8331
vn 0.9065 -0.1166 -0.4057
vn -0.3257 -0.5414 -0.7751
vn 0.0740 -0.9957 -0.0564
vn 0.4566 0.1088 0.8830
vn 0.4887 -0.0378 0.8716
vn -0.6758 0.1762 0.7157
vn -0.3472 -0.6046 -0.7169
vn -0.3031 -0.5298 -0.7921
vn 0.2377 -0.9642 0.1172
vn 0.1546 -0.9644 0.2144
vn -0.4414 -0.3875 -0.8093
vn -0.3415 -0.3801 -0.8596
vn -0.3247 0.0332 -0.9452
vn -0.1400 -0.4333 -0.8903
vn -0.1502 -0.5788 -0.8015
vn 0.0964 -0.9953 -0.0060
vn 0.4670 0.1925 0.8631
vn -0.2822 -0.1727 -0.9437
vn 0.2121 -0.6697 -0.7117
vn -0.0577 -0.5474 -0.8349
vn -0.0743 -0.7885 -0.6106
vn 0.0699 -0.7291 -0.6808
vn 0.0916 -0.4152 -0.9051
vn 0.0773 -0.7843 -0.6156
vn 0.1495 -0.5389 -0.8290
vn -0.0384 -0.4920 -0.8698
vn 0.0182 0.4254 0.9048
vn 0.1192 -0.5308 -0.8391
vn -0.1273 0.5145 0.8480
vn -0.0672 -0.4864 -0.8712
vn 0.0284 -0.3278 -0.9443
vn -0.1860 0.3480 0.9189
vn 0.0388 -0.3219 -0.9460
vn 0.2046 -0.4032 -0.8919
vn 0.0375 -0.4119 -0.9104
vn 0.1880 0.9193 -0.3458
vn 0.2210 0.9297 -0.2948
vn 0.1165 -0.2597 -0.9586
vn 0.0205 -0.2726 -0.9619
vn -0.0172 -0.3990 -0.9168
vn 0.1396 -0.4276 -0.8931
vn -0.0628 -0.7585 -0.6487
vn 0.2924 0.1586 -0.9431
vn 0.1833 0.2433 -0.9525
vn 0.0683 0.0993 -0.9927
vn 0.2999 -0.2118 -0.9302
vn 0.1757 0.1298 -0.9758
vn 0.1012 -0.2693 -0.9577
vn 0.9376 -0.1492 0.3140
vn -0.0188 -0.3783 -0.9255
vn -0.1943 -0.9805 -0.0290
vn -0.1945 0.0883 0.9769
vn -0.2533 0.0523 0.9660
vn -0.9337 0.2145 -0.2867
vn 0.1435 -0.4191 -0.8965
vn 0.2114 -0.4225 -0.8814
vn -0.1564 -0.9821 0.1052
vn -0.2495 -0.9650 0.0803
vn 0.2684 -0.2547 -0.9290
vn 0.1533 -0.2600 -0.9533
vn 0.3737 0.2126 -0.9029
vn 0.3362 -0.3053 -0.8909
vn 0.2111 -0.4210 -0.8821
vn -0.2620 -0.9607 0.0911
vn -0.0743 0.3343 0.9395
vn 0.1877 -0.3874 -0.9026
vn 0.7793 -0.5135 0.3592
vn 0.7944 -0.6066 -0.0300
vn 0.4905 -0.8663 0.0946
vn 0.4735 -0.8578 0.1997
vn 0.9073 -0.4018 0.1239
vn 0.4566 -0.8589 0.2318
vn 0.8636 -0.4335 0.2576
vn 0.8781 -0.4722 0.0772
vn -0.9142 0.3988 -0.0715
vn 0.8626 -0.4346 0.2589
vn -0.8690 0.4346 -0.2365
vn 0.8779 -0.4716 0.0827
vn -0.9412 0.3168 -0.1172
vn 0.8932 -0.3403 0.2939
vn -0.8902 0.3657 -0.2716
vn 0.8951 -0.3391 0.2895
vn 0.9236 -0.3671 0.1109
vn 0.9238 -0.3648 0.1161
vn 0.9898 -0.1210 0.0749
vn -0.9491 0.1404 -0.2821
vn 0.9899 -0.1228 0.0704
vn 0.9424 -0.1189 0.3128
vn 0.9069 -0.4210 -0.0171
vn 0.5758 0.8169 -0.0316
vn 0.9584 -0.2764 0.0714
vn 0.9648 -0.2577 -0.0534
vn 0.5700 0.8179 -0.0780
vn 0.9049 -0.4246 -0.0307
vn 0.9061 -0.4002 0.1371
vn 0.5177 -0.8482 0.1118
vn 0.9770 0.1031 0.1868
vn 0.9967 0.0357 0.0728
vn 0.9826 0.1793 -0.0489
vn 0.9480 0.1107 0.2985
vn 0.9919 0.0516 0.1161
vn 0.8863 -0.4242 0.1857
vn -0.1637 0.0140 0.9864
vn 0.8315 -0.5240 0.1845
vn -0.3136 -0.9387 0.1428
vn -0.9633 0.2529 -0.0895
vn -0.9582 0.1735 -0.2277
vn 0.0257 0.0144 -0.9996
vn 0.8231 -0.5379 0.1822
vn 0.8213 -0.5070 0.2617
vn -0.2617 -0.9465 0.1891
vn -0.1632 -0.9820 0.0953
vn 0.9072 -0.3979 0.1364
vn 0.8760 -0.4037 0.2640
vn 0.9937 0.0421 0.1043
vn 0.9039 -0.3957 0.1622
vn 0.8336 -0.5313 0.1508
vn -0.2559 -0.9659 0.0401
vn -0.9790 0.1684 -0.1147
vn 0.9427 -0.1148 0.3134
vn 0.6074 -0.4216 0.6733
vn 0.8974 -0.4406 0.0242
vn 0.7518 -0.6176 0.2310
vn 0.6854 -0.6930 0.2236
vn 0.8360 0.0030 0.5488
vn 0.6719 -0.6685 0.3188
vn 0.7567 -0.1869 0.6264
vn 0.9026 -0.2377 0.3590
vn -0.9046 0.2033 -0.3748
vn 0.7531 -0.1910 0.6296
vn -0.7641 0.1710 -0.6220
vn 0.9016 -0.2333 0.3644
vn 0.8928 -0.0561 0.4470
vn -0.7575 0.0156 -0.6527
vn 0.8960 -0.0632 0.4396
vn 0.7382 0.0092 0.6746
vn 0.9308 -0.0246 0.3648
vn 0.4101 0.8440 0.3457
vn 0.3898 0.8184 0.4222
vn 0.8200 0.1043 0.5628
vn 0.8869 0.1684 0.4301
vn 0.9172 -0.0122 0.3983
vn 0.8042 0.0103 0.5943
vn 0.7136 -0.6837 0.1524
vn 0.6669 0.4140 0.6196
vn 0.7663 0.4386 0.4695
vn 0.8623 0.2503 0.4402
vn 0.6310 0.3182 0.7076
vn 0.6365 0.4074 0.6549
vn 0.6940 -0.1420 0.7059
vn -0.6499 0.1433 0.7464
vn 0.6829 -0.4485 0.5766
vn -0.2888 -0.9143 -0.2839
vn -0.8429 -0.1036 -0.5279
vn -0.7202 -0.0481 -0.6921
vn 0.6641 -0.0231 -0.7473
vn 0.7817 -0.3964 0.4814
vn 0.6861 -0.4381 0.5808
vn -0.2772 -0.9223 -0.2694
vn -0.2275 -0.8790 -0.4191
vn 0.7098 -0.1452 0.6892
vn 0.8422 -0.1381 0.5211
vn 0.7504 0.4431 0.4905
vn 0.8358 -0.1358 0.5320
vn 0.7882 -0.3899 0.4761
vn -0.2986 -0.8282 -0.4743
vn -0.8772 0.0149 -0.4799
vn 0.7351 0.0045 0.6780
vn -0.7010 -0.3120 0.6413
vn -0.3293 -0.4817 0.8121
vn -0.4366 -0.5897 0.6795
vn -0.5303 -0.7771 0.3389
vn -0.7099 0.0226 0.7039
vn -0.4543 -0.6123 0.6471
vn -0.7202 -0.2048 0.6629
vn -0.5060 -0.1919 0.8409
vn 0.5061 0.2257 -0.8324
vn -0.7384 -0.2054 0.6424
vn 0.7253 0.1933 -0.6607
vn -0.5089 -0.1902 0.8395
vn -0.5339 0.0015 0.8456
vn 0.7197 -0.0004 -0.6943
vn -0.5280 -0.0015 0.8492
vn -0.7233 -0.0345 0.6897
vn -0.5032 0.0199 0.8640
vn -0.3115 0.7367 0.6002
vn -0.2780 0.8530 0.4417
vn -0.6890 0.1381 0.7115
vn -0.5792 0.1002 0.8090
vn -0.5661 0.0193 0.8241
vn -0.7275 0.0188 0.6859
vn -0.4450 -0.6333 0.6332
vn -0.6235 0.3948 0.6748
vn -0.5101 0.3776 0.7728
vn -0.4508 0.3171 0.8344
vn -0.7342 0.2169 0.6433
vn -0.6415 0.3972 0.6563
vn -0.7660 -0.1515 0.6247
vn -0.7055 -0.1190 -0.6986
vn -0.6652 -0.3577 0.6554
vn 0.2304 -0.8949 -0.3822
vn 0.5594 -0.0539 -0.8271
vn 0.7009 -0.0446 -0.7118
vn 0.6925 0.2724 0.6680
vn -0.5116 -0.3927 0.7642
vn -0.6260 -0.3592 0.6922
vn 0.1328 -0.9617 -0.2398
vn 0.2684 -0.9496 -0.1620
vn -0.7304 -0.1504 0.6663
vn -0.5741 -0.1373 0.8072
vn -0.4627 0.3760 0.8028
vn -0.5596 -0.1375 0.8173
vn -0.5390 -0.4117 0.7349
vn 0.2669 -0.9435 -0.1963
vn 0.5628 0.0072 -0.8266
vn -0.7375 -0.0456 0.6738
vn -0.1768 0.3682 0.9128
vn -0.0442 0.1814 0.9824
vn 0.0751 0.2240 0.9717
vn 0.1965 0.3000 0.9335
vn 0.1904 0.2860 0.9391
vn 0.0748 0.2224 0.9721
vn 0.1350 0.0277 0.9905
vn 0.9798 -0.0374 -0.1964
vn 0.1521 -0.0842 0.9848
vn -0.0280 -0.0550 0.9981
vn 0.0118 -0.2242 0.9745
vn -0.1794 0.2924 -0.9393
vn -0.1688 0.0925 -0.9813
vn -0.0314 -0.0536 0.9981
vn -0.0843 -0.5422 0.8360
vn -0.0787 0.5218 -0.8494
vn -0.1698 0.5669 -0.8061
vn 0.0214 0.5974 -0.8016
vn 0.0185 0.5553 -0.8314
vn 0.1450 -0.6609 0.7363
vn 0.1394 -0.5413 0.8292
vn 0.1856 -0.2273 0.9560
vn 0.0315 0.2325 -0.9721
vn 0.1652 -0.2289 0.9593
vn 0.1212 -0.5384 0.8339
vn -0.0843 -0.5530 0.8289
vn -0.0371 -0.2188 0.9751
vn -0.0447 -0.6549 0.7544
vn 0.1405 -0.6653 0.7332
vn 0.0359 0.1399 -0.9895
vn -0.0298 -0.6677 0.7439
vn 0.1539 -0.0836 0.9845
vn 0.0303 -0.1274 -0.9914
vn 0.0505 -0.0827 -0.9953
vn 0.9629 -0.0899 -0.2545
vn -0.0051 -0.2085 -0.9780
vn -0.1323 -0.1256 -0.9832
vn -0.1314 -0.2110 -0.9686
vn 0.0426 -0.0054 0.9991
vn -0.0057 -0.9950 -0.0992
vn 0.0777 -0.9916 -0.1036
vn 0.1032 0.0138 0.9946
vn 0.0715 -0.9459 -0.3166
vn 0.1540 0.0067 0.9880
vn -0.1301 -0.1164 -0.9847
vn -0.1924 0.3676 0.9099
vn -0.9990 0.0405 0.0212
vn -0.9981 0.0546 0.0290
vn -0.0076 -0.9550 -0.2966
vn 0.0201 -0.0114 0.9997
vn -0.0237 0.0343 0.9991
vn 0.1220 0.0281 0.9921
vn 0.0100 0.0322 0.9994
vn -0.0755 0.1813 0.9805
vn 0.3289 -0.8045 0.4946
vn 0.0983 -0.8775 0.4693
vn -0.0187 -0.8738 0.4860
vn -0.2220 -0.6908 0.6881
vn 0.1873 -0.2942 0.9372
vn 0.1606 -0.8760 0.4548
vn 0.1980 -0.3017 0.9326
vn 0.0665 -0.3017 0.9511
vn 0.0621 -0.3054 0.9502
vn 0.0784 0.0731 0.9942
vn 0.0628 0.9051 0.4205
vn 0.1061 0.0754 0.9915
vn 0.2189 0.0272 0.9754
vn 0.1829 0.8537 0.4875
vn 0.0794 0.8918 0.4454
vn 0.0670 -0.8805 0.4694
vn 0.8843 0.4234 0.1968
vn 0.7013 0.5366 0.4694
vn 0.7848 0.6085 0.1178
vn 0.6217 0.6758 0.3960
vn 0.4642 0.8816 -0.0855
vn 0.3666 0.9261 0.0894
vn 0.3475 0.7132 0.6087
vn 0.1417 0.9704 0.1955
vn 0.5127 0.8293 -0.2220
vn 0.5333 0.7847 -0.3160
vn -0.3707 -0.5392 -0.7562
vn -0.2510 -0.5401 -0.8033
vn -0.9358 -0.3437 -0.0792
vn -0.8744 -0.4301 -0.2247
vn 0.0780 -0.9459 -0.3148
vn -0.6281 -0.7379 -0.2470
vn -0.7151 -0.6946 -0.0781
vn -0.7736 -0.5523 -0.3106
vn -0.7667 -0.6398 -0.0538
vn -0.7469 -0.5589 -0.3602
vn -0.5832 -0.6555 -0.4798
vn -0.3622 -0.5991 -0.7141
vn -0.4410 -0.7611 -0.4756
vn -0.3771 -0.9256 -0.0334
vn -0.5501 -0.6974 -0.4593
vn -0.6136 -0.7335 -0.2923
vn -0.9019 -0.4106 -0.1339
vn 0.1632 0.6423 -0.7488
vn 0.2222 0.6698 -0.7085
vn 0.5087 0.2020 -0.8369
vn 0.1900 0.6394 -0.7451
vn 0.4653 0.1246 -0.8764
vn 0.1040 0.6473 -0.7551
vn 0.2739 0.7658 -0.5819
vn 0.9196 0.2934 -0.2612
vn 0.6459 0.0967 -0.7573
vn 0.9290 -0.0190 -0.3697
vn -0.6955 -0.1562 0.7013
vn -0.5939 -0.0494 0.8030
vn -0.2307 -0.6362 0.7362
vn -0.3314 -0.6392 0.6940
vn -0.3020 -0.6798 0.6683
vn -0.2916 -0.7275 0.6211
vn -0.5821 -0.2384 0.7774
vn 0.2273 -0.2782 0.9332
vn -0.6406 -0.0854 0.7631
vn -0.5245 -0.1639 0.8355
vn -0.6952 -0.1541 0.7021
vn -0.3272 -0.6389 0.6963
vn -0.6912 -0.0035 0.7227
vn -0.7315 -0.0315 0.6811
vn -0.7626 -0.0408 0.6456
vn -0.7102 -0.0064 0.7040
vn -0.3217 -0.5345 0.7816
vn -0.5236 -0.1202 0.8434
vn -0.2993 -0.6538 0.6950
vn -0.5756 -0.0866 0.8131
vn -0.5930 -0.2424 0.7678
vn -0.6169 0.0933 0.7815
vn -0.4355 -0.0598 0.8982
vn -0.5214 -0.1659 0.8370
vn -0.5199 -0.0966 0.8487
vn -0.3936 0.1773 0.9020
vn -0.3458 0.1969 0.9174
vn -0.8790 -0.0257 0.4762
vn -0.9024 0.0420 0.4287
vn -0.8517 0.0570 0.5209
vn -0.9557 -0.0153 0.2940
vn -0.9345 0.0543 0.3517
vn -0.9905 -0.0390 0.1315
vn -0.9822 0.0218 0.1864
vn -0.6062 0.2768 0.7456
vn -0.6988 0.1664 0.6957
vn -0.6102 0.2255 0.7595
vn -0.6180 0.1222 0.7767
vn -0.7277 -0.1226 0.6749
vn -0.5893 -0.0957 0.8022
vn -0.7800 -0.1899 0.5963
vn -0.7361 -0.3492 0.5799
vn -0.7095 -0.4171 0.5680
vn -0.5767 -0.3601 0.7333
vn -0.7703 -0.4525 0.4493
vn -0.6285 -0.4833 0.6094
vn -0.7047 -0.5309 0.4706
vn -0.8375 -0.1905 0.5122
vn -0.7834 -0.3983 0.4771
vn 0.9574 -0.1460 0.2490
vn 0.9200 -0.1772 0.3496
vn 0.9319 -0.2634 0.2494
vn 0.9594 -0.2295 0.1641
vn 0.8831 -0.4130 0.2227
vn 0.9088 -0.3976 0.1265
vn 0.8160 0.4471 -0.3663
vn 0.9650 0.2607 -0.0285
vn 0.6995 0.7145 -0.0151
vn 0.9767 0.1456 0.1577
vn 0.9899 0.0874 -0.1119
vn 0.9627 0.1833 0.1992
vn 0.9921 0.0848 -0.0924
vn 0.7398 0.3245 0.5893
vn 0.7390 0.3072 0.5996
vn 0.4513 0.3915 0.8019
vn 0.4415 0.4209 0.7924
vn 0.7419 0.3224 0.5878
vn 0.4500 0.3782 0.8090
vn 0.4870 0.3600 0.7958
vn 0.7339 0.2876 0.6154
vn 0.5259 0.3240 0.7864
vn 0.7279 0.2500 0.6384
vn 0.0967 0.3323 0.9382
vn -0.0001 0.4096 0.9123
vn -0.0755 0.1786 0.9810
vn -0.2500 0.2466 0.9363
vn -0.0284 0.3407 0.9397
vn 0.0474 0.1751 0.9834
vn 0.2055 0.2649 0.9421
vn 0.2961 0.2898 0.9101
vn 0.0775 0.2525 0.9645
vn 0.3426 0.3365 0.8771
vn 0.3077 0.4393 0.8440
vn 0.0535 0.4857 0.8725
vn 0.0613 0.3598 0.9310
vn 0.5391 0.3232 0.7778
vn 0.5111 0.3695 0.7760
vn 0.1241 0.3597 0.9248
vn 0.2819 0.1866 0.9411
vn 0.2737 0.0682 0.9594
vn 0.0510 0.1757 0.9831
vn -0.1686 0.3346 0.9272
vn 0.3098 0.3972 0.8638
vn 0.4933 0.3696 0.7874
vn 0.3784 0.2721 0.8847
vn 0.5162 0.2974 0.8032
vn -0.2504 0.4204 0.8721
vn -0.1577 0.2972 0.9417
vn 0.7066 0.2467 0.6632
vn 0.6673 0.2951 0.6839
vn 0.8726 0.1158 0.4746
vn 0.8379 0.1868 0.5129
vn 0.8982 0.1062 0.4267
vn 0.9191 0.1695 0.3556
vn 0.9126 0.1406 0.3840
vn -0.4120 0.0865 0.9071
vn -0.2291 0.0418 0.9725
vn -0.1376 0.1553 0.9782
vn 0.9309 0.1974 0.3074
vn 0.9221 0.2031 0.3294
vn 0.9830 0.1049 0.1504
vn 0.9803 0.1213 0.1560
vn 0.9985 0.0433 0.0333
vn 0.9969 0.0472 0.0628
vn 0.9806 0.0645 0.1851
vn 0.9960 0.0130 0.0886
vn 0.9546 -0.1501 -0.2572
vn 0.9345 -0.1718 -0.3118
vn 0.8933 -0.2119 -0.3963
vn 0.9648 -0.1249 -0.2314
vn 0.8565 -0.1062 -0.5050
vn 0.7348 -0.2505 -0.6303
vn 0.8117 -0.0369 -0.5829
vn 0.6769 -0.1112 -0.7277
vn 0.9767 0.0382 0.2110
vn 0.9667 -0.0233 0.2548
vn 0.9950 -0.0222 0.0975
vn 0.9855 -0.1013 0.1362
vn 0.9070 -0.2854 -0.3098
vn 0.9707 -0.1673 -0.1723
vn 0.9823 0.1563 0.1032
vn 0.9215 0.2940 0.2538
vn 0.9984 0.0553 0.0103
vn -0.5625 0.1690 0.8093
vn -0.9625 -0.0936 0.2545
vn -0.9865 -0.1057 0.1251
vn -0.9713 -0.1006 0.2153
vn -0.9890 0.0284 0.1451
vn -0.9684 -0.0091 0.2492
vn -0.9911 -0.0879 -0.0996
vn -0.9861 -0.1190 0.1158
vn -0.9906 0.0972 0.0964
vn -0.9976 -0.0629 -0.0290
vn -0.8785 -0.3737 0.2975
vn -0.7456 -0.6348 0.2027
vn -0.8089 0.3535 -0.4698
vn 0.9626 -0.1811 0.2015
vn -0.4416 0.7912 0.4230
vn -0.9760 -0.0152 -0.2173
vn -0.9926 0.0392 -0.1148
vn -0.9546 -0.1442 -0.2608
vn 0.9168 0.3487 0.1946
vn -0.9129 -0.2345 -0.3342
vn -0.9674 -0.1903 -0.1673
vn -0.9523 -0.2199 -0.2113
vn -0.9125 -0.2649 -0.3116
vn -0.9221 -0.2651 -0.2820
vn -0.3019 -0.2571 -0.9180
vn -0.9881 -0.0982 0.1187
vn -0.9867 -0.1066 0.1225
vn -0.9874 -0.1088 -0.1148
vn -0.9913 -0.0396 0.1253
vn -0.9837 0.0190 0.1788
vn -0.9290 -0.1790 -0.3238
vn -0.8822 0.2406 -0.4048
vn -0.8877 0.3184 -0.3325
vn -0.9704 0.0298 -0.2395
vn -0.9744 0.0695 -0.2140
vn -0.8764 0.3964 -0.2734
vn -0.9125 0.1935 -0.3605
vn -0.9514 -0.1056 -0.2892
vn -0.9039 -0.3502 -0.2456
vn -0.9388 -0.1551 -0.3077
vn -0.6710 -0.2768 -0.6879
vn -0.8332 -0.2367 -0.4997
vn -0.6730 -0.3242 -0.6647
vn -0.2940 -0.3867 -0.8741
vn -0.2261 -0.3837 -0.8953
vn -0.3295 -0.4646 -0.8219
vn 0.2140 -0.3752 -0.9019
vn 0.2187 -0.3601 -0.9069
vn 0.3706 -0.3484 -0.8610
vn 0.3364 -0.3449 -0.8763
vn 0.5800 -0.2162 -0.7854
vn 0.6754 -0.1500 -0.7220
vn 0.6688 -0.2797 -0.6889
vn 0.5994 -0.3227 -0.7325
vn 0.3425 -0.2129 -0.9151
vn 0.5836 -0.1079 -0.8049
vn 0.1566 -0.2575 -0.9535
vn 0.3713 0.8966 -0.2412
vn 0.5460 0.8001 -0.2485
vn 0.3806 0.9213 0.0790
vn 0.2151 0.9735 0.0778
vn 0.3973 0.8955 -0.2008
vn 0.0670 0.9974 -0.0246
vn 0.1661 0.0645 0.9840
vn 0.5659 0.5965 -0.5692
vn -0.7195 0.5998 -0.3500
vn -0.7994 0.4795 -0.3619
vn -0.7957 0.5085 -0.3292
vn -0.8350 0.3313 -0.4394
vn -0.5460 0.7365 -0.3993
vn -0.5177 0.7944 -0.3177
vn 0.8601 0.1028 -0.4997
vn 0.8383 0.0906 -0.5377
vn 0.9414 0.1595 -0.2972
vn 0.9403 0.1379 -0.3111
vn 0.9646 0.2164 -0.1504
vn 0.9703 0.1921 -0.1472
vn 0.7839 0.1182 -0.6096
vn 0.7528 0.0909 -0.6519
vn 0.1110 0.1408 -0.9838
vn 0.0784 0.1742 -0.9816
vn 0.1548 0.1169 -0.9810
vn 0.1865 0.1259 -0.9744
vn 0.0948 0.1278 -0.9873
vn 0.0877 0.2631 -0.9608
vn 0.3676 0.1152 -0.9228
vn 0.3526 0.0965 -0.9308
vn 0.5650 0.1054 -0.8183
vn 0.5698 0.1317 -0.8111
vn 0.7050 0.1354 -0.6961
vn 0.6891 0.1052 -0.7170
vn 0.3853 0.0910 -0.9183
vn 0.2174 0.0560 -0.9745
vn 0.5817 0.1349 -0.8022
vn 0.5752 0.0143 -0.8179
vn 0.3754 -0.0657 -0.9245
vn 0.1910 -0.1294 -0.9730
vn 0.8167 0.1556 -0.5557
vn 0.7263 0.1534 -0.6700
vn 0.8530 0.0822 -0.5154
vn 0.7506 0.0811 -0.6558
vn 0.1002 0.0360 -0.9943
vn 0.0208 -0.1856 -0.9824
vn -0.1323 -0.2437 -0.9608
vn -0.0112 -0.0254 -0.9996
vn -0.2963 -0.4739 -0.8293
vn -0.2491 -0.4257 -0.8699
vn -0.3360 -0.6054 -0.7215
vn -0.4165 -0.6117 -0.6726
vn -0.0854 -0.2871 -0.9541
vn -0.1818 -0.2977 -0.9372
vn -0.1121 -0.5762 -0.8096
vn -0.0556 -0.3701 -0.9273
vn 0.1513 -0.3181 -0.9359
vn 0.0989 -0.5150 -0.8515
vn -0.1615 0.1047 -0.9813
vn 0.0048 0.1019 -0.9948
vn -0.0879 -0.1142 -0.9896
vn -0.1313 -0.1020 -0.9861
vn 0.0159 0.3312 -0.9434
vn -0.1531 0.3462 -0.9256
vn 0.5866 0.3438 0.7332
vn 0.5700 0.4000 0.7177
vn 0.4409 0.4147 0.7960
vn 0.4691 0.3785 0.7979
vn 0.6338 0.2568 0.7296
vn 0.6160 0.2700 0.7400
vn 0.5058 0.3158 0.8028
vn 0.6418 0.2991 0.7062
vn 0.8152 0.2097 0.5398
vn 0.3963 0.3299 0.8568
vn 0.3736 0.4190 0.8275
vn 0.3205 0.4215 0.8483
vn 0.3210 0.3054 0.8965
vn 0.2698 0.4271 0.8630
vn 0.3101 0.2773 0.9093
vn 0.2615 0.4211 0.8685
vn 0.3353 0.3991 0.8534
vn 0.3632 0.4072 0.8380
vn 0.0384 -0.6692 -0.7421
vn -0.1934 -0.7119 -0.6752
vn -0.0407 -0.7073 -0.7057
vn -0.3126 -0.7234 -0.6157
vn -0.4064 -0.7243 -0.5570
vn 0.2250 -0.6250 -0.7475
vn 0.4599 -0.5627 -0.6870
vn 0.2925 -0.4548 -0.8412
vn 0.4940 -0.3919 -0.7762
vn 0.7148 -0.4887 -0.5003
vn 0.8443 -0.3968 -0.3602
vn 0.9483 -0.2191 -0.2296
vn 0.8734 -0.3369 -0.3516
vn 0.9005 -0.2008 -0.3857
vn 0.9635 -0.1159 -0.2414
vn 0.8942 -0.0395 -0.4460
vn 0.9625 -0.0298 -0.2697
vn 0.9910 0.0145 -0.1334
vn 0.9881 -0.0424 -0.1476
vn 0.7535 -0.2959 -0.5871
vn 0.5365 -0.1783 -0.8249
vn 0.7640 -0.0809 -0.6401
vn 0.7255 -0.4568 -0.5148
vn 0.3400 -0.2553 -0.9051
vn 0.0504 -0.3562 -0.9330
vn 0.4613 -0.3713 -0.8058
vn 0.6294 -0.3006 -0.7166
vn 0.7860 -0.0471 -0.6164
vn -0.7174 -0.5994 0.3549
vn -0.8095 -0.4862 0.3292
vn 0.9482 -0.0165 0.3171
vn 0.7242 -0.4778 -0.4972
vn 0.7452 -0.2727 -0.6085
vn 0.7931 0.5951 -0.1301
vn 0.9549 0.2849 -0.0839
vn 0.6672 -0.6881 -0.2852
vn 0.9673 -0.2479 0.0542
vn -0.8701 -0.4872 -0.0746
vn -0.8667 -0.4915 -0.0858
vn 0.8757 -0.4578 0.1535
vn 0.5533 0.7835 -0.2827
vn 0.9519 -0.3053 0.0252
vn 0.0675 -0.8902 -0.4505
vn 0.2450 -0.9526 -0.1806
vn -0.1408 -0.9102 0.3895
vn 0.0269 -0.9010 0.4330
vn 0.0715 -0.4733 0.8780
vn -0.2981 -0.4684 0.8317
vn -0.2881 -0.9035 0.3172
vn -0.6152 -0.4001 0.6793
vn 0.1065 -0.5055 0.8563
vn -0.2466 -0.5002 0.8301
vn 0.4054 -0.4184 -0.8128
vn 0.0372 -0.3590 -0.9326
vn -0.0136 0.1475 -0.9890
vn 0.4232 0.0380 -0.9052
vn 0.7469 -0.0808 -0.6601
vn 0.6336 -0.5713 -0.5217
vn -0.5608 -0.4105 0.7190
vn -0.2298 -0.3357 -0.9135
vn -0.2986 0.2411 -0.9234
vn 0.2949 -0.5154 0.8046
vn 0.3143 -0.4454 0.8383
vn 0.5475 -0.4643 0.6961
vn 0.5600 -0.3750 0.7388
vn -0.4751 -0.4033 -0.7820
vn -0.5802 0.2932 -0.7598
vn 0.7889 -0.2585 0.5575
vn 0.7573 -0.4114 0.5072
vn -0.6743 -0.4822 -0.5593
vn -0.8198 0.2217 -0.5279
vn -0.7664 -0.2737 0.5812
vn -0.7573 -0.3220 0.5682
vn 0.8397 -0.2225 -0.4954
vn 0.5743 -0.7864 -0.2275
vn 0.8133 -0.2556 -0.5227
vn 0.4923 -0.8416 -0.2221
vn -0.7802 -0.2909 0.5537
vn -0.7714 -0.2804 0.5713
vn -0.2942 -0.9123 0.2848
vn -0.2729 -0.9089 0.3154
vn -0.8378 -0.2791 0.4692
vn -0.9462 -0.2046 0.2505
vn -0.9537 -0.1889 0.2340
vn -0.8479 -0.2453 0.4699
vn 0.8312 -0.3135 -0.4592
vn 0.2997 -0.9401 -0.1627
vn 0.8653 -0.4257 -0.2646
vn 0.0570 -0.9953 -0.0786
vn 0.3174 -0.8615 0.3964
vn 0.5074 -0.7983 0.3244
vn 0.8160 0.1192 -0.5656
vn 0.8541 0.0695 -0.5155
vn 0.6757 -0.6822 -0.2794
vn 0.6371 -0.6595 -0.3990
vn 0.5046 -0.6772 -0.5356
vn 0.7029 0.1230 -0.7006
vn 0.9693 -0.1349 0.2055
vn 0.9683 -0.0348 -0.2472
vn 0.9580 -0.1310 -0.2550
vn 0.9188 -0.3167 0.2356
vn 0.8347 0.0604 -0.5474
vn -0.7318 -0.4330 0.5263
vn -0.9703 -0.1939 0.1448
vn -0.6466 -0.7627 0.0138
vn -0.4024 -0.8839 0.2383
vn -0.9672 0.0556 -0.2480
vn -0.7032 -0.6556 -0.2751
vn 0.8017 0.2204 -0.5556
vn -0.2995 -0.9003 0.3157
vn -0.6920 -0.4750 0.5436
vn 0.6779 -0.7283 0.1005
vn 0.7186 -0.6715 -0.1809
vn 0.1485 -0.8934 0.4240
vn 0.3170 -0.6869 -0.6540
vn 0.4589 0.0985 -0.8830
vn -0.1662 0.0273 -0.9857
vn -0.1391 -0.7467 -0.6504
vn -0.4394 -0.7188 -0.5388
vn -0.6117 -0.0222 -0.7908
vn -0.3134 0.5917 -0.7428
vn 0.2960 0.5880 -0.7527
vn 0.2161 -0.4180 0.8824
vn -0.3869 -0.4589 0.7998
vn -0.1134 -0.9550 0.2739
vn -0.0402 -0.9758 0.2148
vn -0.6328 -0.4602 0.6227
vn -0.2272 -0.9102 0.3463
vn 0.6518 0.4019 -0.6431
vn -0.8231 0.1743 -0.5405
vn -0.6488 0.4702 -0.5984
vn -0.7661 -0.0143 -0.6426
vn 0.2660 -0.9596 0.0913
vn 0.7847 -0.3732 0.4950
vn 0.6281 -0.3884 0.6742
vn 0.1378 -0.9905 -0.0002
vn -0.8775 0.0413 -0.4779
vn -0.8805 0.1065 -0.4619
vn -0.8850 0.1644 -0.4355
vn -0.9384 0.0622 -0.3398
vn 0.8368 -0.4897 0.2448
vn 0.1154 -0.9881 -0.1013
vn 0.0674 -0.9860 -0.1528
vn 0.7788 -0.5761 0.2481
vn -0.5255 -0.7381 -0.4231
vn -0.5623 -0.7383 -0.3726
vn -0.5610 -0.7450 -0.3608
vn -0.9832 -0.0310 -0.1799
vn -0.9286 0.0531 -0.3674
vn -0.5832 -0.7695 -0.2603
vn -0.6146 -0.7626 -0.2017
vn -0.6118 -0.7678 -0.1904
vn -0.4930 -0.8586 0.1406
vn -0.9843 -0.0354 -0.1729
vn -0.9035 0.1527 -0.4004
vn -0.9829 0.0188 -0.1833
vn 0.7616 -0.5935 0.2601
vn 0.0391 -0.9909 -0.1284
vn 0.1261 -0.9909 -0.0475
vn 0.7825 -0.6118 0.1159
vn 0.9497 -0.2364 0.2056
vn 0.7983 -0.5335 0.2794
vn 0.2617 -0.9455 -0.1940
vn 0.4723 -0.8472 -0.2435
vn 0.6463 -0.7197 -0.2539
vn 0.5197 -0.8089 0.2749
vn 0.6957 -0.6736 0.2497
vn 0.6047 -0.7414 0.2911
vn 0.4193 -0.8412 0.3415
vn 0.6989 -0.6413 0.3167
vn -0.0516 -0.9486 0.3123
vn 0.2098 -0.9234 0.3214
vn 0.1578 -0.9295 0.3334
vn 0.0102 -0.9217 0.3878
vn -0.0588 -0.9567 -0.2852
vn 0.0089 -0.9774 -0.2111
vn -0.3059 -0.9188 0.2494
vn -0.5438 -0.8204 0.1766
vn -0.0702 -0.9228 -0.3789
vn 0.1219 -0.9652 -0.2313
vn 0.2733 -0.9272 -0.2560
vn 0.2172 -0.9428 -0.2528
vn -0.2169 -0.9263 -0.3082
vn -0.7392 -0.6678 0.0875
vn -0.6199 -0.7551 0.2134
vn -0.5463 -0.8069 0.2245
vn -0.3200 -0.9150 -0.2456
vn -0.3992 -0.8835 -0.2452
vn -0.9489 -0.1179 -0.2927
vn -0.4298 -0.8701 -0.2414
vn -0.9274 -0.0553 -0.3699
vn -0.4570 -0.8566 -0.2396
vn 0.6219 -0.0523 -0.7814
vn 0.5729 0.8052 -0.1531
vn -0.2707 -0.9212 0.2795
vn 0.0515 0.1438 -0.9883
vn 0.0224 0.9104 -0.4131
vn 0.2997 0.9172 -0.2625
vn 0.3680 0.1542 -0.9170
vn -0.1942 0.1875 -0.9629
vn -0.4794 -0.0476 -0.8763
vn -0.5827 0.6560 -0.4797
vn -0.2264 0.8384 -0.4958
vn -0.6473 -0.2915 -0.7043
vn -0.6712 -0.4477 -0.5908
vn 0.9443 -0.2983 0.1391
vn 0.8383 0.3435 -0.4233
vn 0.7146 0.6441 -0.2729
vn 0.7835 0.4233 -0.4550
vn 0.7154 0.6621 -0.2232
vn 0.7833 0.4066 -0.4702
vn 0.7848 0.5980 -0.1628
vn -0.7089 -0.7007 0.0805
vn -0.5969 -0.7900 0.1403
vn 0.3722 -0.4026 -0.8363
vn 0.4591 -0.4845 -0.7446
vn 0.6430 -0.6382 -0.4234
vn 0.5100 -0.6578 -0.5542
vn 0.6490 -0.6058 -0.4603
vn 0.6889 -0.5587 -0.4618
vn 0.6426 -0.6590 -0.3908
vn -0.6170 -0.5869 -0.5243
vn 0.6214 -0.6446 -0.4453
vn 0.2852 -0.6876 -0.6678
vn 0.0702 -0.6851 -0.7251
vn -0.2119 -0.7523 -0.6239
vn -0.3962 -0.8204 -0.4123
vn -0.8444 0.5346 -0.0331
vn 0.1316 -0.9126 -0.3871
vn -0.9955 0.0886 -0.0329
vn -0.9839 0.1354 0.1165
vn -0.3607 0.9297 -0.0749
vn -0.3694 0.9237 -0.1014
vn -0.9640 -0.0158 -0.2653
vn -0.3558 0.9214 -0.1565
vn -0.3698 0.9056 -0.2078
vn -0.3288 0.8972 -0.2947
vn -0.6164 -0.1869 -0.7649
vn -0.8754 -0.1042 -0.4720
vn -0.3643 0.9307 -0.0331
vn -0.9464 0.1680 0.2759
vn -0.3551 0.9316 0.0780
vn -0.8503 0.2014 0.4862
vn -0.8493 0.0927 0.5197
vn -0.7404 0.0406 0.6710
vn -0.7501 0.1956 0.6317
vn 0.7052 0.2285 -0.6712
vn 0.7909 0.2873 -0.5403
vn -0.5482 0.1372 0.8250
vn -0.2271 0.9076 0.3530
vn -0.2658 0.9240 0.2749
vn -0.6666 0.1698 0.7259
vn -0.3118 0.9322 0.1837
vn -0.6507 0.0240 0.7590
vn 0.6923 0.2547 -0.6752
vn 0.5718 0.2744 -0.7732
vn -0.5401 0.0657 0.8390
vn 0.8810 0.3531 -0.3148
vn -0.9464 0.0657 0.3163
vn -0.9886 0.0257 0.1485
vn 0.9102 0.3578 -0.2085
vn -0.0447 0.0340 0.9984
vn 0.0226 0.8758 0.4822
vn -0.0381 0.8890 0.4563
vn -0.1486 0.0853 0.9852
vn -0.0270 -0.0220 0.9994
vn 0.0509 0.9142 0.4021
vn -0.1462 0.8964 0.4184
vn -0.3510 0.1156 0.9292
vn 0.0150 -0.0677 0.9976
vn -0.0051 0.0138 0.9999
vn -0.1158 0.0602 0.9914
vn 0.0086 0.4023 -0.9155
vn 0.1306 0.3511 -0.9272
vn 0.0277 0.5448 -0.8381
vn 0.0844 -0.1099 0.9904
vn 0.0460 -0.0993 0.9940
vn 0.0175 0.6979 -0.7160
vn -0.0599 0.7054 -0.7062
vn 0.1117 -0.0841 0.9902
vn 0.1302 -0.1062 0.9858
vn -0.3405 0.0898 0.9360
vn 0.3400 0.3082 -0.8885
vn 0.0829 -0.0938 0.9921
vn 0.1703 -0.0486 0.9842
vn -0.2282 0.2686 -0.9358
vn -0.1016 0.6205 -0.7776
vn 0.1328 0.8972 0.4212
vn 0.0617 0.8957 0.4404
vn 0.2141 0.8736 0.4370
vn 0.2052 0.8783 0.4319
vn 0.3011 0.0609 0.9517
vn 0.4661 0.1531 0.8714
vn 0.2176 0.9049 0.3659
vn 0.6118 0.1791 0.7704
vn 0.7514 0.1466 0.6433
vn 0.3512 0.8977 0.2662
vn 0.3066 0.8980 0.3156
vn 0.5955 0.1667 0.7859
vn 0.7320 0.1615 0.6618
vn 0.4129 0.0673 0.9083
vn -0.4367 0.0768 -0.8963
vn -0.5906 0.0643 -0.8044
vn -0.5749 0.2248 -0.7868
vn -0.4355 0.2956 -0.8503
vn -0.7436 0.2646 -0.6141
vn -0.7701 0.0926 -0.6312
vn -0.1989 0.4451 -0.8731
vn -0.3114 0.1503 -0.9383
vn 0.2136 -0.0538 0.9755
vn -0.2521 -0.2052 -0.9457
vn -0.3700 -0.2000 -0.9072
vn -0.2190 0.9292 -0.2977
vn -0.1763 0.9221 -0.3444
vn -0.4412 -0.2049 -0.8737
vn -0.4886 -0.2147 -0.8457
vn -0.2987 0.9226 -0.2441
vn -0.2713 0.9270 -0.2588
vn -0.4758 -0.0194 -0.8793
vn -0.5402 -0.0298 -0.8410
vn -0.3957 -0.0559 -0.9167
vn 0.3076 0.5723 0.7602
vn 0.3087 0.5272 0.7917
vn 0.3489 0.6041 0.7164
vn -0.6717 -0.0001 -0.7408
vn 0.4603 0.5864 0.6665
vn -0.8754 -0.0245 -0.4828
vn -0.9999 -0.0079 -0.0067
vn -0.9576 -0.0407 -0.2853
vn 0.8972 0.4325 -0.0897
vn 0.9664 0.2554 -0.0309
vn -0.2340 -0.1061 -0.9664
vn 0.2430 0.5313 0.8116
vn -0.1785 -0.2137 -0.9604
vn -0.1446 -0.2456 -0.9585
vn -0.1480 -0.0690 -0.9866
vn -0.1746 -0.0368 -0.9840
vn -0.1712 -0.0571 -0.9836
vn -0.1496 -0.2445 -0.9580
vn -0.0801 -0.2455 -0.9661
vn -0.0854 -0.0937 -0.9919
vn 0.0065 0.9178 -0.3970
vn 0.0724 0.9114 -0.4052
vn -0.1297 0.9157 -0.3802
vn 0.0066 0.9178 -0.3970
vn 0.1872 0.9177 -0.3503
vn 0.0845 -0.2355 -0.9682
vn 0.1141 -0.1306 -0.9849
vn 0.1043 0.5313 0.8408
vn -0.0549 0.5866 0.8080
vn -0.0176 0.4370 0.8993
vn 0.0738 0.4242 0.9026
vn 0.1748 -0.2505 -0.9522
vn 0.2024 -0.1472 -0.9682
vn 0.2386 -0.2800 -0.9299
vn 0.2829 -0.1264 -0.9508
vn -0.1668 0.4874 0.8571
vn -0.0993 0.4732 0.8753
vn -0.0690 0.6284 0.7748
vn -0.1083 0.6769 0.7281
vn 0.2707 0.9137 -0.3030
vn 0.2997 0.8970 -0.3249
vn 0.3842 0.8677 -0.3152
vn 0.6432 -0.2523 -0.7229
vn 0.3814 -0.2902 -0.8777
vn 0.3182 0.8928 -0.3187
vn 0.4273 -0.1286 -0.8949
vn -0.3074 0.4987 0.8104
vn -0.2229 0.7063 0.6719
vn 0.6358 -0.1147 -0.7633
vn 0.8963 -0.1268 -0.4248
vn 0.9108 -0.0209 -0.4122
vn 0.9979 -0.0269 -0.0588
vn 0.9981 0.0421 -0.0444
vn -0.4409 0.7161 0.5410
vn 0.4313 0.8750 -0.2199
vn 0.4452 0.8890 -0.1074
vn 0.9820 0.0123 0.1883
vn 0.9749 0.0599 0.2143
vn -0.9218 0.3876 0.0099
vn -0.8728 0.4878 0.0138
vn -0.8767 0.4403 -0.1938
vn -0.9278 0.2892 -0.2355
vn 0.9115 0.0696 0.4054
vn 0.4506 0.8927 -0.0028
vn 0.3985 0.9086 0.1252
vn 0.9088 0.0848 0.4086
vn -0.8763 0.1599 -0.4544
vn -0.8527 0.3424 -0.3946
vn 0.8358 0.1016 0.5395
vn 0.8481 0.1054 0.5192
vn -0.8259 0.3064 -0.4734
vn -0.8588 0.1151 -0.4992
vn 0.3705 0.9051 0.2086
vn -0.3673 -0.8903 0.2691
vn -0.9881 0.0324 -0.1500
vn 0.8446 -0.5225 0.1167
vn 0.0200 -0.9985 -0.0506
vn -0.8817 0.4710 0.0286
vn 0.9690 -0.1078 0.2224
vn 0.9138 -0.2993 0.2746
vn 0.9630 -0.2408 0.1210
vn 0.9951 0.0210 0.0963
vn 0.8106 -0.1735 0.5593
vn 0.9718 -0.0074 0.2355
vn 0.9963 0.0261 0.0816
vn 0.9967 0.0324 0.0751
vn 0.9921 0.0745 0.1011
vn 0.9804 0.1156 0.1595
vn 0.5252 0.2593 0.8105
vn 0.6876 0.2886 0.6663
vn 0.7117 0.3019 0.6343
vn 0.5788 0.2641 0.7715
vn 0.6820 -0.1532 0.7151
vn 0.6206 0.1024 0.7774
vn 0.7387 0.0809 0.6691
vn 0.9683 0.0979 0.2297
vn 0.9716 0.0102 -0.2366
vn 0.9846 -0.0729 -0.1586
vn 0.9968 0.0316 0.0735
vn 0.9925 0.0739 0.0974
vn 0.9932 -0.0682 -0.0940
vn 0.9972 -0.0415 -0.0616
vn 0.9875 -0.0380 0.1527
vn 0.9952 0.0194 0.0960
vn 0.9923 0.0107 -0.1236
vn 0.5401 -0.1323 -0.8312
vn 0.7038 -0.1031 -0.7029
vn 0.6879 -0.1080 -0.7177
vn 0.9862 -0.0670 -0.1512
vn 0.8574 -0.0717 -0.5096
vn 0.9883 -0.0968 -0.1181
vn 0.8681 -0.1079 -0.4845
vn 0.3762 0.2136 -0.9016
vn 0.6621 0.1095 -0.7414
vn -0.0452 -0.0570 -0.9974
vn 0.8420 -0.0456 -0.5376
vn 0.8116 -0.0382 -0.5830
vn 0.6100 0.0522 -0.7907
vn 0.9832 -0.0916 -0.1581
vn 0.9029 -0.0883 -0.4206
vn 0.9695 -0.1135 -0.2173
vn 0.9698 -0.0911 -0.2262
vn 0.9531 -0.2437 0.1794
vn 0.9657 -0.1649 0.2004
vn 0.9545 -0.2209 0.2003
vn 0.8865 -0.0318 -0.4617
vn 0.9112 -0.2858 0.2966
vn 0.9020 -0.3233 0.2862
vn 0.8927 -0.2998 0.3364
vn 0.9172 -0.2395 0.3184
vn 0.9477 -0.2560 0.1905
vn 0.9532 -0.2130 0.2145
vn 0.9620 -0.1712 0.2126
vn 0.9392 -0.1817 0.2913
vn 0.8410 -0.2730 0.4670
vn 0.6441 -0.0767 0.7611
vn 0.6873 -0.2121 0.6947
vn 0.8829 -0.2975 0.3632
vn 0.7499 -0.2619 0.6076
vn 0.5293 -0.1902 0.8269
vn 0.5787 -0.2584 0.7735
vn 0.8721 0.0881 0.4813
vn 0.6957 0.0949 0.7120
vn 0.5315 0.1392 0.8356
vn 0.4918 0.1745 0.8530
vn 0.4850 0.2288 0.8441
vn 0.9825 -0.0028 0.1862
vn 0.9636 -0.0089 0.2673
vn 0.9793 0.0891 0.1819
vn 0.9634 0.0932 0.2515
vn 0.9829 -0.0047 0.1841
vn -0.4212 -0.2215 0.8795
vn -0.6461 -0.2344 0.7264
vn -0.6679 -0.3089 0.6771
vn -0.3991 -0.3143 0.8614
vn 0.1504 -0.2928 0.9443
vn -0.7842 -0.2723 0.5576
vn -0.8129 -0.2259 0.5368
vn -0.4954 -0.0345 0.8680
vn -0.7998 -0.0895 0.5936
vn -0.2808 0.1083 -0.9536
vn -0.3505 0.3936 0.8498
vn -0.2304 0.3673 0.9011
vn -0.0948 0.1075 0.9897
vn -0.0462 0.1459 0.9882
vn 0.0133 0.3012 0.9535
vn -0.0498 0.1556 0.9866
vn -0.0675 0.0666 0.9955
vn 0.0277 -0.0061 0.9996
vn -0.1293 0.1320 0.9828
vn -0.2416 0.4062 0.8813
vn -0.1217 0.3403 0.9324
vn -0.1298 0.3568 0.9251
vn -0.0443 0.3654 0.9298
vn -0.9153 0.2826 -0.2868
vn -0.9326 0.3604 -0.0191
vn -0.8952 0.3199 -0.3104
vn -0.9473 0.3197 -0.0212
vn -0.9413 0.1986 -0.2729
vn -0.9875 0.1569 0.0155
vn -0.8302 0.3363 -0.4446
vn -0.8571 0.2166 -0.4674
vn -0.8663 0.2164 -0.4501
vn -0.8420 0.1902 -0.5049
vn -0.7602 0.1535 -0.6313
vn -0.7092 0.2613 -0.6548
vn -0.7948 0.3256 -0.5121
vn -0.7927 0.1995 -0.5761
vn -0.6720 0.1513 -0.7249
vn -0.9994 -0.0056 0.0349
vn -0.9752 0.0057 -0.2215
vn -0.8317 -0.3351 -0.4427
vn -0.7997 -0.3832 -0.4623
vn -0.9192 -0.3190 -0.2307
vn -0.9347 -0.2901 -0.2054
vn -0.8645 -0.2067 -0.4582
vn -0.9645 -0.1645 -0.2067
vn -0.8830 -0.0033 -0.4693
vn 0.1849 -0.0414 0.9819
vn 0.0087 0.0704 0.9975
vn 0.5163 0.2312 0.8246
vn 0.0315 0.0822 0.9961
vn 0.0910 0.1990 0.9758
vn -0.4444 0.1122 0.8888
vn -0.7475 0.0327 0.6635
vn -0.7574 0.0461 0.6513
vn -0.4670 0.1443 0.8724
vn -0.7399 0.0100 0.6726
vn -0.9006 -0.0434 0.4325
vn -0.8988 -0.0437 0.4362
vn -0.7148 -0.0078 0.6993
vn -0.9076 -0.0765 0.4128
vn -0.4532 0.0909 0.8868
vn -0.4491 0.0797 0.8899
vn -0.1046 0.1465 0.9837
vn -0.1045 0.1661 0.9806
vn -0.9749 -0.1182 0.1885
vn -0.9771 -0.0860 0.1944
vn -0.9688 -0.1111 0.2217
vn -0.9669 -0.1983 -0.1608
vn -0.9708 -0.2167 -0.1034
vn -0.9478 -0.2501 -0.1978
vn -0.8993 -0.0171 0.4370
vn -0.8903 0.0062 0.4553
vn -0.7779 0.0572 0.6257
vn -0.8792 0.0776 0.4702
vn -0.7791 0.1272 0.6139
vn -0.4698 0.1808 0.8640
vn -0.8948 -0.2511 -0.3691
vn -0.9558 -0.1842 -0.2292
vn -0.9774 -0.0835 0.1941
vn -0.9788 -0.0278 0.2027
vn -0.9036 -0.2736 -0.3295
vn -0.7708 -0.4056 -0.4914
vn -0.6266 -0.4272 -0.6518
vn -0.6307 -0.3073 -0.7126
vn -0.7692 -0.2971 -0.5657
vn -0.6311 -0.4171 -0.6540
vn -0.4092 -0.4108 -0.8147
vn -0.6358 -0.2585 -0.7272
vn -0.3995 -0.5058 -0.7646
vn 0.6858 -0.0799 -0.7234
vn -0.3208 -0.0435 -0.9461
vn -0.7781 -0.3150 -0.5435
vn 0.1251 -0.0799 -0.9889
vn 0.4361 -0.5474 -0.7143
vn -0.0791 -0.4492 -0.8899
vn -0.2448 -0.3575 -0.9013
vn -0.1031 -0.2132 -0.9715
vn -0.2194 -0.0360 -0.9750
vn -0.3549 0.0813 -0.9314
vn -0.3621 0.1076 -0.9259
vn -0.2762 -0.0953 -0.9564
vn -0.4446 0.1380 -0.8850
vn -0.3994 0.0112 -0.9167
vn -0.4581 0.0864 -0.8847
vn -0.5593 0.1910 -0.8066
vn -0.5369 0.0945 -0.8384
vn -0.5845 0.1068 -0.8043
vn -0.4649 -0.1663 -0.8696
vn -0.3802 -0.3250 -0.8659
vn -0.4893 -0.2813 -0.8255
vn -0.5939 -0.1147 -0.7963
vn -0.3356 -0.2072 -0.9189
vn -0.7605 -0.0488 -0.6475
vn -0.7052 -0.2415 -0.6666
vn -0.4285 -0.3617 -0.8280
vn -0.6523 -0.3643 -0.6647
vn -0.2862 -0.3908 -0.8749
vn -0.1840 -0.4164 -0.8904
vn -0.1711 -0.2529 -0.9522
vn 0.0271 0.4144 0.9097
vn -0.1064 0.0916 0.9901
vn 0.8087 0.5565 0.1905
vn 0.6887 0.5837 0.4301
vn 0.1930 0.5236 0.8298
vn -0.7063 0.6186 0.3441
vn 0.2289 0.4386 0.8691
vn 0.0406 0.4395 0.8973
vn -0.0155 0.4482 0.8938
vn 0.2670 0.4530 0.8506
vn 0.0915 0.4420 0.8923
vn 0.1850 0.4703 0.8629
vn 0.2783 0.2458 0.9285
vn -0.0303 0.1147 0.9929
vn -0.0644 0.1763 0.9822
vn 0.1405 0.2366 0.9614
vn 0.1390 0.1555 0.9780
vn 0.1843 -0.0281 0.9825
vn -0.0546 -0.1319 0.9897
vn -0.1054 -0.1158 0.9877
vn 0.0145 -0.0674 0.9976
vn 0.0949 -0.1546 0.9834
vn -0.0434 -0.1391 0.9893
vn -0.1033 -0.1605 0.9816
vn -0.0220 -0.0847 0.9962
vn -0.0041 -0.1734 0.9848
vn 0.1893 -0.2500 0.9496
vn 0.0339 0.0320 0.9989
vn -0.0109 -0.0609 0.9981
vn -0.3205 0.2329 0.9182
vn 0.0552 -0.0018 0.9985
vn 0.4376 -0.1841 0.8801
vn -0.4350 0.5254 0.7312
vn 0.0709 0.2985 0.9518
vn 0.0412 0.3653 0.9300
vn -0.0971 0.4968 0.8624
vn 0.2795 0.5028 0.8180
vn -0.3463 0.3855 0.8553
vn -0.0104 0.5183 0.8551
vn -0.2611 0.5488 0.7941
vn -0.3482 0.4836 0.8030
vn -0.3097 0.1360 0.9410
vn 0.1142 0.1699 0.9788
vn -0.3284 0.1175 0.9372
vn -0.3239 0.0207 0.9459
vn 0.3437 -0.0528 0.9376
vn -0.3606 -0.0972 0.9276
vn -0.1554 -0.1472 0.9768
vn -0.2019 -0.2985 0.9328
vn -0.6000 -0.1470 0.7864
vn 0.0876 -0.2560 0.9627
vn -0.1517 -0.3688 0.9170
vn 0.5005 -0.0983 0.8602
vn 0.6159 -0.2139 0.7582
vn -0.7850 0.0885 0.6131
vn 0.3407 -0.3678 0.8653
vn -0.1266 -0.3657 0.9221
vn 0.3553 -0.4658 0.8104
vn 0.3778 -0.7640 0.5231
vn 0.1214 0.5472 0.8282
vn -0.2276 0.2426 0.9430
vn -0.0302 0.1519 0.9879
vn -0.2438 0.0181 0.9696
vn 0.0044 -0.0537 0.9985
vn -0.0056 -0.1093 0.9940
vn 0.1823 -0.1176 0.9762
vn 0.0299 0.0800 0.9963
vn -0.2614 0.0124 0.9652
vn 0.0374 0.0255 0.9990
vn 0.1566 0.0672 0.9854
vn 0.0219 0.2272 0.9736
vn 0.0950 0.1527 0.9837
vn 0.0289 0.1114 0.9934
vn -0.1660 0.0214 0.9859
vn -0.3803 0.0026 0.9249
vn -0.4207 -0.1522 0.8944
vn -0.6929 -0.0956 0.7147
vn -0.5930 -0.1947 0.7813
vn -0.5179 -0.0717 0.8524
vn -0.8364 -0.0866 0.5412
vn -0.4817 0.0059 0.8763
vn -0.9018 -0.1447 0.4072
vn -0.7983 -0.0031 0.6022
vn -0.8690 -0.0943 0.4858
vn -0.4711 0.0726 0.8791
vn -0.7389 0.0742 0.6697
vn -0.5607 -0.0200 0.8278
vn -0.7794 -0.0719 0.6224
vn -0.6052 -0.2352 0.7605
vn -0.7840 -0.2685 0.5597
vn -0.8060 -0.2182 0.5502
vn -0.8593 -0.1616 0.4852
vn -0.7462 -0.2813 0.6033
vn -0.8160 -0.3916 0.4251
vn -0.8528 -0.0437 0.5205
vn -0.7766 -0.0203 0.6297
vn -0.7804 -0.0029 0.6252
vn -0.9706 -0.1272 -0.2042
vn -0.9350 -0.1269 -0.3311
vn -0.8545 -0.0865 0.5123
vn -0.9935 -0.1137 0.0056
vn -0.9868 -0.1592 0.0281
vn -0.8507 -0.1150 0.5130
vn -0.9342 -0.1499 -0.3237
vn -0.9861 -0.1424 0.0854
vn -0.8329 -0.0589 0.5503
vn -0.8733 0.0527 0.4843
vn -0.9605 -0.0845 0.2650
vn -0.9045 -0.4255 -0.0303
vn -0.1158 0.2144 0.9699
vn 0.5045 -0.0810 0.8596
vn -0.6057 -0.2074 0.7682
vn -0.4341 -0.1403 0.8899
vn 0.0815 -0.2091 0.9745
vn -0.8730 -0.2001 0.4448
vn -0.8116 -0.0123 0.5841
vn -0.6832 0.1588 0.7127
vn -0.5051 0.3482 0.7897
vn -0.9711 -0.2380 0.0154
vn -0.9950 -0.0919 -0.0391
vn -0.9906 -0.1358 0.0159
vn -0.9914 -0.1242 0.0414
vn -0.9583 0.2373 0.1589
vn -0.9664 0.0605 0.2498
vn -0.7937 -0.0665 0.6047
vn -0.7487 0.0903 0.6568
vn -0.9060 0.3190 0.2782
vn -0.9579 0.1606 0.2382
vn -0.9070 0.3929 0.1516
vn -0.6313 0.3150 0.7087
vn -0.9536 0.2857 0.0952
vn -0.8785 0.4243 0.2197
vn -0.8262 -0.1550 0.5416
vn -0.9903 -0.0503 0.1296
vn -0.9438 -0.1836 -0.2748
vn -0.2386 -0.8047 -0.5436
vn -0.9813 -0.1052 -0.1611
vn -0.9907 0.0565 -0.1235
vn -0.9794 0.1289 -0.1558
vn -0.9913 0.0169 -0.1307
vn -0.9003 -0.4305 -0.0635
vn -0.9649 -0.2622 -0.0183
vn -0.9900 0.0075 -0.1411
vn -0.9879 -0.1320 0.0813
vn -0.9482 -0.2700 0.1675
vn -0.9824 -0.1820 -0.0428
vn -0.9044 -0.2562 0.3413
vn -0.8889 -0.4491 0.0900
vn -0.9273 -0.3428 0.1503
vn -0.9255 -0.3396 0.1680
vn -0.9748 -0.2076 0.0820
vn -0.9620 -0.0010 0.2731
vn -0.9503 -0.1831 0.2517
vn -0.9761 -0.1465 -0.1605
vn -0.9959 -0.0897 -0.0120
vn -0.9550 0.2640 -0.1353
vn -0.9038 -0.2571 -0.3422
vn 0.5913 -0.4797 -0.6483
vn -0.5772 -0.7996 0.1659
vn -0.7260 -0.6843 0.0680
vn 0.2748 -0.9202 -0.2789
vn -0.9578 0.0076 -0.2875
vn 0.1476 -0.9384 -0.3124
vn -0.7175 -0.5364 0.4442
vn 0.4965 -0.4643 -0.7334
vn -0.6531 -0.7477 0.1205
vn 0.5516 -0.2733 -0.7881
vn -0.4498 -0.8575 0.2499
vn -0.2932 -0.8426 0.4518
vn 0.5432 0.0542 -0.8378
vn 0.0826 -0.8611 -0.5016
vn -0.1390 -0.7047 -0.6958
vn -0.0752 -0.5117 -0.8559
vn 0.2067 -0.8169 0.5385
vn -0.0073 -0.8252 0.5648
vn 0.1683 -0.4492 -0.8775
vn -0.1888 -0.8450 0.5003
vn 0.3976 -0.1215 -0.9095
vn 0.5360 -0.6783 0.5025
vn 0.9919 0.1255 0.0173
vn 0.9787 0.2050 0.0074
vn 0.9957 0.0658 -0.0652
vn 0.9881 0.0331 -0.1503
vn 0.9726 0.1461 -0.1810
vn 0.9718 0.1817 0.1500
vn 0.9529 0.0050 -0.3033
vn 0.9085 0.2473 0.3370
vn 0.4614 0.1079 -0.8806
vn -0.1871 0.9415 -0.2804
vn 0.0680 0.9850 -0.1587
vn 0.9760 0.2177 -0.0023
vn 0.7397 -0.0814 0.6680
vn -0.4227 0.3003 0.8551
vn -0.2956 0.3364 0.8941
vn 0.1399 0.2712 0.9523
vn 0.1144 0.3273 0.9380
vn -0.4337 0.3282 0.8392
vn -0.3176 0.3432 0.8839
vn -0.4415 0.2855 0.8507
vn -0.3144 0.3124 0.8964
vn -0.4355 0.2629 0.8609
vn 0.8446 0.2934 0.4478
vn 0.3405 -0.0744 0.9373
vn 0.1267 0.1586 0.9792
vn 0.5496 -0.1479 0.8223
vn 0.4613 0.2608 0.8480
vn 0.5445 0.0873 0.8342
vn 0.7028 -0.0995 0.7044
vn 0.7307 0.0842 0.6775
vn 0.9586 0.1765 0.2235
vn 0.8960 -0.1341 0.4233
vn 0.9386 0.0900 0.3332
vn 0.9933 0.0924 -0.0694
vn 0.9966 0.0714 -0.0411
vn 0.6999 -0.2213 -0.6791
vn 0.9853 -0.1282 0.1130
vn 0.9735 0.2271 0.0268
vn 0.7321 0.0235 -0.6808
vn 0.9778 0.1635 0.1310
vn 0.6359 0.2123 0.7420
vn 0.9946 -0.0844 0.0607
vn 0.7984 0.2008 0.5676
vn 0.7991 0.2363 0.5529
vn 0.8010 0.3250 0.5028
vn 0.9732 0.2291 -0.0168
vn 0.8016 0.3840 0.4582
vn 0.9220 0.3364 0.1919
vn 0.9018 0.1664 0.3989
vn 0.9889 0.1485 -0.0107
vn 0.9910 0.1061 -0.0813
vn 0.9978 0.0666 -0.0019
vn -0.0872 0.3158 -0.9448
vn -0.0882 0.1937 -0.9771
vn -0.9949 0.0577 0.0830
vn -0.9110 0.1308 -0.3912
vn -0.7844 0.3234 -0.5294
vn -0.5806 0.4413 -0.6842
vn -0.3683 0.4031 -0.8378
vn -0.6326 0.1843 -0.7522
vn -0.8009 -0.0630 -0.5954
vn -0.6639 0.0031 -0.7478
vn -0.7903 0.0620 -0.6096
vn -0.5056 -0.0069 -0.8628
vn -0.6651 0.0100 -0.7467
vn -0.5102 0.0047 -0.8601
vn -0.7270 0.1117 -0.6775
vn -0.6318 0.0366 -0.7743
vn -0.6751 0.0122 -0.7376
vn -0.3408 -0.0652 -0.9379
vn -0.9759 -0.0534 -0.2116
vn -0.9197 -0.1518 -0.3622
vn -0.8694 -0.1297 0.4768
vn -0.8292 -0.0334 0.5580
vn -0.9681 0.1009 -0.2292
vn -0.9221 -0.3265 0.2075
vn -0.8484 -0.2903 -0.4427
vn -0.9620 -0.1035 0.2525
vn -0.5519 -0.1317 -0.8235
vn -0.6607 0.0605 -0.7482
vn -0.7917 0.0906 -0.6042
vn -0.5435 -0.2106 -0.8126
vn -0.5269 -0.1876 -0.8289
vn -0.7462 -0.0259 -0.6652
vn -0.0887 -0.6691 -0.7379
vn 0.1268 -0.5305 -0.8381
vn 0.1088 -0.6378 -0.7625
vn 0.4944 0.6485 -0.5789
vn 0.2697 0.8940 0.3578
vn -0.1365 0.6226 0.7706
vn -0.4088 0.6075 0.6810
vn -0.0046 -0.5912 -0.8065
vn 0.0408 -0.5571 -0.8294
vn -0.0532 -0.9346 -0.3516
vn -0.6370 -0.1587 0.7543
vn 0.0569 -0.7581 -0.6496
vn -0.3015 -0.4121 0.8598
vn 0.0475 -0.7745 -0.6308
vn 0.1590 -0.4592 -0.8740
vn 0.2798 -0.5416 -0.7927
vn 0.1265 -0.8013 -0.5847
vn 0.2006 -0.5820 -0.7881
vn 0.0935 -0.5263 -0.8452
vn 0.6182 -0.7177 -0.3205
vn -0.7590 0.1996 -0.6198
vn -0.2513 -0.2940 -0.9222
vn -0.0458 -0.5236 -0.8507
vn 0.3594 -0.0164 -0.9330
vn 0.5843 -0.3317 -0.7407
vn 0.7189 -0.3467 -0.6025
vn -0.4027 -0.0811 0.9118
vn -0.6207 0.1363 0.7721
vn -0.5527 0.2592 0.7921
vn -0.7660 0.1484 0.6255
vn -0.3262 0.1432 0.9344
vn -0.3349 0.1831 0.9243
vn -0.5092 0.0520 0.8591
vn -0.3210 -0.0475 0.9459
vn -0.8168 -0.1647 0.5529
vn -0.7936 -0.0170 0.6082
vn -0.8289 0.0924 0.5517
vn -0.6241 0.0781 0.7774
vn -0.7777 -0.2824 0.5616
vn -0.3827 -0.6961 0.6074
vn -0.7607 0.1166 0.6385
vn -0.9637 0.1325 -0.2318
vn -0.6153 0.0489 -0.7868
vn -0.5174 0.0546 -0.8540
vn 0.7749 -0.2093 0.5964
vn 0.6228 -0.4663 0.6282
vn 0.2885 -0.3330 0.8977
vn 0.7035 0.0452 0.7092
vn 0.7174 -0.0155 0.6965
vn 0.7897 -0.2010 0.5797
vn 0.7733 -0.1311 0.6204
vn 0.7083 -0.0058 0.7059
vn 0.5031 -0.2422 0.8296
vn 0.5327 -0.2729 0.8011
vn 0.5599 -0.2924 0.7753
vn 0.6831 -0.2773 0.6756
vn 0.6115 -0.4541 0.6480
vn 0.6859 -0.3438 0.6414
vn -0.1088 0.5139 0.8509
vn 0.0222 0.5344 0.8450
vn 0.1106 0.8725 0.4759
vn -0.0397 0.8918 0.4506
vn -0.2957 0.8818 0.3675
vn -0.4860 0.4350 0.7580
vn -0.0355 0.6850 0.7277
vn -0.0056 0.4677 0.8839
vn -0.7602 0.3249 0.5627
vn -0.4849 0.8334 0.2654
vn -0.5521 0.8122 0.1883
vn -0.8845 0.2746 0.3772
vn -0.9808 0.1924 -0.0327
vn -0.9212 0.2980 0.2500
vn -0.6440 0.7599 0.0886
vn -0.8241 0.5288 -0.2031
vn -0.9965 0.0042 0.0840
vn -0.9462 0.0637 0.3172
vn -0.8885 0.0106 0.4587
vn -0.9038 0.0703 0.4222
vn -0.7888 0.1146 0.6038
vn -0.2629 0.5575 0.7875
vn -0.0544 0.1213 0.9911
vn -0.4062 0.4322 0.8051
vn -0.1949 0.1145 0.9741
vn -0.5881 0.2883 0.7557
vn -0.3785 -0.0324 0.9251
vn -0.7670 0.2048 0.6081
vn -0.5165 -0.2369 0.8229
vn 0.1407 -0.5758 -0.8054
vn 0.0624 -0.9023 -0.4266
vn 0.3791 -0.5478 -0.7458
vn 0.2073 -0.4298 -0.8788
vn 0.6977 -0.3074 -0.6471
vn -0.5197 -0.3251 -0.7901
vn 0.7056 -0.3081 -0.6382
vn 0.4797 -0.6846 -0.5489
vn 0.7419 -0.2782 -0.6101
vn 0.4808 -0.8210 -0.3080
vn 0.5473 -0.6657 -0.5073
vn 0.4864 -0.4149 -0.7690
vn 0.5572 -0.8172 -0.1474
vn 0.6983 -0.7155 -0.0210
vn 0.6586 -0.6870 -0.3071
vn 0.6142 -0.6968 -0.3703
vn 0.5869 -0.7167 -0.3767
vn 0.6091 -0.6773 -0.4127
vn 0.6725 -0.6196 -0.4048
vn 0.6731 -0.6805 -0.2895
vn -0.0110 -0.8918 -0.4523
vn 0.0495 -0.9013 -0.4305
vn 0.1315 -0.5737 -0.8085
vn 0.0529 -0.5771 -0.8150
vn 0.1878 -0.4320 -0.8821
vn 0.3509 -0.5505 -0.7575
vn 0.7058 -0.3092 -0.6374
vn 0.6911 -0.3102 -0.6528
vn 0.9196 -0.1076 -0.3779
vn 0.9123 -0.1069 -0.3953
vn 0.8971 -0.0390 -0.4401
vn 0.4664 -0.5451 -0.6966
vn 0.6027 -0.6932 -0.3952
vn 0.4714 -0.4387 -0.7650
vn 0.1483 0.1755 -0.9732
vn 0.5816 -0.7109 -0.3954
vn 0.5481 -0.3716 -0.7494
vn 0.6090 -0.6753 -0.4160
vn 0.6997 -0.3448 -0.6257
vn 0.6722 -0.6192 -0.4058
vn 0.9264 -0.0696 -0.3701
vn 0.9232 -0.0922 -0.3731
vt 0.194400 0.046500
vt 0.205500 0.064200
vt 0.204900 0.050400
vt 0.213400 0.056700
vt 0.220800 0.036800
vt 0.211500 0.054600
vt 0.305800 0.055300
vt 0.308700 0.071800
vt 0.335500 0.043400
vt 0.304700 0.052500
vt 0.324100 0.027400
vt 0.305100 0.031400
vt 0.250500 0.068200
vt 0.278800 0.066200
vt 0.264700 0.035800
vt 0.241200 0.087900
vt 0.239700 0.064800
vt 0.276100 0.080600
vt 0.287400 0.075300
vt 0.338500 0.026600
vt 0.338200 0.011400
vt 0.379500 0.043200
vt 0.386600 0.052900
vt 0.380200 0.041400
vt 0.453400 0.034000
vt 0.433200 0.020900
vt 0.434100 0.029800
vt 0.448600 0.044900
vt 0.434000 0.031600
vt 0.432700 0.045600
vt 0.395900 0.050900
vt 0.393400 0.034300
vt 0.387100 0.037900
vt 0.412500 0.048000
vt 0.416900 0.027500
vt 0.399900 0.030700
vt 0.413600 0.020000
vt 0.420500 0.021400
vt 0.458800 0.052600
vt 0.457700 0.043500
vt 0.379000 0.057400
vt 0.381200 0.061700
vt 0.206900 0.032500
vt 0.208200 0.011700
vt 0.239400 0.012900
vt 0.238900 0.036700
vt 0.227800 0.061000
vt 0.391300 0.020100
vt 0.676400 0.128500
vt 0.676800 0.140700
vt 0.683100 0.143500
vt 0.683900 0.128500
vt 0.688400 0.120000
vt 0.976200 0.436600
vt 0.967900 0.434400
vt 0.976800 0.444500
vt 0.984200 0.433400
vt 0.973400 0.484500
vt 0.969100 0.484100
vt 0.974800 0.498200
vt 0.967300 0.499300
vt 0.973900 0.511100
vt 0.987100 0.483900
vt 0.986800 0.497800
vt 0.991400 0.483300
vt 0.988400 0.510600
vt 0.994300 0.498300
vt 0.997600 0.485300
vt 0.963000 0.486600
vt 0.899500 0.130500
vt 0.903900 0.131100
vt 0.899500 0.129500
vt 0.897700 0.129800
vt 0.899100 0.108200
vt 0.907100 0.108500
vt 0.904300 0.106700
vt 0.907300 0.130900
vt 0.907000 0.129200
vt 0.898600 0.131900
vt 0.900000 0.106900
vt 0.907600 0.107100
vt 0.692400 0.023500
vt 0.690900 0.026000
vt 0.693900 0.024900
vt 0.705900 0.026200
vt 0.706100 0.023300
vt 0.700800 0.023400
vt 0.767200 0.050400
vt 0.764100 0.052900
vt 0.769200 0.053200
vt 0.693200 0.052300
vt 0.690900 0.052900
vt 0.693600 0.053300
vt 0.768700 0.023400
vt 0.764000 0.023200
vt 0.766700 0.026700
vt 0.702200 0.054200
vt 0.706700 0.054000
vt 0.705600 0.051700
vt 0.692100 0.054900
vt 0.693700 0.026400
vt 0.882100 0.053900
vt 0.883300 0.050300
vt 0.880500 0.052500
vt 0.868200 0.050900
vt 0.867200 0.055400
vt 0.873400 0.053900
vt 0.802700 0.029900
vt 0.806100 0.027500
vt 0.801500 0.027600
vt 0.879300 0.024800
vt 0.881300 0.024100
vt 0.878800 0.023300
vt 0.804700 0.056500
vt 0.808000 0.056400
vt 0.805100 0.054100
vt 0.870400 0.022000
vt 0.865900 0.022100
vt 0.866800 0.024800
vt 0.880400 0.022300
vt 0.880500 0.049900
vt 0.493300 0.026800
vt 0.491900 0.028900
vt 0.494700 0.028100
vt 0.505500 0.029800
vt 0.505800 0.027100
vt 0.501000 0.027000
vt 0.560400 0.054300
vt 0.557500 0.056500
vt 0.562200 0.057000
vt 0.492900 0.053000
vt 0.490800 0.053500
vt 0.493200 0.054000
vt 0.562900 0.029800
vt 0.558600 0.029400
vt 0.560900 0.032600
vt 0.501100 0.055100
vt 0.505100 0.055100
vt 0.504200 0.053000
vt 0.491800 0.055300
vt 0.494400 0.029400
vt 0.982600 0.055200
vt 0.983900 0.051600
vt 0.981100 0.053800
vt 0.968800 0.052300
vt 0.967800 0.056700
vt 0.974000 0.055300
vt 0.903300 0.031200
vt 0.906700 0.028900
vt 0.902100 0.029000
vt 0.979900 0.026100
vt 0.981900 0.025500
vt 0.979400 0.024700
vt 0.905300 0.057800
vt 0.908600 0.057700
vt 0.905700 0.055400
vt 0.971000 0.023400
vt 0.966500 0.023400
vt 0.967400 0.026100
vt 0.981000 0.023600
vt 0.981000 0.051200
vt 0.671100 0.054700
vt 0.672200 0.051400
vt 0.669700 0.053400
vt 0.658400 0.052000
vt 0.657500 0.056100
vt 0.663200 0.054700
vt 0.598700 0.032800
vt 0.601800 0.030700
vt 0.597600 0.030700
vt 0.668600 0.028200
vt 0.670400 0.027600
vt 0.668100 0.026800
vt 0.600500 0.057100
vt 0.603500 0.057000
vt 0.600800 0.054900
vt 0.660500 0.025600
vt 0.656400 0.025700
vt 0.657200 0.028100
vt 0.669600 0.025800
vt 0.669600 0.051000
vt 0.792100 0.131200
vt 0.796800 0.131800
vt 0.792000 0.130100
vt 0.790100 0.130400
vt 0.791500 0.107000
vt 0.800200 0.107400
vt 0.797200 0.105400
vt 0.800400 0.131600
vt 0.800100 0.129800
vt 0.791000 0.132700
vt 0.792500 0.105700
vt 0.800800 0.105900
vt 0.586200 0.154200
vt 0.596100 0.159700
vt 0.599400 0.154900
vt 0.590700 0.165300
vt 0.564300 0.157100
vt 0.567200 0.177200
vt 0.582800 0.171000
vt 0.538300 0.178400
vt 0.553700 0.179800
vt 0.544500 0.158300
vt 0.516600 0.145400
vt 0.490200 0.140000
vt 0.501400 0.158300
vt 0.524000 0.159300
vt 0.514600 0.167900
vt 0.525100 0.173900
vt 0.591100 0.139400
vt 0.607200 0.139900
vt 0.609000 0.128700
vt 0.585800 0.119300
vt 0.608900 0.116100
vt 0.608900 0.110800
vt 0.759300 0.164100
vt 0.755700 0.164300
vt 0.756600 0.171400
vt 0.751900 0.165700
vt 0.746900 0.168600
vt 0.739500 0.174600
vt 0.748700 0.182000
vt 0.740600 0.193600
vt 0.734200 0.180500
vt 0.730300 0.188500
vt 0.728100 0.212300
vt 0.733400 0.223600
vt 0.739500 0.209400
vt 0.728200 0.196000
vt 0.727400 0.202800
vt 0.735000 0.201100
vt 0.775700 0.165600
vt 0.769300 0.163300
vt 0.766300 0.172600
vt 0.488600 0.124200
vt 0.493100 0.115700
vt 0.487000 0.124000
vt 0.610500 0.116200
vt 0.408900 0.183900
vt 0.377800 0.186500
vt 0.391200 0.201700
vt 0.402600 0.210800
vt 0.417800 0.218500
vt 0.409500 0.103400
vt 0.439700 0.105900
vt 0.420800 0.090700
vt 0.406400 0.100200
vt 0.449600 0.076500
vt 0.440600 0.075200
vt 0.423400 0.074800
vt 0.408500 0.148700
vt 0.368600 0.140200
vt 0.369500 0.166800
vt 0.388000 0.127600
vt 0.384400 0.125300
vt 0.372400 0.120600
vt 0.401100 0.116100
vt 0.441700 0.143200
vt 0.798800 0.228900
vt 0.807900 0.228400
vt 0.798900 0.217500
vt 0.792400 0.228300
vt 0.785100 0.226400
vt 0.831800 0.193000
vt 0.833800 0.194200
vt 0.835700 0.186300
vt 0.826800 0.180800
vt 0.839900 0.176100
vt 0.838400 0.172700
vt 0.842100 0.183100
vt 0.816900 0.225300
vt 0.826000 0.217500
vt 0.814000 0.204000
vt 0.825500 0.207100
vt 0.827500 0.207800
vt 0.831300 0.211300
vt 0.057400 0.780300
vt 0.074300 0.803600
vt 0.074600 0.775400
vt 0.093792 0.788142
vt 0.093359 0.771108
vt 0.057300 0.747100
vt 0.215379 0.673635
vt 0.236000 0.633700
vt 0.212900 0.628800
vt 0.321000 0.550300
vt 0.289300 0.539100
vt 0.319500 0.577100
vt 0.062000 0.622100
vt 0.066000 0.643900
vt 0.075200 0.605300
vt 0.053200 0.652200
vt 0.056500 0.674700
vt 0.443925 0.658047
vt 0.459900 0.634800
vt 0.445500 0.630700
vt 0.422042 0.679215
vt 0.422398 0.651560
vt 0.443001 0.684307
vt 0.454353 0.660364
vt 0.467700 0.610000
vt 0.470700 0.636200
vt 0.354500 0.535600
vt 0.321100 0.526600
vt 0.353600 0.559300
vt 0.380400 0.540300
vt 0.376600 0.564700
vt 0.424300 0.575100
vt 0.396800 0.574900
vt 0.415800 0.604600
vt 0.400500 0.598400
vt 0.402400 0.619600
vt 0.423400 0.630100
vt 0.379500 0.626000
vt 0.380300 0.612100
vt 0.356700 0.610100
vt 0.377400 0.588000
vt 0.355300 0.582900
vt 0.423300 0.552900
vt 0.399900 0.548500
vt 0.400600 0.525100
vt 0.445200 0.580100
vt 0.467800 0.564100
vt 0.445600 0.558200
vt 0.490400 0.962800
vt 0.515200 0.941800
vt 0.497400 0.937700
vt 0.095000 0.963900
vt 0.105700 0.927400
vt 0.093100 0.927400
vt 0.199800 0.923100
vt 0.183000 0.922200
vt 0.193700 0.963500
vt 0.139800 0.961600
vt 0.155000 0.921900
vt 0.142300 0.922500
vt 0.655000 0.200600
vt 0.651100 0.163800
vt 0.642100 0.164300
vt 0.665900 0.164800
vt 0.660000 0.163700
vt 0.672000 0.165600
vt 0.678100 0.166900
vt 0.684100 0.169200
vt 0.689500 0.172700
vt 0.694000 0.177400
vt 0.698900 0.185400
vt 0.702500 0.206300
vt 0.702600 0.199800
vt 0.701900 0.193700
vt 0.701600 0.212000
vt 0.700100 0.216600
vt 0.697300 0.221900
vt 0.683700 0.231300
vt 0.693100 0.225800
vt 0.635900 0.165100
vt 0.630000 0.167300
vt 0.624000 0.169600
vt 0.618600 0.172900
vt 0.663800 0.236800
vt 0.669500 0.235800
vt 0.658000 0.237400
vt 0.652600 0.237400
vt 0.676500 0.233900
vt 0.643900 0.236700
vt 0.637100 0.235200
vt 0.630200 0.233100
vt 0.623200 0.230300
vt 0.616200 0.226400
vt 0.610000 0.220200
vt 0.606100 0.211700
vt 0.605300 0.202600
vt 0.606100 0.192800
vt 0.609200 0.184800
vt 0.614100 0.177300
vt 0.945698 0.699970
vt 0.960500 0.683900
vt 0.947600 0.675200
vt 0.943894 0.772094
vt 0.958900 0.742100
vt 0.944316 0.736406
vt 0.943400 0.626200
vt 0.923863 0.638861
vt 0.937900 0.644400
vt 0.629650 0.788801
vt 0.642762 0.812919
vt 0.642857 0.785746
vt 0.614916 0.763293
vt 0.634563 0.756226
vt 0.582242 0.889471
vt 0.569848 0.855264
vt 0.567900 0.890700
vt 0.556395 0.806171
vt 0.571215 0.829635
vt 0.572882 0.802437
vt 0.541200 0.808500
vt 0.555700 0.832032
vt 0.541500 0.781700
vt 0.556974 0.777319
vt 0.577880 0.768624
vt 0.591429 0.799977
vt 0.596978 0.766358
vt 0.612842 0.792724
vt 0.927631 0.860411
vt 0.945681 0.837246
vt 0.927225 0.830858
vt 0.526800 0.809400
vt 0.526800 0.782500
vt 0.730300 0.582000
vt 0.730300 0.556700
vt 0.707200 0.583900
vt 0.832086 0.697437
vt 0.851326 0.733178
vt 0.854590 0.699947
vt 0.595439 0.739924
vt 0.605468 0.736366
vt 0.594147 0.705761
vt 0.632111 0.726026
vt 0.631502 0.691608
vt 0.620933 0.697509
vt 0.618080 0.728928
vt 0.642548 0.739502
vt 0.643030 0.723518
vt 0.541100 0.750900
vt 0.556821 0.747828
vt 0.556908 0.714313
vt 0.567882 0.745938
vt 0.565578 0.712081
vt 0.623600 0.566800
vt 0.648400 0.586400
vt 0.645900 0.560500
vt 0.544700 0.489500
vt 0.570500 0.511000
vt 0.570300 0.484400
vt 0.510000 0.462700
vt 0.511600 0.494700
vt 0.597600 0.551400
vt 0.620700 0.545200
vt 0.643300 0.538800
vt 0.572400 0.535400
vt 0.574800 0.557500
vt 0.526800 0.752200
vt 0.954900 0.612000
vt 0.936200 0.614800
vt 0.964700 0.628600
vt 0.954600 0.638500
vt 0.045300 0.620000
vt 0.054600 0.605400
vt 0.050000 0.601300
vt 0.052600 0.288900
vt 0.052600 0.302900
vt 0.057300 0.305000
vt 0.888600 0.391700
vt 0.896200 0.391600
vt 0.894100 0.368300
vt 0.856800 0.499800
vt 0.877900 0.519200
vt 0.877900 0.495300
vt 0.824900 0.383300
vt 0.840800 0.385400
vt 0.833200 0.359300
vt 0.824700 0.480800
vt 0.814500 0.476900
vt 0.816200 0.493400
vt 0.782000 0.658944
vt 0.773315 0.695715
vt 0.784035 0.694986
vt 0.898600 0.620400
vt 0.927900 0.600100
vt 0.901600 0.596300
vt 0.885202 0.639562
vt 0.872074 0.636301
vt 0.876559 0.673564
vt 0.893383 0.646331
vt 0.911000 0.627300
vt 0.888285 0.635701
vt 0.855300 0.626100
vt 0.874600 0.629800
vt 0.908262 0.824764
vt 0.882784 0.815892
vt 0.879562 0.828262
vt 0.864067 0.834664
vt 0.872638 0.839769
vt 0.872453 0.830556
vt 0.871138 0.815566
vt 0.789600 0.340200
vt 0.794500 0.338800
vt 0.798400 0.308100
vt 0.764700 0.313900
vt 0.770300 0.343200
vt 0.787200 0.341100
vt 0.779500 0.431300
vt 0.782200 0.409300
vt 0.779600 0.410500
vt 0.726300 0.511700
vt 0.758700 0.503900
vt 0.757900 0.493400
vt 0.761100 0.478900
vt 0.756400 0.481300
vt 0.762500 0.479200
vt 0.011200 0.819100
vt 0.019300 0.817000
vt 0.011200 0.787200
vt 0.039200 0.928500
vt 0.030200 0.930000
vt 0.033800 0.938900
vt 0.195676 0.884510
vt 0.183900 0.917700
vt 0.198900 0.916200
vt 0.140083 0.886141
vt 0.142000 0.917100
vt 0.153500 0.917200
vt 0.265500 0.388600
vt 0.283400 0.369500
vt 0.266800 0.364700
vt 0.270526 0.636097
vt 0.261800 0.605800
vt 0.261000 0.635200
vt 0.261984 0.892253
vt 0.251800 0.921200
vt 0.265600 0.921500
vt 0.363667 0.820244
vt 0.364696 0.835807
vt 0.378332 0.819178
vt 0.389267 0.808830
vt 0.405040 0.819132
vt 0.404127 0.795117
vt 0.376000 0.768231
vt 0.362897 0.763766
vt 0.361922 0.781353
vt 0.466300 0.795600
vt 0.484100 0.795400
vt 0.487200 0.765900
vt 0.503300 0.767000
vt 0.502300 0.798000
vt 0.445001 0.788684
vt 0.451924 0.820912
vt 0.483800 0.825000
vt 0.467000 0.824700
vt 0.466100 0.761000
vt 0.424012 0.815942
vt 0.424336 0.795538
vt 0.449542 0.854739
vt 0.421662 0.833448
vt 0.437055 0.851635
vt 0.427338 0.870413
vt 0.408899 0.885875
vt 0.407126 0.869563
vt 0.386244 0.893311
vt 0.409642 0.896950
vt 0.332410 0.783127
vt 0.332191 0.761628
vt 0.296922 0.755789
vt 0.298377 0.741970
vt 0.296770 0.714272
vt 0.275546 0.714747
vt 0.124946 0.795089
vt 0.111501 0.788956
vt 0.111799 0.797525
vt 0.126905 0.649751
vt 0.143984 0.647047
vt 0.131600 0.617900
vt 0.127684 0.827013
vt 0.114565 0.831223
vt 0.115233 0.857701
vt 0.138654 0.839278
vt 0.139033 0.850810
vt 0.162137 0.846432
vt 0.141386 0.679754
vt 0.137652 0.723495
vt 0.160343 0.715190
vt 0.175363 0.749101
vt 0.159471 0.754075
vt 0.191978 0.745402
vt 0.192708 0.710036
vt 0.175082 0.712772
vt 0.159021 0.681850
vt 0.174686 0.674455
vt 0.155900 0.612200
vt 0.157000 0.635900
vt 0.174200 0.631000
vt 0.185200 0.608500
vt 0.189500 0.630600
vt 0.190586 0.779326
vt 0.245078 0.788313
vt 0.249000 0.790245
vt 0.250866 0.751963
vt 0.219235 0.847133
vt 0.238807 0.857807
vt 0.236960 0.839920
vt 0.235767 0.836619
vt 0.256575 0.790114
vt 0.255605 0.825841
vt 0.244964 0.824644
vt 0.261277 0.868952
vt 0.279752 0.879095
vt 0.261490 0.855780
vt 0.258186 0.858177
vt 0.258184 0.753427
vt 0.259697 0.789316
vt 0.230500 0.359700
vt 0.229400 0.335000
vt 0.227700 0.359800
vt 0.253800 0.458300
vt 0.263300 0.475400
vt 0.265000 0.461500
vt 0.251900 0.458400
vt 0.262300 0.485600
vt 0.290000 0.493500
vt 0.234000 0.408800
vt 0.231400 0.433200
vt 0.241000 0.435500
vt 0.251800 0.436800
vt 0.243900 0.435700
vt 0.296800 0.396900
vt 0.298800 0.371400
vt 0.316132 0.835616
vt 0.334476 0.829923
vt 0.333046 0.801409
vt 0.302957 0.826880
vt 0.305357 0.855632
vt 0.589210 0.654535
vt 0.585500 0.622900
vt 0.572200 0.628000
vt 0.557100 0.607900
vt 0.610906 0.649029
vt 0.607700 0.622000
vt 0.631300 0.621800
vt 0.578500 0.595100
vt 0.577000 0.579300
vt 0.557500 0.583800
vt 0.534300 0.590300
vt 0.532100 0.569600
vt 0.554000 0.563200
vt 0.631883 0.647966
vt 0.610112 0.673984
vt 0.631617 0.667999
vt 0.604427 0.826094
vt 0.600903 0.851718
vt 0.616618 0.853649
vt 0.626841 0.807896
vt 0.624366 0.827030
vt 0.613807 0.886175
vt 0.631600 0.885631
vt 0.761400 0.630800
vt 0.731357 0.638247
vt 0.747600 0.662848
vt 0.729370 0.665490
vt 0.760126 0.660311
vt 0.647953 0.864926
vt 0.658699 0.876320
vt 0.656683 0.857730
vt 0.645016 0.659868
vt 0.651200 0.634400
vt 0.672100 0.596800
vt 0.674700 0.611000
vt 0.657070 0.657093
vt 0.739938 0.773016
vt 0.751042 0.769865
vt 0.750019 0.736831
vt 0.766557 0.837917
vt 0.792995 0.835426
vt 0.779444 0.821802
vt 0.766191 0.882027
vt 0.754174 0.858441
vt 0.737639 0.880828
vt 0.654605 0.842982
vt 0.681415 0.838974
vt 0.654295 0.812755
vt 0.714102 0.855936
vt 0.718782 0.828848
vt 0.705408 0.837390
vt 0.725514 0.733943
vt 0.723818 0.767263
vt 0.699497 0.769022
vt 0.715839 0.779181
vt 0.493900 0.624600
vt 0.507300 0.644700
vt 0.506200 0.627900
vt 0.556900 0.633300
vt 0.537900 0.610100
vt 0.487900 0.588600
vt 0.489100 0.606800
vt 0.515600 0.572900
vt 0.518300 0.592700
vt 0.489400 0.547700
vt 0.489700 0.568400
vt 0.514300 0.552600
vt 0.489700 0.520900
vt 0.502200 0.548700
vt 0.511700 0.522600
vt 0.261200 0.965500
vt 0.266700 0.927100
vt 0.251800 0.929400
vt 0.515200 0.960500
vt 0.041800 0.957200
vt 0.011200 0.936700
vt 0.129000 0.923600
vt 0.117600 0.924700
vt 0.117400 0.962300
vt 0.162000 0.963000
vt 0.167500 0.922200
vt 0.163800 0.884060
vt 0.166600 0.918000
vt 0.181100 0.917200
vt 0.725571 0.783035
vt 0.707263 0.788229
vt 0.464100 0.689600
vt 0.464100 0.663600
vt 0.936700 0.183000
vt 0.931100 0.185400
vt 0.953100 0.204700
vt 0.943300 0.181800
vt 0.921600 0.209200
vt 0.923300 0.217300
vt 0.929400 0.227200
vt 0.923000 0.193900
vt 0.921500 0.201200
vt 0.926400 0.188800
vt 0.939300 0.233000
vt 0.946900 0.234200
vt 0.954800 0.233400
vt 0.962600 0.230900
vt 0.970000 0.227700
vt 0.980500 0.189500
vt 0.974100 0.186500
vt 0.967800 0.184000
vt 0.961800 0.181800
vt 0.957900 0.181100
vt 0.988000 0.196400
vt 0.991800 0.205600
vt 0.989200 0.214300
vt 0.979900 0.222800
vt 0.888900 0.238200
vt 0.895500 0.237100
vt 0.886800 0.207600
vt 0.900600 0.234400
vt 0.903900 0.230500
vt 0.905700 0.225800
vt 0.863300 0.225600
vt 0.871600 0.232600
vt 0.866700 0.187800
vt 0.862600 0.197600
vt 0.872600 0.179600
vt 0.858600 0.207200
vt 0.858600 0.216800
vt 0.880300 0.236800
vt 0.878600 0.174200
vt 0.882000 0.173500
vt 0.898200 0.186500
vt 0.893500 0.181100
vt 0.902200 0.192000
vt 0.907400 0.209400
vt 0.905200 0.197500
vt 0.907500 0.215100
vt 0.885800 0.174900
vt 0.906900 0.220600
vt 0.781000 0.501400
vt 0.777500 0.479100
vt 0.046800 0.924200
vt 0.043100 0.898800
vt 0.039100 0.925000
vt 0.117200 0.919900
vt 0.116289 0.887940
vt 0.106400 0.920700
vt 0.130000 0.918600
vt 0.182800 0.920000
vt 0.809300 0.336300
vt 0.466200 0.585900
vt 0.468300 0.541200
vt 0.594600 0.529400
vt 0.628200 0.594600
vt 0.600200 0.573100
vt 0.588003 0.827183
vt 0.402308 0.778176
vt 0.377657 0.806775
vt 0.555052 0.857034
vt 0.540700 0.834700
vt 0.322500 0.598500
vt 0.290100 0.561500
vt 0.467000 0.852400
vt 0.944201 0.864829
vt 0.396000 0.632500
vt 0.518800 0.609300
vt 0.550900 0.641900
vt 0.521200 0.625900
vt 0.578509 0.746144
vt 0.925700 0.618400
vt 0.907260 0.653873
vt 0.919517 0.660349
vt 0.889467 0.678420
vt 0.675311 0.812876
vt 0.830323 0.732295
vt 0.377800 0.518600
vt 0.240487 0.675049
vt 0.083500 0.634100
vt 0.068700 0.667900
vt 0.549100 0.516600
vt 0.543200 0.457800
vt 0.677000 0.627000
vt 0.701500 0.566400
vt 0.643510 0.828317
vt 0.610988 0.813985
vt 0.612912 0.700504
vt 0.654842 0.738621
vt 0.655272 0.751524
vt 0.679289 0.745599
vt 0.378959 0.830433
vt 0.378356 0.841106
vt 0.585075 0.853143
vt 0.057100 0.812700
vt 0.076200 0.741300
vt 0.959500 0.706500
vt 0.959100 0.776500
vt 0.323400 0.200000
vt 0.326600 0.204900
vt 0.334700 0.202200
vt 0.343000 0.189800
vt 0.351500 0.172600
vt 0.340700 0.166500
vt 0.223700 0.181100
vt 0.252800 0.171400
vt 0.221400 0.173200
vt 0.321100 0.182600
vt 0.322400 0.166700
vt 0.269300 0.208400
vt 0.281300 0.209800
vt 0.282000 0.199600
vt 0.303700 0.181400
vt 0.288000 0.165600
vt 0.286100 0.182900
vt 0.243000 0.196300
vt 0.233500 0.198000
vt 0.240000 0.200300
vt 0.254800 0.198400
vt 0.251500 0.185900
vt 0.337500 0.204700
vt 0.329100 0.207400
vt 0.329300 0.212300
vt 0.038500 0.214400
vt 0.035700 0.208800
vt 0.026900 0.212900
vt 0.281600 0.224800
vt 0.280700 0.211200
vt 0.268900 0.210000
vt 0.239500 0.203700
vt 0.230000 0.201700
vt 0.235700 0.208500
vt 0.029200 0.260700
vt 0.018800 0.259400
vt 0.022200 0.267000
vt 0.030500 0.224800
vt 0.029100 0.274500
vt 0.033400 0.275400
vt 0.291900 0.211500
vt 0.292600 0.208800
vt 0.242000 0.157500
vt 0.268800 0.149900
vt 0.246600 0.127200
vt 0.289100 0.139400
vt 0.299400 0.122800
vt 0.276900 0.123000
vt 0.275900 0.103900
vt 0.303200 0.106800
vt 0.304400 0.096600
vt 0.157200 0.130700
vt 0.137900 0.125300
vt 0.148400 0.141700
vt 0.168100 0.154800
vt 0.155800 0.107500
vt 0.133600 0.102500
vt 0.134700 0.110500
vt 0.194100 0.108000
vt 0.189500 0.136100
vt 0.221200 0.132300
vt 0.221000 0.107100
vt 0.329700 0.124400
vt 0.332700 0.141100
vt 0.342800 0.131700
vt 0.317800 0.139500
vt 0.313000 0.147100
vt 0.322800 0.146800
vt 0.310900 0.134600
vt 0.361800 0.088900
vt 0.358700 0.079700
vt 0.351800 0.093500
vt 0.361000 0.100600
vt 0.354100 0.074100
vt 0.351300 0.071600
vt 0.343900 0.086100
vt 0.347200 0.103600
vt 0.306500 0.107600
vt 0.162500 0.178500
vt 0.173500 0.185400
vt 0.177200 0.178000
vt 0.022600 0.129500
vt 0.022300 0.143900
vt 0.027300 0.132400
vt 0.130900 0.212500
vt 0.145400 0.209600
vt 0.145500 0.192400
vt 0.160000 0.201000
vt 0.114100 0.182600
vt 0.095700 0.174000
vt 0.087600 0.209300
vt 0.126900 0.164500
vt 0.154800 0.183200
vt 0.111300 0.212500
vt 0.050900 0.149700
vt 0.030400 0.166700
vt 0.068400 0.179200
vt 0.072600 0.162100
vt 0.045600 0.185700
vt 0.067300 0.201600
vt 0.170000 0.228500
vt 0.158600 0.223900
vt 0.158700 0.229800
vt 0.230300 0.230700
vt 0.234400 0.221200
vt 0.228000 0.216100
vt 0.242900 0.239200
vt 0.235600 0.239300
vt 0.239500 0.229000
vt 0.189500 0.218000
vt 0.190600 0.227800
vt 0.212900 0.226900
vt 0.218300 0.211500
vt 0.206100 0.207300
vt 0.167700 0.214300
vt 0.194300 0.205900
vt 0.179700 0.208200
vt 0.025800 0.111800
vt 0.030300 0.104900
vt 0.024300 0.110800
vt 0.174700 0.186900
vt 0.171100 0.238400
vt 0.036400 0.117800
vt 0.061300 0.133200
vt 0.040200 0.112700
vt 0.155600 0.231400
vt 0.141000 0.054500
vt 0.159200 0.049300
vt 0.147200 0.038600
vt 0.044500 0.076100
vt 0.025900 0.075200
vt 0.042300 0.088700
vt 0.061200 0.084900
vt 0.051100 0.094500
vt 0.060200 0.097800
vt 0.111000 0.066600
vt 0.125000 0.060000
vt 0.117500 0.043200
vt 0.098200 0.076000
vt 0.082300 0.065100
vt 0.079100 0.088400
vt 0.073200 0.099500
vt 0.161800 0.061000
vt 0.167000 0.053200
vt 0.161100 0.053800
vt 0.083100 0.093000
vt 0.089000 0.099500
vt 0.506600 0.209600
vt 0.504200 0.201600
vt 0.498100 0.206200
vt 0.551500 0.226000
vt 0.551700 0.232200
vt 0.560400 0.226800
vt 0.542700 0.229000
vt 0.542100 0.235200
vt 0.546900 0.234400
vt 0.525200 0.222200
vt 0.533900 0.217900
vt 0.520200 0.216400
vt 0.533800 0.229400
vt 0.535400 0.235100
vt 0.497800 0.210000
vt 0.497200 0.208300
vt 0.493800 0.207800
vt 0.531600 0.230700
vt 0.529200 0.232500
vt 0.021600 0.058900
vt 0.014800 0.058400
vt 0.567200 0.219800
vt 0.563900 0.219500
vt 0.207900 0.067300
vt 0.215900 0.071800
vt 0.292500 0.082700
vt 0.270800 0.089000
vt 0.196400 0.011400
vt 0.192900 0.028100
vt 0.305200 0.011500
vt 0.375400 0.037900
vt 0.369600 0.050800
vt 0.374500 0.047000
vt 0.371300 0.062000
vt 0.375000 0.035800
vt 0.378500 0.032900
vt 0.422200 0.016700
vt 0.409200 0.015700
vt 0.191200 0.047400
vt 0.203400 0.067600
vt 0.189400 0.028000
vt 0.206600 0.069700
vt 0.214000 0.074900
vt 0.311600 0.075800
vt 0.338500 0.045100
vt 0.341900 0.027100
vt 0.293600 0.085600
vt 0.271800 0.092200
vt 0.240200 0.091200
vt 0.192700 0.011400
vt 0.341700 0.011400
vt 0.272700 0.011400
vt 0.375800 0.070500
vt 0.714000 0.128800
vt 0.706500 0.114300
vt 0.704000 0.121300
vt 0.708200 0.128800
vt 0.704800 0.142200
vt 0.703300 0.135800
vt 0.687400 0.137000
vt 0.684400 0.114000
vt 0.678000 0.116400
vt 0.756900 0.129600
vt 0.762700 0.130100
vt 0.759300 0.120600
vt 0.754800 0.124400
vt 0.747700 0.115700
vt 0.747200 0.121700
vt 0.758000 0.138900
vt 0.754100 0.134600
vt 0.746100 0.142600
vt 0.746300 0.136600
vt 0.739800 0.134200
vt 0.733700 0.140400
vt 0.735300 0.116400
vt 0.740500 0.123300
vt 0.969100 0.419300
vt 0.962400 0.416900
vt 0.962000 0.437600
vt 0.964600 0.444400
vt 0.975100 0.417400
vt 0.962600 0.389400
vt 0.988800 0.442900
vt 0.990600 0.435800
vt 0.981800 0.419000
vt 0.987600 0.415300
vt 0.972000 0.367800
vt 0.976500 0.369600
vt 0.981000 0.365000
vt 0.971600 0.361400
vt 0.978400 0.376500
vt 0.985000 0.376500
vt 0.962700 0.366200
vt 0.967700 0.370200
vt 0.960100 0.378100
vt 0.966600 0.377300
vt 0.968200 0.383200
vt 0.977500 0.382600
vt 0.983900 0.388100
vt 0.703600 0.128700
vt 0.701300 0.132300
vt 0.689600 0.133600
vt 0.688100 0.128600
vt 0.701800 0.125200
vt 0.690900 0.123700
vt 0.751800 0.127400
vt 0.752600 0.129400
vt 0.747100 0.125900
vt 0.751400 0.131200
vt 0.746500 0.132300
vt 0.743200 0.131100
vt 0.742800 0.129000
vt 0.738700 0.128700
vt 0.743500 0.126900
vt 0.706100 0.108800
vt 0.735700 0.110400
vt 0.749000 0.110900
vt 0.762600 0.117700
vt 0.767100 0.130300
vt 0.761000 0.142200
vt 0.746900 0.147500
vt 0.733800 0.146300
vt 0.705500 0.148200
vt 0.682300 0.148400
vt 0.673600 0.143000
vt 0.671500 0.128300
vt 0.674500 0.114100
vt 0.682200 0.108600
vt 0.972900 0.383600
vt 0.733600 0.128700
vt 0.973200 0.469800
vt 0.986000 0.469300
vt 0.986400 0.460600
vt 0.972100 0.461200
vt 0.965600 0.465400
vt 0.970200 0.471000
vt 0.989200 0.470200
vt 0.993200 0.464200
vt 0.913300 0.146100
vt 0.911500 0.146100
vt 0.912500 0.164100
vt 0.914300 0.164000
vt 0.958100 0.132000
vt 0.958300 0.133800
vt 0.963500 0.132700
vt 0.963300 0.131400
vt 0.918800 0.164400
vt 0.917800 0.146200
vt 0.938500 0.108100
vt 0.938400 0.109800
vt 0.955000 0.108900
vt 0.955300 0.107200
vt 0.924500 0.108400
vt 0.924700 0.109300
vt 0.911000 0.108700
vt 0.910800 0.129200
vt 0.923400 0.129300
vt 0.910800 0.131200
vt 0.923200 0.130800
vt 0.937200 0.131500
vt 0.937200 0.129400
vt 0.932500 0.164800
vt 0.944900 0.165200
vt 0.944600 0.148000
vt 0.932300 0.147900
vt 0.956500 0.148100
vt 0.956000 0.165700
vt 0.952900 0.129800
vt 0.911200 0.107300
vt 0.953100 0.131800
vt 0.963600 0.129700
vt 0.957900 0.129800
vt 0.970900 0.131000
vt 0.971200 0.129700
vt 0.965500 0.109100
vt 0.972900 0.108900
vt 0.901100 0.144700
vt 0.899800 0.144600
vt 0.898900 0.162500
vt 0.900100 0.163100
vt 0.972900 0.129900
vt 0.972100 0.131800
vt 0.958900 0.108900
vt 0.960300 0.106500
vt 0.965700 0.107300
vt 0.972400 0.107700
vt 0.974300 0.108600
vt 0.973600 0.107100
vt 0.966100 0.106000
vt 0.907500 0.163900
vt 0.907500 0.145800
vt 0.961800 0.105400
vt 0.959600 0.165700
vt 0.960700 0.165600
vt 0.961700 0.148800
vt 0.960000 0.148000
vt 0.903700 0.132300
vt 0.907400 0.131600
vt 0.964100 0.166200
vt 0.965200 0.148100
vt 0.904600 0.105200
vt 0.898100 0.105800
vt 0.897300 0.107900
vt 0.970800 0.148500
vt 0.968500 0.166900
vt 0.970300 0.167000
vt 0.972600 0.148500
vt 0.908400 0.105500
vt 0.757400 0.069000
vt 0.759300 0.091200
vt 0.761800 0.090400
vt 0.759300 0.069200
vt 0.700800 0.021200
vt 0.706500 0.021300
vt 0.738400 0.070500
vt 0.742000 0.092400
vt 0.727500 0.026200
vt 0.727400 0.023900
vt 0.725800 0.050500
vt 0.725900 0.052300
vt 0.744400 0.025900
vt 0.744700 0.023700
vt 0.743300 0.050000
vt 0.723100 0.071600
vt 0.726200 0.093400
vt 0.743500 0.051800
vt 0.754500 0.052200
vt 0.754500 0.050100
vt 0.716600 0.094300
vt 0.714500 0.072800
vt 0.702400 0.056600
vt 0.774100 0.066800
vt 0.771900 0.067200
vt 0.776000 0.090700
vt 0.777600 0.090300
vt 0.766800 0.091900
vt 0.764200 0.067500
vt 0.708200 0.056400
vt 0.704300 0.075400
vt 0.705100 0.095100
vt 0.708000 0.094700
vt 0.706300 0.074800
vt 0.765200 0.021400
vt 0.769400 0.022100
vt 0.774600 0.025400
vt 0.776600 0.024600
vt 0.777500 0.026800
vt 0.775500 0.027200
vt 0.777200 0.051000
vt 0.776100 0.052200
vt 0.694500 0.097600
vt 0.693700 0.075800
vt 0.691900 0.075900
vt 0.692800 0.097700
vt 0.701800 0.096200
vt 0.700500 0.074700
vt 0.766000 0.055400
vt 0.769700 0.054700
vt 0.778000 0.053500
vt 0.779100 0.051500
vt 0.754600 0.026400
vt 0.754600 0.023900
vt 0.817700 0.091700
vt 0.817200 0.072200
vt 0.814000 0.072500
vt 0.814800 0.091600
vt 0.873300 0.056200
vt 0.865200 0.058400
vt 0.840000 0.091900
vt 0.838700 0.071700
vt 0.837400 0.052700
vt 0.837400 0.054900
vt 0.837800 0.026300
vt 0.837500 0.024500
vt 0.816500 0.026700
vt 0.816700 0.028900
vt 0.854400 0.073000
vt 0.853800 0.092000
vt 0.870500 0.019400
vt 0.800300 0.072500
vt 0.799300 0.091900
vt 0.801900 0.091900
vt 0.801600 0.072200
vt 0.809300 0.072000
vt 0.808500 0.092600
vt 0.864400 0.018200
vt 0.863500 0.091200
vt 0.864600 0.073800
vt 0.862100 0.073700
vt 0.861700 0.091500
vt 0.806900 0.058500
vt 0.803600 0.058500
vt 0.795400 0.057300
vt 0.793300 0.058400
vt 0.792200 0.056400
vt 0.794200 0.055600
vt 0.793900 0.030600
vt 0.794700 0.029100
vt 0.873200 0.073500
vt 0.873700 0.093100
vt 0.875200 0.093100
vt 0.874700 0.073500
vt 0.865900 0.092300
vt 0.867200 0.073900
vt 0.803500 0.025600
vt 0.800200 0.025700
vt 0.792600 0.028200
vt 0.791900 0.030300
vt 0.818400 0.053500
vt 0.818900 0.056100
vt 0.553100 0.074200
vt 0.554900 0.094500
vt 0.557200 0.093700
vt 0.554900 0.074400
vt 0.501100 0.025000
vt 0.506300 0.025300
vt 0.535800 0.075600
vt 0.539000 0.095600
vt 0.525200 0.030600
vt 0.525200 0.028600
vt 0.522700 0.052700
vt 0.522700 0.054400
vt 0.540700 0.031000
vt 0.541000 0.029100
vt 0.538700 0.053000
vt 0.521800 0.076600
vt 0.524700 0.096500
vt 0.538800 0.054600
vt 0.548800 0.055500
vt 0.548800 0.053500
vt 0.515900 0.097300
vt 0.514000 0.077700
vt 0.501100 0.057300
vt 0.568300 0.072200
vt 0.566300 0.072600
vt 0.570100 0.094000
vt 0.571600 0.093700
vt 0.561700 0.095200
vt 0.559300 0.072900
vt 0.506400 0.057400
vt 0.504700 0.080100
vt 0.505400 0.098000
vt 0.508000 0.097700
vt 0.506500 0.079500
vt 0.559800 0.027800
vt 0.563600 0.028600
vt 0.568200 0.031800
vt 0.570100 0.031100
vt 0.570700 0.033200
vt 0.569000 0.033500
vt 0.569500 0.055200
vt 0.568500 0.056300
vt 0.495700 0.100400
vt 0.495000 0.080400
vt 0.493400 0.080500
vt 0.494200 0.100400
vt 0.502400 0.099100
vt 0.501200 0.079400
vt 0.559100 0.058800
vt 0.562600 0.058400
vt 0.570100 0.057600
vt 0.571200 0.055800
vt 0.549900 0.031900
vt 0.550100 0.029600
vt 0.916500 0.095300
vt 0.916000 0.075700
vt 0.912800 0.076100
vt 0.913600 0.095100
vt 0.973900 0.057500
vt 0.965800 0.059800
vt 0.938800 0.095400
vt 0.937400 0.075200
vt 0.938000 0.054000
vt 0.938000 0.056300
vt 0.938400 0.027600
vt 0.938100 0.025800
vt 0.917100 0.028100
vt 0.917300 0.030200
vt 0.953100 0.076500
vt 0.952600 0.095500
vt 0.971100 0.020800
vt 0.899100 0.076100
vt 0.898000 0.095500
vt 0.900600 0.095400
vt 0.900400 0.075800
vt 0.908000 0.075500
vt 0.907300 0.096100
vt 0.965000 0.019500
vt 0.962300 0.094800
vt 0.963300 0.077300
vt 0.960800 0.077200
vt 0.960500 0.095100
vt 0.907500 0.059800
vt 0.904200 0.059800
vt 0.896000 0.058600
vt 0.893900 0.059700
vt 0.892800 0.057700
vt 0.894800 0.056900
vt 0.894500 0.031900
vt 0.895300 0.030400
vt 0.972000 0.077000
vt 0.972400 0.096700
vt 0.974000 0.096600
vt 0.973400 0.077000
vt 0.964600 0.095900
vt 0.966000 0.077500
vt 0.904100 0.026900
vt 0.900800 0.027000
vt 0.893200 0.029500
vt 0.892500 0.031600
vt 0.919000 0.054800
vt 0.919500 0.057400
vt 0.612700 0.095000
vt 0.612300 0.077100
vt 0.609300 0.077400
vt 0.610100 0.094800
vt 0.663100 0.056800
vt 0.655700 0.058800
vt 0.633100 0.095100
vt 0.631800 0.076600
vt 0.630300 0.053600
vt 0.630400 0.055700
vt 0.630700 0.029500
vt 0.630500 0.027900
vt 0.611300 0.029900
vt 0.611500 0.031900
vt 0.646100 0.077800
vt 0.645600 0.095200
vt 0.660600 0.023300
vt 0.596800 0.077400
vt 0.595900 0.095100
vt 0.598200 0.095000
vt 0.598000 0.077100
vt 0.605000 0.076900
vt 0.604300 0.095700
vt 0.655000 0.022100
vt 0.654500 0.094500
vt 0.655400 0.078500
vt 0.653200 0.078500
vt 0.652800 0.094700
vt 0.602500 0.058900
vt 0.599500 0.058900
vt 0.592000 0.057800
vt 0.590100 0.058800
vt 0.589100 0.057000
vt 0.590900 0.056200
vt 0.590700 0.033500
vt 0.591400 0.032100
vt 0.663300 0.078300
vt 0.663800 0.096200
vt 0.665200 0.096200
vt 0.664700 0.078300
vt 0.656600 0.095500
vt 0.657800 0.078700
vt 0.599400 0.028900
vt 0.596400 0.029000
vt 0.589500 0.031200
vt 0.588800 0.033200
vt 0.613000 0.054400
vt 0.613400 0.056700
vt 0.802300 0.145000
vt 0.800700 0.145100
vt 0.801500 0.160800
vt 0.803100 0.160800
vt 0.855300 0.132800
vt 0.855500 0.134600
vt 0.861200 0.133500
vt 0.860900 0.132100
vt 0.807100 0.161200
vt 0.806200 0.145100
vt 0.834100 0.106900
vt 0.834000 0.108800
vt 0.852000 0.107800
vt 0.852300 0.105900
vt 0.819000 0.107200
vt 0.819200 0.108200
vt 0.804400 0.107600
vt 0.804200 0.129700
vt 0.817800 0.129800
vt 0.804200 0.131900
vt 0.817600 0.131500
vt 0.832800 0.132200
vt 0.832700 0.129900
vt 0.819200 0.161500
vt 0.830100 0.161900
vt 0.829800 0.146700
vt 0.819000 0.146600
vt 0.840300 0.146800
vt 0.839900 0.162300
vt 0.849700 0.130400
vt 0.804600 0.106100
vt 0.849900 0.132600
vt 0.861200 0.130300
vt 0.855100 0.130300
vt 0.869100 0.131600
vt 0.869400 0.130200
vt 0.863300 0.108000
vt 0.871300 0.107700
vt 0.791500 0.143800
vt 0.790400 0.143700
vt 0.789600 0.159400
vt 0.790700 0.160000
vt 0.871300 0.130500
vt 0.870400 0.132500
vt 0.856100 0.107800
vt 0.857700 0.105200
vt 0.863500 0.106000
vt 0.870700 0.106500
vt 0.872800 0.107500
vt 0.872000 0.105800
vt 0.863900 0.104600
vt 0.797200 0.160700
vt 0.797200 0.144700
vt 0.859200 0.103900
vt 0.843000 0.162300
vt 0.843900 0.162200
vt 0.844900 0.147400
vt 0.843400 0.146700
vt 0.796600 0.133100
vt 0.800500 0.132400
vt 0.847000 0.162700
vt 0.848000 0.146800
vt 0.797500 0.103800
vt 0.790500 0.104400
vt 0.789600 0.106700
vt 0.852900 0.147100
vt 0.850900 0.163300
vt 0.852500 0.163400
vt 0.854500 0.147200
vt 0.801600 0.104100
vt 0.564900 0.141500
vt 0.543800 0.143200
vt 0.562100 0.121300
vt 0.542400 0.122900
vt 0.559600 0.110600
vt 0.543700 0.110100
vt 0.513600 0.124100
vt 0.514600 0.113000
vt 0.583100 0.108700
vt 0.603000 0.107600
vt 0.740200 0.229500
vt 0.748600 0.217500
vt 0.775100 0.179000
vt 0.782100 0.168200
vt 0.597600 0.161500
vt 0.602200 0.156200
vt 0.592300 0.167000
vt 0.567800 0.179300
vt 0.583500 0.173100
vt 0.553700 0.181900
vt 0.537900 0.180600
vt 0.488200 0.140600
vt 0.499700 0.159700
vt 0.513600 0.169700
vt 0.524400 0.175900
vt 0.609300 0.140500
vt 0.611200 0.128800
vt 0.463500 0.153300
vt 0.458400 0.109300
vt 0.442200 0.187200
vt 0.461500 0.188600
vt 0.438700 0.220600
vt 0.454300 0.215100
vt 0.455800 0.081400
vt 0.404000 0.083900
vt 0.397100 0.112600
vt 0.386600 0.095700
vt 0.777800 0.221000
vt 0.787300 0.208900
vt 0.776100 0.210200
vt 0.774800 0.214500
vt 0.835400 0.171000
vt 0.823700 0.173400
vt 0.840500 0.192500
vt 0.827700 0.199200
vt 0.830300 0.200300
vt 0.838500 0.201300
vt 0.439000 0.223700
vt 0.455900 0.217700
vt 0.374600 0.188400
vt 0.388700 0.204400
vt 0.400600 0.214000
vt 0.416800 0.221900
vt 0.450600 0.073300
vt 0.440800 0.071800
vt 0.457800 0.077800
vt 0.422700 0.071300
vt 0.402100 0.080800
vt 0.366000 0.167600
vt 0.365100 0.139700
vt 0.384200 0.093700
vt 0.369200 0.119400
vt 0.104900 0.626300
vt 0.103400 0.598300
vt 0.039400 0.814800
vt 0.037100 0.783500
vt 0.058000 0.710500
vt 0.034900 0.715100
vt 0.036500 0.751100
vt 0.011200 0.723500
vt 0.011200 0.758300
vt 0.093067 0.735854
vt 0.073700 0.705000
vt 0.091630 0.698012
vt 0.094311 0.803232
vt 0.075500 0.840900
vt 0.097603 0.835342
vt 0.056900 0.843500
vt 0.074800 0.866000
vt 0.057500 0.869300
vt 0.098322 0.863011
vt 0.074800 0.895100
vt 0.097506 0.891212
vt 0.058700 0.897100
vt 0.041500 0.845600
vt 0.041800 0.871300
vt 0.240928 0.890591
vt 0.221699 0.887537
vt 0.224500 0.918000
vt 0.241700 0.920000
vt 0.199300 0.918700
vt 0.225000 0.920800
vt 0.303652 0.884007
vt 0.284900 0.920600
vt 0.303700 0.921200
vt 0.215485 0.708982
vt 0.240868 0.711609
vt 0.214296 0.745814
vt 0.238921 0.750206
vt 0.184500 0.554600
vt 0.184800 0.530300
vt 0.153300 0.534500
vt 0.153500 0.556100
vt 0.184700 0.580400
vt 0.154000 0.580800
vt 0.153300 0.513000
vt 0.185400 0.506400
vt 0.153700 0.489900
vt 0.186200 0.482900
vt 0.129700 0.539600
vt 0.129600 0.559700
vt 0.105600 0.546300
vt 0.104300 0.570800
vt 0.129900 0.586400
vt 0.106600 0.522200
vt 0.129900 0.518100
vt 0.130400 0.495200
vt 0.107500 0.497500
vt 0.131300 0.470100
vt 0.132100 0.444200
vt 0.109400 0.446300
vt 0.108500 0.472200
vt 0.154500 0.465000
vt 0.155600 0.439400
vt 0.109900 0.419700
vt 0.110400 0.392800
vt 0.091500 0.393500
vt 0.090800 0.419600
vt 0.089900 0.445800
vt 0.132800 0.417500
vt 0.156300 0.413400
vt 0.133200 0.391000
vt 0.156700 0.387600
vt 0.089000 0.471800
vt 0.088200 0.497500
vt 0.187100 0.458600
vt 0.188100 0.433700
vt 0.211000 0.456600
vt 0.210600 0.431500
vt 0.211200 0.480400
vt 0.209900 0.527800
vt 0.210500 0.503800
vt 0.083100 0.574300
vt 0.085800 0.548400
vt 0.087400 0.522700
vt 0.209900 0.578900
vt 0.209700 0.553800
vt 0.228700 0.578400
vt 0.228200 0.551000
vt 0.247900 0.575700
vt 0.247400 0.551600
vt 0.228200 0.527500
vt 0.247300 0.528500
vt 0.260300 0.553700
vt 0.261500 0.577200
vt 0.290000 0.586400
vt 0.260500 0.530200
vt 0.289700 0.615700
vt 0.322700 0.627400
vt 0.291056 0.640775
vt 0.324201 0.649387
vt 0.228400 0.504300
vt 0.229100 0.481400
vt 0.247500 0.506500
vt 0.248000 0.483800
vt 0.289100 0.516300
vt 0.261700 0.508200
vt 0.229500 0.607500
vt 0.210700 0.608700
vt 0.249400 0.605800
vt 0.089784 0.660260
vt 0.034200 0.683000
vt 0.011200 0.694700
vt 0.033400 0.660400
vt 0.033900 0.643100
vt 0.049600 0.632000
vt 0.011200 0.660100
vt 0.011200 0.673700
vt 0.011200 0.642300
vt 0.011200 0.652600
vt 0.036100 0.632400
vt 0.028600 0.626400
vt 0.518400 0.668100
vt 0.521800 0.662100
vt 0.521000 0.657000
vt 0.511500 0.659100
vt 0.517000 0.674400
vt 0.505700 0.668400
vt 0.521900 0.643400
vt 0.483200 0.695400
vt 0.501400 0.701200
vt 0.503000 0.682900
vt 0.485500 0.672600
vt 0.491400 0.654100
vt 0.445300 0.606900
vt 0.515200 0.687100
vt 0.515200 0.701100
vt 0.502200 0.733000
vt 0.515200 0.734400
vt 0.515200 0.769000
vt 0.483400 0.879100
vt 0.466700 0.877200
vt 0.466200 0.902900
vt 0.482500 0.904800
vt 0.481000 0.931400
vt 0.464900 0.929400
vt 0.464500 0.930800
vt 0.480700 0.932300
vt 0.484000 0.854500
vt 0.484100 0.730700
vt 0.444897 0.755495
vt 0.464800 0.726400
vt 0.443722 0.721250
vt 0.423099 0.749003
vt 0.422063 0.714861
vt 0.424355 0.782069
vt 0.400771 0.741126
vt 0.402213 0.707091
vt 0.379087 0.733056
vt 0.380045 0.698240
vt 0.366841 0.691745
vt 0.328491 0.684364
vt 0.331038 0.719400
vt 0.366040 0.725168
vt 0.380575 0.667938
vt 0.363665 0.660439
vt 0.402264 0.676296
vt 0.363155 0.892723
vt 0.331550 0.888110
vt 0.331600 0.921800
vt 0.362000 0.921400
vt 0.364194 0.862066
vt 0.376804 0.864894
vt 0.405178 0.836368
vt 0.333102 0.864352
vt 0.448886 0.876218
vt 0.449700 0.901900
vt 0.448500 0.928100
vt 0.448200 0.929500
vt 0.431396 0.900289
vt 0.430600 0.926100
vt 0.302100 0.345000
vt 0.305100 0.312200
vt 0.287600 0.310000
vt 0.286200 0.343600
vt 0.268300 0.307700
vt 0.266600 0.340800
vt 0.330900 0.349400
vt 0.332300 0.315200
vt 0.446000 0.359300
vt 0.446800 0.322900
vt 0.426100 0.321900
vt 0.425500 0.358000
vt 0.465600 0.360400
vt 0.467000 0.323700
vt 0.404300 0.356500
vt 0.405100 0.320800
vt 0.383800 0.320000
vt 0.383000 0.354900
vt 0.361500 0.353100
vt 0.362300 0.317700
vt 0.403800 0.387200
vt 0.425400 0.389500
vt 0.381800 0.384400
vt 0.380500 0.413500
vt 0.402900 0.416800
vt 0.424700 0.420200
vt 0.329000 0.376800
vt 0.360400 0.381800
vt 0.326800 0.404700
vt 0.359000 0.410100
vt 0.446000 0.391000
vt 0.445700 0.422900
vt 0.466000 0.424300
vt 0.465900 0.392200
vt 0.485500 0.460300
vt 0.466800 0.457600
vt 0.467900 0.489000
vt 0.487700 0.492200
vt 0.510400 0.427100
vt 0.484200 0.425900
vt 0.446400 0.484400
vt 0.445900 0.453200
vt 0.424700 0.449900
vt 0.424100 0.479300
vt 0.511000 0.363300
vt 0.484800 0.361800
vt 0.484800 0.393500
vt 0.511200 0.394400
vt 0.485900 0.325000
vt 0.513700 0.325500
vt 0.189800 0.334700
vt 0.191200 0.302000
vt 0.157700 0.303500
vt 0.157100 0.336900
vt 0.189300 0.383800
vt 0.189400 0.359200
vt 0.156800 0.362100
vt 0.188800 0.408700
vt 0.209800 0.407900
vt 0.133500 0.364300
vt 0.133800 0.338400
vt 0.111600 0.339400
vt 0.111100 0.365600
vt 0.092600 0.340000
vt 0.091900 0.366100
vt 0.093500 0.305400
vt 0.112300 0.305000
vt 0.134600 0.304200
vt 0.423900 0.505800
vt 0.446500 0.511500
vt 0.423500 0.530200
vt 0.446000 0.535700
vt 0.468500 0.516700
vt 0.401100 0.500200
vt 0.378600 0.494100
vt 0.401700 0.474700
vt 0.378900 0.469100
vt 0.355900 0.512000
vt 0.322100 0.502400
vt 0.290200 0.469400
vt 0.322800 0.478200
vt 0.324400 0.453500
vt 0.291800 0.445000
vt 0.324900 0.426600
vt 0.294100 0.420100
vt 0.266300 0.413600
vt 0.265800 0.438800
vt 0.356700 0.462500
vt 0.379500 0.439700
vt 0.357800 0.434800
vt 0.356600 0.487800
vt 0.402000 0.445100
vt 0.401954 0.646450
vt 0.380800 0.641299
vt 0.357651 0.636874
vt 0.293664 0.679325
vt 0.061700 0.924700
vt 0.076700 0.923100
vt 0.230200 0.457600
vt 0.285800 0.924700
vt 0.303600 0.925100
vt 0.303500 0.923800
vt 0.285500 0.923500
vt 0.266400 0.924900
vt 0.266000 0.923600
vt 0.283000 0.966400
vt 0.286100 0.926800
vt 0.250900 0.924200
vt 0.251400 0.927100
vt 0.241800 0.922900
vt 0.225300 0.924000
vt 0.242300 0.926400
vt 0.611900 0.986700
vt 0.630200 0.986700
vt 0.628600 0.952300
vt 0.611100 0.953200
vt 0.595900 0.986700
vt 0.595700 0.954400
vt 0.629200 0.923300
vt 0.610900 0.924100
vt 0.611300 0.922300
vt 0.628700 0.920600
vt 0.629400 0.917700
vt 0.611600 0.919200
vt 0.595400 0.920600
vt 0.595300 0.923700
vt 0.595200 0.926200
vt 0.653200 0.919700
vt 0.654000 0.916600
vt 0.653500 0.922700
vt 0.653600 0.952200
vt 0.677300 0.920500
vt 0.677400 0.951800
vt 0.678400 0.919100
vt 0.679300 0.916600
vt 0.705000 0.951700
vt 0.705100 0.921800
vt 0.706000 0.919100
vt 0.706900 0.916500
vt 0.580400 0.928900
vt 0.581700 0.955700
vt 0.580300 0.921000
vt 0.580200 0.925100
vt 0.566000 0.922600
vt 0.566000 0.926400
vt 0.566200 0.930200
vt 0.568100 0.956300
vt 0.582000 0.986700
vt 0.570000 0.986700
vt 0.552600 0.929900
vt 0.538600 0.930200
vt 0.539400 0.955000
vt 0.554200 0.955900
vt 0.552400 0.922700
vt 0.552300 0.926200
vt 0.538400 0.922700
vt 0.538600 0.926000
vt 0.678100 0.986700
vt 0.704300 0.986700
vt 0.811800 0.948400
vt 0.783100 0.949100
vt 0.782300 0.985400
vt 0.812900 0.985400
vt 0.839600 0.985400
vt 0.839400 0.948800
vt 0.730900 0.951200
vt 0.758700 0.950400
vt 0.760800 0.922800
vt 0.731300 0.922800
vt 0.783600 0.921200
vt 0.784200 0.916400
vt 0.763300 0.915400
vt 0.762300 0.918900
vt 0.784000 0.918700
vt 0.733400 0.915000
vt 0.732700 0.919200
vt 0.811400 0.920600
vt 0.811500 0.918100
vt 0.812000 0.915400
vt 0.729000 0.986700
vt 0.755900 0.986100
vt 0.653000 0.986700
vt 0.862800 0.985400
vt 0.861700 0.946300
vt 0.871100 0.946300
vt 0.871400 0.985400
vt 0.881400 0.985400
vt 0.881700 0.947200
vt 0.872300 0.919800
vt 0.862900 0.919100
vt 0.872400 0.916500
vt 0.862900 0.915200
vt 0.862800 0.917300
vt 0.872400 0.918000
vt 0.839700 0.914000
vt 0.839400 0.917500
vt 0.839300 0.918400
vt 0.906500 0.926300
vt 0.883000 0.921700
vt 0.904400 0.950900
vt 0.907200 0.923700
vt 0.907700 0.922000
vt 0.883200 0.918100
vt 0.883100 0.919500
vt 0.922000 0.953300
vt 0.939500 0.955400
vt 0.940800 0.932700
vt 0.923700 0.930500
vt 0.925100 0.924900
vt 0.924600 0.927200
vt 0.941500 0.929700
vt 0.941900 0.927300
vt 0.903200 0.985400
vt 0.918900 0.985400
vt 0.937300 0.985400
vt 0.987900 0.960400
vt 0.956700 0.956900
vt 0.955000 0.985400
vt 0.987900 0.985400
vt 0.526800 0.986700
vt 0.540600 0.986700
vt 0.526800 0.951000
vt 0.956900 0.933800
vt 0.987900 0.936500
vt 0.957500 0.928800
vt 0.957300 0.931000
vt 0.987900 0.933500
vt 0.987900 0.930600
vt 0.474300 0.962700
vt 0.458800 0.963100
vt 0.457500 0.987800
vt 0.472600 0.987800
vt 0.484500 0.987800
vt 0.426900 0.963200
vt 0.443600 0.962700
vt 0.446700 0.931300
vt 0.429700 0.928800
vt 0.462700 0.933100
vt 0.384200 0.962400
vt 0.406600 0.963300
vt 0.409900 0.927600
vt 0.386300 0.925700
vt 0.360800 0.987800
vt 0.381400 0.987800
vt 0.361600 0.959500
vt 0.332600 0.963900
vt 0.335800 0.987800
vt 0.404100 0.987800
vt 0.425100 0.987800
vt 0.442200 0.987800
vt 0.306700 0.987800
vt 0.304200 0.966500
vt 0.303900 0.926900
vt 0.331400 0.927000
vt 0.281200 0.987800
vt 0.260700 0.987800
vt 0.240100 0.964600
vt 0.234900 0.987800
vt 0.220100 0.963600
vt 0.219600 0.987800
vt 0.331400 0.924800
vt 0.331300 0.923000
vt 0.361700 0.924700
vt 0.386400 0.924700
vt 0.386500 0.923900
vt 0.361900 0.922500
vt 0.361800 0.923500
vt 0.410000 0.926600
vt 0.430100 0.927800
vt 0.430400 0.927100
vt 0.410100 0.925700
vt 0.447500 0.930500
vt 0.463700 0.932200
vt 0.479900 0.934500
vt 0.052400 0.956400
vt 0.049000 0.930200
vt 0.065100 0.955700
vt 0.063500 0.928400
vt 0.079800 0.963700
vt 0.078200 0.928300
vt 0.077100 0.925200
vt 0.062200 0.926300
vt 0.062900 0.927300
vt 0.077600 0.926300
vt 0.080100 0.987800
vt 0.094700 0.987800
vt 0.066200 0.987800
vt 0.053600 0.987800
vt 0.045600 0.987800
vt 0.480000 0.933500
vt 0.515200 0.987800
vt 0.116000 0.987800
vt 0.137300 0.987800
vt 0.158200 0.987800
vt 0.191300 0.987800
vt 0.225400 0.926600
vt 0.199800 0.921800
vt 0.244100 0.273200
vt 0.265100 0.271300
vt 0.260700 0.252800
vt 0.241400 0.252800
vt 0.228100 0.272800
vt 0.225000 0.252800
vt 0.206000 0.252800
vt 0.193200 0.252800
vt 0.193000 0.272200
vt 0.208200 0.273200
vt 0.281900 0.252800
vt 0.285600 0.271500
vt 0.305300 0.252800
vt 0.304700 0.272300
vt 0.305600 0.290000
vt 0.331700 0.291900
vt 0.331400 0.273500
vt 0.332600 0.296900
vt 0.306200 0.294700
vt 0.381500 0.276600
vt 0.377200 0.252800
vt 0.358800 0.252800
vt 0.360400 0.275000
vt 0.332600 0.252800
vt 0.361200 0.294300
vt 0.362300 0.299500
vt 0.384100 0.301700
vt 0.382800 0.296800
vt 0.287600 0.293000
vt 0.287200 0.288900
vt 0.267500 0.287400
vt 0.267800 0.291100
vt 0.447400 0.282700
vt 0.450800 0.252800
vt 0.430100 0.252800
vt 0.426100 0.282100
vt 0.467800 0.283000
vt 0.470000 0.252800
vt 0.406400 0.252800
vt 0.404100 0.280600
vt 0.467400 0.302400
vt 0.446900 0.301800
vt 0.425600 0.301200
vt 0.447100 0.304700
vt 0.426100 0.303800
vt 0.467500 0.305600
vt 0.486600 0.303000
vt 0.486800 0.283100
vt 0.486600 0.306400
vt 0.513600 0.306700
vt 0.513800 0.303400
vt 0.514200 0.283400
vt 0.404300 0.299600
vt 0.405100 0.302800
vt 0.541700 0.303100
vt 0.542300 0.283700
vt 0.541900 0.324800
vt 0.541500 0.306300
vt 0.514900 0.252800
vt 0.488300 0.252800
vt 0.541700 0.252800
vt 0.560900 0.252800
vt 0.562100 0.284000
vt 0.582600 0.284100
vt 0.580900 0.252800
vt 0.603400 0.283600
vt 0.624100 0.283200
vt 0.622100 0.252800
vt 0.601400 0.252800
vt 0.603400 0.302700
vt 0.624200 0.301800
vt 0.582600 0.303100
vt 0.582600 0.323600
vt 0.603600 0.322600
vt 0.603700 0.306200
vt 0.582900 0.306200
vt 0.624000 0.304500
vt 0.624600 0.321300
vt 0.562100 0.306400
vt 0.561900 0.324300
vt 0.561800 0.303200
vt 0.095100 0.271900
vt 0.114800 0.271900
vt 0.116700 0.252800
vt 0.096600 0.252800
vt 0.137700 0.271700
vt 0.161000 0.271500
vt 0.161900 0.252800
vt 0.139400 0.252800
vt 0.136600 0.287300
vt 0.159900 0.286900
vt 0.113700 0.287500
vt 0.135700 0.288800
vt 0.113100 0.289300
vt 0.158800 0.289000
vt 0.192400 0.286400
vt 0.192200 0.288400
vt 0.208700 0.286500
vt 0.246400 0.286900
vt 0.228600 0.286700
vt 0.246500 0.288800
vt 0.247000 0.302900
vt 0.094200 0.287200
vt 0.094200 0.289100
vt 0.074000 0.272000
vt 0.052600 0.271200
vt 0.052600 0.287000
vt 0.073800 0.286700
vt 0.942300 0.282900
vt 0.942300 0.268100
vt 0.915200 0.268500
vt 0.915900 0.284100
vt 0.942300 0.252800
vt 0.912300 0.252800
vt 0.075500 0.252800
vt 0.052600 0.252800
vt 0.891200 0.252800
vt 0.894400 0.269100
vt 0.895300 0.284800
vt 0.916100 0.286800
vt 0.895800 0.287000
vt 0.896600 0.302900
vt 0.916700 0.302600
vt 0.874000 0.269300
vt 0.874500 0.284600
vt 0.853100 0.268800
vt 0.853200 0.284300
vt 0.854800 0.301800
vt 0.876100 0.302500
vt 0.875100 0.286900
vt 0.853800 0.287600
vt 0.872500 0.252800
vt 0.855500 0.252800
vt 0.807800 0.252800
vt 0.799100 0.271600
vt 0.830500 0.269000
vt 0.832700 0.252800
vt 0.830300 0.284500
vt 0.831800 0.300800
vt 0.830700 0.287500
vt 0.797100 0.288200
vt 0.765700 0.278400
vt 0.763100 0.295400
vt 0.738000 0.279000
vt 0.738900 0.296500
vt 0.796300 0.293000
vt 0.768100 0.252800
vt 0.734500 0.252800
vt 0.701900 0.280200
vt 0.702100 0.298400
vt 0.739600 0.315800
vt 0.739400 0.299100
vt 0.701700 0.301700
vt 0.702800 0.317900
vt 0.674500 0.280900
vt 0.700700 0.252800
vt 0.672000 0.252800
vt 0.675200 0.299900
vt 0.675400 0.319600
vt 0.675000 0.302800
vt 0.645600 0.300400
vt 0.645100 0.282400
vt 0.645400 0.303400
vt 0.645700 0.320500
vt 0.642800 0.252800
vt 0.555600 0.986700
vt 0.526800 0.927100
vt 0.526800 0.921300
vt 0.526800 0.924700
vt 0.242200 0.928400
vt 0.965100 0.650800
vt 0.977200 0.641600
vt 0.987900 0.648200
vt 0.987900 0.664400
vt 0.950100 0.653900
vt 0.961800 0.664900
vt 0.987900 0.679800
vt 0.987900 0.698000
vt 0.987900 0.718400
vt 0.987900 0.751000
vt 0.910280 0.760444
vt 0.928387 0.766760
vt 0.929670 0.730667
vt 0.912781 0.725017
vt 0.933935 0.668155
vt 0.915757 0.687441
vt 0.931764 0.693669
vt 0.987900 0.783000
vt 0.543000 0.718200
vt 0.541900 0.696100
vt 0.526800 0.701700
vt 0.526800 0.720400
vt 0.538200 0.677900
vt 0.533400 0.663900
vt 0.526800 0.680400
vt 0.526800 0.693400
vt 0.546300 0.649800
vt 0.591397 0.680781
vt 0.566700 0.660200
vt 0.571985 0.685165
vt 0.551837 0.668453
vt 0.559800 0.664400
vt 0.555284 0.690397
vt 0.563194 0.687378
vt 0.612200 0.916400
vt 0.595800 0.917400
vt 0.642580 0.756216
vt 0.566300 0.918500
vt 0.580600 0.917300
vt 0.597193 0.887888
vt 0.540300 0.860500
vt 0.554100 0.892000
vt 0.539700 0.893100
vt 0.538500 0.919400
vt 0.526800 0.918900
vt 0.526800 0.863800
vt 0.526800 0.894600
vt 0.552500 0.919000
vt 0.943700 0.899800
vt 0.942100 0.924700
vt 0.957500 0.926000
vt 0.958900 0.900100
vt 0.987900 0.928100
vt 0.987900 0.902400
vt 0.987900 0.870300
vt 0.959600 0.867300
vt 0.926748 0.896905
vt 0.909121 0.854831
vt 0.908437 0.892428
vt 0.925300 0.922200
vt 0.907800 0.919400
vt 0.883700 0.886674
vt 0.883200 0.916500
vt 0.943956 0.804804
vt 0.927618 0.799293
vt 0.908176 0.793125
vt 0.885436 0.787013
vt 0.886147 0.751539
vt 0.987900 0.843200
vt 0.959600 0.839500
vt 0.987900 0.812200
vt 0.959400 0.808800
vt 0.526800 0.838300
vt 0.863311 0.882072
vt 0.840908 0.879545
vt 0.840000 0.911900
vt 0.863100 0.913500
vt 0.872500 0.914900
vt 0.812600 0.914000
vt 0.784500 0.913700
vt 0.849521 0.767971
vt 0.827242 0.764651
vt 0.544200 0.363600
vt 0.832900 0.333200
vt 0.855400 0.334900
vt 0.898700 0.523400
vt 0.924600 0.523900
vt 0.923900 0.498000
vt 0.898500 0.498400
vt 0.899500 0.547600
vt 0.925100 0.548300
vt 0.877800 0.542300
vt 0.855200 0.361600
vt 0.875500 0.365400
vt 0.876600 0.336300
vt 0.896900 0.336900
vt 0.705700 0.350300
vt 0.740500 0.347700
vt 0.709300 0.376100
vt 0.742600 0.369600
vt 0.713200 0.400200
vt 0.745700 0.393000
vt 0.679600 0.380500
vt 0.677100 0.353600
vt 0.682800 0.407400
vt 0.647100 0.356000
vt 0.625900 0.356600
vt 0.627900 0.386200
vt 0.648600 0.384400
vt 0.651100 0.413700
vt 0.630300 0.416600
vt 0.747200 0.415600
vt 0.716900 0.423100
vt 0.691400 0.477700
vt 0.693600 0.499800
vt 0.724700 0.490400
vt 0.722800 0.468600
vt 0.688800 0.455200
vt 0.720200 0.446300
vt 0.686200 0.430300
vt 0.926900 0.575800
vt 0.900900 0.571600
vt 0.888427 0.716497
vt 0.874522 0.746215
vt 0.875218 0.710540
vt 0.855800 0.580800
vt 0.833900 0.576600
vt 0.832800 0.600800
vt 0.854400 0.606200
vt 0.834300 0.553500
vt 0.810300 0.550000
vt 0.809700 0.574200
vt 0.834500 0.528600
vt 0.810000 0.524800
vt 0.856100 0.558700
vt 0.856300 0.535300
vt 0.877900 0.565000
vt 0.877500 0.587400
vt 0.782600 0.574500
vt 0.782600 0.548500
vt 0.782000 0.524300
vt 0.762000 0.548400
vt 0.761600 0.525600
vt 0.761900 0.575300
vt 0.809000 0.599300
vt 0.807300 0.626900
vt 0.831200 0.625800
vt 0.806290 0.655316
vt 0.831544 0.656192
vt 0.854163 0.661168
vt 0.730600 0.609500
vt 0.761600 0.602900
vt 0.782500 0.599700
vt 0.780900 0.630600
vt 0.728000 0.534000
vt 0.695800 0.521600
vt 0.663800 0.531900
vt 0.666900 0.553700
vt 0.698300 0.543500
vt 0.660800 0.510100
vt 0.639700 0.516800
vt 0.671700 0.578400
vt 0.650000 0.606200
vt 0.574759 0.710674
vt 0.643166 0.688342
vt 0.704100 0.616700
vt 0.603500 0.598900
vt 0.551100 0.540400
vt 0.592500 0.505900
vt 0.592600 0.479400
vt 0.543600 0.424800
vt 0.542500 0.393400
vt 0.564400 0.391300
vt 0.563600 0.360600
vt 0.568000 0.424800
vt 0.588000 0.390300
vt 0.593500 0.421700
vt 0.584200 0.359300
vt 0.607300 0.388400
vt 0.611400 0.419500
vt 0.605100 0.357900
vt 0.613300 0.446500
vt 0.612900 0.475700
vt 0.635300 0.470400
vt 0.633000 0.442400
vt 0.593900 0.451000
vt 0.654100 0.438500
vt 0.656700 0.464400
vt 0.637100 0.493900
vt 0.658500 0.487600
vt 0.615100 0.500100
vt 0.617700 0.523200
vt 0.570200 0.454500
vt 0.917200 0.337400
vt 0.874372 0.780128
vt 0.228600 0.288600
vt 0.208800 0.288400
vt 0.074000 0.288400
vt 0.762400 0.298800
vt 0.074100 0.305100
vt 0.942300 0.300100
vt 0.942300 0.335900
vt 0.073800 0.340300
vt 0.052600 0.340800
vt 0.057900 0.339200
vt 0.073300 0.366100
vt 0.917800 0.365100
vt 0.942300 0.362300
vt 0.057800 0.365200
vt 0.052600 0.366100
vt 0.072900 0.393000
vt 0.919200 0.392000
vt 0.942300 0.390300
vt 0.057500 0.392200
vt 0.052600 0.392800
vt 0.920200 0.418900
vt 0.942300 0.417100
vt 0.072200 0.418500
vt 0.056600 0.417600
vt 0.052600 0.417600
vt 0.921100 0.445100
vt 0.942300 0.443700
vt 0.071600 0.444200
vt 0.056400 0.442200
vt 0.052600 0.442700
vt 0.071000 0.470200
vt 0.922600 0.471800
vt 0.942300 0.471800
vt 0.056000 0.468800
vt 0.052600 0.469300
vt 0.070500 0.496700
vt 0.942300 0.499900
vt 0.052600 0.494500
vt 0.056800 0.495000
vt 0.070300 0.522500
vt 0.942300 0.526900
vt 0.052600 0.520700
vt 0.057600 0.520900
vt 0.942300 0.551600
vt 0.069100 0.547500
vt 0.052600 0.543200
vt 0.058300 0.545900
vt 0.066800 0.572000
vt 0.052600 0.562500
vt 0.060100 0.568900
vt 0.942300 0.573300
vt 0.947400 0.593400
vt 0.062900 0.591100
vt 0.051800 0.579600
vt 0.057900 0.589400
vt 0.045800 0.594600
vt 0.037900 0.611400
vt 0.942300 0.285300
vt 0.860000 0.386200
vt 0.877600 0.385600
vt 0.858700 0.413500
vt 0.876500 0.416500
vt 0.896700 0.418800
vt 0.887700 0.418600
vt 0.897700 0.445900
vt 0.858800 0.439100
vt 0.876300 0.443000
vt 0.886300 0.444700
vt 0.898400 0.472400
vt 0.884000 0.470000
vt 0.874700 0.461800
vt 0.867800 0.474900
vt 0.858900 0.461600
vt 0.858900 0.485500
vt 0.834600 0.499300
vt 0.835300 0.485200
vt 0.839400 0.458200
vt 0.826600 0.456200
vt 0.841100 0.434800
vt 0.812200 0.455700
vt 0.826800 0.433100
vt 0.811300 0.431700
vt 0.840900 0.410000
vt 0.823100 0.408300
vt 0.845903 0.801716
vt 0.823353 0.800249
vt 0.841865 0.839625
vt 0.818092 0.839067
vt 0.814624 0.879113
vt 0.787890 0.880298
vt 0.819251 0.825388
vt 0.795208 0.820680
vt 0.796918 0.799758
vt 0.765665 0.769394
vt 0.766277 0.805090
vt 0.775380 0.803810
vt 0.771925 0.767357
vt 0.801614 0.766365
vt 0.786502 0.799118
vt 0.785338 0.765345
vt 0.805507 0.730378
vt 0.770770 0.733682
vt 0.787269 0.732581
vt 0.763978 0.736552
vt 0.806336 0.696134
vt 0.760916 0.699345
vt 0.787186 0.812671
vt 0.875000 0.613300
vt 0.882354 0.845574
vt 0.844032 0.825584
vt 0.864525 0.821796
vt 0.872874 0.884418
vt 0.784400 0.456100
vt 0.810500 0.407500
vt 0.811400 0.382800
vt 0.811700 0.360500
vt 0.753000 0.459100
vt 0.772300 0.456400
vt 0.774300 0.456700
vt 0.750400 0.438200
vt 0.788300 0.386500
vt 0.783500 0.408800
vt 0.789400 0.408200
vt 0.793400 0.385400
vt 0.772900 0.365500
vt 0.776400 0.388000
vt 0.791200 0.363200
vt 0.795500 0.362300
vt 0.786300 0.387100
vt 0.788000 0.363600
vt 0.786900 0.431900
vt 0.780800 0.432100
vt 0.498100 0.935500
vt 0.497800 0.936300
vt 0.500200 0.907100
vt 0.498300 0.934700
vt 0.515200 0.937100
vt 0.515200 0.909600
vt 0.500400 0.880700
vt 0.515200 0.884000
vt 0.011200 0.901100
vt 0.027400 0.901100
vt 0.027100 0.871800
vt 0.011200 0.871100
vt 0.026300 0.848800
vt 0.500900 0.856200
vt 0.515200 0.860600
vt 0.011200 0.848600
vt 0.501500 0.827100
vt 0.515200 0.797800
vt 0.515200 0.830600
vt 0.029800 0.928500
vt 0.029600 0.926300
vt 0.011200 0.926400
vt 0.011200 0.928900
vt 0.047900 0.927700
vt 0.047300 0.926200
vt 0.038800 0.927100
vt 0.515200 0.939900
vt 0.515200 0.938300
vt 0.011200 0.931900
vt 0.093900 0.922100
vt 0.092500 0.925400
vt 0.093600 0.923700
vt 0.105100 0.923700
vt 0.105400 0.922600
vt 0.117200 0.922200
vt 0.117300 0.922600
vt 0.182900 0.920800
vt 0.167200 0.921000
vt 0.154800 0.920400
vt 0.154400 0.918700
vt 0.142200 0.919300
vt 0.142200 0.920700
vt 0.129000 0.921200
vt 0.128800 0.921800
vt 0.166900 0.920000
vt 0.247600 0.386700
vt 0.246400 0.361700
vt 0.250300 0.633300
vt 0.251184 0.675267
vt 0.272776 0.677172
vt 0.260469 0.677292
vt 0.251954 0.714393
vt 0.258692 0.715198
vt 0.362821 0.801773
vt 0.410100 0.924400
vt 0.386500 0.922500
vt 0.276978 0.751760
vt 0.192760 0.846771
vt 0.110563 0.766482
vt 0.124335 0.762720
vt 0.135857 0.791017
vt 0.137016 0.756863
vt 0.109873 0.731078
vt 0.124026 0.727632
vt 0.109034 0.693802
vt 0.124888 0.686861
vt 0.107545 0.654024
vt 0.191179 0.673093
vt 0.145457 0.826080
vt 0.138431 0.813346
vt 0.160587 0.838639
vt 0.160733 0.785514
vt 0.160747 0.810580
vt 0.192214 0.838356
vt 0.191589 0.807316
vt 0.214370 0.779815
vt 0.216156 0.836994
vt 0.213988 0.808499
vt 0.236329 0.784139
vt 0.235235 0.815861
vt 0.240043 0.820904
vt 0.230355 0.826859
vt 0.276069 0.788136
vt 0.299983 0.793018
vt 0.274793 0.823197
vt 0.260469 0.824968
vt 0.277132 0.847657
vt 0.208600 0.382600
vt 0.208600 0.358000
vt 0.209200 0.333600
vt 0.246200 0.337000
vt 0.209500 0.301800
vt 0.229000 0.302100
vt 0.228600 0.383800
vt 0.231800 0.384700
vt 0.236800 0.409100
vt 0.249200 0.411700
vt 0.630100 0.915300
vt 0.643417 0.847851
vt 0.748225 0.699180
vt 0.728960 0.701679
vt 0.707600 0.913700
vt 0.680000 0.913900
vt 0.654900 0.913400
vt 0.683419 0.879260
vt 0.704374 0.645192
vt 0.680301 0.651952
vt 0.704390 0.671751
vt 0.652513 0.684856
vt 0.679685 0.678536
vt 0.654841 0.716471
vt 0.703986 0.705102
vt 0.680908 0.711924
vt 0.703229 0.737986
vt 0.652305 0.781780
vt 0.737300 0.806883
vt 0.733260 0.828827
vt 0.752230 0.828773
vt 0.753251 0.805667
vt 0.734200 0.912100
vt 0.747966 0.843431
vt 0.731528 0.847647
vt 0.764100 0.913600
vt 0.676444 0.775335
vt 0.683764 0.861192
vt 0.709965 0.881352
vt 0.701175 0.801835
vt 0.692267 0.820440
vt 0.718699 0.806233
vt 0.505000 0.608600
vt 0.502900 0.591000
vt 0.502600 0.571000
vt 0.250600 0.204800
vt 0.310400 0.206400
vt 0.306400 0.202000
vt 0.225400 0.189600
vt 0.018900 0.222300
vt 0.019700 0.217200
vt 0.250700 0.218600
vt 0.250300 0.206000
vt 0.308900 0.217900
vt 0.310900 0.209400
vt 0.016800 0.232100
vt 0.030300 0.233600
vt 0.028900 0.245300
vt 0.016300 0.245200
vt 0.023300 0.270700
vt 0.346800 0.191600
vt 0.353300 0.175000
vt 0.219400 0.173800
vt 0.222000 0.181600
vt 0.222800 0.190400
vt 0.248700 0.106600
vt 0.210200 0.162200
vt 0.188600 0.161100
vt 0.305400 0.144700
vt 0.352500 0.119500
vt 0.339700 0.113500
vt 0.357500 0.110400
vt 0.270400 0.153300
vt 0.291500 0.142000
vt 0.242700 0.161000
vt 0.302600 0.124500
vt 0.134700 0.126900
vt 0.145900 0.144200
vt 0.166500 0.158000
vt 0.210200 0.165800
vt 0.131300 0.111400
vt 0.129600 0.103600
vt 0.187900 0.164700
vt 0.167500 0.193400
vt 0.103500 0.155200
vt 0.081200 0.144800
vt 0.241700 0.234100
vt 0.152900 0.240400
vt 0.159600 0.239700
vt 0.131300 0.214400
vt 0.146200 0.211500
vt 0.168400 0.194700
vt 0.161000 0.202300
vt 0.111200 0.214900
vt 0.087300 0.211300
vt 0.066500 0.203000
vt 0.020000 0.143800
vt 0.028500 0.167100
vt 0.020600 0.128500
vt 0.044400 0.187000
vt 0.144200 0.021800
vt 0.167700 0.024400
vt 0.168200 0.018500
vt 0.144000 0.015900
vt 0.116600 0.015900
vt 0.116400 0.023700
vt 0.168600 0.046800
vt 0.169400 0.036900
vt 0.085700 0.022500
vt 0.086000 0.014200
vt 0.054800 0.012600
vt 0.053100 0.020000
vt 0.008300 0.021200
vt 0.018800 0.020800
vt 0.018700 0.014500
vt 0.007300 0.016200
vt 0.008800 0.039700
vt 0.020500 0.040100
vt 0.050000 0.060200
vt 0.054000 0.041400
vt 0.083500 0.045900
vt 0.143700 0.059900
vt 0.155400 0.070000
vt 0.126000 0.066300
vt 0.143500 0.079500
vt 0.114900 0.073000
vt 0.125400 0.089700
vt 0.102000 0.082800
vt 0.108100 0.096700
vt 0.170400 0.023700
vt 0.171400 0.018000
vt 0.170400 0.045900
vt 0.170900 0.036400
vt 0.006600 0.021300
vt 0.005500 0.016400
vt 0.006900 0.040900
vt 0.040700 0.089800
vt 0.023400 0.077100
vt 0.059600 0.099700
vt 0.049900 0.096000
vt 0.012600 0.059600
vt 0.073800 0.103200
vt 0.168200 0.053300
vt 0.163200 0.061700
vt 0.157300 0.071600
vt 0.145700 0.081400
vt 0.127300 0.093500
vt 0.108600 0.099300
vt 0.088800 0.102500
vt 0.506400 0.190700
vt 0.494600 0.191000
vt 0.494800 0.193700
vt 0.506200 0.193600
vt 0.494000 0.199700
vt 0.493900 0.204200
vt 0.571400 0.211400
vt 0.573200 0.202300
vt 0.568500 0.201400
vt 0.565900 0.210600
vt 0.550100 0.217900
vt 0.504900 0.211600
vt 0.500700 0.214400
vt 0.512400 0.214600
vt 0.514200 0.212200
vt 0.504900 0.219800
vt 0.518700 0.218800
vt 0.512900 0.225700
vt 0.523600 0.223800
vt 0.520700 0.229300
vt 0.552200 0.198200
vt 0.549900 0.208500
s 1
usemtl Bottommat.001
f 1/1/1 2/2/2 3/3/3
f 4/4/4 5/5/5 6/6/6
f 7/7/7 8/8/8 9/9/9
f 10/10/10 7/7/7 11/11/11
f 11/11/11 12/12/12 10/10/10
f 13/13/13 14/14/14 15/15/15
f 16/16/16 13/13/13 17/17/17
f 13/13/13 18/18/18 14/14/14
f 19/19/19 14/14/14 18/18/18
f 11/11/11 20/20/20 21/21/21
f 22/22/22 23/23/23 24/24/24
f 25/25/25 26/26/26 27/27/27
f 28/28/28 27/27/27 29/29/29
f 29/29/29 30/30/30 28/28/28
f 31/31/31 32/32/32 33/33/33
f 34/34/34 35/35/35 36/36/36
f 35/35/35 37/37/37 36/36/36
f 37/37/37 35/35/35 38/38/38
f 39/39/39 40/40/40 28/28/28
f 23/23/23 41/41/41 42/42/42
f 43/43/43 5/5/5 44/44/44
f 2/2/2 6/6/6 3/3/3
f 5/5/5 45/45/45 44/44/44
f 5/5/5 46/46/46 45/45/45
f 46/46/46 47/47/47 17/17/17
f 32/32/32 36/36/36 48/48/48
f 49/49/49 50/50/50 51/51/51
f 52/52/52 53/53/53 49/49/49
f 54/54/54 55/55/55 56/56/56
f 56/56/56 57/57/57 54/54/54
f 58/58/58 59/59/59 60/60/60
f 61/61/61 62/62/62 60/60/60
f 63/63/63 64/64/64 65/65/65
f 64/64/64 66/66/66 67/67/67
f 67/67/67 68/68/68 65/65/65
f 64/64/64 67/67/67 65/65/65
f 59/59/59 69/69/69 61/61/61
f 59/59/59 61/61/61 60/60/60
f 70/70/70 71/71/71 72/72/72
f 72/72/72 73/73/73 70/70/70
f 74/74/74 75/75/75 76/76/76
f 71/71/71 77/77/77 78/78/78
f 73/73/73 79/79/79 70/70/70
f 71/71/71 78/78/78 72/72/72
f 76/76/76 80/80/80 74/74/74
f 75/75/75 81/81/81 76/76/76
f 82/82/82 83/83/83 84/84/84
f 85/85/85 86/86/86 87/87/87
f 88/88/88 89/89/89 90/90/90
f 91/91/91 92/92/92 93/93/93
f 94/94/94 95/95/95 96/96/96
f 97/97/97 98/98/98 99/99/99
f 92/92/92 100/100/100 93/93/93
f 83/83/83 101/101/101 84/84/84
f 87/87/87 101/101/101 85/85/85
f 87/87/87 84/84/84 101/101/101
f 102/102/102 103/103/103 104/104/104
f 105/105/105 106/106/106 107/107/107
f 108/108/108 109/109/109 110/110/110
f 111/111/111 112/112/112 113/113/113
f 114/114/114 115/115/115 116/116/116
f 117/117/117 118/118/118 119/119/119
f 112/112/112 120/120/120 113/113/113
f 103/103/103 121/121/121 104/104/104
f 107/107/107 121/121/121 105/105/105
f 107/107/107 104/104/104 121/121/121
f 122/122/122 123/123/123 124/124/124
f 125/125/125 126/126/126 127/127/127
f 128/128/128 129/129/129 130/130/130
f 131/131/131 132/132/132 133/133/133
f 134/134/134 135/135/135 136/136/136
f 137/137/137 138/138/138 139/139/139
f 132/132/132 140/140/140 133/133/133
f 123/123/123 141/141/141 124/124/124
f 127/127/127 141/141/141 125/125/125
f 127/127/127 124/124/124 141/141/141
f 142/142/142 143/143/143 144/144/144
f 145/145/145 146/146/146 147/147/147
f 148/148/148 149/149/149 150/150/150
f 151/151/151 152/152/152 153/153/153
f 154/154/154 155/155/155 156/156/156
f 157/157/157 158/158/158 159/159/159
f 152/152/152 160/160/160 153/153/153
f 143/143/143 161/161/161 144/144/144
f 147/147/147 161/161/161 145/145/145
f 147/147/147 144/144/144 161/161/161
f 162/162/162 163/163/163 164/164/164
f 165/165/165 166/166/166 167/167/167
f 168/168/168 169/169/169 170/170/170
f 171/171/171 172/172/172 173/173/173
f 174/174/174 175/175/175 176/176/176
f 177/177/177 178/178/178 179/179/179
f 172/172/172 180/180/180 173/173/173
f 163/163/163 181/181/181 164/164/164
f 167/167/167 181/181/181 165/165/165
f 167/167/167 164/164/164 181/181/181
f 182/182/182 183/183/183 184/184/184
f 184/184/184 185/185/185 182/182/182
f 186/186/186 187/187/187 188/188/188
f 183/183/183 189/189/189 190/190/190
f 185/185/185 191/191/191 182/182/182
f 183/183/183 190/190/190 184/184/184
f 188/188/188 192/192/192 186/186/186
f 187/187/187 193/193/193 188/188/188
f 194/194/194 195/195/195 196/196/196
f 197/197/197 195/195/195 194/194/194
f 198/198/198 199/199/199 200/200/200
f 201/201/201 202/202/202 203/203/203
f 204/204/204 205/205/205 206/206/206
f 207/207/207 208/208/208 209/209/209
f 207/207/207 206/206/206 208/208/208
f 204/204/204 206/206/206 207/207/207
f 210/210/210 211/211/211 212/212/212
f 196/196/196 210/210/210 194/194/194
f 213/213/213 214/214/214 215/215/215
f 216/216/216 217/217/217 218/218/218
f 218/218/218 217/217/217 219/219/219
f 220/220/220 221/221/221 222/222/222
f 223/223/223 224/224/224 225/225/225
f 226/226/226 227/227/227 228/228/228
f 229/229/229 230/230/230 231/231/231
f 230/230/230 226/226/226 231/231/231
f 231/231/231 226/226/226 228/228/228
f 232/232/232 233/233/233 234/234/234
f 235/235/235 236/236/236 237/237/237
f 215/215/215 214/214/214 238/238/238
f 196/196/196 211/211/211 210/210/210
f 239/239/239 240/240/240 241/241/241
f 241/241/241 242/242/242 239/239/239
f 239/239/239 242/242/242 243/243/243
f 244/244/244 245/245/245 246/246/246
f 246/246/246 247/247/247 244/244/244
f 248/248/248 249/249/249 245/245/245
f 245/245/245 249/249/249 246/246/246
f 249/249/249 250/250/250 246/246/246
f 251/251/251 252/252/252 253/253/253
f 254/254/254 252/252/252 251/251/251
f 255/255/255 252/252/252 254/254/254
f 256/256/256 252/252/252 255/255/255
f 257/257/257 251/251/251 258/258/258
f 257/257/257 254/254/254 251/251/251
f 259/259/259 260/260/260 261/261/261
f 261/261/261 262/262/262 259/259/259
f 263/263/263 262/262/262 261/261/261
f 264/264/264 265/265/265 266/266/266
f 267/267/267 268/268/268 269/269/269
f 266/266/266 268/268/268 267/267/267
f 266/266/266 270/270/270 268/268/268
f 271/271/271 272/272/272 273/273/273
f 273/273/273 272/272/272 274/274/274
f 274/274/274 272/272/272 275/275/275
f 275/275/275 272/272/272 276/276/276
f 277/277/277 278/278/278 279/279/279
f 279/279/279 280/280/280 281/281/281
f 279/279/279 282/282/282 277/277/277
f 283/283/283 284/284/284 285/285/285
f 286/286/286 287/287/287 288/288/288
f 289/289/289 290/290/290 291/291/291
f 292/292/292 293/293/293 290/290/290
f 294/294/294 295/295/295 296/296/296
f 297/297/297 294/294/294 298/298/298
f 299/299/299 300/300/300 294/294/294
f 301/301/301 295/295/295 302/302/302
f 303/303/303 304/304/304 305/305/305
f 306/306/306 303/303/303 307/307/307
f 308/308/308 309/309/309 310/310/310
f 309/309/309 307/307/307 311/311/311
f 310/310/310 312/312/312 313/313/313
f 314/314/314 315/315/315 316/316/316
f 307/307/307 305/305/305 317/317/317
f 305/305/305 286/286/286 318/318/318
f 318/318/318 288/288/288 316/316/316
f 317/317/317 318/318/318 315/315/315
f 319/319/319 320/320/320 308/308/308
f 321/321/321 306/306/306 320/320/320
f 320/320/320 306/306/306 309/309/309
f 322/322/322 323/323/323 324/324/324
f 325/325/325 326/326/326 327/327/327
f 328/328/328 329/329/329 330/330/330
f 331/331/331 332/332/332 333/333/333
f 334/334/334 335/335/335 336/336/336
f 337/337/337 338/338/338 339/339/339
f 340/340/340 341/341/341 337/337/337
f 338/338/338 337/337/337 341/341/341
f 342/342/342 340/340/340 337/337/337
f 343/343/343 342/342/342 337/337/337
f 344/344/344 343/343/343 337/337/337
f 345/345/345 344/344/344 337/337/337
f 346/346/346 345/345/345 337/337/337
f 347/347/347 346/346/346 337/337/337
f 348/348/348 349/349/349 337/337/337
f 350/350/350 337/337/337 349/349/349
f 351/351/351 348/348/348 337/337/337
f 337/337/337 352/352/352 351/351/351
f 337/337/337 353/353/353 352/352/352
f 354/354/354 355/355/355 337/337/337
f 350/350/350 347/347/347 337/337/337
f 337/337/337 356/356/356 357/357/357
f 337/337/337 339/339/339 356/356/356
f 337/337/337 358/358/358 359/359/359
f 357/357/357 358/358/358 337/337/337
f 337/337/337 360/360/360 361/361/361
f 362/362/362 360/360/360 337/337/337
f 337/337/337 363/363/363 362/362/362
f 361/361/361 364/364/364 337/337/337
f 364/364/364 354/354/354 337/337/337
f 365/365/365 363/363/363 337/337/337
f 365/365/365 337/337/337 366/366/366
f 366/366/366 337/337/337 367/367/367
f 368/368/368 367/367/367 337/337/337
f 369/369/369 368/368/368 337/337/337
f 369/369/369 337/337/337 370/370/370
f 371/371/371 337/337/337 372/372/372
f 370/370/370 337/337/337 371/371/371
f 372/372/372 337/337/337 373/373/373
f 337/337/337 374/374/374 373/373/373
f 337/337/337 375/375/375 374/374/374
f 337/337/337 359/359/359 375/375/375
f 376/376/376 377/377/377 378/378/378
f 379/379/379 380/380/380 381/381/381
f 382/382/382 383/383/383 384/384/384
f 385/385/385 386/386/386 387/387/387
f 388/388/388 385/385/385 389/389/389
f 390/390/390 391/391/391 392/392/392
f 393/393/393 394/394/394 395/395/395
f 396/396/396 397/397/397 393/393/393
f 397/397/397 391/391/391 394/394/394
f 398/398/398 393/393/393 399/399/399
f 399/399/399 395/395/395 400/400/400
f 400/400/400 401/401/401 402/402/402
f 402/402/402 403/403/403 388/388/388
f 404/404/404 405/405/405 406/406/406
f 407/407/407 396/396/396 408/408/408
f 409/409/409 410/410/410 411/411/411
f 412/412/412 413/413/413 414/414/414
f 415/415/415 416/416/416 417/417/417
f 418/418/418 419/419/419 420/420/420
f 421/421/421 389/389/389 418/418/418
f 418/418/418 422/422/422 423/423/423
f 424/424/424 399/399/399 425/425/425
f 426/426/426 427/427/427 428/428/428
f 429/429/429 430/430/430 431/431/431
f 432/432/432 433/433/433 434/434/434
f 432/432/432 435/435/435 436/436/436
f 437/437/437 429/429/429 438/438/438
f 438/438/438 429/429/429 439/439/439
f 437/437/437 440/440/440 441/441/441
f 424/424/424 442/442/442 398/398/398
f 382/382/382 443/443/443 444/444/444
f 445/445/445 443/443/443 446/446/446
f 447/447/447 448/448/448 449/449/449
f 450/450/450 451/451/451 452/452/452
f 453/453/453 454/454/454 455/455/455
f 456/456/456 457/457/457 458/458/458
f 459/459/459 460/460/460 461/461/461
f 462/462/462 463/463/463 464/464/464
f 465/465/465 466/466/466 467/467/467
f 468/468/468 469/469/469 470/470/470
f 471/471/471 472/472/472 473/473/473
f 474/474/474 475/475/475 468/468/468
f 474/474/474 468/468/468 476/476/476
f 476/476/476 471/471/471 474/474/474
f 477/477/477 472/472/472 478/478/478
f 479/479/479 480/480/480 481/481/481
f 482/482/482 483/483/483 484/484/484
f 485/485/485 484/484/484 481/481/481
f 481/481/481 480/480/480 485/485/485
f 486/486/486 487/487/487 488/488/488
f 489/489/489 490/490/490 491/491/491
f 492/492/492 493/493/493 494/494/494
f 495/495/495 496/496/496 497/497/497
f 498/498/498 499/499/499 497/497/497
f 498/498/498 497/497/497 500/500/500
f 501/501/501 502/502/502 503/503/503
f 504/504/504 505/505/505 506/506/506
f 507/507/507 508/508/508 509/509/509
f 510/510/510 511/511/511 512/512/512
f 513/513/513 514/514/514 515/515/515
f 516/516/516 517/517/517 518/518/518
f 519/519/519 520/520/520 521/521/521
f 522/522/522 523/523/523 524/524/524
f 525/525/525 526/526/526 527/527/527
f 528/528/528 529/529/529 530/530/530
f 531/531/531 532/532/532 533/533/533
f 534/534/534 532/532/532 535/535/535
f 531/531/531 536/536/536 537/537/537
f 538/538/538 532/532/532 539/539/539
f 533/533/533 540/540/540 531/531/531
f 537/537/537 539/539/539 531/531/531
f 541/541/541 537/537/537 542/542/542
f 537/537/537 543/543/543 539/539/539
f 541/541/541 544/544/544 537/537/537
f 543/543/543 537/537/537 545/545/545
f 545/545/545 544/544/544 546/546/546
f 547/547/547 546/546/546 548/548/548
f 549/549/549 550/550/550 547/547/547
f 551/551/551 552/552/552 553/553/553
f 554/554/554 555/555/555 556/556/556
f 554/554/554 553/553/553 552/552/552
f 557/557/557 558/558/558 559/559/559
f 560/560/560 561/561/561 562/562/562
f 563/563/563 564/564/564 565/565/565
f 566/566/566 567/567/567 568/568/568
f 569/569/569 570/570/570 571/571/571
f 572/572/572 571/571/571 573/573/573
f 574/574/574 575/575/575 576/576/576
f 577/577/577 569/569/569 571/571/571
f 577/577/577 571/571/571 576/576/576
f 577/577/577 576/576/576 578/578/578
f 579/579/579 580/580/580 581/581/581
f 581/581/581 582/582/582 579/579/579
f 581/581/581 583/583/583 582/582/582
f 584/584/584 574/574/574 572/572/572
f 585/585/585 586/586/586 587/587/587
f 588/588/588 589/589/589 590/590/590
f 588/588/588 590/590/590 591/591/591
f 592/592/592 586/586/586 593/593/593
f 586/586/586 594/594/594 593/593/593
f 595/595/595 519/519/519 596/596/596
f 597/597/597 598/598/598 595/595/595
f 599/599/599 592/592/592 600/600/600
f 601/601/601 602/602/602 603/603/603
f 604/604/604 605/605/605 606/606/606
f 607/607/607 605/605/605 604/604/604
f 605/605/605 608/608/608 609/609/609
f 610/610/610 611/611/611 612/612/612
f 604/604/604 613/613/613 614/614/614
f 615/615/615 616/616/616 514/514/514
f 514/514/514 513/513/513 615/615/615
f 617/617/617 618/618/618 619/619/619
f 617/617/617 620/620/620 621/621/621
f 622/622/622 623/623/623 624/624/624
f 625/625/625 624/624/624 623/623/623
f 623/623/623 622/622/622 626/626/626
f 626/626/626 627/627/627 623/623/623
f 628/628/628 627/627/627 626/626/626
f 629/629/629 625/625/625 623/623/623
f 629/629/629 630/630/630 631/631/631
f 631/631/631 625/625/625 629/629/629
f 632/632/632 625/625/625 631/631/631
f 633/633/633 631/631/631 634/634/634
f 635/635/635 626/626/626 636/636/636
f 636/636/636 637/637/637 635/635/635
f 635/635/635 628/628/628 626/626/626
f 638/638/638 639/639/639 640/640/640
f 403/403/403 641/641/641 385/385/385
f 640/640/640 642/642/642 638/638/638
f 640/640/640 643/643/643 644/644/644
f 645/645/645 646/646/646 647/647/647
f 646/646/646 648/648/648 647/647/647
f 649/649/649 645/645/645 647/647/647
f 650/650/650 644/644/644 651/651/651
f 650/650/650 651/651/651 652/652/652
f 635/635/635 653/653/653 654/654/654
f 655/655/655 656/656/656 411/411/411
f 654/654/654 653/653/653 657/657/657
f 658/658/658 659/659/659 660/660/660
f 661/661/661 662/662/662 663/663/663
f 664/664/664 661/661/661 665/665/665
f 665/665/665 666/666/666 664/664/664
f 667/667/667 668/668/668 669/669/669
f 670/670/670 671/671/671 672/672/672
f 673/673/673 658/658/658 660/660/660
f 674/674/674 675/675/675 676/676/676
f 677/677/677 678/678/678 679/679/679
f 680/680/680 625/625/625 681/681/681
f 682/682/682 301/301/301 683/683/683
f 684/684/684 685/685/685 632/632/632
f 686/686/686 323/323/323 687/687/687
f 688/688/688 684/684/684 633/633/633
f 689/689/689 686/686/686 690/690/690
f 690/690/690 691/691/691 689/689/689
f 690/690/690 688/688/688 691/691/691
f 692/692/692 693/693/693 694/694/694
f 325/325/325 695/695/695 326/326/326
f 696/696/696 506/506/506 697/697/697
f 698/698/698 699/699/699 700/700/700
f 334/334/334 701/701/701 335/335/335
f 701/701/701 702/702/702 335/335/335
f 703/703/703 704/704/704 705/705/705
f 332/332/332 701/701/701 333/333/333
f 332/332/332 702/702/702 701/701/701
f 706/706/706 674/674/674 676/676/676
f 658/658/658 674/674/674 706/706/706
f 675/675/675 707/707/707 676/676/676
f 300/300/300 302/302/302 295/295/295
f 299/299/299 708/708/708 300/300/300
f 708/708/708 709/709/709 300/300/300
f 297/297/297 299/299/299 294/294/294
f 710/710/710 711/711/711 712/712/712
f 713/713/713 710/710/710 712/712/712
f 714/714/714 715/715/715 712/712/712
f 715/715/715 716/716/716 712/712/712
f 717/717/717 718/718/718 712/712/712
f 718/718/718 714/714/714 712/712/712
f 719/719/719 717/717/717 712/712/712
f 711/711/711 719/719/719 712/712/712
f 716/716/716 720/720/720 712/712/712
f 720/720/720 721/721/721 712/712/712
f 721/721/721 722/722/722 712/712/712
f 722/722/722 723/723/723 712/712/712
f 723/723/723 724/724/724 712/712/712
f 725/725/725 726/726/726 712/712/712
f 726/726/726 727/727/727 712/712/712
f 727/727/727 728/728/728 712/712/712
f 728/728/728 729/729/729 712/712/712
f 729/729/729 713/713/713 712/712/712
f 730/730/730 725/725/725 712/712/712
f 731/731/731 730/730/730 712/712/712
f 732/732/732 731/731/731 712/712/712
f 733/733/733 732/732/732 712/712/712
f 724/724/724 733/733/733 712/712/712
f 734/734/734 735/735/735 736/736/736
f 735/735/735 737/737/737 736/736/736
f 737/737/737 738/738/738 736/736/736
f 738/738/738 739/739/739 736/736/736
f 740/740/740 741/741/741 736/736/736
f 742/742/742 743/743/743 736/736/736
f 744/744/744 742/742/742 736/736/736
f 745/745/745 746/746/746 736/736/736
f 743/743/743 745/745/745 736/736/736
f 746/746/746 740/740/740 736/736/736
f 741/741/741 747/747/747 736/736/736
f 747/747/747 734/734/734 736/736/736
f 748/748/748 744/744/744 736/736/736
f 749/749/749 748/748/748 736/736/736
f 750/750/750 751/751/751 736/736/736
f 752/752/752 750/750/750 736/736/736
f 753/753/753 754/754/754 736/736/736
f 754/754/754 752/752/752 736/736/736
f 755/755/755 753/753/753 736/736/736
f 751/751/751 756/756/756 736/736/736
f 739/739/739 757/757/757 736/736/736
f 757/757/757 755/755/755 736/736/736
f 756/756/756 749/749/749 736/736/736
f 337/337/337 355/355/355 353/353/353
f 496/496/496 758/758/758 759/759/759
f 635/635/635 637/637/637 653/653/653
f 760/760/760 761/761/761 762/762/762
f 763/763/763 764/764/764 765/765/765
f 511/511/511 510/510/510 766/766/766
f 705/705/705 767/767/767 508/508/508
f 487/487/487 768/768/768 488/488/488
f 310/310/310 311/311/311 312/312/312
f 306/306/306 307/307/307 309/309/309
f 309/309/309 311/311/311 310/310/310
f 305/305/305 318/318/318 317/317/317
f 304/304/304 286/286/286 305/305/305
f 322/322/322 769/769/769 323/323/323
f 686/686/686 770/770/770 323/323/323
f 437/437/437 771/771/771 440/440/440
f 429/429/429 772/772/772 430/430/430
f 437/437/437 773/773/773 429/429/429
f 429/429/429 431/431/431 439/439/439
f 400/400/400 395/395/395 401/401/401
f 401/401/401 774/774/774 638/638/638
f 775/775/775 528/528/528 776/776/776
f 398/398/398 396/396/396 393/393/393
f 442/442/442 408/408/408 398/398/398
f 393/393/393 397/397/397 394/394/394
f 397/397/397 777/777/777 391/391/391
f 396/396/396 778/778/778 397/397/397
f 396/396/396 398/398/398 408/408/408
f 399/399/399 393/393/393 395/395/395
f 424/424/424 398/398/398 399/399/399
f 426/426/426 425/425/425 427/427/427
f 288/288/288 779/779/779 316/316/316
f 287/287/287 780/780/780 288/288/288
f 534/534/534 533/533/533 532/532/532
f 532/532/532 531/531/531 539/539/539
f 543/543/543 781/781/781 539/539/539
f 404/404/404 782/782/782 405/405/405
f 320/320/320 309/309/309 308/308/308
f 682/682/682 769/769/769 301/301/301
f 313/313/313 312/312/312 783/783/783
f 685/685/685 784/784/784 681/681/681
f 785/785/785 680/680/680 786/786/786
f 400/400/400 787/787/787 427/427/427
f 444/444/444 469/469/469 788/788/788
f 475/475/475 383/383/383 788/788/788
f 789/789/789 790/790/790 383/383/383
f 443/443/443 382/382/382 446/446/446
f 789/789/789 474/474/474 791/791/791
f 673/673/673 674/674/674 658/658/658
f 668/668/668 792/792/792 669/669/669
f 412/412/412 793/793/793 413/413/413
f 294/294/294 300/300/300 295/295/295
f 300/300/300 709/709/709 302/302/302
f 307/307/307 317/317/317 311/311/311
f 321/321/321 794/794/794 306/306/306
f 283/283/283 795/795/795 284/284/284
f 290/290/290 796/796/796 291/291/291
f 293/293/293 797/797/797 290/290/290
f 432/432/432 798/798/798 433/433/433
f 432/432/432 799/799/799 435/435/435
f 654/654/654 800/800/800 656/656/656
f 410/410/410 801/801/801 411/411/411
f 386/386/386 802/802/802 669/669/669
f 388/388/388 403/403/403 385/385/385
f 385/385/385 641/641/641 386/386/386
f 403/403/403 803/803/803 641/641/641
f 402/402/402 401/401/401 403/403/403
f 388/388/388 421/421/421 416/416/416
f 421/421/421 388/388/388 389/389/389
f 636/636/636 804/804/804 420/420/420
f 805/805/805 806/806/806 807/807/807
f 625/625/625 680/680/680 624/624/624
f 303/303/303 305/305/305 307/307/307
f 318/318/318 316/316/316 315/315/315
f 286/286/286 288/288/288 318/318/318
f 544/544/544 545/545/545 537/537/537
f 525/525/525 776/776/776 524/524/524
f 523/523/523 808/808/808 524/524/524
f 618/618/618 523/523/523 522/522/522
f 523/523/523 809/809/809 808/808/808
f 390/390/390 810/810/810 391/391/391
f 277/277/277 811/811/811 278/278/278
f 279/279/279 812/812/812 282/282/282
f 376/376/376 813/813/813 377/377/377
f 379/379/379 814/814/814 380/380/380
f 815/815/815 816/816/816 817/817/817
f 818/818/818 819/819/819 820/820/820
f 821/821/821 822/822/822 823/823/823
f 824/824/824 820/820/820 825/825/825
f 826/826/826 827/827/827 828/828/828
f 829/829/829 830/830/830 831/831/831
f 832/832/832 833/833/833 834/834/834
f 832/832/832 835/835/835 836/836/836
f 824/824/824 818/818/818 820/820/820
f 837/837/837 838/838/838 839/839/839
f 840/840/840 841/841/841 842/842/842
f 843/843/843 844/844/844 845/845/845
f 846/846/846 847/847/847 848/848/848
f 849/849/849 850/850/850 851/851/851
f 840/840/840 842/842/842 852/852/852
f 849/849/849 853/853/853 854/854/854
f 843/843/843 855/855/855 844/844/844
f 827/827/827 856/856/856 828/828/828
f 829/829/829 824/824/824 825/825/825
f 829/829/829 825/825/825 830/830/830
f 857/857/857 858/858/858 859/859/859
f 860/860/860 861/861/861 862/862/862
f 863/863/863 864/864/864 865/865/865
f 866/866/866 867/867/867 868/868/868
f 866/866/866 868/868/868 869/869/869
f 870/870/870 871/871/871 872/872/872
f 873/873/873 870/870/870 874/874/874
f 874/874/874 875/875/875 876/876/876
f 870/870/870 866/866/866 874/874/874
f 877/877/877 878/878/878 879/879/879
f 880/880/880 881/881/881 882/882/882
f 880/880/880 877/877/877 883/883/883
f 884/884/884 885/885/885 886/886/886
f 887/887/887 884/884/884 886/886/886
f 888/888/888 889/889/889 890/890/890
f 891/891/891 886/886/886 890/890/890
f 865/865/865 864/864/864 892/892/892
f 874/874/874 876/876/876 873/873/873
f 893/893/893 894/894/894 895/895/895
f 896/896/896 897/897/897 898/898/898
f 899/899/899 900/900/900 901/901/901
f 900/900/900 902/902/902 901/901/901
f 903/903/903 904/904/904 905/905/905
f 893/893/893 906/906/906 907/907/907
f 905/905/905 908/908/908 903/903/903
f 909/909/909 897/897/897 910/910/910
f 911/911/911 912/912/912 909/909/909
f 913/913/913 914/914/914 911/911/911
f 915/915/915 916/916/916 917/917/917
f 918/918/918 919/919/919 920/920/920
f 921/921/921 918/918/918 922/922/922
f 918/918/918 923/923/923 919/919/919
f 924/924/924 925/925/925 926/926/926
f 926/926/926 922/922/922 918/918/918
f 926/926/926 927/927/927 928/928/928
f 929/929/929 916/916/916 915/915/915
f 915/915/915 925/925/925 924/924/924
f 924/924/924 930/930/930 931/931/931
f 932/932/932 933/933/933 934/934/934
f 895/895/895 894/894/894 935/935/935
f 925/925/925 915/915/915 936/936/936
f 904/904/904 912/912/912 911/911/911
f 937/937/937 938/938/938 939/939/939
f 897/897/897 909/909/909 898/898/898
f 916/916/916 940/940/940 917/917/917
f 941/941/941 942/942/942 943/943/943
f 944/944/944 945/945/945 946/946/946
f 947/947/947 948/948/948 949/949/949
f 950/950/950 951/951/951 952/952/952
f 953/953/953 950/950/950 954/954/954
f 954/954/954 955/955/955 953/953/953
f 947/947/947 955/955/955 954/954/954
f 947/947/947 949/949/949 956/956/956
f 957/957/957 958/958/958 959/959/959
f 960/960/960 956/956/956 961/961/961
f 962/962/962 963/963/963 964/964/964
f 965/965/965 966/966/966 967/967/967
f 968/968/968 969/969/969 970/970/970
f 971/971/971 972/972/972 973/973/973
f 972/972/972 971/971/971 974/974/974
f 968/968/968 972/972/972 974/974/974
f 968/968/968 975/975/975 969/969/969
f 976/976/976 977/977/977 978/978/978
f 979/979/979 980/980/980 975/975/975
f 981/981/981 982/982/982 945/945/945
f 967/967/967 983/983/983 984/984/984
f 5/5/5 43/43/43 3/3/3
f 5/5/5 3/3/3 6/6/6
f 4/4/4 6/6/6 2/2/2
f 4/4/4 2/2/2 985/985/985
f 986/986/986 47/47/47 4/4/4
f 986/986/986 4/4/4 985/985/985
f 47/47/47 46/46/46 5/5/5
f 47/47/47 5/5/5 4/4/4
f 11/11/11 7/7/7 9/9/9
f 11/11/11 9/9/9 20/20/20
f 7/7/7 19/19/19 987/987/987
f 7/7/7 987/987/987 8/8/8
f 14/14/14 19/19/19 7/7/7
f 14/14/14 7/7/7 10/10/10
f 12/12/12 15/15/15 14/14/14
f 12/12/12 14/14/14 10/10/10
f 18/18/18 988/988/988 987/987/987
f 18/18/18 987/987/987 19/19/19
f 46/46/46 17/17/17 13/13/13
f 46/46/46 13/13/13 15/15/15
f 988/988/988 18/18/18 13/13/13
f 988/988/988 13/13/13 16/16/16
f 989/989/989 990/990/990 43/43/43
f 989/989/989 43/43/43 44/44/44
f 991/991/991 12/12/12 11/11/11
f 991/991/991 11/11/11 21/21/21
f 992/992/992 993/993/993 994/994/994
f 992/992/992 994/994/994 22/22/22
f 993/993/993 995/995/995 41/41/41
f 993/993/993 41/41/41 994/994/994
f 992/992/992 22/22/22 24/24/24
f 992/992/992 24/24/24 996/996/996
f 24/24/24 33/33/33 997/997/997
f 24/24/24 997/997/997 996/996/996
f 23/23/23 31/31/31 33/33/33
f 23/23/23 33/33/33 24/24/24
f 25/25/25 27/27/27 28/28/28
f 25/25/25 28/28/28 40/40/40
f 998/998/998 38/38/38 27/27/27
f 998/998/998 27/27/27 26/26/26
f 27/27/27 38/38/38 35/35/35
f 27/27/27 35/35/35 29/29/29
f 35/35/35 34/34/34 30/30/30
f 35/35/35 30/30/30 29/29/29
f 998/998/998 999/999/999 37/37/37
f 998/998/998 37/37/37 38/38/38
f 33/33/33 32/32/32 48/48/48
f 33/33/33 48/48/48 997/997/997
f 999/999/999 48/48/48 36/36/36
f 999/999/999 36/36/36 37/37/37
f 2/2/2 1/1/1 1000/1000/1000
f 2/2/2 1000/1000/1000 1001/1001/1001
f 990/990/990 1002/1002/1002 1000/1000/1000
f 990/990/990 1000/1000/1000 1/1/1
f 2/2/2 1001/1001/1001 1003/1003/1003
f 2/2/2 1003/1003/1003 985/985/985
f 986/986/986 985/985/985 1003/1003/1003
f 986/986/986 1003/1003/1003 1004/1004/1004
f 8/8/8 1005/1005/1005 1006/1006/1006
f 8/8/8 1006/1006/1006 9/9/9
f 9/9/9 1006/1006/1006 1007/1007/1007
f 9/9/9 1007/1007/1007 20/20/20
f 8/8/8 987/987/987 1008/1008/1008
f 8/8/8 1008/1008/1008 1005/1005/1005
f 988/988/988 1009/1009/1009 1008/1008/1008
f 988/988/988 1008/1008/1008 987/987/987
f 16/16/16 986/986/986 1004/1004/1004
f 16/16/16 1004/1004/1004 1010/1010/1010
f 16/16/16 1010/1010/1010 1009/1009/1009
f 16/16/16 1009/1009/1009 988/988/988
f 990/990/990 989/989/989 1011/1011/1011
f 990/990/990 1011/1011/1011 1002/1002/1002
f 20/20/20 1007/1007/1007 1012/1012/1012
f 20/20/20 1012/1012/1012 21/21/21
f 15/15/15 12/12/12 991/991/991
f 15/15/15 991/991/991 1013/1013/1013
f 15/15/15 1013/1013/1013 45/45/45
f 15/15/15 45/45/45 46/46/46
f 43/43/43 990/990/990 1/1/1
f 43/43/43 1/1/1 3/3/3
f 23/23/23 22/22/22 994/994/994
f 23/23/23 994/994/994 41/41/41
f 1014/1014/1014 42/42/42 41/41/41
f 1014/1014/1014 41/41/41 995/995/995
f 16/16/16 17/17/17 47/47/47
f 16/16/16 47/47/47 986/986/986
f 36/36/36 32/32/32 31/31/31
f 36/36/36 31/31/31 34/34/34
f 1015/1015/1015 1016/1016/1016 1017/1017/1017
f 1015/1015/1015 1017/1017/1017 1018/1018/1018
f 51/51/51 1019/1019/1019 1020/1020/1020
f 51/51/51 1020/1020/1020 1021/1021/1021
f 1021/1021/1021 52/52/52 49/49/49
f 1021/1021/1021 49/49/49 51/51/51
f 1022/1022/1022 1023/1023/1023 49/49/49
f 1022/1022/1022 49/49/49 53/53/53
f 1017/1017/1017 1016/1016/1016 1022/1022/1022
f 1017/1017/1017 1022/1022/1022 53/53/53
f 1024/1024/1024 1025/1025/1025 1026/1026/1026
f 1024/1024/1024 1026/1026/1026 1027/1027/1027
f 1027/1027/1027 1026/1026/1026 1028/1028/1028
f 1027/1027/1027 1028/1028/1028 1029/1029/1029
f 1030/1030/1030 1025/1025/1025 1024/1024/1024
f 1030/1030/1030 1024/1024/1024 1031/1031/1031
f 1032/1032/1032 1030/1030/1030 1031/1031/1031
f 1032/1032/1032 1031/1031/1031 1033/1033/1033
f 1034/1034/1034 1035/1035/1035 1032/1032/1032
f 1034/1034/1034 1032/1032/1032 1033/1033/1033
f 1028/1028/1028 1036/1036/1036 1037/1037/1037
f 1028/1028/1028 1037/1037/1037 1029/1029/1029
f 1038/1038/1038 1039/1039/1039 1040/1040/1040
f 1038/1038/1038 1040/1040/1040 55/55/55
f 1040/1040/1040 1041/1041/1041 56/56/56
f 1040/1040/1040 56/56/56 55/55/55
f 1042/1042/1042 1043/1043/1043 1039/1039/1039
f 1042/1042/1042 1039/1039/1039 1038/1038/1038
f 56/56/56 1044/1044/1044 1045/1045/1045
f 56/56/56 1045/1045/1045 57/57/57
f 1046/1046/1046 57/57/57 1045/1045/1045
f 1046/1046/1046 1045/1045/1045 1047/1047/1047
f 1048/1048/1048 1049/1049/1049 1050/1050/1050
f 1048/1048/1048 1050/1050/1050 1051/1051/1051
f 1049/1049/1049 1052/1052/1052 1053/1053/1053
f 1049/1049/1049 1053/1053/1053 1050/1050/1050
f 1048/1048/1048 1051/1051/1051 1054/1054/1054
f 1048/1048/1048 1054/1054/1054 1055/1055/1055
f 1055/1055/1055 1054/1054/1054 1056/1056/1056
f 1055/1055/1055 1056/1056/1056 1057/1057/1057
f 1058/1058/1058 1057/1057/1057 1056/1056/1056
f 1058/1058/1058 1056/1056/1056 1043/1043/1043
f 1059/1059/1059 1060/1060/1060 1053/1053/1053
f 1059/1059/1059 1053/1053/1053 1052/1052/1052
f 1061/1061/1061 1062/1062/1062 1020/1020/1020
f 1061/1061/1061 1020/1020/1020 1018/1018/1018
f 1062/1062/1062 1063/1063/1063 1021/1021/1021
f 1062/1062/1062 1021/1021/1021 1020/1020/1020
f 1063/1063/1063 1064/1064/1064 52/52/52
f 1063/1063/1063 52/52/52 1021/1021/1021
f 1065/1065/1065 1061/1061/1061 1018/1018/1018
f 1065/1065/1065 1018/1018/1018 1017/1017/1017
f 1064/1064/1064 1066/1066/1066 53/53/53
f 1064/1064/1064 53/53/53 52/52/52
f 1066/1066/1066 1065/1065/1065 1017/1017/1017
f 1066/1066/1066 1017/1017/1017 53/53/53
f 1027/1027/1027 1067/1067/1067 1068/1068/1068
f 1027/1027/1027 1068/1068/1068 1024/1024/1024
f 1029/1029/1029 1069/1069/1069 1067/1067/1067
f 1029/1029/1029 1067/1067/1067 1027/1027/1027
f 1068/1068/1068 1070/1070/1070 1031/1031/1031
f 1068/1068/1068 1031/1031/1031 1024/1024/1024
f 1070/1070/1070 1071/1071/1071 1033/1033/1033
f 1070/1070/1070 1033/1033/1033 1031/1031/1031
f 1071/1071/1071 1072/1072/1072 1034/1034/1034
f 1071/1071/1071 1034/1034/1034 1033/1033/1033
f 1072/1072/1072 1073/1073/1073 1074/1074/1074
f 1072/1072/1072 1074/1074/1074 1034/1034/1034
f 1073/1073/1073 1075/1075/1075 1037/1037/1037
f 1073/1073/1073 1037/1037/1037 1074/1074/1074
f 1037/1037/1037 1075/1075/1075 1069/1069/1069
f 1037/1037/1037 1069/1069/1069 1029/1029/1029
f 1076/1076/1076 1016/1016/1016 1036/1036/1036
f 1076/1076/1076 1036/1036/1036 1077/1077/1077
f 1078/1078/1078 1077/1077/1077 1036/1036/1036
f 1078/1078/1078 1036/1036/1036 1028/1028/1028
f 1079/1079/1079 1078/1078/1078 1028/1028/1028
f 1079/1079/1079 1028/1028/1028 1026/1026/1026
f 1080/1080/1080 1079/1079/1079 1026/1026/1026
f 1080/1080/1080 1026/1026/1026 1025/1025/1025
f 1081/1081/1081 1080/1080/1080 1025/1025/1025
f 1081/1081/1081 1025/1025/1025 1030/1030/1030
f 1082/1082/1082 1081/1081/1081 1030/1030/1030
f 1082/1082/1082 1030/1030/1030 1032/1032/1032
f 1083/1083/1083 1082/1082/1082 1032/1032/1032
f 1083/1083/1083 1032/1032/1032 1035/1035/1035
f 1035/1035/1035 1019/1019/1019 1084/1084/1084
f 1035/1035/1035 1084/1084/1084 1083/1083/1083
f 1085/1085/1085 1084/1084/1084 1019/1019/1019
f 1085/1085/1085 1019/1019/1019 51/51/51
f 1086/1086/1086 1085/1085/1085 51/51/51
f 1086/1086/1086 51/51/51 50/50/50
f 1087/1087/1087 1086/1086/1086 50/50/50
f 1087/1087/1087 50/50/50 49/49/49
f 1088/1088/1088 1087/1087/1087 49/49/49
f 1088/1088/1088 49/49/49 1023/1023/1023
f 1089/1089/1089 1088/1088/1088 1023/1023/1023
f 1089/1089/1089 1023/1023/1023 1022/1022/1022
f 1076/1076/1076 1089/1089/1089 1022/1022/1022
f 1076/1076/1076 1022/1022/1022 1016/1016/1016
f 1020/1020/1020 1019/1019/1019 1015/1015/1015
f 1020/1020/1020 1015/1015/1015 1018/1018/1018
f 1060/1060/1060 1059/1059/1059 1090/1090/1090
f 1060/1060/1060 1090/1090/1090 1042/1042/1042
f 1090/1090/1090 1058/1058/1058 1043/1043/1043
f 1090/1090/1090 1043/1043/1043 1042/1042/1042
f 1042/1042/1042 1046/1046/1046 1047/1047/1047
f 1042/1042/1042 1047/1047/1047 1060/1060/1060
f 1035/1035/1035 1034/1034/1034 1074/1074/1074
f 1035/1035/1035 1074/1074/1074 1091/1091/1091
f 1074/1074/1074 1037/1037/1037 1036/1036/1036
f 1074/1074/1074 1036/1036/1036 1091/1091/1091
f 1035/1035/1035 1091/1091/1091 1015/1015/1015
f 1035/1035/1035 1015/1015/1015 1019/1019/1019
f 1015/1015/1015 1091/1091/1091 1036/1036/1036
f 1015/1015/1015 1036/1036/1036 1016/1016/1016
f 58/58/58 60/60/60 64/64/64
f 58/58/58 64/64/64 63/63/63
f 1092/1092/1092 58/58/58 63/63/63
f 1092/1092/1092 63/63/63 1093/1093/1093
f 60/60/60 62/62/62 66/66/66
f 60/60/60 66/66/66 64/64/64
f 1094/1094/1094 1095/1095/1095 1092/1092/1092
f 1094/1094/1094 1092/1092/1092 1093/1093/1093
f 1095/1095/1095 1096/1096/1096 1097/1097/1097
f 1095/1095/1095 1097/1097/1097 1092/1092/1092
f 58/58/58 1092/1092/1092 1097/1097/1097
f 58/58/58 1097/1097/1097 59/59/59
f 1098/1098/1098 1099/1099/1099 1094/1094/1094
f 1098/1098/1098 1094/1094/1094 1093/1093/1093
f 1098/1098/1098 1093/1093/1093 63/63/63
f 1098/1098/1098 63/63/63 65/65/65
f 1100/1100/1100 1101/1101/1101 1102/1102/1102
f 1100/1100/1100 1102/1102/1102 1103/1103/1103
f 1104/1104/1104 1105/1105/1105 1106/1106/1106
f 1104/1104/1104 1106/1106/1106 1107/1107/1107
f 1103/1103/1103 1108/1108/1108 1109/1109/1109
f 1103/1103/1103 1109/1109/1109 1100/1100/1100
f 1110/1110/1110 1111/1111/1111 1112/1112/1112
f 1110/1110/1110 1112/1112/1112 1113/1113/1113
f 1110/1110/1110 1114/1114/1114 1115/1115/1115
f 1110/1110/1110 1115/1115/1115 1111/1111/1111
f 1116/1116/1116 1117/1117/1117 1118/1118/1118
f 1116/1116/1116 1118/1118/1118 1115/1115/1115
f 1117/1117/1117 1119/1119/1119 1120/1120/1120
f 1117/1117/1117 1120/1120/1120 1118/1118/1118
f 75/75/75 74/74/74 72/72/72
f 75/75/75 72/72/72 78/78/78
f 1118/1118/1118 1120/1120/1120 1121/1121/1121
f 1118/1118/1118 1121/1121/1121 1122/1122/1122
f 1123/1123/1123 1124/1124/1124 1125/1125/1125
f 1123/1123/1123 1125/1125/1125 1126/1126/1126
f 1127/1127/1127 1125/1125/1125 1124/1124/1124
f 1127/1127/1127 1124/1124/1124 1128/1128/1128
f 1115/1115/1115 1118/1118/1118 1122/1122/1122
f 1115/1115/1115 1122/1122/1122 1111/1111/1111
f 1111/1111/1111 1122/1122/1122 1129/1129/1129
f 1111/1111/1111 1129/1129/1129 1112/1112/1112
f 1116/1116/1116 1115/1115/1115 1114/1114/1114
f 1116/1116/1116 1114/1114/1114 1130/1130/1130
f 1108/1108/1108 1123/1123/1123 1126/1126/1126
f 1108/1108/1108 1126/1126/1126 1109/1109/1109
f 1129/1129/1129 1122/1122/1122 1121/1121/1121
f 1129/1129/1129 1121/1121/1121 1131/1131/1131
f 1107/1107/1107 1132/1132/1132 1133/1133/1133
f 1107/1107/1107 1133/1133/1133 1104/1104/1104
f 1132/1132/1132 1107/1107/1107 1134/1134/1134
f 1132/1132/1132 1134/1134/1134 1135/1135/1135
f 1136/1136/1136 1132/1132/1132 1135/1135/1135
f 1136/1136/1136 1135/1135/1135 1137/1137/1137
f 1138/1138/1138 1139/1139/1139 1140/1140/1140
f 1138/1138/1138 1140/1140/1140 1141/1141/1141
f 1142/1142/1142 1135/1135/1135 1134/1134/1134
f 1142/1142/1142 1134/1134/1134 1143/1143/1143
f 1133/1133/1133 1144/1144/1144 1112/1112/1112
f 1133/1133/1133 1112/1112/1112 1129/1129/1129
f 1145/1145/1145 1144/1144/1144 1136/1136/1136
f 1145/1145/1145 1136/1136/1136 1146/1146/1146
f 1136/1136/1136 1137/1137/1137 1147/1147/1147
f 1136/1136/1136 1147/1147/1147 1146/1146/1146
f 1148/1148/1148 1149/1149/1149 1147/1147/1147
f 1148/1148/1148 1147/1147/1147 1137/1137/1137
f 1150/1150/1150 1146/1146/1146 1147/1147/1147
f 1150/1150/1150 1147/1147/1147 1149/1149/1149
f 1151/1151/1151 1102/1102/1102 1101/1101/1101
f 1151/1151/1151 1101/1101/1101 1152/1152/1152
f 1152/1152/1152 1138/1138/1138 1141/1141/1141
f 1152/1152/1152 1141/1141/1141 1151/1151/1151
f 1153/1153/1153 1145/1145/1145 1146/1146/1146
f 1153/1153/1153 1146/1146/1146 1150/1150/1150
f 1106/1106/1106 1143/1143/1143 1134/1134/1134
f 1106/1106/1106 1134/1134/1134 1107/1107/1107
f 1154/1154/1154 1155/1155/1155 1156/1156/1156
f 1154/1154/1154 1156/1156/1156 1157/1157/1157
f 70/70/70 79/79/79 1158/1158/1158
f 70/70/70 1158/1158/1158 71/71/71
f 1159/1159/1159 77/77/77 71/71/71
f 1159/1159/1159 71/71/71 1158/1158/1158
f 1156/1156/1156 1155/1155/1155 1160/1160/1160
f 1156/1156/1156 1160/1160/1160 1161/1161/1161
f 1162/1162/1162 1163/1163/1163 80/80/80
f 1162/1162/1162 80/80/80 76/76/76
f 74/74/74 80/80/80 1163/1163/1163
f 74/74/74 1163/1163/1163 1164/1164/1164
f 1154/1154/1154 1157/1157/1157 1127/1127/1127
f 1154/1154/1154 1127/1127/1127 1128/1128/1128
f 1165/1165/1165 1166/1166/1166 1167/1167/1167
f 1165/1165/1165 1167/1167/1167 1168/1168/1168
f 1160/1160/1160 1166/1166/1166 1165/1165/1165
f 1160/1160/1160 1165/1165/1165 1161/1161/1161
f 81/81/81 1169/1169/1169 1162/1162/1162
f 81/81/81 1162/1162/1162 76/76/76
f 1117/1117/1117 78/78/78 77/77/77
f 1117/1117/1117 77/77/77 1119/1119/1119
f 75/75/75 78/78/78 1117/1117/1117
f 75/75/75 1117/1117/1117 1116/1116/1116
f 81/81/81 75/75/75 1116/1116/1116
f 81/81/81 1116/1116/1116 1130/1130/1130
f 73/73/73 72/72/72 74/74/74
f 73/73/73 74/74/74 1164/1164/1164
f 1131/1131/1131 1104/1104/1104 1133/1133/1133
f 1131/1131/1131 1133/1133/1133 1129/1129/1129
f 1144/1144/1144 1133/1133/1133 1132/1132/1132
f 1144/1144/1144 1132/1132/1132 1136/1136/1136
f 1144/1144/1144 1145/1145/1145 1113/1113/1113
f 1144/1144/1144 1113/1113/1113 1112/1112/1112
f 1142/1142/1142 1148/1148/1148 1137/1137/1137
f 1142/1142/1142 1137/1137/1137 1135/1135/1135
f 1170/1170/1170 1171/1171/1171 1172/1172/1172
f 1170/1170/1170 1172/1172/1172 1173/1173/1173
f 1174/1174/1174 87/87/87 86/86/86
f 1174/1174/1174 86/86/86 1175/1175/1175
f 84/84/84 87/87/87 1174/1174/1174
f 84/84/84 1174/1174/1174 82/82/82
f 1170/1170/1170 1176/1176/1176 1177/1177/1177
f 1170/1170/1170 1177/1177/1177 1171/1171/1171
f 1178/1178/1178 1179/1179/1179 86/86/86
f 1178/1178/1178 86/86/86 85/85/85
f 85/85/85 99/99/99 1180/1180/1180
f 85/85/85 1180/1180/1180 1178/1178/1178
f 1180/1180/1180 99/99/99 98/98/98
f 1180/1180/1180 98/98/98 1181/1181/1181
f 97/97/97 99/99/99 91/91/91
f 97/97/97 91/91/91 93/93/93
f 99/99/99 85/85/85 101/101/101
f 99/99/99 101/101/101 91/91/91
f 1178/1178/1178 1182/1182/1182 1183/1183/1183
f 1178/1178/1178 1183/1183/1183 1179/1179/1179
f 1184/1184/1184 1182/1182/1182 1178/1178/1178
f 1184/1184/1184 1178/1178/1178 1180/1180/1180
f 1176/1176/1176 1185/1185/1185 1186/1186/1186
f 1176/1176/1176 1186/1186/1186 1177/1177/1177
f 1187/1187/1187 1184/1184/1184 1180/1180/1180
f 1187/1187/1187 1180/1180/1180 1181/1181/1181
f 1187/1187/1187 1188/1188/1188 1189/1189/1189
f 1187/1187/1187 1189/1189/1189 1184/1184/1184
f 1190/1190/1190 1186/1186/1186 1185/1185/1185
f 1190/1190/1190 1185/1185/1185 1191/1191/1191
f 93/93/93 100/100/100 1192/1192/1192
f 93/93/93 1192/1192/1192 97/97/97
f 1193/1193/1193 1194/1194/1194 1195/1195/1195
f 1193/1193/1193 1195/1195/1195 1196/1196/1196
f 1197/1197/1197 1195/1195/1195 1194/1194/1194
f 1197/1197/1197 1194/1194/1194 1198/1198/1198
f 1172/1172/1172 1197/1197/1197 1198/1198/1198
f 1172/1172/1172 1198/1198/1198 1173/1173/1173
f 98/98/98 97/97/97 1192/1192/1192
f 98/98/98 1192/1192/1192 1199/1199/1199
f 1200/1200/1200 1201/1201/1201 1202/1202/1202
f 1200/1200/1200 1202/1202/1202 1203/1203/1203
f 1204/1204/1204 95/95/95 94/94/94
f 1204/1204/1204 94/94/94 1205/1205/1205
f 1206/1206/1206 1207/1207/1207 1205/1205/1205
f 1206/1206/1206 1205/1205/1205 94/94/94
f 1208/1208/1208 1207/1207/1207 1206/1206/1206
f 1208/1208/1208 1206/1206/1206 1209/1209/1209
f 1209/1209/1209 96/96/96 88/88/88
f 1209/1209/1209 88/88/88 1210/1210/1210
f 90/90/90 1211/1211/1211 1210/1210/1210
f 90/90/90 1210/1210/1210 88/88/88
f 1212/1212/1212 1213/1213/1213 1214/1214/1214
f 1212/1212/1212 1214/1214/1214 1215/1215/1215
f 1216/1216/1216 1217/1217/1217 1213/1213/1213
f 1216/1216/1216 1213/1213/1213 1212/1212/1212
f 1216/1216/1216 1201/1201/1201 1200/1200/1200
f 1216/1216/1216 1200/1200/1200 1217/1217/1217
f 1218/1218/1218 1219/1219/1219 90/90/90
f 1218/1218/1218 90/90/90 89/89/89
f 1219/1219/1219 1220/1220/1220 1211/1211/1211
f 1219/1219/1219 1211/1211/1211 90/90/90
f 1210/1210/1210 1211/1211/1211 1220/1220/1220
f 1210/1210/1210 1220/1220/1220 1221/1221/1221
f 1222/1222/1222 1182/1182/1182 1184/1184/1184
f 1222/1222/1222 1184/1184/1184 1189/1189/1189
f 1183/1183/1183 1182/1182/1182 1222/1222/1222
f 1183/1183/1183 1222/1222/1222 1223/1223/1223
f 96/96/96 1209/1209/1209 1206/1206/1206
f 96/96/96 1206/1206/1206 94/94/94
f 89/89/89 88/88/88 1189/1189/1189
f 89/89/89 1189/1189/1189 1188/1188/1188
f 1203/1203/1203 1202/1202/1202 1190/1190/1190
f 1203/1203/1203 1190/1190/1190 1191/1191/1191
f 95/95/95 1223/1223/1223 1222/1222/1222
f 95/95/95 1222/1222/1222 96/96/96
f 1189/1189/1189 88/88/88 96/96/96
f 1189/1189/1189 96/96/96 1222/1222/1222
f 1210/1210/1210 1221/1221/1221 1208/1208/1208
f 1210/1210/1210 1208/1208/1208 1209/1209/1209
f 83/83/83 92/92/92 91/91/91
f 83/83/83 91/91/91 101/101/101
f 1224/1224/1224 1225/1225/1225 1226/1226/1226
f 1224/1224/1224 1226/1226/1226 1227/1227/1227
f 1228/1228/1228 107/107/107 106/106/106
f 1228/1228/1228 106/106/106 1229/1229/1229
f 104/104/104 107/107/107 1228/1228/1228
f 104/104/104 1228/1228/1228 102/102/102
f 1224/1224/1224 1230/1230/1230 1231/1231/1231
f 1224/1224/1224 1231/1231/1231 1225/1225/1225
f 1232/1232/1232 1233/1233/1233 106/106/106
f 1232/1232/1232 106/106/106 105/105/105
f 105/105/105 119/119/119 1234/1234/1234
f 105/105/105 1234/1234/1234 1232/1232/1232
f 1234/1234/1234 119/119/119 118/118/118
f 1234/1234/1234 118/118/118 1235/1235/1235
f 117/117/117 119/119/119 111/111/111
f 117/117/117 111/111/111 113/113/113
f 105/105/105 121/121/121 111/111/111
f 105/105/105 111/111/111 119/119/119
f 1236/1236/1236 1237/1237/1237 1234/1234/1234
f 1236/1236/1236 1234/1234/1234 1235/1235/1235
f 1238/1238/1238 1231/1231/1231 1230/1230/1230
f 1238/1238/1238 1230/1230/1230 1239/1239/1239
f 113/113/113 120/120/120 1240/1240/1240
f 113/113/113 1240/1240/1240 117/117/117
f 1241/1241/1241 1242/1242/1242 1243/1243/1243
f 1241/1241/1241 1243/1243/1243 1244/1244/1244
f 1245/1245/1245 1244/1244/1244 1243/1243/1243
f 1245/1245/1245 1243/1243/1243 1246/1246/1246
f 1245/1245/1245 1246/1246/1246 1227/1227/1227
f 1245/1245/1245 1227/1227/1227 1226/1226/1226
f 118/118/118 117/117/117 1240/1240/1240
f 118/118/118 1240/1240/1240 1247/1247/1247
f 1248/1248/1248 1249/1249/1249 1250/1250/1250
f 1248/1248/1248 1250/1250/1250 1251/1251/1251
f 1252/1252/1252 115/115/115 114/114/114
f 1252/1252/1252 114/114/114 1253/1253/1253
f 1254/1254/1254 1255/1255/1255 1253/1253/1253
f 1254/1254/1254 1253/1253/1253 114/114/114
f 1256/1256/1256 1255/1255/1255 1254/1254/1254
f 1256/1256/1256 1254/1254/1254 1257/1257/1257
f 116/116/116 108/108/108 1258/1258/1258
f 116/116/116 1258/1258/1258 1257/1257/1257
f 108/108/108 110/110/110 1259/1259/1259
f 108/108/108 1259/1259/1259 1258/1258/1258
f 1260/1260/1260 1261/1261/1261 1262/1262/1262
f 1260/1260/1260 1262/1262/1262 1263/1263/1263
f 1264/1264/1264 1261/1261/1261 1260/1260/1260
f 1264/1264/1264 1260/1260/1260 1265/1265/1265
f 1265/1265/1265 1249/1249/1249 1248/1248/1248
f 1265/1265/1265 1248/1248/1248 1264/1264/1264
f 1266/1266/1266 1267/1267/1267 110/110/110
f 1266/1266/1266 110/110/110 109/109/109
f 1267/1267/1267 1268/1268/1268 1259/1259/1259
f 1267/1267/1267 1259/1259/1259 110/110/110
f 1258/1258/1258 1259/1259/1259 1268/1268/1268
f 1258/1258/1258 1268/1268/1268 1269/1269/1269
f 1232/1232/1232 1234/1234/1234 1237/1237/1237
f 1232/1232/1232 1237/1237/1237 1270/1270/1270
f 1232/1232/1232 1270/1270/1270 1271/1271/1271
f 1232/1232/1232 1271/1271/1271 1233/1233/1233
f 116/116/116 1257/1257/1257 1254/1254/1254
f 116/116/116 1254/1254/1254 114/114/114
f 109/109/109 108/108/108 1237/1237/1237
f 109/109/109 1237/1237/1237 1236/1236/1236
f 1251/1251/1251 1250/1250/1250 1238/1238/1238
f 1251/1251/1251 1238/1238/1238 1239/1239/1239
f 115/115/115 1271/1271/1271 1270/1270/1270
f 115/115/115 1270/1270/1270 116/116/116
f 1237/1237/1237 108/108/108 116/116/116
f 1237/1237/1237 116/116/116 1270/1270/1270
f 1269/1269/1269 1256/1256/1256 1257/1257/1257
f 1269/1269/1269 1257/1257/1257 1258/1258/1258
f 103/103/103 112/112/112 111/111/111
f 103/103/103 111/111/111 121/121/121
f 1272/1272/1272 1273/1273/1273 1274/1274/1274
f 1272/1272/1272 1274/1274/1274 1275/1275/1275
f 1276/1276/1276 127/127/127 126/126/126
f 1276/1276/1276 126/126/126 1277/1277/1277
f 124/124/124 127/127/127 1276/1276/1276
f 124/124/124 1276/1276/1276 122/122/122
f 1272/1272/1272 1278/1278/1278 1279/1279/1279
f 1272/1272/1272 1279/1279/1279 1273/1273/1273
f 1280/1280/1280 1281/1281/1281 126/126/126
f 1280/1280/1280 126/126/126 125/125/125
f 125/125/125 139/139/139 1282/1282/1282
f 125/125/125 1282/1282/1282 1280/1280/1280
f 1282/1282/1282 139/139/139 138/138/138
f 1282/1282/1282 138/138/138 1283/1283/1283
f 137/137/137 139/139/139 131/131/131
f 137/137/137 131/131/131 133/133/133
f 139/139/139 125/125/125 141/141/141
f 139/139/139 141/141/141 131/131/131
f 1280/1280/1280 1284/1284/1284 1285/1285/1285
f 1280/1280/1280 1285/1285/1285 1281/1281/1281
f 1286/1286/1286 1284/1284/1284 1280/1280/1280
f 1286/1286/1286 1280/1280/1280 1282/1282/1282
f 1278/1278/1278 1287/1287/1287 1288/1288/1288
f 1278/1278/1278 1288/1288/1288 1279/1279/1279
f 1289/1289/1289 1286/1286/1286 1282/1282/1282
f 1289/1289/1289 1282/1282/1282 1283/1283/1283
f 1289/1289/1289 1290/1290/1290 1291/1291/1291
f 1289/1289/1289 1291/1291/1291 1286/1286/1286
f 1292/1292/1292 1288/1288/1288 1287/1287/1287
f 1292/1292/1292 1287/1287/1287 1293/1293/1293
f 133/133/133 140/140/140 1294/1294/1294
f 133/133/133 1294/1294/1294 137/137/137
f 1295/1295/1295 1296/1296/1296 1297/1297/1297
f 1295/1295/1295 1297/1297/1297 1298/1298/1298
f 1299/1299/1299 1297/1297/1297 1296/1296/1296
f 1299/1299/1299 1296/1296/1296 1300/1300/1300
f 1274/1274/1274 1299/1299/1299 1300/1300/1300
f 1274/1274/1274 1300/1300/1300 1275/1275/1275
f 138/138/138 137/137/137 1294/1294/1294
f 138/138/138 1294/1294/1294 1301/1301/1301
f 1302/1302/1302 1303/1303/1303 1304/1304/1304
f 1302/1302/1302 1304/1304/1304 1305/1305/1305
f 1306/1306/1306 135/135/135 134/134/134
f 1306/1306/1306 134/134/134 1307/1307/1307
f 1308/1308/1308 1309/1309/1309 1307/1307/1307
f 1308/1308/1308 1307/1307/1307 134/134/134
f 1310/1310/1310 1309/1309/1309 1308/1308/1308
f 1310/1310/1310 1308/1308/1308 1311/1311/1311
f 1311/1311/1311 136/136/136 128/128/128
f 1311/1311/1311 128/128/128 1312/1312/1312
f 130/130/130 1313/1313/1313 1312/1312/1312
f 130/130/130 1312/1312/1312 128/128/128
f 1314/1314/1314 1315/1315/1315 1316/1316/1316
f 1314/1314/1314 1316/1316/1316 1317/1317/1317
f 1318/1318/1318 1319/1319/1319 1315/1315/1315
f 1318/1318/1318 1315/1315/1315 1314/1314/1314
f 1318/1318/1318 1303/1303/1303 1302/1302/1302
f 1318/1318/1318 1302/1302/1302 1319/1319/1319
f 1320/1320/1320 1321/1321/1321 130/130/130
f 1320/1320/1320 130/130/130 129/129/129
f 1321/1321/1321 1322/1322/1322 1313/1313/1313
f 1321/1321/1321 1313/1313/1313 130/130/130
f 1312/1312/1312 1313/1313/1313 1322/1322/1322
f 1312/1312/1312 1322/1322/1322 1323/1323/1323
f 1324/1324/1324 1284/1284/1284 1286/1286/1286
f 1324/1324/1324 1286/1286/1286 1291/1291/1291
f 1285/1285/1285 1284/1284/1284 1324/1324/1324
f 1285/1285/1285 1324/1324/1324 1325/1325/1325
f 136/136/136 1311/1311/1311 1308/1308/1308
f 136/136/136 1308/1308/1308 134/134/134
f 129/129/129 128/128/128 1291/1291/1291
f 129/129/129 1291/1291/1291 1290/1290/1290
f 1305/1305/1305 1304/1304/1304 1292/1292/1292
f 1305/1305/1305 1292/1292/1292 1293/1293/1293
f 135/135/135 1325/1325/1325 1324/1324/1324
f 135/135/135 1324/1324/1324 136/136/136
f 1291/1291/1291 128/128/128 136/136/136
f 1291/1291/1291 136/136/136 1324/1324/1324
f 1312/1312/1312 1323/1323/1323 1310/1310/1310
f 1312/1312/1312 1310/1310/1310 1311/1311/1311
f 123/123/123 132/132/132 131/131/131
f 123/123/123 131/131/131 141/141/141
f 1326/1326/1326 1327/1327/1327 1328/1328/1328
f 1326/1326/1326 1328/1328/1328 1329/1329/1329
f 1330/1330/1330 147/147/147 146/146/146
f 1330/1330/1330 146/146/146 1331/1331/1331
f 144/144/144 147/147/147 1330/1330/1330
f 144/144/144 1330/1330/1330 142/142/142
f 1326/1326/1326 1332/1332/1332 1333/1333/1333
f 1326/1326/1326 1333/1333/1333 1327/1327/1327
f 1334/1334/1334 1335/1335/1335 146/146/146
f 1334/1334/1334 146/146/146 145/145/145
f 145/145/145 159/159/159 1336/1336/1336
f 145/145/145 1336/1336/1336 1334/1334/1334
f 1336/1336/1336 159/159/159 158/158/158
f 1336/1336/1336 158/158/158 1337/1337/1337
f 157/157/157 159/159/159 151/151/151
f 157/157/157 151/151/151 153/153/153
f 145/145/145 161/161/161 151/151/151
f 145/145/145 151/151/151 159/159/159
f 1338/1338/1338 1339/1339/1339 1336/1336/1336
f 1338/1338/1338 1336/1336/1336 1337/1337/1337
f 1340/1340/1340 1333/1333/1333 1332/1332/1332
f 1340/1340/1340 1332/1332/1332 1341/1341/1341
f 153/153/153 160/160/160 1342/1342/1342
f 153/153/153 1342/1342/1342 157/157/157
f 1343/1343/1343 1344/1344/1344 1345/1345/1345
f 1343/1343/1343 1345/1345/1345 1346/1346/1346
f 1347/1347/1347 1346/1346/1346 1345/1345/1345
f 1347/1347/1347 1345/1345/1345 1348/1348/1348
f 1347/1347/1347 1348/1348/1348 1329/1329/1329
f 1347/1347/1347 1329/1329/1329 1328/1328/1328
f 158/158/158 157/157/157 1342/1342/1342
f 158/158/158 1342/1342/1342 1349/1349/1349
f 1350/1350/1350 1351/1351/1351 1352/1352/1352
f 1350/1350/1350 1352/1352/1352 1353/1353/1353
f 1354/1354/1354 155/155/155 154/154/154
f 1354/1354/1354 154/154/154 1355/1355/1355
f 1356/1356/1356 1357/1357/1357 1355/1355/1355
f 1356/1356/1356 1355/1355/1355 154/154/154
f 1358/1358/1358 1357/1357/1357 1356/1356/1356
f 1358/1358/1358 1356/1356/1356 1359/1359/1359
f 156/156/156 148/148/148 1360/1360/1360
f 156/156/156 1360/1360/1360 1359/1359/1359
f 148/148/148 150/150/150 1361/1361/1361
f 148/148/148 1361/1361/1361 1360/1360/1360
f 1362/1362/1362 1363/1363/1363 1364/1364/1364
f 1362/1362/1362 1364/1364/1364 1365/1365/1365
f 1366/1366/1366 1363/1363/1363 1362/1362/1362
f 1366/1366/1366 1362/1362/1362 1367/1367/1367
f 1367/1367/1367 1351/1351/1351 1350/1350/1350
f 1367/1367/1367 1350/1350/1350 1366/1366/1366
f 1368/1368/1368 1369/1369/1369 150/150/150
f 1368/1368/1368 150/150/150 149/149/149
f 1369/1369/1369 1370/1370/1370 1361/1361/1361
f 1369/1369/1369 1361/1361/1361 150/150/150
f 1360/1360/1360 1361/1361/1361 1370/1370/1370
f 1360/1360/1360 1370/1370/1370 1371/1371/1371
f 1334/1334/1334 1336/1336/1336 1339/1339/1339
f 1334/1334/1334 1339/1339/1339 1372/1372/1372
f 1334/1334/1334 1372/1372/1372 1373/1373/1373
f 1334/1334/1334 1373/1373/1373 1335/1335/1335
f 156/156/156 1359/1359/1359 1356/1356/1356
f 156/156/156 1356/1356/1356 154/154/154
f 149/149/149 148/148/148 1339/1339/1339
f 149/149/149 1339/1339/1339 1338/1338/1338
f 1353/1353/1353 1352/1352/1352 1340/1340/1340
f 1353/1353/1353 1340/1340/1340 1341/1341/1341
f 155/155/155 1373/1373/1373 1372/1372/1372
f 155/155/155 1372/1372/1372 156/156/156
f 1339/1339/1339 148/148/148 156/156/156
f 1339/1339/1339 156/156/156 1372/1372/1372
f 1371/1371/1371 1358/1358/1358 1359/1359/1359
f 1371/1371/1371 1359/1359/1359 1360/1360/1360
f 143/143/143 152/152/152 151/151/151
f 143/143/143 151/151/151 161/161/161
f 1374/1374/1374 1375/1375/1375 1376/1376/1376
f 1374/1374/1374 1376/1376/1376 1377/1377/1377
f 1378/1378/1378 167/167/167 166/166/166
f 1378/1378/1378 166/166/166 1379/1379/1379
f 164/164/164 167/167/167 1378/1378/1378
f 164/164/164 1378/1378/1378 162/162/162
f 1374/1374/1374 1380/1380/1380 1381/1381/1381
f 1374/1374/1374 1381/1381/1381 1375/1375/1375
f 1382/1382/1382 1383/1383/1383 166/166/166
f 1382/1382/1382 166/166/166 165/165/165
f 165/165/165 179/179/179 1384/1384/1384
f 165/165/165 1384/1384/1384 1382/1382/1382
f 1384/1384/1384 179/179/179 178/178/178
f 1384/1384/1384 178/178/178 1385/1385/1385
f 177/177/177 179/179/179 171/171/171
f 177/177/177 171/171/171 173/173/173
f 165/165/165 181/181/181 171/171/171
f 165/165/165 171/171/171 179/179/179
f 1386/1386/1386 1387/1387/1387 1384/1384/1384
f 1386/1386/1386 1384/1384/1384 1385/1385/1385
f 1388/1388/1388 1381/1381/1381 1380/1380/1380
f 1388/1388/1388 1380/1380/1380 1389/1389/1389
f 173/173/173 180/180/180 1390/1390/1390
f 173/173/173 1390/1390/1390 177/177/177
f 1391/1391/1391 1392/1392/1392 1393/1393/1393
f 1391/1391/1391 1393/1393/1393 1394/1394/1394
f 1395/1395/1395 1394/1394/1394 1393/1393/1393
f 1395/1395/1395 1393/1393/1393 1396/1396/1396
f 1395/1395/1395 1396/1396/1396 1377/1377/1377
f 1395/1395/1395 1377/1377/1377 1376/1376/1376
f 178/178/178 177/177/177 1390/1390/1390
f 178/178/178 1390/1390/1390 1397/1397/1397
f 1398/1398/1398 1399/1399/1399 1400/1400/1400
f 1398/1398/1398 1400/1400/1400 1401/1401/1401
f 1402/1402/1402 175/175/175 174/174/174
f 1402/1402/1402 174/174/174 1403/1403/1403
f 1404/1404/1404 1405/1405/1405 1403/1403/1403
f 1404/1404/1404 1403/1403/1403 174/174/174
f 1406/1406/1406 1405/1405/1405 1404/1404/1404
f 1406/1406/1406 1404/1404/1404 1407/1407/1407
f 176/176/176 168/168/168 1408/1408/1408
f 176/176/176 1408/1408/1408 1407/1407/1407
f 168/168/168 170/170/170 1409/1409/1409
f 168/168/168 1409/1409/1409 1408/1408/1408
f 1410/1410/1410 1411/1411/1411 1412/1412/1412
f 1410/1410/1410 1412/1412/1412 1413/1413/1413
f 1414/1414/1414 1411/1411/1411 1410/1410/1410
f 1414/1414/1414 1410/1410/1410 1415/1415/1415
f 1415/1415/1415 1399/1399/1399 1398/1398/1398
f 1415/1415/1415 1398/1398/1398 1414/1414/1414
f 1416/1416/1416 1417/1417/1417 170/170/170
f 1416/1416/1416 170/170/170 169/169/169
f 1417/1417/1417 1418/1418/1418 1409/1409/1409
f 1417/1417/1417 1409/1409/1409 170/170/170
f 1408/1408/1408 1409/1409/1409 1418/1418/1418
f 1408/1408/1408 1418/1418/1418 1419/1419/1419
f 1382/1382/1382 1384/1384/1384 1387/1387/1387
f 1382/1382/1382 1387/1387/1387 1420/1420/1420
f 1382/1382/1382 1420/1420/1420 1421/1421/1421
f 1382/1382/1382 1421/1421/1421 1383/1383/1383
f 176/176/176 1407/1407/1407 1404/1404/1404
f 176/176/176 1404/1404/1404 174/174/174
f 169/169/169 168/168/168 1387/1387/1387
f 169/169/169 1387/1387/1387 1386/1386/1386
f 1401/1401/1401 1400/1400/1400 1388/1388/1388
f 1401/1401/1401 1388/1388/1388 1389/1389/1389
f 175/175/175 1421/1421/1421 1420/1420/1420
f 175/175/175 1420/1420/1420 176/176/176
f 1387/1387/1387 168/168/168 176/176/176
f 1387/1387/1387 176/176/176 1420/1420/1420
f 1419/1419/1419 1406/1406/1406 1407/1407/1407
f 1419/1419/1419 1407/1407/1407 1408/1408/1408
f 163/163/163 172/172/172 171/171/171
f 163/163/163 171/171/171 181/181/181
f 1422/1422/1422 1423/1423/1423 1424/1424/1424
f 1422/1422/1422 1424/1424/1424 1425/1425/1425
f 1426/1426/1426 1427/1427/1427 1428/1428/1428
f 1426/1426/1426 1428/1428/1428 1429/1429/1429
f 1425/1425/1425 1430/1430/1430 1431/1431/1431
f 1425/1425/1425 1431/1431/1431 1422/1422/1422
f 1432/1432/1432 1433/1433/1433 1434/1434/1434
f 1432/1432/1432 1434/1434/1434 1435/1435/1435
f 1432/1432/1432 1436/1436/1436 1437/1437/1437
f 1432/1432/1432 1437/1437/1437 1433/1433/1433
f 1438/1438/1438 1439/1439/1439 1440/1440/1440
f 1438/1438/1438 1440/1440/1440 1437/1437/1437
f 1439/1439/1439 1441/1441/1441 1442/1442/1442
f 1439/1439/1439 1442/1442/1442 1440/1440/1440
f 187/187/187 186/186/186 184/184/184
f 187/187/187 184/184/184 190/190/190
f 1440/1440/1440 1442/1442/1442 1443/1443/1443
f 1440/1440/1440 1443/1443/1443 1444/1444/1444
f 1445/1445/1445 1446/1446/1446 1447/1447/1447
f 1445/1445/1445 1447/1447/1447 1448/1448/1448
f 1449/1449/1449 1447/1447/1447 1446/1446/1446
f 1449/1449/1449 1446/1446/1446 1450/1450/1450
f 1437/1437/1437 1440/1440/1440 1444/1444/1444
f 1437/1437/1437 1444/1444/1444 1433/1433/1433
f 1433/1433/1433 1444/1444/1444 1451/1451/1451
f 1433/1433/1433 1451/1451/1451 1434/1434/1434
f 1438/1438/1438 1437/1437/1437 1436/1436/1436
f 1438/1438/1438 1436/1436/1436 1452/1452/1452
f 1430/1430/1430 1445/1445/1445 1448/1448/1448
f 1430/1430/1430 1448/1448/1448 1431/1431/1431
f 1451/1451/1451 1444/1444/1444 1443/1443/1443
f 1451/1451/1451 1443/1443/1443 1453/1453/1453
f 1429/1429/1429 1454/1454/1454 1455/1455/1455
f 1429/1429/1429 1455/1455/1455 1426/1426/1426
f 1454/1454/1454 1429/1429/1429 1456/1456/1456
f 1454/1454/1454 1456/1456/1456 1457/1457/1457
f 1458/1458/1458 1454/1454/1454 1457/1457/1457
f 1458/1458/1458 1457/1457/1457 1459/1459/1459
f 1460/1460/1460 1461/1461/1461 1462/1462/1462
f 1460/1460/1460 1462/1462/1462 1463/1463/1463
f 1464/1464/1464 1457/1457/1457 1456/1456/1456
f 1464/1464/1464 1456/1456/1456 1465/1465/1465
f 1455/1455/1455 1466/1466/1466 1434/1434/1434
f 1455/1455/1455 1434/1434/1434 1451/1451/1451
f 1467/1467/1467 1466/1466/1466 1458/1458/1458
f 1467/1467/1467 1458/1458/1458 1468/1468/1468
f 1458/1458/1458 1459/1459/1459 1469/1469/1469
f 1458/1458/1458 1469/1469/1469 1468/1468/1468
f 1470/1470/1470 1471/1471/1471 1469/1469/1469
f 1470/1470/1470 1469/1469/1469 1459/1459/1459
f 1472/1472/1472 1468/1468/1468 1469/1469/1469
f 1472/1472/1472 1469/1469/1469 1471/1471/1471
f 1473/1473/1473 1424/1424/1424 1423/1423/1423
f 1473/1473/1473 1423/1423/1423 1474/1474/1474
f 1474/1474/1474 1460/1460/1460 1463/1463/1463
f 1474/1474/1474 1463/1463/1463 1473/1473/1473
f 1475/1475/1475 1467/1467/1467 1468/1468/1468
f 1475/1475/1475 1468/1468/1468 1472/1472/1472
f 1428/1428/1428 1465/1465/1465 1456/1456/1456
f 1428/1428/1428 1456/1456/1456 1429/1429/1429
f 1476/1476/1476 1477/1477/1477 1478/1478/1478
f 1476/1476/1476 1478/1478/1478 1479/1479/1479
f 182/182/182 191/191/191 1480/1480/1480
f 182/182/182 1480/1480/1480 183/183/183
f 1481/1481/1481 189/189/189 183/183/183
f 1481/1481/1481 183/183/183 1480/1480/1480
f 1478/1478/1478 1477/1477/1477 1482/1482/1482
f 1478/1478/1478 1482/1482/1482 1483/1483/1483
f 1484/1484/1484 1485/1485/1485 192/192/192
f 1484/1484/1484 192/192/192 188/188/188
f 186/186/186 192/192/192 1485/1485/1485
f 186/186/186 1485/1485/1485 1486/1486/1486
f 1476/1476/1476 1479/1479/1479 1449/1449/1449
f 1476/1476/1476 1449/1449/1449 1450/1450/1450
f 1487/1487/1487 1488/1488/1488 1489/1489/1489
f 1487/1487/1487 1489/1489/1489 1490/1490/1490
f 1482/1482/1482 1488/1488/1488 1487/1487/1487
f 1482/1482/1482 1487/1487/1487 1483/1483/1483
f 193/193/193 1491/1491/1491 1484/1484/1484
f 193/193/193 1484/1484/1484 188/188/188
f 1439/1439/1439 190/190/190 189/189/189
f 1439/1439/1439 189/189/189 1441/1441/1441
f 187/187/187 190/190/190 1439/1439/1439
f 187/187/187 1439/1439/1439 1438/1438/1438
f 193/193/193 187/187/187 1438/1438/1438
f 193/193/193 1438/1438/1438 1452/1452/1452
f 185/185/185 184/184/184 186/186/186
f 185/185/185 186/186/186 1486/1486/1486
f 1453/1453/1453 1426/1426/1426 1455/1455/1455
f 1453/1453/1453 1455/1455/1455 1451/1451/1451
f 1466/1466/1466 1455/1455/1455 1454/1454/1454
f 1466/1466/1466 1454/1454/1454 1458/1458/1458
f 1466/1466/1466 1467/1467/1467 1435/1435/1435
f 1466/1466/1466 1435/1435/1435 1434/1434/1434
f 1464/1464/1464 1470/1470/1470 1459/1459/1459
f 1464/1464/1464 1459/1459/1459 1457/1457/1457
f 200/200/200 197/197/197 194/194/194
f 200/200/200 194/194/194 198/198/198
f 202/202/202 199/199/199 198/198/198
f 202/202/202 198/198/198 203/203/203
f 198/198/198 1492/1492/1492 1493/1493/1493
f 198/198/198 1493/1493/1493 203/203/203
f 207/207/207 203/203/203 1493/1493/1493
f 207/207/207 1493/1493/1493 204/204/204
f 209/209/209 201/201/201 203/203/203
f 209/209/209 203/203/203 207/207/207
f 1492/1492/1492 198/198/198 194/194/194
f 1492/1492/1492 194/194/194 210/210/210
f 1492/1492/1492 210/210/210 213/213/213
f 1492/1492/1492 213/213/213 1494/1494/1494
f 1493/1493/1493 1492/1492/1492 1494/1494/1494
f 1493/1493/1493 1494/1494/1494 1495/1495/1495
f 1494/1494/1494 1496/1496/1496 1497/1497/1497
f 1494/1494/1494 1497/1497/1497 1495/1495/1495
f 236/236/236 235/235/235 1498/1498/1498
f 236/236/236 1498/1498/1498 1499/1499/1499
f 1498/1498/1498 235/235/235 205/205/205
f 1498/1498/1498 205/205/205 204/204/204
f 204/204/204 1493/1493/1493 1495/1495/1495
f 204/204/204 1495/1495/1495 1498/1498/1498
f 1495/1495/1495 1497/1497/1497 1499/1499/1499
f 1495/1495/1495 1499/1499/1499 1498/1498/1498
f 1500/1500/1500 1496/1496/1496 1494/1494/1494
f 1500/1500/1500 1494/1494/1494 213/213/213
f 212/212/212 214/214/214 213/213/213
f 212/212/212 213/213/213 210/210/210
f 1501/1501/1501 1500/1500/1500 213/213/213
f 1501/1501/1501 213/213/213 215/215/215
f 218/218/218 219/219/219 220/220/220
f 218/218/218 220/220/220 222/222/222
f 222/222/222 221/221/221 224/224/224
f 222/222/222 224/224/224 223/223/223
f 223/223/223 225/225/225 229/229/229
f 223/223/223 229/229/229 231/231/231
f 233/233/233 216/216/216 218/218/218
f 233/233/233 218/218/218 234/234/234
f 227/227/227 1502/1502/1502 1503/1503/1503
f 227/227/227 1503/1503/1503 228/228/228
f 1504/1504/1504 1505/1505/1505 232/232/232
f 1504/1504/1504 232/232/232 234/234/234
f 1506/1506/1506 1507/1507/1507 196/196/196
f 1506/1506/1506 196/196/196 195/195/195
f 1508/1508/1508 1506/1506/1506 195/195/195
f 1508/1508/1508 195/195/195 197/197/197
f 1509/1509/1509 1510/1510/1510 200/200/200
f 1509/1509/1509 200/200/200 199/199/199
f 1510/1510/1510 1508/1508/1508 197/197/197
f 1510/1510/1510 197/197/197 200/200/200
f 1511/1511/1511 1509/1509/1509 199/199/199
f 1511/1511/1511 199/199/199 202/202/202
f 1512/1512/1512 1511/1511/1511 202/202/202
f 1512/1512/1512 202/202/202 201/201/201
f 1513/1513/1513 1514/1514/1514 206/206/206
f 1513/1513/1513 206/206/206 205/205/205
f 1515/1515/1515 1516/1516/1516 209/209/209
f 1515/1515/1515 209/209/209 208/208/208
f 1516/1516/1516 1512/1512/1512 201/201/201
f 1516/1516/1516 201/201/201 209/209/209
f 1514/1514/1514 1515/1515/1515 208/208/208
f 1514/1514/1514 208/208/208 206/206/206
f 1517/1517/1517 1518/1518/1518 212/212/212
f 1517/1517/1517 212/212/212 211/211/211
f 1507/1507/1507 1517/1517/1517 211/211/211
f 1507/1507/1507 211/211/211 196/196/196
f 237/237/237 1513/1513/1513 205/205/205
f 237/237/237 205/205/205 235/235/235
f 1518/1518/1518 238/238/238 214/214/214
f 1518/1518/1518 214/214/214 212/212/212
f 258/258/258 1519/1519/1519 1520/1520/1520
f 258/258/258 1520/1520/1520 245/245/245
f 1521/1521/1521 1522/1522/1522 1519/1519/1519
f 1521/1521/1521 1519/1519/1519 258/258/258
f 1522/1522/1522 1521/1521/1521 1523/1523/1523
f 1522/1522/1522 1523/1523/1523 1524/1524/1524
f 1521/1521/1521 239/239/239 243/243/243
f 1521/1521/1521 243/243/243 1523/1523/1523
f 1521/1521/1521 258/258/258 251/251/251
f 1521/1521/1521 251/251/251 239/239/239
f 245/245/245 1520/1520/1520 1525/1525/1525
f 245/245/245 1525/1525/1525 248/248/248
f 1526/1526/1526 247/247/247 246/246/246
f 1526/1526/1526 246/246/246 250/250/250
f 247/247/247 1527/1527/1527 257/257/257
f 247/247/247 257/257/257 244/244/244
f 239/239/239 251/251/251 253/253/253
f 239/239/239 253/253/253 240/240/240
f 256/256/256 255/255/255 1527/1527/1527
f 256/256/256 1527/1527/1527 1528/1528/1528
f 1528/1528/1528 1527/1527/1527 247/247/247
f 1528/1528/1528 247/247/247 1526/1526/1526
f 254/254/254 257/257/257 1527/1527/1527
f 254/254/254 1527/1527/1527 255/255/255
f 257/257/257 258/258/258 245/245/245
f 257/257/257 245/245/245 244/244/244
f 1529/1529/1529 1530/1530/1530 1531/1531/1531
f 1529/1529/1529 1531/1531/1531 1532/1532/1532
f 263/263/263 261/261/261 1530/1530/1530
f 263/263/263 1530/1530/1530 1529/1529/1529
f 1533/1533/1533 1534/1534/1534 267/267/267
f 1533/1533/1533 267/267/267 269/269/269
f 266/266/266 265/265/265 1535/1535/1535
f 266/266/266 1535/1535/1535 270/270/270
f 1536/1536/1536 1537/1537/1537 265/265/265
f 1536/1536/1536 265/265/265 264/264/264
f 271/271/271 273/273/273 261/261/261
f 271/271/271 261/261/261 260/260/260
f 1537/1537/1537 275/275/275 276/276/276
f 1537/1537/1537 276/276/276 1538/1538/1538
f 265/265/265 1537/1537/1537 1538/1538/1538
f 265/265/265 1538/1538/1538 1535/1535/1535
f 1537/1537/1537 1536/1536/1536 274/274/274
f 1537/1537/1537 274/274/274 275/275/275
f 1524/1524/1524 1523/1523/1523 1539/1539/1539
f 1524/1524/1524 1539/1539/1539 1540/1540/1540
f 240/240/240 1541/1541/1541 1542/1542/1542
f 240/240/240 1542/1542/1542 241/241/241
f 241/241/241 1542/1542/1542 1543/1543/1543
f 241/241/241 1543/1543/1543 242/242/242
f 242/242/242 1543/1543/1543 1544/1544/1544
f 242/242/242 1544/1544/1544 243/243/243
f 243/243/243 1544/1544/1544 1539/1539/1539
f 243/243/243 1539/1539/1539 1523/1523/1523
f 248/248/248 1545/1545/1545 1546/1546/1546
f 248/248/248 1546/1546/1546 249/249/249
f 1525/1525/1525 1547/1547/1547 1545/1545/1545
f 1525/1525/1525 1545/1545/1545 248/248/248
f 250/250/250 249/249/249 1546/1546/1546
f 250/250/250 1546/1546/1546 1548/1548/1548
f 250/250/250 1548/1548/1548 1549/1549/1549
f 250/250/250 1549/1549/1549 1526/1526/1526
f 240/240/240 253/253/253 1550/1550/1550
f 240/240/240 1550/1550/1550 1541/1541/1541
f 253/253/253 252/252/252 1551/1551/1551
f 253/253/253 1551/1551/1551 1550/1550/1550
f 256/256/256 1528/1528/1528 1552/1552/1552
f 256/256/256 1552/1552/1552 1553/1553/1553
f 256/256/256 1553/1553/1553 1551/1551/1551
f 256/256/256 1551/1551/1551 252/252/252
f 1526/1526/1526 1549/1549/1549 1552/1552/1552
f 1526/1526/1526 1552/1552/1552 1528/1528/1528
f 796/796/796 1554/1554/1554 1555/1555/1555
f 796/796/796 1555/1555/1555 291/291/291
f 1556/1556/1556 811/811/811 277/277/277
f 1556/1556/1556 277/277/277 1557/1557/1557
f 282/282/282 1558/1558/1558 1559/1559/1559
f 282/282/282 1559/1559/1559 1560/1560/1560
f 1560/1560/1560 1559/1559/1559 1561/1561/1561
f 1560/1560/1560 1561/1561/1561 1562/1562/1562
f 277/277/277 282/282/282 1560/1560/1560
f 277/277/277 1560/1560/1560 1557/1557/1557
f 812/812/812 279/279/279 281/281/281
f 812/812/812 281/281/281 1563/1563/1563
f 1564/1564/1564 812/812/812 1563/1563/1563
f 1564/1564/1564 1563/1563/1563 1565/1565/1565
f 1558/1558/1558 282/282/282 812/812/812
f 1558/1558/1558 812/812/812 1564/1564/1564
f 1566/1566/1566 278/278/278 1567/1567/1567
f 1566/1566/1566 1567/1567/1567 1568/1568/1568
f 1567/1567/1567 278/278/278 811/811/811
f 1567/1567/1567 811/811/811 1569/1569/1569
f 1570/1570/1570 1567/1567/1567 1569/1569/1569
f 1570/1570/1570 1569/1569/1569 1571/1571/1571
f 1572/1572/1572 1568/1568/1568 1567/1567/1567
f 1572/1572/1572 1567/1567/1567 1570/1570/1570
f 1570/1570/1570 1573/1573/1573 1574/1574/1574
f 1570/1570/1570 1574/1574/1574 1572/1572/1572
f 1571/1571/1571 1575/1575/1575 1573/1573/1573
f 1571/1571/1571 1573/1573/1573 1570/1570/1570
f 1571/1571/1571 1569/1569/1569 1576/1576/1576
f 1571/1571/1571 1576/1576/1576 1577/1577/1577
f 811/811/811 1556/1556/1556 1576/1576/1576
f 811/811/811 1576/1576/1576 1569/1569/1569
f 1578/1578/1578 1579/1579/1579 1580/1580/1580
f 1578/1578/1578 1580/1580/1580 1581/1581/1581
f 1582/1582/1582 1583/1583/1583 1580/1580/1580
f 1582/1582/1582 1580/1580/1580 509/509/509
f 1584/1584/1584 596/596/596 1585/1585/1585
f 1584/1584/1584 1585/1585/1585 1586/1586/1586
f 1587/1587/1587 1588/1588/1588 795/795/795
f 1587/1587/1587 795/795/795 283/283/283
f 1589/1589/1589 1590/1590/1590 1588/1588/1588
f 1589/1589/1589 1588/1588/1588 1587/1587/1587
f 1591/1591/1591 1592/1592/1592 1593/1593/1593
f 1591/1591/1591 1593/1593/1593 1594/1594/1594
f 1595/1595/1595 1591/1591/1591 1594/1594/1594
f 1595/1595/1595 1594/1594/1594 1596/1596/1596
f 1597/1597/1597 1593/1593/1593 1592/1592/1592
f 1597/1597/1597 1592/1592/1592 1598/1598/1598
f 1599/1599/1599 1597/1597/1597 1598/1598/1598
f 1599/1599/1599 1598/1598/1598 1600/1600/1600
f 1594/1594/1594 1593/1593/1593 1601/1601/1601
f 1594/1594/1594 1601/1601/1601 1602/1602/1602
f 1602/1602/1602 1601/1601/1601 1603/1603/1603
f 1602/1602/1602 1603/1603/1603 1604/1604/1604
f 1605/1605/1605 1602/1602/1602 1604/1604/1604
f 1605/1605/1605 1604/1604/1604 1555/1555/1555
f 1596/1596/1596 1594/1594/1594 1602/1602/1602
f 1596/1596/1596 1602/1602/1602 1605/1605/1605
f 1606/1606/1606 1603/1603/1603 1601/1601/1601
f 1606/1606/1606 1601/1601/1601 1607/1607/1607
f 1607/1607/1607 1601/1601/1601 1593/1593/1593
f 1607/1607/1607 1593/1593/1593 1597/1597/1597
f 1608/1608/1608 1607/1607/1607 1597/1597/1597
f 1608/1608/1608 1597/1597/1597 1599/1599/1599
f 1609/1609/1609 1606/1606/1606 1607/1607/1607
f 1609/1609/1609 1607/1607/1607 1608/1608/1608
f 1610/1610/1610 1611/1611/1611 1612/1612/1612
f 1610/1610/1610 1612/1612/1612 1613/1613/1613
f 1608/1608/1608 1610/1610/1610 1613/1613/1613
f 1608/1608/1608 1613/1613/1613 1609/1609/1609
f 1599/1599/1599 1614/1614/1614 1610/1610/1610
f 1599/1599/1599 1610/1610/1610 1608/1608/1608
f 1614/1614/1614 1615/1615/1615 1611/1611/1611
f 1614/1614/1614 1611/1611/1611 1610/1610/1610
f 1616/1616/1616 1617/1617/1617 1618/1618/1618
f 1616/1616/1616 1618/1618/1618 1619/1619/1619
f 1612/1612/1612 1616/1616/1616 1619/1619/1619
f 1612/1612/1612 1619/1619/1619 1620/1620/1620
f 1621/1621/1621 1611/1611/1611 1615/1615/1615
f 1621/1621/1621 1615/1615/1615 1622/1622/1622
f 1623/1623/1623 1621/1621/1621 1622/1622/1622
f 1623/1623/1623 1622/1622/1622 1624/1624/1624
f 1617/1617/1617 1616/1616/1616 1621/1621/1621
f 1617/1617/1617 1621/1621/1621 1623/1623/1623
f 1616/1616/1616 1612/1612/1612 1611/1611/1611
f 1616/1616/1616 1611/1611/1611 1621/1621/1621
f 1613/1613/1613 1612/1612/1612 1620/1620/1620
f 1613/1613/1613 1620/1620/1620 1625/1625/1625
f 1609/1609/1609 1613/1613/1613 1625/1625/1625
f 1609/1609/1609 1625/1625/1625 1626/1626/1626
f 1614/1614/1614 1599/1599/1599 1600/1600/1600
f 1614/1614/1614 1600/1600/1600 1627/1627/1627
f 1615/1615/1615 1614/1614/1614 1627/1627/1627
f 1615/1615/1615 1627/1627/1627 1628/1628/1628
f 1629/1629/1629 1630/1630/1630 1628/1628/1628
f 1629/1629/1629 1628/1628/1628 1627/1627/1627
f 1631/1631/1631 1629/1629/1629 1627/1627/1627
f 1631/1631/1631 1627/1627/1627 1600/1600/1600
f 1598/1598/1598 1592/1592/1592 1632/1632/1632
f 1598/1598/1598 1632/1632/1632 1633/1633/1633
f 1600/1600/1600 1598/1598/1598 1633/1633/1633
f 1600/1600/1600 1633/1633/1633 1631/1631/1631
f 1634/1634/1634 291/291/291 1555/1555/1555
f 1634/1634/1634 1555/1555/1555 1604/1604/1604
f 1635/1635/1635 1634/1634/1634 1604/1604/1604
f 1635/1635/1635 1604/1604/1604 1603/1603/1603
f 1636/1636/1636 1635/1635/1635 1603/1603/1603
f 1636/1636/1636 1603/1603/1603 1606/1606/1606
f 1626/1626/1626 1636/1636/1636 1606/1606/1606
f 1626/1626/1626 1606/1606/1606 1609/1609/1609
f 1591/1591/1591 1595/1595/1595 1637/1637/1637
f 1591/1591/1591 1637/1637/1637 1638/1638/1638
f 1592/1592/1592 1591/1591/1591 1638/1638/1638
f 1592/1592/1592 1638/1638/1638 1632/1632/1632
f 1638/1638/1638 1637/1637/1637 1639/1639/1639
f 1638/1638/1638 1639/1639/1639 1640/1640/1640
f 1640/1640/1640 1639/1639/1639 1641/1641/1641
f 1640/1640/1640 1641/1641/1641 1642/1642/1642
f 1643/1643/1643 1640/1640/1640 1642/1642/1642
f 1643/1643/1643 1642/1642/1642 1644/1644/1644
f 1632/1632/1632 1638/1638/1638 1640/1640/1640
f 1632/1632/1632 1640/1640/1640 1643/1643/1643
f 1645/1645/1645 1642/1642/1642 1641/1641/1641
f 1645/1645/1645 1641/1641/1641 1646/1646/1646
f 780/780/780 1645/1645/1645 1646/1646/1646
f 780/780/780 1646/1646/1646 1647/1647/1647
f 287/287/287 1648/1648/1648 1645/1645/1645
f 287/287/287 1645/1645/1645 780/780/780
f 1648/1648/1648 1644/1644/1644 1642/1642/1642
f 1648/1648/1648 1642/1642/1642 1645/1645/1645
f 1647/1647/1647 779/779/779 288/288/288
f 1647/1647/1647 288/288/288 780/780/780
f 1649/1649/1649 1650/1650/1650 779/779/779
f 1649/1649/1649 779/779/779 1647/1647/1647
f 1651/1651/1651 1652/1652/1652 1650/1650/1650
f 1651/1651/1651 1650/1650/1650 1649/1649/1649
f 1647/1647/1647 1646/1646/1646 517/517/517
f 1647/1647/1647 517/517/517 1649/1649/1649
f 1653/1653/1653 1654/1654/1654 1631/1631/1631
f 1653/1653/1653 1631/1631/1631 1633/1633/1633
f 1643/1643/1643 1653/1653/1653 1633/1633/1633
f 1643/1643/1643 1633/1633/1633 1632/1632/1632
f 1644/1644/1644 1655/1655/1655 1653/1653/1653
f 1644/1644/1644 1653/1653/1653 1643/1643/1643
f 1655/1655/1655 1656/1656/1656 1654/1654/1654
f 1655/1655/1655 1654/1654/1654 1653/1653/1653
f 1648/1648/1648 287/287/287 1657/1657/1657
f 1648/1648/1648 1657/1657/1657 1658/1658/1658
f 1648/1648/1648 1658/1658/1658 1655/1655/1655
f 1648/1648/1648 1655/1655/1655 1644/1644/1644
f 285/285/285 284/284/284 1659/1659/1659
f 285/285/285 1659/1659/1659 1660/1660/1660
f 1639/1639/1639 1659/1659/1659 1661/1661/1661
f 1639/1639/1639 1661/1661/1661 1641/1641/1641
f 1637/1637/1637 1660/1660/1660 1659/1659/1659
f 1637/1637/1637 1659/1659/1659 1639/1639/1639
f 797/797/797 1564/1564/1564 1565/1565/1565
f 797/797/797 1565/1565/1565 1662/1662/1662
f 293/293/293 1558/1558/1558 1564/1564/1564
f 293/293/293 1564/1564/1564 797/797/797
f 1558/1558/1558 293/293/293 1663/1663/1663
f 1558/1558/1558 1663/1663/1663 1559/1559/1559
f 1559/1559/1559 1663/1663/1663 1664/1664/1664
f 1559/1559/1559 1664/1664/1664 1561/1561/1561
f 1665/1665/1665 1663/1663/1663 293/293/293
f 1665/1665/1665 293/293/293 292/292/292
f 1666/1666/1666 1665/1665/1665 292/292/292
f 1666/1666/1666 292/292/292 1667/1667/1667
f 1668/1668/1668 1669/1669/1669 1665/1665/1665
f 1668/1668/1668 1665/1665/1665 1666/1666/1666
f 1669/1669/1669 1664/1664/1664 1663/1663/1663
f 1669/1669/1669 1663/1663/1663 1665/1665/1665
f 290/290/290 289/289/289 1667/1667/1667
f 290/290/290 1667/1667/1667 292/292/292
f 796/796/796 290/290/290 797/797/797
f 796/796/796 797/797/797 1662/1662/1662
f 1670/1670/1670 1671/1671/1671 1672/1672/1672
f 1670/1670/1670 1672/1672/1672 1673/1673/1673
f 1671/1671/1671 1668/1668/1668 1666/1666/1666
f 1671/1671/1671 1666/1666/1666 1672/1672/1672
f 1674/1674/1674 1675/1675/1675 1676/1676/1676
f 1674/1674/1674 1676/1676/1676 1677/1677/1677
f 1678/1678/1678 1674/1674/1674 1677/1677/1677
f 1678/1678/1678 1677/1677/1677 1679/1679/1679
f 1677/1677/1677 1676/1676/1676 1680/1680/1680
f 1677/1677/1677 1680/1680/1680 678/678/678
f 1681/1681/1681 1682/1682/1682 1683/1683/1683
f 1681/1681/1681 1683/1683/1683 1684/1684/1684
f 1684/1684/1684 1683/1683/1683 1679/1679/1679
f 1684/1684/1684 1679/1679/1679 1685/1685/1685
f 709/709/709 1684/1684/1684 1685/1685/1685
f 709/709/709 1685/1685/1685 302/302/302
f 708/708/708 1681/1681/1681 1684/1684/1684
f 708/708/708 1684/1684/1684 709/709/709
f 298/298/298 294/294/294 296/296/296
f 298/298/298 296/296/296 313/313/313
f 1686/1686/1686 310/310/310 313/313/313
f 1686/1686/1686 313/313/313 296/296/296
f 769/769/769 322/322/322 1686/1686/1686
f 769/769/769 1686/1686/1686 301/301/301
f 322/322/322 308/308/308 310/310/310
f 322/322/322 310/310/310 1686/1686/1686
f 1687/1687/1687 1678/1678/1678 1679/1679/1679
f 1687/1687/1687 1679/1679/1679 1683/1683/1683
f 1688/1688/1688 1687/1687/1687 1683/1683/1683
f 1688/1688/1688 1683/1683/1683 1682/1682/1682
f 1682/1682/1682 1689/1689/1689 1690/1690/1690
f 1682/1682/1682 1690/1690/1690 1688/1688/1688
f 534/534/534 1691/1691/1691 1690/1690/1690
f 534/534/534 1690/1690/1690 1689/1689/1689
f 1692/1692/1692 1693/1693/1693 1694/1694/1694
f 1692/1692/1692 1694/1694/1694 1695/1695/1695
f 1696/1696/1696 1697/1697/1697 1698/1698/1698
f 1696/1696/1696 1698/1698/1698 1699/1699/1699
f 781/781/781 1700/1700/1700 538/538/538
f 781/781/781 538/538/538 539/539/539
f 1693/1693/1693 1692/1692/1692 1700/1700/1700
f 1693/1693/1693 1700/1700/1700 781/781/781
f 1689/1689/1689 1701/1701/1701 533/533/533
f 1689/1689/1689 533/533/533 534/534/534
f 1702/1702/1702 540/540/540 1703/1703/1703
f 1702/1702/1702 1703/1703/1703 1704/1704/1704
f 1705/1705/1705 1702/1702/1702 1704/1704/1704
f 1705/1705/1705 1704/1704/1704 1706/1706/1706
f 1707/1707/1707 536/536/536 1702/1702/1702
f 1707/1707/1707 1702/1702/1702 1705/1705/1705
f 299/299/299 297/297/297 1706/1706/1706
f 299/299/299 1706/1706/1706 1704/1704/1704
f 708/708/708 299/299/299 1704/1704/1704
f 708/708/708 1704/1704/1704 1703/1703/1703
f 1708/1708/1708 1705/1705/1705 1706/1706/1706
f 1708/1708/1708 1706/1706/1706 1709/1709/1709
f 1710/1710/1710 1708/1708/1708 1709/1709/1709
f 1710/1710/1710 1709/1709/1709 1711/1711/1711
f 775/775/775 1707/1707/1707 1705/1705/1705
f 775/775/775 1705/1705/1705 1708/1708/1708
f 1712/1712/1712 1713/1713/1713 1714/1714/1714
f 1712/1712/1712 1714/1714/1714 1715/1715/1715
f 1711/1711/1711 1712/1712/1712 1715/1715/1715
f 1711/1711/1711 1715/1715/1715 1710/1710/1710
f 1712/1712/1712 1711/1711/1711 1716/1716/1716
f 1712/1712/1712 1716/1716/1716 1717/1717/1717
f 1713/1713/1713 1712/1712/1712 1717/1717/1717
f 1713/1713/1713 1717/1717/1717 1652/1652/1652
f 1718/1718/1718 1716/1716/1716 1711/1711/1711
f 1718/1718/1718 1711/1711/1711 1709/1709/1709
f 297/297/297 1718/1718/1718 1709/1709/1709
f 297/297/297 1709/1709/1709 1706/1706/1706
f 1701/1701/1701 1689/1689/1689 1682/1682/1682
f 1701/1701/1701 1682/1682/1682 1681/1681/1681
f 1703/1703/1703 1701/1701/1701 1681/1681/1681
f 1703/1703/1703 1681/1681/1681 708/708/708
f 1719/1719/1719 1720/1720/1720 1721/1721/1721
f 1719/1719/1719 1721/1721/1721 1722/1722/1722
f 1720/1720/1720 1584/1584/1584 1586/1586/1586
f 1720/1720/1720 1586/1586/1586 1721/1721/1721
f 1723/1723/1723 1724/1724/1724 809/809/809
f 1723/1723/1723 809/809/809 523/523/523
f 526/526/526 541/541/541 542/542/542
f 526/526/526 542/542/542 527/527/527
f 809/809/809 1725/1725/1725 526/526/526
f 809/809/809 526/526/526 808/808/808
f 1723/1723/1723 1726/1726/1726 1720/1720/1720
f 1723/1723/1723 1720/1720/1720 1719/1719/1719
f 1693/1693/1693 1727/1727/1727 1728/1728/1728
f 1693/1693/1693 1728/1728/1728 1694/1694/1694
f 1698/1698/1698 1697/1697/1697 1729/1729/1729
f 1698/1698/1698 1729/1729/1729 1730/1730/1730
f 1731/1731/1731 1732/1732/1732 1729/1729/1729
f 1731/1731/1731 1729/1729/1729 1728/1728/1728
f 1733/1733/1733 1734/1734/1734 1735/1735/1735
f 1733/1733/1733 1735/1735/1735 1736/1736/1736
f 1736/1736/1736 1735/1735/1735 1737/1737/1737
f 1736/1736/1736 1737/1737/1737 1738/1738/1738
f 1733/1733/1733 1739/1739/1739 1740/1740/1740
f 1733/1733/1733 1740/1740/1740 1734/1734/1734
f 1741/1741/1741 1742/1742/1742 1743/1743/1743
f 1741/1741/1741 1743/1743/1743 1744/1744/1744
f 1745/1745/1745 1746/1746/1746 1742/1742/1742
f 1745/1745/1745 1742/1742/1742 1741/1741/1741
f 1747/1747/1747 1748/1748/1748 1749/1749/1749
f 1747/1747/1747 1749/1749/1749 1750/1750/1750
f 1744/1744/1744 1743/1743/1743 1748/1748/1748
f 1744/1744/1744 1748/1748/1748 1747/1747/1747
f 1740/1740/1740 1739/1739/1739 1751/1751/1751
f 1740/1740/1740 1751/1751/1751 1752/1752/1752
f 1750/1750/1750 1749/1749/1749 1752/1752/1752
f 1750/1750/1750 1752/1752/1752 1751/1751/1751
f 1753/1753/1753 1754/1754/1754 1744/1744/1744
f 1753/1753/1753 1744/1744/1744 1747/1747/1747
f 1755/1755/1755 1753/1753/1753 1747/1747/1747
f 1755/1755/1755 1747/1747/1747 1750/1750/1750
f 1756/1756/1756 1757/1757/1757 1753/1753/1753
f 1756/1756/1756 1753/1753/1753 1755/1755/1755
f 1757/1757/1757 1758/1758/1758 1754/1754/1754
f 1757/1757/1757 1754/1754/1754 1753/1753/1753
f 1751/1751/1751 1739/1739/1739 1759/1759/1759
f 1751/1751/1751 1759/1759/1759 1760/1760/1760
f 1761/1761/1761 1762/1762/1762 1760/1760/1760
f 1761/1761/1761 1760/1760/1760 1759/1759/1759
f 1762/1762/1762 1756/1756/1756 1755/1755/1755
f 1762/1762/1762 1755/1755/1755 1760/1760/1760
f 1755/1755/1755 1750/1750/1750 1751/1751/1751
f 1755/1755/1755 1751/1751/1751 1760/1760/1760
f 1763/1763/1763 1741/1741/1741 1744/1744/1744
f 1763/1763/1763 1744/1744/1744 1754/1754/1754
f 1763/1763/1763 1754/1754/1754 1758/1758/1758
f 1763/1763/1763 1758/1758/1758 1764/1764/1764
f 1765/1765/1765 1766/1766/1766 1763/1763/1763
f 1765/1765/1765 1763/1763/1763 1764/1764/1764
f 1766/1766/1766 1745/1745/1745 1741/1741/1741
f 1766/1766/1766 1741/1741/1741 1763/1763/1763
f 1767/1767/1767 1768/1768/1768 1769/1769/1769
f 1767/1767/1767 1769/1769/1769 1770/1770/1770
f 435/435/435 1767/1767/1767 1770/1770/1770
f 435/435/435 1770/1770/1770 436/436/436
f 1771/1771/1771 1772/1772/1772 1767/1767/1767
f 1771/1771/1771 1767/1767/1767 435/435/435
f 1772/1772/1772 1765/1765/1765 1768/1768/1768
f 1772/1772/1772 1768/1768/1768 1767/1767/1767
f 1773/1773/1773 1769/1769/1769 1768/1768/1768
f 1773/1773/1773 1768/1768/1768 1774/1774/1774
f 1774/1774/1774 1768/1768/1768 1765/1765/1765
f 1774/1774/1774 1765/1765/1765 1764/1764/1764
f 1775/1775/1775 1774/1774/1774 1764/1764/1764
f 1775/1775/1775 1764/1764/1764 1758/1758/1758
f 1776/1776/1776 1773/1773/1773 1774/1774/1774
f 1776/1776/1776 1774/1774/1774 1775/1775/1775
f 1777/1777/1777 1778/1778/1778 1779/1779/1779
f 1777/1777/1777 1779/1779/1779 1780/1780/1780
f 1766/1766/1766 1779/1779/1779 1778/1778/1778
f 1766/1766/1766 1778/1778/1778 1745/1745/1745
f 1765/1765/1765 1772/1772/1772 1779/1779/1779
f 1765/1765/1765 1779/1779/1779 1766/1766/1766
f 1771/1771/1771 1780/1780/1780 1779/1779/1779
f 1771/1771/1771 1779/1779/1779 1772/1772/1772
f 1781/1781/1781 1778/1778/1778 1777/1777/1777
f 1781/1781/1781 1777/1777/1777 1782/1782/1782
f 1746/1746/1746 1745/1745/1745 1778/1778/1778
f 1746/1746/1746 1778/1778/1778 1781/1781/1781
f 1783/1783/1783 1784/1784/1784 1785/1785/1785
f 1783/1783/1783 1785/1785/1785 1786/1786/1786
f 1787/1787/1787 1788/1788/1788 1789/1789/1789
f 1787/1787/1787 1789/1789/1789 1624/1624/1624
f 1788/1788/1788 1783/1783/1783 1786/1786/1786
f 1788/1788/1788 1786/1786/1786 1789/1789/1789
f 1790/1790/1790 1628/1628/1628 1630/1630/1630
f 1790/1790/1790 1630/1630/1630 1791/1791/1791
f 1622/1622/1622 1615/1615/1615 1628/1628/1628
f 1622/1622/1622 1628/1628/1628 1790/1790/1790
f 1624/1624/1624 1622/1622/1622 1790/1790/1790
f 1624/1624/1624 1790/1790/1790 1787/1787/1787
f 1792/1792/1792 1623/1623/1623 1624/1624/1624
f 1792/1792/1792 1624/1624/1624 1789/1789/1789
f 1793/1793/1793 1792/1792/1792 1789/1789/1789
f 1793/1793/1793 1789/1789/1789 1786/1786/1786
f 1794/1794/1794 1795/1795/1795 1792/1792/1792
f 1794/1794/1794 1792/1792/1792 1793/1793/1793
f 1795/1795/1795 1617/1617/1617 1623/1623/1623
f 1795/1795/1795 1623/1623/1623 1792/1792/1792
f 1795/1795/1795 1794/1794/1794 1796/1796/1796
f 1795/1795/1795 1796/1796/1796 1797/1797/1797
f 1617/1617/1617 1795/1795/1795 1797/1797/1797
f 1617/1617/1617 1797/1797/1797 1618/1618/1618
f 1798/1798/1798 1796/1796/1796 1794/1794/1794
f 1798/1798/1798 1794/1794/1794 1799/1799/1799
f 1793/1793/1793 1800/1800/1800 1799/1799/1799
f 1793/1793/1793 1799/1799/1799 1794/1794/1794
f 1786/1786/1786 1785/1785/1785 1800/1800/1800
f 1786/1786/1786 1800/1800/1800 1793/1793/1793
f 1773/1773/1773 1776/1776/1776 1801/1801/1801
f 1773/1773/1773 1801/1801/1801 1802/1802/1802
f 1802/1802/1802 1801/1801/1801 1803/1803/1803
f 1802/1802/1802 1803/1803/1803 1804/1804/1804
f 1805/1805/1805 1802/1802/1802 1804/1804/1804
f 1805/1805/1805 1804/1804/1804 770/770/770
f 1769/1769/1769 1773/1773/1773 1802/1802/1802
f 1769/1769/1769 1802/1802/1802 1805/1805/1805
f 1806/1806/1806 1807/1807/1807 794/794/794
f 1806/1806/1806 794/794/794 321/321/321
f 1801/1801/1801 1806/1806/1806 321/321/321
f 1801/1801/1801 321/321/321 1803/1803/1803
f 1776/1776/1776 1808/1808/1808 1806/1806/1806
f 1776/1776/1776 1806/1806/1806 1801/1801/1801
f 1808/1808/1808 1809/1809/1809 1807/1807/1807
f 1808/1808/1808 1807/1807/1807 1806/1806/1806
f 303/303/303 306/306/306 794/794/794
f 303/303/303 794/794/794 1810/1810/1810
f 304/304/304 303/303/303 1810/1810/1810
f 304/304/304 1810/1810/1810 1811/1811/1811
f 287/287/287 286/286/286 304/304/304
f 287/287/287 304/304/304 1657/1657/1657
f 1812/1812/1812 1813/1813/1813 1814/1814/1814
f 1812/1812/1812 1814/1814/1814 1815/1815/1815
f 1816/1816/1816 1817/1817/1817 1815/1815/1815
f 1816/1816/1816 1815/1815/1815 1814/1814/1814
f 1733/1733/1733 616/616/616 1759/1759/1759
f 1733/1733/1733 1759/1759/1759 1739/1739/1739
f 1817/1817/1817 1818/1818/1818 1819/1819/1819
f 1817/1817/1817 1819/1819/1819 1815/1815/1815
f 1820/1820/1820 1809/1809/1809 1821/1821/1821
f 1820/1820/1820 1821/1821/1821 1822/1822/1822
f 1762/1762/1762 1822/1822/1822 1821/1821/1821
f 1762/1762/1762 1821/1821/1821 1756/1756/1756
f 1816/1816/1816 1822/1822/1822 1762/1762/1762
f 1816/1816/1816 1762/1762/1762 1761/1761/1761
f 1814/1814/1814 1820/1820/1820 1822/1822/1822
f 1814/1814/1814 1822/1822/1822 1816/1816/1816
f 1823/1823/1823 1807/1807/1807 1809/1809/1809
f 1823/1823/1823 1809/1809/1809 1820/1820/1820
f 1813/1813/1813 1823/1823/1823 1820/1820/1820
f 1813/1813/1813 1820/1820/1820 1814/1814/1814
f 1811/1811/1811 1810/1810/1810 1823/1823/1823
f 1811/1811/1811 1823/1823/1823 1813/1813/1813
f 1810/1810/1810 794/794/794 1807/1807/1807
f 1810/1810/1810 1807/1807/1807 1823/1823/1823
f 1824/1824/1824 1821/1821/1821 1809/1809/1809
f 1824/1824/1824 1809/1809/1809 1808/1808/1808
f 1775/1775/1775 1824/1824/1824 1808/1808/1808
f 1775/1775/1775 1808/1808/1808 1776/1776/1776
f 1758/1758/1758 1757/1757/1757 1824/1824/1824
f 1758/1758/1758 1824/1824/1824 1775/1775/1775
f 1824/1824/1824 1757/1757/1757 1756/1756/1756
f 1824/1824/1824 1756/1756/1756 1821/1821/1821
f 315/315/315 312/312/312 311/311/311
f 315/315/315 311/311/311 317/317/317
f 313/313/313 783/783/783 1825/1825/1825
f 313/313/313 1825/1825/1825 298/298/298
f 312/312/312 315/315/315 314/314/314
f 312/312/312 314/314/314 783/783/783
f 1716/1716/1716 1718/1718/1718 1825/1825/1825
f 1716/1716/1716 1825/1825/1825 1826/1826/1826
f 1718/1718/1718 297/297/297 298/298/298
f 1718/1718/1718 298/298/298 1825/1825/1825
f 1827/1827/1827 1650/1650/1650 1652/1652/1652
f 1827/1827/1827 1652/1652/1652 1717/1717/1717
f 1826/1826/1826 1827/1827/1827 1717/1717/1717
f 1826/1826/1826 1717/1717/1717 1716/1716/1716
f 316/316/316 779/779/779 1650/1650/1650
f 316/316/316 1650/1650/1650 1827/1827/1827
f 320/320/320 319/319/319 1803/1803/1803
f 320/320/320 1803/1803/1803 321/321/321
f 1804/1804/1804 1803/1803/1803 319/319/319
f 1804/1804/1804 319/319/319 324/324/324
f 324/324/324 319/319/319 308/308/308
f 324/324/324 308/308/308 322/322/322
f 770/770/770 1804/1804/1804 324/324/324
f 770/770/770 324/324/324 323/323/323
f 1828/1828/1828 1713/1713/1713 1652/1652/1652
f 1828/1828/1828 1652/1652/1652 1651/1651/1651
f 1573/1573/1573 1575/1575/1575 1829/1829/1829
f 1573/1573/1573 1829/1829/1829 1830/1830/1830
f 1654/1654/1654 1831/1831/1831 1629/1629/1629
f 1654/1654/1654 1629/1629/1629 1631/1631/1631
f 1832/1832/1832 1833/1833/1833 1834/1834/1834
f 1832/1832/1832 1834/1834/1834 1835/1835/1835
f 1836/1836/1836 1832/1832/1832 1835/1835/1835
f 1836/1836/1836 1835/1835/1835 1837/1837/1837
f 1838/1838/1838 1839/1839/1839 693/693/693
f 1838/1838/1838 693/693/693 692/692/692
f 1836/1836/1836 1837/1837/1837 1840/1840/1840
f 1836/1836/1836 1840/1840/1840 1841/1841/1841
f 1842/1842/1842 1583/1583/1583 1843/1843/1843
f 1842/1842/1842 1843/1843/1843 1844/1844/1844
f 1845/1845/1845 1846/1846/1846 1847/1847/1847
f 1845/1845/1845 1847/1847/1847 1848/1848/1848
f 1849/1849/1849 1845/1845/1845 1848/1848/1848
f 1849/1849/1849 1848/1848/1848 1850/1850/1850
f 1848/1848/1848 1847/1847/1847 1851/1851/1851
f 1848/1848/1848 1851/1851/1851 1852/1852/1852
f 1853/1853/1853 1854/1854/1854 1855/1855/1855
f 1853/1853/1853 1855/1855/1855 1856/1856/1856
f 1856/1856/1856 1857/1857/1857 1858/1858/1858
f 1856/1856/1856 1858/1858/1858 1853/1853/1853
f 1859/1859/1859 1850/1850/1850 1848/1848/1848
f 1859/1859/1859 1848/1848/1848 1852/1852/1852
f 1860/1860/1860 1861/1861/1861 1855/1855/1855
f 1860/1860/1860 1855/1855/1855 1854/1854/1854
f 1862/1862/1862 1851/1851/1851 1847/1847/1847
f 1862/1862/1862 1847/1847/1847 1863/1863/1863
f 1864/1864/1864 1862/1862/1862 1863/1863/1863
f 1864/1864/1864 1863/1863/1863 1865/1865/1865
f 1866/1866/1866 1867/1867/1867 1861/1861/1861
f 1866/1866/1866 1861/1861/1861 1860/1860/1860
f 1865/1865/1865 1868/1868/1868 1869/1869/1869
f 1865/1865/1865 1869/1869/1869 1864/1864/1864
f 1867/1867/1867 1866/1866/1866 1870/1870/1870
f 1867/1867/1867 1870/1870/1870 1871/1871/1871
f 1872/1872/1872 1873/1873/1873 1850/1850/1850
f 1872/1872/1872 1850/1850/1850 1859/1859/1859
f 1857/1857/1857 1874/1874/1874 1875/1875/1875
f 1857/1857/1857 1875/1875/1875 1858/1858/1858
f 1876/1876/1876 1877/1877/1877 1875/1875/1875
f 1876/1876/1876 1875/1875/1875 1874/1874/1874
f 1873/1873/1873 1872/1872/1872 1878/1878/1878
f 1873/1873/1873 1878/1878/1878 1879/1879/1879
f 1849/1849/1849 1850/1850/1850 1873/1873/1873
f 1849/1849/1849 1873/1873/1873 1880/1880/1880
f 1880/1880/1880 1873/1873/1873 1879/1879/1879
f 1880/1880/1880 1879/1879/1879 1881/1881/1881
f 1882/1882/1882 1883/1883/1883 1884/1884/1884
f 1882/1882/1882 1884/1884/1884 1885/1885/1885
f 1878/1878/1878 1882/1882/1882 1885/1885/1885
f 1878/1878/1878 1885/1885/1885 1879/1879/1879
f 1886/1886/1886 1887/1887/1887 1877/1877/1877
f 1886/1886/1886 1877/1877/1877 1876/1876/1876
f 1888/1888/1888 1889/1889/1889 1887/1887/1887
f 1888/1888/1888 1887/1887/1887 1886/1886/1886
f 1890/1890/1890 1891/1891/1891 1868/1868/1868
f 1890/1890/1890 1868/1868/1868 1865/1865/1865
f 1892/1892/1892 1893/1893/1893 1894/1894/1894
f 1892/1892/1892 1894/1894/1894 1895/1895/1895
f 1892/1892/1892 1895/1895/1895 1896/1896/1896
f 1892/1892/1892 1896/1896/1896 1897/1897/1897
f 1898/1898/1898 1899/1899/1899 1900/1900/1900
f 1898/1898/1898 1900/1900/1900 1901/1901/1901
f 1900/1900/1900 1899/1899/1899 1893/1893/1893
f 1900/1900/1900 1893/1893/1893 1902/1902/1902
f 1903/1903/1903 1904/1904/1904 1905/1905/1905
f 1903/1903/1903 1905/1905/1905 1906/1906/1906
f 1907/1907/1907 1908/1908/1908 1905/1905/1905
f 1907/1907/1907 1905/1905/1905 1904/1904/1904
f 1909/1909/1909 1902/1902/1902 1893/1893/1893
f 1909/1909/1909 1893/1893/1893 1892/1892/1892
f 1906/1906/1906 1910/1910/1910 1911/1911/1911
f 1906/1906/1906 1911/1911/1911 1903/1903/1903
f 1899/1899/1899 1898/1898/1898 1912/1912/1912
f 1899/1899/1899 1912/1912/1912 1913/1913/1913
f 1893/1893/1893 1899/1899/1899 1913/1913/1913
f 1893/1893/1893 1913/1913/1913 1894/1894/1894
f 1898/1898/1898 1868/1868/1868 1891/1891/1891
f 1898/1898/1898 1891/1891/1891 1912/1912/1912
f 1914/1914/1914 1890/1890/1890 1865/1865/1865
f 1914/1914/1914 1865/1865/1865 1863/1863/1863
f 1846/1846/1846 1914/1914/1914 1863/1863/1863
f 1846/1846/1846 1863/1863/1863 1847/1847/1847
f 1915/1915/1915 1916/1916/1916 1897/1897/1897
f 1915/1915/1915 1897/1897/1897 1896/1896/1896
f 1917/1917/1917 1918/1918/1918 1919/1919/1919
f 1917/1917/1917 1919/1919/1919 1920/1920/1920
f 1917/1917/1917 1921/1921/1921 1922/1922/1922
f 1917/1917/1917 1922/1922/1922 1916/1916/1916
f 1923/1923/1923 1924/1924/1924 1925/1925/1925
f 1923/1923/1923 1925/1925/1925 1926/1926/1926
f 1924/1924/1924 1927/1927/1927 1928/1928/1928
f 1924/1924/1924 1928/1928/1928 1925/1925/1925
f 1929/1929/1929 1897/1897/1897 1916/1916/1916
f 1929/1929/1929 1916/1916/1916 1922/1922/1922
f 1930/1930/1930 1931/1931/1931 1920/1920/1920
f 1930/1930/1930 1920/1920/1920 1932/1932/1932
f 1933/1933/1933 1934/1934/1934 1935/1935/1935
f 1933/1933/1933 1935/1935/1935 1936/1936/1936
f 1937/1937/1937 1938/1938/1938 1939/1939/1939
f 1937/1937/1937 1939/1939/1939 1940/1940/1940
f 1941/1941/1941 1942/1942/1942 1943/1943/1943
f 1941/1941/1941 1943/1943/1943 1944/1944/1944
f 1934/1934/1934 1933/1933/1933 1942/1942/1942
f 1934/1934/1934 1942/1942/1942 1941/1941/1941
f 1932/1932/1932 1937/1937/1937 1940/1940/1940
f 1932/1932/1932 1940/1940/1940 1930/1930/1930
f 1937/1937/1937 1932/1932/1932 1945/1945/1945
f 1937/1937/1937 1945/1945/1945 1946/1946/1946
f 1938/1938/1938 1937/1937/1937 1946/1946/1946
f 1938/1938/1938 1946/1946/1946 1947/1947/1947
f 1948/1948/1948 1949/1949/1949 1950/1950/1950
f 1948/1948/1948 1950/1950/1950 1951/1951/1951
f 1949/1949/1949 1938/1938/1938 1947/1947/1947
f 1949/1949/1949 1947/1947/1947 1950/1950/1950
f 1952/1952/1952 1953/1953/1953 1884/1884/1884
f 1952/1952/1952 1884/1884/1884 1954/1954/1954
f 1932/1932/1932 1920/1920/1920 1919/1919/1919
f 1932/1932/1932 1919/1919/1919 1945/1945/1945
f 1938/1938/1938 1949/1949/1949 1955/1955/1955
f 1938/1938/1938 1955/1955/1955 1939/1939/1939
f 1949/1949/1949 1948/1948/1948 1956/1956/1956
f 1949/1949/1949 1956/1956/1956 1955/1955/1955
f 1957/1957/1957 1958/1958/1958 1959/1959/1959
f 1957/1957/1957 1959/1959/1959 1960/1960/1960
f 1944/1944/1944 1943/1943/1943 1958/1958/1958
f 1944/1944/1944 1958/1958/1958 1957/1957/1957
f 1911/1911/1911 1910/1910/1910 1928/1928/1928
f 1911/1911/1911 1928/1928/1928 1927/1927/1927
f 1892/1892/1892 1897/1897/1897 1929/1929/1929
f 1892/1892/1892 1929/1929/1929 1909/1909/1909
f 1961/1961/1961 1962/1962/1962 1963/1963/1963
f 1961/1961/1961 1963/1963/1963 1964/1964/1964
f 325/325/325 1961/1961/1961 1964/1964/1964
f 325/325/325 1964/1964/1964 1965/1965/1965
f 1966/1966/1966 1967/1967/1967 1968/1968/1968
f 1966/1966/1966 1968/1968/1968 1969/1969/1969
f 1967/1967/1967 1962/1962/1962 1970/1970/1970
f 1967/1967/1967 1970/1970/1970 1968/1968/1968
f 1971/1971/1971 1972/1972/1972 1973/1973/1973
f 1971/1971/1971 1973/1973/1973 1974/1974/1974
f 1969/1969/1969 1973/1973/1973 1972/1972/1972
f 1969/1969/1969 1972/1972/1972 1966/1966/1966
f 1975/1975/1975 1976/1976/1976 1971/1971/1971
f 1975/1975/1975 1971/1971/1971 1977/1977/1977
f 1975/1975/1975 1977/1977/1977 1978/1978/1978
f 1975/1975/1975 1978/1978/1978 1979/1979/1979
f 1972/1972/1972 1980/1980/1980 1981/1981/1981
f 1972/1972/1972 1981/1981/1981 1966/1966/1966
f 1971/1971/1971 1976/1976/1976 1980/1980/1980
f 1971/1971/1971 1980/1980/1980 1972/1972/1972
f 1966/1966/1966 1981/1981/1981 1982/1982/1982
f 1966/1966/1966 1982/1982/1982 1967/1967/1967
f 1962/1962/1962 1967/1967/1967 1982/1982/1982
f 1962/1962/1962 1982/1982/1982 1963/1963/1963
f 1983/1983/1983 1979/1979/1979 1978/1978/1978
f 1983/1983/1983 1978/1978/1978 1984/1984/1984
f 1985/1985/1985 1984/1984/1984 1978/1978/1978
f 1985/1985/1985 1978/1978/1978 1986/1986/1986
f 1838/1838/1838 1987/1987/1987 1983/1983/1983
f 1838/1838/1838 1983/1983/1983 1984/1984/1984
f 692/692/692 1988/1988/1988 1987/1987/1987
f 692/692/692 1987/1987/1987 1838/1838/1838
f 1989/1989/1989 1990/1990/1990 1988/1988/1988
f 1989/1989/1989 1988/1988/1988 692/692/692
f 1991/1991/1991 1992/1992/1992 1990/1990/1990
f 1991/1991/1991 1990/1990/1990 1989/1989/1989
f 1839/1839/1839 1838/1838/1838 1984/1984/1984
f 1839/1839/1839 1984/1984/1984 1985/1985/1985
f 1833/1833/1833 1993/1993/1993 1994/1994/1994
f 1833/1833/1833 1994/1994/1994 1834/1834/1834
f 1995/1995/1995 1986/1986/1986 1978/1978/1978
f 1995/1995/1995 1978/1978/1978 1977/1977/1977
f 1996/1996/1996 1997/1997/1997 1998/1998/1998
f 1996/1996/1996 1998/1998/1998 1999/1999/1999
f 1999/1999/1999 1998/1998/1998 1994/1994/1994
f 1999/1999/1999 1994/1994/1994 1993/1993/1993
f 1974/1974/1974 1995/1995/1995 1977/1977/1977
f 1974/1974/1974 1977/1977/1977 1971/1971/1971
f 2000/2000/2000 2001/2001/2001 2002/2002/2002
f 2000/2000/2000 2002/2002/2002 2003/2003/2003
f 2000/2000/2000 2003/2003/2003 1997/1997/1997
f 2000/2000/2000 1997/1997/1997 1996/1996/1996
f 1698/1698/1698 1730/1730/1730 2004/2004/2004
f 1698/1698/1698 2004/2004/2004 2005/2005/2005
f 2002/2002/2002 2001/2001/2001 2004/2004/2004
f 2002/2002/2002 2004/2004/2004 1730/1730/1730
f 2006/2006/2006 1970/1970/1970 1962/1962/1962
f 2006/2006/2006 1962/1962/1962 1961/1961/1961
f 1961/1961/1961 325/325/325 327/327/327
f 1961/1961/1961 327/327/327 2006/2006/2006
f 506/506/506 696/696/696 2007/2007/2007
f 506/506/506 2007/2007/2007 2008/2008/2008
f 2008/2008/2008 2007/2007/2007 2009/2009/2009
f 2008/2008/2008 2009/2009/2009 2010/2010/2010
f 2009/2009/2009 2011/2011/2011 2012/2012/2012
f 2009/2009/2009 2012/2012/2012 2010/2010/2010
f 2012/2012/2012 2011/2011/2011 328/328/328
f 2012/2012/2012 328/328/328 330/330/330
f 2013/2013/2013 2014/2014/2014 2015/2015/2015
f 2013/2013/2013 2015/2015/2015 2016/2016/2016
f 329/329/329 328/328/328 700/700/700
f 329/329/329 700/700/700 699/699/699
f 2011/2011/2011 2017/2017/2017 2018/2018/2018
f 2011/2011/2011 2018/2018/2018 328/328/328
f 2019/2019/2019 2017/2017/2017 2011/2011/2011
f 2019/2019/2019 2011/2011/2011 2009/2009/2009
f 2007/2007/2007 2020/2020/2020 2019/2019/2019
f 2007/2007/2007 2019/2019/2019 2009/2009/2009
f 2021/2021/2021 2020/2020/2020 2007/2007/2007
f 2021/2021/2021 2007/2007/2007 696/696/696
f 2005/2005/2005 2022/2022/2022 1699/1699/1699
f 2005/2005/2005 1699/1699/1699 1698/1698/1698
f 695/695/695 325/325/325 1965/1965/1965
f 695/695/695 1965/1965/1965 2023/2023/2023
f 328/328/328 2018/2018/2018 2024/2024/2024
f 328/328/328 2024/2024/2024 700/700/700
f 2025/2025/2025 334/334/334 700/700/700
f 2025/2025/2025 700/700/700 2024/2024/2024
f 701/701/701 334/334/334 2025/2025/2025
f 701/701/701 2025/2025/2025 2026/2026/2026
f 701/701/701 2026/2026/2026 2027/2027/2027
f 701/701/701 2027/2027/2027 333/333/333
f 1992/1992/1992 1991/1991/1991 333/333/333
f 1992/1992/1992 333/333/333 2027/2027/2027
f 331/331/331 333/333/333 1991/1991/1991
f 331/331/331 1991/1991/1991 2028/2028/2028
f 2029/2029/2029 1843/1843/1843 1583/1583/1583
f 2029/2029/2029 1583/1583/1583 1582/1582/1582
f 2030/2030/2030 2031/2031/2031 2032/2032/2032
f 2030/2030/2030 2032/2032/2032 2033/2033/2033
f 2034/2034/2034 2030/2030/2030 2033/2033/2033
f 2034/2034/2034 2033/2033/2033 2035/2035/2035
f 2036/2036/2036 2037/2037/2037 2038/2038/2038
f 2036/2036/2036 2038/2038/2038 2039/2039/2039
f 2040/2040/2040 2032/2032/2032 2031/2031/2031
f 2040/2040/2040 2031/2031/2031 2041/2041/2041
f 2042/2042/2042 2040/2040/2040 2041/2041/2041
f 2042/2042/2042 2041/2041/2041 2043/2043/2043
f 2043/2043/2043 2044/2044/2044 2045/2045/2045
f 2043/2043/2043 2045/2045/2045 2046/2046/2046
f 1740/1740/1740 2047/2047/2047 2048/2048/2048
f 1740/1740/1740 2048/2048/2048 1734/1734/1734
f 2049/2049/2049 2050/2050/2050 2051/2051/2051
f 2049/2049/2049 2051/2051/2051 2052/2052/2052
f 2052/2052/2052 2051/2051/2051 2053/2053/2053
f 2052/2052/2052 2053/2053/2053 2046/2046/2046
f 2046/2046/2046 2045/2045/2045 2054/2054/2054
f 2046/2046/2046 2054/2054/2054 2052/2052/2052
f 1740/1740/1740 1752/1752/1752 2055/2055/2055
f 1740/1740/1740 2055/2055/2055 2047/2047/2047
f 1749/1749/1749 2056/2056/2056 2055/2055/2055
f 1749/1749/1749 2055/2055/2055 1752/1752/1752
f 2049/2049/2049 2052/2052/2052 2054/2054/2054
f 2049/2049/2049 2054/2054/2054 2057/2057/2057
f 2046/2046/2046 2053/2053/2053 2042/2042/2042
f 2046/2046/2046 2042/2042/2042 2043/2043/2043
f 1735/1735/1735 1734/1734/1734 2048/2048/2048
f 1735/1735/1735 2048/2048/2048 2058/2058/2058
f 2059/2059/2059 2044/2044/2044 2043/2043/2043
f 2059/2059/2059 2043/2043/2043 2041/2041/2041
f 2060/2060/2060 2059/2059/2059 2041/2041/2041
f 2060/2060/2060 2041/2041/2041 2031/2031/2031
f 1737/1737/1737 1735/1735/1735 2058/2058/2058
f 1737/1737/1737 2058/2058/2058 2061/2061/2061
f 2062/2062/2062 2063/2063/2063 2064/2064/2064
f 2062/2062/2062 2064/2064/2064 2065/2065/2065
f 2066/2066/2066 2067/2067/2067 2063/2063/2063
f 2066/2066/2066 2063/2063/2063 2062/2062/2062
f 2065/2065/2065 2064/2064/2064 2068/2068/2068
f 2065/2065/2065 2068/2068/2068 2069/2069/2069
f 2069/2069/2069 2068/2068/2068 2050/2050/2050
f 2069/2069/2069 2050/2050/2050 2049/2049/2049
f 2070/2070/2070 2066/2066/2066 2062/2062/2062
f 2070/2070/2070 2062/2062/2062 2071/2071/2071
f 2071/2071/2071 2062/2062/2062 2065/2065/2065
f 2071/2071/2071 2065/2065/2065 2072/2072/2072
f 1742/1742/1742 2073/2073/2073 2074/2074/2074
f 1742/1742/1742 2074/2074/2074 1743/1743/1743
f 1746/1746/1746 2075/2075/2075 2073/2073/2073
f 1746/1746/1746 2073/2073/2073 1742/1742/1742
f 2076/2076/2076 2077/2077/2077 2066/2066/2066
f 2076/2076/2076 2066/2066/2066 2070/2070/2070
f 1781/1781/1781 2078/2078/2078 2075/2075/2075
f 1781/1781/1781 2075/2075/2075 1746/1746/1746
f 1782/1782/1782 2079/2079/2079 2078/2078/2078
f 1782/1782/1782 2078/2078/2078 1781/1781/1781
f 2076/2076/2076 2080/2080/2080 2081/2081/2081
f 2076/2076/2076 2081/2081/2081 2077/2077/2077
f 2069/2069/2069 2049/2049/2049 2057/2057/2057
f 2069/2069/2069 2057/2057/2057 2082/2082/2082
f 1748/1748/1748 2083/2083/2083 2056/2056/2056
f 1748/1748/1748 2056/2056/2056 1749/1749/1749
f 1743/1743/1743 2074/2074/2074 2083/2083/2083
f 1743/1743/1743 2083/2083/2083 1748/1748/1748
f 2082/2082/2082 2072/2072/2072 2065/2065/2065
f 2082/2082/2082 2065/2065/2065 2069/2069/2069
f 2080/2080/2080 2084/2084/2084 2085/2085/2085
f 2080/2080/2080 2085/2085/2085 2081/2081/2081
f 2079/2079/2079 1782/1782/1782 2086/2086/2086
f 2079/2079/2079 2086/2086/2086 2087/2087/2087
f 2088/2088/2088 2089/2089/2089 2077/2077/2077
f 2088/2088/2088 2077/2077/2077 2081/2081/2081
f 2077/2077/2077 2089/2089/2089 2067/2067/2067
f 2077/2077/2077 2067/2067/2067 2066/2066/2066
f 2081/2081/2081 2085/2085/2085 2090/2090/2090
f 2081/2081/2081 2090/2090/2090 2088/2088/2088
f 2091/2091/2091 2090/2090/2090 2085/2085/2085
f 2091/2091/2091 2085/2085/2085 2092/2092/2092
f 2092/2092/2092 2093/2093/2093 2094/2094/2094
f 2092/2092/2092 2094/2094/2094 2091/2091/2091
f 2095/2095/2095 2096/2096/2096 2097/2097/2097
f 2095/2095/2095 2097/2097/2097 2098/2098/2098
f 2093/2093/2093 2095/2095/2095 2098/2098/2098
f 2093/2093/2093 2098/2098/2098 2094/2094/2094
f 2096/2096/2096 2095/2095/2095 2099/2099/2099
f 2096/2096/2096 2099/2099/2099 2100/2100/2100
f 2101/2101/2101 2099/2099/2099 2095/2095/2095
f 2101/2101/2101 2095/2095/2095 2093/2093/2093
f 2102/2102/2102 2103/2103/2103 2104/2104/2104
f 2102/2102/2102 2104/2104/2104 2105/2105/2105
f 2106/2106/2106 2104/2104/2104 2103/2103/2103
f 2106/2106/2106 2103/2103/2103 2107/2107/2107
f 2108/2108/2108 2087/2087/2087 2086/2086/2086
f 2108/2108/2108 2086/2086/2086 2109/2109/2109
f 2105/2105/2105 2108/2108/2108 2109/2109/2109
f 2105/2105/2105 2109/2109/2109 2102/2102/2102
f 2093/2093/2093 2092/2092/2092 2110/2110/2110
f 2093/2093/2093 2110/2110/2110 2101/2101/2101
f 2092/2092/2092 2085/2085/2085 2084/2084/2084
f 2092/2092/2092 2084/2084/2084 2110/2110/2110
f 2111/2111/2111 2112/2112/2112 2113/2113/2113
f 2111/2111/2111 2113/2113/2113 2114/2114/2114
f 2115/2115/2115 2116/2116/2116 2117/2117/2117
f 2115/2115/2115 2117/2117/2117 2118/2118/2118
f 2112/2112/2112 2115/2115/2115 2118/2118/2118
f 2112/2112/2112 2118/2118/2118 2113/2113/2113
f 2119/2119/2119 2120/2120/2120 2116/2116/2116
f 2119/2119/2119 2116/2116/2116 2115/2115/2115
f 2121/2121/2121 2119/2119/2119 2115/2115/2115
f 2121/2121/2121 2115/2115/2115 2112/2112/2112
f 1800/1800/1800 2122/2122/2122 2123/2123/2123
f 1800/1800/1800 2123/2123/2123 1799/1799/1799
f 1785/1785/1785 2124/2124/2124 2122/2122/2122
f 1785/1785/1785 2122/2122/2122 1800/1800/1800
f 2116/2116/2116 2038/2038/2038 2037/2037/2037
f 2116/2116/2116 2037/2037/2037 2117/2117/2117
f 2120/2120/2120 2125/2125/2125 2038/2038/2038
f 2120/2120/2120 2038/2038/2038 2116/2116/2116
f 1784/1784/1784 2126/2126/2126 2124/2124/2124
f 1784/1784/1784 2124/2124/2124 1785/1785/1785
f 2039/2039/2039 2038/2038/2038 2125/2125/2125
f 2039/2039/2039 2125/2125/2125 2127/2127/2127
f 2128/2128/2128 2060/2060/2060 2031/2031/2031
f 2128/2128/2128 2031/2031/2031 2030/2030/2030
f 2129/2129/2129 2128/2128/2128 2030/2030/2030
f 2129/2129/2129 2030/2030/2030 2034/2034/2034
f 2061/2061/2061 2130/2130/2130 2131/2131/2131
f 2061/2061/2061 2131/2131/2131 1737/1737/1737
f 2132/2132/2132 2121/2121/2121 2112/2112/2112
f 2132/2132/2132 2112/2112/2112 2111/2111/2111
f 1799/1799/1799 2123/2123/2123 2133/2133/2133
f 1799/1799/1799 2133/2133/2133 1798/1798/1798
f 2134/2134/2134 2135/2135/2135 2136/2136/2136
f 2134/2134/2134 2136/2136/2136 2137/2137/2137
f 2137/2137/2137 2132/2132/2132 2111/2111/2111
f 2137/2137/2137 2111/2111/2111 2134/2134/2134
f 2138/2138/2138 2139/2139/2139 2140/2140/2140
f 2138/2138/2138 2140/2140/2140 2141/2141/2141
f 2139/2139/2139 2142/2142/2142 2143/2143/2143
f 2139/2139/2139 2143/2143/2143 2140/2140/2140
f 2144/2144/2144 2145/2145/2145 2135/2135/2135
f 2144/2144/2144 2135/2135/2135 2134/2134/2134
f 2114/2114/2114 2144/2144/2144 2134/2134/2134
f 2114/2114/2114 2134/2134/2134 2111/2111/2111
f 2140/2140/2140 2143/2143/2143 2146/2146/2146
f 2140/2140/2140 2146/2146/2146 2147/2147/2147
f 2141/2141/2141 2140/2140/2140 2147/2147/2147
f 2141/2141/2141 2147/2147/2147 2148/2148/2148
f 2149/2149/2149 2150/2150/2150 2151/2151/2151
f 2149/2149/2149 2151/2151/2151 2152/2152/2152
f 2148/2148/2148 2147/2147/2147 2153/2153/2153
f 2148/2148/2148 2153/2153/2153 2154/2154/2154
f 2154/2154/2154 2153/2153/2153 2155/2155/2155
f 2154/2154/2154 2155/2155/2155 2156/2156/2156
f 2157/2157/2157 2158/2158/2158 2159/2159/2159
f 2157/2157/2157 2159/2159/2159 2160/2160/2160
f 2158/2158/2158 2151/2151/2151 2150/2150/2150
f 2158/2158/2158 2150/2150/2150 2159/2159/2159
f 2147/2147/2147 2146/2146/2146 2161/2161/2161
f 2147/2147/2147 2161/2161/2161 2153/2153/2153
f 2153/2153/2153 2161/2161/2161 2162/2162/2162
f 2153/2153/2153 2162/2162/2162 2155/2155/2155
f 2163/2163/2163 2164/2164/2164 2165/2165/2165
f 2163/2163/2163 2165/2165/2165 2166/2166/2166
f 2165/2165/2165 2167/2167/2167 2156/2156/2156
f 2165/2165/2165 2156/2156/2156 2155/2155/2155
f 2168/2168/2168 2157/2157/2157 2160/2160/2160
f 2168/2168/2168 2160/2160/2160 2169/2169/2169
f 2170/2170/2170 2164/2164/2164 2171/2171/2171
f 2170/2170/2170 2171/2171/2171 2172/2172/2172
f 2173/2173/2173 2174/2174/2174 2172/2172/2172
f 2173/2173/2173 2172/2172/2172 2171/2171/2171
f 2169/2169/2169 2175/2175/2175 488/488/488
f 2169/2169/2169 488/488/488 2168/2168/2168
f 2164/2164/2164 2170/2170/2170 2167/2167/2167
f 2164/2164/2164 2167/2167/2167 2165/2165/2165
f 2171/2171/2171 2176/2176/2176 2177/2177/2177
f 2171/2171/2171 2177/2177/2177 2173/2173/2173
f 2164/2164/2164 2163/2163/2163 2176/2176/2176
f 2164/2164/2164 2176/2176/2176 2171/2171/2171
f 2173/2173/2173 2178/2178/2178 2179/2179/2179
f 2173/2173/2173 2179/2179/2179 2174/2174/2174
f 2180/2180/2180 2181/2181/2181 2182/2182/2182
f 2180/2180/2180 2182/2182/2182 2183/2183/2183
f 2166/2166/2166 2165/2165/2165 2155/2155/2155
f 2166/2166/2166 2155/2155/2155 2162/2162/2162
f 2184/2184/2184 2178/2178/2178 2185/2185/2185
f 2184/2184/2184 2185/2185/2185 2186/2186/2186
f 2177/2177/2177 2185/2185/2185 2178/2178/2178
f 2177/2177/2177 2178/2178/2178 2173/2173/2173
f 2184/2184/2184 2187/2187/2187 2179/2179/2179
f 2184/2184/2184 2179/2179/2179 2178/2178/2178
f 2188/2188/2188 2183/2183/2183 2182/2182/2182
f 2188/2188/2188 2182/2182/2182 2189/2189/2189
f 2190/2190/2190 2191/2191/2191 2096/2096/2096
f 2190/2190/2190 2096/2096/2096 2100/2100/2100
f 2192/2192/2192 2106/2106/2106 2107/2107/2107
f 2192/2192/2192 2107/2107/2107 2193/2193/2193
f 2189/2189/2189 2192/2192/2192 2193/2193/2193
f 2189/2189/2189 2193/2193/2193 2188/2188/2188
f 2184/2184/2184 2191/2191/2191 2190/2190/2190
f 2184/2184/2184 2190/2190/2190 2187/2187/2187
f 2186/2186/2186 2194/2194/2194 2191/2191/2191
f 2186/2186/2186 2191/2191/2191 2184/2184/2184
f 2194/2194/2194 2097/2097/2097 2096/2096/2096
f 2194/2194/2194 2096/2096/2096 2191/2191/2191
f 1901/1901/1901 1869/1869/1869 1868/1868/1868
f 1901/1901/1901 1868/1868/1868 1898/1898/1898
f 1908/1908/1908 1907/1907/1907 1871/1871/1871
f 1908/1908/1908 1871/1871/1871 1870/1870/1870
f 1881/1881/1881 1879/1879/1879 1885/1885/1885
f 1881/1881/1881 1885/1885/1885 2195/2195/2195
f 2195/2195/2195 1885/1885/1885 1884/1884/1884
f 2195/2195/2195 1884/1884/1884 1953/1953/1953
f 1883/1883/1883 2196/2196/2196 1954/1954/1954
f 1883/1883/1883 1954/1954/1954 1884/1884/1884
f 1889/1889/1889 1888/1888/1888 2197/2197/2197
f 1889/1889/1889 2197/2197/2197 2198/2198/2198
f 2028/2028/2028 1991/1991/1991 1989/1989/1989
f 2028/2028/2028 1989/1989/1989 2199/2199/2199
f 1989/1989/1989 692/692/692 694/694/694
f 1989/1989/1989 694/694/694 2199/2199/2199
f 2200/2200/2200 2201/2201/2201 445/445/445
f 2200/2200/2200 445/445/445 446/446/446
f 2202/2202/2202 2201/2201/2201 2200/2200/2200
f 2202/2202/2202 2200/2200/2200 2203/2203/2203
f 2200/2200/2200 446/446/446 2204/2204/2204
f 2200/2200/2200 2204/2204/2204 2205/2205/2205
f 2205/2205/2205 2204/2204/2204 378/378/378
f 2205/2205/2205 378/378/378 377/377/377
f 2206/2206/2206 2205/2205/2205 377/377/377
f 2206/2206/2206 377/377/377 2207/2207/2207
f 2203/2203/2203 2200/2200/2200 2205/2205/2205
f 2203/2203/2203 2205/2205/2205 2206/2206/2206
f 813/813/813 376/376/376 381/381/381
f 813/813/813 381/381/381 380/380/380
f 2208/2208/2208 813/813/813 380/380/380
f 2208/2208/2208 380/380/380 2209/2209/2209
f 2207/2207/2207 377/377/377 813/813/813
f 2207/2207/2207 813/813/813 2208/2208/2208
f 2210/2210/2210 2211/2211/2211 2212/2212/2212
f 2210/2210/2210 2212/2212/2212 2213/2213/2213
f 2211/2211/2211 379/379/379 381/381/381
f 2211/2211/2211 381/381/381 2212/2212/2212
f 2214/2214/2214 790/790/790 2215/2215/2215
f 2214/2214/2214 2215/2215/2215 2216/2216/2216
f 2216/2216/2216 2215/2215/2215 2213/2213/2213
f 2216/2216/2216 2213/2213/2213 2212/2212/2212
f 376/376/376 2216/2216/2216 2212/2212/2212
f 376/376/376 2212/2212/2212 381/381/381
f 378/378/378 2214/2214/2214 2216/2216/2216
f 378/378/378 2216/2216/2216 376/376/376
f 2209/2209/2209 380/380/380 814/814/814
f 2209/2209/2209 814/814/814 2217/2217/2217
f 2218/2218/2218 2219/2219/2219 2220/2220/2220
f 2218/2218/2218 2220/2220/2220 2221/2221/2221
f 424/424/424 2218/2218/2218 2221/2221/2221
f 424/424/424 2221/2221/2221 442/442/442
f 2222/2222/2222 2223/2223/2223 2224/2224/2224
f 2222/2222/2222 2224/2224/2224 2225/2225/2225
f 2219/2219/2219 2222/2222/2222 2225/2225/2225
f 2219/2219/2219 2225/2225/2225 2220/2220/2220
f 384/384/384 2204/2204/2204 446/446/446
f 384/384/384 446/446/446 382/382/382
f 790/790/790 2214/2214/2214 384/384/384
f 790/790/790 384/384/384 383/383/383
f 2214/2214/2214 378/378/378 2204/2204/2204
f 2214/2214/2214 2204/2204/2204 384/384/384
f 1680/1680/1680 1676/1676/1676 2223/2223/2223
f 1680/1680/1680 2223/2223/2223 2226/2226/2226
f 2227/2227/2227 622/622/622 2228/2228/2228
f 2227/2227/2227 2228/2228/2228 2229/2229/2229
f 2226/2226/2226 2230/2230/2230 2231/2231/2231
f 2226/2226/2226 2231/2231/2231 785/785/785
f 2230/2230/2230 2226/2226/2226 2223/2223/2223
f 2230/2230/2230 2223/2223/2223 2222/2222/2222
f 2232/2232/2232 2230/2230/2230 2222/2222/2222
f 2232/2232/2232 2222/2222/2222 2219/2219/2219
f 2230/2230/2230 2232/2232/2232 2233/2233/2233
f 2230/2230/2230 2233/2233/2233 2231/2231/2231
f 2223/2223/2223 1676/1676/1676 1675/1675/1675
f 2223/2223/2223 1675/1675/1675 2224/2224/2224
f 1856/1856/1856 2234/2234/2234 2235/2235/2235
f 1856/1856/1856 2235/2235/2235 1857/1857/1857
f 387/387/387 2236/2236/2236 389/389/389
f 387/387/387 389/389/389 385/385/385
f 392/392/392 2237/2237/2237 2238/2238/2238
f 392/392/392 2238/2238/2238 390/390/390
f 2235/2235/2235 2238/2238/2238 1874/1874/1874
f 2235/2235/2235 1874/1874/1874 1857/1857/1857
f 810/810/810 390/390/390 2239/2239/2239
f 810/810/810 2239/2239/2239 639/639/639
f 774/774/774 401/401/401 395/395/395
f 774/774/774 395/395/395 394/394/394
f 810/810/810 774/774/774 394/394/394
f 810/810/810 394/394/394 391/391/391
f 777/777/777 397/397/397 778/778/778
f 777/777/777 778/778/778 2240/2240/2240
f 392/392/392 391/391/391 777/777/777
f 392/392/392 777/777/777 2241/2241/2241
f 2241/2241/2241 777/777/777 2240/2240/2240
f 2241/2241/2241 2240/2240/2240 2242/2242/2242
f 1888/1888/1888 2243/2243/2243 2244/2244/2244
f 1888/1888/1888 2244/2244/2244 2197/2197/2197
f 2242/2242/2242 2240/2240/2240 2245/2245/2245
f 2242/2242/2242 2245/2245/2245 2246/2246/2246
f 2242/2242/2242 2243/2243/2243 2247/2247/2247
f 2242/2242/2242 2247/2247/2247 2241/2241/2241
f 2241/2241/2241 2247/2247/2247 2237/2237/2237
f 2241/2241/2241 2237/2237/2237 392/392/392
f 2248/2248/2248 2249/2249/2249 2250/2250/2250
f 2248/2248/2248 2250/2250/2250 2251/2251/2251
f 2252/2252/2252 2250/2250/2250 1957/1957/1957
f 2252/2252/2252 1957/1957/1957 1960/1960/1960
f 2253/2253/2253 2254/2254/2254 2255/2255/2255
f 2253/2253/2253 2255/2255/2255 2251/2251/2251
f 782/782/782 2248/2248/2248 2251/2251/2251
f 782/782/782 2251/2251/2251 2255/2255/2255
f 782/782/782 404/404/404 2256/2256/2256
f 782/782/782 2256/2256/2256 2248/2248/2248
f 404/404/404 2257/2257/2257 2258/2258/2258
f 404/404/404 2258/2258/2258 2256/2256/2256
f 1941/1941/1941 2259/2259/2259 2260/2260/2260
f 1941/1941/1941 2260/2260/2260 1934/1934/1934
f 2249/2249/2249 2259/2259/2259 1941/1941/1941
f 2249/2249/2249 1941/1941/1941 1944/1944/1944
f 2258/2258/2258 2261/2261/2261 2262/2262/2262
f 2258/2258/2258 2262/2262/2262 2260/2260/2260
f 406/406/406 479/479/479 2257/2257/2257
f 406/406/406 2257/2257/2257 404/404/404
f 2263/2263/2263 2264/2264/2264 406/406/406
f 2263/2263/2263 406/406/406 405/405/405
f 2264/2264/2264 2263/2263/2263 379/379/379
f 2264/2264/2264 379/379/379 2211/2211/2211
f 2265/2265/2265 2264/2264/2264 2211/2211/2211
f 2265/2265/2265 2211/2211/2211 2210/2210/2210
f 2266/2266/2266 2265/2265/2265 2210/2210/2210
f 2266/2266/2266 2210/2210/2210 2267/2267/2267
f 2255/2255/2255 2254/2254/2254 2268/2268/2268
f 2255/2255/2255 2268/2268/2268 2269/2269/2269
f 2269/2269/2269 2268/2268/2268 2270/2270/2270
f 2269/2269/2269 2270/2270/2270 2271/2271/2271
f 405/405/405 2269/2269/2269 2271/2271/2271
f 405/405/405 2271/2271/2271 2263/2263/2263
f 782/782/782 2255/2255/2255 2269/2269/2269
f 782/782/782 2269/2269/2269 405/405/405
f 2240/2240/2240 778/778/778 2272/2272/2272
f 2240/2240/2240 2272/2272/2272 2245/2245/2245
f 778/778/778 396/396/396 407/407/407
f 778/778/778 407/407/407 2272/2272/2272
f 2271/2271/2271 2270/2270/2270 2217/2217/2217
f 2271/2271/2271 2217/2217/2217 814/814/814
f 2263/2263/2263 2271/2271/2271 814/814/814
f 2263/2263/2263 814/814/814 379/379/379
f 2273/2273/2273 2274/2274/2274 2275/2275/2275
f 2273/2273/2273 2275/2275/2275 2276/2276/2276
f 1924/1924/1924 1923/1923/1923 2277/2277/2277
f 1924/1924/1924 2277/2277/2277 2276/2276/2276
f 1927/1927/1927 2275/2275/2275 2278/2278/2278
f 1927/1927/1927 2278/2278/2278 1911/1911/1911
f 1911/1911/1911 2278/2278/2278 2279/2279/2279
f 1911/1911/1911 2279/2279/2279 1903/1903/1903
f 2280/2280/2280 413/413/413 793/793/793
f 2280/2280/2280 793/793/793 2281/2281/2281
f 1782/1782/1782 1777/1777/1777 2282/2282/2282
f 1782/1782/1782 2282/2282/2282 2086/2086/2086
f 2157/2157/2157 2168/2168/2168 2283/2283/2283
f 2157/2157/2157 2283/2283/2283 2284/2284/2284
f 2285/2285/2285 2286/2286/2286 2287/2287/2287
f 2285/2285/2285 2287/2287/2287 2288/2288/2288
f 2289/2289/2289 2290/2290/2290 2286/2286/2286
f 2289/2289/2289 2286/2286/2286 2285/2285/2285
f 2291/2291/2291 2289/2289/2289 2285/2285/2285
f 2291/2291/2291 2285/2285/2285 457/457/457
f 2292/2292/2292 2293/2293/2293 2294/2294/2294
f 2292/2292/2292 2294/2294/2294 2284/2284/2284
f 2284/2284/2284 2294/2294/2294 2158/2158/2158
f 2284/2284/2284 2158/2158/2158 2157/2157/2157
f 2294/2294/2294 2295/2295/2295 2151/2151/2151
f 2294/2294/2294 2151/2151/2151 2158/2158/2158
f 2296/2296/2296 2297/2297/2297 2180/2180/2180
f 2296/2296/2296 2180/2180/2180 2183/2183/2183
f 2297/2297/2297 2296/2296/2296 2298/2298/2298
f 2297/2297/2297 2298/2298/2298 2299/2299/2299
f 2298/2298/2298 2300/2300/2300 2301/2301/2301
f 2298/2298/2298 2301/2301/2301 2299/2299/2299
f 2302/2302/2302 2298/2298/2298 2296/2296/2296
f 2302/2302/2302 2296/2296/2296 2303/2303/2303
f 2300/2300/2300 2298/2298/2298 2302/2302/2302
f 2300/2300/2300 2302/2302/2302 2304/2304/2304
f 2305/2305/2305 2306/2306/2306 2307/2307/2307
f 2305/2305/2305 2307/2307/2307 2308/2308/2308
f 2309/2309/2309 2308/2308/2308 2307/2307/2307
f 2309/2309/2309 2307/2307/2307 2310/2310/2310
f 2304/2304/2304 2302/2302/2302 2308/2308/2308
f 2304/2304/2304 2308/2308/2308 2309/2309/2309
f 2302/2302/2302 2303/2303/2303 2305/2305/2305
f 2302/2302/2302 2305/2305/2305 2308/2308/2308
f 2305/2305/2305 2303/2303/2303 2188/2188/2188
f 2305/2305/2305 2188/2188/2188 2193/2193/2193
f 2306/2306/2306 2305/2305/2305 2193/2193/2193
f 2306/2306/2306 2193/2193/2193 2107/2107/2107
f 2303/2303/2303 2296/2296/2296 2183/2183/2183
f 2303/2303/2303 2183/2183/2183 2188/2188/2188
f 2311/2311/2311 2301/2301/2301 2300/2300/2300
f 2311/2311/2311 2300/2300/2300 2312/2312/2312
f 2313/2313/2313 2314/2314/2314 2315/2315/2315
f 2313/2313/2313 2315/2315/2315 2316/2316/2316
f 2317/2317/2317 2313/2313/2313 2316/2316/2316
f 2317/2317/2317 2316/2316/2316 2318/2318/2318
f 2318/2318/2318 2312/2312/2312 2319/2319/2319
f 2318/2318/2318 2319/2319/2319 2317/2317/2317
f 2312/2312/2312 2300/2300/2300 2304/2304/2304
f 2312/2312/2312 2304/2304/2304 2319/2319/2319
f 2320/2320/2320 2321/2321/2321 470/470/470
f 2320/2320/2320 470/470/470 469/469/469
f 2290/2290/2290 2289/2289/2289 2321/2321/2321
f 2290/2290/2290 2321/2321/2321 2320/2320/2320
f 2322/2322/2322 2213/2213/2213 2215/2215/2215
f 2322/2322/2322 2215/2215/2215 791/791/791
f 413/413/413 2323/2323/2323 2324/2324/2324
f 413/413/413 2324/2324/2324 414/414/414
f 2323/2323/2323 2267/2267/2267 2322/2322/2322
f 2323/2323/2323 2322/2322/2322 2324/2324/2324
f 791/791/791 473/473/473 2324/2324/2324
f 791/791/791 2324/2324/2324 2322/2322/2322
f 2325/2325/2325 2326/2326/2326 2327/2327/2327
f 2325/2325/2325 2327/2327/2327 2328/2328/2328
f 2329/2329/2329 2330/2330/2330 2331/2331/2331
f 2329/2329/2329 2331/2331/2331 2326/2326/2326
f 2332/2332/2332 2333/2333/2333 2330/2330/2330
f 2332/2332/2332 2330/2330/2330 2329/2329/2329
f 2334/2334/2334 2329/2329/2329 2326/2326/2326
f 2334/2334/2334 2326/2326/2326 2325/2325/2325
f 2335/2335/2335 2332/2332/2332 2329/2329/2329
f 2335/2335/2335 2329/2329/2329 2334/2334/2334
f 2336/2336/2336 2321/2321/2321 2289/2289/2289
f 2336/2336/2336 2289/2289/2289 2291/2291/2291
f 2334/2334/2334 2336/2336/2336 2291/2291/2291
f 2334/2334/2334 2291/2291/2291 2335/2335/2335
f 2325/2325/2325 2337/2337/2337 2336/2336/2336
f 2325/2325/2325 2336/2336/2336 2334/2334/2334
f 2337/2337/2337 470/470/470 2321/2321/2321
f 2337/2337/2337 2321/2321/2321 2336/2336/2336
f 2338/2338/2338 2331/2331/2331 2330/2330/2330
f 2338/2338/2338 2330/2330/2330 2339/2339/2339
f 2339/2339/2339 2330/2330/2330 2333/2333/2333
f 2339/2339/2339 2333/2333/2333 2340/2340/2340
f 2341/2341/2341 2339/2339/2339 2340/2340/2340
f 2341/2341/2341 2340/2340/2340 2342/2342/2342
f 2343/2343/2343 2338/2338/2338 2339/2339/2339
f 2343/2343/2343 2339/2339/2339 2341/2341/2341
f 2327/2327/2327 2344/2344/2344 2345/2345/2345
f 2327/2327/2327 2345/2345/2345 2346/2346/2346
f 2326/2326/2326 2331/2331/2331 2344/2344/2344
f 2326/2326/2326 2344/2344/2344 2327/2327/2327
f 2346/2346/2346 2345/2345/2345 2347/2347/2347
f 2346/2346/2346 2347/2347/2347 2348/2348/2348
f 412/412/412 414/414/414 2349/2349/2349
f 412/412/412 2349/2349/2349 2348/2348/2348
f 409/409/409 2350/2350/2350 2351/2351/2351
f 409/409/409 2351/2351/2351 2343/2343/2343
f 2343/2343/2343 2351/2351/2351 2352/2352/2352
f 2343/2343/2343 2352/2352/2352 2338/2338/2338
f 2345/2345/2345 2344/2344/2344 2352/2352/2352
f 2345/2345/2345 2352/2352/2352 2353/2353/2353
f 2331/2331/2331 2338/2338/2338 2352/2352/2352
f 2331/2331/2331 2352/2352/2352 2344/2344/2344
f 410/410/410 409/409/409 2343/2343/2343
f 410/410/410 2343/2343/2343 2341/2341/2341
f 2354/2354/2354 410/410/410 2341/2341/2341
f 2354/2354/2354 2341/2341/2341 2342/2342/2342
f 495/495/495 2315/2315/2315 2314/2314/2314
f 495/495/495 2314/2314/2314 2355/2355/2355
f 2356/2356/2356 2357/2357/2357 2358/2358/2358
f 2356/2356/2356 2358/2358/2358 2355/2355/2355
f 2359/2359/2359 2356/2356/2356 2355/2355/2355
f 2359/2359/2359 2355/2355/2355 2314/2314/2314
f 2360/2360/2360 439/439/439 2356/2356/2356
f 2360/2360/2360 2356/2356/2356 2359/2359/2359
f 439/439/439 431/431/431 2357/2357/2357
f 439/439/439 2357/2357/2357 2356/2356/2356
f 2358/2358/2358 801/801/801 410/410/410
f 2358/2358/2358 410/410/410 2354/2354/2354
f 2361/2361/2361 2357/2357/2357 431/431/431
f 2361/2361/2361 431/431/431 430/430/430
f 655/655/655 2361/2361/2361 430/430/430
f 655/655/655 430/430/430 2362/2362/2362
f 411/411/411 801/801/801 2361/2361/2361
f 411/411/411 2361/2361/2361 655/655/655
f 801/801/801 2358/2358/2358 2357/2357/2357
f 801/801/801 2357/2357/2357 2361/2361/2361
f 2267/2267/2267 2210/2210/2210 2213/2213/2213
f 2267/2267/2267 2213/2213/2213 2322/2322/2322
f 417/417/417 2227/2227/2227 2229/2229/2229
f 417/417/417 2229/2229/2229 2363/2363/2363
f 415/415/415 417/417/417 2363/2363/2363
f 415/415/415 2363/2363/2363 787/787/787
f 787/787/787 400/400/400 402/402/402
f 787/787/787 402/402/402 415/415/415
f 415/415/415 402/402/402 388/388/388
f 415/415/415 388/388/388 416/416/416
f 2364/2364/2364 653/653/653 637/637/637
f 2364/2364/2364 637/637/637 419/419/419
f 423/423/423 2364/2364/2364 419/419/419
f 423/423/423 419/419/419 418/418/418
f 2350/2350/2350 409/409/409 411/411/411
f 2350/2350/2350 411/411/411 2365/2365/2365
f 400/400/400 427/427/427 425/425/425
f 400/400/400 425/425/425 399/399/399
f 2232/2232/2232 426/426/426 428/428/428
f 2232/2232/2232 428/428/428 2233/2233/2233
f 426/426/426 2232/2232/2232 2219/2219/2219
f 426/426/426 2219/2219/2219 2218/2218/2218
f 425/425/425 426/426/426 2218/2218/2218
f 425/425/425 2218/2218/2218 424/424/424
f 772/772/772 429/429/429 773/773/773
f 772/772/772 773/773/773 2366/2366/2366
f 440/440/440 433/433/433 798/798/798
f 440/440/440 798/798/798 2367/2367/2367
f 771/771/771 2368/2368/2368 433/433/433
f 771/771/771 433/433/433 440/440/440
f 2368/2368/2368 2369/2369/2369 434/434/434
f 2368/2368/2368 434/434/434 433/433/433
f 1771/1771/1771 435/435/435 799/799/799
f 1771/1771/1771 799/799/799 2370/2370/2370
f 2370/2370/2370 2371/2371/2371 1780/1780/1780
f 2370/2370/2370 1780/1780/1780 1771/1771/1771
f 2371/2371/2371 2282/2282/2282 1777/1777/1777
f 2371/2371/2371 1777/1777/1777 1780/1780/1780
f 2282/2282/2282 2371/2371/2371 2372/2372/2372
f 2282/2282/2282 2372/2372/2372 2373/2373/2373
f 2372/2372/2372 2371/2371/2371 2370/2370/2370
f 2372/2372/2372 2370/2370/2370 2374/2374/2374
f 2375/2375/2375 2372/2372/2372 2374/2374/2374
f 2375/2375/2375 2374/2374/2374 2376/2376/2376
f 2377/2377/2377 2373/2373/2373 2372/2372/2372
f 2377/2377/2377 2372/2372/2372 2375/2375/2375
f 2378/2378/2378 2375/2375/2375 2376/2376/2376
f 2378/2378/2378 2376/2376/2376 2379/2379/2379
f 2378/2378/2378 2379/2379/2379 2310/2310/2310
f 2378/2378/2378 2310/2310/2310 2307/2307/2307
f 2380/2380/2380 2378/2378/2378 2307/2307/2307
f 2380/2380/2380 2307/2307/2307 2306/2306/2306
f 2380/2380/2380 2377/2377/2377 2375/2375/2375
f 2380/2380/2380 2375/2375/2375 2378/2378/2378
f 2086/2086/2086 2282/2282/2282 2373/2373/2373
f 2086/2086/2086 2373/2373/2373 2109/2109/2109
f 2102/2102/2102 2109/2109/2109 2373/2373/2373
f 2102/2102/2102 2373/2373/2373 2377/2377/2377
f 2103/2103/2103 2102/2102/2102 2377/2377/2377
f 2103/2103/2103 2377/2377/2377 2380/2380/2380
f 2380/2380/2380 2306/2306/2306 2107/2107/2107
f 2380/2380/2380 2107/2107/2107 2103/2103/2103
f 2381/2381/2381 2382/2382/2382 2383/2383/2383
f 2381/2381/2381 2383/2383/2383 2384/2384/2384
f 2379/2379/2379 2381/2381/2381 2384/2384/2384
f 2379/2379/2379 2384/2384/2384 2310/2310/2310
f 2379/2379/2379 2376/2376/2376 2385/2385/2385
f 2379/2379/2379 2385/2385/2385 2381/2381/2381
f 2385/2385/2385 2369/2369/2369 2382/2382/2382
f 2385/2385/2385 2382/2382/2382 2381/2381/2381
f 2319/2319/2319 2304/2304/2304 2309/2309/2309
f 2319/2319/2319 2309/2309/2309 2386/2386/2386
f 2386/2386/2386 2309/2309/2309 2310/2310/2310
f 2386/2386/2386 2310/2310/2310 2384/2384/2384
f 2387/2387/2387 2386/2386/2386 2384/2384/2384
f 2387/2387/2387 2384/2384/2384 2383/2383/2383
f 2317/2317/2317 2319/2319/2319 2386/2386/2386
f 2317/2317/2317 2386/2386/2386 2387/2387/2387
f 2388/2388/2388 2360/2360/2360 2359/2359/2359
f 2388/2388/2388 2359/2359/2359 2389/2389/2389
f 2389/2389/2389 2359/2359/2359 2314/2314/2314
f 2389/2389/2389 2314/2314/2314 2313/2313/2313
f 2387/2387/2387 2389/2389/2389 2313/2313/2313
f 2387/2387/2387 2313/2313/2313 2317/2317/2317
f 2383/2383/2383 2388/2388/2388 2389/2389/2389
f 2383/2383/2383 2389/2389/2389 2387/2387/2387
f 2390/2390/2390 2391/2391/2391 2360/2360/2360
f 2390/2390/2390 2360/2360/2360 2388/2388/2388
f 2382/2382/2382 2390/2390/2390 2388/2388/2388
f 2382/2382/2382 2388/2388/2388 2383/2383/2383
f 2369/2369/2369 2368/2368/2368 2390/2390/2390
f 2369/2369/2369 2390/2390/2390 2382/2382/2382
f 2368/2368/2368 771/771/771 2391/2391/2391
f 2368/2368/2368 2391/2391/2391 2390/2390/2390
f 2392/2392/2392 2374/2374/2374 2370/2370/2370
f 2392/2392/2392 2370/2370/2370 799/799/799
f 434/434/434 2392/2392/2392 799/799/799
f 434/434/434 799/799/799 432/432/432
f 2369/2369/2369 2385/2385/2385 2392/2392/2392
f 2369/2369/2369 2392/2392/2392 434/434/434
f 2392/2392/2392 2385/2385/2385 2376/2376/2376
f 2392/2392/2392 2376/2376/2376 2374/2374/2374
f 439/439/439 2360/2360/2360 2391/2391/2391
f 439/439/439 2391/2391/2391 438/438/438
f 438/438/438 2391/2391/2391 771/771/771
f 438/438/438 771/771/771 437/437/437
f 441/441/441 630/630/630 773/773/773
f 441/441/441 773/773/773 437/437/437
f 2152/2152/2152 2151/2151/2151 2295/2295/2295
f 2152/2152/2152 2295/2295/2295 2393/2393/2393
f 2394/2394/2394 2266/2266/2266 2267/2267/2267
f 2394/2394/2394 2267/2267/2267 2323/2323/2323
f 2280/2280/2280 2394/2394/2394 2323/2323/2323
f 2280/2280/2280 2323/2323/2323 413/413/413
f 2044/2044/2044 2048/2048/2048 2047/2047/2047
f 2044/2044/2044 2047/2047/2047 2045/2045/2045
f 2055/2055/2055 2054/2054/2054 2045/2045/2045
f 2055/2055/2055 2045/2045/2045 2047/2047/2047
f 2057/2057/2057 2054/2054/2054 2055/2055/2055
f 2057/2057/2057 2055/2055/2055 2056/2056/2056
f 2059/2059/2059 2058/2058/2058 2048/2048/2048
f 2059/2059/2059 2048/2048/2048 2044/2044/2044
f 2058/2058/2058 2059/2059/2059 2060/2060/2060
f 2058/2058/2058 2060/2060/2060 2061/2061/2061
f 2071/2071/2071 2073/2073/2073 2075/2075/2075
f 2071/2071/2071 2075/2075/2075 2070/2070/2070
f 2072/2072/2072 2074/2074/2074 2073/2073/2073
f 2072/2072/2072 2073/2073/2073 2071/2071/2071
f 2070/2070/2070 2075/2075/2075 2078/2078/2078
f 2070/2070/2070 2078/2078/2078 2076/2076/2076
f 2076/2076/2076 2078/2078/2078 2079/2079/2079
f 2076/2076/2076 2079/2079/2079 2080/2080/2080
f 2056/2056/2056 2083/2083/2083 2082/2082/2082
f 2056/2056/2056 2082/2082/2082 2057/2057/2057
f 2074/2074/2074 2072/2072/2072 2082/2082/2082
f 2074/2074/2074 2082/2082/2082 2083/2083/2083
f 2079/2079/2079 2087/2087/2087 2084/2084/2084
f 2079/2079/2079 2084/2084/2084 2080/2080/2080
f 2106/2106/2106 2100/2100/2100 2099/2099/2099
f 2106/2106/2106 2099/2099/2099 2104/2104/2104
f 2105/2105/2105 2104/2104/2104 2099/2099/2099
f 2105/2105/2105 2099/2099/2099 2101/2101/2101
f 2110/2110/2110 2084/2084/2084 2087/2087/2087
f 2110/2110/2110 2087/2087/2087 2108/2108/2108
f 2101/2101/2101 2110/2110/2110 2108/2108/2108
f 2101/2101/2101 2108/2108/2108 2105/2105/2105
f 2122/2122/2122 2124/2124/2124 2120/2120/2120
f 2122/2122/2122 2120/2120/2120 2119/2119/2119
f 2122/2122/2122 2119/2119/2119 2121/2121/2121
f 2122/2122/2122 2121/2121/2121 2123/2123/2123
f 2124/2124/2124 2126/2126/2126 2125/2125/2125
f 2124/2124/2124 2125/2125/2125 2120/2120/2120
f 2395/2395/2395 2129/2129/2129 2127/2127/2127
f 2395/2395/2395 2127/2127/2127 2396/2396/2396
f 2128/2128/2128 2130/2130/2130 2061/2061/2061
f 2128/2128/2128 2061/2061/2061 2060/2060/2060
f 2129/2129/2129 2395/2395/2395 2130/2130/2130
f 2129/2129/2129 2130/2130/2130 2128/2128/2128
f 2123/2123/2123 2121/2121/2121 2132/2132/2132
f 2123/2123/2123 2132/2132/2132 2133/2133/2133
f 2137/2137/2137 2397/2397/2397 2133/2133/2133
f 2137/2137/2137 2133/2133/2133 2132/2132/2132
f 2148/2148/2148 2150/2150/2150 2149/2149/2149
f 2148/2148/2148 2149/2149/2149 2141/2141/2141
f 2150/2150/2150 2148/2148/2148 2154/2154/2154
f 2150/2150/2150 2154/2154/2154 2159/2159/2159
f 2156/2156/2156 2160/2160/2160 2159/2159/2159
f 2156/2156/2156 2159/2159/2159 2154/2154/2154
f 2167/2167/2167 2169/2169/2169 2160/2160/2160
f 2167/2167/2167 2160/2160/2160 2156/2156/2156
f 2398/2398/2398 2175/2175/2175 2170/2170/2170
f 2398/2398/2398 2170/2170/2170 2172/2172/2172
f 2181/2181/2181 2398/2398/2398 2172/2172/2172
f 2181/2181/2181 2172/2172/2172 2174/2174/2174
f 2169/2169/2169 2167/2167/2167 2170/2170/2170
f 2169/2169/2169 2170/2170/2170 2175/2175/2175
f 2182/2182/2182 2181/2181/2181 2174/2174/2174
f 2182/2182/2182 2174/2174/2174 2179/2179/2179
f 2187/2187/2187 2189/2189/2189 2182/2182/2182
f 2187/2187/2187 2182/2182/2182 2179/2179/2179
f 2100/2100/2100 2106/2106/2106 2192/2192/2192
f 2100/2100/2100 2192/2192/2192 2190/2190/2190
f 2189/2189/2189 2187/2187/2187 2190/2190/2190
f 2189/2189/2189 2190/2190/2190 2192/2192/2192
f 1833/1833/1833 1832/1832/1832 1839/1839/1839
f 1833/1833/1833 1839/1839/1839 1985/1985/1985
f 1839/1839/1839 1832/1832/1832 1836/1836/1836
f 1839/1839/1839 1836/1836/1836 693/693/693
f 2199/2199/2199 1844/1844/1844 1843/1843/1843
f 2199/2199/2199 1843/1843/1843 2028/2028/2028
f 1841/1841/1841 694/694/694 693/693/693
f 1841/1841/1841 693/693/693 1836/1836/1836
f 1851/1851/1851 1854/1854/1854 1853/1853/1853
f 1851/1851/1851 1853/1853/1853 1852/1852/1852
f 1858/1858/1858 1859/1859/1859 1852/1852/1852
f 1858/1858/1858 1852/1852/1852 1853/1853/1853
f 1854/1854/1854 1851/1851/1851 1862/1862/1862
f 1854/1854/1854 1862/1862/1862 1860/1860/1860
f 1864/1864/1864 1866/1866/1866 1860/1860/1860
f 1864/1864/1864 1860/1860/1860 1862/1862/1862
f 1869/1869/1869 1870/1870/1870 1866/1866/1866
f 1869/1869/1869 1866/1866/1866 1864/1864/1864
f 1859/1859/1859 1858/1858/1858 1875/1875/1875
f 1859/1859/1859 1875/1875/1875 1872/1872/1872
f 1877/1877/1877 1878/1878/1878 1872/1872/1872
f 1877/1877/1877 1872/1872/1872 1875/1875/1875
f 1882/1882/1882 1887/1887/1887 1889/1889/1889
f 1882/1882/1882 1889/1889/1889 1883/1883/1883
f 1877/1877/1877 1887/1887/1887 1882/1882/1882
f 1877/1877/1877 1882/1882/1882 1878/1878/1878
f 1900/1900/1900 1905/1905/1905 1908/1908/1908
f 1900/1900/1900 1908/1908/1908 1901/1901/1901
f 1906/1906/1906 1905/1905/1905 1900/1900/1900
f 1906/1906/1906 1900/1900/1900 1902/1902/1902
f 1910/1910/1910 1906/1906/1906 1902/1902/1902
f 1910/1910/1910 1902/1902/1902 1909/1909/1909
f 1936/1936/1936 1926/1926/1926 1921/1921/1921
f 1936/1936/1936 1921/1921/1921 1931/1931/1931
f 1928/1928/1928 1929/1929/1929 1922/1922/1922
f 1928/1928/1928 1922/1922/1922 1925/1925/1925
f 1936/1936/1936 1931/1931/1931 1930/1930/1930
f 1936/1936/1936 1930/1930/1930 1933/1933/1933
f 1939/1939/1939 1943/1943/1943 1942/1942/1942
f 1939/1939/1939 1942/1942/1942 1940/1940/1940
f 1940/1940/1940 1942/1942/1942 1933/1933/1933
f 1940/1940/1940 1933/1933/1933 1930/1930/1930
f 1955/1955/1955 1958/1958/1958 1943/1943/1943
f 1955/1955/1955 1943/1943/1943 1939/1939/1939
f 1958/1958/1958 1955/1955/1955 1956/1956/1956
f 1958/1958/1958 1956/1956/1956 1959/1959/1959
f 1910/1910/1910 1909/1909/1909 1929/1929/1929
f 1910/1910/1910 1929/1929/1929 1928/1928/1928
f 1986/1986/1986 1993/1993/1993 1833/1833/1833
f 1986/1986/1986 1833/1833/1833 1985/1985/1985
f 1999/1999/1999 1993/1993/1993 1986/1986/1986
f 1999/1999/1999 1986/1986/1986 1995/1995/1995
f 1996/1996/1996 1999/1999/1999 1995/1995/1995
f 1996/1996/1996 1995/1995/1995 1974/1974/1974
f 2000/2000/2000 1996/1996/1996 1974/1974/1974
f 2000/2000/2000 1974/1974/1974 1973/1973/1973
f 2001/2001/2001 2000/2000/2000 1973/1973/1973
f 2001/2001/2001 1973/1973/1973 1969/1969/1969
f 2005/2005/2005 2004/2004/2004 1968/1968/1968
f 2005/2005/2005 1968/1968/1968 1970/1970/1970
f 1969/1969/1969 1968/1968/1968 2004/2004/2004
f 1969/1969/1969 2004/2004/2004 2001/2001/2001
f 2012/2012/2012 2016/2016/2016 2015/2015/2015
f 2012/2012/2012 2015/2015/2015 2010/2010/2010
f 1970/1970/1970 2006/2006/2006 2022/2022/2022
f 1970/1970/1970 2022/2022/2022 2005/2005/2005
f 1843/1843/1843 2029/2029/2029 331/331/331
f 1843/1843/1843 331/331/331 2028/2028/2028
f 1901/1901/1901 1908/1908/1908 1870/1870/1870
f 1901/1901/1901 1870/1870/1870 1869/1869/1869
f 1883/1883/1883 1889/1889/1889 2198/2198/2198
f 1883/1883/1883 2198/2198/2198 2196/2196/2196
f 1798/1798/1798 2133/2133/2133 2397/2397/2397
f 1798/1798/1798 2397/2397/2397 2399/2399/2399
f 2400/2400/2400 2152/2152/2152 2393/2393/2393
f 2400/2400/2400 2393/2393/2393 2401/2401/2401
f 1796/1796/1796 1798/1798/1798 2399/2399/2399
f 1796/1796/1796 2399/2399/2399 2402/2402/2402
f 451/451/451 2403/2403/2403 2404/2404/2404
f 451/451/451 2404/2404/2404 452/452/452
f 1797/1797/1797 1796/1796/1796 2402/2402/2402
f 1797/1797/1797 2402/2402/2402 2405/2405/2405
f 2393/2393/2393 2406/2406/2406 2407/2407/2407
f 2393/2393/2393 2407/2407/2407 2401/2401/2401
f 2408/2408/2408 2405/2405/2405 2402/2402/2402
f 2408/2408/2408 2402/2402/2402 2404/2404/2404
f 2408/2408/2408 2404/2404/2404 2403/2403/2403
f 2408/2408/2408 2403/2403/2403 2409/2409/2409
f 2405/2405/2405 2410/2410/2410 1618/1618/1618
f 2405/2405/2405 1618/1618/1618 1797/1797/1797
f 2407/2407/2407 2406/2406/2406 2411/2411/2411
f 2407/2407/2407 2411/2411/2411 2412/2412/2412
f 2413/2413/2413 2410/2410/2410 2405/2405/2405
f 2413/2413/2413 2405/2405/2405 2408/2408/2408
f 2413/2413/2413 2408/2408/2408 2409/2409/2409
f 2413/2413/2413 2409/2409/2409 2414/2414/2414
f 2411/2411/2411 2415/2415/2415 2416/2416/2416
f 2411/2411/2411 2416/2416/2416 2412/2412/2412
f 1619/1619/1619 1618/1618/1618 2410/2410/2410
f 1619/1619/1619 2410/2410/2410 2417/2417/2417
f 2417/2417/2417 2410/2410/2410 2413/2413/2413
f 2417/2417/2417 2413/2413/2413 2418/2418/2418
f 2418/2418/2418 2413/2413/2413 2414/2414/2414
f 2418/2418/2418 2414/2414/2414 2419/2419/2419
f 2416/2416/2416 2415/2415/2415 2420/2420/2420
f 2416/2416/2416 2420/2420/2420 2421/2421/2421
f 1620/1620/1620 1619/1619/1619 2417/2417/2417
f 1620/1620/1620 2417/2417/2417 2422/2422/2422
f 2423/2423/2423 2422/2422/2422 2417/2417/2417
f 2423/2423/2423 2417/2417/2417 2418/2418/2418
f 2423/2423/2423 2418/2418/2418 2419/2419/2419
f 2423/2423/2423 2419/2419/2419 2424/2424/2424
f 1625/1625/1625 1620/1620/1620 2422/2422/2422
f 1625/1625/1625 2422/2422/2422 2425/2425/2425
f 2421/2421/2421 2420/2420/2420 2426/2426/2426
f 2421/2421/2421 2426/2426/2426 2427/2427/2427
f 2422/2422/2422 2423/2423/2423 2428/2428/2428
f 2422/2422/2422 2428/2428/2428 2425/2425/2425
f 2428/2428/2428 2423/2423/2423 2424/2424/2424
f 2428/2428/2428 2424/2424/2424 2429/2429/2429
f 1626/1626/1626 1625/1625/1625 2425/2425/2425
f 1626/1626/1626 2425/2425/2425 2430/2430/2430
f 2427/2427/2427 2426/2426/2426 2287/2287/2287
f 2427/2427/2427 2287/2287/2287 2431/2431/2431
f 2429/2429/2429 2432/2432/2432 2433/2433/2433
f 2429/2429/2429 2433/2433/2433 2428/2428/2428
f 2425/2425/2425 2428/2428/2428 2433/2433/2433
f 2425/2425/2425 2433/2433/2433 2430/2430/2430
f 1636/1636/1636 1626/1626/1626 2430/2430/2430
f 1636/1636/1636 2430/2430/2430 2434/2434/2434
f 2431/2431/2431 2287/2287/2287 2286/2286/2286
f 2431/2431/2431 2286/2286/2286 2435/2435/2435
f 2432/2432/2432 2436/2436/2436 2437/2437/2437
f 2432/2432/2432 2437/2437/2437 2433/2433/2433
f 2434/2434/2434 2430/2430/2430 2433/2433/2433
f 2434/2434/2434 2433/2433/2433 2437/2437/2437
f 2435/2435/2435 2286/2286/2286 2290/2290/2290
f 2435/2435/2435 2290/2290/2290 2438/2438/2438
f 1635/1635/1635 1636/1636/1636 2434/2434/2434
f 1635/1635/1635 2434/2434/2434 2439/2439/2439
f 2436/2436/2436 2440/2440/2440 2441/2441/2441
f 2436/2436/2436 2441/2441/2441 2437/2437/2437
f 2439/2439/2439 2434/2434/2434 2437/2437/2437
f 2439/2439/2439 2437/2437/2437 2441/2441/2441
f 1634/1634/1634 1635/1635/1635 2439/2439/2439
f 1634/1634/1634 2439/2439/2439 2442/2442/2442
f 2443/2443/2443 2444/2444/2444 2441/2441/2441
f 2443/2443/2443 2441/2441/2441 2440/2440/2440
f 2290/2290/2290 2320/2320/2320 2445/2445/2445
f 2290/2290/2290 2445/2445/2445 2438/2438/2438
f 2442/2442/2442 2439/2439/2439 2441/2441/2441
f 2442/2442/2442 2441/2441/2441 2444/2444/2444
f 2446/2446/2446 2445/2445/2445 2320/2320/2320
f 2446/2446/2446 2320/2320/2320 469/469/469
f 2442/2442/2442 2447/2447/2447 291/291/291
f 2442/2442/2442 291/291/291 1634/1634/1634
f 2444/2444/2444 2443/2443/2443 2448/2448/2448
f 2444/2444/2444 2448/2448/2448 2449/2449/2449
f 2447/2447/2447 2442/2442/2442 2444/2444/2444
f 2447/2447/2447 2444/2444/2444 2449/2449/2449
f 291/291/291 2447/2447/2447 448/448/448
f 291/291/291 448/448/448 289/289/289
f 447/447/447 1667/1667/1667 289/289/289
f 447/447/447 289/289/289 448/448/448
f 2449/2449/2449 2448/2448/2448 2450/2450/2450
f 2449/2449/2449 2450/2450/2450 449/449/449
f 1672/1672/1672 1666/1666/1666 1667/1667/1667
f 1672/1672/1672 1667/1667/1667 447/447/447
f 1673/1673/1673 1672/1672/1672 447/447/447
f 1673/1673/1673 447/447/447 2451/2451/2451
f 449/449/449 2450/2450/2450 2451/2451/2451
f 449/449/449 2451/2451/2451 447/447/447
f 448/448/448 2447/2447/2447 2449/2449/2449
f 448/448/448 2449/2449/2449 449/449/449
f 2399/2399/2399 2397/2397/2397 450/450/450
f 2399/2399/2399 450/450/450 452/452/452
f 450/450/450 2397/2397/2397 2137/2137/2137
f 450/450/450 2137/2137/2137 2136/2136/2136
f 2149/2149/2149 2152/2152/2152 2400/2400/2400
f 2149/2149/2149 2400/2400/2400 2452/2452/2452
f 2138/2138/2138 2141/2141/2141 2149/2149/2149
f 2138/2138/2138 2149/2149/2149 2452/2452/2452
f 2404/2404/2404 2402/2402/2402 2399/2399/2399
f 2404/2404/2404 2399/2399/2399 452/452/452
f 2406/2406/2406 2393/2393/2393 2295/2295/2295
f 2406/2406/2406 2295/2295/2295 455/455/455
f 455/455/455 2295/2295/2295 2294/2294/2294
f 455/455/455 2294/2294/2294 2293/2293/2293
f 2293/2293/2293 2292/2292/2292 2453/2453/2453
f 2293/2293/2293 2453/2453/2453 2454/2454/2454
f 454/454/454 2411/2411/2411 2406/2406/2406
f 454/454/454 2406/2406/2406 455/455/455
f 455/455/455 2293/2293/2293 2454/2454/2454
f 455/455/455 2454/2454/2454 453/453/453
f 2454/2454/2454 2453/2453/2453 2455/2455/2455
f 2454/2454/2454 2455/2455/2455 2456/2456/2456
f 2411/2411/2411 454/454/454 2457/2457/2457
f 2411/2411/2411 2457/2457/2457 2415/2415/2415
f 454/454/454 453/453/453 2458/2458/2458
f 454/454/454 2458/2458/2458 2457/2457/2457
f 453/453/453 2454/2454/2454 2456/2456/2456
f 453/453/453 2456/2456/2456 2458/2458/2458
f 2415/2415/2415 2457/2457/2457 2459/2459/2459
f 2415/2415/2415 2459/2459/2459 2420/2420/2420
f 2456/2456/2456 2455/2455/2455 2460/2460/2460
f 2456/2456/2456 2460/2460/2460 2461/2461/2461
f 2457/2457/2457 2458/2458/2458 2462/2462/2462
f 2457/2457/2457 2462/2462/2462 2459/2459/2459
f 2458/2458/2458 2456/2456/2456 2461/2461/2461
f 2458/2458/2458 2461/2461/2461 2462/2462/2462
f 2420/2420/2420 2459/2459/2459 2463/2463/2463
f 2420/2420/2420 2463/2463/2463 2426/2426/2426
f 2288/2288/2288 2287/2287/2287 2426/2426/2426
f 2288/2288/2288 2426/2426/2426 2463/2463/2463
f 2464/2464/2464 2463/2463/2463 2459/2459/2459
f 2464/2464/2464 2459/2459/2459 2462/2462/2462
f 2462/2462/2462 2461/2461/2461 2465/2465/2465
f 2462/2462/2462 2465/2465/2465 2464/2464/2464
f 457/457/457 2285/2285/2285 2288/2288/2288
f 457/457/457 2288/2288/2288 458/458/458
f 2464/2464/2464 2465/2465/2465 2466/2466/2466
f 2464/2464/2464 2466/2466/2466 458/458/458
f 2461/2461/2461 2460/2460/2460 2467/2467/2467
f 2461/2461/2461 2467/2467/2467 2465/2465/2465
f 2467/2467/2467 2468/2468/2468 2466/2466/2466
f 2467/2467/2467 2466/2466/2466 2465/2465/2465
f 2288/2288/2288 2463/2463/2463 2464/2464/2464
f 2288/2288/2288 2464/2464/2464 458/458/458
f 456/456/456 458/458/458 2466/2466/2466
f 456/456/456 2466/2466/2466 2468/2468/2468
f 2335/2335/2335 2291/2291/2291 457/457/457
f 2335/2335/2335 457/457/457 456/456/456
f 2332/2332/2332 2335/2335/2335 456/456/456
f 2332/2332/2332 456/456/456 2469/2469/2469
f 456/456/456 2468/2468/2468 2470/2470/2470
f 456/456/456 2470/2470/2470 2469/2469/2469
f 2470/2470/2470 2468/2468/2468 2467/2467/2467
f 2470/2470/2470 2467/2467/2467 2471/2471/2471
f 462/462/462 2470/2470/2470 2471/2471/2471
f 462/462/462 2471/2471/2471 2472/2472/2472
f 2471/2471/2471 2467/2467/2467 2460/2460/2460
f 2471/2471/2471 2460/2460/2460 2473/2473/2473
f 2474/2474/2474 2472/2472/2472 2475/2475/2475
f 2474/2474/2474 2475/2475/2475 2476/2476/2476
f 2472/2472/2472 2471/2471/2471 2473/2473/2473
f 2472/2472/2472 2473/2473/2473 2475/2475/2475
f 2473/2473/2473 2460/2460/2460 2455/2455/2455
f 2473/2473/2473 2455/2455/2455 2477/2477/2477
f 2475/2475/2475 2473/2473/2473 2477/2477/2477
f 2475/2475/2475 2477/2477/2477 2478/2478/2478
f 2477/2477/2477 2455/2455/2455 2453/2453/2453
f 2477/2477/2477 2453/2453/2453 460/460/460
f 2478/2478/2478 2477/2477/2477 460/460/460
f 2478/2478/2478 460/460/460 459/459/459
f 460/460/460 2453/2453/2453 2292/2292/2292
f 460/460/460 2292/2292/2292 461/461/461
f 2284/2284/2284 2283/2283/2283 461/461/461
f 2284/2284/2284 461/461/461 2292/2292/2292
f 2333/2333/2333 2332/2332/2332 2469/2469/2469
f 2333/2333/2333 2469/2469/2469 464/464/464
f 2469/2469/2469 2470/2470/2470 462/462/462
f 2469/2469/2469 462/462/462 464/464/464
f 2472/2472/2472 2474/2474/2474 463/463/463
f 2472/2472/2472 463/463/463 462/462/462
f 2479/2479/2479 2280/2280/2280 2281/2281/2281
f 2479/2479/2479 2281/2281/2281 2480/2480/2480
f 2274/2274/2274 2481/2481/2481 2482/2482/2482
f 2274/2274/2274 2482/2482/2482 2483/2483/2483
f 662/662/662 2484/2484/2484 2483/2483/2483
f 662/662/662 2483/2483/2483 2482/2482/2482
f 2482/2482/2482 2485/2485/2485 2486/2486/2486
f 2482/2482/2482 2486/2486/2486 662/662/662
f 2485/2485/2485 2480/2480/2480 2487/2487/2487
f 2485/2485/2485 2487/2487/2487 2486/2486/2486
f 2488/2488/2488 2489/2489/2489 2490/2490/2490
f 2488/2488/2488 2490/2490/2490 2491/2491/2491
f 2492/2492/2492 2487/2487/2487 2480/2480/2480
f 2492/2492/2492 2480/2480/2480 2281/2281/2281
f 2491/2491/2491 2490/2490/2490 2493/2493/2493
f 2491/2491/2491 2493/2493/2493 2494/2494/2494
f 2494/2494/2494 2493/2493/2493 2487/2487/2487
f 2494/2494/2494 2487/2487/2487 2492/2492/2492
f 2281/2281/2281 793/793/793 2495/2495/2495
f 2281/2281/2281 2495/2495/2495 2492/2492/2492
f 2496/2496/2496 2491/2491/2491 2494/2494/2494
f 2496/2496/2496 2494/2494/2494 2497/2497/2497
f 2498/2498/2498 2488/2488/2488 2491/2491/2491
f 2498/2498/2498 2491/2491/2491 2496/2496/2496
f 2492/2492/2492 2495/2495/2495 2497/2497/2497
f 2492/2492/2492 2497/2497/2497 2494/2494/2494
f 2499/2499/2499 412/412/412 2348/2348/2348
f 2499/2499/2499 2348/2348/2348 2347/2347/2347
f 2500/2500/2500 2498/2498/2498 2496/2496/2496
f 2500/2500/2500 2496/2496/2496 466/466/466
f 793/793/793 412/412/412 2499/2499/2499
f 793/793/793 2499/2499/2499 2495/2495/2495
f 467/467/467 466/466/466 2496/2496/2496
f 467/467/467 2496/2496/2496 2497/2497/2497
f 2347/2347/2347 2345/2345/2345 2353/2353/2353
f 2347/2347/2347 2353/2353/2353 465/465/465
f 467/467/467 2499/2499/2499 2347/2347/2347
f 467/467/467 2347/2347/2347 465/465/465
f 2497/2497/2497 2495/2495/2495 2499/2499/2499
f 2497/2497/2497 2499/2499/2499 467/467/467
f 2489/2489/2489 661/661/661 663/663/663
f 2489/2489/2489 663/663/663 2490/2490/2490
f 2501/2501/2501 2493/2493/2493 2490/2490/2490
f 2501/2501/2501 2490/2490/2490 663/663/663
f 663/663/663 662/662/662 2486/2486/2486
f 663/663/663 2486/2486/2486 2501/2501/2501
f 2501/2501/2501 2486/2486/2486 2487/2487/2487
f 2501/2501/2501 2487/2487/2487 2493/2493/2493
f 473/473/473 2349/2349/2349 414/414/414
f 473/473/473 414/414/414 2324/2324/2324
f 2337/2337/2337 2325/2325/2325 2328/2328/2328
f 2337/2337/2337 2328/2328/2328 2502/2502/2502
f 470/470/470 2337/2337/2337 2502/2502/2502
f 470/470/470 2502/2502/2502 468/468/468
f 473/473/473 791/791/791 474/474/474
f 473/473/473 474/474/474 471/471/471
f 790/790/790 789/789/789 791/791/791
f 790/790/790 791/791/791 2215/2215/2215
f 2349/2349/2349 473/473/473 472/472/472
f 2349/2349/2349 472/472/472 477/477/477
f 2502/2502/2502 2328/2328/2328 477/477/477
f 2502/2502/2502 477/477/477 478/478/478
f 2328/2328/2328 2327/2327/2327 2346/2346/2346
f 2328/2328/2328 2346/2346/2346 477/477/477
f 2348/2348/2348 2349/2349/2349 477/477/477
f 2348/2348/2348 477/477/477 2346/2346/2346
f 478/478/478 472/472/472 471/471/471
f 478/478/478 471/471/471 476/476/476
f 476/476/476 468/468/468 2502/2502/2502
f 476/476/476 2502/2502/2502 478/478/478
f 2261/2261/2261 2258/2258/2258 2257/2257/2257
f 2261/2261/2261 2257/2257/2257 2503/2503/2503
f 2264/2264/2264 2265/2265/2265 479/479/479
f 2264/2264/2264 479/479/479 406/406/406
f 2265/2265/2265 2266/2266/2266 480/480/480
f 2265/2265/2265 480/480/480 479/479/479
f 2479/2479/2479 2504/2504/2504 2505/2505/2505
f 2479/2479/2479 2505/2505/2505 485/485/485
f 2504/2504/2504 2479/2479/2479 2480/2480/2480
f 2504/2504/2504 2480/2480/2480 2485/2485/2485
f 2485/2485/2485 2482/2482/2482 2481/2481/2481
f 2485/2485/2485 2481/2481/2481 2504/2504/2504
f 2504/2504/2504 2481/2481/2481 482/482/482
f 2504/2504/2504 482/482/482 2505/2505/2505
f 480/480/480 2266/2266/2266 2394/2394/2394
f 480/480/480 2394/2394/2394 485/485/485
f 2394/2394/2394 2280/2280/2280 2479/2479/2479
f 2394/2394/2394 2479/2479/2479 485/485/485
f 483/483/483 482/482/482 2273/2273/2273
f 483/483/483 2273/2273/2273 2506/2506/2506
f 2481/2481/2481 2274/2274/2274 2273/2273/2273
f 2481/2481/2481 2273/2273/2273 482/482/482
f 2503/2503/2503 2257/2257/2257 479/479/479
f 2503/2503/2503 479/479/479 481/481/481
f 2474/2474/2474 2507/2507/2507 759/759/759
f 2474/2474/2474 759/759/759 463/463/463
f 2476/2476/2476 2475/2475/2475 2478/2478/2478
f 2476/2476/2476 2478/2478/2478 2508/2508/2508
f 2508/2508/2508 2478/2478/2478 459/459/459
f 2508/2508/2508 459/459/459 2509/2509/2509
f 459/459/459 461/461/461 2510/2510/2510
f 459/459/459 2510/2510/2510 2509/2509/2509
f 2510/2510/2510 461/461/461 2283/2283/2283
f 2510/2510/2510 2283/2283/2283 768/768/768
f 768/768/768 2283/2283/2283 2168/2168/2168
f 768/768/768 2168/2168/2168 488/488/488
f 495/495/495 2354/2354/2354 2342/2342/2342
f 495/495/495 2342/2342/2342 496/496/496
f 2355/2355/2355 2358/2358/2358 2354/2354/2354
f 2355/2355/2355 2354/2354/2354 495/495/495
f 2315/2315/2315 495/495/495 497/497/497
f 2315/2315/2315 497/497/497 499/499/499
f 2316/2316/2316 2315/2315/2315 499/499/499
f 2316/2316/2316 499/499/499 2511/2511/2511
f 2512/2512/2512 498/498/498 500/500/500
f 2512/2512/2512 500/500/500 2513/2513/2513
f 2514/2514/2514 2311/2311/2311 2312/2312/2312
f 2514/2514/2514 2312/2312/2312 2318/2318/2318
f 2318/2318/2318 2316/2316/2316 2511/2511/2511
f 2318/2318/2318 2511/2511/2511 2514/2514/2514
f 2515/2515/2515 2516/2516/2516 2517/2517/2517
f 2515/2515/2515 2517/2517/2517 2518/2518/2518
f 2519/2519/2519 2299/2299/2299 2301/2301/2301
f 2519/2519/2519 2301/2301/2301 2520/2520/2520
f 2521/2521/2521 2515/2515/2515 2518/2518/2518
f 2521/2521/2521 2518/2518/2518 2522/2522/2522
f 2519/2519/2519 2520/2520/2520 2523/2523/2523
f 2519/2519/2519 2523/2523/2523 2524/2524/2524
f 2524/2524/2524 2523/2523/2523 2515/2515/2515
f 2524/2524/2524 2515/2515/2515 2521/2521/2521
f 490/490/490 2297/2297/2297 2299/2299/2299
f 490/490/490 2299/2299/2299 2519/2519/2519
f 486/486/486 2521/2521/2521 2522/2522/2522
f 486/486/486 2522/2522/2522 487/487/487
f 2180/2180/2180 2297/2297/2297 490/490/490
f 2180/2180/2180 490/490/490 489/489/489
f 2524/2524/2524 2521/2521/2521 486/486/486
f 2524/2524/2524 486/486/486 491/491/491
f 2398/2398/2398 2181/2181/2181 2180/2180/2180
f 2398/2398/2398 2180/2180/2180 489/489/489
f 2175/2175/2175 2398/2398/2398 489/489/489
f 2175/2175/2175 489/489/489 488/488/488
f 491/491/491 486/486/486 488/488/488
f 491/491/491 488/488/488 489/489/489
f 491/491/491 490/490/490 2519/2519/2519
f 491/491/491 2519/2519/2519 2524/2524/2524
f 2311/2311/2311 494/494/494 2520/2520/2520
f 2311/2311/2311 2520/2520/2520 2301/2301/2301
f 2311/2311/2311 2514/2514/2514 492/492/492
f 2311/2311/2311 492/492/492 494/494/494
f 493/493/493 2523/2523/2523 2520/2520/2520
f 493/493/493 2520/2520/2520 494/494/494
f 2476/2476/2476 2525/2525/2525 2507/2507/2507
f 2476/2476/2476 2507/2507/2507 2474/2474/2474
f 2516/2516/2516 2526/2526/2526 2525/2525/2525
f 2516/2516/2516 2525/2525/2525 2517/2517/2517
f 492/492/492 2512/2512/2512 2513/2513/2513
f 492/492/492 2513/2513/2513 2526/2526/2526
f 2526/2526/2526 2516/2516/2516 493/493/493
f 2526/2526/2526 493/493/493 492/492/492
f 2514/2514/2514 2511/2511/2511 2512/2512/2512
f 2514/2514/2514 2512/2512/2512 492/492/492
f 2516/2516/2516 2515/2515/2515 2523/2523/2523
f 2516/2516/2516 2523/2523/2523 493/493/493
f 2511/2511/2511 499/499/499 498/498/498
f 2511/2511/2511 498/498/498 2512/2512/2512
f 496/496/496 759/759/759 500/500/500
f 496/496/496 500/500/500 497/497/497
f 758/758/758 496/496/496 2342/2342/2342
f 758/758/758 2342/2342/2342 2340/2340/2340
f 758/758/758 2340/2340/2340 2333/2333/2333
f 758/758/758 2333/2333/2333 464/464/464
f 758/758/758 464/464/464 463/463/463
f 758/758/758 463/463/463 759/759/759
f 759/759/759 2507/2507/2507 2513/2513/2513
f 759/759/759 2513/2513/2513 500/500/500
f 2527/2527/2527 1699/1699/1699 2022/2022/2022
f 2527/2527/2527 2022/2022/2022 2528/2528/2528
f 2529/2529/2529 2530/2530/2530 2531/2531/2531
f 2529/2529/2529 2531/2531/2531 2532/2532/2532
f 2530/2530/2530 1696/1696/1696 1699/1699/1699
f 2530/2530/2530 1699/1699/1699 2527/2527/2527
f 1695/1695/1695 2529/2529/2529 2533/2533/2533
f 1695/1695/1695 2533/2533/2533 1692/1692/1692
f 2529/2529/2529 2532/2532/2532 2534/2534/2534
f 2529/2529/2529 2534/2534/2534 2533/2533/2533
f 2535/2535/2535 2536/2536/2536 2537/2537/2537
f 2535/2535/2535 2537/2537/2537 2538/2538/2538
f 1576/1576/1576 2539/2539/2539 2537/2537/2537
f 1576/1576/1576 2537/2537/2537 1577/1577/1577
f 2533/2533/2533 2540/2540/2540 1700/1700/1700
f 2533/2533/2533 1700/1700/1700 1692/1692/1692
f 2533/2533/2533 2534/2534/2534 2541/2541/2541
f 2533/2533/2533 2541/2541/2541 2540/2540/2540
f 2538/2538/2538 2537/2537/2537 2539/2539/2539
f 2538/2538/2538 2539/2539/2539 2542/2542/2542
f 1700/1700/1700 2540/2540/2540 2543/2543/2543
f 1700/1700/1700 2543/2543/2543 538/538/538
f 2539/2539/2539 1576/1576/1576 1556/1556/1556
f 2539/2539/2539 1556/1556/1556 502/502/502
f 535/535/535 532/532/532 538/538/538
f 535/535/535 538/538/538 2543/2543/2543
f 1557/1557/1557 1560/1560/1560 1562/1562/1562
f 1557/1557/1557 1562/1562/1562 503/503/503
f 2542/2542/2542 2539/2539/2539 502/502/502
f 2542/2542/2542 502/502/502 501/501/501
f 502/502/502 1556/1556/1556 1557/1557/1557
f 502/502/502 1557/1557/1557 503/503/503
f 1691/1691/1691 534/534/534 535/535/535
f 1691/1691/1691 535/535/535 2544/2544/2544
f 2544/2544/2544 535/535/535 2543/2543/2543
f 2544/2544/2544 2543/2543/2543 2545/2545/2545
f 2540/2540/2540 2541/2541/2541 2545/2545/2545
f 2540/2540/2540 2545/2545/2545 2543/2543/2543
f 2546/2546/2546 2547/2547/2547 2548/2548/2548
f 2546/2546/2546 2548/2548/2548 2549/2549/2549
f 2008/2008/2008 2010/2010/2010 2015/2015/2015
f 2008/2008/2008 2015/2015/2015 2550/2550/2550
f 2014/2014/2014 2551/2551/2551 2550/2550/2550
f 2014/2014/2014 2550/2550/2550 2015/2015/2015
f 505/505/505 504/504/504 2552/2552/2552
f 505/505/505 2552/2552/2552 2546/2546/2546
f 2527/2527/2527 2528/2528/2528 2553/2553/2553
f 2527/2527/2527 2553/2553/2553 2554/2554/2554
f 505/505/505 2546/2546/2546 2549/2549/2549
f 505/505/505 2549/2549/2549 2555/2555/2555
f 2528/2528/2528 2022/2022/2022 2006/2006/2006
f 2528/2528/2528 2006/2006/2006 327/327/327
f 2008/2008/2008 2550/2550/2550 504/504/504
f 2008/2008/2008 504/504/504 506/506/506
f 697/697/697 506/506/506 505/505/505
f 697/697/697 505/505/505 2555/2555/2555
f 2553/2553/2553 2528/2528/2528 327/327/327
f 2553/2553/2553 327/327/327 326/326/326
f 1571/1571/1571 1577/1577/1577 761/761/761
f 1571/1571/1571 761/761/761 1575/1575/1575
f 1577/1577/1577 2537/2537/2537 2536/2536/2536
f 1577/1577/1577 2536/2536/2536 761/761/761
f 1575/1575/1575 761/761/761 760/760/760
f 1575/1575/1575 760/760/760 1829/1829/1829
f 2552/2552/2552 762/762/762 2547/2547/2547
f 2552/2552/2552 2547/2547/2547 2546/2546/2546
f 2552/2552/2552 2551/2551/2551 760/760/760
f 2552/2552/2552 760/760/760 762/762/762
f 504/504/504 2550/2550/2550 2551/2551/2551
f 504/504/504 2551/2551/2551 2552/2552/2552
f 1573/1573/1573 1830/1830/1830 2556/2556/2556
f 1573/1573/1573 2556/2556/2556 1574/1574/1574
f 2013/2013/2013 2016/2016/2016 2557/2557/2557
f 2013/2013/2013 2557/2557/2557 2558/2558/2558
f 2559/2559/2559 2560/2560/2560 2558/2558/2558
f 2559/2559/2559 2558/2558/2558 2557/2557/2557
f 2012/2012/2012 330/330/330 2557/2557/2557
f 2012/2012/2012 2557/2557/2557 2016/2016/2016
f 698/698/698 700/700/700 334/334/334
f 698/698/698 334/334/334 336/336/336
f 2559/2559/2559 2557/2557/2557 330/330/330
f 2559/2559/2559 330/330/330 329/329/329
f 2560/2560/2560 765/765/765 2556/2556/2556
f 2560/2560/2560 2556/2556/2556 2558/2558/2558
f 2561/2561/2561 763/763/763 765/765/765
f 2561/2561/2561 765/765/765 2560/2560/2560
f 2562/2562/2562 2561/2561/2561 2560/2560/2560
f 2562/2562/2562 2560/2560/2560 2559/2559/2559
f 2562/2562/2562 2559/2559/2559 329/329/329
f 2562/2562/2562 329/329/329 699/699/699
f 2563/2563/2563 2564/2564/2564 702/702/702
f 2563/2563/2563 702/702/702 332/332/332
f 2563/2563/2563 2029/2029/2029 1582/1582/1582
f 2563/2563/2563 1582/1582/1582 767/767/767
f 2565/2565/2565 2566/2566/2566 2567/2567/2567
f 2565/2565/2565 2567/2567/2567 2568/2568/2568
f 2569/2569/2569 2567/2567/2567 511/511/511
f 2569/2569/2569 511/511/511 766/766/766
f 2561/2561/2561 2562/2562/2562 2570/2570/2570
f 2561/2561/2561 2570/2570/2570 2569/2569/2569
f 2568/2568/2568 2567/2567/2567 2569/2569/2569
f 2568/2568/2568 2569/2569/2569 2570/2570/2570
f 703/703/703 510/510/510 512/512/512
f 703/703/703 512/512/512 704/704/704
f 2569/2569/2569 766/766/766 763/763/763
f 2569/2569/2569 763/763/763 2561/2561/2561
f 2565/2565/2565 2564/2564/2564 2571/2571/2571
f 2565/2565/2565 2571/2571/2571 2566/2566/2566
f 2572/2572/2572 513/513/513 515/515/515
f 2572/2572/2572 515/515/515 2573/2573/2573
f 1646/1646/1646 1641/1641/1641 1661/1661/1661
f 1646/1646/1646 1661/1661/1661 517/517/517
f 1661/1661/1661 1659/1659/1659 284/284/284
f 1661/1661/1661 284/284/284 2574/2574/2574
f 1649/1649/1649 517/517/517 516/516/516
f 1649/1649/1649 516/516/516 1651/1651/1651
f 2574/2574/2574 518/518/518 517/517/517
f 2574/2574/2574 517/517/517 1661/1661/1661
f 2574/2574/2574 284/284/284 795/795/795
f 2574/2574/2574 795/795/795 2575/2575/2575
f 2576/2576/2576 1828/1828/1828 1651/1651/1651
f 2576/2576/2576 1651/1651/1651 516/516/516
f 2576/2576/2576 516/516/516 518/518/518
f 2576/2576/2576 518/518/518 2577/2577/2577
f 518/518/518 2574/2574/2574 2575/2575/2575
f 518/518/518 2575/2575/2575 2577/2577/2577
f 2578/2578/2578 2579/2579/2579 2577/2577/2577
f 2578/2578/2578 2577/2577/2577 2575/2575/2575
f 2575/2575/2575 795/795/795 1588/1588/1588
f 2575/2575/2575 1588/1588/1588 2578/2578/2578
f 519/519/519 521/521/521 1585/1585/1585
f 519/519/519 1585/1585/1585 596/596/596
f 530/530/530 2580/2580/2580 776/776/776
f 530/530/530 776/776/776 528/528/528
f 528/528/528 775/775/775 1708/1708/1708
f 528/528/528 1708/1708/1708 1710/1710/1710
f 1710/1710/1710 1715/1715/1715 529/529/529
f 1710/1710/1710 529/529/529 528/528/528
f 1701/1701/1701 1703/1703/1703 540/540/540
f 1701/1701/1701 540/540/540 533/533/533
f 540/540/540 1702/1702/1702 536/536/536
f 540/540/540 536/536/536 531/531/531
f 1727/1727/1727 1693/1693/1693 781/781/781
f 1727/1727/1727 781/781/781 543/543/543
f 541/541/541 526/526/526 1725/1725/1725
f 541/541/541 1725/1725/1725 544/544/544
f 1731/1731/1731 1728/1728/1728 1727/1727/1727
f 1731/1731/1731 1727/1727/1727 546/546/546
f 1727/1727/1727 543/543/543 545/545/545
f 1727/1727/1727 545/545/545 546/546/546
f 1725/1725/1725 809/809/809 1724/1724/1724
f 1725/1725/1725 1724/1724/1724 548/548/548
f 1731/1731/1731 550/550/550 2581/2581/2581
f 1731/1731/1731 2581/2581/2581 1732/1732/1732
f 548/548/548 546/546/546 544/544/544
f 548/548/548 544/544/544 1725/1725/1725
f 550/550/550 549/549/549 2582/2582/2582
f 550/550/550 2582/2582/2582 2581/2581/2581
f 548/548/548 1724/1724/1724 549/549/549
f 548/548/548 549/549/549 547/547/547
f 2582/2582/2582 1722/1722/1722 1998/1998/1998
f 2582/2582/2582 1998/1998/1998 1997/1997/1997
f 1724/1724/1724 1723/1723/1723 1719/1719/1719
f 1724/1724/1724 1719/1719/1719 549/549/549
f 547/547/547 550/550/550 1731/1731/1731
f 547/547/547 1731/1731/1731 546/546/546
f 1715/1715/1715 1714/1714/1714 552/552/552
f 1715/1715/1715 552/552/552 529/529/529
f 529/529/529 552/552/552 551/551/551
f 529/529/529 551/551/551 530/530/530
f 1713/1713/1713 1828/1828/1828 555/555/555
f 1713/1713/1713 555/555/555 1714/1714/1714
f 556/556/556 555/555/555 1828/1828/1828
f 556/556/556 1828/1828/1828 2576/2576/2576
f 2583/2583/2583 553/553/553 554/554/554
f 2583/2583/2583 554/554/554 556/556/556
f 556/556/556 2576/2576/2576 2577/2577/2577
f 556/556/556 2577/2577/2577 2579/2579/2579
f 554/554/554 552/552/552 1714/1714/1714
f 554/554/554 1714/1714/1714 555/555/555
f 703/703/703 507/507/507 2584/2584/2584
f 703/703/703 2584/2584/2584 568/568/568
f 703/703/703 568/568/568 567/567/567
f 703/703/703 567/567/567 510/510/510
f 1566/1566/1566 1568/1568/1568 564/564/564
f 1566/1566/1566 564/564/564 559/559/559
f 559/559/559 564/564/564 563/563/563
f 559/559/559 563/563/563 557/557/557
f 2585/2585/2585 281/281/281 280/280/280
f 2585/2585/2585 280/280/280 558/558/558
f 2586/2586/2586 557/557/557 2587/2587/2587
f 2586/2586/2586 2587/2587/2587 2588/2588/2588
f 1563/1563/1563 281/281/281 2585/2585/2585
f 1563/1563/1563 2585/2585/2585 2589/2589/2589
f 2589/2589/2589 2585/2585/2585 2586/2586/2586
f 2589/2589/2589 2586/2586/2586 2590/2590/2590
f 2590/2590/2590 2586/2586/2586 2588/2588/2588
f 2590/2590/2590 2588/2588/2588 570/570/570
f 1565/1565/1565 1563/1563/1563 2589/2589/2589
f 1565/1565/1565 2589/2589/2589 2591/2591/2591
f 2591/2591/2591 2589/2589/2589 2590/2590/2590
f 2591/2591/2591 2590/2590/2590 2592/2592/2592
f 1662/1662/1662 1565/1565/1565 2591/2591/2591
f 1662/1662/1662 2591/2591/2591 2593/2593/2593
f 1554/1554/1554 796/796/796 1662/1662/1662
f 1554/1554/1554 1662/1662/1662 2593/2593/2593
f 562/562/562 1605/1605/1605 1555/1555/1555
f 562/562/562 1555/1555/1555 1554/1554/1554
f 1554/1554/1554 2593/2593/2593 560/560/560
f 1554/1554/1554 560/560/560 562/562/562
f 2593/2593/2593 2591/2591/2591 2592/2592/2592
f 2593/2593/2593 2592/2592/2592 560/560/560
f 565/565/565 564/564/564 1568/1568/1568
f 565/565/565 1568/1568/1568 1572/1572/1572
f 510/510/510 567/567/567 565/565/565
f 510/510/510 565/565/565 764/764/764
f 1572/1572/1572 1574/1574/1574 764/764/764
f 1572/1572/1572 764/764/764 565/565/565
f 569/569/569 561/561/561 560/560/560
f 569/569/569 560/560/560 2592/2592/2592
f 2592/2592/2592 2590/2590/2590 570/570/570
f 2592/2592/2592 570/570/570 569/569/569
f 1589/1589/1589 1587/1587/1587 575/575/575
f 1589/1589/1589 575/575/575 574/574/574
f 570/570/570 2588/2588/2588 573/573/573
f 570/570/570 573/573/573 571/571/571
f 572/572/572 574/574/574 576/576/576
f 572/572/572 576/576/576 571/571/571
f 575/575/575 1587/1587/1587 283/283/283
f 575/575/575 283/283/283 2594/2594/2594
f 575/575/575 2594/2594/2594 578/578/578
f 575/575/575 578/578/578 576/576/576
f 561/561/561 569/569/569 577/577/577
f 561/561/561 577/577/577 580/580/580
f 285/285/285 583/583/583 2594/2594/2594
f 285/285/285 2594/2594/2594 283/283/283
f 583/583/583 285/285/285 1660/1660/1660
f 583/583/583 1660/1660/1660 582/582/582
f 1596/1596/1596 579/579/579 582/582/582
f 1596/1596/1596 582/582/582 1595/1595/1595
f 1660/1660/1660 1637/1637/1637 1595/1595/1595
f 1660/1660/1660 1595/1595/1595 582/582/582
f 561/561/561 580/580/580 579/579/579
f 561/561/561 579/579/579 562/562/562
f 1605/1605/1605 562/562/562 579/579/579
f 1605/1605/1605 579/579/579 1596/1596/1596
f 578/578/578 2594/2594/2594 583/583/583
f 578/578/578 583/583/583 581/581/581
f 580/580/580 577/577/577 578/578/578
f 580/580/580 578/578/578 581/581/581
f 563/563/563 566/566/566 2595/2595/2595
f 563/563/563 2595/2595/2595 2596/2596/2596
f 563/563/563 565/565/565 567/567/567
f 563/563/563 567/567/567 566/566/566
f 2596/2596/2596 2587/2587/2587 557/557/557
f 2596/2596/2596 557/557/557 563/563/563
f 566/566/566 568/568/568 2597/2597/2597
f 566/566/566 2597/2597/2597 2595/2595/2595
f 2598/2598/2598 573/573/573 2588/2588/2588
f 2598/2598/2598 2588/2588/2588 2587/2587/2587
f 2599/2599/2599 2598/2598/2598 2587/2587/2587
f 2599/2599/2599 2587/2587/2587 2596/2596/2596
f 2599/2599/2599 2596/2596/2596 2595/2595/2595
f 2599/2599/2599 2595/2595/2595 2597/2597/2597
f 572/572/572 573/573/573 2598/2598/2598
f 572/572/572 2598/2598/2598 584/584/584
f 568/568/568 2584/2584/2584 2600/2600/2600
f 568/568/568 2600/2600/2600 2597/2597/2597
f 2599/2599/2599 2597/2597/2597 2600/2600/2600
f 2599/2599/2599 2600/2600/2600 2601/2601/2601
f 2598/2598/2598 2599/2599/2599 2601/2601/2601
f 2598/2598/2598 2601/2601/2601 584/584/584
f 574/574/574 584/584/584 2602/2602/2602
f 574/574/574 2602/2602/2602 1589/1589/1589
f 2600/2600/2600 2603/2603/2603 2604/2604/2604
f 2600/2600/2600 2604/2604/2604 2601/2601/2601
f 2602/2602/2602 584/584/584 2601/2601/2601
f 2602/2602/2602 2601/2601/2601 2604/2604/2604
f 1590/1590/1590 1589/1589/1589 2602/2602/2602
f 1590/1590/1590 2602/2602/2602 2605/2605/2605
f 2604/2604/2604 2606/2606/2606 2605/2605/2605
f 2604/2604/2604 2605/2605/2605 2602/2602/2602
f 2578/2578/2578 1588/1588/1588 1590/1590/1590
f 2578/2578/2578 1590/1590/1590 587/587/587
f 587/587/587 1590/1590/1590 2605/2605/2605
f 587/587/587 2605/2605/2605 585/585/585
f 585/585/585 2605/2605/2605 2606/2606/2606
f 585/585/585 2606/2606/2606 2607/2607/2607
f 2607/2607/2607 594/594/594 586/586/586
f 2607/2607/2607 586/586/586 585/585/585
f 2608/2608/2608 2606/2606/2606 2604/2604/2604
f 2608/2608/2608 2604/2604/2604 2603/2603/2603
f 2603/2603/2603 2600/2600/2600 2584/2584/2584
f 2603/2603/2603 2584/2584/2584 588/588/588
f 588/588/588 2584/2584/2584 507/507/507
f 588/588/588 507/507/507 1579/1579/1579
f 2608/2608/2608 2603/2603/2603 588/588/588
f 2608/2608/2608 588/588/588 591/591/591
f 1579/1579/1579 1578/1578/1578 589/589/589
f 1579/1579/1579 589/589/589 588/588/588
f 591/591/591 590/590/590 594/594/594
f 591/591/591 594/594/594 2607/2607/2607
f 2607/2607/2607 2606/2606/2606 2608/2608/2608
f 2607/2607/2607 2608/2608/2608 591/591/591
f 2609/2609/2609 2610/2610/2610 553/553/553
f 2609/2609/2609 553/553/553 2583/2583/2583
f 2611/2611/2611 2609/2609/2609 600/600/600
f 2611/2611/2611 600/600/600 2612/2612/2612
f 593/593/593 594/594/594 590/590/590
f 593/593/593 590/590/590 598/598/598
f 598/598/598 590/590/590 589/589/589
f 598/598/598 589/589/589 595/595/595
f 2613/2613/2613 2611/2611/2611 2612/2612/2612
f 2613/2613/2613 2612/2612/2612 597/597/597
f 1578/1578/1578 519/519/519 595/595/595
f 1578/1578/1578 595/595/595 589/589/589
f 595/595/595 596/596/596 2613/2613/2613
f 595/595/595 2613/2613/2613 597/597/597
f 597/597/597 2612/2612/2612 593/593/593
f 597/597/597 593/593/593 598/598/598
f 2609/2609/2609 2583/2583/2583 599/599/599
f 2609/2609/2609 599/599/599 600/600/600
f 2583/2583/2583 556/556/556 2579/2579/2579
f 2583/2583/2583 2579/2579/2579 599/599/599
f 2579/2579/2579 2578/2578/2578 587/587/587
f 2579/2579/2579 587/587/587 599/599/599
f 586/586/586 592/592/592 599/599/599
f 586/586/586 599/599/599 587/587/587
f 592/592/592 593/593/593 2612/2612/2612
f 592/592/592 2612/2612/2612 600/600/600
f 1656/1656/1656 1655/1655/1655 1658/1658/1658
f 1656/1656/1656 1658/1658/1658 608/608/608
f 1658/1658/1658 1657/1657/1657 609/609/609
f 1658/1658/1658 609/609/609 608/608/608
f 1657/1657/1657 304/304/304 1811/1811/1811
f 1657/1657/1657 1811/1811/1811 609/609/609
f 609/609/609 1811/1811/1811 1813/1813/1813
f 609/609/609 1813/1813/1813 1812/1812/1812
f 1630/1630/1630 1629/1629/1629 1831/1831/1831
f 1630/1630/1630 1831/1831/1831 611/611/611
f 1787/1787/1787 1790/1790/1790 1791/1791/1791
f 1787/1787/1787 1791/1791/1791 2614/2614/2614
f 1788/1788/1788 1787/1787/1787 2614/2614/2614
f 1788/1788/1788 2614/2614/2614 2615/2615/2615
f 1783/1783/1783 1788/1788/1788 2615/2615/2615
f 1783/1783/1783 2615/2615/2615 2616/2616/2616
f 1737/1737/1737 2131/2131/2131 2617/2617/2617
f 1737/1737/1737 2617/2617/2617 1738/1738/1738
f 2396/2396/2396 2126/2126/2126 1784/1784/1784
f 2396/2396/2396 1784/1784/1784 2618/2618/2618
f 2616/2616/2616 2618/2618/2618 1784/1784/1784
f 2616/2616/2616 1784/1784/1784 1783/1783/1783
f 602/602/602 2617/2617/2617 2131/2131/2131
f 602/602/602 2131/2131/2131 2619/2619/2619
f 2130/2130/2130 2395/2395/2395 2619/2619/2619
f 2130/2130/2130 2619/2619/2619 2131/2131/2131
f 2573/2573/2573 515/515/515 1738/1738/1738
f 2573/2573/2573 1738/1738/1738 2617/2617/2617
f 2615/2615/2615 603/603/603 602/602/602
f 2615/2615/2615 602/602/602 2616/2616/2616
f 601/601/601 2573/2573/2573 2617/2617/2617
f 601/601/601 2617/2617/2617 602/602/602
f 603/603/603 2615/2615/2615 2614/2614/2614
f 603/603/603 2614/2614/2614 2620/2620/2620
f 601/601/601 603/603/603 2620/2620/2620
f 601/601/601 2620/2620/2620 2621/2621/2621
f 2621/2621/2621 2572/2572/2572 2573/2573/2573
f 2621/2621/2621 2573/2573/2573 601/601/601
f 605/605/605 609/609/609 1812/1812/1812
f 605/605/605 1812/1812/1812 606/606/606
f 606/606/606 1812/1812/1812 1815/1815/1815
f 606/606/606 1815/1815/1815 1819/1819/1819
f 1819/1819/1819 613/613/613 604/604/604
f 1819/1819/1819 604/604/604 606/606/606
f 1831/1831/1831 1654/1654/1654 1656/1656/1656
f 1831/1831/1831 1656/1656/1656 607/607/607
f 1656/1656/1656 608/608/608 605/605/605
f 1656/1656/1656 605/605/605 607/607/607
f 612/612/612 611/611/611 1831/1831/1831
f 612/612/612 1831/1831/1831 607/607/607
f 2622/2622/2622 2623/2623/2623 2572/2572/2572
f 2622/2622/2622 2572/2572/2572 2621/2621/2621
f 513/513/513 2572/2572/2572 2623/2623/2623
f 513/513/513 2623/2623/2623 1818/1818/1818
f 614/614/614 613/613/613 2623/2623/2623
f 614/614/614 2623/2623/2623 2622/2622/2622
f 613/613/613 1819/1819/1819 1818/1818/1818
f 613/613/613 1818/1818/1818 2623/2623/2623
f 1791/1791/1791 1630/1630/1630 611/611/611
f 1791/1791/1791 611/611/611 610/610/610
f 2620/2620/2620 2614/2614/2614 1791/1791/1791
f 2620/2620/2620 1791/1791/1791 610/610/610
f 612/612/612 614/614/614 2622/2622/2622
f 612/612/612 2622/2622/2622 610/610/610
f 2621/2621/2621 2620/2620/2620 610/610/610
f 2621/2621/2621 610/610/610 2622/2622/2622
f 614/614/614 612/612/612 607/607/607
f 614/614/614 607/607/607 604/604/604
f 615/615/615 1761/1761/1761 1759/1759/1759
f 615/615/615 1759/1759/1759 616/616/616
f 1817/1817/1817 1816/1816/1816 1761/1761/1761
f 1817/1817/1817 1761/1761/1761 615/615/615
f 1818/1818/1818 1817/1817/1817 615/615/615
f 1818/1818/1818 615/615/615 513/513/513
f 616/616/616 1733/1733/1733 1736/1736/1736
f 616/616/616 1736/1736/1736 514/514/514
f 1736/1736/1736 1738/1738/1738 515/515/515
f 1736/1736/1736 515/515/515 514/514/514
f 1726/1726/1726 1723/1723/1723 523/523/523
f 1726/1726/1726 523/523/523 618/618/618
f 2610/2610/2610 2609/2609/2609 2611/2611/2611
f 2610/2610/2610 2611/2611/2611 620/620/620
f 596/596/596 1584/1584/1584 621/621/621
f 596/596/596 621/621/621 2613/2613/2613
f 1584/1584/1584 1720/1720/1720 1726/1726/1726
f 1584/1584/1584 1726/1726/1726 621/621/621
f 620/620/620 2611/2611/2611 2613/2613/2613
f 620/620/620 2613/2613/2613 621/621/621
f 1726/1726/1726 618/618/618 617/617/617
f 1726/1726/1726 617/617/617 621/621/621
f 2610/2610/2610 620/620/620 617/617/617
f 2610/2610/2610 617/617/617 619/619/619
f 551/551/551 553/553/553 2610/2610/2610
f 551/551/551 2610/2610/2610 619/619/619
f 2580/2580/2580 619/619/619 618/618/618
f 2580/2580/2580 618/618/618 522/522/522
f 530/530/530 551/551/551 619/619/619
f 530/530/530 619/619/619 2580/2580/2580
f 2366/2366/2366 629/629/629 623/623/623
f 2366/2366/2366 623/623/623 627/627/627
f 622/622/622 2227/2227/2227 636/636/636
f 622/622/622 636/636/636 626/626/626
f 2362/2362/2362 430/430/430 772/772/772
f 2362/2362/2362 772/772/772 628/628/628
f 772/772/772 2366/2366/2366 627/627/627
f 772/772/772 627/627/627 628/628/628
f 2366/2366/2366 773/773/773 630/630/630
f 2366/2366/2366 630/630/630 629/629/629
f 441/441/441 440/440/440 2367/2367/2367
f 441/441/441 2367/2367/2367 634/634/634
f 634/634/634 631/631/631 630/630/630
f 634/634/634 630/630/630 441/441/441
f 804/804/804 636/636/636 2227/2227/2227
f 804/804/804 2227/2227/2227 417/417/417
f 636/636/636 420/420/420 419/419/419
f 636/636/636 419/419/419 637/637/637
f 803/803/803 403/403/403 401/401/401
f 803/803/803 401/401/401 638/638/638
f 774/774/774 810/810/810 639/639/639
f 774/774/774 639/639/639 638/638/638
f 639/639/639 2239/2239/2239 643/643/643
f 639/639/639 643/643/643 640/640/640
f 1855/1855/1855 2624/2624/2624 2234/2234/2234
f 1855/1855/1855 2234/2234/2234 1856/1856/1856
f 642/642/642 640/640/640 2625/2625/2625
f 642/642/642 2625/2625/2625 802/802/802
f 2353/2353/2353 2352/2352/2352 2351/2351/2351
f 2353/2353/2353 2351/2351/2351 645/645/645
f 2350/2350/2350 646/646/646 645/645/645
f 2350/2350/2350 645/645/645 2351/2351/2351
f 2626/2626/2626 2500/2500/2500 649/649/649
f 2626/2626/2626 649/649/649 647/647/647
f 648/648/648 2627/2627/2627 2626/2626/2626
f 648/648/648 2626/2626/2626 647/647/647
f 2353/2353/2353 645/645/645 649/649/649
f 2353/2353/2353 649/649/649 465/465/465
f 466/466/466 465/465/465 649/649/649
f 466/466/466 649/649/649 2500/2500/2500
f 1871/1871/1871 2628/2628/2628 2629/2629/2629
f 1871/1871/1871 2629/2629/2629 1867/1867/1867
f 651/651/651 2630/2630/2630 2629/2629/2629
f 651/651/651 2629/2629/2629 2631/2631/2631
f 1861/1861/1861 2630/2630/2630 2624/2624/2624
f 1861/1861/1861 2624/2624/2624 1855/1855/1855
f 2625/2625/2625 640/640/640 644/644/644
f 2625/2625/2625 644/644/644 650/650/650
f 654/654/654 2362/2362/2362 628/628/628
f 654/654/654 628/628/628 635/635/635
f 2362/2362/2362 654/654/654 656/656/656
f 2362/2362/2362 656/656/656 655/655/655
f 646/646/646 2350/2350/2350 2365/2365/2365
f 646/646/646 2365/2365/2365 2632/2632/2632
f 2632/2632/2632 2365/2365/2365 800/800/800
f 2632/2632/2632 800/800/800 2633/2633/2633
f 800/800/800 654/654/654 657/657/657
f 800/800/800 657/657/657 2633/2633/2633
f 648/648/648 646/646/646 2632/2632/2632
f 648/648/648 2632/2632/2632 2634/2634/2634
f 2635/2635/2635 657/657/657 653/653/653
f 2635/2635/2635 653/653/653 2364/2364/2364
f 2634/2634/2634 2632/2632/2632 2633/2633/2633
f 2634/2634/2634 2633/2633/2633 2636/2636/2636
f 2636/2636/2636 2633/2633/2633 657/657/657
f 2636/2636/2636 657/657/657 2635/2635/2635
f 2364/2364/2364 423/423/423 2637/2637/2637
f 2364/2364/2364 2637/2637/2637 2635/2635/2635
f 2627/2627/2627 648/648/648 2634/2634/2634
f 2627/2627/2627 2634/2634/2634 2638/2638/2638
f 2638/2638/2638 2634/2634/2634 2636/2636/2636
f 2638/2638/2638 2636/2636/2636 2639/2639/2639
f 2639/2639/2639 2636/2636/2636 2635/2635/2635
f 2639/2639/2639 2635/2635/2635 2637/2637/2637
f 805/805/805 2637/2637/2637 423/423/423
f 805/805/805 423/423/423 422/422/422
f 673/673/673 2627/2627/2627 2638/2638/2638
f 673/673/673 2638/2638/2638 2640/2640/2640
f 2640/2640/2640 2638/2638/2638 2639/2639/2639
f 2640/2640/2640 2639/2639/2639 807/807/807
f 2637/2637/2637 805/805/805 807/807/807
f 2637/2637/2637 807/807/807 2639/2639/2639
f 2236/2236/2236 387/387/387 2641/2641/2641
f 2236/2236/2236 2641/2641/2641 806/806/806
f 387/387/387 386/386/386 669/669/669
f 387/387/387 669/669/669 2641/2641/2641
f 2625/2625/2625 650/650/650 652/652/652
f 2625/2625/2625 652/652/652 667/667/667
f 802/802/802 2625/2625/2625 667/667/667
f 802/802/802 667/667/667 669/669/669
f 2642/2642/2642 2643/2643/2643 2644/2644/2644
f 2642/2642/2642 2644/2644/2644 2645/2645/2645
f 2645/2645/2645 2489/2489/2489 2488/2488/2488
f 2645/2645/2645 2488/2488/2488 659/659/659
f 660/660/660 2626/2626/2626 2627/2627/2627
f 660/660/660 2627/2627/2627 673/673/673
f 659/659/659 2488/2488/2488 2498/2498/2498
f 659/659/659 2498/2498/2498 660/660/660
f 2500/2500/2500 2626/2626/2626 660/660/660
f 2500/2500/2500 660/660/660 2498/2498/2498
f 2645/2645/2645 659/659/659 658/658/658
f 2645/2645/2645 658/658/658 2642/2642/2642
f 1907/1907/1907 2646/2646/2646 2628/2628/2628
f 1907/1907/1907 2628/2628/2628 1871/1871/1871
f 2647/2647/2647 2644/2644/2644 2643/2643/2643
f 2647/2647/2647 2643/2643/2643 2648/2648/2648
f 2489/2489/2489 2645/2645/2645 2644/2644/2644
f 2489/2489/2489 2644/2644/2644 661/661/661
f 2648/2648/2648 666/666/666 665/665/665
f 2648/2648/2648 665/665/665 2647/2647/2647
f 2484/2484/2484 662/662/662 661/661/661
f 2484/2484/2484 661/661/661 664/664/664
f 664/664/664 2649/2649/2649 2279/2279/2279
f 664/664/664 2279/2279/2279 2484/2484/2484
f 1904/1904/1904 2649/2649/2649 2646/2646/2646
f 1904/1904/1904 2646/2646/2646 1907/1907/1907
f 2644/2644/2644 2647/2647/2647 665/665/665
f 2644/2644/2644 665/665/665 661/661/661
f 2650/2650/2650 807/807/807 806/806/806
f 2650/2650/2650 806/806/806 2641/2641/2641
f 651/651/651 2631/2631/2631 2651/2651/2651
f 651/651/651 2651/2651/2651 652/652/652
f 792/792/792 2650/2650/2650 2641/2641/2641
f 792/792/792 2641/2641/2641 669/669/669
f 668/668/668 667/667/667 652/652/652
f 668/668/668 652/652/652 2651/2651/2651
f 670/670/670 2652/2652/2652 666/666/666
f 670/670/670 666/666/666 2648/2648/2648
f 672/672/672 668/668/668 2651/2651/2651
f 672/672/672 2651/2651/2651 670/670/670
f 2651/2651/2651 2631/2631/2631 2652/2652/2652
f 2651/2651/2651 2652/2652/2652 670/670/670
f 2648/2648/2648 2643/2643/2643 671/671/671
f 2648/2648/2648 671/671/671 670/670/670
f 672/672/672 671/671/671 2653/2653/2653
f 672/672/672 2653/2653/2653 2654/2654/2654
f 2654/2654/2654 792/792/792 668/668/668
f 2654/2654/2654 668/668/668 672/672/672
f 2653/2653/2653 2650/2650/2650 792/792/792
f 2653/2653/2653 792/792/792 2654/2654/2654
f 675/675/675 2640/2640/2640 807/807/807
f 675/675/675 807/807/807 2650/2650/2650
f 2640/2640/2640 675/675/675 674/674/674
f 2640/2640/2640 674/674/674 673/673/673
f 706/706/706 2655/2655/2655 2642/2642/2642
f 706/706/706 2642/2642/2642 658/658/658
f 676/676/676 707/707/707 2655/2655/2655
f 676/676/676 2655/2655/2655 706/706/706
f 2655/2655/2655 671/671/671 2643/2643/2643
f 2655/2655/2655 2643/2643/2643 2642/2642/2642
f 2653/2653/2653 671/671/671 2655/2655/2655
f 2653/2653/2653 2655/2655/2655 707/707/707
f 675/675/675 2650/2650/2650 2653/2653/2653
f 675/675/675 2653/2653/2653 707/707/707
f 678/678/678 1685/1685/1685 1679/1679/1679
f 678/678/678 1679/1679/1679 1677/1677/1677
f 2226/2226/2226 785/785/785 786/786/786
f 2226/2226/2226 786/786/786 1680/1680/1680
f 1685/1685/1685 678/678/678 677/677/677
f 1685/1685/1685 677/677/677 302/302/302
f 1680/1680/1680 786/786/786 679/679/679
f 1680/1680/1680 679/679/679 678/678/678
f 683/683/683 301/301/301 302/302/302
f 683/683/683 302/302/302 677/677/677
f 2656/2656/2656 679/679/679 786/786/786
f 2656/2656/2656 786/786/786 784/784/784
f 677/677/677 679/679/679 2656/2656/2656
f 677/677/677 2656/2656/2656 683/683/683
f 632/632/632 685/685/685 681/681/681
f 632/632/632 681/681/681 625/625/625
f 784/784/784 685/685/685 2657/2657/2657
f 784/784/784 2657/2657/2657 2656/2656/2656
f 683/683/683 2656/2656/2656 2657/2657/2657
f 683/683/683 2657/2657/2657 682/682/682
f 687/687/687 323/323/323 769/769/769
f 687/687/687 769/769/769 682/682/682
f 632/632/632 631/631/631 633/633/633
f 632/632/632 633/633/633 684/684/684
f 2658/2658/2658 687/687/687 682/682/682
f 2658/2658/2658 682/682/682 2657/2657/2657
f 2657/2657/2657 685/685/685 684/684/684
f 2657/2657/2657 684/684/684 2658/2658/2658
f 633/633/633 634/634/634 2367/2367/2367
f 633/633/633 2367/2367/2367 688/688/688
f 798/798/798 432/432/432 436/436/436
f 798/798/798 436/436/436 691/691/691
f 691/691/691 688/688/688 2367/2367/2367
f 691/691/691 2367/2367/2367 798/798/798
f 1770/1770/1770 1769/1769/1769 1805/1805/1805
f 1770/1770/1770 1805/1805/1805 689/689/689
f 689/689/689 1805/1805/1805 770/770/770
f 689/689/689 770/770/770 686/686/686
f 436/436/436 1770/1770/1770 689/689/689
f 436/436/436 689/689/689 691/691/691
f 2658/2658/2658 684/684/684 688/688/688
f 2658/2658/2658 688/688/688 690/690/690
f 687/687/687 2658/2658/2658 690/690/690
f 687/687/687 690/690/690 686/686/686
f 1844/1844/1844 1841/1841/1841 1840/1840/1840
f 1844/1844/1844 1840/1840/1840 1842/1842/1842
f 694/694/694 1841/1841/1841 1844/1844/1844
f 694/694/694 1844/1844/1844 2199/2199/2199
f 1578/1578/1578 1581/1581/1581 520/520/520
f 1578/1578/1578 520/520/520 519/519/519
f 335/335/335 702/702/702 2564/2564/2564
f 335/335/335 2564/2564/2564 2565/2565/2565
f 2568/2568/2568 2570/2570/2570 698/698/698
f 2568/2568/2568 698/698/698 336/336/336
f 699/699/699 698/698/698 2570/2570/2570
f 699/699/699 2570/2570/2570 2562/2562/2562
f 336/336/336 335/335/335 2565/2565/2565
f 336/336/336 2565/2565/2565 2568/2568/2568
f 2563/2563/2563 332/332/332 331/331/331
f 2563/2563/2563 331/331/331 2029/2029/2029
f 2564/2564/2564 2563/2563/2563 767/767/767
f 2564/2564/2564 767/767/767 2571/2571/2571
f 703/703/703 705/705/705 508/508/508
f 703/703/703 508/508/508 507/507/507
f 1918/1918/1918 1917/1917/1917 1916/1916/1916
f 1918/1918/1918 1916/1916/1916 1915/1915/1915
f 1921/1921/1921 1917/1917/1917 1920/1920/1920
f 1921/1921/1921 1920/1920/1920 1931/1931/1931
f 1935/1935/1935 1923/1923/1923 1926/1926/1926
f 1935/1935/1935 1926/1926/1926 1936/1936/1936
f 1923/1923/1923 1935/1935/1935 2262/2262/2262
f 1923/1923/1923 2262/2262/2262 2277/2277/2277
f 1921/1921/1921 1926/1926/1926 1925/1925/1925
f 1921/1921/1921 1925/1925/1925 1922/1922/1922
f 2503/2503/2503 483/483/483 2506/2506/2506
f 2503/2503/2503 2506/2506/2506 2261/2261/2261
f 483/483/483 2503/2503/2503 481/481/481
f 483/483/483 481/481/481 484/484/484
f 484/484/484 485/485/485 2505/2505/2505
f 484/484/484 2505/2505/2505 482/482/482
f 2035/2035/2035 2036/2036/2036 2039/2039/2039
f 2035/2035/2035 2039/2039/2039 2034/2034/2034
f 2034/2034/2034 2039/2039/2039 2127/2127/2127
f 2034/2034/2034 2127/2127/2127 2129/2129/2129
f 2127/2127/2127 2125/2125/2125 2126/2126/2126
f 2127/2127/2127 2126/2126/2126 2396/2396/2396
f 2618/2618/2618 2619/2619/2619 2395/2395/2395
f 2618/2618/2618 2395/2395/2395 2396/2396/2396
f 2619/2619/2619 2618/2618/2618 2616/2616/2616
f 2619/2619/2619 2616/2616/2616 602/602/602
f 296/296/296 295/295/295 301/301/301
f 296/296/296 301/301/301 1686/1686/1686
f 1583/1583/1583 1842/1842/1842 1581/1581/1581
f 1583/1583/1583 1581/1581/1581 1580/1580/1580
f 1579/1579/1579 507/507/507 509/509/509
f 1579/1579/1579 509/509/509 1580/1580/1580
f 1835/1835/1835 1834/1834/1834 1586/1586/1586
f 1835/1835/1835 1586/1586/1586 1585/1585/1585
f 1696/1696/1696 1695/1695/1695 1694/1694/1694
f 1696/1696/1696 1694/1694/1694 1697/1697/1697
f 1994/1994/1994 1998/1998/1998 1722/1722/1722
f 1994/1994/1994 1722/1722/1722 1721/1721/1721
f 1834/1834/1834 1994/1994/1994 1721/1721/1721
f 1834/1834/1834 1721/1721/1721 1586/1586/1586
f 1697/1697/1697 1694/1694/1694 1728/1728/1728
f 1697/1697/1697 1728/1728/1728 1729/1729/1729
f 2002/2002/2002 1730/1730/1730 1729/1729/1729
f 2002/2002/2002 1729/1729/1729 1732/1732/1732
f 2014/2014/2014 2013/2013/2013 1830/1830/1830
f 2014/2014/2014 1830/1830/1830 1829/1829/1829
f 2530/2530/2530 2527/2527/2527 2554/2554/2554
f 2530/2530/2530 2554/2554/2554 2531/2531/2531
f 2530/2530/2530 2529/2529/2529 1695/1695/1695
f 2530/2530/2530 1695/1695/1695 1696/1696/1696
f 2536/2536/2536 2535/2535/2535 2548/2548/2548
f 2536/2536/2536 2548/2548/2548 2547/2547/2547
f 2551/2551/2551 2014/2014/2014 1829/1829/1829
f 2551/2551/2551 1829/1829/1829 760/760/760
f 762/762/762 761/761/761 2536/2536/2536
f 762/762/762 2536/2536/2536 2547/2547/2547
f 1830/1830/1830 2013/2013/2013 2558/2558/2558
f 1830/1830/1830 2558/2558/2558 2556/2556/2556
f 765/765/765 764/764/764 1574/1574/1574
f 765/765/765 1574/1574/1574 2556/2556/2556
f 767/767/767 1582/1582/1582 509/509/509
f 767/767/767 509/509/509 508/508/508
f 2566/2566/2566 2571/2571/2571 704/704/704
f 2566/2566/2566 704/704/704 512/512/512
f 766/766/766 510/510/510 764/764/764
f 766/766/766 764/764/764 763/763/763
f 2566/2566/2566 512/512/512 511/511/511
f 2566/2566/2566 511/511/511 2567/2567/2567
f 1837/1837/1837 1835/1835/1835 1585/1585/1585
f 1837/1837/1837 1585/1585/1585 521/521/521
f 1840/1840/1840 1837/1837/1837 521/521/521
f 1840/1840/1840 521/521/521 520/520/520
f 2003/2003/2003 2002/2002/2002 1732/1732/1732
f 2003/2003/2003 1732/1732/1732 2581/2581/2581
f 1997/1997/1997 2003/2003/2003 2581/2581/2581
f 1997/1997/1997 2581/2581/2581 2582/2582/2582
f 2582/2582/2582 549/549/549 1719/1719/1719
f 2582/2582/2582 1719/1719/1719 1722/1722/1722
f 1581/1581/1581 1842/1842/1842 1840/1840/1840
f 1581/1581/1581 1840/1840/1840 520/520/520
f 767/767/767 705/705/705 704/704/704
f 767/767/767 704/704/704 2571/2571/2571
f 2234/2234/2234 643/643/643 2239/2239/2239
f 2234/2234/2234 2239/2239/2239 2235/2235/2235
f 2237/2237/2237 1876/1876/1876 1874/1874/1874
f 2237/2237/2237 1874/1874/1874 2238/2238/2238
f 2235/2235/2235 2239/2239/2239 390/390/390
f 2235/2235/2235 390/390/390 2238/2238/2238
f 2243/2243/2243 2242/2242/2242 2246/2246/2246
f 2243/2243/2243 2246/2246/2246 2244/2244/2244
f 2243/2243/2243 1888/1888/1888 1886/1886/1886
f 2243/2243/2243 1886/1886/1886 2247/2247/2247
f 2247/2247/2247 1886/1886/1886 1876/1876/1876
f 2247/2247/2247 1876/1876/1876 2237/2237/2237
f 2249/2249/2249 1944/1944/1944 1957/1957/1957
f 2249/2249/2249 1957/1957/1957 2250/2250/2250
f 2252/2252/2252 2253/2253/2253 2251/2251/2251
f 2252/2252/2252 2251/2251/2251 2250/2250/2250
f 2256/2256/2256 2258/2258/2258 2260/2260/2260
f 2256/2256/2256 2260/2260/2260 2259/2259/2259
f 2249/2249/2249 2248/2248/2248 2256/2256/2256
f 2249/2249/2249 2256/2256/2256 2259/2259/2259
f 1935/1935/1935 1934/1934/1934 2260/2260/2260
f 1935/1935/1935 2260/2260/2260 2262/2262/2262
f 1927/1927/1927 1924/1924/1924 2276/2276/2276
f 1927/1927/1927 2276/2276/2276 2275/2275/2275
f 2506/2506/2506 2273/2273/2273 2276/2276/2276
f 2506/2506/2506 2276/2276/2276 2277/2277/2277
f 2275/2275/2275 2274/2274/2274 2483/2483/2483
f 2275/2275/2275 2483/2483/2483 2278/2278/2278
f 2278/2278/2278 2483/2483/2483 2484/2484/2484
f 2278/2278/2278 2484/2484/2484 2279/2279/2279
f 2624/2624/2624 644/644/644 643/643/643
f 2624/2624/2624 643/643/643 2234/2234/2234
f 2628/2628/2628 2652/2652/2652 2631/2631/2631
f 2628/2628/2628 2631/2631/2631 2629/2629/2629
f 2630/2630/2630 1861/1861/1861 1867/1867/1867
f 2630/2630/2630 1867/1867/1867 2629/2629/2629
f 2630/2630/2630 651/651/651 644/644/644
f 2630/2630/2630 644/644/644 2624/2624/2624
f 2646/2646/2646 666/666/666 2652/2652/2652
f 2646/2646/2646 2652/2652/2652 2628/2628/2628
f 1904/1904/1904 1903/1903/1903 2279/2279/2279
f 1904/1904/1904 2279/2279/2279 2649/2649/2649
f 2649/2649/2649 664/664/664 666/666/666
f 2649/2649/2649 666/666/666 2646/2646/2646
f 2261/2261/2261 2506/2506/2506 2277/2277/2277
f 2261/2261/2261 2277/2277/2277 2262/2262/2262
f 2508/2508/2508 2509/2509/2509 2518/2518/2518
f 2508/2508/2508 2518/2518/2518 2517/2517/2517
f 2509/2509/2509 2510/2510/2510 2522/2522/2522
f 2509/2509/2509 2522/2522/2522 2518/2518/2518
f 2522/2522/2522 2510/2510/2510 768/768/768
f 2522/2522/2522 768/768/768 487/487/487
f 2526/2526/2526 2513/2513/2513 2507/2507/2507
f 2526/2526/2526 2507/2507/2507 2525/2525/2525
f 2476/2476/2476 2508/2508/2508 2517/2517/2517
f 2476/2476/2476 2517/2517/2517 2525/2525/2525
f 1827/1827/1827 1826/1826/1826 314/314/314
f 1827/1827/1827 314/314/314 316/316/316
f 1826/1826/1826 1825/1825/1825 783/783/783
f 1826/1826/1826 783/783/783 314/314/314
f 681/681/681 784/784/784 786/786/786
f 681/681/681 786/786/786 680/680/680
f 2228/2228/2228 680/680/680 785/785/785
f 2228/2228/2228 785/785/785 2231/2231/2231
f 2229/2229/2229 2228/2228/2228 2231/2231/2231
f 2229/2229/2229 2231/2231/2231 2233/2233/2233
f 2363/2363/2363 2229/2229/2229 2233/2233/2233
f 2363/2363/2363 2233/2233/2233 428/428/428
f 787/787/787 2363/2363/2363 428/428/428
f 787/787/787 428/428/428 427/427/427
f 468/468/468 475/475/475 788/788/788
f 468/468/468 788/788/788 469/469/469
f 2446/2446/2446 469/469/469 444/444/444
f 2446/2446/2446 444/444/444 443/443/443
f 444/444/444 788/788/788 383/383/383
f 444/444/444 383/383/383 382/382/382
f 474/474/474 789/789/789 383/383/383
f 474/474/474 383/383/383 475/475/475
f 656/656/656 800/800/800 2365/2365/2365
f 656/656/656 2365/2365/2365 411/411/411
f 803/803/803 638/638/638 642/642/642
f 803/803/803 642/642/642 641/641/641
f 641/641/641 642/642/642 802/802/802
f 641/641/641 802/802/802 386/386/386
f 416/416/416 421/421/421 804/804/804
f 416/416/416 804/804/804 417/417/417
f 804/804/804 421/421/421 418/418/418
f 804/804/804 418/418/418 420/420/420
f 2236/2236/2236 422/422/422 418/418/418
f 2236/2236/2236 418/418/418 389/389/389
f 422/422/422 2236/2236/2236 806/806/806
f 422/422/422 806/806/806 805/805/805
f 624/624/624 680/680/680 2228/2228/2228
f 624/624/624 2228/2228/2228 622/622/622
f 536/536/536 1707/1707/1707 542/542/542
f 536/536/536 542/542/542 537/537/537
f 1707/1707/1707 775/775/775 527/527/527
f 1707/1707/1707 527/527/527 542/542/542
f 808/808/808 526/526/526 525/525/525
f 808/808/808 525/525/525 524/524/524
f 527/527/527 775/775/775 776/776/776
f 527/527/527 776/776/776 525/525/525
f 776/776/776 2580/2580/2580 522/522/522
f 776/776/776 522/522/522 524/524/524
f 1566/1566/1566 280/280/280 279/279/279
f 1566/1566/1566 279/279/279 278/278/278
f 1566/1566/1566 559/559/559 558/558/558
f 1566/1566/1566 558/558/558 280/280/280
f 557/557/557 2586/2586/2586 2585/2585/2585
f 557/557/557 2585/2585/2585 558/558/558
f 818/818/818 824/824/824 815/815/815
f 818/818/818 815/815/815 817/817/817
f 826/826/826 828/828/828 835/835/835
f 826/826/826 835/835/835 2659/2659/2659
f 856/856/856 2660/2660/2660 2661/2661/2661
f 856/856/856 2661/2661/2661 828/828/828
f 824/824/824 829/829/829 2661/2661/2661
f 824/824/824 2661/2661/2661 815/815/815
f 815/815/815 2661/2661/2661 2660/2660/2660
f 815/815/815 2660/2660/2660 816/816/816
f 831/831/831 828/828/828 2661/2661/2661
f 831/831/831 2661/2661/2661 829/829/829
f 832/832/832 836/836/836 2662/2662/2662
f 832/832/832 2662/2662/2662 833/833/833
f 832/832/832 834/834/834 2659/2659/2659
f 832/832/832 2659/2659/2659 835/835/835
f 830/830/830 822/822/822 836/836/836
f 830/830/830 836/836/836 831/831/831
f 835/835/835 828/828/828 831/831/831
f 835/835/835 831/831/831 836/836/836
f 2662/2662/2662 836/836/836 822/822/822
f 2662/2662/2662 822/822/822 821/821/821
f 2663/2663/2663 852/852/852 842/842/842
f 2663/2663/2663 842/842/842 2664/2664/2664
f 2665/2665/2665 843/843/843 845/845/845
f 2665/2665/2665 845/845/845 2666/2666/2666
f 2667/2667/2667 2668/2668/2668 855/855/855
f 2667/2667/2667 855/855/855 843/843/843
f 2669/2669/2669 2670/2670/2670 852/852/852
f 2669/2669/2669 852/852/852 2663/2663/2663
f 2668/2668/2668 2667/2667/2667 839/839/839
f 2668/2668/2668 839/839/839 838/838/838
f 2671/2671/2671 2670/2670/2670 2669/2669/2669
f 2671/2671/2671 2669/2669/2669 2672/2672/2672
f 853/853/853 849/849/849 851/851/851
f 853/853/853 851/851/851 2673/2673/2673
f 2666/2666/2666 846/846/846 848/848/848
f 2666/2666/2666 848/848/848 2665/2665/2665
f 850/850/850 849/849/849 2671/2671/2671
f 850/850/850 2671/2671/2671 2672/2672/2672
f 817/817/817 816/816/816 838/838/838
f 817/817/817 838/838/838 837/837/837
f 818/818/818 2674/2674/2674 2675/2675/2675
f 818/818/818 2675/2675/2675 819/819/819
f 823/823/823 2676/2676/2676 2677/2677/2677
f 823/823/823 2677/2677/2677 821/821/821
f 818/818/818 817/817/817 837/837/837
f 818/818/818 837/837/837 2674/2674/2674
f 2659/2659/2659 2666/2666/2666 845/845/845
f 2659/2659/2659 845/845/845 826/826/826
f 2660/2660/2660 856/856/856 855/855/855
f 2660/2660/2660 855/855/855 2668/2668/2668
f 855/855/855 856/856/856 827/827/827
f 855/855/855 827/827/827 844/844/844
f 816/816/816 2660/2660/2660 2668/2668/2668
f 816/816/816 2668/2668/2668 838/838/838
f 833/833/833 2662/2662/2662 2678/2678/2678
f 833/833/833 2678/2678/2678 847/847/847
f 833/833/833 847/847/847 846/846/846
f 833/833/833 846/846/846 834/834/834
f 834/834/834 846/846/846 2666/2666/2666
f 834/834/834 2666/2666/2666 2659/2659/2659
f 2662/2662/2662 821/821/821 2677/2677/2677
f 2662/2662/2662 2677/2677/2677 2678/2678/2678
f 844/844/844 827/827/827 826/826/826
f 844/844/844 826/826/826 845/845/845
f 862/862/862 859/859/859 858/858/858
f 862/862/862 858/858/858 860/860/860
f 861/861/861 864/864/864 863/863/863
f 861/861/861 863/863/863 862/862/862
f 2679/2679/2679 859/859/859 862/862/862
f 2679/2679/2679 862/862/862 863/863/863
f 875/875/875 2680/2680/2680 857/857/857
f 875/875/875 857/857/857 859/859/859
f 870/870/870 872/872/872 867/867/867
f 870/870/870 867/867/867 866/866/866
f 876/876/876 875/875/875 859/859/859
f 876/876/876 859/859/859 2679/2679/2679
f 869/869/869 2681/2681/2681 874/874/874
f 869/869/869 874/874/874 866/866/866
f 2680/2680/2680 875/875/875 874/874/874
f 2680/2680/2680 874/874/874 2681/2681/2681
f 878/878/878 877/877/877 880/880/880
f 878/878/878 880/880/880 882/882/882
f 883/883/883 2682/2682/2682 881/881/881
f 883/883/883 881/881/881 880/880/880
f 879/879/879 2683/2683/2683 2684/2684/2684
f 879/879/879 2684/2684/2684 877/877/877
f 885/885/885 888/888/888 890/890/890
f 885/885/885 890/890/890 886/886/886
f 891/891/891 2685/2685/2685 887/887/887
f 891/891/891 887/887/887 886/886/886
f 891/891/891 2684/2684/2684 2683/2683/2683
f 891/891/891 2683/2683/2683 2685/2685/2685
f 860/860/860 858/858/858 2686/2686/2686
f 860/860/860 2686/2686/2686 2687/2687/2687
f 858/858/858 857/857/857 2688/2688/2688
f 858/858/858 2688/2688/2688 2686/2686/2686
f 860/860/860 2687/2687/2687 2689/2689/2689
f 860/860/860 2689/2689/2689 861/861/861
f 861/861/861 2689/2689/2689 892/892/892
f 861/861/861 892/892/892 864/864/864
f 868/868/868 867/867/867 2690/2690/2690
f 868/868/868 2690/2690/2690 2691/2691/2691
f 868/868/868 2691/2691/2691 2692/2692/2692
f 868/868/868 2692/2692/2692 869/869/869
f 2680/2680/2680 2693/2693/2693 2688/2688/2688
f 2680/2680/2680 2688/2688/2688 857/857/857
f 867/867/867 872/872/872 2694/2694/2694
f 867/867/867 2694/2694/2694 2690/2690/2690
f 871/871/871 2695/2695/2695 2694/2694/2694
f 871/871/871 2694/2694/2694 872/872/872
f 869/869/869 2692/2692/2692 2696/2696/2696
f 869/869/869 2696/2696/2696 2681/2681/2681
f 2681/2681/2681 2696/2696/2696 2693/2693/2693
f 2681/2681/2681 2693/2693/2693 2680/2680/2680
f 933/933/933 932/932/932 937/937/937
f 933/933/933 937/937/937 939/939/939
f 907/907/907 901/901/901 902/902/902
f 907/907/907 902/902/902 2697/2697/2697
f 903/903/903 908/908/908 899/899/899
f 903/903/903 899/899/899 901/901/901
f 2698/2698/2698 904/904/904 903/903/903
f 2698/2698/2698 903/903/903 906/906/906
f 2699/2699/2699 938/938/938 909/909/909
f 2699/2699/2699 909/909/909 912/912/912
f 938/938/938 937/937/937 898/898/898
f 938/938/938 898/898/898 909/909/909
f 909/909/909 910/910/910 913/913/913
f 909/909/909 913/913/913 911/911/911
f 921/921/921 2700/2700/2700 923/923/923
f 921/921/921 923/923/923 918/918/918
f 920/920/920 927/927/927 926/926/926
f 920/920/920 926/926/926 918/918/918
f 924/924/924 926/926/926 928/928/928
f 924/924/924 928/928/928 930/930/930
f 940/940/940 2701/2701/2701 2702/2702/2702
f 940/940/940 2702/2702/2702 917/917/917
f 929/929/929 915/915/915 924/924/924
f 929/929/929 924/924/924 931/931/931
f 899/899/899 2703/2703/2703 2704/2704/2704
f 899/899/899 2704/2704/2704 900/900/900
f 935/935/935 894/894/894 2697/2697/2697
f 935/935/935 2697/2697/2697 2705/2705/2705
f 902/902/902 900/900/900 2704/2704/2704
f 902/902/902 2704/2704/2704 2706/2706/2706
f 899/899/899 908/908/908 2707/2707/2707
f 899/899/899 2707/2707/2707 2703/2703/2703
f 908/908/908 905/905/905 2708/2708/2708
f 908/908/908 2708/2708/2708 2707/2707/2707
f 905/905/905 914/914/914 2709/2709/2709
f 905/905/905 2709/2709/2709 2708/2708/2708
f 897/897/897 2710/2710/2710 2711/2711/2711
f 897/897/897 2711/2711/2711 910/910/910
f 932/932/932 934/934/934 2712/2712/2712
f 932/932/932 2712/2712/2712 896/896/896
f 910/910/910 2711/2711/2711 2713/2713/2713
f 910/910/910 2713/2713/2713 913/913/913
f 914/914/914 913/913/913 2713/2713/2713
f 914/914/914 2713/2713/2713 2709/2709/2709
f 2705/2705/2705 2697/2697/2697 902/902/902
f 2705/2705/2705 902/902/902 2706/2706/2706
f 907/907/907 2697/2697/2697 894/894/894
f 907/907/907 894/894/894 893/893/893
f 907/907/907 906/906/906 903/903/903
f 907/907/907 903/903/903 901/901/901
f 2699/2699/2699 912/912/912 904/904/904
f 2699/2699/2699 904/904/904 2698/2698/2698
f 911/911/911 914/914/914 905/905/905
f 911/911/911 905/905/905 904/904/904
f 937/937/937 932/932/932 896/896/896
f 937/937/937 896/896/896 898/898/898
f 896/896/896 2712/2712/2712 2710/2710/2710
f 896/896/896 2710/2710/2710 897/897/897
f 936/936/936 915/915/915 917/917/917
f 936/936/936 917/917/917 2702/2702/2702
f 2714/2714/2714 2715/2715/2715 2716/2716/2716
f 2714/2714/2714 2716/2716/2716 2717/2717/2717
f 2714/2714/2714 2717/2717/2717 2718/2718/2718
f 2714/2714/2714 2718/2718/2718 2719/2719/2719
f 942/942/942 2720/2720/2720 2721/2721/2721
f 942/942/942 2721/2721/2721 943/943/943
f 943/943/943 2721/2721/2721 2715/2715/2715
f 943/943/943 2715/2715/2715 2714/2714/2714
f 2722/2722/2722 2719/2719/2719 2718/2718/2718
f 2722/2722/2722 2718/2718/2718 2723/2723/2723
f 2723/2723/2723 2724/2724/2724 2725/2725/2725
f 2723/2723/2723 2725/2725/2725 2722/2722/2722
f 2726/2726/2726 2727/2727/2727 2728/2728/2728
f 2726/2726/2726 2728/2728/2728 2729/2729/2729
f 2730/2730/2730 2731/2731/2731 2727/2727/2727
f 2730/2730/2730 2727/2727/2727 2726/2726/2726
f 982/982/982 981/981/981 2731/2731/2731
f 982/982/982 2731/2731/2731 2730/2730/2730
f 2732/2732/2732 981/981/981 945/945/945
f 2732/2732/2732 945/945/945 944/944/944
f 2722/2722/2722 2725/2725/2725 2733/2733/2733
f 2722/2722/2722 2733/2733/2733 2734/2734/2734
f 2732/2732/2732 944/944/944 947/947/947
f 2732/2732/2732 947/947/947 954/954/954
f 2719/2719/2719 2722/2722/2722 2734/2734/2734
f 2719/2719/2719 2734/2734/2734 952/952/952
f 2714/2714/2714 2719/2719/2719 952/952/952
f 2714/2714/2714 952/952/952 943/943/943
f 941/941/941 943/943/943 952/952/952
f 941/941/941 952/952/952 951/951/951
f 2733/2733/2733 2732/2732/2732 954/954/954
f 2733/2733/2733 954/954/954 2734/2734/2734
f 950/950/950 952/952/952 2734/2734/2734
f 950/950/950 2734/2734/2734 954/954/954
f 958/958/958 2720/2720/2720 942/942/942
f 958/958/958 942/942/942 959/959/959
f 2735/2735/2735 959/959/959 942/942/942
f 2735/2735/2735 942/942/942 941/941/941
f 2736/2736/2736 957/957/957 959/959/959
f 2736/2736/2736 959/959/959 2735/2735/2735
f 2735/2735/2735 941/941/941 951/951/951
f 2735/2735/2735 951/951/951 2737/2737/2737
f 2738/2738/2738 2736/2736/2736 2735/2735/2735
f 2738/2738/2738 2735/2735/2735 2737/2737/2737
f 2737/2737/2737 951/951/951 950/950/950
f 2737/2737/2737 950/950/950 2739/2739/2739
f 2740/2740/2740 2738/2738/2738 2737/2737/2737
f 2740/2740/2740 2737/2737/2737 2739/2739/2739
f 2739/2739/2739 950/950/950 953/953/953
f 2739/2739/2739 953/953/953 2741/2741/2741
f 2742/2742/2742 2740/2740/2740 2739/2739/2739
f 2742/2742/2742 2739/2739/2739 2741/2741/2741
f 953/953/953 955/955/955 960/960/960
f 953/953/953 960/960/960 2741/2741/2741
f 955/955/955 947/947/947 956/956/956
f 955/955/955 956/956/956 960/960/960
f 961/961/961 2742/2742/2742 2741/2741/2741
f 961/961/961 2741/2741/2741 960/960/960
f 2743/2743/2743 2744/2744/2744 2716/2716/2716
f 2743/2743/2743 2716/2716/2716 2715/2715/2715
f 2745/2745/2745 2746/2746/2746 2721/2721/2721
f 2745/2745/2745 2721/2721/2721 2720/2720/2720
f 2746/2746/2746 2743/2743/2743 2715/2715/2715
f 2746/2746/2746 2715/2715/2715 2721/2721/2721
f 2747/2747/2747 2726/2726/2726 2729/2729/2729
f 2747/2747/2747 2729/2729/2729 2748/2748/2748
f 2747/2747/2747 2749/2749/2749 2730/2730/2730
f 2747/2747/2747 2730/2730/2730 2726/2726/2726
f 2750/2750/2750 946/946/946 945/945/945
f 2750/2750/2750 945/945/945 2751/2751/2751
f 2752/2752/2752 949/949/949 948/948/948
f 2752/2752/2752 948/948/948 2753/2753/2753
f 2749/2749/2749 2754/2754/2754 982/982/982
f 2749/2749/2749 982/982/982 2730/2730/2730
f 2751/2751/2751 945/945/945 982/982/982
f 2751/2751/2751 982/982/982 2754/2754/2754
f 2752/2752/2752 2755/2755/2755 956/956/956
f 2752/2752/2752 956/956/956 949/949/949
f 2756/2756/2756 2745/2745/2745 2720/2720/2720
f 2756/2756/2756 2720/2720/2720 958/958/958
f 2757/2757/2757 2756/2756/2756 958/958/958
f 2757/2757/2757 958/958/958 957/957/957
f 2758/2758/2758 2757/2757/2757 957/957/957
f 2758/2758/2758 957/957/957 2736/2736/2736
f 2759/2759/2759 2758/2758/2758 2736/2736/2736
f 2759/2759/2759 2736/2736/2736 2738/2738/2738
f 2760/2760/2760 2759/2759/2759 2738/2738/2738
f 2760/2760/2760 2738/2738/2738 2740/2740/2740
f 2760/2760/2760 2740/2740/2740 2742/2742/2742
f 2760/2760/2760 2742/2742/2742 2761/2761/2761
f 2761/2761/2761 2742/2742/2742 961/961/961
f 2761/2761/2761 961/961/961 2762/2762/2762
f 2755/2755/2755 2762/2762/2762 961/961/961
f 2755/2755/2755 961/961/961 956/956/956
f 2753/2753/2753 948/948/948 946/946/946
f 2753/2753/2753 946/946/946 2750/2750/2750
f 946/946/946 948/948/948 947/947/947
f 946/946/946 947/947/947 944/944/944
f 2763/2763/2763 2764/2764/2764 2765/2765/2765
f 2763/2763/2763 2765/2765/2765 2766/2766/2766
f 964/964/964 963/963/963 2767/2767/2767
f 964/964/964 2767/2767/2767 2768/2768/2768
f 963/963/963 2766/2766/2766 2765/2765/2765
f 963/963/963 2765/2765/2765 2767/2767/2767
f 2769/2769/2769 2770/2770/2770 2771/2771/2771
f 2769/2769/2769 2771/2771/2771 2772/2772/2772
f 983/983/983 2769/2769/2769 2772/2772/2772
f 983/983/983 2772/2772/2772 984/984/984
f 2773/2773/2773 965/965/965 967/967/967
f 2773/2773/2773 967/967/967 984/984/984
f 2773/2773/2773 972/972/972 968/968/968
f 2773/2773/2773 968/968/968 965/965/965
f 978/978/978 977/977/977 964/964/964
f 978/978/978 964/964/964 2768/2768/2768
f 2774/2774/2774 962/962/962 964/964/964
f 2774/2774/2774 964/964/964 977/977/977
f 977/977/977 976/976/976 2775/2775/2775
f 977/977/977 2775/2775/2775 2774/2774/2774
f 2776/2776/2776 2777/2777/2777 962/962/962
f 2776/2776/2776 962/962/962 2774/2774/2774
f 2778/2778/2778 2776/2776/2776 2774/2774/2774
f 2778/2778/2778 2774/2774/2774 2775/2775/2775
f 2779/2779/2779 973/973/973 2777/2777/2777
f 2779/2779/2779 2777/2777/2777 2776/2776/2776
f 2780/2780/2780 2779/2779/2779 2776/2776/2776
f 2780/2780/2780 2776/2776/2776 2778/2778/2778
f 2779/2779/2779 2781/2781/2781 971/971/971
f 2779/2779/2779 971/971/971 973/973/973
f 2782/2782/2782 2781/2781/2781 2779/2779/2779
f 2782/2782/2782 2779/2779/2779 2780/2780/2780
f 971/971/971 2781/2781/2781 979/979/979
f 971/971/971 979/979/979 974/974/974
f 974/974/974 979/979/979 975/975/975
f 974/974/974 975/975/975 968/968/968
f 980/980/980 979/979/979 2781/2781/2781
f 980/980/980 2781/2781/2781 2782/2782/2782
f 966/966/966 965/965/965 968/968/968
f 966/966/966 968/968/968 970/970/970
f 2725/2725/2725 2724/2724/2724 2728/2728/2728
f 2725/2725/2725 2728/2728/2728 2727/2727/2727
f 2731/2731/2731 2733/2733/2733 2725/2725/2725
f 2731/2731/2731 2725/2725/2725 2727/2727/2727
f 2732/2732/2732 2733/2733/2733 2731/2731/2731
f 2732/2732/2732 2731/2731/2731 981/981/981
f 2783/2783/2783 2784/2784/2784 2772/2772/2772
f 2783/2783/2783 2772/2772/2772 2771/2771/2771
f 2772/2772/2772 2784/2784/2784 2773/2773/2773
f 2772/2772/2772 2773/2773/2773 984/984/984
