# Blender 5.1.1
# www.blender.org
mtllib B_RightLegDog.mtl
o 13463_Australian_Cattle_Dog_v3.005
v 1.988900 -10.581599 5.401301
v 1.773100 -10.654799 5.361102
v 2.320600 -10.957500 5.248302
v 2.274000 -10.846099 5.249701
v 2.209700 -10.740199 5.264001
v 2.122100 -10.648599 5.303201
v 2.163200 -9.409399 6.805001
v 2.265500 -9.390599 6.628602
v 2.187300 -9.640999 6.526102
v 2.095000 -9.645000 6.723701
v 2.372000 -9.391399 6.476401
v 2.280000 -9.659499 6.348802
v 2.166700 -9.922499 6.220101
v 2.089700 -9.887299 6.427601
v 2.009200 -9.876399 6.648401
v 2.634100 -9.489799 6.258001
v 2.463500 -9.814499 6.070302
v 2.376500 -9.706699 6.197802
v 2.487900 -9.417299 6.352302
v 2.312700 -10.092399 5.877902
v 2.241500 -9.987999 6.032201
v 1.935000 -10.448299 5.729802
v 2.096200 -10.244199 5.862301
v 2.161200 -10.346899 5.665902
v 1.885400 -10.362899 6.012301
v 2.035700 -10.163399 6.101401
v 1.776500 -10.276199 6.537901
v 1.903700 -10.090999 6.584601
v 1.972000 -10.114299 6.342402
v 1.833200 -10.306799 6.280101
v 1.752300 -10.573399 5.676901
v 1.550600 -10.641199 5.674501
v 1.523700 -10.589899 5.968202
v 1.714600 -10.501499 5.972801
v 1.451700 -10.523899 6.506601
v 1.490400 -10.548899 6.244202
v 1.672700 -10.449899 6.250102
v 1.625700 -10.419299 6.513901
v 2.786500 -10.644300 5.916301
v 2.651700 -10.711699 5.781002
v 2.618400 -10.493599 5.821702
v 2.758800 -10.394699 5.963801
v 2.525700 -10.791299 5.625301
v 2.487100 -10.610399 5.655201
v 2.438100 -10.423699 5.700501
v 2.576600 -10.258199 5.879601
v 2.724000 -10.118899 6.029701
v 2.370500 -10.732199 5.464501
v 2.413600 -10.875699 5.448102
v 2.312900 -10.590199 5.495701
v 2.238300 -10.462099 5.553301
v 2.379100 -10.244299 5.771001
v 2.683700 -9.823699 6.120401
v 2.527600 -10.015099 5.963302
v 2.833300 -11.387999 5.804302
v 2.710800 -11.377399 5.676002
v 2.702000 -11.228899 5.699602
v 2.827100 -11.224799 5.828402
v 2.599600 -11.373799 5.543502
v 2.587000 -11.239599 5.562102
v 2.572600 -11.100999 5.580602
v 2.690900 -11.072699 5.723002
v 2.818600 -11.051600 5.852501
v 2.425000 -11.389399 5.255002
v 2.403600 -11.279399 5.250802
v 2.486300 -11.256599 5.413302
v 2.503100 -11.377699 5.404102
v 2.381600 -11.172099 5.248502
v 2.468000 -11.134699 5.423202
v 2.445000 -11.008799 5.434502
v 2.355200 -11.065499 5.247802
v 2.553100 -10.953199 5.601101
v 2.805800 -10.860600 5.880501
v 2.675000 -10.902499 5.749102
v 2.735700 -11.806999 5.584802
v 2.849200 -11.855799 5.709802
v 2.639400 -11.764899 5.473302
v 2.626900 -11.640099 5.499902
v 2.728500 -11.668999 5.618802
v 2.844700 -11.705599 5.744502
v 2.506900 -11.719299 5.282302
v 2.563000 -11.732199 5.374402
v 2.476800 -11.616699 5.270802
v 2.542300 -11.621199 5.385102
v 2.522100 -11.501099 5.394902
v 2.449400 -11.504299 5.261702
v 2.613200 -11.508499 5.523002
v 2.839300 -11.548999 5.776102
v 2.719900 -11.524999 5.649102
v 3.390900 -11.473199 6.495102
v 3.243400 -11.449699 6.257502
v 3.237600 -11.248899 6.263102
v 3.384500 -11.264099 6.494502
v 3.100600 -11.426199 6.075902
v 3.095400 -11.236300 6.089002
v 3.088900 -11.034599 6.103002
v 3.231000 -11.036499 6.270102
v 3.377500 -11.043899 6.496001
v 2.958400 -11.227699 5.951202
v 2.963600 -11.404899 5.931202
v 2.951400 -11.039199 5.971501
v 2.925100 -10.596499 6.032001
v 2.940800 -10.831399 5.996902
v 3.067000 -10.566099 6.154501
v 3.079800 -10.813699 6.123101
v 3.359800 -10.548399 6.524702
v 3.369500 -10.807099 6.504501
v 3.222800 -10.805999 6.284001
v 3.212000 -10.550799 6.310001
v 3.260800 -12.015099 6.222602
v 3.409200 -12.060599 6.482302
v 3.115500 -11.963399 6.015902
v 3.110700 -11.791399 6.038302
v 3.255000 -11.834199 6.236302
v 3.403200 -11.872899 6.488202
v 2.977100 -11.909199 5.849202
v 2.973100 -11.747399 5.879402
v 2.968500 -11.578799 5.907002
v 3.105700 -11.611799 6.058702
v 3.397200 -11.676699 6.492702
v 3.249200 -11.645299 6.248302
v 2.834300 -9.408899 6.332901
v 2.847600 -9.719399 6.232902
v 3.004300 -9.371799 6.422101
v 3.012500 -9.672899 6.338902
v 3.029700 -9.982199 6.264401
v 2.875800 -10.030799 6.147801
v 3.321300 -9.369199 6.736802
v 3.326900 -9.659599 6.671502
v 3.171600 -9.654899 6.476902
v 3.165500 -9.359999 6.549901
v 3.336600 -9.961599 6.611901
v 3.183400 -9.961099 6.410101
v 3.197900 -10.264499 6.353201
v 3.348200 -10.262199 6.561801
v 3.049100 -10.284399 6.202302
v 2.902500 -10.326399 6.081602
v 3.846600 -9.514499 8.141002
v 3.848200 -9.788799 8.115602
v 3.749500 -9.751299 7.683901
v 3.746200 -9.473599 7.719602
v 3.854900 -10.069299 8.096702
v 3.757000 -10.036399 7.654701
v 3.632200 -10.004099 7.249601
v 3.624200 -9.713399 7.289601
v 3.619800 -9.431799 7.335802
v 3.875800 -10.618899 8.074801
v 3.778200 -10.594399 7.616501
v 3.767200 -10.320299 7.632102
v 3.864800 -10.348499 8.083402
v 3.653000 -10.572699 7.194401
v 3.642200 -10.293899 7.217301
v 3.499500 -10.273299 6.855201
v 3.510200 -10.556499 6.825001
v 3.489100 -9.977599 6.896902
v 3.475500 -9.395099 7.003501
v 3.480600 -9.680999 6.947201
v 3.885800 -10.873199 8.069901
v 3.788500 -10.850199 7.607902
v 3.894100 -11.113599 8.068102
v 3.797600 -11.090699 7.604802
v 3.671900 -11.071299 7.178402
v 3.663000 -10.830599 7.182402
v 3.902000 -11.562999 8.070702
v 3.809300 -11.538099 7.608102
v 3.804700 -11.318999 7.605402
v 3.899800 -11.342799 8.068501
v 3.685400 -11.515899 7.182902
v 3.679500 -11.298499 7.179502
v 3.535600 -11.280399 6.804602
v 3.542100 -11.494799 6.807702
v 3.528200 -11.055599 6.803802
v 3.519700 -10.815799 6.809201
v 3.806100 -12.151899 7.616502
v 3.885800 -12.178099 8.079902
v 3.692800 -12.125699 7.189202
v 3.691800 -11.931199 7.187802
v 3.809500 -11.956299 7.614102
v 3.894300 -11.982399 8.077202
v 3.556800 -12.096399 6.807802
v 3.552600 -11.904299 6.808902
v 3.547800 -11.703300 6.809002
v 3.689500 -11.727299 7.185702
v 3.899900 -11.776799 8.073902
v 3.810700 -11.751099 7.611102
v 2.410500 -12.193398 11.209702
v 2.203800 -12.019598 11.247002
v 1.922700 -12.166698 11.140602
v 1.839300 -11.671698 11.161102
v 1.608600 -11.826298 11.027402
v 1.760600 -11.997499 11.108402
v 2.014600 -11.845898 11.232801
v 1.346100 -11.961699 10.882302
v 1.469900 -12.130898 10.972402
v 3.118100 -12.219698 10.939301
v 2.859800 -12.146198 11.136502
v 3.368100 -12.254898 10.677702
v 3.431200 -12.059198 10.685202
v 3.213000 -12.014698 10.950602
v 2.986700 -11.936399 11.156002
v 3.739100 -12.272498 9.979702
v 3.576900 -12.271798 10.358202
v 3.774800 -12.079699 9.979502
v 3.622400 -12.079198 10.361602
v 3.836300 -11.658098 9.970201
v 3.705900 -11.657398 10.357402
v 3.666400 -11.874098 10.360602
v 3.808000 -11.874498 9.975801
v 3.541000 -11.636598 10.689301
v 3.489300 -11.853398 10.688402
v 3.155900 -11.513098 11.186502
v 3.081800 -11.727398 11.172102
v 3.290100 -11.806398 10.958902
v 3.353700 -11.590398 10.965802
v 3.849200 -12.259198 9.541002
v 3.909100 -12.236099 9.063802
v 3.929400 -12.041699 9.060802
v 3.876600 -12.065698 9.538802
v 3.920700 -12.207599 8.569502
v 3.934800 -12.012399 8.566502
v 3.952000 -11.592199 8.558202
v 3.945500 -11.806699 8.562402
v 3.958400 -11.620799 9.050602
v 3.946300 -11.836099 9.056002
v 3.900800 -11.860298 9.534002
v 3.920200 -11.644398 9.528002
v 3.857600 -11.431598 9.964602
v 3.737900 -11.429598 10.354202
v 3.873000 -11.194898 9.958902
v 3.763500 -11.191298 10.350902
v 3.621300 -11.169298 10.691602
v 3.584500 -11.408198 10.690402
v 3.890200 -10.690198 9.946702
v 3.800500 -10.685998 10.344202
v 3.784000 -10.943298 10.347602
v 3.883500 -10.947798 9.952902
v 3.679700 -10.666098 10.694901
v 3.652600 -10.921498 10.693102
v 3.369700 -10.562598 11.245802
v 3.325100 -10.809398 11.230102
v 3.497000 -10.878298 10.987802
v 3.534100 -10.626298 10.996302
v 3.275800 -11.051698 11.215202
v 3.455600 -11.124298 10.980001
v 3.408300 -11.362398 10.972802
v 3.220000 -11.286998 11.200802
v 3.933000 -11.419398 9.522202
v 3.964600 -11.397499 9.046001
v 3.965900 -11.164799 9.042002
v 3.940300 -11.184598 9.516602
v 3.953300 -11.370499 8.555102
v 3.950400 -11.139799 8.553102
v 3.935600 -10.643799 8.553002
v 3.944100 -10.898199 8.552402
v 3.957900 -10.665999 9.035102
v 3.963300 -10.921499 9.038402
v 3.943200 -10.939198 9.510901
v 3.942700 -10.682498 9.505002
v 3.939900 -10.413598 9.498802
v 3.894200 -10.421898 9.940102
v 3.950600 -10.397199 9.032001
v 3.944300 -10.121599 9.030802
v 3.938000 -10.138898 9.493602
v 3.899000 -10.148998 9.934102
v 3.925700 -10.374799 8.555202
v 3.917000 -10.098099 8.560302
v 3.913100 -9.548599 8.585602
v 3.911900 -9.820299 8.569901
v 3.947100 -9.576099 9.040401
v 3.942200 -9.845699 9.033002
v 3.924700 -9.612298 9.927502
v 3.908000 -9.877098 9.929602
v 3.940400 -9.864698 9.490902
v 3.950400 -9.597298 9.492102
v 3.814100 -10.420298 10.340802
v 3.828300 -10.150898 10.337602
v 3.728600 -10.140298 10.699502
v 3.704100 -10.404398 10.697202
v 3.871400 -9.621298 10.333402
v 3.846300 -9.882898 10.335102
v 3.790100 -9.620298 10.703002
v 3.756300 -9.877598 10.701602
v 3.540000 -9.572098 11.306502
v 3.494700 -9.816498 11.294202
v 3.638800 -9.856898 11.023202
v 3.679800 -9.605298 11.029602
v 3.452600 -10.064198 11.279202
v 3.602500 -10.112798 11.014902
v 3.568400 -10.370198 11.005602
v 3.411600 -10.313598 11.262602
v 0.986500 -10.959899 9.243902
v 1.007000 -10.899199 9.018702
v 1.034100 -10.844899 8.795002
v 1.162600 -10.682999 9.386702
v 1.177000 -10.624699 9.143502
v 1.099800 -10.767699 9.080902
v 1.082000 -10.826999 9.316002
v 1.203800 -10.572199 8.904702
v 1.127200 -10.714799 8.849002
v 1.285100 -10.479299 8.437901
v 1.203100 -10.622499 8.393502
v 1.162200 -10.666899 8.620002
v 1.240700 -10.524199 8.669802
v 1.102400 -10.749899 8.352402
v 1.066300 -10.795599 8.572802
v 1.141100 -10.706699 8.133902
v 1.182100 -10.665799 7.915502
v 1.334600 -10.436399 8.208402
v 1.247800 -10.580199 8.169302
v 1.388800 -10.395999 7.979402
v 1.296000 -10.540599 7.945501
v 1.510700 -10.325099 7.516602
v 1.402000 -10.470399 7.491302
v 1.347500 -10.503799 7.720201
v 1.447700 -10.358699 7.749402
v 1.270200 -10.591899 7.470901
v 1.225300 -10.627499 7.695101
v 1.363500 -10.533699 7.004002
v 1.408900 -10.520399 6.759602
v 1.316800 -10.559099 7.240801
v 1.577800 -10.295699 7.279202
v 1.459100 -10.440699 7.257102
v 1.646100 -10.274899 7.037201
v 1.516900 -10.419299 7.016602
v 1.573100 -10.410599 6.769102
v 1.713300 -10.266999 6.790102
v 1.017400 -11.319298 10.143102
v 0.984700 -11.203898 9.920802
v 0.971900 -11.108198 9.696402
v 1.295900 -11.031798 10.382902
v 1.225600 -10.918298 10.136402
v 1.113600 -11.068098 10.033102
v 1.165400 -11.183898 10.268502
v 1.182800 -10.825298 9.886202
v 1.085000 -10.972898 9.794402
v 1.075800 -10.893998 9.554602
v 1.163200 -10.748398 9.635302
v 0.973600 -11.028199 9.470302
v 1.674600 -11.496698 11.026102
v 1.469500 -11.652498 10.890302
v 1.525600 -11.327498 10.842002
v 1.346900 -11.482898 10.709702
v 1.152300 -11.616298 10.567202
v 1.241400 -11.787098 10.743802
v 1.244300 -11.324398 10.498202
v 1.397600 -11.170398 10.622802
v 1.075500 -11.458598 10.362702
v 2.626000 -12.014398 11.263001
v 2.770800 -11.814698 11.299702
v 2.563400 -11.663698 11.380002
v 2.411600 -11.849998 11.324302
v 2.959900 -11.399298 11.351402
v 2.877800 -11.610698 11.327902
v 2.764200 -11.258898 11.454402
v 2.676700 -11.466398 11.421202
v 2.367900 -10.938798 11.451201
v 2.278400 -11.135898 11.401102
v 2.477400 -11.304698 11.447302
v 2.567300 -11.102098 11.489602
v 2.166000 -11.324798 11.340802
v 2.362400 -11.497499 11.395102
v 2.211600 -11.678498 11.326002
v 2.022400 -11.503998 11.263202
v 3.030300 -11.177098 11.374002
v 3.091200 -10.946698 11.396102
v 2.901500 -10.818298 11.515802
v 2.838300 -11.042198 11.485702
v 3.192800 -10.470898 11.440902
v 3.144600 -10.710498 11.418302
v 3.005300 -10.358698 11.574502
v 2.956400 -10.589798 11.545202
v 2.605400 -10.101698 11.629402
v 2.558700 -10.314798 11.586702
v 2.760800 -10.455198 11.603702
v 2.808800 -10.233198 11.639702
v 2.505400 -10.526498 11.543302
v 2.706400 -10.675298 11.567202
v 2.642700 -10.891598 11.529402
v 2.442600 -10.735098 11.498402
v 3.237900 -10.230398 11.464402
v 3.281500 -9.990198 11.487502
v 3.093800 -9.896998 11.633502
v 3.050700 -10.127398 11.604402
v 3.370000 -9.516798 11.526802
v 3.325000 -9.751898 11.508702
v 3.177400 -9.443698 11.684401
v 3.135600 -9.668698 11.660602
v 2.755500 -9.262298 11.786301
v 2.722600 -9.468198 11.751801
v 2.932800 -9.572298 11.743702
v 2.970000 -9.357398 11.773001
v 2.686900 -9.677398 11.713302
v 2.894100 -9.790598 11.710902
v 2.853000 -10.011298 11.675802
v 2.647900 -9.888898 11.672002
v 1.840100 -11.330198 11.131302
v 1.972600 -11.154298 11.212802
v 1.790700 -10.991598 11.027702
v 1.671800 -11.163398 10.945702
v 2.164400 -10.778898 11.333202
v 2.078500 -10.970098 11.277702
v 1.968100 -10.627698 11.153602
v 1.887700 -10.812799 11.094802
v 1.641000 -10.371398 10.682902
v 1.573500 -10.544598 10.619902
v 1.716100 -10.669098 10.869702
v 1.789900 -10.490198 10.930802
v 1.496100 -10.712298 10.552802
v 1.629000 -10.842398 10.802202
v 1.524300 -11.009598 10.722002
v 1.404800 -10.874698 10.475702
v 2.236800 -10.581998 11.386102
v 2.298100 -10.380698 11.437201
v 2.096600 -10.242798 11.267602
v 2.037100 -10.437198 11.211102
v 2.396700 -9.971698 11.536602
v 2.350600 -10.176798 11.487102
v 2.194700 -9.847798 11.380002
v 2.148500 -10.045798 11.323802
v 1.857000 -9.637498 10.950202
v 1.809700 -9.823998 10.881502
v 1.964200 -9.926698 11.115602
v 2.010900 -9.734899 11.178302
v 1.758400 -10.009598 10.813902
v 1.912700 -10.117498 11.053602
v 1.855000 -10.305799 10.992102
v 1.702400 -10.192498 10.747702
v 2.438800 -9.766998 11.586302
v 2.476900 -9.563398 11.634302
v 2.275200 -9.453598 11.491701
v 2.236900 -9.650198 11.436802
v 2.541700 -9.162798 11.718201
v 2.511200 -9.361698 11.678901
v 2.338800 -9.064898 11.585801
v 2.309200 -9.258298 11.542201
v 2.008200 -8.897198 11.197101
v 1.977100 -9.081398 11.146801
v 2.127600 -9.163098 11.359101
v 2.157500 -8.974398 11.406401
v 1.941200 -9.266198 11.086501
v 2.092900 -9.352898 11.303201
v 2.053900 -9.543498 11.241902
v 1.901000 -9.451598 11.019701
v 1.755200 -8.725398 10.236001
v 1.738200 -8.689498 9.965801
v 1.699400 -8.844698 9.904501
v 1.717300 -8.887498 10.177801
v 1.733900 -8.649199 9.692301
v 1.694900 -8.797498 9.626801
v 1.656500 -8.951698 9.557801
v 1.659900 -9.004398 9.836401
v 1.677200 -9.052798 10.110201
v 1.773700 -8.547999 9.169901
v 1.734900 -8.685899 9.092401
v 1.706000 -8.744899 9.353401
v 1.745000 -8.602599 9.424201
v 1.698900 -8.831800 9.017901
v 1.668900 -8.894399 9.282401
v 1.631900 -9.146199 8.878501
v 1.597800 -9.212699 9.142801
v 1.633000 -9.050499 9.212001
v 1.664800 -8.985299 8.946501
v 1.580000 -9.275899 9.414301
v 1.618400 -9.111398 9.486601
v 1.591000 -9.391499 9.957501
v 1.635100 -9.220898 10.035901
v 1.619500 -9.168098 9.763401
v 1.577900 -9.335598 9.687701
v 2.450000 -7.915699 7.674801
v 2.548400 -7.825499 7.566401
v 2.524400 -7.975599 7.418602
v 2.420700 -8.060699 7.532601
v 2.646500 -7.737499 7.483801
v 2.628600 -7.893899 7.331701
v 2.607700 -8.065999 7.186202
v 2.497400 -8.138599 7.278701
v 2.388900 -8.216399 7.399201
v 2.850000 -7.588699 7.387101
v 2.843700 -7.759599 7.231401
v 2.734700 -7.820399 7.270001
v 2.746300 -7.656899 7.424801
v 2.834900 -7.951599 7.080001
v 2.720100 -8.002399 7.120401
v 2.803500 -8.381499 6.802201
v 2.678800 -8.411699 6.847402
v 2.701800 -8.200399 6.978702
v 2.822000 -8.160399 6.935802
v 2.556800 -8.453099 6.923001
v 2.583800 -8.252799 7.049302
v 2.322800 -8.564199 7.163101
v 2.355700 -8.383899 7.275601
v 2.468400 -8.314899 7.148201
v 2.437900 -8.504399 7.028401
v 2.054900 -8.252999 8.332601
v 2.149600 -8.171299 8.146301
v 2.113400 -8.309399 8.024901
v 2.017900 -8.390099 8.219601
v 2.248500 -8.088099 7.970602
v 2.213500 -8.227599 7.841601
v 2.177200 -8.375599 7.721801
v 2.076800 -8.455699 7.912501
v 1.981600 -8.535399 8.115001
v 2.316500 -8.144699 7.675501
v 2.349300 -8.003099 7.811502
v 2.281700 -8.295599 7.548801
v 2.211800 -8.630999 7.326401
v 2.246300 -8.457299 7.432101
v 2.105800 -8.702899 7.512702
v 2.141000 -8.533599 7.611901
v 1.911600 -8.854299 7.932801
v 1.946100 -8.689899 8.019301
v 2.040600 -8.611599 7.809601
v 2.005500 -8.777999 7.716702
v 1.822500 -8.483499 8.937901
v 1.784000 -8.619199 8.852401
v 1.887900 -8.411299 8.724001
v 1.849900 -8.546599 8.629501
v 1.814200 -8.690399 8.541701
v 1.748400 -8.763399 8.772001
v 1.929000 -8.469699 8.419901
v 1.966600 -8.333799 8.523701
v 1.893000 -8.613999 8.323701
v 1.824900 -8.929899 8.155601
v 1.858400 -8.767299 8.235501
v 1.747800 -9.004199 8.386401
v 1.780300 -8.842899 8.460601
v 1.714800 -8.915899 8.696801
v 1.682600 -9.076499 8.626901
v 1.901300 -8.839098 10.975301
v 1.868500 -9.018498 10.922801
v 1.828800 -8.794698 10.741001
v 1.794100 -8.968898 10.686801
v 1.755500 -9.144198 10.621201
v 1.831200 -9.198598 10.859301
v 1.746300 -8.927098 10.438501
v 1.782800 -8.758698 10.494501
v 1.706600 -9.097498 10.371701
v 1.618600 -9.443698 10.218401
v 1.664000 -9.269698 10.297201
v 1.667700 -9.497998 10.470502
v 1.713200 -9.320598 10.547901
v 1.789800 -9.379198 10.788601
v 1.744900 -9.560598 10.714402
v 2.406900 -8.707399 6.921102
v 2.291300 -8.758199 7.062701
v 2.526500 -8.665799 6.809301
v 2.488800 -8.892599 6.701302
v 2.370800 -8.923100 6.821601
v 2.257100 -8.964599 6.971501
v 2.777800 -8.610600 6.682302
v 2.650200 -8.633499 6.729102
v 2.743400 -8.858699 6.563601
v 2.612500 -8.872899 6.613202
v 2.562500 -9.136699 6.489202
v 2.698600 -9.136799 6.434102
v 2.439500 -9.135099 6.592102
v 2.215800 -9.182099 6.886601
v 2.325200 -9.151099 6.725601
v 1.696900 -9.742698 10.640402
v 1.619400 -9.676498 10.392602
v 1.568400 -9.854098 10.315502
v 1.645600 -9.923898 10.567602
v 1.544800 -9.564498 9.877702
v 1.570800 -9.619098 10.138302
v 1.496800 -9.737398 9.798302
v 1.520800 -9.794098 10.058702
v 1.397300 -10.074298 9.647802
v 1.415700 -10.133898 9.907902
v 1.469000 -9.966298 9.981302
v 1.447500 -9.908098 9.721002
v 1.459000 -10.199298 10.168901
v 1.514900 -10.028998 10.240502
v 1.590900 -10.102298 10.496502
v 1.532400 -10.276498 10.428102
v 1.534900 -9.506298 9.611102
v 1.541000 -9.444899 9.342401
v 1.500900 -9.615899 9.271702
v 1.490600 -9.677898 9.535202
v 1.599400 -9.313999 8.814101
v 1.562600 -9.380699 9.075500
v 1.566400 -9.485999 8.753002
v 1.526600 -9.551799 9.010302
v 1.495100 -9.833099 8.639002
v 1.450100 -9.893600 8.887002
v 1.489300 -9.723599 8.947402
v 1.532000 -9.659899 8.694802
v 1.417000 -9.954000 9.137602
v 1.459700 -9.786399 9.203202
v 1.445100 -9.847999 9.461302
v 1.398600 -10.014199 9.391102
v 1.651100 -9.244999 8.562301
v 1.716100 -9.174299 8.319201
v 1.683900 -9.350799 8.258001
v 1.619200 -9.418899 8.502301
v 1.878300 -9.029499 7.856001
v 1.792400 -9.102299 8.084001
v 1.844500 -9.212999 7.788002
v 1.759300 -9.282099 8.020001
v 1.768300 -9.595399 7.674001
v 1.686100 -9.653499 7.910701
v 1.724400 -9.466599 7.962502
v 1.808400 -9.402399 7.727602
v 1.613100 -9.712699 8.150602
v 1.650000 -9.531099 8.202102
v 1.585700 -9.595699 8.446301
v 1.549400 -9.772699 8.393502
v 1.972200 -8.956299 7.634501
v 2.073000 -8.884999 7.424901
v 2.039400 -9.077799 7.346901
v 1.938400 -9.143999 7.561902
v 2.179700 -8.818199 7.232401
v 2.146100 -9.017099 7.148401
v 2.059800 -9.442499 7.002001
v 2.107400 -9.225799 7.072201
v 1.957700 -9.486599 7.215402
v 2.002000 -9.278999 7.277601
v 1.901600 -9.338899 7.497602
v 1.859700 -9.538699 7.440802
v 1.470100 -10.444498 10.363002
v 1.401000 -10.363098 10.102102
v 1.337700 -10.521399 10.035602
v 1.400500 -10.607098 10.296102
v 1.346300 -10.233698 9.580502
v 1.361400 -10.294798 9.840202
v 1.292000 -10.387498 9.516302
v 1.303100 -10.449998 9.774502
v 1.238000 -10.600798 9.707402
v 1.231700 -10.536899 9.452601
v 1.266000 -10.675199 9.965102
v 1.320100 -10.764798 10.222301
v 1.597700 -10.159599 7.547401
v 1.673200 -10.126299 7.309001
v 1.667000 -9.979299 7.583901
v 1.749400 -9.939099 7.346101
v 1.836000 -9.906099 7.109601
v 1.751300 -10.101099 7.068602
v 1.810300 -9.740999 7.390202
v 1.722500 -9.789399 7.626101
v 1.903600 -9.698499 7.159001
v 1.999500 -9.665299 6.935701
v 1.923600 -9.883999 6.876401
v 1.829100 -10.087999 6.826901
v 1.509300 -9.947499 8.343102
v 1.454700 -10.002999 8.585402
v 1.572100 -9.893099 8.102502
v 1.523400 -10.069199 8.057902
v 1.462200 -10.117899 8.295402
v 1.408100 -10.168199 8.533902
v 1.643100 -9.840299 7.863502
v 1.591600 -10.022799 7.821002
v 1.527700 -10.196999 7.782901
v 1.463500 -10.237899 8.016902
v 1.352500 -10.327499 8.484802
v 1.405000 -10.281599 8.250401
v 1.351100 -10.174199 9.326002
v 1.372700 -10.116099 9.076002
v 1.324000 -10.272999 9.017202
v 1.300000 -10.328799 9.264202
v 1.408200 -10.059099 8.829402
v 1.361100 -10.219799 8.774202
v 1.306100 -10.374899 8.721102
v 1.268600 -10.424999 8.960502
v 1.242900 -10.478699 9.204002
v 3.335500 -8.383699 7.053601
v 3.331200 -8.617599 6.959201
v 3.186200 -8.600099 6.797701
v 3.195200 -8.365599 6.901601
v 3.325800 -8.855199 6.877202
v 3.176000 -8.839499 6.706801
v 3.028500 -8.836099 6.604601
v 3.045700 -8.593499 6.705301
v 3.060500 -8.358899 6.817202
v 3.168000 -9.090499 6.625401
v 3.321800 -9.103399 6.804202
v 3.012100 -9.094199 6.510501
v 2.852100 -9.116099 6.443902
v 2.883200 -8.844499 6.558901
v 2.930300 -8.364100 6.788101
v 2.909600 -8.597099 6.670601
v 4.050100 -8.648398 9.906301
v 4.028700 -8.655698 10.283501
v 3.990500 -8.891598 10.313401
v 4.020600 -8.881598 9.922801
v 3.980400 -8.646598 10.644701
v 3.931600 -8.888098 10.682301
v 3.881300 -9.129498 10.698201
v 3.948400 -9.128898 10.328001
v 3.986300 -9.117798 9.928701
v 3.781200 -8.545398 11.355601
v 3.707000 -8.840498 11.332801
v 3.840800 -8.867298 11.028601
v 3.903600 -8.615598 10.992501
v 3.646100 -9.091599 11.322201
v 3.782200 -9.116698 11.033101
v 3.728100 -9.360599 11.033201
v 3.590400 -9.332998 11.314601
v 3.832900 -9.372298 10.703501
v 3.952600 -9.360198 9.928701
v 3.907100 -9.371099 10.332901
v 3.852300 -9.253699 8.173801
v 3.922900 -9.289499 8.608801
v 3.861400 -9.004299 8.212801
v 3.936900 -9.041399 8.637300
v 3.982000 -9.073199 9.072201
v 3.962100 -9.319399 9.054501
v 3.875400 -8.531499 8.304301
v 3.960200 -8.569899 8.700601
v 3.950800 -8.802199 8.668601
v 3.870400 -8.764299 8.256801
v 4.016900 -8.603599 9.105801
v 4.001900 -8.835399 9.090301
v 4.024800 -8.862398 9.511801
v 4.046500 -8.630398 9.510701
v 3.998000 -9.098898 9.506401
v 3.971400 -9.342999 9.498501
v 3.748700 -9.211799 7.761601
v 3.620300 -9.169299 7.386501
v 3.623300 -8.921199 7.443401
v 3.754100 -8.962799 7.810001
v 3.475200 -9.131399 7.062701
v 3.477800 -8.883899 7.127602
v 3.482700 -8.412799 7.285202
v 3.481000 -8.646399 7.200902
v 3.627700 -8.449399 7.581202
v 3.626600 -8.682799 7.507802
v 3.759400 -8.723299 7.864801
v 3.761600 -8.490099 7.926002
v 2.866200 -8.472798 11.915601
v 2.841100 -8.666998 11.875601
v 3.070400 -8.736999 11.852601
v 3.094800 -8.535998 11.893101
v 2.814500 -8.862699 11.843701
v 3.040400 -8.940398 11.822501
v 3.261500 -9.005498 11.723901
v 3.298800 -8.789198 11.750701
v 3.325100 -8.575898 11.793601
v 3.006400 -9.146998 11.797601
v 2.786100 -9.060798 11.815401
v 3.220200 -9.223098 11.703601
v 3.418000 -9.286198 11.540401
v 3.467900 -9.055198 11.554801
v 3.551400 -8.585498 11.622801
v 3.518600 -8.819098 11.575500
v 2.099600 -8.047798 11.262801
v 2.077700 -8.311798 11.267101
v 2.225600 -8.391898 11.491601
v 2.256000 -8.187799 11.531201
v 2.056700 -8.521399 11.256901
v 2.204400 -8.594898 11.469201
v 2.387000 -8.683298 11.650101
v 2.410500 -8.490898 11.681201
v 2.439000 -8.298598 11.723301
v 2.182400 -8.786998 11.442001
v 2.034100 -8.713498 11.233701
v 2.363900 -8.873998 11.620101
v 2.568500 -8.967498 11.750401
v 2.593500 -8.774798 11.780601
v 2.645000 -8.393698 11.855201
v 2.618400 -8.583798 11.813801
v 1.920400 -8.088398 10.264400
v 1.870300 -8.250498 10.304801
v 1.887700 -8.256298 10.546601
v 1.934100 -8.081598 10.499301
v 1.828400 -8.409198 10.307901
v 1.849600 -8.425698 10.556401
v 1.889000 -8.446098 10.797801
v 1.922000 -8.264198 10.787101
v 1.962300 -8.074598 10.736101
v 1.815900 -8.592398 10.536401
v 1.791100 -8.566698 10.282201
v 1.859200 -8.621698 10.780201
v 1.929100 -8.660298 11.012901
v 1.954800 -8.474898 11.032201
v 2.011200 -8.065298 10.980201
v 1.980900 -8.275998 11.029801
v 2.530800 -7.391798 8.326001
v 2.613400 -7.306499 8.219501
v 2.600700 -7.433399 8.047101
v 2.515400 -7.522499 8.149701
v 2.695300 -7.228299 8.132301
v 2.685300 -7.348598 7.965401
v 2.674200 -7.470099 7.801201
v 2.586000 -7.559099 7.880701
v 2.497000 -7.650599 7.982701
v 2.870100 -7.099799 8.011001
v 2.864800 -7.204999 7.856501
v 2.772300 -7.271298 7.902501
v 2.779800 -7.158898 8.063101
v 2.860100 -7.317499 7.700501
v 2.764600 -7.388099 7.742001
v 2.756100 -7.514699 7.582501
v 2.855300 -7.443399 7.543701
v 2.661500 -7.597999 7.640501
v 2.475300 -7.780299 7.824701
v 2.568700 -7.688199 7.720401
v 1.915400 -8.097098 10.026301
v 1.862400 -8.245198 10.058301
v 1.916900 -8.107198 9.798101
v 1.863800 -8.238098 9.818401
v 1.817000 -8.370598 9.798401
v 1.817000 -8.391898 10.052501
v 1.930600 -8.126599 9.446201
v 1.899300 -8.199199 9.396501
v 1.874300 -8.227098 9.596201
v 1.923000 -8.117998 9.593301
v 1.858800 -8.301199 9.327301
v 1.830000 -8.342299 9.554401
v 1.786600 -8.467999 9.494101
v 1.815900 -8.418599 9.249901
v 1.774200 -8.507298 9.753001
v 1.776500 -8.539298 10.018401
v 1.970800 -8.062399 9.349101
v 1.944100 -8.141299 9.224001
v 2.031400 -7.974099 9.214501
v 2.004800 -8.063699 9.063501
v 1.969200 -8.167999 8.936801
v 1.906300 -8.241299 9.123901
v 2.183900 -7.775898 8.905801
v 2.159400 -7.885199 8.736001
v 2.077800 -7.976799 8.900101
v 2.103500 -7.876998 9.064101
v 2.128100 -8.000899 8.586601
v 2.044200 -8.086599 8.758701
v 2.006100 -8.205799 8.634901
v 2.092500 -8.123399 8.453501
v 1.929000 -8.284499 8.825001
v 1.864500 -8.356499 9.028501
v 2.268900 -7.675699 8.747901
v 2.246200 -7.793899 8.573601
v 2.356500 -7.577498 8.595201
v 2.335900 -7.702798 8.418200
v 2.310500 -7.828099 8.256601
v 2.217600 -7.914898 8.417401
v 2.426400 -7.612298 8.275101
v 2.444500 -7.482499 8.453001
v 2.404400 -7.740199 8.109901
v 2.378700 -7.869298 7.955801
v 2.281100 -7.955698 8.108201
v 2.184900 -8.040199 8.276001
v 2.959600 -7.537999 7.368201
v 2.957100 -7.716199 7.214201
v 3.075000 -7.505999 7.379901
v 3.075400 -7.690799 7.230601
v 3.074000 -7.899799 7.084201
v 2.952400 -7.917399 7.063702
v 3.324200 -7.502999 7.542901
v 3.330100 -7.696999 7.413201
v 3.199500 -7.684199 7.292901
v 3.196600 -7.493899 7.434201
v 3.334300 -7.914399 7.285301
v 3.200900 -7.898799 7.153902
v 3.199700 -8.128799 7.021902
v 3.336300 -8.146299 7.163801
v 3.069500 -8.125099 6.944901
v 2.944100 -8.135399 6.920402
v 2.969300 -7.052699 7.974801
v 2.966000 -7.152799 7.825501
v 3.074900 -7.018699 7.961701
v 3.073700 -7.115999 7.818601
v 3.073700 -7.225199 7.673901
v 2.963500 -7.262799 7.674201
v 3.294000 -6.994899 8.033101
v 3.301800 -7.092699 7.914801
v 3.186300 -7.095599 7.845301
v 3.184000 -6.998999 7.978701
v 3.309700 -7.206299 7.793701
v 3.189500 -7.205999 7.710201
v 3.193100 -7.336599 7.573301
v 3.317300 -7.341299 7.669801
v 3.074300 -7.352999 7.527701
v 2.961500 -7.388999 7.521601
v 3.824500 -7.674698 8.500501
v 3.847000 -7.872899 8.453901
v 3.734300 -7.825599 8.138601
v 3.715500 -7.629299 8.210501
v 3.863300 -8.083399 8.404501
v 3.748600 -8.037199 8.065501
v 3.616600 -7.989599 7.756001
v 3.605400 -7.775399 7.850501
v 3.590900 -7.579598 7.945001
v 3.757900 -8.260099 7.993802
v 3.872900 -8.303699 8.354101
v 3.624200 -8.216299 7.665102
v 3.480800 -8.176899 7.383301
v 3.475700 -7.946699 7.491002
v 3.458100 -7.534499 7.717801
v 3.468000 -7.729999 7.603901
v 3.658500 -7.038399 8.615901
v 3.715200 -7.171898 8.602901
v 3.630000 -7.155999 8.392901
v 3.588100 -7.036299 8.433701
v 3.760500 -7.323199 8.577600
v 3.664500 -7.294699 8.340301
v 3.553500 -7.259999 8.121701
v 3.529800 -7.132799 8.199701
v 3.502300 -7.025099 8.268001
v 3.692600 -7.452399 8.278601
v 3.796300 -7.491098 8.542601
v 3.573700 -7.408298 8.036101
v 3.446400 -7.368199 7.828601
v 3.433100 -7.227398 7.935201
v 3.402200 -7.007399 8.132001
v 3.418300 -7.108398 8.036701
v 3.537400 -6.935199 8.460001
v 3.588400 -6.923698 8.613901
v 3.470700 -6.935199 8.324601
v 3.441000 -6.879199 8.366601
v 3.472400 -6.856099 8.462801
v 3.504300 -6.830899 8.596401
v 3.286700 -6.907399 8.148601
v 3.384900 -6.920898 8.220301
v 3.283700 -6.832398 8.267701
v 3.376500 -6.851599 8.315901
v 3.295900 -6.722098 8.529801
v 3.405000 -6.763499 8.562701
v 3.387500 -6.802399 8.433101
v 3.289300 -6.771998 8.396501
v 2.876300 -6.995799 8.163101
v 2.974200 -6.955799 8.121901
v 2.885400 -6.901598 8.304301
v 2.979700 -6.868499 8.261901
v 3.080200 -6.843199 8.242301
v 3.077700 -6.926599 8.103301
v 2.914900 -6.778399 8.509001
v 2.978800 -6.744199 8.510201
v 2.985100 -6.797099 8.389901
v 2.899300 -6.825698 8.426101
v 3.073300 -6.715498 8.510201
v 3.080600 -6.772199 8.377901
v 3.184500 -6.762898 8.379101
v 3.182200 -6.707098 8.514501
v 3.183300 -6.830399 8.243701
v 3.183000 -6.909899 8.110901
v 2.543700 -7.254398 8.512501
v 2.624700 -7.173499 8.397901
v 2.560600 -7.111498 8.701701
v 2.642500 -7.037699 8.573001
v 2.721500 -6.981799 8.461501
v 2.704900 -7.103999 8.301301
v 2.643500 -6.798199 9.068101
v 2.738500 -6.779398 8.854001
v 2.674700 -6.902099 8.735401
v 2.588300 -6.963999 8.886201
v 2.809700 -6.769999 8.704501
v 2.752700 -6.868198 8.601701
v 2.824700 -6.846098 8.497701
v 2.870300 -6.770499 8.587701
v 2.800900 -6.937999 8.371401
v 2.787600 -7.044999 8.223001
v 2.458600 -7.347399 8.644801
v 2.371400 -7.449799 8.790001
v 2.382600 -7.323499 8.994901
v 2.472700 -7.209198 8.843501
v 2.199200 -7.672698 9.100301
v 2.284200 -7.559099 8.943501
v 2.207900 -7.576699 9.310901
v 2.293900 -7.447099 9.152201
v 2.215900 -7.411499 9.745301
v 2.303200 -7.249599 9.575601
v 2.299700 -7.342898 9.365601
v 2.212600 -7.489298 9.528701
v 2.398400 -7.094298 9.404801
v 2.391900 -7.202599 9.202001
v 2.491100 -7.070199 9.042001
v 2.505900 -6.946299 9.237901
v 2.118300 -7.787999 9.255801
v 2.044100 -7.901799 9.399101
v 2.048600 -7.842598 9.607601
v 2.125500 -7.709198 9.466401
v 1.979300 -8.010598 9.519601
v 1.978800 -7.975298 9.723001
v 1.982100 -7.920498 10.178401
v 1.978600 -7.945599 9.946601
v 2.053200 -7.749799 10.056601
v 2.050300 -7.792499 9.829901
v 2.128900 -7.639799 9.687101
v 2.131800 -7.579198 9.908901
v 3.282300 -6.551798 9.058701
v 3.286800 -6.596798 8.925801
v 3.138900 -6.587799 8.908601
v 3.124100 -6.546499 9.040201
v 3.292200 -6.637898 8.793801
v 3.155800 -6.624799 8.778001
v 3.023600 -6.644399 8.769101
v 2.991600 -6.616498 8.903801
v 2.964100 -6.582299 9.042201
v 3.171400 -6.662798 8.647001
v 3.296000 -6.678499 8.662001
v 3.052500 -6.675199 8.639301
v 2.949200 -6.712298 8.627201
v 2.904100 -6.694098 8.752501
v 2.806300 -6.659799 9.055601
v 2.851200 -6.682299 8.897801
v 3.815300 -6.941298 9.355901
v 3.787200 -6.979299 9.173801
v 3.683000 -6.839199 9.100201
v 3.705000 -6.796198 9.263101
v 3.754200 -7.008899 8.988201
v 3.658200 -6.875099 8.936201
v 3.547100 -6.766398 8.881601
v 3.562400 -6.726199 9.029301
v 3.576800 -6.680398 9.177601
v 3.627700 -6.903499 8.773401
v 3.712600 -7.028998 8.801501
v 3.528400 -6.801198 8.736601
v 3.416400 -6.725399 8.695701
v 3.423800 -6.686199 8.831201
v 3.434500 -6.597599 9.107001
v 3.429200 -6.644198 8.968601
v 4.054800 -7.729099 9.703001
v 4.023700 -7.733899 9.408501
v 3.987900 -7.524299 9.360501
v 4.021700 -7.510699 9.624701
v 3.976400 -7.726599 9.105700
v 3.941100 -7.526198 9.088601
v 3.893600 -7.337599 9.063701
v 3.937800 -7.325999 9.304801
v 3.971900 -7.303399 9.539101
v 3.878100 -7.515399 8.814301
v 3.910700 -7.707098 8.801001
v 3.835700 -7.337099 8.820101
v 3.781200 -7.174199 8.816401
v 3.832000 -7.164099 9.030501
v 3.903700 -7.111999 9.448701
v 3.871600 -7.142999 9.242201
v 4.057800 -8.400198 9.499501
v 4.069500 -8.414998 9.874801
v 4.021800 -8.375599 9.115401
v 4.016700 -8.152599 9.118801
v 4.058100 -8.173198 9.478401
v 4.077500 -8.182798 9.829401
v 3.960500 -8.342799 8.730801
v 3.952200 -8.122299 8.758201
v 3.935500 -7.909799 8.781901
v 4.001600 -7.935899 9.115601
v 4.073000 -7.953699 9.771701
v 4.046900 -7.950599 9.447901
v 4.058000 -8.417998 10.232800
v 4.076300 -8.180398 10.164001
v 4.058200 -8.160098 10.478901
v 4.024400 -8.403298 10.573701
v 4.072100 -7.712698 9.983101
v 4.081700 -7.944698 10.079901
v 4.077700 -7.681499 10.247801
v 4.076600 -7.919098 10.369501
v 4.063300 -7.561399 10.727601
v 4.039300 -7.799999 10.880901
v 4.061300 -7.872398 10.637501
v 4.074000 -7.632099 10.496201
v 3.989800 -8.040198 11.029701
v 4.026900 -8.116498 10.770701
v 3.970000 -8.364799 10.897801
v 3.911000 -8.281898 11.180001
v 4.045300 -7.486399 9.876201
v 3.999400 -7.271199 9.762901
v 4.020200 -7.227398 9.978701
v 4.059700 -7.448899 10.115901
v 3.842400 -6.895898 9.532401
v 3.932400 -7.072598 9.647101
v 3.867200 -6.841299 9.707701
v 3.956900 -7.022799 9.841101
v 3.904300 -6.697099 10.072601
v 3.989700 -6.885098 10.230501
v 3.976200 -6.960898 10.034301
v 3.888200 -6.775599 9.886201
v 4.042100 -7.096599 10.396401
v 4.034500 -7.169899 10.189001
v 4.066100 -7.395799 10.344901
v 4.065400 -7.324499 10.564101
v 2.944800 -7.678098 12.174901
v 2.765000 -7.611698 12.123301
v 2.737100 -7.814498 12.046901
v 2.930300 -7.884198 12.100901
v 2.599600 -7.524098 12.027701
v 2.560600 -7.723398 11.943401
v 2.519100 -7.917398 11.862101
v 2.706500 -8.011098 11.974801
v 2.911800 -8.083798 12.031201
v 2.357600 -7.288598 11.748301
v 2.307300 -7.475898 11.642001
v 2.413200 -7.610598 11.803901
v 2.460000 -7.416098 11.899101
v 2.251700 -7.660098 11.531401
v 2.362100 -7.801598 11.707901
v 2.305600 -7.992498 11.610201
v 2.187500 -7.844198 11.411701
v 2.476900 -8.108298 11.786101
v 2.890100 -8.279198 11.968501
v 2.675100 -8.203498 11.909901
v 3.620500 -7.662898 11.951601
v 3.472700 -7.720998 12.048001
v 3.499800 -7.934798 11.942501
v 3.656900 -7.872998 11.831201
v 3.306000 -7.738798 12.125301
v 3.320500 -7.952198 12.034201
v 3.330100 -8.160298 11.945301
v 3.524600 -8.146198 11.832701
v 3.693200 -8.080598 11.699501
v 3.127700 -7.932698 12.091901
v 3.127500 -7.722498 12.171601
v 3.122800 -8.136498 12.016401
v 3.112000 -8.336699 11.949001
v 3.333600 -8.367198 11.861801
v 3.731700 -8.293598 11.550401
v 3.547600 -8.362198 11.717401
v 2.220400 -7.344599 9.951900
v 2.306400 -7.170399 9.773801
v 2.226900 -7.280899 10.147201
v 2.310000 -7.097498 9.960601
v 2.402000 -6.927699 9.777901
v 2.401000 -7.005999 9.596701
v 2.249400 -7.131799 10.498301
v 2.322700 -6.940399 10.301601
v 2.315100 -7.023398 10.136401
v 2.236300 -7.212499 10.329801
v 2.406600 -6.764699 10.111201
v 2.403500 -6.849799 9.948400
v 2.625000 -6.478899 9.797401
v 2.627600 -6.566198 9.637101
v 2.506100 -6.695899 9.778001
v 2.505800 -6.609398 9.939201
v 2.631300 -6.644898 9.472801
v 2.507500 -6.775198 9.610301
v 2.509400 -6.853299 9.428701
v 2.636100 -6.719099 9.294401
v 1.992700 -7.899199 10.406501
v 2.013900 -7.875699 10.632501
v 2.076000 -7.673599 10.491101
v 2.061400 -7.712899 10.277901
v 2.095200 -7.778598 11.061501
v 2.049100 -7.844499 10.858201
v 2.127900 -7.549798 10.876801
v 2.098300 -7.623699 10.693701
v 2.162400 -7.412798 10.516501
v 2.181900 -7.334599 10.689601
v 2.148000 -7.474099 10.326701
v 2.138000 -7.526799 10.123201
v 2.149100 -7.651098 11.220301
v 2.204600 -7.488998 11.351401
v 2.204800 -7.300498 11.168301
v 2.164300 -7.438398 11.032101
v 2.303700 -7.142298 11.586301
v 2.255600 -7.319198 11.471401
v 2.288700 -6.982398 11.416601
v 2.246500 -7.146998 11.294401
v 2.336800 -6.642398 11.068101
v 2.311700 -6.782699 10.931301
v 2.269000 -6.965998 11.113501
v 2.303000 -6.813998 11.242701
v 2.288100 -6.913399 10.794101
v 2.236600 -7.106499 10.982201
v 2.207100 -7.230898 10.842901
v 2.267000 -7.030899 10.651401
v 2.333800 -6.840798 10.456501
v 2.347500 -6.727599 10.604901
v 2.419700 -6.554598 10.424901
v 2.412200 -6.665298 10.269401
v 2.380500 -6.472699 10.896301
v 2.363300 -6.603899 10.750301
v 2.439300 -6.311199 10.735901
v 2.428900 -6.435499 10.579801
v 2.622100 -6.038898 10.483500
v 2.622100 -6.154899 10.308301
v 2.513500 -6.283799 10.429301
v 2.518100 -6.164499 10.595401
v 2.622500 -6.269399 10.134501
v 2.509700 -6.399999 10.264701
v 2.507100 -6.509599 10.101401
v 2.623400 -6.378599 9.963701
v 2.765900 -6.277298 9.867601
v 2.769100 -6.377599 9.697601
v 2.762900 -6.168398 10.044801
v 2.924300 -6.100199 9.995501
v 2.928200 -6.208899 9.812801
v 2.931600 -6.308799 9.639501
v 2.756300 -5.940999 10.408601
v 2.759800 -6.054799 10.226101
v 2.913700 -5.874498 10.371301
v 2.919600 -5.987198 10.183101
v 3.269200 -5.851099 10.411001
v 3.278000 -5.963099 10.215001
v 3.094600 -5.955499 10.179301
v 3.087000 -5.843199 10.372001
v 3.283300 -6.075398 10.017901
v 3.100000 -6.068099 9.986601
v 3.285600 -6.281399 9.645501
v 3.105900 -6.275699 9.622301
v 3.103600 -6.176399 9.799101
v 3.285600 -6.182999 9.826001
v 2.772800 -6.464899 9.537901
v 2.934900 -6.395399 9.479601
v 2.939900 -6.469799 9.329101
v 2.777900 -6.541499 9.380701
v 3.284100 -6.365798 9.482501
v 3.107600 -6.361299 9.461401
v 3.282200 -6.437899 9.333001
v 3.110100 -6.434299 9.313101
v 3.115100 -6.495698 9.173801
v 3.281200 -6.499399 9.193101
v 2.948200 -6.532799 9.183601
v 2.785400 -6.609699 9.218301
v 3.453000 -5.901799 10.488901
v 3.462800 -6.013598 10.290301
v 3.626400 -5.991199 10.597601
v 3.637500 -6.103399 10.397801
v 3.641600 -6.214499 10.194401
v 3.467400 -6.125198 10.089601
v 3.894400 -6.269498 10.875501
v 3.910200 -6.386798 10.679201
v 3.790500 -6.228999 10.529901
v 3.777600 -6.115199 10.729101
v 3.916400 -6.499299 10.475501
v 3.794900 -6.340299 10.325401
v 3.782300 -6.539898 9.928601
v 3.791800 -6.445199 10.122601
v 3.914100 -6.603899 10.271201
v 3.632700 -6.416298 9.805201
v 3.639700 -6.320299 9.994501
v 3.467600 -6.231899 9.893401
v 3.464100 -6.329298 9.708601
v 3.457900 -6.412599 9.542101
v 3.621600 -6.498399 9.633601
v 3.607700 -6.568398 9.475001
v 3.450100 -6.483799 9.389301
v 3.767500 -6.620399 9.750501
v 3.748700 -6.688699 9.583401
v 3.727400 -6.746698 9.422501
v 3.592300 -6.628398 9.324601
v 3.441900 -6.544798 9.245701
v 3.783000 -7.758898 11.714901
v 3.741900 -7.558598 11.848101
v 3.822900 -7.949698 11.566401
v 3.918700 -7.772598 11.430401
v 3.880400 -7.603198 11.591701
v 3.838400 -7.416598 11.736201
v 3.863800 -8.133798 11.395501
v 3.954400 -7.921998 11.246301
v 4.047800 -7.465999 10.941101
v 4.014400 -7.697598 11.096601
v 4.026500 -7.348198 11.137401
v 3.985400 -7.568598 11.288301
v 3.962200 -7.054598 11.481901
v 3.911400 -7.245698 11.614601
v 3.951400 -7.416798 11.459801
v 3.998300 -7.210298 11.317401
v 4.058800 -7.232599 10.774601
v 4.043200 -7.005699 10.603301
v 4.036500 -6.899199 10.806101
v 4.045200 -7.121999 10.974601
v 3.996400 -6.793398 10.433501
v 3.995200 -6.688599 10.637801
v 3.964800 -6.450099 11.028801
v 3.985100 -6.573298 10.838001
v 3.995300 -6.647398 11.184201
v 4.020900 -6.779099 11.001001
v 4.023400 -6.994598 11.162601
v 3.992300 -6.851998 11.336901
v 3.348600 -4.544898 14.134401
v 3.428700 -4.674898 13.993801
v 3.489100 -4.591698 13.857301
v 3.450500 -4.462698 13.971001
v 3.479800 -4.783798 13.879101
v 3.530400 -4.704698 13.740301
v 3.564200 -4.631098 13.588701
v 3.534400 -4.519998 13.702901
v 3.508000 -4.396098 13.815401
v 3.531900 -4.976898 13.658401
v 3.579700 -4.900498 13.512401
v 3.561300 -4.807098 13.626701
v 3.513900 -4.884298 13.769301
v 3.607400 -4.824298 13.358001
v 3.590100 -4.731998 13.474201
v 3.565900 -4.678798 13.052301
v 3.553900 -4.590798 13.169701
v 3.590800 -4.659598 13.319301
v 3.605900 -4.749898 13.202301
v 3.537500 -4.495798 13.286001
v 3.569600 -4.561498 13.434701
v 3.508300 -4.276998 13.515901
v 3.528700 -4.334598 13.662101
v 3.547200 -4.453798 13.548901
v 3.520900 -4.391798 13.401401
v 3.544700 -5.405598 13.064401
v 3.594200 -5.322198 12.926401
v 3.582300 -5.184998 13.108500
v 3.532500 -5.263198 13.251001
v 3.624000 -5.236898 12.781201
v 3.612000 -5.104898 12.958701
v 3.610500 -4.999598 13.108500
v 3.581600 -5.077198 13.261401
v 3.532300 -5.153198 13.407001
v 3.587000 -5.070598 12.491201
v 3.574000 -4.948698 12.661501
v 3.612300 -5.025298 12.807701
v 3.624700 -5.152098 12.634201
v 3.570100 -4.848798 12.806401
v 3.609700 -4.922598 12.954701
v 3.609900 -4.834198 13.083501
v 3.569300 -4.761798 12.933901
v 3.611600 -4.909798 13.238901
v 3.535000 -5.062098 13.540201
v 3.583600 -4.986398 13.393301
v 3.745700 -5.741098 11.615601
v 3.698300 -5.571298 11.835301
v 3.743700 -5.685498 11.967601
v 3.795700 -5.869698 11.747401
v 3.653300 -5.394598 12.063901
v 3.694900 -5.495598 12.198901
v 3.698100 -5.600698 12.335001
v 3.750600 -5.804598 12.099701
v 3.806800 -6.004698 11.878301
v 3.653700 -5.313398 12.426201
v 3.614800 -5.223398 12.287201
v 3.654300 -5.406798 12.567701
v 3.577700 -5.593298 12.839501
v 3.625900 -5.500998 12.707001
v 3.626100 -5.811398 12.595501
v 3.672200 -5.706898 12.468501
v 3.746400 -6.277298 12.127101
v 3.787500 -6.141898 12.005701
v 3.727800 -5.925398 12.228701
v 3.684200 -6.044398 12.351601
v 3.950900 -6.696298 11.495701
v 3.917000 -6.883498 11.631901
v 3.958600 -6.506198 11.352101
v 3.913300 -6.353398 11.516001
v 3.901400 -6.526598 11.651801
v 3.864800 -6.696898 11.780501
v 3.867800 -6.150898 11.058101
v 3.933300 -6.321498 11.204901
v 3.832600 -6.026298 11.236201
v 3.892900 -6.184298 11.376401
v 3.846200 -6.034798 11.553801
v 3.791200 -5.891298 11.419001
v 3.861800 -6.186898 11.687601
v 3.807300 -6.494798 11.941101
v 3.846100 -6.342098 11.817601
v 3.864200 -7.059098 11.756501
v 3.811100 -6.856998 11.899001
v 3.739600 -7.000298 12.006801
v 3.791300 -7.215798 11.870101
v 3.692100 -6.406598 12.239901
v 3.753300 -6.639498 12.055601
v 3.623800 -6.524198 12.342501
v 3.683600 -6.769898 12.159701
v 3.442000 -6.701998 12.510301
v 3.493400 -6.963698 12.332801
v 3.597200 -6.880098 12.252501
v 3.540700 -6.624498 12.433201
v 3.539700 -7.209998 12.189301
v 3.649400 -7.120198 12.103701
v 3.697500 -7.346098 11.973301
v 3.581800 -7.442498 12.066601
v 3.479400 -6.352498 12.659001
v 3.384400 -6.423098 12.735001
v 3.560700 -6.262698 12.568501
v 3.500400 -6.002798 12.817401
v 3.420000 -6.082298 12.908901
v 3.327200 -6.146098 12.985501
v 3.628700 -6.158398 12.465501
v 3.569000 -5.911198 12.712301
v 3.484500 -5.484298 13.189701
v 3.519000 -5.681098 12.960401
v 3.413800 -5.556498 13.301301
v 3.449400 -5.761598 13.068401
v 3.240000 -5.673398 13.479300
v 3.276900 -5.889798 13.240701
v 3.368800 -5.832098 13.162301
v 3.332300 -5.620198 13.398101
v 3.471700 -5.336998 13.380201
v 3.471600 -5.225098 13.538901
v 3.399300 -5.291598 13.656601
v 3.400000 -5.404698 13.495301
v 3.473300 -5.051998 13.789001
v 3.475100 -5.134798 13.672901
v 3.402900 -5.122898 13.904701
v 3.403100 -5.202498 13.791101
v 3.222300 -5.240598 14.092901
v 3.221300 -5.314798 13.983601
v 3.318700 -5.263098 13.894701
v 3.319600 -5.186698 14.005901
v 3.219200 -5.401298 13.847201
v 3.315300 -5.350798 13.759601
v 3.317100 -5.464798 13.595601
v 3.223100 -5.515698 13.680301
v 3.457300 -4.962698 13.894401
v 3.424100 -4.869598 13.994301
v 3.360800 -4.953698 14.090601
v 3.389900 -5.038098 14.003501
v 3.287100 -4.699998 14.193001
v 3.370700 -4.775498 14.094101
v 3.236900 -4.814497 14.243501
v 3.311900 -4.875498 14.169301
v 3.148500 -4.962398 14.307501
v 3.174800 -5.015498 14.285201
v 3.249200 -4.956598 14.230801
v 3.188400 -4.903997 14.283401
v 3.199600 -5.086998 14.242701
v 3.287100 -5.027798 14.172301
v 3.309800 -5.106398 14.097901
v 3.215200 -5.163398 14.179001
v 3.256000 -5.743799 10.599701
v 3.437000 -5.794299 10.678301
v 3.238500 -5.636399 10.788101
v 3.415500 -5.685899 10.865901
v 3.581700 -5.771399 10.972301
v 3.607400 -5.882298 10.786501
v 3.190200 -5.400498 11.191001
v 3.358600 -5.446098 11.264201
v 3.389200 -5.571598 11.058801
v 3.216600 -5.523599 10.982901
v 3.515300 -5.522598 11.365101
v 3.550600 -5.653198 11.162601
v 3.688600 -5.761898 11.285601
v 3.648300 -5.623198 11.485201
v 3.724800 -5.886798 11.098601
v 3.755100 -6.002799 10.915901
v 3.069600 -4.097498 13.103501
v 3.213200 -4.129398 13.170101
v 3.207700 -4.235598 13.054701
v 3.058800 -4.202698 12.988601
v 3.340800 -4.171698 13.264601
v 3.341100 -4.279898 13.149001
v 3.344700 -4.378398 13.032101
v 3.204900 -4.332598 12.937701
v 3.050400 -4.299198 12.872301
v 3.448900 -4.332998 13.266301
v 3.442400 -4.221798 13.381601
v 3.459000 -4.433798 13.150001
v 3.478000 -4.612598 12.915001
v 3.469800 -4.526298 13.032901
v 3.353800 -4.554298 12.796301
v 3.349500 -4.469198 12.914401
v 3.041300 -4.473998 12.638000
v 3.044500 -4.388998 12.755101
v 3.204100 -4.422398 12.820001
v 3.204400 -4.507098 12.702001
v 3.205200 -4.588498 12.584501
v 3.041100 -4.556098 12.521601
v 3.355500 -4.635698 12.678301
v 3.358200 -4.720598 12.551901
v 3.208600 -4.673098 12.458701
v 3.045200 -4.641198 12.396801
v 3.480700 -4.694598 12.796801
v 3.482400 -4.780298 12.669901
v 3.501600 -4.994898 12.357401
v 3.487900 -4.877698 12.526201
v 3.379800 -4.929098 12.240401
v 3.365100 -4.816098 12.408701
v 3.071700 -4.844598 12.085501
v 3.054900 -4.735398 12.254501
v 3.217100 -4.767398 12.315801
v 3.232800 -4.877598 12.147301
v 3.258100 -5.010298 11.944301
v 3.096800 -4.974798 11.880601
v 3.405700 -5.066898 12.038501
v 3.439300 -5.218798 11.816401
v 3.289800 -5.155798 11.720501
v 3.127100 -5.116998 11.653901
v 3.528400 -5.139598 12.155401
v 3.564300 -5.300398 11.933601
v 3.605500 -5.465398 11.705701
v 3.477000 -5.374298 11.587501
v 3.159300 -5.261898 11.419401
v 3.324400 -5.304198 11.489201
v 3.076600 -5.735999 10.559201
v 2.906300 -5.766398 10.555901
v 2.896100 -5.657799 10.743401
v 3.062800 -5.628499 10.747501
v 2.622200 -5.925299 10.658601
v 2.752400 -5.830998 10.589301
v 2.620000 -5.808999 10.840401
v 2.745900 -5.719398 10.774601
v 2.598800 -5.546798 11.250501
v 2.718000 -5.470498 11.185801
v 2.735100 -5.600998 10.971301
v 2.613000 -5.684499 11.035501
v 2.861800 -5.417498 11.153301
v 2.881700 -5.543199 10.940301
v 3.044800 -5.515799 10.943801
v 3.021900 -5.392498 11.154601
v 2.993400 -5.253698 11.386600
v 2.835100 -5.275198 11.389001
v 2.805200 -5.125998 11.631601
v 2.962700 -5.108198 11.625001
v 2.574800 -5.390598 11.492201
v 2.692800 -5.322298 11.424801
v 2.545000 -5.226698 11.743001
v 2.663100 -5.166698 11.671700
v 2.484000 -4.919398 12.202101
v 2.605300 -4.873598 12.122701
v 2.632700 -5.013798 11.909801
v 2.513400 -5.066098 11.985501
v 2.749400 -4.844498 12.075401
v 2.775400 -4.979298 11.865601
v 2.933000 -4.965398 11.855101
v 2.907700 -4.834198 12.062201
v 2.904500 -4.183998 12.956301
v 2.919700 -4.078698 13.070101
v 2.891600 -4.281198 12.841101
v 2.735000 -4.278598 12.845801
v 2.751200 -4.179898 12.959401
v 2.769900 -4.073298 13.071801
v 2.875800 -4.458198 12.610001
v 2.881700 -4.371998 12.725401
v 2.714700 -4.459298 12.618501
v 2.722400 -4.371198 12.731901
v 2.433000 -4.510998 12.746301
v 2.440400 -4.418198 12.857800
v 2.573000 -4.386598 12.775701
v 2.564900 -4.476998 12.663801
v 2.454600 -4.320498 12.969401
v 2.587100 -4.291698 12.888000
v 2.496300 -4.104698 13.188101
v 2.626700 -4.081798 13.110501
v 2.605500 -4.190598 13.000001
v 2.473800 -4.216498 13.079901
v 2.874800 -4.541698 12.495701
v 2.879300 -4.628198 12.372801
v 2.718600 -4.633198 12.385401
v 2.713400 -4.544598 12.506401
v 2.890000 -4.723798 12.231501
v 2.730500 -4.731198 12.245201
v 2.460500 -4.797698 12.375301
v 2.584600 -4.756298 12.293701
v 2.443800 -4.693698 12.516201
v 2.570800 -4.655398 12.433601
v 2.564200 -4.564398 12.553401
v 2.434400 -4.600498 12.636201
v 2.523200 -6.045399 10.763301
v 2.450300 -6.184699 10.895401
v 2.458600 -6.051798 11.065301
v 2.525900 -5.921699 10.939801
v 2.362300 -6.495898 11.209501
v 2.398400 -6.336998 11.046801
v 2.384100 -6.340398 11.363801
v 2.413000 -6.193298 11.209101
v 2.400000 -5.990998 11.744801
v 2.417300 -5.868398 11.600401
v 2.420600 -6.038298 11.391101
v 2.398000 -6.173098 11.539501
v 2.453100 -5.750398 11.465001
v 2.460700 -5.908398 11.252801
v 2.523200 -5.788698 11.131801
v 2.512000 -5.641698 11.346001
v 2.489500 -5.475698 11.589401
v 2.432400 -5.573698 11.709201
v 2.402700 -5.390298 11.966201
v 2.459500 -5.302498 11.843601
v 2.385700 -5.791398 11.988201
v 2.399300 -5.680298 11.844501
v 2.359100 -5.587398 12.249001
v 2.370500 -5.486498 12.103801
v 2.285100 -5.218698 12.741101
v 2.297200 -5.132898 12.588501
v 2.335200 -5.299798 12.358301
v 2.324300 -5.392098 12.506901
v 2.332600 -5.052298 12.442601
v 2.368100 -5.212398 12.217101
v 2.426400 -5.133398 12.090301
v 2.394000 -4.979998 12.311301
v 2.326000 -4.560998 12.866401
v 2.330900 -4.465798 12.979300
v 2.244500 -4.623998 13.012601
v 2.246200 -4.526898 13.127301
v 2.257300 -4.424098 13.241101
v 2.343800 -4.365098 13.091401
v 2.160900 -4.776798 13.337301
v 2.156800 -4.679998 13.451101
v 2.187700 -4.599098 13.288901
v 2.189300 -4.696998 13.173401
v 2.166500 -4.579598 13.567101
v 2.197500 -4.495798 13.405401
v 2.229800 -4.361998 13.847501
v 2.243300 -4.264498 13.636001
v 2.217200 -4.386298 13.525901
v 2.189300 -4.476598 13.691401
v 2.299000 -4.195398 13.458401
v 2.275800 -4.314398 13.353101
v 2.362600 -4.257698 13.201001
v 2.385200 -4.142298 13.306601
v 2.366400 -4.853998 12.488101
v 2.300500 -4.921998 12.623901
v 2.273700 -4.812898 12.772001
v 2.345100 -4.747298 12.632101
v 2.245400 -5.080298 12.931301
v 2.260800 -4.998498 12.774401
v 2.208900 -4.967098 13.087401
v 2.228700 -4.887298 12.926801
v 2.203900 -4.789898 13.056301
v 2.179600 -4.869298 13.219401
v 2.254400 -4.716498 12.897901
v 2.331200 -4.652298 12.754401
v 2.160200 -4.860598 13.492701
v 2.155000 -4.766998 13.601001
v 2.184900 -4.945498 13.639201
v 2.179600 -4.856098 13.739801
v 2.192100 -4.772798 13.834101
v 2.166200 -4.674698 13.708501
v 2.301900 -5.106398 13.904101
v 2.297600 -5.024698 13.989101
v 2.228000 -4.943298 13.868801
v 2.232800 -5.028398 13.776501
v 2.306400 -4.948098 14.055201
v 2.239400 -4.865298 13.948301
v 2.346700 -4.833498 14.134201
v 2.313800 -4.762698 14.091901
v 2.266400 -4.800598 14.018101
v 2.325300 -4.880498 14.104001
v 2.277600 -4.658798 14.027401
v 2.223300 -4.702498 13.927401
v 2.194500 -4.588198 13.821901
v 2.247800 -4.530898 13.947701
v 2.293400 -5.306498 12.892901
v 2.252300 -5.164298 13.086201
v 2.320900 -5.393498 13.039801
v 2.280000 -5.247698 13.235701
v 2.240300 -5.131098 13.395401
v 2.213400 -5.049198 13.244501
v 2.428200 -5.553898 13.303301
v 2.390600 -5.402598 13.504201
v 2.326700 -5.327998 13.376201
v 2.366300 -5.476898 13.177901
v 2.353600 -5.284698 13.667500
v 2.287600 -5.210398 13.537301
v 2.254500 -5.113998 13.668401
v 2.322300 -5.189598 13.798901
v 2.206800 -5.033798 13.527201
v 2.181200 -4.951398 13.376901
v 2.499300 -6.453798 12.300601
v 2.500000 -6.213898 12.534001
v 2.442600 -6.116898 12.410001
v 2.442700 -6.347498 12.173001
v 2.486200 -5.974198 12.794600
v 2.427600 -5.885398 12.671801
v 2.387200 -5.789598 12.537201
v 2.405600 -6.012298 12.275001
v 2.409400 -6.233198 12.035101
v 2.401100 -5.667398 12.935501
v 2.461100 -5.749298 13.058901
v 2.357800 -5.578698 12.799601
v 2.332100 -5.485998 12.655301
v 2.364600 -5.689298 12.394901
v 2.396300 -6.113498 11.891101
v 2.387200 -5.902998 12.133001
v 2.337000 -6.655198 11.375701
v 2.330500 -6.810898 11.541201
v 2.367500 -6.630298 11.678801
v 2.366800 -6.487198 11.521801
v 2.405900 -7.094598 11.854501
v 2.350800 -6.958698 11.702201
v 2.448300 -6.892198 11.973601
v 2.392500 -6.766398 11.830801
v 2.424600 -6.563398 11.983801
v 2.480700 -6.679198 12.118001
v 2.395300 -6.438498 11.839901
v 2.388000 -6.307398 11.690501
v 2.568400 -6.783198 12.238501
v 2.582300 -6.549298 12.414001
v 2.541100 -7.004298 12.103001
v 2.662400 -7.100698 12.212101
v 2.680600 -6.872698 12.339501
v 2.686300 -6.631498 12.508501
v 2.503800 -7.214598 11.994301
v 2.634500 -7.317098 12.112701
v 2.954100 -7.463098 12.250301
v 2.787900 -7.400498 12.201001
v 2.956600 -7.237098 12.340901
v 2.803800 -7.178998 12.293701
v 2.934800 -6.744798 12.622501
v 2.805700 -6.697498 12.579501
v 2.810400 -6.945298 12.415301
v 2.950700 -6.998398 12.460401
v 2.801600 -5.745198 13.602401
v 2.694400 -5.719798 13.565001
v 2.727500 -5.927498 13.316601
v 2.835600 -5.956498 13.354101
v 2.594800 -5.677698 13.500401
v 2.627200 -5.881698 13.252701
v 2.655800 -6.119598 12.988901
v 2.759900 -6.171298 13.053801
v 2.872400 -6.205698 13.092601
v 2.537400 -5.821498 13.165701
v 2.505200 -5.621598 13.411901
v 2.563400 -6.053098 12.901401
v 2.579500 -6.300798 12.642901
v 2.676800 -6.374998 12.733001
v 2.907100 -6.474498 12.840901
v 2.787400 -6.433798 12.800201
v 2.408200 -5.258098 13.916800
v 2.389900 -5.176798 14.021601
v 2.436300 -5.351498 13.783101
v 2.532900 -5.407798 13.879001
v 2.508900 -5.316098 14.016001
v 2.493300 -5.236298 14.121801
v 2.470100 -5.468898 13.616301
v 2.562400 -5.523998 13.708201
v 2.775000 -5.589998 13.814201
v 2.664900 -5.565398 13.775501
v 2.755000 -5.475798 13.990601
v 2.640100 -5.450298 13.949901
v 2.731800 -5.310198 14.241701
v 2.608400 -5.281798 14.197601
v 2.620900 -5.360398 14.090001
v 2.740900 -5.387598 14.132701
v 2.385600 -5.096098 14.102001
v 2.488800 -5.155298 14.199701
v 2.490800 -5.072197 14.252101
v 2.391000 -5.016798 14.159401
v 2.726700 -5.228698 14.318801
v 2.603600 -5.200298 14.274501
v 2.724400 -5.142298 14.368701
v 2.603100 -5.114598 14.324701
v 2.722700 -4.952497 14.407001
v 2.601900 -4.925998 14.361101
v 2.603700 -5.023598 14.352201
v 2.723500 -5.050498 14.396501
v 2.493800 -4.892698 14.289601
v 2.494700 -4.985698 14.281701
v 2.401700 -4.940098 14.195401
v 2.404500 -4.858598 14.205201
v 2.859700 -5.318398 14.247001
v 2.854700 -5.238398 14.324701
v 2.987400 -5.308398 14.219801
v 2.982400 -5.230197 14.299001
v 2.976600 -5.148098 14.352001
v 2.851100 -5.153498 14.375501
v 3.104300 -5.204897 14.248201
v 3.109900 -5.281798 14.166401
v 3.094400 -5.126597 14.305201
v 3.077900 -4.967498 14.350701
v 3.081300 -5.048398 14.339201
v 2.972400 -4.970598 14.393101
v 2.971700 -5.061997 14.382301
v 2.849400 -5.062998 14.403901
v 2.850100 -4.966497 14.414801
v 3.110200 -5.355398 14.057501
v 2.990100 -5.382698 14.110701
v 2.994700 -5.468998 13.970201
v 3.111000 -5.441498 13.919101
v 2.865500 -5.394198 14.137701
v 2.874600 -5.481198 13.995701
v 2.913600 -5.751698 13.609001
v 2.889800 -5.595198 13.819801
v 3.026700 -5.740798 13.588301
v 3.005500 -5.583098 13.796601
v 3.117900 -5.555898 13.748701
v 3.136800 -5.714098 13.543900
v 3.326900 -6.750998 12.572201
v 3.371400 -7.014698 12.399501
v 3.200500 -6.773298 12.614401
v 3.236700 -7.035798 12.446701
v 3.265400 -7.282698 12.318201
v 3.409800 -7.262998 12.263301
v 3.094700 -7.029398 12.468901
v 3.068100 -6.770698 12.632601
v 3.112500 -7.272898 12.346601
v 3.122900 -7.503298 12.252001
v 3.288100 -7.516398 12.215501
v 3.443200 -7.497698 12.150501
v 2.948800 -5.966298 13.362101
v 2.989800 -6.220298 13.102001
v 3.107700 -6.215198 13.085101
v 3.062800 -5.957898 13.343801
v 3.031400 -6.494698 12.851201
v 3.155500 -6.493398 12.834601
v 3.274800 -6.469798 12.794701
v 3.221600 -6.190398 13.045201
v 3.173500 -5.932098 13.302201
v 2.714500 -4.482997 14.410201
v 2.715600 -4.613798 14.398301
v 2.865400 -4.631998 14.406201
v 2.870400 -4.501498 14.420201
v 2.717900 -4.735097 14.399501
v 2.859500 -4.752198 14.406701
v 2.999600 -4.765297 14.375801
v 3.016900 -4.645798 14.367701
v 3.029900 -4.513498 14.377301
v 2.853900 -4.863297 14.412701
v 2.720600 -4.847698 14.405201
v 2.983200 -4.872598 14.387601
v 3.097200 -4.881098 14.340101
v 3.129100 -4.781898 14.316801
v 3.187700 -4.524797 14.287101
v 3.163300 -4.662698 14.290401
v 2.386500 -4.764898 14.183501
v 2.481200 -4.789998 14.276701
v 2.463100 -4.676497 14.253701
v 2.359200 -4.655398 14.142201
v 2.594400 -4.820398 14.355201
v 2.584200 -4.706498 14.343901
v 2.567700 -4.451998 14.341601
v 2.574400 -4.583797 14.336301
v 2.435100 -4.416098 14.223301
v 2.445800 -4.551398 14.230901
v 2.334300 -4.526198 14.092701
v 2.321500 -4.382998 14.063801
v 2.588400 -3.469598 13.590401
v 2.714700 -3.457998 13.525301
v 2.693800 -3.661298 13.426301
v 2.567500 -3.675598 13.493601
v 2.851000 -3.455898 13.493601
v 2.830700 -3.657898 13.393701
v 2.810100 -3.821798 13.289701
v 2.671600 -3.826698 13.324001
v 2.544300 -3.843798 13.394501
v 3.133200 -3.476998 13.530001
v 3.114300 -3.681198 13.430401
v 2.972700 -3.664798 13.395201
v 2.992200 -3.462498 13.495201
v 3.097400 -3.846298 13.325401
v 2.954000 -3.828598 13.290501
v 2.936200 -3.963398 13.181801
v 3.082400 -3.981898 13.216101
v 2.789700 -3.957098 13.182101
v 2.520200 -3.983698 13.292801
v 2.649000 -3.963698 13.218601
v 2.703600 -1.834998 13.969100
v 2.836100 -1.838898 13.901300
v 2.823100 -1.952298 13.905700
v 2.690400 -1.949498 13.974100
v 2.974600 -1.841898 13.869200
v 2.962500 -1.955098 13.872500
v 2.950000 -2.080598 13.865300
v 2.809600 -2.077998 13.899500
v 2.676500 -2.076498 13.968500
v 3.259500 -1.845298 13.899500
v 3.249500 -1.959498 13.901600
v 3.105600 -1.957698 13.872100
v 3.116600 -1.843998 13.869600
v 3.239200 -2.085898 13.893300
v 3.094300 -2.083398 13.863900
v 3.213300 -2.430198 13.834600
v 3.067800 -2.425298 13.804600
v 3.082000 -2.234798 13.842400
v 3.227500 -2.238198 13.871900
v 2.922400 -2.421698 13.806500
v 2.936800 -2.231598 13.844300
v 2.648500 -2.421898 13.910500
v 2.662400 -2.229498 13.948600
v 2.795700 -2.229498 13.879200
v 2.781300 -2.420198 13.841500
v 2.766400 -2.663398 13.783000
v 2.635100 -2.667198 13.850600
v 2.906400 -2.664098 13.748800
v 2.889000 -2.933998 13.674900
v 2.750600 -2.933998 13.707900
v 2.621300 -2.940298 13.774000
v 3.195300 -2.675498 13.778700
v 3.050900 -2.668498 13.747500
v 3.175100 -2.948698 13.707300
v 3.032100 -2.939198 13.674700
v 3.012200 -3.212298 13.589501
v 3.153900 -3.224398 13.623401
v 2.870500 -3.206298 13.588601
v 2.606000 -3.216098 13.685601
v 2.733500 -3.207298 13.620601
v 3.222200 -4.012198 13.283401
v 3.234500 -3.874298 13.393401
v 3.355300 -3.910498 13.488901
v 3.345600 -4.051798 13.378401
v 3.268800 -3.498598 13.598101
v 3.250100 -3.706298 13.498701
v 3.388600 -3.525898 13.693801
v 3.369700 -3.738398 13.594601
v 3.538500 -3.591998 13.946201
v 3.519000 -3.816398 13.846401
v 3.462800 -3.775698 13.712301
v 3.482000 -3.557498 13.811601
v 3.507500 -3.998898 13.740201
v 3.449600 -3.952798 13.606400
v 3.442700 -4.098298 13.495501
v 3.503900 -4.149198 13.629401
v 3.718800 -1.840898 14.279600
v 3.706100 -1.958398 14.286100
v 3.629200 -1.959298 14.151700
v 3.640200 -1.843398 14.146000
v 3.693200 -2.089998 14.283100
v 3.617900 -2.088898 14.147700
v 3.510700 -2.088098 14.036700
v 3.520900 -1.959998 14.042200
v 3.531000 -1.844998 14.038000
v 3.656800 -2.455798 14.236000
v 3.586500 -2.447798 14.099200
v 3.604300 -2.246798 14.131200
v 3.677500 -2.250798 14.267500
v 3.482500 -2.440998 13.984800
v 3.498500 -2.243698 14.018500
v 3.369600 -2.240998 13.931300
v 3.354800 -2.435298 13.895700
v 3.381200 -2.087298 13.951400
v 3.400900 -1.845598 13.955700
v 3.391100 -1.960198 13.958600
v 3.290600 -3.241698 13.690201
v 3.313400 -2.961598 13.772400
v 3.436800 -2.977398 13.865500
v 3.411800 -3.263398 13.784901
v 3.335500 -2.684098 13.841800
v 3.461200 -2.694398 13.933000
v 3.628800 -2.720198 14.185400
v 3.562300 -2.706398 14.048800
v 3.597200 -3.016198 14.118400
v 3.534800 -2.995698 13.982400
v 3.507000 -3.288398 13.902501
v 3.565800 -3.315998 14.037801
v 3.427900 -4.312398 14.074901
v 3.326700 -4.354698 14.214301
v 3.492400 -4.256798 13.925101
v 3.488000 -4.093998 14.032301
v 3.419700 -4.137898 14.175001
v 3.317800 -4.172698 14.304001
v 3.519100 -4.202198 13.774601
v 3.518700 -4.046898 13.884701
v 3.547600 -3.628098 14.091901
v 3.528100 -3.858698 13.991101
v 3.514300 -3.663398 14.239301
v 3.494900 -3.899798 14.137601
v 3.340200 -3.722198 14.501201
v 3.321500 -3.966998 14.400701
v 3.424400 -3.936798 14.277101
v 3.443500 -3.695598 14.378901
v 3.616500 -1.824898 14.918100
v 3.596400 -1.954698 14.920000
v 3.688100 -1.956098 14.776300
v 3.707200 -1.829098 14.772700
v 3.574900 -2.098198 14.911600
v 3.667900 -2.096898 14.770000
v 3.718400 -2.094698 14.608500
v 3.736400 -1.956998 14.613000
v 3.753600 -1.833398 14.607900
v 3.515000 -2.493698 14.846400
v 3.611500 -2.485798 14.710600
v 3.643400 -2.267998 14.749500
v 3.548800 -2.272398 14.888600
v 3.668100 -2.475998 14.554800
v 3.696700 -2.262298 14.590400
v 3.708200 -2.256298 14.425200
v 3.683600 -2.465598 14.392300
v 3.726800 -2.092198 14.441500
v 3.757000 -1.837498 14.438600
v 3.742200 -1.957698 14.444800
v 3.577700 -3.345198 14.185701
v 3.613600 -3.038398 14.269300
v 3.587500 -3.060598 14.423600
v 3.547100 -3.374098 14.336001
v 3.650500 -2.735798 14.339200
v 3.629800 -2.751698 14.497900
v 3.470200 -2.778998 14.780600
v 3.568900 -2.766598 14.649100
v 3.421500 -3.098598 14.697100
v 3.522400 -3.081298 14.570000
v 3.478300 -3.400698 14.478201
v 3.375800 -3.422798 14.602001
v 3.209300 -3.740898 14.596601
v 3.191200 -3.987298 14.499701
v 3.060400 -3.750398 14.657701
v 3.042800 -3.996998 14.565601
v 3.035400 -4.198798 14.484501
v 3.186000 -4.192198 14.410501
v 2.746200 -3.737398 14.647001
v 2.729700 -3.980498 14.564501
v 2.885800 -3.994998 14.590001
v 2.902900 -3.749698 14.677001
v 2.720000 -4.177998 14.495801
v 2.877100 -4.194498 14.515801
v 2.873100 -4.359498 14.458001
v 2.715400 -4.341598 14.443501
v 3.033600 -4.367698 14.419001
v 3.190000 -4.369698 14.333401
v 3.480300 -1.821298 15.029100
v 3.460500 -1.952598 15.029400
v 3.312000 -1.818198 15.099500
v 3.293700 -1.950298 15.098500
v 3.273500 -2.096898 15.086800
v 3.439100 -2.098098 15.019200
v 2.934400 -1.813898 15.093800
v 2.920300 -1.945898 15.091400
v 3.109200 -1.947898 15.121200
v 3.125500 -1.815698 15.123200
v 2.904200 -2.092598 15.078000
v 3.090800 -2.094898 15.108400
v 2.861200 -2.496398 15.000000
v 3.040900 -2.500098 15.031800
v 3.068700 -2.273398 15.080100
v 2.884900 -2.270698 15.049100
v 3.217700 -2.500898 15.012800
v 3.249000 -2.274798 15.059800
v 3.413200 -2.274598 14.994000
v 3.379700 -2.498798 14.949100
v 3.335900 -2.787598 14.880000
v 3.177300 -2.791898 14.941400
v 3.133600 -3.117498 14.853300
v 3.288400 -3.110898 14.793600
v 2.832100 -2.786298 14.926300
v 3.005600 -2.791598 14.958900
v 2.800900 -3.109998 14.836900
v 2.967600 -3.117398 14.869800
v 2.931700 -3.446998 14.773001
v 2.771100 -3.437198 14.740801
v 3.092600 -3.447098 14.756101
v 3.244000 -3.438698 14.696901
v 2.412400 -1.816098 14.539600
v 2.403600 -1.943698 14.540500
v 2.467000 -1.943398 14.712000
v 2.476000 -1.813798 14.712400
v 2.393200 -2.083498 14.530600
v 2.456100 -2.085898 14.700700
v 2.572100 -2.088198 14.858800
v 2.584200 -1.943698 14.871300
v 2.594400 -1.812698 14.872800
v 2.372300 -2.459298 14.459500
v 2.432300 -2.470698 14.626400
v 2.444300 -2.256498 14.673700
v 2.382400 -2.250398 14.505200
v 2.543000 -2.481098 14.782200
v 2.558300 -2.262098 14.830700
v 2.709900 -2.266898 14.960900
v 2.690600 -2.489898 14.911800
v 2.726400 -2.090398 14.989700
v 2.752300 -1.812898 15.005100
v 2.740300 -1.944498 15.002900
v 2.620600 -3.416698 14.652701
v 2.599900 -3.712498 14.560401
v 2.644000 -3.094498 14.748300
v 2.509200 -3.072998 14.619300
v 2.491900 -3.388398 14.524201
v 2.475100 -3.678498 14.432601
v 2.668000 -2.775698 14.837800
v 2.526500 -2.760998 14.708500
v 2.363900 -2.725298 14.388700
v 2.420700 -2.743698 14.553800
v 2.355700 -3.021498 14.301900
v 2.409000 -3.047898 14.465400
v 2.334200 -3.597398 14.116301
v 2.382800 -3.638898 14.279401
v 2.396600 -3.355598 14.370801
v 2.346300 -3.321098 14.208001
v 2.567400 -4.310498 14.369101
v 2.572900 -4.147898 14.416201
v 2.446000 -4.108298 14.291301
v 2.436500 -4.271898 14.245501
v 2.583900 -3.952398 14.480801
v 2.459300 -3.914398 14.354300
v 2.317800 -3.823698 14.035701
v 2.367000 -3.870298 14.200801
v 2.296400 -4.014398 13.965101
v 2.349400 -4.063298 14.135501
v 2.330400 -4.231398 14.083901
v 2.269000 -4.183898 13.903001
v 2.567200 -1.947298 14.080500
v 2.579700 -1.830098 14.075800
v 2.554000 -2.076798 14.074600
v 2.456400 -2.078398 14.209200
v 2.468500 -1.945598 14.216100
v 2.479600 -1.824898 14.212400
v 2.528100 -2.427898 14.014500
v 2.540700 -2.232498 14.053900
v 2.433300 -2.436798 14.145900
v 2.444400 -2.237498 14.187200
v 2.387000 -2.243698 14.340400
v 2.377000 -2.447698 14.296800
v 2.398100 -2.080798 14.364000
v 2.418700 -1.819998 14.370000
v 2.409000 -1.944398 14.372300
v 2.352700 -3.288098 14.051401
v 2.340300 -3.557598 13.958901
v 2.361600 -2.995898 14.144100
v 2.415500 -2.972798 13.999000
v 2.405100 -3.258398 13.907701
v 2.391400 -3.521498 13.814201
v 2.369100 -2.707098 14.228600
v 2.424200 -2.690398 14.080700
v 2.517000 -2.676698 13.952300
v 2.505800 -2.953798 13.873300
v 2.477400 -3.491498 13.689001
v 2.493100 -3.233798 13.783501
v 2.272300 -4.124198 13.721501
v 2.300100 -3.962998 13.796401
v 2.349700 -3.914398 13.639001
v 2.324400 -4.064598 13.551801
v 2.322800 -3.778298 13.874701
v 2.372400 -3.736798 13.725501
v 2.457200 -3.701698 13.595901
v 2.434000 -3.873798 13.502301
v 2.409500 -4.017598 13.406401
v 4.067700 -0.907198 14.361000
v 4.017700 -0.980098 14.478500
v 4.000700 -1.036598 14.359800
v 4.044700 -0.960598 14.244000
v 3.956600 -1.057898 14.596300
v 3.950300 -1.117798 14.472800
v 3.932600 -1.161298 14.322400
v 3.971300 -1.079598 14.217400
v 4.008100 -1.001898 14.105300
v 3.766800 -1.252298 14.849900
v 3.834300 -1.311598 14.670500
v 3.891400 -1.207598 14.582100
v 3.879300 -1.143698 14.715500
v 3.854600 -1.348798 14.493500
v 3.892400 -1.249898 14.416900
v 3.788000 -1.390098 14.162400
v 3.809200 -1.296598 14.095700
v 3.866100 -1.278798 14.250500
v 3.839200 -1.374298 14.320400
v 3.831500 -1.210998 14.013900
v 3.894700 -1.191698 14.164500
v 3.879100 -1.051998 13.815300
v 3.954000 -1.032098 13.958100
v 3.924300 -1.110398 14.065800
v 3.854900 -1.130298 13.919500
v 3.758100 -1.140598 13.792800
v 3.779700 -1.062498 13.689900
v 3.737700 -1.220798 13.885500
v 3.620900 -1.224198 13.780400
v 3.640400 -1.144198 13.687900
v 3.661500 -1.066398 13.584800
v 3.700600 -1.398498 14.030800
v 3.718600 -1.305898 13.965600
v 3.586000 -1.401598 13.925100
v 3.602800 -1.309098 13.860200
v 3.311600 -1.401498 13.789800
v 3.329000 -1.308498 13.724600
v 3.470200 -1.309098 13.779800
v 3.453400 -1.401898 13.844900
v 3.348300 -1.222998 13.644100
v 3.488600 -1.223998 13.699600
v 3.391600 -1.065298 13.446100
v 3.530200 -1.066398 13.502600
v 3.508600 -1.143898 13.606400
v 3.369200 -1.142798 13.550500
v 3.251500 -1.065798 13.418100
v 3.275000 -0.988498 13.305200
v 3.415400 -0.988098 13.333200
v 3.111200 -1.065698 13.419100
v 3.134000 -0.987998 13.306500
v 3.157500 -0.909498 13.188300
v 3.299700 -0.908598 13.185400
v 3.440800 -0.906998 13.211900
v 2.836100 -1.054498 13.510100
v 2.857100 -0.977098 13.397400
v 2.994200 -0.984898 13.337200
v 2.972200 -1.062698 13.449600
v 2.878400 -0.897498 13.276100
v 3.016500 -0.905498 13.217300
v 2.928800 -0.704398 12.992900
v 3.070200 -0.739898 12.972700
v 3.039700 -0.822498 13.092000
v 2.900700 -0.812698 13.146100
v 3.205600 -0.748198 12.955800
v 3.181500 -0.828798 13.068400
v 3.499500 -0.696898 12.933800
v 3.468000 -0.817898 13.082600
v 3.325700 -0.823498 13.060800
v 3.344200 -0.737598 12.945400
v 2.704200 -1.038698 13.601300
v 2.724600 -0.962898 13.487300
v 2.583400 -1.013498 13.709400
v 2.603300 -0.939998 13.593600
v 2.622600 -0.867898 13.477300
v 2.744800 -0.886398 13.368100
v 2.403100 -0.926698 13.920800
v 2.421000 -0.859998 13.802800
v 2.499900 -0.906398 13.703200
v 2.480700 -0.976798 13.820500
v 2.439300 -0.795198 13.686700
v 2.518700 -0.838198 13.587400
v 2.479500 -0.671998 13.467200
v 2.557200 -0.708398 13.372400
v 2.537700 -0.772098 13.476100
v 2.458500 -0.732498 13.574300
v 2.658800 -0.728298 13.261700
v 2.641700 -0.796898 13.363800
v 2.765400 -0.807298 13.245300
v 2.779300 -0.730698 13.140100
v 2.357400 -0.861098 13.996800
v 2.373400 -0.798498 13.879100
v 2.337400 -0.784398 14.052900
v 2.351200 -0.725998 13.936600
v 2.366800 -0.668298 13.821900
v 2.390400 -0.737298 13.763400
v 2.349200 -0.614298 14.124400
v 2.359800 -0.563998 14.012700
v 2.348600 -0.646498 13.979700
v 2.336700 -0.700698 14.093800
v 2.373800 -0.512798 13.901000
v 2.363000 -0.592198 13.866300
v 2.411400 -0.413098 13.677700
v 2.401100 -0.486998 13.642500
v 2.380400 -0.538598 13.753900
v 2.391000 -0.461998 13.789300
v 2.405900 -0.557398 13.598400
v 2.384800 -0.611898 13.709000
v 2.409200 -0.677798 13.650500
v 2.430600 -0.620398 13.541200
v 2.440400 -0.777698 14.577100
v 2.417900 -0.883098 14.565900
v 2.523400 -0.909498 14.692300
v 2.544900 -0.802398 14.695300
v 2.400200 -0.994798 14.546400
v 2.504800 -1.022998 14.685600
v 2.647600 -1.039598 14.817800
v 2.664600 -0.926998 14.811400
v 2.683400 -0.819498 14.805900
v 2.383600 -1.254298 14.452700
v 2.480600 -1.272598 14.665100
v 2.489400 -1.144098 14.672300
v 2.388400 -1.113798 14.513600
v 2.621200 -1.282198 14.831800
v 2.632700 -1.157998 14.823700
v 2.984100 -1.288398 15.047100
v 2.996000 -1.166598 15.025600
v 2.804800 -1.164998 14.945100
v 2.792600 -1.287098 14.962500
v 3.007600 -1.049998 15.003100
v 2.818300 -1.048198 14.927700
v 3.029000 -0.831398 14.963700
v 2.847500 -0.829098 14.898800
v 2.832700 -0.936298 14.911700
v 3.018700 -0.938398 14.981800
v 3.219400 -0.826398 14.990600
v 3.223200 -0.723298 14.975400
v 3.038300 -0.728598 14.951100
v 3.407900 -0.813998 14.984800
v 3.406700 -0.710698 14.968900
v 3.403400 -0.614698 14.953800
v 3.225500 -0.627098 14.962600
v 3.046600 -0.632498 14.941400
v 3.736400 -0.767398 14.897600
v 3.726800 -0.665898 14.886000
v 3.578100 -0.691498 14.937200
v 3.583900 -0.794398 14.952000
v 3.714000 -0.571898 14.871400
v 3.569700 -0.596098 14.921300
v 3.680900 -0.415298 14.836300
v 3.547000 -0.436798 14.885800
v 3.559200 -0.510498 14.904200
v 3.698500 -0.487698 14.854600
v 3.392100 -0.453398 14.921700
v 3.398400 -0.528298 14.938400
v 3.061100 -0.469498 14.921000
v 3.054200 -0.545298 14.932100
v 3.226600 -0.540098 14.950100
v 3.226700 -0.464498 14.936000
v 4.080500 -0.840798 14.443500
v 4.027100 -0.908698 14.559100
v 4.084000 -0.764698 14.498300
v 4.029300 -0.826598 14.609600
v 3.959700 -0.886298 14.716900
v 3.960000 -0.978198 14.673800
v 4.065700 -0.596398 14.553300
v 4.013400 -0.646298 14.651600
v 4.024700 -0.737798 14.637700
v 4.078800 -0.682198 14.532600
v 3.945100 -0.692198 14.744000
v 3.954900 -0.789698 14.737600
v 3.742300 -0.874298 14.905500
v 3.862900 -0.835898 14.828100
v 3.854800 -0.732898 14.827100
v 3.746900 -0.987798 14.904700
v 3.868200 -0.941998 14.816900
v 3.872600 -1.049898 14.786600
v 3.752900 -1.109098 14.890400
v 3.158900 -0.022298 14.423000
v 3.143100 -0.055498 14.496200
v 3.269900 -0.057598 14.522200
v 3.286500 -0.024398 14.452400
v 3.128900 -0.091498 14.564200
v 3.254500 -0.093398 14.586900
v 3.376200 -0.098998 14.600600
v 3.392800 -0.065198 14.541200
v 3.409700 -0.033498 14.476300
v 3.106500 -0.162598 14.681400
v 3.231400 -0.163298 14.697900
v 3.241400 -0.129398 14.645600
v 3.116600 -0.127998 14.626300
v 3.350100 -0.163498 14.700300
v 3.360700 -0.132398 14.653800
v 3.512700 -0.160898 14.683000
v 3.544000 -0.143998 14.655900
v 3.463200 -0.136398 14.654600
v 3.449200 -0.162598 14.693100
v 3.574800 -0.119598 14.615200
v 3.485400 -0.107698 14.608700
v 3.615000 -0.065698 14.510100
v 3.521500 -0.047898 14.495200
v 3.504500 -0.077198 14.555200
v 3.597600 -0.092498 14.566100
v 3.034000 -0.029198 14.387300
v 3.020100 -0.059898 14.461000
v 2.917200 -0.042798 14.349200
v 2.905900 -0.069898 14.421900
v 2.897700 -0.100198 14.489100
v 3.008200 -0.093898 14.529500
v 2.729900 -0.081998 14.282000
v 2.724200 -0.101798 14.352200
v 2.805600 -0.084198 14.383900
v 2.814000 -0.061198 14.312800
v 2.726500 -0.123698 14.417100
v 2.802500 -0.109998 14.449300
v 2.756600 -0.160898 14.517500
v 2.805200 -0.161298 14.553800
v 2.805500 -0.136098 14.507300
v 2.739000 -0.145098 14.475200
v 2.885600 -0.161598 14.601000
v 2.891900 -0.131398 14.549500
v 2.997900 -0.128698 14.591700
v 2.988600 -0.162098 14.646300
v 3.602700 -0.242398 14.757800
v 3.683400 -0.222598 14.711200
v 3.660800 -0.197498 14.694900
v 3.585300 -0.216698 14.738000
v 3.740300 -0.199998 14.660600
v 3.713100 -0.175298 14.647300
v 3.681100 -0.153698 14.635300
v 3.634300 -0.176098 14.679600
v 3.565500 -0.194698 14.718400
v 3.805400 -0.151598 14.547000
v 3.771400 -0.128098 14.538900
v 3.748000 -0.151598 14.595300
v 3.779100 -0.175898 14.605900
v 3.733000 -0.105898 14.530800
v 3.712100 -0.129598 14.585600
v 3.664400 -0.109898 14.576000
v 3.683200 -0.085098 14.521600
v 3.637600 -0.135098 14.624300
v 3.539400 -0.175398 14.699000
v 3.598200 -0.157698 14.665400
v 3.661700 -0.356898 14.817200
v 3.533600 -0.376898 14.866200
v 3.641700 -0.310098 14.797600
v 3.519600 -0.328598 14.845300
v 3.377400 -0.342798 14.881300
v 3.385000 -0.392298 14.902600
v 3.492500 -0.257998 14.800400
v 3.505700 -0.289798 14.823400
v 3.621800 -0.272798 14.777700
v 3.362700 -0.269498 14.832200
v 3.369900 -0.302598 14.857700
v 3.083500 -0.279698 14.834900
v 3.078600 -0.314598 14.862100
v 3.224200 -0.310998 14.873200
v 3.223100 -0.276698 14.846000
v 3.073300 -0.356398 14.885700
v 3.225300 -0.352198 14.897400
v 3.226200 -0.402698 14.918400
v 3.067500 -0.407298 14.905400
v 2.953700 -0.278198 14.791800
v 2.943200 -0.313198 14.816700
v 2.837800 -0.272698 14.725500
v 2.822100 -0.307098 14.746500
v 2.804700 -0.348198 14.764400
v 2.931600 -0.354898 14.838000
v 2.663500 -0.250298 14.557900
v 2.639800 -0.282698 14.568900
v 2.719600 -0.296798 14.660800
v 2.739700 -0.263298 14.644700
v 2.613500 -0.321498 14.578200
v 2.697200 -0.336898 14.674500
v 2.555500 -0.427898 14.590000
v 2.647500 -0.446198 14.693100
v 2.673000 -0.385898 14.685400
v 2.585200 -0.369098 14.585400
v 2.766000 -0.459698 14.789400
v 2.785900 -0.398298 14.778800
v 2.919100 -0.405598 14.855500
v 2.905700 -0.467598 14.868700
v 3.236200 0.046202 14.095400
v 3.259900 0.041502 14.007700
v 3.150200 0.026702 13.976800
v 3.118900 0.031102 14.061400
v 3.283800 0.029502 13.923200
v 3.182800 0.016002 13.895900
v 3.086500 -0.004898 13.874500
v 3.045700 0.003302 13.950200
v 3.007300 0.006702 14.030700
v 3.325000 -0.005098 13.782200
v 3.238500 -0.014698 13.761400
v 3.213300 0.001502 13.822700
v 3.306000 0.013102 13.846400
v 3.155600 -0.028498 13.751300
v 3.125100 -0.015998 13.807200
v 3.029400 -0.051898 13.758700
v 2.986600 -0.051498 13.790800
v 3.047000 -0.034598 13.799100
v 3.081600 -0.042298 13.751700
v 2.931200 -0.049798 13.843000
v 3.000600 -0.028398 13.857800
v 2.825300 -0.047398 13.981100
v 2.907400 -0.021298 14.003800
v 2.952100 -0.023398 13.927600
v 2.875400 -0.047898 13.908200
v 3.649300 -0.002698 14.228800
v 3.642800 -0.002898 14.142400
v 3.565300 0.016502 14.115000
v 3.565200 0.018502 14.202100
v 3.629900 -0.007598 14.057800
v 3.561100 0.008902 14.030100
v 3.477700 0.022502 13.994600
v 3.472300 0.032802 14.080800
v 3.464800 0.036202 14.168800
v 3.593000 -0.019098 13.932700
v 3.551300 -0.013798 13.896300
v 3.554000 -0.001598 13.955100
v 3.611500 -0.013898 13.983600
v 3.487000 -0.007698 13.853100
v 3.481700 0.008302 13.916800
v 3.397300 0.014302 13.879200
v 3.409700 -0.003698 13.813900
v 3.383600 0.030602 13.957600
v 3.353300 0.046702 14.132200
v 3.368900 0.042302 14.043700
v 4.164200 -0.465598 13.271700
v 4.203600 -0.476398 13.331600
v 4.180600 -0.527798 13.374500
v 4.141300 -0.513998 13.304300
v 4.245400 -0.470598 13.403500
v 4.223200 -0.523098 13.458500
v 4.197700 -0.579298 13.517900
v 4.152400 -0.583998 13.416000
v 4.112400 -0.566798 13.329900
v 4.312300 -0.418598 13.550200
v 4.292200 -0.469198 13.628800
v 4.262600 -0.502698 13.546600
v 4.283600 -0.450498 13.479200
v 4.269500 -0.522298 13.714000
v 4.238800 -0.557798 13.620500
v 4.216000 -0.637598 13.905500
v 4.184000 -0.678298 13.794500
v 4.212500 -0.616198 13.702500
v 4.244100 -0.578298 13.806000
v 4.137800 -0.705098 13.661600
v 4.168600 -0.639798 13.583000
v 4.006100 -0.698598 13.319400
v 4.074200 -0.624998 13.342100
v 4.117000 -0.646198 13.453800
v 4.079400 -0.715698 13.510600
v 4.198300 -0.385798 14.139600
v 4.223500 -0.338898 14.033400
v 4.191300 -0.269498 14.061800
v 4.166400 -0.313198 14.167700
v 4.247800 -0.295598 13.927600
v 4.216400 -0.229598 13.955100
v 4.178400 -0.166798 13.969400
v 4.151200 -0.202798 14.077500
v 4.125800 -0.242698 14.185000
v 4.292800 -0.217998 13.721300
v 4.265500 -0.160098 13.744900
v 4.241300 -0.193198 13.849100
v 4.270900 -0.255498 13.823200
v 4.233000 -0.103898 13.758400
v 4.205900 -0.133598 13.862600
v 4.155400 -0.005598 13.732200
v 4.122100 -0.042098 13.831700
v 4.166000 -0.080198 13.858400
v 4.196800 -0.052098 13.757300
v 4.089300 -0.071398 13.932300
v 4.135400 -0.111898 13.964600
v 4.014900 -0.118398 14.169200
v 4.077100 -0.177498 14.188200
v 4.104100 -0.142798 14.075800
v 4.054800 -0.096798 14.040800
v 4.324400 -0.119798 13.363700
v 4.339200 -0.160998 13.350300
v 4.311600 -0.162098 13.282800
v 4.297000 -0.122498 13.294300
v 4.347400 -0.201798 13.339000
v 4.321000 -0.201898 13.276000
v 4.284400 -0.214298 13.222600
v 4.272800 -0.174898 13.226600
v 4.257800 -0.135598 13.237300
v 4.338900 -0.270598 13.325600
v 4.322100 -0.279598 13.286600
v 4.323500 -0.241298 13.275100
v 4.346400 -0.240698 13.330600
v 4.293200 -0.292698 13.241700
v 4.291400 -0.253398 13.227000
v 4.232500 -0.313998 13.188100
v 4.219900 -0.292998 13.170400
v 4.254600 -0.270298 13.191000
v 4.259400 -0.305498 13.206800
v 4.204100 -0.260798 13.159300
v 4.243200 -0.234698 13.182600
v 4.170800 -0.180198 13.172400
v 4.213600 -0.155898 13.195700
v 4.229400 -0.195998 13.184800
v 4.187800 -0.222098 13.160700
v 2.582200 -0.455098 13.109900
v 2.542700 -0.416098 13.156000
v 2.574000 -0.372298 13.076100
v 2.610400 -0.408398 13.038200
v 2.521200 -0.367098 13.193200
v 2.554200 -0.326998 13.107000
v 2.589900 -0.291898 13.029700
v 2.607000 -0.333698 13.006200
v 2.638900 -0.366798 12.976900
v 2.519000 -0.252298 13.249000
v 2.550700 -0.220998 13.154800
v 2.547500 -0.275598 13.132600
v 2.514500 -0.311398 13.223600
v 2.586200 -0.194498 13.069400
v 2.584000 -0.244598 13.050300
v 2.677500 -0.159798 12.932900
v 2.675300 -0.203098 12.918200
v 2.625800 -0.219898 12.978300
v 2.627800 -0.173798 12.994800
v 2.676800 -0.244398 12.907300
v 2.630000 -0.263598 12.963000
v 2.692100 -0.308898 12.900200
v 2.667900 -0.332298 12.929400
v 2.642300 -0.302398 12.948900
v 2.683200 -0.281798 12.901500
v 2.502800 -0.613798 13.367300
v 2.577600 -0.647098 13.279400
v 2.528000 -0.557998 13.274500
v 2.598900 -0.588698 13.195900
v 2.685200 -0.602898 13.110500
v 2.672400 -0.663698 13.179300
v 2.643400 -0.481098 13.053100
v 2.620800 -0.533198 13.120900
v 2.554600 -0.505098 13.188700
v 2.716700 -0.492898 12.993100
v 2.700300 -0.545898 13.048800
v 2.862000 -0.469698 12.894800
v 2.857800 -0.519398 12.928400
v 2.782700 -0.541798 12.981700
v 2.792700 -0.489398 12.937800
v 2.860100 -0.573298 12.959600
v 2.777000 -0.598898 13.027400
v 2.779500 -0.661498 13.073900
v 2.875000 -0.632098 12.984300
v 2.632800 -0.027898 13.284700
v 2.624100 -0.064298 13.390800
v 2.700900 -0.042398 13.370400
v 2.709000 -0.015198 13.291800
v 2.612800 -0.094298 13.498200
v 2.694100 -0.068898 13.463700
v 2.784700 -0.060098 13.410300
v 2.787400 -0.036898 13.333600
v 2.791000 -0.012698 13.267800
v 2.577800 -0.143298 13.750200
v 2.683100 -0.105998 13.654000
v 2.685700 -0.091498 13.563500
v 2.598400 -0.120698 13.613800
v 2.787000 -0.092298 13.565600
v 2.784500 -0.079398 13.489800
v 3.014500 -0.100998 13.355300
v 2.963100 -0.102098 13.313100
v 2.883500 -0.082398 13.406500
v 2.894500 -0.091698 13.473100
v 2.946200 -0.088498 13.263200
v 2.873300 -0.066298 13.342300
v 2.949100 -0.034098 13.148800
v 2.872800 -0.018398 13.222100
v 2.872400 -0.043598 13.277300
v 2.942500 -0.066098 13.208400
v 3.031000 -0.626198 12.876900
v 3.114600 -0.661498 12.871000
v 3.088300 -0.558998 12.792800
v 3.160000 -0.588198 12.784500
v 3.251500 -0.594698 12.777500
v 3.229200 -0.669498 12.859900
v 3.160100 -0.439698 12.656100
v 3.219200 -0.460398 12.647300
v 3.193800 -0.520698 12.710600
v 3.129600 -0.496398 12.719700
v 3.289800 -0.464198 12.643700
v 3.272100 -0.525798 12.705700
v 3.423500 -0.421498 12.656000
v 3.420400 -0.475998 12.716200
v 3.351800 -0.510998 12.707000
v 3.361400 -0.451198 12.646300
v 3.423700 -0.538698 12.782100
v 3.345100 -0.579298 12.776000
v 3.346700 -0.655498 12.853000
v 3.440700 -0.609198 12.851300
v 3.701400 -0.428898 12.711900
v 3.765700 -0.459298 12.738500
v 3.743800 -0.517798 12.804600
v 3.674600 -0.482398 12.773300
v 3.838600 -0.471998 12.778200
v 3.822800 -0.532198 12.850800
v 3.804200 -0.598798 12.932400
v 3.714900 -0.583898 12.875300
v 3.639200 -0.543198 12.835000
v 3.969300 -0.445798 12.867100
v 3.965000 -0.501498 12.950100
v 3.900300 -0.526498 12.902400
v 3.909800 -0.467398 12.823600
v 3.963800 -0.561798 13.046100
v 3.891800 -0.591398 12.994100
v 3.879600 -0.737398 13.219100
v 3.888100 -0.661498 13.101600
v 3.971500 -0.625798 13.158700
v 3.759600 -0.747598 13.124200
v 3.783000 -0.670898 13.023000
v 3.590200 -0.611598 12.890800
v 3.675700 -0.657698 12.947100
v 3.635700 -0.737898 13.033300
v 3.606500 -0.005098 12.924800
v 3.585500 -0.030498 13.033400
v 3.639500 -0.016898 13.099800
v 3.659400 0.005202 13.014500
v 3.556100 -0.049398 13.130500
v 3.613100 -0.037198 13.197700
v 3.688100 -0.036298 13.258500
v 3.710300 -0.015298 13.160500
v 3.727100 0.007402 13.075700
v 3.443200 -0.069298 13.298700
v 3.541300 -0.063998 13.385600
v 3.577400 -0.053098 13.293000
v 3.515400 -0.062998 13.218800
v 3.635200 -0.064898 13.457800
v 3.662500 -0.053198 13.360300
v 3.838700 -0.090998 13.600100
v 3.834200 -0.087898 13.439400
v 3.751900 -0.063498 13.418500
v 3.730800 -0.072998 13.528600
v 3.845200 -0.071498 13.319600
v 3.769000 -0.046798 13.303400
v 3.884400 -0.009498 13.108300
v 3.802700 0.003202 13.111500
v 3.788600 -0.023398 13.199000
v 3.862300 -0.046098 13.211700
v 3.451100 -0.008098 12.886400
v 3.375700 0.001002 12.940600
v 3.359700 -0.020598 13.024800
v 3.426700 -0.032898 12.991400
v 3.298600 0.001502 12.964300
v 3.281000 -0.020598 13.045800
v 3.262400 -0.041798 13.140900
v 3.343800 -0.040898 13.123300
v 3.413100 -0.051398 13.091200
v 3.158300 -0.018198 12.926800
v 3.141500 -0.052898 13.021000
v 3.204400 -0.029998 13.044000
v 3.224200 -0.004398 12.963200
v 3.117700 -0.078198 13.118000
v 3.182400 -0.053598 13.141300
v 3.125600 -0.082598 13.349700
v 3.152900 -0.071398 13.246600
v 3.082700 -0.095598 13.223000
v 3.227500 -0.072098 13.337600
v 3.244200 -0.059398 13.240700
v 3.412300 -0.064598 13.189800
v 3.336300 -0.056798 13.224400
v 3.329600 -0.067898 13.323400
v 3.216100 -0.137598 12.550300
v 3.273500 -0.129798 12.527800
v 3.273600 -0.172398 12.509800
v 3.218000 -0.182398 12.529100
v 3.336900 -0.128798 12.519700
v 3.334900 -0.170098 12.504000
v 3.333000 -0.210898 12.493400
v 3.275700 -0.213698 12.497700
v 3.223800 -0.224698 12.514400
v 3.449800 -0.141598 12.547700
v 3.444000 -0.183698 12.532100
v 3.394200 -0.174298 12.511500
v 3.398300 -0.133198 12.526300
v 3.434800 -0.223898 12.520600
v 3.388500 -0.214198 12.501200
v 3.404100 -0.284198 12.516000
v 3.372800 -0.286898 12.504300
v 3.379800 -0.251498 12.498100
v 3.420300 -0.259398 12.515200
v 3.327300 -0.288598 12.497500
v 3.330700 -0.250198 12.490500
v 3.246800 -0.287498 12.510500
v 3.234400 -0.261798 12.508700
v 3.280000 -0.252098 12.494400
v 3.280600 -0.288598 12.501000
v 3.742400 -0.134298 12.583500
v 3.801200 -0.125198 12.585500
v 3.807600 -0.168698 12.572500
v 3.750500 -0.178998 12.569500
v 3.863800 -0.120498 12.608300
v 3.868700 -0.164198 12.594700
v 3.871500 -0.207598 12.586500
v 3.813700 -0.211398 12.565400
v 3.760200 -0.221998 12.561900
v 3.970700 -0.130798 12.701600
v 3.974500 -0.177898 12.683100
v 3.926700 -0.166798 12.632700
v 3.922700 -0.121798 12.648300
v 3.972000 -0.222298 12.668800
v 3.926500 -0.210498 12.622100
v 3.947400 -0.288798 12.657500
v 3.916400 -0.290098 12.628400
v 3.921200 -0.251298 12.619000
v 3.961700 -0.261398 12.660300
v 3.870400 -0.290498 12.598200
v 3.872000 -0.249598 12.586700
v 3.787000 -0.286598 12.574700
v 3.773400 -0.260098 12.564400
v 3.820400 -0.251298 12.568000
v 3.822300 -0.289198 12.579800
v 3.036800 -0.317898 12.918100
v 3.025700 -0.394398 12.878900
v 3.008900 -0.407798 12.911500
v 3.053500 -0.295598 12.870500
v 3.046600 -0.367698 12.831500
v 3.044500 -0.439698 12.808500
v 3.014100 -0.475298 12.862300
v 2.988200 -0.493398 12.900300
v 3.093300 -0.234598 12.751200
v 3.094100 -0.294998 12.715300
v 3.070000 -0.332798 12.775100
v 3.072600 -0.266498 12.812900
v 3.102300 -0.352398 12.688600
v 3.074200 -0.396898 12.749000
v 3.091900 -0.453298 12.731500
v 3.122700 -0.402198 12.669400
v 3.054100 -0.506498 12.798200
v 2.962700 -0.586098 12.919300
v 3.006700 -0.558398 12.867800
v 4.006900 -0.407598 12.901400
v 4.005300 -0.458298 12.984400
v 4.025800 -0.357098 12.930600
v 4.025000 -0.401898 13.011700
v 4.024700 -0.444198 13.092100
v 4.006100 -0.509998 13.074300
v 4.019800 -0.236698 12.990600
v 4.016200 -0.269898 13.070300
v 4.027500 -0.337398 13.038300
v 4.029000 -0.298598 12.958900
v 4.012300 -0.299898 13.144400
v 4.025600 -0.372598 13.113300
v 4.025400 -0.399698 13.177100
v 4.010200 -0.323198 13.206300
v 4.035200 -0.496998 13.221200
v 4.027400 -0.479198 13.166000
v 4.013700 -0.559798 13.170000
v 4.030000 -0.585698 13.245800
v 4.133200 -0.435798 13.232400
v 4.153300 -0.395098 13.204900
v 4.184400 -0.420598 13.238200
v 4.108200 -0.391698 13.212900
v 4.127800 -0.356098 13.188700
v 4.148900 -0.322198 13.167900
v 4.173100 -0.357198 13.181500
v 4.202600 -0.379298 13.209900
v 4.065300 -0.279598 13.230900
v 4.085200 -0.255098 13.205400
v 4.105800 -0.307998 13.189200
v 4.086400 -0.337998 13.212600
v 4.108300 -0.230098 13.183200
v 4.127900 -0.278498 13.168700
v 4.154600 -0.249698 13.157300
v 4.136300 -0.204998 13.170200
v 4.173500 -0.290198 13.156200
v 4.219400 -0.341998 13.192700
v 4.194000 -0.322598 13.168600
v 2.914500 -0.174898 12.831000
v 2.950200 -0.192398 12.841000
v 2.939300 -0.240698 12.819800
v 2.905600 -0.219998 12.812900
v 2.973400 -0.213698 12.860900
v 2.960600 -0.265798 12.836200
v 2.940200 -0.313698 12.823200
v 2.922600 -0.284798 12.808600
v 2.892900 -0.261798 12.803400
v 2.996000 -0.262698 12.913600
v 2.980100 -0.324798 12.882100
v 2.973000 -0.294198 12.858200
v 2.987600 -0.237498 12.886400
v 2.953700 -0.382998 12.867800
v 2.949300 -0.346798 12.844200
v 2.866400 -0.423998 12.862600
v 2.914500 -0.391298 12.845300
v 2.915000 -0.432798 12.871700
v 2.868100 -0.382998 12.836200
v 2.910000 -0.353898 12.823100
v 2.855000 -0.322098 12.813900
v 2.874400 -0.297598 12.804800
v 2.898100 -0.321898 12.809000
v 2.863700 -0.347498 12.819400
v 2.856000 -0.204998 12.819200
v 2.862700 -0.161998 12.835100
v 2.847100 -0.246098 12.810800
v 2.791600 -0.237598 12.830600
v 2.796800 -0.196598 12.838700
v 2.801600 -0.154698 12.853300
v 2.823000 -0.320398 12.821800
v 2.834500 -0.283898 12.812100
v 2.776400 -0.316898 12.841800
v 2.785100 -0.277498 12.831100
v 2.732700 -0.275098 12.861500
v 2.727800 -0.312498 12.871800
v 2.732800 -0.236398 12.863000
v 2.737600 -0.153698 12.885800
v 2.734400 -0.195598 12.871700
v 4.054700 0.027202 13.452400
v 4.068500 0.035002 13.478400
v 4.075700 0.040302 13.453200
v 4.055100 0.028602 13.427600
v 4.091100 0.044202 13.510900
v 4.100000 0.050102 13.483100
v 4.110500 0.052802 13.454000
v 4.084100 0.042602 13.425300
v 4.062100 0.030302 13.399600
v 4.135800 0.054902 13.554000
v 4.149100 0.060102 13.538300
v 4.126100 0.057002 13.511200
v 4.116300 0.051302 13.538600
v 4.162800 0.063602 13.509900
v 4.137900 0.060202 13.483100
v 4.173100 0.059702 13.448500
v 4.157600 0.056502 13.425200
v 4.147500 0.059502 13.452600
v 4.171000 0.062902 13.476000
v 4.133800 0.049602 13.398600
v 4.122000 0.052602 13.425300
v 4.090500 0.032402 13.365900
v 4.076000 0.031602 13.377700
v 4.096600 0.042902 13.400600
v 4.108900 0.040402 13.377400
v 3.369100 -0.061498 13.627400
v 3.359000 -0.051098 13.665000
v 3.442700 -0.049098 13.699500
v 3.456000 -0.059498 13.663700
v 3.349500 -0.037798 13.698600
v 3.431300 -0.035998 13.731500
v 3.507900 -0.037098 13.777400
v 3.521600 -0.049198 13.748700
v 3.538100 -0.059098 13.715900
v 3.420700 -0.020698 13.767200
v 3.338800 -0.022198 13.735300
v 3.496000 -0.022998 13.809400
v 3.613100 -0.029098 13.920300
v 3.560600 -0.026698 13.860000
v 3.635300 -0.040998 13.905100
v 3.576500 -0.039298 13.835400
v 3.679300 -0.060798 13.863300
v 3.613200 -0.059798 13.782800
v 3.593600 -0.050498 13.811600
v 3.656500 -0.051698 13.887400
v 2.677300 -0.097898 13.911400
v 2.742500 -0.090198 13.834500
v 2.726200 -0.096798 13.805300
v 2.656900 -0.106998 13.887000
v 2.821300 -0.086298 13.763100
v 2.809900 -0.091398 13.729300
v 2.800200 -0.095298 13.685900
v 2.710300 -0.102998 13.767700
v 2.635400 -0.117198 13.854900
v 3.002300 -0.081798 13.652300
v 3.000400 -0.086398 13.610200
v 2.902900 -0.088698 13.662900
v 2.909400 -0.084198 13.701100
v 3.001300 -0.090098 13.553400
v 2.898900 -0.092198 13.612200
v 2.897900 -0.094098 13.545300
v 3.005400 -0.093098 13.476800
v 2.792400 -0.096598 13.631200
v 2.611000 -0.128798 13.813100
v 2.693600 -0.107898 13.719600
v 2.670500 -0.103298 14.260900
v 2.667000 -0.121598 14.331900
v 2.629000 -0.125298 14.247000
v 2.627200 -0.143698 14.320100
v 2.636300 -0.162898 14.392000
v 2.673300 -0.141498 14.399400
v 2.572600 -0.172298 14.231000
v 2.572300 -0.194098 14.311300
v 2.597900 -0.167798 14.314200
v 2.598600 -0.148198 14.237800
v 2.584400 -0.214898 14.392100
v 2.608800 -0.187498 14.390500
v 2.683900 -0.221698 14.545900
v 2.636000 -0.205798 14.467500
v 2.613200 -0.233898 14.474000
v 2.705100 -0.196998 14.534200
v 2.660800 -0.181298 14.463000
v 2.692900 -0.160598 14.463000
v 2.730900 -0.175898 14.524200
v 3.734000 -0.061598 13.956300
v 3.764000 -0.068898 13.928100
v 3.706200 -0.067898 13.828900
v 3.777400 -0.063498 14.055900
v 3.810200 -0.071498 14.034500
v 3.846400 -0.076398 14.003400
v 3.798800 -0.074198 13.887200
v 3.739000 -0.073598 13.779600
v 3.829500 -0.076098 14.252500
v 3.866400 -0.087498 14.244100
v 3.844300 -0.077098 14.141800
v 3.809200 -0.067798 14.156600
v 3.907500 -0.096998 14.229500
v 3.883200 -0.083498 14.119400
v 3.969200 -0.084898 14.036800
v 3.926300 -0.087398 14.087800
v 3.954300 -0.106498 14.207100
v 3.925800 -0.074998 13.907200
v 3.885700 -0.078098 13.960900
v 3.779300 -0.078998 13.710900
v 3.839100 -0.077698 13.830200
v 3.882500 -0.078098 13.769400
v 3.110300 -0.086298 13.440400
v 3.102500 -0.085298 13.516300
v 3.202300 -0.079698 13.498200
v 3.213500 -0.078398 13.424100
v 3.095400 -0.077298 13.620500
v 3.097600 -0.082198 13.575200
v 3.188100 -0.071598 13.605800
v 3.193900 -0.077198 13.558200
v 3.381700 -0.068398 13.578700
v 3.288800 -0.072298 13.559300
v 3.279500 -0.065898 13.608100
v 3.397400 -0.071598 13.514100
v 3.300800 -0.074998 13.496300
v 3.316100 -0.073798 13.415900
v 3.416600 -0.071198 13.428700
v 3.465800 -0.375198 12.673600
v 3.465500 -0.420298 12.735100
v 3.491800 -0.317898 12.697800
v 3.491600 -0.351898 12.762000
v 3.492700 -0.385198 12.823300
v 3.469800 -0.469498 12.797800
v 3.509600 -0.193998 12.760500
v 3.505200 -0.208298 12.833800
v 3.503300 -0.278598 12.795400
v 3.505200 -0.255598 12.727200
v 3.512400 -0.426998 12.895300
v 3.498800 -0.413698 12.872200
v 3.484900 -0.520198 12.855800
v 3.511600 -0.546498 12.887300
v 3.655900 -0.380598 12.705900
v 3.682400 -0.341198 12.651400
v 3.724700 -0.382498 12.657100
v 3.625100 -0.320598 12.716400
v 3.653600 -0.289598 12.659600
v 3.683600 -0.262298 12.612300
v 3.708800 -0.307398 12.607200
v 3.746300 -0.342798 12.613500
v 3.592000 -0.191798 12.770900
v 3.622100 -0.176098 12.704500
v 3.634700 -0.232898 12.678500
v 3.605100 -0.255598 12.739500
v 3.655400 -0.160698 12.647900
v 3.666800 -0.211998 12.626900
v 3.704500 -0.193698 12.589100
v 3.694600 -0.146498 12.605900
v 3.718000 -0.239398 12.578600
v 3.768100 -0.309798 12.585600
v 3.737700 -0.279498 12.577800
v 2.715900 -1.719498 13.957100
v 2.848700 -1.724598 13.889600
v 2.728100 -1.605598 13.935600
v 2.861500 -1.611898 13.868300
v 2.999500 -1.614598 13.837500
v 2.986800 -1.727598 13.858300
v 2.756200 -1.393198 13.853800
v 2.891000 -1.401098 13.787600
v 2.875400 -1.503198 13.835100
v 2.741300 -1.495998 13.902100
v 3.029300 -1.403598 13.757300
v 3.013500 -1.505798 13.804600
v 3.296300 -1.504698 13.837400
v 3.154300 -1.505598 13.806800
v 3.169900 -1.402898 13.759300
v 3.282600 -1.614898 13.869900
v 3.140500 -1.615198 13.839400
v 3.128000 -1.728998 13.859500
v 3.270500 -1.729398 13.889800
v 3.438100 -1.504798 13.892500
v 3.570300 -1.504298 13.972700
v 3.555800 -1.614298 14.005800
v 3.424300 -1.614998 13.925200
v 3.768200 -1.494198 14.211200
v 3.683500 -1.501298 14.078800
v 3.750000 -1.605898 14.245100
v 3.667600 -1.611598 14.112200
v 3.653100 -1.726598 14.133800
v 3.733500 -1.722498 14.266900
v 3.542700 -1.728798 14.026700
v 3.411900 -1.729498 13.945400
v 3.815000 -1.481098 14.370800
v 3.822500 -1.461598 14.544800
v 3.795600 -1.582998 14.577100
v 3.793300 -1.595998 14.405000
v 3.704400 -1.414198 14.877600
v 3.789400 -1.435298 14.720500
v 3.666400 -1.555898 14.897100
v 3.754800 -1.568198 14.746700
v 3.728400 -1.699598 14.763500
v 3.638500 -1.692398 14.910500
v 3.773000 -1.707798 14.597000
v 3.774000 -1.715798 14.426500
v 3.501300 -1.687298 15.022900
v 3.525900 -1.550398 15.011500
v 3.350500 -1.548698 15.084000
v 3.331000 -1.683898 15.094400
v 3.581000 -1.272198 14.982000
v 3.556300 -1.410298 14.995500
v 3.387200 -1.282298 15.052800
v 3.370400 -1.413898 15.069300
v 2.972200 -1.415898 15.065500
v 3.172100 -1.415698 15.094200
v 3.185300 -1.287298 15.075800
v 2.960100 -1.547198 15.080000
v 3.157400 -1.547798 15.108800
v 3.141700 -1.681798 15.118800
v 2.947600 -1.680398 15.089700
v 2.782000 -1.414798 14.978400
v 2.614300 -1.412298 14.844900
v 2.609000 -1.545698 14.858500
v 2.772300 -1.546198 14.991600
v 2.410700 -1.412698 14.493900
v 2.481800 -1.408498 14.677000
v 2.419100 -1.551698 14.518300
v 2.485100 -1.546498 14.695200
v 2.482600 -1.681498 14.706900
v 2.418600 -1.685798 14.532900
v 2.602500 -1.679598 14.868100
v 2.762700 -1.679498 15.000900
v 2.425900 -1.693298 14.361600
v 2.429100 -1.564598 14.344200
v 2.496100 -1.580398 14.182700
v 2.488500 -1.702298 14.202400
v 2.425300 -1.313898 14.259600
v 2.426800 -1.434498 14.314800
v 2.512000 -1.351498 14.097800
v 2.503000 -1.461798 14.149900
v 2.612500 -1.482198 14.009700
v 2.626100 -1.377298 13.959900
v 2.601100 -1.594598 14.043500
v 2.590500 -1.711598 14.064500
v 3.904100 -0.973198 13.703900
v 3.983100 -0.953898 13.844700
v 3.931400 -0.891798 13.585900
v 4.012900 -0.874798 13.727700
v 4.075100 -0.849598 13.873500
v 4.042400 -0.925098 13.989400
v 4.044800 -0.793598 13.609100
v 3.963100 -0.805798 13.461900
v 4.106700 -0.775698 13.761400
v 4.185100 -0.700598 14.012900
v 4.153500 -0.744298 13.898000
v 4.150600 -0.766898 14.126100
v 4.120600 -0.813798 14.009700
v 4.084500 -0.886098 14.126100
v 4.111700 -0.835898 14.242800
v 3.553500 -0.988798 13.390400
v 3.578300 -0.908598 13.271200
v 3.708600 -0.908898 13.356800
v 3.684300 -0.988198 13.473400
v 3.604500 -0.823298 13.146800
v 3.734300 -0.827798 13.237900
v 3.856700 -0.819598 13.340600
v 3.828200 -0.903198 13.462000
v 3.802800 -0.983798 13.579000
v 3.187700 -1.309898 13.694700
v 3.047400 -1.310698 13.693300
v 3.067400 -1.224898 13.614300
v 3.207500 -1.224198 13.614900
v 2.774000 -1.299798 13.788400
v 2.909100 -1.308198 13.723500
v 2.793700 -1.213698 13.707800
v 2.929100 -1.222298 13.644500
v 2.950400 -1.141098 13.552600
v 2.814700 -1.132598 13.614300
v 3.088800 -1.143998 13.522300
v 3.228900 -1.143698 13.522000
v 2.643100 -1.282798 13.891100
v 2.525700 -1.254698 14.020400
v 2.543000 -1.168198 13.925500
v 2.662400 -1.196398 13.806300
v 2.367700 -1.150198 14.292400
v 2.431200 -1.213198 14.165000
v 2.371300 -1.068798 14.161700
v 2.443400 -1.126898 14.050600
v 2.460900 -1.049198 13.936000
v 2.384800 -0.995298 14.039200
v 2.562800 -1.088698 13.820900
v 2.683100 -1.115798 13.708700
v 2.378200 -0.745198 14.461600
v 2.357100 -0.846898 14.443700
v 2.348800 -0.706198 14.348200
v 2.330400 -0.802998 14.325000
v 2.323500 -0.899098 14.290400
v 2.344300 -0.951698 14.415200
v 2.327200 -0.753598 14.208600
v 2.342300 -0.662198 14.236000
v 2.324700 -0.842698 14.170200
v 2.341700 -0.924898 14.115500
v 2.334200 -0.990298 14.238800
v 2.343300 -1.057898 14.370300
v 2.452000 -0.314298 14.197600
v 2.421500 -0.376298 14.184900
v 2.418500 -0.413498 14.286200
v 2.449700 -0.348398 14.295100
v 2.393200 -0.449098 14.169000
v 2.389300 -0.489398 14.274000
v 2.400000 -0.525598 14.378500
v 2.430400 -0.446698 14.387100
v 2.462400 -0.378798 14.392100
v 2.363500 -0.573198 14.257500
v 2.368600 -0.529398 14.149100
v 2.372400 -0.612898 14.365800
v 2.466400 -0.677298 14.585100
v 2.403800 -0.647898 14.474700
v 2.495100 -0.584098 14.589900
v 2.432700 -0.557298 14.483500
v 2.495700 -0.405398 14.490000
v 2.463800 -0.475698 14.488500
v 2.525100 -0.500298 14.591500
v 2.411800 -0.385798 13.819500
v 2.432400 -0.339598 13.707800
v 2.393700 -0.433998 13.930200
v 2.420700 -0.359198 13.954700
v 2.442100 -0.312998 13.844200
v 2.465200 -0.268898 13.731300
v 2.378900 -0.482498 14.040100
v 2.404000 -0.405198 14.062800
v 2.463700 -0.276598 14.098500
v 2.433000 -0.335398 14.081900
v 2.486300 -0.235898 13.994900
v 2.452900 -0.291698 13.975400
v 2.510800 -0.203598 13.746600
v 2.481400 -0.246098 13.863200
v 2.521400 -0.192698 13.883900
v 2.862400 -0.726398 14.890200
v 2.877200 -0.630298 14.883900
v 2.724200 -0.621198 14.799700
v 2.703400 -0.716898 14.802500
v 2.891700 -0.543298 14.877400
v 2.745300 -0.534698 14.795800
v 2.621000 -0.520098 14.697200
v 2.594500 -0.605598 14.698500
v 2.568900 -0.700398 14.697600
v 3.196600 -1.164298 15.054400
v 3.397300 -1.156498 15.036800
v 3.403000 -1.036598 15.020500
v 3.206100 -1.046698 15.031900
v 3.588600 -1.141298 14.978000
v 3.587500 -1.018098 14.975300
v 3.586500 -0.902898 14.965700
v 3.406600 -0.922498 15.002600
v 3.213600 -0.934098 15.010000
v 4.172100 -0.436698 14.245100
v 4.193000 -0.510998 14.211000
v 4.221000 -0.456998 14.103700
v 4.142800 -0.489898 14.349600
v 4.161200 -0.567398 14.318700
v 4.169500 -0.641098 14.274900
v 4.203200 -0.581398 14.164300
v 4.232700 -0.524398 14.055700
v 4.123700 -0.624898 14.426000
v 4.108100 -0.543698 14.452500
v 4.130200 -0.702598 14.386500
v 4.126600 -0.773798 14.327500
v 4.166400 -0.708498 14.212600
v 4.231600 -0.585498 13.991100
v 4.201100 -0.645498 14.100000
v 3.953900 -0.290598 14.577700
v 3.988300 -0.353998 14.578900
v 4.019700 -0.311698 14.493700
v 3.981800 -0.251798 14.497400
v 4.019200 -0.428598 14.575800
v 4.054500 -0.382998 14.485600
v 4.081700 -0.335498 14.390200
v 4.042400 -0.266898 14.400600
v 4.000200 -0.210598 14.407200
v 4.084500 -0.461698 14.472000
v 4.045400 -0.510598 14.567400
v 4.115700 -0.411198 14.373300
v 4.142100 -0.361098 14.271700
v 4.104100 -0.287798 14.289600
v 4.010800 -0.167298 14.303600
v 4.059100 -0.220498 14.297600
v 3.842200 -0.634398 14.820800
v 3.930000 -0.597598 14.744400
v 3.910200 -0.508798 14.739700
v 3.825700 -0.542698 14.810300
v 3.995800 -0.556098 14.659100
v 3.972900 -0.470698 14.661000
v 3.914900 -0.326798 14.651600
v 3.945700 -0.393098 14.658200
v 3.859800 -0.359898 14.719200
v 3.886600 -0.428598 14.731000
v 3.805900 -0.460198 14.796600
v 3.783500 -0.389498 14.780800
v 3.559900 0.011902 14.283500
v 3.648500 -0.009898 14.308400
v 3.454100 0.030002 14.252500
v 3.441000 0.015402 14.331800
v 3.550200 -0.002198 14.359500
v 3.641700 -0.023398 14.381600
v 3.214500 0.041102 14.181300
v 3.337100 0.040902 14.217700
v 3.194400 0.027102 14.265000
v 3.320300 0.026202 14.299800
v 3.303400 0.004002 14.378200
v 3.176000 0.005602 14.345800
v 3.425900 -0.006198 14.406400
v 3.630200 -0.042298 14.448700
v 3.537000 -0.022498 14.430000
v 3.092100 0.026902 14.145700
v 2.976100 0.003602 14.112100
v 2.951400 -0.005898 14.193100
v 3.069400 0.015002 14.228700
v 2.787300 -0.050198 14.056400
v 2.872500 -0.023798 14.081900
v 2.759800 -0.056598 14.132600
v 2.846200 -0.031198 14.160400
v 2.827100 -0.043598 14.237800
v 2.741200 -0.067098 14.208300
v 2.932000 -0.021398 14.272600
v 3.050200 -0.003998 14.309600
v 3.917200 -0.242198 14.572600
v 3.881700 -0.274898 14.641900
v 3.879400 -0.205098 14.565000
v 3.847200 -0.234498 14.630300
v 3.800300 -0.262298 14.690600
v 3.830700 -0.305298 14.705500
v 3.812600 -0.202498 14.618000
v 3.841800 -0.176098 14.556100
v 3.769800 -0.228098 14.675300
v 3.708000 -0.251798 14.728500
v 3.733500 -0.287798 14.746200
v 3.759000 -0.332798 14.763800
v 3.838000 -0.089598 14.338000
v 3.876100 -0.103998 14.335000
v 3.836000 -0.107398 14.414500
v 3.874600 -0.125298 14.416200
v 3.915200 -0.145498 14.415800
v 3.917600 -0.118598 14.328000
v 3.862800 -0.149798 14.489400
v 3.824700 -0.128398 14.483700
v 3.902300 -0.174898 14.494200
v 3.942300 -0.207598 14.497200
v 3.957400 -0.172098 14.412500
v 3.963000 -0.136598 14.315600
v 3.698700 -0.063198 14.462000
v 3.749500 -0.084698 14.471400
v 3.760100 -0.066698 14.406200
v 3.709500 -0.045098 14.396700
v 3.789200 -0.106598 14.478200
v 3.800100 -0.087698 14.411700
v 3.795500 -0.061098 14.256500
v 3.802600 -0.072198 14.338300
v 3.758300 -0.043298 14.254700
v 3.763500 -0.052698 14.334400
v 3.714300 -0.031598 14.324900
v 3.711600 -0.023598 14.245900
v 3.454400 -0.185498 14.724600
v 3.348100 -0.190498 14.740000
v 3.351400 -0.215598 14.774300
v 3.468400 -0.207498 14.751500
v 3.098800 -0.192798 14.728700
v 3.225500 -0.192698 14.743000
v 3.092900 -0.220998 14.769300
v 3.222800 -0.219798 14.782000
v 3.222400 -0.247098 14.815900
v 3.088000 -0.249198 14.804300
v 3.356400 -0.241198 14.804700
v 3.480600 -0.231198 14.776700
v 2.963100 -0.247698 14.763700
v 2.971700 -0.219498 14.731000
v 2.863800 -0.215298 14.674300
v 2.851400 -0.242598 14.701900
v 2.980100 -0.191698 14.692300
v 2.875700 -0.188898 14.641600
v 2.792200 -0.184498 14.584600
v 2.773800 -0.207998 14.606700
v 2.757000 -0.233998 14.626700
v 4.253200 -0.343398 13.226400
v 4.289000 -0.332898 13.268300
v 4.279200 -0.375298 13.305400
v 4.239900 -0.384298 13.253000
v 4.343800 -0.292498 13.360600
v 4.320400 -0.316598 13.316800
v 4.341300 -0.326998 13.413300
v 4.314700 -0.355798 13.361500
v 4.301700 -0.400998 13.416600
v 4.329700 -0.370098 13.477400
v 4.264400 -0.421298 13.351500
v 4.223400 -0.428598 13.289600
v 4.325300 -0.377298 13.608000
v 4.305700 -0.425498 13.695400
v 4.324900 -0.328698 13.654600
v 4.305200 -0.373798 13.748500
v 4.283500 -0.421198 13.847100
v 4.283700 -0.475998 13.788600
v 4.292900 -0.316398 13.790400
v 4.313300 -0.274898 13.691800
v 4.270800 -0.360198 13.892500
v 4.246900 -0.406998 13.997200
v 4.259400 -0.471198 13.949700
v 4.259100 -0.529098 13.887200
v 4.333500 -0.130898 13.442600
v 4.349200 -0.175098 13.425900
v 4.328300 -0.152898 13.529500
v 4.345500 -0.200998 13.508600
v 4.354800 -0.247298 13.483600
v 4.357500 -0.218198 13.408100
v 4.332200 -0.235298 13.597500
v 4.313300 -0.182898 13.622900
v 4.342700 -0.285398 13.566100
v 4.342600 -0.330898 13.526600
v 4.354100 -0.290098 13.452900
v 4.356000 -0.258498 13.388700
v 4.228300 -0.031698 13.661400
v 4.201500 0.007002 13.652000
v 4.259500 -0.078698 13.657700
v 4.280100 -0.059098 13.562200
v 4.253600 -0.017998 13.570700
v 4.229800 0.015802 13.571800
v 4.288500 -0.129798 13.643900
v 4.305800 -0.104798 13.547900
v 4.305600 -0.079398 13.378500
v 4.313000 -0.087198 13.458800
v 4.284400 -0.041698 13.393800
v 4.289900 -0.046098 13.473400
v 4.241500 0.019402 13.421400
v 4.243900 0.020402 13.493300
v 4.266100 -0.009598 13.485300
v 4.262500 -0.008198 13.408400
v 4.153100 -0.138098 13.192300
v 4.196300 -0.116098 13.213000
v 4.135700 -0.097798 13.217700
v 4.178700 -0.078298 13.234800
v 4.222200 -0.060598 13.271700
v 4.240600 -0.096998 13.252800
v 4.105900 -0.029498 13.273700
v 4.146100 -0.015098 13.283900
v 4.161600 -0.044098 13.259100
v 4.119600 -0.060998 13.245700
v 4.186300 -0.000698 13.313800
v 4.203700 -0.027998 13.292500
v 4.239500 -0.015198 13.343200
v 4.220200 0.011602 13.360600
v 4.259700 -0.047398 13.325600
v 4.279300 -0.083698 13.308900
v 2.434800 -0.367598 13.566200
v 2.425400 -0.438398 13.532400
v 2.460700 -0.325598 13.456400
v 2.452900 -0.392898 13.424900
v 2.458900 -0.456498 13.386000
v 2.430900 -0.505598 13.490300
v 2.482700 -0.350598 13.321400
v 2.488900 -0.287198 13.350100
v 2.489200 -0.410298 13.286600
v 2.512000 -0.462998 13.243100
v 2.482600 -0.512798 13.336800
v 2.455200 -0.565298 13.436400
v 2.584100 -0.080298 13.294300
v 2.568500 -0.106898 13.397700
v 2.552500 -0.134898 13.287800
v 2.529800 -0.162498 13.392200
v 2.508100 -0.194598 13.502400
v 2.551900 -0.138098 13.509200
v 2.503900 -0.223498 13.375000
v 2.531200 -0.192798 13.271600
v 2.478400 -0.258298 13.483600
v 2.454600 -0.297098 13.595200
v 2.486900 -0.229798 13.616400
v 2.533500 -0.168898 13.627100
v 2.633600 -0.127598 13.012500
v 2.682400 -0.116598 12.950200
v 2.593700 -0.144298 13.088200
v 2.605500 -0.096098 13.105000
v 2.642400 -0.083498 13.030000
v 2.689300 -0.075298 12.968700
v 2.560400 -0.166198 13.175300
v 2.576600 -0.112998 13.191500
v 2.624700 -0.020298 13.198800
v 2.599600 -0.062998 13.200800
v 2.637100 -0.013998 13.124100
v 2.620700 -0.051798 13.117800
v 2.705500 -0.005598 13.003600
v 2.697300 -0.037698 12.986900
v 2.653000 -0.043298 13.045700
v 2.664300 -0.009098 13.058100
v 2.711700 -0.349298 12.898200
v 2.764500 -0.356698 12.864600
v 2.750100 -0.398398 12.898500
v 2.689500 -0.388398 12.938700
v 2.817200 -0.357598 12.838200
v 2.812200 -0.397198 12.862800
v 2.803300 -0.441198 12.897100
v 2.733700 -0.443798 12.942200
v 2.666500 -0.432498 12.991400
v 2.876100 0.045602 13.113700
v 2.888600 0.048602 13.092900
v 2.849200 0.054902 13.100300
v 2.844900 0.049302 13.125400
v 2.895900 0.050902 13.065500
v 2.855000 0.057302 13.073100
v 2.808400 0.060702 13.080900
v 2.804200 0.058202 13.109500
v 2.800600 0.052202 13.136800
v 2.883900 0.049902 13.021800
v 2.856400 0.053202 13.021500
v 2.855500 0.056702 13.046500
v 2.892900 0.051102 13.039500
v 2.816400 0.055402 13.026200
v 2.812600 0.059602 13.052700
v 2.746200 0.053302 13.047400
v 2.731800 0.055802 13.068600
v 2.769400 0.059402 13.061300
v 2.775600 0.055202 13.036200
v 2.721100 0.056702 13.097500
v 2.761900 0.060602 13.089100
v 2.757300 0.052502 13.143500
v 2.759800 0.058302 13.116800
v 2.720800 0.054602 13.125500
v 3.185000 -0.389698 12.600500
v 3.239600 -0.408098 12.592700
v 3.207000 -0.346898 12.555800
v 3.256500 -0.363098 12.549200
v 3.314500 -0.366198 12.547700
v 3.303800 -0.411598 12.590600
v 3.271500 -0.324398 12.518900
v 3.228300 -0.311698 12.525400
v 3.322100 -0.326198 12.516600
v 3.415500 -0.305698 12.531600
v 3.372300 -0.320898 12.522300
v 3.423400 -0.336798 12.561500
v 3.372700 -0.357598 12.552200
v 3.368700 -0.400498 12.594100
v 3.425300 -0.375298 12.603700
v 3.784000 -0.408498 12.680300
v 3.799600 -0.364298 12.633300
v 3.860300 -0.372698 12.662700
v 3.851000 -0.419298 12.714800
v 3.813900 -0.325698 12.600700
v 3.866600 -0.330598 12.623600
v 3.960100 -0.314298 12.685900
v 3.917600 -0.328198 12.655200
v 3.969100 -0.351198 12.732600
v 3.919500 -0.368698 12.697900
v 3.916600 -0.414998 12.754700
v 3.971400 -0.395398 12.793800
v 3.819300 0.080502 12.938100
v 3.834000 0.087902 12.919100
v 3.796000 0.088802 12.888400
v 3.788800 0.079602 12.922800
v 3.846000 0.094202 12.885900
v 3.806000 0.094502 12.853500
v 3.762000 0.089602 12.818000
v 3.753700 0.084602 12.856500
v 3.747500 0.076202 12.894400
v 3.845900 0.093802 12.813400
v 3.820000 0.093102 12.783900
v 3.812300 0.095602 12.816100
v 3.849300 0.095802 12.846000
v 3.782200 0.088502 12.750600
v 3.771700 0.090902 12.781900
v 3.716500 0.073302 12.715100
v 3.698700 0.072302 12.729600
v 3.731700 0.082502 12.753000
v 3.743900 0.080602 12.725900
v 3.683800 0.070402 12.759100
v 3.719400 0.081002 12.784800
v 3.684300 0.065202 12.833700
v 3.709000 0.070602 12.860800
v 3.713600 0.077302 12.823400
v 3.679700 0.067802 12.798800
v 3.418600 0.055802 12.772800
v 3.433800 0.058102 12.746500
v 3.398000 0.064302 12.753900
v 3.389500 0.059102 12.785100
v 3.443500 0.059602 12.714000
v 3.405800 0.066602 12.722300
v 3.360400 0.071102 12.734600
v 3.354600 0.068002 12.766500
v 3.347000 0.061802 12.798300
v 3.431700 0.059002 12.669200
v 3.405500 0.063602 12.669500
v 3.406400 0.066502 12.694100
v 3.441200 0.059702 12.686100
v 3.365700 0.068202 12.677100
v 3.364200 0.071102 12.704300
v 3.292300 0.069802 12.705800
v 3.279200 0.071302 12.729800
v 3.319700 0.072802 12.718300
v 3.323500 0.070202 12.691200
v 3.269200 0.070302 12.761400
v 3.312900 0.072602 12.748500
v 3.273500 0.061302 12.809900
v 3.303800 0.062302 12.807300
v 3.309600 0.068902 12.778200
v 3.268000 0.066202 12.790600
v 3.217000 -0.093198 12.575300
v 3.275400 -0.087598 12.548800
v 3.220600 -0.051098 12.602000
v 3.279000 -0.047598 12.571600
v 3.343600 -0.049098 12.557600
v 3.339900 -0.087898 12.537900
v 3.235400 0.018302 12.652000
v 3.290900 0.018502 12.616700
v 3.284200 -0.011598 12.594700
v 3.226800 -0.013298 12.628300
v 3.352500 0.015002 12.597900
v 3.347800 -0.014298 12.577900
v 3.458900 0.003902 12.616100
v 3.458400 -0.025798 12.600300
v 3.408800 -0.019598 12.579400
v 3.411400 0.009502 12.597200
v 3.456800 -0.060998 12.582900
v 3.405700 -0.054198 12.561100
v 3.402200 -0.092598 12.543100
v 3.454000 -0.100198 12.565000
v 3.734300 -0.091198 12.599900
v 3.793700 -0.082698 12.600800
v 3.726400 -0.050998 12.617300
v 3.785400 -0.042798 12.617500
v 3.847600 -0.036898 12.641600
v 3.856600 -0.077498 12.624300
v 3.713000 0.015002 12.650300
v 3.768200 0.023102 12.650800
v 3.776800 -0.007098 12.634400
v 3.719300 -0.015098 12.634600
v 3.826400 0.030602 12.676400
v 3.837400 -0.000298 12.659300
v 3.920500 0.035702 12.783700
v 3.936400 0.001202 12.765700
v 3.893300 0.003102 12.704600
v 3.879900 0.035502 12.722400
v 3.950700 -0.039298 12.744800
v 3.905300 -0.035098 12.685500
v 3.915400 -0.077298 12.666300
v 3.962500 -0.083998 12.722800
v 3.121000 -0.067998 12.893600
v 3.103800 -0.093198 12.978300
v 3.103000 -0.119998 12.847600
v 3.084200 -0.145298 12.923800
v 3.065500 -0.168898 12.996500
v 3.082100 -0.117598 13.064700
v 3.075600 -0.203498 12.865600
v 3.095000 -0.175898 12.797700
v 3.057800 -0.228798 12.928600
v 3.053800 -0.134898 13.150600
v 3.025500 -0.142998 13.208000
v 3.172700 -0.153798 12.587200
v 3.173200 -0.106498 12.616800
v 3.140000 -0.176498 12.635100
v 3.140500 -0.125798 12.670000
v 3.145200 -0.077398 12.706400
v 3.177100 -0.061598 12.648000
v 3.115500 -0.149498 12.731400
v 3.114700 -0.203998 12.690800
v 3.121900 -0.097098 12.774000
v 3.155600 -0.006998 12.837300
v 3.135800 -0.048498 12.813000
v 3.168400 0.003902 12.764700
v 3.154700 -0.033298 12.739900
v 3.184300 -0.021098 12.677500
v 3.194800 0.012902 12.702100
v 3.148900 -0.356198 12.613500
v 3.127700 -0.311398 12.632500
v 3.153900 -0.275398 12.583200
v 3.173900 -0.316498 12.566800
v 3.117500 -0.259298 12.658000
v 3.143500 -0.227598 12.606100
v 3.175900 -0.201398 12.562200
v 3.184500 -0.245898 12.543400
v 3.200700 -0.284098 12.532300
v 4.000500 -0.148898 12.764800
v 4.004800 -0.198698 12.742600
v 4.015900 -0.174098 12.835600
v 4.021400 -0.227198 12.809400
v 4.017300 -0.276798 12.785000
v 4.001000 -0.245198 12.723100
v 4.028300 -0.261198 12.882100
v 4.021000 -0.203998 12.911600
v 4.024400 -0.314698 12.854600
v 4.006400 -0.360698 12.826100
v 4.000800 -0.319398 12.760500
v 3.987000 -0.285198 12.706400
v 3.936000 -0.061898 13.098700
v 3.953300 -0.040198 13.006300
v 3.924200 0.004602 13.017300
v 3.973300 -0.116798 13.068600
v 3.982700 -0.091798 12.979500
v 3.985300 -0.069598 12.894300
v 3.963600 -0.022498 12.919000
v 3.941100 0.018102 12.934400
v 4.005500 -0.146998 12.946000
v 4.001200 -0.175598 13.029800
v 4.003300 -0.120898 12.865200
v 3.990400 -0.099198 12.790000
v 3.976000 -0.051498 12.815300
v 3.940400 0.029202 12.855400
v 3.958900 -0.007998 12.838000
v 3.984200 -0.251398 13.256600
v 3.988300 -0.230798 13.192100
v 3.953000 -0.167698 13.245600
v 3.947100 -0.186498 13.321500
v 3.948300 -0.197598 13.373900
v 3.994700 -0.204498 13.114200
v 3.962600 -0.143298 13.159300
v 3.919400 -0.088298 13.195100
v 3.905900 -0.113198 13.294200
v 3.902700 -0.140198 13.467400
v 3.898200 -0.130398 13.394700
v 4.031200 -0.322698 13.268000
v 4.051200 -0.393598 13.245500
v 4.068500 -0.462098 13.247300
v 4.049900 -0.488198 13.245600
v 4.067800 -0.367998 13.233300
v 4.046900 -0.303198 13.253600
v 4.088200 -0.428498 13.234400
v 4.111600 -0.478998 13.257900
v 4.086700 -0.522998 13.274500
v 4.056900 -0.565998 13.275500
v 4.002400 -0.056198 13.451400
v 4.006100 -0.109898 13.378900
v 3.982600 -0.124598 13.425400
v 3.979600 -0.079298 13.510500
v 4.021300 -0.164198 13.317500
v 3.999200 -0.179798 13.353100
v 3.978600 -0.192398 13.379400
v 3.956700 -0.137398 13.462100
v 3.949400 -0.093498 13.558500
v 4.042400 -0.221198 13.267000
v 4.005200 -0.254998 13.313700
v 3.960200 -0.198998 13.389800
v 3.908700 -0.099198 13.593400
v 3.926200 -0.142498 13.483000
v 4.117700 -0.159698 13.193400
v 4.088500 -0.180898 13.210300
v 4.070000 -0.133098 13.245400
v 4.099900 -0.115998 13.223000
v 4.063900 -0.201498 13.236900
v 4.044400 -0.148898 13.279300
v 4.021000 -0.055998 13.370600
v 4.029200 -0.098998 13.328400
v 4.043700 -0.050698 13.318900
v 4.054500 -0.088798 13.283900
v 4.084300 -0.075998 13.255200
v 4.071900 -0.041598 13.286000
v 2.984500 -0.086898 13.083900
v 2.984900 -0.072398 13.029400
v 2.970500 -0.028298 13.070600
v 3.000300 -0.142098 13.020200
v 2.994300 -0.124498 12.977300
v 2.982600 -0.108998 12.936800
v 2.979200 -0.061698 12.978300
v 2.971600 -0.021798 13.013600
v 2.994900 -0.180198 12.927900
v 3.003400 -0.201298 12.961500
v 2.980800 -0.160498 12.896000
v 2.921200 -0.128798 12.855600
v 2.957300 -0.143098 12.870400
v 2.925500 -0.084398 12.884000
v 2.960800 -0.095398 12.904200
v 2.926100 -0.009698 12.941800
v 2.957100 -0.015298 12.969800
v 2.960700 -0.051898 12.938600
v 2.927200 -0.043898 12.913500
v 2.984600 -0.107698 13.133800
v 2.989500 -0.127798 13.176400
v 3.003600 -0.140098 13.208800
v 2.915200 -0.477298 12.898300
v 2.957000 -0.421098 12.890400
v 2.962000 -0.456298 12.907100
v 2.920100 -0.522598 12.920000
v 2.985300 -0.356298 12.904000
v 2.990600 -0.383798 12.919300
v 2.971600 -0.483798 12.912800
v 2.934900 -0.566498 12.931800
v 2.742500 -0.111798 12.903400
v 2.748200 -0.071598 12.923100
v 2.812100 -0.072098 12.893700
v 2.806900 -0.112598 12.872000
v 2.759800 -0.003898 12.963900
v 2.754300 -0.034998 12.943700
v 2.819800 -0.003998 12.939700
v 2.816600 -0.035298 12.916700
v 2.876700 -0.038298 12.906500
v 2.877700 -0.005898 12.932000
v 2.873500 -0.076498 12.880500
v 2.868700 -0.118498 12.856100
v 3.997000 -0.048998 13.607300
v 4.019900 -0.029598 13.556300
v 3.966400 -0.064598 13.665700
v 3.999900 -0.050698 13.771500
v 4.030200 -0.032398 13.701300
v 4.053500 -0.012698 13.639700
v 3.926500 -0.073998 13.717100
v 3.964500 -0.065398 13.842100
v 4.007800 -0.071998 13.956400
v 4.042600 -0.051998 13.864200
v 4.098000 -0.003998 13.702800
v 4.074300 -0.028098 13.777700
v 3.699100 -0.074798 13.618400
v 3.607500 -0.069998 13.543100
v 3.581200 -0.069998 13.614900
v 3.665000 -0.071698 13.689300
v 3.513500 -0.069398 13.475500
v 3.491400 -0.069898 13.555100
v 3.472200 -0.066498 13.616700
v 3.558000 -0.066198 13.671900
v 3.636700 -0.066798 13.743100
v 2.698700 -0.089398 13.930600
v 2.760200 -0.083998 13.857000
v 2.726700 -0.079498 13.946900
v 2.784700 -0.076198 13.875300
v 2.854400 -0.074598 13.809800
v 2.834700 -0.081198 13.789100
v 2.821400 -0.064798 13.891500
v 2.766900 -0.066098 13.962900
v 2.884500 -0.064698 13.827400
v 3.021100 -0.060598 13.737100
v 2.951100 -0.063998 13.775100
v 3.012800 -0.069498 13.711800
v 2.931300 -0.072998 13.754200
v 2.918200 -0.079298 13.730500
v 3.006500 -0.076398 13.684800
v 2.630400 -0.111498 13.990100
v 2.654200 -0.099398 14.006200
v 2.599000 -0.129498 14.069900
v 2.624400 -0.113098 14.083100
v 2.655300 -0.096298 14.096400
v 2.684300 -0.086298 14.021000
v 2.606600 -0.129598 14.160500
v 2.580600 -0.150298 14.150400
v 2.637700 -0.109398 14.172000
v 2.680300 -0.088798 14.187200
v 2.698400 -0.077898 14.112100
v 2.726600 -0.070398 14.036900
v 2.483200 -0.265898 14.208000
v 2.494200 -0.231898 14.113400
v 2.514100 -0.228098 14.216700
v 2.524100 -0.198098 14.127000
v 2.545700 -0.167998 14.036500
v 2.517000 -0.196098 14.016000
v 2.553000 -0.171998 14.139200
v 2.544200 -0.197898 14.224200
v 2.572900 -0.146798 14.054400
v 2.606700 -0.124398 13.970200
v 2.581700 -0.139898 13.945200
v 2.554000 -0.159998 13.913800
v 2.587000 -0.265298 14.480100
v 2.556600 -0.245098 14.393700
v 2.526400 -0.280698 14.394800
v 2.558200 -0.302698 14.485300
v 2.543800 -0.222498 14.308700
v 2.513300 -0.255698 14.305600
v 2.481600 -0.296698 14.301300
v 2.494700 -0.324398 14.394500
v 2.527500 -0.348498 14.488800
v 3.652000 -0.027198 13.991600
v 3.680100 -0.023798 14.072000
v 3.717600 -0.038998 14.075000
v 3.682000 -0.040198 13.986500
v 3.700100 -0.021798 14.159200
v 3.743000 -0.039398 14.166400
v 3.777400 -0.054998 14.165200
v 3.748300 -0.052398 14.069600
v 3.708000 -0.051798 13.975200
v 3.094600 -0.052198 13.715800
v 3.172300 -0.041198 13.709400
v 3.180300 -0.053098 13.675300
v 3.096000 -0.062198 13.685800
v 3.254900 -0.030098 13.716000
v 3.265400 -0.044298 13.679700
v 3.272600 -0.056398 13.646000
v 3.184500 -0.063398 13.642800
v 3.095500 -0.070598 13.655700
v 3.483200 -0.152598 12.584200
v 3.476600 -0.197298 12.565800
v 3.502000 -0.165398 12.633400
v 3.495300 -0.214198 12.610700
v 3.481800 -0.261498 12.590600
v 3.464700 -0.239898 12.550600
v 3.503700 -0.233898 12.665000
v 3.509700 -0.179398 12.692900
v 3.489700 -0.287598 12.640200
v 3.464600 -0.336198 12.619400
v 3.458800 -0.303598 12.574300
v 3.445300 -0.277398 12.540100
v 3.482900 -0.047398 12.862800
v 3.495700 -0.040298 12.776700
v 3.484200 -0.005598 12.789100
v 3.500200 -0.090198 12.831400
v 3.506000 -0.081998 12.751600
v 3.503600 -0.074798 12.681300
v 3.499500 -0.035898 12.701700
v 3.494100 -0.003298 12.714900
v 3.510600 -0.128598 12.722700
v 3.508500 -0.138898 12.796300
v 3.504600 -0.118498 12.657700
v 3.486900 -0.108898 12.604200
v 3.488300 -0.067898 12.624000
v 3.486100 -0.000298 12.656300
v 3.487900 -0.031098 12.642000
v 3.481600 -0.109598 12.997500
v 3.481700 -0.118798 13.089100
v 3.490600 -0.100098 12.917300
v 3.467900 -0.060398 12.955700
v 3.456700 -0.074198 13.047200
v 3.467100 -0.087198 13.170400
v 3.455400 -0.083698 13.129100
v 3.524700 -0.315098 12.909900
v 3.547700 -0.299998 12.865900
v 3.564900 -0.387298 12.836000
v 3.535900 -0.414798 12.879100
v 3.575300 -0.278998 12.805500
v 3.562600 -0.206998 12.842300
v 3.595100 -0.354598 12.778500
v 3.626600 -0.425198 12.766200
v 3.592300 -0.472998 12.823800
v 3.550700 -0.522098 12.870400
v 3.583700 -0.044398 12.884700
v 3.557800 -0.058298 12.978100
v 3.577900 -0.086898 12.845200
v 3.549200 -0.097998 12.929700
v 3.522100 -0.108198 13.007200
v 3.528900 -0.072698 13.066400
v 3.552400 -0.147098 12.884100
v 3.581800 -0.135798 12.806700
v 3.495200 -0.082998 13.140000
v 3.685900 -0.101298 12.625400
v 3.646100 -0.112398 12.672000
v 3.639500 -0.068298 12.696800
v 3.678500 -0.059498 12.645600
v 3.612200 -0.124098 12.734200
v 3.607000 -0.077198 12.765400
v 3.614500 -0.001198 12.814300
v 3.608100 -0.035698 12.795800
v 3.636000 0.003002 12.735700
v 3.636200 -0.029398 12.719600
v 3.672800 -0.022498 12.664400
v 3.668900 0.008402 12.679800
v 4.116500 0.034002 13.353800
v 4.088300 0.025102 13.345800
v 4.145400 0.043902 13.375500
v 4.157500 0.034402 13.354500
v 4.123400 0.023002 13.330300
v 4.089600 0.012502 13.322400
v 4.188300 0.058402 13.444900
v 4.171300 0.052202 13.406400
v 4.205600 0.052102 13.439400
v 4.186900 0.044602 13.391800
v 4.202900 0.031302 13.376600
v 4.222900 0.039302 13.431600
v 4.171100 0.019902 13.334200
v 4.095700 -0.005398 13.298800
v 4.133300 0.007002 13.307400
v 4.040100 0.015702 13.412600
v 4.043300 0.017902 13.452100
v 4.048000 0.016902 13.379600
v 4.040700 0.000402 13.362000
v 4.029600 -0.000998 13.402700
v 4.031200 0.002202 13.453000
v 4.064800 0.019702 13.355800
v 4.061400 0.004902 13.334100
v 4.064000 -0.015098 13.311500
v 4.039200 -0.021498 13.343300
v 4.019100 -0.020498 13.454300
v 4.022100 -0.024098 13.392000
v 4.036400 -0.008398 13.526800
v 4.068100 0.006102 13.595300
v 4.077300 0.022602 13.562500
v 4.048800 0.011102 13.509600
v 4.150300 0.025502 13.661300
v 4.108500 0.016802 13.645500
v 4.146100 0.042702 13.616100
v 4.111600 0.033302 13.601800
v 4.112800 0.044102 13.567500
v 4.141000 0.051902 13.580500
v 4.084200 0.035202 13.535900
v 4.059500 0.025402 13.495300
v 4.190600 0.062002 13.489100
v 4.181600 0.062202 13.531800
v 4.197100 0.054602 13.549400
v 4.208100 0.055402 13.494900
v 4.164500 0.058402 13.565400
v 4.175600 0.050102 13.594300
v 4.185900 0.033602 13.626400
v 4.212100 0.039602 13.563700
v 4.225200 0.041802 13.496400
v 2.919800 0.043302 13.028200
v 2.899200 0.044602 13.006500
v 2.925500 0.041902 13.058300
v 2.946500 0.028202 13.049200
v 2.938300 0.031002 13.013000
v 2.913200 0.033602 12.987400
v 2.891500 0.038402 13.121700
v 2.916600 0.039702 13.091100
v 2.908300 0.024202 13.131200
v 2.937300 0.025502 13.090600
v 2.954900 0.003502 13.087400
v 2.925200 0.002102 13.140700
v 2.961300 0.007502 13.035700
v 2.921700 0.015802 12.966100
v 2.950200 0.011902 12.994100
v 2.876200 0.018402 12.955500
v 2.821200 0.019702 12.961200
v 2.820900 0.036802 12.982100
v 2.871600 0.035602 12.977600
v 2.713100 0.019002 13.017300
v 2.764300 0.019902 12.982200
v 2.722000 0.036702 13.028800
v 2.768600 0.037002 12.999400
v 2.773800 0.048302 13.016500
v 2.733800 0.047902 13.039000
v 2.819200 0.048302 13.003200
v 2.863300 0.046702 12.999100
v 2.866500 0.005602 13.187400
v 2.857200 0.025802 13.164700
v 2.795900 0.028302 13.187800
v 2.793700 0.009502 13.221300
v 2.848800 0.040002 13.145400
v 2.798000 0.042402 13.161300
v 2.710000 0.044802 13.162300
v 2.748500 0.043602 13.168300
v 2.689600 0.031202 13.188600
v 2.735900 0.029802 13.197200
v 2.721700 0.009602 13.236200
v 2.667400 0.009102 13.225100
v 2.692000 0.047002 13.139200
v 2.691700 0.048702 13.106200
v 2.670100 0.035202 13.114500
v 2.669100 0.033302 13.157700
v 2.706000 0.048602 13.070800
v 2.688400 0.036202 13.069300
v 2.675300 0.017202 13.065500
v 2.652700 0.014602 13.121800
v 2.647200 0.011302 13.181000
v 3.878600 0.090602 12.861700
v 3.865300 0.090602 12.810800
v 3.876500 0.087302 12.910000
v 3.900500 0.072802 12.926500
v 3.902100 0.078502 12.866900
v 3.886000 0.080502 12.805700
v 3.832800 0.073002 12.967600
v 3.861200 0.080402 12.948400
v 3.848000 0.057002 13.004500
v 3.882400 0.064802 12.976400
v 3.902000 0.039602 13.003400
v 3.863300 0.031402 13.047300
v 3.921000 0.049802 12.935700
v 3.904100 0.062102 12.796900
v 3.922100 0.058002 12.864900
v 3.865800 0.060202 12.737600
v 3.815200 0.054202 12.692100
v 3.803900 0.071202 12.708200
v 3.850700 0.077602 12.751200
v 3.707900 0.038102 12.663100
v 3.759900 0.046202 12.665500
v 3.706200 0.055002 12.676800
v 3.753300 0.063002 12.681600
v 3.749500 0.074302 12.702000
v 3.709700 0.066602 12.695100
v 3.792900 0.082302 12.726900
v 3.834100 0.087802 12.764500
v 3.803500 0.029402 13.047100
v 3.797400 0.052102 12.998500
v 3.740900 0.048802 12.967000
v 3.736300 0.029302 13.013500
v 3.790900 0.068102 12.958300
v 3.744000 0.064302 12.929300
v 3.668500 0.057002 12.842600
v 3.700500 0.060002 12.889500
v 3.651700 0.043302 12.860000
v 3.689000 0.045502 12.918600
v 3.675600 0.026602 12.957200
v 3.634200 0.024102 12.886600
v 3.656000 0.057202 12.792300
v 3.660400 0.059302 12.746100
v 3.646500 0.045702 12.741400
v 3.639000 0.043502 12.798000
v 3.679100 0.062002 12.711800
v 3.669700 0.049402 12.698800
v 3.667100 0.031902 12.689700
v 3.638900 0.027502 12.740400
v 3.625000 0.024602 12.810200
v 3.463900 0.051502 12.678600
v 3.444500 0.053202 12.655500
v 3.467600 0.050902 12.712100
v 3.481700 0.038602 12.714100
v 3.477000 0.039902 12.671600
v 3.454300 0.042602 12.641500
v 3.428700 0.049602 12.786200
v 3.455700 0.049902 12.750500
v 3.436800 0.037802 12.808400
v 3.468500 0.037902 12.762700
v 3.476600 0.019902 12.780000
v 3.442200 0.020002 12.839900
v 3.489400 0.021002 12.717000
v 3.458300 0.026402 12.629100
v 3.483400 0.023002 12.665100
v 3.413400 0.031502 12.613500
v 3.357300 0.036802 12.616500
v 3.361700 0.052302 12.635000
v 3.413100 0.047202 12.630000
v 3.246300 0.041802 12.671000
v 3.298800 0.040802 12.636300
v 3.259900 0.057602 12.686000
v 3.307800 0.056102 12.654200
v 3.317800 0.065302 12.671200
v 3.276600 0.066602 12.697500
v 3.364700 0.062302 12.654600
v 3.409100 0.057602 12.648400
v 3.386800 0.050802 12.812100
v 3.337900 0.052302 12.828400
v 3.327000 0.039102 12.862300
v 3.386200 0.038402 12.842100
v 3.252000 0.054802 12.829300
v 3.289700 0.053102 12.835500
v 3.225900 0.041002 12.854600
v 3.269900 0.039402 12.867400
v 3.247000 0.019502 12.907100
v 3.197400 0.018702 12.884900
v 3.314000 0.021802 12.905300
v 3.383500 0.021302 12.882300
v 3.234900 0.059102 12.805400
v 3.235000 0.063702 12.770900
v 3.208000 0.051402 12.775800
v 3.206600 0.045802 12.820900
v 3.248900 0.066102 12.732800
v 3.226200 0.055702 12.728700
v 3.208500 0.038202 12.718800
v 3.186000 0.031802 12.775200
v 3.179700 0.024102 12.835700
v 3.036800 -0.317898 12.918100
v 3.025700 -0.394398 12.878900
v 3.053500 -0.295598 12.870500
v 3.042500 -0.248098 12.980300
v 3.046900 -0.186598 13.059700
v 3.057800 -0.228798 12.928600
v 3.065500 -0.168898 12.996500
v 3.082100 -0.117598 13.064700
v 3.053800 -0.134898 13.150600
v 3.025500 -0.142998 13.208000
v 3.003600 -0.140098 13.208800
v 2.989500 -0.127798 13.176400
v 3.018600 -0.192398 13.107800
v 3.021700 -0.254798 13.023900
v 3.010200 -0.180298 13.090600
v 3.015300 -0.241998 13.014900
v 3.004900 -0.162098 13.059600
v 3.000300 -0.142098 13.020200
v 2.984600 -0.107698 13.133800
v 3.009700 -0.222998 12.992300
v 3.003400 -0.201298 12.961500
v 3.002200 -0.288398 12.938200
v 3.007700 -0.310598 12.955600
v 2.996000 -0.262698 12.913600
v 2.985300 -0.356298 12.904000
v 2.980100 -0.324798 12.882100
v 2.990600 -0.383798 12.919300
v 2.997800 -0.402598 12.923400
v 2.962000 -0.456298 12.907100
v 2.971600 -0.483798 12.912800
v 2.988200 -0.493398 12.900300
v 3.008900 -0.407798 12.911500
v 3.014300 -0.325498 12.961200
v 2.984500 -0.086898 13.083900
v 4.011700 -0.335998 13.249900
v 4.010200 -0.323198 13.206300
v 4.028800 -0.413798 13.222900
v 3.984800 -0.263398 13.300800
v 4.019100 -0.334798 13.268600
v 4.037800 -0.410298 13.243900
v 4.031200 -0.322698 13.268000
v 3.992200 -0.263698 13.317800
v 4.005200 -0.254998 13.313700
v 3.960200 -0.198998 13.389800
v 3.948300 -0.197598 13.373900
v 3.978600 -0.192398 13.379400
v 3.999200 -0.179798 13.353100
v 4.021300 -0.164198 13.317500
v 4.042400 -0.221198 13.267000
v 4.065300 -0.279598 13.230900
v 3.947100 -0.186498 13.321500
v 3.984200 -0.251398 13.256600
v 4.051200 -0.393598 13.245500
v 4.068500 -0.462098 13.247300
v 4.049900 -0.488198 13.245600
v 4.035200 -0.496998 13.221200
v 4.027400 -0.479198 13.166000
v 4.025400 -0.399698 13.177100
v 3.491600 -0.351898 12.762000
v 3.492700 -0.385198 12.823300
v 3.503300 -0.278598 12.795400
v 3.505200 -0.208298 12.833800
v 3.501000 -0.299398 12.858700
v 3.500100 -0.220798 12.901300
v 3.501700 -0.314798 12.906200
v 3.508500 -0.321198 12.926900
v 3.497700 -0.229598 12.951600
v 3.498800 -0.413698 12.872200
v 3.512400 -0.426998 12.895300
v 3.535900 -0.414798 12.879100
v 3.524700 -0.315098 12.909900
v 3.515100 -0.229298 12.954700
v 3.547700 -0.299998 12.865900
v 3.536300 -0.220098 12.907300
v 3.575300 -0.278998 12.805500
v 3.562600 -0.206998 12.842300
v 3.552400 -0.147098 12.884100
v 3.526100 -0.156698 12.954300
v 3.549200 -0.097998 12.929700
v 3.522100 -0.108198 13.007200
v 3.528900 -0.072698 13.066400
v 3.498100 -0.115598 13.065800
v 3.481700 -0.118798 13.089100
v 3.505500 -0.163598 13.005300
v 3.495200 -0.082998 13.140000
v 3.467100 -0.087198 13.170400
v 3.455400 -0.083698 13.129100
v 3.477400 -0.116298 13.060500
v 3.456700 -0.074198 13.047200
v 3.481600 -0.109598 12.997500
v 3.494800 -0.157998 12.948200
v 3.490600 -0.100098 12.917300
v 3.500200 -0.090198 12.831400
v 3.502100 -0.149198 12.875500
v 3.508500 -0.138898 12.796300
v 3.509600 -0.193998 12.760500
v 3.490500 -0.164098 13.002200
v 3.492900 -0.166398 13.025300
v 3.501500 -0.232998 12.973200
v 2.728000 0.051002 13.144600
v 2.720800 0.054602 13.125500
v 2.757300 0.052502 13.143500
v 2.710000 0.044802 13.162300
v 2.748500 0.043602 13.168300
v 2.692000 0.047002 13.139200
v 2.759800 0.058302 13.116800
v -1.307100 -18.422003 -18.743498
v -1.316500 -18.419601 -18.731798
v -1.298800 -18.418602 -18.746098
v -1.298100 -18.426003 -18.754099
v -1.291700 -18.423101 -18.756098
v -1.281600 -18.418102 -18.764698
v -1.266800 -18.411802 -18.782598
v -1.286400 -18.412601 -18.755898
v -1.292100 -18.408201 -18.744898
v -1.269600 -18.404602 -18.774998
v -1.273400 -18.398703 -18.764599
v -1.278000 -18.393803 -18.750797
v -1.298700 -18.405003 -18.730799
v -1.315200 -18.413603 -18.720299
v -1.306600 -18.415302 -18.734499
v -1.327000 -18.419203 -18.717897
v 3.023400 -0.329198 12.950200
v 3.008900 -0.407798 12.911500
v 3.036800 -0.317898 12.918100
v 3.030200 -0.257898 13.014200
v 3.014300 -0.325498 12.961200
v 3.021700 -0.254798 13.023900
v 2.997800 -0.402598 12.923400
v 3.018600 -0.192398 13.107800
v 3.030500 -0.195398 13.100900
v 3.003600 -0.140098 13.208800
v 3.025500 -0.142998 13.208000
v 3.053800 -0.134898 13.150600
v 3.046900 -0.186598 13.059700
v 3.042500 -0.248098 12.980300
v 3.025700 -0.394398 12.878900
v 4.065300 -0.279598 13.230900
v 4.046900 -0.303198 13.253600
v 4.042400 -0.221198 13.267000
v 4.022300 -0.239898 13.294700
v 4.021300 -0.164198 13.317500
v 3.999200 -0.179798 13.353100
v 3.978600 -0.192398 13.379400
v 4.005200 -0.254998 13.313700
v 4.031200 -0.322698 13.268000
vn -0.7781 0.4076 -0.4780
vn -0.8418 0.3979 -0.3648
vn -0.8353 0.3636 -0.4124
vn -0.6637 0.4652 -0.5858
vn -0.7905 0.4512 -0.4142
vn -0.7949 0.5003 -0.3431
vn -0.6879 0.5146 -0.5118
vn -0.7109 0.5635 -0.4209
vn -0.8319 0.4576 -0.3140
vn -0.0094 0.4412 -0.8974
vn -0.4820 0.5798 -0.6569
vn -0.4180 0.5086 -0.7528
vn -0.5457 0.6364 -0.5453
vn -0.0677 0.5408 -0.8384
vn -0.1628 0.6529 -0.7398
vn -0.5332 0.7752 -0.3388
vn -0.1974 0.7478 -0.6340
vn -0.1522 0.8999 -0.4086
vn -0.6209 0.7222 -0.3048
vn -0.5484 0.6984 -0.4599
vn -0.6898 0.6213 -0.3716
vn -0.7144 0.6626 -0.2249
vn -0.7607 0.5767 -0.2979
vn -0.6861 0.6810 -0.2561
vn -0.7975 0.5396 -0.2700
vn -0.3569 0.8898 -0.2844
vn -0.4844 0.8413 -0.2400
vn -0.2261 0.9554 -0.1899
vn -0.3384 0.9250 -0.1726
vn -0.5830 0.7930 -0.1767
vn -0.5371 0.8165 -0.2118
vn -0.3936 0.9064 -0.1535
vn -0.4315 0.8952 -0.1112
vn 0.6157 0.1966 -0.7630
vn 0.6195 0.2644 -0.7392
vn 0.5764 0.2383 -0.7817
vn 0.6752 0.2911 -0.6778
vn 0.6673 0.2189 -0.7119
vn 0.7276 0.2408 -0.6424
vn 0.5410 0.3959 -0.7420
vn 0.5129 0.3555 -0.7814
vn 0.4943 0.2946 -0.8179
vn 0.7609 0.4461 -0.4712
vn 0.7895 0.2717 -0.5503
vn 0.8397 0.3236 -0.4361
vn 0.5869 0.6207 -0.5200
vn 0.7213 0.3548 -0.5949
vn 0.5613 0.4987 -0.6604
vn 0.2508 0.6562 -0.7117
vn 0.2215 0.8177 -0.5314
vn 0.2941 0.5246 -0.7989
vn 0.3656 0.3344 -0.8686
vn 0.3067 0.4403 -0.8439
vn 0.7107 0.1428 -0.6888
vn 0.7309 0.1491 -0.6659
vn 0.6950 0.1331 -0.7066
vn 0.7826 0.1601 -0.6016
vn 0.7368 0.1581 -0.6574
vn 0.7850 0.1621 -0.5979
vn 0.7725 0.1739 -0.6108
vn 0.7160 0.1611 -0.6793
vn 0.6742 0.1415 -0.7249
vn 0.8993 0.1668 -0.4043
vn 0.8404 0.1625 -0.5171
vn 0.8999 0.1585 -0.4062
vn 0.8920 0.1985 -0.4061
vn 0.8410 0.1622 -0.5162
vn 0.8330 0.1844 -0.5216
vn 0.8174 0.2226 -0.5314
vn 0.8735 0.2547 -0.4148
vn 0.7564 0.2036 -0.6216
vn 0.6495 0.1665 -0.7420
vn 0.6968 0.1857 -0.6928
vn 0.7590 0.1857 -0.6240
vn 0.7920 0.2123 -0.5724
vn 0.7862 0.1930 -0.5870
vn 0.7430 0.1634 -0.6491
vn 0.7722 0.1931 -0.6053
vn 0.8306 0.1947 -0.5217
vn 0.8695 0.2247 -0.4399
vn 0.8852 0.1907 -0.4242
vn 0.8265 0.2162 -0.5198
vn 0.8945 0.1716 -0.4129
vn 0.7862 0.1797 -0.5912
vn 0.8354 0.1737 -0.5214
vn 0.7467 0.1711 -0.6428
vn 0.7248 0.1516 -0.6721
vn 0.8207 0.0462 -0.5696
vn 0.8738 0.0271 -0.4855
vn 0.8776 0.0304 -0.4785
vn 0.7606 0.0738 -0.6450
vn 0.8122 0.0433 -0.5817
vn 0.8004 0.0589 -0.5966
vn 0.7422 0.0730 -0.6662
vn 0.7220 0.0869 -0.6864
vn 0.8695 0.0417 -0.4922
vn 0.7128 0.1108 -0.6925
vn 0.6918 0.1056 -0.7143
vn 0.6707 0.1141 -0.7329
vn 0.6424 0.1402 -0.7534
vn 0.7007 0.1090 -0.7051
vn 0.6079 0.1748 -0.7745
vn 0.6726 0.1473 -0.7252
vn 0.8634 0.0593 -0.5010
vn 0.7710 0.1149 -0.6264
vn 0.8566 0.0883 -0.5084
vn 0.7875 0.0818 -0.6109
vn 0.8397 0.0647 -0.5392
vn 0.8068 0.0981 -0.5827
vn 0.7912 0.0963 -0.6040
vn 0.8870 0.0410 -0.4599
vn 0.8505 0.0663 -0.5217
vn 0.7534 0.1328 -0.6440
vn 0.7622 0.1696 -0.6247
vn 0.7728 0.1344 -0.6202
vn 0.7348 0.1211 -0.6674
vn 0.7768 0.0862 -0.6238
vn 0.8310 0.0568 -0.5534
vn 0.8825 0.0357 -0.4689
vn 0.4127 0.3059 -0.8579
vn 0.5440 0.2301 -0.8069
vn 0.2996 0.3475 -0.8885
vn 0.4956 0.2533 -0.8308
vn 0.5999 0.2123 -0.7714
vn 0.5034 0.2681 -0.8214
vn 0.8247 0.1375 -0.5486
vn 0.6813 0.1892 -0.7071
vn 0.8161 0.1411 -0.5604
vn 0.8361 0.1281 -0.5334
vn 0.7034 0.1835 -0.6867
vn 0.7275 0.1712 -0.6644
vn 0.7495 0.1482 -0.6452
vn 0.8471 0.1107 -0.5197
vn 0.6409 0.1793 -0.7464
vn 0.5683 0.2130 -0.7948
vn 0.9834 0.0308 -0.1790
vn 0.9622 0.0405 -0.2693
vn 0.9816 0.0138 -0.1902
vn 0.9658 0.0529 -0.2539
vn 0.9842 0.0390 -0.1724
vn 0.9380 0.0719 -0.3390
vn 0.9410 0.0711 -0.3308
vn 0.9346 0.0690 -0.3491
vn 0.9642 0.0499 -0.2603
vn 0.9683 0.0503 -0.2448
vn 0.9849 0.0439 -0.1677
vn 0.9854 0.0442 -0.1644
vn 0.9436 0.0656 -0.3246
vn 0.9454 0.0584 -0.3206
vn 0.9672 0.0539 -0.2484
vn 0.9128 0.0680 -0.4027
vn 0.9083 0.0850 -0.4096
vn 0.9036 0.0951 -0.4177
vn 0.8977 0.1001 -0.4292
vn 0.8923 0.1000 -0.4403
vn 0.9690 0.0432 -0.2431
vn 0.9697 0.0348 -0.2416
vn 0.9859 0.0382 -0.1628
vn 0.9869 0.0302 -0.1586
vn 0.9470 0.0352 -0.3194
vn 0.9466 0.0461 -0.3192
vn 0.9715 0.0114 -0.2367
vn 0.9878 0.0173 -0.1551
vn 0.9888 -0.0013 -0.1494
vn 0.9484 0.0176 -0.3167
vn 0.9703 0.0234 -0.2408
vn 0.9474 0.0256 -0.3192
vn 0.9175 0.0259 -0.3969
vn 0.9183 0.0226 -0.3952
vn 0.9166 0.0352 -0.3982
vn 0.9151 0.0507 -0.3999
vn 0.9746 -0.0137 -0.2234
vn 0.9554 -0.0015 -0.2955
vn 0.9523 0.0053 -0.3051
vn 0.9904 -0.0369 -0.1334
vn 0.9766 -0.0268 -0.2132
vn 0.9240 0.0235 -0.3817
vn 0.8929 0.0410 -0.4484
vn 0.9282 0.0198 -0.3715
vn 0.9209 0.0230 -0.3891
vn 0.9498 0.0107 -0.3127
vn 0.9728 -0.0024 -0.2316
vn 0.9895 -0.0207 -0.1430
vn -0.4979 0.0170 0.8670
vn -0.4018 -0.0637 0.9135
vn -0.3469 -0.1441 0.9268
vn -0.4333 0.0581 0.8994
vn -0.5288 0.0886 0.8441
vn -0.5382 0.2079 0.8168
vn -0.2756 -0.1922 0.9419
vn -0.1778 -0.2628 0.9483
vn 0.6503 -0.2892 0.7025
vn 0.7356 -0.2829 0.6156
vn 0.7793 -0.2518 0.5739
vn 0.4933 -0.3119 0.8120
vn 0.5689 -0.3498 0.7443
vn 0.8757 -0.1996 0.4397
vn 0.9307 -0.1886 0.3135
vn 0.9428 -0.1620 0.2914
vn 0.8546 -0.2319 0.4647
vn 0.9130 -0.1412 0.3828
vn 0.9535 -0.1324 0.2706
vn 0.9629 -0.1026 0.2496
vn 0.8343 -0.1819 0.5204
vn 0.8958 -0.1747 0.4088
vn 0.8109 -0.2141 0.5446
vn 0.5620 -0.2807 0.7780
vn 0.7426 -0.2198 0.6327
vn 0.6115 -0.2428 0.7531
vn 0.6979 -0.2518 0.6705
vn 0.9788 -0.1246 0.1625
vn 0.9909 -0.1158 0.0687
vn 0.9943 -0.0917 0.0549
vn 0.9724 -0.1517 0.1775
vn 0.9973 -0.0624 -0.0386
vn 0.9910 -0.0539 -0.1222
vn 0.9961 -0.0837 -0.0275
vn 0.9982 -0.0184 -0.0577
vn 0.9986 -0.0416 0.0313
vn 0.9979 -0.0422 -0.0500
vn 0.9968 -0.0685 0.0408
vn 0.9845 -0.0992 0.1450
vn 0.9893 -0.0677 0.1293
vn 0.9267 -0.1063 0.3605
vn 0.9370 -0.0841 0.3391
vn 0.9713 -0.0732 0.2264
vn 0.9768 -0.0486 0.2085
vn 0.8621 -0.1464 0.4851
vn 0.8835 -0.1277 0.4507
vn 0.9573 -0.0512 0.2844
vn 0.9818 -0.0274 0.1878
vn 0.9856 -0.0168 0.1681
vn 0.9014 -0.1082 0.4194
vn 0.9170 -0.0954 0.3874
vn 0.9482 -0.0662 0.3106
vn 0.7238 -0.1811 0.6658
vn 0.8502 -0.1385 0.5079
vn 0.7487 -0.1725 0.6401
vn 0.6915 -0.1958 0.6953
vn 0.8285 -0.1488 0.5399
vn 0.8024 -0.1665 0.5731
vn 0.7743 -0.1896 0.6038
vn 0.6563 -0.2179 0.7223
vn 0.9924 -0.0416 0.1155
vn 0.9946 -0.0187 0.1025
vn 0.9997 -0.0169 0.0188
vn 0.9999 0.0028 0.0109
vn 0.9978 0.0031 -0.0663
vn 0.9972 0.0193 -0.0718
vn 0.9959 0.0351 -0.0838
vn 0.9997 0.0237 -0.0059
vn 0.9965 0.0292 -0.0781
vn 0.9999 0.0153 0.0003
vn 0.9962 -0.0036 0.0875
vn 0.9972 0.0095 0.0744
vn 0.9889 -0.0107 0.1480
vn 0.9980 0.0092 0.0624
vn 0.9987 -0.0001 0.0517
vn 0.9996 0.0244 -0.0158
vn 0.9996 0.0148 -0.0223
vn 0.9914 -0.0237 0.1290
vn 0.9954 0.0349 -0.0887
vn 0.9952 0.0269 -0.0945
vn 0.9945 0.0127 -0.1036
vn 0.9983 -0.0345 -0.0460
vn 0.9934 -0.0099 -0.1146
vn 0.9995 -0.0048 -0.0327
vn 0.9921 -0.0864 0.0912
vn 0.9990 -0.0236 0.0370
vn 0.9979 -0.0599 0.0229
vn 0.9930 -0.0475 0.1078
vn 0.9656 -0.0480 0.2554
vn 0.9726 -0.0592 0.2248
vn 0.9305 -0.0904 0.3550
vn 0.9392 -0.1018 0.3280
vn 0.9785 -0.1156 0.1708
vn 0.9505 -0.1481 0.2733
vn 0.9779 -0.0784 0.1939
vn 0.9461 -0.1160 0.3025
vn 0.8076 -0.1753 0.5631
vn 0.9023 -0.1750 0.3940
vn 0.8154 -0.1850 0.5485
vn 0.7913 -0.1698 0.5874
vn 0.8969 -0.1494 0.4162
vn 0.8844 -0.1385 0.4457
vn 0.8691 -0.1341 0.4760
vn 0.7719 -0.1714 0.6122
vn -0.9005 0.4341 0.0237
vn -0.8616 0.5000 0.0877
vn -0.9007 0.4269 0.0809
vn -0.8946 0.4461 -0.0257
vn -0.8572 0.5135 0.0404
vn -0.7802 0.6210 0.0752
vn -0.8477 0.5305 -0.0010
vn -0.7640 0.6432 0.0507
vn -0.7878 0.6053 0.1138
vn -0.8775 0.4720 -0.0848
vn -0.8365 0.5472 -0.0276
vn -0.8869 0.4574 -0.0650
vn -0.7441 0.6674 0.0306
vn -0.8202 0.5707 -0.0410
vn -0.7248 0.6883 0.0297
vn -0.8031 0.5933 -0.0557
vn -0.7842 0.6168 -0.0676
vn -0.8652 0.4901 -0.1058
vn -0.8543 0.5050 -0.1227
vn -0.6736 0.7390 0.0111
vn -0.7028 0.7112 0.0143
vn -0.7335 0.6747 -0.0825
vn -0.8401 0.5237 -0.1412
vn -0.8222 0.5489 -0.1508
vn -0.6063 0.7952 0.0053
vn -0.7588 0.6470 -0.0747
vn -0.6433 0.7656 0.0067
vn -0.6993 0.7090 -0.0917
vn -0.6646 0.7393 -0.1088
vn -0.7989 0.5783 -0.1654
vn -0.7762 0.6048 -0.1785
vn -0.5225 0.8523 -0.0246
vn -0.5674 0.8235 -0.0030
vn -0.7460 0.6350 -0.2007
vn -0.6251 0.7687 -0.1353
vn -0.4779 0.8763 -0.0606
vn -0.8605 0.3687 0.3517
vn -0.8007 0.4010 0.4451
vn -0.8233 0.3312 0.4609
vn -0.8839 0.3990 0.2440
vn -0.8287 0.4461 0.3380
vn -0.7731 0.5434 0.3272
vn -0.8473 0.4764 0.2348
vn -0.7844 0.5734 0.2365
vn -0.7520 0.4966 0.4335
vn -0.8571 0.4915 0.1542
vn -0.8972 0.4141 0.1535
vn -0.7915 0.5890 0.1628
vn -0.6179 0.1384 0.7740
vn -0.7057 0.2272 0.6711
vn -0.6255 0.2142 0.7503
vn -0.6228 0.3226 0.7127
vn -0.7031 0.2996 0.6449
vn -0.6810 0.3939 0.6173
vn -0.7566 0.3528 0.5506
vn -0.7728 0.2800 0.5695
vn -0.7275 0.4391 0.5271
vn 0.2794 -0.3026 0.9113
vn 0.3818 -0.3789 0.8430
vn -0.0556 -0.2716 0.9608
vn 0.0306 -0.2603 0.9650
vn -0.0141 -0.3573 0.9339
vn 0.3628 -0.2774 0.8896
vn 0.1181 -0.2352 0.9647
vn 0.4272 -0.2453 0.8703
vn 0.1778 -0.2120 0.9609
vn -0.4083 -0.0479 0.9116
vn -0.1186 -0.1478 0.9819
vn -0.3894 -0.0610 0.9190
vn -0.4297 -0.0247 0.9026
vn -0.1591 -0.1467 0.9763
vn -0.2127 -0.1511 0.9654
vn -0.4672 -0.0190 0.8839
vn -0.2701 -0.1519 0.9508
vn 0.4814 -0.2241 0.8473
vn 0.2313 -0.2038 0.9513
vn 0.5234 -0.2086 0.8262
vn 0.2764 -0.1954 0.9410
vn 0.5614 -0.1962 0.8039
vn 0.3180 -0.1896 0.9290
vn 0.5905 -0.1904 0.7843
vn 0.3512 -0.1892 0.9170
vn -0.3279 -0.1141 0.9378
vn 0.0307 -0.1662 0.9856
vn -0.3021 -0.1244 0.9451
vn -0.3502 -0.0965 0.9317
vn -0.0032 -0.1600 0.9871
vn -0.0399 -0.1538 0.9873
vn -0.0775 -0.1512 0.9855
vn -0.3743 -0.0816 0.9237
vn 0.6173 -0.1880 0.7640
vn 0.3824 -0.1882 0.9046
vn 0.6388 -0.1866 0.7464
vn 0.4105 -0.1864 0.8926
vn 0.6581 -0.1847 0.7300
vn 0.4369 -0.1792 0.8815
vn 0.6710 -0.1858 0.7178
vn 0.4582 -0.1729 0.8719
vn -0.2086 -0.1352 0.9686
vn 0.1673 -0.1521 0.9741
vn -0.1757 -0.1246 0.9765
vn -0.2418 -0.1383 0.9604
vn 0.1334 -0.1645 0.9773
vn 0.0998 -0.1712 0.9802
vn 0.0647 -0.1708 0.9832
vn -0.2748 -0.1347 0.9520
vn -0.6067 0.1021 0.7884
vn -0.5906 0.0703 0.8039
vn -0.7037 0.1382 0.6970
vn -0.7065 0.1796 0.6846
vn -0.5848 0.0428 0.8100
vn -0.7010 0.1014 0.7059
vn -0.5849 0.0135 0.8110
vn -0.7025 0.0602 0.7091
vn -0.8587 0.1359 0.4942
vn -0.7870 0.1409 0.6006
vn -0.7911 0.0992 0.6035
vn -0.7819 0.1831 0.5959
vn -0.8543 0.1771 0.4886
vn -0.8465 0.2226 0.4836
vn -0.8379 0.2704 0.4742
vn -0.7779 0.2311 0.5843
vn -0.5798 -0.0170 0.8146
vn -0.7040 0.0264 0.7097
vn -0.5728 -0.0400 0.8187
vn -0.7042 -0.0034 0.7100
vn -0.5609 -0.0634 0.8254
vn -0.6999 -0.0303 0.7136
vn -0.5481 -0.0797 0.8326
vn -0.6931 -0.0494 0.7191
vn -0.8647 0.0266 0.5016
vn -0.7906 0.0038 0.6123
vn -0.7888 -0.0192 0.6144
vn -0.7913 0.0290 0.6107
vn -0.8646 0.0465 0.5003
vn -0.8636 0.0710 0.4991
vn -0.8620 0.0995 0.4971
vn -0.7916 0.0634 0.6077
vn -0.5292 -0.0963 0.8430
vn -0.6831 -0.0679 0.7271
vn -0.5091 -0.1014 0.8547
vn -0.6711 -0.0735 0.7378
vn -0.4843 -0.1023 0.8689
vn -0.6566 -0.0750 0.7505
vn -0.4624 -0.0914 0.8820
vn -0.6440 -0.0619 0.7625
vn -0.8588 0.0134 0.5121
vn -0.7720 -0.0400 0.6344
vn -0.7659 -0.0307 0.6423
vn -0.7770 -0.0431 0.6280
vn -0.8616 0.0048 0.5076
vn -0.8624 0.0041 0.5062
vn -0.8641 0.0098 0.5032
vn -0.7838 -0.0336 0.6201
vn -0.9726 0.2220 0.0695
vn -0.9752 0.1885 0.1160
vn -0.9759 0.1901 0.1072
vn -0.9670 0.2535 0.0274
vn -0.9745 0.2120 0.0739
vn -0.9749 0.2098 0.0751
vn -0.9715 0.2352 0.0295
vn -0.9738 0.2255 0.0282
vn -0.9746 0.1898 0.1187
vn -0.9421 0.3277 -0.0711
vn -0.9649 0.2620 -0.0190
vn -0.9573 0.2885 -0.0172
vn -0.9696 0.2437 -0.0222
vn -0.9530 0.2930 -0.0777
vn -0.9602 0.2667 -0.0835
vn -0.9734 0.2257 -0.0397
vn -0.9653 0.2451 -0.0908
vn -0.9672 0.2335 -0.0999
vn -0.9752 0.2209 0.0136
vn -0.9723 0.2317 -0.0309
vn -0.9753 0.2198 0.0218
vn -0.9725 0.2017 0.1165
vn -0.9751 0.2100 0.0714
vn -0.9744 0.2149 0.0663
vn -0.9739 0.1932 0.1195
vn -0.7880 0.5004 -0.3585
vn -0.8085 0.4770 -0.3445
vn -0.8169 0.4840 -0.3137
vn -0.7103 0.5173 -0.4773
vn -0.7402 0.5209 -0.4252
vn -0.6797 0.5033 -0.5335
vn -0.7721 0.4901 -0.4045
vn -0.7576 0.4778 -0.4447
vn -0.8013 0.4612 -0.3810
vn -0.4399 0.5913 -0.6759
vn -0.6508 0.5639 -0.5084
vn -0.5002 0.6165 -0.6081
vn -0.3797 0.5623 -0.7346
vn -0.6048 0.5512 -0.5748
vn -0.5584 0.5342 -0.6347
vn -0.2815 0.4900 -0.8250
vn -0.5174 0.5101 -0.6871
vn -0.3233 0.5309 -0.7834
vn -0.6520 0.4819 -0.5854
vn -0.4900 0.4810 -0.7270
vn -0.6361 0.4521 -0.6253
vn -0.7981 0.4344 -0.4176
vn -0.7344 0.4239 -0.5301
vn -0.8033 0.3927 -0.4477
vn -0.7433 0.4549 -0.4905
vn -0.8538 0.4567 -0.2498
vn -0.8777 0.4137 -0.2419
vn -0.8673 0.4420 -0.2290
vn -0.8425 0.4684 -0.2661
vn -0.8631 0.4332 -0.2596
vn -0.8739 0.4034 -0.2713
vn -0.8486 0.4503 -0.2777
vn -0.8563 0.4235 -0.2957
vn -0.8898 0.3809 -0.2512
vn -0.8310 0.4645 -0.3059
vn -0.8299 0.4791 -0.2860
vn -0.8330 0.4438 -0.3304
vn -0.8480 0.3672 -0.3822
vn -0.8764 0.3473 -0.3337
vn -0.8405 0.4092 -0.3553
vn -0.8669 0.3882 -0.3127
vn -0.9117 0.3114 -0.2681
vn -0.8858 0.3679 -0.2830
vn -0.8964 0.3292 -0.2968
vn -0.9015 0.3464 -0.2594
vn -0.9223 0.3658 -0.1250
vn -0.9016 0.3979 -0.1695
vn -0.9351 0.3278 -0.1348
vn -0.9449 0.2953 -0.1415
vn -0.9145 0.3611 -0.1824
vn -0.9256 0.3268 -0.1908
vn -0.8948 0.3899 -0.2177
vn -0.8821 0.4241 -0.2053
vn -0.9067 0.3554 -0.2270
vn -0.9262 0.2915 -0.2393
vn -0.9415 0.2697 -0.2021
vn -0.9172 0.3226 -0.2336
vn -0.9343 0.2964 -0.1983
vn -0.9513 0.2697 -0.1493
vn -0.9563 0.2477 -0.1551
vn -0.9234 0.0621 0.3788
vn -0.9601 0.1114 0.2564
vn -0.9229 0.0580 0.3806
vn -0.9215 0.0591 0.3838
vn -0.9583 0.1111 0.2634
vn -0.9565 0.1145 0.2683
vn -0.9725 0.1563 0.1727
vn -0.9741 0.1545 0.1651
vn -0.9708 0.1604 0.1784
vn -0.9675 0.1761 0.1814
vn -0.9528 0.1323 0.2732
vn -0.9693 0.1663 0.1809
vn -0.9547 0.1216 0.2714
vn -0.9212 0.0669 0.3834
vn -0.9200 0.0782 0.3840
vn -0.7395 0.3896 -0.5490
vn -0.8073 0.3568 -0.4701
vn -0.6305 0.4240 -0.6501
vn -0.6390 0.4132 -0.6488
vn -0.8149 0.3409 -0.4688
vn -0.7490 0.3786 -0.5437
vn -0.2481 0.4588 -0.8532
vn -0.2162 0.4388 -0.8722
vn -0.4739 0.4506 -0.7566
vn -0.4678 0.4426 -0.7650
vn -0.1761 0.4507 -0.8751
vn -0.4584 0.4633 -0.7585
vn -0.6494 0.4358 -0.6232
vn -0.7622 0.3844 -0.5208
vn -0.8231 0.3445 -0.4515
vn -0.9182 0.0965 0.3841
vn -0.9158 0.1172 0.3841
vn -0.9506 0.1463 0.2739
vn -0.9480 0.1637 0.2731
vn -0.9656 0.1871 0.1808
vn -0.9629 0.2021 0.1786
vn -0.9708 0.2112 0.1136
vn -0.9685 0.2252 0.1066
vn -0.9557 0.2405 0.1699
vn -0.9651 0.2420 0.0999
vn -0.9615 0.2591 0.0918
vn -0.9403 0.2110 0.2669
vn -0.9598 0.2195 0.1751
vn -0.9450 0.1849 0.2698
vn -0.9133 0.1433 0.3812
vn -0.9095 0.1732 0.3780
vn -0.9732 0.2227 0.0570
vn -0.9708 0.2353 0.0462
vn -0.9742 0.2259 0.0023
vn -0.9718 0.2356 -0.0102
vn -0.9728 0.2257 -0.0528
vn -0.9706 0.2318 -0.0641
vn -0.9672 0.2282 -0.1112
vn -0.9661 0.2300 -0.1176
vn -0.9609 0.2630 -0.0869
vn -0.9631 0.2383 -0.1255
vn -0.9573 0.2580 -0.1302
vn -0.9630 0.2672 -0.0343
vn -0.9666 0.2445 -0.0771
vn -0.9682 0.2493 -0.0229
vn -0.9678 0.2490 0.0360
vn -0.9632 0.2677 0.0258
vn -0.9581 0.2370 -0.1608
vn -0.9586 0.2330 -0.1639
vn -0.9456 0.2514 -0.2064
vn -0.9477 0.2435 -0.2064
vn -0.9320 0.2685 -0.2433
vn -0.9216 0.2689 -0.2799
vn -0.9186 0.2833 -0.2755
vn -0.9351 0.2562 -0.2448
vn -0.9215 0.2767 -0.2724
vn -0.9356 0.2561 -0.2430
vn -0.9226 0.2670 -0.2786
vn -0.9474 0.2457 -0.2050
vn -0.9336 0.2670 -0.2390
vn -0.9442 0.2595 -0.2030
vn -0.9559 0.2409 -0.1679
vn -0.9519 0.2556 -0.1689
vn -0.9034 0.2968 -0.3094
vn -0.8871 0.2938 -0.3558
vn -0.8834 0.3116 -0.3500
vn -0.9067 0.2803 -0.3153
vn -0.8544 0.3309 -0.4007
vn -0.8583 0.3151 -0.4049
vn -0.8659 0.3274 -0.3781
vn -0.8897 0.2904 -0.3523
vn -0.8902 0.3062 -0.3374
vn -0.8632 0.3110 -0.3977
vn -0.9072 0.2879 -0.3068
vn -0.9077 0.2782 -0.3140
vn -0.9031 0.2125 0.3732
vn -0.8930 0.2572 0.3694
vn -0.9340 0.2440 0.2610
vn -0.9226 0.2874 0.2573
vn -0.9488 0.2692 0.1651
vn -0.9372 0.3087 0.1621
vn -0.9546 0.2852 0.0857
vn -0.9430 0.3226 0.0816
vn -0.9258 0.3695 0.0798
vn -0.9200 0.3591 0.1572
vn -0.9070 0.3401 0.2484
vn -0.8800 0.3110 0.3590
vn -0.8771 0.4358 -0.2021
vn -0.9038 0.3569 -0.2361
vn -0.8613 0.4585 -0.2188
vn -0.8451 0.4812 -0.2329
vn -0.8898 0.3748 -0.2603
vn -0.8756 0.3955 -0.2772
vn -0.9034 0.3185 -0.2871
vn -0.9169 0.3028 -0.2601
vn -0.8889 0.3357 -0.3117
vn -0.8647 0.3663 -0.3436
vn -0.8552 0.4226 -0.3001
vn -0.8205 0.5109 -0.2565
vn -0.9488 0.2868 -0.1324
vn -0.9376 0.2868 -0.1964
vn -0.9233 0.3378 -0.1830
vn -0.9436 0.2865 -0.1658
vn -0.9343 0.3335 -0.1262
vn -0.9290 0.3351 -0.1568
vn -0.9281 0.2939 -0.2284
vn -0.9139 0.3464 -0.2117
vn -0.8882 0.4220 -0.1818
vn -0.8985 0.4086 -0.1607
vn -0.9120 0.3942 -0.1133
vn -0.9054 0.4018 -0.1368
vn -0.9561 0.2923 0.0181
vn -0.9439 0.3298 0.0148
vn -0.9549 0.2941 -0.0416
vn -0.9419 0.3330 -0.0429
vn -0.9521 0.2917 -0.0919
vn -0.9385 0.3332 -0.0908
vn -0.9171 0.3904 -0.0814
vn -0.9222 0.3849 -0.0381
vn -0.9255 0.3784 0.0162
vn 0.7943 0.1990 -0.5740
vn 0.6211 0.3222 -0.7144
vn 0.7826 0.2421 -0.5735
vn 0.8024 0.1674 -0.5728
vn 0.6393 0.2713 -0.7195
vn 0.3775 0.3560 -0.8548
vn 0.6542 0.2308 -0.7202
vn 0.4109 0.3105 -0.8572
vn 0.3476 0.4133 -0.8417
vn 0.6663 0.2049 -0.7170
vn 0.8088 0.1486 -0.5690
vn 0.4467 0.2716 -0.8524
vn 0.1705 0.3606 -0.9170
vn 0.1010 0.3793 -0.9197
vn 0.0478 0.4251 -0.9039
vn 0.0085 0.4758 -0.8795
vn 0.9872 -0.1271 0.0967
vn 0.9904 -0.1331 0.0387
vn 0.9945 -0.1031 0.0204
vn 0.9723 -0.1503 0.1787
vn 0.9810 -0.1567 0.1146
vn 0.9773 -0.1649 0.1327
vn 0.9631 -0.1766 0.2031
vn 0.9552 -0.1861 0.2299
vn 0.9886 -0.1400 0.0557
vn 0.8303 -0.2379 0.5040
vn 0.9411 -0.1687 0.2931
vn 0.8462 -0.2510 0.4700
vn 0.9099 -0.2076 0.3592
vn 0.8214 -0.2133 0.5289
vn 0.9195 -0.1917 0.3431
vn 0.9047 -0.1946 0.3791
vn 0.8188 -0.2016 0.5375
vn 0.9525 -0.1746 0.2494
vn 0.9769 -0.1516 0.1508
vn 0.9896 -0.1239 0.0729
vn 0.9792 0.0004 -0.2027
vn 0.9762 0.0013 -0.2167
vn 0.9913 -0.0333 -0.1270
vn 0.9958 -0.0654 -0.0633
vn 0.9890 -0.0389 -0.1424
vn 0.9939 -0.0757 -0.0807
vn 0.9688 0.0460 -0.2436
vn 0.9870 -0.0274 -0.1583
vn 0.9729 0.0159 -0.2307
vn 0.9930 -0.0667 -0.0979
vn 0.9849 0.0025 -0.1733
vn 0.9927 -0.0370 -0.1146
vn 0.9943 -0.1029 -0.0274
vn 0.9964 -0.0723 -0.0448
vn 0.9938 -0.1104 -0.0103
vn 0.9954 -0.0958 0.0065
vn 0.9591 0.0351 -0.2809
vn 0.9309 0.0698 -0.3586
vn 0.9262 0.0799 -0.3686
vn 0.9550 0.0411 -0.2936
vn 0.8875 0.1049 -0.4488
vn 0.8818 0.1192 -0.4564
vn 0.8758 0.1454 -0.4602
vn 0.9209 0.1022 -0.3763
vn 0.8669 0.1809 -0.4645
vn 0.9136 0.1346 -0.3838
vn 0.9448 0.0914 -0.3146
vn 0.9507 0.0595 -0.3043
vn -0.1368 -0.1621 0.9772
vn 0.1937 -0.2479 0.9492
vn -0.1491 -0.2141 0.9654
vn -0.1380 -0.1311 0.9817
vn 0.2039 -0.1963 0.9591
vn 0.4809 -0.2077 0.8518
vn 0.2031 -0.1634 0.9654
vn 0.4811 -0.1816 0.8577
vn 0.4625 -0.2654 0.8460
vn 0.1901 -0.1485 0.9705
vn -0.1495 -0.1197 0.9815
vn 0.4745 -0.1682 0.8641
vn 0.6799 -0.1879 0.7088
vn 0.6822 -0.2004 0.7031
vn 0.6688 -0.2557 0.6981
vn 0.6836 -0.2222 0.6952
vn -0.8677 0.0727 0.4918
vn -0.8066 -0.0139 0.5910
vn -0.9099 0.1218 0.3965
vn -0.8623 0.0501 0.5038
vn -0.7784 0.0043 0.6278
vn -0.6450 -0.0599 0.7618
vn -0.7675 -0.0006 0.6410
vn -0.6355 -0.0463 0.7707
vn -0.6597 -0.0868 0.7465
vn -0.7629 -0.0130 0.6463
vn -0.8570 0.0254 0.5146
vn -0.6334 -0.0511 0.7722
vn -0.4437 -0.0837 0.8923
vn -0.4405 -0.0896 0.8933
vn -0.4416 -0.1132 0.8900
vn -0.4528 -0.1538 0.8782
vn -0.9577 0.2823 0.0555
vn -0.9478 0.3097 0.0754
vn -0.9447 0.3267 0.0278
vn -0.9700 0.2301 0.0790
vn -0.9620 0.2500 0.1095
vn -0.9565 0.2239 0.1868
vn -0.9714 0.1928 0.1382
vn -0.9618 0.1538 0.2265
vn -0.9516 0.2728 0.1412
vn -0.9741 0.2041 0.0969
vn -0.9740 0.1673 0.1529
vn -0.9609 0.1237 0.2478
vn -0.9264 0.0773 0.3684
vn -0.9309 0.0964 0.3523
vn -0.9385 0.1542 0.3088
vn -0.9425 0.2165 0.2546
vn -0.8255 0.4796 -0.2977
vn -0.8388 0.4711 -0.2728
vn -0.8470 0.4577 -0.2705
vn -0.7796 0.5279 -0.3370
vn -0.8195 0.4898 -0.2974
vn -0.8132 0.4946 -0.3067
vn -0.7775 0.5294 -0.3394
vn -0.7726 0.5282 -0.3522
vn -0.8307 0.4816 -0.2793
vn -0.5848 0.6811 -0.4405
vn -0.7055 0.5919 -0.3898
vn -0.7041 0.5958 -0.3863
vn -0.5745 0.6582 -0.4865
vn -0.5873 0.6683 -0.4566
vn -0.6979 0.5831 -0.4159
vn -0.6798 0.5765 -0.4533
vn -0.5490 0.6401 -0.5374
vn -0.7606 0.5286 -0.3770
vn -0.8015 0.4994 -0.3288
vn -0.8245 0.4841 -0.2930
vn -0.9497 0.3126 0.0165
vn -0.9365 0.3505 -0.0133
vn -0.9349 0.3549 -0.0028
vn -0.9216 0.3865 -0.0357
vn -0.9614 0.2725 0.0376
vn -0.9498 0.3128 0.0081
vn -0.9002 0.4290 -0.0745
vn -0.9224 0.3838 -0.0433
vn -0.9047 0.4213 -0.0635
vn -0.9351 0.3530 -0.0322
vn -0.9075 0.4156 -0.0619
vn -0.9167 0.3938 -0.0681
vn -0.9288 0.3644 -0.0680
vn -0.9471 0.3201 -0.0224
vn -0.9603 0.2781 0.0207
vn -0.9691 0.2398 0.0577
vn -0.8901 0.4447 -0.1000
vn -0.8852 0.4504 -0.1167
vn -0.8913 0.4423 -0.0996
vn -0.8968 0.4286 -0.1095
vn -0.8808 0.4573 -0.1228
vn -0.8813 0.4512 -0.1401
vn -0.8757 0.4522 -0.1696
vn -0.8706 0.4672 -0.1544
vn -0.8785 0.4564 -0.1414
vn -0.8671 0.4672 -0.1727
vn -0.8647 0.4691 -0.1796
vn -0.8587 0.4729 -0.1973
vn -0.8591 0.4647 -0.2146
vn -0.8728 0.4505 -0.1877
vn -0.8898 0.4301 -0.1522
vn -0.9087 0.4013 -0.1146
vn -0.8706 0.4505 -0.1980
vn -0.8658 0.4482 -0.2225
vn -0.8586 0.4688 -0.2074
vn -0.8508 0.4762 -0.2222
vn -0.8532 0.4679 -0.2304
vn -0.8447 0.4776 -0.2415
vn -0.8467 0.4682 -0.2527
vn -0.8584 0.4492 -0.2476
vn -0.8382 0.4790 -0.2608
vn -0.8328 0.4820 -0.2722
vn -0.8417 0.4776 -0.2519
vn -0.8502 0.4714 -0.2344
vn -0.1830 0.6167 -0.7656
vn 0.1666 0.5928 -0.7880
vn -0.2606 0.6585 -0.7060
vn 0.0785 0.6591 -0.7480
vn 0.2422 0.5319 -0.8115
vn -0.1087 0.5727 -0.8125
vn 0.7132 0.3854 -0.5855
vn 0.4276 0.5750 -0.6976
vn 0.6737 0.4543 -0.5828
vn 0.7439 0.3350 -0.5783
vn 0.4971 0.5008 -0.7086
vn 0.5499 0.4398 -0.7100
vn 0.5904 0.3811 -0.7115
vn 0.7664 0.2865 -0.5750
vn 0.3012 0.4722 -0.8284
vn -0.0431 0.5254 -0.8497
vn -0.4081 0.7491 -0.5219
vn -0.1485 0.8056 -0.5736
vn -0.4194 0.7578 -0.4999
vn -0.1883 0.8146 -0.5486
vn -0.0903 0.7697 -0.6320
vn -0.3805 0.7263 -0.5725
vn 0.4825 0.6747 -0.5586
vn 0.0931 0.8161 -0.5703
vn 0.4089 0.7285 -0.5496
vn 0.5580 0.6043 -0.5687
vn 0.1727 0.7794 -0.6022
vn 0.2566 0.7229 -0.6415
vn 0.3441 0.6563 -0.6715
vn 0.6238 0.5246 -0.5794
vn -0.0089 0.7258 -0.6879
vn -0.3297 0.7030 -0.6301
vn 0.9486 0.1556 -0.2757
vn 0.9099 0.2318 -0.3440
vn 0.9394 0.1910 -0.2847
vn 0.9566 0.1189 -0.2661
vn 0.9209 0.1953 -0.3374
vn 0.8841 0.2411 -0.4003
vn 0.9296 0.1604 -0.3319
vn 0.8952 0.2051 -0.3957
vn 0.8702 0.2819 -0.4041
vn 0.9378 0.1268 -0.3232
vn 0.9631 0.0841 -0.2557
vn 0.9049 0.1709 -0.3898
vn 0.8562 0.2199 -0.4675
vn 0.8435 0.2588 -0.4708
vn 0.8271 0.3001 -0.4753
vn 0.8066 0.3509 -0.4757
vn 0.8828 0.3590 -0.3030
vn 0.8206 0.4492 -0.3532
vn 0.8454 0.4460 -0.2941
vn 0.9086 0.2885 -0.3019
vn 0.8529 0.3821 -0.3556
vn 0.7949 0.4357 -0.4224
vn 0.8785 0.3221 -0.3529
vn 0.8268 0.3810 -0.4138
vn 0.7570 0.4977 -0.4234
vn 0.8960 0.2734 -0.3498
vn 0.9270 0.2314 -0.2951
vn 0.8516 0.3271 -0.4096
vn 0.7770 0.4086 -0.4789
vn 0.7395 0.4737 -0.4784
vn 0.6887 0.5388 -0.4851
vn 0.6362 0.5972 -0.4885
vn 0.7819 0.5564 -0.2813
vn 0.6981 0.5851 -0.4126
vn 0.6397 0.6690 -0.3785
vn 0.7646 0.5513 -0.3339
vn 0.6741 0.6852 -0.2758
vn 0.6604 0.6739 -0.3312
vn 0.3276 0.7873 -0.5224
vn 0.2723 0.8393 -0.4706
vn 0.5650 0.6683 -0.4840
vn 0.5045 0.7458 -0.4351
vn 0.2916 0.9014 -0.3201
vn 0.4939 0.7973 -0.3468
vn 0.2717 0.8820 -0.3850
vn 0.5107 0.8112 -0.2848
vn -0.4103 0.7731 -0.4837
vn -0.3879 0.7994 -0.4588
vn -0.5687 0.6954 -0.4393
vn -0.5418 0.7264 -0.4229
vn -0.2024 0.8331 -0.5148
vn -0.1996 0.8537 -0.4809
vn -0.4728 0.8042 -0.3602
vn -0.3605 0.8335 -0.4186
vn -0.4989 0.7737 -0.3904
vn -0.1775 0.8862 -0.4280
vn -0.3519 0.8655 -0.3565
vn -0.1645 0.9196 -0.3568
vn 0.0635 0.9367 -0.3443
vn 0.0352 0.9098 -0.4136
vn 0.0194 0.8672 -0.4975
vn 0.0475 0.8374 -0.5446
vn -0.8268 0.4799 -0.2935
vn -0.8188 0.5040 -0.2748
vn -0.8526 0.4488 -0.2675
vn -0.8522 0.4600 -0.2493
vn -0.7585 0.5672 -0.3208
vn -0.7749 0.5337 -0.3385
vn -0.6531 0.7076 -0.2697
vn -0.8387 0.4951 -0.2268
vn -0.7515 0.6116 -0.2474
vn -0.6018 0.7513 -0.2710
vn -0.7740 0.5773 -0.2603
vn -0.7117 0.6355 -0.2992
vn -0.6202 0.7034 -0.3472
vn -0.5198 0.7947 -0.3133
vn -0.6696 0.6431 -0.3714
vn -0.6917 0.6096 -0.3872
vn -0.8694 0.4330 -0.2380
vn -0.8765 0.4276 -0.2210
vn -0.8784 0.4273 -0.2142
vn -0.8885 0.4129 -0.2004
vn -0.8854 0.4259 -0.1861
vn -0.8984 0.4037 -0.1729
vn -0.8904 0.4270 -0.1575
vn -0.9028 0.4047 -0.1457
vn -0.9165 0.3739 -0.1422
vn -0.9136 0.3853 -0.1296
vn -0.9229 0.3692 -0.1089
vn -0.8969 0.4046 -0.1785
vn -0.9076 0.3883 -0.1595
vn -0.8918 0.4092 -0.1929
vn -0.8679 0.4476 -0.2152
vn -0.8573 0.4631 -0.2249
vn -0.8929 0.4304 -0.1321
vn -0.9044 0.4094 -0.1202
vn -0.8979 0.4277 -0.1041
vn -0.9078 0.4092 -0.0919
vn -0.9014 0.4251 -0.0830
vn -0.9106 0.4077 -0.0674
vn -0.9326 0.3609 -0.0089
vn -0.9275 0.3713 -0.0425
vn -0.9236 0.3813 -0.0393
vn -0.9191 0.3879 -0.0689
vn -0.9159 0.3884 -0.1013
vn -0.9243 0.3738 -0.0771
vn 0.2351 0.9270 -0.2922
vn -0.0693 0.9403 -0.3331
vn 0.2211 0.9176 -0.3302
vn 0.2617 0.9251 -0.2752
vn -0.0320 0.9575 -0.2868
vn -0.2349 0.9355 -0.2641
vn 0.0118 0.9628 -0.2699
vn -0.2855 0.9199 -0.2687
vn -0.3275 0.8919 -0.3119
vn 0.0413 0.9552 -0.2930
vn 0.2888 0.9136 -0.2863
vn -0.1931 0.9378 -0.2887
vn -0.3856 0.8731 -0.2983
vn -0.4519 0.8576 -0.2456
vn -0.5522 0.7833 -0.2855
vn -0.4945 0.8291 -0.2608
vn 0.8698 0.4387 -0.2259
vn 0.7931 0.5467 -0.2685
vn 0.8779 0.4190 -0.2317
vn 0.8647 0.4454 -0.2321
vn 0.7886 0.5627 -0.2479
vn 0.6657 0.6954 -0.2705
vn 0.7876 0.5660 -0.2434
vn 0.6707 0.6964 -0.2553
vn 0.6665 0.6854 -0.2934
vn 0.7853 0.5642 -0.2550
vn 0.8568 0.4473 -0.2565
vn 0.6749 0.6911 -0.2586
vn 0.5109 0.8167 -0.2681
vn 0.5023 0.8236 -0.2633
vn 0.4881 0.8257 -0.2827
vn 0.4814 0.8177 -0.3156
vn 0.9856 0.1112 -0.1278
vn 0.9818 0.1460 -0.1211
vn 0.9927 0.0845 -0.0866
vn 0.9756 0.1324 -0.1749
vn 0.9745 0.1660 -0.1511
vn 0.9554 0.2391 -0.1732
vn 0.9643 0.1833 -0.1910
vn 0.9458 0.2521 -0.2045
vn 0.9640 0.2156 -0.1556
vn 0.9597 0.1585 -0.2320
vn 0.9317 0.2674 -0.2460
vn 0.9492 0.2029 -0.2406
vn 0.9035 0.3468 -0.2518
vn 0.9157 0.3369 -0.2192
vn 0.9241 0.3264 -0.1989
vn 0.9330 0.3032 -0.1937
vn 0.9982 -0.0602 -0.0012
vn 0.9975 -0.0304 -0.0637
vn 0.9964 0.0146 -0.0830
vn 0.9916 0.0009 -0.1292
vn 0.9889 0.0452 -0.1419
vn 0.9995 -0.0150 -0.0264
vn 0.9809 0.0391 -0.1906
vn 0.9748 0.0799 -0.2083
vn 0.9682 0.1192 -0.2200
vn 0.9833 0.0870 -0.1599
vn 0.9926 0.0599 -0.1061
vn 0.9979 0.0316 -0.0574
vn 0.9942 -0.0863 0.0649
vn 0.9986 -0.0403 0.0338
vn 0.9934 -0.0722 0.0895
vn 0.9843 -0.1167 0.1323
vn 0.9972 0.0589 -0.0455
vn 0.9995 0.0301 -0.0072
vn 1.0000 0.0048 -0.0057
vn 0.9988 -0.0246 0.0420
vn 0.9978 -0.0121 0.0652
vn 0.9950 -0.0478 0.0873
vn 0.9996 0.0061 0.0280
vn 0.9845 -0.1014 0.1428
vn 0.9881 -0.0720 0.1356
vn 0.9698 -0.1298 0.2065
vn 0.9383 -0.2016 0.2811
vn 0.9657 -0.1489 0.2129
vn 0.9891 0.1166 -0.0904
vn 0.9718 0.1902 -0.1396
vn 0.9799 0.1613 -0.1176
vn 0.9944 0.0881 -0.0590
vn 0.8845 0.3968 -0.2456
vn 0.8944 0.3764 -0.2415
vn 0.9414 0.2787 -0.1898
vn 0.9517 0.2517 -0.1757
vn 0.9071 0.3590 -0.2196
vn 0.9584 0.2347 -0.1624
vn 0.9023 0.3600 -0.2370
vn 0.9856 0.1387 -0.0967
vn 0.9655 0.2216 -0.1368
vn 0.9903 0.1217 -0.0672
vn 0.9990 0.0444 -0.0008
vn 0.9974 0.0658 -0.0293
vn -0.2161 -0.3173 0.9234
vn -0.4676 -0.2488 0.8482
vn -0.1978 -0.3116 0.9294
vn -0.6582 -0.1727 0.7327
vn -0.4694 -0.2594 0.8440
vn -0.6559 -0.1869 0.7313
vn -0.6600 -0.1556 0.7350
vn -0.4616 -0.2323 0.8561
vn -0.1823 -0.2981 0.9370
vn -0.9019 0.0072 0.4319
vn -0.7933 -0.1065 0.5994
vn -0.8993 -0.0123 0.4373
vn -0.9066 0.0318 0.4207
vn -0.7985 -0.0930 0.5947
vn -0.8014 -0.0725 0.5938
vn -0.9053 0.0692 0.4192
vn -0.6653 -0.1294 0.7352
vn -0.8070 -0.0496 0.5885
vn -0.1655 -0.2616 0.9509
vn -0.4612 -0.1976 0.8650
vn 0.6774 -0.2598 0.6882
vn 0.5448 -0.3237 0.7735
vn 0.7028 -0.2750 0.6561
vn 0.3456 -0.3532 0.8694
vn 0.5161 -0.3091 0.7988
vn 0.3184 -0.3437 0.8835
vn 0.3831 -0.3441 0.8572
vn 0.5799 -0.3198 0.7493
vn 0.7459 -0.2746 0.6069
vn 0.0703 -0.3471 0.9352
vn 0.0982 -0.3512 0.9311
vn 0.1322 -0.3389 0.9315
vn 0.1593 -0.3049 0.9390
vn 0.4241 -0.3122 0.8501
vn 0.7709 -0.2789 0.5726
vn 0.6229 -0.3067 0.7197
vn -0.9236 0.3622 -0.1257
vn -0.9330 0.3412 -0.1149
vn -0.9311 0.3539 -0.0884
vn -0.9404 0.3317 -0.0753
vn -0.9094 0.3827 -0.1626
vn -0.9000 0.4018 -0.1689
vn -0.9510 0.2897 -0.1083
vn -0.9498 0.3050 -0.0698
vn -0.9581 0.2791 -0.0651
vn -0.9279 0.3339 -0.1657
vn -0.9414 0.3187 -0.1108
vn -0.9174 0.3625 -0.1640
vn -0.7703 0.5499 -0.3230
vn -0.8678 0.4422 -0.2268
vn -0.8782 0.4150 -0.2376
vn -0.8587 0.4637 -0.2183
vn -0.7607 0.5719 -0.3070
vn -0.7517 0.5948 -0.2849
vn -0.7420 0.6196 -0.2558
vn -0.8520 0.4775 -0.2146
vn -0.9406 0.3380 0.0324
vn -0.9467 0.3141 0.0718
vn -0.9452 0.3260 0.0164
vn -0.9356 0.3529 -0.0092
vn -0.9647 0.1714 0.2001
vn -0.9681 0.2427 0.0620
vn -0.9554 0.2667 0.1265
vn -0.9542 0.2967 0.0393
vn -0.9533 0.3012 -0.0243
vn -0.9643 0.2642 -0.0190
vn -0.9441 0.3278 -0.0354
vn -0.9331 0.3558 -0.0520
vn -0.9633 0.1412 0.2283
vn -0.9740 0.2072 0.0920
vn -0.9631 0.1178 0.2419
vn -0.9776 0.1817 0.1059
vn -0.9606 0.0980 0.2600
vn -0.9789 0.1611 0.1255
vn -0.9591 0.0774 0.2724
vn -0.9800 0.1427 0.1390
vn -0.9773 0.2091 -0.0340
vn -0.9827 0.1807 0.0411
vn -0.9809 0.1936 -0.0199
vn -0.9713 0.2335 -0.0463
vn -0.9795 0.1999 0.0260
vn -0.9756 0.2192 0.0138
vn -0.9655 0.2528 -0.0619
vn -0.9705 0.2409 0.0019
vn -0.9573 0.2676 -0.1091
vn -0.9636 0.2473 -0.1021
vn -0.9405 0.2958 -0.1673
vn -0.9340 0.3140 -0.1707
vn -0.9723 0.2189 -0.0818
vn -0.9482 0.2774 -0.1547
vn -0.9678 0.2337 -0.0936
vn -0.9437 0.2870 -0.1643
vn -0.7679 0.5364 -0.3501
vn -0.8904 0.3819 -0.2476
vn -0.8921 0.3792 -0.2458
vn -0.8893 0.3850 -0.2467
vn -0.7705 0.5321 -0.3509
vn -0.7741 0.5305 -0.3454
vn -0.7753 0.5336 -0.3380
vn -0.8843 0.3983 -0.2439
vn -0.5872 0.6895 -0.4240
vn -0.5909 0.6960 -0.4078
vn -0.5811 0.6873 -0.4357
vn -0.3272 0.8076 -0.4906
vn -0.3401 0.8088 -0.4799
vn -0.3485 0.8151 -0.4628
vn -0.5609 0.6990 -0.4436
vn -0.2993 0.8162 -0.4942
vn -0.5710 0.6918 -0.4421
vn -0.3127 0.8107 -0.4949
vn 0.2686 0.8406 -0.4703
vn -0.0034 0.8660 -0.5000
vn 0.2766 0.8417 -0.4637
vn 0.2581 0.8430 -0.4719
vn -0.0165 0.8632 -0.5047
vn -0.0311 0.8642 -0.5022
vn 0.2353 0.8573 -0.4578
vn -0.0462 0.8677 -0.4950
vn 0.2461 0.8490 -0.4676
vn -0.0616 0.8749 -0.4804
vn -0.5863 0.7141 -0.3826
vn -0.5792 0.7348 -0.3529
vn -0.3499 0.8284 -0.4375
vn -0.3504 0.8450 -0.4041
vn 0.2263 0.8707 -0.4366
vn 0.2192 0.8849 -0.4110
vn -0.0734 0.8876 -0.4547
vn -0.0790 0.9024 -0.4237
vn -0.0777 0.9214 -0.3807
vn 0.2143 0.9024 -0.3737
vn -0.3397 0.8658 -0.3674
vn -0.5640 0.7605 -0.3218
vn 0.5016 0.7623 -0.4091
vn 0.6758 0.6553 -0.3376
vn 0.5043 0.7655 -0.3995
vn 0.6746 0.6628 -0.3251
vn 0.6748 0.6512 -0.3473
vn 0.4958 0.7628 -0.4152
vn 0.9132 0.3726 -0.1648
vn 0.8082 0.5376 -0.2405
vn 0.9116 0.3873 -0.1374
vn 0.9131 0.3640 -0.1838
vn 0.8105 0.5257 -0.2582
vn 0.8116 0.5175 -0.2712
vn 0.8107 0.5124 -0.2833
vn 0.9116 0.3567 -0.2043
vn 0.6735 0.6495 -0.3528
vn 0.8103 0.5089 -0.2905
vn 0.6721 0.6498 -0.3550
vn 0.4848 0.7724 -0.4103
vn 0.4909 0.7658 -0.4155
vn 0.4820 0.7799 -0.3992
vn 0.6705 0.6530 -0.3522
vn 0.6696 0.6600 -0.3407
vn 0.4792 0.7910 -0.3805
vn 0.8067 0.5106 -0.2975
vn 0.8047 0.5164 -0.2929
vn 0.7980 0.5306 -0.2858
vn 0.6672 0.6712 -0.3230
vn 0.4786 0.8048 -0.3510
vn 0.8223 -0.2134 0.5276
vn 0.7903 -0.2016 0.5786
vn 0.8543 -0.2269 0.4676
vn 0.9276 -0.1519 0.3413
vn 0.9014 -0.1431 0.4086
vn 0.8774 -0.1319 0.4612
vn 0.8924 -0.1943 0.4073
vn 0.9521 -0.1377 0.2731
vn 0.9946 -0.0243 0.1010
vn 0.9872 -0.0289 0.1567
vn 0.9790 -0.0831 0.1862
vn 0.9652 -0.0900 0.2457
vn 0.9317 -0.0729 0.3559
vn 0.9774 -0.0280 0.2096
vn 0.9645 -0.0141 0.2638
vn 0.9513 -0.0817 0.2971
vn 0.9988 0.0347 0.0336
vn 0.9928 0.1119 -0.0417
vn 0.9938 0.1108 -0.0060
vn 0.9967 0.0300 0.0752
vn 0.9690 0.2179 -0.1168
vn 0.9719 0.2181 -0.0882
vn 0.9722 0.2262 -0.0608
vn 0.9928 0.1150 0.0340
vn 0.9711 0.2379 -0.0206
vn 0.9887 0.1254 0.0818
vn 0.9913 0.0385 0.1256
vn 0.9838 0.0433 0.1740
vn 0.8851 0.0139 0.4652
vn 0.9127 -0.1146 0.3922
vn 0.7854 -0.0909 0.6123
vn 0.9263 -0.0357 0.3751
vn 0.9404 -0.0129 0.3398
vn 0.9800 0.0433 0.1941
vn 0.9596 -0.0050 0.2813
vn 0.9833 0.0774 0.1645
vn 0.9733 -0.0298 0.2274
vn 0.9444 -0.2129 0.2506
vn 0.9707 -0.0394 0.2369
vn 0.9458 -0.1001 0.3089
vn 0.9892 0.0664 0.1304
vn 0.9752 -0.1265 0.1817
vn 0.9962 -0.0007 0.0871
vn 0.9023 0.3850 -0.1940
vn 0.9840 0.1711 -0.0506
vn 0.9038 0.3708 -0.2137
vn 0.9121 0.3660 -0.1845
vn 0.9785 0.2056 -0.0173
vn 0.9798 0.1998 0.0069
vn 0.9494 0.2500 -0.1903
vn 0.9869 0.1600 0.0214
vn 0.9304 0.3171 -0.1838
vn 0.9952 0.0902 0.0374
vn 0.9417 -0.2076 0.2649
vn 0.9697 -0.1794 0.1657
vn 0.9345 -0.2716 0.2301
vn 0.9964 -0.0464 0.0713
vn 0.9723 -0.1212 0.1997
vn 0.9947 0.0030 0.1031
vn 0.9959 -0.0740 0.0526
vn 0.9666 -0.2120 0.1438
vn 0.9294 -0.3069 0.2050
vn 0.9075 0.3648 -0.2084
vn 0.9844 0.1741 -0.0269
vn 0.9051 0.3841 -0.1825
vn 0.9089 0.3508 -0.2256
vn 0.9886 0.1402 -0.0547
vn 0.9902 0.1182 -0.0738
vn 0.9893 0.1256 -0.0740
vn 0.9066 0.3536 -0.2304
vn 0.9966 -0.0601 0.0562
vn 0.9332 -0.2930 0.2080
vn 0.9691 -0.1978 0.1471
vn 0.9028 0.4097 -0.1305
vn 0.9677 0.2506 0.0270
vn 0.9030 0.4141 -0.1149
vn 0.9033 0.4047 -0.1425
vn 0.9706 0.2399 0.0195
vn 0.9842 0.0977 0.1477
vn 0.9742 0.2255 0.0104
vn 0.9873 0.0748 0.1404
vn 0.9809 0.1178 0.1545
vn 0.9785 0.2063 -0.0041
vn 0.9041 0.3961 -0.1605
vn 0.9910 0.0453 0.1261
vn 0.9445 -0.1497 0.2924
vn 0.9450 -0.1102 0.3081
vn 0.9719 -0.0714 0.2244
vn 0.9704 -0.0357 0.2387
vn 0.9421 -0.0464 0.3321
vn 0.9687 -0.0064 0.2483
vn 0.9442 -0.0785 0.3198
vn 0.9667 0.0199 0.2551
vn 0.9495 -0.0041 0.3137
vn 0.9733 0.0564 0.2225
vn 0.9664 0.0562 0.2510
vn 0.9829 0.1374 0.1229
vn 0.9788 0.1421 0.1477
vn 0.9414 -0.0044 0.3374
vn 0.9080 0.4023 -0.1167
vn 0.9050 0.4126 -0.1042
vn 0.9678 0.2516 0.0091
vn 0.9655 0.2588 0.0303
vn 0.9650 0.2599 0.0340
vn 0.9037 0.4150 -0.1052
vn 0.9781 0.1353 0.1581
vn 0.9643 0.0454 0.2608
vn 0.9396 -0.0171 0.3419
vn 0.9144 -0.0593 0.4004
vn 0.9052 -0.0631 0.4202
vn 0.8509 -0.1268 0.5099
vn 0.8584 -0.1193 0.4989
vn 0.9105 -0.1029 0.4005
vn 0.8608 -0.1751 0.4778
vn 0.9059 -0.0763 0.4166
vn 0.8536 -0.1442 0.5006
vn 0.6480 -0.3635 0.6693
vn 0.7705 -0.2259 0.5961
vn 0.7794 -0.2622 0.5691
vn 0.7654 -0.2028 0.6107
vn 0.6421 -0.3125 0.7000
vn 0.6435 -0.2759 0.7140
vn 0.6520 -0.2581 0.7129
vn 0.7733 -0.1913 0.6045
vn 0.7834 -0.3021 0.5432
vn 0.6533 -0.4090 0.6371
vn 0.8641 -0.2114 0.4568
vn 0.8627 -0.2487 0.4404
vn 0.7830 -0.3394 0.5213
vn 0.6568 -0.4463 0.6079
vn 0.9139 -0.1393 0.3814
vn 0.9131 -0.1733 0.3691
vn 0.9102 -0.2164 0.3531
vn 0.8581 -0.2930 0.4216
vn 0.9044 -0.2762 0.3252
vn 0.8490 -0.3564 0.3901
vn 0.6564 -0.4848 0.5780
vn 0.7680 -0.4442 0.4614
vn 0.6528 -0.5408 0.5304
vn 0.7784 -0.3827 0.4977
vn 0.8942 -0.3447 0.2855
vn 0.8350 -0.4275 0.3463
vn 0.8858 -0.3852 0.2588
vn 0.8234 -0.4728 0.3137
vn 0.8898 -0.3769 0.2572
vn 0.8262 -0.4710 0.3091
vn 0.9065 -0.2966 0.3006
vn 0.8469 -0.3925 0.3587
vn 0.6237 -0.6574 0.4228
vn 0.7599 -0.4966 0.4195
vn 0.6417 -0.5928 0.4866
vn 0.6252 -0.6504 0.4313
vn 0.7388 -0.5652 0.3670
vn 0.7379 -0.5612 0.3750
vn 0.7522 -0.5138 0.4126
vn 0.6401 -0.6031 0.4760
vn 0.9110 -0.1780 0.3719
vn 0.8582 -0.2643 0.4401
vn 0.8949 -0.0864 0.4379
vn 0.8369 -0.1457 0.5276
vn 0.8288 -0.0204 0.5592
vn 0.7560 -0.0376 0.6535
vn 0.7042 0.0256 0.7095
vn 0.6436 0.0248 0.7649
vn 0.5887 -0.1619 0.7920
vn 0.5764 -0.0033 0.8171
vn 0.5405 -0.0532 0.8397
vn 0.6428 -0.3208 0.6956
vn 0.6944 -0.0975 0.7130
vn 0.7608 -0.2355 0.6047
vn 0.7759 -0.3707 0.5104
vn 0.6574 -0.4727 0.5868
vn 0.2816 0.8433 -0.4577
vn 0.2836 0.8440 -0.4553
vn 0.5066 0.7689 -0.3901
vn 0.6729 0.6702 -0.3130
vn 0.5063 0.7707 -0.3868
vn 0.6699 0.6747 -0.3098
vn 0.2796 0.8393 -0.4663
vn 0.5050 0.7696 -0.3907
vn 0.2839 0.8423 -0.4583
vn 0.6673 0.6750 -0.3147
vn 0.4987 0.7689 -0.4001
vn 0.6615 0.6748 -0.3272
vn 0.7932 0.5605 -0.2380
vn 0.7966 0.5612 -0.2248
vn 0.7996 0.5590 -0.2193
vn 0.8037 0.5507 -0.2255
vn 0.3404 0.6582 -0.6716
vn 0.5031 0.6428 -0.5777
vn 0.3242 0.7003 -0.6360
vn 0.6610 0.5662 -0.4925
vn 0.5239 0.5957 -0.6089
vn 0.6845 0.5122 -0.5187
vn 0.6372 0.6114 -0.4692
vn 0.4816 0.6827 -0.5496
vn 0.3048 0.7359 -0.6046
vn 0.8328 0.3987 -0.3840
vn 0.8062 0.4654 -0.3653
vn 0.7832 0.5124 -0.3521
vn 0.7658 0.5398 -0.3495
vn 0.6176 0.6418 -0.4546
vn 0.7599 0.5428 -0.3577
vn 0.6070 0.6559 -0.4488
vn 0.2877 0.7625 -0.5795
vn 0.4486 0.7313 -0.5138
vn 0.2717 0.7805 -0.5630
vn 0.4629 0.7121 -0.5279
vn 0.4399 0.7445 -0.5021
vn 0.2578 0.7966 -0.5468
vn 0.6009 0.6664 -0.4414
vn 0.5999 0.6738 -0.4314
vn 0.4332 0.7566 -0.4898
vn 0.2482 0.8092 -0.5326
vn 0.7592 0.5425 -0.3596
vn 0.7601 0.5456 -0.3529
vn 0.7616 0.5548 -0.3349
vn 0.6021 0.6827 -0.4140
vn 0.7659 0.5617 -0.3129
vn 0.6103 0.6848 -0.3982
vn 0.2422 0.8215 -0.5162
vn 0.4393 0.7730 -0.4577
vn 0.2413 0.8283 -0.5057
vn 0.4349 0.7667 -0.4722
vn 0.4558 0.7718 -0.4433
vn 0.2477 0.8337 -0.4935
vn 0.6230 0.6841 -0.3794
vn 0.6383 0.6795 -0.3617
vn 0.4721 0.7698 -0.4295
vn 0.2605 0.8338 -0.4868
vn 0.7722 0.5646 -0.2914
vn 0.7807 0.5627 -0.2718
vn 0.7872 0.5613 -0.2553
vn 0.6520 0.6753 -0.3449
vn 0.2722 0.8366 -0.4755
vn 0.4883 0.7677 -0.4150
vn 0.0024 0.8682 -0.4962
vn -0.2885 0.8212 -0.4923
vn -0.2810 0.8218 -0.4957
vn 0.0070 0.8680 -0.4965
vn -0.5524 0.7060 -0.4431
vn -0.5442 0.7078 -0.4505
vn -0.7632 0.5415 -0.3525
vn -0.7604 0.5394 -0.3616
vn -0.5243 0.7034 -0.4799
vn -0.7556 0.5340 -0.3794
vn -0.7490 0.5285 -0.3996
vn -0.2656 0.8153 -0.5145
vn -0.5353 0.7062 -0.4634
vn -0.2745 0.8193 -0.5034
vn 0.0106 0.8618 -0.5072
vn 0.0098 0.8654 -0.5010
vn 0.0099 0.8558 -0.5173
vn 0.0091 0.8522 -0.5231
vn -0.2573 0.8110 -0.5255
vn -0.2452 0.8087 -0.5347
vn -0.5106 0.7019 -0.4966
vn -0.4944 0.7041 -0.5097
vn -0.7376 0.5270 -0.4222
vn -0.7253 0.5306 -0.4387
vn -0.4589 0.7094 -0.5350
vn -0.7110 0.5370 -0.4539
vn -0.6951 0.5439 -0.4701
vn -0.2195 0.8036 -0.5532
vn -0.4772 0.7073 -0.5215
vn -0.2343 0.8069 -0.5422
vn 0.0084 0.8469 -0.5317
vn 0.0121 0.8425 -0.5385
vn 0.1303 0.7008 -0.7014
vn 0.1157 0.7380 -0.6649
vn -0.1171 0.7444 -0.6573
vn 0.1006 0.7674 -0.6332
vn -0.1296 0.7675 -0.6279
vn -0.1076 0.7129 -0.6930
vn 0.0844 0.7886 -0.6090
vn -0.1426 0.7807 -0.6084
vn 0.0657 0.8003 -0.5959
vn -0.1577 0.7843 -0.6001
vn -0.6286 0.6073 -0.4859
vn -0.3779 0.7315 -0.5675
vn -0.3925 0.7251 -0.5659
vn -0.3656 0.7262 -0.5822
vn -0.6109 0.6301 -0.4793
vn -0.5984 0.6356 -0.4878
vn -0.3494 0.6847 -0.6396
vn -0.5901 0.6287 -0.5064
vn -0.5851 0.6083 -0.5363
vn -0.3576 0.7106 -0.6060
vn 0.0475 0.8118 -0.5820
vn -0.1887 0.7927 -0.5797
vn 0.0316 0.8231 -0.5670
vn -0.1724 0.7882 -0.5907
vn 0.0212 0.8327 -0.5533
vn -0.2056 0.7988 -0.5654
vn -0.4430 0.7092 -0.5484
vn -0.4266 0.7099 -0.5604
vn -0.6820 0.5496 -0.4825
vn -0.6650 0.5612 -0.4928
vn -0.6469 0.5817 -0.4931
vn -0.4112 0.7148 -0.5657
vn -0.8931 0.3779 -0.2441
vn -0.8954 0.3661 -0.2533
vn -0.9514 0.2671 -0.1533
vn -0.9560 0.2464 -0.1595
vn -0.9764 0.2018 -0.0769
vn -0.9820 0.1701 -0.0820
vn -0.9855 0.1690 -0.0138
vn -0.9913 0.1297 -0.0217
vn -0.9896 0.0887 -0.1128
vn -0.9958 0.0845 -0.0343
vn -0.9983 0.0309 -0.0491
vn -0.9622 0.1900 -0.1951
vn -0.9863 0.1335 -0.0965
vn -0.9593 0.2200 -0.1769
vn -0.8951 0.3539 -0.2710
vn -0.8946 0.3361 -0.2944
vn -0.8908 0.3279 -0.3145
vn -0.8866 0.3232 -0.3310
vn -0.9622 0.1663 -0.2157
vn -0.9622 0.1511 -0.2265
vn -0.9903 0.0522 -0.1288
vn -0.9903 0.0218 -0.1371
vn -0.9978 -0.0209 -0.0633
vn -0.9958 -0.0631 -0.0667
vn -0.9864 -0.0135 -0.1637
vn -0.9921 -0.1016 -0.0734
vn -0.9879 -0.1275 -0.0885
vn -0.9551 0.1428 -0.2595
vn -0.9887 0.0052 -0.1499
vn -0.9587 0.1451 -0.2446
vn -0.8783 0.3281 -0.3477
vn -0.8691 0.3333 -0.3655
vn -0.8065 0.4520 -0.3811
vn -0.9157 0.2913 -0.2770
vn -0.7884 0.4924 -0.3688
vn -0.7764 0.5105 -0.3695
vn -0.8988 0.3534 -0.2594
vn -0.8867 0.3883 -0.2508
vn -0.9957 -0.0070 -0.0926
vn -0.9628 0.2186 -0.1589
vn -0.9729 0.1396 -0.1844
vn -0.9528 0.2717 -0.1354
vn -0.9947 0.0903 -0.0500
vn -0.9873 0.1587 -0.0034
vn -0.9643 0.2595 -0.0537
vn -0.9777 0.2046 0.0468
vn -0.9612 0.1624 0.2228
vn -0.8912 0.3780 -0.2507
vn -0.9513 0.2914 -0.1007
vn -0.8823 0.3996 -0.2488
vn -0.7703 0.5124 -0.3796
vn -0.7717 0.4941 -0.4004
vn -0.8577 0.3447 -0.3816
vn -0.8434 0.3675 -0.3921
vn -0.9483 0.1505 -0.2796
vn -0.9408 0.1756 -0.2901
vn -0.9822 -0.0140 -0.1871
vn -0.9799 0.0055 -0.1995
vn -0.9831 -0.1443 -0.1129
vn -0.9830 -0.1378 -0.1211
vn -0.9885 -0.0943 -0.1179
vn -0.9780 0.0579 -0.2005
vn -0.9311 0.2229 -0.2887
vn -0.8282 0.4024 -0.3900
vn -0.9899 -0.1418 0.0008
vn -0.9617 -0.2573 0.0950
vn -0.9975 -0.0380 0.0590
vn -0.9913 0.0456 0.1237
vn -0.9737 -0.1484 0.1730
vn -0.9635 -0.0522 0.2626
vn -0.8519 -0.4427 0.2797
vn -0.9295 -0.2463 0.2745
vn -0.9152 -0.3571 0.1868
vn -0.9207 -0.1349 0.3663
vn -0.8671 -0.3269 0.3759
vn -0.8574 -0.2061 0.4715
vn -0.8195 0.0413 0.5716
vn -0.8194 -0.0836 0.5670
vn -0.7872 -0.0159 0.6165
vn -0.8570 0.0703 0.5106
vn -0.8787 -0.0356 0.4760
vn -0.9185 0.0147 0.3951
vn -0.9635 0.0918 0.2515
vn -0.8860 0.1170 0.4487
vn -0.9746 -0.2238 -0.0109
vn -0.9504 -0.3048 0.0614
vn -0.9667 -0.2539 -0.0322
vn -0.9642 -0.2624 -0.0393
vn -0.9374 -0.3459 0.0402
vn -0.9313 -0.3625 0.0345
vn -0.8559 -0.4664 0.2234
vn -0.8949 -0.4295 0.1211
vn -0.9122 -0.3853 0.1396
vn -0.8843 -0.4525 0.1148
vn -0.8361 -0.5100 0.2021
vn -0.8238 -0.5326 0.1943
vn -0.8285 -0.5178 0.2131
vn -0.8920 -0.4330 0.1300
vn -0.9410 -0.3354 0.0450
vn -0.9740 -0.2239 -0.0349
vn -0.9132 -0.2490 0.3226
vn -0.9585 -0.2230 0.1774
vn -0.9675 -0.1499 0.2035
vn -0.9458 -0.2799 0.1646
vn -0.9041 -0.3184 0.2850
vn -0.8917 -0.3707 0.2596
vn -0.9760 -0.2029 0.0793
vn -0.9856 -0.1457 0.0852
vn -0.9921 -0.0752 0.1001
vn -0.8759 -0.4168 0.2430
vn -0.9306 -0.3323 0.1538
vn -0.9643 -0.2550 0.0710
vn -0.9838 -0.1790 -0.0014
vn -0.9910 -0.1339 0.0042
vn -0.9997 -0.0167 0.0170
vn -0.9968 -0.0800 0.0064
vn -0.9872 0.1521 0.0490
vn -0.9828 0.1132 0.1456
vn -0.9885 0.0625 0.1376
vn -0.9938 0.1019 0.0450
vn -0.9002 -0.0383 0.4338
vn -0.9077 -0.0956 0.4087
vn -0.9606 0.0480 0.2737
vn -0.9655 -0.0060 0.2604
vn -0.9135 -0.1681 0.3705
vn -0.9700 -0.0773 0.2303
vn -0.9930 -0.0080 0.1176
vn -0.9985 0.0438 0.0332
vn -0.8253 -0.3490 0.4439
vn -0.8203 -0.2683 0.5051
vn -0.6940 -0.3563 0.6257
vn -0.8078 -0.1943 0.5565
vn -0.6773 -0.2760 0.6820
vn -0.7031 -0.4413 0.5576
vn -0.7972 -0.1347 0.5885
vn -0.6617 -0.2128 0.7189
vn -0.2393 -0.3352 0.9112
vn -0.2659 -0.3969 0.8785
vn -0.4829 -0.2831 0.8287
vn -0.5030 -0.3461 0.7920
vn -0.3090 -0.5728 0.7592
vn -0.5250 -0.4297 0.7347
vn -0.2948 -0.4807 0.8258
vn -0.5374 -0.5166 0.6666
vn -0.2278 -0.7784 0.5850
vn -0.4984 -0.6814 0.5360
vn -0.2545 -0.7368 0.6264
vn -0.6535 -0.6394 0.4051
vn -0.4770 -0.7243 0.4979
vn -0.5200 -0.6405 0.5651
vn -0.6735 -0.5981 0.4344
vn -0.6893 -0.5581 0.4620
vn -0.2837 -0.6939 0.6619
vn -0.7927 -0.5082 0.3366
vn -0.7736 -0.5515 0.3120
vn -0.8085 -0.4654 0.3601
vn -0.8192 -0.4175 0.3931
vn -0.6999 -0.5091 0.5010
vn -0.3031 -0.6468 0.6998
vn -0.5342 -0.5908 0.6046
vn -0.7458 -0.5967 0.2962
vn -0.7702 -0.5197 0.3697
vn -0.7418 -0.6113 0.2758
vn -0.6250 -0.6933 0.3587
vn -0.6294 -0.6775 0.3806
vn -0.6534 -0.5988 0.4631
vn -0.7538 -0.5912 0.2868
vn -0.6352 -0.6760 0.3735
vn -0.4606 -0.7579 0.4620
vn -0.4536 -0.7742 0.4413
vn -0.2120 -0.8180 0.5347
vn -0.2082 -0.8362 0.5074
vn -0.4831 -0.6770 0.5553
vn -0.2144 -0.8217 0.5281
vn -0.2298 -0.7414 0.6305
vn -0.4604 -0.7582 0.4617
vn -0.7863 -0.3962 0.4741
vn -0.7773 -0.2561 0.5746
vn -0.6697 -0.4628 0.5808
vn -0.6645 -0.3015 0.6838
vn -0.4971 -0.5299 0.6871
vn -0.2394 -0.3902 0.8891
vn -0.2370 -0.5869 0.7742
vn -0.4916 -0.3495 0.7976
vn -0.2131 -0.0462 0.9759
vn -0.4776 -0.1718 0.8616
vn -0.2284 -0.1967 0.9535
vn -0.6410 -0.1449 0.7538
vn -0.4613 -0.0386 0.8864
vn -0.6252 -0.0262 0.7801
vn -0.7512 -0.1222 0.6487
vn -0.7299 -0.0137 0.6835
vn 0.0539 -0.6062 0.7935
vn 0.3043 -0.5884 0.7492
vn 0.0595 -0.7598 0.6474
vn 0.3009 -0.7296 0.6141
vn 0.2925 -0.4068 0.8654
vn 0.0516 -0.4089 0.9111
vn 0.4919 -0.6729 0.5525
vn 0.5005 -0.5446 0.6730
vn 0.4864 -0.3777 0.7879
vn 0.4592 -0.1983 0.8659
vn 0.2738 -0.0490 0.9605
vn 0.4467 -0.0479 0.8934
vn 0.2751 -0.2058 0.9391
vn 0.0493 -0.0494 0.9976
vn 0.0466 -0.2075 0.9771
vn 0.4777 -0.7358 0.4799
vn 0.2965 -0.7973 0.5257
vn 0.2995 -0.7997 0.5204
vn 0.4821 -0.7320 0.4815
vn 0.0622 -0.8343 0.5478
vn 0.0667 -0.8440 0.5322
vn 0.0674 -0.8177 0.5717
vn 0.3045 -0.7660 0.5661
vn 0.0525 -0.7781 0.6259
vn 0.3022 -0.7199 0.6248
vn 0.5002 -0.6344 0.5894
vn 0.4932 -0.6912 0.5282
vn 0.4628 -0.3976 0.7923
vn 0.2403 -0.4636 0.8528
vn 0.4625 -0.4595 0.7583
vn 0.2291 -0.5389 0.8106
vn 0.2622 -0.3919 0.8819
vn 0.4728 -0.3405 0.8127
vn -0.0391 -0.5799 0.8138
vn -0.0197 -0.4930 0.8698
vn 0.0099 -0.4104 0.9118
vn 0.0424 -0.3603 0.9319
vn 0.2889 -0.3515 0.8905
vn 0.4921 -0.3120 0.8127
vn 0.0257 -0.7336 0.6791
vn 0.2811 -0.6762 0.6810
vn -0.0049 -0.6947 0.7193
vn 0.2572 -0.6429 0.7214
vn -0.0305 -0.6496 0.7596
vn 0.2373 -0.6035 0.7612
vn 0.4684 -0.5163 0.7170
vn 0.4809 -0.5533 0.6801
vn 0.4929 -0.5884 0.6410
vn -0.2336 -0.0436 0.9714
vn 0.0859 -0.1898 0.9780
vn -0.2706 -0.1545 0.9502
vn -0.2141 0.0271 0.9764
vn 0.0932 -0.0488 0.9945
vn 0.3205 0.0367 0.9465
vn 0.0732 0.0294 0.9969
vn 0.3608 -0.1844 0.9142
vn 0.3419 -0.0399 0.9389
vn 0.0673 0.0353 0.9971
vn -0.2079 0.0248 0.9778
vn 0.2928 0.0431 0.9552
vn 0.4629 0.0287 0.8859
vn 0.4928 0.0360 0.8694
vn 0.5945 -0.1499 0.7900
vn 0.5435 -0.0208 0.8392
vn -0.7434 0.0343 0.6680
vn -0.6306 0.0418 0.7750
vn -0.6621 0.0450 0.7481
vn -0.7752 0.0506 0.6297
vn -0.4638 0.0322 0.8854
vn -0.4935 0.0340 0.8691
vn -0.5254 -0.0231 0.8505
vn -0.7034 0.0017 0.7107
vn -0.5716 -0.1051 0.8138
vn -0.7508 -0.0539 0.6584
vn -0.8800 0.0027 0.4750
vn -0.8199 0.0549 0.5698
vn -0.3348 0.3986 -0.8538
vn -0.5706 0.4365 -0.6956
vn -0.5632 0.3594 -0.7440
vn -0.0891 0.4963 -0.8635
vn -0.0923 0.4057 -0.9093
vn -0.0917 0.5866 -0.8047
vn -0.3416 0.4838 -0.8057
vn -0.5791 0.5076 -0.6380
vn -0.3475 0.5687 -0.7455
vn 0.3719 0.4254 -0.8250
vn 0.1472 0.3843 -0.9114
vn 0.3658 0.3392 -0.8667
vn 0.3667 0.5175 -0.7731
vn 0.1504 0.4748 -0.8671
vn 0.1482 0.5666 -0.8106
vn 0.1407 0.6460 -0.7502
vn 0.3570 0.5984 -0.7173
vn -0.0983 0.6612 -0.7438
vn -0.3481 0.6370 -0.6878
vn -0.5834 0.5685 -0.5800
vn -0.5588 0.0010 -0.8293
vn -0.3479 0.0440 -0.9365
vn -0.5596 0.0634 -0.8264
vn -0.1182 0.0264 -0.9926
vn -0.3449 -0.0269 -0.9383
vn -0.1134 -0.0495 -0.9923
vn -0.1217 0.1081 -0.9867
vn -0.3484 0.1201 -0.9296
vn -0.5585 0.1275 -0.8197
vn 0.2915 -0.0009 -0.9566
vn 0.1039 -0.0644 -0.9925
vn 0.2884 -0.0762 -0.9545
vn 0.2921 0.0739 -0.9535
vn 0.1004 0.0117 -0.9949
vn 0.0967 0.0931 -0.9909
vn 0.3026 0.1747 -0.9370
vn 0.0967 0.1589 -0.9826
vn 0.2942 0.1367 -0.9459
vn -0.1224 0.1747 -0.9770
vn 0.0991 0.2013 -0.9745
vn -0.1211 0.2195 -0.9681
vn -0.5540 0.2129 -0.8048
vn -0.3476 0.1813 -0.9200
vn -0.3460 0.2236 -0.9112
vn -0.5561 0.1786 -0.8117
vn -0.5522 0.2386 -0.7988
vn -0.3418 0.2545 -0.9047
vn -0.3375 0.2876 -0.8963
vn -0.1151 0.2527 -0.9607
vn -0.1065 0.2876 -0.9518
vn -0.5529 0.2652 -0.7899
vn 0.3178 0.2038 -0.9260
vn 0.3345 0.2325 -0.9133
vn 0.1090 0.2349 -0.9659
vn 0.1204 0.2682 -0.9558
vn 0.1349 0.3128 -0.9402
vn 0.3520 0.2740 -0.8950
vn -0.0975 0.3331 -0.9378
vn -0.3358 0.3301 -0.8822
vn -0.5575 0.3040 -0.7725
vn 0.5426 0.5298 -0.6518
vn 0.7065 0.4393 -0.5548
vn 0.5561 0.4488 -0.6995
vn 0.7211 0.3587 -0.5927
vn 0.5613 0.3600 -0.7452
vn 0.7265 0.2752 -0.6297
vn 0.5559 0.2804 -0.7825
vn 0.7228 0.2047 -0.6601
vn 0.9758 0.0346 -0.2160
vn 0.8703 0.1112 -0.4798
vn 0.9745 -0.0025 -0.2242
vn 0.9738 0.0953 -0.2065
vn 0.8719 0.1710 -0.4589
vn 0.8676 0.2455 -0.4325
vn 0.8530 0.3243 -0.4090
vn 0.9663 0.1641 -0.1986
vn 0.9277 -0.1030 -0.3589
vn 0.7837 -0.1290 -0.6076
vn 0.9195 -0.1382 -0.3680
vn 0.9350 -0.0716 -0.3473
vn 0.7955 -0.0784 -0.6009
vn 0.6308 -0.0510 -0.7742
vn 0.8044 -0.0303 -0.5933
vn 0.6401 0.0101 -0.7682
vn 0.6203 -0.1109 -0.7765
vn 0.9473 -0.0437 -0.3174
vn 0.8129 0.0051 -0.5824
vn 0.9408 -0.0514 -0.3351
vn 0.6496 0.0577 -0.7580
vn 0.8228 0.0240 -0.5678
vn 0.6607 0.0847 -0.7458
vn 0.4862 0.1351 -0.8633
vn 0.4760 0.1001 -0.8737
vn 0.4669 0.0446 -0.8832
vn 0.4610 -0.0247 -0.8871
vn 0.4519 -0.0926 -0.8872
vn 0.5418 0.2189 -0.8115
vn 0.7102 0.1530 -0.6872
vn 0.5234 0.1837 -0.8320
vn 0.6940 0.1243 -0.7092
vn 0.5043 0.1580 -0.8489
vn 0.6770 0.1036 -0.7286
vn 0.9551 -0.0402 -0.2936
vn 0.9624 -0.0355 -0.2692
vn 0.8352 0.0375 -0.5487
vn 0.8481 0.0518 -0.5272
vn 0.8602 0.0736 -0.5046
vn 0.9696 -0.0251 -0.2433
vn 0.8821 -0.1780 0.4361
vn 0.7361 -0.2215 0.6396
vn 0.9639 -0.1125 0.2414
vn 0.9492 -0.1618 0.2700
vn 0.8530 -0.2328 0.4671
vn 0.7103 -0.2966 0.6383
vn 0.9992 0.0086 0.0399
vn 0.9973 -0.0501 0.0530
vn 0.9941 -0.0931 0.0565
vn 0.9381 -0.1968 0.2850
vn 0.9924 -0.1098 0.0556
vn 0.9347 -0.2011 0.2932
vn 0.6889 -0.3203 0.6503
vn 0.8267 -0.2680 0.4947
vn 0.6767 -0.3108 0.6674
vn 0.8351 -0.2649 0.4821
vn 0.7433 -0.0942 0.6623
vn 0.8997 -0.1349 0.4151
vn 0.9056 -0.1218 0.4063
vn 0.8909 -0.1654 0.4230
vn 0.7347 -0.1258 0.6666
vn 0.7259 -0.1725 0.6658
vn 0.9747 -0.1414 0.1732
vn 0.9780 -0.1328 0.1608
vn 0.9794 -0.1339 0.1508
vn 0.7032 -0.2480 0.6663
vn 0.8813 -0.1917 0.4320
vn 0.7154 -0.2144 0.6650
vn 0.9699 -0.1531 0.1893
vn 0.8691 -0.2177 0.4441
vn 0.9636 -0.1701 0.2062
vn 0.9928 -0.1113 -0.0439
vn 0.9922 -0.1076 -0.0623
vn 0.9909 -0.1096 -0.0781
vn 0.9852 -0.1375 -0.1019
vn 0.9884 -0.1224 -0.0902
vn 0.9917 -0.1231 0.0377
vn 0.9383 -0.2019 0.2807
vn 0.9926 -0.1205 0.0124
vn 0.9464 -0.1922 0.2596
vn 0.9928 -0.1183 -0.0167
vn 0.9551 -0.1833 0.2326
vn 0.6919 -0.2716 0.6690
vn 0.6811 -0.2854 0.6743
vn 0.8560 -0.2351 0.4605
vn 0.8432 -0.2459 0.4781
vn 0.8328 -0.2571 0.4902
vn 0.6742 -0.3005 0.6747
vn 0.5034 -0.3506 0.7897
vn 0.2688 -0.3578 0.8942
vn 0.4829 -0.3319 0.8103
vn 0.2435 -0.3373 0.9094
vn 0.3016 -0.3557 0.8846
vn 0.5266 -0.3396 0.7793
vn -0.3672 -0.2674 0.8909
vn -0.0213 -0.3350 0.9420
vn -0.0473 -0.3155 0.9477
vn -0.3351 -0.2841 0.8983
vn -0.3552 -0.2819 0.8913
vn 0.0097 -0.3405 0.9402
vn 0.0459 -0.2960 0.9541
vn -0.3033 -0.2509 0.9193
vn 0.3401 -0.3050 0.8895
vn 0.5570 -0.2853 0.7800
vn 0.5106 -0.0568 0.8579
vn 0.2571 -0.0210 0.9662
vn 0.5042 -0.1033 0.8574
vn 0.4956 -0.1628 0.8532
vn 0.2521 -0.0766 0.9647
vn 0.2452 -0.1442 0.9587
vn -0.2966 0.0361 0.9543
vn -0.0176 -0.0485 0.9987
vn -0.0128 0.0120 0.9998
vn -0.0233 -0.1186 0.9927
vn -0.3012 -0.0194 0.9534
vn -0.3056 -0.0864 0.9482
vn -0.0363 -0.2207 0.9747
vn -0.3106 -0.1447 0.9394
vn -0.3185 -0.1867 0.9294
vn 0.2318 -0.2454 0.9413
vn -0.0288 -0.1785 0.9835
vn 0.2378 -0.2033 0.9498
vn 0.4860 -0.2165 0.8467
vn 0.4771 -0.2564 0.8406
vn 0.4714 -0.2817 0.8357
vn 0.4696 -0.2996 0.8305
vn 0.2282 -0.2717 0.9349
vn 0.2268 -0.2927 0.9289
vn -0.0442 -0.2490 0.9675
vn -0.0529 -0.2681 0.9619
vn -0.3323 -0.2120 0.9190
vn -0.3510 -0.2285 0.9081
vn -0.3664 -0.2408 0.8988
vn -0.0519 -0.2898 0.9557
vn 0.2327 -0.3110 0.9215
vn 0.4724 -0.3167 0.8225
vn -0.9851 0.0624 0.1602
vn -0.8782 0.0447 0.4762
vn -0.8781 0.0604 0.4746
vn -0.8790 0.0081 0.4768
vn -0.9844 0.0649 0.1634
vn -0.9848 0.0502 0.1662
vn -0.7309 -0.0243 0.6821
vn -0.7290 0.0254 0.6840
vn -0.7261 0.0584 0.6851
vn -0.8849 -0.0664 0.4610
vn -0.9858 0.0242 0.1659
vn -0.9872 0.0030 0.1594
vn -0.7412 -0.1105 0.6621
vn -0.8820 -0.0327 0.4702
vn -0.7353 -0.0750 0.6736
vn -0.5534 -0.1077 0.8259
vn -0.5606 -0.1476 0.8148
vn -0.5489 -0.0535 0.8342
vn -0.5418 0.0517 0.8389
vn -0.5457 0.0060 0.8380
vn -0.6196 -0.1897 0.7616
vn -0.6328 -0.1991 0.7483
vn -0.6010 -0.1812 0.7785
vn -0.7731 -0.1392 0.6189
vn -0.7890 -0.1386 0.5986
vn -0.8001 -0.1410 0.5831
vn -0.5793 -0.1706 0.7971
vn -0.7561 -0.1332 0.6408
vn -0.8939 -0.0849 0.4401
vn -0.9038 -0.0900 0.4183
vn -0.9894 -0.0104 0.1451
vn -0.9906 -0.0103 0.1367
vn -0.9194 -0.0771 0.3857
vn -0.9919 -0.0050 0.1272
vn -0.9915 0.0135 0.1296
vn -0.9132 -0.0856 0.3984
vn -0.5981 -0.1758 0.7819
vn -0.7933 -0.1306 0.5946
vn -0.6165 -0.2043 0.7604
vn -0.7805 -0.0956 0.6178
vn -0.6265 -0.2126 0.7498
vn -0.8000 -0.1360 0.5844
vn -0.9185 -0.0611 0.3906
vn -0.9139 -0.0414 0.4039
vn -0.9890 0.0415 0.1417
vn -0.9839 0.0727 0.1635
vn -0.9723 0.1278 0.1955
vn -0.9044 -0.0137 0.4265
vn -0.7339 0.0267 -0.6787
vn -0.7344 0.0784 -0.6742
vn -0.8774 0.0842 -0.4723
vn -0.7334 0.1272 -0.6678
vn -0.8770 0.1169 -0.4661
vn -0.8763 0.0449 -0.4797
vn -0.7314 0.1876 -0.6556
vn -0.8777 0.1459 -0.4565
vn -0.7318 0.1651 -0.6612
vn -0.8767 0.1369 -0.4612
vn -0.9787 0.0904 -0.1844
vn -0.9797 0.0819 -0.1828
vn -0.9780 0.0917 -0.1873
vn -0.9780 0.0797 -0.1929
vn -0.9780 0.0574 -0.2006
vn -0.9801 0.0959 -0.1736
vn -0.9803 0.1173 -0.1588
vn -0.9799 0.0836 -0.1812
vn -0.8815 0.1641 -0.4428
vn -0.8856 0.1842 -0.4263
vn -0.8913 0.2150 -0.3993
vn -0.9798 0.0792 -0.1837
vn -0.8790 0.1525 -0.4519
vn -0.7322 0.2043 -0.6498
vn -0.7343 0.2243 -0.6407
vn -0.7487 0.2963 -0.5930
vn -0.7413 0.2519 -0.6221
vn -0.9701 0.2301 -0.0770
vn -0.9766 0.1901 -0.1009
vn -0.8981 0.3044 -0.3175
vn -0.8951 0.3451 -0.2824
vn -0.9795 0.1531 -0.1312
vn -0.8956 0.2597 -0.3612
vn -0.7599 0.3546 -0.5447
vn -0.7664 0.4134 -0.4916
vn -0.7695 0.4633 -0.4396
vn 0.9024 -0.4190 0.1008
vn 0.8798 -0.4741 0.0352
vn 0.8651 -0.5015 -0.0133
vn 0.8958 -0.4361 0.0860
vn 0.8967 -0.4070 0.1740
vn 0.8879 -0.3880 0.2472
vn 0.8839 -0.4657 -0.0441
vn 0.8491 -0.5216 -0.0829
vn 0.8237 -0.5546 -0.1182
vn 0.9136 -0.2449 0.3247
vn 0.8503 -0.3688 0.3755
vn 0.7382 -0.1716 0.6524
vn 0.9551 -0.2898 0.0615
vn 0.9103 -0.3727 0.1801
vn 0.9175 -0.3977 -0.0060
vn 0.8416 -0.3946 -0.3689
vn 0.8884 -0.4253 -0.1730
vn 0.9366 -0.3180 -0.1471
vn 0.8430 -0.5049 -0.1853
vn 0.7834 -0.4993 -0.3700
vn 0.7330 -0.5811 -0.3537
vn 0.7591 -0.6096 -0.2283
vn 0.6885 -0.6360 -0.3486
vn 0.6476 -0.6795 -0.3448
vn 0.7928 -0.5714 -0.2121
vn 0.5382 -0.7087 -0.4562
vn 0.5120 -0.7394 -0.4373
vn 0.5853 -0.6506 -0.4839
vn 0.4352 -0.6967 -0.5703
vn 0.3998 -0.7528 -0.5230
vn 0.3814 -0.7832 -0.4911
vn 0.6934 -0.4536 -0.5599
vn 0.5296 -0.4904 -0.6922
vn 0.6357 -0.5658 -0.5251
vn 0.4791 -0.6109 -0.6303
vn 0.2481 -0.5153 -0.8203
vn 0.3421 -0.6350 -0.6927
vn 0.3812 -0.5094 -0.7715
vn 0.3068 -0.7222 -0.6199
vn 0.2221 -0.6439 -0.7322
vn 0.1958 -0.7326 -0.6519
vn 0.2661 -0.8080 -0.5257
vn 0.1756 -0.7894 -0.5883
vn 0.1645 -0.8195 -0.5489
vn 0.2814 -0.7775 -0.5625
vn 0.0515 -0.8328 -0.5512
vn 0.1603 -0.8336 -0.5286
vn -0.0751 -0.8186 -0.5695
vn 0.0561 -0.8177 -0.5729
vn -0.0758 -0.8012 -0.5936
vn -0.0720 -0.8230 -0.5634
vn 0.0526 -0.8339 -0.5494
vn 0.1627 -0.8321 -0.5302
vn -0.3707 -0.7381 -0.5638
vn -0.2296 -0.7648 -0.6020
vn -0.3915 -0.7107 -0.5845
vn -0.3597 -0.7510 -0.5537
vn -0.2184 -0.7891 -0.5741
vn -0.2116 -0.7982 -0.5640
vn -0.3975 -0.6030 -0.6917
vn -0.2076 -0.7875 -0.5803
vn -0.3597 -0.7398 -0.5686
vn -0.0668 -0.8127 -0.5788
vn -0.1998 -0.7416 -0.6404
vn -0.0566 -0.7854 -0.6163
vn 0.1810 -0.8067 -0.5626
vn 0.0787 -0.7897 -0.6084
vn 0.2062 -0.6510 -0.7305
vn 0.0619 -0.8185 -0.5712
vn -0.5104 -0.6761 -0.5314
vn -0.6249 -0.6093 -0.4880
vn -0.5358 -0.6448 -0.5451
vn -0.6489 -0.5781 -0.4947
vn -0.6101 -0.6229 -0.4897
vn -0.4956 -0.6900 -0.5275
vn -0.8468 -0.3988 -0.3519
vn -0.7514 -0.4986 -0.4321
vn -0.8615 -0.3714 -0.3461
vn -0.8365 -0.4082 -0.3656
vn -0.7338 -0.5244 -0.4319
vn -0.7205 -0.5366 -0.4391
vn -0.8246 -0.3966 -0.4033
vn -0.7126 -0.5372 -0.4512
vn -0.8284 -0.4102 -0.3814
vn -0.6045 -0.6181 -0.5026
vn -0.7102 -0.5207 -0.4739
vn -0.6094 -0.5919 -0.5275
vn -0.5170 -0.6343 -0.5747
vn -0.4935 -0.6818 -0.5400
vn -0.9400 -0.2268 -0.2549
vn -0.9869 -0.0563 -0.1514
vn -0.9481 -0.2035 -0.2445
vn -0.9905 -0.0402 -0.1312
vn -0.9828 -0.0578 -0.1753
vn -0.9330 -0.2332 -0.2743
vn -0.9832 0.1827 0.0041
vn -0.9933 0.0899 -0.0729
vn -0.9950 0.0876 -0.0472
vn -0.9912 0.0939 -0.0934
vn -0.9818 0.1881 -0.0249
vn -0.9775 0.2062 -0.0441
vn -0.9822 0.1191 -0.1453
vn -0.9720 0.2267 -0.0622
vn -0.9658 0.2442 -0.0875
vn -0.9791 -0.0530 -0.1962
vn -0.9734 -0.0423 -0.2251
vn -0.9873 0.1053 -0.1191
vn -0.9218 -0.2249 -0.3157
vn -0.9276 -0.2339 -0.2913
vn -0.8019 0.1332 0.5824
vn -0.7003 0.0980 0.7070
vn -0.6700 0.1288 0.7311
vn -0.7346 0.0598 0.6758
vn -0.8375 0.0689 0.5421
vn -0.8703 0.0093 0.4924
vn -0.6033 0.1250 0.7877
vn -0.5674 0.1321 0.8128
vn -0.5492 0.1379 0.8242
vn -0.8505 0.0178 0.5256
vn -0.8990 -0.0825 0.4302
vn -0.9735 -0.1632 0.1601
vn -0.6513 0.1046 0.7515
vn -0.6828 0.1112 0.7221
vn -0.7798 0.0141 0.6259
vn -0.2695 0.1758 0.9468
vn -0.4772 0.1709 0.8620
vn -0.5066 0.1645 0.8463
vn -0.4497 0.1864 0.8735
vn -0.2503 0.1969 0.9479
vn -0.2501 0.2063 0.9460
vn -0.4085 0.1541 0.8997
vn -0.2423 0.1997 0.9494
vn -0.2363 0.1621 0.9581
vn -0.4245 0.1728 0.8888
vn -0.0624 0.1610 0.9850
vn -0.2293 0.1283 0.9649
vn 0.0970 0.1544 0.9832
vn -0.0527 0.1398 0.9888
vn -0.0397 0.1372 0.9897
vn 0.0997 0.1554 0.9828
vn 0.1068 0.1687 0.9799
vn -0.2204 0.1205 0.9679
vn 0.4068 0.1118 0.9066
vn 0.2344 0.1633 0.9583
vn 0.2398 0.1385 0.9609
vn 0.2282 0.1962 0.9536
vn 0.3834 0.1661 0.9085
vn 0.3611 0.2157 0.9072
vn 0.2332 0.3118 0.9211
vn 0.3438 0.2780 0.8970
vn 0.3296 0.3467 0.8782
vn 0.1269 0.2678 0.9551
vn 0.2335 0.2437 0.9413
vn 0.1181 0.2026 0.9721
vn -0.2025 0.2089 0.9568
vn -0.0263 0.1622 0.9864
vn -0.0126 0.2265 0.9739
vn -0.2207 0.1426 0.9649
vn 0.9273 -0.3088 0.2114
vn 0.9299 -0.1639 0.3292
vn 0.9066 -0.2983 0.2986
vn 0.8204 -0.1588 0.5493
vn 0.8857 -0.1732 0.4307
vn 0.8528 -0.2805 0.4405
vn 0.8300 0.0648 0.5540
vn 0.9113 -0.0386 0.4100
vn 0.8838 0.0779 0.4614
vn 0.7256 0.0695 0.6846
vn 0.8632 -0.0395 0.5033
vn 0.7671 -0.0264 0.6410
vn 0.6265 -0.0005 0.7794
vn 0.5741 0.0863 0.8142
vn 0.6912 -0.1217 0.7123
vn 0.4504 0.0545 0.8911
vn 0.5117 -0.0372 0.8584
vn 0.5756 -0.1288 0.8076
vn 0.7522 -0.2484 0.6104
vn -0.1062 0.9284 0.3561
vn -0.0462 0.8927 0.4483
vn -0.0408 0.9202 0.3894
vn -0.0454 0.8674 0.4956
vn -0.1097 0.9012 0.4193
vn -0.1079 0.8770 0.4682
vn 0.0051 0.8579 0.5137
vn 0.0064 0.8839 0.4676
vn 0.0191 0.9135 0.4064
vn -0.0390 0.8406 0.5402
vn -0.1070 0.8582 0.5020
vn -0.1063 0.8484 0.5186
vn 0.0114 0.8283 0.5602
vn -0.0437 0.8492 0.5262
vn 0.0047 0.8390 0.5442
vn 0.0764 0.8072 0.5853
vn 0.0479 0.8270 0.5602
vn 0.0471 0.8135 0.5797
vn 0.0526 0.8476 0.5280
vn 0.0807 0.8171 0.5709
vn 0.0999 0.8365 0.5389
vn 0.0777 0.9057 0.4167
vn 0.1180 0.8636 0.4902
vn 0.1434 0.8959 0.4205
vn 0.0602 0.8749 0.4805
vn -0.1758 0.9073 0.3821
vn -0.2279 0.9114 0.3427
vn -0.1767 0.9339 0.3109
vn -0.2282 0.9369 0.2649
vn -0.2302 0.8853 0.4041
vn -0.1770 0.8820 0.4368
vn -0.3557 0.8956 0.2670
vn -0.2784 0.9354 0.2181
vn -0.3469 0.9200 0.1821
vn -0.3577 0.8663 0.3486
vn -0.2815 0.9102 0.3039
vn -0.2845 0.8817 0.3764
vn -0.3429 0.8207 0.4570
vn -0.2921 0.8542 0.4302
vn -0.3512 0.8363 0.4211
vn -0.2339 0.8622 0.4494
vn -0.3056 0.8281 0.4700
vn -0.2467 0.8395 0.4840
vn -0.1799 0.8474 0.4995
vn -0.1778 0.8615 0.4757
vn 0.2191 0.6525 0.7254
vn 0.2473 0.7056 0.6640
vn 0.1820 0.7044 0.6860
vn 0.3170 0.7295 0.6061
vn 0.2819 0.6667 0.6899
vn 0.3434 0.7003 0.6258
vn 0.2455 0.7757 0.5813
vn 0.1875 0.7557 0.6275
vn 0.1385 0.7528 0.6435
vn 0.4181 0.7818 0.4626
vn 0.3689 0.7635 0.5301
vn 0.3958 0.7427 0.5402
vn 0.2929 0.8080 0.5112
vn 0.4036 0.7950 0.4530
vn 0.3278 0.8368 0.4385
vn 0.1996 0.8444 0.4971
vn 0.2329 0.8738 0.4270
vn 0.1653 0.8140 0.5568
vn 0.1002 0.7864 0.6095
vn 0.1328 0.7934 0.5941
vn 0.2257 0.3975 0.8894
vn 0.2809 0.5155 0.8095
vn 0.3087 0.4311 0.8478
vn 0.1303 0.3612 0.9234
vn 0.2099 0.4847 0.8491
vn 0.1205 0.4627 0.8783
vn 0.1845 0.5769 0.7957
vn 0.2527 0.5933 0.7643
vn 0.1028 0.5688 0.8160
vn 0.1558 0.6544 0.7399
vn 0.0787 0.6607 0.7465
vn -0.1534 0.6646 0.7312
vn -0.0113 0.5630 0.8264
vn -0.0166 0.6672 0.7447
vn -0.0065 0.4457 0.8952
vn -0.1683 0.5593 0.8117
vn -0.1833 0.4347 0.8818
vn -0.1945 0.3106 0.9304
vn -0.0079 0.3286 0.9444
vn -0.3274 0.5555 0.7644
vn -0.4472 0.5570 0.6999
vn -0.2913 0.6526 0.6995
vn -0.4044 0.6380 0.6553
vn -0.3567 0.4399 0.8242
vn -0.4844 0.4582 0.7453
vn -0.5747 0.6209 0.5331
vn -0.5357 0.5648 0.6277
vn -0.4984 0.6244 0.6014
vn -0.5764 0.4831 0.6590
vn -0.6062 0.5820 0.5420
vn -0.6451 0.5162 0.5633
vn -0.6320 0.3086 0.7109
vn -0.6825 0.4407 0.5830
vn -0.7151 0.3583 0.6003
vn -0.5289 0.2612 0.8075
vn -0.6084 0.3958 0.6879
vn -0.5127 0.3571 0.7808
vn -0.3794 0.3248 0.8664
vn -0.3925 0.2201 0.8931
vn -0.0630 0.9979 -0.0145
vn -0.1368 0.9804 -0.1420
vn -0.1575 0.9861 -0.0538
vn -0.1190 0.9710 -0.2075
vn -0.0386 0.9933 -0.1088
vn -0.0157 0.9837 -0.1791
vn -0.1847 0.9551 -0.2317
vn -0.1995 0.9642 -0.1745
vn -0.2149 0.9721 -0.0937
vn -0.0747 0.9466 -0.3136
vn 0.0071 0.9706 -0.2406
vn 0.0334 0.9535 -0.2996
vn -0.1454 0.9372 -0.3171
vn -0.0976 0.9602 -0.2617
vn -0.1650 0.9466 -0.2768
vn -0.2117 0.9305 -0.2990
vn -0.2083 0.9358 -0.2843
vn -0.1946 0.9315 -0.3075
vn -0.2242 0.9426 -0.2474
vn -0.2190 0.9339 -0.2827
vn -0.2281 0.9419 -0.2467
vn -0.2538 0.9590 -0.1257
vn -0.2422 0.9487 -0.2035
vn -0.2619 0.9552 -0.1377
vn -0.2373 0.9512 -0.1970
vn 0.2952 0.9535 -0.0608
vn 0.1982 0.9795 0.0350
vn 0.2714 0.9619 0.0345
vn 0.3085 0.9427 -0.1269
vn 0.2276 0.9720 -0.0591
vn 0.1554 0.9856 -0.0667
vn 0.2459 0.9609 -0.1274
vn 0.1761 0.9749 -0.1363
vn 0.1246 0.9918 0.0302
vn 0.3131 0.9258 -0.2121
vn 0.2600 0.9481 -0.1828
vn 0.3125 0.9324 -0.1816
vn 0.1937 0.9615 -0.1949
vn 0.2771 0.9324 -0.2321
vn 0.2154 0.9435 -0.2517
vn 0.1361 0.9513 -0.2765
vn 0.1125 0.9704 -0.2136
vn 0.0923 0.9839 -0.1527
vn 0.0696 0.9943 -0.0804
vn 0.0399 0.9991 0.0144
vn 0.6425 -0.6345 -0.4297
vn 0.5314 -0.6020 -0.5960
vn 0.4573 -0.6419 -0.6155
vn 0.7394 -0.6057 -0.2941
vn 0.6728 -0.6255 -0.3950
vn 0.7022 -0.6103 -0.3668
vn 0.7513 -0.6058 -0.2619
vn 0.7571 -0.6079 -0.2391
vn 0.6277 -0.5598 -0.5409
vn 0.9078 -0.4166 -0.0494
vn 0.8218 -0.5477 -0.1571
vn 0.8187 -0.5456 -0.1789
vn 0.8212 -0.5528 -0.1412
vn 0.9059 -0.4224 -0.0315
vn 0.9018 -0.4316 -0.0233
vn 0.8286 -0.5483 -0.1130
vn 0.8979 -0.4400 -0.0130
vn 0.9001 -0.4356 -0.0036
vn 0.7649 -0.6122 -0.2003
vn 0.8247 -0.5519 -0.1234
vn 0.7643 -0.6087 -0.2131
vn 0.6601 -0.6311 -0.4074
vn 0.7158 -0.6219 -0.3176
vn 0.7041 -0.6516 -0.2822
vn 0.6839 -0.5492 -0.4802
vn 0.9252 0.2066 0.3182
vn 0.8717 0.3512 0.3418
vn 0.8754 0.3346 0.3489
vn 0.8693 0.3619 0.3367
vn 0.9233 0.2259 0.3106
vn 0.9228 0.2376 0.3033
vn 0.7788 0.5116 0.3629
vn 0.8039 0.4724 0.3614
vn 0.7864 0.5047 0.3561
vn 0.8791 0.3598 0.3126
vn 0.9237 0.2456 0.2939
vn 0.9244 0.2509 0.2872
vn 0.8053 0.4828 0.3442
vn 0.8741 0.3609 0.3252
vn 0.7896 0.5012 0.3541
vn 0.2364 0.8940 0.3807
vn 0.6756 0.6394 0.3670
vn 0.2653 0.8823 0.3887
vn 0.2596 0.9125 0.3161
vn 0.6061 0.6968 0.3837
vn 0.6049 0.7121 0.3564
vn 0.4078 0.8738 0.2649
vn 0.6281 0.6947 0.3505
vn 0.3192 0.9073 0.2736
vn 0.6790 0.6581 0.3253
vn 0.9204 0.3242 -0.2185
vn 0.7550 0.4646 -0.4628
vn 0.8803 0.4308 -0.1985
vn 0.9556 0.1527 -0.2521
vn 0.8037 0.3541 -0.4782
vn 0.6495 0.3461 -0.6771
vn 0.8564 0.1774 -0.4848
vn 0.7222 0.1702 -0.6704
vn 0.5827 0.4666 -0.6654
vn 0.9210 -0.2251 -0.3180
vn 0.8824 -0.0399 -0.4688
vn 0.9534 -0.0719 -0.2931
vn 0.7924 -0.2901 -0.5366
vn 0.8797 -0.2479 -0.4058
vn 0.7758 -0.0553 -0.6286
vn 0.5740 -0.3515 -0.7396
vn 0.6444 -0.1022 -0.7578
vn 0.6712 -0.3249 -0.6663
vn 0.3054 0.0146 -0.9521
vn 0.4707 -0.2067 -0.8577
vn 0.5539 0.1232 -0.8234
vn 0.0373 0.3673 -0.9294
vn 0.4537 0.3108 -0.8352
vn 0.1583 0.2225 -0.9620
vn 0.3629 0.4473 -0.8175
vn -0.7755 -0.3588 -0.5194
vn -0.8599 -0.1873 -0.4748
vn -0.7488 -0.3588 -0.5573
vn -0.9191 -0.0214 -0.3934
vn -0.8787 -0.1938 -0.4362
vn -0.9361 -0.0252 -0.3509
vn -0.8848 0.0022 -0.4660
vn -0.8270 -0.1592 -0.5391
vn -0.7236 -0.3225 -0.6103
vn -0.9351 0.2181 -0.2794
vn -0.9526 0.1160 -0.2811
vn -0.9484 0.2240 -0.2242
vn -0.9009 0.2274 -0.3697
vn -0.9367 0.1179 -0.3298
vn -0.9007 0.1345 -0.4131
vn -0.6956 0.3002 -0.6527
vn -0.8330 0.1654 -0.5280
vn -0.8305 0.2520 -0.4968
vn -0.8216 0.0392 -0.5688
vn -0.7018 0.2117 -0.6802
vn -0.7019 0.0791 -0.7079
vn -0.6850 -0.2724 -0.6757
vn -0.6741 -0.0934 -0.7327
vn -0.6387 -0.2163 -0.7384
vn -0.7736 -0.1177 -0.6226
vn -0.8189 -0.3818 -0.4286
vn -0.8089 -0.3679 -0.4587
vn -0.7078 -0.4971 -0.5018
vn -0.6157 -0.5532 -0.5611
vn -0.6972 -0.4754 -0.5366
vn -0.6034 -0.5242 -0.6009
vn -0.6786 -0.4700 -0.5645
vn -0.7920 -0.3665 -0.4883
vn -0.5762 -0.5186 -0.6317
vn -0.6538 -0.4618 -0.5994
vn -0.5430 -0.5142 -0.6639
vn -0.2409 -0.5083 -0.8268
vn -0.4034 -0.5378 -0.7403
vn -0.1609 -0.5492 -0.8201
vn -0.3528 -0.4563 -0.8169
vn -0.4622 -0.5201 -0.7182
vn -0.5151 -0.5047 -0.6928
vn -0.5341 -0.5537 -0.6389
vn -0.4442 -0.4117 -0.7958
vn -0.5207 0.8248 0.2202
vn -0.0613 0.9533 0.2958
vn -0.0569 0.9341 0.3523
vn -0.0746 0.9679 0.2399
vn -0.4428 0.8680 0.2247
vn -0.3929 0.9022 0.1780
vn 0.1517 0.9542 0.2577
vn 0.1853 0.9296 0.3186
vn 0.1899 0.9014 0.3891
vn -0.1434 0.9847 0.0992
vn -0.4100 0.9052 0.1118
vn -0.4924 0.8694 0.0408
vn 0.0252 0.9936 0.1097
vn -0.1045 0.9780 0.1807
vn 0.0767 0.9771 0.1986
vn -0.0618 0.9926 -0.1045
vn 0.2219 0.9631 0.1521
vn 0.1075 0.9898 0.0932
vn 0.3595 0.9087 0.2120
vn 0.3470 0.9351 -0.0715
vn 0.6066 0.7831 0.1371
vn 0.4111 0.7975 0.4417
vn 0.7342 0.5999 0.3178
vn 0.7728 0.4878 0.4059
vn 0.4229 0.8424 0.3340
vn -0.4618 -0.5053 -0.7290
vn -0.4951 -0.4963 -0.7131
vn -0.2232 -0.7002 -0.6782
vn -0.0453 -0.7534 -0.6561
vn -0.2158 -0.6761 -0.7045
vn -0.0053 -0.7249 -0.6889
vn -0.4922 -0.5228 -0.6960
vn -0.2128 -0.6672 -0.7139
vn -0.4967 -0.5082 -0.7036
vn 0.0244 -0.7212 -0.6923
vn -0.2003 -0.6665 -0.7181
vn 0.0416 -0.7151 -0.6977
vn 0.6187 -0.5730 -0.5374
vn 0.2919 -0.7037 -0.6478
vn 0.5990 -0.6132 -0.5149
vn 0.5920 -0.5327 -0.6047
vn 0.2816 -0.6986 -0.6578
vn 0.2350 -0.6810 -0.6935
vn 0.1573 -0.7054 -0.6912
vn 0.4930 -0.4386 -0.7514
vn 0.0663 -0.7591 -0.6476
vn -0.2792 -0.6244 -0.7295
vn -0.2961 -0.6611 -0.6894
vn 0.2956 -0.7638 -0.5738
vn 0.0856 -0.7503 -0.6555
vn 0.1386 -0.7280 -0.6714
vn 0.3153 -0.7673 -0.5584
vn 0.3415 -0.7652 -0.5457
vn -0.2260 -0.5767 -0.7851
vn 0.6987 -0.6037 -0.3838
vn 0.4953 -0.7259 -0.4773
vn 0.4841 -0.7228 -0.4932
vn 0.5015 -0.7302 -0.4640
vn 0.7027 -0.6074 -0.3706
vn 0.7072 -0.6001 -0.3739
vn 0.4902 -0.7523 -0.4402
vn 0.7063 -0.5848 -0.3989
vn 0.3746 -0.7867 -0.4907
vn 0.5114 -0.7321 -0.4501
vn 0.3753 -0.7715 -0.5137
vn 0.2245 -0.7376 -0.6368
vn 0.2575 -0.7971 -0.5462
vn -0.1061 -0.5009 -0.8589
vn -0.5187 0.8532 0.0543
vn -0.3430 0.9199 0.1900
vn -0.6670 0.7435 0.0471
vn -0.4143 0.9102 -0.0017
vn -0.2735 0.9502 0.1496
vn -0.1021 0.9724 0.2097
vn -0.2027 0.9735 0.1060
vn -0.0548 0.9835 0.1722
vn -0.1725 0.9481 0.2673
vn -0.0179 0.9998 0.0022
vn -0.1269 0.9888 0.0784
vn -0.2497 0.9656 -0.0726
vn -0.0247 0.9900 0.1386
vn -0.0740 0.9961 0.0478
vn -0.0082 0.9966 0.0824
vn 0.4064 0.9107 0.0737
vn 0.0758 0.9937 0.0821
vn 0.1442 0.9834 -0.1102
vn 0.4450 0.8691 0.2159
vn 0.1383 0.9814 0.1333
vn 0.1325 0.9682 0.2120
vn 0.0216 0.9412 0.3372
vn 0.4276 0.8421 0.3286
vn 0.4543 0.7966 0.3988
vn 0.1118 0.9572 0.2669
vn 0.2152 0.9272 0.3066
vn 0.4919 0.8291 0.2657
vn 0.6140 0.7258 0.3104
vn 0.0140 0.9543 0.2984
vn 0.1774 0.9530 0.2455
vn 0.1301 0.9745 0.1828
vn -0.0250 0.9715 0.2356
vn -0.0589 0.9816 0.1819
vn 0.4034 0.8990 0.1706
vn -0.5751 0.8081 0.1271
vn -0.2097 0.9370 0.2793
vn -0.6156 0.7658 0.1857
vn -0.5518 0.8338 0.0176
vn -0.2639 0.9440 0.1980
vn -0.2610 0.9580 0.1187
vn -0.1189 0.9920 0.0415
vn -0.4523 0.8840 -0.1185
vn -0.0668 0.9942 0.0839
vn -0.2334 0.9696 0.0733
vn -0.0793 0.9881 0.1316
vn 0.0559 0.9912 0.1201
vn -0.0043 0.9954 0.0961
vn 0.2955 0.9544 0.0428
vn -0.2520 0.4038 -0.8794
vn -0.5229 0.2821 -0.8043
vn -0.5413 0.3802 -0.7500
vn 0.0181 0.3030 -0.9528
vn 0.0030 0.3787 -0.9255
vn 0.0319 0.1647 -0.9858
vn -0.2292 0.3217 -0.9187
vn -0.4876 0.1194 -0.8649
vn -0.2091 0.1719 -0.9627
vn 0.5795 0.1548 -0.8001
vn 0.2666 0.3215 -0.9086
vn 0.5921 0.2344 -0.7710
vn 0.5562 0.0150 -0.8309
vn 0.2748 0.2541 -0.9273
vn 0.2776 0.1155 -0.9537
vn 0.4008 -0.3376 -0.8517
vn 0.2567 -0.0922 -0.9621
vn 0.4794 -0.1967 -0.8553
vn 0.0431 -0.0526 -0.9977
vn 0.2460 -0.3299 -0.9114
vn 0.0423 -0.3230 -0.9455
vn -0.3167 -0.2729 -0.9084
vn -0.1797 -0.0524 -0.9823
vn -0.1663 -0.2969 -0.9403
vn -0.4006 -0.0891 -0.9119
vn -0.2418 0.2767 -0.9300
vn 0.1613 0.2465 -0.9556
vn -0.2126 0.1878 -0.9589
vn 0.4262 0.2542 -0.8682
vn 0.1489 0.3307 -0.9319
vn 0.4195 0.3453 -0.8395
vn 0.4417 0.0999 -0.8916
vn 0.1944 0.0870 -0.9771
vn -0.1628 0.0192 -0.9865
vn 0.8250 0.2000 -0.5285
vn 0.6355 0.3389 -0.6938
vn 0.8242 0.3060 -0.4765
vn 0.8103 0.0352 -0.5850
vn 0.6398 0.2421 -0.7294
vn 0.6401 0.0795 -0.7642
vn 0.6677 -0.3444 -0.6600
vn 0.6153 -0.1346 -0.7768
vn 0.7473 -0.1829 -0.6388
vn 0.4134 -0.3921 -0.8218
vn 0.5742 -0.3629 -0.7339
vn 0.4410 -0.1270 -0.8885
vn 0.0389 -0.3961 -0.9174
vn 0.2272 -0.1471 -0.9627
vn 0.2129 -0.4009 -0.8910
vn -0.0551 -0.2074 -0.9767
vn -0.9373 0.1857 -0.2948
vn -0.9340 0.2662 -0.2381
vn -0.9519 0.2165 -0.2166
vn -0.8945 0.0512 -0.4442
vn -0.9179 0.2342 -0.3205
vn -0.8052 0.3032 -0.5096
vn -0.8725 0.1046 -0.4772
vn -0.7253 0.1462 -0.6728
vn -0.9541 0.1761 -0.2421
vn -0.9445 0.1277 -0.3027
vn -0.9585 0.1880 -0.2141
vn -0.8940 -0.0523 -0.4450
vn -0.9402 0.0896 -0.3288
vn -0.8977 -0.0042 -0.4405
vn -0.7620 -0.2480 -0.5982
vn -0.7526 -0.2813 -0.5954
vn -0.7544 -0.2060 -0.6233
vn -0.5923 -0.1489 -0.7918
vn -0.7337 -0.1480 -0.6631
vn 0.8889 -0.3933 -0.2350
vn 0.9855 -0.1513 -0.0768
vn 0.9839 -0.1552 -0.0881
vn 0.9894 -0.1227 -0.0773
vn 0.8929 -0.3897 -0.2254
vn 0.8996 -0.3722 -0.2287
vn 0.9818 0.1631 0.0974
vn 0.9984 0.0395 0.0416
vn 0.9993 0.0321 0.0197
vn 0.9975 0.0579 0.0411
vn 0.9780 0.1725 0.1175
vn 0.9749 0.1899 0.1162
vn 0.9946 0.1042 -0.0023
vn 0.9911 -0.0746 -0.1100
vn 0.8556 -0.3246 -0.4033
vn 0.9041 -0.3276 -0.2745
vn 0.9460 -0.0445 -0.3211
vn 0.0924 -0.5661 -0.8191
vn 0.4173 -0.6430 -0.6422
vn -0.3635 -0.3526 -0.8623
vn 0.0464 -0.5627 -0.8254
vn 0.1104 -0.4942 -0.8623
vn -0.3675 -0.3459 -0.8633
vn -0.2441 -0.2905 -0.9252
vn 0.4403 -0.5896 -0.6771
vn -0.7798 -0.0152 -0.6258
vn -0.6186 -0.1391 -0.7733
vn -0.6493 -0.1371 -0.7481
vn -0.4801 -0.0796 -0.8736
vn -0.7406 -0.0025 -0.6720
vn -0.6085 0.0807 -0.7895
vn -0.3370 0.2253 -0.9141
vn -0.2092 0.0670 -0.9756
vn -0.0033 -0.1542 -0.9880
vn 0.2607 -0.3628 -0.8947
vn 0.5005 -0.4758 -0.7233
vn 0.5841 0.2953 -0.7561
vn 0.1532 0.2692 -0.9508
vn 0.2270 0.3855 -0.8944
vn 0.8288 0.1496 -0.5392
vn 0.5069 0.1496 -0.8489
vn 0.3674 -0.0538 -0.9285
vn 0.7513 -0.0094 -0.6599
vn 0.5771 -0.2096 -0.7893
vn 0.0565 0.0901 -0.9943
vn 0.9604 -0.0094 -0.2783
vn 0.8583 -0.1077 -0.5016
vn 0.9274 0.0455 -0.3714
vn 0.6659 -0.3060 -0.6803
vn 0.8845 -0.1486 -0.4422
vn 0.6754 -0.3425 -0.6531
vn -0.1016 -0.5570 -0.8242
vn 0.2613 -0.5032 -0.8237
vn -0.0953 -0.4938 -0.8644
vn 0.3026 -0.4902 -0.8174
vn 0.2556 -0.3977 -0.8812
vn -0.1948 -0.2339 -0.9526
vn 0.1242 -0.2516 -0.9598
vn -0.1334 -0.3568 -0.9246
vn -0.0842 -0.1168 -0.9896
vn -0.1433 0.3009 -0.9428
vn -0.0946 0.4032 -0.9102
vn -0.2073 0.1530 -0.9663
vn -0.3922 0.1501 -0.9075
vn -0.3506 0.2860 -0.8918
vn -0.3176 0.3831 -0.8674
vn -0.2794 -0.0460 -0.9591
vn -0.4329 -0.0406 -0.9006
vn -0.3333 -0.2350 -0.9131
vn -0.4613 -0.2355 -0.8554
vn -0.5714 -0.2322 -0.7871
vn -0.5572 0.1187 -0.8219
vn -0.5641 -0.0507 -0.8241
vn -0.5149 0.3463 -0.7842
vn -0.5333 0.2547 -0.8067
vn -0.5912 0.8047 0.0546
vn -0.4365 0.8997 0.0008
vn -0.5634 0.8259 -0.0210
vn -0.3446 0.9385 0.0236
vn -0.5376 0.8390 0.0836
vn -0.4531 0.8836 0.1184
vn -0.2585 0.9644 -0.0554
vn -0.3464 0.9341 -0.0865
vn -0.4697 0.8713 -0.1418
vn -0.1544 0.9825 0.1038
vn -0.3466 0.9279 0.1376
vn -0.2576 0.9543 0.1515
vn -0.0545 0.9982 0.0240
vn -0.2595 0.9642 0.0550
vn -0.1753 0.9843 -0.0199
vn 0.0205 0.9919 -0.1256
vn -0.1036 0.9897 -0.0991
vn 0.0126 0.9976 -0.0680
vn -0.1805 0.9743 -0.1349
vn -0.0281 0.9843 -0.1745
vn -0.1016 0.9695 -0.2232
vn -0.3523 0.9022 -0.2489
vn -0.1826 0.9465 -0.2661
vn -0.2581 0.9206 -0.2929
vn -0.2582 0.9499 -0.1762
vn 0.0503 0.9507 -0.3059
vn 0.0808 0.9798 -0.1831
vn 0.0241 0.9809 -0.1932
vn 0.0661 0.9288 -0.3646
vn 0.1305 0.9508 -0.2811
vn 0.1914 0.9499 -0.2472
vn 0.1628 0.9287 -0.3332
vn 0.2332 0.9254 -0.2988
vn 0.1252 0.9788 -0.1624
vn 0.1579 0.9317 -0.3271
vn 0.0588 0.9327 -0.3557
vn 0.2369 0.9250 -0.2971
vn 0.3268 0.9192 -0.2199
vn 0.3171 0.9243 -0.2125
vn 0.2951 0.9184 -0.2635
vn 0.2844 0.9232 -0.2584
vn 0.1843 0.9759 -0.1166
vn 0.2329 0.9499 -0.2083
vn 0.2600 0.9502 -0.1719
vn 0.1575 0.9775 -0.1406
vn -0.1975 0.9731 -0.1190
vn -0.3280 0.9418 -0.0731
vn -0.3099 0.9470 -0.0840
vn -0.1292 0.9845 -0.1187
vn -0.2012 0.9750 -0.0941
vn -0.1963 0.9780 -0.0709
vn -0.1280 0.9883 -0.0825
vn -0.0947 0.9949 -0.0353
vn -0.3633 0.9299 -0.0568
vn -0.0914 0.9876 -0.1277
vn -0.0780 0.9937 -0.0809
vn -0.0947 0.9891 -0.1125
vn -0.0532 0.9977 -0.0424
vn -0.0713 0.9939 -0.0847
vn -0.0544 0.9972 -0.0522
vn -0.0583 0.9959 -0.0692
vn -0.0070 1.0000 0.0024
vn -0.0716 0.9970 0.0283
vn -0.1943 0.9809 0.0133
vn -0.4225 0.9061 0.0230
vn -0.4636 0.8516 0.2448
vn -0.5907 0.7731 0.2312
vn -0.4420 0.8830 0.1582
vn -0.5659 0.8112 0.1474
vn -0.5845 0.7417 0.3291
vn -0.4631 0.8210 0.3340
vn -0.6857 0.7110 0.1557
vn -0.6792 0.6989 0.2241
vn -0.6621 0.7364 0.1388
vn -0.6717 0.6634 0.3296
vn -0.7021 0.6751 0.2266
vn -0.6898 0.6435 0.3317
vn -0.5426 0.6535 0.5277
vn -0.6465 0.6241 0.4387
vn -0.5437 0.7197 0.4317
vn -0.4759 0.7187 0.5070
vn -0.6201 0.6514 0.4372
vn -0.3920 0.7866 0.4770
vn -0.4434 0.7921 0.4195
vn 0.1377 0.9890 -0.0541
vn 0.1189 0.9903 -0.0715
vn 0.1670 0.9857 -0.0206
vn 0.2190 0.9706 -0.1002
vn 0.2614 0.9629 -0.0671
vn 0.0979 0.9951 0.0120
vn 0.0764 0.9968 -0.0246
vn 0.0779 0.9959 -0.0463
vn 0.2830 0.9546 0.0924
vn 0.3094 0.9507 -0.0202
vn 0.3596 0.9313 0.0573
vn 0.2679 0.9538 0.1358
vn 0.2222 0.9747 0.0232
vn 0.1706 0.9845 0.0406
vn 0.1251 0.9865 0.1053
vn 0.2722 0.9474 0.1685
vn 0.0214 0.9988 0.0439
vn 0.0679 0.9890 0.1312
vn -0.0774 0.9953 0.0574
vn 0.0780 0.9943 -0.0730
vn -0.0924 0.9956 -0.0158
vn 0.0167 0.9997 -0.0171
vn -0.0878 0.9961 -0.0107
vn -0.0629 0.9970 -0.0441
vn -0.0575 0.9981 -0.0217
vn -0.0724 0.9969 0.0308
vn -0.0909 0.9846 -0.1496
vn -0.0731 0.9826 -0.1708
vn -0.0717 0.9939 -0.0838
vn -0.0640 0.9943 -0.0859
vn -0.0370 0.9951 -0.0913
vn -0.0304 0.9816 -0.1884
vn -0.0396 0.9990 -0.0193
vn -0.0001 0.9958 -0.0921
vn -0.0184 0.9996 -0.0233
vn -0.0234 0.9997 0.0051
vn -0.0359 0.9988 0.0346
vn 0.8709 -0.3806 -0.3110
vn 0.9674 -0.2274 -0.1119
vn 0.8453 -0.4331 -0.3128
vn 0.9533 -0.2595 -0.1543
vn 0.9798 -0.1567 -0.1244
vn 0.8767 -0.3066 -0.3707
vn 0.9991 -0.0355 0.0244
vn 0.9962 -0.0863 0.0093
vn 0.9918 -0.1218 -0.0398
vn 0.2132 -0.1912 -0.9581
vn 0.7928 -0.1692 -0.5855
vn 0.9608 -0.0284 -0.2757
vn 0.2104 0.0509 -0.9763
vn -0.6465 -0.4339 -0.6275
vn -0.2640 -0.6613 -0.7021
vn -0.8270 -0.2079 -0.5224
vn -0.6095 -0.4448 -0.6563
vn -0.5234 -0.4107 -0.7466
vn -0.7907 -0.2141 -0.5735
vn -0.7062 -0.1752 -0.6860
vn -0.2064 -0.6211 -0.7561
vn -0.8909 0.0477 -0.4518
vn -0.8982 -0.0459 -0.4372
vn -0.9203 0.0420 -0.3889
vn -0.8116 0.0912 -0.5770
vn -0.8669 -0.0437 -0.4965
vn -0.7818 -0.0004 -0.6236
vn -0.5804 0.0851 -0.8099
vn -0.6113 0.1779 -0.7711
vn -0.5086 -0.0884 -0.8565
vn -0.3493 -0.3202 -0.8806
vn -0.1024 -0.5068 -0.8560
vn -0.5581 -0.0612 -0.8275
vn -0.5553 -0.1395 -0.8199
vn -0.3422 -0.0973 -0.9346
vn -0.1090 -0.1254 -0.9861
vn -0.3382 -0.1866 -0.9224
vn -0.1045 -0.2225 -0.9693
vn -0.5271 -0.3602 -0.7697
vn -0.3300 -0.2983 -0.8956
vn -0.5478 -0.2363 -0.8026
vn -0.0989 -0.3427 -0.9342
vn -0.3155 -0.4328 -0.8445
vn -0.0927 -0.4832 -0.8706
vn 0.2689 -0.3720 -0.8884
vn 0.1005 -0.5090 -0.8549
vn 0.2797 -0.2500 -0.9270
vn 0.1068 -0.3654 -0.9247
vn 0.1087 -0.2415 -0.9643
vn 0.1071 -0.1416 -0.9841
vn 0.2856 -0.1502 -0.9465
vn 0.4117 -0.3719 -0.8320
vn 0.4322 -0.2553 -0.8649
vn 0.5669 -0.3633 -0.7393
vn 0.5916 -0.2584 -0.7637
vn 0.7316 -0.3413 -0.5901
vn 0.7577 -0.2505 -0.6026
vn 0.8755 -0.2999 -0.3788
vn 0.8983 -0.2296 -0.3746
vn 0.9117 -0.1755 -0.3715
vn 0.6078 -0.1752 -0.7745
vn 0.7723 -0.1818 -0.6086
vn 0.4444 -0.1627 -0.8809
vn 0.9586 -0.2522 -0.1320
vn 0.9728 -0.2002 -0.1163
vn 0.9729 -0.2156 0.0841
vn 0.9770 -0.1742 0.1227
vn 0.9170 -0.1929 0.3492
vn 0.9098 -0.1536 0.3855
vn 0.7222 -0.1215 0.6809
vn 0.7460 -0.0956 0.6590
vn 0.7457 -0.0881 0.6605
vn 0.9084 -0.1266 0.3985
vn 0.9794 -0.1467 0.1384
vn 0.9804 -0.1636 -0.1101
vn 0.5122 -0.0290 0.8584
vn 0.5107 -0.0123 0.8596
vn 0.2563 0.0521 0.9652
vn 0.2592 0.0189 0.9656
vn 0.4610 0.0139 0.8873
vn 0.2257 0.0972 0.9693
vn 0.4989 -0.0058 0.8666
vn 0.2521 0.0750 0.9648
vn -0.0083 0.1268 0.9919
vn -0.0120 0.1633 0.9865
vn -0.0084 0.0935 0.9956
vn -0.2723 0.1444 0.9513
vn -0.2843 0.1124 0.9521
vn -0.2911 0.0778 0.9535
vn -0.0092 0.0544 0.9985
vn -0.7068 0.1059 0.6994
vn -0.7159 0.0945 0.6918
vn -0.5211 0.1347 0.8428
vn -0.5290 0.1119 0.8412
vn -0.9780 -0.0877 0.1893
vn -0.9870 -0.0022 0.1606
vn -0.8663 0.0450 0.4975
vn -0.8739 0.0566 0.4828
vn -0.8764 0.0623 0.4776
vn -0.9866 0.0355 0.1590
vn -0.7234 0.0784 0.6860
vn -0.5359 0.0823 0.8402
vn -0.9784 0.0177 -0.2060
vn -0.8748 0.0018 -0.4846
vn -0.9751 -0.0422 -0.2179
vn -0.8680 -0.0585 -0.4930
vn -0.9629 -0.1106 -0.2463
vn -0.8517 -0.1227 -0.5094
vn -0.9438 -0.2246 -0.2423
vn -0.8256 -0.2379 -0.5117
vn -0.7016 -0.2777 -0.6563
vn -0.7188 -0.1789 -0.6718
vn -0.7312 -0.0950 -0.6755
vn -0.7331 -0.0269 -0.6796
vn 0.7316 -0.6357 -0.2464
vn 0.7119 -0.6530 -0.2584
vn 0.6201 -0.7031 -0.3480
vn 0.6068 -0.7157 -0.3457
vn 0.7861 -0.5947 -0.1686
vn 0.8036 -0.5771 -0.1454
vn 0.6015 -0.7176 -0.3510
vn 0.6992 -0.6621 -0.2698
vn 0.7726 -0.6075 -0.1842
vn 0.8369 -0.5392 -0.0939
vn 0.8449 -0.5291 -0.0786
vn 0.9024 -0.4307 0.0151
vn 0.9016 -0.4314 0.0304
vn 0.8991 -0.4338 0.0583
vn 0.8566 -0.5139 -0.0467
vn 0.2631 -0.8218 -0.5055
vn 0.2659 -0.8234 -0.5013
vn 0.3723 -0.8025 -0.4662
vn 0.3730 -0.7978 -0.4736
vn 0.2675 -0.8129 -0.5173
vn 0.3740 -0.7978 -0.4729
vn 0.4866 -0.7660 -0.4200
vn 0.4886 -0.7674 -0.4152
vn 0.4951 -0.7585 -0.4237
vn 0.0883 -0.6382 -0.7648
vn -0.0846 -0.6124 -0.7860
vn -0.0802 -0.7049 -0.7047
vn 0.0758 -0.7276 -0.6818
vn -0.4938 -0.4817 -0.7240
vn -0.4568 -0.5869 -0.6685
vn -0.2897 -0.5612 -0.7753
vn -0.2681 -0.6590 -0.7027
vn -0.2444 -0.7243 -0.6447
vn -0.4231 -0.6581 -0.6228
vn -0.0770 -0.7649 -0.6396
vn 0.0641 -0.7847 -0.6165
vn -0.6576 -0.4087 -0.6329
vn -0.7737 -0.3501 -0.5280
vn -0.7245 -0.4580 -0.5151
vn -0.6164 -0.5154 -0.5953
vn -0.9338 -0.3308 -0.1361
vn -0.9089 -0.3242 -0.2623
vn -0.8704 -0.3307 -0.3646
vn -0.8196 -0.4001 -0.4100
vn -0.7798 -0.4578 -0.4269
vn -0.8736 -0.3580 -0.3296
vn -0.6800 -0.5304 -0.5062
vn -0.5702 -0.5911 -0.5705
vn -0.9329 0.0697 0.3534
vn -0.9832 0.0787 0.1645
vn -0.9054 0.1449 0.3991
vn -0.9627 0.1665 0.2131
vn -0.9977 -0.0250 0.0628
vn -0.9644 -0.0207 0.2636
vn -0.9818 0.1755 0.0733
vn -0.9956 0.0920 0.0157
vn -0.9961 -0.0273 -0.0838
vn -0.9609 -0.1933 -0.1982
vn -0.9778 -0.1710 -0.1213
vn -0.9846 -0.1453 0.0973
vn -0.9198 0.3826 0.0864
vn -0.8725 0.4478 0.1955
vn -0.8755 0.4703 0.1112
vn -0.9470 0.3149 0.0627
vn -0.9141 0.3685 0.1691
vn -0.8862 0.3495 0.3042
vn -0.9434 0.3012 0.1389
vn -0.9171 0.2841 0.2798
vn -0.8456 0.4267 0.3208
vn -0.9647 0.2390 0.1102
vn -0.9688 0.2452 0.0365
vn -0.9412 0.2246 0.2525
vn -0.7767 0.1826 0.6028
vn -0.7588 0.2283 0.6100
vn -0.8799 0.2035 0.4294
vn -0.8555 0.2574 0.4494
vn -0.7909 0.3985 0.4643
vn -0.7375 0.2891 0.6104
vn -0.8270 0.3230 0.4602
vn -0.9433 0.3308 -0.0279
vn -0.9311 0.3632 -0.0346
vn -0.9551 0.2961 -0.0108
vn -0.9237 0.3832 0.0007
vn -0.8994 0.4371 -0.0039
vn -0.8682 0.4963 0.0006
vn -0.9638 0.2664 0.0068
vn -0.9391 0.3432 0.0196
vn -0.9090 0.4152 0.0362
vn -0.8854 0.4648 0.0042
vn -0.8591 0.5096 0.0479
vn -0.8226 0.5687 -0.0018
vn -0.7377 0.6738 0.0417
vn -0.7528 0.6574 -0.0353
vn -0.8360 0.5487 0.0028
vn -0.4011 0.1292 0.9069
vn -0.3947 0.1290 0.9097
vn -0.5353 0.1547 0.8304
vn -0.5400 0.1358 0.8307
vn -0.3947 0.1560 0.9054
vn -0.5362 0.1929 0.8217
vn -0.6427 0.2400 0.7275
vn -0.6490 0.1925 0.7360
vn -0.6585 0.1549 0.7365
vn -0.0295 0.1778 0.9836
vn -0.0534 0.1894 0.9804
vn 0.2015 0.1124 0.9730
vn 0.1467 0.1338 0.9801
vn 0.4004 0.0044 0.9163
vn 0.3160 0.0394 0.9479
vn 0.2725 0.1008 0.9569
vn 0.1198 0.1549 0.9806
vn -0.0538 0.1858 0.9811
vn 0.9571 0.0444 0.2862
vn 0.9581 0.0718 0.2772
vn 0.9228 0.1425 0.3579
vn 0.9271 0.1778 0.3300
vn 0.9614 -0.1382 0.2378
vn 0.9495 0.0132 0.3135
vn 0.9691 -0.1150 0.2180
vn 0.9741 -0.0962 0.2045
vn 0.9357 -0.0161 0.3525
vn 0.9104 0.1024 0.4009
vn 0.9491 -0.1594 0.2715
vn 0.9373 -0.3039 0.1708
vn 0.9444 -0.2996 0.1352
vn 0.9548 -0.2778 0.1059
vn 0.9513 -0.2846 0.1183
vn 0.6962 0.4791 0.5345
vn 0.7978 0.4064 0.4453
vn 0.7244 0.5252 0.4466
vn 0.8476 0.3032 0.4354
vn 0.7674 0.3598 0.5307
vn 0.8172 0.2622 0.5133
vn 0.8486 0.3595 0.3881
vn 0.7916 0.4695 0.3910
vn 0.7092 0.5987 0.3722
vn 0.8543 0.1674 0.4921
vn 0.8809 0.2073 0.4255
vn 0.8885 0.2533 0.3827
vn 0.8861 0.2958 0.3567
vn 0.8307 0.4167 0.3693
vn 0.6427 0.7172 0.2694
vn 0.7556 0.5537 0.3500
vn 0.5380 0.1536 0.8288
vn 0.5001 0.2169 0.8384
vn 0.6826 0.1484 0.7155
vn 0.6425 0.2229 0.7332
vn 0.7923 0.1516 0.5910
vn 0.7547 0.2347 0.6126
vn 0.6405 0.4348 0.6330
vn 0.5441 0.4008 0.7371
vn 0.7047 0.3274 0.6295
vn 0.5970 0.3062 0.7415
vn 0.4693 0.2892 0.8343
vn 0.4309 0.3728 0.8218
vn 0.1623 0.9760 0.1449
vn 0.2388 0.9604 0.1433
vn 0.0904 0.9860 0.1402
vn 0.0606 0.9691 0.2389
vn 0.1287 0.9607 0.2460
vn 0.2038 0.9473 0.2470
vn -0.0824 0.9924 0.0912
vn -0.0945 0.9776 0.1880
vn 0.0118 0.9923 0.1231
vn -0.0133 0.9754 0.2199
vn -0.0277 0.9508 0.3085
vn -0.1043 0.9549 0.2781
vn 0.0374 0.9438 0.3285
vn 0.1722 0.9243 0.3407
vn 0.0997 0.9364 0.3364
vn -0.1708 0.9844 0.0415
vn -0.1755 0.9751 0.1355
vn -0.2247 0.9744 -0.0021
vn -0.2276 0.9703 0.0825
vn -0.2632 0.9639 -0.0397
vn -0.2723 0.9615 0.0379
vn -0.2799 0.9581 -0.0601
vn -0.3098 0.9507 0.0149
vn -0.2759 0.9524 0.1295
vn -0.3314 0.9392 0.0902
vn -0.2289 0.9572 0.1768
vn -0.1746 0.9579 0.2278
vn 0.5555 0.5528 0.6212
vn 0.4752 0.6510 0.5919
vn 0.5959 0.6012 0.5324
vn 0.5002 0.7002 0.5095
vn 0.4170 0.5997 0.6829
vn 0.4815 0.5047 0.7166
vn 0.4342 0.7618 0.4808
vn 0.4132 0.7164 0.5622
vn 0.3670 0.6640 0.6515
vn 0.3119 0.6245 0.7161
vn 0.3477 0.5514 0.7583
vn 0.3891 0.4653 0.7950
vn 0.3944 0.9041 0.1642
vn 0.4189 0.8658 0.2737
vn 0.3614 0.9141 0.1836
vn 0.3855 0.8960 0.2204
vn 0.4119 0.8600 0.3012
vn 0.4831 0.8156 0.3185
vn 0.4307 0.8097 0.3987
vn 0.4267 0.8236 0.3735
vn 0.5026 0.7551 0.4209
vn 0.6096 0.6576 0.4427
vn 0.5787 0.7299 0.3638
vn 0.4875 0.8393 0.2406
vn 0.2619 0.9012 0.3453
vn 0.3569 0.8661 0.3501
vn 0.3817 0.8897 0.2506
vn 0.2937 0.9230 0.2487
vn 0.4238 0.8301 0.3625
vn 0.4369 0.8613 0.2593
vn 0.4335 0.8892 0.1462
vn 0.3974 0.9072 0.1385
vn 0.4191 0.9072 0.0368
vn 0.4072 0.9129 0.0294
vn 0.3481 0.9370 0.0295
vn 0.3227 0.9359 0.1413
vn 0.0644 0.8017 0.5942
vn 0.0333 0.7877 0.6152
vn 0.0202 0.8183 0.5744
vn 0.0917 0.7706 0.6307
vn -0.0318 0.8308 0.5557
vn -0.0306 0.8003 0.5988
vn -0.1066 0.8335 0.5421
vn -0.1202 0.8027 0.5841
vn -0.0223 0.7460 0.6656
vn -0.1349 0.7473 0.6506
vn 0.0568 0.7349 0.6758
vn 0.1238 0.7180 0.6850
vn -0.2578 0.7300 0.6330
vn -0.3595 0.7065 0.6097
vn -0.2185 0.7881 0.5755
vn -0.3115 0.7669 0.5611
vn -0.1953 0.8283 0.5251
vn -0.2684 0.8125 0.5174
vn -0.3374 0.7948 0.5045
vn -0.3956 0.7400 0.5439
vn -0.4547 0.6774 0.5782
vn 0.6642 -0.4883 -0.5661
vn 0.6355 -0.5886 -0.4997
vn 0.7735 -0.4598 -0.4363
vn 0.7461 -0.5522 -0.3721
vn 0.8543 -0.4009 -0.3309
vn 0.8343 -0.4850 -0.2623
vn 0.9297 -0.2969 -0.2180
vn 0.9242 -0.3591 -0.1303
vn 0.9128 -0.4016 -0.0748
vn 0.8229 -0.5280 -0.2099
vn 0.7360 -0.5953 -0.3223
vn 0.6272 -0.6325 -0.4545
vn 0.9696 -0.2302 0.0828
vn 0.9822 -0.0372 0.1840
vn 0.9663 -0.2411 0.0901
vn 0.9625 -0.2541 0.0955
vn 0.9811 -0.0494 0.1872
vn 0.9793 -0.0639 0.1922
vn 0.9603 0.1165 0.2535
vn 0.9602 0.1267 0.2490
vn 0.9597 0.1054 0.2607
vn 0.9593 0.0896 0.2680
vn 0.9769 -0.0798 0.1981
vn 0.9587 -0.2659 0.1013
vn 0.9661 0.2572 0.0217
vn 0.9677 0.1925 0.1625
vn 0.9301 0.3645 0.0451
vn 0.9327 0.3060 0.1909
vn 0.9940 0.0319 0.1045
vn 0.9949 0.0971 -0.0283
vn 0.9271 0.2674 0.2625
vn 0.9622 0.1481 0.2285
vn 0.9863 -0.0137 0.1641
vn 0.9759 -0.2094 0.0614
vn 0.9858 -0.1678 0.0073
vn 0.9886 -0.1059 -0.1073
vn 0.7500 0.5543 0.3611
vn 0.6562 0.6245 0.4236
vn 0.8308 0.4634 0.3083
vn 0.8206 0.5204 0.2362
vn 0.8605 0.4585 0.2222
vn 0.7638 0.5888 0.2645
vn 0.8873 0.3626 0.2849
vn 0.8977 0.3897 0.2057
vn 0.8438 0.5037 -0.1850
vn 0.8062 0.5642 -0.1780
vn 0.8962 0.4396 0.0596
vn 0.8624 0.5013 0.0711
vn 0.7079 0.6838 -0.1771
vn 0.8291 0.5545 0.0712
vn 0.7660 0.6189 -0.1738
vn 0.7801 0.6209 0.0767
vn -0.0630 0.4579 -0.8868
vn -0.1383 0.5177 -0.8443
vn 0.2827 0.5321 -0.7981
vn 0.5244 0.5466 -0.6529
vn 0.2131 0.5991 -0.7718
vn 0.4651 0.6153 -0.6365
vn -0.2512 0.6109 -0.7508
vn 0.1453 0.6532 -0.7431
vn -0.2092 0.5633 -0.7994
vn 0.4029 0.6761 -0.6169
vn 0.0893 0.7048 -0.7038
vn 0.3345 0.7389 -0.5849
vn 0.5393 0.7318 -0.4167
vn 0.6096 0.6663 -0.4294
vn 0.6631 0.6084 -0.4360
vn 0.7092 0.5419 -0.4510
vn -0.9606 0.2528 -0.1156
vn -0.9571 0.2495 -0.1470
vn -0.9762 0.1251 -0.1773
vn -0.9663 -0.0325 -0.2554
vn -0.9696 0.1262 -0.2098
vn -0.9579 -0.0265 -0.2859
vn -0.9619 0.1227 -0.2442
vn -0.9544 0.2376 -0.1806
vn -0.9480 -0.0255 -0.3173
vn -0.8940 -0.1967 -0.4026
vn -0.9048 -0.2014 -0.3751
vn -0.9151 -0.2110 -0.3435
vn -0.8057 0.5921 0.0155
vn -0.8909 0.4451 -0.0903
vn -0.7170 0.6935 0.0703
vn -0.6809 0.7281 0.0792
vn -0.8672 0.4965 -0.0383
vn -0.8512 0.5248 -0.0102
vn -0.9295 0.3276 -0.1696
vn -0.9253 0.3692 -0.0866
vn -0.9291 0.3498 -0.1198
vn -0.9269 0.3705 -0.0602
vn -0.8582 0.5133 0.0090
vn -0.7006 0.7114 0.0563
vn -0.6832 0.3616 -0.6344
vn -0.8233 0.3186 -0.4697
vn -0.8181 0.3639 -0.4452
vn -0.8921 0.3000 -0.3378
vn -0.8877 0.3582 -0.2894
vn -0.6672 0.4150 -0.6186
vn -0.9252 0.3036 -0.2279
vn -0.8991 0.4020 -0.1730
vn -0.8734 0.4817 -0.0718
vn -0.8906 0.3905 -0.2332
vn -0.8000 0.5996 -0.0240
vn -0.8767 0.4388 -0.1971
vn -0.6210 0.4991 -0.6043
vn -0.8045 0.4031 -0.4362
vn -0.7975 0.4276 -0.4256
vn -0.6435 0.4592 -0.6124
vn -0.5819 -0.3492 -0.7345
vn -0.4773 -0.3941 -0.7854
vn -0.4877 -0.4754 -0.7322
vn -0.6009 -0.4195 -0.6804
vn -0.3410 -0.4037 -0.8489
vn -0.3454 -0.4940 -0.7979
vn -0.3677 -0.5380 -0.7585
vn -0.5081 -0.5170 -0.6889
vn -0.6272 -0.4616 -0.6274
vn 0.2326 0.9237 0.3044
vn 0.1473 0.9729 0.1780
vn 0.1814 0.9313 0.3159
vn 0.1244 0.9910 0.0488
vn 0.2362 0.9491 0.2083
vn 0.2404 0.9684 0.0659
vn 0.0404 0.9987 0.0298
vn 0.0689 0.9848 0.1597
vn 0.0981 0.9472 0.3053
vn 0.1347 0.9748 -0.1781
vn 0.0940 0.9926 -0.0767
vn 0.1933 0.9779 -0.0799
vn -0.0203 0.9728 -0.2306
vn 0.0648 0.9775 -0.2007
vn 0.0120 0.9952 -0.0966
vn -0.1753 0.9498 -0.2590
vn -0.0741 0.9896 -0.1231
vn -0.1078 0.9608 -0.2554
vn -0.0492 0.9987 0.0090
vn -0.1840 0.9688 -0.1659
vn -0.1906 0.9815 -0.0204
vn -0.0175 0.9895 0.1438
vn 0.0106 0.9607 0.2773
vn -0.4765 -0.5259 -0.7045
vn -0.4438 -0.4797 -0.7569
vn -0.1880 -0.6604 -0.7270
vn 0.0513 -0.7049 -0.7075
vn -0.1741 -0.6074 -0.7750
vn 0.0506 -0.6569 -0.7523
vn -0.1578 -0.4952 -0.8543
vn -0.3773 -0.3687 -0.8496
vn 0.0450 -0.5423 -0.8390
vn 0.2535 -0.5377 -0.8041
vn 0.5384 -0.5677 -0.6228
vn 0.4714 -0.4711 -0.7456
vn 0.2712 -0.6518 -0.7082
vn 0.2869 -0.6969 -0.6573
vn 0.5699 -0.6098 -0.5508
vn 0.0694 -0.7518 -0.6557
vn 0.1065 -0.7076 -0.6986
vn 0.3155 -0.7039 -0.6364
vn 0.2940 -0.7505 -0.5919
vn 0.1645 -0.5995 -0.7833
vn 0.3636 -0.5953 -0.7165
vn 0.5279 -0.5470 -0.6496
vn 0.4986 -0.6515 -0.5718
vn 0.6910 -0.4441 -0.5704
vn 0.7020 -0.5306 -0.4750
vn 0.6979 -0.5848 -0.4135
vn 0.4856 -0.7040 -0.5182
vn -0.0558 0.9697 0.2380
vn -0.2154 0.9382 0.2710
vn -0.1384 0.9459 0.2935
vn 0.0329 0.9929 0.1145
vn -0.1641 0.9722 0.1670
vn -0.2341 0.9640 0.1262
vn -0.1020 0.9926 0.0663
vn -0.1805 0.9829 0.0366
vn -0.2818 0.9323 0.2267
vn 0.1068 0.9897 -0.0954
vn -0.0359 0.9989 -0.0299
vn 0.0972 0.9951 -0.0161
vn -0.1174 0.9916 -0.0549
vn 0.0537 0.9895 -0.1344
vn -0.0276 0.9837 -0.1775
vn -0.1872 0.9562 -0.2248
vn -0.1888 0.9778 -0.0910
vn -0.1189 0.9701 -0.2118
vn -0.3452 0.9376 -0.0408
vn -0.2677 0.9517 -0.1505
vn -0.2478 0.9688 0.0034
vn -0.3723 0.9194 0.1270
vn -0.2906 0.9526 0.0902
vn -0.3701 0.9264 0.0689
vn -0.3342 0.9249 0.1814
vn 0.2223 0.9458 0.2368
vn 0.1648 0.9737 0.1571
vn 0.1771 0.9511 0.2531
vn 0.1570 0.9861 0.0550
vn 0.2588 0.9518 0.1646
vn 0.2764 0.9597 0.0504
vn 0.0812 0.9949 0.0599
vn 0.0958 0.9817 0.1648
vn 0.1063 0.9559 0.2739
vn 0.1890 0.9641 -0.1864
vn 0.1379 0.9885 -0.0619
vn 0.2496 0.9637 -0.0951
vn 0.0331 0.9827 -0.1820
vn 0.1222 0.9740 -0.1908
vn 0.0596 0.9970 -0.0485
vn -0.0894 0.9854 -0.1448
vn -0.0129 0.9989 -0.0452
vn -0.0444 0.9864 -0.1585
vn 0.0071 0.9979 0.0651
vn -0.1068 0.9928 -0.0538
vn -0.1062 0.9922 0.0653
vn 0.0399 0.9590 0.2808
vn -0.0722 0.9773 0.1993
vn -0.0324 0.9602 0.2774
vn 0.0261 0.9841 0.1754
vn -0.2781 0.4660 -0.8399
vn -0.2991 0.5204 -0.7999
vn -0.5572 0.4466 -0.7001
vn -0.5654 0.5032 -0.6536
vn -0.0362 0.4818 -0.8755
vn -0.0106 0.4314 -0.9021
vn -0.3018 0.6495 -0.6979
vn -0.5653 0.5609 -0.6048
vn -0.5395 0.6307 -0.5578
vn -0.0673 0.6127 -0.7874
vn -0.3099 0.5745 -0.7576
vn -0.0544 0.5369 -0.8419
vn 0.6137 0.3368 -0.7141
vn 0.2067 0.5317 -0.8213
vn 0.6044 0.3901 -0.6947
vn 0.6108 0.3143 -0.7267
vn 0.2274 0.4685 -0.8537
vn 0.2531 0.4169 -0.8730
vn 0.2565 0.3712 -0.8924
vn 0.6035 0.2691 -0.7506
vn 0.1319 0.3816 -0.9149
vn 0.1148 0.4247 -0.8980
vn -0.2620 0.3205 -0.9103
vn -0.2926 0.3516 -0.8892
vn 0.4125 0.4027 -0.8171
vn 0.4107 0.4594 -0.7876
vn 0.1049 0.5286 -0.8424
vn -0.3152 0.3679 -0.8748
vn -0.3114 0.3994 -0.8623
vn 0.4039 0.5163 -0.7552
vn 0.3861 0.5884 -0.7104
vn 0.1102 0.4753 -0.8729
vn 0.7935 0.4997 -0.3473
vn 0.5873 0.6026 -0.5404
vn 0.7574 0.5702 -0.3182
vn 0.8087 0.4442 -0.3855
vn 0.6160 0.5298 -0.5830
vn 0.6296 0.4713 -0.6176
vn 0.6338 0.4091 -0.6565
vn 0.8187 0.3809 -0.4297
vn -0.8415 0.5400 -0.0198
vn -0.9267 0.3560 -0.1206
vn -0.8745 0.4851 -0.0008
vn -0.9349 0.3329 -0.1228
vn -0.9175 0.3704 -0.1453
vn -0.7998 0.5937 -0.0887
vn -0.9529 0.2385 -0.1872
vn -0.9534 0.2487 -0.1709
vn -0.9503 0.2619 -0.1683
vn -0.3623 0.8697 -0.3352
vn -0.7470 0.6378 -0.1876
vn -0.7712 0.2978 -0.5627
vn -0.8908 0.2218 -0.3966
vn -0.7795 0.3697 -0.5057
vn -0.7797 0.4279 -0.4571
vn -0.8926 0.2939 -0.3418
vn -0.8880 0.3570 -0.2899
vn -0.9394 0.2470 -0.2377
vn -0.9398 0.1774 -0.2921
vn -0.9280 0.3257 -0.1810
vn -0.8321 0.5446 0.1056
vn -0.8414 0.5165 -0.1590
vn -0.9029 0.4186 -0.0974
vn -0.8697 0.4293 -0.2436
vn -0.7682 0.4887 -0.4136
vn -0.7435 0.5604 -0.3649
vn -0.7392 -0.2912 -0.6073
vn -0.6950 -0.2547 -0.6723
vn -0.8751 -0.0648 -0.4796
vn -0.8274 -0.0395 -0.5603
vn -0.9253 0.0798 -0.3706
vn -0.8756 0.1176 -0.4685
vn -0.7567 0.1938 -0.6244
vn -0.7102 0.0342 -0.7031
vn -0.5937 -0.1731 -0.7858
vn 0.9444 0.1326 -0.3008
vn 0.9879 0.0774 -0.1345
vn 0.9391 0.2455 -0.2404
vn 0.9781 0.1979 -0.0643
vn 0.9689 -0.1009 -0.2258
vn 0.9246 -0.0341 -0.3795
vn 0.9846 0.1697 0.0432
vn 0.9808 -0.1408 -0.1351
vn 0.9987 0.0406 -0.0296
vn 0.8868 -0.3731 -0.2727
vn 0.8805 -0.3229 -0.3470
vn 0.8479 -0.2450 -0.4702
vn 0.7850 0.5497 0.2856
vn 0.7798 0.5163 0.3541
vn 0.8988 0.3809 0.2168
vn 0.8700 0.4384 0.2256
vn 0.9087 0.4067 0.0938
vn 0.9226 0.3501 0.1619
vn 0.9348 0.3520 0.0479
vn 0.8584 0.4878 0.1590
vn 0.9593 0.2633 0.1022
vn 0.9509 0.2690 0.1529
vn 0.9584 0.2853 -0.0081
vn 0.9264 0.3283 -0.1842
vn 0.9111 0.3904 -0.1324
vn 0.8904 0.4449 -0.0962
vn 0.8533 0.5189 -0.0516
vn 0.9416 0.2926 0.1668
vn 0.9706 0.2263 0.0824
vn 0.8766 0.4371 0.2013
vn 0.9356 0.3316 0.1210
vn 0.9452 0.2778 0.1714
vn 0.8866 0.4083 0.2172
vn 0.7412 0.6064 0.2879
vn 0.7233 0.6533 0.2239
vn 0.5294 0.8265 -0.1912
vn 0.7509 0.6535 -0.0950
vn 0.7147 0.6914 0.1058
vn 0.8733 0.4660 0.1425
vn -0.7646 0.0261 -0.6439
vn -0.5981 -0.0870 -0.7967
vn -0.3270 0.0491 -0.9437
vn -0.2686 -0.2917 -0.9180
vn 0.0914 -0.2061 -0.9743
vn -0.5837 0.1856 -0.7905
vn 0.2178 -0.5154 -0.8288
vn 0.4559 -0.4295 -0.7796
vn 0.7068 -0.3475 -0.6162
vn 0.6969 -0.0683 -0.7139
vn -0.9018 0.4196 -0.1032
vn -0.8476 0.3764 -0.3741
vn -0.7868 0.5907 -0.1788
vn -0.8374 0.2510 -0.4856
vn -0.9241 0.2339 -0.3022
vn -0.8693 0.1661 -0.4655
vn -0.7021 0.4246 -0.5717
vn -0.6529 0.6173 -0.4389
vn -0.5241 0.8100 -0.2633
vn -0.0814 0.9506 -0.2995
vn -0.0479 0.8917 -0.4502
vn 0.0217 0.8289 -0.5590
vn -0.4367 0.3118 -0.8438
vn -0.6857 0.1663 -0.7086
vn -0.5168 0.3599 -0.7768
vn -0.7525 0.2170 -0.6218
vn -0.8034 0.0913 -0.5884
vn -0.8443 0.1575 -0.5122
vn -0.8362 0.0868 -0.5415
vn -0.9515 0.1834 -0.2471
vn -0.8411 0.2509 -0.4792
vn -0.8937 0.1842 -0.4091
vn -0.7947 0.2412 -0.5570
vn -0.5789 0.3948 -0.7135
vn -0.6249 0.4087 -0.6652
vn 0.9434 0.3197 0.0877
vn 0.9586 0.2275 0.1712
vn 0.9824 0.1839 -0.0319
vn 0.9728 0.2313 0.0108
vn 0.9333 0.2924 -0.2085
vn 0.9744 0.1815 -0.1331
vn 0.9104 0.2719 -0.3119
vn 0.9350 0.3403 -0.0998
vn 0.9582 0.1307 -0.2543
vn 0.9818 0.1036 -0.1591
vn 0.8731 0.2108 -0.4397
vn 0.6513 0.3499 -0.6733
vn 0.3440 0.5112 -0.7876
vn 0.2892 0.4513 -0.8442
vn 0.7121 0.4085 -0.5710
vn 0.4125 0.6281 -0.6598
vn 0.7529 0.4443 -0.4855
vn 0.4002 0.5594 -0.7259
vn 0.7603 0.5162 -0.3943
vn 0.9221 0.3722 0.1060
vn 0.8308 0.5563 0.0148
vn 0.4118 0.8819 -0.2294
vn 0.1518 -0.4601 -0.8748
vn 0.6124 -0.3033 -0.7301
vn 0.3880 -0.2016 -0.8993
vn -0.0601 -0.3769 -0.9243
vn 0.7657 -0.0293 -0.6425
vn 0.8771 -0.1371 -0.4603
vn -0.3670 -0.2163 -0.9047
vn -0.2958 0.0551 -0.9537
vn -0.4894 0.4136 -0.7678
vn -0.4668 0.4673 -0.7508
vn -0.2520 0.5093 -0.8229
vn -0.2824 0.4513 -0.8465
vn -0.4027 0.5757 -0.7116
vn -0.1865 0.6291 -0.7547
vn -0.4381 0.5187 -0.7341
vn -0.2198 0.5647 -0.7955
vn 0.0609 0.6569 -0.7516
vn 0.0281 0.5897 -0.8072
vn -0.0015 0.5305 -0.8477
vn -0.0432 0.4748 -0.8790
vn -0.6929 0.7208 0.0166
vn -0.5906 0.8063 -0.0331
vn -0.4284 0.8993 0.0876
vn -0.4044 0.9114 -0.0762
vn -0.3139 0.9463 0.0768
vn -0.5196 0.8448 0.1275
vn -0.2234 0.9736 -0.0468
vn -0.2040 0.9758 0.0791
vn -0.0181 0.9839 0.1778
vn -0.1036 0.9759 0.1922
vn -0.1949 0.9552 0.2229
vn -0.2885 0.9161 0.2785
vn 0.0686 0.9976 0.0053
vn 0.0113 0.9991 0.0401
vn 0.0334 0.9992 -0.0210
vn 0.0665 0.9971 -0.0375
vn -0.0229 0.9993 0.0283
vn 0.0024 0.9997 -0.0230
vn 0.0344 0.9955 -0.0878
vn 0.0646 0.9946 -0.0812
vn 0.0959 0.9923 -0.0781
vn -0.1987 0.9716 -0.1288
vn -0.2700 0.9558 -0.1162
vn -0.2958 0.9508 -0.0919
vn -0.1397 0.9802 -0.1405
vn -0.2142 0.9645 -0.1546
vn -0.1727 0.9677 -0.1834
vn -0.2275 0.9559 -0.1859
vn -0.2614 0.9559 -0.1337
vn -0.2038 0.9530 -0.2241
vn -0.1966 0.9404 -0.2776
vn -0.1642 0.9574 -0.2374
vn -0.1938 0.9472 -0.2556
vn -0.1652 0.9645 -0.2063
vn -0.1252 0.9763 -0.1767
vn -0.1211 0.9801 -0.1571
vn -0.4441 0.8951 -0.0399
vn -0.5598 0.8282 0.0282
vn -0.4128 0.9092 -0.0544
vn -0.4424 0.8966 0.0184
vn -0.5200 0.8540 0.0168
vn -0.3513 0.9347 -0.0538
vn -0.6042 0.7929 0.0786
vn -0.6390 0.7637 0.0923
vn -0.5165 0.8527 0.0777
vn -0.4110 0.9080 0.0818
vn -0.3606 0.9326 0.0140
vn -0.3107 0.9484 -0.0634
vn -0.8169 0.5595 0.1404
vn -0.7525 0.6387 0.1610
vn -0.8010 0.5930 0.0822
vn -0.7583 0.6519 -0.0011
vn -0.7236 0.6839 0.0935
vn -0.6688 0.7432 0.0204
vn -0.6672 0.7381 0.1004
vn -0.7033 0.6906 0.1684
vn -0.5952 0.8029 0.0340
vn -0.4863 0.8733 -0.0280
vn -0.5486 0.8355 -0.0306
vn -0.6344 0.7726 -0.0245
vn -0.7008 0.6309 0.3331
vn -0.7403 0.5826 0.3354
vn -0.6628 0.6044 0.4420
vn -0.7013 0.5498 0.4538
vn -0.7119 0.6613 0.2365
vn -0.7559 0.6124 0.2316
vn -0.8151 0.5370 0.2174
vn -0.7935 0.5099 0.3323
vn -0.7471 0.4772 0.4627
vn 0.3511 0.9178 -0.1856
vn 0.3498 0.9196 -0.1790
vn 0.3594 0.9238 -0.1322
vn 0.3799 0.9159 -0.1297
vn 0.3590 0.9312 -0.0637
vn 0.3974 0.9154 -0.0648
vn 0.3470 0.9316 -0.1083
vn 0.3873 0.9204 -0.0532
vn 0.3047 0.9411 -0.1466
vn -0.1758 0.9308 -0.3204
vn -0.1541 0.9455 -0.2869
vn -0.1271 0.9296 -0.3459
vn -0.1092 0.9373 -0.3310
vn -0.0487 0.9327 -0.3573
vn -0.0327 0.9332 -0.3580
vn -0.0253 0.9556 -0.2937
vn -0.0901 0.9594 -0.2673
vn -0.1248 0.9668 -0.2232
vn 0.8398 0.0308 -0.5420
vn 0.9526 -0.0683 -0.2965
vn 0.8609 0.1117 -0.4964
vn 0.9709 0.0220 -0.2383
vn 0.8996 -0.2204 -0.3771
vn 0.7940 -0.1187 -0.5962
vn 0.9973 -0.0251 -0.0697
vn 0.9845 -0.1161 -0.1313
vn 0.9368 -0.2666 -0.2266
vn 0.8170 -0.4383 -0.3747
vn 0.7740 -0.4036 -0.4879
vn 0.6790 -0.3065 -0.6671
vn 0.8871 0.4183 0.1950
vn 0.9319 0.2598 0.2531
vn 0.9745 0.1866 0.1248
vn 0.9699 0.2190 0.1068
vn 0.9862 0.1491 -0.0716
vn 0.9911 0.1281 0.0363
vn 0.9837 0.1271 -0.1270
vn 0.9833 0.1821 0.0065
vn 0.9987 0.0468 -0.0189
vn 0.9960 0.0569 0.0692
vn 0.9786 0.0836 -0.1881
vn 0.8751 0.1620 -0.4560
vn 0.8935 0.1982 -0.4030
vn 0.9048 0.2104 -0.3702
vn 0.9163 0.2481 -0.3144
vn 0.8183 0.5296 0.2236
vn 0.7401 0.6577 0.1406
vn 0.9490 0.2894 0.1249
vn 0.9557 0.2587 0.1406
vn 0.0501 0.9863 -0.1570
vn 0.6296 0.7769 0.0022
vn -0.8314 -0.0902 -0.5483
vn -0.8353 0.1156 -0.5375
vn -0.9177 0.0110 -0.3972
vn -0.9104 -0.0117 -0.4137
vn -0.9304 0.0629 -0.3611
vn -0.8405 -0.1725 -0.5136
vn -0.6601 -0.3819 -0.6469
vn -0.6169 -0.3030 -0.7263
vn -0.4416 -0.1991 -0.8749
vn -0.7440 0.0289 -0.6676
vn -0.7943 0.5958 -0.1187
vn -0.9002 0.3498 -0.2593
vn -0.8841 0.4495 -0.1280
vn -0.9248 0.2579 -0.2796
vn -0.8780 0.3942 -0.2716
vn -0.6777 0.7189 -0.1547
vn -0.9275 0.1284 -0.3511
vn -0.9345 0.1538 -0.3210
vn -0.5266 0.8186 -0.2291
vn -0.6414 0.2170 -0.7359
vn -0.6769 0.2361 -0.6972
vn -0.8327 0.1419 -0.5352
vn -0.8548 0.1757 -0.4884
vn -0.9060 0.1116 -0.4084
vn -0.9132 0.1933 -0.3588
vn -0.9276 0.3733 -0.0118
vn -0.9186 0.1962 -0.3431
vn -0.9270 0.2742 -0.2560
vn -0.8690 0.2071 -0.4493
vn -0.6981 0.2421 -0.6738
vn -0.7305 0.2111 -0.6495
vn -0.1084 0.9189 -0.3793
vn -0.2684 0.8766 -0.3994
vn 0.0041 0.9444 -0.3287
vn 0.1302 0.8881 -0.4409
vn -0.0412 0.8547 -0.5174
vn -0.2877 0.7763 -0.5609
vn 0.1751 0.9725 -0.1537
vn 0.4268 0.8873 -0.1747
vn 0.1089 0.9602 -0.2573
vn 0.2850 0.8937 -0.3464
vn 0.4340 0.8122 -0.3898
vn 0.6071 0.7735 -0.1822
vn 0.2407 0.8157 -0.5259
vn -0.2816 0.6757 -0.6812
vn 0.0283 0.7769 -0.6290
vn -0.7168 0.6898 0.1021
vn -0.7368 0.6729 -0.0657
vn -0.8731 0.4791 -0.0908
vn -0.6394 0.7287 -0.2452
vn -0.7932 0.5034 -0.3426
vn -0.8378 0.5368 0.0997
vn -0.4797 0.8014 -0.3573
vn -0.5872 0.6371 -0.4993
vn -0.6205 0.4953 -0.6080
vn -0.8280 0.3283 -0.4546
vn -0.9369 0.2799 -0.2093
vn -0.9105 0.4098 0.0550
vn -0.7497 0.6532 0.1066
vn -0.5829 0.7952 0.1668
vn -0.6044 0.7687 0.2090
vn -0.7412 0.6446 0.1873
vn -0.0390 0.8815 0.4706
vn -0.1452 0.9305 0.3363
vn -0.4060 0.8710 0.2765
vn -0.4417 0.8544 0.2736
vn -0.4290 0.8765 0.2186
vn -0.2440 0.9416 0.2319
vn -0.5482 0.8146 0.1895
vn -0.6512 0.7429 0.1552
vn 0.2257 0.9739 -0.0233
vn 0.4999 0.8659 0.0157
vn 0.1536 0.9818 0.1120
vn 0.4432 0.8742 0.1986
vn 0.0077 0.9810 0.1941
vn 0.2103 0.9214 0.3268
vn 0.4112 0.8202 0.3977
vn 0.6323 0.7243 0.2749
vn 0.6926 0.7196 0.0492
vn 0.2050 0.9385 -0.2780
vn 0.4675 0.8814 0.0679
vn 0.7115 0.7015 0.0413
vn 0.3695 0.9207 -0.1261
vn 0.5823 0.7832 -0.2181
vn 0.3186 0.8413 -0.4366
vn 0.3398 0.8428 0.4175
vn 0.4906 0.7196 0.4914
vn 0.4420 0.8560 0.2681
vn 0.6342 0.7005 0.3272
vn 0.8521 0.4478 0.2711
vn 0.5821 0.5690 0.5808
vn 0.8943 0.4458 -0.0378
vn 0.3949 0.7165 -0.5750
vn 0.7207 0.6089 -0.3314
vn 0.0686 0.7432 -0.6655
vn 0.0716 0.8449 -0.5301
vn -0.1575 0.7169 -0.6792
vn -0.1094 0.8210 -0.5604
vn -0.3507 0.6595 -0.6649
vn -0.2667 0.7705 -0.5790
vn -0.5669 0.5756 -0.5893
vn -0.4604 0.7190 -0.5206
vn -0.1735 0.8957 -0.4093
vn -0.2926 0.8770 -0.3810
vn -0.0651 0.9159 -0.3961
vn 0.0577 0.9314 -0.3595
vn 0.3835 0.7711 0.5083
vn 0.1622 0.8572 0.4888
vn 0.2932 0.8072 0.5123
vn 0.2164 0.8608 0.4607
vn 0.2272 0.8672 0.4431
vn 0.1385 0.8930 0.4281
vn 0.0195 0.8935 0.4485
vn -0.1222 0.9394 0.3204
vn -0.2388 0.8983 0.3688
vn 0.0287 0.9184 0.3945
vn -0.2917 0.8817 0.3708
vn 0.0042 0.8995 0.4370
vn -0.4401 0.8960 -0.0592
vn -0.1332 0.9809 0.1415
vn -0.6823 0.7223 -0.1127
vn -0.3272 0.9329 0.1504
vn -0.5530 0.8172 0.1625
vn -0.4196 0.8699 -0.2594
vn -0.6266 0.6908 -0.3609
vn -0.8407 0.5211 -0.1471
vn -0.7546 0.5129 -0.4092
vn -0.6969 0.7038 0.1376
vn 0.2725 0.9488 -0.1600
vn 0.3300 0.9440 -0.0037
vn 0.5998 0.8000 -0.0148
vn 0.2636 0.9481 0.1777
vn 0.5609 0.8005 0.2110
vn 0.5208 0.8215 -0.2322
vn 0.1245 0.9422 0.3110
vn 0.3548 0.8394 0.4118
vn -0.0749 0.9371 0.3410
vn 0.0555 0.8886 0.4553
vn 0.1534 0.8559 0.4940
vn 0.5659 0.7060 0.4258
vn 0.7472 0.6211 0.2365
vn 0.6837 0.6720 -0.2846
vn 0.7794 0.6256 -0.0331
vn 0.5166 0.7024 -0.4896
vn 0.3410 0.6954 -0.6326
vn 0.2398 0.8245 -0.5125
vn 0.3838 0.8276 -0.4097
vn 0.0888 0.6311 -0.7706
vn 0.0531 0.7864 -0.6154
vn -0.3030 0.4944 -0.8147
vn -0.2815 0.7013 -0.6549
vn -0.0290 0.9206 -0.3894
vn -0.2149 0.8934 -0.3945
vn 0.1006 0.9339 -0.3430
vn 0.2009 0.9423 -0.2677
vn -0.1074 0.9067 0.4078
vn -0.2601 0.9146 0.3095
vn -0.1848 0.8991 0.3967
vn -0.3110 0.8866 0.3423
vn -0.2306 0.9065 0.3536
vn -0.3194 0.8951 0.3110
vn -0.4511 0.8795 0.1520
vn -0.5595 0.8108 0.1720
vn -0.3890 0.8856 0.2536
vn -0.4109 0.8614 0.2986
vn -0.4047 0.8785 0.2536
vn -0.5688 0.8035 0.1756
vn -0.5391 0.8412 0.0421
vn -0.8057 0.5476 -0.2258
vn -0.5481 0.8253 -0.1363
vn -0.7480 0.6632 0.0268
vn -0.6410 0.5808 -0.5017
vn -0.4355 0.8491 -0.2991
vn -0.7240 0.3113 -0.6156
vn -0.9028 0.2686 -0.3358
vn -0.8740 0.4859 0.0012
vn 0.2881 0.8989 -0.3302
vn 0.5328 0.8444 0.0559
vn 0.8139 0.5772 0.0655
vn 0.4765 0.8643 -0.1613
vn 0.7580 0.6050 -0.2438
vn 0.4677 0.7091 -0.5277
vn 0.2926 0.9054 0.3078
vn 0.6524 0.6968 0.2981
vn 0.4107 0.8368 0.3621
vn 0.4403 0.8704 0.2204
vn 0.4432 0.8129 0.3778
vn 0.8123 0.5021 0.2968
vn 0.9427 0.3150 0.1096
vn 0.5642 0.4966 -0.6596
vn 0.8846 0.3379 -0.3216
vn 0.1831 0.6379 -0.7480
vn -0.0702 0.7162 -0.6944
vn 0.1556 0.7979 -0.5823
vn -0.0506 0.8355 -0.5471
vn -0.2706 0.7421 -0.6132
vn -0.1945 0.8502 -0.4891
vn -0.4841 0.7259 -0.4887
vn -0.3592 0.8507 -0.3836
vn -0.1093 0.9424 -0.3160
vn -0.1954 0.9509 -0.2402
vn -0.0091 0.9327 -0.3605
vn 0.1162 0.9205 -0.3730
vn 0.1962 0.9177 0.3456
vn 0.2037 0.8931 0.4010
vn 0.1096 0.9245 0.3651
vn 0.0984 0.9135 0.3947
vn 0.0221 0.9313 0.3636
vn -0.0088 0.9177 0.3971
vn -0.1344 0.9357 0.3261
vn -0.2452 0.9013 0.3571
vn -0.3590 0.8575 0.3686
vn -0.0974 0.9208 0.3776
vn 0.0774 0.9247 0.3727
vn 0.2388 0.8947 0.3775
vn -0.2398 0.9488 0.2058
vn -0.3089 0.9501 0.0434
vn -0.5536 0.8326 -0.0143
vn -0.4767 0.8554 0.2026
vn -0.2911 0.9489 -0.1221
vn -0.5003 0.8372 -0.2209
vn -0.6644 0.6814 -0.3071
vn -0.7483 0.6537 -0.1128
vn -0.6741 0.7160 0.1813
vn -0.9300 0.2731 -0.2461
vn -0.9512 0.2607 -0.1651
vn -0.9453 0.2270 -0.2343
vn -0.9188 0.3707 -0.1357
vn -0.9310 0.3014 -0.2058
vn -0.8934 0.3997 -0.2049
vn -0.8000 0.5927 -0.0935
vn 0.8225 0.5687 0.0032
vn 0.5159 0.7646 -0.3862
vn 0.9434 0.3212 -0.0825
vn 0.3854 0.6962 -0.6056
vn 0.9622 0.1881 -0.1968
vn 0.9726 0.2319 -0.0157
vn 0.9217 0.3628 0.1374
vn 0.9415 0.3144 0.1214
vn 0.9814 0.1877 -0.0410
vn 0.9851 0.1005 -0.1398
vn 0.9810 0.1005 -0.1661
vn 0.9627 0.0022 -0.2706
vn 0.9185 0.1026 -0.3818
vn 0.9610 -0.0079 -0.2763
vn 0.8756 -0.1314 -0.4647
vn 0.8848 -0.1498 -0.4413
vn 0.2013 0.5198 -0.8303
vn 0.7568 -0.0170 -0.6534
vn 0.3951 -0.2111 -0.8940
vn -0.0895 0.2708 -0.9585
vn -0.2101 -0.0180 -0.9775
vn -0.8209 0.3344 -0.4630
vn -0.6659 0.0984 -0.7395
vn 0.9314 0.3322 -0.1485
vn 0.9359 0.3293 0.1253
vn 0.8741 0.4768 -0.0922
vn 0.9666 0.1420 -0.2132
vn 0.9711 0.2255 0.0784
vn 0.5549 0.1892 -0.8101
vn 0.3276 0.4955 -0.8045
vn -0.3111 0.0582 -0.9486
vn -0.5712 0.2015 -0.7957
vn 0.1278 0.7136 -0.6888
vn -0.6842 0.2921 -0.6682
vn 0.7119 0.6830 -0.1634
vn -0.7010 0.4265 -0.5716
vn -0.0349 0.8068 -0.5898
vn 0.8732 0.4708 0.1257
vn 0.0791 -0.2168 -0.9730
vn 0.6441 -0.1198 -0.7555
vn 0.9235 -0.0569 -0.3793
vn 0.9902 -0.0682 -0.1222
vn 0.9805 -0.1167 -0.1580
vn 0.9956 -0.0931 -0.0118
vn 0.9985 -0.0539 0.0104
vn 0.9978 -0.0272 0.0609
vn 0.9978 0.0093 0.0656
vn 0.9894 0.0521 -0.1357
vn 0.9341 0.0334 -0.3554
vn 0.2090 0.3727 -0.9041
vn 0.2131 0.1242 -0.9691
vn 0.9924 0.1160 -0.0414
vn 0.2070 0.5370 -0.8178
vn -0.6966 0.0620 -0.7148
vn -0.9230 0.0978 -0.3722
vn -0.8331 0.1168 -0.5406
vn -0.8720 0.1831 -0.4539
vn -0.9271 0.0587 -0.3702
vn -0.8965 0.0286 -0.4421
vn -0.9320 0.1478 -0.3310
vn -0.9005 0.3430 -0.2674
vn -0.9245 0.1838 -0.3338
vn -0.8789 0.3928 -0.2706
vn -0.7855 0.5127 -0.3466
vn -0.6795 0.7160 -0.1602
vn -0.8761 0.2728 -0.3976
vn 0.1243 0.9374 -0.3253
vn -0.5031 0.8280 -0.2475
vn 0.1803 0.7697 -0.6124
vn 0.6155 0.7877 -0.0258
vn 0.0609 0.9786 -0.1963
vn 0.7431 0.6548 0.1381
vn 0.9029 0.4297 0.0081
vn 0.9490 0.2884 0.1270
vn 0.9913 0.0842 0.1012
vn 0.9562 0.2566 0.1409
vn 0.9847 0.1730 0.0193
vn 0.9766 0.1804 0.1174
vn 0.9931 0.0612 0.0998
vn 0.9974 0.0470 0.0548
vn 0.9990 -0.0447 0.0066
vn -0.0677 0.9654 0.2518
vn -0.3281 0.9341 0.1408
vn -0.1176 0.9444 0.3070
vn 0.0053 0.9591 0.2829
vn -0.1341 0.9795 0.1504
vn 0.0228 0.9162 0.4000
vn -0.2236 0.8847 -0.4090
vn -0.5495 0.6835 -0.4806
vn -0.5777 0.5499 -0.6033
vn -0.2015 0.8838 -0.4224
vn -0.7331 0.3669 -0.5727
vn -0.5953 0.5354 -0.5992
vn -0.8034 0.3162 -0.5046
vn -0.7478 0.3297 -0.5763
vn -0.6980 0.5113 -0.5014
vn -0.7771 0.4364 -0.4535
vn -0.7326 0.5674 -0.3760
vn -0.6554 0.6461 -0.3913
vn -0.5285 0.7759 -0.3445
vn -0.2755 0.9115 -0.3056
vn -0.3607 0.9126 -0.1926
vn -0.7933 0.4095 -0.4504
vn -0.0314 0.2442 -0.9692
vn 0.1842 0.5254 -0.8307
vn -0.9316 0.2746 -0.2382
vn -0.7758 0.3154 -0.5465
vn -0.9339 0.2961 -0.2003
vn -0.7474 0.5213 -0.4119
vn -0.5375 0.7211 -0.4371
vn 0.3137 0.7181 -0.6212
vn 0.4836 0.7775 -0.4021
vn -0.3148 0.8819 -0.3508
vn -0.7282 0.6486 -0.2216
vn -0.8957 0.3957 -0.2029
vn -0.7453 0.0458 -0.6652
vn -0.8321 0.0886 -0.5475
vn -0.7657 -0.0049 -0.6432
vn -0.8784 0.1616 -0.4498
vn -0.8178 0.1311 -0.5603
vn -0.8495 0.2446 -0.4675
vn -0.6815 0.3006 -0.6672
vn -0.7026 0.4270 -0.5693
vn -0.5618 0.2020 -0.8023
vn -0.1433 0.9762 -0.1627
vn 0.1498 -0.3208 0.9352
vn 0.9963 -0.0172 0.0844
vn -0.7387 0.6339 -0.2292
vn 0.4146 0.8799 -0.2321
vn 0.9958 0.0914 0.0019
vn 0.9608 -0.2226 -0.1652
vn -0.8974 -0.0218 -0.4406
vn -0.0193 0.9889 0.1473
vn -0.8150 0.2766 -0.5092
vn -0.9021 0.2370 -0.3605
vn 0.4706 0.8570 -0.2101
vt 0.697000 0.721000
vt 0.699000 0.715600
vt 0.700600 0.720500
vt 0.693500 0.721400
vt 0.694900 0.715700
vt 0.693200 0.710200
vt 0.691000 0.715500
vt 0.688700 0.709400
vt 0.697700 0.710700
vt 0.685800 0.722400
vt 0.686900 0.715200
vt 0.690000 0.721900
vt 0.684200 0.708200
vt 0.682500 0.714200
vt 0.679500 0.706700
vt 0.680600 0.695300
vt 0.676700 0.699200
vt 0.674200 0.691100
vt 0.686200 0.698100
vt 0.681800 0.701300
vt 0.687000 0.703400
vt 0.696600 0.701400
vt 0.692000 0.704900
vt 0.691600 0.700100
vt 0.696800 0.705900
vt 0.681500 0.691100
vt 0.686900 0.694000
vt 0.683700 0.688000
vt 0.688500 0.690800
vt 0.697200 0.697700
vt 0.692100 0.696200
vt 0.693500 0.692800
vt 0.698500 0.694300
vt 0.662700 0.707600
vt 0.667000 0.705900
vt 0.667900 0.710500
vt 0.665700 0.700800
vt 0.662200 0.703400
vt 0.661300 0.698900
vt 0.670200 0.702800
vt 0.672100 0.708700
vt 0.673400 0.714000
vt 0.662400 0.689900
vt 0.660300 0.694200
vt 0.659100 0.689300
vt 0.665800 0.690400
vt 0.664100 0.695400
vt 0.668100 0.696600
vt 0.672200 0.697800
vt 0.669500 0.690800
vt 0.674900 0.704800
vt 0.679200 0.717800
vt 0.677400 0.711700
vt 0.644400 0.699700
vt 0.649100 0.698000
vt 0.648700 0.701300
vt 0.649300 0.694600
vt 0.645100 0.696500
vt 0.645600 0.693400
vt 0.653200 0.695900
vt 0.653200 0.699500
vt 0.653100 0.703100
vt 0.649400 0.687600
vt 0.646000 0.690300
vt 0.646200 0.687100
vt 0.652600 0.688100
vt 0.649400 0.691100
vt 0.653000 0.692100
vt 0.656600 0.693100
vt 0.655900 0.688700
vt 0.657200 0.697300
vt 0.657800 0.705100
vt 0.657600 0.701300
vt 0.637500 0.693900
vt 0.635400 0.690200
vt 0.638500 0.691200
vt 0.636400 0.696700
vt 0.634100 0.692600
vt 0.639400 0.688800
vt 0.637200 0.686300
vt 0.639900 0.686500
vt 0.636500 0.688200
vt 0.643000 0.686700
vt 0.642000 0.692300
vt 0.642600 0.689500
vt 0.641200 0.695200
vt 0.640300 0.698200
vt 0.642000 0.710700
vt 0.645600 0.717400
vt 0.640900 0.715800
vt 0.642900 0.706500
vt 0.646700 0.712400
vt 0.651500 0.714200
vt 0.647500 0.708200
vt 0.652300 0.710100
vt 0.650400 0.719200
vt 0.643700 0.702900
vt 0.648200 0.704600
vt 0.652800 0.706500
vt 0.657600 0.708700
vt 0.657200 0.712300
vt 0.662700 0.711300
vt 0.662400 0.715100
vt 0.655300 0.721400
vt 0.661600 0.719200
vt 0.660400 0.724000
vt 0.656400 0.716500
vt 0.633100 0.707800
vt 0.630200 0.702100
vt 0.634200 0.703500
vt 0.632000 0.713000
vt 0.629000 0.706500
vt 0.635300 0.699800
vt 0.632700 0.695300
vt 0.631400 0.698400
vt 0.639400 0.701300
vt 0.638400 0.704900
vt 0.637400 0.709200
vt 0.636400 0.714400
vt 0.679400 0.722400
vt 0.678600 0.726200
vt 0.684700 0.726800
vt 0.683500 0.730300
vt 0.673300 0.722200
vt 0.673700 0.718300
vt 0.675900 0.734300
vt 0.682100 0.733900
vt 0.680400 0.738000
vt 0.670900 0.730700
vt 0.677500 0.730000
vt 0.672300 0.726100
vt 0.667000 0.722500
vt 0.665700 0.727200
vt 0.667800 0.718400
vt 0.668100 0.714600
vt 0.666900 0.759100
vt 0.673700 0.755000
vt 0.671400 0.761600
vt 0.664400 0.749400
vt 0.662100 0.756600
vt 0.671600 0.745600
vt 0.666800 0.742500
vt 0.676100 0.748700
vt 0.669200 0.752200
vt 0.654800 0.744300
vt 0.657300 0.754300
vt 0.652600 0.752100
vt 0.661800 0.739600
vt 0.656900 0.736900
vt 0.659600 0.746800
vt 0.658800 0.730000
vt 0.663900 0.733000
vt 0.669000 0.736200
vt 0.673800 0.739600
vt 0.678400 0.743000
vt 0.650100 0.742200
vt 0.645600 0.740300
vt 0.648000 0.750200
vt 0.643600 0.748400
vt 0.647400 0.732600
vt 0.652100 0.734600
vt 0.636900 0.737100
vt 0.639300 0.746800
vt 0.635100 0.745300
vt 0.638400 0.729300
vt 0.641200 0.738600
vt 0.642800 0.730800
vt 0.644300 0.723700
vt 0.639700 0.722100
vt 0.649000 0.725500
vt 0.653800 0.727500
vt 0.628600 0.734500
vt 0.625800 0.725500
vt 0.629800 0.726600
vt 0.627100 0.742700
vt 0.624700 0.733400
vt 0.630900 0.719400
vt 0.627900 0.711800
vt 0.626900 0.718200
vt 0.635300 0.720700
vt 0.634000 0.727900
vt 0.632600 0.735800
vt 0.631000 0.744000
vt 0.606300 0.819100
vt 0.599600 0.816400
vt 0.605300 0.814300
vt 0.593600 0.819100
vt 0.600800 0.821000
vt 0.594900 0.823500
vt 0.598500 0.811900
vt 0.604300 0.809600
vt 0.614300 0.793200
vt 0.611700 0.786700
vt 0.615600 0.787500
vt 0.613600 0.798500
vt 0.609900 0.792600
vt 0.617300 0.781400
vt 0.615400 0.773600
vt 0.619100 0.774700
vt 0.613500 0.780400
vt 0.625400 0.783500
vt 0.623000 0.775800
vt 0.627100 0.776900
vt 0.623900 0.789500
vt 0.621200 0.782400
vt 0.619700 0.788500
vt 0.618100 0.799100
vt 0.622900 0.794900
vt 0.622500 0.800000
vt 0.618600 0.794000
vt 0.621200 0.767300
vt 0.619600 0.758200
vt 0.623300 0.759300
vt 0.617500 0.766200
vt 0.625300 0.751100
vt 0.623300 0.741600
vt 0.621500 0.749900
vt 0.633200 0.753600
vt 0.631100 0.761800
vt 0.629200 0.752300
vt 0.627100 0.760500
vt 0.625000 0.768400
vt 0.629100 0.769600
vt 0.629600 0.784600
vt 0.634100 0.785800
vt 0.631300 0.778100
vt 0.635700 0.779400
vt 0.628300 0.790600
vt 0.632800 0.791700
vt 0.643400 0.788400
vt 0.640200 0.780700
vt 0.644900 0.782100
vt 0.637400 0.792900
vt 0.642200 0.794100
vt 0.638700 0.787100
vt 0.636100 0.803100
vt 0.641300 0.799400
vt 0.640800 0.804300
vt 0.631500 0.802000
vt 0.636500 0.798200
vt 0.631900 0.797000
vt 0.627300 0.795900
vt 0.626900 0.800900
vt 0.633200 0.770900
vt 0.637500 0.772200
vt 0.635300 0.763100
vt 0.639500 0.764500
vt 0.637300 0.755000
vt 0.641600 0.756500
vt 0.650500 0.760000
vt 0.648500 0.767700
vt 0.645900 0.758200
vt 0.643900 0.766100
vt 0.642000 0.773600
vt 0.646600 0.775100
vt 0.649700 0.783500
vt 0.651400 0.776700
vt 0.656300 0.778200
vt 0.653200 0.769400
vt 0.658000 0.771200
vt 0.654600 0.784900
vt 0.655200 0.761900
vt 0.660000 0.764000
vt 0.664700 0.766100
vt 0.667500 0.775000
vt 0.669300 0.768300
vt 0.662800 0.773100
vt 0.664200 0.787800
vt 0.661100 0.779900
vt 0.665800 0.781500
vt 0.659500 0.786300
vt 0.648300 0.789600
vt 0.653200 0.790900
vt 0.647000 0.795300
vt 0.651900 0.796500
vt 0.662800 0.793500
vt 0.661500 0.798900
vt 0.658000 0.792200
vt 0.656800 0.797700
vt 0.654900 0.807700
vt 0.660400 0.804000
vt 0.659500 0.808900
vt 0.650200 0.806600
vt 0.655700 0.802800
vt 0.650900 0.801700
vt 0.646100 0.800500
vt 0.645500 0.805400
vt 0.744900 0.704600
vt 0.748600 0.702200
vt 0.749000 0.704800
vt 0.740800 0.704300
vt 0.744500 0.701900
vt 0.744300 0.699300
vt 0.740500 0.701600
vt 0.740500 0.698800
vt 0.748100 0.699700
vt 0.732500 0.704000
vt 0.736500 0.701300
vt 0.736600 0.704200
vt 0.736600 0.698400
vt 0.732500 0.701000
vt 0.732700 0.698100
vt 0.728400 0.700800
vt 0.724400 0.700600
vt 0.728300 0.703800
vt 0.724100 0.703700
vt 0.724900 0.697500
vt 0.728800 0.697800
vt 0.716000 0.700100
vt 0.719900 0.703600
vt 0.715500 0.703400
vt 0.716700 0.696900
vt 0.720200 0.700400
vt 0.720900 0.697200
vt 0.711500 0.699800
vt 0.706900 0.699400
vt 0.711000 0.703200
vt 0.706400 0.702900
vt 0.707900 0.696100
vt 0.712400 0.696600
vt 0.701600 0.702300
vt 0.702200 0.698700
vt 0.703300 0.695400
vt 0.610900 0.843100
vt 0.606000 0.839900
vt 0.610200 0.838700
vt 0.611400 0.847300
vt 0.607100 0.844100
vt 0.603400 0.845600
vt 0.608100 0.848100
vt 0.604900 0.849400
vt 0.601800 0.841600
vt 0.612200 0.854500
vt 0.609100 0.851800
vt 0.611900 0.851100
vt 0.606300 0.852900
vt 0.609900 0.855400
vt 0.607700 0.856300
vt 0.607400 0.824000
vt 0.608400 0.829000
vt 0.602000 0.825700
vt 0.596600 0.828100
vt 0.603400 0.830600
vt 0.598400 0.832700
vt 0.604700 0.835300
vt 0.609300 0.833900
vt 0.600100 0.837300
vt 0.613800 0.803500
vt 0.608800 0.798300
vt 0.609600 0.808500
vt 0.614400 0.808200
vt 0.603400 0.804600
vt 0.618300 0.803900
vt 0.618900 0.808500
vt 0.622700 0.804700
vt 0.623300 0.809200
vt 0.620600 0.817900
vt 0.624200 0.813800
vt 0.624900 0.818500
vt 0.616100 0.817700
vt 0.619800 0.813200
vt 0.615300 0.812900
vt 0.611400 0.818000
vt 0.610500 0.813200
vt 0.627100 0.805600
vt 0.627700 0.810100
vt 0.631600 0.806600
vt 0.632200 0.811100
vt 0.636200 0.807800
vt 0.636600 0.812300
vt 0.640800 0.808900
vt 0.641000 0.813400
vt 0.637400 0.821400
vt 0.641300 0.817900
vt 0.641500 0.822500
vt 0.633300 0.820300
vt 0.637100 0.816700
vt 0.632800 0.815600
vt 0.628500 0.814600
vt 0.629100 0.819300
vt 0.645300 0.810100
vt 0.645400 0.814600
vt 0.649900 0.811200
vt 0.649800 0.815800
vt 0.654400 0.812400
vt 0.654100 0.817000
vt 0.658900 0.813600
vt 0.658400 0.818200
vt 0.653500 0.826200
vt 0.657900 0.822800
vt 0.657400 0.827500
vt 0.649600 0.825000
vt 0.653900 0.821600
vt 0.649700 0.820300
vt 0.645500 0.819100
vt 0.645600 0.823700
vt 0.612300 0.823100
vt 0.616800 0.822800
vt 0.617400 0.827900
vt 0.613000 0.828200
vt 0.621200 0.823000
vt 0.621500 0.828100
vt 0.625400 0.823500
vt 0.625600 0.828700
vt 0.625300 0.838800
vt 0.621700 0.833300
vt 0.625500 0.833800
vt 0.617700 0.833000
vt 0.621700 0.838200
vt 0.618000 0.838000
vt 0.614100 0.838100
vt 0.613600 0.833200
vt 0.629500 0.824300
vt 0.629500 0.829400
vt 0.633500 0.825200
vt 0.633400 0.830300
vt 0.637500 0.826300
vt 0.637300 0.831300
vt 0.641400 0.827400
vt 0.641100 0.832400
vt 0.639800 0.841900
vt 0.636800 0.836300
vt 0.640500 0.837300
vt 0.633100 0.835400
vt 0.636200 0.841100
vt 0.632600 0.840200
vt 0.629000 0.839400
vt 0.629300 0.834500
vt 0.645300 0.828600
vt 0.644900 0.833500
vt 0.649200 0.829800
vt 0.648600 0.834600
vt 0.653000 0.831000
vt 0.652300 0.835700
vt 0.656700 0.832200
vt 0.655900 0.836900
vt 0.653700 0.845700
vt 0.651400 0.840300
vt 0.654900 0.841400
vt 0.647800 0.839300
vt 0.650400 0.844700
vt 0.646900 0.843700
vt 0.643400 0.842800
vt 0.644200 0.838300
vt 0.752500 0.739500
vt 0.755800 0.736300
vt 0.756300 0.739400
vt 0.748900 0.739700
vt 0.751900 0.736500
vt 0.751300 0.733500
vt 0.748200 0.736800
vt 0.747400 0.733900
vt 0.755200 0.733200
vt 0.741900 0.740500
vt 0.744500 0.737200
vt 0.745400 0.740100
vt 0.743600 0.734300
vt 0.740900 0.737700
vt 0.739900 0.734900
vt 0.741900 0.728300
vt 0.738900 0.731900
vt 0.737900 0.728800
vt 0.745900 0.727800
vt 0.742800 0.731400
vt 0.746700 0.730900
vt 0.754000 0.726900
vt 0.750600 0.730500
vt 0.749900 0.727400
vt 0.754600 0.730000
vt 0.716000 0.751200
vt 0.715600 0.746500
vt 0.718000 0.749600
vt 0.711700 0.749800
vt 0.714400 0.753000
vt 0.709000 0.746500
vt 0.713500 0.748100
vt 0.710900 0.744900
vt 0.713200 0.743300
vt 0.709000 0.753300
vt 0.713000 0.754800
vt 0.711900 0.756500
vt 0.706100 0.749900
vt 0.710300 0.751600
vt 0.707500 0.748200
vt 0.700100 0.742400
vt 0.704600 0.744600
vt 0.703100 0.746200
vt 0.706400 0.743000
vt 0.701800 0.740900
vt 0.703700 0.739400
vt 0.710800 0.740000
vt 0.706000 0.737900
vt 0.708600 0.736500
vt 0.708400 0.741500
vt 0.726200 0.745400
vt 0.727500 0.741200
vt 0.729300 0.744200
vt 0.723200 0.746700
vt 0.724200 0.742400
vt 0.722200 0.739300
vt 0.721100 0.743600
vt 0.718900 0.740500
vt 0.725700 0.738200
vt 0.718100 0.745000
vt 0.720500 0.748000
vt 0.715900 0.741800
vt 0.711600 0.735200
vt 0.715000 0.734000
vt 0.713700 0.738600
vt 0.716900 0.737300
vt 0.722400 0.731800
vt 0.720400 0.736100
vt 0.718600 0.732800
vt 0.724000 0.735000
vt 0.738700 0.741200
vt 0.735500 0.742100
vt 0.737400 0.738400
vt 0.736200 0.735500
vt 0.734100 0.739200
vt 0.732700 0.736300
vt 0.730700 0.740200
vt 0.732400 0.743100
vt 0.729100 0.737200
vt 0.726200 0.730900
vt 0.730100 0.730100
vt 0.727600 0.734100
vt 0.731300 0.733200
vt 0.735100 0.732500
vt 0.734000 0.729400
vt 0.652500 0.849500
vt 0.651200 0.853100
vt 0.649200 0.848600
vt 0.645900 0.847700
vt 0.648100 0.852200
vt 0.644900 0.851500
vt 0.648700 0.859500
vt 0.646900 0.855700
vt 0.649900 0.856400
vt 0.643800 0.855000
vt 0.645700 0.858900
vt 0.642700 0.858400
vt 0.637400 0.853700
vt 0.639700 0.857800
vt 0.636600 0.857200
vt 0.638200 0.850100
vt 0.640600 0.854300
vt 0.641600 0.850700
vt 0.642500 0.846900
vt 0.639100 0.846200
vt 0.703600 0.734200
vt 0.706400 0.732900
vt 0.701200 0.735500
vt 0.698600 0.731300
vt 0.704300 0.729100
vt 0.701300 0.730200
vt 0.697300 0.738500
vt 0.694200 0.734100
vt 0.699100 0.736900
vt 0.696200 0.732600
vt 0.690700 0.729100
vt 0.693100 0.727600
vt 0.696100 0.726700
vt 0.699100 0.725800
vt 0.702400 0.724900
vt 0.635600 0.845400
vt 0.632000 0.844600
vt 0.634800 0.849400
vt 0.631400 0.848800
vt 0.634000 0.853200
vt 0.630600 0.852700
vt 0.633200 0.856900
vt 0.629900 0.856500
vt 0.623900 0.851800
vt 0.626500 0.856200
vt 0.623100 0.855800
vt 0.624500 0.847700
vt 0.627200 0.852200
vt 0.627900 0.848200
vt 0.628500 0.843900
vt 0.625000 0.843300
vt 0.753300 0.723900
vt 0.749200 0.724300
vt 0.748400 0.721200
vt 0.745100 0.724800
vt 0.744300 0.721700
vt 0.752500 0.720800
vt 0.741000 0.725200
vt 0.740200 0.722100
vt 0.737000 0.725700
vt 0.736100 0.722600
vt 0.738600 0.715900
vt 0.735200 0.719400
vt 0.734400 0.716200
vt 0.742800 0.715600
vt 0.739400 0.719000
vt 0.743500 0.718600
vt 0.751000 0.714600
vt 0.747700 0.718200
vt 0.746900 0.715200
vt 0.751800 0.717700
vt 0.732900 0.726300
vt 0.731900 0.723100
vt 0.728900 0.726900
vt 0.727800 0.723600
vt 0.724900 0.727600
vt 0.719500 0.725000
vt 0.720900 0.728500
vt 0.723600 0.724300
vt 0.717300 0.717900
vt 0.722500 0.720900
vt 0.718300 0.721500
vt 0.726800 0.720300
vt 0.721600 0.717400
vt 0.725900 0.717000
vt 0.731000 0.719800
vt 0.730200 0.716600
vt 0.717000 0.729400
vt 0.711500 0.726900
vt 0.713200 0.730500
vt 0.715400 0.725900
vt 0.709600 0.731700
vt 0.707800 0.728000
vt 0.704500 0.719900
vt 0.710000 0.723100
vt 0.708700 0.719200
vt 0.706000 0.724000
vt 0.712900 0.718500
vt 0.714100 0.722300
vt 0.621500 0.842900
vt 0.618000 0.842600
vt 0.621200 0.847200
vt 0.618000 0.846900
vt 0.620800 0.851400
vt 0.617800 0.851100
vt 0.620400 0.855500
vt 0.617600 0.855200
vt 0.614900 0.854800
vt 0.614800 0.850900
vt 0.614700 0.846900
vt 0.614500 0.842700
vt 0.715500 0.706900
vt 0.715800 0.710500
vt 0.711000 0.706900
vt 0.706300 0.706800
vt 0.711300 0.710700
vt 0.706800 0.710900
vt 0.712000 0.714600
vt 0.716400 0.714200
vt 0.707600 0.715100
vt 0.703200 0.715400
vt 0.702200 0.710900
vt 0.701600 0.706500
vt 0.733700 0.713100
vt 0.725100 0.713600
vt 0.724600 0.710200
vt 0.729400 0.713300
vt 0.733100 0.710000
vt 0.728900 0.710100
vt 0.720800 0.713900
vt 0.720200 0.710400
vt 0.719900 0.706900
vt 0.724200 0.706900
vt 0.732700 0.707000
vt 0.728500 0.707000
vt 0.750500 0.712200
vt 0.746300 0.712400
vt 0.745800 0.709800
vt 0.742200 0.712700
vt 0.741600 0.709900
vt 0.750000 0.709700
vt 0.737900 0.712900
vt 0.737400 0.709900
vt 0.736900 0.707000
vt 0.741100 0.707100
vt 0.745300 0.707200
vt 0.749500 0.707300
vt 0.691300 0.747900
vt 0.696000 0.748100
vt 0.694500 0.751200
vt 0.688000 0.744700
vt 0.692800 0.744600
vt 0.694300 0.742100
vt 0.689600 0.741100
vt 0.691100 0.738300
vt 0.697300 0.745800
vt 0.686100 0.737600
vt 0.684400 0.741400
vt 0.687600 0.734300
vt 0.689000 0.731400
vt 0.692500 0.736000
vt 0.695700 0.740100
vt 0.698700 0.744000
vt 0.680100 0.798300
vt 0.677000 0.792100
vt 0.681100 0.793300
vt 0.679300 0.803300
vt 0.675900 0.797300
vt 0.671600 0.796100
vt 0.674900 0.802400
vt 0.670500 0.801300
vt 0.672900 0.790700
vt 0.673200 0.812500
vt 0.678900 0.808300
vt 0.678900 0.814300
vt 0.669400 0.806300
vt 0.668500 0.811200
vt 0.674100 0.807500
vt 0.664900 0.805100
vt 0.664000 0.810000
vt 0.666000 0.800100
vt 0.667300 0.794800
vt 0.668700 0.789200
vt 0.675600 0.764000
vt 0.679600 0.766500
vt 0.673600 0.770500
vt 0.671800 0.776900
vt 0.677700 0.772700
vt 0.675900 0.778800
vt 0.687100 0.771200
vt 0.681600 0.774800
vt 0.683400 0.768900
vt 0.679900 0.780700
vt 0.685400 0.776900
vt 0.683800 0.782500
vt 0.678400 0.786500
vt 0.682400 0.788000
vt 0.674400 0.784900
vt 0.670200 0.783200
vt 0.677900 0.757700
vt 0.680200 0.751700
vt 0.683900 0.754500
vt 0.681700 0.760300
vt 0.682400 0.746200
vt 0.686000 0.749200
vt 0.689400 0.752200
vt 0.687400 0.757300
vt 0.692800 0.755300
vt 0.690900 0.760200
vt 0.689000 0.765500
vt 0.685400 0.762900
vt 0.668500 0.831600
vt 0.673400 0.828600
vt 0.672300 0.833100
vt 0.664900 0.830200
vt 0.669600 0.826900
vt 0.670700 0.822200
vt 0.665700 0.825500
vt 0.666600 0.820800
vt 0.674600 0.824000
vt 0.661900 0.824100
vt 0.661200 0.828800
vt 0.662500 0.819400
vt 0.663200 0.814700
vt 0.667500 0.816000
vt 0.676300 0.819400
vt 0.672000 0.817400
vt 0.664000 0.849800
vt 0.669300 0.846900
vt 0.668400 0.852300
vt 0.660500 0.848100
vt 0.665400 0.845500
vt 0.666500 0.840900
vt 0.661800 0.844000
vt 0.662900 0.839500
vt 0.670200 0.842200
vt 0.658300 0.842600
vt 0.657100 0.846800
vt 0.659400 0.838200
vt 0.660300 0.833500
vt 0.663900 0.834900
vt 0.667500 0.836200
vt 0.671200 0.837600
vt 0.656400 0.862300
vt 0.660800 0.861400
vt 0.658900 0.863200
vt 0.653800 0.861400
vt 0.658200 0.859600
vt 0.660100 0.856800
vt 0.655500 0.858400
vt 0.657200 0.855200
vt 0.662900 0.858800
vt 0.651300 0.860500
vt 0.652800 0.857300
vt 0.654300 0.854100
vt 0.655700 0.850600
vt 0.658900 0.851900
vt 0.662200 0.853500
vt 0.665300 0.855900
vt 0.726000 0.763600
vt 0.725500 0.758800
vt 0.728100 0.762100
vt 0.724200 0.765000
vt 0.723600 0.760400
vt 0.721100 0.757300
vt 0.721900 0.761900
vt 0.719500 0.759000
vt 0.723000 0.755700
vt 0.721300 0.767600
vt 0.720400 0.763500
vt 0.722700 0.766300
vt 0.716900 0.762300
vt 0.719200 0.765000
vt 0.718100 0.760600
vt 0.715600 0.757800
vt 0.714500 0.759500
vt 0.716900 0.756000
vt 0.718500 0.754300
vt 0.720500 0.752600
vt 0.757300 0.751800
vt 0.753700 0.748300
vt 0.757000 0.748700
vt 0.750400 0.748000
vt 0.753400 0.751300
vt 0.750200 0.750700
vt 0.753400 0.745400
vt 0.750100 0.745300
vt 0.756800 0.745600
vt 0.745600 0.749600
vt 0.747500 0.747800
vt 0.747500 0.750000
vt 0.747000 0.745400
vt 0.745000 0.747900
vt 0.744100 0.745700
vt 0.743000 0.743200
vt 0.746200 0.742800
vt 0.749600 0.742600
vt 0.753100 0.742500
vt 0.756600 0.742500
vt 0.744400 0.750700
vt 0.742500 0.752200
vt 0.742700 0.748700
vt 0.741300 0.746500
vt 0.740500 0.750000
vt 0.738700 0.747500
vt 0.738000 0.755600
vt 0.738100 0.751400
vt 0.740400 0.753900
vt 0.736000 0.748700
vt 0.735600 0.752800
vt 0.733300 0.750000
vt 0.731300 0.747100
vt 0.734200 0.746000
vt 0.737000 0.744900
vt 0.740000 0.743900
vt 0.735500 0.757300
vt 0.732900 0.759000
vt 0.732900 0.754300
vt 0.730600 0.751300
vt 0.730300 0.755800
vt 0.727900 0.752700
vt 0.727800 0.757300
vt 0.730400 0.760600
vt 0.725300 0.754100
vt 0.722800 0.751100
vt 0.725500 0.749700
vt 0.728400 0.748400
vt 0.707900 0.754900
vt 0.706900 0.756600
vt 0.710800 0.758100
vt 0.709800 0.759800
vt 0.703800 0.753100
vt 0.704900 0.751400
vt 0.704400 0.761200
vt 0.708700 0.761800
vt 0.707400 0.764200
vt 0.701200 0.757900
vt 0.705700 0.758600
vt 0.702500 0.755200
vt 0.699300 0.751700
vt 0.697800 0.754600
vt 0.700500 0.749500
vt 0.701800 0.747800
vt 0.718000 0.766400
vt 0.716900 0.767800
vt 0.720000 0.768900
vt 0.718800 0.770200
vt 0.714700 0.765300
vt 0.715800 0.763800
vt 0.714600 0.771400
vt 0.717700 0.771700
vt 0.716500 0.773500
vt 0.712500 0.769300
vt 0.715700 0.769400
vt 0.713600 0.767100
vt 0.711300 0.764600
vt 0.710100 0.766900
vt 0.712400 0.762700
vt 0.713400 0.761000
vt 0.697600 0.777700
vt 0.702500 0.775200
vt 0.701000 0.779500
vt 0.694200 0.775600
vt 0.699300 0.773000
vt 0.701000 0.768600
vt 0.695900 0.770600
vt 0.697700 0.765900
vt 0.704200 0.771100
vt 0.692500 0.768100
vt 0.690700 0.773500
vt 0.694300 0.763000
vt 0.696200 0.758400
vt 0.699500 0.761600
vt 0.702800 0.764600
vt 0.705900 0.767400
vt 0.710600 0.783200
vt 0.713700 0.780800
vt 0.713500 0.783800
vt 0.707500 0.782300
vt 0.711200 0.779900
vt 0.712200 0.776800
vt 0.708500 0.778600
vt 0.709700 0.775200
vt 0.714400 0.778100
vt 0.705600 0.777100
vt 0.704300 0.781000
vt 0.707100 0.773300
vt 0.708600 0.769800
vt 0.711100 0.772000
vt 0.713300 0.773900
vt 0.715400 0.775600
vt 0.716100 0.783900
vt 0.716300 0.779100
vt 0.717700 0.779700
vt 0.716000 0.781400
vt 0.718600 0.783500
vt 0.718000 0.781400
vt 0.718300 0.775400
vt 0.719900 0.777400
vt 0.717200 0.777100
vt 0.718700 0.778700
vt 0.722600 0.781500
vt 0.719800 0.780600
vt 0.721300 0.779400
vt 0.720700 0.782600
vt 0.721900 0.771400
vt 0.723700 0.773800
vt 0.723300 0.770300
vt 0.725000 0.772900
vt 0.720700 0.772600
vt 0.722400 0.774900
vt 0.727300 0.776600
vt 0.725200 0.776000
vt 0.726500 0.775100
vt 0.724000 0.777100
vt 0.726700 0.777700
vt 0.725700 0.779000
vt 0.724300 0.780200
vt 0.722800 0.778200
vt 0.721200 0.776100
vt 0.719500 0.773900
vt 0.728400 0.767000
vt 0.730600 0.770600
vt 0.730600 0.765700
vt 0.733000 0.769500
vt 0.728500 0.771400
vt 0.726500 0.768200
vt 0.733300 0.777800
vt 0.735200 0.773500
vt 0.736900 0.778200
vt 0.730800 0.777400
vt 0.732400 0.774300
vt 0.730000 0.774600
vt 0.728000 0.774800
vt 0.728700 0.777000
vt 0.726600 0.772200
vt 0.724800 0.769300
vt 0.733000 0.764100
vt 0.735700 0.767800
vt 0.735600 0.762300
vt 0.738400 0.765800
vt 0.738200 0.760400
vt 0.741200 0.763500
vt 0.740800 0.758400
vt 0.743800 0.761100
vt 0.747200 0.769700
vt 0.747000 0.764000
vt 0.750900 0.767000
vt 0.743800 0.772400
vt 0.744300 0.766700
vt 0.741200 0.769200
vt 0.738100 0.771600
vt 0.740500 0.775200
vt 0.743000 0.756300
vt 0.746000 0.758600
vt 0.745000 0.754200
vt 0.747800 0.756000
vt 0.746600 0.752100
vt 0.749300 0.753400
vt 0.755700 0.755600
vt 0.754100 0.759400
vt 0.752400 0.754500
vt 0.750900 0.757700
vt 0.749200 0.760900
vt 0.752500 0.763200
vt 0.726800 0.787200
vt 0.730800 0.787100
vt 0.728200 0.789200
vt 0.725400 0.785300
vt 0.729100 0.785400
vt 0.729200 0.781900
vt 0.727500 0.783700
vt 0.731100 0.783300
vt 0.733000 0.784800
vt 0.725900 0.782000
vt 0.724000 0.783400
vt 0.727400 0.780500
vt 0.728500 0.778900
vt 0.730400 0.779900
vt 0.735000 0.782000
vt 0.732700 0.780800
vt 0.714400 0.792600
vt 0.718800 0.794300
vt 0.715100 0.795500
vt 0.713800 0.789700
vt 0.717900 0.791700
vt 0.721200 0.790400
vt 0.717100 0.789100
vt 0.720200 0.788100
vt 0.722300 0.792900
vt 0.716500 0.786400
vt 0.713500 0.786700
vt 0.719300 0.785800
vt 0.721800 0.784700
vt 0.722900 0.786800
vt 0.724100 0.788900
vt 0.725400 0.791100
vt 0.698300 0.792500
vt 0.702400 0.796900
vt 0.698000 0.796600
vt 0.698900 0.788200
vt 0.702500 0.793000
vt 0.706600 0.793300
vt 0.702800 0.789100
vt 0.706600 0.789600
vt 0.706800 0.796700
vt 0.699800 0.783900
vt 0.706900 0.786000
vt 0.703400 0.785100
vt 0.710300 0.786500
vt 0.710300 0.789900
vt 0.710600 0.793100
vt 0.711000 0.796300
vt 0.685300 0.794500
vt 0.686300 0.789400
vt 0.690300 0.790700
vt 0.687600 0.784200
vt 0.691400 0.785700
vt 0.689400 0.795400
vt 0.689000 0.778900
vt 0.692700 0.780700
vt 0.696300 0.782400
vt 0.695100 0.787100
vt 0.694300 0.791700
vt 0.693700 0.796200
vt 0.684400 0.799200
vt 0.688800 0.799900
vt 0.688500 0.804200
vt 0.683900 0.803900
vt 0.697800 0.800500
vt 0.698000 0.804300
vt 0.693200 0.800400
vt 0.693200 0.804400
vt 0.699600 0.811400
vt 0.693600 0.808200
vt 0.698500 0.807900
vt 0.688700 0.808400
vt 0.694600 0.811900
vt 0.689600 0.812400
vt 0.684600 0.813000
vt 0.683800 0.808500
vt 0.702500 0.800500
vt 0.707100 0.800100
vt 0.707700 0.803300
vt 0.702800 0.803900
vt 0.715900 0.798300
vt 0.716900 0.801200
vt 0.711600 0.799400
vt 0.712400 0.802400
vt 0.719500 0.807200
vt 0.713400 0.805500
vt 0.718100 0.804100
vt 0.708600 0.806600
vt 0.714800 0.808700
vt 0.709800 0.809800
vt 0.704700 0.810800
vt 0.703500 0.807400
vt 0.688600 0.840800
vt 0.683300 0.842200
vt 0.684200 0.838600
vt 0.682600 0.845900
vt 0.687700 0.844100
vt 0.687100 0.847500
vt 0.678300 0.844500
vt 0.679100 0.840500
vt 0.680000 0.836600
vt 0.682300 0.853400
vt 0.686700 0.851000
vt 0.686700 0.854500
vt 0.677900 0.852700
vt 0.682300 0.849700
vt 0.677900 0.848600
vt 0.673500 0.852200
vt 0.674200 0.843400
vt 0.673500 0.847800
vt 0.676100 0.834800
vt 0.675100 0.839000
vt 0.694600 0.830100
vt 0.688200 0.828900
vt 0.690500 0.826500
vt 0.686400 0.831800
vt 0.692400 0.832200
vt 0.690700 0.834800
vt 0.682400 0.829000
vt 0.684200 0.825600
vt 0.686700 0.822900
vt 0.689500 0.837700
vt 0.685200 0.835100
vt 0.681100 0.832700
vt 0.677200 0.830500
vt 0.678500 0.826300
vt 0.683000 0.819000
vt 0.680300 0.822300
vt 0.749700 0.772400
vt 0.752000 0.775000
vt 0.753300 0.769500
vt 0.755700 0.772000
vt 0.748400 0.778000
vt 0.746200 0.775300
vt 0.756200 0.780400
vt 0.758000 0.774400
vt 0.760400 0.776900
vt 0.752500 0.783500
vt 0.754200 0.777600
vt 0.750500 0.780700
vt 0.745800 0.789300
vt 0.747100 0.783700
vt 0.749000 0.786500
vt 0.745000 0.781000
vt 0.743900 0.786500
vt 0.741900 0.783800
vt 0.739700 0.781100
vt 0.742800 0.778200
vt 0.663200 0.864100
vt 0.661100 0.866400
vt 0.665400 0.861700
vt 0.667700 0.865000
vt 0.665400 0.867300
vt 0.663200 0.869600
vt 0.670900 0.857300
vt 0.673000 0.861500
vt 0.667900 0.859200
vt 0.670200 0.863000
vt 0.676700 0.868500
vt 0.672300 0.866700
vt 0.675000 0.865300
vt 0.669900 0.868600
vt 0.674400 0.870300
vt 0.672100 0.872200
vt 0.665400 0.872700
vt 0.669800 0.874000
vt 0.667500 0.875900
vt 0.667600 0.870600
vt 0.674600 0.856600
vt 0.676300 0.860700
vt 0.678700 0.856700
vt 0.679900 0.860600
vt 0.682800 0.857200
vt 0.683700 0.860900
vt 0.687000 0.858100
vt 0.687600 0.861600
vt 0.686000 0.868100
vt 0.688300 0.865000
vt 0.689200 0.868000
vt 0.682900 0.868300
vt 0.684800 0.864500
vt 0.681400 0.864500
vt 0.679800 0.868400
vt 0.678000 0.864600
vt 0.758000 0.783500
vt 0.759600 0.786800
vt 0.761800 0.780300
vt 0.763100 0.783600
vt 0.756100 0.789900
vt 0.754300 0.786600
vt 0.762700 0.793900
vt 0.764500 0.787000
vt 0.765900 0.790400
vt 0.759600 0.797100
vt 0.761100 0.790300
vt 0.757800 0.793400
vt 0.753800 0.802900
vt 0.754700 0.796400
vt 0.756600 0.800100
vt 0.752800 0.792900
vt 0.751800 0.799300
vt 0.749700 0.795800
vt 0.747700 0.792400
vt 0.750900 0.789600
vt 0.744900 0.795100
vt 0.742900 0.791900
vt 0.747000 0.798500
vt 0.744300 0.801000
vt 0.742200 0.797600
vt 0.740200 0.794400
vt 0.751300 0.805600
vt 0.748900 0.808200
vt 0.749100 0.802000
vt 0.746600 0.804600
vt 0.741200 0.809400
vt 0.746400 0.810700
vt 0.743600 0.813000
vt 0.738800 0.805800
vt 0.744000 0.807000
vt 0.741700 0.803400
vt 0.734600 0.799000
vt 0.739500 0.799900
vt 0.736600 0.802300
vt 0.737500 0.796700
vt 0.741000 0.789100
vt 0.739100 0.786500
vt 0.738300 0.791500
vt 0.736500 0.789000
vt 0.732800 0.796200
vt 0.731200 0.793600
vt 0.735600 0.793900
vt 0.733900 0.791400
vt 0.732300 0.789100
vt 0.729700 0.791300
vt 0.734800 0.786700
vt 0.737200 0.784000
vt 0.738000 0.811700
vt 0.734400 0.813900
vt 0.740400 0.815400
vt 0.736900 0.817600
vt 0.732000 0.810300
vt 0.735600 0.808100
vt 0.726000 0.817700
vt 0.732900 0.819600
vt 0.728600 0.821300
vt 0.723500 0.814100
vt 0.730400 0.815900
vt 0.728000 0.812300
vt 0.725800 0.808800
vt 0.721400 0.810600
vt 0.729800 0.806800
vt 0.723900 0.805400
vt 0.727800 0.803500
vt 0.731400 0.801300
vt 0.733400 0.804600
vt 0.729600 0.798400
vt 0.726100 0.800500
vt 0.724700 0.797800
vt 0.728100 0.795800
vt 0.722300 0.802400
vt 0.721000 0.799600
vt 0.719800 0.797000
vt 0.723400 0.795300
vt 0.726700 0.793400
vt 0.693600 0.824800
vt 0.697500 0.828500
vt 0.690000 0.821100
vt 0.694100 0.820000
vt 0.697300 0.823700
vt 0.701000 0.827300
vt 0.686900 0.817200
vt 0.691500 0.816200
vt 0.701200 0.815000
vt 0.703400 0.818500
vt 0.696300 0.815600
vt 0.698600 0.819200
vt 0.705000 0.826400
vt 0.706200 0.822000
vt 0.709500 0.825600
vt 0.701500 0.822800
vt 0.706400 0.814200
vt 0.711500 0.813200
vt 0.713700 0.816700
vt 0.708500 0.817700
vt 0.716600 0.812000
vt 0.718700 0.815500
vt 0.721200 0.819100
vt 0.716200 0.820300
vt 0.724000 0.822700
vt 0.719100 0.823800
vt 0.711100 0.821200
vt 0.714200 0.824700
vt 0.770500 0.885700
vt 0.775400 0.888000
vt 0.772700 0.890200
vt 0.768200 0.882200
vt 0.772800 0.884200
vt 0.774900 0.882100
vt 0.770300 0.880600
vt 0.772400 0.878600
vt 0.777600 0.885800
vt 0.763500 0.876200
vt 0.767900 0.877300
vt 0.765900 0.879100
vt 0.769900 0.875400
vt 0.765400 0.874300
vt 0.767400 0.872300
vt 0.774000 0.871100
vt 0.769500 0.870200
vt 0.771600 0.868000
vt 0.776400 0.874300
vt 0.771900 0.873200
vt 0.774400 0.876500
vt 0.781700 0.881400
vt 0.777000 0.879900
vt 0.779000 0.877700
vt 0.779700 0.883600
vt 0.750900 0.863200
vt 0.757000 0.865200
vt 0.755000 0.867200
vt 0.759200 0.863100
vt 0.753100 0.861200
vt 0.755400 0.859200
vt 0.762300 0.866400
vt 0.760300 0.868500
vt 0.758300 0.870500
vt 0.763600 0.858700
vt 0.757700 0.857100
vt 0.760100 0.854900
vt 0.766600 0.862000
vt 0.761400 0.860900
vt 0.764400 0.864200
vt 0.767000 0.867200
vt 0.769200 0.865000
vt 0.765000 0.869400
vt 0.761000 0.873400
vt 0.763000 0.871500
vt 0.746500 0.840800
vt 0.738400 0.837700
vt 0.742000 0.836200
vt 0.751200 0.845700
vt 0.743200 0.842500
vt 0.740000 0.844100
vt 0.748300 0.847600
vt 0.745400 0.849400
vt 0.734700 0.839200
vt 0.753300 0.852500
vt 0.755900 0.850500
vt 0.750600 0.854500
vt 0.745600 0.858200
vt 0.739700 0.852700
vt 0.748100 0.856400
vt 0.742500 0.851100
vt 0.727600 0.841700
vt 0.736700 0.845700
vt 0.733600 0.847100
vt 0.731100 0.840500
vt 0.713200 0.829200
vt 0.717700 0.828300
vt 0.721600 0.832000
vt 0.722300 0.827300
vt 0.726000 0.830900
vt 0.717400 0.832900
vt 0.731500 0.824800
vt 0.734500 0.828300
vt 0.727000 0.826100
vt 0.730300 0.829700
vt 0.734100 0.833500
vt 0.738000 0.832000
vt 0.730100 0.834800
vt 0.726100 0.836000
vt 0.722200 0.837100
vt 0.709000 0.830000
vt 0.713500 0.833900
vt 0.709900 0.835000
vt 0.705200 0.831000
vt 0.724300 0.843000
vt 0.721200 0.844200
vt 0.718600 0.838200
vt 0.715200 0.839300
vt 0.716100 0.847000
vt 0.712300 0.840600
vt 0.718400 0.845600
vt 0.706800 0.836200
vt 0.709700 0.842000
vt 0.704100 0.837700
vt 0.699100 0.833700
vt 0.701900 0.832200
vt 0.725300 0.851300
vt 0.723100 0.852800
vt 0.727800 0.849900
vt 0.734600 0.855900
vt 0.732400 0.857400
vt 0.730400 0.858900
vt 0.730600 0.848500
vt 0.737100 0.854300
vt 0.743300 0.860000
vt 0.741100 0.861700
vt 0.748800 0.865100
vt 0.746900 0.866800
vt 0.737400 0.864900
vt 0.745100 0.868500
vt 0.743500 0.870100
vt 0.739200 0.863300
vt 0.753100 0.869100
vt 0.751300 0.870900
vt 0.756500 0.872400
vt 0.754800 0.874200
vt 0.759200 0.875200
vt 0.757500 0.876900
vt 0.761600 0.877800
vt 0.759900 0.879300
vt 0.754500 0.879900
vt 0.758200 0.880700
vt 0.756700 0.882100
vt 0.751700 0.877400
vt 0.755900 0.878400
vt 0.753200 0.875800
vt 0.749700 0.872600
vt 0.748200 0.874200
vt 0.763900 0.880500
vt 0.762100 0.881800
vt 0.766100 0.883400
vt 0.764000 0.884200
vt 0.768000 0.886400
vt 0.765500 0.886700
vt 0.769000 0.889500
vt 0.766300 0.889100
vt 0.761800 0.887500
vt 0.764200 0.888800
vt 0.762700 0.888700
vt 0.760400 0.885900
vt 0.763500 0.887000
vt 0.762100 0.885000
vt 0.760300 0.882900
vt 0.758700 0.884100
vt 0.746000 0.816600
vt 0.748600 0.820200
vt 0.742900 0.818900
vt 0.739500 0.821100
vt 0.745600 0.822500
vt 0.742200 0.824600
vt 0.754500 0.828100
vt 0.748500 0.826200
vt 0.751400 0.824000
vt 0.745300 0.828300
vt 0.751800 0.830300
vt 0.748700 0.832400
vt 0.745400 0.834400
vt 0.741800 0.830300
vt 0.738500 0.826600
vt 0.735600 0.823000
vt 0.790000 0.873400
vt 0.785300 0.871600
vt 0.787300 0.869800
vt 0.783200 0.873600
vt 0.787900 0.875300
vt 0.785900 0.877200
vt 0.780600 0.870100
vt 0.782800 0.868100
vt 0.784800 0.866300
vt 0.783800 0.879200
vt 0.781100 0.875600
vt 0.778500 0.872200
vt 0.776100 0.868900
vt 0.778200 0.866800
vt 0.773700 0.865800
vt 0.775800 0.863700
vt 0.782400 0.863000
vt 0.778000 0.861700
vt 0.780100 0.859800
vt 0.780300 0.864800
vt 0.775600 0.858600
vt 0.777800 0.856700
vt 0.773500 0.860700
vt 0.771000 0.857600
vt 0.773200 0.855600
vt 0.775300 0.853600
vt 0.771300 0.862800
vt 0.768800 0.859800
vt 0.765900 0.856500
vt 0.768200 0.854300
vt 0.762500 0.852800
vt 0.764900 0.850600
vt 0.772600 0.850300
vt 0.767300 0.848500
vt 0.769600 0.846600
vt 0.770400 0.852300
vt 0.763600 0.844200
vt 0.766000 0.842200
vt 0.761100 0.846300
vt 0.756900 0.841600
vt 0.759600 0.839600
vt 0.762100 0.837500
vt 0.758500 0.848400
vt 0.754100 0.843700
vt 0.749600 0.838900
vt 0.752700 0.836900
vt 0.758200 0.832700
vt 0.755600 0.834800
vt 0.748700 0.814300
vt 0.751100 0.811800
vt 0.753500 0.815500
vt 0.751200 0.817900
vt 0.753500 0.809300
vt 0.755800 0.813000
vt 0.755900 0.806600
vt 0.758100 0.810400
vt 0.761400 0.821500
vt 0.760600 0.814600
vt 0.763600 0.819100
vt 0.759300 0.823700
vt 0.758400 0.817000
vt 0.756200 0.819400
vt 0.757000 0.826000
vt 0.753900 0.821800
vt 0.760600 0.830600
vt 0.764400 0.835500
vt 0.762800 0.828500
vt 0.766700 0.833600
vt 0.765000 0.826400
vt 0.768900 0.831600
vt 0.767200 0.824300
vt 0.771100 0.829700
vt 0.776300 0.841400
vt 0.775000 0.834900
vt 0.778600 0.839800
vt 0.774000 0.843000
vt 0.772700 0.836700
vt 0.770500 0.838500
vt 0.768300 0.840300
vt 0.771800 0.844700
vt 0.792000 0.871800
vt 0.789400 0.868100
vt 0.791400 0.866600
vt 0.786900 0.864600
vt 0.788900 0.863000
vt 0.794000 0.870200
vt 0.784500 0.861300
vt 0.786600 0.859700
vt 0.782200 0.858100
vt 0.784300 0.856500
vt 0.788900 0.853500
vt 0.788800 0.858200
vt 0.786500 0.855000
vt 0.791100 0.861600
vt 0.791200 0.856700
vt 0.793500 0.860100
vt 0.796100 0.868700
vt 0.795900 0.863600
vt 0.798400 0.867300
vt 0.793500 0.865100
vt 0.779900 0.855000
vt 0.779700 0.850300
vt 0.777500 0.851900
vt 0.782000 0.853400
vt 0.774800 0.848500
vt 0.777000 0.846900
vt 0.779300 0.845300
vt 0.781900 0.848800
vt 0.781700 0.843800
vt 0.784300 0.847300
vt 0.786700 0.850400
vt 0.784300 0.851900
vt 0.758500 0.803800
vt 0.760600 0.807700
vt 0.761400 0.800900
vt 0.763300 0.804900
vt 0.764300 0.797800
vt 0.766000 0.802000
vt 0.767300 0.794700
vt 0.768700 0.799000
vt 0.770400 0.811300
vt 0.770100 0.803300
vt 0.771500 0.807600
vt 0.768300 0.814200
vt 0.767800 0.806400
vt 0.765500 0.809300
vt 0.763100 0.812000
vt 0.766000 0.816800
vt 0.769600 0.822100
vt 0.773500 0.827700
vt 0.771900 0.819800
vt 0.776000 0.825700
vt 0.774100 0.817300
vt 0.778500 0.823800
vt 0.776200 0.814700
vt 0.781000 0.821800
vt 0.786800 0.835700
vt 0.785800 0.828900
vt 0.790500 0.836000
vt 0.783800 0.836700
vt 0.782900 0.830100
vt 0.780000 0.831500
vt 0.777400 0.833200
vt 0.781100 0.838100
vt 0.791600 0.852000
vt 0.794500 0.850500
vt 0.793900 0.855200
vt 0.796200 0.858600
vt 0.796800 0.853700
vt 0.799100 0.857100
vt 0.800600 0.846900
vt 0.799800 0.852100
vt 0.797500 0.848800
vt 0.802200 0.855600
vt 0.803000 0.850500
vt 0.805300 0.854100
vt 0.806900 0.862800
vt 0.807700 0.857700
vt 0.810000 0.861300
vt 0.803900 0.864300
vt 0.804500 0.859200
vt 0.801500 0.860700
vt 0.798600 0.862200
vt 0.801000 0.865800
vt 0.784200 0.842300
vt 0.786900 0.845800
vt 0.787000 0.840900
vt 0.789700 0.844300
vt 0.790000 0.839700
vt 0.792600 0.842900
vt 0.793100 0.838700
vt 0.795600 0.841400
vt 0.798100 0.844200
vt 0.795100 0.845800
vt 0.792100 0.847400
vt 0.789300 0.849000
vt 0.740900 0.901300
vt 0.742900 0.905900
vt 0.738800 0.903900
vt 0.742600 0.899000
vt 0.744200 0.903400
vt 0.747700 0.905200
vt 0.745500 0.901000
vt 0.748400 0.902600
vt 0.747000 0.907900
vt 0.745700 0.894900
vt 0.746700 0.898800
vt 0.744200 0.896900
vt 0.749200 0.900300
vt 0.748000 0.896700
vt 0.750100 0.898200
vt 0.753500 0.901700
vt 0.752000 0.899400
vt 0.753300 0.900100
vt 0.753900 0.904100
vt 0.751400 0.901400
vt 0.751200 0.903800
vt 0.755300 0.911800
vt 0.751100 0.906700
vt 0.754400 0.907200
vt 0.751100 0.909800
vt 0.728000 0.889800
vt 0.730500 0.895700
vt 0.727700 0.893000
vt 0.729300 0.887200
vt 0.732000 0.893300
vt 0.735100 0.896200
vt 0.733600 0.890900
vt 0.736900 0.894000
vt 0.733300 0.898500
vt 0.732600 0.882900
vt 0.735300 0.888800
vt 0.730900 0.885000
vt 0.738800 0.891900
vt 0.737100 0.886800
vt 0.740500 0.890000
vt 0.743300 0.892700
vt 0.741600 0.894600
vt 0.739900 0.896700
vt 0.738000 0.898900
vt 0.736000 0.901200
vt 0.707100 0.864100
vt 0.712600 0.871000
vt 0.706300 0.866800
vt 0.719100 0.875700
vt 0.713600 0.868400
vt 0.720400 0.873300
vt 0.717700 0.878100
vt 0.711400 0.873500
vt 0.705400 0.869500
vt 0.726900 0.878300
vt 0.725400 0.880500
vt 0.723900 0.882800
vt 0.722500 0.885400
vt 0.716300 0.880600
vt 0.721300 0.888100
vt 0.714800 0.883200
vt 0.704100 0.872000
vt 0.708400 0.878300
vt 0.701900 0.873400
vt 0.709900 0.875900
vt 0.691900 0.866100
vt 0.692400 0.869400
vt 0.691500 0.862800
vt 0.695700 0.864400
vt 0.695600 0.867500
vt 0.695500 0.870700
vt 0.691200 0.856000
vt 0.696000 0.858000
vt 0.691300 0.859400
vt 0.695800 0.861200
vt 0.701300 0.860600
vt 0.700800 0.863600
vt 0.700300 0.866500
vt 0.699500 0.869300
vt 0.698700 0.872000
vt 0.707900 0.861400
vt 0.701800 0.857800
vt 0.702500 0.855100
vt 0.696400 0.854900
vt 0.696900 0.852000
vt 0.708700 0.859000
vt 0.691400 0.852700
vt 0.691800 0.849500
vt 0.693200 0.843400
vt 0.698400 0.846400
vt 0.692500 0.846400
vt 0.697600 0.849100
vt 0.710400 0.854400
vt 0.703200 0.852500
vt 0.704100 0.850000
vt 0.709500 0.856600
vt 0.738200 0.876200
vt 0.730800 0.872800
vt 0.732000 0.871100
vt 0.735600 0.879400
vt 0.736900 0.877800
vt 0.723800 0.867300
vt 0.729600 0.874500
vt 0.722700 0.869100
vt 0.725000 0.865500
vt 0.728300 0.876300
vt 0.734200 0.881100
vt 0.721600 0.871200
vt 0.714600 0.866100
vt 0.715600 0.863800
vt 0.717600 0.859700
vt 0.716600 0.861700
vt 0.744900 0.890900
vt 0.747200 0.893000
vt 0.742200 0.888200
vt 0.743800 0.886600
vt 0.746500 0.889100
vt 0.748700 0.891300
vt 0.738700 0.885000
vt 0.740200 0.883300
vt 0.741600 0.881800
vt 0.745200 0.885000
vt 0.743000 0.880300
vt 0.746600 0.883400
vt 0.750200 0.889600
vt 0.749400 0.886000
vt 0.751600 0.888000
vt 0.748000 0.887500
vt 0.749400 0.894800
vt 0.751300 0.896400
vt 0.750800 0.893100
vt 0.752600 0.894700
vt 0.752200 0.891400
vt 0.755300 0.891500
vt 0.753600 0.889900
vt 0.754000 0.893100
vt 0.758700 0.894600
vt 0.755700 0.894600
vt 0.757000 0.893000
vt 0.754300 0.896200
vt 0.757300 0.896200
vt 0.755800 0.897800
vt 0.753000 0.897700
vt 0.754400 0.899200
vt 0.754800 0.888300
vt 0.756000 0.886800
vt 0.752900 0.886500
vt 0.754100 0.885000
vt 0.757800 0.888500
vt 0.756600 0.889900
vt 0.755400 0.883500
vt 0.757300 0.885400
vt 0.759000 0.887100
vt 0.760600 0.888600
vt 0.761200 0.891200
vt 0.762100 0.889800
vt 0.759500 0.889900
vt 0.760000 0.892900
vt 0.758300 0.891400
vt 0.753200 0.881400
vt 0.751900 0.882900
vt 0.749100 0.880400
vt 0.750400 0.878900
vt 0.750700 0.884400
vt 0.747900 0.881900
vt 0.744300 0.878800
vt 0.745500 0.877300
vt 0.739500 0.874700
vt 0.740700 0.873200
vt 0.742100 0.871700
vt 0.746800 0.875800
vt 0.707800 0.843700
vt 0.706200 0.845600
vt 0.714200 0.848600
vt 0.712700 0.850400
vt 0.700500 0.841600
vt 0.702100 0.839500
vt 0.711400 0.852400
vt 0.705000 0.847800
vt 0.699300 0.843900
vt 0.694200 0.840600
vt 0.695400 0.838000
vt 0.697000 0.835700
vt 0.733200 0.869500
vt 0.734500 0.868000
vt 0.726100 0.863700
vt 0.727300 0.862100
vt 0.718600 0.857900
vt 0.719900 0.856100
vt 0.721300 0.854400
vt 0.728800 0.860500
vt 0.735900 0.866400
vt 0.764300 0.899800
vt 0.768500 0.899600
vt 0.766500 0.902000
vt 0.762300 0.897900
vt 0.766100 0.897500
vt 0.765300 0.893600
vt 0.763900 0.895800
vt 0.770200 0.897000
vt 0.767600 0.895100
vt 0.761900 0.894300
vt 0.760400 0.896200
vt 0.763100 0.892400
vt 0.764000 0.890600
vt 0.766200 0.891400
vt 0.771600 0.894100
vt 0.768800 0.892400
vt 0.755400 0.901000
vt 0.757100 0.899700
vt 0.758500 0.901800
vt 0.756300 0.903300
vt 0.758800 0.898000
vt 0.760500 0.900000
vt 0.762200 0.902100
vt 0.759900 0.904300
vt 0.764300 0.904500
vt 0.761800 0.906900
vt 0.758900 0.909200
vt 0.757300 0.906200
vt 0.809100 0.886400
vt 0.807300 0.879800
vt 0.811200 0.884900
vt 0.803200 0.882700
vt 0.807100 0.887900
vt 0.799700 0.878200
vt 0.805200 0.881200
vt 0.804000 0.875200
vt 0.801800 0.876700
vt 0.799300 0.886000
vt 0.805200 0.889500
vt 0.803300 0.891200
vt 0.795900 0.881400
vt 0.801200 0.884300
vt 0.797800 0.879700
vt 0.794700 0.875600
vt 0.792800 0.877300
vt 0.796700 0.874000
vt 0.798800 0.872600
vt 0.801100 0.871100
vt 0.838600 0.918400
vt 0.834700 0.918400
vt 0.836900 0.916400
vt 0.832600 0.920300
vt 0.836400 0.920400
vt 0.834300 0.922300
vt 0.830600 0.917900
vt 0.832700 0.916000
vt 0.834900 0.914200
vt 0.828600 0.924200
vt 0.832300 0.924200
vt 0.830300 0.926200
vt 0.826700 0.921700
vt 0.830600 0.922200
vt 0.828600 0.919800
vt 0.821200 0.914700
vt 0.826200 0.916800
vt 0.824300 0.918700
vt 0.828200 0.914900
vt 0.823100 0.912800
vt 0.825100 0.911000
vt 0.829300 0.907500
vt 0.830300 0.913100
vt 0.827100 0.909200
vt 0.832500 0.911300
vt 0.825200 0.902400
vt 0.823000 0.904100
vt 0.818400 0.898300
vt 0.821000 0.905800
vt 0.816400 0.899900
vt 0.820500 0.896700
vt 0.817200 0.909500
vt 0.812600 0.903500
vt 0.819100 0.907600
vt 0.814500 0.901600
vt 0.809700 0.895400
vt 0.807800 0.897200
vt 0.811600 0.893800
vt 0.813600 0.892200
vt 0.815700 0.890700
vt 0.790800 0.879100
vt 0.788700 0.881000
vt 0.793900 0.883300
vt 0.791900 0.885200
vt 0.797400 0.887900
vt 0.795400 0.889900
vt 0.801400 0.893200
vt 0.799400 0.895200
vt 0.791400 0.894300
vt 0.797400 0.897400
vt 0.795400 0.899600
vt 0.787800 0.889500
vt 0.793400 0.892100
vt 0.789900 0.887300
vt 0.786700 0.883100
vt 0.784600 0.885300
vt 0.820100 0.933200
vt 0.824000 0.932900
vt 0.821700 0.935300
vt 0.818400 0.930800
vt 0.822400 0.930800
vt 0.824600 0.928500
vt 0.820600 0.928400
vt 0.822700 0.926100
vt 0.826200 0.930600
vt 0.813200 0.923700
vt 0.818300 0.925400
vt 0.816100 0.927800
vt 0.820400 0.923000
vt 0.815300 0.921300
vt 0.817300 0.919000
vt 0.819300 0.916800
vt 0.822400 0.920800
vt 0.824700 0.923900
vt 0.826600 0.926300
vt 0.828300 0.928400
vt 0.805900 0.899200
vt 0.804000 0.901300
vt 0.810700 0.905500
vt 0.808800 0.907600
vt 0.815300 0.911500
vt 0.813300 0.913700
vt 0.809200 0.918300
vt 0.804700 0.912200
vt 0.811300 0.916000
vt 0.806800 0.909900
vt 0.802000 0.903500
vt 0.800000 0.905800
vt 0.778400 0.891900
vt 0.776400 0.894300
vt 0.780500 0.889700
vt 0.783700 0.893900
vt 0.781700 0.896200
vt 0.779700 0.898400
vt 0.782600 0.887400
vt 0.785800 0.891700
vt 0.789300 0.896500
vt 0.787200 0.898700
vt 0.793300 0.901900
vt 0.791200 0.904100
vt 0.783100 0.903000
vt 0.789000 0.906200
vt 0.786900 0.908300
vt 0.785200 0.900900
vt 0.811100 0.944800
vt 0.812500 0.940400
vt 0.813900 0.942500
vt 0.810900 0.937900
vt 0.809800 0.942700
vt 0.808200 0.940200
vt 0.813500 0.935600
vt 0.815200 0.938100
vt 0.816600 0.940200
vt 0.803500 0.932800
vt 0.808800 0.934800
vt 0.806200 0.937000
vt 0.811400 0.932500
vt 0.806100 0.930700
vt 0.808500 0.928400
vt 0.810900 0.926100
vt 0.813800 0.930100
vt 0.816000 0.933200
vt 0.819200 0.937700
vt 0.817700 0.935600
vt 0.797800 0.908100
vt 0.795600 0.910300
vt 0.802500 0.914500
vt 0.800300 0.916800
vt 0.807000 0.920700
vt 0.804700 0.923000
vt 0.799900 0.927300
vt 0.795600 0.921000
vt 0.802300 0.925200
vt 0.798000 0.919000
vt 0.793400 0.912500
vt 0.791200 0.914500
vt 0.781100 0.905100
vt 0.779000 0.907000
vt 0.784800 0.910300
vt 0.782600 0.912000
vt 0.775800 0.903000
vt 0.777800 0.900700
vt 0.777500 0.912900
vt 0.776900 0.908600
vt 0.780300 0.913200
vt 0.771600 0.907400
vt 0.774500 0.910300
vt 0.773800 0.905200
vt 0.771000 0.902200
vt 0.768900 0.904600
vt 0.772900 0.899600
vt 0.774600 0.897000
vt 0.808300 0.947000
vt 0.805400 0.949100
vt 0.807000 0.944800
vt 0.805500 0.942300
vt 0.804200 0.946800
vt 0.802800 0.944300
vt 0.799600 0.953000
vt 0.801300 0.948800
vt 0.802500 0.951100
vt 0.800100 0.946300
vt 0.798500 0.950700
vt 0.797400 0.948400
vt 0.796300 0.939600
vt 0.796300 0.946000
vt 0.795100 0.943700
vt 0.798500 0.937000
vt 0.798600 0.943500
vt 0.801000 0.941200
vt 0.803600 0.939100
vt 0.801000 0.934900
vt 0.797400 0.929300
vt 0.793300 0.923000
vt 0.795000 0.931300
vt 0.791000 0.924800
vt 0.792800 0.933600
vt 0.788600 0.926600
vt 0.790700 0.936000
vt 0.786300 0.928300
vt 0.781900 0.920600
vt 0.784400 0.919500
vt 0.786700 0.918100
vt 0.789000 0.916500
vt 0.849800 0.909300
vt 0.851100 0.905300
vt 0.853000 0.906800
vt 0.848900 0.903400
vt 0.847900 0.907700
vt 0.845800 0.905800
vt 0.852200 0.901100
vt 0.854300 0.902800
vt 0.856200 0.904200
vt 0.842900 0.897600
vt 0.843200 0.903200
vt 0.839800 0.899700
vt 0.846200 0.895700
vt 0.846300 0.901000
vt 0.849600 0.898900
vt 0.855300 0.894200
vt 0.853300 0.897100
vt 0.850100 0.894200
vt 0.855600 0.898800
vt 0.857200 0.895400
vt 0.859100 0.896600
vt 0.859600 0.901600
vt 0.861000 0.897700
vt 0.862900 0.898900
vt 0.857700 0.900300
vt 0.830500 0.869100
vt 0.833600 0.877300
vt 0.827500 0.871000
vt 0.839600 0.883500
vt 0.836700 0.875400
vt 0.842900 0.881700
vt 0.836400 0.885500
vt 0.830500 0.879300
vt 0.824500 0.872900
vt 0.849100 0.887900
vt 0.845300 0.889400
vt 0.841700 0.891100
vt 0.838500 0.893000
vt 0.833300 0.887400
vt 0.835500 0.895000
vt 0.830400 0.889400
vt 0.821500 0.874800
vt 0.824700 0.883200
vt 0.818500 0.876700
vt 0.827500 0.881200
vt 0.766600 0.907000
vt 0.766800 0.912200
vt 0.769300 0.909800
vt 0.764100 0.909500
vt 0.775100 0.915300
vt 0.772600 0.917800
vt 0.772100 0.912500
vt 0.769600 0.915000
vt 0.767700 0.922700
vt 0.767100 0.917500
vt 0.770100 0.920200
vt 0.764200 0.914700
vt 0.764600 0.920000
vt 0.761500 0.917300
vt 0.758400 0.914500
vt 0.761300 0.912000
vt 0.841100 0.916200
vt 0.839400 0.914400
vt 0.842000 0.912200
vt 0.837400 0.912200
vt 0.840000 0.910100
vt 0.843900 0.914000
vt 0.831700 0.905600
vt 0.834200 0.903700
vt 0.834900 0.909400
vt 0.837500 0.907400
vt 0.840200 0.905300
vt 0.836900 0.901800
vt 0.842800 0.908000
vt 0.844900 0.910000
vt 0.846700 0.911700
vt 0.822400 0.885300
vt 0.817600 0.879500
vt 0.827700 0.891300
vt 0.825200 0.893200
vt 0.820200 0.887300
vt 0.815700 0.881500
vt 0.832600 0.897000
vt 0.830000 0.898900
vt 0.827500 0.900700
vt 0.822800 0.895000
vt 0.813400 0.883300
vt 0.818000 0.889000
vt 0.809200 0.866600
vt 0.811600 0.870600
vt 0.812200 0.865100
vt 0.814300 0.869000
vt 0.809000 0.872200
vt 0.806300 0.868100
vt 0.816400 0.872800
vt 0.814200 0.874700
vt 0.812000 0.876600
vt 0.809600 0.878200
vt 0.806400 0.873700
vt 0.803600 0.869600
vt 0.827600 0.954700
vt 0.826900 0.952400
vt 0.829100 0.952900
vt 0.824700 0.951900
vt 0.825500 0.954400
vt 0.823200 0.954100
vt 0.826800 0.949600
vt 0.828900 0.950400
vt 0.831000 0.951100
vt 0.820100 0.950400
vt 0.820600 0.953900
vt 0.817300 0.953800
vt 0.822800 0.947600
vt 0.822300 0.951300
vt 0.824700 0.948800
vt 0.828000 0.942700
vt 0.827200 0.946300
vt 0.825400 0.945100
vt 0.829100 0.947400
vt 0.829700 0.944100
vt 0.831600 0.945300
vt 0.833200 0.949400
vt 0.833500 0.946500
vt 0.835500 0.947700
vt 0.831100 0.948400
vt 0.835800 0.944700
vt 0.837800 0.946100
vt 0.834000 0.943300
vt 0.836300 0.941400
vt 0.838100 0.943000
vt 0.840000 0.944500
vt 0.830400 0.940400
vt 0.832800 0.938300
vt 0.832200 0.941900
vt 0.834500 0.939900
vt 0.837100 0.934200
vt 0.836700 0.937900
vt 0.835000 0.936200
vt 0.838400 0.939600
vt 0.838700 0.936000
vt 0.840400 0.937700
vt 0.842000 0.942900
vt 0.842100 0.939500
vt 0.843900 0.941300
vt 0.840200 0.941200
vt 0.847200 0.941300
vt 0.845700 0.943100
vt 0.848500 0.939400
vt 0.845400 0.939400
vt 0.846800 0.937500
vt 0.850200 0.941300
vt 0.849100 0.943300
vt 0.847800 0.945100
vt 0.851000 0.935200
vt 0.848200 0.935400
vt 0.849800 0.933300
vt 0.852400 0.937000
vt 0.849700 0.937300
vt 0.851300 0.939200
vt 0.855800 0.940900
vt 0.852900 0.941000
vt 0.853900 0.938900
vt 0.851900 0.943100
vt 0.854400 0.942700
vt 0.853600 0.944600
vt 0.850100 0.947100
vt 0.853100 0.946800
vt 0.853100 0.949700
vt 0.851100 0.945200
vt 0.852500 0.933000
vt 0.854200 0.930900
vt 0.851500 0.931100
vt 0.853400 0.929000
vt 0.855100 0.932700
vt 0.853700 0.934800
vt 0.857900 0.927700
vt 0.855400 0.927200
vt 0.857500 0.925800
vt 0.858300 0.929400
vt 0.856000 0.929100
vt 0.856700 0.930800
vt 0.859400 0.932500
vt 0.857400 0.932400
vt 0.858800 0.931000
vt 0.856000 0.934300
vt 0.858100 0.933900
vt 0.857000 0.935700
vt 0.856100 0.938000
vt 0.854900 0.936500
vt 0.859700 0.926900
vt 0.861600 0.926600
vt 0.859500 0.925100
vt 0.861400 0.924800
vt 0.861800 0.928200
vt 0.860000 0.928600
vt 0.865100 0.925300
vt 0.863400 0.926600
vt 0.863300 0.924900
vt 0.863600 0.928200
vt 0.865100 0.926900
vt 0.865300 0.928500
vt 0.864000 0.931300
vt 0.865500 0.930000
vt 0.865600 0.931500
vt 0.862100 0.929800
vt 0.862400 0.931300
vt 0.863800 0.929800
vt 0.860900 0.931700
vt 0.860400 0.930200
vt 0.867300 0.918400
vt 0.867200 0.915500
vt 0.869000 0.916400
vt 0.865200 0.914600
vt 0.865500 0.917600
vt 0.863400 0.916900
vt 0.867600 0.912200
vt 0.869400 0.913300
vt 0.871100 0.914400
vt 0.860800 0.912800
vt 0.860900 0.916400
vt 0.857600 0.916200
vt 0.865800 0.911100
vt 0.863900 0.909900
vt 0.863000 0.913800
vt 0.870300 0.904400
vt 0.868700 0.908500
vt 0.867000 0.907100
vt 0.870300 0.909800
vt 0.871700 0.905800
vt 0.873100 0.907300
vt 0.873500 0.912300
vt 0.874600 0.908800
vt 0.876000 0.910200
vt 0.871900 0.911000
vt 0.812300 0.967900
vt 0.811200 0.971500
vt 0.809900 0.970000
vt 0.814800 0.966100
vt 0.813600 0.969600
vt 0.814800 0.971200
vt 0.815900 0.967800
vt 0.816900 0.969400
vt 0.812600 0.973100
vt 0.819300 0.963200
vt 0.818100 0.966200
vt 0.817100 0.964400
vt 0.819000 0.967800
vt 0.820100 0.964900
vt 0.820900 0.966500
vt 0.820700 0.970400
vt 0.821700 0.967900
vt 0.822400 0.969200
vt 0.818900 0.972100
vt 0.819900 0.969200
vt 0.817900 0.970800
vt 0.815300 0.976200
vt 0.815900 0.972700
vt 0.817000 0.974000
vt 0.813900 0.974700
vt 0.826700 0.956500
vt 0.826300 0.958200
vt 0.824700 0.956300
vt 0.822400 0.958200
vt 0.824400 0.958100
vt 0.822500 0.956200
vt 0.824800 0.961600
vt 0.826300 0.959900
vt 0.826500 0.961500
vt 0.823100 0.961800
vt 0.824500 0.959900
vt 0.822600 0.960000
vt 0.820700 0.960500
vt 0.821300 0.962300
vt 0.820200 0.958500
vt 0.818500 0.961300
vt 0.817800 0.959300
vt 0.817400 0.956900
vt 0.820000 0.956300
vt 0.830300 0.981400
vt 0.828500 0.979400
vt 0.829900 0.979400
vt 0.827000 0.979300
vt 0.828800 0.981400
vt 0.827200 0.981400
vt 0.827100 0.977400
vt 0.828300 0.977500
vt 0.829700 0.977500
vt 0.824000 0.979000
vt 0.825500 0.981300
vt 0.823000 0.981200
vt 0.824800 0.977200
vt 0.825500 0.979200
vt 0.825900 0.977400
vt 0.825800 0.974800
vt 0.826200 0.975800
vt 0.825400 0.975700
vt 0.827200 0.975700
vt 0.826400 0.974600
vt 0.827300 0.974300
vt 0.829500 0.975700
vt 0.828300 0.974300
vt 0.829400 0.974300
vt 0.828300 0.975700
vt 0.829500 0.983400
vt 0.830300 0.985500
vt 0.831000 0.983400
vt 0.831800 0.985400
vt 0.828800 0.985500
vt 0.827900 0.983400
vt 0.832300 0.989600
vt 0.832600 0.987500
vt 0.833500 0.989600
vt 0.831000 0.989600
vt 0.831200 0.987500
vt 0.829900 0.987500
vt 0.828600 0.989600
vt 0.828500 0.987500
vt 0.829800 0.989600
vt 0.827300 0.985400
vt 0.827200 0.987500
vt 0.825800 0.985400
vt 0.824400 0.983300
vt 0.826200 0.983400
vt 0.824400 0.972500
vt 0.825900 0.972300
vt 0.824800 0.973100
vt 0.826900 0.971900
vt 0.825600 0.971700
vt 0.826700 0.971200
vt 0.827100 0.972500
vt 0.826200 0.972900
vt 0.825200 0.973700
vt 0.828800 0.970900
vt 0.827900 0.971700
vt 0.827700 0.971000
vt 0.828100 0.972300
vt 0.829000 0.971600
vt 0.829100 0.972300
vt 0.828200 0.973200
vt 0.829200 0.973100
vt 0.827300 0.973300
vt 0.825500 0.974300
vt 0.826400 0.973600
vt 0.821400 0.971500
vt 0.823500 0.971100
vt 0.823000 0.970200
vt 0.819700 0.973100
vt 0.822000 0.972400
vt 0.820400 0.973900
vt 0.822600 0.973100
vt 0.824000 0.971900
vt 0.821100 0.974600
vt 0.823100 0.973700
vt 0.821700 0.975300
vt 0.818700 0.978900
vt 0.819500 0.976400
vt 0.820300 0.977000
vt 0.818700 0.975700
vt 0.817900 0.978200
vt 0.817000 0.977600
vt 0.816100 0.976900
vt 0.817900 0.974900
vt 0.882400 0.918800
vt 0.880200 0.919300
vt 0.882100 0.917900
vt 0.878400 0.920600
vt 0.880500 0.920100
vt 0.878800 0.921300
vt 0.879800 0.918500
vt 0.877900 0.919900
vt 0.881800 0.917100
vt 0.876000 0.923700
vt 0.876800 0.921900
vt 0.877200 0.922500
vt 0.876200 0.921300
vt 0.875500 0.923200
vt 0.874900 0.922700
vt 0.874600 0.920000
vt 0.874100 0.922100
vt 0.873100 0.921500
vt 0.876400 0.918400
vt 0.875500 0.920700
vt 0.877200 0.919200
vt 0.881100 0.915400
vt 0.879300 0.917700
vt 0.878600 0.916800
vt 0.881400 0.916200
vt 0.836600 0.980500
vt 0.838800 0.981800
vt 0.837200 0.982300
vt 0.840400 0.981200
vt 0.838200 0.980100
vt 0.839800 0.979700
vt 0.840800 0.982800
vt 0.839300 0.983500
vt 0.837900 0.984200
vt 0.843600 0.979900
vt 0.841500 0.979200
vt 0.843600 0.978700
vt 0.843700 0.981200
vt 0.842000 0.980600
vt 0.842300 0.982000
vt 0.843800 0.983700
vt 0.842500 0.983400
vt 0.843800 0.982400
vt 0.841200 0.984400
vt 0.842700 0.984900
vt 0.841600 0.986000
vt 0.838600 0.986200
vt 0.840500 0.987200
vt 0.839300 0.988400
vt 0.839900 0.985400
vt 0.835800 0.974400
vt 0.834800 0.975600
vt 0.834300 0.974300
vt 0.837300 0.974600
vt 0.836300 0.975600
vt 0.836900 0.977000
vt 0.837800 0.975600
vt 0.838500 0.976800
vt 0.835300 0.977100
vt 0.839500 0.975000
vt 0.839100 0.975700
vt 0.838600 0.974800
vt 0.839900 0.976700
vt 0.840200 0.975600
vt 0.841100 0.976500
vt 0.842100 0.977600
vt 0.840800 0.977900
vt 0.839200 0.978200
vt 0.837500 0.978500
vt 0.835900 0.978800
vt 0.843600 0.958400
vt 0.844600 0.957900
vt 0.844800 0.958600
vt 0.842300 0.958500
vt 0.843200 0.957600
vt 0.842700 0.956700
vt 0.841700 0.957800
vt 0.840900 0.956900
vt 0.844300 0.957000
vt 0.840000 0.959400
vt 0.840200 0.958200
vt 0.841100 0.958900
vt 0.839200 0.957500
vt 0.839000 0.958800
vt 0.837800 0.958200
vt 0.836700 0.955900
vt 0.836500 0.957600
vt 0.835100 0.956900
vt 0.838700 0.955000
vt 0.838100 0.956700
vt 0.839900 0.956000
vt 0.844500 0.954300
vt 0.842100 0.955700
vt 0.841200 0.954500
vt 0.844200 0.955900
vt 0.832800 0.962300
vt 0.834300 0.963900
vt 0.832800 0.963800
vt 0.835700 0.963900
vt 0.834300 0.962500
vt 0.835600 0.962600
vt 0.835900 0.965200
vt 0.833100 0.965300
vt 0.834500 0.965300
vt 0.838200 0.963800
vt 0.837000 0.962700
vt 0.838200 0.962800
vt 0.838400 0.964800
vt 0.837000 0.963900
vt 0.837200 0.965000
vt 0.838400 0.966900
vt 0.838800 0.965700
vt 0.839500 0.966600
vt 0.837300 0.967400
vt 0.837600 0.966000
vt 0.836400 0.966300
vt 0.834400 0.968400
vt 0.835000 0.966700
vt 0.836000 0.967800
vt 0.833600 0.966800
vt 0.842500 0.962400
vt 0.843500 0.962800
vt 0.842500 0.962900
vt 0.842600 0.961900
vt 0.843500 0.962300
vt 0.844400 0.962100
vt 0.843500 0.961800
vt 0.844300 0.961700
vt 0.844400 0.962700
vt 0.842700 0.961000
vt 0.843400 0.961300
vt 0.842600 0.961400
vt 0.844000 0.960700
vt 0.843200 0.960900
vt 0.844200 0.961200
vt 0.845000 0.960500
vt 0.844800 0.961000
vt 0.844600 0.960600
vt 0.845600 0.961200
vt 0.845400 0.960800
vt 0.845000 0.961400
vt 0.845800 0.962400
vt 0.845200 0.962000
vt 0.845800 0.961800
vt 0.845200 0.962500
vt 0.861500 0.936800
vt 0.862600 0.937200
vt 0.861900 0.937700
vt 0.863500 0.937000
vt 0.862400 0.936300
vt 0.863400 0.936100
vt 0.863500 0.937900
vt 0.862800 0.938000
vt 0.862200 0.938400
vt 0.865300 0.937200
vt 0.864500 0.936100
vt 0.865500 0.936300
vt 0.865100 0.938000
vt 0.864400 0.937100
vt 0.864300 0.937900
vt 0.864600 0.939500
vt 0.864200 0.938700
vt 0.864900 0.938800
vt 0.863500 0.938600
vt 0.864000 0.939400
vt 0.863400 0.939300
vt 0.862400 0.938900
vt 0.862900 0.939300
vt 0.862600 0.939300
vt 0.862900 0.938700
vt 0.860000 0.933800
vt 0.860500 0.934900
vt 0.858800 0.935100
vt 0.857900 0.936700
vt 0.859500 0.936100
vt 0.858700 0.937500
vt 0.860100 0.937000
vt 0.861000 0.935900
vt 0.859500 0.938200
vt 0.860700 0.937700
vt 0.860100 0.938800
vt 0.859200 0.940800
vt 0.859900 0.940000
vt 0.859900 0.941000
vt 0.858300 0.940600
vt 0.859100 0.939600
vt 0.858300 0.939100
vt 0.857300 0.938700
vt 0.857300 0.940500
vt 0.869300 0.938800
vt 0.870400 0.939400
vt 0.869900 0.939900
vt 0.871000 0.938700
vt 0.869800 0.938000
vt 0.870400 0.937100
vt 0.871200 0.940500
vt 0.870600 0.940800
vt 0.870100 0.941100
vt 0.872400 0.937300
vt 0.871000 0.936100
vt 0.871700 0.934600
vt 0.872700 0.939800
vt 0.871700 0.938000
vt 0.871900 0.940100
vt 0.872000 0.945100
vt 0.871800 0.942300
vt 0.872600 0.942300
vt 0.871100 0.942100
vt 0.871100 0.943900
vt 0.870400 0.943400
vt 0.869900 0.942200
vt 0.869800 0.943300
vt 0.869200 0.943200
vt 0.870400 0.942200
vt 0.856700 0.943100
vt 0.857600 0.944500
vt 0.855600 0.944200
vt 0.855000 0.945800
vt 0.856700 0.945400
vt 0.856200 0.946700
vt 0.859100 0.946200
vt 0.857700 0.946200
vt 0.858400 0.945500
vt 0.857300 0.947300
vt 0.858500 0.946900
vt 0.858100 0.947800
vt 0.857600 0.949800
vt 0.858100 0.948800
vt 0.858400 0.949900
vt 0.856600 0.949700
vt 0.857200 0.948500
vt 0.856200 0.948200
vt 0.854800 0.947700
vt 0.855300 0.949600
vt 0.855500 0.956600
vt 0.856000 0.955300
vt 0.856800 0.956300
vt 0.854400 0.957000
vt 0.854500 0.955400
vt 0.853300 0.954100
vt 0.853100 0.955900
vt 0.851700 0.954600
vt 0.855100 0.953900
vt 0.852900 0.958600
vt 0.852100 0.956700
vt 0.853500 0.957800
vt 0.850400 0.955500
vt 0.851400 0.957700
vt 0.849600 0.956600
vt 0.846300 0.952700
vt 0.847500 0.955500
vt 0.848200 0.951500
vt 0.848500 0.954200
vt 0.850100 0.953100
vt 0.852000 0.952400
vt 0.850400 0.950500
vt 0.854100 0.952200
vt 0.855300 0.973000
vt 0.855100 0.971600
vt 0.856900 0.972200
vt 0.853800 0.973900
vt 0.853800 0.972300
vt 0.852500 0.971300
vt 0.852300 0.973100
vt 0.851000 0.971900
vt 0.853800 0.970700
vt 0.850700 0.976400
vt 0.850800 0.974000
vt 0.852200 0.974900
vt 0.849400 0.972700
vt 0.849300 0.974800
vt 0.847800 0.973400
vt 0.847200 0.969700
vt 0.846300 0.972000
vt 0.844500 0.970300
vt 0.849100 0.969200
vt 0.848000 0.971300
vt 0.849800 0.970600
vt 0.852800 0.969500
vt 0.850800 0.968600
vt 0.852500 0.968000
vt 0.851500 0.970000
vt 0.867100 0.951800
vt 0.867200 0.953000
vt 0.866200 0.952800
vt 0.867500 0.950600
vt 0.868000 0.952000
vt 0.869200 0.952200
vt 0.868400 0.950600
vt 0.869600 0.950500
vt 0.868400 0.953500
vt 0.868100 0.947900
vt 0.867600 0.949400
vt 0.867200 0.948200
vt 0.869200 0.947500
vt 0.868500 0.949200
vt 0.869700 0.948900
vt 0.872300 0.947600
vt 0.870500 0.946700
vt 0.872200 0.950000
vt 0.871000 0.948300
vt 0.870900 0.950300
vt 0.871500 0.955600
vt 0.870500 0.952500
vt 0.871900 0.952400
vt 0.869700 0.954200
vt 0.862300 0.948800
vt 0.861900 0.948000
vt 0.862500 0.948200
vt 0.861600 0.949300
vt 0.862100 0.949400
vt 0.861100 0.949200
vt 0.861800 0.948700
vt 0.861400 0.948000
vt 0.861300 0.948600
vt 0.861300 0.950500
vt 0.861900 0.950100
vt 0.861900 0.950700
vt 0.860800 0.950200
vt 0.861400 0.949900
vt 0.861000 0.949700
vt 0.860100 0.949700
vt 0.860500 0.949500
vt 0.860400 0.950000
vt 0.860700 0.949000
vt 0.860200 0.949400
vt 0.860300 0.948900
vt 0.860600 0.948000
vt 0.860800 0.948500
vt 0.860400 0.948400
vt 0.860900 0.948000
vt 0.862000 0.960200
vt 0.860500 0.960600
vt 0.861000 0.959900
vt 0.859800 0.961200
vt 0.861100 0.961000
vt 0.860300 0.961600
vt 0.859200 0.960700
vt 0.859800 0.960200
vt 0.860100 0.959600
vt 0.857900 0.962100
vt 0.859400 0.962200
vt 0.858300 0.962700
vt 0.857500 0.961500
vt 0.858900 0.961700
vt 0.858500 0.961200
vt 0.857000 0.960500
vt 0.858000 0.960700
vt 0.857200 0.960900
vt 0.858000 0.959800
vt 0.857400 0.960200
vt 0.858600 0.960300
vt 0.858800 0.959100
vt 0.859100 0.959800
vt 0.858500 0.959400
vt 0.859400 0.959300
vt 0.861600 0.944700
vt 0.863300 0.944600
vt 0.863200 0.945100
vt 0.860100 0.944300
vt 0.861400 0.944100
vt 0.861400 0.943600
vt 0.859700 0.943600
vt 0.859600 0.943000
vt 0.863000 0.946100
vt 0.861700 0.945300
vt 0.863100 0.945600
vt 0.860800 0.945800
vt 0.861900 0.945900
vt 0.860400 0.945100
vt 0.859300 0.945100
vt 0.859900 0.945900
vt 0.858700 0.944200
vt 0.857800 0.942200
vt 0.858100 0.943100
vt 0.852600 0.959600
vt 0.851100 0.960000
vt 0.852600 0.960600
vt 0.849700 0.959400
vt 0.851100 0.958800
vt 0.849500 0.957900
vt 0.852700 0.962900
vt 0.851200 0.961300
vt 0.852600 0.961700
vt 0.849900 0.960900
vt 0.851300 0.962700
vt 0.850000 0.962500
vt 0.848700 0.960600
vt 0.848300 0.958800
vt 0.846300 0.956700
vt 0.847700 0.957100
vt 0.847300 0.958500
vt 0.845800 0.959100
vt 0.845000 0.959200
vt 0.846400 0.960000
vt 0.845800 0.959600
vt 0.845800 0.960100
vt 0.846400 0.960300
vt 0.846300 0.960700
vt 0.845100 0.959700
vt 0.846900 0.962300
vt 0.846700 0.961200
vt 0.846800 0.961000
vt 0.846500 0.961400
vt 0.846800 0.962300
vt 0.846600 0.962300
vt 0.846300 0.962300
vt 0.846200 0.961600
vt 0.846000 0.960900
vt 0.845700 0.960500
vt 0.845100 0.960200
vt 0.863900 0.942600
vt 0.863300 0.942000
vt 0.864000 0.942200
vt 0.863900 0.942900
vt 0.863100 0.942400
vt 0.862400 0.942200
vt 0.862900 0.942700
vt 0.862100 0.942400
vt 0.862700 0.941800
vt 0.863700 0.943400
vt 0.862700 0.942900
vt 0.863800 0.943200
vt 0.861700 0.942500
vt 0.862400 0.943000
vt 0.861300 0.942500
vt 0.860600 0.941200
vt 0.860400 0.941900
vt 0.861100 0.941300
vt 0.861000 0.941900
vt 0.861500 0.941900
vt 0.861900 0.941300
vt 0.861900 0.941800
vt 0.861600 0.941300
vt 0.862200 0.941600
vt 0.863500 0.941500
vt 0.864100 0.941600
vt 0.863000 0.941300
vt 0.863100 0.940700
vt 0.863700 0.940900
vt 0.864200 0.941000
vt 0.862500 0.941100
vt 0.862700 0.940600
vt 0.862000 0.940900
vt 0.862200 0.940400
vt 0.862400 0.939800
vt 0.863300 0.940100
vt 0.862800 0.940000
vt 0.864400 0.940200
vt 0.863800 0.940100
vt 0.843700 0.967100
vt 0.843500 0.966900
vt 0.843900 0.967000
vt 0.843000 0.966800
vt 0.843300 0.967100
vt 0.842800 0.967000
vt 0.843100 0.966500
vt 0.843600 0.966600
vt 0.844100 0.966700
vt 0.842000 0.966500
vt 0.842200 0.966800
vt 0.841900 0.966700
vt 0.842200 0.966300
vt 0.842400 0.966600
vt 0.842600 0.966400
vt 0.842700 0.965900
vt 0.842900 0.966200
vt 0.842400 0.966100
vt 0.843300 0.966300
vt 0.843000 0.965900
vt 0.843500 0.966000
vt 0.844100 0.966400
vt 0.843800 0.966100
vt 0.844100 0.966200
vt 0.843700 0.966300
vt 0.845200 0.978000
vt 0.844800 0.976600
vt 0.845800 0.977800
vt 0.844700 0.978300
vt 0.844200 0.976900
vt 0.843000 0.975800
vt 0.843600 0.977100
vt 0.842500 0.976100
vt 0.843600 0.975500
vt 0.843000 0.977400
vt 0.844100 0.978500
vt 0.841900 0.976300
vt 0.839800 0.974700
vt 0.840000 0.974300
vt 0.840900 0.975400
vt 0.841300 0.975100
vt 0.840700 0.973500
vt 0.841800 0.974800
vt 0.840300 0.973900
vt 0.842300 0.974400
vt 0.874900 0.936400
vt 0.874100 0.934400
vt 0.874600 0.934400
vt 0.875200 0.938500
vt 0.874400 0.936500
vt 0.873800 0.936700
vt 0.874600 0.938700
vt 0.874100 0.939000
vt 0.873500 0.934500
vt 0.875700 0.942800
vt 0.874900 0.941000
vt 0.875500 0.940700
vt 0.874300 0.941500
vt 0.875100 0.943300
vt 0.874400 0.943900
vt 0.873500 0.944500
vt 0.873500 0.942000
vt 0.873400 0.939400
vt 0.873100 0.936900
vt 0.872700 0.934600
vt 0.876400 0.928900
vt 0.875900 0.927900
vt 0.876400 0.928000
vt 0.875400 0.927700
vt 0.875900 0.928900
vt 0.875300 0.928800
vt 0.875600 0.926600
vt 0.876100 0.926900
vt 0.876400 0.927100
vt 0.874200 0.928500
vt 0.874900 0.927500
vt 0.874800 0.928700
vt 0.875200 0.926400
vt 0.874300 0.927200
vt 0.874600 0.926100
vt 0.876400 0.924200
vt 0.875200 0.924900
vt 0.876000 0.925600
vt 0.876700 0.924600
vt 0.875600 0.925300
vt 0.876500 0.926300
vt 0.876900 0.925000
vt 0.876500 0.925400
vt 0.876300 0.925900
vt 0.839400 0.972300
vt 0.841300 0.973100
vt 0.837500 0.971700
vt 0.839000 0.972800
vt 0.837200 0.972200
vt 0.838000 0.971200
vt 0.840100 0.971700
vt 0.842000 0.972500
vt 0.833900 0.970900
vt 0.835400 0.971800
vt 0.833800 0.971500
vt 0.834000 0.970200
vt 0.835600 0.971300
vt 0.835900 0.970700
vt 0.836300 0.970000
vt 0.834200 0.969500
vt 0.838500 0.970500
vt 0.836800 0.969300
vt 0.839100 0.969900
vt 0.843000 0.971700
vt 0.841600 0.970200
vt 0.840800 0.971000
vt 0.873500 0.946900
vt 0.874500 0.946200
vt 0.874500 0.948400
vt 0.873400 0.949300
vt 0.876000 0.944900
vt 0.876300 0.946800
vt 0.875300 0.945500
vt 0.875500 0.947500
vt 0.877400 0.949900
vt 0.875700 0.949500
vt 0.876700 0.948500
vt 0.874500 0.950600
vt 0.875900 0.951300
vt 0.874500 0.952800
vt 0.873000 0.954200
vt 0.873200 0.951700
vt 0.858500 0.950900
vt 0.859800 0.951900
vt 0.859100 0.950800
vt 0.860100 0.951600
vt 0.859400 0.952300
vt 0.857800 0.951100
vt 0.862400 0.952700
vt 0.861200 0.952700
vt 0.861200 0.952200
vt 0.856300 0.951900
vt 0.856900 0.951300
vt 0.859100 0.952900
vt 0.858800 0.953500
vt 0.858200 0.956500
vt 0.857600 0.957300
vt 0.859600 0.956800
vt 0.858700 0.957300
vt 0.859100 0.958100
vt 0.859800 0.957600
vt 0.860100 0.958300
vt 0.858200 0.958000
vt 0.862200 0.958300
vt 0.860900 0.957300
vt 0.862200 0.957700
vt 0.862100 0.959000
vt 0.861000 0.957900
vt 0.861100 0.958600
vt 0.861100 0.959200
vt 0.862100 0.959600
vt 0.860200 0.958900
vt 0.859400 0.958700
vt 0.858600 0.958700
vt 0.840300 0.920300
vt 0.842000 0.922100
vt 0.838100 0.922300
vt 0.836000 0.924300
vt 0.839700 0.924200
vt 0.837600 0.926300
vt 0.845000 0.925800
vt 0.841300 0.926100
vt 0.843600 0.924000
vt 0.839300 0.928200
vt 0.842800 0.928000
vt 0.840900 0.930100
vt 0.835400 0.932300
vt 0.839000 0.932100
vt 0.833700 0.930300
vt 0.837300 0.930200
vt 0.835700 0.928300
vt 0.834000 0.926300
vt 0.832000 0.928300
vt 0.833300 0.934400
vt 0.831600 0.932400
vt 0.831100 0.936500
vt 0.829400 0.934600
vt 0.828800 0.938700
vt 0.827100 0.936900
vt 0.826300 0.941100
vt 0.824700 0.939300
vt 0.823200 0.937300
vt 0.827800 0.932600
vt 0.825600 0.934900
vt 0.829900 0.930400
vt 0.823700 0.943500
vt 0.822100 0.941700
vt 0.821000 0.946100
vt 0.819500 0.944200
vt 0.818300 0.948800
vt 0.816700 0.946800
vt 0.815400 0.951400
vt 0.813800 0.949200
vt 0.812400 0.947000
vt 0.815200 0.944700
vt 0.818000 0.942200
vt 0.820600 0.939800
vt 0.809600 0.949200
vt 0.810900 0.951500
vt 0.807900 0.953600
vt 0.806700 0.951300
vt 0.813600 0.956000
vt 0.810400 0.958000
vt 0.812300 0.953700
vt 0.809200 0.955800
vt 0.804400 0.962300
vt 0.806200 0.957900
vt 0.807400 0.960100
vt 0.805000 0.955600
vt 0.803200 0.960000
vt 0.802000 0.957700
vt 0.800800 0.955400
vt 0.803700 0.953400
vt 0.868400 0.903000
vt 0.861900 0.908500
vt 0.860000 0.907100
vt 0.865200 0.905800
vt 0.866600 0.901700
vt 0.863300 0.904400
vt 0.855500 0.914200
vt 0.853600 0.912500
vt 0.858700 0.911400
vt 0.856800 0.909800
vt 0.854900 0.908300
vt 0.851700 0.910900
vt 0.858100 0.905700
vt 0.861400 0.903000
vt 0.864800 0.900300
vt 0.848600 0.913400
vt 0.845700 0.915800
vt 0.850400 0.915000
vt 0.847400 0.917500
vt 0.852200 0.916800
vt 0.849000 0.919300
vt 0.853600 0.918700
vt 0.850400 0.921100
vt 0.847500 0.923500
vt 0.846100 0.921700
vt 0.844600 0.919900
vt 0.842900 0.918100
vt 0.835300 0.950500
vt 0.837400 0.951700
vt 0.837600 0.949000
vt 0.839700 0.950500
vt 0.835100 0.953000
vt 0.833100 0.952000
vt 0.842000 0.952100
vt 0.839500 0.953100
vt 0.837100 0.954000
vt 0.835000 0.955100
vt 0.833200 0.954300
vt 0.833400 0.956300
vt 0.831600 0.955700
vt 0.829600 0.955200
vt 0.831100 0.953600
vt 0.844000 0.944700
vt 0.846100 0.946600
vt 0.844100 0.947900
vt 0.842000 0.946200
vt 0.848300 0.948600
vt 0.846200 0.949700
vt 0.844200 0.951000
vt 0.842000 0.949200
vt 0.839900 0.947600
vt 0.840600 0.934000
vt 0.842400 0.932000
vt 0.843800 0.933800
vt 0.842100 0.935800
vt 0.846300 0.927700
vt 0.847500 0.929500
vt 0.844200 0.929900
vt 0.845600 0.931700
vt 0.846900 0.933600
vt 0.848600 0.931400
vt 0.845300 0.935600
vt 0.843800 0.937600
vt 0.848700 0.925400
vt 0.851300 0.923100
vt 0.852100 0.925100
vt 0.849700 0.927300
vt 0.857200 0.919400
vt 0.857100 0.921800
vt 0.854300 0.920900
vt 0.854600 0.923200
vt 0.855000 0.925300
vt 0.857200 0.923900
vt 0.852700 0.927100
vt 0.850600 0.929200
vt 0.864300 0.919600
vt 0.863600 0.921400
vt 0.866200 0.920200
vt 0.865500 0.922000
vt 0.861600 0.921100
vt 0.862200 0.919100
vt 0.865200 0.923600
vt 0.863300 0.923200
vt 0.861400 0.923000
vt 0.859400 0.923200
vt 0.859500 0.921200
vt 0.859900 0.918900
vt 0.869800 0.926800
vt 0.871100 0.925800
vt 0.871000 0.927300
vt 0.868300 0.926200
vt 0.869900 0.925300
vt 0.870200 0.923800
vt 0.868500 0.924700
vt 0.868800 0.923200
vt 0.871500 0.924400
vt 0.866900 0.924100
vt 0.866800 0.925700
vt 0.867200 0.922600
vt 0.869000 0.919200
vt 0.870600 0.920000
vt 0.867900 0.920900
vt 0.869500 0.921600
vt 0.872100 0.923000
vt 0.871900 0.920800
vt 0.870900 0.922300
vt 0.867100 0.930400
vt 0.867200 0.931900
vt 0.867000 0.928900
vt 0.868500 0.929400
vt 0.868700 0.931000
vt 0.868700 0.932500
vt 0.866800 0.927300
vt 0.868400 0.927800
vt 0.869800 0.928300
vt 0.870000 0.930000
vt 0.871000 0.928800
vt 0.871200 0.930400
vt 0.870200 0.933300
vt 0.871400 0.932300
vt 0.870100 0.931700
vt 0.874900 0.913500
vt 0.876200 0.914700
vt 0.877300 0.911500
vt 0.878600 0.912800
vt 0.874100 0.916500
vt 0.872600 0.915500
vt 0.879800 0.914100
vt 0.877500 0.915800
vt 0.875300 0.917500
vt 0.873500 0.919100
vt 0.872100 0.918300
vt 0.870600 0.917400
vt 0.805800 0.964200
vt 0.808700 0.962200
vt 0.809900 0.964200
vt 0.811600 0.960200
vt 0.812600 0.962300
vt 0.807100 0.966200
vt 0.814500 0.958300
vt 0.815300 0.960600
vt 0.816200 0.962600
vt 0.813700 0.964200
vt 0.811100 0.966100
vt 0.808500 0.968100
vt 0.831400 0.960600
vt 0.832900 0.960800
vt 0.829700 0.961800
vt 0.831300 0.962100
vt 0.830000 0.958700
vt 0.829700 0.960300
vt 0.831700 0.959100
vt 0.833300 0.959400
vt 0.828100 0.960000
vt 0.828100 0.961700
vt 0.828200 0.958400
vt 0.828700 0.956800
vt 0.830600 0.957200
vt 0.834000 0.958100
vt 0.832300 0.957700
vt 0.827800 0.967500
vt 0.828900 0.966300
vt 0.829200 0.967600
vt 0.828600 0.964800
vt 0.827500 0.966200
vt 0.827100 0.964700
vt 0.830100 0.965000
vt 0.830400 0.966500
vt 0.830600 0.967800
vt 0.826800 0.963200
vt 0.828300 0.963300
vt 0.829900 0.963400
vt 0.831400 0.963600
vt 0.831600 0.965200
vt 0.832300 0.968000
vt 0.832000 0.966700
vt 0.822000 0.964000
vt 0.822600 0.965600
vt 0.823600 0.963500
vt 0.824200 0.965100
vt 0.825200 0.963200
vt 0.825700 0.964800
vt 0.826600 0.967500
vt 0.825300 0.967800
vt 0.826100 0.966200
vt 0.824700 0.966500
vt 0.823300 0.967000
vt 0.823900 0.968300
vt 0.833300 0.975600
vt 0.832900 0.974300
vt 0.833800 0.977200
vt 0.832400 0.977300
vt 0.832000 0.975700
vt 0.831700 0.974300
vt 0.835000 0.980800
vt 0.833400 0.981100
vt 0.834400 0.979000
vt 0.832900 0.979100
vt 0.831400 0.979300
vt 0.831900 0.981300
vt 0.831000 0.977400
vt 0.830500 0.974300
vt 0.830700 0.975700
vt 0.835700 0.982700
vt 0.834100 0.983000
vt 0.836400 0.984700
vt 0.834800 0.985000
vt 0.837100 0.986700
vt 0.835600 0.987000
vt 0.837900 0.988700
vt 0.836400 0.989000
vt 0.834100 0.987300
vt 0.835000 0.989300
vt 0.833300 0.985200
vt 0.832500 0.983200
vt 0.826900 0.968600
vt 0.827200 0.969500
vt 0.828100 0.968600
vt 0.828400 0.969500
vt 0.826100 0.969800
vt 0.825700 0.968900
vt 0.828600 0.970300
vt 0.827500 0.970300
vt 0.826400 0.970600
vt 0.825200 0.971100
vt 0.824900 0.970300
vt 0.824400 0.969400
vt 0.832300 0.971200
vt 0.831000 0.971000
vt 0.832300 0.970600
vt 0.832400 0.969900
vt 0.831000 0.970400
vt 0.830900 0.969700
vt 0.829700 0.970300
vt 0.829900 0.971000
vt 0.829600 0.969500
vt 0.829400 0.968600
vt 0.830800 0.968800
vt 0.832400 0.969100
vt 0.830300 0.973100
vt 0.830100 0.972300
vt 0.831300 0.972300
vt 0.831400 0.973200
vt 0.830000 0.971600
vt 0.831100 0.971700
vt 0.832400 0.971800
vt 0.832500 0.972500
vt 0.833800 0.972000
vt 0.833800 0.972600
vt 0.834000 0.973400
vt 0.832700 0.973300
vt 0.824700 0.975400
vt 0.823100 0.976400
vt 0.823900 0.976800
vt 0.824200 0.974800
vt 0.822900 0.978600
vt 0.822000 0.978100
vt 0.821900 0.980600
vt 0.820900 0.980000
vt 0.821100 0.977600
vt 0.819800 0.979500
vt 0.822400 0.975800
vt 0.823700 0.974300
vt 0.882500 0.919700
vt 0.882500 0.920600
vt 0.880700 0.920800
vt 0.879100 0.922000
vt 0.880900 0.921600
vt 0.879300 0.922600
vt 0.882600 0.922500
vt 0.881000 0.922400
vt 0.882600 0.921600
vt 0.879400 0.923300
vt 0.881100 0.923200
vt 0.879600 0.923900
vt 0.878000 0.924100
vt 0.878000 0.924700
vt 0.877900 0.923600
vt 0.877600 0.923100
vt 0.844400 0.960100
vt 0.844300 0.959600
vt 0.843700 0.960200
vt 0.843300 0.959700
vt 0.842900 0.960500
vt 0.842400 0.960000
vt 0.842200 0.960800
vt 0.841600 0.960400
vt 0.840800 0.960000
vt 0.841800 0.959500
vt 0.842900 0.959200
vt 0.844000 0.959000
vt 0.839200 0.960100
vt 0.838600 0.960900
vt 0.838100 0.959600
vt 0.836800 0.959100
vt 0.837500 0.960600
vt 0.836200 0.960200
vt 0.837100 0.961600
vt 0.838300 0.961900
vt 0.835800 0.961400
vt 0.834400 0.961100
vt 0.834800 0.959800
vt 0.835500 0.958600
vt 0.841600 0.962300
vt 0.840600 0.962200
vt 0.841500 0.962900
vt 0.840500 0.962900
vt 0.840700 0.961600
vt 0.841700 0.961800
vt 0.839400 0.962900
vt 0.839500 0.962100
vt 0.839700 0.961300
vt 0.840200 0.960600
vt 0.841100 0.961000
vt 0.841900 0.961200
vt 0.839800 0.965300
vt 0.840100 0.965900
vt 0.839500 0.964600
vt 0.840700 0.965000
vt 0.840500 0.964400
vt 0.840900 0.965500
vt 0.839400 0.963700
vt 0.840500 0.963700
vt 0.842500 0.963500
vt 0.842500 0.964000
vt 0.841500 0.963600
vt 0.841600 0.964200
vt 0.842500 0.964900
vt 0.841600 0.964700
vt 0.842500 0.964500
vt 0.841700 0.965200
vt 0.845700 0.963100
vt 0.845500 0.963800
vt 0.845100 0.963100
vt 0.844300 0.963200
vt 0.844900 0.963700
vt 0.844200 0.963800
vt 0.844900 0.965000
vt 0.844700 0.964300
vt 0.845200 0.964500
vt 0.844100 0.964300
vt 0.844500 0.964800
vt 0.843900 0.964700
vt 0.843300 0.964800
vt 0.843300 0.964400
vt 0.843400 0.963900
vt 0.843500 0.963300
vt 0.865700 0.932900
vt 0.865700 0.934200
vt 0.864200 0.932600
vt 0.862700 0.932700
vt 0.864400 0.933900
vt 0.863000 0.933900
vt 0.864400 0.935100
vt 0.865700 0.935300
vt 0.863200 0.935100
vt 0.862100 0.935300
vt 0.861700 0.934200
vt 0.861300 0.933000
vt 0.868500 0.937800
vt 0.867600 0.937200
vt 0.869000 0.937000
vt 0.869500 0.936000
vt 0.868000 0.936200
vt 0.868300 0.935100
vt 0.866600 0.936700
vt 0.867100 0.934500
vt 0.866900 0.935700
vt 0.867200 0.933300
vt 0.868600 0.933900
vt 0.869900 0.934800
vt 0.865200 0.939600
vt 0.865500 0.939000
vt 0.866200 0.939200
vt 0.865900 0.938300
vt 0.866600 0.938600
vt 0.865800 0.939800
vt 0.866300 0.937500
vt 0.867100 0.937900
vt 0.867900 0.938400
vt 0.867300 0.938900
vt 0.868400 0.939000
vt 0.867800 0.939300
vt 0.866800 0.940200
vt 0.866800 0.939400
vt 0.867200 0.939700
vt 0.866400 0.940000
vt 0.862000 0.939500
vt 0.861700 0.940100
vt 0.861300 0.939800
vt 0.861600 0.939000
vt 0.861600 0.940700
vt 0.861100 0.940600
vt 0.860500 0.940300
vt 0.860700 0.939300
vt 0.861200 0.938400
vt 0.868900 0.942300
vt 0.868600 0.941900
vt 0.868900 0.941900
vt 0.868300 0.941900
vt 0.868700 0.942400
vt 0.868400 0.942400
vt 0.868300 0.941500
vt 0.868600 0.941500
vt 0.868900 0.941400
vt 0.867800 0.942100
vt 0.868000 0.941900
vt 0.868000 0.942200
vt 0.867700 0.941500
vt 0.867700 0.941800
vt 0.868000 0.941500
vt 0.867800 0.940800
vt 0.868000 0.941100
vt 0.867700 0.941100
vt 0.868300 0.941000
vt 0.868000 0.940700
vt 0.868200 0.940600
vt 0.868600 0.941000
vt 0.868800 0.941000
vt 0.859600 0.946800
vt 0.860100 0.947300
vt 0.859100 0.947400
vt 0.858800 0.948200
vt 0.859600 0.947800
vt 0.859400 0.948500
vt 0.860000 0.948200
vt 0.860400 0.947700
vt 0.859800 0.948700
vt 0.859800 0.949300
vt 0.859500 0.949900
vt 0.859800 0.949800
vt 0.859300 0.949200
vt 0.858800 0.949100
vt 0.859000 0.949900
vt 0.856500 0.957500
vt 0.857300 0.958300
vt 0.856500 0.958700
vt 0.855500 0.957900
vt 0.857900 0.958900
vt 0.857300 0.959300
vt 0.856700 0.959700
vt 0.855800 0.959200
vt 0.856300 0.960300
vt 0.855400 0.959900
vt 0.854200 0.959300
vt 0.854700 0.958600
vt 0.855800 0.968300
vt 0.855800 0.969000
vt 0.855500 0.968600
vt 0.856200 0.968000
vt 0.856300 0.968800
vt 0.856800 0.969200
vt 0.856800 0.968500
vt 0.857400 0.969000
vt 0.856300 0.969500
vt 0.857300 0.967800
vt 0.857300 0.968200
vt 0.856800 0.967900
vt 0.857900 0.968700
vt 0.857800 0.968000
vt 0.858400 0.968400
vt 0.859100 0.969200
vt 0.858400 0.969100
vt 0.858900 0.968800
vt 0.858400 0.969900
vt 0.858900 0.969500
vt 0.857900 0.969400
vt 0.857400 0.970200
vt 0.857400 0.969700
vt 0.857900 0.970100
vt 0.856900 0.969900
vt 0.865600 0.951600
vt 0.865600 0.951200
vt 0.865800 0.951300
vt 0.865300 0.951200
vt 0.865400 0.951600
vt 0.865100 0.951600
vt 0.865500 0.950700
vt 0.865700 0.950800
vt 0.866000 0.950800
vt 0.864700 0.951100
vt 0.865000 0.951000
vt 0.864900 0.951400
vt 0.864900 0.950500
vt 0.864800 0.950900
vt 0.865200 0.950600
vt 0.865300 0.949900
vt 0.865400 0.950200
vt 0.865100 0.950200
vt 0.865600 0.950200
vt 0.865500 0.949800
vt 0.865800 0.949800
vt 0.866100 0.950300
vt 0.866100 0.949800
vt 0.866200 0.949900
vt 0.865900 0.950300
vt 0.862800 0.948900
vt 0.863300 0.949100
vt 0.863100 0.948300
vt 0.863600 0.948600
vt 0.863100 0.949700
vt 0.862600 0.949600
vt 0.864200 0.949500
vt 0.864200 0.948800
vt 0.864600 0.949100
vt 0.863900 0.950000
vt 0.863800 0.949300
vt 0.863500 0.949900
vt 0.863400 0.951000
vt 0.863800 0.950600
vt 0.863800 0.951100
vt 0.862900 0.951000
vt 0.863400 0.950500
vt 0.862900 0.950300
vt 0.862400 0.950200
vt 0.862400 0.950800
vt 0.861600 0.961400
vt 0.862000 0.961800
vt 0.862400 0.960700
vt 0.862700 0.961200
vt 0.860800 0.962000
vt 0.861400 0.962500
vt 0.862900 0.962700
vt 0.863000 0.961700
vt 0.863400 0.962200
vt 0.861900 0.962800
vt 0.862400 0.963200
vt 0.862400 0.962200
vt 0.860700 0.964000
vt 0.861800 0.963700
vt 0.861300 0.964200
vt 0.860000 0.963700
vt 0.861300 0.963400
vt 0.860700 0.963100
vt 0.860000 0.962700
vt 0.859200 0.963300
vt 0.867300 0.947000
vt 0.866000 0.946400
vt 0.866500 0.947400
vt 0.865400 0.946800
vt 0.866600 0.945900
vt 0.868100 0.946500
vt 0.864300 0.946400
vt 0.864600 0.945900
vt 0.864900 0.945500
vt 0.869700 0.945100
vt 0.869100 0.945800
vt 0.862700 0.947600
vt 0.862800 0.947100
vt 0.863300 0.947800
vt 0.864000 0.948100
vt 0.863600 0.947400
vt 0.864400 0.947700
vt 0.863900 0.946900
vt 0.862900 0.946600
vt 0.864900 0.947300
vt 0.866300 0.948200
vt 0.865600 0.948400
vt 0.865700 0.947700
vt 0.865100 0.948000
vt 0.864600 0.948400
vt 0.865100 0.948700
vt 0.860300 0.946500
vt 0.860600 0.947000
vt 0.861100 0.946400
vt 0.861300 0.946900
vt 0.862000 0.946400
vt 0.862000 0.947000
vt 0.862000 0.947500
vt 0.861400 0.947500
vt 0.860800 0.947500
vt 0.856700 0.962200
vt 0.855400 0.962200
vt 0.856900 0.963000
vt 0.855500 0.963100
vt 0.855300 0.961400
vt 0.856500 0.961500
vt 0.854100 0.963100
vt 0.854000 0.961100
vt 0.854000 0.962100
vt 0.854000 0.960200
vt 0.855200 0.960600
vt 0.856300 0.960900
vt 0.852200 0.966700
vt 0.853800 0.967100
vt 0.852300 0.965500
vt 0.853700 0.966300
vt 0.855100 0.965800
vt 0.853800 0.965200
vt 0.855300 0.965000
vt 0.855100 0.966500
vt 0.853900 0.964100
vt 0.852500 0.964200
vt 0.855400 0.964000
vt 0.858300 0.963600
vt 0.858300 0.964500
vt 0.856900 0.963900
vt 0.856700 0.964700
vt 0.857800 0.965800
vt 0.856600 0.965500
vt 0.858000 0.965200
vt 0.856400 0.966100
vt 0.849800 0.964200
vt 0.848900 0.962300
vt 0.849400 0.965900
vt 0.848600 0.964100
vt 0.851100 0.964200
vt 0.850800 0.965700
vt 0.850700 0.967100
vt 0.849100 0.967500
vt 0.846100 0.968000
vt 0.847100 0.966000
vt 0.847400 0.967900
vt 0.848100 0.966000
vt 0.847000 0.962200
vt 0.846900 0.960800
vt 0.847000 0.960500
vt 0.846400 0.959500
vt 0.846500 0.959000
vt 0.847200 0.962200
vt 0.845600 0.958500
vt 0.845600 0.957800
vt 0.845700 0.957000
vt 0.846700 0.958700
vt 0.844500 0.967400
vt 0.845300 0.966800
vt 0.844200 0.967800
vt 0.846200 0.965400
vt 0.845500 0.966400
vt 0.846200 0.965100
vt 0.846300 0.965600
vt 0.845300 0.967200
vt 0.843900 0.968300
vt 0.844000 0.969000
vt 0.845500 0.967700
vt 0.846500 0.965900
vt 0.846100 0.963200
vt 0.846400 0.963300
vt 0.845900 0.964000
vt 0.846100 0.964300
vt 0.846600 0.963500
vt 0.846200 0.964700
vt 0.846700 0.963700
vt 0.845100 0.966700
vt 0.845200 0.966000
vt 0.845600 0.965800
vt 0.845700 0.965300
vt 0.845500 0.964800
vt 0.845200 0.965500
vt 0.868100 0.943600
vt 0.868300 0.943300
vt 0.866700 0.943700
vt 0.867500 0.943400
vt 0.866900 0.943200
vt 0.866300 0.943500
vt 0.865900 0.943200
vt 0.867600 0.943100
vt 0.865000 0.943400
vt 0.865200 0.943600
vt 0.864900 0.943100
vt 0.864800 0.942700
vt 0.865400 0.942300
vt 0.864700 0.942300
vt 0.865600 0.942800
vt 0.866700 0.942300
vt 0.866400 0.942800
vt 0.866100 0.942300
vt 0.867100 0.942800
vt 0.868600 0.943800
vt 0.869000 0.944100
vt 0.869500 0.944500
vt 0.859800 0.941800
vt 0.860800 0.942500
vt 0.860300 0.942600
vt 0.859100 0.941700
vt 0.861800 0.943200
vt 0.862100 0.943100
vt 0.858300 0.941800
vt 0.859800 0.942700
vt 0.865000 0.940300
vt 0.865500 0.940500
vt 0.865400 0.941100
vt 0.864800 0.941100
vt 0.866500 0.940700
vt 0.866400 0.941300
vt 0.866100 0.940600
vt 0.865900 0.941200
vt 0.866400 0.941800
vt 0.865900 0.941800
vt 0.865300 0.941800
vt 0.864700 0.941700
vt 0.843000 0.967800
vt 0.842700 0.968200
vt 0.841100 0.968100
vt 0.842300 0.968700
vt 0.840400 0.968600
vt 0.841700 0.967700
vt 0.842000 0.969400
vt 0.839800 0.969200
vt 0.837700 0.968700
vt 0.838700 0.968100
vt 0.839600 0.967700
vt 0.840400 0.967300
vt 0.844900 0.972800
vt 0.846500 0.974100
vt 0.845400 0.974600
vt 0.843800 0.973500
vt 0.849500 0.976700
vt 0.848300 0.977100
vt 0.848000 0.975400
vt 0.846800 0.975800
vt 0.845800 0.976200
vt 0.847000 0.977500
vt 0.844400 0.975100
vt 0.842900 0.974000
vt 0.875400 0.936300
vt 0.875600 0.934400
vt 0.875100 0.934400
vt 0.875600 0.938400
vt 0.875800 0.936300
vt 0.876100 0.938300
vt 0.876300 0.934200
vt 0.876200 0.936300
vt 0.876000 0.934400
vt 0.876400 0.938300
vt 0.876600 0.936300
vt 0.876800 0.938300
vt 0.877000 0.942300
vt 0.877000 0.940400
vt 0.877300 0.942400
vt 0.876700 0.942300
vt 0.876700 0.940300
vt 0.876300 0.940300
vt 0.876300 0.942500
vt 0.875900 0.940400
vt 0.874400 0.932700
vt 0.874300 0.931100
vt 0.875000 0.932700
vt 0.875400 0.931400
vt 0.874800 0.931200
vt 0.875400 0.932800
vt 0.874800 0.929900
vt 0.874200 0.929700
vt 0.875300 0.930000
vt 0.876400 0.930200
vt 0.876300 0.931600
vt 0.875800 0.930100
vt 0.875900 0.931500
vt 0.876300 0.932900
vt 0.875900 0.932900
vt 0.872000 0.927700
vt 0.872900 0.928000
vt 0.872000 0.929100
vt 0.872200 0.930700
vt 0.872900 0.929400
vt 0.873000 0.930900
vt 0.873600 0.929600
vt 0.873600 0.928200
vt 0.873700 0.931000
vt 0.873900 0.932600
vt 0.873200 0.932600
vt 0.872400 0.932500
vt 0.874000 0.925700
vt 0.873300 0.925300
vt 0.874600 0.924500
vt 0.873900 0.924000
vt 0.873700 0.927000
vt 0.873000 0.926600
vt 0.872100 0.926200
vt 0.872500 0.924900
vt 0.873100 0.923500
vt 0.838500 0.974200
vt 0.838600 0.973700
vt 0.837100 0.973800
vt 0.837000 0.973200
vt 0.835500 0.973600
vt 0.835400 0.972900
vt 0.837000 0.972700
vt 0.835300 0.972300
vt 0.838700 0.973300
vt 0.877800 0.944000
vt 0.878300 0.945700
vt 0.877500 0.944100
vt 0.877100 0.944200
vt 0.877900 0.945800
vt 0.877500 0.946000
vt 0.879400 0.948900
vt 0.878400 0.947500
vt 0.878900 0.947300
vt 0.877900 0.947700
vt 0.878900 0.949100
vt 0.878400 0.949400
vt 0.877400 0.948000
vt 0.877900 0.949700
vt 0.877000 0.946300
vt 0.876600 0.944500
vt 0.861300 0.950900
vt 0.861200 0.951400
vt 0.861900 0.951200
vt 0.862000 0.951700
vt 0.860500 0.951000
vt 0.860700 0.950600
vt 0.862200 0.952200
vt 0.861200 0.951800
vt 0.860300 0.951300
vt 0.859500 0.950600
vt 0.859900 0.950500
vt 0.860200 0.950300
vt 0.865400 0.953100
vt 0.865200 0.952600
vt 0.864600 0.953200
vt 0.864700 0.952700
vt 0.864100 0.952200
vt 0.864000 0.952600
vt 0.863500 0.952100
vt 0.864500 0.952200
vt 0.863100 0.952500
vt 0.863500 0.953100
vt 0.862800 0.951900
vt 0.862500 0.951400
vt 0.863100 0.951500
vt 0.863600 0.951600
vt 0.864100 0.951700
vt 0.866300 0.953600
vt 0.867300 0.954300
vt 0.866000 0.954600
vt 0.865300 0.953800
vt 0.869700 0.955900
vt 0.868500 0.955000
vt 0.859000 0.955200
vt 0.861300 0.955700
vt 0.861100 0.956200
vt 0.861000 0.956700
vt 0.862700 0.957500
vt 0.859300 0.956000
vt 0.857600 0.955500
vt 0.857000 0.954400
vt 0.856400 0.953000
vt 0.858900 0.954300
vt 0.856600 0.973500
vt 0.857800 0.973800
vt 0.858000 0.972600
vt 0.859100 0.972800
vt 0.856400 0.974700
vt 0.855100 0.974400
vt 0.860400 0.974000
vt 0.860300 0.973000
vt 0.861700 0.973100
vt 0.859100 0.973900
vt 0.852100 0.976500
vt 0.853600 0.975400
vt 0.863500 0.969700
vt 0.863600 0.968700
vt 0.864100 0.968500
vt 0.862900 0.970800
vt 0.862800 0.969800
vt 0.862100 0.969900
vt 0.862000 0.970900
vt 0.861200 0.970900
vt 0.863000 0.968900
vt 0.861200 0.971900
vt 0.862300 0.972000
vt 0.860200 0.971900
vt 0.858600 0.971600
vt 0.859800 0.970800
vt 0.859300 0.971800
vt 0.860500 0.970900
vt 0.861900 0.969200
vt 0.861500 0.970000
vt 0.860900 0.970000
vt 0.862400 0.969000
vt 0.844000 0.965800
vt 0.844300 0.966000
vt 0.843600 0.965700
vt 0.843700 0.965500
vt 0.844200 0.965600
vt 0.844500 0.965800
vt 0.842600 0.965800
vt 0.842600 0.965600
vt 0.843100 0.965700
vt 0.843200 0.965500
vt 0.843200 0.965200
vt 0.842500 0.965300
vt 0.843800 0.965100
vt 0.844700 0.965500
vt 0.844300 0.965200
vt 0.843800 0.967300
vt 0.844200 0.967000
vt 0.844500 0.967100
vt 0.844400 0.966700
vt 0.844700 0.966600
vt 0.844000 0.967400
vt 0.844400 0.966300
vt 0.844700 0.966200
vt 0.844900 0.965900
vt 0.844900 0.966400
vt 0.844700 0.967000
vt 0.844200 0.967500
vt 0.843200 0.967600
vt 0.842100 0.967500
vt 0.842400 0.967300
vt 0.843200 0.967400
vt 0.840500 0.966700
vt 0.841100 0.966700
vt 0.841100 0.967100
vt 0.841600 0.967000
vt 0.842000 0.966900
vt 0.841600 0.966700
vt 0.842600 0.967100
vt 0.843300 0.967300
vt 0.842200 0.965900
vt 0.842000 0.965800
vt 0.841800 0.966200
vt 0.841400 0.966000
vt 0.841500 0.966400
vt 0.841100 0.966300
vt 0.840600 0.966200
vt 0.841200 0.965800
vt 0.841800 0.965500
vt 0.867600 0.942200
vt 0.868400 0.942600
vt 0.868300 0.942900
vt 0.868000 0.942500
vt 0.867800 0.942600
vt 0.867400 0.942300
vt 0.869000 0.942500
vt 0.869200 0.942700
vt 0.868700 0.942700
vt 0.868800 0.942900
vt 0.868700 0.943100
vt 0.869300 0.942900
vt 0.868100 0.943000
vt 0.867100 0.942300
vt 0.867500 0.942700
vt 0.866900 0.941800
vt 0.867200 0.941900
vt 0.866800 0.941300
vt 0.867100 0.941400
vt 0.866900 0.940800
vt 0.867200 0.940900
vt 0.867200 0.940300
vt 0.867400 0.940500
vt 0.867500 0.941000
vt 0.867600 0.940700
vt 0.867400 0.941400
vt 0.867500 0.941800
vt 0.869600 0.942200
vt 0.869400 0.941400
vt 0.869400 0.942100
vt 0.869700 0.941300
vt 0.869100 0.942000
vt 0.869100 0.941400
vt 0.869300 0.940600
vt 0.868900 0.940400
vt 0.869000 0.940100
vt 0.869000 0.940800
vt 0.869100 0.939600
vt 0.869500 0.940300
vt 0.868200 0.940200
vt 0.868500 0.940500
vt 0.868200 0.939900
vt 0.868600 0.940200
vt 0.868600 0.939800
vt 0.867900 0.940400
vt 0.867800 0.940100
vt 0.868100 0.939600
vt 0.867600 0.939900
vt 0.868600 0.939400
vt 0.857300 0.967500
vt 0.856500 0.967500
vt 0.856400 0.967100
vt 0.855800 0.967700
vt 0.855500 0.967400
vt 0.857400 0.967100
vt 0.855300 0.968100
vt 0.854700 0.967900
vt 0.855000 0.968600
vt 0.854400 0.968500
vt 0.853600 0.968300
vt 0.854200 0.967600
vt 0.855200 0.967000
vt 0.857500 0.966600
vt 0.856400 0.966700
vt 0.858600 0.967100
vt 0.859500 0.967700
vt 0.858800 0.966600
vt 0.859800 0.967500
vt 0.859100 0.968000
vt 0.858300 0.967400
vt 0.860300 0.968500
vt 0.860900 0.968400
vt 0.859700 0.968600
vt 0.860600 0.969200
vt 0.860000 0.969300
vt 0.859300 0.968700
vt 0.859500 0.969200
vt 0.858800 0.968200
vt 0.858100 0.967800
vt 0.853900 0.969300
vt 0.854700 0.970300
vt 0.854600 0.969200
vt 0.855300 0.970000
vt 0.855300 0.969100
vt 0.855800 0.969700
vt 0.857300 0.970500
vt 0.857200 0.970900
vt 0.856500 0.970200
vt 0.856200 0.970600
vt 0.855800 0.971000
vt 0.857100 0.971400
vt 0.858100 0.970500
vt 0.859100 0.970500
vt 0.858800 0.970200
vt 0.858200 0.970800
vt 0.859700 0.969900
vt 0.859300 0.969800
vt 0.860300 0.970000
vt 0.859400 0.970700
vt 0.858300 0.971200
vt 0.864600 0.951200
vt 0.865000 0.951800
vt 0.864900 0.952000
vt 0.864700 0.951500
vt 0.864600 0.951600
vt 0.864400 0.951200
vt 0.865700 0.951800
vt 0.865400 0.952200
vt 0.865800 0.952100
vt 0.865400 0.951900
vt 0.866000 0.952300
vt 0.865400 0.952400
vt 0.864800 0.952100
vt 0.864100 0.951200
vt 0.864300 0.951700
vt 0.864100 0.950700
vt 0.864200 0.950200
vt 0.864300 0.950800
vt 0.864500 0.950300
vt 0.864500 0.949700
vt 0.864700 0.949900
vt 0.864900 0.949300
vt 0.865100 0.949500
vt 0.864900 0.950100
vt 0.865200 0.949700
vt 0.864700 0.950400
vt 0.864600 0.950800
vt 0.866000 0.951400
vt 0.866200 0.951500
vt 0.866200 0.950800
vt 0.866500 0.950700
vt 0.866400 0.950100
vt 0.866700 0.949900
vt 0.866400 0.949600
vt 0.866600 0.949300
vt 0.866900 0.948900
vt 0.867000 0.949700
vt 0.866900 0.950700
vt 0.866500 0.951700
vt 0.866200 0.949400
vt 0.865900 0.949400
vt 0.866000 0.949000
vt 0.866400 0.949000
vt 0.865600 0.949500
vt 0.865500 0.949200
vt 0.865400 0.948900
vt 0.865900 0.948700
vt 0.866400 0.948600
vt 0.865200 0.945000
vt 0.867200 0.945400
vt 0.867500 0.944500
vt 0.867300 0.944200
vt 0.865400 0.944300
vt 0.865400 0.944000
vt 0.867000 0.943900
vt 0.865300 0.943800
vt 0.863600 0.943500
vt 0.863500 0.943700
vt 0.863400 0.943900
vt 0.861600 0.943400
vt 0.848000 0.962200
vt 0.847700 0.964100
vt 0.847800 0.960300
vt 0.847300 0.960300
vt 0.847500 0.962100
vt 0.847200 0.964000
vt 0.846900 0.963900
vt 0.861200 0.953400
vt 0.862700 0.953300
vt 0.863000 0.954200
vt 0.861300 0.954200
vt 0.861400 0.955100
vt 0.863400 0.955200
vt 0.864100 0.956900
vt 0.863200 0.957300
vt 0.863600 0.957100
vt 0.859000 0.974900
vt 0.857700 0.974800
vt 0.855000 0.975600
vt 0.856400 0.975700
vt 0.853600 0.976500
vt 0.855000 0.976600
vt 0.867800 0.956200
vt 0.866900 0.955400
vt 0.864600 0.954500
vt 0.865300 0.955500
vt 0.864000 0.953700
vt 0.866000 0.956600
vt 0.856400 0.976700
vt 0.857700 0.975800
vt 0.868700 0.940600
vt 0.407800 0.073100
vt 0.407500 0.073100
vt 0.407700 0.072900
vt 0.408000 0.072900
vt 0.407800 0.072400
vt 0.407900 0.072700
vt 0.408100 0.071700
vt 0.408000 0.072300
vt 0.407500 0.072600
vt 0.407800 0.071800
vt 0.407500 0.072000
vt 0.407200 0.072900
vt 0.407200 0.073400
vt 0.407600 0.073400
vt 0.407300 0.073800
vt 0.863300 0.944200
vt 0.865400 0.944600
vt 0.867500 0.944900
vt 0.846800 0.963800
vt 0.676600 0.687100
vt 0.608800 0.803500
vt 0.408300 0.071700
s 1
usemtl Australian_Cattle_Dog
f 8/1/1 10/2/2 7/3/3
f 11/4/4 9/5/5 8/1/1
f 14/6/6 12/7/7 13/8/8
f 15/9/9 9/5/5 14/6/6
f 16/10/10 18/11/11 19/12/12
f 21/13/13 17/14/14 20/15/15
f 13/8/8 18/11/11 21/13/13
f 19/12/12 12/7/7 11/4/4
f 22/16/16 24/17/17 1/18/18
f 25/19/19 23/20/20 22/16/16
f 21/13/13 26/21/21 13/8/8
f 20/15/15 23/20/20 21/13/13
f 27/22/22 29/23/23 30/24/24
f 14/6/6 28/25/25 15/9/9
f 13/8/8 29/23/23 14/6/6
f 30/24/24 26/21/21 25/19/19
f 1/18/18 31/26/26 22/16/16
f 34/27/27 32/28/28 33/29/29
f 22/16/16 34/27/27 25/19/19
f 30/24/24 38/30/30 27/22/22
f 25/19/19 37/31/31 30/24/24
f 33/29/29 37/31/31 34/27/27
f 38/30/30 36/32/32 35/33/33
f 39/34/34 41/35/35 42/36/36
f 44/37/37 40/38/38 43/39/39
f 45/40/40 41/35/35 44/37/37
f 42/36/36 46/41/41 47/42/42
f 4/43/43 49/44/44 3/45/45
f 5/46/46 48/47/47 4/43/43
f 44/37/37 50/48/48 45/40/40
f 43/39/39 48/47/47 44/37/37
f 1/18/18 51/49/49 6/50/50
f 52/51/51 24/17/17 20/15/15
f 45/40/40 51/49/49 52/51/51
f 6/50/50 50/48/48 5/46/46
f 53/52/52 17/14/14 16/10/10
f 47/42/42 54/53/53 53/52/52
f 52/51/51 46/41/41 45/40/40
f 20/15/15 54/53/53 52/51/51
f 55/54/54 57/55/55 58/56/56
f 60/57/57 56/58/58 59/59/59
f 61/60/60 57/55/55 60/57/57
f 58/56/56 62/61/61 63/62/62
f 65/63/63 67/64/64 64/65/65
f 68/66/66 66/67/67 65/63/63
f 60/57/57 69/68/68 61/60/60
f 59/59/59 66/67/67 60/57/57
f 3/45/45 70/69/69 71/70/70
f 72/71/71 49/44/44 43/39/39
f 61/60/60 70/69/69 72/71/71
f 71/70/70 69/68/68 68/66/66
f 73/72/72 40/38/38 39/34/34
f 63/62/62 74/73/73 73/72/72
f 72/71/71 62/61/61 61/60/60
f 43/39/39 74/73/73 72/71/71
f 79/74/74 77/75/75 78/76/76
f 80/77/77 75/78/78 79/74/74
f 84/79/79 81/80/80 83/81/81
f 78/76/76 82/82/82 84/79/79
f 67/64/64 86/83/83 64/65/65
f 87/84/84 67/64/64 59/59/59
f 84/79/79 87/84/84 78/76/76
f 83/81/81 85/85/85 84/79/79
f 55/54/54 89/86/86 56/58/58
f 79/74/74 88/87/87 80/77/77
f 78/76/76 89/86/86 79/74/74
f 59/59/59 89/86/86 87/84/84
f 91/88/88 93/89/89 90/90/90
f 94/91/91 92/92/92 91/88/88
f 97/93/93 95/94/94 96/95/95
f 98/96/96 92/92/92 97/93/93
f 58/56/56 100/97/97 55/54/54
f 63/62/62 99/98/98 58/56/56
f 95/94/94 101/99/99 96/95/95
f 100/97/97 95/94/94 94/91/91
f 39/34/34 103/100/100 73/72/72
f 105/101/101 102/102/102 104/103/103
f 96/95/95 103/100/100 105/101/101
f 73/72/72 101/99/99 63/62/62
f 107/104/104 109/105/105 106/106/106
f 98/96/96 108/107/107 107/104/104
f 105/101/101 97/93/93 96/95/95
f 104/103/103 108/107/107 105/101/101
f 114/108/108 112/109/109 113/110/110
f 115/111/111 110/112/112 114/108/108
f 117/113/113 76/114/114 80/77/77
f 113/110/110 116/115/115 117/113/113
f 100/97/97 88/87/87 55/54/54
f 94/91/91 118/116/116 100/97/97
f 117/113/113 119/117/117 113/110/110
f 80/77/77 118/116/116 117/113/113
f 90/90/90 121/118/118 91/88/88
f 114/108/108 120/119/119 115/111/111
f 113/110/110 121/118/118 114/108/108
f 91/88/88 119/117/117 94/91/91
f 16/10/10 123/120/120 53/52/52
f 125/121/121 122/122/122 124/123/123
f 126/124/124 123/120/120 125/121/121
f 53/52/52 127/125/125 47/42/42
f 129/126/126 131/127/127 128/128/128
f 132/129/129 130/130/130 129/126/126
f 125/121/121 133/131/131 126/124/124
f 124/123/123 130/130/130 125/121/121
f 106/106/106 134/132/132 135/133/133
f 136/134/134 109/105/105 104/103/103
f 126/124/124 134/132/132 136/134/134
f 135/133/133 133/131/131 132/129/129
f 42/36/36 102/102/102 39/34/34
f 47/42/42 137/135/135 42/36/36
f 136/134/134 127/125/125 126/124/124
f 104/103/103 137/135/135 136/134/134
f 139/136/136 141/137/137 138/138/138
f 143/139/139 139/136/136 142/140/140
f 145/141/141 143/139/139 144/142/142
f 146/143/143 140/144/144 145/141/141
f 148/145/145 150/146/146 147/147/147
f 152/148/148 148/145/145 151/149/149
f 144/142/142 149/150/150 152/148/148
f 142/140/140 149/150/150 143/139/139
f 135/133/133 154/151/151 106/106/106
f 132/129/129 153/152/152 135/133/133
f 152/148/148 155/153/153 144/142/142
f 151/149/149 153/152/152 152/148/148
f 128/128/128 157/154/154 129/126/126
f 145/141/141 156/155/155 146/143/143
f 144/142/142 157/154/154 145/141/141
f 129/126/126 155/153/153 132/129/129
f 147/147/147 159/156/156 148/145/145
f 161/157/157 158/158/158 160/159/159
f 162/160/160 159/156/156 161/157/157
f 148/145/145 163/161/161 151/149/149
f 165/162/162 167/163/163 164/164/164
f 168/165/165 166/166/166 165/162/162
f 161/157/157 169/167/167 162/160/160
f 160/159/159 166/166/166 161/157/157
f 90/90/90 170/168/168 171/169/169
f 172/170/170 93/89/89 98/96/96
f 162/160/160 170/168/168 172/170/170
f 171/169/169 169/167/167 168/165/165
f 106/106/106 173/171/171 107/104/104
f 151/149/149 173/171/171 154/151/151
f 172/170/170 163/161/161 162/160/160
f 98/96/96 173/171/171 172/170/170
f 178/172/172 176/173/173 177/174/174
f 179/175/175 174/176/176 178/172/172
f 181/177/177 111/178/178 115/111/111
f 177/174/174 180/179/179 181/177/177
f 171/169/169 120/119/119 90/90/90
f 168/165/165 182/180/180 171/169/169
f 181/177/177 183/181/181 177/174/174
f 115/111/111 182/180/180 181/177/177
f 164/164/164 185/182/182 165/162/162
f 178/172/172 184/183/183 179/175/175
f 177/174/174 185/182/182 178/172/172
f 165/162/162 183/181/181 168/165/165
f 189/184/184 191/185/185 192/186/186
f 194/187/187 190/188/188 193/189/189
f 192/186/186 188/190/190 187/191/191
f 199/192/192 197/193/193 198/194/194
f 200/195/195 195/196/196 199/192/192
f 204/197/197 201/198/198 203/199/199
f 198/194/194 202/200/200 204/197/197
f 206/201/201 208/202/202 205/203/203
f 209/204/204 207/205/205 206/201/201
f 204/197/197 210/206/206 198/194/194
f 203/199/199 207/205/205 204/197/197
f 212/207/207 214/208/208 211/209/209
f 200/195/195 213/210/210 212/207/207
f 198/194/194 213/210/210 199/192/192
f 209/204/204 213/210/210 210/206/206
f 218/211/211 216/212/212 217/213/213
f 203/199/199 215/214/214 218/211/211
f 220/215/215 175/216/216 179/175/175
f 217/213/213 219/217/217 220/215/215
f 221/218/218 184/183/183 164/164/164
f 223/219/219 222/220/220 221/218/218
f 220/215/215 224/221/221 217/213/213
f 179/175/175 222/220/220 220/215/215
f 205/203/203 225/222/222 226/223/223
f 218/211/211 208/202/202 203/199/199
f 217/213/213 225/222/222 218/211/211
f 226/223/223 224/221/221 223/219/219
f 205/203/203 228/224/224 206/201/201
f 230/225/225 227/226/226 229/227/227
f 232/228/228 230/225/225 231/229/229
f 206/201/201 232/228/228 209/204/204
f 234/230/230 236/231/231 233/232/232
f 238/233/233 234/230/230 237/234/234
f 231/229/229 235/235/235 238/233/233
f 229/227/227 235/235/235 230/225/225
f 240/236/236 242/237/237 239/238/238
f 243/239/239 241/240/240 240/236/236
f 238/233/233 244/241/241 231/229/229
f 237/234/234 241/240/240 238/233/233
f 211/209/209 245/242/242 246/243/243
f 232/228/228 214/208/208 209/204/204
f 231/229/229 245/242/242 232/228/228
f 246/243/243 244/241/241 243/239/239
f 226/223/223 227/226/226 205/203/203
f 223/219/219 247/244/244 226/223/223
f 250/245/245 248/246/246 249/247/247
f 229/227/227 247/244/244 250/245/245
f 164/164/164 251/248/248 221/218/218
f 252/249/249 167/163/163 160/159/159
f 249/247/247 251/248/248 252/249/249
f 221/218/218 248/246/246 223/219/219
f 253/250/250 158/158/158 147/147/147
f 255/251/251 254/252/252 253/250/250
f 252/249/249 256/253/253 249/247/247
f 160/159/159 254/252/252 252/249/249
f 233/232/232 257/254/254 258/255/255
f 250/245/245 236/231/231 229/227/227
f 249/247/247 257/254/254 250/245/245
f 258/255/255 256/253/253 255/251/251
f 258/255/255 260/256/256 233/232/232
f 255/251/251 259/257/257 258/255/255
f 263/258/258 261/259/259 262/260/260
f 264/261/261 259/257/257 263/258/258
f 147/147/147 265/262/262 253/250/250
f 266/263/263 150/146/146 142/140/140
f 262/260/260 265/262/262 266/263/263
f 253/250/250 261/259/259 255/251/251
f 138/138/138 268/264/264 139/136/136
f 269/265/265 268/264/264 267/266/266
f 266/263/263 270/267/267 262/260/260
f 142/140/140 268/264/264 266/263/263
f 271/268/268 273/269/269 274/270/270
f 263/258/258 272/271/271 264/261/261
f 262/260/260 273/269/269 263/258/258
f 274/270/270 270/267/267 269/265/265
f 233/232/232 275/272/272 234/230/230
f 276/273/273 260/256/256 264/261/261
f 278/274/274 276/273/273 277/275/275
f 237/234/234 275/272/272 278/274/274
f 279/276/276 272/271/271 271/268/268
f 281/277/277 280/278/278 279/276/276
f 276/273/273 282/279/279 277/275/275
f 264/261/261 280/278/278 276/273/273
f 284/280/280 286/281/281 283/282/282
f 287/283/283 285/284/284 284/280/280
f 282/279/279 288/285/285 277/275/275
f 281/277/277 285/284/284 282/279/279
f 239/238/238 289/286/286 290/287/287
f 278/274/274 242/237/237 237/234/234
f 277/275/275 289/286/286 278/274/274
f 290/287/287 288/285/285 287/283/283
f 295/288/288 297/289/289 294/290/290
f 298/291/291 296/292/292 295/288/288
f 292/293/293 299/294/294 293/295/295
f 291/296/296 296/292/292 292/293/293
f 300/297/297 302/298/298 303/299/299
f 305/300/300 301/301/301 304/302/302
f 293/295/295 302/298/298 305/300/300
f 303/299/299 299/294/294 298/291/291
f 300/297/297 309/303/303 301/301/301
f 311/304/304 308/305/305 310/306/306
f 307/307/307 309/303/303 311/304/304
f 301/301/301 306/308/308 304/302/302
f 313/309/309 315/310/310 312/311/311
f 316/312/312 314/313/313 313/309/309
f 311/304/304 317/314/314 307/307/307
f 310/306/306 314/313/313 311/304/304
f 312/311/311 322/315/315 313/309/309
f 324/316/316 321/317/317 323/318/318
f 318/319/319 322/315/315 324/316/316
f 313/309/309 320/320/320 316/312/312
f 38/30/30 326/321/321 27/22/22
f 35/33/33 325/322/322 38/30/30
f 324/316/316 319/323/323 318/319/319
f 323/318/318 325/322/322 324/316/316
f 331/324/324 333/325/325 330/326/326
f 334/327/327 332/328/328 331/324/324
f 328/329/329 335/330/330 329/331/331
f 327/332/332 332/328/328 328/329/329
f 294/333/290 336/334/333 337/335/334
f 338/336/335 297/337/289 291/338/296
f 329/331/331 336/334/333 338/336/335
f 337/335/334 335/330/330 334/327/327
f 339/339/336 190/188/188 189/184/184
f 341/340/337 340/341/338 339/339/336
f 344/342/339 342/343/340 343/344/341
f 193/189/189 340/341/338 344/342/339
f 330/326/326 345/345/342 346/346/343
f 347/347/344 333/325/325 327/332/332
f 343/344/341 345/345/342 347/347/344
f 346/346/343 342/343/340 341/340/337
f 349/348/345 196/349/346 200/195/195
f 351/350/347 349/348/345 350/351/348
f 186/352/349 351/350/347 187/191/191
f 211/209/209 353/353/350 212/207/207
f 355/354/351 352/355/352 354/356/353
f 350/351/348 353/353/350 355/354/351
f 212/207/207 349/348/345 200/195/195
f 357/357/354 359/358/355 356/359/356
f 360/360/357 358/361/358 357/357/354
f 355/354/351 361/362/359 350/351/348
f 354/356/353 358/361/358 355/354/351
f 192/186/186 363/363/360 189/184/184
f 187/191/191 362/364/361 192/186/186
f 350/351/348 362/364/361 351/350/347
f 360/360/357 362/364/361 361/362/359
f 246/243/243 352/355/352 211/209/209
f 243/239/239 364/365/362 246/243/243
f 367/366/363 365/367/364 366/368/365
f 354/356/353 364/365/362 367/366/363
f 239/238/238 369/369/366 240/236/236
f 371/370/367 368/371/368 370/372/369
f 366/368/365 369/369/366 371/370/367
f 240/236/236 365/367/364 243/239/239
f 373/373/370 375/374/371 372/375/372
f 376/376/373 374/377/374 373/373/370
f 371/370/367 377/378/375 366/368/365
f 370/372/369 374/377/374 371/370/367
f 356/359/356 378/379/376 379/380/377
f 367/366/363 359/358/355 354/356/353
f 366/368/365 378/379/376 367/366/363
f 379/380/377 377/378/375 376/376/373
f 290/287/287 368/371/368 239/238/238
f 287/283/283 380/381/378 290/287/287
f 383/382/379 381/383/380 382/384/381
f 370/372/369 380/381/378 383/382/379
f 283/282/282 385/385/382 284/280/280
f 387/386/383 384/387/384 386/388/385
f 382/384/381 385/385/382 387/386/383
f 284/280/280 381/383/380 287/283/283
f 389/389/386 391/390/387 388/391/388
f 392/392/389 390/393/390 389/389/386
f 387/386/383 393/394/391 382/384/381
f 386/388/385 390/393/390 387/386/383
f 372/375/372 394/395/392 395/396/393
f 383/382/379 375/374/371 370/372/369
f 382/384/381 394/395/392 383/382/379
f 395/396/393 393/394/391 392/392/389
f 189/184/184 396/397/394 339/339/336
f 397/398/395 363/363/360 360/360/357
f 398/399/396 396/397/394 397/398/395
f 339/339/336 399/400/397 341/340/337
f 356/359/356 401/401/398 357/357/354
f 403/402/399 400/403/400 402/404/401
f 397/398/395 403/402/399 398/399/396
f 357/357/354 397/398/395 360/360/357
f 404/405/402 406/406/403 407/407/404
f 409/408/405 405/409/406 408/410/407
f 398/399/396 406/406/403 409/408/405
f 407/407/404 403/402/399 402/404/401
f 346/346/343 411/411/408 330/326/326
f 341/340/337 410/412/409 346/346/343
f 409/408/405 399/400/397 398/399/396
f 408/410/407 410/412/409 409/408/405
f 379/380/377 400/403/400 356/359/356
f 376/376/373 412/413/410 379/380/377
f 415/414/411 413/415/412 414/416/413
f 402/404/401 412/413/410 415/414/411
f 372/375/372 417/417/414 373/373/370
f 419/418/415 416/419/416 418/420/417
f 414/416/413 417/417/414 419/418/415
f 373/373/370 413/415/412 376/376/373
f 420/421/418 422/422/419 423/423/420
f 425/424/421 421/425/422 424/426/423
f 419/418/415 425/424/421 414/416/413
f 418/420/417 422/422/419 419/418/415
f 407/407/404 427/427/424 404/405/402
f 402/404/401 426/428/425 407/407/404
f 414/416/413 426/428/425 415/414/411
f 424/426/423 426/428/425 425/424/421
f 395/396/393 416/419/416 372/375/372
f 392/392/389 428/429/426 395/396/393
f 431/430/427 429/431/428 430/432/429
f 418/420/417 428/429/426 431/430/427
f 388/391/388 433/433/430 389/389/386
f 435/434/431 432/435/432 434/436/433
f 430/432/429 433/433/430 435/434/431
f 389/389/386 429/431/428 392/392/389
f 436/437/434 438/438/435 439/439/436
f 441/440/437 437/441/438 440/442/439
f 435/434/431 441/440/437 430/432/429
f 434/436/433 438/438/435 435/434/431
f 423/423/420 443/443/440 420/421/418
f 431/430/427 423/423/420 418/420/417
f 430/432/429 442/444/441 431/430/427
f 440/442/439 442/444/441 441/440/437
f 445/445/442 447/446/443 444/447/444
f 448/448/445 446/449/446 445/445/442
f 451/450/447 449/451/448 450/452/449
f 452/453/450 446/449/446 451/450/447
f 453/454/451 455/455/452 456/456/453
f 458/457/454 454/458/455 457/459/456
f 450/452/449 455/455/452 458/457/454
f 456/456/453 449/451/448 448/448/445
f 460/460/457 462/461/458 459/462/459
f 463/463/460 461/464/461 460/460/457
f 458/457/454 464/465/462 450/452/449
f 457/459/456 461/464/461 458/457/454
f 465/466/463 467/467/464 468/468/465
f 451/450/447 466/469/466 452/453/450
f 450/452/449 467/467/464 451/450/447
f 468/468/465 464/465/462 463/463/460
f 470/470/467 472/471/468 469/472/469
f 474/473/470 470/470/467 473/474/471
f 475/475/472 471/476/473 474/473/470
f 472/471/468 476/477/474 477/478/475
f 479/479/476 481/480/477 478/481/478
f 482/482/479 480/483/480 479/479/476
f 474/473/470 483/484/481 475/475/472
f 473/474/471 480/483/480 474/473/470
f 484/485/482 486/486/483 487/487/484
f 489/488/485 485/489/486 488/490/487
f 475/475/472 486/486/483 489/488/485
f 487/487/484 483/484/481 482/482/479
f 491/491/488 493/492/489 490/493/490
f 477/478/475 492/494/491 491/491/488
f 489/488/485 476/477/474 475/475/472
f 488/490/487 492/494/491 489/488/485
f 495/495/492 497/496/493 494/497/494
f 498/498/495 496/499/496 495/495/492
f 501/500/497 499/501/498 500/502/499
f 502/503/500 496/499/496 501/500/497
f 469/472/469 503/504/501 504/505/502
f 505/506/503 472/471/468 477/478/475
f 500/502/499 503/504/501 505/506/503
f 504/505/502 499/501/498 498/498/495
f 506/507/504 491/491/488 490/493/490
f 508/508/505 507/509/506 506/507/504
f 505/506/503 509/510/507 500/502/499
f 477/478/475 507/509/506 505/506/503
f 510/511/508 512/512/509 513/513/510
f 501/500/497 511/514/511 502/503/500
f 500/502/499 512/512/509 501/500/497
f 513/513/510 509/510/507 508/508/505
f 514/515/512 454/458/455 453/454/451
f 516/516/513 515/517/514 514/515/512
f 519/518/515 517/519/516 518/520/517
f 457/459/456 515/517/514 519/518/515
f 494/497/494 520/521/518 521/522/519
f 522/523/520 497/496/493 502/503/500
f 518/520/517 520/521/518 522/523/520
f 521/522/519 517/519/516 516/516/513
f 523/524/521 511/514/511 510/511/508
f 525/525/522 524/526/523 523/524/521
f 522/523/520 526/527/524 518/520/517
f 502/503/500 524/526/523 522/523/520
f 459/462/459 527/528/525 528/529/526
f 519/518/515 462/461/458 457/459/456
f 518/520/517 527/528/525 519/518/515
f 528/529/526 526/527/524 525/525/522
f 529/530/527 437/441/438 436/437/434
f 531/531/528 530/532/529 529/530/527
f 534/533/530 532/534/531 533/535/532
f 440/442/439 530/532/529 534/533/530
f 444/536/444 535/537/533 536/538/534
f 537/539/535 447/540/443 452/541/450
f 533/535/532 535/537/533 537/539/535
f 536/538/534 532/534/531 531/531/528
f 538/542/536 466/543/466 465/544/463
f 540/545/537 539/546/538 538/542/536
f 537/539/535 541/547/539 533/535/532
f 452/541/450 539/546/538 537/539/535
f 420/421/418 542/548/540 543/549/541
f 534/533/530 443/443/440 440/442/439
f 533/535/532 542/548/540 534/533/530
f 543/549/541 541/547/539 540/545/537
f 490/493/490 544/550/542 545/551/543
f 546/552/544 493/492/489 488/490/487
f 547/553/545 544/550/542 546/552/544
f 549/554/546 544/550/542 548/555/547
f 550/556/548 485/489/486 484/485/482
f 552/557/549 551/558/550 550/556/548
f 546/552/544 553/559/551 547/553/545
f 488/490/487 551/558/550 546/552/544
f 19/12/12 555/560/552 16/10/10
f 11/4/4 554/561/553 19/12/12
f 553/559/551 556/562/554 547/553/545
f 555/560/552 553/559/551 552/557/549
f 7/3/3 558/563/555 8/1/1
f 548/555/547 557/564/556 549/554/546
f 547/553/545 558/563/555 548/555/547
f 8/1/1 556/562/554 11/4/4
f 543/549/541 421/425/422 420/421/418
f 540/545/537 559/565/557 543/549/541
f 562/566/558 560/567/559 561/568/560
f 424/426/423 559/565/557 562/566/558
f 465/544/463 564/569/561 538/542/536
f 566/570/562 563/571/563 565/572/564
f 561/568/560 564/569/561 566/570/562
f 538/542/536 560/567/559 540/545/537
f 568/573/565 570/574/566 567/575/567
f 571/576/568 569/577/569 568/573/565
f 566/570/562 572/578/570 561/568/560
f 565/572/564 569/577/569 566/570/562
f 404/405/402 573/579/571 574/580/572
f 562/566/558 427/427/424 424/426/423
f 561/568/560 573/579/571 562/566/558
f 574/580/572 572/578/570 571/576/568
f 468/468/465 563/581/563 465/466/463
f 463/463/460 575/582/573 468/468/465
f 578/583/574 576/584/575 577/585/576
f 565/586/564 575/582/573 578/583/574
f 459/462/459 580/587/577 460/460/457
f 582/588/578 579/589/579 581/590/580
f 577/585/576 580/587/577 582/588/578
f 460/460/457 576/584/575 463/463/460
f 584/591/581 586/592/582 583/593/583
f 587/594/584 585/595/585 584/591/581
f 582/588/578 588/596/586 577/585/576
f 581/590/580 585/595/585 582/588/578
f 567/597/567 589/598/587 590/599/588
f 578/583/574 570/600/566 565/586/564
f 577/585/576 589/598/587 578/583/574
f 590/599/588 588/596/586 587/594/584
f 528/529/526 579/589/579 459/462/459
f 525/525/522 591/601/589 528/529/526
f 594/602/590 592/603/591 593/604/592
f 581/590/580 591/601/589 594/602/590
f 510/511/508 596/605/593 523/524/521
f 597/606/594 596/605/593 595/607/595
f 592/603/591 598/608/596 593/604/592
f 523/524/521 592/603/591 525/525/522
f 599/609/597 601/610/598 602/611/599
f 604/612/600 600/613/601 603/614/602
f 593/604/592 601/610/598 604/612/600
f 602/611/599 598/608/596 597/606/594
f 583/593/583 605/615/603 606/616/604
f 594/602/590 586/592/582 581/590/580
f 604/612/600 594/602/590 593/604/592
f 603/614/602 605/615/603 604/612/600
f 513/513/510 595/607/595 510/511/508
f 508/508/505 607/617/605 513/513/510
f 609/618/606 607/617/605 608/619/607
f 595/607/595 610/620/608 597/606/594
f 490/493/490 611/621/609 506/507/504
f 549/554/546 611/621/609 545/551/543
f 608/619/607 612/622/610 609/618/606
f 506/507/504 608/619/607 508/508/505
f 613/623/611 557/564/556 7/3/3
f 616/624/612 613/623/611 615/625/613
f 609/618/606 614/626/614 616/624/612
f 557/564/556 612/622/610 549/554/546
f 602/611/599 618/627/615 599/609/597
f 597/606/594 617/628/616 602/611/599
f 616/624/612 610/620/608 609/618/606
f 615/625/613 617/628/616 616/624/612
f 574/580/572 405/409/406 404/405/402
f 571/576/568 619/629/617 574/580/572
f 622/630/618 620/631/619 621/632/620
f 408/410/407 619/629/617 622/630/618
f 567/575/567 624/633/621 568/573/565
f 626/634/622 623/635/623 625/636/624
f 621/632/620 624/633/621 626/634/622
f 568/573/565 620/631/619 571/576/568
f 337/335/334 628/637/625 294/333/290
f 334/327/327 627/638/626 337/335/334
f 626/634/622 629/639/627 621/632/620
f 625/636/624 627/638/626 626/634/622
f 330/326/326 630/640/628 331/324/324
f 622/630/618 411/411/408 408/410/407
f 621/632/620 630/640/628 622/630/618
f 331/324/324 629/639/627 334/327/327
f 631/641/629 321/317/317 312/311/311
f 633/642/630 632/643/631 631/641/629
f 636/644/632 634/645/633 635/646/634
f 323/318/318 632/643/631 636/644/632
f 599/609/597 637/647/635 638/648/636
f 639/649/637 618/627/615 615/625/613
f 635/646/634 637/647/635 639/649/637
f 638/648/636 634/645/633 633/642/630
f 7/3/3 640/650/638 613/623/611
f 641/651/639 10/2/2 15/9/9
f 639/649/637 641/651/639 635/646/634
f 615/625/613 640/650/638 639/649/637
f 326/321/321 28/25/25 27/22/22
f 636/644/632 326/321/321 323/318/318
f 635/646/634 642/652/640 636/644/632
f 15/9/9 642/652/640 641/651/639
f 606/616/604 644/653/641 583/593/583
f 645/654/642 606/616/604 603/614/602
f 646/655/643 643/656/644 645/654/642
f 648/657/645 643/656/644 647/658/646
f 638/648/636 600/613/601 599/609/597
f 633/642/630 649/659/647 638/648/636
f 645/654/642 650/660/648 646/655/643
f 603/614/602 649/659/647 645/654/642
f 312/311/311 651/661/649 631/641/629
f 652/662/650 315/310/310 310/306/306
f 646/655/643 651/661/649 652/662/650
f 631/641/629 650/660/648 633/642/630
f 653/663/651 308/305/305 300/297/297
f 647/658/646 653/663/651 648/657/645
f 652/662/650 647/658/646 646/655/643
f 310/306/306 654/664/652 652/662/650
f 590/599/588 623/665/623 567/597/567
f 587/594/584 655/666/653 590/599/588
f 658/667/654 656/668/655 657/669/656
f 625/670/624 655/666/653 658/667/654
f 583/593/583 659/671/657 584/591/581
f 660/672/658 644/653/641 648/657/645
f 657/669/656 659/671/657 660/672/658
f 584/591/581 656/668/655 587/594/584
f 303/299/299 653/663/651 300/297/297
f 298/291/291 661/673/659 303/299/299
f 660/672/658 662/674/660 657/669/656
f 648/657/645 661/673/659 660/672/658
f 294/290/290 663/675/661 295/288/288
f 658/667/654 628/676/625 625/670/624
f 657/669/656 663/675/661 658/667/654
f 295/288/288 662/674/660 298/291/291
f 665/677/662 667/678/663 664/679/664
f 668/680/665 666/681/666 665/677/662
f 671/682/667 669/683/668 670/684/669
f 672/685/670 666/681/666 671/682/667
f 128/128/128 673/686/671 674/687/672
f 675/688/673 131/127/127 124/123/123
f 670/684/669 673/686/671 675/688/673
f 674/687/672 669/683/668 668/680/665
f 555/560/552 122/122/122 16/10/10
f 552/557/549 676/689/674 555/560/552
f 675/688/673 677/690/675 670/684/669
f 124/123/123 676/689/674 675/688/673
f 484/485/482 679/691/676 550/556/548
f 671/682/667 678/692/677 672/685/670
f 670/684/669 679/691/676 671/682/667
f 550/556/548 677/690/675 552/557/549
f 681/693/678 683/694/679 680/695/680
f 684/696/681 682/697/682 681/693/678
f 687/698/683 685/699/684 686/700/685
f 688/701/686 682/697/682 687/698/683
f 690/702/687 692/703/688 689/704/689
f 694/705/690 690/702/687 693/706/691
f 686/700/685 691/707/692 694/705/690
f 692/703/688 685/699/684 684/696/681
f 283/282/282 695/708/693 696/709/694
f 281/277/277 695/708/693 286/281/281
f 694/705/690 697/710/695 686/700/685
f 693/706/691 695/708/693 694/705/690
f 271/268/268 699/711/696 279/276/276
f 687/698/683 698/712/697 688/701/686
f 686/700/685 699/711/696 687/698/683
f 279/276/276 697/710/695 281/277/277
f 700/713/698 267/266/266 138/138/138
f 702/714/699 701/715/700 700/713/698
f 705/716/701 703/717/702 704/718/703
f 269/265/265 701/715/700 705/716/701
f 706/719/704 708/720/705 709/721/706
f 711/722/707 707/723/708 710/724/709
f 704/718/703 708/720/705 711/722/707
f 709/721/706 703/717/702 702/714/699
f 680/695/680 712/725/710 713/726/711
f 714/727/712 683/694/679 688/701/686
f 704/718/703 712/725/710 714/727/712
f 713/726/711 711/722/707 710/724/709
f 274/270/270 698/712/697 271/268/268
f 269/265/265 715/728/713 274/270/270
f 714/727/712 705/716/701 704/718/703
f 688/701/686 715/728/713 714/727/712
f 138/138/138 716/729/714 700/713/698
f 717/730/715 141/137/137 146/143/143
f 718/731/716 716/729/714 717/730/715
f 700/713/698 719/732/717 702/714/699
f 674/687/672 156/155/155 128/128/128
f 668/680/665 720/733/718 674/687/672
f 717/730/715 721/734/719 718/731/716
f 146/143/143 720/733/718 717/730/715
f 664/679/664 723/735/720 665/677/662
f 725/736/721 722/737/722 724/738/723
f 718/731/716 723/735/720 725/736/721
f 665/677/662 721/734/719 668/680/665
f 709/721/706 727/739/724 706/719/704
f 702/714/699 726/740/725 709/721/706
f 725/736/721 719/732/717 718/731/716
f 724/738/723 726/740/725 725/736/721
f 729/741/726 731/742/727 728/743/728
f 732/744/729 730/745/730 729/741/726
f 735/746/731 733/747/732 734/748/733
f 736/749/734 730/745/730 735/746/731
f 388/391/388 737/750/735 738/751/736
f 739/752/737 391/390/387 386/388/385
f 734/748/733 737/750/735 739/752/737
f 738/751/736 733/747/732 732/744/729
f 696/709/694 384/387/384 283/282/282
f 693/706/691 740/753/738 696/709/694
f 739/752/737 741/754/739 734/748/733
f 386/388/385 740/753/738 739/752/737
f 742/755/740 690/702/687 689/704/689
f 735/746/731 742/755/740 736/749/734
f 734/748/733 743/756/741 735/746/731
f 690/702/687 741/754/739 693/706/691
f 745/757/742 747/758/743 744/759/744
f 748/760/745 746/761/746 745/757/742
f 751/762/747 749/763/748 750/764/749
f 752/765/750 746/761/746 751/762/747
f 436/437/434 753/766/751 754/767/752
f 755/768/753 439/439/436 434/436/433
f 750/764/749 753/766/751 755/768/753
f 754/767/752 749/763/748 748/760/745
f 738/751/736 432/435/432 388/391/388
f 732/744/729 756/769/754 738/751/736
f 755/768/753 757/770/755 750/764/749
f 434/436/433 756/769/754 755/768/753
f 728/743/728 759/771/756 729/741/726
f 751/762/747 758/772/757 752/765/750
f 750/764/749 759/771/756 751/762/747
f 729/741/726 757/770/755 732/744/729
f 761/773/758 763/774/759 760/775/760
f 764/776/761 762/777/762 761/773/758
f 767/778/763 765/779/764 766/780/765
f 768/781/766 762/777/762 767/778/763
f 536/538/534 770/782/767 444/536/444
f 531/531/528 769/783/768 536/538/534
f 765/779/764 771/784/769 766/780/765
f 764/776/761 769/783/768 765/779/764
f 436/437/434 772/785/770 529/530/527
f 748/760/745 772/785/770 754/767/752
f 766/780/765 772/785/770 773/786/771
f 529/530/527 771/784/769 531/531/528
f 744/759/744 775/787/772 745/757/742
f 767/778/763 774/788/773 768/781/766
f 766/780/765 775/787/772 767/778/763
f 745/757/742 773/786/771 748/760/745
f 777/789/774 779/790/775 776/791/776
f 780/792/777 778/793/778 777/789/774
f 783/794/779 781/795/780 782/796/781
f 784/797/782 778/793/778 783/794/779
f 785/798/783 787/799/784 788/800/785
f 789/801/786 787/799/784 786/802/787
f 781/795/780 790/803/788 782/796/781
f 788/800/785 781/795/780 780/792/777
f 478/481/478 791/804/789 792/805/790
f 793/806/791 481/480/477 473/474/471
f 782/796/781 791/804/789 793/806/791
f 792/805/790 790/803/788 789/801/786
f 469/472/469 795/807/792 470/470/467
f 783/794/779 794/808/793 784/797/782
f 793/806/791 783/794/779 782/796/781
f 473/474/471 795/807/792 793/806/791
f 760/809/760 797/810/794 761/811/758
f 799/812/795 796/813/796 798/814/797
f 801/815/798 799/812/795 800/816/799
f 761/811/758 801/815/798 764/817/761
f 802/818/800 804/819/801 805/820/802
f 807/821/803 803/822/804 806/823/805
f 800/816/799 804/819/801 807/821/803
f 798/814/797 804/819/801 799/812/795
f 456/456/453 809/824/806 453/454/451
f 448/448/445 808/825/807 456/456/453
f 807/821/803 810/826/808 800/816/799
f 806/823/805 808/825/807 807/821/803
f 444/447/444 811/827/809 445/445/442
f 801/815/798 770/828/767 764/817/761
f 800/816/799 811/827/809 801/815/798
f 445/445/442 810/826/808 448/448/445
f 812/829/810 803/822/804 802/818/800
f 814/830/811 813/831/812 812/829/810
f 817/832/813 815/833/814 816/834/815
f 806/823/805 813/831/812 817/832/813
f 818/835/816 820/836/817 821/837/818
f 823/838/819 819/839/820 822/840/821
f 816/834/815 820/836/817 823/838/819
f 821/837/818 815/833/814 814/830/811
f 521/522/519 825/841/822 494/497/494
f 516/516/513 824/842/823 521/522/519
f 823/838/819 826/843/824 816/834/815
f 822/840/821 824/842/823 823/838/819
f 453/454/451 827/844/825 514/515/512
f 817/832/813 809/824/806 806/823/805
f 816/834/815 827/844/825 817/832/813
f 514/515/512 826/843/824 516/516/513
f 828/845/826 819/839/820 818/835/816
f 830/846/827 829/847/828 828/845/826
f 833/848/829 831/849/830 832/850/831
f 822/840/821 829/847/828 833/848/829
f 776/791/776 834/851/832 835/852/833
f 836/853/834 779/790/775 784/797/782
f 832/850/831 834/851/832 836/853/834
f 835/852/833 831/849/830 830/846/827
f 504/505/502 794/808/793 469/472/469
f 498/498/495 837/854/835 504/505/502
f 836/853/834 838/855/836 832/850/831
f 784/797/782 837/854/835 836/853/834
f 494/497/494 839/856/837 495/495/492
f 833/848/829 825/841/822 822/840/821
f 832/850/831 839/856/837 833/848/829
f 495/495/492 838/855/836 498/498/495
f 478/481/478 841/857/838 479/479/476
f 843/858/839 840/859/840 842/860/841
f 844/861/842 841/857/838 843/858/839
f 479/479/476 845/862/843 482/482/479
f 847/863/844 849/864/845 846/865/846
f 850/866/847 848/867/848 847/863/844
f 843/858/839 851/868/849 844/861/842
f 842/860/841 848/867/848 843/858/839
f 664/679/664 852/869/850 853/870/851
f 854/871/852 667/678/663 672/685/670
f 844/861/842 852/869/850 854/871/852
f 853/870/851 851/868/849 850/866/847
f 487/487/484 678/692/677 484/485/482
f 482/482/479 855/872/853 487/487/484
f 854/871/852 845/862/843 844/861/842
f 672/685/670 855/872/853 854/871/852
f 785/798/783 857/873/854 786/802/787
f 859/874/855 856/875/856 858/876/857
f 860/877/858 857/873/854 859/874/855
f 786/802/787 861/878/859 789/801/786
f 863/879/860 865/880/861 862/881/862
f 866/882/863 864/883/864 863/879/860
f 859/874/855 867/884/865 860/877/858
f 858/876/857 864/883/864 859/874/855
f 846/865/846 868/885/866 869/886/867
f 870/887/868 849/864/845 842/860/841
f 860/877/858 868/885/866 870/887/868
f 869/886/867 867/884/865 866/882/863
f 792/805/790 840/859/840 478/481/478
f 789/801/786 871/888/869 792/805/790
f 870/887/868 861/878/859 860/877/858
f 842/860/841 871/888/869 870/887/868
f 873/889/870 875/890/871 872/891/872
f 876/892/873 874/893/874 873/889/870
f 879/894/875 877/895/876 878/896/877
f 880/897/878 874/893/874 879/894/875
f 706/719/704 881/898/879 882/899/880
f 883/900/881 727/739/724 724/738/723
f 878/896/877 881/898/879 883/900/881
f 882/899/880 877/895/876 876/892/873
f 853/870/851 722/737/722 664/679/664
f 850/866/847 884/901/882 853/870/851
f 883/900/881 885/902/883 878/896/877
f 724/738/723 884/901/882 883/900/881
f 846/865/846 887/903/884 847/863/844
f 879/894/875 886/904/885 880/897/878
f 878/896/877 887/903/884 879/894/875
f 847/863/844 885/902/883 850/866/847
f 889/905/886 891/906/887 888/907/888
f 892/908/889 890/909/890 889/905/886
f 895/910/891 893/911/892 894/912/893
f 896/913/894 890/909/890 895/910/891
f 872/891/872 897/914/895 898/915/896
f 899/916/897 875/890/871 880/897/878
f 894/912/893 897/914/895 899/916/897
f 898/915/896 893/911/892 892/908/889
f 869/886/867 886/904/885 846/865/846
f 866/882/863 900/917/898 869/886/867
f 899/916/897 901/918/899 894/912/893
f 880/897/878 900/917/898 899/916/897
f 862/881/862 903/919/900 863/879/860
f 895/910/891 902/920/901 896/913/894
f 894/912/893 903/919/900 895/910/891
f 863/879/860 901/918/899 866/882/863
f 891/906/887 905/921/902 888/907/888
f 906/922/903 891/906/887 896/913/894
f 907/923/904 904/924/905 906/922/903
f 909/925/906 904/924/905 908/926/907
f 910/927/908 902/920/901 862/881/862
f 912/928/909 911/929/910 910/927/908
f 906/922/903 913/930/911 907/923/904
f 896/913/894 911/929/910 906/922/903
f 914/931/912 916/932/913 917/933/914
f 908/926/907 915/934/915 909/925/906
f 907/923/904 916/932/913 908/926/907
f 917/933/914 913/930/911 912/928/909
f 785/798/783 919/935/916 856/875/856
f 921/936/917 918/937/918 920/938/919
f 923/939/920 921/936/917 922/940/921
f 858/876/857 919/935/916 923/939/920
f 924/941/922 926/942/923 927/943/924
f 929/944/925 925/945/926 928/946/927
f 922/940/921 926/942/923 929/944/925
f 920/938/919 926/942/923 921/936/917
f 917/933/914 931/947/928 914/931/912
f 912/928/909 930/948/929 917/933/914
f 929/944/925 932/949/930 922/940/921
f 928/946/927 930/948/929 929/944/925
f 862/881/862 933/950/931 910/927/908
f 923/939/920 865/880/861 858/876/857
f 922/940/921 933/950/931 923/939/920
f 910/927/908 932/949/930 912/928/909
f 776/791/776 935/951/932 777/789/774
f 937/952/933 934/953/934 936/954/935
f 938/955/936 935/951/932 937/952/933
f 777/789/774 939/956/937 780/792/777
f 941/957/938 943/958/939 940/959/940
f 944/960/941 942/961/942 941/957/938
f 937/952/933 945/962/943 938/955/936
f 936/954/935 942/961/942 937/952/933
f 924/941/922 946/963/944 947/964/945
f 948/965/946 927/943/924 920/938/919
f 938/955/936 946/963/944 948/965/946
f 947/964/945 945/962/943 944/960/941
f 788/800/785 918/937/918 785/798/783
f 780/792/777 949/966/947 788/800/785
f 948/965/946 939/956/937 938/955/936
f 920/938/919 949/966/947 948/965/946
f 835/852/833 934/953/934 776/791/776
f 830/846/827 950/967/948 835/852/833
f 953/968/949 951/969/950 952/970/951
f 936/954/935 950/967/948 953/968/949
f 818/835/816 955/971/952 828/845/826
f 957/972/953 954/973/954 956/974/955
f 952/970/951 955/971/952 957/972/953
f 828/845/826 951/969/950 830/846/827
f 959/975/956 961/976/957 958/977/958
f 962/978/959 960/979/960 959/975/956
f 957/972/953 963/980/961 952/970/951
f 956/974/955 960/979/960 957/972/953
f 940/959/940 964/981/962 965/982/963
f 953/968/949 943/958/939 936/954/935
f 952/970/951 964/981/962 953/968/949
f 965/982/963 963/980/961 962/978/959
f 821/837/818 954/973/954 818/835/816
f 814/830/811 966/983/964 821/837/818
f 969/984/965 967/985/966 968/986/967
f 956/974/955 966/983/964 969/984/965
f 802/818/800 970/987/968 812/829/810
f 971/988/969 805/820/802 798/814/797
f 968/986/967 970/987/968 971/988/969
f 812/829/810 967/985/966 814/830/811
f 972/989/970 796/813/796 760/809/760
f 974/990/971 973/991/972 972/989/970
f 971/988/969 975/992/973 968/986/967
f 798/814/797 973/991/972 971/988/969
f 958/977/958 976/993/974 977/994/975
f 969/984/965 961/976/957 956/974/955
f 968/986/967 976/993/974 969/984/965
f 977/994/975 975/992/973 974/990/971
f 979/995/976 981/996/977 978/997/978
f 982/998/979 980/999/980 979/995/976
f 984/1000/981 980/999/980 983/1001/982
f 981/996/977 985/1002/983 986/1003/984
f 914/931/912 987/1004/985 988/1005/986
f 928/946/927 987/1004/985 931/947/928
f 983/1001/982 989/1006/987 984/1000/981
f 988/1005/986 983/1001/982 982/998/979
f 924/941/922 990/1007/988 925/945/926
f 944/960/941 990/1007/988 947/964/945
f 984/1000/981 990/1007/988 991/1008/989
f 925/945/926 989/1006/987 928/946/927
f 992/1009/990 941/957/938 940/959/940
f 986/1003/984 993/1010/991 992/1009/990
f 991/1008/989 985/1002/983 984/1000/981
f 941/957/938 991/1008/989 944/960/941
f 995/1011/992 997/1012/993 994/1013/994
f 998/1014/995 996/1015/996 995/1011/992
f 1001/1016/997 999/1017/998 1000/1018/999
f 1002/1019/1000 996/1015/996 1001/1016/997
f 888/907/888 1003/1020/1001 1004/1021/1002
f 1005/1022/1003 905/921/902 909/925/906
f 1000/1018/999 1003/1020/1001 1005/1022/1003
f 1004/1021/1002 999/1017/998 998/1014/995
f 988/1005/986 915/934/915 914/931/912
f 982/998/979 1006/1023/1004 988/1005/986
f 1005/1022/1003 1007/1024/1005 1000/1018/999
f 909/925/906 1006/1023/1004 1005/1022/1003
f 978/997/978 1009/1025/1006 979/995/976
f 1001/1016/997 1008/1026/1007 1002/1019/1000
f 1000/1018/999 1009/1025/1006 1001/1016/997
f 979/995/976 1007/1024/1005 982/998/979
f 1011/1027/1008 1013/1028/1009 1010/1029/1010
f 1014/1030/1011 1012/1031/1012 1011/1027/1008
f 1017/1032/1013 1015/1033/1014 1016/1034/1015
f 1018/1035/1016 1012/1031/1012 1017/1032/1013
f 898/915/896 1020/1036/1017 872/891/872
f 1021/1037/1018 898/915/896 892/908/889
f 1016/1034/1015 1019/1038/1019 1021/1037/1018
f 1020/1036/1017 1015/1033/1014 1014/1030/1011
f 1004/1021/1002 889/905/886 888/907/888
f 998/1014/995 1022/1039/1020 1004/1021/1002
f 1021/1037/1018 1023/1040/1021 1016/1034/1015
f 892/908/889 1022/1039/1020 1021/1037/1018
f 994/1013/994 1025/1041/1022 995/1011/992
f 1017/1032/1013 1024/1042/1023 1018/1035/1016
f 1016/1034/1015 1025/1041/1022 1017/1032/1013
f 995/1011/992 1023/1040/1021 998/1014/995
f 713/726/711 1027/1043/1024 680/695/680
f 710/724/709 1026/1044/1025 713/726/711
f 1030/1045/1026 1028/1046/1027 1029/1047/1028
f 1031/1048/1029 1026/1044/1025 1030/1045/1026
f 882/899/880 707/723/708 706/719/704
f 876/892/873 1032/1049/1030 882/899/880
f 1029/1047/1028 1032/1049/1030 1033/1050/1031
f 710/724/709 1032/1049/1030 1028/1046/1027
f 872/891/872 1034/1051/1032 873/889/870
f 1014/1030/1011 1034/1051/1032 1020/1036/1017
f 1033/1050/1031 1035/1052/1033 1029/1047/1028
f 873/889/870 1033/1050/1031 876/892/873
f 1010/1029/1010 1037/1053/1034 1011/1027/1008
f 1030/1045/1026 1036/1054/1035 1031/1048/1029
f 1029/1047/1028 1037/1053/1034 1030/1045/1026
f 1011/1027/1008 1035/1052/1033 1014/1030/1011
f 680/695/680 1038/1055/1036 681/693/678
f 1039/1056/1037 1027/1043/1024 1031/1048/1029
f 1040/1057/1038 1038/1055/1036 1039/1056/1037
f 681/693/678 1041/1058/1039 684/696/681
f 1042/1059/1040 1036/1054/1035 1010/1029/1010
f 1044/1060/1041 1043/1061/1042 1042/1059/1040
f 1039/1056/1037 1045/1062/1043 1040/1057/1038
f 1031/1048/1029 1043/1061/1042 1039/1056/1037
f 1046/1063/1044 1048/1064/1045 1049/1065/1046
f 1051/1066/1047 1047/1067/1048 1050/1068/1049
f 1040/1057/1038 1048/1064/1045 1051/1066/1047
f 1049/1065/1046 1045/1062/1043 1044/1060/1041
f 692/703/688 1053/1069/1050 689/704/689
f 684/696/681 1052/1070/1051 692/703/688
f 1051/1066/1047 1041/1058/1039 1040/1057/1038
f 1050/1068/1049 1052/1070/1051 1051/1066/1047
f 1010/1029/1010 1054/1071/1052 1042/1059/1040
f 1055/1072/1053 1013/1028/1009 1018/1035/1016
f 1056/1073/1054 1054/1071/1052 1055/1072/1053
f 1042/1059/1040 1057/1074/1055 1044/1060/1041
f 1058/1075/1056 1024/1042/1023 994/1013/994
f 1060/1076/1057 1059/1077/1058 1058/1075/1056
f 1055/1072/1053 1061/1078/1059 1056/1073/1054
f 1018/1035/1016 1059/1077/1058 1055/1072/1053
f 1062/1079/1060 1064/1080/1061 1065/1081/1062
f 1067/1082/1063 1063/1083/1064 1066/1084/1065
f 1056/1073/1054 1064/1080/1061 1067/1082/1063
f 1065/1081/1062 1061/1078/1059 1060/1076/1057
f 1049/1065/1046 1069/1085/1066 1046/1063/1044
f 1044/1060/1041 1068/1086/1067 1049/1065/1046
f 1067/1082/1063 1057/1074/1055 1056/1073/1054
f 1066/1084/1065 1068/1086/1067 1067/1082/1063
f 1070/1087/1068 1072/1088/1069 1073/1089/1070
f 1075/1090/1071 1071/1091/1072 1074/1092/1073
f 1076/1093/1074 1072/1088/1069 1075/1090/1071
f 1073/1089/1070 1077/1094/1075 1078/1095/1076
f 1080/1096/1077 1082/1097/1078 1079/1098/1079
f 1083/1099/1080 1081/1100/1081 1080/1096/1077
f 1075/1090/1071 1084/1101/1082 1076/1093/1074
f 1074/1092/1073 1081/1100/1081 1075/1090/1071
f 747/758/743 1086/1102/1083 744/759/744
f 1087/1103/1084 747/758/743 752/765/750
f 1084/1101/1082 1087/1103/1084 1076/1093/1074
f 1083/1099/1080 1085/1104/1085 1084/1101/1082
f 1088/1105/1086 758/772/757 728/743/728
f 1078/1095/1076 1089/1106/1087 1088/1105/1086
f 1087/1103/1084 1077/1094/1075 1076/1093/1074
f 752/765/750 1089/1106/1087 1087/1103/1084
f 1090/1107/1088 1092/1108/1089 1093/1109/1090
f 1095/1110/1091 1091/1111/1092 1094/1112/1093
f 1096/1113/1094 1092/1108/1089 1095/1110/1091
f 1093/1109/1090 1097/1114/1095 1098/1115/1096
f 1073/1089/1070 1100/1116/1097 1070/1087/1068
f 1078/1095/1076 1099/1117/1098 1073/1089/1070
f 1095/1110/1091 1101/1118/1099 1096/1113/1094
f 1094/1112/1093 1099/1117/1098 1095/1110/1091
f 728/743/728 1102/1119/1100 1088/1105/1086
f 1103/1120/1101 731/742/727 736/749/734
f 1096/1113/1094 1102/1119/1100 1103/1120/1101
f 1088/1105/1086 1101/1118/1099 1078/1095/1076
f 1104/1121/1102 742/755/740 689/704/689
f 1098/1115/1096 1105/1122/1103 1104/1121/1102
f 1103/1120/1101 1097/1114/1095 1096/1113/1094
f 736/749/734 1105/1122/1103 1103/1120/1101
f 958/977/958 1107/1123/1104 959/975/956
f 1109/1124/1105 1106/1125/1106 1108/1126/1107
f 1110/1127/1108 1107/1123/1104 1109/1124/1105
f 959/975/956 1111/1128/1109 962/978/959
f 1113/1129/1110 1115/1130/1111 1112/1131/1112
f 1116/1132/1113 1114/1133/1114 1113/1129/1110
f 1109/1124/1105 1117/1134/1115 1110/1127/1108
f 1108/1126/1107 1114/1133/1114 1109/1124/1105
f 1118/1135/1116 1120/1136/1117 1121/1137/1118
f 1123/1138/1119 1119/1139/1120 1122/1140/1121
f 1110/1127/1108 1120/1136/1117 1123/1138/1119
f 1121/1137/1118 1117/1134/1115 1116/1132/1113
f 965/982/963 1125/1141/1122 940/959/940
f 962/978/959 1124/1142/1123 965/982/963
f 1123/1138/1119 1111/1128/1109 1110/1127/1108
f 1122/1140/1121 1124/1142/1123 1123/1138/1119
f 760/775/760 1126/1143/1124 972/1144/970
f 1127/1145/1125 763/774/759 768/781/766
f 1128/1146/1126 1126/1143/1124 1127/1145/1125
f 972/1144/970 1129/1147/1127 974/1148/971
f 1130/1149/1128 774/788/773 744/759/744
f 1132/1150/1129 1131/1151/1130 1130/1149/1128
f 1127/1145/1125 1133/1152/1131 1128/1146/1126
f 768/781/766 1131/1151/1130 1127/1145/1125
f 1112/1153/1112 1134/1154/1132 1135/1155/1133
f 1136/1156/1134 1115/1157/1111 1108/1158/1107
f 1128/1146/1126 1134/1154/1132 1136/1156/1134
f 1135/1155/1133 1133/1152/1131 1132/1150/1129
f 977/1159/975 1106/1160/1106 958/1161/958
f 974/1148/971 1137/1162/1135 977/1159/975
f 1136/1156/1134 1129/1147/1127 1128/1146/1126
f 1108/1158/1107 1137/1162/1135 1136/1156/1134
f 1086/1102/1083 1130/1149/1128 744/759/744
f 1083/1099/1080 1138/1163/1136 1086/1102/1083
f 1141/1164/1137 1139/1165/1138 1140/1166/1139
f 1130/1149/1128 1141/1164/1137 1132/1150/1129
f 1079/1098/1079 1143/1167/1140 1080/1096/1077
f 1145/1168/1141 1142/1169/1142 1144/1170/1143
f 1140/1166/1139 1143/1167/1140 1145/1168/1141
f 1080/1096/1077 1139/1165/1138 1083/1099/1080
f 1147/1171/1144 1149/1172/1145 1146/1173/1146
f 1150/1174/1147 1148/1175/1148 1147/1171/1144
f 1145/1168/1141 1151/1176/1149 1140/1166/1139
f 1144/1170/1143 1148/1175/1148 1145/1168/1141
f 1135/1155/1133 1153/1177/1150 1112/1153/1112
f 1132/1150/1129 1152/1178/1151 1135/1155/1133
f 1140/1166/1139 1152/1178/1151 1141/1164/1137
f 1150/1174/1147 1152/1178/1151 1151/1176/1149
f 1112/1131/1112 1154/1179/1152 1113/1129/1110
f 1155/1180/1153 1153/1181/1150 1150/1182/1147
f 1156/1183/1154 1154/1179/1152 1155/1180/1153
f 1113/1129/1110 1157/1184/1155 1116/1132/1113
f 1158/1185/1156 1147/1186/1144 1146/1187/1146
f 1160/1188/1157 1159/1189/1158 1158/1185/1156
f 1155/1180/1153 1161/1190/1159 1156/1183/1154
f 1150/1182/1147 1159/1189/1158 1155/1180/1153
f 1162/1191/1160 1164/1192/1161 1165/1193/1162
f 1167/1194/1163 1163/1195/1164 1166/1196/1165
f 1156/1183/1154 1164/1192/1161 1167/1194/1163
f 1165/1193/1162 1161/1190/1159 1160/1188/1157
f 1121/1137/1118 1169/1197/1166 1118/1135/1116
f 1116/1132/1113 1168/1198/1167 1121/1137/1118
f 1167/1194/1163 1157/1184/1155 1156/1183/1154
f 1166/1196/1165 1168/1198/1167 1167/1194/1163
f 1118/1135/1116 1170/1199/1168 1171/1200/1169
f 1172/1201/1170 1169/1197/1166 1166/1196/1165
f 1173/1202/1171 1170/1199/1168 1172/1201/1170
f 1171/1200/1169 1174/1203/1172 1175/1204/1173
f 1176/1205/1174 1163/1195/1164 1162/1191/1160
f 1178/1206/1175 1177/1207/1176 1176/1205/1174
f 1172/1201/1170 1179/1208/1177 1173/1202/1171
f 1166/1196/1165 1177/1207/1176 1172/1201/1170
f 1181/1209/1178 1183/1210/1179 1180/1211/1180
f 1184/1212/1181 1182/1213/1182 1181/1209/1178
f 1179/1208/1177 1185/1214/1183 1173/1202/1171
f 1178/1206/1175 1182/1213/1182 1179/1208/1177
f 1186/1215/1184 1188/1216/1185 1189/1217/1186
f 1174/1203/1172 1187/1218/1187 1175/1204/1173
f 1173/1202/1171 1188/1216/1185 1174/1203/1172
f 1189/1217/1186 1185/1214/1183 1184/1212/1181
f 1171/1200/1169 1119/1139/1120 1118/1135/1116
f 1175/1204/1173 1190/1219/1188 1171/1200/1169
f 1193/1220/1189 1191/1221/1190 1192/1222/1191
f 1122/1140/1121 1190/1219/1188 1193/1220/1189
f 1194/1223/1192 1187/1218/1187 1186/1215/1184
f 1196/1224/1193 1195/1225/1194 1194/1223/1192
f 1192/1222/1191 1195/1225/1194 1197/1226/1195
f 1187/1218/1187 1191/1221/1190 1175/1204/1173
f 978/997/978 1198/1227/1196 1199/1228/1197
f 986/1003/984 1198/1227/1196 981/996/977
f 1197/1226/1195 1200/1229/1198 1192/1222/1191
f 1199/1228/1197 1197/1226/1195 1196/1224/1193
f 940/959/940 1201/1230/1199 992/1009/990
f 1193/1220/1189 1125/1141/1122 1122/1140/1121
f 1192/1222/1191 1201/1230/1199 1193/1220/1189
f 992/1009/990 1200/1229/1198 986/1003/984
f 1180/1211/1180 1203/1231/1200 1181/1209/1178
f 1205/1232/1201 1202/1233/1202 1204/1234/1203
f 1206/1235/1204 1203/1231/1200 1205/1232/1201
f 1181/1209/1178 1207/1236/1205 1184/1212/1181
f 1209/1237/1206 1211/1238/1207 1208/1239/1208
f 1212/1240/1209 1210/1241/1210 1209/1237/1206
f 1205/1232/1201 1213/1242/1211 1206/1235/1204
f 1204/1234/1203 1210/1241/1210 1205/1232/1201
f 1062/1079/1060 1215/1243/1212 1216/1244/1213
f 1218/1245/1214 1214/1246/1215 1217/1247/1216
f 1206/1235/1204 1215/1243/1212 1218/1245/1214
f 1216/1244/1213 1213/1242/1211 1212/1240/1209
f 1189/1217/1186 1220/1248/1217 1186/1215/1184
f 1184/1212/1181 1219/1249/1218 1189/1217/1186
f 1218/1245/1214 1207/1236/1205 1206/1235/1204
f 1217/1247/1216 1219/1249/1218 1218/1245/1214
f 1186/1215/1184 1221/1250/1219 1194/1223/1192
f 1222/1251/1220 1220/1248/1217 1217/1247/1216
f 1223/1252/1221 1221/1250/1219 1222/1251/1220
f 1194/1223/1192 1224/1253/1222 1196/1224/1193
f 1065/1081/1062 1214/1246/1215 1062/1079/1060
f 1060/1076/1057 1225/1254/1223 1065/1081/1062
f 1222/1251/1220 1226/1255/1224 1223/1252/1221
f 1217/1247/1216 1225/1254/1223 1222/1251/1220
f 994/1013/994 1227/1256/1225 1058/1075/1056
f 1228/1257/1226 997/1012/993 1002/1019/1000
f 1223/1252/1221 1227/1256/1225 1228/1257/1226
f 1058/1075/1056 1226/1255/1224 1060/1076/1057
f 1199/1228/1197 1008/1026/1007 978/997/978
f 1196/1224/1193 1229/1258/1227 1199/1228/1197
f 1228/1257/1226 1224/1253/1222 1223/1252/1221
f 1002/1019/1000 1229/1258/1227 1228/1257/1226
f 1090/1107/1088 1230/1259/1228 1231/1260/1229
f 1232/1261/1230 1093/1109/1090 1098/1115/1096
f 1233/1262/1231 1230/1259/1228 1232/1261/1230
f 1231/1260/1229 1234/1263/1232 1235/1264/1233
f 689/704/689 1236/1265/1234 1104/1121/1102
f 1237/1266/1235 1053/1069/1050 1050/1068/1049
f 1232/1261/1230 1237/1266/1235 1233/1262/1231
f 1098/1115/1096 1236/1265/1234 1232/1261/1230
f 1238/1267/1236 1047/1067/1048 1046/1063/1044
f 1240/1268/1237 1239/1269/1238 1238/1267/1236
f 1233/1262/1231 1239/1269/1238 1241/1270/1239
f 1050/1068/1049 1239/1269/1238 1237/1266/1235
f 1243/1271/1240 1245/1272/1241 1242/1273/1242
f 1235/1264/1233 1244/1274/1243 1243/1271/1240
f 1241/1270/1239 1234/1263/1232 1233/1262/1231
f 1240/1268/1237 1244/1274/1243 1241/1270/1239
f 1046/1063/1044 1246/1275/1244 1238/1267/1236
f 1247/1276/1245 1069/1085/1066 1066/1084/1065
f 1248/1277/1246 1246/1275/1244 1247/1276/1245
f 1238/1267/1236 1249/1278/1247 1240/1268/1237
f 1216/1244/1213 1063/1083/1064 1062/1079/1060
f 1212/1240/1209 1250/1279/1248 1216/1244/1213
f 1247/1276/1245 1251/1280/1249 1248/1277/1246
f 1066/1084/1065 1250/1279/1248 1247/1276/1245
f 1208/1239/1208 1253/1281/1250 1209/1237/1206
f 1255/1282/1251 1252/1283/1252 1254/1284/1253
f 1248/1277/1246 1253/1281/1250 1255/1282/1251
f 1209/1237/1206 1251/1280/1249 1212/1240/1209
f 1242/1273/1242 1256/1285/1254 1257/1286/1255
f 1240/1268/1237 1256/1285/1254 1245/1272/1241
f 1255/1282/1251 1249/1278/1247 1248/1277/1246
f 1257/1286/1255 1255/1282/1251 1254/1284/1253
f 1259/1287/1256 1261/1288/1257 1258/1289/1258
f 1262/1290/1259 1260/1291/1260 1259/1287/1256
f 1265/1292/1261 1263/1293/1262 1264/1294/1263
f 1266/1295/1264 1260/1291/1260 1265/1292/1261
f 1267/1296/1265 1269/1297/1266 1270/1298/1267
f 1272/1299/1268 1268/1300/1269 1271/1301/1270
f 1264/1294/1263 1269/1297/1266 1272/1299/1268
f 1270/1298/1267 1263/1293/1262 1262/1290/1259
f 1274/1302/1271 1276/1303/1272 1273/1304/1273
f 1277/1305/1274 1275/1306/1275 1274/1302/1271
f 1272/1299/1268 1278/1307/1276 1264/1294/1263
f 1271/1301/1270 1275/1306/1275 1272/1299/1268
f 1279/1308/1277 1281/1309/1278 1282/1310/1279
f 1265/1292/1261 1280/1311/1280 1266/1295/1264
f 1264/1294/1263 1281/1309/1278 1265/1292/1261
f 1282/1310/1279 1278/1307/1276 1277/1305/1274
f 1283/1312/1281 1285/1313/1282 1286/1314/1283
f 1288/1315/1284 1284/1316/1285 1287/1317/1286
f 1289/1318/1287 1285/1313/1282 1288/1315/1284
f 1286/1314/1283 1290/1319/1288 1291/1320/1289
f 1293/1321/1290 1295/1322/1291 1292/1323/1292
f 1296/1324/1293 1294/1325/1294 1293/1321/1290
f 1288/1315/1284 1297/1326/1295 1289/1318/1287
f 1287/1317/1286 1294/1325/1294 1288/1315/1284
f 1273/1304/1273 1298/1327/1296 1299/1328/1297
f 1300/1329/1298 1276/1303/1272 1271/1301/1270
f 1289/1318/1287 1298/1327/1296 1300/1329/1298
f 1299/1328/1297 1297/1326/1295 1296/1324/1293
f 1301/1330/1299 1268/1300/1269 1267/1296/1265
f 1291/1320/1289 1302/1331/1300 1301/1330/1299
f 1300/1329/1298 1290/1319/1288 1289/1318/1287
f 1271/1301/1270 1302/1331/1300 1300/1329/1298
f 1304/1332/1301 1306/1333/1302 1303/1334/1303
f 1307/1335/1304 1305/1336/1305 1304/1332/1301
f 1310/1337/1306 1308/1338/1307 1309/1339/1308
f 1311/1340/1309 1305/1336/1305 1310/1337/1306
f 1292/1323/1292 1312/1341/1310 1313/1342/1311
f 1314/1343/1312 1295/1322/1291 1287/1317/1286
f 1309/1339/1308 1312/1341/1310 1314/1343/1312
f 1313/1342/1311 1308/1338/1307 1307/1335/1304
f 1315/1344/1313 1284/1316/1285 1283/1312/1281
f 1317/1345/1314 1316/1346/1315 1315/1344/1313
f 1314/1343/1312 1318/1347/1316 1309/1339/1308
f 1287/1317/1286 1316/1346/1315 1314/1343/1312
f 1319/1348/1317 1321/1349/1318 1322/1350/1319
f 1310/1337/1306 1320/1351/1320 1311/1340/1309
f 1309/1339/1308 1321/1349/1318 1310/1337/1306
f 1322/1350/1319 1318/1347/1316 1317/1345/1314
f 1257/1286/1255 1324/1352/1321 1242/1273/1242
f 1254/1284/1253 1323/1353/1322 1257/1286/1255
f 1327/1354/1323 1325/1355/1324 1326/1356/1325
f 1328/1357/1326 1323/1353/1322 1327/1354/1323
f 1329/1358/1327 1252/1283/1252 1208/1239/1208
f 1331/1359/1328 1330/1360/1329 1329/1358/1327
f 1326/1356/1325 1330/1360/1329 1332/1361/1330
f 1252/1283/1252 1325/1355/1324 1254/1284/1253
f 1303/1334/1303 1333/1362/1331 1334/1363/1332
f 1311/1340/1309 1333/1362/1331 1306/1333/1302
f 1332/1361/1330 1335/1364/1333 1326/1356/1325
f 1334/1363/1332 1332/1361/1330 1331/1359/1328
f 1319/1348/1317 1337/1365/1334 1320/1351/1320
f 1327/1354/1323 1336/1366/1335 1328/1357/1326
f 1326/1356/1325 1337/1365/1334 1327/1354/1323
f 1320/1351/1320 1335/1364/1333 1311/1340/1309
f 1242/1273/1242 1338/1367/1336 1243/1271/1240
f 1339/1368/1337 1324/1352/1321 1328/1357/1326
f 1340/1369/1338 1338/1367/1336 1339/1368/1337
f 1243/1271/1240 1341/1370/1339 1235/1264/1233
f 1342/1371/1340 1336/1366/1335 1319/1348/1317
f 1344/1372/1341 1343/1373/1342 1342/1371/1340
f 1339/1368/1337 1345/1374/1343 1340/1369/1338
f 1328/1357/1326 1343/1373/1342 1339/1368/1337
f 1346/1375/1344 1348/1376/1345 1349/1377/1346
f 1351/1378/1347 1347/1379/1348 1350/1380/1349
f 1340/1369/1338 1348/1376/1345 1351/1378/1347
f 1349/1377/1346 1345/1374/1343 1344/1372/1341
f 1231/1260/1229 1353/1381/1350 1090/1107/1088
f 1235/1264/1233 1352/1382/1351 1231/1260/1229
f 1351/1378/1347 1341/1370/1339 1340/1369/1338
f 1350/1380/1349 1352/1382/1351 1351/1378/1347
f 1346/1375/1344 1354/1383/1352 1355/1384/1353
f 1356/1385/1354 1349/1377/1346 1344/1372/1341
f 1357/1386/1355 1354/1383/1352 1356/1385/1354
f 1355/1384/1353 1358/1387/1356 1359/1388/1357
f 1319/1348/1317 1360/1389/1358 1342/1371/1340
f 1317/1345/1314 1360/1389/1358 1322/1350/1319
f 1356/1385/1354 1361/1390/1359 1357/1386/1355
f 1342/1371/1340 1356/1385/1354 1344/1372/1341
f 1283/1312/1281 1363/1391/1360 1315/1344/1313
f 1365/1392/1361 1362/1393/1362 1364/1394/1363
f 1357/1386/1355 1363/1391/1360 1365/1392/1361
f 1315/1344/1313 1361/1390/1359 1317/1345/1314
f 1367/1395/1364 1369/1396/1365 1366/1397/1366
f 1359/1388/1357 1368/1398/1367 1367/1395/1364
f 1365/1392/1361 1358/1387/1356 1357/1386/1355
f 1364/1394/1363 1368/1398/1367 1365/1392/1361
f 1286/1314/1283 1362/1393/1362 1283/1312/1281
f 1291/1320/1289 1370/1399/1368 1286/1314/1283
f 1373/1400/1369 1371/1401/1370 1372/1402/1371
f 1364/1394/1363 1370/1399/1368 1373/1400/1369
f 1267/1296/1265 1375/1403/1372 1301/1330/1299
f 1377/1404/1373 1374/1405/1374 1376/1406/1375
f 1372/1402/1371 1375/1403/1372 1377/1404/1373
f 1301/1330/1299 1371/1401/1370 1291/1320/1289
f 1379/1407/1376 1381/1408/1377 1378/1409/1378
f 1382/1410/1379 1380/1411/1380 1379/1407/1376
f 1377/1404/1373 1383/1412/1381 1372/1402/1371
f 1376/1406/1375 1380/1411/1380 1377/1404/1373
f 1366/1397/1366 1384/1413/1382 1385/1414/1383
f 1373/1400/1369 1369/1396/1365 1364/1394/1363
f 1372/1402/1371 1384/1413/1382 1373/1400/1369
f 1385/1414/1383 1383/1412/1381 1382/1410/1379
f 1270/1298/1267 1374/1405/1374 1267/1296/1265
f 1262/1290/1259 1386/1415/1384 1270/1298/1267
f 1389/1416/1385 1387/1417/1386 1388/1418/1387
f 1376/1406/1375 1386/1415/1384 1389/1416/1385
f 1258/1289/1258 1391/1419/1388 1259/1287/1256
f 1393/1420/1389 1390/1421/1390 1392/1422/1391
f 1388/1418/1387 1391/1419/1388 1393/1420/1389
f 1259/1287/1256 1387/1417/1386 1262/1290/1259
f 1395/1423/1392 1397/1424/1393 1394/1425/1394
f 1398/1426/1395 1396/1427/1396 1395/1423/1392
f 1393/1420/1389 1399/1428/1397 1388/1418/1387
f 1392/1422/1391 1396/1427/1396 1393/1420/1389
f 1378/1409/1378 1400/1429/1398 1401/1430/1399
f 1389/1416/1385 1381/1408/1377 1376/1406/1375
f 1388/1418/1387 1400/1429/1398 1389/1416/1385
f 1401/1430/1399 1399/1428/1397 1398/1426/1395
f 1402/1431/1400 1202/1233/1202 1180/1211/1180
f 1404/1432/1401 1403/1433/1402 1402/1431/1400
f 1407/1434/1403 1405/1435/1404 1406/1436/1405
f 1204/1234/1203 1403/1433/1402 1407/1434/1403
f 1408/1437/1406 1410/1438/1407 1411/1439/1408
f 1413/1440/1409 1409/1441/1410 1412/1442/1411
f 1406/1436/1405 1410/1438/1407 1413/1440/1409
f 1411/1439/1408 1405/1435/1404 1404/1432/1401
f 1334/1363/1332 1415/1443/1412 1303/1334/1303
f 1331/1359/1328 1414/1444/1413 1334/1363/1332
f 1413/1440/1409 1416/1445/1414 1406/1436/1405
f 1412/1442/1411 1414/1444/1413 1413/1440/1409
f 1208/1239/1208 1417/1446/1415 1329/1358/1327
f 1407/1434/1403 1211/1238/1207 1204/1234/1203
f 1406/1436/1405 1417/1446/1415 1407/1434/1403
f 1329/1358/1327 1416/1445/1414 1331/1359/1328
f 1418/1447/1416 1420/1448/1417 1421/1449/1418
f 1423/1450/1419 1419/1451/1420 1422/1452/1421
f 1424/1453/1422 1420/1448/1417 1423/1450/1419
f 1421/1449/1418 1425/1454/1423 1426/1455/1424
f 1282/1310/1279 1428/1456/1425 1279/1308/1277
f 1277/1305/1274 1427/1457/1426 1282/1310/1279
f 1423/1450/1419 1429/1458/1427 1424/1453/1422
f 1422/1452/1421 1427/1457/1426 1423/1450/1419
f 1273/1304/1273 1431/1459/1428 1274/1302/1271
f 1433/1460/1429 1430/1461/1430 1432/1462/1431
f 1424/1453/1422 1431/1459/1428 1433/1460/1429
f 1274/1302/1271 1429/1458/1427 1277/1305/1274
f 1435/1463/1432 1437/1464/1433 1434/1465/1434
f 1426/1455/1424 1436/1466/1435 1435/1463/1432
f 1433/1460/1429 1425/1454/1423 1424/1453/1422
f 1432/1462/1431 1436/1466/1435 1433/1460/1429
f 1434/1465/1434 1438/1467/1436 1439/1468/1437
f 1440/1469/1438 1437/1464/1433 1432/1462/1431
f 1441/1470/1439 1438/1467/1436 1440/1469/1438
f 1439/1468/1437 1442/1471/1440 1443/1472/1441
f 1299/1328/1297 1430/1461/1430 1273/1304/1273
f 1296/1324/1293 1444/1473/1442 1299/1328/1297
f 1440/1469/1438 1445/1474/1443 1441/1470/1439
f 1432/1462/1431 1444/1473/1442 1440/1469/1438
f 1292/1323/1292 1447/1475/1444 1293/1321/1290
f 1449/1476/1445 1446/1477/1446 1448/1478/1447
f 1441/1470/1439 1447/1475/1444 1449/1476/1445
f 1293/1321/1290 1445/1474/1443 1296/1324/1293
f 1451/1479/1448 1453/1480/1449 1450/1481/1450
f 1443/1472/1441 1452/1482/1451 1451/1479/1448
f 1449/1476/1445 1442/1471/1440 1441/1470/1439
f 1448/1478/1447 1452/1482/1451 1449/1476/1445
f 1450/1481/1450 1454/1483/1452 1455/1484/1453
f 1456/1485/1454 1453/1480/1449 1448/1478/1447
f 1457/1486/1455 1454/1483/1452 1456/1485/1454
f 1455/1484/1453 1458/1487/1456 1459/1488/1457
f 1313/1342/1311 1446/1477/1446 1292/1323/1292
f 1307/1335/1304 1460/1489/1458 1313/1342/1311
f 1456/1485/1454 1461/1490/1459 1457/1486/1455
f 1448/1478/1447 1460/1489/1458 1456/1485/1454
f 1303/1334/1303 1462/1491/1460 1304/1332/1301
f 1463/1492/1461 1415/1443/1412 1412/1442/1411
f 1457/1486/1455 1462/1491/1460 1463/1492/1461
f 1304/1332/1301 1461/1490/1459 1307/1335/1304
f 1464/1493/1462 1409/1441/1410 1408/1437/1406
f 1459/1488/1457 1465/1494/1463 1464/1493/1462
f 1463/1492/1461 1458/1487/1456 1457/1486/1455
f 1412/1442/1411 1465/1494/1463 1463/1492/1461
f 1180/1211/1180 1466/1495/1464 1402/1431/1400
f 1467/1496/1465 1183/1210/1179 1178/1206/1175
f 1468/1497/1466 1466/1495/1464 1467/1496/1465
f 1402/1431/1400 1469/1498/1467 1404/1432/1401
f 1162/1191/1160 1471/1499/1468 1176/1205/1174
f 1473/1500/1469 1470/1501/1470 1472/1502/1471
f 1468/1497/1466 1471/1499/1468 1473/1500/1469
f 1176/1205/1174 1467/1496/1465 1178/1206/1175
f 1475/1503/1472 1477/1504/1473 1474/1505/1474
f 1478/1506/1475 1476/1507/1476 1475/1503/1472
f 1473/1500/1469 1479/1508/1477 1468/1497/1466
f 1472/1502/1471 1476/1507/1476 1473/1500/1469
f 1411/1439/1408 1481/1509/1478 1408/1437/1406
f 1404/1432/1401 1480/1510/1479 1411/1439/1408
f 1479/1508/1477 1469/1498/1467 1468/1497/1466
f 1478/1506/1475 1480/1510/1479 1479/1508/1477
f 1408/1437/1406 1482/1511/1480 1464/1493/1462
f 1478/1506/1475 1482/1511/1480 1481/1509/1478
f 1485/1512/1481 1483/1513/1482 1484/1514/1483
f 1464/1493/1462 1485/1512/1481 1459/1488/1457
f 1474/1505/1474 1487/1515/1484 1475/1503/1472
f 1489/1516/1485 1486/1517/1486 1488/1518/1487
f 1484/1514/1483 1487/1515/1484 1489/1516/1485
f 1475/1503/1472 1483/1513/1482 1478/1506/1475
f 1491/1519/1488 1493/1520/1489 1490/1521/1490
f 1494/1522/1491 1492/1523/1492 1491/1519/1488
f 1489/1516/1485 1495/1524/1493 1484/1514/1483
f 1488/1518/1487 1492/1523/1492 1489/1516/1485
f 1450/1481/1450 1496/1525/1494 1497/1526/1495
f 1485/1512/1481 1455/1484/1453 1459/1488/1457
f 1484/1514/1483 1496/1525/1494 1485/1512/1481
f 1497/1526/1495 1495/1524/1493 1494/1522/1491
f 1421/1449/1418 1499/1527/1496 1418/1447/1416
f 1426/1455/1424 1498/1528/1497 1421/1449/1418
f 1502/1529/1498 1500/1530/1499 1501/1531/1500
f 1503/1532/1501 1498/1528/1497 1502/1529/1498
f 1434/1465/1434 1505/1533/1502 1435/1463/1432
f 1507/1534/1503 1504/1535/1504 1506/1536/1505
f 1501/1531/1500 1505/1533/1502 1507/1534/1503
f 1435/1463/1432 1500/1530/1499 1426/1455/1424
f 1508/1537/1506 1510/1538/1507 1511/1539/1508
f 1513/1540/1509 1509/1541/1510 1512/1542/1511
f 1501/1531/1500 1510/1538/1507 1513/1540/1509
f 1511/1539/1508 1507/1534/1503 1506/1536/1505
f 1515/1543/1512 1517/1544/1513 1514/1545/1514
f 1503/1532/1501 1516/1546/1515 1515/1543/1512
f 1513/1540/1509 1502/1529/1498 1501/1531/1500
f 1512/1542/1511 1516/1546/1515 1513/1540/1509
f 1439/1468/1437 1504/1535/1504 1434/1465/1434
f 1443/1472/1441 1518/1547/1516 1439/1468/1437
f 1520/1548/1517 1518/1547/1516 1519/1549/1518
f 1504/1535/1504 1521/1550/1519 1506/1536/1505
f 1497/1526/1495 1451/1479/1448 1450/1481/1450
f 1494/1522/1491 1522/1551/1520 1497/1526/1495
f 1519/1549/1518 1523/1552/1521 1520/1548/1517
f 1451/1479/1448 1519/1549/1518 1443/1472/1441
f 1490/1521/1490 1525/1553/1522 1491/1519/1488
f 1527/1554/1523 1524/1555/1524 1526/1556/1525
f 1520/1548/1517 1525/1553/1522 1527/1554/1523
f 1491/1519/1488 1523/1552/1521 1494/1522/1491
f 1511/1539/1508 1529/1557/1526 1508/1537/1506
f 1506/1536/1505 1528/1558/1527 1511/1539/1508
f 1527/1554/1523 1521/1550/1519 1520/1548/1517
f 1526/1556/1525 1528/1558/1527 1527/1554/1523
f 1165/1193/1162 1470/1501/1470 1162/1191/1160
f 1160/1188/1157 1530/1559/1528 1165/1193/1162
f 1533/1560/1529 1531/1561/1530 1532/1562/1531
f 1472/1502/1471 1530/1559/1528 1533/1560/1529
f 1146/1187/1146 1535/1563/1532 1158/1185/1156
f 1537/1564/1533 1534/1565/1534 1536/1566/1535
f 1532/1562/1531 1535/1563/1532 1537/1564/1533
f 1158/1185/1156 1531/1561/1530 1160/1188/1157
f 1539/1567/1536 1541/1568/1537 1538/1569/1538
f 1542/1570/1539 1540/1571/1540 1539/1567/1536
f 1537/1564/1533 1543/1572/1541 1532/1562/1531
f 1536/1566/1535 1540/1571/1540 1537/1564/1533
f 1474/1505/1474 1544/1573/1542 1545/1574/1543
f 1533/1560/1529 1477/1504/1473 1472/1502/1471
f 1532/1562/1531 1544/1573/1542 1533/1560/1529
f 1545/1574/1543 1543/1572/1541 1542/1570/1539
f 1545/1574/1543 1486/1517/1486 1474/1505/1474
f 1542/1570/1539 1546/1575/1544 1545/1574/1543
f 1549/1576/1545 1547/1577/1546 1548/1578/1547
f 1488/1518/1487 1546/1575/1544 1549/1576/1545
f 1538/1569/1538 1551/1579/1548 1539/1567/1536
f 1553/1580/1549 1550/1581/1550 1552/1582/1551
f 1548/1578/1547 1551/1579/1548 1553/1580/1549
f 1539/1567/1536 1547/1577/1546 1542/1570/1539
f 1555/1583/1552 1557/1584/1553 1554/1585/1554
f 1558/1586/1555 1556/1587/1556 1555/1583/1552
f 1553/1580/1549 1559/1588/1557 1548/1578/1547
f 1552/1582/1551 1556/1587/1556 1553/1580/1549
f 1490/1521/1490 1560/1589/1558 1561/1590/1559
f 1549/1576/1545 1493/1520/1489 1488/1518/1487
f 1548/1578/1547 1560/1589/1558 1549/1576/1545
f 1561/1590/1559 1559/1588/1557 1558/1586/1555
f 1562/1591/1560 1509/1541/1510 1508/1537/1506
f 1564/1592/1561 1563/1593/1562 1562/1591/1560
f 1567/1594/1563 1565/1595/1564 1566/1596/1565
f 1512/1542/1511 1563/1593/1562 1567/1594/1563
f 1568/1597/1566 1570/1598/1567 1571/1599/1568
f 1573/1600/1569 1569/1601/1570 1572/1602/1571
f 1566/1596/1565 1570/1598/1567 1573/1600/1569
f 1571/1599/1568 1565/1595/1564 1564/1592/1561
f 1575/1603/1572 1577/1604/1573 1574/1605/1574
f 1578/1606/1575 1576/1607/1576 1575/1603/1572
f 1573/1600/1569 1579/1608/1577 1566/1596/1565
f 1572/1602/1571 1576/1607/1576 1573/1600/1569
f 1514/1545/1514 1580/1609/1578 1581/1610/1579
f 1567/1594/1563 1517/1544/1513 1512/1542/1511
f 1566/1596/1565 1580/1609/1578 1567/1594/1563
f 1581/1610/1579 1579/1608/1577 1578/1606/1575
f 1561/1590/1559 1524/1555/1524 1490/1521/1490
f 1558/1586/1555 1582/1611/1580 1561/1590/1559
f 1585/1612/1581 1583/1613/1582 1584/1614/1583
f 1526/1556/1525 1582/1611/1580 1585/1612/1581
f 1554/1585/1554 1587/1615/1584 1555/1583/1552
f 1589/1616/1585 1586/1617/1586 1588/1618/1587
f 1584/1614/1583 1587/1615/1584 1589/1616/1585
f 1555/1583/1552 1583/1613/1582 1558/1586/1555
f 1571/1599/1568 1591/1619/1588 1568/1597/1566
f 1564/1592/1561 1590/1620/1589 1571/1599/1568
f 1589/1616/1585 1592/1621/1590 1584/1614/1583
f 1588/1618/1587 1590/1620/1589 1589/1616/1585
f 1508/1537/1506 1593/1622/1591 1562/1591/1560
f 1585/1612/1581 1529/1557/1526 1526/1556/1525
f 1584/1614/1583 1593/1622/1591 1585/1612/1581
f 1562/1591/1560 1592/1621/1590 1564/1592/1561
f 1594/1623/1592 1569/1624/1570 1568/1625/1566
f 1596/1626/1593 1595/1627/1594 1594/1623/1592
f 1599/1628/1595 1597/1629/1596 1598/1630/1597
f 1572/1631/1571 1595/1627/1594 1599/1628/1595
f 1600/1632/1598 1602/1633/1599 1603/1634/1600
f 1605/1635/1601 1601/1636/1602 1604/1637/1603
f 1598/1630/1597 1602/1633/1599 1605/1635/1601
f 1603/1634/1600 1597/1629/1596 1596/1626/1593
f 1607/1638/1604 1609/1639/1605 1606/1640/1606
f 1610/1641/1607 1608/1642/1608 1607/1638/1604
f 1605/1635/1601 1611/1643/1609 1598/1630/1597
f 1604/1637/1603 1608/1642/1608 1605/1635/1601
f 1574/1644/1574 1612/1645/1610 1613/1646/1611
f 1599/1628/1595 1577/1647/1573 1572/1631/1571
f 1598/1630/1597 1612/1645/1610 1599/1628/1595
f 1613/1646/1611 1611/1643/1609 1610/1641/1607
f 1614/1648/1612 1586/1649/1586 1554/1650/1554
f 1616/1651/1613 1615/1652/1614 1614/1648/1612
f 1619/1653/1615 1617/1654/1616 1618/1655/1617
f 1588/1656/1587 1615/1652/1614 1619/1653/1615
f 1620/1657/1618 1622/1658/1619 1623/1659/1620
f 1625/1660/1621 1621/1661/1622 1624/1662/1623
f 1618/1655/1617 1622/1658/1619 1625/1660/1621
f 1623/1659/1620 1617/1654/1616 1616/1651/1613
f 1603/1634/1600 1627/1663/1624 1600/1632/1598
f 1596/1626/1593 1626/1664/1625 1603/1634/1600
f 1625/1660/1621 1628/1665/1626 1618/1655/1617
f 1624/1662/1623 1626/1664/1625 1625/1660/1621
f 1568/1625/1566 1629/1666/1627 1594/1623/1592
f 1619/1653/1615 1591/1667/1588 1588/1656/1587
f 1618/1655/1617 1629/1666/1627 1619/1653/1615
f 1594/1623/1592 1628/1665/1626 1596/1626/1593
f 1630/1668/1628 1632/1669/1629 1633/1670/1630
f 1635/1671/1631 1631/1672/1632 1634/1673/1633
f 1636/1674/1634 1632/1669/1629 1635/1671/1631
f 1633/1670/1630 1637/1675/1635 1638/1676/1636
f 1623/1659/1620 1640/1677/1637 1620/1657/1618
f 1616/1651/1613 1639/1678/1638 1623/1659/1620
f 1635/1671/1631 1641/1679/1639 1636/1674/1634
f 1634/1673/1633 1639/1678/1638 1635/1671/1631
f 1554/1650/1554 1642/1680/1640 1614/1648/1612
f 1643/1681/1641 1557/1682/1553 1552/1683/1551
f 1636/1674/1634 1642/1680/1640 1643/1681/1641
f 1614/1648/1612 1641/1679/1639 1616/1651/1613
f 1644/1684/1642 1550/1685/1550 1538/1686/1538
f 1638/1676/1636 1645/1687/1643 1644/1684/1642
f 1643/1681/1641 1637/1675/1635 1636/1674/1634
f 1552/1683/1551 1645/1687/1643 1643/1681/1641
f 1146/1173/1146 1646/1688/1644 1534/1689/1534
f 1647/1690/1645 1149/1172/1145 1144/1170/1143
f 1648/1691/1646 1646/1688/1644 1647/1690/1645
f 1534/1689/1534 1649/1692/1647 1536/1693/1535
f 1650/1694/1648 1142/1169/1142 1079/1098/1079
f 1652/1695/1649 1651/1696/1650 1650/1694/1648
f 1647/1690/1645 1653/1697/1651 1648/1691/1646
f 1144/1170/1143 1651/1696/1650 1647/1690/1645
f 1633/1670/1630 1655/1698/1652 1630/1668/1628
f 1638/1676/1636 1654/1699/1653 1633/1670/1630
f 1648/1691/1646 1654/1699/1653 1656/1700/1654
f 1655/1698/1652 1653/1697/1651 1652/1695/1649
f 1538/1686/1538 1657/1701/1655 1644/1684/1642
f 1649/1692/1647 1541/1702/1537 1536/1693/1535
f 1656/1700/1654 1649/1692/1647 1648/1691/1646
f 1644/1684/1642 1656/1700/1654 1638/1676/1636
f 1655/1698/1652 1659/1703/1656 1630/1668/1628
f 1652/1695/1649 1658/1704/1657 1655/1698/1652
f 1662/1705/1658 1660/1706/1659 1661/1707/1660
f 1663/1708/1661 1658/1704/1657 1662/1705/1658
f 1079/1098/1079 1664/1709/1662 1650/1694/1648
f 1665/1710/1663 1082/1097/1078 1074/1092/1073
f 1661/1707/1660 1664/1709/1662 1665/1710/1663
f 1650/1694/1648 1660/1706/1659 1652/1695/1649
f 1666/1711/1664 1071/1091/1072 1070/1087/1068
f 1668/1712/1665 1667/1713/1666 1666/1711/1664
f 1665/1710/1663 1669/1714/1667 1661/1707/1660
f 1074/1092/1073 1667/1713/1666 1665/1710/1663
f 1670/1715/1668 1672/1716/1669 1673/1717/1670
f 1662/1705/1658 1671/1718/1671 1663/1708/1661
f 1661/1707/1660 1672/1716/1669 1662/1705/1658
f 1673/1717/1670 1669/1714/1667 1668/1712/1665
f 1674/1719/1672 1676/1720/1673 1677/1721/1674
f 1678/1722/1675 1676/1720/1673 1675/1723/1676
f 1681/1724/1677 1679/1725/1678 1680/1726/1679
f 1677/1721/1674 1681/1724/1677 1682/1727/1680
f 1620/1657/1618 1683/1728/1681 1684/1729/1682
f 1685/1730/1683 1640/1677/1637 1634/1673/1633
f 1680/1726/1679 1683/1728/1681 1685/1730/1683
f 1684/1729/1682 1679/1725/1678 1678/1722/1675
f 1659/1703/1656 1631/1672/1632 1630/1668/1628
f 1663/1708/1661 1686/1731/1684 1659/1703/1656
f 1685/1730/1683 1687/1732/1685 1680/1726/1679
f 1634/1673/1633 1686/1731/1684 1685/1730/1683
f 1688/1733/1686 1671/1718/1671 1670/1715/1668
f 1682/1727/1680 1689/1734/1687 1688/1733/1686
f 1687/1732/1685 1681/1724/1677 1680/1726/1679
f 1663/1708/1661 1689/1734/1687 1687/1732/1685
f 1600/1632/1598 1690/1735/1688 1691/1736/1689
f 1692/1737/1690 1627/1663/1624 1624/1662/1623
f 1693/1738/1691 1690/1735/1688 1692/1737/1690
f 1691/1736/1689 1694/1739/1692 1695/1740/1693
f 1684/1729/1682 1621/1661/1622 1620/1657/1618
f 1678/1722/1675 1696/1741/1694 1684/1729/1682
f 1692/1737/1690 1697/1742/1695 1693/1738/1691
f 1624/1662/1623 1696/1741/1694 1692/1737/1690
f 1674/1719/1672 1699/1743/1696 1675/1723/1676
f 1701/1744/1697 1698/1745/1698 1700/1746/1699
f 1693/1738/1691 1699/1743/1696 1701/1744/1697
f 1675/1723/1676 1697/1742/1695 1678/1722/1675
f 1703/1747/1700 1705/1748/1701 1702/1749/1702
f 1695/1740/1693 1704/1750/1703 1703/1747/1700
f 1701/1744/1697 1694/1739/1692 1693/1738/1691
f 1700/1746/1699 1704/1750/1703 1701/1744/1697
f 1691/1736/1689 1601/1636/1602 1600/1632/1598
f 1695/1740/1693 1706/1751/1704 1691/1736/1689
f 1709/1752/1705 1707/1753/1706 1708/1754/1707
f 1604/1637/1603 1706/1751/1704 1709/1752/1705
f 1702/1749/1702 1711/1755/1708 1703/1747/1700
f 1712/1756/1709 1711/1755/1708 1710/1757/1710
f 1708/1754/1707 1711/1755/1708 1713/1758/1711
f 1703/1747/1700 1707/1753/1706 1695/1740/1693
f 1714/1759/1712 1716/1760/1713 1717/1761/1714
f 1719/1762/1715 1715/1763/1716 1718/1764/1717
f 1708/1754/1707 1716/1760/1713 1719/1762/1715
f 1717/1761/1714 1713/1758/1711 1712/1756/1709
f 1606/1640/1606 1720/1765/1718 1721/1766/1719
f 1709/1752/1705 1609/1639/1605 1604/1637/1603
f 1719/1762/1715 1709/1752/1705 1708/1754/1707
f 1718/1764/1717 1720/1765/1718 1719/1762/1715
f 1702/1749/1702 1723/1767/1720 1710/1757/1710
f 1725/1768/1721 1722/1769/1722 1724/1770/1723
f 1726/1771/1724 1723/1767/1720 1725/1768/1721
f 1710/1757/1710 1727/1772/1725 1712/1756/1709
f 1401/1430/1399 1729/1773/1726 1378/1409/1378
f 1398/1426/1395 1728/1774/1727 1401/1430/1399
f 1725/1768/1721 1730/1775/1728 1726/1771/1724
f 1724/1770/1723 1728/1774/1727 1725/1768/1721
f 1394/1425/1394 1732/1776/1729 1395/1423/1392
f 1733/1777/1730 1732/1776/1729 1731/1778/1731
f 1726/1771/1724 1732/1776/1729 1734/1779/1732
f 1395/1423/1392 1730/1775/1728 1398/1426/1395
f 1717/1761/1714 1736/1780/1733 1714/1759/1712
f 1712/1756/1709 1735/1781/1734 1717/1761/1714
f 1734/1779/1732 1727/1772/1725 1726/1771/1724
f 1733/1777/1730 1735/1781/1734 1734/1779/1732
f 1378/1409/1378 1737/1782/1735 1379/1407/1376
f 1738/1783/1736 1729/1773/1726 1724/1770/1723
f 1739/1784/1737 1737/1782/1735 1738/1783/1736
f 1379/1407/1376 1740/1785/1738 1382/1410/1379
f 1705/1748/1701 1722/1769/1722 1702/1749/1702
f 1700/1746/1699 1741/1786/1739 1705/1748/1701
f 1738/1783/1736 1742/1787/1740 1739/1784/1737
f 1724/1770/1723 1741/1786/1739 1738/1783/1736
f 1674/1719/1672 1744/1788/1741 1698/1745/1698
f 1746/1789/1742 1743/1790/1743 1745/1791/1744
f 1739/1784/1737 1744/1788/1741 1746/1789/1742
f 1698/1745/1698 1742/1787/1740 1700/1746/1699
f 1385/1414/1383 1748/1792/1745 1366/1397/1366
f 1382/1410/1379 1747/1793/1746 1385/1414/1383
f 1746/1789/1742 1740/1785/1738 1739/1784/1737
f 1745/1791/1744 1747/1793/1746 1746/1789/1742
f 1346/1375/1344 1750/1794/1747 1347/1379/1348
f 1752/1795/1748 1749/1796/1749 1751/1797/1750
f 1753/1798/1751 1750/1794/1747 1752/1795/1748
f 1347/1379/1348 1754/1799/1752 1350/1380/1349
f 1673/1717/1670 1756/1800/1753 1670/1715/1668
f 1668/1712/1665 1755/1801/1754 1673/1717/1670
f 1752/1795/1748 1757/1802/1755 1753/1798/1751
f 1751/1797/1750 1755/1801/1754 1752/1795/1748
f 1070/1087/1068 1758/1803/1756 1666/1711/1664
f 1759/1804/1757 1100/1116/1097 1094/1112/1093
f 1753/1798/1751 1758/1803/1756 1759/1804/1757
f 1666/1711/1664 1757/1802/1755 1668/1712/1665
f 1353/1381/1350 1091/1111/1092 1090/1107/1088
f 1350/1380/1349 1760/1805/1758 1353/1381/1350
f 1759/1804/1757 1754/1799/1752 1753/1798/1751
f 1094/1112/1093 1760/1805/1758 1759/1804/1757
f 1677/1721/1674 1743/1790/1743 1674/1719/1672
f 1682/1727/1680 1761/1806/1759 1677/1721/1674
f 1764/1807/1760 1762/1808/1761 1763/1809/1762
f 1745/1791/1744 1761/1806/1759 1764/1807/1760
f 1670/1715/1668 1765/1810/1763 1688/1733/1686
f 1766/1811/1764 1756/1800/1753 1751/1797/1750
f 1763/1809/1762 1765/1810/1763 1766/1811/1764
f 1688/1733/1686 1762/1808/1761 1682/1727/1680
f 1355/1384/1353 1749/1796/1749 1346/1375/1344
f 1359/1388/1357 1767/1812/1765 1355/1384/1353
f 1766/1811/1764 1768/1813/1766 1763/1809/1762
f 1751/1797/1750 1767/1812/1765 1766/1811/1764
f 1366/1397/1366 1769/1814/1767 1367/1395/1364
f 1764/1807/1760 1748/1792/1745 1745/1791/1744
f 1763/1809/1762 1769/1814/1767 1764/1807/1760
f 1367/1395/1364 1768/1813/1766 1359/1388/1357
f 1771/1815/1768 1773/1816/1769 1770/1817/1770
f 1774/1818/1771 1772/1819/1772 1771/1815/1768
f 1776/1820/1773 1772/1819/1772 1775/1821/1774
f 1778/1822/1775 1772/1819/1772 1777/1823/1776
f 1714/1759/1712 1779/1824/1777 1780/1825/1778
f 1733/1777/1730 1779/1824/1777 1736/1780/1733
f 1775/1821/1774 1781/1826/1779 1776/1820/1773
f 1780/1825/1778 1775/1821/1774 1774/1818/1771
f 1394/1425/1394 1782/1827/1780 1731/1778/1731
f 1783/1828/1781 1397/1424/1393 1392/1422/1391
f 1776/1820/1773 1782/1827/1780 1783/1828/1781
f 1731/1778/1731 1781/1826/1779 1733/1777/1730
f 1784/1829/1782 1390/1421/1390 1258/1289/1258
f 1778/1822/1775 1785/1830/1783 1784/1829/1782
f 1783/1828/1781 1777/1823/1776 1776/1820/1773
f 1392/1422/1391 1785/1830/1783 1783/1828/1781
f 1606/1640/1606 1786/1831/1784 1607/1638/1604
f 1787/1832/1785 1721/1766/1719 1718/1764/1717
f 1788/1833/1786 1786/1831/1784 1787/1832/1785
f 1607/1638/1604 1789/1834/1787 1610/1641/1607
f 1780/1825/1778 1715/1763/1716 1714/1759/1712
f 1774/1818/1771 1790/1835/1788 1780/1825/1778
f 1787/1832/1785 1791/1836/1789 1788/1833/1786
f 1718/1764/1717 1790/1835/1788 1787/1832/1785
f 1770/1817/1770 1793/1837/1790 1771/1815/1768
f 1795/1838/1791 1792/1839/1792 1794/1840/1793
f 1788/1833/1786 1793/1837/1790 1795/1838/1791
f 1771/1815/1768 1791/1836/1789 1774/1818/1771
f 1613/1646/1611 1797/1841/1794 1574/1644/1574
f 1610/1641/1607 1796/1842/1795 1613/1646/1611
f 1795/1838/1791 1789/1834/1787 1788/1833/1786
f 1794/1840/1793 1796/1842/1795 1795/1838/1791
f 1799/1843/1796 1801/1844/1797 1798/1845/1798
f 1803/1846/1799 1799/1843/1796 1802/1847/1800
f 1804/1848/1801 1800/1849/1802 1803/1846/1799
f 1806/1850/1803 1800/1849/1802 1805/1851/1804
f 1808/1852/1805 1810/1853/1806 1807/1854/1807
f 1811/1855/1808 1809/1856/1809 1808/1852/1805
f 1803/1846/1799 1812/1857/1810 1804/1848/1801
f 1802/1847/1800 1809/1856/1809 1803/1846/1799
f 1418/1447/1416 1813/1858/1811 1814/1859/1812
f 1815/1860/1813 1499/1527/1496 1503/1532/1501
f 1804/1848/1801 1813/1858/1811 1815/1860/1813
f 1814/1859/1812 1812/1857/1810 1811/1855/1808
f 1514/1545/1514 1817/1861/1814 1515/1543/1512
f 1805/1851/1804 1816/1862/1815 1806/1850/1803
f 1815/1860/1813 1805/1851/1804 1804/1848/1801
f 1515/1543/1512 1815/1860/1813 1503/1532/1501
f 1818/1863/1816 1820/1864/1817 1821/1865/1818
f 1823/1866/1819 1819/1867/1820 1822/1868/1821
f 1824/1869/1822 1820/1864/1817 1823/1866/1819
f 1821/1865/1818 1825/1870/1823 1826/1871/1824
f 1828/1872/1825 1830/1873/1826 1827/1874/1827
f 1831/1875/1828 1829/1876/1829 1828/1872/1825
f 1823/1866/1819 1832/1877/1830 1824/1869/1822
f 1822/1868/1821 1829/1876/1829 1823/1866/1819
f 1833/1878/1831 1835/1879/1832 1836/1880/1833
f 1838/1881/1834 1834/1882/1835 1837/1883/1836
f 1824/1869/1822 1835/1879/1832 1838/1881/1834
f 1836/1880/1833 1832/1877/1830 1831/1875/1828
f 1839/1884/1837 1841/1885/1838 1842/1886/1839
f 1826/1871/1824 1841/1885/1838 1840/1887/1840
f 1838/1881/1834 1825/1870/1823 1824/1869/1822
f 1837/1883/1836 1841/1885/1838 1838/1881/1834
f 1842/1886/1839 1844/1888/1841 1839/1884/1837
f 1837/1883/1836 1843/1889/1842 1842/1886/1839
f 1847/1890/1843 1845/1891/1844 1846/1892/1845
f 1848/1893/1846 1843/1889/1842 1847/1890/1843
f 1849/1894/1847 1834/1882/1835 1833/1878/1831
f 1851/1895/1848 1850/1896/1849 1849/1894/1847
f 1845/1891/1844 1852/1897/1850 1846/1892/1845
f 1837/1883/1836 1850/1896/1849 1845/1891/1844
f 1807/1854/1807 1853/1898/1851 1854/1899/1852
f 1855/1900/1853 1810/1853/1806 1802/1847/1800
f 1846/1892/1845 1853/1898/1851 1855/1900/1853
f 1854/1899/1852 1852/1897/1850 1851/1895/1848
f 1798/1845/1798 1857/1901/1854 1799/1843/1796
f 1847/1890/1843 1856/1902/1855 1848/1893/1846
f 1846/1892/1845 1857/1901/1854 1847/1890/1843
f 1799/1843/1796 1855/1900/1853 1802/1847/1800
f 1814/1859/1812 1419/1451/1420 1418/1447/1416
f 1811/1855/1808 1858/1903/1856 1814/1859/1812
f 1861/1904/1857 1859/1905/1858 1860/1906/1859
f 1422/1452/1421 1858/1903/1856 1861/1904/1857
f 1807/1854/1807 1863/1907/1860 1808/1852/1805
f 1865/1908/1861 1862/1909/1862 1864/1910/1863
f 1860/1906/1859 1863/1907/1860 1865/1908/1861
f 1808/1852/1805 1859/1905/1858 1811/1855/1808
f 1867/1911/1864 1869/1912/1865 1866/1913/1866
f 1870/1914/1867 1868/1915/1868 1867/1911/1864
f 1865/1908/1861 1871/1916/1869 1860/1906/1859
f 1864/1910/1863 1868/1915/1868 1865/1908/1861
f 1279/1308/1277 1872/1917/1870 1873/1918/1871
f 1861/1904/1857 1428/1456/1425 1422/1452/1421
f 1860/1906/1859 1872/1917/1870 1861/1904/1857
f 1873/1918/1871 1871/1916/1869 1870/1914/1867
f 1875/1919/1872 1877/1920/1873 1874/1921/1874
f 1878/1922/1875 1876/1923/1876 1875/1919/1872
f 1881/1924/1877 1879/1925/1878 1880/1926/1879
f 1882/1927/1880 1876/1923/1876 1881/1924/1877
f 1883/1928/1881 1885/1929/1882 1886/1930/1883
f 1888/1931/1884 1884/1932/1885 1887/1933/1886
f 1880/1926/1879 1885/1929/1882 1888/1931/1884
f 1886/1930/1883 1879/1925/1878 1878/1922/1875
f 1836/1880/1833 1890/1934/1887 1833/1878/1831
f 1831/1875/1828 1889/1935/1888 1836/1880/1833
f 1888/1931/1884 1891/1936/1889 1880/1926/1879
f 1887/1933/1886 1889/1935/1888 1888/1931/1884
f 1827/1874/1827 1893/1937/1890 1828/1872/1825
f 1881/1924/1877 1892/1938/1891 1882/1927/1880
f 1880/1926/1879 1893/1937/1890 1881/1924/1877
f 1828/1872/1825 1891/1936/1889 1831/1875/1828
f 1854/1899/1852 1862/1909/1862 1807/1854/1807
f 1851/1895/1848 1894/1939/1892 1854/1899/1852
f 1897/1940/1893 1895/1941/1894 1896/1942/1895
f 1864/1910/1863 1894/1939/1892 1897/1940/1893
f 1833/1878/1831 1898/1943/1896 1849/1894/1847
f 1899/1944/1897 1890/1934/1887 1887/1933/1886
f 1896/1942/1895 1898/1943/1896 1899/1944/1897
f 1849/1894/1847 1895/1941/1894 1851/1895/1848
f 1900/1945/1898 1884/1932/1885 1883/1928/1881
f 1902/1946/1899 1901/1947/1900 1900/1945/1898
f 1899/1944/1897 1903/1948/1901 1896/1942/1895
f 1887/1933/1886 1901/1947/1900 1899/1944/1897
f 1866/1913/1866 1904/1949/1902 1905/1950/1903
f 1897/1940/1893 1869/1912/1865 1864/1910/1863
f 1896/1942/1895 1904/1949/1902 1897/1940/1893
f 1905/1950/1903 1903/1948/1901 1902/1946/1899
f 1258/1289/1258 1906/1951/1904 1907/1952/1905
f 1908/1953/1906 1261/1288/1257 1266/1295/1264
f 1909/1954/1907 1906/1951/1904 1908/1953/1906
f 1907/1952/1905 1910/1955/1908 1911/1956/1909
f 1873/1918/1871 1280/1311/1280 1279/1308/1277
f 1870/1914/1867 1912/1957/1910 1873/1918/1871
f 1908/1953/1906 1913/1958/1911 1909/1954/1907
f 1266/1295/1264 1912/1957/1910 1908/1953/1906
f 1866/1913/1866 1915/1959/1912 1867/1911/1864
f 1917/1960/1913 1914/1961/1914 1916/1962/1915
f 1909/1954/1907 1915/1959/1912 1917/1960/1913
f 1867/1911/1864 1913/1958/1911 1870/1914/1867
f 1919/1963/1916 1921/1964/1917 1918/1965/1918
f 1911/1956/1909 1920/1966/1919 1919/1963/1916
f 1917/1960/1913 1910/1955/1908 1909/1954/1907
f 1916/1962/1915 1920/1966/1919 1917/1960/1913
f 1922/1967/1920 1924/1968/1921 1925/1969/1922
f 1927/1970/1923 1923/1971/1924 1926/1972/1925
f 1928/1973/1926 1924/1968/1921 1927/1970/1923
f 1925/1969/1922 1929/1974/1927 1930/1975/1928
f 1931/1976/1929 1933/1977/1930 1934/1978/1931
f 1936/1979/1932 1932/1980/1933 1935/1981/1934
f 1928/1973/1926 1933/1977/1930 1936/1979/1932
f 1934/1978/1931 1927/1970/1923 1926/1972/1925
f 1886/1930/1883 1938/1982/1935 1883/1928/1881
f 1878/1922/1875 1937/1983/1936 1886/1930/1883
f 1936/1979/1932 1939/1984/1937 1928/1973/1926
f 1935/1981/1934 1937/1983/1936 1936/1979/1932
f 1940/1985/1938 1875/1919/1872 1874/1921/1874
f 1930/1975/1928 1941/1986/1939 1940/1985/1938
f 1928/1973/1926 1941/1986/1939 1929/1974/1927
f 1875/1919/1872 1939/1984/1937 1878/1922/1875
f 1905/1950/1903 1914/1961/1914 1866/1913/1866
f 1902/1946/1899 1942/1987/1940 1905/1950/1903
f 1945/1988/1941 1943/1989/1942 1944/1990/1943
f 1916/1962/1915 1942/1987/1940 1945/1988/1941
f 1883/1928/1881 1946/1991/1944 1900/1945/1898
f 1947/1992/1945 1938/1982/1935 1935/1981/1934
f 1944/1990/1943 1946/1991/1944 1947/1992/1945
f 1900/1945/1898 1943/1989/1942 1902/1946/1899
f 1948/1993/1946 1932/1980/1933 1931/1976/1929
f 1950/1994/1947 1949/1995/1948 1948/1993/1946
f 1947/1992/1945 1951/1996/1949 1944/1990/1943
f 1935/1981/1934 1949/1995/1948 1947/1992/1945
f 1918/1965/1918 1952/1997/1950 1953/1998/1951
f 1945/1988/1941 1921/1964/1917 1916/1962/1915
f 1944/1990/1943 1952/1997/1950 1945/1988/1941
f 1953/1998/1951 1951/1996/1949 1950/1994/1947
f 1918/1965/1918 1955/1999/1952 1919/1963/1916
f 1957/2000/1953 1954/2001/1954 1956/2002/1955
f 1958/2003/1956 1955/1999/1952 1957/2000/1953
f 1919/1963/1916 1959/2004/1957 1911/1956/1909
f 1960/2005/1958 1962/2006/1959 1963/2007/1960
f 1964/2008/1961 1962/2006/1959 1961/2009/1962
f 1957/2000/1953 1965/2010/1963 1958/2003/1956
f 1963/2007/1960 1957/2000/1953 1956/2002/1955
f 1770/1817/1770 1966/2011/1964 1967/2012/1965
f 1968/2013/1966 1773/1816/1769 1778/1822/1775
f 1958/2003/1956 1966/2011/1964 1968/2013/1966
f 1967/2012/1965 1965/2010/1963 1964/2008/1961
f 1907/1952/1905 1784/1829/1782 1258/1289/1258
f 1911/1956/1909 1969/2014/1967 1907/1952/1905
f 1968/2013/1966 1959/2004/1957 1958/2003/1956
f 1778/1822/1775 1969/2014/1967 1968/2013/1966
f 1970/2015/1968 1923/1971/1924 1922/1967/1920
f 1972/2016/1969 1971/2017/1970 1970/2015/1968
f 1975/2018/1971 1973/2019/1972 1974/2020/1973
f 1926/1972/1925 1971/2017/1970 1975/2018/1971
f 1976/2021/1974 1978/2022/1975 1979/2023/1976
f 1981/2024/1977 1977/2025/1978 1980/2026/1979
f 1974/2020/1973 1978/2022/1975 1981/2024/1977
f 1979/2023/1976 1973/2019/1972 1972/2016/1969
f 1983/2027/1980 1985/2028/1981 1982/2029/1982
f 1986/2030/1983 1984/2031/1984 1983/2027/1980
f 1981/2024/1977 1987/2032/1985 1974/2020/1973
f 1980/2026/1979 1984/2031/1984 1981/2024/1977
f 1931/1976/1929 1988/2033/1986 1989/2034/1987
f 1975/2018/1971 1934/1978/1931 1926/1972/1925
f 1974/2020/1973 1988/2033/1986 1975/2018/1971
f 1989/2034/1987 1987/2032/1985 1986/2030/1983
f 1989/2034/1987 1948/1993/1946 1931/1976/1929
f 1986/2030/1983 1990/2035/1988 1989/2034/1987
f 1993/2036/1989 1991/2037/1990 1992/2038/1991
f 1950/1994/1947 1990/2035/1988 1993/2036/1989
f 1982/2029/1982 1995/2039/1992 1983/2027/1980
f 1997/2040/1993 1994/2041/1994 1996/2042/1995
f 1992/2038/1991 1995/2039/1992 1997/2040/1993
f 1983/2027/1980 1991/2037/1990 1986/2030/1983
f 1963/2007/1960 1999/2043/1996 1960/2005/1958
f 1956/2002/1955 1998/2044/1997 1963/2007/1960
f 1997/2040/1993 2000/2045/1998 1992/2038/1991
f 1996/2042/1995 1998/2044/1997 1997/2040/1993
f 1918/1965/1918 2001/2046/1999 1954/2001/1954
f 1993/2036/1989 1953/1998/1951 1950/1994/1947
f 1992/2038/1991 2001/2046/1999 1993/2036/1989
f 1954/2001/1954 2000/2045/1998 1956/2002/1955
f 2002/2047/2000 2004/2048/2001 2005/2049/2002
f 2007/2050/2003 2003/2051/2004 2006/2052/2005
f 2008/2053/2006 2004/2048/2001 2007/2050/2003
f 2005/2049/2002 2009/2054/2007 2010/2055/2008
f 2012/2056/2009 2014/2057/2010 2011/2058/2011
f 2015/2059/2012 2013/2060/2013 2012/2056/2009
f 2007/2050/2003 2016/2061/2014 2008/2053/2006
f 2006/2052/2005 2013/2060/2013 2007/2050/2003
f 1982/2062/1982 2017/2063/2015 2018/2064/2016
f 2019/2065/2017 1985/2066/1981 1980/2067/1979
f 2008/2053/2006 2017/2063/2015 2019/2065/2017
f 2018/2064/2016 2016/2061/2014 2015/2059/2012
f 2020/2068/2018 1977/2069/1978 1976/2070/1974
f 2010/2055/2008 2021/2071/2019 2020/2068/2018
f 2019/2065/2017 2009/2054/2007 2008/2053/2006
f 1980/2067/1979 2021/2071/2019 2019/2065/2017
f 1960/2072/1958 2022/2073/2020 2023/2074/2021
f 2024/2075/2022 1999/2076/1996 1996/2077/1995
f 2025/2078/2023 2022/2073/2020 2024/2075/2022
f 2023/2074/2021 2026/2079/2024 2027/2080/2025
f 2018/2064/2016 1994/2081/1994 1982/2062/1982
f 2015/2059/2012 2028/2082/2026 2018/2064/2016
f 2024/2075/2022 2029/2083/2027 2025/2078/2023
f 1996/2077/1995 2028/2082/2026 2024/2075/2022
f 2011/2058/2011 2031/2084/2028 2012/2056/2009
f 2033/2085/2029 2030/2086/2030 2032/2087/2031
f 2025/2078/2023 2031/2084/2028 2033/2085/2029
f 2012/2056/2009 2029/2083/2027 2015/2059/2012
f 2035/2088/2032 2037/2089/2033 2034/2090/2034
f 2027/2080/2025 2036/2091/2035 2035/2088/2032
f 2033/2085/2029 2026/2079/2024 2025/2078/2023
f 2032/2087/2031 2036/2091/2035 2033/2085/2029
f 1967/2012/1965 1792/1839/1792 1770/1817/1770
f 1964/2008/1961 2038/2092/2036 1967/2012/1965
f 2040/2093/2037 2038/2092/2036 2039/2094/2038
f 1794/1840/1793 2038/2092/2036 2041/2095/2039
f 2023/2096/2021 1961/2009/1962 1960/2005/1958
f 2027/2097/2025 2042/2098/2040 2023/2096/2021
f 2039/2094/2038 2043/2099/2041 2040/2093/2037
f 1964/2008/1961 2042/2098/2040 2039/2094/2038
f 2034/2100/2034 2045/2101/2042 2035/2102/2032
f 2047/2103/2043 2044/2104/2044 2046/2105/2045
f 2040/2093/2037 2045/2101/2042 2047/2103/2043
f 2035/2102/2032 2043/2099/2041 2027/2097/2025
f 1797/1841/1794 2049/2106/2046 1574/1644/1574
f 2041/2095/2039 1797/1841/1794 1794/1840/1793
f 2047/2103/2043 2041/2095/2039 2040/2093/2037
f 2046/2105/2045 2048/2107/2047 2047/2103/2043
f 1821/1865/1818 2051/2108/2048 1818/1863/1816
f 1826/1871/1824 2050/2109/2049 1821/1865/1818
f 2054/2110/2050 2052/2111/2051 2053/2112/2052
f 2055/2113/2053 2050/2109/2049 2054/2110/2050
f 2056/2114/2054 1840/1887/1840 1839/1884/1837
f 2058/2115/2055 2057/2116/2056 2056/2114/2054
f 2052/2111/2051 2059/2117/2057 2053/2112/2052
f 1826/1871/1824 2057/2116/2056 2052/2111/2051
f 2011/2058/2011 2060/2118/2058 2061/2119/2059
f 2062/2120/2060 2014/2057/2010 2006/2052/2005
f 2053/2112/2052 2060/2118/2058 2062/2120/2060
f 2061/2119/2059 2059/2117/2057 2058/2115/2055
f 2002/2047/2000 2064/2121/2061 2003/2051/2004
f 2054/2110/2050 2063/2122/2062 2055/2113/2053
f 2062/2120/2060 2054/2110/2050 2053/2112/2052
f 2006/2052/2005 2064/2121/2061 2062/2120/2060
f 2034/2090/2034 2065/2123/2063 2066/2124/2064
f 2067/2125/2065 2037/2089/2033 2032/2087/2031
f 2068/2126/2066 2065/2123/2063 2067/2125/2065
f 2066/2124/2064 2069/2127/2067 2070/2128/2068
f 2061/2119/2059 2030/2086/2030 2011/2058/2011
f 2058/2115/2055 2071/2129/2069 2061/2119/2059
f 2067/2125/2065 2072/2130/2070 2068/2126/2066
f 2032/2087/2031 2071/2129/2069 2067/2125/2065
f 1839/1884/1837 2073/2131/2071 2056/2114/2054
f 2074/2132/2072 1844/1888/1841 1848/1893/1846
f 2068/2126/2066 2073/2131/2071 2074/2132/2072
f 2056/2114/2054 2072/2130/2070 2058/2115/2055
f 2075/2133/2073 1856/1902/1855 1798/1845/1798
f 2070/2128/2068 2076/2134/2074 2075/2133/2073
f 2074/2132/2072 2069/2127/2067 2068/2126/2066
f 1848/1893/1846 2076/2134/2074 2074/2132/2072
f 1574/1605/1574 2077/2135/2075 1575/1603/1572
f 2078/2136/2076 2049/2137/2046 2046/2138/2045
f 2079/2139/2077 2077/2135/2075 2078/2136/2076
f 1575/1603/1572 2080/2140/2078 1578/1606/1575
f 2066/2124/2064 2044/2141/2044 2034/2090/2034
f 2070/2128/2068 2081/2142/2079 2066/2124/2064
f 2078/2136/2076 2082/2143/2080 2079/2139/2077
f 2046/2138/2045 2081/2142/2079 2078/2136/2076
f 1798/1845/1798 2083/2144/2081 2075/2133/2073
f 2084/2145/2082 1801/1844/1797 1806/1850/1803
f 2079/2139/2077 2083/2144/2081 2084/2145/2082
f 2075/2133/2073 2082/2143/2080 2070/2128/2068
f 1581/1610/1579 1816/1862/1815 1514/1545/1514
f 1578/1606/1575 2085/2146/2083 1581/1610/1579
f 2084/2145/2082 2080/2140/2078 2079/2139/2077
f 1806/1850/1803 2085/2146/2083 2084/2145/2082
f 2086/2147/2084 2088/2148/2085 2089/2149/2086
f 2091/2150/2087 2087/2151/2088 2090/2152/2089
f 2092/2153/2090 2088/2148/2085 2091/2150/2087
f 2089/2149/2086 2093/2154/2091 2094/2155/2092
f 2096/2156/2093 2098/2157/2094 2095/2158/2095
f 2099/2159/2096 2097/2160/2097 2096/2156/2093
f 2091/2150/2087 2100/2161/2098 2092/2153/2090
f 2090/2152/2089 2097/2160/2097 2091/2150/2087
f 2101/2162/2099 2103/2163/2100 2104/2164/2101
f 2106/2165/2102 2102/2166/2103 2105/2167/2104
f 2092/2153/2090 2103/2163/2100 2106/2165/2102
f 2104/2164/2101 2100/2161/2098 2099/2159/2096
f 2108/2168/2105 2110/2169/2106 2107/2170/2107
f 2094/2155/2092 2109/2171/2108 2108/2168/2105
f 2106/2165/2102 2093/2154/2091 2092/2153/2090
f 2105/2167/2104 2109/2171/2108 2106/2165/2102
f 2107/2170/2107 2111/2172/2109 2112/2173/2110
f 2113/2174/2111 2110/2169/2106 2105/2167/2104
f 2114/2175/2112 2111/2172/2109 2113/2174/2111
f 2112/2173/2110 2115/2176/2113 2116/2177/2114
f 2117/2178/2115 2102/2166/2103 2101/2162/2099
f 2119/2179/2116 2118/2180/2117 2117/2178/2115
f 2113/2174/2111 2120/2181/2118 2114/2175/2112
f 2105/2167/2104 2118/2180/2117 2113/2174/2111
f 2121/2182/2119 2123/2183/2120 2124/2184/2121
f 2126/2185/2122 2122/2186/2123 2125/2187/2124
f 2114/2175/2112 2123/2183/2120 2126/2185/2122
f 2124/2184/2121 2120/2181/2118 2119/2179/2116
f 2128/2188/2125 2130/2189/2126 2127/2190/2127
f 2116/2177/2114 2129/2191/2128 2128/2188/2125
f 2126/2185/2122 2115/2176/2113 2114/2175/2112
f 2125/2187/2124 2129/2191/2128 2126/2185/2122
f 2127/2190/2127 2132/2192/2129 2133/2193/2130
f 2135/2194/2131 2131/2195/2132 2134/2196/2133
f 2136/2197/2134 2132/2192/2129 2135/2194/2131
f 2133/2193/2130 2137/2198/2135 2138/2199/2136
f 2140/2200/2137 2142/2201/2138 2139/2202/2139
f 2143/2203/2140 2141/2204/2141 2140/2200/2137
f 2135/2194/2131 2144/2205/2142 2136/2197/2134
f 2134/2196/2133 2141/2204/2141 2135/2194/2131
f 2145/2206/2143 2147/2207/2144 2148/2208/2145
f 2150/2209/2146 2146/2210/2147 2149/2211/2148
f 2136/2197/2134 2147/2207/2144 2150/2209/2146
f 2148/2208/2145 2144/2205/2142 2143/2203/2140
f 2152/2212/2149 2154/2213/2150 2151/2214/2151
f 2138/2199/2136 2153/2215/2152 2152/2212/2149
f 2150/2209/2146 2137/2198/2135 2136/2197/2134
f 2149/2211/2148 2153/2215/2152 2150/2209/2146
f 2139/2202/2139 2156/2216/2153 2140/2200/2137
f 2158/2217/2154 2155/2218/2155 2157/2219/2156
f 2159/2220/2157 2156/2216/2153 2158/2217/2154
f 2140/2200/2137 2160/2221/2158 2143/2203/2140
f 2162/2222/2159 2164/2223/2160 2161/2224/2161
f 2165/2225/2162 2163/2226/2163 2162/2222/2159
f 2158/2217/2154 2166/2227/2164 2159/2220/2157
f 2157/2219/2156 2163/2226/2163 2158/2217/2154
f 2167/2228/2165 2169/2229/2166 2170/2230/2167
f 2172/2231/2168 2168/2232/2169 2171/2233/2170
f 2159/2220/2157 2169/2229/2166 2172/2231/2168
f 2170/2230/2167 2166/2227/2164 2165/2225/2162
f 2148/2208/2145 2174/2234/2171 2145/2206/2143
f 2143/2203/2140 2173/2235/2172 2148/2208/2145
f 2172/2231/2168 2160/2221/2158 2159/2220/2157
f 2171/2233/2170 2173/2235/2172 2172/2231/2168
f 2161/2224/2161 2176/2236/2173 2162/2222/2159
f 2178/2237/2174 2175/2238/2175 2177/2239/2176
f 2179/2240/2177 2176/2236/2173 2178/2237/2174
f 2162/2222/2159 2180/2241/2178 2165/2225/2162
f 2181/2242/2179 2183/2243/2180 2184/2244/2181
f 2186/2245/2182 2182/2246/2183 2185/2247/2184
f 2178/2237/2174 2186/2245/2182 2179/2240/2177
f 2177/2239/2176 2183/2243/2180 2178/2237/2174
f 2188/2248/2185 2190/2249/2186 2187/2250/2187
f 2192/2251/2188 2188/2248/2185 2191/2252/2189
f 2179/2240/2177 2189/2253/2190 2192/2251/2188
f 2185/2247/2184 2189/2253/2190 2186/2245/2182
f 2170/2230/2167 2194/2254/2191 2167/2228/2165
f 2165/2225/2162 2193/2255/2192 2170/2230/2167
f 2192/2251/2188 2180/2241/2178 2179/2240/2177
f 2191/2252/2189 2193/2255/2192 2192/2251/2188
f 2195/2256/2193 2197/2257/2194 2198/2258/2195
f 2200/2259/2196 2196/2260/2197 2199/2261/2198
f 2201/2262/2199 2197/2257/2194 2200/2259/2196
f 2198/2258/2195 2202/2263/2200 2203/2264/2201
f 2205/2265/2202 2207/2266/2203 2204/2267/2204
f 2209/2268/2205 2205/2265/2202 2208/2269/2206
f 2200/2259/2196 2209/2268/2205 2201/2262/2199
f 2199/2261/2198 2206/2270/2207 2200/2259/2196
f 2210/2271/2208 2212/2272/2209 2213/2273/2210
f 2215/2274/2211 2211/2275/2212 2214/2276/2213
f 2201/2262/2199 2212/2272/2209 2215/2274/2211
f 2208/2269/2206 2212/2272/2209 2209/2268/2205
f 2217/2277/2214 2219/2278/2215 2216/2279/2216
f 2203/2264/2201 2218/2280/2217 2217/2277/2214
f 2215/2274/2211 2202/2263/2200 2201/2262/2199
f 2214/2276/2213 2218/2280/2217 2215/2274/2211
f 2220/2281/2218 2222/2282/2219 2216/2283/2216
f 2223/2284/2220 2221/2285/2221 2220/2281/2218
f 2226/2286/2222 2224/2287/2223 2225/2288/2224
f 2227/2289/2225 2221/2285/2221 2226/2286/2222
f 2228/2290/2226 2230/2291/2227 2231/2292/2228
f 2233/2293/2229 2229/2294/2230 2232/2295/2231
f 2225/2288/2224 2230/2291/2227 2233/2293/2229
f 2231/2292/2228 2224/2287/2223 2223/2284/2220
f 2235/2296/2232 2237/2297/2233 2234/2298/2234
f 2238/2299/2235 2236/2300/2236 2235/2296/2232
f 2233/2293/2229 2239/2301/2237 2225/2288/2224
f 2232/2295/2231 2236/2300/2236 2233/2293/2229
f 2240/2302/2238 2242/2303/2239 2243/2304/2240
f 2226/2286/2222 2241/2305/2241 2227/2289/2225
f 2225/2288/2224 2242/2303/2239 2226/2286/2222
f 2243/2304/2240 2239/2301/2237 2238/2299/2235
f 2244/2306/2242 2087/2151/2088 2086/2147/2084
f 2246/2307/2243 2245/2308/2244 2244/2306/2242
f 2248/2309/2245 2245/2308/2244 2247/2310/2246
f 2090/2152/2089 2245/2308/2244 2249/2311/2247
f 2251/2312/2248 2253/2313/2249 2250/2314/2250
f 2254/2315/2251 2252/2316/2252 2251/2312/2248
f 2247/2310/2246 2255/2317/2253 2248/2309/2245
f 2246/2307/2243 2252/2316/2252 2247/2310/2246
f 2228/2290/2226 2257/2318/2254 2258/2319/2255
f 2260/2320/2256 2256/2321/2257 2259/2322/2258
f 2248/2309/2245 2257/2318/2254 2260/2320/2256
f 2258/2319/2255 2255/2317/2253 2254/2315/2251
f 2098/2157/2094 2262/2323/2259 2095/2158/2095
f 2249/2311/2247 2098/2157/2094 2090/2152/2089
f 2260/2320/2256 2249/2311/2247 2248/2309/2245
f 2259/2322/2258 2261/2324/2260 2260/2320/2256
f 2263/2325/2261 2265/2326/2262 2266/2327/2263
f 2268/2328/2264 2264/2329/2265 2267/2330/2266
f 2269/2331/2267 2265/2326/2262 2268/2328/2264
f 2266/2327/2263 2270/2332/2268 2271/2333/2269
f 2273/2334/2270 2275/2335/2271 2272/2336/2272
f 2276/2337/2273 2274/2338/2274 2273/2334/2270
f 2268/2328/2264 2277/2339/2275 2269/2331/2267
f 2267/2330/2266 2274/2338/2274 2268/2328/2264
f 2278/2340/2276 2280/2341/2277 2281/2342/2278
f 2283/2343/2279 2279/2344/2280 2282/2345/2281
f 2269/2331/2267 2280/2341/2277 2283/2343/2279
f 2281/2342/2278 2277/2339/2275 2276/2337/2273
f 2285/2346/2282 2287/2347/2283 2284/2348/2284
f 2271/2333/2269 2286/2349/2285 2285/2346/2282
f 2283/2343/2279 2270/2332/2268 2269/2331/2267
f 2282/2345/2281 2286/2349/2285 2283/2343/2279
f 2263/2325/2261 2289/2350/2286 2264/2329/2265
f 2291/2351/2287 2288/2352/2288 2290/2353/2289
f 2292/2354/2290 2289/2350/2286 2291/2351/2287
f 2264/2329/2265 2293/2355/2291 2267/2330/2266
f 2295/2356/2292 2297/2357/2293 2294/2358/2294
f 2298/2359/2295 2296/2360/2296 2295/2356/2292
f 2291/2351/2287 2299/2361/2297 2292/2354/2290
f 2290/2353/2289 2296/2360/2296 2291/2351/2287
f 2300/2362/2298 2302/2363/2299 2303/2364/2300
f 2305/2365/2301 2301/2366/2302 2304/2367/2303
f 2292/2354/2290 2302/2363/2299 2305/2365/2301
f 2303/2364/2300 2299/2361/2297 2298/2359/2295
f 2275/2335/2271 2307/2368/2304 2272/2336/2272
f 2267/2330/2266 2306/2369/2305 2275/2335/2271
f 2305/2365/2301 2293/2355/2291 2292/2354/2290
f 2304/2367/2303 2306/2369/2305 2305/2365/2301
f 2308/2370/2306 2310/2371/2307 2311/2372/2308
f 2313/2373/2309 2309/2374/2310 2312/2375/2311
f 2314/2376/2312 2310/2371/2307 2313/2373/2309
f 2311/2372/2308 2315/2377/2313 2316/2378/2314
f 2317/2379/2315 2319/2380/2316 2320/2381/2317
f 2322/2382/2318 2318/2383/2319 2321/2384/2320
f 2313/2373/2309 2322/2382/2318 2314/2376/2312
f 2320/2381/2317 2313/2373/2309 2312/2375/2311
f 2284/2348/2284 2323/2385/2321 2324/2386/2322
f 2325/2387/2323 2287/2347/2283 2282/2345/2281
f 2314/2376/2312 2323/2385/2321 2325/2387/2323
f 2321/2384/2320 2323/2385/2321 2322/2382/2318
f 2326/2388/2324 2279/2344/2280 2278/2340/2276
f 2316/2378/2314 2327/2389/2325 2326/2388/2324
f 2325/2387/2323 2315/2377/2313 2314/2376/2312
f 2282/2345/2281 2327/2389/2325 2325/2387/2323
f 2234/2298/2234 2329/2390/2326 2235/2296/2232
f 2330/2391/2327 2329/2390/2326 2328/2392/2328
f 2333/2393/2329 2331/2394/2330 2332/2395/2331
f 2235/2296/2232 2333/2393/2329 2238/2299/2235
f 2308/2370/2306 2335/2396/2332 2336/2397/2333
f 2338/2398/2334 2334/2399/2335 2337/2400/2336
f 2332/2395/2331 2335/2396/2332 2338/2398/2334
f 2336/2397/2333 2331/2394/2330 2330/2391/2327
f 2339/2401/2337 2341/2402/2338 2342/2403/2339
f 2344/2404/2340 2340/2405/2341 2343/2406/2342
f 2332/2395/2331 2341/2402/2338 2344/2404/2340
f 2342/2403/2339 2338/2398/2334 2337/2400/2336
f 2243/2304/2240 2346/2407/2343 2240/2302/2238
f 2238/2299/2235 2345/2408/2344 2243/2304/2240
f 2344/2404/2340 2333/2393/2329 2332/2395/2331
f 2343/2406/2342 2345/2408/2344 2344/2404/2340
f 2339/2409/2337 2348/2410/2345 2340/2411/2341
f 2350/2412/2346 2347/2413/2347 2349/2414/2348
f 2352/2415/2349 2350/2412/2346 2351/2416/2350
f 2343/2417/2342 2348/2410/2345 2352/2415/2349
f 2353/2418/2351 2355/2419/2352 2356/2420/2353
f 2358/2421/2354 2354/2422/2355 2357/2423/2356
f 2351/2416/2350 2355/2419/2352 2358/2421/2354
f 2349/2414/2348 2355/2419/2352 2350/2412/2346
f 2360/2424/2357 2362/2425/2358 2359/2426/2359
f 2363/2427/2360 2361/2428/2361 2360/2424/2357
f 2358/2421/2354 2364/2429/2362 2351/2416/2350
f 2357/2423/2356 2361/2428/2361 2358/2421/2354
f 2240/2430/2238 2365/2431/2363 2366/2432/2364
f 2352/2415/2349 2346/2433/2343 2343/2417/2342
f 2351/2416/2350 2365/2431/2363 2352/2415/2349
f 2366/2432/2364 2364/2429/2362 2363/2427/2360
f 2367/2434/2365 2369/2435/2366 2370/2436/2367
f 2372/2437/2368 2368/2438/2369 2371/2439/2370
f 2373/2440/2371 2369/2435/2366 2372/2437/2368
f 2370/2436/2367 2374/2441/2372 2375/2442/2373
f 2377/2443/2374 2379/2444/2375 2376/2445/2376
f 2380/2446/2377 2378/2447/2378 2377/2443/2374
f 2372/2437/2368 2381/2448/2379 2373/2440/2371
f 2371/2439/2370 2378/2447/2378 2372/2437/2368
f 2382/2449/2380 2384/2450/2381 2385/2451/2382
f 2387/2452/2383 2383/2453/2384 2386/2454/2385
f 2373/2440/2371 2384/2450/2381 2387/2452/2383
f 2385/2451/2382 2381/2448/2379 2380/2446/2377
f 2389/2455/2386 2391/2456/2387 2388/2457/2388
f 2375/2442/2373 2390/2458/2389 2389/2455/2386
f 2387/2452/2383 2374/2441/2372 2373/2440/2371
f 2386/2454/2385 2390/2458/2389 2387/2452/2383
f 2393/2459/2390 2395/2460/2391 2392/2461/2392
f 2396/2462/2393 2394/2463/2394 2393/2459/2390
f 2399/2464/2395 2397/2465/2396 2398/2466/2397
f 2400/2467/2398 2394/2463/2394 2399/2464/2395
f 2401/2468/2399 2403/2469/2400 2404/2470/2401
f 2406/2471/2402 2402/2472/2403 2405/2473/2404
f 2398/2466/2397 2403/2469/2400 2406/2471/2402
f 2404/2470/2401 2397/2465/2396 2396/2462/2393
f 2379/2444/2375 2408/2474/2405 2376/2445/2376
f 2371/2439/2370 2407/2475/2406 2379/2444/2375
f 2406/2471/2402 2409/2476/2407 2398/2466/2397
f 2405/2473/2404 2407/2475/2406 2406/2471/2402
f 2367/2434/2365 2411/2477/2408 2368/2438/2369
f 2399/2464/2395 2410/2478/2409 2400/2467/2398
f 2398/2466/2397 2411/2477/2408 2399/2464/2395
f 2368/2438/2369 2409/2476/2407 2371/2439/2370
f 2413/2479/2410 2415/2480/2411 2412/2481/2412
f 2416/2482/2413 2414/2483/2414 2413/2479/2410
f 2419/2484/2415 2417/2485/2416 2418/2486/2417
f 2420/2487/2418 2414/2483/2414 2419/2484/2415
f 2421/2488/2419 2423/2489/2420 2424/2490/2421
f 2426/2491/2422 2422/2492/2423 2425/2493/2424
f 2418/2486/2417 2423/2489/2420 2426/2491/2422
f 2424/2490/2421 2417/2485/2416 2416/2482/2413
f 2428/2494/2425 2430/2495/2426 2427/2496/2427
f 2431/2497/2428 2429/2498/2429 2428/2494/2425
f 2426/2491/2422 2432/2499/2430 2418/2486/2417
f 2425/2493/2424 2429/2498/2429 2426/2491/2422
f 2433/2500/2431 2435/2501/2432 2436/2502/2433
f 2419/2484/2415 2434/2503/2434 2420/2487/2418
f 2418/2486/2417 2435/2501/2432 2419/2484/2415
f 2436/2502/2433 2432/2499/2430 2431/2497/2428
f 2437/2504/2435 2439/2505/2436 2440/2506/2437
f 2442/2507/2438 2438/2508/2439 2441/2509/2440
f 2443/2510/2441 2439/2505/2436 2442/2507/2438
f 2445/2511/2442 2439/2505/2436 2444/2512/2443
f 2447/2513/2444 2449/2514/2445 2446/2515/2446
f 2450/2516/2447 2448/2517/2448 2447/2513/2444
f 2442/2507/2438 2451/2518/2449 2443/2510/2441
f 2441/2509/2440 2448/2517/2448 2442/2507/2438
f 2453/2519/2450 2455/2520/2451 2452/2521/2452
f 2456/2522/2453 2454/2523/2454 2453/2519/2450
f 2451/2518/2449 2457/2524/2455 2443/2510/2441
f 2450/2516/2447 2454/2523/2454 2451/2518/2449
f 2458/2525/2456 2460/2526/2457 2461/2527/2458
f 2444/2512/2443 2459/2528/2459 2445/2511/2442
f 2443/2510/2441 2460/2526/2457 2444/2512/2443
f 2461/2527/2458 2457/2524/2455 2456/2522/2453
f 2463/2529/2460 2465/2530/2461 2462/2531/2462
f 2466/2532/2463 2464/2533/2464 2463/2529/2460
f 2469/2534/2465 2467/2535/2466 2468/2536/2467
f 2470/2537/2468 2464/2533/2464 2469/2534/2465
f 2471/2538/2469 2473/2539/2470 2474/2540/2471
f 2475/2541/2472 2473/2539/2470 2472/2542/2473
f 2468/2536/2467 2473/2539/2470 2476/2543/2474
f 2474/2540/2471 2467/2535/2466 2466/2532/2463
f 2477/2544/2475 2479/2545/2476 2480/2546/2477
f 2481/2547/2478 2479/2545/2476 2478/2548/2479
f 2476/2543/2474 2482/2549/2480 2468/2536/2467
f 2480/2546/2477 2476/2543/2474 2475/2541/2472
f 2483/2550/2481 2485/2551/2482 2486/2552/2483
f 2469/2534/2465 2484/2553/2484 2470/2537/2468
f 2468/2536/2467 2485/2551/2482 2469/2534/2465
f 2486/2552/2483 2482/2549/2480 2481/2547/2478
f 2487/2554/2485 2489/2555/2486 2490/2556/2487
f 2492/2557/2488 2488/2558/2489 2491/2559/2490
f 2493/2560/2491 2489/2555/2486 2492/2557/2488
f 2490/2556/2487 2494/2561/2492 2495/2562/2493
f 2497/2563/2494 2499/2564/2495 2496/2565/2496
f 2500/2566/2497 2498/2567/2498 2497/2563/2494
f 2492/2557/2488 2501/2568/2499 2493/2560/2491
f 2491/2559/2490 2498/2567/2498 2492/2557/2488
f 2502/2569/2500 2504/2570/2501 2505/2571/2502
f 2507/2572/2503 2503/2573/2504 2506/2574/2505
f 2493/2560/2491 2504/2570/2501 2507/2572/2503
f 2505/2571/2502 2501/2568/2499 2500/2566/2497
f 2509/2575/2506 2511/2576/2507 2508/2577/2508
f 2495/2562/2493 2510/2578/2509 2509/2575/2506
f 2507/2572/2503 2494/2561/2492 2493/2560/2491
f 2506/2574/2505 2510/2578/2509 2507/2572/2503
f 2512/2579/2510 2168/2232/2169 2167/2228/2165
f 2514/2580/2511 2513/2581/2512 2512/2579/2510
f 2517/2582/2513 2515/2583/2514 2516/2584/2515
f 2171/2233/2170 2513/2581/2512 2517/2582/2513
f 2487/2554/2485 2519/2585/2516 2520/2586/2517
f 2522/2587/2518 2518/2588/2519 2521/2589/2520
f 2516/2584/2515 2519/2585/2516 2522/2587/2518
f 2520/2586/2517 2515/2583/2514 2514/2580/2511
f 2524/2590/2521 2526/2591/2522 2523/2592/2523
f 2527/2593/2524 2525/2594/2525 2524/2590/2521
f 2522/2587/2518 2528/2595/2526 2516/2584/2515
f 2521/2589/2520 2525/2594/2525 2522/2587/2518
f 2145/2206/2143 2529/2596/2527 2530/2597/2528
f 2517/2582/2513 2174/2234/2171 2171/2233/2170
f 2516/2584/2515 2529/2596/2527 2517/2582/2513
f 2530/2597/2528 2528/2595/2526 2527/2593/2524
f 2531/2598/2529 2533/2599/2530 2534/2600/2531
f 2536/2601/2532 2532/2602/2533 2535/2603/2534
f 2537/2604/2535 2533/2599/2530 2536/2601/2532
f 2534/2600/2531 2538/2605/2536 2539/2606/2537
f 2541/2607/2538 2543/2608/2539 2540/2609/2540
f 2544/2610/2541 2542/2611/2542 2541/2607/2538
f 2536/2601/2532 2545/2612/2543 2537/2604/2535
f 2535/2603/2534 2542/2611/2542 2536/2601/2532
f 2546/2613/2544 2548/2614/2545 2549/2615/2546
f 2551/2616/2547 2547/2617/2548 2550/2618/2549
f 2537/2604/2535 2548/2614/2545 2551/2616/2547
f 2549/2615/2546 2545/2612/2543 2544/2610/2541
f 2553/2619/2550 2555/2620/2551 2552/2621/2552
f 2539/2606/2537 2554/2622/2553 2553/2619/2550
f 2551/2616/2547 2538/2605/2536 2537/2604/2535
f 2550/2618/2549 2554/2622/2553 2551/2616/2547
f 2556/2623/2554 2146/2210/2147 2145/2206/2143
f 2558/2624/2555 2557/2625/2556 2556/2623/2554
f 2561/2626/2557 2559/2627/2558 2560/2628/2559
f 2149/2211/2148 2557/2625/2556 2561/2626/2557
f 2562/2629/2560 2564/2630/2561 2565/2631/2562
f 2567/2632/2563 2563/2633/2564 2566/2634/2565
f 2560/2628/2559 2564/2630/2561 2567/2632/2563
f 2565/2631/2562 2559/2627/2558 2558/2624/2555
f 2569/2635/2566 2571/2636/2567 2568/2637/2568
f 2572/2638/2569 2570/2639/2570 2569/2635/2566
f 2567/2632/2563 2573/2640/2571 2560/2628/2559
f 2566/2634/2565 2570/2639/2570 2567/2632/2563
f 2151/2214/2151 2574/2641/2572 2575/2642/2573
f 2561/2626/2557 2154/2213/2150 2149/2211/2148
f 2560/2628/2559 2574/2641/2572 2561/2626/2557
f 2575/2642/2573 2573/2640/2571 2572/2638/2569
f 2577/2643/2574 2579/2644/2575 2576/2645/2576
f 2580/2646/2577 2578/2647/2578 2577/2643/2574
f 2583/2648/2579 2581/2649/2580 2582/2650/2581
f 2584/2651/2582 2578/2647/2578 2583/2648/2579
f 2585/2652/2583 2587/2653/2584 2588/2654/2585
f 2590/2655/2586 2586/2656/2587 2589/2657/2588
f 2582/2650/2581 2587/2653/2584 2590/2655/2586
f 2588/2654/2585 2581/2649/2580 2580/2646/2577
f 2591/2658/2589 2593/2659/2590 2433/2500/2431
f 2594/2660/2591 2592/2661/2592 2591/2658/2589
f 2590/2655/2586 2595/2662/2593 2582/2650/2581
f 2589/2657/2588 2592/2661/2592 2590/2655/2586
f 2151/2214/2151 2597/2663/2594 2598/2664/2595
f 2583/2648/2579 2596/2665/2596 2584/2651/2582
f 2582/2650/2581 2597/2663/2594 2583/2648/2579
f 2598/2664/2595 2595/2662/2593 2594/2660/2591
f 2600/2666/2597 2602/2667/2598 2599/2668/2599
f 2603/2669/2600 2601/2670/2601 2600/2666/2597
f 2606/2671/2602 2604/2672/2603 2605/2673/2604
f 2607/2674/2605 2601/2670/2601 2606/2671/2602
f 2608/2675/2606 2610/2676/2607 2611/2677/2608
f 2613/2678/2609 2609/2679/2610 2612/2680/2611
f 2605/2673/2604 2610/2676/2607 2613/2678/2609
f 2611/2677/2608 2604/2672/2603 2603/2669/2600
f 2615/2681/2612 2617/2682/2613 2614/2683/2614
f 2618/2684/2615 2616/2685/2616 2615/2681/2612
f 2613/2678/2609 2619/2686/2617 2605/2673/2604
f 2612/2680/2611 2616/2685/2616 2613/2678/2609
f 2621/2687/2618 2623/2688/2619 2620/2689/2620
f 2606/2671/2602 2621/2687/2618 2607/2674/2605
f 2605/2673/2604 2622/2690/2621 2606/2671/2602
f 2623/2688/2619 2619/2686/2617 2618/2684/2615
f 2625/2691/2622 2627/2692/2623 2624/2693/2624
f 2628/2694/2625 2626/2695/2626 2625/2691/2622
f 2631/2696/2627 2629/2697/2628 2630/2698/2629
f 2632/2699/2630 2626/2695/2626 2631/2696/2627
f 2634/2700/2631 2636/2701/2632 2633/2702/2633
f 2637/2703/2634 2635/2704/2635 2634/2700/2631
f 2630/2698/2629 2635/2704/2635 2638/2705/2636
f 2636/2701/2632 2629/2697/2628 2628/2694/2625
f 2639/2706/2637 2641/2707/2638 2546/2613/2544
f 2642/2708/2639 2640/2709/2640 2639/2706/2637
f 2638/2705/2636 2643/2710/2641 2630/2698/2629
f 2637/2703/2634 2640/2709/2640 2638/2705/2636
f 2608/2711/2606 2645/2712/2642 2646/2713/2643
f 2631/2696/2627 2644/2714/2644 2632/2699/2630
f 2630/2698/2629 2645/2712/2642 2631/2696/2627
f 2646/2713/2643 2643/2710/2641 2642/2708/2639
f 2648/2715/2645 2650/2716/2646 2647/2717/2647
f 2652/2718/2648 2648/2715/2645 2651/2719/2649
f 2653/2720/2650 2649/2721/2651 2652/2718/2648
f 2655/2722/2652 2649/2721/2651 2654/2723/2653
f 2657/2724/2654 2659/2725/2655 2656/2726/2656
f 2660/2727/2657 2658/2728/2658 2657/2724/2654
f 2652/2718/2648 2661/2729/2659 2653/2720/2650
f 2651/2719/2649 2658/2728/2658 2652/2718/2648
f 2662/2730/2660 2664/2731/2661 2665/2732/2662
f 2667/2733/2663 2663/2734/2664 2666/2735/2665
f 2653/2720/2650 2664/2731/2661 2667/2733/2663
f 2665/2732/2662 2661/2729/2659 2660/2727/2657
f 2668/2736/2666 2670/2737/2667 2671/2738/2668
f 2654/2723/2653 2669/2739/2669 2655/2722/2652
f 2667/2733/2663 2654/2723/2653 2653/2720/2650
f 2666/2735/2665 2670/2737/2667 2667/2733/2663
f 2672/2740/2670 2674/2741/2671 2675/2742/2672
f 2677/2743/2673 2673/2744/2674 2676/2745/2675
f 2678/2746/2676 2674/2741/2671 2677/2743/2673
f 2675/2742/2672 2679/2747/2677 2680/2748/2678
f 2682/2749/2679 2684/2750/2680 2681/2751/2681
f 2685/2752/2682 2683/2753/2683 2682/2749/2679
f 2677/2743/2673 2686/2754/2684 2678/2746/2676
f 2676/2745/2675 2683/2753/2683 2677/2743/2673
f 2687/2755/2685 2689/2756/2686 2690/2757/2687
f 2691/2758/2688 2689/2756/2686 2688/2759/2689
f 2678/2746/2676 2689/2756/2686 2692/2760/2690
f 2690/2757/2687 2686/2754/2684 2685/2752/2682
f 2693/2761/2691 2695/2762/2692 2696/2763/2693
f 2679/2747/2677 2694/2764/2694 2680/2748/2678
f 2678/2746/2676 2695/2762/2692 2679/2747/2677
f 2696/2763/2693 2692/2760/2690 2691/2758/2688
f 2701/2765/2695 2697/2766/2696 2700/2767/2697
f 2702/2768/2698 2698/2769/2699 2701/2765/2695
f 2699/2770/2700 2703/2771/2701 2704/2772/2702
f 2705/2773/2703 2707/2774/2704 2708/2775/2705
f 2709/2776/2706 2707/2774/2704 2706/2777/2707
f 2701/2765/2695 2710/2778/2708 2702/2768/2698
f 2700/2767/2697 2707/2774/2704 2701/2765/2695
f 2562/2629/2560 2711/2779/2709 2712/2780/2710
f 2713/2781/2711 2565/2631/2562 2558/2624/2555
f 2702/2768/2698 2711/2779/2709 2713/2781/2711
f 2712/2780/2710 2710/2778/2708 2709/2776/2706
f 2714/2782/2712 2556/2623/2554 2145/2206/2143
f 2704/2772/2702 2715/2783/2713 2714/2782/2712
f 2713/2781/2711 2703/2771/2701 2702/2768/2698
f 2558/2624/2555 2715/2783/2713 2713/2781/2711
f 2716/2784/2714 2586/2656/2587 2585/2652/2583
f 2719/2785/2715 2716/2784/2714 2718/2786/2716
f 2720/2787/2717 2717/2788/2718 2719/2785/2715
f 2589/2657/2588 2717/2788/2718 2721/2789/2719
f 2722/2790/2720 2724/2791/2721 2725/2792/2722
f 2727/2793/2723 2723/2794/2724 2726/2795/2725
f 2719/2785/2715 2727/2793/2723 2720/2787/2717
f 2718/2786/2716 2724/2791/2721 2719/2785/2715
f 2720/2787/2717 2728/2796/2726 2731/2797/2727
f 2726/2795/2725 2728/2796/2726 2727/2793/2723
f 2593/2659/2590 2733/2798/2728 2433/2500/2431
f 2589/2657/2588 2732/2799/2729 2593/2659/2590
f 2731/2797/2727 2721/2789/2719 2720/2787/2717
f 2730/2800/2730 2732/2799/2729 2731/2797/2727
f 2734/2801/2731 2736/2802/2732 2412/2481/2412
f 2737/2803/2733 2735/2804/2734 2734/2801/2731
f 2740/2805/2735 2738/2806/2736 2739/2807/2737
f 2741/2808/2738 2735/2804/2734 2740/2805/2735
f 2742/2809/2739 2744/2810/2740 2745/2811/2741
f 2747/2812/2742 2743/2813/2743 2746/2814/2744
f 2739/2807/2737 2744/2810/2740 2747/2812/2742
f 2745/2811/2741 2738/2806/2736 2737/2803/2733
f 2486/2552/2483 2749/2815/2745 2483/2550/2481
f 2481/2547/2478 2748/2816/2746 2486/2552/2483
f 2747/2812/2742 2750/2817/2747 2739/2807/2737
f 2746/2814/2744 2748/2816/2746 2747/2812/2742
f 2477/2544/2475 2752/2818/2748 2478/2548/2479
f 2740/2805/2735 2751/2819/2749 2741/2808/2738
f 2739/2807/2737 2752/2818/2748 2740/2805/2735
f 2478/2548/2479 2750/2817/2747 2481/2547/2478
f 2754/2820/2750 2756/2821/2751 2753/2822/2752
f 2757/2823/2753 2755/2824/2754 2754/2820/2750
f 2760/2825/2755 2758/2826/2756 2759/2827/2757
f 2761/2828/2758 2755/2824/2754 2760/2825/2755
f 2762/2829/2759 2764/2830/2760 2765/2831/2761
f 2767/2832/2762 2763/2833/2763 2766/2834/2764
f 2759/2827/2757 2764/2830/2760 2767/2832/2762
f 2765/2831/2761 2758/2826/2756 2757/2823/2753
f 2768/2835/2765 2770/2836/2766 2523/2592/2523
f 2771/2837/2767 2769/2838/2768 2768/2835/2765
f 2767/2832/2762 2772/2839/2769 2759/2827/2757
f 2766/2834/2764 2769/2838/2768 2767/2832/2762
f 2773/2840/2770 2775/2841/2771 2776/2842/2772
f 2760/2825/2755 2774/2843/2773 2761/2828/2758
f 2759/2827/2757 2775/2841/2771 2760/2825/2755
f 2776/2842/2772 2772/2839/2769 2771/2837/2767
f 2753/2822/2752 2777/2844/2774 2778/2845/2775
f 2779/2846/2776 2756/2821/2751 2761/2828/2758
f 2780/2847/2777 2777/2844/2774 2779/2846/2776
f 2778/2845/2775 2781/2848/2778 2782/2849/2779
f 2773/2840/2770 2784/2850/2780 2774/2843/2773
f 2786/2851/2781 2783/2852/2782 2785/2853/2783
f 2780/2847/2777 2784/2850/2780 2786/2851/2781
f 2774/2843/2773 2779/2846/2776 2761/2828/2758
f 2511/2576/2507 2788/2854/2784 2508/2577/2508
f 2789/2855/2785 2511/2576/2507 2506/2574/2505
f 2786/2851/2781 2789/2855/2785 2780/2847/2777
f 2785/2853/2783 2787/2856/2786 2786/2851/2781
f 2790/2857/2787 2503/2573/2504 2502/2569/2500
f 2782/2849/2779 2791/2858/2788 2790/2857/2787
f 2789/2855/2785 2781/2848/2778 2780/2847/2777
f 2506/2574/2505 2791/2858/2788 2789/2855/2785
f 2792/2859/2789 2794/2860/2790 2795/2861/2791
f 2797/2862/2792 2793/2863/2793 2796/2864/2794
f 2798/2865/2795 2794/2860/2790 2797/2862/2792
f 2795/2861/2791 2799/2866/2796 2800/2867/2797
f 2802/2868/2798 2804/2869/2799 2801/2870/2800
f 2805/2871/2801 2803/2872/2802 2802/2868/2798
f 2797/2862/2792 2806/2873/2803 2798/2865/2795
f 2796/2864/2794 2803/2872/2802 2797/2862/2792
f 2807/2874/2804 2809/2875/2805 2810/2876/2806
f 2812/2877/2807 2808/2878/2808 2811/2879/2809
f 2798/2865/2795 2809/2875/2805 2812/2877/2807
f 2810/2876/2806 2806/2873/2803 2805/2871/2801
f 2814/2880/2810 2816/2881/2811 2813/2882/2812
f 2800/2867/2797 2815/2883/2813 2814/2880/2810
f 2812/2877/2807 2799/2866/2796 2798/2865/2795
f 2811/2879/2809 2815/2883/2813 2812/2877/2807
f 2818/2884/2814 2820/2885/2815 2817/2886/2816
f 2821/2887/2817 2819/2888/2818 2818/2884/2814
f 2824/2889/2819 2822/2890/2820 2823/2891/2821
f 2825/2892/2822 2819/2888/2818 2824/2889/2819
f 2376/2445/2376 2826/2893/2823 2827/2894/2824
f 2828/2895/2825 2408/2474/2405 2405/2473/2404
f 2823/2891/2821 2826/2893/2823 2828/2895/2825
f 2827/2894/2824 2822/2890/2820 2821/2887/2817
f 2829/2896/2826 2402/2472/2403 2401/2468/2399
f 2831/2897/2827 2830/2898/2828 2829/2896/2826
f 2828/2895/2825 2832/2899/2829 2823/2891/2821
f 2405/2473/2404 2830/2898/2828 2828/2895/2825
f 2833/2900/2830 2835/2901/2831 2836/2902/2832
f 2824/2889/2819 2834/2903/2833 2825/2892/2822
f 2823/2891/2821 2835/2901/2831 2824/2889/2819
f 2836/2902/2832 2832/2899/2829 2831/2897/2827
f 2838/2904/2834 2840/2905/2835 2837/2906/2836
f 2841/2907/2837 2839/2908/2838 2838/2904/2834
f 2844/2909/2839 2842/2910/2840 2843/2911/2841
f 2845/2912/2842 2839/2908/2838 2844/2909/2839
f 2846/2913/2843 2848/2914/2844 2849/2915/2845
f 2851/2916/2846 2847/2917/2847 2850/2918/2848
f 2843/2911/2841 2848/2914/2844 2851/2916/2846
f 2849/2915/2845 2842/2910/2840 2841/2907/2837
f 2549/2615/2546 2853/2919/2849 2546/2613/2544
f 2544/2610/2541 2852/2920/2850 2549/2615/2546
f 2851/2916/2846 2854/2921/2851 2843/2911/2841
f 2850/2918/2848 2852/2920/2850 2851/2916/2846
f 2540/2609/2540 2856/2922/2852 2541/2607/2538
f 2844/2909/2839 2855/2923/2853 2845/2912/2842
f 2843/2911/2841 2856/2922/2852 2844/2909/2839
f 2541/2607/2538 2854/2921/2851 2544/2610/2541
f 2294/2924/2294 2858/2925/2854 2295/2926/2292
f 2860/2927/2855 2857/2928/2856 2859/2929/2857
f 2861/2930/2858 2858/2925/2854 2860/2927/2855
f 2295/2926/2292 2862/2931/2859 2298/2932/2295
f 2863/2933/2860 2865/2934/2861 2866/2935/2862
f 2868/2936/2863 2864/2937/2864 2867/2938/2865
f 2860/2927/2855 2868/2936/2863 2861/2930/2858
f 2859/2929/2857 2865/2934/2861 2860/2927/2855
f 2869/2939/2866 2871/2940/2867 2353/2418/2351
f 2873/2941/2868 2869/2939/2866 2872/2942/2869
f 2861/2930/2858 2870/2943/2870 2873/2941/2868
f 2867/2938/2865 2870/2943/2870 2868/2936/2863
f 2303/2944/2300 2875/2945/2871 2300/2946/2298
f 2298/2932/2295 2874/2947/2872 2303/2944/2300
f 2873/2941/2868 2862/2931/2859 2861/2930/2858
f 2872/2942/2869 2874/2947/2872 2873/2941/2868
f 2833/2900/2830 2877/2948/2873 2878/2949/2874
f 2880/2950/2875 2876/2951/2876 2879/2952/2877
f 2881/2953/2878 2877/2948/2873 2880/2950/2875
f 2878/2949/2874 2882/2954/2879 2883/2955/2880
f 2885/2956/2881 2887/2957/2882 2884/2958/2883
f 2888/2959/2884 2886/2960/2885 2885/2956/2881
f 2880/2950/2875 2889/2961/2886 2881/2953/2878
f 2879/2952/2877 2886/2960/2885 2880/2950/2875
f 2458/2525/2456 2891/2962/2887 2892/2963/2888
f 2894/2964/2889 2890/2965/2890 2893/2966/2891
f 2881/2953/2878 2891/2962/2887 2894/2964/2889
f 2892/2963/2888 2889/2961/2886 2888/2959/2884
f 2895/2967/2892 2897/2968/2893 2614/2683/2614
f 2883/2955/2880 2896/2969/2894 2895/2967/2892
f 2894/2964/2889 2882/2954/2879 2881/2953/2878
f 2893/2966/2891 2896/2969/2894 2894/2964/2889
f 2546/2613/2544 2898/2970/2895 2639/2706/2637
f 2899/2971/2896 2853/2919/2849 2850/2918/2848
f 2900/2972/2897 2898/2970/2895 2899/2971/2896
f 2639/2706/2637 2901/2973/2898 2642/2708/2639
f 2902/2974/2899 2847/2917/2847 2846/2913/2843
f 2904/2975/2900 2903/2976/2901 2902/2974/2899
f 2899/2971/2896 2905/2977/2902 2900/2972/2897
f 2850/2918/2848 2903/2976/2901 2899/2971/2896
f 2817/2978/2816 2907/2979/2903 2908/2980/2904
f 2910/2981/2905 2906/2982/2906 2909/2983/2907
f 2900/2972/2897 2907/2979/2903 2910/2981/2905
f 2908/2980/2904 2905/2977/2902 2904/2975/2900
f 2646/2713/2643 2912/2984/2908 2608/2711/2606
f 2642/2708/2639 2911/2985/2909 2646/2713/2643
f 2910/2981/2905 2901/2973/2898 2900/2972/2897
f 2909/2983/2907 2911/2985/2909 2910/2981/2905
f 2568/2637/2568 2914/2986/2910 2569/2635/2566
f 2916/2987/2911 2913/2988/2912 2915/2989/2913
f 2917/2990/2914 2914/2986/2910 2916/2987/2911
f 2569/2635/2566 2918/2991/2915 2572/2638/2569
f 2919/2992/2916 2921/2993/2917 2922/2994/2918
f 2922/2994/2918 2916/2987/2911 2915/2989/2913
f 2575/2642/2573 2926/2995/2919 2151/2214/2151
f 2572/2638/2569 2925/2996/2920 2575/2642/2573
f 2924/2997/2921 2918/2991/2915 2917/2990/2914
f 2923/2998/2922 2925/2996/2920 2924/2997/2921
f 2927/2999/2923 2929/3000/2924 2576/2645/2576
f 2930/3001/2925 2928/3002/2926 2927/2999/2923
f 2933/3003/2927 2931/3004/2928 2932/3005/2929
f 2934/3006/2930 2928/3002/2926 2933/3003/2927
f 2936/3007/2931 2938/3008/2932 2935/3009/2933
f 2939/3010/2934 2937/3011/2935 2936/3007/2931
f 2931/3004/2928 2940/3012/2936 2932/3005/2929
f 2930/3001/2925 2937/3011/2935 2931/3004/2928
f 2672/2740/2670 2941/3013/2937 2942/3014/2938
f 2680/2748/2678 2941/3013/2937 2675/2742/2672
f 2940/3012/2936 2943/3015/2939 2932/3005/2929
f 2942/3014/2938 2940/3012/2936 2939/3010/2934
f 2693/2761/2691 2945/3016/2940 2694/2764/2694
f 2933/3003/2927 2944/3017/2941 2934/3006/2930
f 2932/3005/2929 2945/3016/2940 2933/3003/2927
f 2694/2764/2694 2943/3015/2939 2680/2748/2678
f 2946/3018/2942 1819/1867/1820 1818/1863/1816
f 2948/3019/2943 2947/3020/2944 2946/3018/2942
f 2951/3021/2945 2949/3022/2946 2950/3023/2947
f 1822/1868/1821 2947/3020/2944 2951/3021/2945
f 2952/3024/2948 2954/3025/2949 2955/3026/2950
f 2957/3027/2951 2953/3028/2952 2956/3029/2953
f 2950/3023/2947 2954/3025/2949 2957/3027/2951
f 2955/3026/2950 2949/3022/2946 2948/3019/2943
f 2958/3030/2954 2960/3031/2955 2121/2182/2119
f 2961/3032/2956 2959/3033/2957 2958/3030/2954
f 2957/3027/2951 2962/3034/2958 2950/3023/2947
f 2956/3029/2953 2959/3033/2957 2957/3027/2951
f 1827/1874/1827 2963/3035/2959 2964/3036/2960
f 2951/3021/2945 1830/1873/1826 1822/1868/1821
f 2950/3023/2947 2963/3035/2959 2951/3021/2945
f 2964/3036/2960 2962/3034/2958 2961/3032/2956
f 2124/2184/2121 2958/3030/2954 2121/2182/2119
f 2119/2179/2116 2965/3037/2961 2124/2184/2121
f 2968/3038/2962 2966/3039/2963 2967/3040/2964
f 2958/3030/2954 2968/3038/2962 2961/3032/2956
f 2101/2162/2099 2970/3041/2965 2117/2178/2115
f 2972/3042/2966 2969/3043/2967 2971/3044/2968
f 2967/3040/2964 2970/3041/2965 2972/3042/2966
f 2117/2178/2115 2966/3039/2963 2119/2179/2116
f 1877/1920/1873 2974/3045/2969 1874/1921/1874
f 2975/3046/2970 1877/1920/1873 1882/1927/1880
f 2972/3042/2966 2975/3046/2970 2967/3040/2964
f 2971/3044/2968 2973/3047/2971 2972/3042/2966
f 2964/3036/2960 1892/1938/1891 1827/1874/1827
f 2961/3032/2956 2976/3048/2972 2964/3036/2960
f 2975/3046/2970 2968/3038/2962 2967/3040/2964
f 1882/1927/1880 2976/3048/2972 2975/3046/2970
f 2104/2164/2101 2969/3043/2967 2101/2162/2099
f 2099/2159/2096 2977/3049/2973 2104/2164/2101
f 2980/3050/2974 2978/3051/2975 2979/3052/2976
f 2971/3044/2968 2977/3049/2973 2980/3050/2974
f 2095/2158/2095 2982/3053/2977 2096/2156/2093
f 2984/3054/2978 2981/3055/2979 2983/3056/2980
f 2979/3052/2976 2982/3053/2977 2984/3054/2978
f 2096/2156/2093 2978/3051/2975 2099/2159/2096
f 1925/1969/1922 2986/3057/2981 1922/1967/1920
f 1930/1975/1928 2985/3058/2982 1925/1969/1922
f 2984/3054/2978 2987/3059/2983 2979/3052/2976
f 2983/3056/2980 2985/3058/2982 2984/3054/2978
f 1874/1921/1874 2988/3060/2984 1940/1985/1938
f 2980/3050/2974 2974/3045/2969 2971/3044/2968
f 2979/3052/2976 2988/3060/2984 2980/3050/2974
f 1940/1985/1938 2987/3059/2983 1930/1975/1928
f 1922/1967/1920 2989/3061/2985 1970/2015/1968
f 2990/3062/2986 2986/3057/2981 2983/3056/2980
f 2991/3063/2987 2989/3061/2985 2990/3062/2986
f 1970/2015/1968 2992/3064/2988 1972/2016/1969
f 2993/3065/2989 2981/3055/2979 2095/2158/2095
f 2995/3066/2990 2994/3067/2991 2993/3065/2989
f 2990/3062/2986 2996/3068/2992 2991/3063/2987
f 2983/3056/2980 2994/3067/2991 2990/3062/2986
f 2210/3069/2208 2998/3070/2993 2999/3071/2994
f 3001/3072/2995 2997/3073/2996 3000/3074/2997
f 2991/3063/2987 2998/3070/2993 3001/3072/2995
f 2999/3071/2994 2996/3068/2992 2995/3066/2990
f 1979/2023/1976 3003/3075/2998 1976/2021/1974
f 1972/2016/1969 3002/3076/2999 1979/2023/1976
f 3001/3072/2995 2992/3064/2988 2991/3063/2987
f 3000/3074/2997 3002/3076/2999 3001/3072/2995
f 2213/2273/2210 2997/3077/2996 2210/2271/2208
f 3005/3078/3000 2213/2273/2210 2208/2269/2206
f 3006/3079/3001 3004/3080/3002 3005/3078/3000
f 3000/3081/2997 3004/3080/3002 3007/3082/3003
f 3008/3083/3004 2205/2265/2202 2204/2267/2204
f 3010/3084/3005 3009/3085/3006 3008/3083/3004
f 3005/3078/3000 3011/3086/3007 3006/3079/3001
f 2208/2269/2206 3009/3085/3006 3005/3078/3000
f 2002/2047/2000 3012/3087/3008 3013/3088/3009
f 2010/2055/2008 3012/3087/3008 2005/2049/2002
f 3006/3079/3001 3012/3087/3008 3014/3089/3010
f 3013/3088/3009 3011/3086/3007 3010/3084/3005
f 1976/2070/1974 3015/3090/3011 2020/2068/2018
f 3007/3082/3003 3003/3091/2998 3000/3081/2997
f 3006/3079/3001 3015/3090/3011 3007/3082/3003
f 2020/2068/2018 3014/3089/3010 2010/2055/2008
f 3013/3088/3009 2063/2122/2062 2002/2047/2000
f 3010/3084/3005 3016/3092/3012 3013/3088/3009
f 3019/3093/3013 3017/3094/3014 3018/3095/3015
f 2055/2113/2053 3016/3092/3012 3019/3093/3013
f 2204/2267/2204 3021/3096/3016 3008/3083/3004
f 3023/3097/3017 3020/3098/3018 3022/3099/3019
f 3018/3095/3015 3021/3096/3016 3023/3097/3017
f 3008/3083/3004 3017/3094/3014 3010/3084/3005
f 2955/3026/2950 3025/3100/3020 2952/3024/2948
f 2948/3019/2943 3024/3101/3021 2955/3026/2950
f 3023/3097/3017 3026/3102/3022 3018/3095/3015
f 3022/3099/3019 3024/3101/3021 3023/3097/3017
f 1818/1863/1816 3027/3103/3023 2946/3018/2942
f 3019/3093/3013 2051/2108/2048 2055/2113/2053
f 3018/3095/3015 3027/3103/3023 3019/3093/3013
f 2946/3018/2942 3026/3102/3022 2948/3019/2943
f 2107/2170/2107 3029/3104/3024 2108/2168/2105
f 3031/3105/3025 3028/3106/3026 3030/3107/3027
f 3032/3108/3028 3029/3104/3024 3031/3105/3025
f 2108/2168/2105 3033/3109/3029 2094/2155/2092
f 2436/2502/2433 3035/3110/3030 2433/2500/2431
f 2431/2497/2428 3034/3111/3031 2436/2502/2433
f 3031/3105/3025 3036/3112/3032 3032/3108/3028
f 3030/3107/3027 3034/3111/3031 3031/3105/3025
f 2427/2496/2427 3038/3113/3033 2428/2494/2425
f 3040/3114/3034 3037/3115/3035 3039/3116/3036
f 3032/3108/3028 3038/3113/3033 3040/3114/3034
f 2428/2494/2425 3036/3112/3032 2431/2497/2428
f 2089/2149/2086 3042/3117/3037 2086/2147/2084
f 2094/2155/2092 3041/3118/3038 2089/2149/2086
f 3040/3114/3034 3033/3109/3029 3032/3108/3028
f 3039/3116/3036 3041/3118/3038 3040/3114/3034
f 2127/2190/2127 3043/3119/3039 2128/2188/2125
f 3044/3120/3040 2133/2193/2130 2138/2199/2136
f 3045/3121/3041 3043/3119/3039 3044/3120/3040
f 2128/2188/2125 3046/3122/3042 2116/2177/2114
f 2598/2664/2595 2152/2212/2149 2151/2214/2151
f 2594/2660/2591 3047/3123/3043 2598/2664/2595
f 3044/3120/3040 3048/3124/3044 3045/3121/3041
f 2138/2199/2136 3047/3123/3043 3044/3120/3040
f 2433/2500/2431 3049/3125/3045 2591/2658/2589
f 3050/3126/3046 3035/3110/3030 3030/3107/3027
f 3045/3121/3041 3049/3125/3045 3050/3126/3046
f 2591/2658/2589 3048/3124/3044 2594/2660/2591
f 2112/2173/2110 3028/3106/3026 2107/2170/2107
f 2116/2177/2114 3051/3127/3047 2112/2173/2110
f 3050/3126/3046 3046/3122/3042 3045/3121/3041
f 3030/3107/3027 3051/3127/3047 3050/3126/3046
f 2121/2182/2119 3052/3128/3048 2122/2186/2123
f 3053/3129/3049 2960/3031/2955 2956/3029/2953
f 3054/3130/3050 3052/3128/3048 3053/3129/3049
f 2122/2186/2123 3055/3131/3051 2125/2187/2124
f 3056/3132/3052 2953/3028/2952 2952/3024/2948
f 3058/3133/3053 3057/3134/3054 3056/3132/3052
f 3053/3129/3049 3059/3135/3055 3054/3130/3050
f 2956/3029/2953 3057/3134/3054 3053/3129/3049
f 2139/2202/2139 3060/3136/3056 3061/3137/3057
f 3062/3138/3058 2142/2201/2138 2134/2196/2133
f 3054/3130/3050 3060/3136/3056 3062/3138/3058
f 3061/3137/3057 3059/3135/3055 3058/3133/3053
f 2130/2189/2126 2131/2195/2132 2127/2190/2127
f 2125/2187/2124 3063/3139/3059 2130/2189/2126
f 3062/3138/3058 3055/3131/3051 3054/3130/3050
f 2134/2196/2133 3063/3139/3059 3062/3138/3058
f 2952/3024/2948 3064/3140/3060 3056/3132/3052
f 3065/3141/3061 3025/3100/3020 3022/3099/3019
f 3066/3142/3062 3064/3140/3060 3065/3141/3061
f 3056/3132/3052 3067/3143/3063 3058/3133/3053
f 3068/3144/3064 3020/3098/3018 2204/2267/2204
f 3070/3145/3065 3069/3146/3066 3068/3144/3064
f 3065/3141/3061 3071/3147/3067 3066/3142/3062
f 3022/3099/3019 3069/3146/3066 3065/3141/3061
f 2161/2224/2161 3072/3148/3068 3073/3149/3069
f 3074/3150/3070 2164/2223/2160 2157/2219/2156
f 3066/3142/3062 3072/3148/3068 3074/3150/3070
f 3073/3149/3069 3071/3147/3067 3070/3145/3065
f 3061/3137/3057 2155/2218/2155 2139/2202/2139
f 3058/3133/3053 3075/3151/3071 3061/3137/3057
f 3074/3150/3070 3067/3143/3063 3066/3142/3062
f 2157/2219/2156 3075/3151/3071 3074/3150/3070
f 2195/2256/2193 3077/3152/3072 2196/2260/2197
f 3079/3153/3073 3076/3154/3074 3078/3155/3075
f 3080/3156/3076 3077/3152/3072 3079/3153/3073
f 2196/2260/2197 3081/3157/3077 2199/2261/2198
f 2184/2244/2181 3083/3158/3078 2181/2242/2179
f 2177/2239/2176 3082/3159/3079 2184/2244/2181
f 3079/3153/3073 3084/3160/3080 3080/3156/3076
f 3078/3155/3075 3082/3159/3079 3079/3153/3073
f 3073/3149/3069 2175/2238/2175 2161/2224/2161
f 3070/3145/3065 3085/3161/3081 3073/3149/3069
f 3084/3160/3080 3086/3162/3082 3080/3156/3076
f 2177/2239/2176 3085/3161/3081 3084/3160/3080
f 2204/2267/2204 3087/3163/3083 3068/3144/3064
f 3081/3157/3077 2207/2266/2203 2199/2261/2198
f 3080/3156/3076 3087/3163/3083 3081/3157/3077
f 3068/3144/3064 3086/3162/3082 3070/3145/3065
f 3089/3164/3084 3091/3165/3085 3088/3166/3086
f 3092/3167/3087 3090/3168/3088 3089/3164/3084
f 3095/3169/3089 3093/3170/3090 3094/3171/3091
f 3096/3172/3092 3090/3168/3088 3095/3169/3089
f 2181/2242/2179 3097/3173/3093 3098/3174/3094
f 3099/3175/3095 3083/3158/3078 3078/3155/3075
f 3094/3171/3091 3097/3173/3093 3099/3175/3095
f 3098/3174/3094 3093/3170/3090 3092/3167/3087
f 3100/3176/3096 3076/3154/3074 2195/2256/2193
f 3102/3177/3097 3101/3178/3098 3100/3176/3096
f 3099/3175/3095 3103/3179/3099 3094/3171/3091
f 3078/3155/3075 3101/3178/3098 3099/3175/3095
f 3104/3180/3100 3106/3181/3101 2359/2426/2359
f 3095/3169/3089 3104/3180/3100 3096/3172/3092
f 3094/3171/3091 3105/3182/3102 3095/3169/3089
f 3102/3177/3097 3105/3182/3102 3103/3179/3099
f 2187/2250/2187 3107/3183/3103 3108/3184/3104
f 3109/3185/3105 2190/2249/2186 2185/2247/2184
f 3110/3186/3106 3107/3183/3103 3109/3185/3105
f 3108/3184/3104 3111/3187/3107 3112/3188/3108
f 3098/3174/3094 2182/2246/2183 2181/2242/2179
f 3092/3167/3087 3113/3189/3109 3098/3174/3094
f 3109/3185/3105 3114/3190/3110 3110/3186/3106
f 2185/2247/2184 3113/3189/3109 3109/3185/3105
f 3088/3166/3086 3116/3191/3111 3089/3164/3084
f 3118/3192/3112 3115/3193/3113 3117/3194/3114
f 3110/3186/3106 3116/3191/3111 3118/3192/3112
f 3089/3164/3084 3114/3190/3110 3092/3167/3087
f 3119/3195/3115 3121/3196/3116 2540/2609/2540
f 3112/3188/3108 3120/3197/3117 3119/3195/3115
f 3118/3192/3112 3111/3187/3107 3110/3186/3106
f 3117/3194/3114 3120/3197/3117 3118/3192/3112
f 2216/2279/2216 3122/3198/3118 2217/2277/2214
f 3123/3199/3119 2222/3200/2219 2227/3201/2225
f 3124/3202/3120 3122/3198/3118 3123/3199/3119
f 2217/2277/2214 3125/3203/3121 2203/2264/2201
f 2366/2432/2364 2241/3204/2241 2240/2430/2238
f 2363/2427/2360 3126/3205/3122 2366/2432/2364
f 3123/3199/3119 3127/3206/3123 3124/3202/3120
f 2227/3201/2225 3126/3205/3122 3123/3199/3119
f 2359/2426/2359 3128/3207/3124 2360/2424/2357
f 3129/3208/3125 3106/3181/3101 3102/3177/3097
f 3124/3202/3120 3128/3207/3124 3129/3208/3125
f 2360/2424/2357 3127/3206/3123 2363/2427/2360
f 2198/2258/2195 3100/3176/3096 2195/2256/2193
f 2203/2264/2201 3130/3209/3126 2198/2258/2195
f 3129/3208/3125 3125/3203/3121 3124/3202/3120
f 3102/3177/3097 3130/3209/3126 3129/3208/3125
f 2999/3071/2994 2211/3210/2212 2210/3069/2208
f 2995/3066/2990 3131/3211/3127 2999/3071/2994
f 3134/3212/3128 3132/3213/3129 3133/3214/3130
f 2214/3215/2213 3131/3211/3127 3134/3212/3128
f 2095/2158/2095 3135/3216/3131 2993/3065/2989
f 3136/3217/3132 2262/2323/2259 2259/2322/2258
f 3133/3214/3130 3135/3216/3131 3136/3217/3132
f 2993/3065/2989 3132/3213/3129 2995/3066/2990
f 2231/2292/2228 2256/2321/2257 2228/2290/2226
f 2223/2284/2220 3137/3218/3133 2231/2292/2228
f 3136/3217/3132 3138/3219/3134 3133/3214/3130
f 2259/2322/2258 3137/3218/3133 3136/3217/3132
f 2216/2283/2216 3139/3220/3135 2220/2281/2218
f 3134/3212/3128 2219/3221/2215 2214/3215/2213
f 3133/3214/3130 3139/3220/3135 3134/3212/3128
f 2220/2281/2218 3138/3219/3134 2223/2284/2220
f 2437/2504/2435 3141/3222/3136 3142/3223/3137
f 3143/3224/3138 3141/3222/3136 3140/3225/3139
f 3145/3226/3140 3141/3222/3136 3144/3227/3141
f 3142/3223/3137 3146/3228/3142 3147/3229/3143
f 2250/2314/2250 3148/3230/3144 3149/3231/3145
f 3150/3232/3146 2253/2313/2249 2246/2307/2243
f 3144/3227/3141 3150/3232/3146 3145/3226/3140
f 3149/3231/3145 3144/3227/3141 3143/3224/3138
f 2086/2147/2084 3151/3233/3147 2244/2306/2242
f 3152/3234/3148 3042/3117/3037 3039/3116/3036
f 3145/3226/3140 3151/3233/3147 3152/3234/3148
f 2244/2306/2242 3150/3232/3146 2246/2307/2243
f 3153/3235/3149 3037/3115/3035 2427/2496/2427
f 3147/3229/3143 3154/3236/3150 3153/3235/3149
f 3152/3234/3148 3146/3228/3142 3145/3226/3140
f 3039/3116/3036 3154/3236/3150 3152/3234/3148
f 3155/3237/3151 3157/3238/3152 3158/3239/3153
f 3160/3240/3154 3156/3241/3155 3159/3242/3156
f 3161/3243/3157 3157/3238/3152 3160/3240/3154
f 3158/3239/3153 3162/3244/3158 3163/3245/3159
f 3149/3231/3145 3165/3246/3160 2250/2314/2250
f 3143/3224/3138 3164/3247/3161 3149/3231/3145
f 3160/3240/3154 3166/3248/3162 3161/3243/3157
f 3159/3242/3156 3164/3247/3161 3160/3240/3154
f 2437/2504/2435 3167/3249/3163 3140/3225/3139
f 3168/3250/3164 2440/2506/2437 2445/2511/2442
f 3161/3243/3157 3167/3249/3163 3168/3250/3164
f 3140/3225/3139 3166/3248/3162 3143/3224/3138
f 3169/3251/3165 2459/2528/2459 2458/2525/2456
f 3163/3245/3159 3170/3252/3166 3169/3251/3165
f 3168/3250/3164 3162/3244/3158 3161/3243/3157
f 2445/2511/2442 3170/3252/3166 3168/3250/3164
f 2258/2319/2255 2229/2294/2230 2228/2290/2226
f 2254/2315/2251 3171/3253/3167 2258/2319/2255
f 3174/3254/3168 3172/3255/3169 3173/3256/3170
f 2232/2295/2231 3171/3253/3167 3174/3254/3168
f 2250/2314/2250 3175/3257/3171 2251/2312/2248
f 3176/3258/3172 3165/3246/3160 3159/3242/3156
f 3173/3256/3170 3175/3257/3171 3176/3258/3172
f 2251/2312/2248 3172/3255/3169 2254/2315/2251
f 3177/3259/3173 3156/3241/3155 3155/3237/3151
f 3179/3260/3174 3178/3261/3175 3177/3259/3173
f 3176/3258/3172 3180/3262/3176 3173/3256/3170
f 3159/3242/3156 3178/3261/3175 3176/3258/3172
f 2234/2298/2234 3181/3263/3177 3182/3264/3178
f 3174/3254/3168 2237/2297/2233 2232/2295/2231
f 3173/3256/3170 3181/3263/3177 3174/3254/3168
f 3182/3264/3178 3180/3262/3176 3179/3260/3174
f 2392/2461/2392 3183/3265/3179 3184/3266/3180
f 3185/3267/3181 2395/2460/2391 2400/2467/2398
f 3186/3268/3182 3183/3265/3179 3185/3267/3181
f 3184/3266/3180 3187/3269/3183 3188/3270/3184
f 3189/3271/3185 2410/2478/2409 2367/2434/2365
f 3191/3272/3186 3190/3273/3187 3189/3271/3185
f 3185/3267/3181 3192/3274/3188 3186/3268/3182
f 2400/2467/2398 3190/3273/3187 3185/3267/3181
f 2263/2325/2261 3193/3275/3189 3194/3276/3190
f 3195/3277/3191 2266/2327/2263 2271/2333/2269
f 3186/3268/3182 3193/3275/3189 3195/3277/3191
f 3194/3276/3190 3192/3274/3188 3191/3272/3186
f 3196/3278/3192 2285/2346/2282 2284/2348/2284
f 3188/3270/3184 3197/3279/3193 3196/3278/3192
f 3195/3277/3191 3187/3269/3183 3186/3268/3182
f 2271/2333/2269 3197/3279/3193 3195/3277/3191
f 2370/2436/2367 3189/3271/3185 2367/2434/2365
f 2375/2442/2373 3198/3280/3194 2370/2436/2367
f 3201/3281/3195 3199/3282/3196 3200/3283/3197
f 3189/3271/3185 3201/3281/3195 3191/3272/3186
f 2388/2457/2388 3203/3284/3198 2389/2455/2386
f 3205/3285/3199 3202/3286/3200 3204/3287/3201
f 3200/3283/3197 3203/3284/3198 3205/3285/3199
f 2389/2455/2386 3199/3282/3196 2375/2442/2373
f 2294/2358/2294 3206/3288/3202 3207/3289/3203
f 3208/3290/3204 2297/2357/2293 2290/2353/2289
f 3200/3283/3197 3206/3288/3202 3208/3290/3204
f 3207/3289/3203 3205/3285/3199 3204/3287/3201
f 3194/3276/3190 2288/2352/2288 2263/2325/2261
f 3191/3272/3186 3209/3291/3205 3194/3276/3190
f 3208/3290/3204 3201/3281/3195 3200/3283/3197
f 2290/2353/2289 3209/3291/3205 3208/3290/3204
f 3155/3237/3151 3211/3292/3206 3177/3259/3173
f 3213/3293/3207 3210/3294/3208 3212/3295/3209
f 3214/3296/3210 3211/3292/3206 3213/3293/3207
f 3177/3259/3173 3215/3297/3211 3179/3260/3174
f 2320/2381/2317 3217/3298/3212 2317/2379/2315
f 2312/2375/2311 3216/3299/3213 2320/2381/2317
f 3213/3293/3207 3218/3300/3214 3214/3296/3210
f 3212/3295/3209 3216/3299/3213 3213/3293/3207
f 2336/2397/2333 2309/2374/2310 2308/2370/2306
f 2330/2391/2327 3219/3301/3215 2336/2397/2333
f 3218/3300/3214 3220/3302/3216 3214/3296/3210
f 2312/2375/2311 3219/3301/3215 3218/3300/3214
f 3182/3264/3178 2328/2392/2328 2234/2298/2234
f 3179/3260/3174 3221/3303/3217 3182/3264/3178
f 3220/3302/3216 3215/3297/3211 3214/3296/3210
f 2328/2392/2328 3220/3302/3216 2330/2391/2327
f 3222/3304/3218 2885/2956/2881 2884/2958/2883
f 3224/3305/3219 3223/3306/3220 3222/3304/3218
f 3227/3307/3221 3225/3308/3222 3226/3309/3223
f 2885/2956/2881 3227/3307/3221 2888/2959/2884
f 2317/2379/2315 3228/3310/3224 3229/3311/3225
f 3230/3312/3226 3217/3298/3212 3212/3295/3209
f 3226/3309/3223 3228/3310/3224 3230/3312/3226
f 3229/3311/3225 3225/3308/3222 3224/3305/3219
f 3158/3239/3153 3210/3294/3208 3155/3237/3151
f 3163/3245/3159 3231/3313/3227 3158/3239/3153
f 3230/3312/3226 3232/3314/3228 3226/3309/3223
f 3212/3295/3209 3231/3313/3227 3230/3312/3226
f 2892/2963/2888 3169/3251/3165 2458/2525/2456
f 2888/2959/2884 3233/3315/3229 2892/2963/2888
f 3232/3314/3228 3227/3307/3221 3226/3309/3223
f 3169/3251/3165 3232/3314/3228 3163/3245/3159
f 2284/2348/2284 3234/3316/3230 3196/3278/3192
f 3235/3317/3231 2324/2386/2322 2321/2384/2320
f 3236/3318/3232 3234/3316/3230 3235/3317/3231
f 3196/3278/3192 3237/3319/3233 3188/3270/3184
f 3229/3311/3225 2318/2383/2319 2317/2379/2315
f 3224/3305/3219 3238/3320/3234 3229/3311/3225
f 3235/3317/3231 3239/3321/3235 3236/3318/3232
f 2321/2384/2320 3238/3320/3234 3235/3317/3231
f 2884/2958/2883 3241/3322/3236 3222/3304/3218
f 3243/3323/3237 3240/3324/3238 3242/3325/3239
f 3236/3318/3232 3241/3322/3236 3243/3323/3237
f 3222/3304/3218 3239/3321/3235 3224/3305/3219
f 3184/3266/3180 3245/3326/3240 2392/2461/2392
f 3188/3270/3184 3244/3327/3241 3184/3266/3180
f 3243/3323/3237 3237/3319/3233 3236/3318/3232
f 3242/3325/3239 3244/3327/3241 3243/3323/3237
f 2278/2340/2276 3246/3328/3242 2326/2388/2324
f 2276/2337/2273 3246/3328/3242 2281/2342/2278
f 3248/3329/3243 3246/3328/3242 3247/3330/3244
f 2326/2388/2324 3249/3331/3245 2316/2378/2314
f 2272/2336/2272 3251/3332/3246 2273/2334/2270
f 3253/3333/3247 3250/3334/3248 3252/3335/3249
f 3248/3329/3243 3251/3332/3246 3253/3333/3247
f 2273/2334/2270 3247/3330/3244 2276/2337/2273
f 2339/2401/2337 3254/3336/3250 3255/3337/3251
f 2337/2400/2336 3254/3336/3250 2342/2403/2339
f 3253/3333/3247 3256/3338/3252 3248/3329/3243
f 3255/3337/3251 3253/3333/3247 3252/3335/3249
f 2311/2372/2308 2334/2399/2335 2308/2370/2306
f 2316/2378/2314 3257/3339/3253 2311/2372/2308
f 3256/3338/3252 3249/3331/3245 3248/3329/3243
f 2337/2400/2336 3257/3339/3253 3256/3338/3252
f 3255/3340/3251 2347/2413/2347 2339/2409/2337
f 3252/3341/3249 3258/3342/3254 3255/3340/3251
f 3261/3343/3255 3259/3344/3256 3260/3345/3257
f 2349/2414/2348 3258/3342/3254 3261/3343/3255
f 2272/3346/2272 3262/3347/3258 3250/3348/3248
f 3263/3349/3259 2307/3350/2304 2304/3351/2303
f 3260/3345/3257 3262/3347/3258 3263/3349/3259
f 3250/3348/3248 3259/3344/3256 3252/3341/3249
f 2300/2946/2298 3264/3352/3260 2301/3353/2302
f 3265/3354/3261 2875/2945/2871 2872/2942/2869
f 3263/3349/3259 3265/3354/3261 3260/3345/3257
f 2304/3351/2303 3264/3352/3260 3263/3349/3259
f 2353/2418/2351 3266/3355/3262 2869/2939/2866
f 3261/3343/3255 2356/2420/2353 2349/2414/2348
f 3260/3345/3257 3266/3355/3262 3261/3343/3255
f 2869/2939/2866 3265/3354/3261 2872/2942/2869
f 2477/2544/2475 3267/3356/3263 2751/2819/2749
f 2475/2541/2472 3267/3356/3263 2480/2546/2477
f 3270/3357/3264 3268/3358/3265 3269/3359/3266
f 2741/2808/2738 3267/3356/3263 3270/3357/3264
f 2471/2538/2469 3272/3360/3267 2472/2542/2473
f 3274/3361/3268 3271/3362/3269 3273/3363/3270
f 3269/3359/3266 3272/3360/3267 3274/3361/3268
f 2472/2542/2473 3268/3358/3265 2475/2541/2472
f 2424/2490/2421 3276/3364/3271 2421/2488/2419
f 2416/2482/2413 3275/3365/3272 2424/2490/2421
f 3274/3361/3268 3277/3366/3273 3269/3359/3266
f 3273/3363/3270 3275/3365/3272 3274/3361/3268
f 2412/2481/2412 3278/3367/3274 2413/2479/2410
f 3270/3357/3264 2736/2802/2732 2741/2808/2738
f 3269/3359/3266 3278/3367/3274 3270/3357/3264
f 2413/2479/2410 3277/3366/3273 2416/2482/2413
f 3279/3368/3275 2422/2492/2423 2421/2488/2419
f 3281/3369/3276 3280/3370/3277 3279/3368/3275
f 3284/3371/3278 3282/3372/3279 3283/3373/3280
f 2425/2493/2424 3280/3370/3277 3284/3371/3278
f 2446/2515/2446 3285/3374/3281 3286/3375/3282
f 3287/3376/3283 2449/2514/2445 2441/2509/2440
f 3283/3373/3280 3285/3374/3281 3287/3376/3283
f 3286/3375/3282 3282/3372/3279 3281/3369/3276
f 3142/3223/3137 2438/2508/2439 2437/2504/2435
f 3147/3229/3143 3288/3377/3284 3142/3223/3137
f 3287/3376/3283 3289/3378/3285 3283/3373/3280
f 2441/2509/2440 3288/3377/3284 3287/3376/3283
f 2427/2496/2427 3290/3379/3286 3153/3235/3149
f 3284/3371/3278 2430/2495/2426 2425/2493/2424
f 3283/3373/3280 3290/3379/3286 3284/3371/3278
f 3153/3235/3149 3289/3378/3285 3147/3229/3143
f 2462/2531/2462 3292/3380/3287 2463/2529/2460
f 3294/3381/3288 3291/3382/3289 3293/3383/3290
f 3295/3384/3291 3292/3380/3287 3294/3381/3288
f 2463/2529/2460 3296/3385/3292 2466/2532/2463
f 3286/3375/3282 3298/3386/3293 2446/2515/2446
f 3281/3369/3276 3297/3387/3294 3286/3375/3282
f 3294/3381/3288 3299/3388/3295 3295/3384/3291
f 3293/3383/3290 3297/3387/3294 3294/3381/3288
f 2421/2488/2419 3300/3389/3296 3279/3368/3275
f 3301/3390/3297 3276/3364/3271 3273/3363/3270
f 3295/3384/3291 3300/3389/3296 3301/3390/3297
f 3279/3368/3275 3299/3388/3295 3281/3369/3276
f 2474/2540/2471 3271/3362/3269 2471/2538/2469
f 2466/2532/2463 3302/3391/3298 2474/2540/2471
f 3301/3390/3297 3296/3385/3292 3295/3384/3291
f 3273/3363/3270 3302/3391/3298 3301/3390/3297
f 2452/2521/2452 3303/3392/3299 3304/3393/3300
f 3305/3394/3301 2455/2520/2451 2450/2516/2447
f 3307/3395/3302 3305/3394/3301 3306/3396/3303
f 3304/3393/3300 3307/3395/3302 3308/3397/3304
f 2446/2515/2446 3309/3398/3305 2447/2513/2444
f 3310/3399/3306 3298/3386/3293 3293/3383/3290
f 3306/3396/3303 3309/3398/3305 3310/3399/3306
f 2447/2513/2444 3305/3394/3301 2450/2516/2447
f 3311/3400/3307 3291/3382/3289 2462/2531/2462
f 3313/3401/3308 3312/3402/3309 3311/3400/3307
f 3310/3399/3306 3314/3403/3310 3306/3396/3303
f 3293/3383/3290 3312/3402/3309 3310/3399/3306
f 3315/3404/3311 3317/3405/3312 3318/3406/3313
f 3307/3395/3302 3316/3407/3314 3308/3397/3304
f 3306/3396/3303 3317/3405/3312 3307/3395/3302
f 3318/3406/3313 3314/3403/3310 3313/3401/3308
f 3319/3408/3315 2484/2553/2484 2483/2550/2481
f 3321/3409/3316 3320/3410/3317 3319/3408/3315
f 3324/3411/3318 3322/3412/3319 3323/3413/3320
f 2470/2537/2468 3320/3410/3317 3324/3411/3318
f 3325/3414/3321 3327/3415/3322 3328/3416/3323
f 3330/3417/3324 3326/3418/3325 3329/3419/3326
f 3323/3413/3320 3327/3415/3322 3330/3417/3324
f 3328/3416/3323 3322/3412/3319 3321/3409/3316
f 3318/3406/3313 3332/3420/3327 3315/3404/3311
f 3313/3401/3308 3331/3421/3328 3318/3406/3313
f 3330/3417/3324 3333/3422/3329 3323/3413/3320
f 3329/3419/3326 3331/3421/3328 3330/3417/3324
f 2462/2531/2462 3334/3423/3330 3311/3400/3307
f 3324/3411/3318 2465/2530/2461 2470/2537/2468
f 3323/3413/3320 3334/3423/3330 3324/3411/3318
f 3311/3400/3307 3333/3422/3329 3313/3401/3308
f 3335/3424/3331 2188/2248/2185 2187/2250/2187
f 3337/3425/3332 3336/3426/3333 3335/3424/3331
f 3340/3427/3334 3338/3428/3335 3339/3429/3336
f 2191/2252/2189 3336/3426/3333 3340/3427/3334
f 2496/2565/2496 3341/3430/3337 3342/3431/3338
f 3343/3432/3339 2499/2564/2495 2491/2559/2490
f 3339/3429/3336 3341/3430/3337 3343/3432/3339
f 3342/3431/3338 3338/3428/3335 3337/3425/3332
f 2520/2586/2517 2488/2558/2489 2487/2554/2485
f 2514/2580/2511 3344/3433/3340 2520/2586/2517
f 3343/3432/3339 3345/3434/3341 3339/3429/3336
f 2491/2559/2490 3344/3433/3340 3343/3432/3339
f 2167/2228/2165 3346/3435/3342 2512/2579/2510
f 3340/3427/3334 2194/2254/2191 2191/2252/2189
f 3339/3429/3336 3346/3435/3342 3340/3427/3334
f 2512/2579/2510 3345/3434/3341 2514/2580/2511
f 3347/3436/3343 2532/2602/2533 2531/2598/2529
f 3349/3437/3344 3348/3438/3345 3347/3436/3343
f 3352/3439/3346 3350/3440/3347 3351/3441/3348
f 2535/2603/2534 3348/3438/3345 3352/3439/3346
f 3342/3431/3338 3354/3442/3349 2496/2565/2496
f 3355/3443/3350 3342/3431/3338 3337/3425/3332
f 3351/3441/3348 3353/3444/3351 3355/3443/3350
f 3354/3442/3349 3350/3440/3347 3349/3437/3344
f 3108/3184/3104 3335/3424/3331 2187/2250/2187
f 3112/3188/3108 3356/3445/3352 3108/3184/3104
f 3355/3443/3350 3357/3446/3353 3351/3441/3348
f 3337/3425/3332 3356/3445/3352 3355/3443/3350
f 2540/2609/2540 3358/3447/3354 3119/3195/3115
f 3352/3439/3346 2543/2608/2539 2535/2603/2534
f 3351/3441/3348 3358/3447/3354 3352/3439/3346
f 3119/3195/3115 3357/3446/3353 3112/3188/3108
f 2505/2571/2502 3360/3448/3355 2502/2569/2500
f 2500/2566/2497 3359/3449/3356 2505/2571/2502
f 3363/3450/3357 3361/3451/3358 3362/3452/3359
f 3364/3453/3360 3359/3449/3356 3363/3450/3357
f 2496/2565/2496 3365/3454/3361 2497/2563/2494
f 3349/3437/3344 3365/3454/3361 3354/3442/3349
f 3362/3452/3359 3365/3454/3361 3366/3455/3362
f 2497/2563/2494 3361/3451/3358 2500/2566/2497
f 2531/2598/2529 3368/3456/3363 3347/3436/3343
f 3370/3457/3364 3367/3458/3365 3369/3459/3366
f 3362/3452/3359 3368/3456/3363 3370/3457/3364
f 3347/3436/3343 3366/3455/3362 3349/3437/3344
f 3371/3460/3367 3373/3461/3368 3374/3462/3369
f 3363/3450/3357 3372/3463/3370 3364/3453/3360
f 3362/3452/3359 3373/3461/3368 3363/3450/3357
f 3374/3462/3369 3370/3457/3364 3369/3459/3366
f 2508/2577/2508 3375/3464/3371 2509/2575/2506
f 3376/3465/3372 2788/2854/2784 2785/2853/2783
f 3377/3466/3373 3375/3464/3371 3376/3465/3372
f 2509/2575/2506 3378/3467/3374 2495/2562/2493
f 2776/2842/2772 2783/2852/2782 2773/2840/2770
f 2771/2837/2767 3379/3468/3375 2776/2842/2772
f 3376/3465/3372 3380/3469/3376 3377/3466/3373
f 2785/2853/2783 3379/3468/3375 3376/3465/3372
f 2523/2592/2523 3381/3470/3377 2768/2835/2765
f 3382/3471/3378 2526/2591/2522 2521/2589/2520
f 3377/3466/3373 3381/3470/3377 3382/3471/3378
f 2768/2835/2765 3380/3469/3376 2771/2837/2767
f 2490/2556/2487 2518/2588/2519 2487/2554/2485
f 2495/2562/2493 3383/3472/3379 2490/2556/2487
f 3382/3471/3378 3378/3467/3374 3377/3466/3373
f 2521/2589/2520 3383/3472/3379 3382/3471/3378
f 3384/3473/3380 3386/3474/3381 3387/3475/3382
f 3389/3476/3383 3385/3477/3384 3388/3478/3385
f 3390/3479/3386 3386/3474/3381 3389/3476/3383
f 3387/3475/3382 3391/3480/3387 3392/3481/3388
f 3393/3482/3389 3395/3483/3390 3396/3484/3391
f 3397/3485/3392 3395/3483/3390 3394/3486/3393
f 3389/3476/3383 3398/3487/3394 3390/3479/3386
f 3388/3478/3385 3395/3483/3390 3389/3476/3383
f 3399/3488/3395 3401/3489/3396 3402/3490/3397
f 3404/3491/3398 3400/3492/3399 3403/3493/3400
f 3390/3479/3386 3401/3489/3396 3404/3491/3398
f 3402/3490/3397 3398/3487/3394 3397/3485/3392
f 3392/3481/3388 3406/3494/3401 3405/3495/3402
f 3404/3491/3398 3391/3480/3387 3390/3479/3386
f 3403/3493/3400 3406/3494/3401 3404/3491/3398
f 3408/3496/3403 2563/2633/2564 2562/2629/2560
f 3410/3497/3404 3409/3498/3405 3408/3496/3403
f 3413/3499/3406 3411/3500/3407 3412/3501/3408
f 2566/2634/2565 3409/3498/3405 3413/3499/3406
f 2668/2736/2666 3414/3502/3409 3415/3503/3410
f 3416/3504/3411 2671/2738/2668 2666/2735/2665
f 3412/3501/3408 3414/3502/3409 3416/3504/3411
f 3415/3503/3410 3411/3500/3407 3410/3497/3404
f 2662/2730/2660 3418/3505/3412 2663/2734/2664
f 3419/3506/3413 3418/3505/3412 3417/3507/3414
f 3416/3504/3411 3420/3508/3415 3412/3501/3408
f 2666/2735/2665 3418/3505/3412 3416/3504/3411
f 2568/2637/2568 3421/3509/3416 3422/3510/3417
f 3413/3499/3406 2571/2636/2567 2566/2634/2565
f 3412/3501/3408 3421/3509/3416 3413/3499/3406
f 3422/3510/3417 3420/3508/3415 3419/3506/3413
f 2576/2645/2576 3423/3511/3418 2577/2643/2574
f 3424/3512/3419 2929/3000/2924 2934/3006/2930
f 3425/3513/3420 3423/3511/3418 3424/3512/3419
f 2577/2643/2574 3426/3514/3421 2580/2646/2577
f 2693/2761/2691 3427/3515/3422 2944/3017/2941
f 2691/2758/2688 3427/3515/3422 2696/2763/2693
f 3424/3512/3419 3428/3516/3423 3425/3513/3420
f 2934/3006/2930 3427/3515/3422 3424/3512/3419
f 2687/2755/2685 3430/3517/3424 2688/2759/2689
f 3432/3518/3425 3429/3519/3426 3431/3520/3427
f 3425/3513/3420 3430/3517/3424 3432/3518/3425
f 2688/2759/2689 3428/3516/3423 2691/2758/2688
f 2588/2654/2585 3434/3521/3428 2585/2652/2583
f 2580/2646/2577 3433/3522/3429 2588/2654/2585
f 3432/3518/3425 3426/3514/3421 3425/3513/3420
f 3431/3520/3427 3433/3522/3429 3432/3518/3425
f 3436/3523/3430 3438/3524/3431 3435/3525/3432
f 3439/3526/3433 3437/3527/3434 3436/3523/3430
f 3442/3528/3435 3440/3529/3436 3441/3530/3437
f 3443/3531/3438 3437/3527/3434 3442/3528/3435
f 3444/3532/3439 3446/3533/3440 3447/3534/3441
f 3449/3535/3442 3445/3536/3443 3448/3537/3444
f 3441/3530/3437 3446/3533/3440 3449/3535/3442
f 3447/3534/3441 3440/3529/3436 3439/3526/3433
f 3450/3538/3445 3452/3539/3446 3453/3540/3447
f 3454/3541/3448 3452/3539/3446 3451/3542/3449
f 3449/3535/3442 3455/3543/3450 3441/3530/3437
f 3448/3537/3444 3452/3539/3446 3449/3535/3442
f 3456/3544/3451 3458/3545/3452 3459/3546/3453
f 3442/3528/3435 3457/3547/3454 3443/3531/3438
f 3441/3530/3437 3458/3545/3452 3442/3528/3435
f 3459/3546/3453 3455/3543/3450 3454/3541/3448
f 3460/3548/3455 3462/3549/3456 3463/3550/3457
f 3465/3551/3458 3461/3552/3459 3464/3553/3460
f 3466/3554/3461 3462/3549/3456 3465/3551/3458
f 3463/3550/3457 3467/3555/3462 3468/3556/3463
f 3469/3557/3464 3471/3558/3465 3472/3559/3466
f 3473/3560/3467 3471/3558/3465 3470/3561/3468
f 3465/3551/3458 3474/3562/3469 3466/3554/3461
f 3464/3553/3460 3471/3558/3465 3465/3551/3458
f 3475/3563/3470 3477/3564/3471 3478/3565/3472
f 3480/3566/3473 3476/3567/3474 3479/3568/3475
f 3466/3554/3461 3477/3564/3471 3480/3566/3473
f 3478/3565/3472 3474/3562/3469 3473/3560/3467
f 3482/3569/3476 3484/3570/3477 3481/3571/3478
f 3468/3556/3463 3483/3572/3479 3482/3569/3476
f 3480/3566/3473 3467/3555/3462 3466/3554/3461
f 3479/3568/3475 3483/3572/3479 3480/3566/3473
f 2647/2717/2647 3486/3573/3480 2648/2715/2645
f 3488/3574/3481 3485/3575/3482 3487/3576/3483
f 3489/3577/3484 3486/3573/3480 3488/3574/3481
f 2648/2715/2645 3490/3578/3485 2651/2719/2649
f 3492/3579/3486 3494/3580/3487 3491/3581/3488
f 3495/3582/3489 3493/3583/3490 3492/3579/3486
f 3488/3574/3481 3496/3584/3491 3489/3577/3484
f 3487/3576/3483 3493/3583/3490 3488/3574/3481
f 3498/3585/3492 3500/3586/3493 3497/3587/3494
f 3501/3588/3495 3499/3589/3496 3498/3585/3492
f 3496/3584/3491 3502/3590/3497 3489/3577/3484
f 3495/3582/3489 3499/3589/3496 3496/3584/3491
f 2656/2726/2656 3503/3591/3498 3504/3592/3499
f 3490/3578/3485 2659/2725/2655 2651/2719/2649
f 3489/3577/3484 3503/3591/3498 3490/3578/3485
f 3504/3592/3499 3502/3590/3497 3501/3588/3495
f 2672/2740/2670 3506/3593/3500 2673/2744/2674
f 3508/3594/3501 3505/3595/3502 3507/3596/3503
f 3510/3597/3504 3508/3594/3501 3509/3598/3505
f 2676/2745/2675 3506/3593/3500 3510/3597/3504
f 3512/3599/3506 3514/3600/3507 3511/3601/3508
f 3516/3602/3509 3512/3599/3506 3515/3603/3510
f 3509/3598/3505 3513/3604/3511 3516/3602/3509
f 3507/3596/3503 3513/3604/3511 3508/3594/3501
f 3518/3605/3512 3520/3606/3513 3517/3607/3514
f 3521/3608/3515 3519/3609/3516 3518/3605/3512
f 3516/3602/3509 3522/3610/3517 3509/3598/3505
f 3515/3603/3510 3519/3609/3516 3516/3602/3509
f 2681/2751/2681 3523/3611/3518 3524/3612/3519
f 3510/3597/3504 2684/2750/2680 2676/2745/2675
f 3509/3598/3505 3523/3611/3518 3510/3597/3504
f 3524/3612/3519 3522/3610/3517 3521/3608/3515
f 2633/2702/2633 3526/3613/3520 2634/2700/2631
f 3528/3614/3521 3525/3615/3522 3527/3616/3523
f 3529/3617/3524 3526/3613/3520 3528/3614/3521
f 2634/2700/2631 3530/3618/3525 2637/2703/2634
f 2708/2775/2705 3532/3619/3526 2705/2773/2703
f 2700/2767/2697 3531/3620/3527 2708/2775/2705
f 3528/3614/3521 3533/3621/3528 3529/3617/3524
f 3527/3616/3523 3531/3620/3527 3528/3614/3521
f 2641/2707/2638 3535/3622/3529 2546/2613/2544
f 2637/2703/2634 3534/3623/3530 2641/2707/2638
f 3536/3624/3531 3485/3575/3482 2647/2717/2647
f 3538/3625/3532 3537/3626/3533 3536/3624/3531
f 3541/3627/3534 3539/3628/3535 3540/3629/3536
f 3487/3576/3483 3537/3626/3533 3541/3627/3534
f 2705/2773/2703 3542/3630/3537 3543/3631/3538
f 3544/3632/3539 3532/3619/3526 3527/3616/3523
f 3540/3629/3536 3542/3630/3537 3544/3632/3539
f 3543/3631/3538 3539/3628/3535 3538/3625/3532
f 3545/3633/3540 3525/3615/3522 2633/2702/2633
f 3547/3634/3541 3546/3635/3542 3545/3633/3540
f 3544/3632/3539 3548/3636/3543 3540/3629/3536
f 3527/3616/3523 3546/3635/3542 3544/3632/3539
f 3491/3581/3488 3549/3637/3544 3550/3638/3545
f 3541/3627/3534 3494/3580/3487 3487/3576/3483
f 3540/3629/3536 3549/3637/3544 3541/3627/3534
f 3550/3638/3545 3548/3636/3543 3547/3634/3541
f 2712/2780/2710 3408/3496/3403 2562/2629/2560
f 2709/2776/2706 3551/3639/3546 2712/2780/2710
f 3554/3640/3547 3552/3641/3548 3553/3642/3549
f 3408/3496/3403 3554/3640/3547 3410/3497/3404
f 3543/3631/3538 2706/2777/2707 2705/2773/2703
f 3538/3625/3532 3555/3643/3550 3543/3631/3538
f 3553/3642/3549 3555/3643/3550 3556/3644/3551
f 2706/2777/2707 3552/3641/3548 2709/2776/2706
f 2647/2717/2647 3557/3645/3552 3536/3624/3531
f 2655/2722/2652 3557/3645/3552 2650/2716/2646
f 3556/3644/3551 3558/3646/3553 3553/3642/3549
f 3536/3624/3531 3556/3644/3551 3538/3625/3532
f 2668/2736/2666 3559/3647/3554 2669/2739/2669
f 3410/3497/3404 3559/3647/3554 3415/3503/3410
f 3553/3642/3549 3559/3647/3554 3554/3640/3547
f 2669/2739/2669 3558/3646/3553 2655/2722/2652
f 2681/2751/2681 3561/3648/3555 2682/2749/2679
f 3563/3649/3556 3560/3650/3557 3562/3651/3558
f 3564/3652/3559 3561/3648/3555 3563/3649/3556
f 2682/2749/2679 3565/3653/3560 2685/2752/2682
f 2725/2792/2722 3567/3654/3561 2722/2790/2720
f 3568/3655/3562 2725/2792/2722 2718/2786/2716
f 3563/3649/3556 3568/3655/3562 3564/3652/3559
f 3562/3651/3558 3566/3656/3563 3563/3649/3556
f 2585/2652/2583 3569/3657/3564 2716/2784/2714
f 3570/3658/3565 3434/3521/3428 3431/3520/3427
f 3564/3652/3559 3569/3657/3564 3570/3658/3565
f 2716/2784/2714 3568/3655/3562 2718/2786/2716
f 2690/2757/2687 3429/3519/3426 2687/2755/2685
f 2685/2752/2682 3571/3659/3566 2690/2757/2687
f 3570/3658/3565 3565/3653/3560 3564/3652/3559
f 3431/3520/3427 3571/3659/3566 3570/3658/3565
f 3572/3660/3567 3574/3661/3568 2620/2689/2620
f 3575/3662/3569 3573/3663/3570 3572/3660/3567
f 3578/3664/3571 3576/3665/3572 3577/3666/3573
f 3579/3667/3574 3573/3663/3570 3578/3664/3571
f 2722/2790/2720 3580/3668/3575 3581/3669/3576
f 3582/3670/3577 3567/3654/3561 3562/3651/3558
f 3577/3666/3573 3580/3668/3575 3582/3670/3577
f 3581/3669/3576 3576/3665/3572 3575/3662/3569
f 3524/3671/3519 3560/3650/3557 2681/2751/2681
f 3521/3672/3515 3583/3673/3578 3524/3671/3519
f 3582/3670/3577 3584/3674/3579 3577/3666/3573
f 3562/3651/3558 3583/3673/3578 3582/3670/3577
f 3517/3675/3514 3586/3676/3580 3518/3677/3512
f 3578/3664/3571 3585/3678/3581 3579/3667/3574
f 3577/3666/3573 3586/3676/3580 3578/3664/3571
f 3518/3677/3512 3584/3674/3579 3521/3672/3515
f 3588/3679/3582 2729/3680/3583 2726/2795/2725
f 3589/3681/3584 3587/3682/3585 3588/3679/3582
f 3581/3669/3576 2723/2794/2724 2722/2790/2720
f 3575/3662/3569 3592/3683/3586 3581/3669/3576
f 3588/3679/3582 3593/3684/3587 3589/3681/3584
f 2726/2795/2725 3592/3683/3586 3588/3679/3582
f 2620/2689/2620 3594/3685/3588 3572/3660/3567
f 3595/3686/3589 2623/2688/2619 2618/2684/2615
f 3589/3681/3584 3594/3685/3588 3595/3686/3589
f 3572/3660/3567 3593/3684/3587 3575/3662/3569
f 3596/3687/3590 2615/2681/2612 2614/2683/2614
f 3591/3688/3591 3597/3689/3592 3596/3687/3590
f 3595/3686/3589 3590/3690/3593 3589/3681/3584
f 2618/2684/2615 3597/3689/3592 3595/3686/3589
f 2745/2811/2741 3603/3691/3594 2742/2809/2739
f 2737/2803/2733 3602/3692/3595 2745/2811/2741
f 3599/3693/3596 3604/3694/3597 3600/3695/3598
f 3598/3696/3599 3602/3692/3595 3599/3693/3596
f 2412/2481/2412 3605/3697/3600 2734/2801/2731
f 3606/3698/3601 2415/2480/2411 2420/2487/2418
f 3600/3695/3598 3605/3697/3600 3606/3698/3601
f 2734/2801/2731 3604/3694/3597 2737/2803/2733
f 2733/2798/2728 2434/2503/2434 2433/2500/2431
f 2730/2800/2730 3607/3699/3602 2733/2798/2728
f 3606/3698/3601 3601/3700/3603 3600/3695/3598
f 2420/2487/2418 3607/3699/3602 3606/3698/3601
f 3608/3701/3604 3610/3702/3605 3611/3703/3606
f 3613/3704/3607 3609/3705/3608 3612/3706/3609
f 3614/3707/3610 3610/3702/3605 3613/3704/3607
f 3611/3703/3606 3615/3708/3611 3616/3709/3612
f 3620/3710/3613 3596/3687/3590 2614/2683/2614
f 3616/3709/3612 3621/3711/3614 3620/3710/3613
f 3619/3712/3615 3615/3708/3611 3614/3707/3610
f 3596/3687/3590 3619/3712/3615 3591/3688/3591
f 2483/2550/2481 3622/3713/3616 3319/3408/3315
f 3623/3714/3617 2749/2815/2745 2746/2814/2744
f 3625/3715/3618 3623/3714/3617 3624/3716/3619
f 3319/3408/3315 3625/3715/3618 3321/3409/3316
f 2742/2809/2739 3626/3717/3620 2743/2813/2743
f 3627/3718/3621 3617/3719/3622 3612/3706/3609
f 3624/3716/3619 3626/3717/3620 3627/3718/3621
f 2743/2813/2743 3623/3714/3617 2746/2814/2744
f 3628/3720/3623 3609/3705/3608 3608/3701/3604
f 3630/3721/3624 3629/3722/3625 3628/3720/3623
f 3627/3718/3621 3631/3723/3626 3624/3716/3619
f 3612/3706/3609 3629/3722/3625 3627/3718/3621
f 3325/3414/3321 3632/3724/3627 3633/3725/3628
f 3625/3715/3618 3328/3416/3323 3321/3409/3316
f 3624/3716/3619 3632/3724/3627 3625/3715/3618
f 3633/3725/3628 3631/3723/3626 3630/3721/3624
f 3634/3726/3629 3636/3727/3630 2552/2621/2552
f 3637/3728/3631 3635/3729/3632 3634/3726/3629
f 3640/3730/3633 3638/3731/3634 3639/3732/3635
f 3641/3733/3636 3635/3729/3632 3640/3730/3633
f 2762/2829/2759 3642/3734/3637 3643/3735/3638
f 2757/2823/2753 3642/3734/3637 2765/2831/2761
f 3639/3732/3635 3642/3734/3637 3644/3736/3639
f 3643/3735/3638 3638/3731/3634 3637/3728/3631
f 2753/2822/2752 3646/3737/3640 2754/2820/2750
f 3647/3738/3641 3646/3737/3640 3645/3739/3642
f 3644/3736/3639 3648/3740/3643 3639/3732/3635
f 2754/2820/2750 3644/3736/3639 2757/2823/2753
f 3649/3741/3644 3651/3742/3645 3652/3743/3646
f 3640/3730/3633 3650/3744/3647 3641/3733/3636
f 3639/3732/3635 3651/3742/3645 3640/3730/3633
f 3652/3743/3646 3648/3740/3643 3647/3738/3641
f 2552/2621/2552 3653/3745/3648 3634/3726/3629
f 3654/3746/3649 2555/2620/2551 2550/2618/2549
f 3535/3622/3529 2547/2617/2548 2546/2613/2544
f 2550/2618/2549 3655/3747/3650 3654/3746/3649
f 2523/2592/2523 3656/3748/3651 2524/2590/2521
f 3657/3749/3652 2770/2836/2766 2766/2834/2764
f 3658/3750/3653 3656/3748/3651 3657/3749/3652
f 2524/2590/2521 3659/3751/3654 2527/2593/2524
f 3657/3749/3652 3661/3752/3655 3658/3750/3653
f 2766/2834/2764 3660/3753/3656 3657/3749/3652
f 2530/2597/2528 2714/2782/2712 2145/2206/2143
f 2527/2593/2524 3663/3754/3657 2530/2597/2528
f 3662/3755/3658 3659/3751/3654 3658/3750/3653
f 2704/2772/2702 3663/3754/3657 3662/3755/3658
f 2502/2569/2500 3664/3756/3659 2790/2857/2787
f 3665/3757/3660 3360/3448/3355 3364/3453/3360
f 3666/3758/3661 3664/3756/3659 3665/3757/3660
f 2790/2857/2787 3667/3759/3662 2782/2849/2779
f 3668/3760/3663 3372/3463/3370 3371/3460/3367
f 3670/3761/3664 3669/3762/3665 3668/3760/3663
f 3665/3757/3660 3671/3763/3666 3666/3758/3661
f 3364/3453/3360 3669/3762/3665 3665/3757/3660
f 3652/3743/3646 3673/3764/3667 3649/3741/3644
f 3647/3738/3641 3672/3765/3668 3652/3743/3646
f 3666/3758/3661 3672/3765/3668 3674/3766/3669
f 3673/3764/3667 3671/3763/3666 3670/3761/3664
f 2778/2845/2775 3645/3739/3642 2753/2822/2752
f 2782/2849/2779 3675/3767/3670 2778/2845/2775
f 3674/3766/3669 3667/3759/3662 3666/3758/3661
f 3647/3738/3641 3675/3767/3670 3674/3766/3669
f 3611/3703/3606 3677/3768/3671 3608/3701/3604
f 3616/3709/3612 3676/3769/3672 3611/3703/3606
f 3680/3770/3673 3678/3771/3674 3679/3772/3675
f 3681/3773/3676 3676/3769/3672 3680/3770/3673
f 2614/2683/2614 3682/3774/3677 3620/3710/3613
f 3683/3775/3678 2897/2968/2893 2893/2966/2891
f 3679/3772/3675 3682/3774/3677 3683/3775/3678
f 3620/3710/3613 3678/3771/3674 3616/3709/3612
f 2461/2527/2458 2890/2965/2890 2458/2525/2456
f 2456/2522/2453 3684/3776/3679 2461/2527/2458
f 3683/3775/3678 3685/3777/3680 3679/3772/3675
f 2893/2966/2891 3684/3776/3679 3683/3775/3678
f 2452/2521/2452 3687/3778/3681 2453/2519/2450
f 3680/3770/3673 3686/3779/3682 3681/3773/3676
f 3679/3772/3675 3687/3778/3681 3680/3770/3673
f 2453/2519/2450 3685/3777/3680 2456/2522/2453
f 2614/2683/2614 3688/3780/3683 2895/2967/2892
f 3689/3781/3684 2617/2682/2613 2612/2680/2611
f 3690/3782/3685 3688/3780/3683 3689/3781/3684
f 2895/2967/2892 3691/3783/3686 2883/2955/2880
f 2912/3784/2908 2609/2679/2610 2608/2675/2606
f 2909/3785/2907 3692/3786/3687 2912/3784/2908
f 3689/3781/3684 3693/3787/3688 3690/3782/3685
f 2612/2680/2611 3692/3786/3687 3689/3781/3684
f 2817/2886/2816 3694/3788/3689 2906/3789/2906
f 3695/3790/3690 2820/2885/2815 2825/2892/2822
f 3690/3782/3685 3694/3788/3689 3695/3790/3690
f 2906/3789/2906 3693/3787/3688 2909/3785/2907
f 2878/2949/2874 2834/2903/2833 2833/2900/2830
f 2883/2955/2880 3696/3791/3691 2878/2949/2874
f 3695/3790/3690 3691/3783/3686 3690/3782/3685
f 2825/2892/2822 3696/3791/3691 3695/3790/3690
f 2837/2906/2836 3698/3792/3692 2838/2904/2834
f 3699/3793/3693 3698/3792/3692 3697/3794/3694
f 3702/3795/3695 3700/3796/3696 3701/3797/3697
f 2838/2904/2834 3702/3795/3695 2841/2907/2837
f 2388/3798/2388 3703/3799/3698 3704/3800/3699
f 3705/3801/3700 2391/3802/2387 2386/3803/2385
f 3701/3797/3697 3703/3799/3698 3705/3801/3700
f 3704/3800/3699 3700/3796/3696 3699/3793/3693
f 3706/3804/3701 2383/3805/2384 2382/3806/2380
f 3708/3807/3702 3707/3808/3703 3706/3804/3701
f 3705/3801/3700 3709/3809/3704 3701/3797/3697
f 2386/3803/2385 3707/3808/3703 3705/3801/3700
f 2849/2915/2845 3711/3810/3705 2846/2913/2843
f 2841/2907/2837 3710/3811/3706 2849/2915/2845
f 3701/3797/3697 3710/3811/3706 3702/3795/3695
f 3708/3807/3702 3710/3811/3706 3709/3809/3704
f 3712/3812/3707 3697/3794/3694 2837/2906/2836
f 3714/3813/3708 3713/3814/3709 3712/3812/3707
f 3716/3815/3710 3713/3814/3709 3715/3816/3711
f 3697/3794/3694 3717/3817/3712 3699/3793/3693
f 2863/2933/2860 3718/3818/3713 3719/3819/3714
f 3720/3820/3715 2866/2935/2862 2859/2929/2857
f 3716/3815/3710 3718/3818/3713 3720/3820/3715
f 3719/3819/3714 3715/3816/3711 3714/3813/3708
f 3207/3821/3203 2857/2928/2856 2294/2924/2294
f 3204/3822/3201 3721/3823/3716 3207/3821/3203
f 3720/3820/3715 3722/3824/3717 3716/3815/3710
f 2859/2929/2857 3721/3823/3716 3720/3820/3715
f 3704/3800/3699 3202/3825/3200 2388/3798/2388
f 3699/3793/3693 3723/3826/3718 3704/3800/3699
f 3722/3824/3717 3717/3817/3712 3716/3815/3710
f 3204/3822/3201 3723/3826/3718 3722/3824/3717
f 3724/3827/3719 3115/3193/3113 3088/3166/3086
f 3726/3828/3720 3725/3829/3721 3724/3827/3719
f 3729/3830/3722 3727/3831/3723 3728/3832/3724
f 3117/3194/3114 3725/3829/3721 3729/3830/3722
f 2863/2933/2860 3730/3833/3725 3731/3834/3726
f 3714/3813/3708 3730/3833/3725 3719/3819/3714
f 3727/3831/3723 3732/3835/3727 3728/3832/3724
f 3731/3834/3726 3727/3831/3723 3726/3828/3720
f 2837/2906/2836 3733/3836/3728 3712/3812/3707
f 3734/3837/3729 2840/2905/2835 2845/2912/2842
f 3728/3832/3724 3733/3836/3728 3734/3837/3729
f 3712/3812/3707 3732/3835/3727 3714/3813/3708
f 3121/3196/3116 2855/2923/2853 2540/2609/2540
f 3117/3194/3114 3735/3838/3730 3121/3196/3116
f 3734/3837/3729 3729/3830/3722 3728/3832/3724
f 2845/2912/2842 3735/3838/3730 3734/3837/3729
f 2871/2940/2867 2354/2422/2355 2353/2418/2351
f 3737/3839/3731 2871/2940/2867 2867/2938/2865
f 3738/3840/3732 3736/3841/3733 3737/3839/3731
f 2357/2423/2356 3736/3841/3733 3739/3842/3734
f 3731/3834/3726 2864/2937/2864 2863/2933/2860
f 3726/3828/3720 3740/3843/3735 3731/3834/3726
f 3737/3839/3731 3741/3844/3736 3738/3840/3732
f 2867/2938/2865 3740/3843/3735 3737/3839/3731
f 3088/3166/3086 3742/3845/3737 3724/3827/3719
f 3743/3846/3738 3091/3165/3085 3096/3172/3092
f 3738/3840/3732 3742/3845/3737 3743/3846/3738
f 3724/3827/3719 3741/3844/3736 3726/3828/3720
f 2359/2426/2359 3744/3847/3739 3104/3180/3100
f 3739/3842/3734 2362/2425/2358 2357/2423/2356
f 3743/3846/3738 3739/3842/3734 3738/3840/3732
f 3096/3172/3092 3744/3847/3739 3743/3846/3738
f 2404/2470/2401 2829/2896/2826 2401/2468/2399
f 2396/2462/2393 3745/3848/3740 2404/2470/2401
f 3748/3849/3741 3746/3850/3742 3747/3851/3743
f 2831/2897/2827 3745/3848/3740 3748/3849/3741
f 2392/2461/2392 3749/3852/3744 2393/2459/2390
f 3750/3853/3745 3245/3326/3240 3242/3325/3239
f 3747/3851/3743 3749/3852/3744 3750/3853/3745
f 2393/2459/2390 3746/3850/3742 2396/2462/2393
f 2887/2957/2882 3240/3324/3238 2884/2958/2883
f 3752/3854/3746 2887/2957/2882 2879/2952/2877
f 3750/3853/3745 3752/3854/3746 3747/3851/3743
f 3242/3325/3239 3751/3855/3747 3750/3853/3745
f 2836/2902/2832 2876/2951/2876 2833/2900/2830
f 2831/2897/2827 3753/3856/3748 2836/2902/2832
f 3747/3851/3743 3753/3856/3748 3748/3849/3741
f 2879/2952/2877 3753/3856/3748 3752/3854/3746
f 2385/3857/2382 3706/3804/3701 2382/3806/2380
f 2380/3858/2377 3754/3859/3749 2385/3857/2382
f 3757/3860/3750 3755/3861/3751 3756/3862/3752
f 3708/3807/3702 3754/3859/3749 3757/3860/3750
f 2376/3863/2376 3758/3864/3753 2377/3865/2374
f 3759/3866/3754 2827/3867/2824 2821/3868/2817
f 3756/3862/3752 3758/3864/3753 3759/3866/3754
f 2377/3865/2374 3755/3861/3751 2380/3858/2377
f 2817/2978/2816 3760/3869/3755 2818/3870/2814
f 2904/2975/2900 3760/3869/3755 2908/2980/2904
f 3759/3866/3754 3761/3871/3756 3756/3862/3752
f 2818/3870/2814 3759/3866/3754 2821/3868/2817
f 2846/2913/2843 3762/3872/3757 2902/2974/2899
f 3757/3860/3750 3711/3810/3705 3708/3807/3702
f 3756/3862/3752 3762/3872/3757 3757/3860/3750
f 2902/2974/2899 3761/3871/3756 2904/2975/2900
f 2656/2726/2656 3764/3873/3758 2657/2724/2654
f 3766/3874/3759 3763/3875/3760 3765/3876/3761
f 3767/3877/3762 3764/3873/3758 3766/3874/3759
f 2657/2724/2654 3768/3878/3763 2660/2727/2657
f 2922/2994/2918 3770/3879/3764 2919/2992/2916
f 2915/2989/2913 3769/3880/3765 2922/2994/2918
f 3766/3874/3759 3771/3881/3766 3767/3877/3762
f 3765/3876/3761 3769/3880/3765 3766/3874/3759
f 3422/3510/3417 2913/2988/2912 2568/2637/2568
f 3419/3506/3413 3772/3882/3767 3422/3510/3417
f 3771/3881/3766 3773/3883/3768 3767/3877/3762
f 2915/2989/2913 3772/3882/3767 3771/3881/3766
f 2662/2730/2660 3774/3884/3769 3417/3507/3414
f 2660/2727/2657 3774/3884/3769 2665/2732/2662
f 3767/3877/3762 3774/3884/3769 3768/3878/3763
f 3417/3507/3414 3773/3883/3768 3419/3506/3413
f 3775/3885/3770 3777/3886/3771 2624/2693/2624
f 3778/3887/3772 3776/3888/3773 3775/3885/3770
f 3781/3889/3774 3779/3890/3775 3780/3891/3776
f 3782/3892/3777 3776/3888/3773 3781/3889/3774
f 2919/2992/2916 3783/3893/3778 3784/3894/3779
f 3785/3895/3780 3770/3879/3764 3765/3876/3761
f 3780/3891/3776 3783/3893/3778 3785/3895/3780
f 3784/3894/3779 3779/3890/3775 3778/3887/3772
f 3504/3592/3499 3763/3875/3760 2656/2726/2656
f 3501/3588/3495 3786/3896/3781 3504/3592/3499
f 3785/3895/3780 3787/3897/3782 3780/3891/3776
f 3765/3876/3761 3786/3896/3781 3785/3895/3780
f 3497/3587/3494 3789/3898/3783 3498/3585/3492
f 3781/3889/3774 3788/3899/3784 3782/3892/3777
f 3780/3891/3776 3789/3898/3783 3781/3889/3774
f 3498/3585/3492 3787/3897/3782 3501/3588/3495
f 2624/2693/2624 3793/3900/3785 3775/3885/3770
f 3794/3901/3786 2627/2692/2623 2632/2699/2630
f 3790/3902/3787 3793/3900/3785 3794/3901/3786
f 3775/3885/3770 3792/3903/3788 3778/3887/3772
f 3795/3904/3789 2644/2714/2644 2608/2711/2606
f 2632/2699/2630 3796/3905/3790 3794/3901/3786
f 3799/3906/3791 3797/3907/3792 3798/3908/3793
f 2935/3009/2933 3801/3909/3794 3802/3910/3795
f 3803/3911/3796 2938/3008/2932 2930/3001/2925
f 3799/3906/3791 3801/3909/3794 3803/3911/3796
f 2576/2645/2576 3804/3912/3797 2927/2999/2923
f 3805/3913/3798 2579/2644/2575 2584/2651/2582
f 3799/3906/3791 3804/3912/3797 3805/3913/3798
f 2927/2999/2923 3803/3911/3796 2930/3001/2925
f 2926/2995/2919 2596/2665/2596 2151/2214/2151
f 2923/2998/2922 3806/3914/3799 2926/2995/2919
f 3805/3913/3798 3800/3915/3800 3799/3906/3791
f 2584/2651/2582 3806/3914/3799 3805/3913/3798
f 2599/2668/2599 3808/3916/3801 2600/2666/2597
f 3810/3917/3802 3807/3918/3803 3809/3919/3804
f 3811/3920/3805 3808/3916/3801 3810/3917/3802
f 2600/2666/2597 3812/3921/3806 2603/2669/2600
f 3802/3922/3795 3814/3923/3807 2935/3924/2933
f 3809/3919/3804 3813/3925/3808 3810/3917/3802
f 2611/2677/2608 3795/3926/3789 2608/2675/2606
f 2603/2669/2600 3815/3927/3809 2611/2677/2608
f 2942/3928/2938 3505/3929/3502 2672/3930/2670
f 2939/3931/2934 3816/3932/3810 2942/3928/2938
f 3819/3933/3811 3817/3934/3812 3818/3935/3813
f 3507/3936/3503 3816/3932/3810 3819/3933/3811
f 2935/3924/2933 3820/3937/3814 2936/3938/2931
f 3821/3939/3815 3814/3923/3807 3809/3919/3804
f 3818/3935/3813 3820/3937/3814 3821/3939/3815
f 2936/3938/2931 3817/3934/3812 2939/3931/2934
f 3822/3940/3816 3807/3918/3803 2599/2668/2599
f 3824/3941/3817 3823/3942/3818 3822/3940/3816
f 3821/3939/3815 3825/3943/3819 3818/3935/3813
f 3809/3919/3804 3823/3942/3818 3821/3939/3815
f 3511/3944/3508 3826/3945/3820 3827/3946/3821
f 3819/3933/3811 3514/3947/3507 3507/3936/3503
f 3818/3935/3813 3826/3945/3820 3819/3933/3811
f 3827/3946/3821 3825/3943/3819 3824/3941/3817
f 2813/2882/2812 3828/3948/3822 3829/3949/3823
f 3830/3950/3824 2816/2881/2811 2811/2879/2809
f 3831/3951/3825 3828/3948/3822 3830/3950/3824
f 3829/3949/3823 3832/3952/3826 3833/3953/3827
f 3834/3954/3828 2808/2878/2808 2807/2874/2804
f 3836/3955/3829 3835/3956/3830 3834/3954/3828
f 3830/3950/3824 3837/3957/3831 3831/3951/3825
f 2811/2879/2809 3835/3956/3830 3830/3950/3824
f 3315/3404/3311 3838/3958/3832 3839/3959/3833
f 3840/3960/3834 3332/3420/3327 3329/3419/3326
f 3831/3951/3825 3838/3958/3832 3840/3960/3834
f 3839/3959/3833 3837/3957/3831 3836/3955/3829
f 3841/3961/3835 3326/3418/3325 3325/3414/3321
f 3833/3953/3827 3842/3962/3836 3841/3961/3835
f 3840/3960/3834 3832/3952/3826 3831/3951/3825
f 3329/3419/3326 3842/3962/3836 3840/3960/3834
f 2795/2861/2791 3844/3963/3837 2792/2859/2789
f 2800/2867/2797 3843/3964/3838 2795/2861/2791
f 3847/3965/3839 3845/3966/3840 3846/3967/3841
f 3848/3968/3842 3843/3964/3838 3847/3965/3839
f 2813/2882/2812 3849/3969/3843 2814/2880/2810
f 3850/3970/3844 3829/3949/3823 3833/3953/3827
f 3846/3967/3841 3849/3969/3843 3850/3970/3844
f 2814/2880/2810 3845/3966/3840 2800/2867/2797
f 3633/3725/3628 3841/3961/3835 3325/3414/3321
f 3630/3721/3624 3851/3971/3845 3633/3725/3628
f 3850/3970/3844 3852/3972/3846 3846/3967/3841
f 3833/3953/3827 3851/3971/3845 3850/3970/3844
f 3608/3701/3604 3854/3973/3847 3628/3720/3623
f 3847/3965/3839 3853/3974/3848 3848/3968/3842
f 3846/3967/3841 3854/3973/3847 3847/3965/3839
f 3628/3720/3623 3852/3972/3846 3630/3721/3624
f 3608/3701/3604 3855/3975/3849 3853/3974/3848
f 3856/3976/3850 3677/3768/3671 3681/3773/3676
f 3857/3977/3851 3855/3975/3849 3856/3976/3850
f 3853/3974/3848 3858/3978/3852 3848/3968/3842
f 3859/3979/3853 3686/3779/3682 2452/2521/2452
f 3861/3980/3854 3860/3981/3855 3859/3979/3853
f 3856/3976/3850 3862/3982/3856 3857/3977/3851
f 3681/3773/3676 3860/3981/3855 3856/3976/3850
f 2801/2870/2800 3863/3983/3857 3864/3984/3858
f 3865/3985/3859 2804/2869/2799 2796/2864/2794
f 3857/3977/3851 3863/3983/3857 3865/3985/3859
f 3864/3984/3858 3862/3982/3856 3861/3980/3854
f 2792/2859/2789 3866/3986/3860 2793/2863/2793
f 3848/3968/3842 3866/3986/3860 3844/3963/3837
f 3865/3985/3859 3858/3978/3852 3857/3977/3851
f 2796/2864/2794 3866/3986/3860 3865/3985/3859
f 2810/2876/2806 3834/3954/3828 2807/2874/2804
f 2805/2871/2801 3867/3987/3861 2810/2876/2806
f 3870/3988/3862 3868/3989/3863 3869/3990/3864
f 3836/3955/3829 3867/3987/3861 3870/3988/3862
f 2801/2870/2800 3871/3991/3865 2802/2868/2798
f 3872/3992/3866 3864/3984/3858 3861/3980/3854
f 3869/3990/3864 3871/3991/3865 3872/3992/3866
f 2802/2868/2798 3868/3989/3863 2805/2871/2801
f 3304/3393/3300 3859/3979/3853 2452/2521/2452
f 3308/3397/3304 3873/3993/3867 3304/3393/3300
f 3872/3992/3866 3874/3994/3868 3869/3990/3864
f 3861/3980/3854 3873/3993/3867 3872/3992/3866
f 3839/3959/3833 3316/3407/3314 3315/3404/3311
f 3836/3955/3829 3875/3995/3869 3839/3959/3833
f 3869/3990/3864 3875/3995/3869 3870/3988/3862
f 3308/3397/3304 3875/3995/3869 3874/3994/3868
f 3396/3484/3391 3877/3996/3870 3393/3482/3389
f 3878/3997/3871 3396/3484/3391 3388/3478/3385
f 3879/3998/3872 3876/3999/3873 3878/3997/3871
f 3877/3996/3870 3880/4000/3874 3881/4001/3875
f 3882/4002/3876 3385/3477/3384 3384/3473/3380
f 3884/4003/3877 3883/4004/3878 3882/4002/3876
f 3878/3997/3871 3885/4005/3879 3879/3998/3872
f 3388/3478/3385 3883/4004/3878 3878/3997/3871
f 2552/2621/2552 3886/4006/3880 3887/4007/3881
f 3888/4008/3882 3636/3727/3630 3641/3733/3636
f 3879/3998/3872 3886/4006/3880 3888/4008/3882
f 3887/4007/3881 3885/4005/3879 3884/4003/3877
f 3889/4009/3883 3650/3744/3647 3649/3741/3644
f 3881/4001/3875 3890/4010/3884 3889/4009/3883
f 3888/4008/3882 3880/4000/3874 3879/3998/3872
f 3641/3733/3636 3890/4010/3884 3888/4008/3882
f 3649/3741/3644 3891/4011/3885 3889/4009/3883
f 3670/3761/3664 3891/4011/3885 3673/3764/3667
f 3894/4012/3886 3892/4013/3887 3893/4014/3888
f 3881/4001/3875 3891/4011/3885 3894/4012/3886
f 3371/3460/3367 3896/4015/3889 3668/3760/3663
f 3898/4016/3890 3895/4017/3891 3897/4018/3892
f 3893/4014/3888 3896/4015/3889 3898/4016/3890
f 3668/3760/3663 3892/4013/3887 3670/3761/3664
f 3399/3488/3395 3899/4019/3893 3900/4020/3894
f 3397/3485/3392 3899/4019/3893 3402/3490/3397
f 3898/4016/3890 3901/4021/3895 3893/4014/3888
f 3900/4020/3894 3898/4016/3890 3897/4018/3892
f 3393/3482/3389 3902/4022/3896 3394/3486/3393
f 3894/4012/3886 3877/3996/3870 3881/4001/3875
f 3893/4014/3888 3902/4022/3896 3894/4012/3886
f 3394/3486/3393 3901/4021/3895 3397/3485/3392
f 2552/2621/2552 3903/4023/3897 2553/2619/2550
f 3884/4003/3877 3903/4023/3897 3887/4007/3881
f 3905/4024/3898 3903/4023/3897 3904/4025/3899
f 2553/2619/2550 3906/4026/3900 2539/2606/2537
f 3384/3473/3380 3907/4027/3901 3882/4002/3876
f 3392/3481/3388 3907/4027/3901 3387/3475/3382
f 3904/4025/3899 3908/4028/3902 3905/4024/3898
f 3882/4002/3876 3904/4025/3899 3884/4003/3877
f 3912/4029/3903 3909/4030/3904 3911/4031/3905
f 3905/4024/3898 3910/4032/3906 3912/4029/3903
f 3405/3495/3402 3908/4028/3902 3392/3481/3388
f 2534/2600/2531 3914/4033/3907 2531/2598/2529
f 2539/2606/2537 3913/4034/3908 2534/2600/2531
f 3912/4029/3903 3906/4026/3900 3905/4024/3898
f 3911/4031/3905 3913/4034/3908 3912/4029/3903
f 3916/4035/3909 3407/4036/3910 3403/3493/3400
f 3917/4037/3911 3915/4038/3912 3916/4035/3909
f 3909/4030/3904 3918/4039/3913 3911/4031/3905
f 3900/4020/3894 3400/3492/3399 3399/3488/3395
f 3897/4018/3892 3919/4040/3914 3900/4020/3894
f 3916/4035/3909 3920/4041/3915 3917/4037/3911
f 3403/3493/3400 3919/4040/3914 3916/4035/3909
f 3374/3462/3369 3895/4017/3891 3371/3460/3367
f 3922/4042/3916 3374/3462/3369 3369/3459/3366
f 3917/4037/3911 3921/4043/3917 3922/4042/3916
f 3895/4017/3891 3920/4041/3915 3897/4018/3892
f 3914/4033/3907 3367/3458/3365 2531/2598/2529
f 3911/4031/3905 3923/4044/3918 3914/4033/3907
f 3922/4042/3916 3918/4039/3913 3917/4037/3911
f 3369/3459/3366 3923/4044/3918 3922/4042/3916
f 3447/3534/3441 3925/4045/3919 3444/3532/3439
f 3439/3526/3433 3924/4046/3920 3447/3534/3441
f 3928/4047/3921 3926/4048/3922 3927/4049/3923
f 3929/4050/3924 3924/4046/3920 3928/4047/3921
f 3435/3525/3432 3931/4051/3925 3436/3523/3430
f 3933/4052/3926 3930/4053/3927 3932/4054/3928
f 3927/4049/3923 3931/4051/3925 3933/4052/3926
f 3436/3523/3430 3926/4048/3922 3439/3526/3433
f 3574/3661/3568 3935/4055/3929 2620/2689/2620
f 3579/3667/3574 3934/4056/3930 3574/3661/3568
f 3933/4052/3926 3936/4057/3931 3927/4049/3923
f 3932/4054/3928 3934/4056/3930 3933/4052/3926
f 3937/4058/3932 3585/3678/3581 3517/3675/3514
f 3928/4047/3921 3937/4058/3932 3929/4050/3924
f 3927/4049/3923 3938/4059/3933 3928/4047/3921
f 3579/3667/3574 3938/4059/3933 3936/4057/3931
f 3517/3675/3514 3939/4060/3934 3937/4058/3932
f 3940/4061/3935 3520/4062/3513 3515/4063/3510
f 3941/4064/3936 3939/4060/3934 3940/4061/3935
f 3937/4058/3932 3942/4065/3937 3929/4050/3924
f 3511/3944/3508 3944/4066/3938 3512/4067/3506
f 3946/4068/3939 3943/4069/3940 3945/4070/3941
f 3940/4061/3935 3946/4068/3939 3941/4064/3936
f 3515/4063/3510 3944/4066/3938 3940/4061/3935
f 3450/3538/3445 3947/4071/3942 3948/4072/3943
f 3949/4073/3944 3453/3540/3447 3448/3537/3444
f 3941/4064/3936 3947/4071/3942 3949/4073/3944
f 3948/4072/3943 3946/4068/3939 3945/4070/3941
f 3444/3532/3439 3950/4074/3945 3445/3536/3443
f 3942/4065/3937 3925/4045/3919 3929/4050/3924
f 3949/4073/3944 3942/4065/3937 3941/4064/3936
f 3448/3537/3444 3950/4074/3945 3949/4073/3944
f 3935/4055/3929 2621/2687/2618 2620/2689/2620
f 3932/4054/3928 3951/4075/3946 3935/4055/3929
f 3954/4076/3947 3952/4077/3948 3953/4078/3949
f 2607/2674/2605 3951/4075/3946 3954/4076/3947
f 3435/3525/3432 3955/4079/3950 3930/4053/3927
f 3956/4080/3951 3438/3524/3431 3443/3531/3438
f 3953/4078/3949 3955/4079/3950 3956/4080/3951
f 3930/4053/3927 3952/4077/3948 3932/4054/3928
f 3957/4081/3952 3457/3547/3454 3456/3544/3451
f 3959/4082/3953 3958/4083/3954 3957/4081/3952
f 3956/4080/3951 3960/4084/3955 3953/4078/3949
f 3443/3531/3438 3958/4083/3954 3956/4080/3951
f 2599/2668/2599 3961/4085/3956 3962/4086/3957
f 3954/4076/3947 2602/2667/2598 2607/2674/2605
f 3953/4078/3949 3961/4085/3956 3954/4076/3947
f 3962/4086/3957 3960/4084/3955 3959/4082/3953
f 3459/3546/3453 3957/4081/3952 3456/3544/3451
f 3454/3541/3448 3963/4087/3958 3459/3546/3453
f 3965/4088/3959 3963/4087/3958 3964/4089/3960
f 3957/4081/3952 3966/4090/3961 3959/4082/3953
f 3948/4072/3943 3451/3542/3449 3450/3538/3445
f 3968/4091/3962 3948/4072/3943 3945/4070/3941
f 3965/4088/3959 3967/4092/3963 3968/4091/3962
f 3451/3542/3449 3964/4089/3960 3454/3541/3448
f 3827/3946/3821 3943/4069/3940 3511/3944/3508
f 3824/3941/3817 3969/4093/3964 3827/3946/3821
f 3968/4091/3962 3970/4094/3965 3965/4088/3959
f 3945/4070/3941 3969/4093/3964 3968/4091/3962
f 3962/4086/3957 3822/3940/3816 2599/2668/2599
f 3959/4082/3953 3971/4095/3966 3962/4086/3957
f 3970/4094/3965 3966/4090/3961 3965/4088/3959
f 3824/3941/3817 3971/4095/3966 3970/4094/3965
f 3472/3559/3466 3973/4096/3967 3469/3557/3464
f 3974/4097/3968 3472/3559/3466 3464/3553/3460
f 3975/4098/3969 3972/4099/3970 3974/4097/3968
f 3973/4096/3967 3976/4100/3971 3977/4101/3972
f 3978/4102/3973 3461/3552/3459 3460/3548/3455
f 3981/4103/3974 3978/4102/3973 3980/4104/3975
f 3975/4098/3969 3979/4105/3976 3981/4103/3974
f 3464/3553/3460 3979/4105/3976 3974/4097/3968
f 3777/3886/3771 3983/4106/3977 2624/2693/2624
f 3782/3892/3777 3982/4107/3978 3777/3886/3771
f 3981/4103/3974 3984/4108/3979 3975/4098/3969
f 3980/4104/3975 3982/4107/3978 3981/4103/3974
f 3985/4109/3980 3788/3899/3784 3497/3587/3494
f 3977/4101/3972 3986/4110/3981 3985/4109/3980
f 3984/4108/3979 3976/4100/3971 3975/4098/3969
f 3782/3892/3777 3986/4110/3981 3984/4108/3979
f 3497/3587/3494 3987/4111/3982 3985/4109/3980
f 3988/4112/3983 3500/3586/3493 3495/3582/3489
f 3990/4113/3984 3988/4112/3983 3989/4114/3985
f 3985/4109/3980 3990/4113/3984 3977/4101/3972
f 3491/3581/3488 3992/4115/3986 3492/3579/3486
f 3994/4116/3987 3991/4117/3988 3993/4118/3989
f 3989/4114/3985 3992/4115/3986 3994/4116/3987
f 3492/3579/3486 3988/4112/3983 3495/3582/3489
f 3475/3563/3470 3995/4119/3990 3996/4120/3991
f 3473/3560/3467 3995/4119/3990 3478/3565/3472
f 3994/4116/3987 3997/4121/3992 3989/4114/3985
f 3996/4120/3991 3994/4116/3987 3993/4118/3989
f 3469/3557/3464 3998/4122/3993 3470/3561/3468
f 3990/4113/3984 3973/4096/3967 3977/4101/3972
f 3989/4114/3985 3998/4122/3993 3990/4113/3984
f 3470/3561/3468 3997/4121/3992 3473/3560/3467
f 3463/3550/3457 3978/4102/3973 3460/3548/3455
f 3468/3556/3463 3999/4123/3994 3463/3550/3457
f 4002/4124/3995 4000/4125/3996 4001/4126/3997
f 3980/4104/3975 3999/4123/3994 4002/4124/3995
f 3481/3571/3478 4004/4127/3998 3482/3569/3476
f 4006/4128/3999 4003/4129/4000 4005/4130/4001
f 4001/4126/3997 4004/4127/3998 4006/4128/3999
f 3482/3569/3476 4000/4125/3996 3468/3556/3463
f 2636/2701/2632 4008/4131/4002 2633/2702/2633
f 2628/2694/2625 4007/4132/4003 2636/2701/2632
f 4006/4128/3999 4009/4133/4004 4001/4126/3997
f 4005/4130/4001 4007/4132/4003 4006/4128/3999
f 2624/2693/2624 4010/4134/4005 2625/2691/2622
f 4002/4124/3995 3983/4106/3977 3980/4104/3975
f 4001/4126/3997 4010/4134/4005 4002/4124/3995
f 2625/2691/2622 4009/4133/4004 2628/2694/2625
f 3481/3571/3478 4011/4135/4006 4003/4129/4000
f 4012/4136/4007 3484/3570/3477 3479/3568/3475
f 4013/4137/4008 4011/4135/4006 4012/4136/4007
f 4003/4129/4000 4014/4138/4009 4005/4130/4001
f 3996/4120/3991 3476/3567/3474 3475/3563/3470
f 3993/4118/3989 4015/4139/4010 3996/4120/3991
f 4012/4136/4007 4016/4140/4011 4013/4137/4008
f 3479/3568/3475 4015/4139/4010 4012/4136/4007
f 3550/3638/3545 3991/4117/3988 3491/3581/3488
f 3547/3634/3541 4017/4141/4012 3550/3638/3545
f 4013/4137/4008 4017/4141/4012 4018/4142/4013
f 3991/4117/3988 4016/4140/4011 3993/4118/3989
f 4008/4131/4002 3545/3633/3540 2633/2702/2633
f 4005/4130/4001 4019/4143/4014 4008/4131/4002
f 4018/4142/4013 4014/4138/4009 4013/4137/4008
f 3547/3634/3541 4019/4143/4014 4018/4142/4013
f 4020/2766/4015 4025/3621/4016 4022/2767/4017
f 4026/3617/4018 4023/4144/4019 4024/4145/4020
f 4024/4145/4020 4027/3618/4021 4026/3617/4018
f 4031/3746/4022 4032/4146/4023 4034/4147/4024
f 4034/4147/4024 4033/4148/4025 4035/4149/4026
f 4035/4149/4026 4036/4150/4027 4034/4147/4024
f 4034/4147/4024 4038/3745/4028 4031/3746/4022
f 4053/3726/4029 4036/4150/4027 4037/3728/4030
f 4037/3728/4030 4039/4151/4031 4040/3735/4032
f 4041/4152/4033 4035/4149/4026 4042/4153/4034
f 4043/2829/4035 4039/4151/4031 4041/4152/4033
f 4042/4153/4034 4044/3753/4036 4041/4152/4033
f 4041/4152/4033 4045/2833/4037 4043/2829/4035
f 4052/4154/4038 4046/3752/4039 4042/4153/4034
f 4048/3750/4040 4047/4155/4041 4049/3755/4042
f 4049/3755/4042 4051/2770/4043 4050/2772/4044
f 4042/4153/4034 4033/4148/4025 4052/4154/4038
f 4054/4156/4045 4071/3682/4046 4057/4157/4047
f 4056/4158/4048 4055/3680/4049 4054/4156/4045
f 4054/4156/4045 4059/4159/4050 4056/4158/4048
f 4057/4157/4047 4058/4160/4051 4054/4156/4045
f 4072/3693/4052 4058/4160/4051 4060/3696/4053
f 4060/3696/4053 4061/4161/4054 4062/4162/4055
f 4064/3688/4056 4061/4161/4054 4057/4157/4047
f 4065/3707/4057 4061/4161/4054 4063/3712/4058
f 4057/4157/4047 4070/3690/4059 4064/3688/4056
f 4073/3695/4060 4059/4159/4050 4072/3693/4052
f 4056/4158/4048 4074/3700/4061 4075/2800/4062
f 4076/2797/4063 4056/4158/4048 4075/2800/4062
f 4079/2990/4064 4080/2993/4065 4082/4163/4066
f 4082/4163/4066 4081/4164/4067 4083/4165/4068
f 4079/2990/4064 4084/4166/4069 4087/2997/4070
f 4083/4165/4068 4084/4166/4069 4082/4163/4066
f 4087/2997/4070 4085/4167/4071 4088/2998/4072
f 4085/4167/4071 4086/4168/4073 4118/4169/4074
f 4085/4167/4071 4089/3915/4075 4088/2998/4072
f 4093/4170/4076 4090/3907/4077 4091/4171/4078
f 4091/4171/4078 4085/4167/4071 4118/4169/4074
f 4095/3910/4079 4092/3908/4080 4093/4170/4076
f 4093/4172/4076 4096/3925/4081 4095/3922/4079
f 4098/3917/4082 4097/4173/4083 4099/3920/4084
f 4101/4174/4085 4100/3921/4086 4099/3920/4084
f 4099/3920/4084 4103/4175/4087 4101/4174/4085
f 4102/4176/4088 4104/3927/4089 4101/4174/4085
f 4101/4174/4085 4117/4177/4090 4102/4176/4088
f 4102/4178/4088 4106/3905/4091 4105/3904/4092
f 4108/3901/4093 4107/4179/4094 4109/3902/4095
f 4110/4180/4096 4111/3903/4097 4109/3902/4095
f 4109/3902/4095 4116/4181/4098 4110/4180/4096
f 4112/3887/4099 4113/4182/4100 4114/3894/4101
f 4083/4165/4068 4113/4182/4100 4110/4180/4096
f 4114/3894/4101 4081/4164/4067 4115/2992/4102
f 4110/4180/4096 4086/4168/4073 4083/4165/4068
f 4118/4169/4074 4116/4181/4098 4117/4183/4090
f 4117/4183/4090 4107/4179/4094 4102/4178/4088
f 4118/4184/4074 4103/4175/4087 4091/4185/4078
f 4091/4185/4078 4097/4173/4083 4093/4172/4076
f 4119/4186/4103 4124/4038/4104 4122/4030/4105
f 4121/3495/4106 4120/4036/4107 4119/4186/4103
f 4119/4186/4103 4123/4032/4108 4121/3495/4106
f 4126/4187/4109 4140/4188/4110 4128/4189/4111
f 4128/4189/4111 4129/4190/4112 4126/4187/4109
f 4133/4191/4113 4130/4192/4114 4128/4189/4111
f 4135/4193/4115 4131/4194/4116 4133/4191/4113
f 4128/4189/4111 4134/4195/4117 4133/4191/4113
f 4133/4191/4113 4136/4196/4118 4135/4193/4115
f 4137/4197/4119 4134/4195/4117 4138/4198/4120
f 4138/4198/4120 4140/4188/4110 4139/4199/4121
f 4139/4199/4121 4127/4200/4122 4141/4201/4123
f 4142/4202/4124 4148/4155/4125 4146/4154/4126
f 4144/2766/4127 4143/2770/4128 4142/4202/4124
f 4142/4202/4124 4155/4144/4129 4144/2766/4127
f 4146/4154/4126 4145/4203/4130 4142/4202/4124
f 4150/4204/4131 4147/4148/4132 4149/4146/4133
f 4149/4146/4133 4152/3622/4134 4150/4204/4131
f 4150/4204/4131 4153/3623/4135 4154/4145/4136
f 4154/4145/4136 4145/4203/4130 4150/4204/4131
f 4158/3691/4137 4159/3719/4138 4157/2809/4139
f 4161/3706/4140 4160/4205/4141 4162/3704/4142
f 4162/3704/4142 4164/4162/4143 4163/3707/4144
f 4165/3696/4145 4160/4205/4141 4158/3691/4137
f 8/1/1 9/5/5 10/2/2
f 11/4/4 12/7/7 9/5/5
f 14/6/6 9/5/5 12/7/7
f 15/9/9 10/2/2 9/5/5
f 16/10/10 17/14/14 18/11/11
f 21/13/13 18/11/11 17/14/14
f 13/8/8 12/7/7 18/11/11
f 19/12/12 18/11/11 12/7/7
f 22/16/16 23/20/20 24/17/17
f 25/19/19 26/21/21 23/20/20
f 21/13/13 23/20/20 26/21/21
f 20/15/15 24/17/17 23/20/20
f 27/22/22 28/25/25 29/23/23
f 14/6/6 29/23/23 28/25/25
f 13/8/8 26/21/21 29/23/23
f 30/24/24 29/23/23 26/21/21
f 1/18/18 2/4206/4146 31/26/26
f 34/27/27 31/26/26 32/28/28
f 22/16/16 31/26/26 34/27/27
f 30/24/24 37/31/31 38/30/30
f 25/19/19 34/27/27 37/31/31
f 33/29/29 36/32/32 37/31/31
f 38/30/30 37/31/31 36/32/32
f 39/34/34 40/38/38 41/35/35
f 44/37/37 41/35/35 40/38/38
f 45/40/40 46/41/41 41/35/35
f 42/36/36 41/35/35 46/41/41
f 4/43/43 48/47/47 49/44/44
f 5/46/46 50/48/48 48/47/47
f 44/37/37 48/47/47 50/48/48
f 43/39/39 49/44/44 48/47/47
f 1/18/18 24/17/17 51/49/49
f 52/51/51 51/49/49 24/17/17
f 45/40/40 50/48/48 51/49/49
f 6/50/50 51/49/49 50/48/48
f 53/52/52 54/53/53 17/14/14
f 47/42/42 46/41/41 54/53/53
f 52/51/51 54/53/53 46/41/41
f 20/15/15 17/14/14 54/53/53
f 55/54/54 56/58/58 57/55/55
f 60/57/57 57/55/55 56/58/58
f 61/60/60 62/61/61 57/55/55
f 58/56/56 57/55/55 62/61/61
f 65/63/63 66/67/67 67/64/64
f 68/66/66 69/68/68 66/67/67
f 60/57/57 66/67/67 69/68/68
f 59/59/59 67/64/64 66/67/67
f 3/45/45 49/44/44 70/69/69
f 72/71/71 70/69/69 49/44/44
f 61/60/60 69/68/68 70/69/69
f 71/70/70 70/69/69 69/68/68
f 73/72/72 74/73/73 40/38/38
f 63/62/62 62/61/61 74/73/73
f 72/71/71 74/73/73 62/61/61
f 43/39/39 40/38/38 74/73/73
f 79/74/74 75/78/78 77/75/75
f 80/77/77 76/114/114 75/78/78
f 84/79/79 82/82/82 81/80/80
f 78/76/76 77/75/75 82/82/82
f 67/64/64 85/85/85 86/83/83
f 87/84/84 85/85/85 67/64/64
f 84/79/79 85/85/85 87/84/84
f 83/81/81 86/83/83 85/85/85
f 55/54/54 88/87/87 89/86/86
f 79/74/74 89/86/86 88/87/87
f 78/76/76 87/84/84 89/86/86
f 59/59/59 56/58/58 89/86/86
f 91/88/88 92/92/92 93/89/89
f 94/91/91 95/94/94 92/92/92
f 97/93/93 92/92/92 95/94/94
f 98/96/96 93/89/89 92/92/92
f 58/56/56 99/98/98 100/97/97
f 63/62/62 101/99/99 99/98/98
f 95/94/94 99/98/98 101/99/99
f 100/97/97 99/98/98 95/94/94
f 39/34/34 102/102/102 103/100/100
f 105/101/101 103/100/100 102/102/102
f 96/95/95 101/99/99 103/100/100
f 73/72/72 103/100/100 101/99/99
f 107/104/104 108/107/107 109/105/105
f 98/96/96 97/93/93 108/107/107
f 105/101/101 108/107/107 97/93/93
f 104/103/103 109/105/105 108/107/107
f 114/108/108 110/112/112 112/109/109
f 115/111/111 111/178/178 110/112/112
f 117/113/113 116/115/115 76/114/114
f 113/110/110 112/109/109 116/115/115
f 100/97/97 118/116/116 88/87/87
f 94/91/91 119/117/117 118/116/116
f 117/113/113 118/116/116 119/117/117
f 80/77/77 88/87/87 118/116/116
f 90/90/90 120/119/119 121/118/118
f 114/108/108 121/118/118 120/119/119
f 113/110/110 119/117/117 121/118/118
f 91/88/88 121/118/118 119/117/117
f 16/10/10 122/122/122 123/120/120
f 125/121/121 123/120/120 122/122/122
f 126/124/124 127/125/125 123/120/120
f 53/52/52 123/120/120 127/125/125
f 129/126/126 130/130/130 131/127/127
f 132/129/129 133/131/131 130/130/130
f 125/121/121 130/130/130 133/131/131
f 124/123/123 131/127/127 130/130/130
f 106/106/106 109/105/105 134/132/132
f 136/134/134 134/132/132 109/105/105
f 126/124/124 133/131/131 134/132/132
f 135/133/133 134/132/132 133/131/131
f 42/36/36 137/135/135 102/102/102
f 47/42/42 127/125/125 137/135/135
f 136/134/134 137/135/135 127/125/125
f 104/103/103 102/102/102 137/135/135
f 139/136/136 140/144/144 141/137/137
f 143/139/139 140/144/144 139/136/136
f 145/141/141 140/144/144 143/139/139
f 146/143/143 141/137/137 140/144/144
f 148/145/145 149/150/150 150/146/146
f 152/148/148 149/150/150 148/145/145
f 144/142/142 143/139/139 149/150/150
f 142/140/140 150/146/146 149/150/150
f 135/133/133 153/152/152 154/151/151
f 132/129/129 155/153/153 153/152/152
f 152/148/148 153/152/152 155/153/153
f 151/149/149 154/151/151 153/152/152
f 128/128/128 156/155/155 157/154/154
f 145/141/141 157/154/154 156/155/155
f 144/142/142 155/153/153 157/154/154
f 129/126/126 157/154/154 155/153/153
f 147/147/147 158/158/158 159/156/156
f 161/157/157 159/156/156 158/158/158
f 162/160/160 163/161/161 159/156/156
f 148/145/145 159/156/156 163/161/161
f 165/162/162 166/166/166 167/163/163
f 168/165/165 169/167/167 166/166/166
f 161/157/157 166/166/166 169/167/167
f 160/159/159 167/163/163 166/166/166
f 90/90/90 93/89/89 170/168/168
f 172/170/170 170/168/168 93/89/89
f 162/160/160 169/167/167 170/168/168
f 171/169/169 170/168/168 169/167/167
f 106/106/106 154/151/151 173/171/171
f 151/149/149 163/161/161 173/171/171
f 172/170/170 173/171/171 163/161/161
f 98/96/96 107/104/104 173/171/171
f 178/172/172 174/176/176 176/173/173
f 179/175/175 175/216/216 174/176/176
f 181/177/177 180/179/179 111/178/178
f 177/174/174 176/173/173 180/179/179
f 171/169/169 182/180/180 120/119/119
f 168/165/165 183/181/181 182/180/180
f 181/177/177 182/180/180 183/181/181
f 115/111/111 120/119/119 182/180/180
f 164/164/164 184/183/183 185/182/182
f 178/172/172 185/182/182 184/183/183
f 177/174/174 183/181/181 185/182/182
f 165/162/162 185/182/182 183/181/181
f 189/184/184 190/188/188 191/185/185
f 194/187/187 191/185/185 190/188/188
f 192/186/186 191/185/185 188/190/190
f 199/192/192 195/196/196 197/193/193
f 200/195/195 196/349/346 195/196/196
f 204/197/197 202/200/200 201/198/198
f 198/194/194 197/193/193 202/200/200
f 206/201/201 207/205/205 208/202/202
f 209/204/204 210/206/206 207/205/205
f 204/197/197 207/205/205 210/206/206
f 203/199/199 208/202/202 207/205/205
f 212/207/207 213/210/210 214/208/208
f 200/195/195 199/192/192 213/210/210
f 198/194/194 210/206/206 213/210/210
f 209/204/204 214/208/208 213/210/210
f 218/211/211 215/214/214 216/212/212
f 203/199/199 201/198/198 215/214/214
f 220/215/215 219/217/217 175/216/216
f 217/213/213 216/212/212 219/217/217
f 221/218/218 222/220/220 184/183/183
f 223/219/219 224/221/221 222/220/220
f 220/215/215 222/220/220 224/221/221
f 179/175/175 184/183/183 222/220/220
f 205/203/203 208/202/202 225/222/222
f 218/211/211 225/222/222 208/202/202
f 217/213/213 224/221/221 225/222/222
f 226/223/223 225/222/222 224/221/221
f 205/203/203 227/226/226 228/224/224
f 230/225/225 228/224/224 227/226/226
f 232/228/228 228/224/224 230/225/225
f 206/201/201 228/224/224 232/228/228
f 234/230/230 235/235/235 236/231/231
f 238/233/233 235/235/235 234/230/230
f 231/229/229 230/225/225 235/235/235
f 229/227/227 236/231/231 235/235/235
f 240/236/236 241/240/240 242/237/237
f 243/239/239 244/241/241 241/240/240
f 238/233/233 241/240/240 244/241/241
f 237/234/234 242/237/237 241/240/240
f 211/209/209 214/208/208 245/242/242
f 232/228/228 245/242/242 214/208/208
f 231/229/229 244/241/241 245/242/242
f 246/243/243 245/242/242 244/241/241
f 226/223/223 247/244/244 227/226/226
f 223/219/219 248/246/246 247/244/244
f 250/245/245 247/244/244 248/246/246
f 229/227/227 227/226/226 247/244/244
f 164/164/164 167/163/163 251/248/248
f 252/249/249 251/248/248 167/163/163
f 249/247/247 248/246/246 251/248/248
f 221/218/218 251/248/248 248/246/246
f 253/250/250 254/252/252 158/158/158
f 255/251/251 256/253/253 254/252/252
f 252/249/249 254/252/252 256/253/253
f 160/159/159 158/158/158 254/252/252
f 233/232/232 236/231/231 257/254/254
f 250/245/245 257/254/254 236/231/231
f 249/247/247 256/253/253 257/254/254
f 258/255/255 257/254/254 256/253/253
f 258/255/255 259/257/257 260/256/256
f 255/251/251 261/259/259 259/257/257
f 263/258/258 259/257/257 261/259/259
f 264/261/261 260/256/256 259/257/257
f 147/147/147 150/146/146 265/262/262
f 266/263/263 265/262/262 150/146/146
f 262/260/260 261/259/259 265/262/262
f 253/250/250 265/262/262 261/259/259
f 138/138/138 267/266/266 268/264/264
f 269/265/265 270/267/267 268/264/264
f 266/263/263 268/264/264 270/267/267
f 142/140/140 139/136/136 268/264/264
f 271/268/268 272/271/271 273/269/269
f 263/258/258 273/269/269 272/271/271
f 262/260/260 270/267/267 273/269/269
f 274/270/270 273/269/269 270/267/267
f 233/232/232 260/256/256 275/272/272
f 276/273/273 275/272/272 260/256/256
f 278/274/274 275/272/272 276/273/273
f 237/234/234 234/230/230 275/272/272
f 279/276/276 280/278/278 272/271/271
f 281/277/277 282/279/279 280/278/278
f 276/273/273 280/278/278 282/279/279
f 264/261/261 272/271/271 280/278/278
f 284/280/280 285/284/284 286/281/281
f 287/283/283 288/285/285 285/284/284
f 282/279/279 285/284/284 288/285/285
f 281/277/277 286/281/281 285/284/284
f 239/238/238 242/237/237 289/286/286
f 278/274/274 289/286/286 242/237/237
f 277/275/275 288/285/285 289/286/286
f 290/287/287 289/286/286 288/285/285
f 295/288/288 296/292/292 297/289/289
f 298/291/291 299/294/294 296/292/292
f 292/293/293 296/292/292 299/294/294
f 291/296/296 297/289/289 296/292/292
f 300/297/297 301/301/301 302/298/298
f 305/300/300 302/298/298 301/301/301
f 293/295/295 299/294/294 302/298/298
f 303/299/299 302/298/298 299/294/294
f 300/297/297 308/305/305 309/303/303
f 311/304/304 309/303/303 308/305/305
f 307/307/307 306/308/308 309/303/303
f 301/301/301 309/303/303 306/308/308
f 313/309/309 314/313/313 315/310/310
f 316/312/312 317/314/314 314/313/313
f 311/304/304 314/313/313 317/314/314
f 310/306/306 315/310/310 314/313/313
f 312/311/311 321/317/317 322/315/315
f 324/316/316 322/315/315 321/317/317
f 318/319/319 320/320/320 322/315/315
f 313/309/309 322/315/315 320/320/320
f 38/30/30 325/322/322 326/321/321
f 35/33/33 319/323/323 325/322/322
f 324/316/316 325/322/322 319/323/323
f 323/318/318 326/321/321 325/322/322
f 331/324/324 332/328/328 333/325/325
f 334/327/327 335/330/330 332/328/328
f 328/329/329 332/328/328 335/330/330
f 327/332/332 333/325/325 332/328/328
f 294/333/290 297/337/289 336/334/333
f 338/336/335 336/334/333 297/337/289
f 329/331/331 335/330/330 336/334/333
f 337/335/334 336/334/333 335/330/330
f 339/339/336 340/341/338 190/188/188
f 341/340/337 342/343/340 340/341/338
f 344/342/339 340/341/338 342/343/340
f 193/189/189 190/188/188 340/341/338
f 330/326/326 333/325/325 345/345/342
f 347/347/344 345/345/342 333/325/325
f 343/344/341 342/343/340 345/345/342
f 346/346/343 345/345/342 342/343/340
f 349/348/345 348/4207/4147 196/349/346
f 351/350/347 348/4207/4147 349/348/345
f 186/352/349 348/4207/4147 351/350/347
f 211/209/209 352/355/352 353/353/350
f 355/354/351 353/353/350 352/355/352
f 350/351/348 349/348/345 353/353/350
f 212/207/207 353/353/350 349/348/345
f 357/357/354 358/361/358 359/358/355
f 360/360/357 361/362/359 358/361/358
f 355/354/351 358/361/358 361/362/359
f 354/356/353 359/358/355 358/361/358
f 192/186/186 362/364/361 363/363/360
f 187/191/191 351/350/347 362/364/361
f 350/351/348 361/362/359 362/364/361
f 360/360/357 363/363/360 362/364/361
f 246/243/243 364/365/362 352/355/352
f 243/239/239 365/367/364 364/365/362
f 367/366/363 364/365/362 365/367/364
f 354/356/353 352/355/352 364/365/362
f 239/238/238 368/371/368 369/369/366
f 371/370/367 369/369/366 368/371/368
f 366/368/365 365/367/364 369/369/366
f 240/236/236 369/369/366 365/367/364
f 373/373/370 374/377/374 375/374/371
f 376/376/373 377/378/375 374/377/374
f 371/370/367 374/377/374 377/378/375
f 370/372/369 375/374/371 374/377/374
f 356/359/356 359/358/355 378/379/376
f 367/366/363 378/379/376 359/358/355
f 366/368/365 377/378/375 378/379/376
f 379/380/377 378/379/376 377/378/375
f 290/287/287 380/381/378 368/371/368
f 287/283/283 381/383/380 380/381/378
f 383/382/379 380/381/378 381/383/380
f 370/372/369 368/371/368 380/381/378
f 283/282/282 384/387/384 385/385/382
f 387/386/383 385/385/382 384/387/384
f 382/384/381 381/383/380 385/385/382
f 284/280/280 385/385/382 381/383/380
f 389/389/386 390/393/390 391/390/387
f 392/392/389 393/394/391 390/393/390
f 387/386/383 390/393/390 393/394/391
f 386/388/385 391/390/387 390/393/390
f 372/375/372 375/374/371 394/395/392
f 383/382/379 394/395/392 375/374/371
f 382/384/381 393/394/391 394/395/392
f 395/396/393 394/395/392 393/394/391
f 189/184/184 363/363/360 396/397/394
f 397/398/395 396/397/394 363/363/360
f 398/399/396 399/400/397 396/397/394
f 339/339/336 396/397/394 399/400/397
f 356/359/356 400/403/400 401/401/398
f 403/402/399 401/401/398 400/403/400
f 397/398/395 401/401/398 403/402/399
f 357/357/354 401/401/398 397/398/395
f 404/405/402 405/409/406 406/406/403
f 409/408/405 406/406/403 405/409/406
f 398/399/396 403/402/399 406/406/403
f 407/407/404 406/406/403 403/402/399
f 346/346/343 410/412/409 411/411/408
f 341/340/337 399/400/397 410/412/409
f 409/408/405 410/412/409 399/400/397
f 408/410/407 411/411/408 410/412/409
f 379/380/377 412/413/410 400/403/400
f 376/376/373 413/415/412 412/413/410
f 415/414/411 412/413/410 413/415/412
f 402/404/401 400/403/400 412/413/410
f 372/375/372 416/419/416 417/417/414
f 419/418/415 417/417/414 416/419/416
f 414/416/413 413/415/412 417/417/414
f 373/373/370 417/417/414 413/415/412
f 420/421/418 421/425/422 422/422/419
f 425/424/421 422/422/419 421/425/422
f 419/418/415 422/422/419 425/424/421
f 418/420/417 423/423/420 422/422/419
f 407/407/404 426/428/425 427/427/424
f 402/404/401 415/414/411 426/428/425
f 414/416/413 425/424/421 426/428/425
f 424/426/423 427/427/424 426/428/425
f 395/396/393 428/429/426 416/419/416
f 392/392/389 429/431/428 428/429/426
f 431/430/427 428/429/426 429/431/428
f 418/420/417 416/419/416 428/429/426
f 388/391/388 432/435/432 433/433/430
f 435/434/431 433/433/430 432/435/432
f 430/432/429 429/431/428 433/433/430
f 389/389/386 433/433/430 429/431/428
f 436/437/434 437/441/438 438/438/435
f 441/440/437 438/438/435 437/441/438
f 435/434/431 438/438/435 441/440/437
f 434/436/433 439/439/436 438/438/435
f 423/423/420 442/444/441 443/443/440
f 431/430/427 442/444/441 423/423/420
f 430/432/429 441/440/437 442/444/441
f 440/442/439 443/443/440 442/444/441
f 445/445/442 446/449/446 447/446/443
f 448/448/445 449/451/448 446/449/446
f 451/450/447 446/449/446 449/451/448
f 452/453/450 447/446/443 446/449/446
f 453/454/451 454/458/455 455/455/452
f 458/457/454 455/455/452 454/458/455
f 450/452/449 449/451/448 455/455/452
f 456/456/453 455/455/452 449/451/448
f 460/460/457 461/464/461 462/461/458
f 463/463/460 464/465/462 461/464/461
f 458/457/454 461/464/461 464/465/462
f 457/459/456 462/461/458 461/464/461
f 465/466/463 466/469/466 467/467/464
f 451/450/447 467/467/464 466/469/466
f 450/452/449 464/465/462 467/467/464
f 468/468/465 467/467/464 464/465/462
f 470/470/467 471/476/473 472/471/468
f 474/473/470 471/476/473 470/470/467
f 475/475/472 476/477/474 471/476/473
f 472/471/468 471/476/473 476/477/474
f 479/479/476 480/483/480 481/480/477
f 482/482/479 483/484/481 480/483/480
f 474/473/470 480/483/480 483/484/481
f 473/474/471 481/480/477 480/483/480
f 484/485/482 485/489/486 486/486/483
f 489/488/485 486/486/483 485/489/486
f 475/475/472 483/484/481 486/486/483
f 487/487/484 486/486/483 483/484/481
f 491/491/488 492/494/491 493/492/489
f 477/478/475 476/477/474 492/494/491
f 489/488/485 492/494/491 476/477/474
f 488/490/487 493/492/489 492/494/491
f 495/495/492 496/499/496 497/496/493
f 498/498/495 499/501/498 496/499/496
f 501/500/497 496/499/496 499/501/498
f 502/503/500 497/496/493 496/499/496
f 469/472/469 472/471/468 503/504/501
f 505/506/503 503/504/501 472/471/468
f 500/502/499 499/501/498 503/504/501
f 504/505/502 503/504/501 499/501/498
f 506/507/504 507/509/506 491/491/488
f 508/508/505 509/510/507 507/509/506
f 505/506/503 507/509/506 509/510/507
f 477/478/475 491/491/488 507/509/506
f 510/511/508 511/514/511 512/512/509
f 501/500/497 512/512/509 511/514/511
f 500/502/499 509/510/507 512/512/509
f 513/513/510 512/512/509 509/510/507
f 514/515/512 515/517/514 454/458/455
f 516/516/513 517/519/516 515/517/514
f 519/518/515 515/517/514 517/519/516
f 457/459/456 454/458/455 515/517/514
f 494/497/494 497/496/493 520/521/518
f 522/523/520 520/521/518 497/496/493
f 518/520/517 517/519/516 520/521/518
f 521/522/519 520/521/518 517/519/516
f 523/524/521 524/526/523 511/514/511
f 525/525/522 526/527/524 524/526/523
f 522/523/520 524/526/523 526/527/524
f 502/503/500 511/514/511 524/526/523
f 459/462/459 462/461/458 527/528/525
f 519/518/515 527/528/525 462/461/458
f 518/520/517 526/527/524 527/528/525
f 528/529/526 527/528/525 526/527/524
f 529/530/527 530/532/529 437/441/438
f 531/531/528 532/534/531 530/532/529
f 534/533/530 530/532/529 532/534/531
f 440/442/439 437/441/438 530/532/529
f 444/536/444 447/540/443 535/537/533
f 537/539/535 535/537/533 447/540/443
f 533/535/532 532/534/531 535/537/533
f 536/538/534 535/537/533 532/534/531
f 538/542/536 539/546/538 466/543/466
f 540/545/537 541/547/539 539/546/538
f 537/539/535 539/546/538 541/547/539
f 452/541/450 466/543/466 539/546/538
f 420/421/418 443/443/440 542/548/540
f 534/533/530 542/548/540 443/443/440
f 533/535/532 541/547/539 542/548/540
f 543/549/541 542/548/540 541/547/539
f 490/493/490 493/492/489 544/550/542
f 546/552/544 544/550/542 493/492/489
f 547/553/545 548/555/547 544/550/542
f 549/554/546 545/551/543 544/550/542
f 550/556/548 551/558/550 485/489/486
f 552/557/549 553/559/551 551/558/550
f 546/552/544 551/558/550 553/559/551
f 488/490/487 485/489/486 551/558/550
f 19/12/12 554/561/553 555/560/552
f 11/4/4 556/562/554 554/561/553
f 553/559/551 554/561/553 556/562/554
f 555/560/552 554/561/553 553/559/551
f 7/3/3 557/564/556 558/563/555
f 548/555/547 558/563/555 557/564/556
f 547/553/545 556/562/554 558/563/555
f 8/1/1 558/563/555 556/562/554
f 543/549/541 559/565/557 421/425/422
f 540/545/537 560/567/559 559/565/557
f 562/566/558 559/565/557 560/567/559
f 424/426/423 421/425/422 559/565/557
f 465/544/463 563/571/563 564/569/561
f 566/570/562 564/569/561 563/571/563
f 561/568/560 560/567/559 564/569/561
f 538/542/536 564/569/561 560/567/559
f 568/573/565 569/577/569 570/574/566
f 571/576/568 572/578/570 569/577/569
f 566/570/562 569/577/569 572/578/570
f 565/572/564 570/574/566 569/577/569
f 404/405/402 427/427/424 573/579/571
f 562/566/558 573/579/571 427/427/424
f 561/568/560 572/578/570 573/579/571
f 574/580/572 573/579/571 572/578/570
f 468/468/465 575/582/573 563/581/563
f 463/463/460 576/584/575 575/582/573
f 578/583/574 575/582/573 576/584/575
f 565/586/564 563/581/563 575/582/573
f 459/462/459 579/589/579 580/587/577
f 582/588/578 580/587/577 579/589/579
f 577/585/576 576/584/575 580/587/577
f 460/460/457 580/587/577 576/584/575
f 584/591/581 585/595/585 586/592/582
f 587/594/584 588/596/586 585/595/585
f 582/588/578 585/595/585 588/596/586
f 581/590/580 586/592/582 585/595/585
f 567/597/567 570/600/566 589/598/587
f 578/583/574 589/598/587 570/600/566
f 577/585/576 588/596/586 589/598/587
f 590/599/588 589/598/587 588/596/586
f 528/529/526 591/601/589 579/589/579
f 525/525/522 592/603/591 591/601/589
f 594/602/590 591/601/589 592/603/591
f 581/590/580 579/589/579 591/601/589
f 510/511/508 595/607/595 596/605/593
f 597/606/594 598/608/596 596/605/593
f 592/603/591 596/605/593 598/608/596
f 523/524/521 596/605/593 592/603/591
f 599/609/597 600/613/601 601/610/598
f 604/612/600 601/610/598 600/613/601
f 593/604/592 598/608/596 601/610/598
f 602/611/599 601/610/598 598/608/596
f 583/593/583 586/592/582 605/615/603
f 594/602/590 605/615/603 586/592/582
f 604/612/600 605/615/603 594/602/590
f 603/614/602 606/616/604 605/615/603
f 513/513/510 607/617/605 595/607/595
f 508/508/505 608/619/607 607/617/605
f 609/618/606 610/620/608 607/617/605
f 595/607/595 607/617/605 610/620/608
f 490/493/490 545/551/543 611/621/609
f 549/554/546 612/622/610 611/621/609
f 608/619/607 611/621/609 612/622/610
f 506/507/504 611/621/609 608/619/607
f 613/623/611 614/626/614 557/564/556
f 616/624/612 614/626/614 613/623/611
f 609/618/606 612/622/610 614/626/614
f 557/564/556 614/626/614 612/622/610
f 602/611/599 617/628/616 618/627/615
f 597/606/594 610/620/608 617/628/616
f 616/624/612 617/628/616 610/620/608
f 615/625/613 618/627/615 617/628/616
f 574/580/572 619/629/617 405/409/406
f 571/576/568 620/631/619 619/629/617
f 622/630/618 619/629/617 620/631/619
f 408/410/407 405/409/406 619/629/617
f 567/575/567 623/635/623 624/633/621
f 626/634/622 624/633/621 623/635/623
f 621/632/620 620/631/619 624/633/621
f 568/573/565 624/633/621 620/631/619
f 337/335/334 627/638/626 628/637/625
f 334/327/327 629/639/627 627/638/626
f 626/634/622 627/638/626 629/639/627
f 625/636/624 628/637/625 627/638/626
f 330/326/326 411/411/408 630/640/628
f 622/630/618 630/640/628 411/411/408
f 621/632/620 629/639/627 630/640/628
f 331/324/324 630/640/628 629/639/627
f 631/641/629 632/643/631 321/317/317
f 633/642/630 634/645/633 632/643/631
f 636/644/632 632/643/631 634/645/633
f 323/318/318 321/317/317 632/643/631
f 599/609/597 618/627/615 637/647/635
f 639/649/637 637/647/635 618/627/615
f 635/646/634 634/645/633 637/647/635
f 638/648/636 637/647/635 634/645/633
f 7/3/3 10/2/2 640/650/638
f 641/651/639 640/650/638 10/2/2
f 639/649/637 640/650/638 641/651/639
f 615/625/613 613/623/611 640/650/638
f 326/321/321 642/652/640 28/25/25
f 636/644/632 642/652/640 326/321/321
f 635/646/634 641/651/639 642/652/640
f 15/9/9 28/25/25 642/652/640
f 606/616/604 643/656/644 644/653/641
f 645/654/642 643/656/644 606/616/604
f 646/655/643 647/658/646 643/656/644
f 648/657/645 644/653/641 643/656/644
f 638/648/636 649/659/647 600/613/601
f 633/642/630 650/660/648 649/659/647
f 645/654/642 649/659/647 650/660/648
f 603/614/602 600/613/601 649/659/647
f 312/311/311 315/310/310 651/661/649
f 652/662/650 651/661/649 315/310/310
f 646/655/643 650/660/648 651/661/649
f 631/641/629 651/661/649 650/660/648
f 653/663/651 654/664/652 308/305/305
f 647/658/646 654/664/652 653/663/651
f 652/662/650 654/664/652 647/658/646
f 310/306/306 308/305/305 654/664/652
f 590/599/588 655/666/653 623/665/623
f 587/594/584 656/668/655 655/666/653
f 658/667/654 655/666/653 656/668/655
f 625/670/624 623/665/623 655/666/653
f 583/593/583 644/653/641 659/671/657
f 660/672/658 659/671/657 644/653/641
f 657/669/656 656/668/655 659/671/657
f 584/591/581 659/671/657 656/668/655
f 303/299/299 661/673/659 653/663/651
f 298/291/291 662/674/660 661/673/659
f 660/672/658 661/673/659 662/674/660
f 648/657/645 653/663/651 661/673/659
f 294/290/290 628/676/625 663/675/661
f 658/667/654 663/675/661 628/676/625
f 657/669/656 662/674/660 663/675/661
f 295/288/288 663/675/661 662/674/660
f 665/677/662 666/681/666 667/678/663
f 668/680/665 669/683/668 666/681/666
f 671/682/667 666/681/666 669/683/668
f 672/685/670 667/678/663 666/681/666
f 128/128/128 131/127/127 673/686/671
f 675/688/673 673/686/671 131/127/127
f 670/684/669 669/683/668 673/686/671
f 674/687/672 673/686/671 669/683/668
f 555/560/552 676/689/674 122/122/122
f 552/557/549 677/690/675 676/689/674
f 675/688/673 676/689/674 677/690/675
f 124/123/123 122/122/122 676/689/674
f 484/485/482 678/692/677 679/691/676
f 671/682/667 679/691/676 678/692/677
f 670/684/669 677/690/675 679/691/676
f 550/556/548 679/691/676 677/690/675
f 681/693/678 682/697/682 683/694/679
f 684/696/681 685/699/684 682/697/682
f 687/698/683 682/697/682 685/699/684
f 688/701/686 683/694/679 682/697/682
f 690/702/687 691/707/692 692/703/688
f 694/705/690 691/707/692 690/702/687
f 686/700/685 685/699/684 691/707/692
f 692/703/688 691/707/692 685/699/684
f 283/282/282 286/281/281 695/708/693
f 281/277/277 697/710/695 695/708/693
f 694/705/690 695/708/693 697/710/695
f 693/706/691 696/709/694 695/708/693
f 271/268/268 698/712/697 699/711/696
f 687/698/683 699/711/696 698/712/697
f 686/700/685 697/710/695 699/711/696
f 279/276/276 699/711/696 697/710/695
f 700/713/698 701/715/700 267/266/266
f 702/714/699 703/717/702 701/715/700
f 705/716/701 701/715/700 703/717/702
f 269/265/265 267/266/266 701/715/700
f 706/719/704 707/723/708 708/720/705
f 711/722/707 708/720/705 707/723/708
f 704/718/703 703/717/702 708/720/705
f 709/721/706 708/720/705 703/717/702
f 680/695/680 683/694/679 712/725/710
f 714/727/712 712/725/710 683/694/679
f 704/718/703 711/722/707 712/725/710
f 713/726/711 712/725/710 711/722/707
f 274/270/270 715/728/713 698/712/697
f 269/265/265 705/716/701 715/728/713
f 714/727/712 715/728/713 705/716/701
f 688/701/686 698/712/697 715/728/713
f 138/138/138 141/137/137 716/729/714
f 717/730/715 716/729/714 141/137/137
f 718/731/716 719/732/717 716/729/714
f 700/713/698 716/729/714 719/732/717
f 674/687/672 720/733/718 156/155/155
f 668/680/665 721/734/719 720/733/718
f 717/730/715 720/733/718 721/734/719
f 146/143/143 156/155/155 720/733/718
f 664/679/664 722/737/722 723/735/720
f 725/736/721 723/735/720 722/737/722
f 718/731/716 721/734/719 723/735/720
f 665/677/662 723/735/720 721/734/719
f 709/721/706 726/740/725 727/739/724
f 702/714/699 719/732/717 726/740/725
f 725/736/721 726/740/725 719/732/717
f 724/738/723 727/739/724 726/740/725
f 729/741/726 730/745/730 731/742/727
f 732/744/729 733/747/732 730/745/730
f 735/746/731 730/745/730 733/747/732
f 736/749/734 731/742/727 730/745/730
f 388/391/388 391/390/387 737/750/735
f 739/752/737 737/750/735 391/390/387
f 734/748/733 733/747/732 737/750/735
f 738/751/736 737/750/735 733/747/732
f 696/709/694 740/753/738 384/387/384
f 693/706/691 741/754/739 740/753/738
f 739/752/737 740/753/738 741/754/739
f 386/388/385 384/387/384 740/753/738
f 742/755/740 743/756/741 690/702/687
f 735/746/731 743/756/741 742/755/740
f 734/748/733 741/754/739 743/756/741
f 690/702/687 743/756/741 741/754/739
f 745/757/742 746/761/746 747/758/743
f 748/760/745 749/763/748 746/761/746
f 751/762/747 746/761/746 749/763/748
f 752/765/750 747/758/743 746/761/746
f 436/437/434 439/439/436 753/766/751
f 755/768/753 753/766/751 439/439/436
f 750/764/749 749/763/748 753/766/751
f 754/767/752 753/766/751 749/763/748
f 738/751/736 756/769/754 432/435/432
f 732/744/729 757/770/755 756/769/754
f 755/768/753 756/769/754 757/770/755
f 434/436/433 432/435/432 756/769/754
f 728/743/728 758/772/757 759/771/756
f 751/762/747 759/771/756 758/772/757
f 750/764/749 757/770/755 759/771/756
f 729/741/726 759/771/756 757/770/755
f 761/773/758 762/777/762 763/774/759
f 764/776/761 765/779/764 762/777/762
f 767/778/763 762/777/762 765/779/764
f 768/781/766 763/774/759 762/777/762
f 536/538/534 769/783/768 770/782/767
f 531/531/528 771/784/769 769/783/768
f 765/779/764 769/783/768 771/784/769
f 764/776/761 770/782/767 769/783/768
f 436/437/434 754/767/752 772/785/770
f 748/760/745 773/786/771 772/785/770
f 766/780/765 771/784/769 772/785/770
f 529/530/527 772/785/770 771/784/769
f 744/759/744 774/788/773 775/787/772
f 767/778/763 775/787/772 774/788/773
f 766/780/765 773/786/771 775/787/772
f 745/757/742 775/787/772 773/786/771
f 777/789/774 778/793/778 779/790/775
f 780/792/777 781/795/780 778/793/778
f 783/794/779 778/793/778 781/795/780
f 784/797/782 779/790/775 778/793/778
f 785/798/783 786/802/787 787/799/784
f 789/801/786 790/803/788 787/799/784
f 781/795/780 787/799/784 790/803/788
f 788/800/785 787/799/784 781/795/780
f 478/481/478 481/480/477 791/804/789
f 793/806/791 791/804/789 481/480/477
f 782/796/781 790/803/788 791/804/789
f 792/805/790 791/804/789 790/803/788
f 469/472/469 794/808/793 795/807/792
f 783/794/779 795/807/792 794/808/793
f 793/806/791 795/807/792 783/794/779
f 473/474/471 470/470/467 795/807/792
f 760/809/760 796/813/796 797/810/794
f 799/812/795 797/810/794 796/813/796
f 801/815/798 797/810/794 799/812/795
f 761/811/758 797/810/794 801/815/798
f 802/818/800 803/822/804 804/819/801
f 807/821/803 804/819/801 803/822/804
f 800/816/799 799/812/795 804/819/801
f 798/814/797 805/820/802 804/819/801
f 456/456/453 808/825/807 809/824/806
f 448/448/445 810/826/808 808/825/807
f 807/821/803 808/825/807 810/826/808
f 806/823/805 809/824/806 808/825/807
f 444/447/444 770/828/767 811/827/809
f 801/815/798 811/827/809 770/828/767
f 800/816/799 810/826/808 811/827/809
f 445/445/442 811/827/809 810/826/808
f 812/829/810 813/831/812 803/822/804
f 814/830/811 815/833/814 813/831/812
f 817/832/813 813/831/812 815/833/814
f 806/823/805 803/822/804 813/831/812
f 818/835/816 819/839/820 820/836/817
f 823/838/819 820/836/817 819/839/820
f 816/834/815 815/833/814 820/836/817
f 821/837/818 820/836/817 815/833/814
f 521/522/519 824/842/823 825/841/822
f 516/516/513 826/843/824 824/842/823
f 823/838/819 824/842/823 826/843/824
f 822/840/821 825/841/822 824/842/823
f 453/454/451 809/824/806 827/844/825
f 817/832/813 827/844/825 809/824/806
f 816/834/815 826/843/824 827/844/825
f 514/515/512 827/844/825 826/843/824
f 828/845/826 829/847/828 819/839/820
f 830/846/827 831/849/830 829/847/828
f 833/848/829 829/847/828 831/849/830
f 822/840/821 819/839/820 829/847/828
f 776/791/776 779/790/775 834/851/832
f 836/853/834 834/851/832 779/790/775
f 832/850/831 831/849/830 834/851/832
f 835/852/833 834/851/832 831/849/830
f 504/505/502 837/854/835 794/808/793
f 498/498/495 838/855/836 837/854/835
f 836/853/834 837/854/835 838/855/836
f 784/797/782 794/808/793 837/854/835
f 494/497/494 825/841/822 839/856/837
f 833/848/829 839/856/837 825/841/822
f 832/850/831 838/855/836 839/856/837
f 495/495/492 839/856/837 838/855/836
f 478/481/478 840/859/840 841/857/838
f 843/858/839 841/857/838 840/859/840
f 844/861/842 845/862/843 841/857/838
f 479/479/476 841/857/838 845/862/843
f 847/863/844 848/867/848 849/864/845
f 850/866/847 851/868/849 848/867/848
f 843/858/839 848/867/848 851/868/849
f 842/860/841 849/864/845 848/867/848
f 664/679/664 667/678/663 852/869/850
f 854/871/852 852/869/850 667/678/663
f 844/861/842 851/868/849 852/869/850
f 853/870/851 852/869/850 851/868/849
f 487/487/484 855/872/853 678/692/677
f 482/482/479 845/862/843 855/872/853
f 854/871/852 855/872/853 845/862/843
f 672/685/670 678/692/677 855/872/853
f 785/798/783 856/875/856 857/873/854
f 859/874/855 857/873/854 856/875/856
f 860/877/858 861/878/859 857/873/854
f 786/802/787 857/873/854 861/878/859
f 863/879/860 864/883/864 865/880/861
f 866/882/863 867/884/865 864/883/864
f 859/874/855 864/883/864 867/884/865
f 858/876/857 865/880/861 864/883/864
f 846/865/846 849/864/845 868/885/866
f 870/887/868 868/885/866 849/864/845
f 860/877/858 867/884/865 868/885/866
f 869/886/867 868/885/866 867/884/865
f 792/805/790 871/888/869 840/859/840
f 789/801/786 861/878/859 871/888/869
f 870/887/868 871/888/869 861/878/859
f 842/860/841 840/859/840 871/888/869
f 873/889/870 874/893/874 875/890/871
f 876/892/873 877/895/876 874/893/874
f 879/894/875 874/893/874 877/895/876
f 880/897/878 875/890/871 874/893/874
f 706/719/704 727/739/724 881/898/879
f 883/900/881 881/898/879 727/739/724
f 878/896/877 877/895/876 881/898/879
f 882/899/880 881/898/879 877/895/876
f 853/870/851 884/901/882 722/737/722
f 850/866/847 885/902/883 884/901/882
f 883/900/881 884/901/882 885/902/883
f 724/738/723 722/737/722 884/901/882
f 846/865/846 886/904/885 887/903/884
f 879/894/875 887/903/884 886/904/885
f 878/896/877 885/902/883 887/903/884
f 847/863/844 887/903/884 885/902/883
f 889/905/886 890/909/890 891/906/887
f 892/908/889 893/911/892 890/909/890
f 895/910/891 890/909/890 893/911/892
f 896/913/894 891/906/887 890/909/890
f 872/891/872 875/890/871 897/914/895
f 899/916/897 897/914/895 875/890/871
f 894/912/893 893/911/892 897/914/895
f 898/915/896 897/914/895 893/911/892
f 869/886/867 900/917/898 886/904/885
f 866/882/863 901/918/899 900/917/898
f 899/916/897 900/917/898 901/918/899
f 880/897/878 886/904/885 900/917/898
f 862/881/862 902/920/901 903/919/900
f 895/910/891 903/919/900 902/920/901
f 894/912/893 901/918/899 903/919/900
f 863/879/860 903/919/900 901/918/899
f 891/906/887 904/924/905 905/921/902
f 906/922/903 904/924/905 891/906/887
f 907/923/904 908/926/907 904/924/905
f 909/925/906 905/921/902 904/924/905
f 910/927/908 911/929/910 902/920/901
f 912/928/909 913/930/911 911/929/910
f 906/922/903 911/929/910 913/930/911
f 896/913/894 902/920/901 911/929/910
f 914/931/912 915/934/915 916/932/913
f 908/926/907 916/932/913 915/934/915
f 907/923/904 913/930/911 916/932/913
f 917/933/914 916/932/913 913/930/911
f 785/798/783 918/937/918 919/935/916
f 921/936/917 919/935/916 918/937/918
f 923/939/920 919/935/916 921/936/917
f 858/876/857 856/875/856 919/935/916
f 924/941/922 925/945/926 926/942/923
f 929/944/925 926/942/923 925/945/926
f 922/940/921 921/936/917 926/942/923
f 920/938/919 927/943/924 926/942/923
f 917/933/914 930/948/929 931/947/928
f 912/928/909 932/949/930 930/948/929
f 929/944/925 930/948/929 932/949/930
f 928/946/927 931/947/928 930/948/929
f 862/881/862 865/880/861 933/950/931
f 923/939/920 933/950/931 865/880/861
f 922/940/921 932/949/930 933/950/931
f 910/927/908 933/950/931 932/949/930
f 776/791/776 934/953/934 935/951/932
f 937/952/933 935/951/932 934/953/934
f 938/955/936 939/956/937 935/951/932
f 777/789/774 935/951/932 939/956/937
f 941/957/938 942/961/942 943/958/939
f 944/960/941 945/962/943 942/961/942
f 937/952/933 942/961/942 945/962/943
f 936/954/935 943/958/939 942/961/942
f 924/941/922 927/943/924 946/963/944
f 948/965/946 946/963/944 927/943/924
f 938/955/936 945/962/943 946/963/944
f 947/964/945 946/963/944 945/962/943
f 788/800/785 949/966/947 918/937/918
f 780/792/777 939/956/937 949/966/947
f 948/965/946 949/966/947 939/956/937
f 920/938/919 918/937/918 949/966/947
f 835/852/833 950/967/948 934/953/934
f 830/846/827 951/969/950 950/967/948
f 953/968/949 950/967/948 951/969/950
f 936/954/935 934/953/934 950/967/948
f 818/835/816 954/973/954 955/971/952
f 957/972/953 955/971/952 954/973/954
f 952/970/951 951/969/950 955/971/952
f 828/845/826 955/971/952 951/969/950
f 959/975/956 960/979/960 961/976/957
f 962/978/959 963/980/961 960/979/960
f 957/972/953 960/979/960 963/980/961
f 956/974/955 961/976/957 960/979/960
f 940/959/940 943/958/939 964/981/962
f 953/968/949 964/981/962 943/958/939
f 952/970/951 963/980/961 964/981/962
f 965/982/963 964/981/962 963/980/961
f 821/837/818 966/983/964 954/973/954
f 814/830/811 967/985/966 966/983/964
f 969/984/965 966/983/964 967/985/966
f 956/974/955 954/973/954 966/983/964
f 802/818/800 805/820/802 970/987/968
f 971/988/969 970/987/968 805/820/802
f 968/986/967 967/985/966 970/987/968
f 812/829/810 970/987/968 967/985/966
f 972/989/970 973/991/972 796/813/796
f 974/990/971 975/992/973 973/991/972
f 971/988/969 973/991/972 975/992/973
f 798/814/797 796/813/796 973/991/972
f 958/977/958 961/976/957 976/993/974
f 969/984/965 976/993/974 961/976/957
f 968/986/967 975/992/973 976/993/974
f 977/994/975 976/993/974 975/992/973
f 979/995/976 980/999/980 981/996/977
f 982/998/979 983/1001/982 980/999/980
f 984/1000/981 985/1002/983 980/999/980
f 981/996/977 980/999/980 985/1002/983
f 914/931/912 931/947/928 987/1004/985
f 928/946/927 989/1006/987 987/1004/985
f 983/1001/982 987/1004/985 989/1006/987
f 988/1005/986 987/1004/985 983/1001/982
f 924/941/922 947/964/945 990/1007/988
f 944/960/941 991/1008/989 990/1007/988
f 984/1000/981 989/1006/987 990/1007/988
f 925/945/926 990/1007/988 989/1006/987
f 992/1009/990 993/1010/991 941/957/938
f 986/1003/984 985/1002/983 993/1010/991
f 991/1008/989 993/1010/991 985/1002/983
f 941/957/938 993/1010/991 991/1008/989
f 995/1011/992 996/1015/996 997/1012/993
f 998/1014/995 999/1017/998 996/1015/996
f 1001/1016/997 996/1015/996 999/1017/998
f 1002/1019/1000 997/1012/993 996/1015/996
f 888/907/888 905/921/902 1003/1020/1001
f 1005/1022/1003 1003/1020/1001 905/921/902
f 1000/1018/999 999/1017/998 1003/1020/1001
f 1004/1021/1002 1003/1020/1001 999/1017/998
f 988/1005/986 1006/1023/1004 915/934/915
f 982/998/979 1007/1024/1005 1006/1023/1004
f 1005/1022/1003 1006/1023/1004 1007/1024/1005
f 909/925/906 915/934/915 1006/1023/1004
f 978/997/978 1008/1026/1007 1009/1025/1006
f 1001/1016/997 1009/1025/1006 1008/1026/1007
f 1000/1018/999 1007/1024/1005 1009/1025/1006
f 979/995/976 1009/1025/1006 1007/1024/1005
f 1011/1027/1008 1012/1031/1012 1013/1028/1009
f 1014/1030/1011 1015/1033/1014 1012/1031/1012
f 1017/1032/1013 1012/1031/1012 1015/1033/1014
f 1018/1035/1016 1013/1028/1009 1012/1031/1012
f 898/915/896 1019/1038/1019 1020/1036/1017
f 1021/1037/1018 1019/1038/1019 898/915/896
f 1016/1034/1015 1015/1033/1014 1019/1038/1019
f 1020/1036/1017 1019/1038/1019 1015/1033/1014
f 1004/1021/1002 1022/1039/1020 889/905/886
f 998/1014/995 1023/1040/1021 1022/1039/1020
f 1021/1037/1018 1022/1039/1020 1023/1040/1021
f 892/908/889 889/905/886 1022/1039/1020
f 994/1013/994 1024/1042/1023 1025/1041/1022
f 1017/1032/1013 1025/1041/1022 1024/1042/1023
f 1016/1034/1015 1023/1040/1021 1025/1041/1022
f 995/1011/992 1025/1041/1022 1023/1040/1021
f 713/726/711 1026/1044/1025 1027/1043/1024
f 710/724/709 1028/1046/1027 1026/1044/1025
f 1030/1045/1026 1026/1044/1025 1028/1046/1027
f 1031/1048/1029 1027/1043/1024 1026/1044/1025
f 882/899/880 1032/1049/1030 707/723/708
f 876/892/873 1033/1050/1031 1032/1049/1030
f 1029/1047/1028 1028/1046/1027 1032/1049/1030
f 710/724/709 707/723/708 1032/1049/1030
f 872/891/872 1020/1036/1017 1034/1051/1032
f 1014/1030/1011 1035/1052/1033 1034/1051/1032
f 1033/1050/1031 1034/1051/1032 1035/1052/1033
f 873/889/870 1034/1051/1032 1033/1050/1031
f 1010/1029/1010 1036/1054/1035 1037/1053/1034
f 1030/1045/1026 1037/1053/1034 1036/1054/1035
f 1029/1047/1028 1035/1052/1033 1037/1053/1034
f 1011/1027/1008 1037/1053/1034 1035/1052/1033
f 680/695/680 1027/1043/1024 1038/1055/1036
f 1039/1056/1037 1038/1055/1036 1027/1043/1024
f 1040/1057/1038 1041/1058/1039 1038/1055/1036
f 681/693/678 1038/1055/1036 1041/1058/1039
f 1042/1059/1040 1043/1061/1042 1036/1054/1035
f 1044/1060/1041 1045/1062/1043 1043/1061/1042
f 1039/1056/1037 1043/1061/1042 1045/1062/1043
f 1031/1048/1029 1036/1054/1035 1043/1061/1042
f 1046/1063/1044 1047/1067/1048 1048/1064/1045
f 1051/1066/1047 1048/1064/1045 1047/1067/1048
f 1040/1057/1038 1045/1062/1043 1048/1064/1045
f 1049/1065/1046 1048/1064/1045 1045/1062/1043
f 692/703/688 1052/1070/1051 1053/1069/1050
f 684/696/681 1041/1058/1039 1052/1070/1051
f 1051/1066/1047 1052/1070/1051 1041/1058/1039
f 1050/1068/1049 1053/1069/1050 1052/1070/1051
f 1010/1029/1010 1013/1028/1009 1054/1071/1052
f 1055/1072/1053 1054/1071/1052 1013/1028/1009
f 1056/1073/1054 1057/1074/1055 1054/1071/1052
f 1042/1059/1040 1054/1071/1052 1057/1074/1055
f 1058/1075/1056 1059/1077/1058 1024/1042/1023
f 1060/1076/1057 1061/1078/1059 1059/1077/1058
f 1055/1072/1053 1059/1077/1058 1061/1078/1059
f 1018/1035/1016 1024/1042/1023 1059/1077/1058
f 1062/1079/1060 1063/1083/1064 1064/1080/1061
f 1067/1082/1063 1064/1080/1061 1063/1083/1064
f 1056/1073/1054 1061/1078/1059 1064/1080/1061
f 1065/1081/1062 1064/1080/1061 1061/1078/1059
f 1049/1065/1046 1068/1086/1067 1069/1085/1066
f 1044/1060/1041 1057/1074/1055 1068/1086/1067
f 1067/1082/1063 1068/1086/1067 1057/1074/1055
f 1066/1084/1065 1069/1085/1066 1068/1086/1067
f 1070/1087/1068 1071/1091/1072 1072/1088/1069
f 1075/1090/1071 1072/1088/1069 1071/1091/1072
f 1076/1093/1074 1077/1094/1075 1072/1088/1069
f 1073/1089/1070 1072/1088/1069 1077/1094/1075
f 1080/1096/1077 1081/1100/1081 1082/1097/1078
f 1083/1099/1080 1084/1101/1082 1081/1100/1081
f 1075/1090/1071 1081/1100/1081 1084/1101/1082
f 1074/1092/1073 1082/1097/1078 1081/1100/1081
f 747/758/743 1085/1104/1085 1086/1102/1083
f 1087/1103/1084 1085/1104/1085 747/758/743
f 1084/1101/1082 1085/1104/1085 1087/1103/1084
f 1083/1099/1080 1086/1102/1083 1085/1104/1085
f 1088/1105/1086 1089/1106/1087 758/772/757
f 1078/1095/1076 1077/1094/1075 1089/1106/1087
f 1087/1103/1084 1089/1106/1087 1077/1094/1075
f 752/765/750 758/772/757 1089/1106/1087
f 1090/1107/1088 1091/1111/1092 1092/1108/1089
f 1095/1110/1091 1092/1108/1089 1091/1111/1092
f 1096/1113/1094 1097/1114/1095 1092/1108/1089
f 1093/1109/1090 1092/1108/1089 1097/1114/1095
f 1073/1089/1070 1099/1117/1098 1100/1116/1097
f 1078/1095/1076 1101/1118/1099 1099/1117/1098
f 1095/1110/1091 1099/1117/1098 1101/1118/1099
f 1094/1112/1093 1100/1116/1097 1099/1117/1098
f 728/743/728 731/742/727 1102/1119/1100
f 1103/1120/1101 1102/1119/1100 731/742/727
f 1096/1113/1094 1101/1118/1099 1102/1119/1100
f 1088/1105/1086 1102/1119/1100 1101/1118/1099
f 1104/1121/1102 1105/1122/1103 742/755/740
f 1098/1115/1096 1097/1114/1095 1105/1122/1103
f 1103/1120/1101 1105/1122/1103 1097/1114/1095
f 736/749/734 742/755/740 1105/1122/1103
f 958/977/958 1106/1125/1106 1107/1123/1104
f 1109/1124/1105 1107/1123/1104 1106/1125/1106
f 1110/1127/1108 1111/1128/1109 1107/1123/1104
f 959/975/956 1107/1123/1104 1111/1128/1109
f 1113/1129/1110 1114/1133/1114 1115/1130/1111
f 1116/1132/1113 1117/1134/1115 1114/1133/1114
f 1109/1124/1105 1114/1133/1114 1117/1134/1115
f 1108/1126/1107 1115/1130/1111 1114/1133/1114
f 1118/1135/1116 1119/1139/1120 1120/1136/1117
f 1123/1138/1119 1120/1136/1117 1119/1139/1120
f 1110/1127/1108 1117/1134/1115 1120/1136/1117
f 1121/1137/1118 1120/1136/1117 1117/1134/1115
f 965/982/963 1124/1142/1123 1125/1141/1122
f 962/978/959 1111/1128/1109 1124/1142/1123
f 1123/1138/1119 1124/1142/1123 1111/1128/1109
f 1122/1140/1121 1125/1141/1122 1124/1142/1123
f 760/775/760 763/774/759 1126/1143/1124
f 1127/1145/1125 1126/1143/1124 763/774/759
f 1128/1146/1126 1129/1147/1127 1126/1143/1124
f 972/1144/970 1126/1143/1124 1129/1147/1127
f 1130/1149/1128 1131/1151/1130 774/788/773
f 1132/1150/1129 1133/1152/1131 1131/1151/1130
f 1127/1145/1125 1131/1151/1130 1133/1152/1131
f 768/781/766 774/788/773 1131/1151/1130
f 1112/1153/1112 1115/1157/1111 1134/1154/1132
f 1136/1156/1134 1134/1154/1132 1115/1157/1111
f 1128/1146/1126 1133/1152/1131 1134/1154/1132
f 1135/1155/1133 1134/1154/1132 1133/1152/1131
f 977/1159/975 1137/1162/1135 1106/1160/1106
f 974/1148/971 1129/1147/1127 1137/1162/1135
f 1136/1156/1134 1137/1162/1135 1129/1147/1127
f 1108/1158/1107 1106/1160/1106 1137/1162/1135
f 1086/1102/1083 1138/1163/1136 1130/1149/1128
f 1083/1099/1080 1139/1165/1138 1138/1163/1136
f 1141/1164/1137 1138/1163/1136 1139/1165/1138
f 1130/1149/1128 1138/1163/1136 1141/1164/1137
f 1079/1098/1079 1142/1169/1142 1143/1167/1140
f 1145/1168/1141 1143/1167/1140 1142/1169/1142
f 1140/1166/1139 1139/1165/1138 1143/1167/1140
f 1080/1096/1077 1143/1167/1140 1139/1165/1138
f 1147/1171/1144 1148/1175/1148 1149/1172/1145
f 1150/1174/1147 1151/1176/1149 1148/1175/1148
f 1145/1168/1141 1148/1175/1148 1151/1176/1149
f 1144/1170/1143 1149/1172/1145 1148/1175/1148
f 1135/1155/1133 1152/1178/1151 1153/1177/1150
f 1132/1150/1129 1141/1164/1137 1152/1178/1151
f 1140/1166/1139 1151/1176/1149 1152/1178/1151
f 1150/1174/1147 1153/1177/1150 1152/1178/1151
f 1112/1131/1112 1153/1181/1150 1154/1179/1152
f 1155/1180/1153 1154/1179/1152 1153/1181/1150
f 1156/1183/1154 1157/1184/1155 1154/1179/1152
f 1113/1129/1110 1154/1179/1152 1157/1184/1155
f 1158/1185/1156 1159/1189/1158 1147/1186/1144
f 1160/1188/1157 1161/1190/1159 1159/1189/1158
f 1155/1180/1153 1159/1189/1158 1161/1190/1159
f 1150/1182/1147 1147/1186/1144 1159/1189/1158
f 1162/1191/1160 1163/1195/1164 1164/1192/1161
f 1167/1194/1163 1164/1192/1161 1163/1195/1164
f 1156/1183/1154 1161/1190/1159 1164/1192/1161
f 1165/1193/1162 1164/1192/1161 1161/1190/1159
f 1121/1137/1118 1168/1198/1167 1169/1197/1166
f 1116/1132/1113 1157/1184/1155 1168/1198/1167
f 1167/1194/1163 1168/1198/1167 1157/1184/1155
f 1166/1196/1165 1169/1197/1166 1168/1198/1167
f 1118/1135/1116 1169/1197/1166 1170/1199/1168
f 1172/1201/1170 1170/1199/1168 1169/1197/1166
f 1173/1202/1171 1174/1203/1172 1170/1199/1168
f 1171/1200/1169 1170/1199/1168 1174/1203/1172
f 1176/1205/1174 1177/1207/1176 1163/1195/1164
f 1178/1206/1175 1179/1208/1177 1177/1207/1176
f 1172/1201/1170 1177/1207/1176 1179/1208/1177
f 1166/1196/1165 1163/1195/1164 1177/1207/1176
f 1181/1209/1178 1182/1213/1182 1183/1210/1179
f 1184/1212/1181 1185/1214/1183 1182/1213/1182
f 1179/1208/1177 1182/1213/1182 1185/1214/1183
f 1178/1206/1175 1183/1210/1179 1182/1213/1182
f 1186/1215/1184 1187/1218/1187 1188/1216/1185
f 1174/1203/1172 1188/1216/1185 1187/1218/1187
f 1173/1202/1171 1185/1214/1183 1188/1216/1185
f 1189/1217/1186 1188/1216/1185 1185/1214/1183
f 1171/1200/1169 1190/1219/1188 1119/1139/1120
f 1175/1204/1173 1191/1221/1190 1190/1219/1188
f 1193/1220/1189 1190/1219/1188 1191/1221/1190
f 1122/1140/1121 1119/1139/1120 1190/1219/1188
f 1194/1223/1192 1195/1225/1194 1187/1218/1187
f 1196/1224/1193 1197/1226/1195 1195/1225/1194
f 1192/1222/1191 1191/1221/1190 1195/1225/1194
f 1187/1218/1187 1195/1225/1194 1191/1221/1190
f 978/997/978 981/996/977 1198/1227/1196
f 986/1003/984 1200/1229/1198 1198/1227/1196
f 1197/1226/1195 1198/1227/1196 1200/1229/1198
f 1199/1228/1197 1198/1227/1196 1197/1226/1195
f 940/959/940 1125/1141/1122 1201/1230/1199
f 1193/1220/1189 1201/1230/1199 1125/1141/1122
f 1192/1222/1191 1200/1229/1198 1201/1230/1199
f 992/1009/990 1201/1230/1199 1200/1229/1198
f 1180/1211/1180 1202/1233/1202 1203/1231/1200
f 1205/1232/1201 1203/1231/1200 1202/1233/1202
f 1206/1235/1204 1207/1236/1205 1203/1231/1200
f 1181/1209/1178 1203/1231/1200 1207/1236/1205
f 1209/1237/1206 1210/1241/1210 1211/1238/1207
f 1212/1240/1209 1213/1242/1211 1210/1241/1210
f 1205/1232/1201 1210/1241/1210 1213/1242/1211
f 1204/1234/1203 1211/1238/1207 1210/1241/1210
f 1062/1079/1060 1214/1246/1215 1215/1243/1212
f 1218/1245/1214 1215/1243/1212 1214/1246/1215
f 1206/1235/1204 1213/1242/1211 1215/1243/1212
f 1216/1244/1213 1215/1243/1212 1213/1242/1211
f 1189/1217/1186 1219/1249/1218 1220/1248/1217
f 1184/1212/1181 1207/1236/1205 1219/1249/1218
f 1218/1245/1214 1219/1249/1218 1207/1236/1205
f 1217/1247/1216 1220/1248/1217 1219/1249/1218
f 1186/1215/1184 1220/1248/1217 1221/1250/1219
f 1222/1251/1220 1221/1250/1219 1220/1248/1217
f 1223/1252/1221 1224/1253/1222 1221/1250/1219
f 1194/1223/1192 1221/1250/1219 1224/1253/1222
f 1065/1081/1062 1225/1254/1223 1214/1246/1215
f 1060/1076/1057 1226/1255/1224 1225/1254/1223
f 1222/1251/1220 1225/1254/1223 1226/1255/1224
f 1217/1247/1216 1214/1246/1215 1225/1254/1223
f 994/1013/994 997/1012/993 1227/1256/1225
f 1228/1257/1226 1227/1256/1225 997/1012/993
f 1223/1252/1221 1226/1255/1224 1227/1256/1225
f 1058/1075/1056 1227/1256/1225 1226/1255/1224
f 1199/1228/1197 1229/1258/1227 1008/1026/1007
f 1196/1224/1193 1224/1253/1222 1229/1258/1227
f 1228/1257/1226 1229/1258/1227 1224/1253/1222
f 1002/1019/1000 1008/1026/1007 1229/1258/1227
f 1090/1107/1088 1093/1109/1090 1230/1259/1228
f 1232/1261/1230 1230/1259/1228 1093/1109/1090
f 1233/1262/1231 1234/1263/1232 1230/1259/1228
f 1231/1260/1229 1230/1259/1228 1234/1263/1232
f 689/704/689 1053/1069/1050 1236/1265/1234
f 1237/1266/1235 1236/1265/1234 1053/1069/1050
f 1232/1261/1230 1236/1265/1234 1237/1266/1235
f 1098/1115/1096 1104/1121/1102 1236/1265/1234
f 1238/1267/1236 1239/1269/1238 1047/1067/1048
f 1240/1268/1237 1241/1270/1239 1239/1269/1238
f 1233/1262/1231 1237/1266/1235 1239/1269/1238
f 1050/1068/1049 1047/1067/1048 1239/1269/1238
f 1243/1271/1240 1244/1274/1243 1245/1272/1241
f 1235/1264/1233 1234/1263/1232 1244/1274/1243
f 1241/1270/1239 1244/1274/1243 1234/1263/1232
f 1240/1268/1237 1245/1272/1241 1244/1274/1243
f 1046/1063/1044 1069/1085/1066 1246/1275/1244
f 1247/1276/1245 1246/1275/1244 1069/1085/1066
f 1248/1277/1246 1249/1278/1247 1246/1275/1244
f 1238/1267/1236 1246/1275/1244 1249/1278/1247
f 1216/1244/1213 1250/1279/1248 1063/1083/1064
f 1212/1240/1209 1251/1280/1249 1250/1279/1248
f 1247/1276/1245 1250/1279/1248 1251/1280/1249
f 1066/1084/1065 1063/1083/1064 1250/1279/1248
f 1208/1239/1208 1252/1283/1252 1253/1281/1250
f 1255/1282/1251 1253/1281/1250 1252/1283/1252
f 1248/1277/1246 1251/1280/1249 1253/1281/1250
f 1209/1237/1206 1253/1281/1250 1251/1280/1249
f 1242/1273/1242 1245/1272/1241 1256/1285/1254
f 1240/1268/1237 1249/1278/1247 1256/1285/1254
f 1255/1282/1251 1256/1285/1254 1249/1278/1247
f 1257/1286/1255 1256/1285/1254 1255/1282/1251
f 1259/1287/1256 1260/1291/1260 1261/1288/1257
f 1262/1290/1259 1263/1293/1262 1260/1291/1260
f 1265/1292/1261 1260/1291/1260 1263/1293/1262
f 1266/1295/1264 1261/1288/1257 1260/1291/1260
f 1267/1296/1265 1268/1300/1269 1269/1297/1266
f 1272/1299/1268 1269/1297/1266 1268/1300/1269
f 1264/1294/1263 1263/1293/1262 1269/1297/1266
f 1270/1298/1267 1269/1297/1266 1263/1293/1262
f 1274/1302/1271 1275/1306/1275 1276/1303/1272
f 1277/1305/1274 1278/1307/1276 1275/1306/1275
f 1272/1299/1268 1275/1306/1275 1278/1307/1276
f 1271/1301/1270 1276/1303/1272 1275/1306/1275
f 1279/1308/1277 1280/1311/1280 1281/1309/1278
f 1265/1292/1261 1281/1309/1278 1280/1311/1280
f 1264/1294/1263 1278/1307/1276 1281/1309/1278
f 1282/1310/1279 1281/1309/1278 1278/1307/1276
f 1283/1312/1281 1284/1316/1285 1285/1313/1282
f 1288/1315/1284 1285/1313/1282 1284/1316/1285
f 1289/1318/1287 1290/1319/1288 1285/1313/1282
f 1286/1314/1283 1285/1313/1282 1290/1319/1288
f 1293/1321/1290 1294/1325/1294 1295/1322/1291
f 1296/1324/1293 1297/1326/1295 1294/1325/1294
f 1288/1315/1284 1294/1325/1294 1297/1326/1295
f 1287/1317/1286 1295/1322/1291 1294/1325/1294
f 1273/1304/1273 1276/1303/1272 1298/1327/1296
f 1300/1329/1298 1298/1327/1296 1276/1303/1272
f 1289/1318/1287 1297/1326/1295 1298/1327/1296
f 1299/1328/1297 1298/1327/1296 1297/1326/1295
f 1301/1330/1299 1302/1331/1300 1268/1300/1269
f 1291/1320/1289 1290/1319/1288 1302/1331/1300
f 1300/1329/1298 1302/1331/1300 1290/1319/1288
f 1271/1301/1270 1268/1300/1269 1302/1331/1300
f 1304/1332/1301 1305/1336/1305 1306/1333/1302
f 1307/1335/1304 1308/1338/1307 1305/1336/1305
f 1310/1337/1306 1305/1336/1305 1308/1338/1307
f 1311/1340/1309 1306/1333/1302 1305/1336/1305
f 1292/1323/1292 1295/1322/1291 1312/1341/1310
f 1314/1343/1312 1312/1341/1310 1295/1322/1291
f 1309/1339/1308 1308/1338/1307 1312/1341/1310
f 1313/1342/1311 1312/1341/1310 1308/1338/1307
f 1315/1344/1313 1316/1346/1315 1284/1316/1285
f 1317/1345/1314 1318/1347/1316 1316/1346/1315
f 1314/1343/1312 1316/1346/1315 1318/1347/1316
f 1287/1317/1286 1284/1316/1285 1316/1346/1315
f 1319/1348/1317 1320/1351/1320 1321/1349/1318
f 1310/1337/1306 1321/1349/1318 1320/1351/1320
f 1309/1339/1308 1318/1347/1316 1321/1349/1318
f 1322/1350/1319 1321/1349/1318 1318/1347/1316
f 1257/1286/1255 1323/1353/1322 1324/1352/1321
f 1254/1284/1253 1325/1355/1324 1323/1353/1322
f 1327/1354/1323 1323/1353/1322 1325/1355/1324
f 1328/1357/1326 1324/1352/1321 1323/1353/1322
f 1329/1358/1327 1330/1360/1329 1252/1283/1252
f 1331/1359/1328 1332/1361/1330 1330/1360/1329
f 1326/1356/1325 1325/1355/1324 1330/1360/1329
f 1252/1283/1252 1330/1360/1329 1325/1355/1324
f 1303/1334/1303 1306/1333/1302 1333/1362/1331
f 1311/1340/1309 1335/1364/1333 1333/1362/1331
f 1332/1361/1330 1333/1362/1331 1335/1364/1333
f 1334/1363/1332 1333/1362/1331 1332/1361/1330
f 1319/1348/1317 1336/1366/1335 1337/1365/1334
f 1327/1354/1323 1337/1365/1334 1336/1366/1335
f 1326/1356/1325 1335/1364/1333 1337/1365/1334
f 1320/1351/1320 1337/1365/1334 1335/1364/1333
f 1242/1273/1242 1324/1352/1321 1338/1367/1336
f 1339/1368/1337 1338/1367/1336 1324/1352/1321
f 1340/1369/1338 1341/1370/1339 1338/1367/1336
f 1243/1271/1240 1338/1367/1336 1341/1370/1339
f 1342/1371/1340 1343/1373/1342 1336/1366/1335
f 1344/1372/1341 1345/1374/1343 1343/1373/1342
f 1339/1368/1337 1343/1373/1342 1345/1374/1343
f 1328/1357/1326 1336/1366/1335 1343/1373/1342
f 1346/1375/1344 1347/1379/1348 1348/1376/1345
f 1351/1378/1347 1348/1376/1345 1347/1379/1348
f 1340/1369/1338 1345/1374/1343 1348/1376/1345
f 1349/1377/1346 1348/1376/1345 1345/1374/1343
f 1231/1260/1229 1352/1382/1351 1353/1381/1350
f 1235/1264/1233 1341/1370/1339 1352/1382/1351
f 1351/1378/1347 1352/1382/1351 1341/1370/1339
f 1350/1380/1349 1353/1381/1350 1352/1382/1351
f 1346/1375/1344 1349/1377/1346 1354/1383/1352
f 1356/1385/1354 1354/1383/1352 1349/1377/1346
f 1357/1386/1355 1358/1387/1356 1354/1383/1352
f 1355/1384/1353 1354/1383/1352 1358/1387/1356
f 1319/1348/1317 1322/1350/1319 1360/1389/1358
f 1317/1345/1314 1361/1390/1359 1360/1389/1358
f 1356/1385/1354 1360/1389/1358 1361/1390/1359
f 1342/1371/1340 1360/1389/1358 1356/1385/1354
f 1283/1312/1281 1362/1393/1362 1363/1391/1360
f 1365/1392/1361 1363/1391/1360 1362/1393/1362
f 1357/1386/1355 1361/1390/1359 1363/1391/1360
f 1315/1344/1313 1363/1391/1360 1361/1390/1359
f 1367/1395/1364 1368/1398/1367 1369/1396/1365
f 1359/1388/1357 1358/1387/1356 1368/1398/1367
f 1365/1392/1361 1368/1398/1367 1358/1387/1356
f 1364/1394/1363 1369/1396/1365 1368/1398/1367
f 1286/1314/1283 1370/1399/1368 1362/1393/1362
f 1291/1320/1289 1371/1401/1370 1370/1399/1368
f 1373/1400/1369 1370/1399/1368 1371/1401/1370
f 1364/1394/1363 1362/1393/1362 1370/1399/1368
f 1267/1296/1265 1374/1405/1374 1375/1403/1372
f 1377/1404/1373 1375/1403/1372 1374/1405/1374
f 1372/1402/1371 1371/1401/1370 1375/1403/1372
f 1301/1330/1299 1375/1403/1372 1371/1401/1370
f 1379/1407/1376 1380/1411/1380 1381/1408/1377
f 1382/1410/1379 1383/1412/1381 1380/1411/1380
f 1377/1404/1373 1380/1411/1380 1383/1412/1381
f 1376/1406/1375 1381/1408/1377 1380/1411/1380
f 1366/1397/1366 1369/1396/1365 1384/1413/1382
f 1373/1400/1369 1384/1413/1382 1369/1396/1365
f 1372/1402/1371 1383/1412/1381 1384/1413/1382
f 1385/1414/1383 1384/1413/1382 1383/1412/1381
f 1270/1298/1267 1386/1415/1384 1374/1405/1374
f 1262/1290/1259 1387/1417/1386 1386/1415/1384
f 1389/1416/1385 1386/1415/1384 1387/1417/1386
f 1376/1406/1375 1374/1405/1374 1386/1415/1384
f 1258/1289/1258 1390/1421/1390 1391/1419/1388
f 1393/1420/1389 1391/1419/1388 1390/1421/1390
f 1388/1418/1387 1387/1417/1386 1391/1419/1388
f 1259/1287/1256 1391/1419/1388 1387/1417/1386
f 1395/1423/1392 1396/1427/1396 1397/1424/1393
f 1398/1426/1395 1399/1428/1397 1396/1427/1396
f 1393/1420/1389 1396/1427/1396 1399/1428/1397
f 1392/1422/1391 1397/1424/1393 1396/1427/1396
f 1378/1409/1378 1381/1408/1377 1400/1429/1398
f 1389/1416/1385 1400/1429/1398 1381/1408/1377
f 1388/1418/1387 1399/1428/1397 1400/1429/1398
f 1401/1430/1399 1400/1429/1398 1399/1428/1397
f 1402/1431/1400 1403/1433/1402 1202/1233/1202
f 1404/1432/1401 1405/1435/1404 1403/1433/1402
f 1407/1434/1403 1403/1433/1402 1405/1435/1404
f 1204/1234/1203 1202/1233/1202 1403/1433/1402
f 1408/1437/1406 1409/1441/1410 1410/1438/1407
f 1413/1440/1409 1410/1438/1407 1409/1441/1410
f 1406/1436/1405 1405/1435/1404 1410/1438/1407
f 1411/1439/1408 1410/1438/1407 1405/1435/1404
f 1334/1363/1332 1414/1444/1413 1415/1443/1412
f 1331/1359/1328 1416/1445/1414 1414/1444/1413
f 1413/1440/1409 1414/1444/1413 1416/1445/1414
f 1412/1442/1411 1415/1443/1412 1414/1444/1413
f 1208/1239/1208 1211/1238/1207 1417/1446/1415
f 1407/1434/1403 1417/1446/1415 1211/1238/1207
f 1406/1436/1405 1416/1445/1414 1417/1446/1415
f 1329/1358/1327 1417/1446/1415 1416/1445/1414
f 1418/1447/1416 1419/1451/1420 1420/1448/1417
f 1423/1450/1419 1420/1448/1417 1419/1451/1420
f 1424/1453/1422 1425/1454/1423 1420/1448/1417
f 1421/1449/1418 1420/1448/1417 1425/1454/1423
f 1282/1310/1279 1427/1457/1426 1428/1456/1425
f 1277/1305/1274 1429/1458/1427 1427/1457/1426
f 1423/1450/1419 1427/1457/1426 1429/1458/1427
f 1422/1452/1421 1428/1456/1425 1427/1457/1426
f 1273/1304/1273 1430/1461/1430 1431/1459/1428
f 1433/1460/1429 1431/1459/1428 1430/1461/1430
f 1424/1453/1422 1429/1458/1427 1431/1459/1428
f 1274/1302/1271 1431/1459/1428 1429/1458/1427
f 1435/1463/1432 1436/1466/1435 1437/1464/1433
f 1426/1455/1424 1425/1454/1423 1436/1466/1435
f 1433/1460/1429 1436/1466/1435 1425/1454/1423
f 1432/1462/1431 1437/1464/1433 1436/1466/1435
f 1434/1465/1434 1437/1464/1433 1438/1467/1436
f 1440/1469/1438 1438/1467/1436 1437/1464/1433
f 1441/1470/1439 1442/1471/1440 1438/1467/1436
f 1439/1468/1437 1438/1467/1436 1442/1471/1440
f 1299/1328/1297 1444/1473/1442 1430/1461/1430
f 1296/1324/1293 1445/1474/1443 1444/1473/1442
f 1440/1469/1438 1444/1473/1442 1445/1474/1443
f 1432/1462/1431 1430/1461/1430 1444/1473/1442
f 1292/1323/1292 1446/1477/1446 1447/1475/1444
f 1449/1476/1445 1447/1475/1444 1446/1477/1446
f 1441/1470/1439 1445/1474/1443 1447/1475/1444
f 1293/1321/1290 1447/1475/1444 1445/1474/1443
f 1451/1479/1448 1452/1482/1451 1453/1480/1449
f 1443/1472/1441 1442/1471/1440 1452/1482/1451
f 1449/1476/1445 1452/1482/1451 1442/1471/1440
f 1448/1478/1447 1453/1480/1449 1452/1482/1451
f 1450/1481/1450 1453/1480/1449 1454/1483/1452
f 1456/1485/1454 1454/1483/1452 1453/1480/1449
f 1457/1486/1455 1458/1487/1456 1454/1483/1452
f 1455/1484/1453 1454/1483/1452 1458/1487/1456
f 1313/1342/1311 1460/1489/1458 1446/1477/1446
f 1307/1335/1304 1461/1490/1459 1460/1489/1458
f 1456/1485/1454 1460/1489/1458 1461/1490/1459
f 1448/1478/1447 1446/1477/1446 1460/1489/1458
f 1303/1334/1303 1415/1443/1412 1462/1491/1460
f 1463/1492/1461 1462/1491/1460 1415/1443/1412
f 1457/1486/1455 1461/1490/1459 1462/1491/1460
f 1304/1332/1301 1462/1491/1460 1461/1490/1459
f 1464/1493/1462 1465/1494/1463 1409/1441/1410
f 1459/1488/1457 1458/1487/1456 1465/1494/1463
f 1463/1492/1461 1465/1494/1463 1458/1487/1456
f 1412/1442/1411 1409/1441/1410 1465/1494/1463
f 1180/1211/1180 1183/1210/1179 1466/1495/1464
f 1467/1496/1465 1466/1495/1464 1183/1210/1179
f 1468/1497/1466 1469/1498/1467 1466/1495/1464
f 1402/1431/1400 1466/1495/1464 1469/1498/1467
f 1162/1191/1160 1470/1501/1470 1471/1499/1468
f 1473/1500/1469 1471/1499/1468 1470/1501/1470
f 1468/1497/1466 1467/1496/1465 1471/1499/1468
f 1176/1205/1174 1471/1499/1468 1467/1496/1465
f 1475/1503/1472 1476/1507/1476 1477/1504/1473
f 1478/1506/1475 1479/1508/1477 1476/1507/1476
f 1473/1500/1469 1476/1507/1476 1479/1508/1477
f 1472/1502/1471 1477/1504/1473 1476/1507/1476
f 1411/1439/1408 1480/1510/1479 1481/1509/1478
f 1404/1432/1401 1469/1498/1467 1480/1510/1479
f 1479/1508/1477 1480/1510/1479 1469/1498/1467
f 1478/1506/1475 1481/1509/1478 1480/1510/1479
f 1408/1437/1406 1481/1509/1478 1482/1511/1480
f 1478/1506/1475 1483/1513/1482 1482/1511/1480
f 1485/1512/1481 1482/1511/1480 1483/1513/1482
f 1464/1493/1462 1482/1511/1480 1485/1512/1481
f 1474/1505/1474 1486/1517/1486 1487/1515/1484
f 1489/1516/1485 1487/1515/1484 1486/1517/1486
f 1484/1514/1483 1483/1513/1482 1487/1515/1484
f 1475/1503/1472 1487/1515/1484 1483/1513/1482
f 1491/1519/1488 1492/1523/1492 1493/1520/1489
f 1494/1522/1491 1495/1524/1493 1492/1523/1492
f 1489/1516/1485 1492/1523/1492 1495/1524/1493
f 1488/1518/1487 1493/1520/1489 1492/1523/1492
f 1450/1481/1450 1455/1484/1453 1496/1525/1494
f 1485/1512/1481 1496/1525/1494 1455/1484/1453
f 1484/1514/1483 1495/1524/1493 1496/1525/1494
f 1497/1526/1495 1496/1525/1494 1495/1524/1493
f 1421/1449/1418 1498/1528/1497 1499/1527/1496
f 1426/1455/1424 1500/1530/1499 1498/1528/1497
f 1502/1529/1498 1498/1528/1497 1500/1530/1499
f 1503/1532/1501 1499/1527/1496 1498/1528/1497
f 1434/1465/1434 1504/1535/1504 1505/1533/1502
f 1507/1534/1503 1505/1533/1502 1504/1535/1504
f 1501/1531/1500 1500/1530/1499 1505/1533/1502
f 1435/1463/1432 1505/1533/1502 1500/1530/1499
f 1508/1537/1506 1509/1541/1510 1510/1538/1507
f 1513/1540/1509 1510/1538/1507 1509/1541/1510
f 1501/1531/1500 1507/1534/1503 1510/1538/1507
f 1511/1539/1508 1510/1538/1507 1507/1534/1503
f 1515/1543/1512 1516/1546/1515 1517/1544/1513
f 1503/1532/1501 1502/1529/1498 1516/1546/1515
f 1513/1540/1509 1516/1546/1515 1502/1529/1498
f 1512/1542/1511 1517/1544/1513 1516/1546/1515
f 1439/1468/1437 1518/1547/1516 1504/1535/1504
f 1443/1472/1441 1519/1549/1518 1518/1547/1516
f 1520/1548/1517 1521/1550/1519 1518/1547/1516
f 1504/1535/1504 1518/1547/1516 1521/1550/1519
f 1497/1526/1495 1522/1551/1520 1451/1479/1448
f 1494/1522/1491 1523/1552/1521 1522/1551/1520
f 1519/1549/1518 1522/1551/1520 1523/1552/1521
f 1451/1479/1448 1522/1551/1520 1519/1549/1518
f 1490/1521/1490 1524/1555/1524 1525/1553/1522
f 1527/1554/1523 1525/1553/1522 1524/1555/1524
f 1520/1548/1517 1523/1552/1521 1525/1553/1522
f 1491/1519/1488 1525/1553/1522 1523/1552/1521
f 1511/1539/1508 1528/1558/1527 1529/1557/1526
f 1506/1536/1505 1521/1550/1519 1528/1558/1527
f 1527/1554/1523 1528/1558/1527 1521/1550/1519
f 1526/1556/1525 1529/1557/1526 1528/1558/1527
f 1165/1193/1162 1530/1559/1528 1470/1501/1470
f 1160/1188/1157 1531/1561/1530 1530/1559/1528
f 1533/1560/1529 1530/1559/1528 1531/1561/1530
f 1472/1502/1471 1470/1501/1470 1530/1559/1528
f 1146/1187/1146 1534/1565/1534 1535/1563/1532
f 1537/1564/1533 1535/1563/1532 1534/1565/1534
f 1532/1562/1531 1531/1561/1530 1535/1563/1532
f 1158/1185/1156 1535/1563/1532 1531/1561/1530
f 1539/1567/1536 1540/1571/1540 1541/1568/1537
f 1542/1570/1539 1543/1572/1541 1540/1571/1540
f 1537/1564/1533 1540/1571/1540 1543/1572/1541
f 1536/1566/1535 1541/1568/1537 1540/1571/1540
f 1474/1505/1474 1477/1504/1473 1544/1573/1542
f 1533/1560/1529 1544/1573/1542 1477/1504/1473
f 1532/1562/1531 1543/1572/1541 1544/1573/1542
f 1545/1574/1543 1544/1573/1542 1543/1572/1541
f 1545/1574/1543 1546/1575/1544 1486/1517/1486
f 1542/1570/1539 1547/1577/1546 1546/1575/1544
f 1549/1576/1545 1546/1575/1544 1547/1577/1546
f 1488/1518/1487 1486/1517/1486 1546/1575/1544
f 1538/1569/1538 1550/1581/1550 1551/1579/1548
f 1553/1580/1549 1551/1579/1548 1550/1581/1550
f 1548/1578/1547 1547/1577/1546 1551/1579/1548
f 1539/1567/1536 1551/1579/1548 1547/1577/1546
f 1555/1583/1552 1556/1587/1556 1557/1584/1553
f 1558/1586/1555 1559/1588/1557 1556/1587/1556
f 1553/1580/1549 1556/1587/1556 1559/1588/1557
f 1552/1582/1551 1557/1584/1553 1556/1587/1556
f 1490/1521/1490 1493/1520/1489 1560/1589/1558
f 1549/1576/1545 1560/1589/1558 1493/1520/1489
f 1548/1578/1547 1559/1588/1557 1560/1589/1558
f 1561/1590/1559 1560/1589/1558 1559/1588/1557
f 1562/1591/1560 1563/1593/1562 1509/1541/1510
f 1564/1592/1561 1565/1595/1564 1563/1593/1562
f 1567/1594/1563 1563/1593/1562 1565/1595/1564
f 1512/1542/1511 1509/1541/1510 1563/1593/1562
f 1568/1597/1566 1569/1601/1570 1570/1598/1567
f 1573/1600/1569 1570/1598/1567 1569/1601/1570
f 1566/1596/1565 1565/1595/1564 1570/1598/1567
f 1571/1599/1568 1570/1598/1567 1565/1595/1564
f 1575/1603/1572 1576/1607/1576 1577/1604/1573
f 1578/1606/1575 1579/1608/1577 1576/1607/1576
f 1573/1600/1569 1576/1607/1576 1579/1608/1577
f 1572/1602/1571 1577/1604/1573 1576/1607/1576
f 1514/1545/1514 1517/1544/1513 1580/1609/1578
f 1567/1594/1563 1580/1609/1578 1517/1544/1513
f 1566/1596/1565 1579/1608/1577 1580/1609/1578
f 1581/1610/1579 1580/1609/1578 1579/1608/1577
f 1561/1590/1559 1582/1611/1580 1524/1555/1524
f 1558/1586/1555 1583/1613/1582 1582/1611/1580
f 1585/1612/1581 1582/1611/1580 1583/1613/1582
f 1526/1556/1525 1524/1555/1524 1582/1611/1580
f 1554/1585/1554 1586/1617/1586 1587/1615/1584
f 1589/1616/1585 1587/1615/1584 1586/1617/1586
f 1584/1614/1583 1583/1613/1582 1587/1615/1584
f 1555/1583/1552 1587/1615/1584 1583/1613/1582
f 1571/1599/1568 1590/1620/1589 1591/1619/1588
f 1564/1592/1561 1592/1621/1590 1590/1620/1589
f 1589/1616/1585 1590/1620/1589 1592/1621/1590
f 1588/1618/1587 1591/1619/1588 1590/1620/1589
f 1508/1537/1506 1529/1557/1526 1593/1622/1591
f 1585/1612/1581 1593/1622/1591 1529/1557/1526
f 1584/1614/1583 1592/1621/1590 1593/1622/1591
f 1562/1591/1560 1593/1622/1591 1592/1621/1590
f 1594/1623/1592 1595/1627/1594 1569/1624/1570
f 1596/1626/1593 1597/1629/1596 1595/1627/1594
f 1599/1628/1595 1595/1627/1594 1597/1629/1596
f 1572/1631/1571 1569/1624/1570 1595/1627/1594
f 1600/1632/1598 1601/1636/1602 1602/1633/1599
f 1605/1635/1601 1602/1633/1599 1601/1636/1602
f 1598/1630/1597 1597/1629/1596 1602/1633/1599
f 1603/1634/1600 1602/1633/1599 1597/1629/1596
f 1607/1638/1604 1608/1642/1608 1609/1639/1605
f 1610/1641/1607 1611/1643/1609 1608/1642/1608
f 1605/1635/1601 1608/1642/1608 1611/1643/1609
f 1604/1637/1603 1609/1639/1605 1608/1642/1608
f 1574/1644/1574 1577/1647/1573 1612/1645/1610
f 1599/1628/1595 1612/1645/1610 1577/1647/1573
f 1598/1630/1597 1611/1643/1609 1612/1645/1610
f 1613/1646/1611 1612/1645/1610 1611/1643/1609
f 1614/1648/1612 1615/1652/1614 1586/1649/1586
f 1616/1651/1613 1617/1654/1616 1615/1652/1614
f 1619/1653/1615 1615/1652/1614 1617/1654/1616
f 1588/1656/1587 1586/1649/1586 1615/1652/1614
f 1620/1657/1618 1621/1661/1622 1622/1658/1619
f 1625/1660/1621 1622/1658/1619 1621/1661/1622
f 1618/1655/1617 1617/1654/1616 1622/1658/1619
f 1623/1659/1620 1622/1658/1619 1617/1654/1616
f 1603/1634/1600 1626/1664/1625 1627/1663/1624
f 1596/1626/1593 1628/1665/1626 1626/1664/1625
f 1625/1660/1621 1626/1664/1625 1628/1665/1626
f 1624/1662/1623 1627/1663/1624 1626/1664/1625
f 1568/1625/1566 1591/1667/1588 1629/1666/1627
f 1619/1653/1615 1629/1666/1627 1591/1667/1588
f 1618/1655/1617 1628/1665/1626 1629/1666/1627
f 1594/1623/1592 1629/1666/1627 1628/1665/1626
f 1630/1668/1628 1631/1672/1632 1632/1669/1629
f 1635/1671/1631 1632/1669/1629 1631/1672/1632
f 1636/1674/1634 1637/1675/1635 1632/1669/1629
f 1633/1670/1630 1632/1669/1629 1637/1675/1635
f 1623/1659/1620 1639/1678/1638 1640/1677/1637
f 1616/1651/1613 1641/1679/1639 1639/1678/1638
f 1635/1671/1631 1639/1678/1638 1641/1679/1639
f 1634/1673/1633 1640/1677/1637 1639/1678/1638
f 1554/1650/1554 1557/1682/1553 1642/1680/1640
f 1643/1681/1641 1642/1680/1640 1557/1682/1553
f 1636/1674/1634 1641/1679/1639 1642/1680/1640
f 1614/1648/1612 1642/1680/1640 1641/1679/1639
f 1644/1684/1642 1645/1687/1643 1550/1685/1550
f 1638/1676/1636 1637/1675/1635 1645/1687/1643
f 1643/1681/1641 1645/1687/1643 1637/1675/1635
f 1552/1683/1551 1550/1685/1550 1645/1687/1643
f 1146/1173/1146 1149/1172/1145 1646/1688/1644
f 1647/1690/1645 1646/1688/1644 1149/1172/1145
f 1648/1691/1646 1649/1692/1647 1646/1688/1644
f 1534/1689/1534 1646/1688/1644 1649/1692/1647
f 1650/1694/1648 1651/1696/1650 1142/1169/1142
f 1652/1695/1649 1653/1697/1651 1651/1696/1650
f 1647/1690/1645 1651/1696/1650 1653/1697/1651
f 1144/1170/1143 1142/1169/1142 1651/1696/1650
f 1633/1670/1630 1654/1699/1653 1655/1698/1652
f 1638/1676/1636 1656/1700/1654 1654/1699/1653
f 1648/1691/1646 1653/1697/1651 1654/1699/1653
f 1655/1698/1652 1654/1699/1653 1653/1697/1651
f 1538/1686/1538 1541/1702/1537 1657/1701/1655
f 1649/1692/1647 1657/1701/1655 1541/1702/1537
f 1656/1700/1654 1657/1701/1655 1649/1692/1647
f 1644/1684/1642 1657/1701/1655 1656/1700/1654
f 1655/1698/1652 1658/1704/1657 1659/1703/1656
f 1652/1695/1649 1660/1706/1659 1658/1704/1657
f 1662/1705/1658 1658/1704/1657 1660/1706/1659
f 1663/1708/1661 1659/1703/1656 1658/1704/1657
f 1079/1098/1079 1082/1097/1078 1664/1709/1662
f 1665/1710/1663 1664/1709/1662 1082/1097/1078
f 1661/1707/1660 1660/1706/1659 1664/1709/1662
f 1650/1694/1648 1664/1709/1662 1660/1706/1659
f 1666/1711/1664 1667/1713/1666 1071/1091/1072
f 1668/1712/1665 1669/1714/1667 1667/1713/1666
f 1665/1710/1663 1667/1713/1666 1669/1714/1667
f 1074/1092/1073 1071/1091/1072 1667/1713/1666
f 1670/1715/1668 1671/1718/1671 1672/1716/1669
f 1662/1705/1658 1672/1716/1669 1671/1718/1671
f 1661/1707/1660 1669/1714/1667 1672/1716/1669
f 1673/1717/1670 1672/1716/1669 1669/1714/1667
f 1674/1719/1672 1675/1723/1676 1676/1720/1673
f 1678/1722/1675 1679/1725/1678 1676/1720/1673
f 1681/1724/1677 1676/1720/1673 1679/1725/1678
f 1677/1721/1674 1676/1720/1673 1681/1724/1677
f 1620/1657/1618 1640/1677/1637 1683/1728/1681
f 1685/1730/1683 1683/1728/1681 1640/1677/1637
f 1680/1726/1679 1679/1725/1678 1683/1728/1681
f 1684/1729/1682 1683/1728/1681 1679/1725/1678
f 1659/1703/1656 1686/1731/1684 1631/1672/1632
f 1663/1708/1661 1687/1732/1685 1686/1731/1684
f 1685/1730/1683 1686/1731/1684 1687/1732/1685
f 1634/1673/1633 1631/1672/1632 1686/1731/1684
f 1688/1733/1686 1689/1734/1687 1671/1718/1671
f 1682/1727/1680 1681/1724/1677 1689/1734/1687
f 1687/1732/1685 1689/1734/1687 1681/1724/1677
f 1663/1708/1661 1671/1718/1671 1689/1734/1687
f 1600/1632/1598 1627/1663/1624 1690/1735/1688
f 1692/1737/1690 1690/1735/1688 1627/1663/1624
f 1693/1738/1691 1694/1739/1692 1690/1735/1688
f 1691/1736/1689 1690/1735/1688 1694/1739/1692
f 1684/1729/1682 1696/1741/1694 1621/1661/1622
f 1678/1722/1675 1697/1742/1695 1696/1741/1694
f 1692/1737/1690 1696/1741/1694 1697/1742/1695
f 1624/1662/1623 1621/1661/1622 1696/1741/1694
f 1674/1719/1672 1698/1745/1698 1699/1743/1696
f 1701/1744/1697 1699/1743/1696 1698/1745/1698
f 1693/1738/1691 1697/1742/1695 1699/1743/1696
f 1675/1723/1676 1699/1743/1696 1697/1742/1695
f 1703/1747/1700 1704/1750/1703 1705/1748/1701
f 1695/1740/1693 1694/1739/1692 1704/1750/1703
f 1701/1744/1697 1704/1750/1703 1694/1739/1692
f 1700/1746/1699 1705/1748/1701 1704/1750/1703
f 1691/1736/1689 1706/1751/1704 1601/1636/1602
f 1695/1740/1693 1707/1753/1706 1706/1751/1704
f 1709/1752/1705 1706/1751/1704 1707/1753/1706
f 1604/1637/1603 1601/1636/1602 1706/1751/1704
f 1702/1749/1702 1710/1757/1710 1711/1755/1708
f 1712/1756/1709 1713/1758/1711 1711/1755/1708
f 1708/1754/1707 1707/1753/1706 1711/1755/1708
f 1703/1747/1700 1711/1755/1708 1707/1753/1706
f 1714/1759/1712 1715/1763/1716 1716/1760/1713
f 1719/1762/1715 1716/1760/1713 1715/1763/1716
f 1708/1754/1707 1713/1758/1711 1716/1760/1713
f 1717/1761/1714 1716/1760/1713 1713/1758/1711
f 1606/1640/1606 1609/1639/1605 1720/1765/1718
f 1709/1752/1705 1720/1765/1718 1609/1639/1605
f 1719/1762/1715 1720/1765/1718 1709/1752/1705
f 1718/1764/1717 1721/1766/1719 1720/1765/1718
f 1702/1749/1702 1722/1769/1722 1723/1767/1720
f 1725/1768/1721 1723/1767/1720 1722/1769/1722
f 1726/1771/1724 1727/1772/1725 1723/1767/1720
f 1710/1757/1710 1723/1767/1720 1727/1772/1725
f 1401/1430/1399 1728/1774/1727 1729/1773/1726
f 1398/1426/1395 1730/1775/1728 1728/1774/1727
f 1725/1768/1721 1728/1774/1727 1730/1775/1728
f 1724/1770/1723 1729/1773/1726 1728/1774/1727
f 1394/1425/1394 1731/1778/1731 1732/1776/1729
f 1733/1777/1730 1734/1779/1732 1732/1776/1729
f 1726/1771/1724 1730/1775/1728 1732/1776/1729
f 1395/1423/1392 1732/1776/1729 1730/1775/1728
f 1717/1761/1714 1735/1781/1734 1736/1780/1733
f 1712/1756/1709 1727/1772/1725 1735/1781/1734
f 1734/1779/1732 1735/1781/1734 1727/1772/1725
f 1733/1777/1730 1736/1780/1733 1735/1781/1734
f 1378/1409/1378 1729/1773/1726 1737/1782/1735
f 1738/1783/1736 1737/1782/1735 1729/1773/1726
f 1739/1784/1737 1740/1785/1738 1737/1782/1735
f 1379/1407/1376 1737/1782/1735 1740/1785/1738
f 1705/1748/1701 1741/1786/1739 1722/1769/1722
f 1700/1746/1699 1742/1787/1740 1741/1786/1739
f 1738/1783/1736 1741/1786/1739 1742/1787/1740
f 1724/1770/1723 1722/1769/1722 1741/1786/1739
f 1674/1719/1672 1743/1790/1743 1744/1788/1741
f 1746/1789/1742 1744/1788/1741 1743/1790/1743
f 1739/1784/1737 1742/1787/1740 1744/1788/1741
f 1698/1745/1698 1744/1788/1741 1742/1787/1740
f 1385/1414/1383 1747/1793/1746 1748/1792/1745
f 1382/1410/1379 1740/1785/1738 1747/1793/1746
f 1746/1789/1742 1747/1793/1746 1740/1785/1738
f 1745/1791/1744 1748/1792/1745 1747/1793/1746
f 1346/1375/1344 1749/1796/1749 1750/1794/1747
f 1752/1795/1748 1750/1794/1747 1749/1796/1749
f 1753/1798/1751 1754/1799/1752 1750/1794/1747
f 1347/1379/1348 1750/1794/1747 1754/1799/1752
f 1673/1717/1670 1755/1801/1754 1756/1800/1753
f 1668/1712/1665 1757/1802/1755 1755/1801/1754
f 1752/1795/1748 1755/1801/1754 1757/1802/1755
f 1751/1797/1750 1756/1800/1753 1755/1801/1754
f 1070/1087/1068 1100/1116/1097 1758/1803/1756
f 1759/1804/1757 1758/1803/1756 1100/1116/1097
f 1753/1798/1751 1757/1802/1755 1758/1803/1756
f 1666/1711/1664 1758/1803/1756 1757/1802/1755
f 1353/1381/1350 1760/1805/1758 1091/1111/1092
f 1350/1380/1349 1754/1799/1752 1760/1805/1758
f 1759/1804/1757 1760/1805/1758 1754/1799/1752
f 1094/1112/1093 1091/1111/1092 1760/1805/1758
f 1677/1721/1674 1761/1806/1759 1743/1790/1743
f 1682/1727/1680 1762/1808/1761 1761/1806/1759
f 1764/1807/1760 1761/1806/1759 1762/1808/1761
f 1745/1791/1744 1743/1790/1743 1761/1806/1759
f 1670/1715/1668 1756/1800/1753 1765/1810/1763
f 1766/1811/1764 1765/1810/1763 1756/1800/1753
f 1763/1809/1762 1762/1808/1761 1765/1810/1763
f 1688/1733/1686 1765/1810/1763 1762/1808/1761
f 1355/1384/1353 1767/1812/1765 1749/1796/1749
f 1359/1388/1357 1768/1813/1766 1767/1812/1765
f 1766/1811/1764 1767/1812/1765 1768/1813/1766
f 1751/1797/1750 1749/1796/1749 1767/1812/1765
f 1366/1397/1366 1748/1792/1745 1769/1814/1767
f 1764/1807/1760 1769/1814/1767 1748/1792/1745
f 1763/1809/1762 1768/1813/1766 1769/1814/1767
f 1367/1395/1364 1769/1814/1767 1768/1813/1766
f 1771/1815/1768 1772/1819/1772 1773/1816/1769
f 1774/1818/1771 1775/1821/1774 1772/1819/1772
f 1776/1820/1773 1777/1823/1776 1772/1819/1772
f 1778/1822/1775 1773/1816/1769 1772/1819/1772
f 1714/1759/1712 1736/1780/1733 1779/1824/1777
f 1733/1777/1730 1781/1826/1779 1779/1824/1777
f 1775/1821/1774 1779/1824/1777 1781/1826/1779
f 1780/1825/1778 1779/1824/1777 1775/1821/1774
f 1394/1425/1394 1397/1424/1393 1782/1827/1780
f 1783/1828/1781 1782/1827/1780 1397/1424/1393
f 1776/1820/1773 1781/1826/1779 1782/1827/1780
f 1731/1778/1731 1782/1827/1780 1781/1826/1779
f 1784/1829/1782 1785/1830/1783 1390/1421/1390
f 1778/1822/1775 1777/1823/1776 1785/1830/1783
f 1783/1828/1781 1785/1830/1783 1777/1823/1776
f 1392/1422/1391 1390/1421/1390 1785/1830/1783
f 1606/1640/1606 1721/1766/1719 1786/1831/1784
f 1787/1832/1785 1786/1831/1784 1721/1766/1719
f 1788/1833/1786 1789/1834/1787 1786/1831/1784
f 1607/1638/1604 1786/1831/1784 1789/1834/1787
f 1780/1825/1778 1790/1835/1788 1715/1763/1716
f 1774/1818/1771 1791/1836/1789 1790/1835/1788
f 1787/1832/1785 1790/1835/1788 1791/1836/1789
f 1718/1764/1717 1715/1763/1716 1790/1835/1788
f 1770/1817/1770 1792/1839/1792 1793/1837/1790
f 1795/1838/1791 1793/1837/1790 1792/1839/1792
f 1788/1833/1786 1791/1836/1789 1793/1837/1790
f 1771/1815/1768 1793/1837/1790 1791/1836/1789
f 1613/1646/1611 1796/1842/1795 1797/1841/1794
f 1610/1641/1607 1789/1834/1787 1796/1842/1795
f 1795/1838/1791 1796/1842/1795 1789/1834/1787
f 1794/1840/1793 1797/1841/1794 1796/1842/1795
f 1799/1843/1796 1800/1849/1802 1801/1844/1797
f 1803/1846/1799 1800/1849/1802 1799/1843/1796
f 1804/1848/1801 1805/1851/1804 1800/1849/1802
f 1806/1850/1803 1801/1844/1797 1800/1849/1802
f 1808/1852/1805 1809/1856/1809 1810/1853/1806
f 1811/1855/1808 1812/1857/1810 1809/1856/1809
f 1803/1846/1799 1809/1856/1809 1812/1857/1810
f 1802/1847/1800 1810/1853/1806 1809/1856/1809
f 1418/1447/1416 1499/1527/1496 1813/1858/1811
f 1815/1860/1813 1813/1858/1811 1499/1527/1496
f 1804/1848/1801 1812/1857/1810 1813/1858/1811
f 1814/1859/1812 1813/1858/1811 1812/1857/1810
f 1514/1545/1514 1816/1862/1815 1817/1861/1814
f 1805/1851/1804 1817/1861/1814 1816/1862/1815
f 1815/1860/1813 1817/1861/1814 1805/1851/1804
f 1515/1543/1512 1817/1861/1814 1815/1860/1813
f 1818/1863/1816 1819/1867/1820 1820/1864/1817
f 1823/1866/1819 1820/1864/1817 1819/1867/1820
f 1824/1869/1822 1825/1870/1823 1820/1864/1817
f 1821/1865/1818 1820/1864/1817 1825/1870/1823
f 1828/1872/1825 1829/1876/1829 1830/1873/1826
f 1831/1875/1828 1832/1877/1830 1829/1876/1829
f 1823/1866/1819 1829/1876/1829 1832/1877/1830
f 1822/1868/1821 1830/1873/1826 1829/1876/1829
f 1833/1878/1831 1834/1882/1835 1835/1879/1832
f 1838/1881/1834 1835/1879/1832 1834/1882/1835
f 1824/1869/1822 1832/1877/1830 1835/1879/1832
f 1836/1880/1833 1835/1879/1832 1832/1877/1830
f 1839/1884/1837 1840/1887/1840 1841/1885/1838
f 1826/1871/1824 1825/1870/1823 1841/1885/1838
f 1838/1881/1834 1841/1885/1838 1825/1870/1823
f 1837/1883/1836 1842/1886/1839 1841/1885/1838
f 1842/1886/1839 1843/1889/1842 1844/1888/1841
f 1837/1883/1836 1845/1891/1844 1843/1889/1842
f 1847/1890/1843 1843/1889/1842 1845/1891/1844
f 1848/1893/1846 1844/1888/1841 1843/1889/1842
f 1849/1894/1847 1850/1896/1849 1834/1882/1835
f 1851/1895/1848 1852/1897/1850 1850/1896/1849
f 1845/1891/1844 1850/1896/1849 1852/1897/1850
f 1837/1883/1836 1834/1882/1835 1850/1896/1849
f 1807/1854/1807 1810/1853/1806 1853/1898/1851
f 1855/1900/1853 1853/1898/1851 1810/1853/1806
f 1846/1892/1845 1852/1897/1850 1853/1898/1851
f 1854/1899/1852 1853/1898/1851 1852/1897/1850
f 1798/1845/1798 1856/1902/1855 1857/1901/1854
f 1847/1890/1843 1857/1901/1854 1856/1902/1855
f 1846/1892/1845 1855/1900/1853 1857/1901/1854
f 1799/1843/1796 1857/1901/1854 1855/1900/1853
f 1814/1859/1812 1858/1903/1856 1419/1451/1420
f 1811/1855/1808 1859/1905/1858 1858/1903/1856
f 1861/1904/1857 1858/1903/1856 1859/1905/1858
f 1422/1452/1421 1419/1451/1420 1858/1903/1856
f 1807/1854/1807 1862/1909/1862 1863/1907/1860
f 1865/1908/1861 1863/1907/1860 1862/1909/1862
f 1860/1906/1859 1859/1905/1858 1863/1907/1860
f 1808/1852/1805 1863/1907/1860 1859/1905/1858
f 1867/1911/1864 1868/1915/1868 1869/1912/1865
f 1870/1914/1867 1871/1916/1869 1868/1915/1868
f 1865/1908/1861 1868/1915/1868 1871/1916/1869
f 1864/1910/1863 1869/1912/1865 1868/1915/1868
f 1279/1308/1277 1428/1456/1425 1872/1917/1870
f 1861/1904/1857 1872/1917/1870 1428/1456/1425
f 1860/1906/1859 1871/1916/1869 1872/1917/1870
f 1873/1918/1871 1872/1917/1870 1871/1916/1869
f 1875/1919/1872 1876/1923/1876 1877/1920/1873
f 1878/1922/1875 1879/1925/1878 1876/1923/1876
f 1881/1924/1877 1876/1923/1876 1879/1925/1878
f 1882/1927/1880 1877/1920/1873 1876/1923/1876
f 1883/1928/1881 1884/1932/1885 1885/1929/1882
f 1888/1931/1884 1885/1929/1882 1884/1932/1885
f 1880/1926/1879 1879/1925/1878 1885/1929/1882
f 1886/1930/1883 1885/1929/1882 1879/1925/1878
f 1836/1880/1833 1889/1935/1888 1890/1934/1887
f 1831/1875/1828 1891/1936/1889 1889/1935/1888
f 1888/1931/1884 1889/1935/1888 1891/1936/1889
f 1887/1933/1886 1890/1934/1887 1889/1935/1888
f 1827/1874/1827 1892/1938/1891 1893/1937/1890
f 1881/1924/1877 1893/1937/1890 1892/1938/1891
f 1880/1926/1879 1891/1936/1889 1893/1937/1890
f 1828/1872/1825 1893/1937/1890 1891/1936/1889
f 1854/1899/1852 1894/1939/1892 1862/1909/1862
f 1851/1895/1848 1895/1941/1894 1894/1939/1892
f 1897/1940/1893 1894/1939/1892 1895/1941/1894
f 1864/1910/1863 1862/1909/1862 1894/1939/1892
f 1833/1878/1831 1890/1934/1887 1898/1943/1896
f 1899/1944/1897 1898/1943/1896 1890/1934/1887
f 1896/1942/1895 1895/1941/1894 1898/1943/1896
f 1849/1894/1847 1898/1943/1896 1895/1941/1894
f 1900/1945/1898 1901/1947/1900 1884/1932/1885
f 1902/1946/1899 1903/1948/1901 1901/1947/1900
f 1899/1944/1897 1901/1947/1900 1903/1948/1901
f 1887/1933/1886 1884/1932/1885 1901/1947/1900
f 1866/1913/1866 1869/1912/1865 1904/1949/1902
f 1897/1940/1893 1904/1949/1902 1869/1912/1865
f 1896/1942/1895 1903/1948/1901 1904/1949/1902
f 1905/1950/1903 1904/1949/1902 1903/1948/1901
f 1258/1289/1258 1261/1288/1257 1906/1951/1904
f 1908/1953/1906 1906/1951/1904 1261/1288/1257
f 1909/1954/1907 1910/1955/1908 1906/1951/1904
f 1907/1952/1905 1906/1951/1904 1910/1955/1908
f 1873/1918/1871 1912/1957/1910 1280/1311/1280
f 1870/1914/1867 1913/1958/1911 1912/1957/1910
f 1908/1953/1906 1912/1957/1910 1913/1958/1911
f 1266/1295/1264 1280/1311/1280 1912/1957/1910
f 1866/1913/1866 1914/1961/1914 1915/1959/1912
f 1917/1960/1913 1915/1959/1912 1914/1961/1914
f 1909/1954/1907 1913/1958/1911 1915/1959/1912
f 1867/1911/1864 1915/1959/1912 1913/1958/1911
f 1919/1963/1916 1920/1966/1919 1921/1964/1917
f 1911/1956/1909 1910/1955/1908 1920/1966/1919
f 1917/1960/1913 1920/1966/1919 1910/1955/1908
f 1916/1962/1915 1921/1964/1917 1920/1966/1919
f 1922/1967/1920 1923/1971/1924 1924/1968/1921
f 1927/1970/1923 1924/1968/1921 1923/1971/1924
f 1928/1973/1926 1929/1974/1927 1924/1968/1921
f 1925/1969/1922 1924/1968/1921 1929/1974/1927
f 1931/1976/1929 1932/1980/1933 1933/1977/1930
f 1936/1979/1932 1933/1977/1930 1932/1980/1933
f 1928/1973/1926 1927/1970/1923 1933/1977/1930
f 1934/1978/1931 1933/1977/1930 1927/1970/1923
f 1886/1930/1883 1937/1983/1936 1938/1982/1935
f 1878/1922/1875 1939/1984/1937 1937/1983/1936
f 1936/1979/1932 1937/1983/1936 1939/1984/1937
f 1935/1981/1934 1938/1982/1935 1937/1983/1936
f 1940/1985/1938 1941/1986/1939 1875/1919/1872
f 1930/1975/1928 1929/1974/1927 1941/1986/1939
f 1928/1973/1926 1939/1984/1937 1941/1986/1939
f 1875/1919/1872 1941/1986/1939 1939/1984/1937
f 1905/1950/1903 1942/1987/1940 1914/1961/1914
f 1902/1946/1899 1943/1989/1942 1942/1987/1940
f 1945/1988/1941 1942/1987/1940 1943/1989/1942
f 1916/1962/1915 1914/1961/1914 1942/1987/1940
f 1883/1928/1881 1938/1982/1935 1946/1991/1944
f 1947/1992/1945 1946/1991/1944 1938/1982/1935
f 1944/1990/1943 1943/1989/1942 1946/1991/1944
f 1900/1945/1898 1946/1991/1944 1943/1989/1942
f 1948/1993/1946 1949/1995/1948 1932/1980/1933
f 1950/1994/1947 1951/1996/1949 1949/1995/1948
f 1947/1992/1945 1949/1995/1948 1951/1996/1949
f 1935/1981/1934 1932/1980/1933 1949/1995/1948
f 1918/1965/1918 1921/1964/1917 1952/1997/1950
f 1945/1988/1941 1952/1997/1950 1921/1964/1917
f 1944/1990/1943 1951/1996/1949 1952/1997/1950
f 1953/1998/1951 1952/1997/1950 1951/1996/1949
f 1918/1965/1918 1954/2001/1954 1955/1999/1952
f 1957/2000/1953 1955/1999/1952 1954/2001/1954
f 1958/2003/1956 1959/2004/1957 1955/1999/1952
f 1919/1963/1916 1955/1999/1952 1959/2004/1957
f 1960/2005/1958 1961/2009/1962 1962/2006/1959
f 1964/2008/1961 1965/2010/1963 1962/2006/1959
f 1957/2000/1953 1962/2006/1959 1965/2010/1963
f 1963/2007/1960 1962/2006/1959 1957/2000/1953
f 1770/1817/1770 1773/1816/1769 1966/2011/1964
f 1968/2013/1966 1966/2011/1964 1773/1816/1769
f 1958/2003/1956 1965/2010/1963 1966/2011/1964
f 1967/2012/1965 1966/2011/1964 1965/2010/1963
f 1907/1952/1905 1969/2014/1967 1784/1829/1782
f 1911/1956/1909 1959/2004/1957 1969/2014/1967
f 1968/2013/1966 1969/2014/1967 1959/2004/1957
f 1778/1822/1775 1784/1829/1782 1969/2014/1967
f 1970/2015/1968 1971/2017/1970 1923/1971/1924
f 1972/2016/1969 1973/2019/1972 1971/2017/1970
f 1975/2018/1971 1971/2017/1970 1973/2019/1972
f 1926/1972/1925 1923/1971/1924 1971/2017/1970
f 1976/2021/1974 1977/2025/1978 1978/2022/1975
f 1981/2024/1977 1978/2022/1975 1977/2025/1978
f 1974/2020/1973 1973/2019/1972 1978/2022/1975
f 1979/2023/1976 1978/2022/1975 1973/2019/1972
f 1983/2027/1980 1984/2031/1984 1985/2028/1981
f 1986/2030/1983 1987/2032/1985 1984/2031/1984
f 1981/2024/1977 1984/2031/1984 1987/2032/1985
f 1980/2026/1979 1985/2028/1981 1984/2031/1984
f 1931/1976/1929 1934/1978/1931 1988/2033/1986
f 1975/2018/1971 1988/2033/1986 1934/1978/1931
f 1974/2020/1973 1987/2032/1985 1988/2033/1986
f 1989/2034/1987 1988/2033/1986 1987/2032/1985
f 1989/2034/1987 1990/2035/1988 1948/1993/1946
f 1986/2030/1983 1991/2037/1990 1990/2035/1988
f 1993/2036/1989 1990/2035/1988 1991/2037/1990
f 1950/1994/1947 1948/1993/1946 1990/2035/1988
f 1982/2029/1982 1994/2041/1994 1995/2039/1992
f 1997/2040/1993 1995/2039/1992 1994/2041/1994
f 1992/2038/1991 1991/2037/1990 1995/2039/1992
f 1983/2027/1980 1995/2039/1992 1991/2037/1990
f 1963/2007/1960 1998/2044/1997 1999/2043/1996
f 1956/2002/1955 2000/2045/1998 1998/2044/1997
f 1997/2040/1993 1998/2044/1997 2000/2045/1998
f 1996/2042/1995 1999/2043/1996 1998/2044/1997
f 1918/1965/1918 1953/1998/1951 2001/2046/1999
f 1993/2036/1989 2001/2046/1999 1953/1998/1951
f 1992/2038/1991 2000/2045/1998 2001/2046/1999
f 1954/2001/1954 2001/2046/1999 2000/2045/1998
f 2002/2047/2000 2003/2051/2004 2004/2048/2001
f 2007/2050/2003 2004/2048/2001 2003/2051/2004
f 2008/2053/2006 2009/2054/2007 2004/2048/2001
f 2005/2049/2002 2004/2048/2001 2009/2054/2007
f 2012/2056/2009 2013/2060/2013 2014/2057/2010
f 2015/2059/2012 2016/2061/2014 2013/2060/2013
f 2007/2050/2003 2013/2060/2013 2016/2061/2014
f 2006/2052/2005 2014/2057/2010 2013/2060/2013
f 1982/2062/1982 1985/2066/1981 2017/2063/2015
f 2019/2065/2017 2017/2063/2015 1985/2066/1981
f 2008/2053/2006 2016/2061/2014 2017/2063/2015
f 2018/2064/2016 2017/2063/2015 2016/2061/2014
f 2020/2068/2018 2021/2071/2019 1977/2069/1978
f 2010/2055/2008 2009/2054/2007 2021/2071/2019
f 2019/2065/2017 2021/2071/2019 2009/2054/2007
f 1980/2067/1979 1977/2069/1978 2021/2071/2019
f 1960/2072/1958 1999/2076/1996 2022/2073/2020
f 2024/2075/2022 2022/2073/2020 1999/2076/1996
f 2025/2078/2023 2026/2079/2024 2022/2073/2020
f 2023/2074/2021 2022/2073/2020 2026/2079/2024
f 2018/2064/2016 2028/2082/2026 1994/2081/1994
f 2015/2059/2012 2029/2083/2027 2028/2082/2026
f 2024/2075/2022 2028/2082/2026 2029/2083/2027
f 1996/2077/1995 1994/2081/1994 2028/2082/2026
f 2011/2058/2011 2030/2086/2030 2031/2084/2028
f 2033/2085/2029 2031/2084/2028 2030/2086/2030
f 2025/2078/2023 2029/2083/2027 2031/2084/2028
f 2012/2056/2009 2031/2084/2028 2029/2083/2027
f 2035/2088/2032 2036/2091/2035 2037/2089/2033
f 2027/2080/2025 2026/2079/2024 2036/2091/2035
f 2033/2085/2029 2036/2091/2035 2026/2079/2024
f 2032/2087/2031 2037/2089/2033 2036/2091/2035
f 1967/2012/1965 2038/2092/2036 1792/1839/1792
f 1964/2008/1961 2039/2094/2038 2038/2092/2036
f 2040/2093/2037 2041/2095/2039 2038/2092/2036
f 1794/1840/1793 1792/1839/1792 2038/2092/2036
f 2023/2096/2021 2042/2098/2040 1961/2009/1962
f 2027/2097/2025 2043/2099/2041 2042/2098/2040
f 2039/2094/2038 2042/2098/2040 2043/2099/2041
f 1964/2008/1961 1961/2009/1962 2042/2098/2040
f 2034/2100/2034 2044/2104/2044 2045/2101/2042
f 2047/2103/2043 2045/2101/2042 2044/2104/2044
f 2040/2093/2037 2043/2099/2041 2045/2101/2042
f 2035/2102/2032 2045/2101/2042 2043/2099/2041
f 1797/1841/1794 2048/2107/2047 2049/2106/2046
f 2041/2095/2039 2048/2107/2047 1797/1841/1794
f 2047/2103/2043 2048/2107/2047 2041/2095/2039
f 2046/2105/2045 2049/2106/2046 2048/2107/2047
f 1821/1865/1818 2050/2109/2049 2051/2108/2048
f 1826/1871/1824 2052/2111/2051 2050/2109/2049
f 2054/2110/2050 2050/2109/2049 2052/2111/2051
f 2055/2113/2053 2051/2108/2048 2050/2109/2049
f 2056/2114/2054 2057/2116/2056 1840/1887/1840
f 2058/2115/2055 2059/2117/2057 2057/2116/2056
f 2052/2111/2051 2057/2116/2056 2059/2117/2057
f 1826/1871/1824 1840/1887/1840 2057/2116/2056
f 2011/2058/2011 2014/2057/2010 2060/2118/2058
f 2062/2120/2060 2060/2118/2058 2014/2057/2010
f 2053/2112/2052 2059/2117/2057 2060/2118/2058
f 2061/2119/2059 2060/2118/2058 2059/2117/2057
f 2002/2047/2000 2063/2122/2062 2064/2121/2061
f 2054/2110/2050 2064/2121/2061 2063/2122/2062
f 2062/2120/2060 2064/2121/2061 2054/2110/2050
f 2006/2052/2005 2003/2051/2004 2064/2121/2061
f 2034/2090/2034 2037/2089/2033 2065/2123/2063
f 2067/2125/2065 2065/2123/2063 2037/2089/2033
f 2068/2126/2066 2069/2127/2067 2065/2123/2063
f 2066/2124/2064 2065/2123/2063 2069/2127/2067
f 2061/2119/2059 2071/2129/2069 2030/2086/2030
f 2058/2115/2055 2072/2130/2070 2071/2129/2069
f 2067/2125/2065 2071/2129/2069 2072/2130/2070
f 2032/2087/2031 2030/2086/2030 2071/2129/2069
f 1839/1884/1837 1844/1888/1841 2073/2131/2071
f 2074/2132/2072 2073/2131/2071 1844/1888/1841
f 2068/2126/2066 2072/2130/2070 2073/2131/2071
f 2056/2114/2054 2073/2131/2071 2072/2130/2070
f 2075/2133/2073 2076/2134/2074 1856/1902/1855
f 2070/2128/2068 2069/2127/2067 2076/2134/2074
f 2074/2132/2072 2076/2134/2074 2069/2127/2067
f 1848/1893/1846 1856/1902/1855 2076/2134/2074
f 1574/1605/1574 2049/2137/2046 2077/2135/2075
f 2078/2136/2076 2077/2135/2075 2049/2137/2046
f 2079/2139/2077 2080/2140/2078 2077/2135/2075
f 1575/1603/1572 2077/2135/2075 2080/2140/2078
f 2066/2124/2064 2081/2142/2079 2044/2141/2044
f 2070/2128/2068 2082/2143/2080 2081/2142/2079
f 2078/2136/2076 2081/2142/2079 2082/2143/2080
f 2046/2138/2045 2044/2141/2044 2081/2142/2079
f 1798/1845/1798 1801/1844/1797 2083/2144/2081
f 2084/2145/2082 2083/2144/2081 1801/1844/1797
f 2079/2139/2077 2082/2143/2080 2083/2144/2081
f 2075/2133/2073 2083/2144/2081 2082/2143/2080
f 1581/1610/1579 2085/2146/2083 1816/1862/1815
f 1578/1606/1575 2080/2140/2078 2085/2146/2083
f 2084/2145/2082 2085/2146/2083 2080/2140/2078
f 1806/1850/1803 1816/1862/1815 2085/2146/2083
f 2086/2147/2084 2087/2151/2088 2088/2148/2085
f 2091/2150/2087 2088/2148/2085 2087/2151/2088
f 2092/2153/2090 2093/2154/2091 2088/2148/2085
f 2089/2149/2086 2088/2148/2085 2093/2154/2091
f 2096/2156/2093 2097/2160/2097 2098/2157/2094
f 2099/2159/2096 2100/2161/2098 2097/2160/2097
f 2091/2150/2087 2097/2160/2097 2100/2161/2098
f 2090/2152/2089 2098/2157/2094 2097/2160/2097
f 2101/2162/2099 2102/2166/2103 2103/2163/2100
f 2106/2165/2102 2103/2163/2100 2102/2166/2103
f 2092/2153/2090 2100/2161/2098 2103/2163/2100
f 2104/2164/2101 2103/2163/2100 2100/2161/2098
f 2108/2168/2105 2109/2171/2108 2110/2169/2106
f 2094/2155/2092 2093/2154/2091 2109/2171/2108
f 2106/2165/2102 2109/2171/2108 2093/2154/2091
f 2105/2167/2104 2110/2169/2106 2109/2171/2108
f 2107/2170/2107 2110/2169/2106 2111/2172/2109
f 2113/2174/2111 2111/2172/2109 2110/2169/2106
f 2114/2175/2112 2115/2176/2113 2111/2172/2109
f 2112/2173/2110 2111/2172/2109 2115/2176/2113
f 2117/2178/2115 2118/2180/2117 2102/2166/2103
f 2119/2179/2116 2120/2181/2118 2118/2180/2117
f 2113/2174/2111 2118/2180/2117 2120/2181/2118
f 2105/2167/2104 2102/2166/2103 2118/2180/2117
f 2121/2182/2119 2122/2186/2123 2123/2183/2120
f 2126/2185/2122 2123/2183/2120 2122/2186/2123
f 2114/2175/2112 2120/2181/2118 2123/2183/2120
f 2124/2184/2121 2123/2183/2120 2120/2181/2118
f 2128/2188/2125 2129/2191/2128 2130/2189/2126
f 2116/2177/2114 2115/2176/2113 2129/2191/2128
f 2126/2185/2122 2129/2191/2128 2115/2176/2113
f 2125/2187/2124 2130/2189/2126 2129/2191/2128
f 2127/2190/2127 2131/2195/2132 2132/2192/2129
f 2135/2194/2131 2132/2192/2129 2131/2195/2132
f 2136/2197/2134 2137/2198/2135 2132/2192/2129
f 2133/2193/2130 2132/2192/2129 2137/2198/2135
f 2140/2200/2137 2141/2204/2141 2142/2201/2138
f 2143/2203/2140 2144/2205/2142 2141/2204/2141
f 2135/2194/2131 2141/2204/2141 2144/2205/2142
f 2134/2196/2133 2142/2201/2138 2141/2204/2141
f 2145/2206/2143 2146/2210/2147 2147/2207/2144
f 2150/2209/2146 2147/2207/2144 2146/2210/2147
f 2136/2197/2134 2144/2205/2142 2147/2207/2144
f 2148/2208/2145 2147/2207/2144 2144/2205/2142
f 2152/2212/2149 2153/2215/2152 2154/2213/2150
f 2138/2199/2136 2137/2198/2135 2153/2215/2152
f 2150/2209/2146 2153/2215/2152 2137/2198/2135
f 2149/2211/2148 2154/2213/2150 2153/2215/2152
f 2139/2202/2139 2155/2218/2155 2156/2216/2153
f 2158/2217/2154 2156/2216/2153 2155/2218/2155
f 2159/2220/2157 2160/2221/2158 2156/2216/2153
f 2140/2200/2137 2156/2216/2153 2160/2221/2158
f 2162/2222/2159 2163/2226/2163 2164/2223/2160
f 2165/2225/2162 2166/2227/2164 2163/2226/2163
f 2158/2217/2154 2163/2226/2163 2166/2227/2164
f 2157/2219/2156 2164/2223/2160 2163/2226/2163
f 2167/2228/2165 2168/2232/2169 2169/2229/2166
f 2172/2231/2168 2169/2229/2166 2168/2232/2169
f 2159/2220/2157 2166/2227/2164 2169/2229/2166
f 2170/2230/2167 2169/2229/2166 2166/2227/2164
f 2148/2208/2145 2173/2235/2172 2174/2234/2171
f 2143/2203/2140 2160/2221/2158 2173/2235/2172
f 2172/2231/2168 2173/2235/2172 2160/2221/2158
f 2171/2233/2170 2174/2234/2171 2173/2235/2172
f 2161/2224/2161 2175/2238/2175 2176/2236/2173
f 2178/2237/2174 2176/2236/2173 2175/2238/2175
f 2179/2240/2177 2180/2241/2178 2176/2236/2173
f 2162/2222/2159 2176/2236/2173 2180/2241/2178
f 2181/2242/2179 2182/2246/2183 2183/2243/2180
f 2186/2245/2182 2183/2243/2180 2182/2246/2183
f 2178/2237/2174 2183/2243/2180 2186/2245/2182
f 2177/2239/2176 2184/2244/2181 2183/2243/2180
f 2188/2248/2185 2189/2253/2190 2190/2249/2186
f 2192/2251/2188 2189/2253/2190 2188/2248/2185
f 2179/2240/2177 2186/2245/2182 2189/2253/2190
f 2185/2247/2184 2190/2249/2186 2189/2253/2190
f 2170/2230/2167 2193/2255/2192 2194/2254/2191
f 2165/2225/2162 2180/2241/2178 2193/2255/2192
f 2192/2251/2188 2193/2255/2192 2180/2241/2178
f 2191/2252/2189 2194/2254/2191 2193/2255/2192
f 2195/2256/2193 2196/2260/2197 2197/2257/2194
f 2200/2259/2196 2197/2257/2194 2196/2260/2197
f 2201/2262/2199 2202/2263/2200 2197/2257/2194
f 2198/2258/2195 2197/2257/2194 2202/2263/2200
f 2205/2265/2202 2206/2270/2207 2207/2266/2203
f 2209/2268/2205 2206/2270/2207 2205/2265/2202
f 2200/2259/2196 2206/2270/2207 2209/2268/2205
f 2199/2261/2198 2207/2266/2203 2206/2270/2207
f 2210/2271/2208 2211/2275/2212 2212/2272/2209
f 2215/2274/2211 2212/2272/2209 2211/2275/2212
f 2201/2262/2199 2209/2268/2205 2212/2272/2209
f 2208/2269/2206 2213/2273/2210 2212/2272/2209
f 2217/2277/2214 2218/2280/2217 2219/2278/2215
f 2203/2264/2201 2202/2263/2200 2218/2280/2217
f 2215/2274/2211 2218/2280/2217 2202/2263/2200
f 2214/2276/2213 2219/2278/2215 2218/2280/2217
f 2220/2281/2218 2221/2285/2221 2222/2282/2219
f 2223/2284/2220 2224/2287/2223 2221/2285/2221
f 2226/2286/2222 2221/2285/2221 2224/2287/2223
f 2227/2289/2225 2222/2282/2219 2221/2285/2221
f 2228/2290/2226 2229/2294/2230 2230/2291/2227
f 2233/2293/2229 2230/2291/2227 2229/2294/2230
f 2225/2288/2224 2224/2287/2223 2230/2291/2227
f 2231/2292/2228 2230/2291/2227 2224/2287/2223
f 2235/2296/2232 2236/2300/2236 2237/2297/2233
f 2238/2299/2235 2239/2301/2237 2236/2300/2236
f 2233/2293/2229 2236/2300/2236 2239/2301/2237
f 2232/2295/2231 2237/2297/2233 2236/2300/2236
f 2240/2302/2238 2241/2305/2241 2242/2303/2239
f 2226/2286/2222 2242/2303/2239 2241/2305/2241
f 2225/2288/2224 2239/2301/2237 2242/2303/2239
f 2243/2304/2240 2242/2303/2239 2239/2301/2237
f 2244/2306/2242 2245/2308/2244 2087/2151/2088
f 2246/2307/2243 2247/2310/2246 2245/2308/2244
f 2248/2309/2245 2249/2311/2247 2245/2308/2244
f 2090/2152/2089 2087/2151/2088 2245/2308/2244
f 2251/2312/2248 2252/2316/2252 2253/2313/2249
f 2254/2315/2251 2255/2317/2253 2252/2316/2252
f 2247/2310/2246 2252/2316/2252 2255/2317/2253
f 2246/2307/2243 2253/2313/2249 2252/2316/2252
f 2228/2290/2226 2256/2321/2257 2257/2318/2254
f 2260/2320/2256 2257/2318/2254 2256/2321/2257
f 2248/2309/2245 2255/2317/2253 2257/2318/2254
f 2258/2319/2255 2257/2318/2254 2255/2317/2253
f 2098/2157/2094 2261/2324/2260 2262/2323/2259
f 2249/2311/2247 2261/2324/2260 2098/2157/2094
f 2260/2320/2256 2261/2324/2260 2249/2311/2247
f 2259/2322/2258 2262/2323/2259 2261/2324/2260
f 2263/2325/2261 2264/2329/2265 2265/2326/2262
f 2268/2328/2264 2265/2326/2262 2264/2329/2265
f 2269/2331/2267 2270/2332/2268 2265/2326/2262
f 2266/2327/2263 2265/2326/2262 2270/2332/2268
f 2273/2334/2270 2274/2338/2274 2275/2335/2271
f 2276/2337/2273 2277/2339/2275 2274/2338/2274
f 2268/2328/2264 2274/2338/2274 2277/2339/2275
f 2267/2330/2266 2275/2335/2271 2274/2338/2274
f 2278/2340/2276 2279/2344/2280 2280/2341/2277
f 2283/2343/2279 2280/2341/2277 2279/2344/2280
f 2269/2331/2267 2277/2339/2275 2280/2341/2277
f 2281/2342/2278 2280/2341/2277 2277/2339/2275
f 2285/2346/2282 2286/2349/2285 2287/2347/2283
f 2271/2333/2269 2270/2332/2268 2286/2349/2285
f 2283/2343/2279 2286/2349/2285 2270/2332/2268
f 2282/2345/2281 2287/2347/2283 2286/2349/2285
f 2263/2325/2261 2288/2352/2288 2289/2350/2286
f 2291/2351/2287 2289/2350/2286 2288/2352/2288
f 2292/2354/2290 2293/2355/2291 2289/2350/2286
f 2264/2329/2265 2289/2350/2286 2293/2355/2291
f 2295/2356/2292 2296/2360/2296 2297/2357/2293
f 2298/2359/2295 2299/2361/2297 2296/2360/2296
f 2291/2351/2287 2296/2360/2296 2299/2361/2297
f 2290/2353/2289 2297/2357/2293 2296/2360/2296
f 2300/2362/2298 2301/2366/2302 2302/2363/2299
f 2305/2365/2301 2302/2363/2299 2301/2366/2302
f 2292/2354/2290 2299/2361/2297 2302/2363/2299
f 2303/2364/2300 2302/2363/2299 2299/2361/2297
f 2275/2335/2271 2306/2369/2305 2307/2368/2304
f 2267/2330/2266 2293/2355/2291 2306/2369/2305
f 2305/2365/2301 2306/2369/2305 2293/2355/2291
f 2304/2367/2303 2307/2368/2304 2306/2369/2305
f 2308/2370/2306 2309/2374/2310 2310/2371/2307
f 2313/2373/2309 2310/2371/2307 2309/2374/2310
f 2314/2376/2312 2315/2377/2313 2310/2371/2307
f 2311/2372/2308 2310/2371/2307 2315/2377/2313
f 2317/2379/2315 2318/2383/2319 2319/2380/2316
f 2322/2382/2318 2319/2380/2316 2318/2383/2319
f 2313/2373/2309 2319/2380/2316 2322/2382/2318
f 2320/2381/2317 2319/2380/2316 2313/2373/2309
f 2284/2348/2284 2287/2347/2283 2323/2385/2321
f 2325/2387/2323 2323/2385/2321 2287/2347/2283
f 2314/2376/2312 2322/2382/2318 2323/2385/2321
f 2321/2384/2320 2324/2386/2322 2323/2385/2321
f 2326/2388/2324 2327/2389/2325 2279/2344/2280
f 2316/2378/2314 2315/2377/2313 2327/2389/2325
f 2325/2387/2323 2327/2389/2325 2315/2377/2313
f 2282/2345/2281 2279/2344/2280 2327/2389/2325
f 2234/2298/2234 2328/2392/2328 2329/2390/2326
f 2330/2391/2327 2331/2394/2330 2329/2390/2326
f 2333/2393/2329 2329/2390/2326 2331/2394/2330
f 2235/2296/2232 2329/2390/2326 2333/2393/2329
f 2308/2370/2306 2334/2399/2335 2335/2396/2332
f 2338/2398/2334 2335/2396/2332 2334/2399/2335
f 2332/2395/2331 2331/2394/2330 2335/2396/2332
f 2336/2397/2333 2335/2396/2332 2331/2394/2330
f 2339/2401/2337 2340/2405/2341 2341/2402/2338
f 2344/2404/2340 2341/2402/2338 2340/2405/2341
f 2332/2395/2331 2338/2398/2334 2341/2402/2338
f 2342/2403/2339 2341/2402/2338 2338/2398/2334
f 2243/2304/2240 2345/2408/2344 2346/2407/2343
f 2238/2299/2235 2333/2393/2329 2345/2408/2344
f 2344/2404/2340 2345/2408/2344 2333/2393/2329
f 2343/2406/2342 2346/2407/2343 2345/2408/2344
f 2339/2409/2337 2347/2413/2347 2348/2410/2345
f 2350/2412/2346 2348/2410/2345 2347/2413/2347
f 2352/2415/2349 2348/2410/2345 2350/2412/2346
f 2343/2417/2342 2340/2411/2341 2348/2410/2345
f 2353/2418/2351 2354/2422/2355 2355/2419/2352
f 2358/2421/2354 2355/2419/2352 2354/2422/2355
f 2351/2416/2350 2350/2412/2346 2355/2419/2352
f 2349/2414/2348 2356/2420/2353 2355/2419/2352
f 2360/2424/2357 2361/2428/2361 2362/2425/2358
f 2363/2427/2360 2364/2429/2362 2361/2428/2361
f 2358/2421/2354 2361/2428/2361 2364/2429/2362
f 2357/2423/2356 2362/2425/2358 2361/2428/2361
f 2240/2430/2238 2346/2433/2343 2365/2431/2363
f 2352/2415/2349 2365/2431/2363 2346/2433/2343
f 2351/2416/2350 2364/2429/2362 2365/2431/2363
f 2366/2432/2364 2365/2431/2363 2364/2429/2362
f 2367/2434/2365 2368/2438/2369 2369/2435/2366
f 2372/2437/2368 2369/2435/2366 2368/2438/2369
f 2373/2440/2371 2374/2441/2372 2369/2435/2366
f 2370/2436/2367 2369/2435/2366 2374/2441/2372
f 2377/2443/2374 2378/2447/2378 2379/2444/2375
f 2380/2446/2377 2381/2448/2379 2378/2447/2378
f 2372/2437/2368 2378/2447/2378 2381/2448/2379
f 2371/2439/2370 2379/2444/2375 2378/2447/2378
f 2382/2449/2380 2383/2453/2384 2384/2450/2381
f 2387/2452/2383 2384/2450/2381 2383/2453/2384
f 2373/2440/2371 2381/2448/2379 2384/2450/2381
f 2385/2451/2382 2384/2450/2381 2381/2448/2379
f 2389/2455/2386 2390/2458/2389 2391/2456/2387
f 2375/2442/2373 2374/2441/2372 2390/2458/2389
f 2387/2452/2383 2390/2458/2389 2374/2441/2372
f 2386/2454/2385 2391/2456/2387 2390/2458/2389
f 2393/2459/2390 2394/2463/2394 2395/2460/2391
f 2396/2462/2393 2397/2465/2396 2394/2463/2394
f 2399/2464/2395 2394/2463/2394 2397/2465/2396
f 2400/2467/2398 2395/2460/2391 2394/2463/2394
f 2401/2468/2399 2402/2472/2403 2403/2469/2400
f 2406/2471/2402 2403/2469/2400 2402/2472/2403
f 2398/2466/2397 2397/2465/2396 2403/2469/2400
f 2404/2470/2401 2403/2469/2400 2397/2465/2396
f 2379/2444/2375 2407/2475/2406 2408/2474/2405
f 2371/2439/2370 2409/2476/2407 2407/2475/2406
f 2406/2471/2402 2407/2475/2406 2409/2476/2407
f 2405/2473/2404 2408/2474/2405 2407/2475/2406
f 2367/2434/2365 2410/2478/2409 2411/2477/2408
f 2399/2464/2395 2411/2477/2408 2410/2478/2409
f 2398/2466/2397 2409/2476/2407 2411/2477/2408
f 2368/2438/2369 2411/2477/2408 2409/2476/2407
f 2413/2479/2410 2414/2483/2414 2415/2480/2411
f 2416/2482/2413 2417/2485/2416 2414/2483/2414
f 2419/2484/2415 2414/2483/2414 2417/2485/2416
f 2420/2487/2418 2415/2480/2411 2414/2483/2414
f 2421/2488/2419 2422/2492/2423 2423/2489/2420
f 2426/2491/2422 2423/2489/2420 2422/2492/2423
f 2418/2486/2417 2417/2485/2416 2423/2489/2420
f 2424/2490/2421 2423/2489/2420 2417/2485/2416
f 2428/2494/2425 2429/2498/2429 2430/2495/2426
f 2431/2497/2428 2432/2499/2430 2429/2498/2429
f 2426/2491/2422 2429/2498/2429 2432/2499/2430
f 2425/2493/2424 2430/2495/2426 2429/2498/2429
f 2433/2500/2431 2434/2503/2434 2435/2501/2432
f 2419/2484/2415 2435/2501/2432 2434/2503/2434
f 2418/2486/2417 2432/2499/2430 2435/2501/2432
f 2436/2502/2433 2435/2501/2432 2432/2499/2430
f 2437/2504/2435 2438/2508/2439 2439/2505/2436
f 2442/2507/2438 2439/2505/2436 2438/2508/2439
f 2443/2510/2441 2444/2512/2443 2439/2505/2436
f 2445/2511/2442 2440/2506/2437 2439/2505/2436
f 2447/2513/2444 2448/2517/2448 2449/2514/2445
f 2450/2516/2447 2451/2518/2449 2448/2517/2448
f 2442/2507/2438 2448/2517/2448 2451/2518/2449
f 2441/2509/2440 2449/2514/2445 2448/2517/2448
f 2453/2519/2450 2454/2523/2454 2455/2520/2451
f 2456/2522/2453 2457/2524/2455 2454/2523/2454
f 2451/2518/2449 2454/2523/2454 2457/2524/2455
f 2450/2516/2447 2455/2520/2451 2454/2523/2454
f 2458/2525/2456 2459/2528/2459 2460/2526/2457
f 2444/2512/2443 2460/2526/2457 2459/2528/2459
f 2443/2510/2441 2457/2524/2455 2460/2526/2457
f 2461/2527/2458 2460/2526/2457 2457/2524/2455
f 2463/2529/2460 2464/2533/2464 2465/2530/2461
f 2466/2532/2463 2467/2535/2466 2464/2533/2464
f 2469/2534/2465 2464/2533/2464 2467/2535/2466
f 2470/2537/2468 2465/2530/2461 2464/2533/2464
f 2471/2538/2469 2472/2542/2473 2473/2539/2470
f 2475/2541/2472 2476/2543/2474 2473/2539/2470
f 2468/2536/2467 2467/2535/2466 2473/2539/2470
f 2474/2540/2471 2473/2539/2470 2467/2535/2466
f 2477/2544/2475 2478/2548/2479 2479/2545/2476
f 2481/2547/2478 2482/2549/2480 2479/2545/2476
f 2476/2543/2474 2479/2545/2476 2482/2549/2480
f 2480/2546/2477 2479/2545/2476 2476/2543/2474
f 2483/2550/2481 2484/2553/2484 2485/2551/2482
f 2469/2534/2465 2485/2551/2482 2484/2553/2484
f 2468/2536/2467 2482/2549/2480 2485/2551/2482
f 2486/2552/2483 2485/2551/2482 2482/2549/2480
f 2487/2554/2485 2488/2558/2489 2489/2555/2486
f 2492/2557/2488 2489/2555/2486 2488/2558/2489
f 2493/2560/2491 2494/2561/2492 2489/2555/2486
f 2490/2556/2487 2489/2555/2486 2494/2561/2492
f 2497/2563/2494 2498/2567/2498 2499/2564/2495
f 2500/2566/2497 2501/2568/2499 2498/2567/2498
f 2492/2557/2488 2498/2567/2498 2501/2568/2499
f 2491/2559/2490 2499/2564/2495 2498/2567/2498
f 2502/2569/2500 2503/2573/2504 2504/2570/2501
f 2507/2572/2503 2504/2570/2501 2503/2573/2504
f 2493/2560/2491 2501/2568/2499 2504/2570/2501
f 2505/2571/2502 2504/2570/2501 2501/2568/2499
f 2509/2575/2506 2510/2578/2509 2511/2576/2507
f 2495/2562/2493 2494/2561/2492 2510/2578/2509
f 2507/2572/2503 2510/2578/2509 2494/2561/2492
f 2506/2574/2505 2511/2576/2507 2510/2578/2509
f 2512/2579/2510 2513/2581/2512 2168/2232/2169
f 2514/2580/2511 2515/2583/2514 2513/2581/2512
f 2517/2582/2513 2513/2581/2512 2515/2583/2514
f 2171/2233/2170 2168/2232/2169 2513/2581/2512
f 2487/2554/2485 2518/2588/2519 2519/2585/2516
f 2522/2587/2518 2519/2585/2516 2518/2588/2519
f 2516/2584/2515 2515/2583/2514 2519/2585/2516
f 2520/2586/2517 2519/2585/2516 2515/2583/2514
f 2524/2590/2521 2525/2594/2525 2526/2591/2522
f 2527/2593/2524 2528/2595/2526 2525/2594/2525
f 2522/2587/2518 2525/2594/2525 2528/2595/2526
f 2521/2589/2520 2526/2591/2522 2525/2594/2525
f 2145/2206/2143 2174/2234/2171 2529/2596/2527
f 2517/2582/2513 2529/2596/2527 2174/2234/2171
f 2516/2584/2515 2528/2595/2526 2529/2596/2527
f 2530/2597/2528 2529/2596/2527 2528/2595/2526
f 2531/2598/2529 2532/2602/2533 2533/2599/2530
f 2536/2601/2532 2533/2599/2530 2532/2602/2533
f 2537/2604/2535 2538/2605/2536 2533/2599/2530
f 2534/2600/2531 2533/2599/2530 2538/2605/2536
f 2541/2607/2538 2542/2611/2542 2543/2608/2539
f 2544/2610/2541 2545/2612/2543 2542/2611/2542
f 2536/2601/2532 2542/2611/2542 2545/2612/2543
f 2535/2603/2534 2543/2608/2539 2542/2611/2542
f 2546/2613/2544 2547/2617/2548 2548/2614/2545
f 2551/2616/2547 2548/2614/2545 2547/2617/2548
f 2537/2604/2535 2545/2612/2543 2548/2614/2545
f 2549/2615/2546 2548/2614/2545 2545/2612/2543
f 2553/2619/2550 2554/2622/2553 2555/2620/2551
f 2539/2606/2537 2538/2605/2536 2554/2622/2553
f 2551/2616/2547 2554/2622/2553 2538/2605/2536
f 2550/2618/2549 2555/2620/2551 2554/2622/2553
f 2556/2623/2554 2557/2625/2556 2146/2210/2147
f 2558/2624/2555 2559/2627/2558 2557/2625/2556
f 2561/2626/2557 2557/2625/2556 2559/2627/2558
f 2149/2211/2148 2146/2210/2147 2557/2625/2556
f 2562/2629/2560 2563/2633/2564 2564/2630/2561
f 2567/2632/2563 2564/2630/2561 2563/2633/2564
f 2560/2628/2559 2559/2627/2558 2564/2630/2561
f 2565/2631/2562 2564/2630/2561 2559/2627/2558
f 2569/2635/2566 2570/2639/2570 2571/2636/2567
f 2572/2638/2569 2573/2640/2571 2570/2639/2570
f 2567/2632/2563 2570/2639/2570 2573/2640/2571
f 2566/2634/2565 2571/2636/2567 2570/2639/2570
f 2151/2214/2151 2154/2213/2150 2574/2641/2572
f 2561/2626/2557 2574/2641/2572 2154/2213/2150
f 2560/2628/2559 2573/2640/2571 2574/2641/2572
f 2575/2642/2573 2574/2641/2572 2573/2640/2571
f 2577/2643/2574 2578/2647/2578 2579/2644/2575
f 2580/2646/2577 2581/2649/2580 2578/2647/2578
f 2583/2648/2579 2578/2647/2578 2581/2649/2580
f 2584/2651/2582 2579/2644/2575 2578/2647/2578
f 2585/2652/2583 2586/2656/2587 2587/2653/2584
f 2590/2655/2586 2587/2653/2584 2586/2656/2587
f 2582/2650/2581 2581/2649/2580 2587/2653/2584
f 2588/2654/2585 2587/2653/2584 2581/2649/2580
f 2591/2658/2589 2592/2661/2592 2593/2659/2590
f 2594/2660/2591 2595/2662/2593 2592/2661/2592
f 2590/2655/2586 2592/2661/2592 2595/2662/2593
f 2589/2657/2588 2593/2659/2590 2592/2661/2592
f 2151/2214/2151 2596/2665/2596 2597/2663/2594
f 2583/2648/2579 2597/2663/2594 2596/2665/2596
f 2582/2650/2581 2595/2662/2593 2597/2663/2594
f 2598/2664/2595 2597/2663/2594 2595/2662/2593
f 2600/2666/2597 2601/2670/2601 2602/2667/2598
f 2603/2669/2600 2604/2672/2603 2601/2670/2601
f 2606/2671/2602 2601/2670/2601 2604/2672/2603
f 2607/2674/2605 2602/2667/2598 2601/2670/2601
f 2608/2675/2606 2609/2679/2610 2610/2676/2607
f 2613/2678/2609 2610/2676/2607 2609/2679/2610
f 2605/2673/2604 2604/2672/2603 2610/2676/2607
f 2611/2677/2608 2610/2676/2607 2604/2672/2603
f 2615/2681/2612 2616/2685/2616 2617/2682/2613
f 2618/2684/2615 2619/2686/2617 2616/2685/2616
f 2613/2678/2609 2616/2685/2616 2619/2686/2617
f 2612/2680/2611 2617/2682/2613 2616/2685/2616
f 2621/2687/2618 2622/2690/2621 2623/2688/2619
f 2606/2671/2602 2622/2690/2621 2621/2687/2618
f 2605/2673/2604 2619/2686/2617 2622/2690/2621
f 2623/2688/2619 2622/2690/2621 2619/2686/2617
f 2625/2691/2622 2626/2695/2626 2627/2692/2623
f 2628/2694/2625 2629/2697/2628 2626/2695/2626
f 2631/2696/2627 2626/2695/2626 2629/2697/2628
f 2632/2699/2630 2627/2692/2623 2626/2695/2626
f 2634/2700/2631 2635/2704/2635 2636/2701/2632
f 2637/2703/2634 2638/2705/2636 2635/2704/2635
f 2630/2698/2629 2629/2697/2628 2635/2704/2635
f 2636/2701/2632 2635/2704/2635 2629/2697/2628
f 2639/2706/2637 2640/2709/2640 2641/2707/2638
f 2642/2708/2639 2643/2710/2641 2640/2709/2640
f 2638/2705/2636 2640/2709/2640 2643/2710/2641
f 2637/2703/2634 2641/2707/2638 2640/2709/2640
f 2608/2711/2606 2644/2714/2644 2645/2712/2642
f 2631/2696/2627 2645/2712/2642 2644/2714/2644
f 2630/2698/2629 2643/2710/2641 2645/2712/2642
f 2646/2713/2643 2645/2712/2642 2643/2710/2641
f 2648/2715/2645 2649/2721/2651 2650/2716/2646
f 2652/2718/2648 2649/2721/2651 2648/2715/2645
f 2653/2720/2650 2654/2723/2653 2649/2721/2651
f 2655/2722/2652 2650/2716/2646 2649/2721/2651
f 2657/2724/2654 2658/2728/2658 2659/2725/2655
f 2660/2727/2657 2661/2729/2659 2658/2728/2658
f 2652/2718/2648 2658/2728/2658 2661/2729/2659
f 2651/2719/2649 2659/2725/2655 2658/2728/2658
f 2662/2730/2660 2663/2734/2664 2664/2731/2661
f 2667/2733/2663 2664/2731/2661 2663/2734/2664
f 2653/2720/2650 2661/2729/2659 2664/2731/2661
f 2665/2732/2662 2664/2731/2661 2661/2729/2659
f 2668/2736/2666 2669/2739/2669 2670/2737/2667
f 2654/2723/2653 2670/2737/2667 2669/2739/2669
f 2667/2733/2663 2670/2737/2667 2654/2723/2653
f 2666/2735/2665 2671/2738/2668 2670/2737/2667
f 2672/2740/2670 2673/2744/2674 2674/2741/2671
f 2677/2743/2673 2674/2741/2671 2673/2744/2674
f 2678/2746/2676 2679/2747/2677 2674/2741/2671
f 2675/2742/2672 2674/2741/2671 2679/2747/2677
f 2682/2749/2679 2683/2753/2683 2684/2750/2680
f 2685/2752/2682 2686/2754/2684 2683/2753/2683
f 2677/2743/2673 2683/2753/2683 2686/2754/2684
f 2676/2745/2675 2684/2750/2680 2683/2753/2683
f 2687/2755/2685 2688/2759/2689 2689/2756/2686
f 2691/2758/2688 2692/2760/2690 2689/2756/2686
f 2678/2746/2676 2686/2754/2684 2689/2756/2686
f 2690/2757/2687 2689/2756/2686 2686/2754/2684
f 2693/2761/2691 2694/2764/2694 2695/2762/2692
f 2679/2747/2677 2695/2762/2692 2694/2764/2694
f 2678/2746/2676 2692/2760/2690 2695/2762/2692
f 2696/2763/2693 2695/2762/2692 2692/2760/2690
f 2701/2765/2695 2698/2769/2699 2697/2766/2696
f 2702/2768/2698 2703/2771/2701 2698/2769/2699
f 2699/2770/2700 2698/2769/2699 2703/2771/2701
f 2705/2773/2703 2706/2777/2707 2707/2774/2704
f 2709/2776/2706 2710/2778/2708 2707/2774/2704
f 2701/2765/2695 2707/2774/2704 2710/2778/2708
f 2700/2767/2697 2708/2775/2705 2707/2774/2704
f 2562/2629/2560 2565/2631/2562 2711/2779/2709
f 2713/2781/2711 2711/2779/2709 2565/2631/2562
f 2702/2768/2698 2710/2778/2708 2711/2779/2709
f 2712/2780/2710 2711/2779/2709 2710/2778/2708
f 2714/2782/2712 2715/2783/2713 2556/2623/2554
f 2704/2772/2702 2703/2771/2701 2715/2783/2713
f 2713/2781/2711 2715/2783/2713 2703/2771/2701
f 2558/2624/2555 2556/2623/2554 2715/2783/2713
f 2716/2784/2714 2717/2788/2718 2586/2656/2587
f 2719/2785/2715 2717/2788/2718 2716/2784/2714
f 2720/2787/2717 2721/2789/2719 2717/2788/2718
f 2589/2657/2588 2586/2656/2587 2717/2788/2718
f 2722/2790/2720 2723/2794/2724 2724/2791/2721
f 2727/2793/2723 2724/2791/2721 2723/2794/2724
f 2719/2785/2715 2724/2791/2721 2727/2793/2723
f 2718/2786/2716 2725/2792/2722 2724/2791/2721
f 2720/2787/2717 2727/2793/2723 2728/2796/2726
f 2726/2795/2725 2729/3680/3583 2728/2796/2726
f 2593/2659/2590 2732/2799/2729 2733/2798/2728
f 2589/2657/2588 2721/2789/2719 2732/2799/2729
f 2731/2797/2727 2732/2799/2729 2721/2789/2719
f 2730/2800/2730 2733/2798/2728 2732/2799/2729
f 2734/2801/2731 2735/2804/2734 2736/2802/2732
f 2737/2803/2733 2738/2806/2736 2735/2804/2734
f 2740/2805/2735 2735/2804/2734 2738/2806/2736
f 2741/2808/2738 2736/2802/2732 2735/2804/2734
f 2742/2809/2739 2743/2813/2743 2744/2810/2740
f 2747/2812/2742 2744/2810/2740 2743/2813/2743
f 2739/2807/2737 2738/2806/2736 2744/2810/2740
f 2745/2811/2741 2744/2810/2740 2738/2806/2736
f 2486/2552/2483 2748/2816/2746 2749/2815/2745
f 2481/2547/2478 2750/2817/2747 2748/2816/2746
f 2747/2812/2742 2748/2816/2746 2750/2817/2747
f 2746/2814/2744 2749/2815/2745 2748/2816/2746
f 2477/2544/2475 2751/2819/2749 2752/2818/2748
f 2740/2805/2735 2752/2818/2748 2751/2819/2749
f 2739/2807/2737 2750/2817/2747 2752/2818/2748
f 2478/2548/2479 2752/2818/2748 2750/2817/2747
f 2754/2820/2750 2755/2824/2754 2756/2821/2751
f 2757/2823/2753 2758/2826/2756 2755/2824/2754
f 2760/2825/2755 2755/2824/2754 2758/2826/2756
f 2761/2828/2758 2756/2821/2751 2755/2824/2754
f 2762/2829/2759 2763/2833/2763 2764/2830/2760
f 2767/2832/2762 2764/2830/2760 2763/2833/2763
f 2759/2827/2757 2758/2826/2756 2764/2830/2760
f 2765/2831/2761 2764/2830/2760 2758/2826/2756
f 2768/2835/2765 2769/2838/2768 2770/2836/2766
f 2771/2837/2767 2772/2839/2769 2769/2838/2768
f 2767/2832/2762 2769/2838/2768 2772/2839/2769
f 2766/2834/2764 2770/2836/2766 2769/2838/2768
f 2773/2840/2770 2774/2843/2773 2775/2841/2771
f 2760/2825/2755 2775/2841/2771 2774/2843/2773
f 2759/2827/2757 2772/2839/2769 2775/2841/2771
f 2776/2842/2772 2775/2841/2771 2772/2839/2769
f 2753/2822/2752 2756/2821/2751 2777/2844/2774
f 2779/2846/2776 2777/2844/2774 2756/2821/2751
f 2780/2847/2777 2781/2848/2778 2777/2844/2774
f 2778/2845/2775 2777/2844/2774 2781/2848/2778
f 2773/2840/2770 2783/2852/2782 2784/2850/2780
f 2786/2851/2781 2784/2850/2780 2783/2852/2782
f 2780/2847/2777 2779/2846/2776 2784/2850/2780
f 2774/2843/2773 2784/2850/2780 2779/2846/2776
f 2511/2576/2507 2787/2856/2786 2788/2854/2784
f 2789/2855/2785 2787/2856/2786 2511/2576/2507
f 2786/2851/2781 2787/2856/2786 2789/2855/2785
f 2785/2853/2783 2788/2854/2784 2787/2856/2786
f 2790/2857/2787 2791/2858/2788 2503/2573/2504
f 2782/2849/2779 2781/2848/2778 2791/2858/2788
f 2789/2855/2785 2791/2858/2788 2781/2848/2778
f 2506/2574/2505 2503/2573/2504 2791/2858/2788
f 2792/2859/2789 2793/2863/2793 2794/2860/2790
f 2797/2862/2792 2794/2860/2790 2793/2863/2793
f 2798/2865/2795 2799/2866/2796 2794/2860/2790
f 2795/2861/2791 2794/2860/2790 2799/2866/2796
f 2802/2868/2798 2803/2872/2802 2804/2869/2799
f 2805/2871/2801 2806/2873/2803 2803/2872/2802
f 2797/2862/2792 2803/2872/2802 2806/2873/2803
f 2796/2864/2794 2804/2869/2799 2803/2872/2802
f 2807/2874/2804 2808/2878/2808 2809/2875/2805
f 2812/2877/2807 2809/2875/2805 2808/2878/2808
f 2798/2865/2795 2806/2873/2803 2809/2875/2805
f 2810/2876/2806 2809/2875/2805 2806/2873/2803
f 2814/2880/2810 2815/2883/2813 2816/2881/2811
f 2800/2867/2797 2799/2866/2796 2815/2883/2813
f 2812/2877/2807 2815/2883/2813 2799/2866/2796
f 2811/2879/2809 2816/2881/2811 2815/2883/2813
f 2818/2884/2814 2819/2888/2818 2820/2885/2815
f 2821/2887/2817 2822/2890/2820 2819/2888/2818
f 2824/2889/2819 2819/2888/2818 2822/2890/2820
f 2825/2892/2822 2820/2885/2815 2819/2888/2818
f 2376/2445/2376 2408/2474/2405 2826/2893/2823
f 2828/2895/2825 2826/2893/2823 2408/2474/2405
f 2823/2891/2821 2822/2890/2820 2826/2893/2823
f 2827/2894/2824 2826/2893/2823 2822/2890/2820
f 2829/2896/2826 2830/2898/2828 2402/2472/2403
f 2831/2897/2827 2832/2899/2829 2830/2898/2828
f 2828/2895/2825 2830/2898/2828 2832/2899/2829
f 2405/2473/2404 2402/2472/2403 2830/2898/2828
f 2833/2900/2830 2834/2903/2833 2835/2901/2831
f 2824/2889/2819 2835/2901/2831 2834/2903/2833
f 2823/2891/2821 2832/2899/2829 2835/2901/2831
f 2836/2902/2832 2835/2901/2831 2832/2899/2829
f 2838/2904/2834 2839/2908/2838 2840/2905/2835
f 2841/2907/2837 2842/2910/2840 2839/2908/2838
f 2844/2909/2839 2839/2908/2838 2842/2910/2840
f 2845/2912/2842 2840/2905/2835 2839/2908/2838
f 2846/2913/2843 2847/2917/2847 2848/2914/2844
f 2851/2916/2846 2848/2914/2844 2847/2917/2847
f 2843/2911/2841 2842/2910/2840 2848/2914/2844
f 2849/2915/2845 2848/2914/2844 2842/2910/2840
f 2549/2615/2546 2852/2920/2850 2853/2919/2849
f 2544/2610/2541 2854/2921/2851 2852/2920/2850
f 2851/2916/2846 2852/2920/2850 2854/2921/2851
f 2850/2918/2848 2853/2919/2849 2852/2920/2850
f 2540/2609/2540 2855/2923/2853 2856/2922/2852
f 2844/2909/2839 2856/2922/2852 2855/2923/2853
f 2843/2911/2841 2854/2921/2851 2856/2922/2852
f 2541/2607/2538 2856/2922/2852 2854/2921/2851
f 2294/2924/2294 2857/2928/2856 2858/2925/2854
f 2860/2927/2855 2858/2925/2854 2857/2928/2856
f 2861/2930/2858 2862/2931/2859 2858/2925/2854
f 2295/2926/2292 2858/2925/2854 2862/2931/2859
f 2863/2933/2860 2864/2937/2864 2865/2934/2861
f 2868/2936/2863 2865/2934/2861 2864/2937/2864
f 2860/2927/2855 2865/2934/2861 2868/2936/2863
f 2859/2929/2857 2866/2935/2862 2865/2934/2861
f 2869/2939/2866 2870/2943/2870 2871/2940/2867
f 2873/2941/2868 2870/2943/2870 2869/2939/2866
f 2861/2930/2858 2868/2936/2863 2870/2943/2870
f 2867/2938/2865 2871/2940/2867 2870/2943/2870
f 2303/2944/2300 2874/2947/2872 2875/2945/2871
f 2298/2932/2295 2862/2931/2859 2874/2947/2872
f 2873/2941/2868 2874/2947/2872 2862/2931/2859
f 2872/2942/2869 2875/2945/2871 2874/2947/2872
f 2833/2900/2830 2876/2951/2876 2877/2948/2873
f 2880/2950/2875 2877/2948/2873 2876/2951/2876
f 2881/2953/2878 2882/2954/2879 2877/2948/2873
f 2878/2949/2874 2877/2948/2873 2882/2954/2879
f 2885/2956/2881 2886/2960/2885 2887/2957/2882
f 2888/2959/2884 2889/2961/2886 2886/2960/2885
f 2880/2950/2875 2886/2960/2885 2889/2961/2886
f 2879/2952/2877 2887/2957/2882 2886/2960/2885
f 2458/2525/2456 2890/2965/2890 2891/2962/2887
f 2894/2964/2889 2891/2962/2887 2890/2965/2890
f 2881/2953/2878 2889/2961/2886 2891/2962/2887
f 2892/2963/2888 2891/2962/2887 2889/2961/2886
f 2895/2967/2892 2896/2969/2894 2897/2968/2893
f 2883/2955/2880 2882/2954/2879 2896/2969/2894
f 2894/2964/2889 2896/2969/2894 2882/2954/2879
f 2893/2966/2891 2897/2968/2893 2896/2969/2894
f 2546/2613/2544 2853/2919/2849 2898/2970/2895
f 2899/2971/2896 2898/2970/2895 2853/2919/2849
f 2900/2972/2897 2901/2973/2898 2898/2970/2895
f 2639/2706/2637 2898/2970/2895 2901/2973/2898
f 2902/2974/2899 2903/2976/2901 2847/2917/2847
f 2904/2975/2900 2905/2977/2902 2903/2976/2901
f 2899/2971/2896 2903/2976/2901 2905/2977/2902
f 2850/2918/2848 2847/2917/2847 2903/2976/2901
f 2817/2978/2816 2906/2982/2906 2907/2979/2903
f 2910/2981/2905 2907/2979/2903 2906/2982/2906
f 2900/2972/2897 2905/2977/2902 2907/2979/2903
f 2908/2980/2904 2907/2979/2903 2905/2977/2902
f 2646/2713/2643 2911/2985/2909 2912/2984/2908
f 2642/2708/2639 2901/2973/2898 2911/2985/2909
f 2910/2981/2905 2911/2985/2909 2901/2973/2898
f 2909/2983/2907 2912/2984/2908 2911/2985/2909
f 2568/2637/2568 2913/2988/2912 2914/2986/2910
f 2916/2987/2911 2914/2986/2910 2913/2988/2912
f 2917/2990/2914 2918/2991/2915 2914/2986/2910
f 2569/2635/2566 2914/2986/2910 2918/2991/2915
f 2919/2992/2916 2920/4164/4148 2921/2993/2917
f 2922/2994/2918 2921/2993/2917 2916/2987/2911
f 2575/2642/2573 2925/2996/2920 2926/2995/2919
f 2572/2638/2569 2918/2991/2915 2925/2996/2920
f 2924/2997/2921 2925/2996/2920 2918/2991/2915
f 2923/2998/2922 2926/2995/2919 2925/2996/2920
f 2927/2999/2923 2928/3002/2926 2929/3000/2924
f 2930/3001/2925 2931/3004/2928 2928/3002/2926
f 2933/3003/2927 2928/3002/2926 2931/3004/2928
f 2934/3006/2930 2929/3000/2924 2928/3002/2926
f 2936/3007/2931 2937/3011/2935 2938/3008/2932
f 2939/3010/2934 2940/3012/2936 2937/3011/2935
f 2931/3004/2928 2937/3011/2935 2940/3012/2936
f 2930/3001/2925 2938/3008/2932 2937/3011/2935
f 2672/2740/2670 2675/2742/2672 2941/3013/2937
f 2680/2748/2678 2943/3015/2939 2941/3013/2937
f 2940/3012/2936 2941/3013/2937 2943/3015/2939
f 2942/3014/2938 2941/3013/2937 2940/3012/2936
f 2693/2761/2691 2944/3017/2941 2945/3016/2940
f 2933/3003/2927 2945/3016/2940 2944/3017/2941
f 2932/3005/2929 2943/3015/2939 2945/3016/2940
f 2694/2764/2694 2945/3016/2940 2943/3015/2939
f 2946/3018/2942 2947/3020/2944 1819/1867/1820
f 2948/3019/2943 2949/3022/2946 2947/3020/2944
f 2951/3021/2945 2947/3020/2944 2949/3022/2946
f 1822/1868/1821 1819/1867/1820 2947/3020/2944
f 2952/3024/2948 2953/3028/2952 2954/3025/2949
f 2957/3027/2951 2954/3025/2949 2953/3028/2952
f 2950/3023/2947 2949/3022/2946 2954/3025/2949
f 2955/3026/2950 2954/3025/2949 2949/3022/2946
f 2958/3030/2954 2959/3033/2957 2960/3031/2955
f 2961/3032/2956 2962/3034/2958 2959/3033/2957
f 2957/3027/2951 2959/3033/2957 2962/3034/2958
f 2956/3029/2953 2960/3031/2955 2959/3033/2957
f 1827/1874/1827 1830/1873/1826 2963/3035/2959
f 2951/3021/2945 2963/3035/2959 1830/1873/1826
f 2950/3023/2947 2962/3034/2958 2963/3035/2959
f 2964/3036/2960 2963/3035/2959 2962/3034/2958
f 2124/2184/2121 2965/3037/2961 2958/3030/2954
f 2119/2179/2116 2966/3039/2963 2965/3037/2961
f 2968/3038/2962 2965/3037/2961 2966/3039/2963
f 2958/3030/2954 2965/3037/2961 2968/3038/2962
f 2101/2162/2099 2969/3043/2967 2970/3041/2965
f 2972/3042/2966 2970/3041/2965 2969/3043/2967
f 2967/3040/2964 2966/3039/2963 2970/3041/2965
f 2117/2178/2115 2970/3041/2965 2966/3039/2963
f 1877/1920/1873 2973/3047/2971 2974/3045/2969
f 2975/3046/2970 2973/3047/2971 1877/1920/1873
f 2972/3042/2966 2973/3047/2971 2975/3046/2970
f 2971/3044/2968 2974/3045/2969 2973/3047/2971
f 2964/3036/2960 2976/3048/2972 1892/1938/1891
f 2961/3032/2956 2968/3038/2962 2976/3048/2972
f 2975/3046/2970 2976/3048/2972 2968/3038/2962
f 1882/1927/1880 1892/1938/1891 2976/3048/2972
f 2104/2164/2101 2977/3049/2973 2969/3043/2967
f 2099/2159/2096 2978/3051/2975 2977/3049/2973
f 2980/3050/2974 2977/3049/2973 2978/3051/2975
f 2971/3044/2968 2969/3043/2967 2977/3049/2973
f 2095/2158/2095 2981/3055/2979 2982/3053/2977
f 2984/3054/2978 2982/3053/2977 2981/3055/2979
f 2979/3052/2976 2978/3051/2975 2982/3053/2977
f 2096/2156/2093 2982/3053/2977 2978/3051/2975
f 1925/1969/1922 2985/3058/2982 2986/3057/2981
f 1930/1975/1928 2987/3059/2983 2985/3058/2982
f 2984/3054/2978 2985/3058/2982 2987/3059/2983
f 2983/3056/2980 2986/3057/2981 2985/3058/2982
f 1874/1921/1874 2974/3045/2969 2988/3060/2984
f 2980/3050/2974 2988/3060/2984 2974/3045/2969
f 2979/3052/2976 2987/3059/2983 2988/3060/2984
f 1940/1985/1938 2988/3060/2984 2987/3059/2983
f 1922/1967/1920 2986/3057/2981 2989/3061/2985
f 2990/3062/2986 2989/3061/2985 2986/3057/2981
f 2991/3063/2987 2992/3064/2988 2989/3061/2985
f 1970/2015/1968 2989/3061/2985 2992/3064/2988
f 2993/3065/2989 2994/3067/2991 2981/3055/2979
f 2995/3066/2990 2996/3068/2992 2994/3067/2991
f 2990/3062/2986 2994/3067/2991 2996/3068/2992
f 2983/3056/2980 2981/3055/2979 2994/3067/2991
f 2210/3069/2208 2997/3073/2996 2998/3070/2993
f 3001/3072/2995 2998/3070/2993 2997/3073/2996
f 2991/3063/2987 2996/3068/2992 2998/3070/2993
f 2999/3071/2994 2998/3070/2993 2996/3068/2992
f 1979/2023/1976 3002/3076/2999 3003/3075/2998
f 1972/2016/1969 2992/3064/2988 3002/3076/2999
f 3001/3072/2995 3002/3076/2999 2992/3064/2988
f 3000/3074/2997 3003/3075/2998 3002/3076/2999
f 2213/2273/2210 3004/3080/3002 2997/3077/2996
f 3005/3078/3000 3004/3080/3002 2213/2273/2210
f 3006/3079/3001 3007/3082/3003 3004/3080/3002
f 3000/3081/2997 2997/3077/2996 3004/3080/3002
f 3008/3083/3004 3009/3085/3006 2205/2265/2202
f 3010/3084/3005 3011/3086/3007 3009/3085/3006
f 3005/3078/3000 3009/3085/3006 3011/3086/3007
f 2208/2269/2206 2205/2265/2202 3009/3085/3006
f 2002/2047/2000 2005/2049/2002 3012/3087/3008
f 2010/2055/2008 3014/3089/3010 3012/3087/3008
f 3006/3079/3001 3011/3086/3007 3012/3087/3008
f 3013/3088/3009 3012/3087/3008 3011/3086/3007
f 1976/2070/1974 3003/3091/2998 3015/3090/3011
f 3007/3082/3003 3015/3090/3011 3003/3091/2998
f 3006/3079/3001 3014/3089/3010 3015/3090/3011
f 2020/2068/2018 3015/3090/3011 3014/3089/3010
f 3013/3088/3009 3016/3092/3012 2063/2122/2062
f 3010/3084/3005 3017/3094/3014 3016/3092/3012
f 3019/3093/3013 3016/3092/3012 3017/3094/3014
f 2055/2113/2053 2063/2122/2062 3016/3092/3012
f 2204/2267/2204 3020/3098/3018 3021/3096/3016
f 3023/3097/3017 3021/3096/3016 3020/3098/3018
f 3018/3095/3015 3017/3094/3014 3021/3096/3016
f 3008/3083/3004 3021/3096/3016 3017/3094/3014
f 2955/3026/2950 3024/3101/3021 3025/3100/3020
f 2948/3019/2943 3026/3102/3022 3024/3101/3021
f 3023/3097/3017 3024/3101/3021 3026/3102/3022
f 3022/3099/3019 3025/3100/3020 3024/3101/3021
f 1818/1863/1816 2051/2108/2048 3027/3103/3023
f 3019/3093/3013 3027/3103/3023 2051/2108/2048
f 3018/3095/3015 3026/3102/3022 3027/3103/3023
f 2946/3018/2942 3027/3103/3023 3026/3102/3022
f 2107/2170/2107 3028/3106/3026 3029/3104/3024
f 3031/3105/3025 3029/3104/3024 3028/3106/3026
f 3032/3108/3028 3033/3109/3029 3029/3104/3024
f 2108/2168/2105 3029/3104/3024 3033/3109/3029
f 2436/2502/2433 3034/3111/3031 3035/3110/3030
f 2431/2497/2428 3036/3112/3032 3034/3111/3031
f 3031/3105/3025 3034/3111/3031 3036/3112/3032
f 3030/3107/3027 3035/3110/3030 3034/3111/3031
f 2427/2496/2427 3037/3115/3035 3038/3113/3033
f 3040/3114/3034 3038/3113/3033 3037/3115/3035
f 3032/3108/3028 3036/3112/3032 3038/3113/3033
f 2428/2494/2425 3038/3113/3033 3036/3112/3032
f 2089/2149/2086 3041/3118/3038 3042/3117/3037
f 2094/2155/2092 3033/3109/3029 3041/3118/3038
f 3040/3114/3034 3041/3118/3038 3033/3109/3029
f 3039/3116/3036 3042/3117/3037 3041/3118/3038
f 2127/2190/2127 2133/2193/2130 3043/3119/3039
f 3044/3120/3040 3043/3119/3039 2133/2193/2130
f 3045/3121/3041 3046/3122/3042 3043/3119/3039
f 2128/2188/2125 3043/3119/3039 3046/3122/3042
f 2598/2664/2595 3047/3123/3043 2152/2212/2149
f 2594/2660/2591 3048/3124/3044 3047/3123/3043
f 3044/3120/3040 3047/3123/3043 3048/3124/3044
f 2138/2199/2136 2152/2212/2149 3047/3123/3043
f 2433/2500/2431 3035/3110/3030 3049/3125/3045
f 3050/3126/3046 3049/3125/3045 3035/3110/3030
f 3045/3121/3041 3048/3124/3044 3049/3125/3045
f 2591/2658/2589 3049/3125/3045 3048/3124/3044
f 2112/2173/2110 3051/3127/3047 3028/3106/3026
f 2116/2177/2114 3046/3122/3042 3051/3127/3047
f 3050/3126/3046 3051/3127/3047 3046/3122/3042
f 3030/3107/3027 3028/3106/3026 3051/3127/3047
f 2121/2182/2119 2960/3031/2955 3052/3128/3048
f 3053/3129/3049 3052/3128/3048 2960/3031/2955
f 3054/3130/3050 3055/3131/3051 3052/3128/3048
f 2122/2186/2123 3052/3128/3048 3055/3131/3051
f 3056/3132/3052 3057/3134/3054 2953/3028/2952
f 3058/3133/3053 3059/3135/3055 3057/3134/3054
f 3053/3129/3049 3057/3134/3054 3059/3135/3055
f 2956/3029/2953 2953/3028/2952 3057/3134/3054
f 2139/2202/2139 2142/2201/2138 3060/3136/3056
f 3062/3138/3058 3060/3136/3056 2142/2201/2138
f 3054/3130/3050 3059/3135/3055 3060/3136/3056
f 3061/3137/3057 3060/3136/3056 3059/3135/3055
f 2130/2189/2126 3063/3139/3059 2131/2195/2132
f 2125/2187/2124 3055/3131/3051 3063/3139/3059
f 3062/3138/3058 3063/3139/3059 3055/3131/3051
f 2134/2196/2133 2131/2195/2132 3063/3139/3059
f 2952/3024/2948 3025/3100/3020 3064/3140/3060
f 3065/3141/3061 3064/3140/3060 3025/3100/3020
f 3066/3142/3062 3067/3143/3063 3064/3140/3060
f 3056/3132/3052 3064/3140/3060 3067/3143/3063
f 3068/3144/3064 3069/3146/3066 3020/3098/3018
f 3070/3145/3065 3071/3147/3067 3069/3146/3066
f 3065/3141/3061 3069/3146/3066 3071/3147/3067
f 3022/3099/3019 3020/3098/3018 3069/3146/3066
f 2161/2224/2161 2164/2223/2160 3072/3148/3068
f 3074/3150/3070 3072/3148/3068 2164/2223/2160
f 3066/3142/3062 3071/3147/3067 3072/3148/3068
f 3073/3149/3069 3072/3148/3068 3071/3147/3067
f 3061/3137/3057 3075/3151/3071 2155/2218/2155
f 3058/3133/3053 3067/3143/3063 3075/3151/3071
f 3074/3150/3070 3075/3151/3071 3067/3143/3063
f 2157/2219/2156 2155/2218/2155 3075/3151/3071
f 2195/2256/2193 3076/3154/3074 3077/3152/3072
f 3079/3153/3073 3077/3152/3072 3076/3154/3074
f 3080/3156/3076 3081/3157/3077 3077/3152/3072
f 2196/2260/2197 3077/3152/3072 3081/3157/3077
f 2184/2244/2181 3082/3159/3079 3083/3158/3078
f 2177/2239/2176 3084/3160/3080 3082/3159/3079
f 3079/3153/3073 3082/3159/3079 3084/3160/3080
f 3078/3155/3075 3083/3158/3078 3082/3159/3079
f 3073/3149/3069 3085/3161/3081 2175/2238/2175
f 3070/3145/3065 3086/3162/3082 3085/3161/3081
f 3084/3160/3080 3085/3161/3081 3086/3162/3082
f 2177/2239/2176 2175/2238/2175 3085/3161/3081
f 2204/2267/2204 2207/2266/2203 3087/3163/3083
f 3081/3157/3077 3087/3163/3083 2207/2266/2203
f 3080/3156/3076 3086/3162/3082 3087/3163/3083
f 3068/3144/3064 3087/3163/3083 3086/3162/3082
f 3089/3164/3084 3090/3168/3088 3091/3165/3085
f 3092/3167/3087 3093/3170/3090 3090/3168/3088
f 3095/3169/3089 3090/3168/3088 3093/3170/3090
f 3096/3172/3092 3091/3165/3085 3090/3168/3088
f 2181/2242/2179 3083/3158/3078 3097/3173/3093
f 3099/3175/3095 3097/3173/3093 3083/3158/3078
f 3094/3171/3091 3093/3170/3090 3097/3173/3093
f 3098/3174/3094 3097/3173/3093 3093/3170/3090
f 3100/3176/3096 3101/3178/3098 3076/3154/3074
f 3102/3177/3097 3103/3179/3099 3101/3178/3098
f 3099/3175/3095 3101/3178/3098 3103/3179/3099
f 3078/3155/3075 3076/3154/3074 3101/3178/3098
f 3104/3180/3100 3105/3182/3102 3106/3181/3101
f 3095/3169/3089 3105/3182/3102 3104/3180/3100
f 3094/3171/3091 3103/3179/3099 3105/3182/3102
f 3102/3177/3097 3106/3181/3101 3105/3182/3102
f 2187/2250/2187 2190/2249/2186 3107/3183/3103
f 3109/3185/3105 3107/3183/3103 2190/2249/2186
f 3110/3186/3106 3111/3187/3107 3107/3183/3103
f 3108/3184/3104 3107/3183/3103 3111/3187/3107
f 3098/3174/3094 3113/3189/3109 2182/2246/2183
f 3092/3167/3087 3114/3190/3110 3113/3189/3109
f 3109/3185/3105 3113/3189/3109 3114/3190/3110
f 2185/2247/2184 2182/2246/2183 3113/3189/3109
f 3088/3166/3086 3115/3193/3113 3116/3191/3111
f 3118/3192/3112 3116/3191/3111 3115/3193/3113
f 3110/3186/3106 3114/3190/3110 3116/3191/3111
f 3089/3164/3084 3116/3191/3111 3114/3190/3110
f 3119/3195/3115 3120/3197/3117 3121/3196/3116
f 3112/3188/3108 3111/3187/3107 3120/3197/3117
f 3118/3192/3112 3120/3197/3117 3111/3187/3107
f 3117/3194/3114 3121/3196/3116 3120/3197/3117
f 2216/2279/2216 2222/3200/2219 3122/3198/3118
f 3123/3199/3119 3122/3198/3118 2222/3200/2219
f 3124/3202/3120 3125/3203/3121 3122/3198/3118
f 2217/2277/2214 3122/3198/3118 3125/3203/3121
f 2366/2432/2364 3126/3205/3122 2241/3204/2241
f 2363/2427/2360 3127/3206/3123 3126/3205/3122
f 3123/3199/3119 3126/3205/3122 3127/3206/3123
f 2227/3201/2225 2241/3204/2241 3126/3205/3122
f 2359/2426/2359 3106/3181/3101 3128/3207/3124
f 3129/3208/3125 3128/3207/3124 3106/3181/3101
f 3124/3202/3120 3127/3206/3123 3128/3207/3124
f 2360/2424/2357 3128/3207/3124 3127/3206/3123
f 2198/2258/2195 3130/3209/3126 3100/3176/3096
f 2203/2264/2201 3125/3203/3121 3130/3209/3126
f 3129/3208/3125 3130/3209/3126 3125/3203/3121
f 3102/3177/3097 3100/3176/3096 3130/3209/3126
f 2999/3071/2994 3131/3211/3127 2211/3210/2212
f 2995/3066/2990 3132/3213/3129 3131/3211/3127
f 3134/3212/3128 3131/3211/3127 3132/3213/3129
f 2214/3215/2213 2211/3210/2212 3131/3211/3127
f 2095/2158/2095 2262/2323/2259 3135/3216/3131
f 3136/3217/3132 3135/3216/3131 2262/2323/2259
f 3133/3214/3130 3132/3213/3129 3135/3216/3131
f 2993/3065/2989 3135/3216/3131 3132/3213/3129
f 2231/2292/2228 3137/3218/3133 2256/2321/2257
f 2223/2284/2220 3138/3219/3134 3137/3218/3133
f 3136/3217/3132 3137/3218/3133 3138/3219/3134
f 2259/2322/2258 2256/2321/2257 3137/3218/3133
f 2216/2283/2216 2219/3221/2215 3139/3220/3135
f 3134/3212/3128 3139/3220/3135 2219/3221/2215
f 3133/3214/3130 3138/3219/3134 3139/3220/3135
f 2220/2281/2218 3139/3220/3135 3138/3219/3134
f 2437/2504/2435 3140/3225/3139 3141/3222/3136
f 3143/3224/3138 3144/3227/3141 3141/3222/3136
f 3145/3226/3140 3146/3228/3142 3141/3222/3136
f 3142/3223/3137 3141/3222/3136 3146/3228/3142
f 2250/2314/2250 2253/2313/2249 3148/3230/3144
f 3150/3232/3146 3148/3230/3144 2253/2313/2249
f 3144/3227/3141 3148/3230/3144 3150/3232/3146
f 3149/3231/3145 3148/3230/3144 3144/3227/3141
f 2086/2147/2084 3042/3117/3037 3151/3233/3147
f 3152/3234/3148 3151/3233/3147 3042/3117/3037
f 3145/3226/3140 3150/3232/3146 3151/3233/3147
f 2244/2306/2242 3151/3233/3147 3150/3232/3146
f 3153/3235/3149 3154/3236/3150 3037/3115/3035
f 3147/3229/3143 3146/3228/3142 3154/3236/3150
f 3152/3234/3148 3154/3236/3150 3146/3228/3142
f 3039/3116/3036 3037/3115/3035 3154/3236/3150
f 3155/3237/3151 3156/3241/3155 3157/3238/3152
f 3160/3240/3154 3157/3238/3152 3156/3241/3155
f 3161/3243/3157 3162/3244/3158 3157/3238/3152
f 3158/3239/3153 3157/3238/3152 3162/3244/3158
f 3149/3231/3145 3164/3247/3161 3165/3246/3160
f 3143/3224/3138 3166/3248/3162 3164/3247/3161
f 3160/3240/3154 3164/3247/3161 3166/3248/3162
f 3159/3242/3156 3165/3246/3160 3164/3247/3161
f 2437/2504/2435 2440/2506/2437 3167/3249/3163
f 3168/3250/3164 3167/3249/3163 2440/2506/2437
f 3161/3243/3157 3166/3248/3162 3167/3249/3163
f 3140/3225/3139 3167/3249/3163 3166/3248/3162
f 3169/3251/3165 3170/3252/3166 2459/2528/2459
f 3163/3245/3159 3162/3244/3158 3170/3252/3166
f 3168/3250/3164 3170/3252/3166 3162/3244/3158
f 2445/2511/2442 2459/2528/2459 3170/3252/3166
f 2258/2319/2255 3171/3253/3167 2229/2294/2230
f 2254/2315/2251 3172/3255/3169 3171/3253/3167
f 3174/3254/3168 3171/3253/3167 3172/3255/3169
f 2232/2295/2231 2229/2294/2230 3171/3253/3167
f 2250/2314/2250 3165/3246/3160 3175/3257/3171
f 3176/3258/3172 3175/3257/3171 3165/3246/3160
f 3173/3256/3170 3172/3255/3169 3175/3257/3171
f 2251/2312/2248 3175/3257/3171 3172/3255/3169
f 3177/3259/3173 3178/3261/3175 3156/3241/3155
f 3179/3260/3174 3180/3262/3176 3178/3261/3175
f 3176/3258/3172 3178/3261/3175 3180/3262/3176
f 3159/3242/3156 3156/3241/3155 3178/3261/3175
f 2234/2298/2234 2237/2297/2233 3181/3263/3177
f 3174/3254/3168 3181/3263/3177 2237/2297/2233
f 3173/3256/3170 3180/3262/3176 3181/3263/3177
f 3182/3264/3178 3181/3263/3177 3180/3262/3176
f 2392/2461/2392 2395/2460/2391 3183/3265/3179
f 3185/3267/3181 3183/3265/3179 2395/2460/2391
f 3186/3268/3182 3187/3269/3183 3183/3265/3179
f 3184/3266/3180 3183/3265/3179 3187/3269/3183
f 3189/3271/3185 3190/3273/3187 2410/2478/2409
f 3191/3272/3186 3192/3274/3188 3190/3273/3187
f 3185/3267/3181 3190/3273/3187 3192/3274/3188
f 2400/2467/2398 2410/2478/2409 3190/3273/3187
f 2263/2325/2261 2266/2327/2263 3193/3275/3189
f 3195/3277/3191 3193/3275/3189 2266/2327/2263
f 3186/3268/3182 3192/3274/3188 3193/3275/3189
f 3194/3276/3190 3193/3275/3189 3192/3274/3188
f 3196/3278/3192 3197/3279/3193 2285/2346/2282
f 3188/3270/3184 3187/3269/3183 3197/3279/3193
f 3195/3277/3191 3197/3279/3193 3187/3269/3183
f 2271/2333/2269 2285/2346/2282 3197/3279/3193
f 2370/2436/2367 3198/3280/3194 3189/3271/3185
f 2375/2442/2373 3199/3282/3196 3198/3280/3194
f 3201/3281/3195 3198/3280/3194 3199/3282/3196
f 3189/3271/3185 3198/3280/3194 3201/3281/3195
f 2388/2457/2388 3202/3286/3200 3203/3284/3198
f 3205/3285/3199 3203/3284/3198 3202/3286/3200
f 3200/3283/3197 3199/3282/3196 3203/3284/3198
f 2389/2455/2386 3203/3284/3198 3199/3282/3196
f 2294/2358/2294 2297/2357/2293 3206/3288/3202
f 3208/3290/3204 3206/3288/3202 2297/2357/2293
f 3200/3283/3197 3205/3285/3199 3206/3288/3202
f 3207/3289/3203 3206/3288/3202 3205/3285/3199
f 3194/3276/3190 3209/3291/3205 2288/2352/2288
f 3191/3272/3186 3201/3281/3195 3209/3291/3205
f 3208/3290/3204 3209/3291/3205 3201/3281/3195
f 2290/2353/2289 2288/2352/2288 3209/3291/3205
f 3155/3237/3151 3210/3294/3208 3211/3292/3206
f 3213/3293/3207 3211/3292/3206 3210/3294/3208
f 3214/3296/3210 3215/3297/3211 3211/3292/3206
f 3177/3259/3173 3211/3292/3206 3215/3297/3211
f 2320/2381/2317 3216/3299/3213 3217/3298/3212
f 2312/2375/2311 3218/3300/3214 3216/3299/3213
f 3213/3293/3207 3216/3299/3213 3218/3300/3214
f 3212/3295/3209 3217/3298/3212 3216/3299/3213
f 2336/2397/2333 3219/3301/3215 2309/2374/2310
f 2330/2391/2327 3220/3302/3216 3219/3301/3215
f 3218/3300/3214 3219/3301/3215 3220/3302/3216
f 2312/2375/2311 2309/2374/2310 3219/3301/3215
f 3182/3264/3178 3221/3303/3217 2328/2392/2328
f 3179/3260/3174 3215/3297/3211 3221/3303/3217
f 3220/3302/3216 3221/3303/3217 3215/3297/3211
f 2328/2392/2328 3221/3303/3217 3220/3302/3216
f 3222/3304/3218 3223/3306/3220 2885/2956/2881
f 3224/3305/3219 3225/3308/3222 3223/3306/3220
f 3227/3307/3221 3223/3306/3220 3225/3308/3222
f 2885/2956/2881 3223/3306/3220 3227/3307/3221
f 2317/2379/2315 3217/3298/3212 3228/3310/3224
f 3230/3312/3226 3228/3310/3224 3217/3298/3212
f 3226/3309/3223 3225/3308/3222 3228/3310/3224
f 3229/3311/3225 3228/3310/3224 3225/3308/3222
f 3158/3239/3153 3231/3313/3227 3210/3294/3208
f 3163/3245/3159 3232/3314/3228 3231/3313/3227
f 3230/3312/3226 3231/3313/3227 3232/3314/3228
f 3212/3295/3209 3210/3294/3208 3231/3313/3227
f 2892/2963/2888 3233/3315/3229 3169/3251/3165
f 2888/2959/2884 3227/3307/3221 3233/3315/3229
f 3232/3314/3228 3233/3315/3229 3227/3307/3221
f 3169/3251/3165 3233/3315/3229 3232/3314/3228
f 2284/2348/2284 2324/2386/2322 3234/3316/3230
f 3235/3317/3231 3234/3316/3230 2324/2386/2322
f 3236/3318/3232 3237/3319/3233 3234/3316/3230
f 3196/3278/3192 3234/3316/3230 3237/3319/3233
f 3229/3311/3225 3238/3320/3234 2318/2383/2319
f 3224/3305/3219 3239/3321/3235 3238/3320/3234
f 3235/3317/3231 3238/3320/3234 3239/3321/3235
f 2321/2384/2320 2318/2383/2319 3238/3320/3234
f 2884/2958/2883 3240/3324/3238 3241/3322/3236
f 3243/3323/3237 3241/3322/3236 3240/3324/3238
f 3236/3318/3232 3239/3321/3235 3241/3322/3236
f 3222/3304/3218 3241/3322/3236 3239/3321/3235
f 3184/3266/3180 3244/3327/3241 3245/3326/3240
f 3188/3270/3184 3237/3319/3233 3244/3327/3241
f 3243/3323/3237 3244/3327/3241 3237/3319/3233
f 3242/3325/3239 3245/3326/3240 3244/3327/3241
f 2278/2340/2276 2281/2342/2278 3246/3328/3242
f 2276/2337/2273 3247/3330/3244 3246/3328/3242
f 3248/3329/3243 3249/3331/3245 3246/3328/3242
f 2326/2388/2324 3246/3328/3242 3249/3331/3245
f 2272/2336/2272 3250/3334/3248 3251/3332/3246
f 3253/3333/3247 3251/3332/3246 3250/3334/3248
f 3248/3329/3243 3247/3330/3244 3251/3332/3246
f 2273/2334/2270 3251/3332/3246 3247/3330/3244
f 2339/2401/2337 2342/2403/2339 3254/3336/3250
f 2337/2400/2336 3256/3338/3252 3254/3336/3250
f 3253/3333/3247 3254/3336/3250 3256/3338/3252
f 3255/3337/3251 3254/3336/3250 3253/3333/3247
f 2311/2372/2308 3257/3339/3253 2334/2399/2335
f 2316/2378/2314 3249/3331/3245 3257/3339/3253
f 3256/3338/3252 3257/3339/3253 3249/3331/3245
f 2337/2400/2336 2334/2399/2335 3257/3339/3253
f 3255/3340/3251 3258/3342/3254 2347/2413/2347
f 3252/3341/3249 3259/3344/3256 3258/3342/3254
f 3261/3343/3255 3258/3342/3254 3259/3344/3256
f 2349/2414/2348 2347/2413/2347 3258/3342/3254
f 2272/3346/2272 2307/3350/2304 3262/3347/3258
f 3263/3349/3259 3262/3347/3258 2307/3350/2304
f 3260/3345/3257 3259/3344/3256 3262/3347/3258
f 3250/3348/3248 3262/3347/3258 3259/3344/3256
f 2300/2946/2298 2875/2945/2871 3264/3352/3260
f 3265/3354/3261 3264/3352/3260 2875/2945/2871
f 3263/3349/3259 3264/3352/3260 3265/3354/3261
f 2304/3351/2303 2301/3353/2302 3264/3352/3260
f 2353/2418/2351 2356/2420/2353 3266/3355/3262
f 3261/3343/3255 3266/3355/3262 2356/2420/2353
f 3260/3345/3257 3265/3354/3261 3266/3355/3262
f 2869/2939/2866 3266/3355/3262 3265/3354/3261
f 2477/2544/2475 2480/2546/2477 3267/3356/3263
f 2475/2541/2472 3268/3358/3265 3267/3356/3263
f 3270/3357/3264 3267/3356/3263 3268/3358/3265
f 2741/2808/2738 2751/2819/2749 3267/3356/3263
f 2471/2538/2469 3271/3362/3269 3272/3360/3267
f 3274/3361/3268 3272/3360/3267 3271/3362/3269
f 3269/3359/3266 3268/3358/3265 3272/3360/3267
f 2472/2542/2473 3272/3360/3267 3268/3358/3265
f 2424/2490/2421 3275/3365/3272 3276/3364/3271
f 2416/2482/2413 3277/3366/3273 3275/3365/3272
f 3274/3361/3268 3275/3365/3272 3277/3366/3273
f 3273/3363/3270 3276/3364/3271 3275/3365/3272
f 2412/2481/2412 2736/2802/2732 3278/3367/3274
f 3270/3357/3264 3278/3367/3274 2736/2802/2732
f 3269/3359/3266 3277/3366/3273 3278/3367/3274
f 2413/2479/2410 3278/3367/3274 3277/3366/3273
f 3279/3368/3275 3280/3370/3277 2422/2492/2423
f 3281/3369/3276 3282/3372/3279 3280/3370/3277
f 3284/3371/3278 3280/3370/3277 3282/3372/3279
f 2425/2493/2424 2422/2492/2423 3280/3370/3277
f 2446/2515/2446 2449/2514/2445 3285/3374/3281
f 3287/3376/3283 3285/3374/3281 2449/2514/2445
f 3283/3373/3280 3282/3372/3279 3285/3374/3281
f 3286/3375/3282 3285/3374/3281 3282/3372/3279
f 3142/3223/3137 3288/3377/3284 2438/2508/2439
f 3147/3229/3143 3289/3378/3285 3288/3377/3284
f 3287/3376/3283 3288/3377/3284 3289/3378/3285
f 2441/2509/2440 2438/2508/2439 3288/3377/3284
f 2427/2496/2427 2430/2495/2426 3290/3379/3286
f 3284/3371/3278 3290/3379/3286 2430/2495/2426
f 3283/3373/3280 3289/3378/3285 3290/3379/3286
f 3153/3235/3149 3290/3379/3286 3289/3378/3285
f 2462/2531/2462 3291/3382/3289 3292/3380/3287
f 3294/3381/3288 3292/3380/3287 3291/3382/3289
f 3295/3384/3291 3296/3385/3292 3292/3380/3287
f 2463/2529/2460 3292/3380/3287 3296/3385/3292
f 3286/3375/3282 3297/3387/3294 3298/3386/3293
f 3281/3369/3276 3299/3388/3295 3297/3387/3294
f 3294/3381/3288 3297/3387/3294 3299/3388/3295
f 3293/3383/3290 3298/3386/3293 3297/3387/3294
f 2421/2488/2419 3276/3364/3271 3300/3389/3296
f 3301/3390/3297 3300/3389/3296 3276/3364/3271
f 3295/3384/3291 3299/3388/3295 3300/3389/3296
f 3279/3368/3275 3300/3389/3296 3299/3388/3295
f 2474/2540/2471 3302/3391/3298 3271/3362/3269
f 2466/2532/2463 3296/3385/3292 3302/3391/3298
f 3301/3390/3297 3302/3391/3298 3296/3385/3292
f 3273/3363/3270 3271/3362/3269 3302/3391/3298
f 2452/2521/2452 2455/2520/2451 3303/3392/3299
f 3305/3394/3301 3303/3392/3299 2455/2520/2451
f 3307/3395/3302 3303/3392/3299 3305/3394/3301
f 3304/3393/3300 3303/3392/3299 3307/3395/3302
f 2446/2515/2446 3298/3386/3293 3309/3398/3305
f 3310/3399/3306 3309/3398/3305 3298/3386/3293
f 3306/3396/3303 3305/3394/3301 3309/3398/3305
f 2447/2513/2444 3309/3398/3305 3305/3394/3301
f 3311/3400/3307 3312/3402/3309 3291/3382/3289
f 3313/3401/3308 3314/3403/3310 3312/3402/3309
f 3310/3399/3306 3312/3402/3309 3314/3403/3310
f 3293/3383/3290 3291/3382/3289 3312/3402/3309
f 3315/3404/3311 3316/3407/3314 3317/3405/3312
f 3307/3395/3302 3317/3405/3312 3316/3407/3314
f 3306/3396/3303 3314/3403/3310 3317/3405/3312
f 3318/3406/3313 3317/3405/3312 3314/3403/3310
f 3319/3408/3315 3320/3410/3317 2484/2553/2484
f 3321/3409/3316 3322/3412/3319 3320/3410/3317
f 3324/3411/3318 3320/3410/3317 3322/3412/3319
f 2470/2537/2468 2484/2553/2484 3320/3410/3317
f 3325/3414/3321 3326/3418/3325 3327/3415/3322
f 3330/3417/3324 3327/3415/3322 3326/3418/3325
f 3323/3413/3320 3322/3412/3319 3327/3415/3322
f 3328/3416/3323 3327/3415/3322 3322/3412/3319
f 3318/3406/3313 3331/3421/3328 3332/3420/3327
f 3313/3401/3308 3333/3422/3329 3331/3421/3328
f 3330/3417/3324 3331/3421/3328 3333/3422/3329
f 3329/3419/3326 3332/3420/3327 3331/3421/3328
f 2462/2531/2462 2465/2530/2461 3334/3423/3330
f 3324/3411/3318 3334/3423/3330 2465/2530/2461
f 3323/3413/3320 3333/3422/3329 3334/3423/3330
f 3311/3400/3307 3334/3423/3330 3333/3422/3329
f 3335/3424/3331 3336/3426/3333 2188/2248/2185
f 3337/3425/3332 3338/3428/3335 3336/3426/3333
f 3340/3427/3334 3336/3426/3333 3338/3428/3335
f 2191/2252/2189 2188/2248/2185 3336/3426/3333
f 2496/2565/2496 2499/2564/2495 3341/3430/3337
f 3343/3432/3339 3341/3430/3337 2499/2564/2495
f 3339/3429/3336 3338/3428/3335 3341/3430/3337
f 3342/3431/3338 3341/3430/3337 3338/3428/3335
f 2520/2586/2517 3344/3433/3340 2488/2558/2489
f 2514/2580/2511 3345/3434/3341 3344/3433/3340
f 3343/3432/3339 3344/3433/3340 3345/3434/3341
f 2491/2559/2490 2488/2558/2489 3344/3433/3340
f 2167/2228/2165 2194/2254/2191 3346/3435/3342
f 3340/3427/3334 3346/3435/3342 2194/2254/2191
f 3339/3429/3336 3345/3434/3341 3346/3435/3342
f 2512/2579/2510 3346/3435/3342 3345/3434/3341
f 3347/3436/3343 3348/3438/3345 2532/2602/2533
f 3349/3437/3344 3350/3440/3347 3348/3438/3345
f 3352/3439/3346 3348/3438/3345 3350/3440/3347
f 2535/2603/2534 2532/2602/2533 3348/3438/3345
f 3342/3431/3338 3353/3444/3351 3354/3442/3349
f 3355/3443/3350 3353/3444/3351 3342/3431/3338
f 3351/3441/3348 3350/3440/3347 3353/3444/3351
f 3354/3442/3349 3353/3444/3351 3350/3440/3347
f 3108/3184/3104 3356/3445/3352 3335/3424/3331
f 3112/3188/3108 3357/3446/3353 3356/3445/3352
f 3355/3443/3350 3356/3445/3352 3357/3446/3353
f 3337/3425/3332 3335/3424/3331 3356/3445/3352
f 2540/2609/2540 2543/2608/2539 3358/3447/3354
f 3352/3439/3346 3358/3447/3354 2543/2608/2539
f 3351/3441/3348 3357/3446/3353 3358/3447/3354
f 3119/3195/3115 3358/3447/3354 3357/3446/3353
f 2505/2571/2502 3359/3449/3356 3360/3448/3355
f 2500/2566/2497 3361/3451/3358 3359/3449/3356
f 3363/3450/3357 3359/3449/3356 3361/3451/3358
f 3364/3453/3360 3360/3448/3355 3359/3449/3356
f 2496/2565/2496 3354/3442/3349 3365/3454/3361
f 3349/3437/3344 3366/3455/3362 3365/3454/3361
f 3362/3452/3359 3361/3451/3358 3365/3454/3361
f 2497/2563/2494 3365/3454/3361 3361/3451/3358
f 2531/2598/2529 3367/3458/3365 3368/3456/3363
f 3370/3457/3364 3368/3456/3363 3367/3458/3365
f 3362/3452/3359 3366/3455/3362 3368/3456/3363
f 3347/3436/3343 3368/3456/3363 3366/3455/3362
f 3371/3460/3367 3372/3463/3370 3373/3461/3368
f 3363/3450/3357 3373/3461/3368 3372/3463/3370
f 3362/3452/3359 3370/3457/3364 3373/3461/3368
f 3374/3462/3369 3373/3461/3368 3370/3457/3364
f 2508/2577/2508 2788/2854/2784 3375/3464/3371
f 3376/3465/3372 3375/3464/3371 2788/2854/2784
f 3377/3466/3373 3378/3467/3374 3375/3464/3371
f 2509/2575/2506 3375/3464/3371 3378/3467/3374
f 2776/2842/2772 3379/3468/3375 2783/2852/2782
f 2771/2837/2767 3380/3469/3376 3379/3468/3375
f 3376/3465/3372 3379/3468/3375 3380/3469/3376
f 2785/2853/2783 2783/2852/2782 3379/3468/3375
f 2523/2592/2523 2526/2591/2522 3381/3470/3377
f 3382/3471/3378 3381/3470/3377 2526/2591/2522
f 3377/3466/3373 3380/3469/3376 3381/3470/3377
f 2768/2835/2765 3381/3470/3377 3380/3469/3376
f 2490/2556/2487 3383/3472/3379 2518/2588/2519
f 2495/2562/2493 3378/3467/3374 3383/3472/3379
f 3382/3471/3378 3383/3472/3379 3378/3467/3374
f 2521/2589/2520 2518/2588/2519 3383/3472/3379
f 3384/3473/3380 3385/3477/3384 3386/3474/3381
f 3389/3476/3383 3386/3474/3381 3385/3477/3384
f 3390/3479/3386 3391/3480/3387 3386/3474/3381
f 3387/3475/3382 3386/3474/3381 3391/3480/3387
f 3393/3482/3389 3394/3486/3393 3395/3483/3390
f 3397/3485/3392 3398/3487/3394 3395/3483/3390
f 3389/3476/3383 3395/3483/3390 3398/3487/3394
f 3388/3478/3385 3396/3484/3391 3395/3483/3390
f 3399/3488/3395 3400/3492/3399 3401/3489/3396
f 3404/3491/3398 3401/3489/3396 3400/3492/3399
f 3390/3479/3386 3398/3487/3394 3401/3489/3396
f 3402/3490/3397 3401/3489/3396 3398/3487/3394
f 3392/3481/3388 3391/3480/3387 3406/3494/3401
f 3404/3491/3398 3406/3494/3401 3391/3480/3387
f 3403/3493/3400 3407/4036/3910 3406/3494/3401
f 3408/3496/3403 3409/3498/3405 2563/2633/2564
f 3410/3497/3404 3411/3500/3407 3409/3498/3405
f 3413/3499/3406 3409/3498/3405 3411/3500/3407
f 2566/2634/2565 2563/2633/2564 3409/3498/3405
f 2668/2736/2666 2671/2738/2668 3414/3502/3409
f 3416/3504/3411 3414/3502/3409 2671/2738/2668
f 3412/3501/3408 3411/3500/3407 3414/3502/3409
f 3415/3503/3410 3414/3502/3409 3411/3500/3407
f 2662/2730/2660 3417/3507/3414 3418/3505/3412
f 3419/3506/3413 3420/3508/3415 3418/3505/3412
f 3416/3504/3411 3418/3505/3412 3420/3508/3415
f 2666/2735/2665 2663/2734/2664 3418/3505/3412
f 2568/2637/2568 2571/2636/2567 3421/3509/3416
f 3413/3499/3406 3421/3509/3416 2571/2636/2567
f 3412/3501/3408 3420/3508/3415 3421/3509/3416
f 3422/3510/3417 3421/3509/3416 3420/3508/3415
f 2576/2645/2576 2929/3000/2924 3423/3511/3418
f 3424/3512/3419 3423/3511/3418 2929/3000/2924
f 3425/3513/3420 3426/3514/3421 3423/3511/3418
f 2577/2643/2574 3423/3511/3418 3426/3514/3421
f 2693/2761/2691 2696/2763/2693 3427/3515/3422
f 2691/2758/2688 3428/3516/3423 3427/3515/3422
f 3424/3512/3419 3427/3515/3422 3428/3516/3423
f 2934/3006/2930 2944/3017/2941 3427/3515/3422
f 2687/2755/2685 3429/3519/3426 3430/3517/3424
f 3432/3518/3425 3430/3517/3424 3429/3519/3426
f 3425/3513/3420 3428/3516/3423 3430/3517/3424
f 2688/2759/2689 3430/3517/3424 3428/3516/3423
f 2588/2654/2585 3433/3522/3429 3434/3521/3428
f 2580/2646/2577 3426/3514/3421 3433/3522/3429
f 3432/3518/3425 3433/3522/3429 3426/3514/3421
f 3431/3520/3427 3434/3521/3428 3433/3522/3429
f 3436/3523/3430 3437/3527/3434 3438/3524/3431
f 3439/3526/3433 3440/3529/3436 3437/3527/3434
f 3442/3528/3435 3437/3527/3434 3440/3529/3436
f 3443/3531/3438 3438/3524/3431 3437/3527/3434
f 3444/3532/3439 3445/3536/3443 3446/3533/3440
f 3449/3535/3442 3446/3533/3440 3445/3536/3443
f 3441/3530/3437 3440/3529/3436 3446/3533/3440
f 3447/3534/3441 3446/3533/3440 3440/3529/3436
f 3450/3538/3445 3451/3542/3449 3452/3539/3446
f 3454/3541/3448 3455/3543/3450 3452/3539/3446
f 3449/3535/3442 3452/3539/3446 3455/3543/3450
f 3448/3537/3444 3453/3540/3447 3452/3539/3446
f 3456/3544/3451 3457/3547/3454 3458/3545/3452
f 3442/3528/3435 3458/3545/3452 3457/3547/3454
f 3441/3530/3437 3455/3543/3450 3458/3545/3452
f 3459/3546/3453 3458/3545/3452 3455/3543/3450
f 3460/3548/3455 3461/3552/3459 3462/3549/3456
f 3465/3551/3458 3462/3549/3456 3461/3552/3459
f 3466/3554/3461 3467/3555/3462 3462/3549/3456
f 3463/3550/3457 3462/3549/3456 3467/3555/3462
f 3469/3557/3464 3470/3561/3468 3471/3558/3465
f 3473/3560/3467 3474/3562/3469 3471/3558/3465
f 3465/3551/3458 3471/3558/3465 3474/3562/3469
f 3464/3553/3460 3472/3559/3466 3471/3558/3465
f 3475/3563/3470 3476/3567/3474 3477/3564/3471
f 3480/3566/3473 3477/3564/3471 3476/3567/3474
f 3466/3554/3461 3474/3562/3469 3477/3564/3471
f 3478/3565/3472 3477/3564/3471 3474/3562/3469
f 3482/3569/3476 3483/3572/3479 3484/3570/3477
f 3468/3556/3463 3467/3555/3462 3483/3572/3479
f 3480/3566/3473 3483/3572/3479 3467/3555/3462
f 3479/3568/3475 3484/3570/3477 3483/3572/3479
f 2647/2717/2647 3485/3575/3482 3486/3573/3480
f 3488/3574/3481 3486/3573/3480 3485/3575/3482
f 3489/3577/3484 3490/3578/3485 3486/3573/3480
f 2648/2715/2645 3486/3573/3480 3490/3578/3485
f 3492/3579/3486 3493/3583/3490 3494/3580/3487
f 3495/3582/3489 3496/3584/3491 3493/3583/3490
f 3488/3574/3481 3493/3583/3490 3496/3584/3491
f 3487/3576/3483 3494/3580/3487 3493/3583/3490
f 3498/3585/3492 3499/3589/3496 3500/3586/3493
f 3501/3588/3495 3502/3590/3497 3499/3589/3496
f 3496/3584/3491 3499/3589/3496 3502/3590/3497
f 3495/3582/3489 3500/3586/3493 3499/3589/3496
f 2656/2726/2656 2659/2725/2655 3503/3591/3498
f 3490/3578/3485 3503/3591/3498 2659/2725/2655
f 3489/3577/3484 3502/3590/3497 3503/3591/3498
f 3504/3592/3499 3503/3591/3498 3502/3590/3497
f 2672/2740/2670 3505/3595/3502 3506/3593/3500
f 3508/3594/3501 3506/3593/3500 3505/3595/3502
f 3510/3597/3504 3506/3593/3500 3508/3594/3501
f 2676/2745/2675 2673/2744/2674 3506/3593/3500
f 3512/3599/3506 3513/3604/3511 3514/3600/3507
f 3516/3602/3509 3513/3604/3511 3512/3599/3506
f 3509/3598/3505 3508/3594/3501 3513/3604/3511
f 3507/3596/3503 3514/3600/3507 3513/3604/3511
f 3518/3605/3512 3519/3609/3516 3520/3606/3513
f 3521/3608/3515 3522/3610/3517 3519/3609/3516
f 3516/3602/3509 3519/3609/3516 3522/3610/3517
f 3515/3603/3510 3520/3606/3513 3519/3609/3516
f 2681/2751/2681 2684/2750/2680 3523/3611/3518
f 3510/3597/3504 3523/3611/3518 2684/2750/2680
f 3509/3598/3505 3522/3610/3517 3523/3611/3518
f 3524/3612/3519 3523/3611/3518 3522/3610/3517
f 2633/2702/2633 3525/3615/3522 3526/3613/3520
f 3528/3614/3521 3526/3613/3520 3525/3615/3522
f 3529/3617/3524 3530/3618/3525 3526/3613/3520
f 2634/2700/2631 3526/3613/3520 3530/3618/3525
f 2708/2775/2705 3531/3620/3527 3532/3619/3526
f 2700/2767/2697 3533/3621/3528 3531/3620/3527
f 3528/3614/3521 3531/3620/3527 3533/3621/3528
f 3527/3616/3523 3532/3619/3526 3531/3620/3527
f 2641/2707/2638 3534/3623/3530 3535/3622/3529
f 2637/2703/2634 3530/3618/3525 3534/3623/3530
f 3536/3624/3531 3537/3626/3533 3485/3575/3482
f 3538/3625/3532 3539/3628/3535 3537/3626/3533
f 3541/3627/3534 3537/3626/3533 3539/3628/3535
f 3487/3576/3483 3485/3575/3482 3537/3626/3533
f 2705/2773/2703 3532/3619/3526 3542/3630/3537
f 3544/3632/3539 3542/3630/3537 3532/3619/3526
f 3540/3629/3536 3539/3628/3535 3542/3630/3537
f 3543/3631/3538 3542/3630/3537 3539/3628/3535
f 3545/3633/3540 3546/3635/3542 3525/3615/3522
f 3547/3634/3541 3548/3636/3543 3546/3635/3542
f 3544/3632/3539 3546/3635/3542 3548/3636/3543
f 3527/3616/3523 3525/3615/3522 3546/3635/3542
f 3491/3581/3488 3494/3580/3487 3549/3637/3544
f 3541/3627/3534 3549/3637/3544 3494/3580/3487
f 3540/3629/3536 3548/3636/3543 3549/3637/3544
f 3550/3638/3545 3549/3637/3544 3548/3636/3543
f 2712/2780/2710 3551/3639/3546 3408/3496/3403
f 2709/2776/2706 3552/3641/3548 3551/3639/3546
f 3554/3640/3547 3551/3639/3546 3552/3641/3548
f 3408/3496/3403 3551/3639/3546 3554/3640/3547
f 3543/3631/3538 3555/3643/3550 2706/2777/2707
f 3538/3625/3532 3556/3644/3551 3555/3643/3550
f 3553/3642/3549 3552/3641/3548 3555/3643/3550
f 2706/2777/2707 3555/3643/3550 3552/3641/3548
f 2647/2717/2647 2650/2716/2646 3557/3645/3552
f 2655/2722/2652 3558/3646/3553 3557/3645/3552
f 3556/3644/3551 3557/3645/3552 3558/3646/3553
f 3536/3624/3531 3557/3645/3552 3556/3644/3551
f 2668/2736/2666 3415/3503/3410 3559/3647/3554
f 3410/3497/3404 3554/3640/3547 3559/3647/3554
f 3553/3642/3549 3558/3646/3553 3559/3647/3554
f 2669/2739/2669 3559/3647/3554 3558/3646/3553
f 2681/2751/2681 3560/3650/3557 3561/3648/3555
f 3563/3649/3556 3561/3648/3555 3560/3650/3557
f 3564/3652/3559 3565/3653/3560 3561/3648/3555
f 2682/2749/2679 3561/3648/3555 3565/3653/3560
f 2725/2792/2722 3566/3656/3563 3567/3654/3561
f 3568/3655/3562 3566/3656/3563 2725/2792/2722
f 3563/3649/3556 3566/3656/3563 3568/3655/3562
f 3562/3651/3558 3567/3654/3561 3566/3656/3563
f 2585/2652/2583 3434/3521/3428 3569/3657/3564
f 3570/3658/3565 3569/3657/3564 3434/3521/3428
f 3564/3652/3559 3568/3655/3562 3569/3657/3564
f 2716/2784/2714 3569/3657/3564 3568/3655/3562
f 2690/2757/2687 3571/3659/3566 3429/3519/3426
f 2685/2752/2682 3565/3653/3560 3571/3659/3566
f 3570/3658/3565 3571/3659/3566 3565/3653/3560
f 3431/3520/3427 3429/3519/3426 3571/3659/3566
f 3572/3660/3567 3573/3663/3570 3574/3661/3568
f 3575/3662/3569 3576/3665/3572 3573/3663/3570
f 3578/3664/3571 3573/3663/3570 3576/3665/3572
f 3579/3667/3574 3574/3661/3568 3573/3663/3570
f 2722/2790/2720 3567/3654/3561 3580/3668/3575
f 3582/3670/3577 3580/3668/3575 3567/3654/3561
f 3577/3666/3573 3576/3665/3572 3580/3668/3575
f 3581/3669/3576 3580/3668/3575 3576/3665/3572
f 3524/3671/3519 3583/3673/3578 3560/3650/3557
f 3521/3672/3515 3584/3674/3579 3583/3673/3578
f 3582/3670/3577 3583/3673/3578 3584/3674/3579
f 3562/3651/3558 3560/3650/3557 3583/3673/3578
f 3517/3675/3514 3585/3678/3581 3586/3676/3580
f 3578/3664/3571 3586/3676/3580 3585/3678/3581
f 3577/3666/3573 3584/3674/3579 3586/3676/3580
f 3518/3677/3512 3586/3676/3580 3584/3674/3579
f 3588/3679/3582 3587/3682/3585 2729/3680/3583
f 3589/3681/3584 3590/3690/3593 3587/3682/3585
f 3581/3669/3576 3592/3683/3586 2723/2794/2724
f 3575/3662/3569 3593/3684/3587 3592/3683/3586
f 3588/3679/3582 3592/3683/3586 3593/3684/3587
f 2726/2795/2725 2723/2794/2724 3592/3683/3586
f 2620/2689/2620 2623/2688/2619 3594/3685/3588
f 3595/3686/3589 3594/3685/3588 2623/2688/2619
f 3589/3681/3584 3593/3684/3587 3594/3685/3588
f 3572/3660/3567 3594/3685/3588 3593/3684/3587
f 3596/3687/3590 3597/3689/3592 2615/2681/2612
f 3591/3688/3591 3590/3690/3593 3597/3689/3592
f 3595/3686/3589 3597/3689/3592 3590/3690/3593
f 2618/2684/2615 2615/2681/2612 3597/3689/3592
f 2745/2811/2741 3602/3692/3595 3603/3691/3594
f 2737/2803/2733 3604/3694/3597 3602/3692/3595
f 3599/3693/3596 3602/3692/3595 3604/3694/3597
f 3598/3696/3599 3603/3691/3594 3602/3692/3595
f 2412/2481/2412 2415/2480/2411 3605/3697/3600
f 3606/3698/3601 3605/3697/3600 2415/2480/2411
f 3600/3695/3598 3604/3694/3597 3605/3697/3600
f 2734/2801/2731 3605/3697/3600 3604/3694/3597
f 2733/2798/2728 3607/3699/3602 2434/2503/2434
f 2730/2800/2730 3601/3700/3603 3607/3699/3602
f 3606/3698/3601 3607/3699/3602 3601/3700/3603
f 2420/2487/2418 2434/2503/2434 3607/3699/3602
f 3608/3701/3604 3609/3705/3608 3610/3702/3605
f 3613/3704/3607 3610/3702/3605 3609/3705/3608
f 3614/3707/3610 3615/3708/3611 3610/3702/3605
f 3611/3703/3606 3610/3702/3605 3615/3708/3611
f 3620/3710/3613 3621/3711/3614 3596/3687/3590
f 3616/3709/3612 3615/3708/3611 3621/3711/3614
f 3619/3712/3615 3621/3711/3614 3615/3708/3611
f 3596/3687/3590 3621/3711/3614 3619/3712/3615
f 2483/2550/2481 2749/2815/2745 3622/3713/3616
f 3623/3714/3617 3622/3713/3616 2749/2815/2745
f 3625/3715/3618 3622/3713/3616 3623/3714/3617
f 3319/3408/3315 3622/3713/3616 3625/3715/3618
f 2742/2809/2739 3617/3719/3622 3626/3717/3620
f 3627/3718/3621 3626/3717/3620 3617/3719/3622
f 3624/3716/3619 3623/3714/3617 3626/3717/3620
f 2743/2813/2743 3626/3717/3620 3623/3714/3617
f 3628/3720/3623 3629/3722/3625 3609/3705/3608
f 3630/3721/3624 3631/3723/3626 3629/3722/3625
f 3627/3718/3621 3629/3722/3625 3631/3723/3626
f 3612/3706/3609 3609/3705/3608 3629/3722/3625
f 3325/3414/3321 3328/3416/3323 3632/3724/3627
f 3625/3715/3618 3632/3724/3627 3328/3416/3323
f 3624/3716/3619 3631/3723/3626 3632/3724/3627
f 3633/3725/3628 3632/3724/3627 3631/3723/3626
f 3634/3726/3629 3635/3729/3632 3636/3727/3630
f 3637/3728/3631 3638/3731/3634 3635/3729/3632
f 3640/3730/3633 3635/3729/3632 3638/3731/3634
f 3641/3733/3636 3636/3727/3630 3635/3729/3632
f 2762/2829/2759 2765/2831/2761 3642/3734/3637
f 2757/2823/2753 3644/3736/3639 3642/3734/3637
f 3639/3732/3635 3638/3731/3634 3642/3734/3637
f 3643/3735/3638 3642/3734/3637 3638/3731/3634
f 2753/2822/2752 3645/3739/3642 3646/3737/3640
f 3647/3738/3641 3648/3740/3643 3646/3737/3640
f 3644/3736/3639 3646/3737/3640 3648/3740/3643
f 2754/2820/2750 3646/3737/3640 3644/3736/3639
f 3649/3741/3644 3650/3744/3647 3651/3742/3645
f 3640/3730/3633 3651/3742/3645 3650/3744/3647
f 3639/3732/3635 3648/3740/3643 3651/3742/3645
f 3652/3743/3646 3651/3742/3645 3648/3740/3643
f 2552/2621/2552 2555/2620/2551 3653/3745/3648
f 3654/3746/3649 3653/3745/3648 2555/2620/2551
f 3535/3622/3529 3655/3747/3650 2547/2617/2548
f 2550/2618/2549 2547/2617/2548 3655/3747/3650
f 2523/2592/2523 2770/2836/2766 3656/3748/3651
f 3657/3749/3652 3656/3748/3651 2770/2836/2766
f 3658/3750/3653 3659/3751/3654 3656/3748/3651
f 2524/2590/2521 3656/3748/3651 3659/3751/3654
f 3657/3749/3652 3660/3753/3656 3661/3752/3655
f 2766/2834/2764 2763/2833/2763 3660/3753/3656
f 2530/2597/2528 3663/3754/3657 2714/2782/2712
f 2527/2593/2524 3659/3751/3654 3663/3754/3657
f 3662/3755/3658 3663/3754/3657 3659/3751/3654
f 2704/2772/2702 2714/2782/2712 3663/3754/3657
f 2502/2569/2500 3360/3448/3355 3664/3756/3659
f 3665/3757/3660 3664/3756/3659 3360/3448/3355
f 3666/3758/3661 3667/3759/3662 3664/3756/3659
f 2790/2857/2787 3664/3756/3659 3667/3759/3662
f 3668/3760/3663 3669/3762/3665 3372/3463/3370
f 3670/3761/3664 3671/3763/3666 3669/3762/3665
f 3665/3757/3660 3669/3762/3665 3671/3763/3666
f 3364/3453/3360 3372/3463/3370 3669/3762/3665
f 3652/3743/3646 3672/3765/3668 3673/3764/3667
f 3647/3738/3641 3674/3766/3669 3672/3765/3668
f 3666/3758/3661 3671/3763/3666 3672/3765/3668
f 3673/3764/3667 3672/3765/3668 3671/3763/3666
f 2778/2845/2775 3675/3767/3670 3645/3739/3642
f 2782/2849/2779 3667/3759/3662 3675/3767/3670
f 3674/3766/3669 3675/3767/3670 3667/3759/3662
f 3647/3738/3641 3645/3739/3642 3675/3767/3670
f 3611/3703/3606 3676/3769/3672 3677/3768/3671
f 3616/3709/3612 3678/3771/3674 3676/3769/3672
f 3680/3770/3673 3676/3769/3672 3678/3771/3674
f 3681/3773/3676 3677/3768/3671 3676/3769/3672
f 2614/2683/2614 2897/2968/2893 3682/3774/3677
f 3683/3775/3678 3682/3774/3677 2897/2968/2893
f 3679/3772/3675 3678/3771/3674 3682/3774/3677
f 3620/3710/3613 3682/3774/3677 3678/3771/3674
f 2461/2527/2458 3684/3776/3679 2890/2965/2890
f 2456/2522/2453 3685/3777/3680 3684/3776/3679
f 3683/3775/3678 3684/3776/3679 3685/3777/3680
f 2893/2966/2891 2890/2965/2890 3684/3776/3679
f 2452/2521/2452 3686/3779/3682 3687/3778/3681
f 3680/3770/3673 3687/3778/3681 3686/3779/3682
f 3679/3772/3675 3685/3777/3680 3687/3778/3681
f 2453/2519/2450 3687/3778/3681 3685/3777/3680
f 2614/2683/2614 2617/2682/2613 3688/3780/3683
f 3689/3781/3684 3688/3780/3683 2617/2682/2613
f 3690/3782/3685 3691/3783/3686 3688/3780/3683
f 2895/2967/2892 3688/3780/3683 3691/3783/3686
f 2912/3784/2908 3692/3786/3687 2609/2679/2610
f 2909/3785/2907 3693/3787/3688 3692/3786/3687
f 3689/3781/3684 3692/3786/3687 3693/3787/3688
f 2612/2680/2611 2609/2679/2610 3692/3786/3687
f 2817/2886/2816 2820/2885/2815 3694/3788/3689
f 3695/3790/3690 3694/3788/3689 2820/2885/2815
f 3690/3782/3685 3693/3787/3688 3694/3788/3689
f 2906/3789/2906 3694/3788/3689 3693/3787/3688
f 2878/2949/2874 3696/3791/3691 2834/2903/2833
f 2883/2955/2880 3691/3783/3686 3696/3791/3691
f 3695/3790/3690 3696/3791/3691 3691/3783/3686
f 2825/2892/2822 2834/2903/2833 3696/3791/3691
f 2837/2906/2836 3697/3794/3694 3698/3792/3692
f 3699/3793/3693 3700/3796/3696 3698/3792/3692
f 3702/3795/3695 3698/3792/3692 3700/3796/3696
f 2838/2904/2834 3698/3792/3692 3702/3795/3695
f 2388/3798/2388 2391/3802/2387 3703/3799/3698
f 3705/3801/3700 3703/3799/3698 2391/3802/2387
f 3701/3797/3697 3700/3796/3696 3703/3799/3698
f 3704/3800/3699 3703/3799/3698 3700/3796/3696
f 3706/3804/3701 3707/3808/3703 2383/3805/2384
f 3708/3807/3702 3709/3809/3704 3707/3808/3703
f 3705/3801/3700 3707/3808/3703 3709/3809/3704
f 2386/3803/2385 2383/3805/2384 3707/3808/3703
f 2849/2915/2845 3710/3811/3706 3711/3810/3705
f 2841/2907/2837 3702/3795/3695 3710/3811/3706
f 3701/3797/3697 3709/3809/3704 3710/3811/3706
f 3708/3807/3702 3711/3810/3705 3710/3811/3706
f 3712/3812/3707 3713/3814/3709 3697/3794/3694
f 3714/3813/3708 3715/3816/3711 3713/3814/3709
f 3716/3815/3710 3717/3817/3712 3713/3814/3709
f 3697/3794/3694 3713/3814/3709 3717/3817/3712
f 2863/2933/2860 2866/2935/2862 3718/3818/3713
f 3720/3820/3715 3718/3818/3713 2866/2935/2862
f 3716/3815/3710 3715/3816/3711 3718/3818/3713
f 3719/3819/3714 3718/3818/3713 3715/3816/3711
f 3207/3821/3203 3721/3823/3716 2857/2928/2856
f 3204/3822/3201 3722/3824/3717 3721/3823/3716
f 3720/3820/3715 3721/3823/3716 3722/3824/3717
f 2859/2929/2857 2857/2928/2856 3721/3823/3716
f 3704/3800/3699 3723/3826/3718 3202/3825/3200
f 3699/3793/3693 3717/3817/3712 3723/3826/3718
f 3722/3824/3717 3723/3826/3718 3717/3817/3712
f 3204/3822/3201 3202/3825/3200 3723/3826/3718
f 3724/3827/3719 3725/3829/3721 3115/3193/3113
f 3726/3828/3720 3727/3831/3723 3725/3829/3721
f 3729/3830/3722 3725/3829/3721 3727/3831/3723
f 3117/3194/3114 3115/3193/3113 3725/3829/3721
f 2863/2933/2860 3719/3819/3714 3730/3833/3725
f 3714/3813/3708 3732/3835/3727 3730/3833/3725
f 3727/3831/3723 3730/3833/3725 3732/3835/3727
f 3731/3834/3726 3730/3833/3725 3727/3831/3723
f 2837/2906/2836 2840/2905/2835 3733/3836/3728
f 3734/3837/3729 3733/3836/3728 2840/2905/2835
f 3728/3832/3724 3732/3835/3727 3733/3836/3728
f 3712/3812/3707 3733/3836/3728 3732/3835/3727
f 3121/3196/3116 3735/3838/3730 2855/2923/2853
f 3117/3194/3114 3729/3830/3722 3735/3838/3730
f 3734/3837/3729 3735/3838/3730 3729/3830/3722
f 2845/2912/2842 2855/2923/2853 3735/3838/3730
f 2871/2940/2867 3736/3841/3733 2354/2422/2355
f 3737/3839/3731 3736/3841/3733 2871/2940/2867
f 3738/3840/3732 3739/3842/3734 3736/3841/3733
f 2357/2423/2356 2354/2422/2355 3736/3841/3733
f 3731/3834/3726 3740/3843/3735 2864/2937/2864
f 3726/3828/3720 3741/3844/3736 3740/3843/3735
f 3737/3839/3731 3740/3843/3735 3741/3844/3736
f 2867/2938/2865 2864/2937/2864 3740/3843/3735
f 3088/3166/3086 3091/3165/3085 3742/3845/3737
f 3743/3846/3738 3742/3845/3737 3091/3165/3085
f 3738/3840/3732 3741/3844/3736 3742/3845/3737
f 3724/3827/3719 3742/3845/3737 3741/3844/3736
f 2359/2426/2359 2362/2425/2358 3744/3847/3739
f 3739/3842/3734 3744/3847/3739 2362/2425/2358
f 3743/3846/3738 3744/3847/3739 3739/3842/3734
f 3096/3172/3092 3104/3180/3100 3744/3847/3739
f 2404/2470/2401 3745/3848/3740 2829/2896/2826
f 2396/2462/2393 3746/3850/3742 3745/3848/3740
f 3748/3849/3741 3745/3848/3740 3746/3850/3742
f 2831/2897/2827 2829/2896/2826 3745/3848/3740
f 2392/2461/2392 3245/3326/3240 3749/3852/3744
f 3750/3853/3745 3749/3852/3744 3245/3326/3240
f 3747/3851/3743 3746/3850/3742 3749/3852/3744
f 2393/2459/2390 3749/3852/3744 3746/3850/3742
f 2887/2957/2882 3751/3855/3747 3240/3324/3238
f 3752/3854/3746 3751/3855/3747 2887/2957/2882
f 3750/3853/3745 3751/3855/3747 3752/3854/3746
f 3242/3325/3239 3240/3324/3238 3751/3855/3747
f 2836/2902/2832 3753/3856/3748 2876/2951/2876
f 2831/2897/2827 3748/3849/3741 3753/3856/3748
f 3747/3851/3743 3752/3854/3746 3753/3856/3748
f 2879/2952/2877 2876/2951/2876 3753/3856/3748
f 2385/3857/2382 3754/3859/3749 3706/3804/3701
f 2380/3858/2377 3755/3861/3751 3754/3859/3749
f 3757/3860/3750 3754/3859/3749 3755/3861/3751
f 3708/3807/3702 3706/3804/3701 3754/3859/3749
f 2376/3863/2376 2827/3867/2824 3758/3864/3753
f 3759/3866/3754 3758/3864/3753 2827/3867/2824
f 3756/3862/3752 3755/3861/3751 3758/3864/3753
f 2377/3865/2374 3758/3864/3753 3755/3861/3751
f 2817/2978/2816 2908/2980/2904 3760/3869/3755
f 2904/2975/2900 3761/3871/3756 3760/3869/3755
f 3759/3866/3754 3760/3869/3755 3761/3871/3756
f 2818/3870/2814 3760/3869/3755 3759/3866/3754
f 2846/2913/2843 3711/3810/3705 3762/3872/3757
f 3757/3860/3750 3762/3872/3757 3711/3810/3705
f 3756/3862/3752 3761/3871/3756 3762/3872/3757
f 2902/2974/2899 3762/3872/3757 3761/3871/3756
f 2656/2726/2656 3763/3875/3760 3764/3873/3758
f 3766/3874/3759 3764/3873/3758 3763/3875/3760
f 3767/3877/3762 3768/3878/3763 3764/3873/3758
f 2657/2724/2654 3764/3873/3758 3768/3878/3763
f 2922/2994/2918 3769/3880/3765 3770/3879/3764
f 2915/2989/2913 3771/3881/3766 3769/3880/3765
f 3766/3874/3759 3769/3880/3765 3771/3881/3766
f 3765/3876/3761 3770/3879/3764 3769/3880/3765
f 3422/3510/3417 3772/3882/3767 2913/2988/2912
f 3419/3506/3413 3773/3883/3768 3772/3882/3767
f 3771/3881/3766 3772/3882/3767 3773/3883/3768
f 2915/2989/2913 2913/2988/2912 3772/3882/3767
f 2662/2730/2660 2665/2732/2662 3774/3884/3769
f 2660/2727/2657 3768/3878/3763 3774/3884/3769
f 3767/3877/3762 3773/3883/3768 3774/3884/3769
f 3417/3507/3414 3774/3884/3769 3773/3883/3768
f 3775/3885/3770 3776/3888/3773 3777/3886/3771
f 3778/3887/3772 3779/3890/3775 3776/3888/3773
f 3781/3889/3774 3776/3888/3773 3779/3890/3775
f 3782/3892/3777 3777/3886/3771 3776/3888/3773
f 2919/2992/2916 3770/3879/3764 3783/3893/3778
f 3785/3895/3780 3783/3893/3778 3770/3879/3764
f 3780/3891/3776 3779/3890/3775 3783/3893/3778
f 3784/3894/3779 3783/3893/3778 3779/3890/3775
f 3504/3592/3499 3786/3896/3781 3763/3875/3760
f 3501/3588/3495 3787/3897/3782 3786/3896/3781
f 3785/3895/3780 3786/3896/3781 3787/3897/3782
f 3765/3876/3761 3763/3875/3760 3786/3896/3781
f 3497/3587/3494 3788/3899/3784 3789/3898/3783
f 3781/3889/3774 3789/3898/3783 3788/3899/3784
f 3780/3891/3776 3787/3897/3782 3789/3898/3783
f 3498/3585/3492 3789/3898/3783 3787/3897/3782
f 2624/2693/2624 2627/2692/2623 3793/3900/3785
f 3794/3901/3786 3793/3900/3785 2627/2692/2623
f 3790/3902/3787 3792/3903/3788 3793/3900/3785
f 3775/3885/3770 3793/3900/3785 3792/3903/3788
f 3795/3904/3789 3796/3905/3790 2644/2714/2644
f 2632/2699/2630 2644/2714/2644 3796/3905/3790
f 3799/3906/3791 3800/3915/3800 3797/3907/3792
f 2935/3009/2933 2938/3008/2932 3801/3909/3794
f 3803/3911/3796 3801/3909/3794 2938/3008/2932
f 3799/3906/3791 3798/3908/3793 3801/3909/3794
f 2576/2645/2576 2579/2644/2575 3804/3912/3797
f 3805/3913/3798 3804/3912/3797 2579/2644/2575
f 3799/3906/3791 3803/3911/3796 3804/3912/3797
f 2927/2999/2923 3804/3912/3797 3803/3911/3796
f 2926/2995/2919 3806/3914/3799 2596/2665/2596
f 2923/2998/2922 3800/3915/3800 3806/3914/3799
f 3805/3913/3798 3806/3914/3799 3800/3915/3800
f 2584/2651/2582 2596/2665/2596 3806/3914/3799
f 2599/2668/2599 3807/3918/3803 3808/3916/3801
f 3810/3917/3802 3808/3916/3801 3807/3918/3803
f 3811/3920/3805 3812/3921/3806 3808/3916/3801
f 2600/2666/2597 3808/3916/3801 3812/3921/3806
f 3802/3922/3795 3813/3925/3808 3814/3923/3807
f 3809/3919/3804 3814/3923/3807 3813/3925/3808
f 2611/2677/2608 3815/3927/3809 3795/3926/3789
f 2603/2669/2600 3812/3921/3806 3815/3927/3809
f 2942/3928/2938 3816/3932/3810 3505/3929/3502
f 2939/3931/2934 3817/3934/3812 3816/3932/3810
f 3819/3933/3811 3816/3932/3810 3817/3934/3812
f 3507/3936/3503 3505/3929/3502 3816/3932/3810
f 2935/3924/2933 3814/3923/3807 3820/3937/3814
f 3821/3939/3815 3820/3937/3814 3814/3923/3807
f 3818/3935/3813 3817/3934/3812 3820/3937/3814
f 2936/3938/2931 3820/3937/3814 3817/3934/3812
f 3822/3940/3816 3823/3942/3818 3807/3918/3803
f 3824/3941/3817 3825/3943/3819 3823/3942/3818
f 3821/3939/3815 3823/3942/3818 3825/3943/3819
f 3809/3919/3804 3807/3918/3803 3823/3942/3818
f 3511/3944/3508 3514/3947/3507 3826/3945/3820
f 3819/3933/3811 3826/3945/3820 3514/3947/3507
f 3818/3935/3813 3825/3943/3819 3826/3945/3820
f 3827/3946/3821 3826/3945/3820 3825/3943/3819
f 2813/2882/2812 2816/2881/2811 3828/3948/3822
f 3830/3950/3824 3828/3948/3822 2816/2881/2811
f 3831/3951/3825 3832/3952/3826 3828/3948/3822
f 3829/3949/3823 3828/3948/3822 3832/3952/3826
f 3834/3954/3828 3835/3956/3830 2808/2878/2808
f 3836/3955/3829 3837/3957/3831 3835/3956/3830
f 3830/3950/3824 3835/3956/3830 3837/3957/3831
f 2811/2879/2809 2808/2878/2808 3835/3956/3830
f 3315/3404/3311 3332/3420/3327 3838/3958/3832
f 3840/3960/3834 3838/3958/3832 3332/3420/3327
f 3831/3951/3825 3837/3957/3831 3838/3958/3832
f 3839/3959/3833 3838/3958/3832 3837/3957/3831
f 3841/3961/3835 3842/3962/3836 3326/3418/3325
f 3833/3953/3827 3832/3952/3826 3842/3962/3836
f 3840/3960/3834 3842/3962/3836 3832/3952/3826
f 3329/3419/3326 3326/3418/3325 3842/3962/3836
f 2795/2861/2791 3843/3964/3838 3844/3963/3837
f 2800/2867/2797 3845/3966/3840 3843/3964/3838
f 3847/3965/3839 3843/3964/3838 3845/3966/3840
f 3848/3968/3842 3844/3963/3837 3843/3964/3838
f 2813/2882/2812 3829/3949/3823 3849/3969/3843
f 3850/3970/3844 3849/3969/3843 3829/3949/3823
f 3846/3967/3841 3845/3966/3840 3849/3969/3843
f 2814/2880/2810 3849/3969/3843 3845/3966/3840
f 3633/3725/3628 3851/3971/3845 3841/3961/3835
f 3630/3721/3624 3852/3972/3846 3851/3971/3845
f 3850/3970/3844 3851/3971/3845 3852/3972/3846
f 3833/3953/3827 3841/3961/3835 3851/3971/3845
f 3608/3701/3604 3853/3974/3848 3854/3973/3847
f 3847/3965/3839 3854/3973/3847 3853/3974/3848
f 3846/3967/3841 3852/3972/3846 3854/3973/3847
f 3628/3720/3623 3854/3973/3847 3852/3972/3846
f 3608/3701/3604 3677/3768/3671 3855/3975/3849
f 3856/3976/3850 3855/3975/3849 3677/3768/3671
f 3857/3977/3851 3858/3978/3852 3855/3975/3849
f 3853/3974/3848 3855/3975/3849 3858/3978/3852
f 3859/3979/3853 3860/3981/3855 3686/3779/3682
f 3861/3980/3854 3862/3982/3856 3860/3981/3855
f 3856/3976/3850 3860/3981/3855 3862/3982/3856
f 3681/3773/3676 3686/3779/3682 3860/3981/3855
f 2801/2870/2800 2804/2869/2799 3863/3983/3857
f 3865/3985/3859 3863/3983/3857 2804/2869/2799
f 3857/3977/3851 3862/3982/3856 3863/3983/3857
f 3864/3984/3858 3863/3983/3857 3862/3982/3856
f 2792/2859/2789 3844/3963/3837 3866/3986/3860
f 3848/3968/3842 3858/3978/3852 3866/3986/3860
f 3865/3985/3859 3866/3986/3860 3858/3978/3852
f 2796/2864/2794 2793/2863/2793 3866/3986/3860
f 2810/2876/2806 3867/3987/3861 3834/3954/3828
f 2805/2871/2801 3868/3989/3863 3867/3987/3861
f 3870/3988/3862 3867/3987/3861 3868/3989/3863
f 3836/3955/3829 3834/3954/3828 3867/3987/3861
f 2801/2870/2800 3864/3984/3858 3871/3991/3865
f 3872/3992/3866 3871/3991/3865 3864/3984/3858
f 3869/3990/3864 3868/3989/3863 3871/3991/3865
f 2802/2868/2798 3871/3991/3865 3868/3989/3863
f 3304/3393/3300 3873/3993/3867 3859/3979/3853
f 3308/3397/3304 3874/3994/3868 3873/3993/3867
f 3872/3992/3866 3873/3993/3867 3874/3994/3868
f 3861/3980/3854 3859/3979/3853 3873/3993/3867
f 3839/3959/3833 3875/3995/3869 3316/3407/3314
f 3836/3955/3829 3870/3988/3862 3875/3995/3869
f 3869/3990/3864 3874/3994/3868 3875/3995/3869
f 3308/3397/3304 3316/3407/3314 3875/3995/3869
f 3396/3484/3391 3876/3999/3873 3877/3996/3870
f 3878/3997/3871 3876/3999/3873 3396/3484/3391
f 3879/3998/3872 3880/4000/3874 3876/3999/3873
f 3877/3996/3870 3876/3999/3873 3880/4000/3874
f 3882/4002/3876 3883/4004/3878 3385/3477/3384
f 3884/4003/3877 3885/4005/3879 3883/4004/3878
f 3878/3997/3871 3883/4004/3878 3885/4005/3879
f 3388/3478/3385 3385/3477/3384 3883/4004/3878
f 2552/2621/2552 3636/3727/3630 3886/4006/3880
f 3888/4008/3882 3886/4006/3880 3636/3727/3630
f 3879/3998/3872 3885/4005/3879 3886/4006/3880
f 3887/4007/3881 3886/4006/3880 3885/4005/3879
f 3889/4009/3883 3890/4010/3884 3650/3744/3647
f 3881/4001/3875 3880/4000/3874 3890/4010/3884
f 3888/4008/3882 3890/4010/3884 3880/4000/3874
f 3641/3733/3636 3650/3744/3647 3890/4010/3884
f 3649/3741/3644 3673/3764/3667 3891/4011/3885
f 3670/3761/3664 3892/4013/3887 3891/4011/3885
f 3894/4012/3886 3891/4011/3885 3892/4013/3887
f 3881/4001/3875 3889/4009/3883 3891/4011/3885
f 3371/3460/3367 3895/4017/3891 3896/4015/3889
f 3898/4016/3890 3896/4015/3889 3895/4017/3891
f 3893/4014/3888 3892/4013/3887 3896/4015/3889
f 3668/3760/3663 3896/4015/3889 3892/4013/3887
f 3399/3488/3395 3402/3490/3397 3899/4019/3893
f 3397/3485/3392 3901/4021/3895 3899/4019/3893
f 3898/4016/3890 3899/4019/3893 3901/4021/3895
f 3900/4020/3894 3899/4019/3893 3898/4016/3890
f 3393/3482/3389 3877/3996/3870 3902/4022/3896
f 3894/4012/3886 3902/4022/3896 3877/3996/3870
f 3893/4014/3888 3901/4021/3895 3902/4022/3896
f 3394/3486/3393 3902/4022/3896 3901/4021/3895
f 2552/2621/2552 3887/4007/3881 3903/4023/3897
f 3884/4003/3877 3904/4025/3899 3903/4023/3897
f 3905/4024/3898 3906/4026/3900 3903/4023/3897
f 2553/2619/2550 3903/4023/3897 3906/4026/3900
f 3384/3473/3380 3387/3475/3382 3907/4027/3901
f 3392/3481/3388 3908/4028/3902 3907/4027/3901
f 3904/4025/3899 3907/4027/3901 3908/4028/3902
f 3882/4002/3876 3907/4027/3901 3904/4025/3899
f 3912/4029/3903 3910/4032/3906 3909/4030/3904
f 3905/4024/3898 3908/4028/3902 3910/4032/3906
f 3405/3495/3402 3910/4032/3906 3908/4028/3902
f 2534/2600/2531 3913/4034/3908 3914/4033/3907
f 2539/2606/2537 3906/4026/3900 3913/4034/3908
f 3912/4029/3903 3913/4034/3908 3906/4026/3900
f 3911/4031/3905 3914/4033/3907 3913/4034/3908
f 3916/4035/3909 3915/4038/3912 3407/4036/3910
f 3917/4037/3911 3918/4039/3913 3915/4038/3912
f 3909/4030/3904 3915/4038/3912 3918/4039/3913
f 3900/4020/3894 3919/4040/3914 3400/3492/3399
f 3897/4018/3892 3920/4041/3915 3919/4040/3914
f 3916/4035/3909 3919/4040/3914 3920/4041/3915
f 3403/3493/3400 3400/3492/3399 3919/4040/3914
f 3374/3462/3369 3921/4043/3917 3895/4017/3891
f 3922/4042/3916 3921/4043/3917 3374/3462/3369
f 3917/4037/3911 3920/4041/3915 3921/4043/3917
f 3895/4017/3891 3921/4043/3917 3920/4041/3915
f 3914/4033/3907 3923/4044/3918 3367/3458/3365
f 3911/4031/3905 3918/4039/3913 3923/4044/3918
f 3922/4042/3916 3923/4044/3918 3918/4039/3913
f 3369/3459/3366 3367/3458/3365 3923/4044/3918
f 3447/3534/3441 3924/4046/3920 3925/4045/3919
f 3439/3526/3433 3926/4048/3922 3924/4046/3920
f 3928/4047/3921 3924/4046/3920 3926/4048/3922
f 3929/4050/3924 3925/4045/3919 3924/4046/3920
f 3435/3525/3432 3930/4053/3927 3931/4051/3925
f 3933/4052/3926 3931/4051/3925 3930/4053/3927
f 3927/4049/3923 3926/4048/3922 3931/4051/3925
f 3436/3523/3430 3931/4051/3925 3926/4048/3922
f 3574/3661/3568 3934/4056/3930 3935/4055/3929
f 3579/3667/3574 3936/4057/3931 3934/4056/3930
f 3933/4052/3926 3934/4056/3930 3936/4057/3931
f 3932/4054/3928 3935/4055/3929 3934/4056/3930
f 3937/4058/3932 3938/4059/3933 3585/3678/3581
f 3928/4047/3921 3938/4059/3933 3937/4058/3932
f 3927/4049/3923 3936/4057/3931 3938/4059/3933
f 3579/3667/3574 3585/3678/3581 3938/4059/3933
f 3517/3675/3514 3520/4062/3513 3939/4060/3934
f 3940/4061/3935 3939/4060/3934 3520/4062/3513
f 3941/4064/3936 3942/4065/3937 3939/4060/3934
f 3937/4058/3932 3939/4060/3934 3942/4065/3937
f 3511/3944/3508 3943/4069/3940 3944/4066/3938
f 3946/4068/3939 3944/4066/3938 3943/4069/3940
f 3940/4061/3935 3944/4066/3938 3946/4068/3939
f 3515/4063/3510 3512/4067/3506 3944/4066/3938
f 3450/3538/3445 3453/3540/3447 3947/4071/3942
f 3949/4073/3944 3947/4071/3942 3453/3540/3447
f 3941/4064/3936 3946/4068/3939 3947/4071/3942
f 3948/4072/3943 3947/4071/3942 3946/4068/3939
f 3444/3532/3439 3925/4045/3919 3950/4074/3945
f 3942/4065/3937 3950/4074/3945 3925/4045/3919
f 3949/4073/3944 3950/4074/3945 3942/4065/3937
f 3448/3537/3444 3445/3536/3443 3950/4074/3945
f 3935/4055/3929 3951/4075/3946 2621/2687/2618
f 3932/4054/3928 3952/4077/3948 3951/4075/3946
f 3954/4076/3947 3951/4075/3946 3952/4077/3948
f 2607/2674/2605 2621/2687/2618 3951/4075/3946
f 3435/3525/3432 3438/3524/3431 3955/4079/3950
f 3956/4080/3951 3955/4079/3950 3438/3524/3431
f 3953/4078/3949 3952/4077/3948 3955/4079/3950
f 3930/4053/3927 3955/4079/3950 3952/4077/3948
f 3957/4081/3952 3958/4083/3954 3457/3547/3454
f 3959/4082/3953 3960/4084/3955 3958/4083/3954
f 3956/4080/3951 3958/4083/3954 3960/4084/3955
f 3443/3531/3438 3457/3547/3454 3958/4083/3954
f 2599/2668/2599 2602/2667/2598 3961/4085/3956
f 3954/4076/3947 3961/4085/3956 2602/2667/2598
f 3953/4078/3949 3960/4084/3955 3961/4085/3956
f 3962/4086/3957 3961/4085/3956 3960/4084/3955
f 3459/3546/3453 3963/4087/3958 3957/4081/3952
f 3454/3541/3448 3964/4089/3960 3963/4087/3958
f 3965/4088/3959 3966/4090/3961 3963/4087/3958
f 3957/4081/3952 3963/4087/3958 3966/4090/3961
f 3948/4072/3943 3967/4092/3963 3451/3542/3449
f 3968/4091/3962 3967/4092/3963 3948/4072/3943
f 3965/4088/3959 3964/4089/3960 3967/4092/3963
f 3451/3542/3449 3967/4092/3963 3964/4089/3960
f 3827/3946/3821 3969/4093/3964 3943/4069/3940
f 3824/3941/3817 3970/4094/3965 3969/4093/3964
f 3968/4091/3962 3969/4093/3964 3970/4094/3965
f 3945/4070/3941 3943/4069/3940 3969/4093/3964
f 3962/4086/3957 3971/4095/3966 3822/3940/3816
f 3959/4082/3953 3966/4090/3961 3971/4095/3966
f 3970/4094/3965 3971/4095/3966 3966/4090/3961
f 3824/3941/3817 3822/3940/3816 3971/4095/3966
f 3472/3559/3466 3972/4099/3970 3973/4096/3967
f 3974/4097/3968 3972/4099/3970 3472/3559/3466
f 3975/4098/3969 3976/4100/3971 3972/4099/3970
f 3973/4096/3967 3972/4099/3970 3976/4100/3971
f 3978/4102/3973 3979/4105/3976 3461/3552/3459
f 3981/4103/3974 3979/4105/3976 3978/4102/3973
f 3975/4098/3969 3974/4097/3968 3979/4105/3976
f 3464/3553/3460 3461/3552/3459 3979/4105/3976
f 3777/3886/3771 3982/4107/3978 3983/4106/3977
f 3782/3892/3777 3984/4108/3979 3982/4107/3978
f 3981/4103/3974 3982/4107/3978 3984/4108/3979
f 3980/4104/3975 3983/4106/3977 3982/4107/3978
f 3985/4109/3980 3986/4110/3981 3788/3899/3784
f 3977/4101/3972 3976/4100/3971 3986/4110/3981
f 3984/4108/3979 3986/4110/3981 3976/4100/3971
f 3782/3892/3777 3788/3899/3784 3986/4110/3981
f 3497/3587/3494 3500/3586/3493 3987/4111/3982
f 3988/4112/3983 3987/4111/3982 3500/3586/3493
f 3990/4113/3984 3987/4111/3982 3988/4112/3983
f 3985/4109/3980 3987/4111/3982 3990/4113/3984
f 3491/3581/3488 3991/4117/3988 3992/4115/3986
f 3994/4116/3987 3992/4115/3986 3991/4117/3988
f 3989/4114/3985 3988/4112/3983 3992/4115/3986
f 3492/3579/3486 3992/4115/3986 3988/4112/3983
f 3475/3563/3470 3478/3565/3472 3995/4119/3990
f 3473/3560/3467 3997/4121/3992 3995/4119/3990
f 3994/4116/3987 3995/4119/3990 3997/4121/3992
f 3996/4120/3991 3995/4119/3990 3994/4116/3987
f 3469/3557/3464 3973/4096/3967 3998/4122/3993
f 3990/4113/3984 3998/4122/3993 3973/4096/3967
f 3989/4114/3985 3997/4121/3992 3998/4122/3993
f 3470/3561/3468 3998/4122/3993 3997/4121/3992
f 3463/3550/3457 3999/4123/3994 3978/4102/3973
f 3468/3556/3463 4000/4125/3996 3999/4123/3994
f 4002/4124/3995 3999/4123/3994 4000/4125/3996
f 3980/4104/3975 3978/4102/3973 3999/4123/3994
f 3481/3571/3478 4003/4129/4000 4004/4127/3998
f 4006/4128/3999 4004/4127/3998 4003/4129/4000
f 4001/4126/3997 4000/4125/3996 4004/4127/3998
f 3482/3569/3476 4004/4127/3998 4000/4125/3996
f 2636/2701/2632 4007/4132/4003 4008/4131/4002
f 2628/2694/2625 4009/4133/4004 4007/4132/4003
f 4006/4128/3999 4007/4132/4003 4009/4133/4004
f 4005/4130/4001 4008/4131/4002 4007/4132/4003
f 2624/2693/2624 3983/4106/3977 4010/4134/4005
f 4002/4124/3995 4010/4134/4005 3983/4106/3977
f 4001/4126/3997 4009/4133/4004 4010/4134/4005
f 2625/2691/2622 4010/4134/4005 4009/4133/4004
f 3481/3571/3478 3484/3570/3477 4011/4135/4006
f 4012/4136/4007 4011/4135/4006 3484/3570/3477
f 4013/4137/4008 4014/4138/4009 4011/4135/4006
f 4003/4129/4000 4011/4135/4006 4014/4138/4009
f 3996/4120/3991 4015/4139/4010 3476/3567/3474
f 3993/4118/3989 4016/4140/4011 4015/4139/4010
f 4012/4136/4007 4015/4139/4010 4016/4140/4011
f 3479/3568/3475 3476/3567/3474 4015/4139/4010
f 3550/3638/3545 4017/4141/4012 3991/4117/3988
f 3547/3634/3541 4018/4142/4013 4017/4141/4012
f 4013/4137/4008 4016/4140/4011 4017/4141/4012
f 3991/4117/3988 4017/4141/4012 4016/4140/4011
f 4008/4131/4002 4019/4143/4014 3545/3633/3540
f 4005/4130/4001 4014/4138/4009 4019/4143/4014
f 4018/4142/4013 4019/4143/4014 4014/4138/4009
f 3547/3634/3541 3545/3633/3540 4019/4143/4014
f 4020/2766/4015 4023/4144/4019 4025/3621/4016
f 4026/3617/4018 4025/3621/4016 4023/4144/4019
f 4024/4145/4020 4028/3623/4149 4027/3618/4021
f 4031/3746/4022 4030/3747/4150 4032/4146/4023
f 4034/4147/4024 4032/4146/4023 4033/4148/4025
f 4035/4149/4026 4039/4151/4031 4036/4150/4027
f 4034/4147/4024 4036/4150/4027 4038/3745/4028
f 4053/3726/4029 4038/3745/4028 4036/4150/4027
f 4037/3728/4030 4036/4150/4027 4039/4151/4031
f 4041/4152/4033 4039/4151/4031 4035/4149/4026
f 4043/2829/4035 4040/3735/4032 4039/4151/4031
f 4042/4153/4034 4046/3752/4039 4044/3753/4036
f 4041/4152/4033 4044/3753/4036 4045/2833/4037
f 4052/4154/4038 4047/4155/4041 4046/3752/4039
f 4048/3750/4040 4046/3752/4039 4047/4155/4041
f 4049/3755/4042 4047/4155/4041 4051/2770/4043
f 4042/4153/4034 4035/4149/4026 4033/4148/4025
f 4054/4156/4045 4055/3680/4049 4071/3682/4046
f 4056/4158/4048 4077/2796/4151 4055/3680/4049
f 4054/4156/4045 4058/4160/4051 4059/4159/4050
f 4057/4157/4047 4061/4161/4054 4058/4160/4051
f 4072/3693/4052 4059/4159/4050 4058/4160/4051
f 4060/3696/4053 4058/4160/4051 4061/4161/4054
f 4064/3688/4056 4063/3712/4058 4061/4161/4054
f 4065/3707/4057 4062/4162/4055 4061/4161/4054
f 4057/4157/4047 4071/3682/4046 4070/3690/4059
f 4073/3695/4060 4074/3700/4061 4059/4159/4050
f 4056/4158/4048 4059/4159/4050 4074/3700/4061
f 4076/2797/4063 4077/2796/4151 4056/4158/4048
f 4079/2990/4064 4078/2987/4152 4080/2993/4065
f 4082/4163/4066 4080/2993/4065 4081/4164/4067
f 4079/2990/4064 4082/4163/4066 4084/4166/4069
f 4083/4165/4068 4086/4168/4073 4084/4166/4069
f 4087/2997/4070 4084/4166/4069 4085/4167/4071
f 4085/4167/4071 4084/4166/4069 4086/4168/4073
f 4085/4167/4071 4090/3907/4077 4089/3915/4075
f 4093/4170/4076 4092/3908/4080 4090/3907/4077
f 4091/4171/4078 4090/3907/4077 4085/4167/4071
f 4095/3910/4079 4094/3909/4153 4092/3908/4080
f 4093/4172/4076 4097/4173/4083 4096/3925/4081
f 4098/3917/4082 4096/3925/4081 4097/4173/4083
f 4101/4174/4085 4104/3927/4089 4100/3921/4086
f 4099/3920/4084 4097/4173/4083 4103/4175/4087
f 4102/4176/4088 4105/3926/4092 4104/3927/4089
f 4101/4174/4085 4103/4175/4087 4117/4177/4090
f 4102/4178/4088 4107/4179/4094 4106/3905/4091
f 4108/3901/4093 4106/3905/4091 4107/4179/4094
f 4110/4180/4096 4113/4182/4100 4111/3903/4097
f 4109/3902/4095 4107/4179/4094 4116/4181/4098
f 4112/3887/4099 4111/3903/4097 4113/4182/4100
f 4083/4165/4068 4081/4164/4067 4113/4182/4100
f 4114/3894/4101 4113/4182/4100 4081/4164/4067
f 4110/4180/4096 4116/4181/4098 4086/4168/4073
f 4118/4169/4074 4086/4168/4073 4116/4181/4098
f 4117/4183/4090 4116/4181/4098 4107/4179/4094
f 4118/4184/4074 4117/4177/4090 4103/4175/4087
f 4091/4185/4078 4103/4175/4087 4097/4173/4083
f 4119/4186/4103 4120/4036/4107 4124/4038/4104
f 4121/3495/4106 4125/3494/4154 4120/4036/4107
f 4119/4186/4103 4122/4030/4105 4123/4032/4108
f 4126/4187/4109 4127/4200/4122 4140/4188/4110
f 4128/4189/4111 4130/4192/4114 4129/4190/4112
f 4133/4191/4113 4131/4194/4116 4130/4192/4114
f 4135/4193/4115 4132/4208/4155 4131/4194/4116
f 4128/4189/4111 4140/4188/4110 4134/4195/4117
f 4133/4191/4113 4134/4195/4117 4136/4196/4118
f 4137/4197/4119 4136/4196/4118 4134/4195/4117
f 4138/4198/4120 4134/4195/4117 4140/4188/4110
f 4139/4199/4121 4140/4188/4110 4127/4200/4122
f 4142/4202/4124 4143/2770/4128 4148/4155/4125
f 4144/2766/4127 4156/2769/4156 4143/2770/4128
f 4142/4202/4124 4145/4203/4130 4155/4144/4129
f 4146/4154/4126 4147/4148/4132 4145/4203/4130
f 4150/4204/4131 4145/4203/4130 4147/4148/4132
f 4149/4146/4133 4151/3747/4157 4152/3622/4134
f 4150/4204/4131 4152/3622/4134 4153/3623/4135
f 4154/4145/4136 4155/4144/4129 4145/4203/4130
f 4158/3691/4137 4160/4205/4141 4159/3719/4138
f 4161/3706/4140 4159/3719/4138 4160/4205/4141
f 4162/3704/4142 4160/4205/4141 4164/4162/4143
f 4165/3696/4145 4164/4162/4143 4160/4205/4141
l 3791 3795
l 3598 3618
l 3614 3618
l 4020 4021
l 4028 4029
l 4029 4030
l 4021 4051
l 4066 4065
l 4067 4066
l 4067 4068
l 4069 4068
