# Blender 5.1.1
# www.blender.org
mtllib TailDog.mtl
o 13463_Australian_Cattle_Dog_v3.004
v 0.555100 -15.042598 10.324402
v 0.441900 -14.963298 10.318402
v 0.304900 -14.902098 10.314301
v -0.008900 -14.848198 10.311102
v 0.152000 -14.862598 10.311902
v 0.155500 -14.957499 10.215302
v -0.007900 -14.942598 10.217102
v -0.574200 -15.042598 10.324402
v -0.460600 -14.963398 10.318402
v -0.466500 -15.060998 10.205602
v -0.581600 -15.141898 10.199702
v -0.323200 -14.902198 10.314301
v -0.327100 -14.998298 10.211102
v -0.171500 -14.957499 10.215302
v -0.170000 -14.862598 10.311902
v -0.664200 -15.237098 10.194602
v -0.656100 -15.136398 10.332302
v 0.554200 -14.922198 10.448802
v 0.559600 -14.781598 10.573102
v 0.580500 -14.443798 10.821502
v 0.569100 -14.621799 10.697302
v 0.718600 -12.550498 11.539102
v 0.696500 -12.832898 11.471802
v 0.739300 -12.245698 11.620302
v 0.759000 -11.924298 11.714802
v 0.452200 -14.545798 10.660602
v 0.461200 -14.369198 10.776202
v 0.444800 -14.704498 10.545902
v 0.306100 -14.645498 10.524902
v 0.310800 -14.487798 10.632502
v 0.316900 -14.312398 10.741402
v 0.440800 -14.844098 10.431802
v 0.303800 -14.784098 10.418901
v -0.010200 -14.731398 10.407701
v 0.150800 -14.745399 10.410602
v -0.011500 -14.593898 10.506602
v 0.151300 -14.607598 10.511502
v -0.013600 -14.263098 10.711002
v 0.155800 -14.276098 10.719102
v 0.153200 -14.450598 10.614302
v -0.012700 -14.437298 10.607702
v 0.491000 -13.749798 11.106902
v 0.504100 -13.522099 11.194402
v 0.479900 -13.968598 11.004601
v 0.329900 -13.915498 10.958102
v 0.337800 -13.699198 11.054802
v 0.347200 -13.474398 11.136302
v 0.470200 -14.175899 10.892602
v 0.323100 -14.120798 10.851802
v -0.014000 -14.072998 10.816202
v 0.158800 -14.085598 10.825602
v -0.013900 -13.869598 10.917501
v 0.162400 -13.881698 10.928302
v -0.012600 -13.433298 11.085502
v 0.171900 -13.444098 11.099002
v 0.166700 -13.666998 11.021302
v -0.013400 -13.655499 11.009202
v 0.555600 -12.783198 11.372202
v 0.573700 -12.503398 11.433402
v 0.537400 -13.043298 11.318002
v 0.371100 -13.002498 11.247002
v 0.384200 -12.745399 11.295402
v 0.397100 -12.467598 11.351802
v 0.519900 -13.288098 11.261702
v 0.358500 -13.243898 11.197202
v -0.011700 -13.205598 11.140702
v 0.178200 -13.215698 11.155702
v -0.010700 -12.967198 11.184702
v 0.185100 -12.976498 11.201302
v -0.008700 -12.436399 11.280002
v 0.199500 -12.444598 11.299102
v 0.192400 -12.721198 11.245802
v -0.009600 -12.712598 11.227802
v 0.606600 -11.877198 11.602802
v 0.420800 -11.841298 11.516302
v 0.590600 -12.199398 11.510702
v 0.409200 -12.163998 11.426102
v -0.007900 -12.133298 11.351402
v 0.206100 -12.141398 11.371302
v -0.006900 -11.809999 11.439802
v 0.212500 -11.818298 11.460202
v -0.595400 -14.621799 10.697202
v -0.583700 -14.781598 10.573002
v -0.575800 -14.922198 10.448802
v -0.178700 -14.450698 10.614302
v -0.183100 -14.276098 10.719002
v -0.174500 -14.607598 10.511502
v -0.329500 -14.645498 10.524902
v -0.336600 -14.487798 10.632401
v -0.344400 -14.312398 10.741402
v -0.171200 -14.745399 10.410602
v -0.324500 -14.784098 10.418901
v -0.462000 -14.844098 10.431802
v -0.468600 -14.704498 10.545802
v -0.488900 -14.369198 10.776102
v -0.478200 -14.545798 10.660602
v -0.193500 -13.666998 11.021302
v -0.197200 -13.444098 11.099002
v -0.190200 -13.881698 10.928202
v -0.357800 -13.915498 10.958002
v -0.364700 -13.699198 11.054702
v -0.372600 -13.474498 11.136302
v -0.186800 -14.085598 10.825602
v -0.351200 -14.120798 10.851702
v -0.498500 -14.175998 10.892502
v -0.211700 -12.721298 11.245702
v -0.216900 -12.444698 11.299102
v -0.206500 -12.976498 11.201201
v -0.392500 -13.002498 11.246902
v -0.403500 -12.745399 11.295301
v -0.414500 -12.467598 11.351702
v -0.201600 -13.215698 11.155702
v -0.382000 -13.243898 11.197102
v -0.558800 -13.043298 11.317902
v -0.591100 -12.503398 11.433202
v -0.575000 -12.783298 11.372102
v -0.226300 -11.818298 11.460102
v -0.434600 -11.841198 11.516002
v -0.221900 -12.141398 11.371202
v -0.425000 -12.163998 11.425902
v -0.606400 -12.199398 11.510502
v 0.121200 -6.135898 16.490499
v 0.261700 -6.105398 16.314501
v 0.221300 -6.077398 16.227501
v 0.121300 -6.079398 16.278900
v 0.357900 -6.105498 16.164000
v 0.311000 -6.082098 16.108101
v 0.277200 -6.074398 16.037201
v 0.210100 -6.063598 16.081699
v 0.510800 -6.179498 15.827901
v 0.435600 -6.149698 15.780601
v 0.380000 -6.104298 15.955401
v 0.440000 -6.129397 16.001301
v 0.343400 -6.127297 15.742601
v 0.307500 -6.085798 15.917801
v 0.120700 -6.108397 15.725501
v 0.121200 -6.071098 15.918401
v 0.218500 -6.074697 15.912801
v 0.235900 -6.113297 15.727401
v 0.121400 -6.275398 16.528900
v 0.205300 -6.303298 16.515200
v 0.244700 -6.240298 16.485600
v 0.194600 -6.398198 16.510502
v 0.250700 -6.421298 16.482302
v 0.280500 -6.371397 16.477602
v 0.325400 -6.326998 16.446201
v 0.120800 -6.636497 16.419802
v 0.215100 -6.631998 16.408703
v 0.201000 -6.507197 16.472403
v 0.121400 -6.506798 16.482801
v 0.304700 -6.614498 16.381002
v 0.275100 -6.496998 16.448801
v 0.455200 -6.536298 16.293001
v 0.394800 -6.424298 16.380102
v 0.338200 -6.464498 16.419401
v 0.384600 -6.579597 16.342503
v 0.516600 -6.493398 16.232403
v 0.449600 -6.390898 16.326902
v 0.563600 -6.447798 16.168201
v 0.491600 -6.356098 16.271702
v 0.433300 -6.302897 16.334499
v 0.383300 -6.303897 16.393600
v 0.604300 -6.344997 16.046402
v 0.517300 -6.266098 16.179199
v 0.509800 -6.311598 16.226200
v 0.590600 -6.396597 16.107601
v 0.417400 -6.208298 16.296801
v 0.421100 -6.253998 16.330700
v 0.324700 -6.226998 16.420601
v 0.301300 -6.168598 16.395800
v 0.611400 -6.298398 15.980301
v 0.527400 -6.227998 16.119301
v 0.602400 -6.255698 15.918701
v 0.524100 -6.193898 16.064100
v 0.459900 -6.165597 16.159800
v 0.436600 -6.176398 16.232500
v 0.491500 -6.160098 16.031099
v 0.567600 -6.215398 15.870901
v 0.413900 -6.133698 16.177299
v 0.340800 -6.136998 16.306801
v 0.555100 -15.042598 10.324402
v 0.564300 -15.141898 10.199702
v 0.449700 -15.060998 10.205602
v 0.441900 -14.963298 10.318402
v 0.310700 -14.998298 10.211202
v 0.304900 -14.902098 10.314301
v -0.008900 -14.848198 10.311102
v 0.152000 -14.862598 10.311902
v 0.155500 -14.957499 10.215302
v 0.721200 -15.477998 10.366502
v 0.733800 -15.584098 10.182702
v 0.727700 -15.460498 10.186202
v 0.716500 -15.356798 10.353402
v 0.699800 -15.343998 10.190102
v 0.689300 -15.241998 10.342002
v 0.636500 -15.136398 10.332302
v 0.646500 -15.236999 10.194602
v 0.527200 -15.955498 10.429403
v 0.547200 -16.074099 10.179403
v 0.630900 -15.962498 10.177402
v 0.611200 -15.846298 10.412903
v 0.688100 -15.840199 10.177803
v 0.670300 -15.727298 10.396602
v 0.706400 -15.602998 10.381001
v 0.721500 -15.712298 10.179702
v -0.008500 -16.193398 10.473903
v -0.007000 -16.312498 10.197203
v 0.150000 -16.294397 10.194902
v 0.142200 -16.174997 10.469903
v 0.299500 -16.245197 10.190002
v 0.286100 -16.125498 10.459903
v 0.416700 -16.050398 10.445703
v 0.434300 -16.170097 10.184203
v 0.013500 -10.739398 14.165702
v 0.007400 -11.051298 14.015202
v 0.214900 -11.037698 13.986702
v 0.222500 -10.725398 14.137102
v 0.002400 -11.364198 13.869402
v 0.207800 -11.351198 13.841302
v 0.405000 -11.316498 13.766202
v 0.414300 -11.001598 13.910902
v 0.423400 -10.688098 14.061202
v -0.004500 -11.987699 13.590102
v 0.195100 -11.975998 13.563002
v 0.201100 -11.664498 13.700202
v -0.001600 -11.676798 13.727901
v 0.386600 -11.944498 13.490102
v 0.395700 -11.631298 13.626302
v 0.713700 -11.836998 13.242902
v 0.728400 -11.518798 13.376302
v 0.574200 -11.581398 13.515202
v 0.562200 -11.896998 13.380502
v 0.742600 -11.199298 13.514302
v 0.586000 -11.264398 13.654002
v 0.767800 -10.563298 13.809102
v 0.607900 -10.632398 13.948401
v 0.597400 -10.947498 13.798002
v 0.755900 -10.880198 13.658202
v 0.881600 -10.804399 13.501502
v 0.894800 -10.485798 13.653702
v 0.866600 -11.125598 13.356902
v 0.958700 -11.045798 13.187302
v 0.975200 -10.722698 13.333402
v 0.989700 -10.402298 13.487302
v 0.833300 -11.768298 13.086202
v 0.850300 -11.447498 13.218801
v 0.921800 -11.693498 12.916502
v 0.940700 -11.369998 13.048602
v 1.009300 -11.535498 12.562102
v 1.030800 -11.206799 12.693702
v 1.000600 -11.288898 12.871602
v 0.980200 -11.614998 12.739802
v 1.051200 -10.878298 12.834202
v 1.020000 -10.962498 13.011202
v 1.086000 -10.227898 13.141402
v 1.053100 -10.315498 13.314902
v 1.037700 -10.637498 13.158902
v 1.069800 -10.551498 12.983501
v 1.072300 -10.467098 12.812402
v 1.088900 -10.142199 12.971902
v 1.053100 -10.795698 12.661901
v 1.020900 -10.716798 12.498002
v 1.040100 -10.386598 12.649202
v 1.056900 -10.060298 12.810102
v 1.010300 -11.457499 12.389502
v 1.032200 -11.126298 12.520802
v 0.978300 -11.383098 12.225801
v 1.000000 -11.049499 12.356802
v 0.796800 -11.253598 11.940302
v 0.815700 -10.915598 12.069901
v 0.929400 -10.978498 12.205202
v 0.908600 -11.314398 12.074801
v 0.834100 -10.579098 12.210402
v 0.949500 -10.643898 12.346302
v 0.866900 -9.916898 12.524002
v 0.984600 -9.984498 12.659602
v 0.968100 -10.312099 12.497802
v 0.851400 -10.245698 12.361802
v 0.684800 -10.189598 12.244802
v 0.698700 -9.859598 12.407102
v 0.669700 -10.524598 12.094002
v 0.468600 -10.482598 12.003201
v 0.480900 -10.146298 12.153202
v 0.492600 -9.815198 12.315202
v 0.637900 -11.202798 11.826002
v 0.653900 -10.862798 11.954502
v 0.443800 -11.163998 11.737402
v 0.456100 -10.822398 11.864802
v -0.003100 -11.130098 11.658802
v 0.000500 -10.786998 11.784902
v 0.234300 -10.796398 11.806402
v 0.226300 -11.139098 11.679802
v 0.005000 -10.445698 11.922102
v 0.243000 -10.455498 11.943902
v 0.017200 -9.775798 12.232502
v 0.261200 -9.786398 12.254902
v 0.252000 -10.118299 12.093202
v 0.010600 -10.108098 12.071102
v 0.005500 -6.113398 15.727301
v 0.023900 -6.074798 15.912701
v -0.102000 -6.127398 15.742401
v -0.065100 -6.085897 15.917701
v -0.034400 -6.074498 16.037100
v -0.269400 -6.179798 15.827600
v -0.197500 -6.129698 16.001101
v -0.137500 -6.104497 15.955201
v -0.194200 -6.149998 15.780401
v -0.115100 -6.105698 16.163900
v -0.068200 -6.082298 16.108000
v 0.021500 -6.077497 16.227501
v -0.019000 -6.105597 16.314400
v -0.213600 -6.536598 16.292803
v -0.143000 -6.579897 16.342302
v -0.095400 -6.464797 16.419302
v -0.152100 -6.424598 16.380001
v -0.063000 -6.614697 16.380901
v -0.032300 -6.497198 16.448702
v -0.007600 -6.421398 16.482203
v -0.037300 -6.371598 16.477503
v -0.082400 -6.327198 16.446001
v 0.041800 -6.507298 16.472403
v 0.026500 -6.632098 16.408602
v 0.048500 -6.398298 16.510502
v -0.001900 -6.240397 16.485500
v 0.037800 -6.303398 16.515200
v -0.058600 -6.168797 16.395700
v -0.081700 -6.227298 16.420500
v -0.174500 -6.208698 16.296700
v -0.178100 -6.254298 16.330500
v -0.190300 -6.303298 16.334200
v -0.140200 -6.304198 16.393400
v -0.362800 -6.345397 16.046001
v -0.349000 -6.396997 16.107302
v -0.267100 -6.312098 16.226000
v -0.274700 -6.266498 16.179001
v -0.322000 -6.448298 16.167902
v -0.248900 -6.356498 16.271402
v -0.207000 -6.391298 16.326702
v -0.275100 -6.493798 16.232203
v -0.097900 -6.137197 16.306700
v -0.171000 -6.133997 16.177200
v -0.217000 -6.165998 16.159599
v -0.193700 -6.176797 16.232300
v -0.326200 -6.215797 15.870601
v -0.249000 -6.160498 16.030899
v -0.360900 -6.256098 15.918401
v -0.281600 -6.194198 16.063900
v -0.284800 -6.228398 16.119101
v -0.369900 -6.298898 15.980000
v -0.574200 -15.042598 10.324402
v -0.466500 -15.060998 10.205602
v -0.741200 -15.478098 10.366502
v -0.736500 -15.356798 10.353402
v -0.745700 -15.460598 10.186202
v -0.751700 -15.584098 10.182702
v -0.709200 -15.242098 10.342002
v -0.717700 -15.344098 10.190102
v -0.664200 -15.237098 10.194602
v -0.656100 -15.136398 10.332302
v -0.545800 -15.955498 10.429403
v -0.630300 -15.846298 10.412903
v -0.647600 -15.962498 10.177402
v -0.563300 -16.074198 10.179403
v -0.689800 -15.727298 10.396602
v -0.705300 -15.840199 10.177803
v -0.739100 -15.712399 10.179702
v -0.726200 -15.603098 10.381001
v -0.159300 -16.174997 10.469903
v -0.164200 -16.294397 10.194902
v -0.303600 -16.125498 10.459903
v -0.314200 -16.245197 10.190002
v -0.449700 -16.170097 10.184203
v -0.434700 -16.050499 10.445703
v -0.739600 -10.562498 13.807602
v -0.740000 -10.879598 13.657001
v -0.582000 -10.946898 13.797002
v -0.580300 -10.631698 13.947102
v -0.737000 -11.198798 13.513402
v -0.580800 -11.263998 13.653202
v -0.400100 -11.316198 13.765702
v -0.399300 -11.001198 13.910202
v -0.396100 -10.687598 14.060302
v -0.722300 -11.836798 13.242302
v -0.570900 -11.896798 13.380002
v -0.577000 -11.581198 13.514602
v -0.730900 -11.518498 13.375602
v -0.395400 -11.944398 13.489802
v -0.398700 -11.631098 13.625802
v -0.204200 -11.664398 13.700002
v -0.204000 -11.975998 13.562802
v -0.203000 -11.351098 13.841002
v -0.195500 -10.725098 14.136601
v -0.200100 -11.037498 13.986302
v -1.054900 -10.227298 13.140101
v -1.051600 -10.550998 12.982302
v -1.020200 -10.636898 13.157701
v -1.022800 -10.314798 13.313402
v -1.043700 -10.877898 12.833202
v -1.013000 -10.962098 13.010201
v -0.952300 -11.045298 13.186302
v -0.958300 -10.721998 13.332102
v -0.960100 -10.401498 13.485802
v -1.016900 -11.535298 12.561402
v -0.988000 -11.614799 12.739102
v -1.002100 -11.288598 12.870702
v -1.031900 -11.206498 12.692801
v -0.929900 -11.693198 12.915802
v -0.942600 -11.369598 13.047702
v -0.852500 -11.447098 13.218002
v -0.841600 -11.768098 13.085602
v -0.860500 -11.125098 13.355902
v -0.866000 -10.484998 13.652102
v -0.865200 -10.803798 13.500202
v -0.833200 -9.916498 12.523102
v -0.830800 -10.245399 12.360902
v -0.948000 -10.311698 12.496902
v -0.951300 -9.984098 12.658502
v -0.824700 -10.578798 12.209602
v -0.940500 -10.643599 12.345402
v -1.012300 -10.716498 12.497102
v -1.020500 -10.386198 12.648202
v -1.024300 -10.059798 12.808902
v -0.803300 -11.253398 11.939702
v -0.915400 -11.314198 12.074202
v -0.929400 -10.978298 12.204502
v -0.815300 -10.915298 12.069201
v -0.985300 -11.382798 12.225101
v -1.000300 -11.049198 12.356002
v -1.032900 -11.125998 12.520002
v -1.017600 -11.457198 12.388802
v -1.045100 -10.795298 12.660902
v -1.057100 -10.141598 12.970702
v -1.053400 -10.466698 12.811302
v -0.230700 -10.118198 12.093002
v -0.226900 -9.786298 12.254601
v -0.232900 -10.455498 11.943702
v -0.458700 -10.482398 12.002802
v -0.459700 -10.146098 12.152802
v -0.458300 -9.814998 12.314702
v -0.232400 -11.138998 11.679702
v -0.233400 -10.796298 11.806202
v -0.450100 -11.163898 11.737102
v -0.455300 -10.822198 11.864402
v -0.653300 -10.862598 11.954002
v -0.644300 -11.202698 11.825501
v -0.660000 -10.524298 12.093402
v -0.664600 -9.859298 12.406301
v -0.663900 -10.189398 12.244202
v -0.013700 -15.560198 11.527702
v -0.012800 -15.751198 11.273602
v 0.138300 -15.732798 11.263402
v 0.140500 -15.542198 11.515502
v -0.011500 -15.917298 11.012803
v 0.137300 -15.898698 11.004703
v 0.279800 -15.848998 10.983303
v 0.283100 -15.683398 11.236202
v 0.288100 -15.493698 11.482902
v 0.138300 -16.044598 10.740003
v -0.010000 -16.063198 10.746003
v 0.280200 -15.994898 10.724402
v 0.519600 -15.825198 10.673603
v 0.409400 -15.919798 10.701503
v 0.521000 -15.679598 10.912102
v 0.409800 -15.773998 10.951402
v 0.538400 -15.327798 11.373002
v 0.422900 -15.420398 11.434002
v 0.415200 -15.608898 11.195601
v 0.528400 -15.515098 11.145202
v -0.012900 -14.527598 12.431302
v -0.013600 -14.820998 12.230102
v 0.148900 -14.805498 12.213102
v 0.152900 -14.513098 12.412702
v -0.014000 -15.092598 12.009902
v 0.145600 -15.076098 11.994302
v 0.298500 -15.031199 11.952502
v 0.304600 -14.763198 12.167002
v 0.311800 -14.473798 12.362202
v 0.142800 -15.322498 11.760502
v -0.014100 -15.339898 11.774402
v 0.293100 -15.275498 11.723102
v 0.547900 -15.114099 11.595702
v 0.430400 -15.204298 11.666702
v 0.557800 -14.876198 11.808802
v 0.438100 -14.962998 11.889102
v 0.581600 -14.336699 12.188002
v 0.457000 -14.413598 12.285501
v 0.446800 -14.698698 12.096802
v 0.568700 -14.616398 12.007702
v -0.009100 -13.232698 13.054802
v -0.010000 -13.560098 12.916402
v 0.169100 -13.548898 12.892602
v 0.174700 -13.222098 13.029702
v -0.011000 -13.889898 12.769602
v 0.163400 -13.877698 12.747402
v 0.330600 -13.844698 12.687802
v 0.340800 -13.518498 12.828902
v 0.351000 -13.193498 12.962702
v 0.157900 -14.201498 12.589102
v -0.012000 -14.214798 12.609502
v 0.320700 -14.165398 12.534101
v 0.597300 -14.039498 12.344902
v 0.469500 -14.110198 12.450602
v 0.614800 -13.729898 12.484602
v 0.483400 -13.794298 12.597902
v 0.651100 -13.094598 12.736302
v 0.512300 -13.149899 12.862002
v 0.498000 -13.472198 12.733102
v 0.633100 -13.413198 12.613102
v -0.006400 -12.295598 13.455702
v 0.189700 -12.284498 13.428802
v -0.007600 -12.603598 13.322802
v 0.184700 -12.592999 13.296302
v 0.369200 -12.564298 13.225402
v 0.377800 -12.254598 13.356902
v 0.179800 -12.904498 13.163702
v -0.008400 -12.914998 13.189702
v 0.360300 -12.876298 13.094402
v 0.667900 -12.779298 12.860202
v 0.525600 -12.833498 12.990302
v 0.683800 -12.465598 12.985502
v 0.538100 -12.520699 13.118902
v 0.550200 -12.209298 13.248702
v 0.698900 -12.152098 13.112802
v 0.635700 -7.190398 15.802101
v 0.598000 -6.992398 15.943001
v 0.494800 -7.046597 16.018002
v 0.523600 -7.248198 15.885001
v 0.555900 -6.818598 16.072903
v 0.462300 -6.869098 16.139902
v 0.355300 -6.909498 16.193201
v 0.376500 -7.089998 16.077803
v 0.395000 -7.294398 15.950901
v 0.425800 -6.713898 16.248602
v 0.508500 -6.667098 16.190002
v 0.331400 -6.751498 16.295101
v 0.119700 -6.782098 16.338902
v 0.227800 -6.774298 16.326801
v 0.117800 -6.945797 16.242401
v 0.238900 -6.935997 16.229002
v 0.110500 -7.336698 16.010801
v 0.255500 -7.325198 15.994601
v 0.248200 -7.118998 16.117502
v 0.114800 -7.129898 16.132301
v 0.749100 -8.191898 15.161401
v 0.727000 -7.919998 15.329301
v 0.591100 -7.986698 15.436601
v 0.606800 -8.260698 15.275501
v 0.700500 -7.659098 15.493301
v 0.571900 -7.723298 15.592901
v 0.424300 -7.774097 15.671000
v 0.435100 -8.039398 15.520401
v 0.443300 -8.314998 15.364601
v 0.549400 -7.475398 15.742801
v 0.670000 -7.414197 15.651501
v 0.411000 -7.524097 15.814901
v 0.104600 -7.568498 15.880001
v 0.260700 -7.556397 15.862401
v 0.097400 -7.820298 15.741001
v 0.264100 -7.807797 15.722201
v 0.080900 -8.364099 15.444101
v 0.265700 -8.350798 15.422801
v 0.265600 -8.074298 15.575201
v 0.089400 -8.087198 15.595301
v 0.791300 -9.338198 14.475501
v 0.787600 -9.043498 14.647901
v 0.631900 -9.115198 14.775401
v 0.633000 -9.409998 14.606001
v 0.779400 -8.753998 14.820101
v 0.627200 -8.825198 14.944001
v 0.452100 -8.881598 15.041701
v 0.452600 -9.172198 14.876701
v 0.450700 -9.467299 14.710501
v 0.618800 -8.540298 15.111001
v 0.766500 -8.470098 14.991401
v 0.449000 -8.595798 15.204701
v 0.072400 -8.645998 15.288601
v 0.264300 -8.632398 15.266101
v 0.063700 -8.932698 15.129801
v 0.261700 -8.918898 15.106101
v 0.046200 -9.519698 14.806102
v 0.252400 -9.505498 14.780102
v 0.257700 -9.209998 14.943701
v 0.055000 -9.223998 14.968601
v 0.778000 -10.250498 13.968202
v 0.617400 -10.320898 14.106202
v 0.785800 -9.941898 14.133702
v 0.625100 -10.013098 14.269602
v 0.439900 -10.070398 14.379502
v 0.432100 -10.377598 14.217902
v 0.630600 -9.709398 14.436802
v 0.790500 -9.637698 14.303402
v 0.446300 -9.766898 14.544202
v 0.037300 -9.819498 14.643102
v 0.245800 -9.805198 14.616202
v 0.028700 -10.122998 14.481102
v 0.238400 -10.108698 14.453302
v 0.230500 -10.415598 14.293201
v 0.020700 -10.429798 14.321502
v 0.616400 -15.407798 11.088402
v 0.628200 -15.221498 11.303802
v 0.607300 -15.571998 10.868202
v 0.669700 -15.455098 10.821502
v 0.680100 -15.291298 11.027602
v 0.693200 -15.105898 11.229402
v 0.604500 -15.717098 10.643102
v 0.665300 -15.599698 10.611202
v 0.719800 -15.353698 10.548002
v 0.703300 -15.477198 10.579102
v 0.726600 -15.210498 10.727201
v 0.709100 -15.333199 10.773902
v 0.753100 -14.864099 11.076802
v 0.734500 -14.985298 11.152802
v 0.720600 -15.169798 10.965202
v 0.738700 -15.047498 10.903502
v 0.663700 -14.520699 11.904702
v 0.678800 -14.247098 12.075102
v 0.650900 -14.775798 11.716402
v 0.718500 -14.665998 11.616102
v 0.732800 -14.415898 11.792602
v 0.749600 -14.148698 11.952302
v 0.639400 -15.010098 11.514602
v 0.705700 -14.896798 11.427002
v 0.766800 -14.659398 11.246702
v 0.747800 -14.778399 11.336502
v 0.781100 -14.435898 11.409402
v 0.761500 -14.551198 11.512402
v 0.816000 -13.941998 11.697701
v 0.795000 -14.045698 11.824702
v 0.776900 -14.306198 11.676502
v 0.797100 -14.195898 11.561002
v 0.738900 -13.344898 12.476501
v 0.760100 -13.030698 12.593702
v 0.717600 -13.654998 12.355001
v 0.792700 -13.572898 12.214402
v 0.816500 -13.269898 12.328502
v 0.840000 -12.960798 12.439402
v 0.697200 -13.957198 12.223202
v 0.770000 -13.866798 12.090902
v 0.838900 -13.676398 11.815701
v 0.816900 -13.771998 11.953302
v 0.864300 -13.399598 11.920702
v 0.841300 -13.486598 12.067801
v 0.917300 -12.812898 12.115702
v 0.892100 -12.887298 12.278302
v 0.866900 -13.191198 12.174202
v 0.891000 -13.111598 12.018702
v 0.816100 -12.086298 12.958102
v 0.798300 -12.402198 12.833802
v 0.882800 -12.332898 12.669402
v 0.902600 -12.014498 12.790401
v 0.779700 -12.716698 12.712502
v 0.862000 -12.648398 12.552702
v 0.942000 -12.503698 12.217402
v 0.915800 -12.576498 12.385901
v 0.965300 -12.186198 12.325002
v 0.938100 -12.259998 12.498002
v 0.959500 -11.939098 12.615602
v 0.987600 -11.862699 12.439602
v 0.867900 -6.907998 15.392201
v 0.812100 -6.728998 15.574901
v 0.787900 -6.796798 15.670001
v 0.841800 -6.980798 15.498001
v 0.750400 -6.575898 15.744601
v 0.728700 -6.638498 15.829101
v 0.689400 -6.701498 15.913801
v 0.744400 -6.864997 15.765401
v 0.794600 -7.053897 15.604401
v 0.663200 -6.505298 15.975101
v 0.681600 -6.448098 15.901601
v 0.629300 -6.562697 16.048502
v 0.577100 -6.616698 16.121702
v 0.631700 -6.762098 15.996301
v 0.726000 -7.124698 15.707101
v 0.681100 -6.930998 15.857601
v 1.039700 -7.848598 14.582601
v 1.005500 -7.587698 14.785601
v 0.974700 -7.673697 14.926001
v 1.007800 -7.937598 14.732100
v 0.965100 -7.341298 14.992001
v 0.935700 -7.423498 15.121401
v 0.882000 -7.505998 15.251901
v 0.918300 -7.760098 15.067601
v 0.949100 -8.026798 14.882901
v 0.891200 -7.191098 15.313601
v 0.919000 -7.113398 15.196001
v 0.840600 -7.269098 15.432001
v 0.767000 -7.344498 15.546301
v 0.803800 -7.585598 15.377701
v 0.863000 -8.112798 15.028201
v 0.835900 -7.843297 15.204201
v 1.110600 -8.985599 13.837901
v 1.102700 -8.689398 14.018101
v 1.068900 -8.781398 14.181301
v 1.076600 -9.077298 14.003201
v 1.088300 -8.400498 14.200901
v 1.054800 -8.492298 14.361101
v 0.992600 -8.584098 14.522101
v 1.005500 -8.873298 14.344701
v 1.012400 -9.168698 14.168401
v 1.034500 -8.210698 14.544301
v 1.067300 -8.119798 14.388401
v 0.973800 -8.301698 14.701301
v 0.884700 -8.389398 14.852601
v 0.901000 -8.672498 14.677301
v 0.917600 -9.256698 14.327701
v 0.911900 -8.961798 14.502301
v 1.099000 -9.909298 13.307802
v 1.065500 -9.998199 13.479301
v 1.107900 -9.595798 13.480701
v 1.074100 -9.685898 13.650202
v 1.009600 -9.775498 13.818902
v 1.001400 -10.086498 13.649902
v 1.078100 -9.378798 13.825500
v 1.112100 -9.287798 13.658001
v 1.013600 -9.469498 13.992401
v 0.917900 -9.556698 14.153502
v 0.913700 -9.861698 13.981802
v 0.905800 -10.171498 13.814502
v 0.735400 -14.928699 10.844902
v 0.749800 -14.746398 11.004402
v 0.723200 -15.090998 10.683102
v 0.696000 -14.977798 10.642302
v 0.707900 -14.816098 10.790401
v 0.721900 -14.635198 10.936902
v 0.716000 -15.233698 10.519202
v 0.688900 -15.119798 10.492802
v 0.554200 -14.922198 10.448802
v 0.636000 -15.015098 10.469302
v 0.559600 -14.781598 10.573102
v 0.642400 -14.873698 10.605402
v 0.580500 -14.443798 10.821502
v 0.666500 -14.533398 10.875502
v 0.653400 -14.712898 10.740802
v 0.569100 -14.621799 10.697302
v 0.794500 -14.089298 11.451302
v 0.813700 -13.841698 11.576602
v 0.778300 -14.324298 11.311502
v 0.749800 -14.218998 11.220402
v 0.765900 -13.988798 11.349102
v 0.784800 -13.747098 11.463502
v 0.763700 -14.544098 11.161302
v 0.735500 -14.435398 11.081602
v 0.591800 -14.248498 10.945802
v 0.679200 -14.335898 11.009302
v 0.603800 -14.038498 11.065302
v 0.692700 -14.122898 11.137802
v 0.633300 -13.584898 11.270202
v 0.725800 -13.660698 11.360602
v 0.707900 -13.896998 11.256402
v 0.617300 -13.816498 11.175002
v 0.889900 -13.033998 11.867102
v 0.916600 -12.740098 11.956402
v 0.862800 -13.314898 11.778202
v 0.833100 -13.234899 11.643502
v 0.859700 -12.960299 11.722902
v 0.886000 -12.670698 11.804602
v 0.837000 -13.583899 11.683402
v 0.807700 -13.496498 11.559302
v 0.652600 -13.346298 11.345802
v 0.747400 -13.416498 11.445802
v 0.674100 -13.096898 11.410202
v 0.771400 -13.161498 11.519802
v 0.718600 -12.550498 11.539102
v 0.821400 -12.606898 11.664102
v 0.796500 -12.892598 11.590002
v 0.696500 -12.832898 11.471802
v 0.988100 -11.787698 12.268202
v 0.965400 -12.113698 12.156202
v 0.934000 -12.044498 11.995502
v 0.956400 -11.716098 12.105502
v 0.941700 -12.432199 12.052502
v 0.910600 -12.364099 11.895302
v 0.739300 -12.245698 11.620302
v 0.844600 -12.301298 11.749902
v 0.759000 -11.924298 11.714802
v 0.866600 -11.980698 11.847002
v 0.887800 -11.650098 11.955402
v 0.778000 -11.591698 11.821702
v 0.721800 -6.660898 15.030401
v 0.677900 -6.498998 15.248401
v 0.753700 -6.547798 15.319201
v 0.804200 -6.713398 15.108701
v 0.628800 -6.364598 15.452901
v 0.698000 -6.409498 15.515801
v 0.739200 -6.460398 15.585901
v 0.798800 -6.603298 15.398201
v 0.853200 -6.772997 15.196101
v 0.636200 -6.298598 15.699401
v 0.573400 -6.257998 15.645601
v 0.673900 -6.344598 15.759401
v 0.687100 -6.394398 15.828201
v 0.755300 -6.516198 15.662901
v 0.873100 -6.838298 15.291101
v 0.817000 -6.664098 15.483901
v 0.852300 -7.546398 14.082801
v 0.827200 -7.296197 14.316501
v 0.926900 -7.358198 14.416800
v 0.956700 -7.610698 14.189601
v 0.796900 -7.062998 14.557201
v 0.891200 -7.122097 14.650401
v 0.947600 -7.189198 14.755001
v 0.986500 -7.428398 14.529501
v 1.019300 -7.683497 14.309601
v 0.850200 -6.905998 14.883401
v 0.761600 -6.849998 14.797601
v 0.903000 -6.969498 14.979401
v 0.924500 -7.039098 15.084101
v 0.970600 -7.262798 14.869301
v 1.045300 -7.763298 14.441201
v 1.011100 -7.505398 14.652901
v 0.897800 -8.666198 13.260001
v 0.894400 -8.371298 13.454901
v 1.008800 -8.439798 13.577201
v 1.014100 -8.735198 13.386201
v 0.885800 -8.085398 13.655001
v 0.997600 -8.152898 13.772801
v 1.065000 -8.229098 13.904501
v 1.078100 -8.516798 13.713501
v 1.084800 -8.812698 13.526501
v 0.980200 -7.876098 13.975901
v 0.871800 -7.809898 13.863301
v 1.045400 -7.950898 14.102301
v 1.072700 -8.032698 14.240401
v 1.093400 -8.312198 14.047901
v 1.115100 -8.896698 13.678001
v 1.107500 -8.600598 13.861301
v 0.880000 -9.594198 12.697202
v 0.998100 -9.662698 12.831402
v 0.889900 -9.277998 12.879001
v 1.008100 -9.346998 13.011201
v 1.080200 -9.424298 13.157801
v 1.070500 -9.739498 12.980302
v 1.013600 -9.037698 13.196801
v 0.896100 -8.968498 13.067301
v 1.085200 -9.115298 13.340601
v 1.116300 -9.199298 13.495301
v 1.111700 -9.507898 13.315402
v 1.102400 -9.822298 13.140302
v 0.461200 -14.369198 10.776202
v 0.316900 -14.312398 10.741402
v -0.012700 -14.437298 10.607702
v 0.491000 -13.749798 11.106902
v 0.504100 -13.522099 11.194402
v 0.479900 -13.968598 11.004601
v 0.470200 -14.175899 10.892602
v 0.323100 -14.120798 10.851802
v 0.158800 -14.085598 10.825602
v -0.013900 -13.869598 10.917501
v 0.162400 -13.881698 10.928302
v 0.555600 -12.783198 11.372202
v 0.537400 -13.043298 11.318002
v 0.519900 -13.288098 11.261702
v 0.622300 -11.542998 11.708302
v 0.606600 -11.877198 11.602802
v 0.420800 -11.841298 11.516302
v 0.432200 -11.505798 11.620602
v -0.006900 -11.809999 11.439802
v 0.212500 -11.818298 11.460202
v 0.219100 -11.481998 11.563802
v -0.005400 -11.473398 11.543002
v 0.111200 -6.552798 14.861301
v 0.115300 -6.398598 15.094901
v 0.277600 -6.405898 15.106701
v 0.287300 -6.560698 14.874301
v 0.118000 -6.272697 15.315601
v 0.265600 -6.279397 15.325601
v 0.405200 -6.297997 15.353501
v 0.431200 -6.426298 15.138601
v 0.454000 -6.582598 14.909401
v 0.251700 -6.181698 15.532101
v 0.119700 -6.175797 15.525201
v 0.376000 -6.198098 15.554601
v 0.484900 -6.223998 15.594901
v 0.528700 -6.326898 15.397401
v 0.602000 -6.616698 14.962701
v 0.567500 -6.457798 15.187001
v 0.082800 -7.413698 13.854101
v 0.091000 -7.168698 14.101801
v 0.303200 -7.178098 14.118201
v 0.304500 -7.423498 13.871601
v 0.098700 -6.941298 14.357201
v 0.300000 -6.950198 14.372601
v 0.490600 -6.974897 14.413901
v 0.504100 -7.203998 14.162601
v 0.514500 -7.450498 13.918801
v 0.294800 -6.743298 14.627101
v 0.105600 -6.734797 14.612901
v 0.473900 -6.766697 14.665401
v 0.632800 -6.802897 14.723601
v 0.659700 -7.013197 14.477001
v 0.701000 -7.492198 13.990901
v 0.682600 -7.244098 14.230301
v 0.049400 -8.521498 12.986901
v 0.057900 -8.228198 13.190801
v 0.298500 -8.238998 13.211201
v 0.293300 -8.532298 13.008001
v 0.066300 -7.944898 13.401501
v 0.302100 -7.955398 13.421000
v 0.525600 -7.983998 13.473501
v 0.526600 -8.268198 13.266001
v 0.524600 -8.561898 13.064701
v 0.304100 -7.683098 13.640100
v 0.074600 -7.672998 13.621601
v 0.521600 -7.710998 13.690101
v 0.714900 -7.754098 13.766201
v 0.724300 -8.028198 13.553301
v 0.730400 -8.607498 13.150801
v 0.729500 -8.313198 13.349201
v 0.024500 -9.450698 12.407201
v 0.270300 -9.461498 12.429501
v 0.032500 -9.132998 12.592701
v 0.278900 -9.143898 12.614801
v 0.512500 -9.173598 12.674201
v 0.503300 -9.490798 12.489702
v 0.286700 -8.834098 12.808401
v 0.040900 -8.823198 12.786701
v 0.519700 -8.863898 12.866701
v 0.727100 -8.909598 12.955101
v 0.720400 -9.219198 12.764501
v 0.710700 -9.535998 12.581102
v -0.566400 -15.327798 11.372902
v -0.554800 -15.515098 11.145102
v -0.441300 -15.608898 11.195601
v -0.450700 -15.420398 11.434002
v -0.545100 -15.679698 10.912102
v -0.433500 -15.773998 10.951402
v -0.303200 -15.848998 10.983303
v -0.309000 -15.683398 11.236202
v -0.315800 -15.493698 11.482902
v -0.430300 -15.919798 10.701503
v -0.540900 -15.825198 10.673603
v -0.300700 -15.994898 10.724402
v -0.158500 -16.044598 10.740003
v -0.160400 -15.898698 11.004703
v -0.167900 -15.542198 11.515502
v -0.164000 -15.732798 11.263402
v -0.607500 -14.336798 12.187901
v -0.596100 -14.616398 12.007702
v -0.474000 -14.698698 12.096802
v -0.482800 -14.413698 12.285501
v -0.586100 -14.876298 11.808702
v -0.466300 -14.962998 11.889002
v -0.326600 -15.031298 11.952502
v -0.331800 -14.763198 12.166902
v -0.337600 -14.473798 12.362202
v -0.458800 -15.204398 11.666602
v -0.576500 -15.114099 11.595602
v -0.321500 -15.275599 11.723102
v -0.171000 -15.322498 11.760502
v -0.173600 -15.076098 11.994302
v -0.178700 -14.513098 12.412702
v -0.176100 -14.805498 12.213102
v -0.669300 -13.094598 12.736102
v -0.653000 -13.413298 12.613002
v -0.517900 -13.472198 12.733102
v -0.530400 -13.149899 12.861902
v -0.636800 -13.729998 12.484602
v -0.505400 -13.794398 12.597902
v -0.352500 -13.844798 12.687802
v -0.360800 -13.518498 12.828902
v -0.369100 -13.193498 12.962602
v -0.493500 -14.110198 12.450602
v -0.621300 -14.039598 12.344902
v -0.344700 -14.165398 12.534002
v -0.181800 -14.201498 12.589102
v -0.185300 -13.877698 12.747402
v -0.192900 -13.222098 13.029702
v -0.189100 -13.548898 12.892602
v -0.711400 -12.151999 13.112402
v -0.562900 -12.209198 13.248402
v -0.698800 -12.465598 12.985202
v -0.553200 -12.520699 13.118702
v -0.384300 -12.564198 13.225302
v -0.390500 -12.254498 13.356702
v -0.542300 -12.833498 12.990202
v -0.684600 -12.779298 12.860002
v -0.377100 -12.876298 13.094302
v -0.196600 -12.904498 13.163702
v -0.199800 -12.592999 13.296202
v -0.202400 -12.284498 13.428702
v -0.018500 -7.119098 16.117401
v -0.034500 -7.325198 15.994501
v -0.003300 -6.936098 16.228903
v -0.119700 -6.909698 16.193102
v -0.146800 -7.090198 16.077702
v -0.174000 -7.294497 15.950801
v 0.011600 -6.774398 16.326702
v -0.091900 -6.751698 16.294903
v -0.269100 -6.667498 16.189802
v -0.186400 -6.714198 16.248503
v -0.320300 -6.818898 16.072601
v -0.226700 -6.869298 16.139702
v -0.414700 -7.190497 15.801701
v -0.302600 -7.248298 15.884801
v -0.265100 -7.046798 16.017801
v -0.368300 -6.992598 15.942701
v -0.086800 -8.074198 15.575101
v -0.103800 -8.350698 15.422501
v -0.069200 -7.807797 15.722101
v -0.229500 -7.774097 15.670701
v -0.256300 -8.039298 15.520101
v -0.281400 -8.314698 15.364101
v -0.051600 -7.556498 15.862301
v -0.201800 -7.524097 15.814701
v -0.460800 -7.414197 15.651101
v -0.340200 -7.475398 15.742501
v -0.505600 -7.658897 15.492701
v -0.377100 -7.723098 15.592501
v -0.586800 -8.191298 15.160301
v -0.444800 -8.260198 15.274701
v -0.412200 -7.986398 15.436001
v -0.547900 -7.919598 15.328501
v -0.147700 -9.209599 14.943201
v -0.160000 -9.505098 14.779502
v -0.134200 -8.918598 15.105601
v -0.324500 -8.880998 15.040801
v -0.342400 -9.171498 14.875601
v -0.358000 -9.466599 14.709301
v -0.119600 -8.632198 15.265701
v -0.304100 -8.595398 15.204001
v -0.621200 -8.469198 14.990101
v -0.473800 -8.539598 15.109901
v -0.651100 -8.752998 14.818401
v -0.499300 -8.824298 14.942701
v -0.697700 -9.336898 14.473401
v -0.539900 -9.408898 14.604300
v -0.521400 -9.114198 14.773801
v -0.676600 -9.042298 14.646001
v -0.189000 -10.415198 14.292602
v -0.180800 -10.108298 14.452702
v -0.382100 -10.069698 14.378302
v -0.390400 -10.376998 14.216902
v -0.171100 -9.804798 14.615502
v -0.371300 -9.766098 14.543002
v -0.714400 -9.636398 14.301302
v -0.555100 -9.708298 14.435102
v -0.726900 -9.940698 14.131701
v -0.566800 -10.012098 14.267902
v -0.575200 -10.319998 14.104702
v -0.735300 -10.249498 13.966502
v -0.781300 -14.864099 11.076702
v -0.765500 -15.047598 10.903402
v -0.747400 -15.169798 10.965102
v -0.762800 -14.985398 11.152702
v -0.751300 -15.210498 10.727102
v -0.733800 -15.333298 10.773902
v -0.694200 -15.455198 10.821502
v -0.706800 -15.291298 11.027502
v -0.721400 -15.105998 11.229402
v -0.725600 -15.477198 10.579102
v -0.742100 -15.353798 10.548002
v -0.687300 -15.599698 10.611202
v -0.626200 -15.717098 10.643102
v -0.631700 -15.571998 10.868202
v -0.656300 -15.221598 11.303702
v -0.643000 -15.407798 11.088302
v -0.841800 -13.942098 11.697602
v -0.824500 -14.195998 11.560902
v -0.804200 -14.306298 11.676402
v -0.820800 -14.045798 11.824602
v -0.809500 -14.435898 11.409302
v -0.789900 -14.551298 11.512301
v -0.746800 -14.665998 11.616102
v -0.760100 -14.415998 11.792602
v -0.775400 -14.148798 11.952202
v -0.776500 -14.778399 11.336402
v -0.795600 -14.659398 11.246602
v -0.734400 -14.896798 11.426902
v -0.668000 -15.010198 11.514502
v -0.679200 -14.775798 11.716302
v -0.704700 -14.247198 12.075102
v -0.691100 -14.520798 11.904602
v -0.935100 -12.812898 12.115402
v -0.910700 -13.111698 12.018602
v -0.886600 -13.191298 12.174102
v -0.910000 -12.887398 12.278102
v -0.886100 -13.399698 11.920602
v -0.863200 -13.486698 12.067702
v -0.814600 -13.572898 12.214202
v -0.836400 -13.269999 12.328402
v -0.858000 -12.960798 12.439202
v -0.840800 -13.772099 11.953202
v -0.862800 -13.676498 11.815502
v -0.793900 -13.866798 12.090802
v -0.721100 -13.957198 12.223202
v -0.739500 -13.655098 12.354902
v -0.778100 -13.030698 12.593502
v -0.758800 -13.344898 12.476402
v -0.999500 -11.862498 12.439002
v -0.971500 -11.938998 12.615002
v -0.979800 -12.186098 12.324602
v -0.952800 -12.259998 12.497502
v -0.897600 -12.332798 12.669002
v -0.914800 -12.014298 12.789902
v -0.932200 -12.576498 12.385602
v -0.958300 -12.503598 12.217102
v -0.878500 -12.648298 12.552402
v -0.796400 -12.716698 12.712302
v -0.813200 -12.402098 12.833402
v -0.828400 -12.086198 12.957602
v -0.451400 -6.931298 15.857201
v -0.504900 -7.124798 15.706601
v -0.396100 -6.762497 15.996001
v -0.453800 -6.701797 15.913401
v -0.514600 -6.865198 15.764901
v -0.573400 -7.053998 15.603801
v -0.337700 -6.617097 16.121403
v -0.390000 -6.563097 16.048101
v -0.442200 -6.448498 15.901201
v -0.423900 -6.505698 15.974701
v -0.514700 -6.576198 15.744101
v -0.493100 -6.638798 15.828601
v -0.646400 -6.907897 15.391401
v -0.620500 -6.980798 15.497301
v -0.558100 -6.796998 15.669401
v -0.582200 -6.729198 15.574301
v -0.656600 -7.842698 15.203101
v -0.700500 -8.111999 15.026901
v -0.608600 -7.585298 15.376901
v -0.686700 -7.505598 15.250801
v -0.738800 -7.759398 15.066201
v -0.786200 -8.025898 14.881201
v -0.557700 -7.344398 15.545601
v -0.631200 -7.268898 15.431201
v -0.709200 -7.113098 15.194901
v -0.681500 -7.190798 15.312601
v -0.769200 -7.340797 14.990501
v -0.740100 -7.422997 15.120101
v -0.875900 -7.847497 14.580501
v -0.844500 -7.936498 14.730101
v -0.794800 -7.672898 14.924301
v -0.825200 -7.586898 14.783801
v -0.800200 -8.960498 14.500101
v -0.823200 -9.255298 14.325401
v -0.772200 -8.671298 14.675301
v -0.863200 -8.582798 14.519901
v -0.893000 -8.871898 14.342401
v -0.917200 -9.167298 14.166001
v -0.739000 -8.388398 14.850901
v -0.827600 -8.300598 14.699301
v -0.919900 -8.118598 14.386101
v -0.887700 -8.209498 14.542101
v -0.957400 -8.399199 14.198501
v -0.924700 -8.490998 14.358801
v -1.013500 -8.984298 13.835601
v -0.980400 -9.075898 14.000901
v -0.955500 -8.780098 14.178901
v -0.988500 -8.688098 14.015701
v -0.862300 -10.170498 13.812602
v -0.854000 -9.860498 13.979702
v -0.949000 -9.774298 13.816802
v -0.957100 -10.085498 13.648002
v -0.841100 -9.555398 14.151202
v -0.935800 -9.468198 13.990201
v -1.032400 -9.286698 13.655901
v -0.999300 -9.377598 13.823301
v -1.045500 -9.594798 13.478802
v -1.012600 -9.684798 13.648202
v -1.020400 -9.997298 13.477602
v -1.052900 -9.908498 13.306202
v -0.608400 -14.443798 10.821402
v -0.595400 -14.621799 10.697202
v -0.679900 -14.712898 10.740802
v -0.694500 -14.533498 10.875401
v -0.583700 -14.781598 10.573002
v -0.666700 -14.873698 10.605402
v -0.720600 -14.977798 10.642302
v -0.734500 -14.816198 10.790302
v -0.750100 -14.635298 10.936802
v -0.657900 -15.015098 10.469202
v -0.575800 -14.922198 10.448802
v -0.711100 -15.119898 10.492802
v -0.738200 -15.233698 10.519102
v -0.747800 -15.091098 10.683002
v -0.778100 -14.746498 11.004302
v -0.762100 -14.928699 10.844902
v -0.658900 -13.584898 11.270102
v -0.644400 -13.816598 11.175002
v -0.735100 -13.897099 11.256302
v -0.751400 -13.660798 11.360502
v -0.631900 -14.038598 11.065202
v -0.720900 -14.122998 11.137702
v -0.778100 -14.219098 11.220302
v -0.793100 -13.988898 11.349002
v -0.810500 -13.747198 11.463402
v -0.707800 -14.335999 11.009202
v -0.620200 -14.248598 10.945702
v -0.764200 -14.435398 11.081502
v -0.792400 -14.544198 11.161201
v -0.806600 -14.324298 11.311402
v -0.839500 -13.841698 11.576502
v -0.821800 -14.089398 11.451201
v -0.736100 -12.550498 11.538902
v -0.715900 -12.832998 11.471702
v -0.816000 -12.892698 11.589802
v -0.838900 -12.606898 11.663902
v -0.695600 -13.096998 11.410102
v -0.793000 -13.161598 11.519602
v -0.854800 -13.234998 11.643302
v -0.879300 -12.960398 11.722802
v -0.903700 -12.670698 11.804302
v -0.771100 -13.416598 11.445702
v -0.676300 -13.346398 11.345702
v -0.831400 -13.496498 11.559202
v -0.860800 -13.583998 11.683302
v -0.884600 -13.314998 11.778002
v -0.934400 -12.740098 11.956202
v -0.909500 -13.034098 11.866902
v -0.789100 -11.591599 11.821202
v -0.899100 -11.649998 11.954802
v -0.773000 -11.924198 11.714402
v -0.880700 -11.980598 11.846601
v -0.948200 -12.044398 11.995002
v -0.967800 -11.715998 12.105001
v -0.860600 -12.301198 11.749502
v -0.755200 -12.245698 11.620002
v -0.926700 -12.363998 11.895002
v -0.957900 -12.432199 12.052202
v -0.979800 -12.113598 12.155702
v -0.999800 -11.787498 12.267702
v -0.587000 -6.664197 15.483201
v -0.651400 -6.838198 15.290201
v -0.519600 -6.516498 15.662301
v -0.503400 -6.460698 15.585401
v -0.568700 -6.603398 15.397501
v -0.631400 -6.772898 15.195201
v -0.447700 -6.394798 15.827801
v -0.434500 -6.344898 15.758901
v -0.334000 -6.258198 15.645201
v -0.396800 -6.298898 15.699001
v -0.392900 -6.364697 15.452501
v -0.462100 -6.409698 15.515301
v -0.499700 -6.660798 15.029701
v -0.582200 -6.713398 15.107901
v -0.523500 -6.547898 15.318601
v -0.447600 -6.498998 15.247801
v -0.830400 -7.504598 14.651101
v -0.880900 -7.762298 14.439101
v -0.774400 -7.262197 14.867801
v -0.751100 -7.188698 14.753601
v -0.805500 -7.427698 14.527801
v -0.854500 -7.682598 14.307801
v -0.714400 -7.038797 15.083001
v -0.692600 -6.969297 14.978301
v -0.550800 -6.849897 14.796801
v -0.639600 -6.905797 14.882401
v -0.599800 -7.062697 14.556201
v -0.694400 -7.121697 14.649201
v -0.686800 -7.545798 14.081501
v -0.791500 -7.609898 14.188001
v -0.745500 -7.357598 14.415401
v -0.645500 -7.295798 14.315401
v -0.992600 -8.599398 13.859001
v -1.017200 -8.895598 13.675801
v -0.961800 -8.310998 14.045701
v -0.932800 -8.227998 13.902401
v -0.962500 -8.515698 13.711401
v -0.986200 -8.811598 13.524401
v -0.924700 -8.031498 14.238201
v -0.896900 -7.949898 14.100201
v -0.722500 -7.809298 13.861801
v -0.831200 -7.875198 13.974101
v -0.752900 -8.084599 13.653401
v -0.864900 -8.151999 13.770901
v -0.798500 -8.665398 13.258401
v -0.915100 -8.734298 13.384301
v -0.892800 -8.438798 13.575201
v -0.778200 -8.370498 13.453201
v -1.055500 -9.821598 13.138802
v -1.048500 -9.507098 13.313702
v -1.016200 -9.423498 13.156201
v -1.022900 -9.738798 12.978902
v -1.035800 -9.198298 13.493301
v -1.004000 -9.114398 13.338701
v -0.814000 -8.967798 13.065801
v -0.931900 -9.036898 13.195101
v -0.824900 -9.277398 12.877601
v -0.943400 -9.346298 13.009701
v -0.949900 -9.662198 12.830102
v -0.831200 -9.593699 12.696002
v -0.178700 -14.450698 10.614302
v -0.336600 -14.487798 10.632401
v -0.324500 -14.784098 10.418901
v -0.462000 -14.844098 10.431802
v -0.488900 -14.369198 10.776102
v -0.478200 -14.545798 10.660602
v -0.190200 -13.881698 10.928202
v -0.357800 -13.915498 10.958002
v -0.364700 -13.699198 11.054702
v -0.372600 -13.474498 11.136302
v -0.186800 -14.085598 10.825602
v -0.351200 -14.120798 10.851702
v -0.498500 -14.175998 10.892502
v -0.507900 -13.968598 11.004502
v -0.529500 -13.522099 11.194302
v -0.518000 -13.749798 11.106902
v -0.392500 -13.002498 11.246902
v -0.382000 -13.243898 11.197102
v -0.543400 -13.288098 11.261601
v -0.558800 -13.043298 11.317902
v -0.591100 -12.503398 11.433202
v -0.575000 -12.783298 11.372102
v -0.229900 -11.481898 11.563601
v -0.226300 -11.818298 11.460102
v -0.434600 -11.841198 11.516002
v -0.443000 -11.505698 11.620302
v -0.425000 -12.163998 11.425902
v -0.606400 -12.199398 11.510502
v -0.620500 -11.877098 11.602502
v -0.633200 -11.542898 11.707902
v -0.337100 -6.457898 15.186501
v -0.379700 -6.616598 14.962201
v -0.292700 -6.326998 15.397001
v -0.169200 -6.297997 15.353201
v -0.200700 -6.426298 15.138301
v -0.231700 -6.582598 14.909001
v -0.245500 -6.224197 15.594601
v -0.136500 -6.198298 15.554401
v -0.012200 -6.181798 15.531901
v -0.029600 -6.279498 15.325401
v -0.064900 -6.560698 14.874101
v -0.047000 -6.405898 15.106601
v -0.500700 -7.243798 14.229401
v -0.535300 -7.491798 13.989901
v -0.462500 -7.012998 14.476201
v -0.293200 -6.974798 14.413401
v -0.322200 -7.203798 14.162001
v -0.348800 -7.450198 13.918200
v -0.421900 -6.802798 14.722901
v -0.262800 -6.766598 14.664901
v -0.083600 -6.743298 14.626901
v -0.102600 -6.950198 14.372301
v -0.138800 -7.423398 13.871301
v -0.121200 -7.177998 14.117901
v -0.613200 -8.312598 13.347901
v -0.631000 -8.606898 13.149501
v -0.591500 -8.027699 13.552101
v -0.392900 -7.983698 13.472601
v -0.410600 -8.267798 13.265100
v -0.425500 -8.561498 13.063801
v -0.565600 -7.753598 13.765100
v -0.372300 -7.710698 13.689301
v -0.154900 -7.682998 13.639701
v -0.169500 -7.955198 13.420501
v -0.194400 -8.532098 13.007501
v -0.182700 -8.238798 13.210801
v -0.661800 -9.535598 12.580102
v -0.655200 -9.218798 12.763401
v -0.447300 -9.173298 12.673501
v -0.454200 -9.490598 12.489002
v -0.645000 -8.909098 12.953901
v -0.437700 -8.863498 12.865801
v -0.204900 -8.833899 12.808001
v -0.213800 -9.143798 12.614401
v -0.221200 -9.461298 12.429201
v 0.221300 -6.077398 16.227501
v 0.121300 -6.079398 16.278900
v 0.210100 -6.063598 16.081699
v 0.121400 -6.061997 16.103100
v 0.121200 -6.071098 15.918401
v 0.218500 -6.074697 15.912801
v 0.121400 -6.275398 16.528900
v 0.205300 -6.303298 16.515200
v 0.194600 -6.398198 16.510502
v 0.201000 -6.507197 16.472403
v 0.121400 -6.506798 16.482801
v 0.023900 -6.074798 15.912701
v -0.065100 -6.085897 15.917701
v -0.034400 -6.074498 16.037100
v 0.032700 -6.063698 16.081600
v -0.068200 -6.082298 16.108000
v 0.021500 -6.077497 16.227501
v 0.041800 -6.507298 16.472403
v 0.048500 -6.398298 16.510502
v 0.037800 -6.303398 16.515200
v 0.121400 -6.275398 16.528900
v 0.205300 -6.303298 16.515200
v 0.121500 -6.387998 16.521402
v 0.194600 -6.398198 16.510502
v 0.201000 -6.507197 16.472403
v 0.121400 -6.506798 16.482801
v 0.041800 -6.507298 16.472403
v 0.048500 -6.398298 16.510502
v 0.037800 -6.303398 16.515200
vn 0.1228 0.6758 -0.7268
vn -0.0000 0.7315 -0.6818
vn 0.0001 0.6720 -0.7406
vn -0.5912 0.6118 -0.5256
vn -0.3906 0.7404 -0.5470
vn -0.5827 0.6848 -0.4377
vn -0.2380 0.7470 -0.6208
vn -0.4035 0.6671 -0.6262
vn -0.2536 0.6772 -0.6907
vn -0.1248 0.6715 -0.7304
vn -0.1167 0.7404 -0.6620
vn -0.7879 0.4858 -0.3783
vn 0.6466 0.3934 -0.6536
vn 0.4482 0.4918 -0.7465
vn 0.4685 0.4491 -0.7608
vn 0.4314 0.5390 -0.7234
vn 0.6264 0.4386 -0.6444
vn 0.6110 0.4891 -0.6224
vn 0.2793 0.5582 -0.7813
vn 0.2936 0.5151 -0.8053
vn 0.3048 0.4810 -0.8220
vn 0.3992 0.6756 -0.6199
vn 0.5984 0.5502 -0.5824
vn 0.5807 0.6324 -0.5127
vn 0.2504 0.6850 -0.6842
vn 0.4177 0.5986 -0.6835
vn 0.2687 0.6114 -0.7443
vn 0.1333 0.6129 -0.7788
vn 0.1388 0.5624 -0.8152
vn 0.0041 0.6118 -0.7910
vn -0.0000 0.5639 -0.8259
vn 0.1537 0.4937 -0.8559
vn -0.0001 0.5248 -0.8512
vn 0.0002 0.4977 -0.8674
vn 0.1482 0.5245 -0.8384
vn 0.3196 0.4024 -0.8579
vn 0.4868 0.3213 -0.8123
vn 0.4813 0.3766 -0.7916
vn 0.4891 0.2509 -0.8354
vn 0.3239 0.3437 -0.8815
vn 0.3270 0.2685 -0.9061
vn 0.3112 0.4497 -0.8372
vn 0.1594 0.4612 -0.8729
vn 0.1625 0.4154 -0.8950
vn 0.0017 0.4654 -0.8851
vn 0.0001 0.4201 -0.9075
vn 0.1660 0.2769 -0.9465
vn -0.0001 0.3583 -0.9336
vn -0.0000 0.2805 -0.9599
vn 0.1656 0.3555 -0.9199
vn 0.7068 0.1241 -0.6965
vn 0.5183 0.1464 -0.8426
vn 0.5313 0.1641 -0.8311
vn 0.3406 0.1652 -0.9256
vn 0.5062 0.1517 -0.8490
vn 0.3511 0.1639 -0.9219
vn 0.3591 0.1889 -0.9140
vn 0.4954 0.1874 -0.8482
vn 0.3325 0.1998 -0.9217
vn 0.1704 0.2068 -0.9634
vn 0.1752 0.1717 -0.9695
vn 0.0017 0.2090 -0.9779
vn 0.0002 0.1748 -0.9846
vn 0.1867 0.2022 -0.9614
vn 0.0001 0.1759 -0.9844
vn -0.0000 0.2079 -0.9781
vn 0.1817 0.1731 -0.9680
vn 0.7116 0.1464 -0.6872
vn 0.5350 0.1936 -0.8224
vn 0.5355 0.2196 -0.8154
vn 0.3632 0.2238 -0.9044
vn 0.3633 0.2522 -0.8969
vn 0.7123 0.1678 -0.6815
vn 0.1887 0.2403 -0.9522
vn 0.1889 0.2714 -0.9438
vn 0.0002 0.2467 -0.9691
vn 0.0002 0.2785 -0.9604
vn -0.1541 0.4918 -0.8569
vn -0.1478 0.5231 -0.8393
vn -0.2922 0.5119 -0.8078
vn -0.1379 0.5627 -0.8151
vn -0.2780 0.5553 -0.7838
vn -0.3034 0.4806 -0.8228
vn -0.1329 0.6113 -0.7802
vn -0.2657 0.6074 -0.7486
vn -0.5930 0.5475 -0.5904
vn -0.6079 0.4850 -0.6287
vn -0.4135 0.5946 -0.6895
vn -0.4292 0.5361 -0.7269
vn -0.4593 0.4558 -0.7624
vn -0.4478 0.4871 -0.7498
vn -0.6295 0.4279 -0.6486
vn -0.1668 0.2773 -0.9462
vn -0.1655 0.3565 -0.9195
vn -0.3212 0.3465 -0.8813
vn -0.1613 0.4162 -0.8949
vn -0.3145 0.4079 -0.8572
vn -0.3249 0.2728 -0.9055
vn -0.1597 0.4606 -0.8731
vn -0.3163 0.4432 -0.8388
vn -0.4766 0.4176 -0.7736
vn -0.1868 0.2035 -0.9611
vn -0.1814 0.1746 -0.9678
vn -0.3514 0.1660 -0.9214
vn -0.1755 0.1736 -0.9691
vn -0.3388 0.1699 -0.9254
vn -0.3589 0.1914 -0.9135
vn -0.1703 0.2080 -0.9632
vn -0.3290 0.2042 -0.9220
vn -0.5302 0.1680 -0.8310
vn -0.5190 0.1500 -0.8415
vn -0.1883 0.2412 -0.9520
vn -0.3638 0.2246 -0.9040
vn -0.3630 0.2545 -0.8964
vn -0.1882 0.2727 -0.9435
vn -0.5346 0.1965 -0.8219
vn 0.2728 0.9093 0.3143
vn -0.0005 0.9794 0.2019
vn -0.0010 0.6896 0.7242
vn 0.3626 0.9195 0.1519
vn 0.1472 0.9759 0.1608
vn 0.0965 0.9952 0.0140
vn 0.2790 0.9581 0.0647
vn 0.1889 0.9816 -0.0263
vn 0.5127 0.8505 -0.1176
vn 0.3484 0.9356 -0.0574
vn 0.4480 0.8939 0.0112
vn 0.2091 0.9706 -0.1190
vn 0.3829 0.9043 -0.1887
vn 0.2393 0.9404 -0.2417
vn -0.0009 0.9657 -0.2597
vn 0.0748 0.9890 -0.1273
vn 0.1028 0.9600 -0.2603
vn -0.0004 0.1303 0.9915
vn 0.4558 0.3162 0.8320
vn 0.5078 -0.0799 0.8578
vn 0.2465 -0.1908 0.9502
vn 0.4069 -0.2284 0.8845
vn 0.6080 0.0583 0.7918
vn -0.0001 -0.4633 0.8862
vn 0.2190 -0.3650 0.9049
vn 0.0001 -0.3685 0.9296
vn 0.4273 -0.3130 0.8482
vn 0.2352 -0.4468 0.8632
vn 0.4385 -0.3880 0.8107
vn 0.6698 -0.1094 0.7345
vn 0.5930 -0.3001 0.7472
vn 0.7026 -0.2051 0.6814
vn 0.5807 -0.2112 0.7862
vn 0.7535 -0.0212 0.6571
vn 0.8200 0.1058 0.5625
vn 0.7883 -0.1052 0.6062
vn 0.8555 0.0217 0.5173
vn 0.7758 0.1741 0.6065
vn 0.6993 0.1293 0.7030
vn 0.8266 0.3625 0.4306
vn 0.8903 0.1562 0.4278
vn 0.8961 0.2688 0.3532
vn 0.7073 0.5030 0.4967
vn 0.8390 0.2568 0.4797
vn 0.7346 0.3541 0.5787
vn 0.5081 0.6398 0.5766
vn 0.6097 0.3805 0.6953
vn 0.8128 0.4705 0.3435
vn 0.7353 0.6488 0.1960
vn 0.8812 0.3954 0.2591
vn 0.8063 0.5799 0.1168
vn 0.6716 0.6918 0.2653
vn 0.7005 0.5923 0.3981
vn 0.6613 0.7497 -0.0248
vn 0.5282 0.8194 0.2227
vn 0.5823 0.8098 0.0723
vn 0.4973 0.7719 0.3960
vn 0.5971 0.6118 -0.5188
vn 0.3933 0.7425 -0.5422
vn 0.4110 0.6614 -0.6274
vn 0.2398 0.7485 -0.6183
vn 0.2601 0.6739 -0.6915
vn 0.1198 0.7391 -0.6628
vn 0.1345 0.6636 -0.7359
vn 0.9976 -0.0342 0.0609
vn 0.9899 0.1409 0.0178
vn 0.9904 0.1284 -0.0507
vn 0.9311 0.3455 -0.1166
vn 0.9276 0.3154 -0.2002
vn 0.7896 0.4930 -0.3654
vn 0.5870 0.6859 -0.4301
vn 0.7901 0.5460 -0.2786
vn 0.7072 -0.6150 0.3488
vn 0.8123 -0.4926 0.3124
vn 0.8277 -0.4751 0.2986
vn 0.9070 -0.3328 0.2581
vn 0.9165 -0.3278 0.2293
vn 0.9718 -0.1815 0.1507
vn 0.9933 -0.0263 0.1123
vn 0.9663 -0.1757 0.1883
vn -0.0002 -0.9095 0.4156
vn 0.1989 -0.9025 0.3821
vn 0.2224 -0.8846 0.4098
vn 0.3735 -0.8474 0.3774
vn 0.4066 -0.8209 0.4009
vn 0.5649 -0.7309 0.3829
vn 0.6805 -0.6417 0.3538
vn 0.5290 -0.7630 0.3714
vn -0.0015 -0.4421 0.8970
vn 0.2713 -0.4164 0.8678
vn 0.2719 -0.4304 0.8607
vn 0.2700 -0.4051 0.8735
vn -0.0014 -0.4283 0.9037
vn -0.0012 -0.4171 0.9089
vn 0.4782 -0.3734 0.7949
vn 0.4789 -0.3845 0.7892
vn 0.4783 -0.3986 0.7826
vn 0.2668 -0.3907 0.8810
vn -0.0009 -0.4090 0.9126
vn -0.0007 -0.4025 0.9154
vn 0.4753 -0.3606 0.8025
vn 0.2681 -0.3965 0.8780
vn 0.4766 -0.3656 0.7995
vn 0.7647 -0.2775 0.5815
vn 0.6361 -0.3264 0.6992
vn 0.6359 -0.3221 0.7013
vn 0.6357 -0.3340 0.6959
vn 0.7632 -0.2822 0.5813
vn 0.7609 -0.2894 0.5807
vn 0.6330 -0.3574 0.6867
vn 0.7582 -0.2989 0.5794
vn 0.7552 -0.3109 0.5771
vn 0.6348 -0.3444 0.6917
vn 0.8553 -0.2488 0.4546
vn 0.8517 -0.2582 0.4560
vn 0.8586 -0.2405 0.4527
vn 0.9279 -0.1904 0.3205
vn 0.9254 -0.1958 0.3245
vn 0.9230 -0.2013 0.3279
vn 0.8641 -0.2285 0.4485
vn 0.9319 -0.1808 0.3143
vn 0.8615 -0.2340 0.4506
vn 0.9302 -0.1858 0.3167
vn 0.9955 -0.0823 0.0468
vn 0.9736 -0.1355 0.1834
vn 0.9747 -0.1324 0.1803
vn 0.9725 -0.1380 0.1877
vn 0.9953 -0.0835 0.0491
vn 0.9952 -0.0824 0.0530
vn 0.9701 -0.1414 0.1971
vn 0.9951 -0.0804 0.0578
vn 0.9950 -0.0772 0.0625
vn 0.9713 -0.1399 0.1923
vn 0.9954 -0.0091 -0.0953
vn 0.9959 -0.0004 -0.0904
vn 0.9949 -0.0162 -0.0998
vn 0.9567 0.0673 -0.2832
vn 0.9572 0.0952 -0.2733
vn 0.9571 0.0804 -0.2782
vn 0.9941 -0.0258 -0.1057
vn 0.9560 0.0467 -0.2895
vn 0.9944 -0.0215 -0.1034
vn 0.9564 0.0562 -0.2864
vn 0.7104 0.2076 -0.6725
vn 0.8624 0.1440 -0.4853
vn 0.8628 0.1286 -0.4889
vn 0.8618 0.1615 -0.4808
vn 0.7093 0.2278 -0.6671
vn 0.7087 0.2500 -0.6598
vn 0.7058 0.2997 -0.6419
vn 0.8612 0.1804 -0.4752
vn 0.7077 0.2735 -0.6514
vn 0.8604 0.2011 -0.4683
vn 0.5302 0.3713 -0.7623
vn 0.5318 0.3416 -0.7749
vn 0.3626 0.3840 -0.8492
vn 0.5325 0.3144 -0.7859
vn 0.3624 0.3544 -0.8620
vn 0.3617 0.4160 -0.8343
vn 0.5326 0.2892 -0.7955
vn 0.3618 0.3272 -0.8729
vn 0.5330 0.2663 -0.8031
vn 0.3617 0.3025 -0.8818
vn 0.0003 0.3591 -0.9333
vn 0.1884 0.3238 -0.9272
vn 0.0002 0.3323 -0.9432
vn 0.0002 0.3885 -0.9215
vn 0.1887 0.3498 -0.9176
vn 0.1892 0.3783 -0.9061
vn 0.0006 0.4552 -0.8904
vn 0.1897 0.4095 -0.8923
vn 0.0003 0.4205 -0.9073
vn 0.1897 0.4433 -0.8761
vn -0.0727 0.9894 -0.1258
vn -0.0005 0.9937 -0.1118
vn -0.2133 0.9698 -0.1184
vn -0.1028 0.9602 -0.2595
vn -0.2393 0.9409 -0.2396
vn -0.5143 0.8500 -0.1139
vn -0.3484 0.9357 -0.0560
vn -0.3824 0.9052 -0.1857
vn -0.2659 0.9616 0.0679
vn -0.4566 0.8896 0.0107
vn -0.3665 0.9180 0.1512
vn -0.1882 0.9820 -0.0161
vn -0.2753 0.9099 0.3104
vn -0.1490 0.9761 0.1582
vn -0.5918 -0.2946 0.7503
vn -0.6744 -0.1016 0.7313
vn -0.7009 -0.1986 0.6850
vn -0.4380 -0.3845 0.8126
vn -0.5793 -0.2089 0.7879
vn -0.4070 -0.2257 0.8851
vn -0.4271 -0.3104 0.8493
vn -0.6076 0.0577 0.7922
vn -0.5111 -0.0789 0.8559
vn -0.2196 -0.3641 0.9051
vn -0.2355 -0.4435 0.8648
vn -0.2469 -0.1909 0.9500
vn -0.4612 0.3096 0.8315
vn -0.5022 0.6444 0.5767
vn -0.7094 0.4979 0.4989
vn -0.6121 0.3793 0.6939
vn -0.7032 0.1340 0.6982
vn -0.7534 0.3552 0.5534
vn -0.7722 0.1746 0.6109
vn -0.8868 0.1623 0.4328
vn -0.8239 0.3726 0.4270
vn -0.8927 0.2746 0.3572
vn -0.8530 0.0290 0.5211
vn -0.8358 0.2604 0.4835
vn -0.8183 0.1112 0.5640
vn -0.7526 -0.0168 0.6582
vn -0.7862 -0.0960 0.6104
vn -0.4989 0.7721 0.3938
vn -0.6997 0.5992 0.3891
vn -0.5142 0.8332 0.2034
vn -0.6713 0.6909 0.2684
vn -0.6592 0.7517 -0.0197
vn -0.8025 0.5841 0.1212
vn -0.5806 0.8109 0.0727
vn -0.7333 0.6503 0.1985
vn -0.8107 0.4728 0.3454
vn -0.8770 0.4014 0.2643
vn -0.9981 -0.0362 0.0501
vn -0.9899 0.1419 0.0064
vn -0.9943 -0.0272 0.1030
vn -0.9290 0.3477 -0.1270
vn -0.9900 0.1267 -0.0629
vn -0.9250 0.3149 -0.2127
vn -0.7884 0.5423 -0.2906
vn -0.7063 -0.6191 0.3433
vn -0.8121 -0.4965 0.3064
vn -0.6796 -0.6453 0.3489
vn -0.9077 -0.3362 0.2511
vn -0.8273 -0.4814 0.2894
vn -0.9169 -0.3324 0.2211
vn -0.9726 -0.1838 0.1421
vn -0.9673 -0.1784 0.1805
vn -0.1985 -0.9032 0.3804
vn 0.0001 -0.9251 0.3797
vn -0.3719 -0.8492 0.3749
vn -0.2222 -0.8843 0.4107
vn -0.4057 -0.8231 0.3975
vn -0.5645 -0.7340 0.3776
vn -0.5276 -0.7659 0.3674
vn -0.7601 -0.2754 0.5886
vn -0.6353 -0.3350 0.6958
vn -0.7570 -0.2844 0.5882
vn -0.7623 -0.2702 0.5881
vn -0.6367 -0.3248 0.6994
vn -0.4811 -0.3700 0.7947
vn -0.6369 -0.3178 0.7024
vn -0.4796 -0.3613 0.7997
vn -0.4803 -0.3816 0.7897
vn -0.7656 -0.2668 0.5854
vn -0.6371 -0.3141 0.7039
vn -0.7643 -0.2672 0.5869
vn -0.4779 -0.3563 0.8029
vn -0.6368 -0.3132 0.7046
vn -0.4764 -0.3539 0.8049
vn -0.2693 -0.3913 0.8800
vn -0.2672 -0.3869 0.8826
vn -0.2715 -0.3981 0.8763
vn -0.2746 -0.4211 0.8644
vn -0.2734 -0.4082 0.8710
vn -0.9964 -0.0495 0.0691
vn -0.9718 -0.1064 0.2106
vn -0.9962 -0.0411 0.0767
vn -0.9964 -0.0572 0.0622
vn -0.9728 -0.1101 0.2038
vn -0.9269 -0.1676 0.3359
vn -0.9739 -0.1135 0.1967
vn -0.9292 -0.1671 0.3296
vn -0.9248 -0.1686 0.3411
vn -0.9963 -0.0689 0.0513
vn -0.9748 -0.1162 0.1904
vn -0.9964 -0.0636 0.0561
vn -0.9313 -0.1671 0.3237
vn -0.9755 -0.1181 0.1855
vn -0.9328 -0.1676 0.3190
vn -0.8645 -0.2171 0.4533
vn -0.8626 -0.2174 0.4568
vn -0.8598 -0.2194 0.4611
vn -0.8567 -0.2228 0.4652
vn -0.8537 -0.2282 0.4681
vn -0.7046 0.3242 -0.6312
vn -0.8610 0.2072 -0.4646
vn -0.8593 0.2316 -0.4560
vn -0.7082 0.2679 -0.6532
vn -0.7068 0.2957 -0.6427
vn -0.9571 0.1103 -0.2679
vn -0.8620 0.1833 -0.4726
vn -0.9572 0.0920 -0.2745
vn -0.9568 0.1297 -0.2603
vn -0.7105 0.2179 -0.6691
vn -0.8627 0.1616 -0.4792
vn -0.7093 0.2423 -0.6619
vn -0.9571 0.0755 -0.2797
vn -0.8631 0.1414 -0.4848
vn -0.9566 0.0608 -0.2849
vn -0.9948 -0.0112 -0.1010
vn -0.9953 -0.0015 -0.0964
vn -0.9958 0.0094 -0.0909
vn -0.9962 0.0219 -0.0842
vn -0.9964 0.0356 -0.0765
vn -0.1886 0.4494 -0.8732
vn -0.1888 0.4151 -0.8900
vn -0.3616 0.3949 -0.8446
vn -0.1885 0.3832 -0.9042
vn -0.3614 0.3638 -0.8585
vn -0.3607 0.4279 -0.8287
vn -0.1879 0.3538 -0.9163
vn -0.3608 0.3349 -0.8704
vn -0.1878 0.3272 -0.9261
vn -0.3612 0.3079 -0.8802
vn -0.5326 0.2740 -0.8008
vn -0.5319 0.3003 -0.7918
vn -0.5315 0.3281 -0.7810
vn -0.5287 0.3893 -0.7543
vn -0.5306 0.3581 -0.7683
vn -0.0001 -0.7732 0.6342
vn 0.2494 -0.7948 0.5532
vn 0.2538 -0.7477 0.6136
vn 0.2441 -0.8330 0.4965
vn -0.0009 -0.8218 0.5698
vn -0.0000 -0.8601 0.5100
vn 0.4402 -0.7676 0.4658
vn 0.4496 -0.7319 0.5120
vn 0.4568 -0.6867 0.5655
vn -0.0000 -0.8903 0.4553
vn 0.2333 -0.8624 0.4493
vn 0.4250 -0.7987 0.4259
vn 0.5850 -0.7080 0.3957
vn 0.6009 -0.6792 0.4214
vn 0.7246 -0.5947 0.3481
vn 0.7373 -0.5706 0.3617
vn 0.6196 -0.6053 0.4998
vn 0.7472 -0.5414 0.3855
vn 0.7546 -0.5062 0.4175
vn 0.6112 -0.6462 0.4570
vn -0.0000 -0.5308 0.8475
vn 0.2563 -0.5791 0.7739
vn 0.2569 -0.5138 0.8185
vn 0.2568 -0.6389 0.7252
vn -0.0000 -0.5984 0.8012
vn -0.0000 -0.6603 0.7510
vn 0.4630 -0.5864 0.6646
vn 0.4639 -0.5321 0.7083
vn 0.4650 -0.4726 0.7486
vn -0.0001 -0.7183 0.6957
vn 0.2555 -0.6945 0.6727
vn 0.4605 -0.6380 0.6172
vn 0.6251 -0.5607 0.5430
vn 0.6285 -0.5157 0.5823
vn 0.7607 -0.4677 0.4501
vn 0.7652 -0.4291 0.4800
vn 0.6315 -0.4173 0.6535
vn 0.7682 -0.3902 0.5076
vn 0.7685 -0.3507 0.5352
vn 0.6308 -0.4681 0.6188
vn -0.0000 -0.3899 0.9209
vn 0.2642 -0.3850 0.8843
vn 0.2667 -0.3775 0.8868
vn 0.2616 -0.4107 0.8734
vn -0.0003 -0.3977 0.9175
vn -0.0000 -0.4241 0.9056
vn 0.4695 -0.3782 0.7978
vn 0.4723 -0.3552 0.8067
vn 0.4747 -0.3484 0.8083
vn -0.0000 -0.4686 0.8834
vn 0.2585 -0.4537 0.8528
vn 0.4666 -0.4177 0.7796
vn 0.6323 -0.3704 0.6804
vn 0.6333 -0.3370 0.6967
vn 0.7679 -0.3149 0.5579
vn 0.7668 -0.2894 0.5729
vn 0.6356 -0.3114 0.7065
vn 0.7658 -0.2740 0.5818
vn 0.7652 -0.2702 0.5844
vn 0.6345 -0.3175 0.7047
vn 0.2666 -0.3862 0.8831
vn 0.2668 -0.3825 0.8846
vn -0.0004 -0.3981 0.9173
vn -0.0003 -0.3947 0.9188
vn 0.4754 -0.3535 0.8056
vn 0.4751 -0.3570 0.8043
vn -0.0000 -0.3918 0.9200
vn 0.2670 -0.3795 0.8858
vn 0.4753 -0.3506 0.8069
vn 0.6359 -0.3139 0.7050
vn 0.6359 -0.3164 0.7039
vn 0.7651 -0.2712 0.5840
vn 0.7652 -0.2727 0.5832
vn 0.7652 -0.2748 0.5822
vn 0.6359 -0.3192 0.7027
vn 0.7235 -0.2981 0.6227
vn 0.6002 -0.3766 0.7056
vn 0.7282 -0.3010 0.6157
vn 0.7202 -0.2833 0.6333
vn 0.5981 -0.3782 0.7066
vn 0.4443 -0.4440 0.7781
vn 0.5964 -0.3691 0.7128
vn 0.4437 -0.4408 0.7802
vn 0.4449 -0.4382 0.7810
vn 0.5958 -0.3454 0.7251
vn 0.7130 -0.2527 0.6541
vn 0.4437 -0.4250 0.7890
vn -0.0007 -0.4975 0.8674
vn 0.0001 -0.5111 0.8595
vn 0.2429 -0.4792 0.8434
vn 0.2473 -0.4927 0.8343
vn 0.2480 -0.4832 0.8397
vn 0.0003 -0.5096 0.8604
vn -0.0001 -0.4989 0.8666
vn 0.2481 -0.4922 0.8344
vn 0.7441 -0.3027 0.5956
vn 0.6130 -0.3776 0.6940
vn 0.7475 -0.3080 0.5885
vn 0.7393 -0.3009 0.6024
vn 0.6102 -0.3733 0.6988
vn 0.4483 -0.4287 0.7843
vn 0.6074 -0.3715 0.7022
vn 0.4468 -0.4283 0.7855
vn 0.4503 -0.4322 0.7813
vn 0.6034 -0.3726 0.7050
vn 0.7336 -0.3004 0.6096
vn 0.4455 -0.4310 0.7847
vn 0.2474 -0.4730 0.8456
vn 0.2471 -0.4684 0.8482
vn -0.0001 -0.4872 0.8733
vn -0.0002 -0.4812 0.8766
vn 0.2486 -0.4699 0.8470
vn -0.0002 -0.4793 0.8777
vn -0.0006 -0.4813 0.8765
vn 0.2476 -0.4674 0.8487
vn 0.7470 -0.3266 0.5790
vn 0.6186 -0.3903 0.6819
vn 0.7463 -0.3306 0.5777
vn 0.7476 -0.3206 0.5816
vn 0.6173 -0.3888 0.6840
vn 0.4576 -0.4385 0.7736
vn 0.6160 -0.3863 0.6865
vn 0.4549 -0.4382 0.7753
vn 0.4617 -0.4370 0.7720
vn 0.6149 -0.3826 0.6896
vn 0.7483 -0.3144 0.5841
vn 0.4524 -0.4363 0.7778
vn 0.2502 -0.4730 0.8448
vn 0.2521 -0.4737 0.8438
vn -0.0003 -0.4841 0.8750
vn -0.0011 -0.4847 0.8747
vn 0.2592 -0.4698 0.8438
vn -0.0011 -0.4827 0.8758
vn -0.0014 -0.4805 0.8770
vn 0.2555 -0.4730 0.8432
vn 0.6297 -0.3714 0.6824
vn 0.6255 -0.3818 0.6804
vn 0.7519 -0.3223 0.5752
vn 0.7491 -0.3300 0.5744
vn 0.4713 -0.4241 0.7733
vn 0.4755 -0.4129 0.7768
vn 0.6215 -0.3877 0.6808
vn 0.7474 -0.3322 0.5754
vn 0.4666 -0.4320 0.7718
vn 0.2629 -0.4646 0.8456
vn 0.2667 -0.4562 0.8490
vn -0.0008 -0.4747 0.8801
vn -0.0013 -0.4672 0.8842
vn -0.0014 -0.4555 0.8902
vn 0.2698 -0.4449 0.8540
vn 0.8553 -0.4231 0.2991
vn 0.8614 -0.3935 0.3211
vn 0.8475 -0.4460 0.2877
vn 0.9274 -0.3160 0.2004
vn 0.9315 -0.3012 0.2037
vn 0.9344 -0.2817 0.2179
vn 0.8393 -0.4627 0.2854
vn 0.9234 -0.3224 0.2082
vn 0.9754 -0.1849 0.1197
vn 0.9766 -0.1873 0.1053
vn 0.9988 -0.0459 0.0195
vn 0.9983 -0.0588 -0.0037
vn 0.9788 -0.1729 0.1097
vn 0.9978 -0.0657 -0.0095
vn 0.9977 -0.0670 -0.0067
vn 0.9780 -0.1826 0.1011
vn 0.8718 -0.3054 0.3830
vn 0.8726 -0.2779 0.4016
vn 0.8699 -0.3325 0.3643
vn 0.9390 -0.2400 0.2463
vn 0.9400 -0.2241 0.2572
vn 0.9399 -0.2095 0.2697
vn 0.8659 -0.3629 0.3441
vn 0.9373 -0.2593 0.2329
vn 0.9796 -0.1608 0.1203
vn 0.9801 -0.1523 0.1276
vn 0.9979 -0.0654 0.0001
vn 0.9976 -0.0690 0.0044
vn 0.9797 -0.1443 0.1389
vn 0.9973 -0.0738 0.0062
vn 0.9965 -0.0830 0.0067
vn 0.9801 -0.1469 0.1333
vn 0.8669 -0.2286 0.4430
vn 0.8654 -0.2249 0.4477
vn 0.8689 -0.2387 0.4336
vn 0.9372 -0.1895 0.2929
vn 0.9354 -0.1836 0.3022
vn 0.9342 -0.1798 0.3082
vn 0.8709 -0.2553 0.4200
vn 0.9388 -0.1985 0.2815
vn 0.9788 -0.1441 0.1458
vn 0.9777 -0.1426 0.1541
vn 0.9957 -0.0923 0.0092
vn 0.9951 -0.0973 0.0153
vn 0.9759 -0.1367 0.1699
vn 0.9949 -0.0978 0.0232
vn 0.9951 -0.0941 0.0312
vn 0.9767 -0.1401 0.1626
vn 0.8646 -0.2263 0.4487
vn 0.8648 -0.2249 0.4490
vn 0.9333 -0.1770 0.3125
vn 0.9329 -0.1779 0.3132
vn 0.8649 -0.2244 0.4490
vn 0.9335 -0.1777 0.3114
vn 0.9757 -0.1328 0.1742
vn 0.9755 -0.1307 0.1768
vn 0.9953 -0.0889 0.0373
vn 0.9955 -0.0853 0.0413
vn 0.9956 -0.0833 0.0439
vn 0.9752 -0.1305 0.1786
vn 0.9687 0.1071 0.2238
vn 0.9513 -0.0271 0.3072
vn 0.9771 0.0787 0.1977
vn 0.9552 0.1461 0.2573
vn 0.9443 -0.0039 0.3290
vn 0.8967 -0.1087 0.4290
vn 0.9338 0.0318 0.3563
vn 0.8887 -0.0812 0.4512
vn 0.9029 -0.1233 0.4117
vn 0.9181 0.0829 0.3875
vn 0.9320 0.2015 0.3012
vn 0.8781 -0.0402 0.4768
vn 0.8063 -0.1546 0.5710
vn 0.8173 -0.1865 0.5452
vn 0.8239 -0.2058 0.5280
vn 0.8297 -0.2148 0.5152
vn 0.9890 0.0286 0.1453
vn 0.9664 -0.0686 0.2476
vn 0.9910 0.0157 0.1332
vn 0.9863 0.0424 0.1595
vn 0.9641 -0.0603 0.2585
vn 0.9184 -0.1427 0.3691
vn 0.9610 -0.0514 0.2717
vn 0.9142 -0.1379 0.3810
vn 0.9208 -0.1497 0.3602
vn 0.9569 -0.0409 0.2876
vn 0.9825 0.0582 0.1769
vn 0.9090 -0.1319 0.3954
vn 0.8362 -0.2183 0.5032
vn 0.8424 -0.2208 0.4915
vn 0.8474 -0.2242 0.4812
vn 0.8503 -0.2304 0.4731
vn 0.9944 -0.0259 0.1026
vn 0.9683 -0.1167 0.2210
vn 0.9948 -0.0403 0.0930
vn 0.9936 -0.0116 0.1126
vn 0.9682 -0.1036 0.2279
vn 0.9204 -0.1791 0.3476
vn 0.9680 -0.0911 0.2338
vn 0.9212 -0.1681 0.3508
vn 0.9196 -0.1904 0.3435
vn 0.9674 -0.0793 0.2407
vn 0.9924 0.0024 0.1227
vn 0.9215 -0.1576 0.3549
vn 0.8507 -0.2367 0.4693
vn 0.8498 -0.2452 0.4666
vn 0.8481 -0.2540 0.4650
vn 0.8468 -0.2621 0.4628
vn 0.9951 -0.0713 0.0689
vn 0.9951 -0.0636 0.0757
vn 0.9693 -0.1402 0.2020
vn 0.9211 -0.2056 0.3306
vn 0.9688 -0.1355 0.2074
vn 0.9200 -0.2038 0.3347
vn 0.9685 -0.1279 0.2137
vn 0.9951 -0.0533 0.0837
vn 0.9195 -0.1993 0.3389
vn 0.8466 -0.2680 0.4598
vn 0.8473 -0.2693 0.4578
vn 0.8490 -0.2662 0.4564
vn 0.9873 0.0602 -0.1471
vn 0.9884 0.0465 -0.1443
vn 0.9878 0.0800 -0.1337
vn 0.9248 0.2351 -0.2992
vn 0.9276 0.2010 -0.3149
vn 0.9330 0.1724 -0.3159
vn 0.9888 0.1057 -0.1049
vn 0.9236 0.2775 -0.2645
vn 0.7885 0.4345 -0.4352
vn 0.7956 0.3793 -0.4724
vn 0.6043 0.5418 -0.5842
vn 0.6166 0.4812 -0.6231
vn 0.8160 0.2969 -0.4959
vn 0.6312 0.4318 -0.6443
vn 0.6432 0.3978 -0.6542
vn 0.8046 0.3331 -0.4917
vn 0.9899 0.0051 -0.1415
vn 0.9893 -0.0162 -0.1453
vn 0.9900 0.0219 -0.1390
vn 0.9403 0.1256 -0.3164
vn 0.9418 0.0962 -0.3222
vn 0.9417 0.0609 -0.3308
vn 0.9894 0.0353 -0.1407
vn 0.9372 0.1515 -0.3141
vn 0.8248 0.2660 -0.4989
vn 0.8309 0.2308 -0.5064
vn 0.6565 0.3609 -0.6624
vn 0.6648 0.3197 -0.6751
vn 0.8357 0.1408 -0.5308
vn 0.6695 0.2690 -0.6924
vn 0.6724 0.2077 -0.7104
vn 0.8344 0.1898 -0.5175
vn 0.9898 -0.0519 -0.1328
vn 0.9913 -0.0479 -0.1229
vn 0.9888 -0.0482 -0.1412
vn 0.9442 0.0084 -0.3292
vn 0.9475 0.0030 -0.3198
vn 0.9513 0.0070 -0.3083
vn 0.9886 -0.0361 -0.1463
vn 0.9420 0.0286 -0.3343
vn 0.8380 0.0947 -0.5373
vn 0.8442 0.0666 -0.5318
vn 0.6775 0.1497 -0.7201
vn 0.6866 0.1173 -0.7176
vn 0.8585 0.0661 -0.5086
vn 0.6987 0.1080 -0.7072
vn 0.7079 0.1228 -0.6956
vn 0.8511 0.0579 -0.5218
vn 0.9937 -0.0295 -0.1080
vn 0.9932 -0.0344 -0.1112
vn 0.9552 0.0280 -0.2946
vn 0.9558 0.0376 -0.2916
vn 0.9924 -0.0410 -0.1162
vn 0.9539 0.0186 -0.2995
vn 0.8620 0.0832 -0.5000
vn 0.8634 0.0987 -0.4949
vn 0.7119 0.1461 -0.6869
vn 0.7131 0.1671 -0.6809
vn 0.7120 0.1873 -0.6767
vn 0.8634 0.1137 -0.4916
vn 0.6097 0.7060 -0.3603
vn 0.8006 0.5378 -0.2642
vn 0.6240 0.6687 -0.4042
vn 0.5888 0.7502 -0.3009
vn 0.7854 0.5767 -0.2248
vn 0.9100 0.4101 -0.0607
vn 0.7604 0.6262 -0.1720
vn 0.8893 0.4571 -0.0156
vn 0.9233 0.3722 -0.0944
vn 0.7213 0.6842 -0.1075
vn 0.5580 0.8008 -0.2178
vn 0.8570 0.5140 0.0374
vn 0.9229 0.3348 0.1903
vn 0.9492 0.2840 0.1359
vn 0.9652 0.2432 0.0967
vn 0.9755 0.2096 0.0676
vn 0.6562 0.5655 -0.4996
vn 0.8375 0.4017 -0.3704
vn 0.6655 0.5254 -0.5302
vn 0.6463 0.6015 -0.4696
vn 0.8304 0.4373 -0.3452
vn 0.9449 0.2840 -0.1628
vn 0.8220 0.4707 -0.3206
vn 0.9395 0.3118 -0.1421
vn 0.9493 0.2563 -0.1821
vn 0.8123 0.5036 -0.2943
vn 0.6357 0.6352 -0.4387
vn 0.9325 0.3404 -0.1207
vn 0.9821 0.1828 0.0444
vn 0.9867 0.1605 0.0256
vn 0.9900 0.1404 0.0091
vn 0.9926 0.1211 -0.0060
vn 0.6855 0.4192 -0.5952
vn 0.8529 0.2853 -0.4372
vn 0.6907 0.3952 -0.6056
vn 0.6803 0.4490 -0.5793
vn 0.8504 0.3078 -0.4268
vn 0.9559 0.1820 -0.2305
vn 0.8477 0.3346 -0.4116
vn 0.9547 0.2041 -0.2163
vn 0.9566 0.1625 -0.2420
vn 0.8434 0.3662 -0.3932
vn 0.6738 0.4847 -0.5578
vn 0.9526 0.2289 -0.2003
vn 0.9946 0.1020 -0.0204
vn 0.9959 0.0837 -0.0338
vn 0.9967 0.0663 -0.0461
vn 0.9971 0.0499 -0.0575
vn 0.7029 0.3261 -0.6321
vn 0.6992 0.3507 -0.6230
vn 0.8590 0.2229 -0.4609
vn 0.9572 0.1113 -0.2673
vn 0.8572 0.2442 -0.4535
vn 0.9572 0.1277 -0.2596
vn 0.8552 0.2650 -0.4455
vn 0.6950 0.3733 -0.6145
vn 0.9568 0.1450 -0.2521
vn 0.9971 0.0350 -0.0681
vn 0.9968 0.0217 -0.0767
vn 0.9964 0.0100 -0.0842
vn 0.4913 0.3165 -0.8115
vn 0.4937 0.2458 -0.8341
vn 0.4855 0.3721 -0.7911
vn 0.4585 0.4604 -0.7602
vn 0.3015 0.4842 -0.8213
vn 0.4773 0.4171 -0.7734
vn 0.5105 0.1470 -0.8472
vn 0.5006 0.1817 -0.8464
vn 0.5346 0.2429 -0.8095
vn 0.5367 0.2186 -0.8150
vn 0.3642 0.2515 -0.8967
vn 0.3625 0.2780 -0.8896
vn 0.1885 0.2986 -0.9356
vn 0.0005 0.3064 -0.9519
vn 0.1892 0.2712 -0.9437
vn 0.0002 0.2786 -0.9604
vn 0.0005 0.8515 -0.5243
vn 0.1511 0.8114 -0.5646
vn 0.0006 0.8205 -0.5717
vn 0.0009 0.8881 -0.4597
vn 0.1466 0.8432 -0.5173
vn 0.2861 0.8213 -0.4936
vn 0.1383 0.8807 -0.4531
vn 0.2747 0.8591 -0.4318
vn 0.2948 0.7885 -0.5398
vn 0.0007 0.9286 -0.3710
vn 0.1238 0.9199 -0.3722
vn 0.2630 0.8989 -0.3505
vn 0.4056 0.8636 -0.2994
vn 0.4219 0.8204 -0.3859
vn 0.4352 0.7816 -0.4469
vn 0.4467 0.7470 -0.4925
vn 0.0009 0.7288 -0.6848
vn 0.1663 0.6776 -0.7163
vn 0.0009 0.6891 -0.7247
vn 0.0006 0.7623 -0.6472
vn 0.1622 0.7178 -0.6771
vn 0.3150 0.6918 -0.6497
vn 0.1584 0.7519 -0.6399
vn 0.3082 0.7269 -0.6137
vn 0.3219 0.6513 -0.6871
vn 0.1550 0.7825 -0.6031
vn 0.0006 0.7922 -0.6103
vn 0.3016 0.7584 -0.5779
vn 0.4561 0.7153 -0.5295
vn 0.4654 0.6826 -0.5635
vn 0.4745 0.6466 -0.5973
vn 0.4838 0.6050 -0.6324
vn 0.0017 0.5837 -0.8120
vn 0.1814 0.5490 -0.8159
vn 0.0013 0.5616 -0.8274
vn 0.0010 0.6125 -0.7905
vn 0.1785 0.5708 -0.8015
vn 0.3417 0.5422 -0.7676
vn 0.1746 0.6001 -0.7806
vn 0.3357 0.5722 -0.7482
vn 0.3470 0.5193 -0.7809
vn 0.1706 0.6361 -0.7525
vn 0.0011 0.6485 -0.7612
vn 0.3293 0.6099 -0.7208
vn 0.4924 0.5630 -0.6638
vn 0.4998 0.5261 -0.6880
vn 0.5064 0.4956 -0.7056
vn 0.5124 0.4720 -0.7174
vn 0.0008 0.4886 -0.8725
vn 0.0010 0.5173 -0.8558
vn 0.1886 0.4759 -0.8590
vn 0.3596 0.4471 -0.8190
vn 0.1863 0.5044 -0.8432
vn 0.3561 0.4746 -0.8049
vn 0.1844 0.5283 -0.8288
vn 0.0012 0.5415 -0.8407
vn 0.3518 0.4986 -0.7922
vn 0.5177 0.4507 -0.7272
vn 0.5229 0.4269 -0.7378
vn 0.5270 0.4005 -0.7496
vn -0.7466 -0.5451 0.3812
vn -0.6189 -0.6073 0.4982
vn -0.7544 -0.5082 0.4156
vn -0.7364 -0.5752 0.3561
vn -0.6107 -0.6489 0.4538
vn -0.4498 -0.7338 0.5092
vn -0.5993 -0.6827 0.4180
vn -0.4398 -0.7699 0.4623
vn -0.4564 -0.6880 0.5642
vn -0.5843 -0.7111 0.3909
vn -0.7239 -0.5980 0.3441
vn -0.4252 -0.8006 0.4221
vn -0.2341 -0.8637 0.4464
vn -0.2437 -0.8335 0.4959
vn -0.2496 -0.7955 0.5521
vn -0.2538 -0.7476 0.6137
vn -0.7678 -0.3889 0.5091
vn -0.6312 -0.4149 0.6553
vn -0.7682 -0.3476 0.5376
vn -0.7652 -0.4283 0.4807
vn -0.6303 -0.4667 0.6204
vn -0.4644 -0.5306 0.7091
vn -0.6284 -0.5149 0.5831
vn -0.4630 -0.5858 0.6652
vn -0.4648 -0.4708 0.7498
vn -0.6247 -0.5613 0.5428
vn -0.7605 -0.4678 0.4504
vn -0.4604 -0.6383 0.6169
vn -0.2554 -0.6949 0.6722
vn -0.2561 -0.6384 0.7258
vn -0.2565 -0.5783 0.7744
vn -0.2570 -0.5128 0.8191
vn -0.7660 -0.2704 0.5833
vn -0.6359 -0.3087 0.7073
vn -0.7654 -0.2667 0.5856
vn -0.7669 -0.2852 0.5749
vn -0.6346 -0.3140 0.7062
vn -0.4724 -0.3527 0.8077
vn -0.6331 -0.3337 0.6985
vn -0.4692 -0.3760 0.7991
vn -0.4749 -0.3463 0.8091
vn -0.6319 -0.3675 0.6824
vn -0.7680 -0.3104 0.5602
vn -0.4665 -0.4155 0.7809
vn -0.2586 -0.4524 0.8535
vn -0.2613 -0.4093 0.8742
vn -0.2642 -0.3837 0.8848
vn -0.2664 -0.3762 0.8874
vn -0.7660 -0.2676 0.5845
vn -0.7657 -0.2680 0.5847
vn -0.6366 -0.3132 0.7047
vn -0.4756 -0.3526 0.8059
vn -0.6363 -0.3126 0.7052
vn -0.4757 -0.3507 0.8067
vn -0.6361 -0.3112 0.7061
vn -0.7653 -0.2678 0.5853
vn -0.4757 -0.3486 0.8076
vn -0.2673 -0.3783 0.8862
vn -0.2673 -0.3809 0.8852
vn -0.2673 -0.3838 0.8839
vn -0.2475 -0.4856 0.8384
vn -0.2474 -0.4745 0.8448
vn -0.2468 -0.4872 0.8377
vn -0.4429 -0.4318 0.7857
vn -0.4435 -0.4320 0.7853
vn -0.4441 -0.4229 0.7899
vn -0.2430 -0.4757 0.8454
vn -0.4424 -0.4179 0.7935
vn -0.5946 -0.3371 0.7299
vn -0.5955 -0.3572 0.7196
vn -0.7104 -0.2455 0.6596
vn -0.7175 -0.2690 0.6425
vn -0.5989 -0.3557 0.7175
vn -0.7216 -0.2782 0.6339
vn -0.7262 -0.2762 0.6296
vn -0.5970 -0.3619 0.7160
vn -0.2480 -0.4559 0.8548
vn -0.2497 -0.4583 0.8530
vn -0.2472 -0.4572 0.8543
vn -0.4466 -0.4082 0.7962
vn -0.4490 -0.4080 0.7950
vn -0.4515 -0.4113 0.7918
vn -0.2473 -0.4630 0.8512
vn -0.4451 -0.4129 0.7946
vn -0.6020 -0.3483 0.7185
vn -0.6061 -0.3449 0.7168
vn -0.7316 -0.2710 0.6255
vn -0.7379 -0.2685 0.6191
vn -0.6139 -0.3493 0.7079
vn -0.7437 -0.2685 0.6122
vn -0.7473 -0.2736 0.6056
vn -0.6102 -0.3453 0.7131
vn -0.2582 -0.4609 0.8491
vn -0.2621 -0.4577 0.8496
vn -0.2549 -0.4622 0.8494
vn -0.4575 -0.4170 0.7853
vn -0.4609 -0.4169 0.7834
vn -0.4650 -0.4148 0.7821
vn -0.2520 -0.4613 0.8507
vn -0.4544 -0.4152 0.7881
vn -0.6159 -0.3544 0.7036
vn -0.6173 -0.3587 0.7002
vn -0.7484 -0.2802 0.6011
vn -0.7487 -0.2863 0.5979
vn -0.6212 -0.3609 0.6956
vn -0.7481 -0.2930 0.5954
vn -0.7484 -0.2960 0.5936
vn -0.6194 -0.3603 0.6975
vn -0.2724 -0.4340 0.8588
vn -0.2699 -0.4442 0.8543
vn -0.4742 -0.4032 0.7827
vn -0.4780 -0.3936 0.7852
vn -0.2660 -0.4524 0.8513
vn -0.4696 -0.4103 0.7817
vn -0.6250 -0.3586 0.6934
vn -0.6286 -0.3534 0.6928
vn -0.7496 -0.2978 0.5912
vn -0.7515 -0.2961 0.5896
vn -0.7541 -0.2913 0.5886
vn -0.6320 -0.3455 0.6937
vn -0.9976 -0.0671 -0.0176
vn -0.9788 -0.1748 0.1066
vn -0.9976 -0.0691 -0.0102
vn -0.9980 -0.0618 -0.0126
vn -0.9778 -0.1864 0.0955
vn -0.9314 -0.3047 0.1990
vn -0.9767 -0.1922 0.0951
vn -0.9274 -0.3203 0.1931
vn -0.9343 -0.2841 0.2153
vn -0.9758 -0.1887 0.1102
vn -0.9988 -0.0491 0.0087
vn -0.9235 -0.3269 0.2008
vn -0.8392 -0.4672 0.2782
vn -0.8475 -0.4509 0.2802
vn -0.8552 -0.4265 0.2945
vn -0.8607 -0.3967 0.3190
vn -0.9975 -0.0702 0.0089
vn -0.9798 -0.1404 0.1426
vn -0.9969 -0.0783 0.0105
vn -0.9978 -0.0667 0.0064
vn -0.9801 -0.1443 0.1362
vn -0.9402 -0.2207 0.2594
vn -0.9799 -0.1512 0.1302
vn -0.9389 -0.2388 0.2479
vn -0.9400 -0.2052 0.2727
vn -0.9796 -0.1611 0.1202
vn -0.9978 -0.0660 0.0013
vn -0.9372 -0.2594 0.2332
vn -0.8658 -0.3636 0.3437
vn -0.8696 -0.3320 0.3654
vn -0.8718 -0.3029 0.3850
vn -0.8720 -0.2740 0.4057
vn -0.9954 -0.0920 0.0260
vn -0.9764 -0.1316 0.1713
vn -0.9955 -0.0891 0.0330
vn -0.9957 -0.0912 0.0187
vn -0.9771 -0.1344 0.1650
vn -0.9357 -0.1784 0.3045
vn -0.9780 -0.1369 0.1573
vn -0.9372 -0.1844 0.2959
vn -0.9345 -0.1754 0.3099
vn -0.9791 -0.1388 0.1489
vn -0.9962 -0.0865 0.0129
vn -0.9389 -0.1934 0.2847
vn -0.8710 -0.2507 0.4226
vn -0.8691 -0.2338 0.4360
vn -0.8670 -0.2240 0.4452
vn -0.8655 -0.2216 0.4491
vn -0.9962 -0.0739 0.0471
vn -0.9959 -0.0790 0.0432
vn -0.9758 -0.1213 0.1817
vn -0.9335 -0.1691 0.3162
vn -0.9760 -0.1245 0.1786
vn -0.9337 -0.1714 0.3145
vn -0.9761 -0.1283 0.1757
vn -0.9957 -0.0842 0.0388
vn -0.9339 -0.1735 0.3127
vn -0.8653 -0.2204 0.4503
vn -0.8653 -0.2194 0.4507
vn -0.8652 -0.2183 0.4515
vn -0.8211 -0.1842 0.5403
vn -0.8262 -0.1873 0.5313
vn -0.8145 -0.1706 0.5545
vn -0.8848 -0.0640 0.4615
vn -0.8929 -0.0852 0.4422
vn -0.8986 -0.0937 0.4286
vn -0.8040 -0.1436 0.5770
vn -0.8748 -0.0275 0.4837
vn -0.9138 0.0937 0.3952
vn -0.9292 0.0476 0.3664
vn -0.9279 0.2080 0.3093
vn -0.9496 0.1628 0.2680
vn -0.9457 0.0035 0.3251
vn -0.9623 0.1302 0.2387
vn -0.9702 0.1089 0.2164
vn -0.9391 0.0195 0.3431
vn -0.8457 -0.1855 0.5004
vn -0.8497 -0.1897 0.4920
vn -0.8399 -0.1843 0.5104
vn -0.9105 -0.0988 0.4016
vn -0.9152 -0.1020 0.3898
vn -0.9185 -0.1077 0.3805
vn -0.8333 -0.1852 0.5210
vn -0.9049 -0.0966 0.4145
vn -0.9513 -0.0045 0.3082
vn -0.9561 -0.0113 0.2929
vn -0.9757 0.0946 0.1976
vn -0.9798 0.0827 0.1819
vn -0.9627 -0.0256 0.2695
vn -0.9832 0.0714 0.1681
vn -0.9861 0.0595 0.1551
vn -0.9598 -0.0176 0.2802
vn -0.8490 -0.2149 0.4827
vn -0.8482 -0.2231 0.4803
vn -0.8502 -0.2062 0.4843
vn -0.9204 -0.1261 0.3701
vn -0.9203 -0.1369 0.3664
vn -0.9203 -0.1478 0.3622
vn -0.8503 -0.1978 0.4877
vn -0.9198 -0.1157 0.3750
vn -0.9646 -0.0357 0.2613
vn -0.9661 -0.0468 0.2538
vn -0.9885 0.0463 0.1439
vn -0.9906 0.0326 0.1330
vn -0.9680 -0.0721 0.2403
vn -0.9922 0.0195 0.1234
vn -0.9936 0.0049 0.1129
vn -0.9671 -0.0595 0.2473
vn -0.8512 -0.2307 0.4713
vn -0.8495 -0.2315 0.4742
vn -0.9216 -0.1632 0.3521
vn -0.9229 -0.1666 0.3470
vn -0.8485 -0.2286 0.4773
vn -0.9208 -0.1571 0.3571
vn -0.9690 -0.0835 0.2326
vn -0.9698 -0.0927 0.2255
vn -0.9946 -0.0081 0.1032
vn -0.9954 -0.0199 0.0939
vn -0.9959 -0.0306 0.0850
vn -0.9708 -0.1000 0.2181
vn -0.6256 0.4332 -0.6489
vn -0.8147 0.2953 -0.4990
vn -0.6428 0.3946 -0.6565
vn -0.6137 0.4766 -0.6295
vn -0.8024 0.3289 -0.4979
vn -0.9260 0.1979 -0.3213
vn -0.7918 0.3751 -0.4820
vn -0.9223 0.2317 -0.3094
vn -0.9320 0.1712 -0.3194
vn -0.5872 0.6167 -0.5243
vn -0.7846 0.4312 -0.4454
vn -0.5992 0.5386 -0.5924
vn -0.9213 0.2742 -0.2756
vn -0.7828 0.4951 -0.3770
vn -0.9878 0.1025 -0.1170
vn -0.9863 0.0765 -0.1459
vn -0.9863 0.0564 -0.1550
vn -0.9878 0.0426 -0.1500
vn -0.6703 0.2711 -0.6908
vn -0.8366 0.1455 -0.5281
vn -0.6735 0.2118 -0.7082
vn -0.6648 0.3209 -0.6745
vn -0.8350 0.1934 -0.5152
vn -0.9423 0.0998 -0.3194
vn -0.8310 0.2328 -0.5052
vn -0.9405 0.1274 -0.3149
vn -0.9428 0.0660 -0.3268
vn -0.8243 0.2662 -0.4996
vn -0.6560 0.3611 -0.6628
vn -0.9373 0.1517 -0.3139
vn -0.9894 0.0353 -0.1408
vn -0.9902 0.0231 -0.1380
vn -0.9903 0.0083 -0.1388
vn -0.9899 -0.0111 -0.1417
vn -0.6977 0.1143 -0.7072
vn -0.8590 0.0714 -0.5070
vn -0.7068 0.1272 -0.6959
vn -0.6871 0.1226 -0.7161
vn -0.8517 0.0640 -0.5201
vn -0.9485 0.0087 -0.3168
vn -0.8447 0.0730 -0.5303
vn -0.9452 0.0144 -0.3262
vn -0.9516 0.0122 -0.3070
vn -0.8393 0.1003 -0.5344
vn -0.6780 0.1551 -0.7185
vn -0.9430 0.0346 -0.3310
vn -0.9893 -0.0299 -0.1428
vn -0.9896 -0.0419 -0.1379
vn -0.9904 -0.0459 -0.1302
vn -0.9917 -0.0428 -0.1216
vn -0.7119 0.1944 -0.6749
vn -0.7128 0.1718 -0.6800
vn -0.8637 0.1220 -0.4890
vn -0.9563 0.0468 -0.2887
vn -0.8636 0.1043 -0.4933
vn -0.9557 0.0344 -0.2925
vn -0.8622 0.0875 -0.4990
vn -0.7120 0.1497 -0.6860
vn -0.9543 0.0231 -0.2979
vn -0.9928 -0.0356 -0.1147
vn -0.9935 -0.0286 -0.1098
vn -0.9943 -0.0198 -0.1052
vn -0.9578 0.2650 0.1116
vn -0.9673 0.2384 0.0862
vn -0.9423 0.3007 0.1469
vn -0.8826 0.4701 -0.0047
vn -0.9020 0.4292 -0.0460
vn -0.9144 0.3977 -0.0756
vn -0.9179 0.3443 0.1974
vn -0.8511 0.5230 0.0456
vn -0.7182 0.6887 -0.0996
vn -0.7560 0.6343 -0.1615
vn -0.5587 0.8017 -0.2125
vn -0.5855 0.7564 -0.2917
vn -0.7926 0.5578 -0.2464
vn -0.6047 0.7162 -0.3483
vn -0.6182 0.6829 -0.3892
vn -0.7784 0.5915 -0.2101
vn -0.9828 0.1819 0.0327
vn -0.9864 0.1637 0.0167
vn -0.9787 0.1995 0.0487
vn -0.9303 0.3470 -0.1193
vn -0.9364 0.3221 -0.1390
vn -0.9420 0.2956 -0.1591
vn -0.9736 0.2184 0.0660
vn -0.9231 0.3717 -0.0990
vn -0.8034 0.5288 -0.2737
vn -0.8129 0.4998 -0.2989
vn -0.6291 0.6533 -0.4212
vn -0.6394 0.6227 -0.4510
vn -0.8301 0.4350 -0.3489
vn -0.6495 0.5891 -0.4807
vn -0.6595 0.5506 -0.5118
vn -0.8218 0.4691 -0.3234
vn -0.9936 0.1104 -0.0255
vn -0.9948 0.0946 -0.0373
vn -0.9918 0.1271 -0.0126
vn -0.9497 0.2447 -0.1954
vn -0.9519 0.2233 -0.2098
vn -0.9534 0.2044 -0.2217
vn -0.9894 0.1450 0.0015
vn -0.9465 0.2688 -0.1786
vn -0.8370 0.4004 -0.3729
vn -0.8424 0.3698 -0.3920
vn -0.6687 0.5110 -0.5400
vn -0.6762 0.4764 -0.5620
vn -0.8495 0.3216 -0.4182
vn -0.6822 0.4472 -0.5785
vn -0.6875 0.4238 -0.5897
vn -0.8464 0.3435 -0.4070
vn -0.9964 0.0504 -0.0678
vn -0.9962 0.0647 -0.0587
vn -0.9555 0.1686 -0.2421
vn -0.9563 0.1496 -0.2511
vn -0.9956 0.0797 -0.0484
vn -0.9545 0.1868 -0.2323
vn -0.8523 0.3014 -0.4275
vn -0.8549 0.2799 -0.4368
vn -0.6924 0.4026 -0.5988
vn -0.6970 0.3790 -0.6087
vn -0.7012 0.3529 -0.6195
vn -0.8573 0.2566 -0.4463
vn -0.4430 0.4925 -0.7491
vn -0.3209 0.4022 -0.8575
vn -0.1576 0.4624 -0.8726
vn -0.3092 0.4500 -0.8378
vn -0.4650 0.4494 -0.7628
vn -0.4747 0.4195 -0.7737
vn -0.4834 0.3765 -0.7903
vn -0.4895 0.3211 -0.8107
vn -0.3254 0.3427 -0.8813
vn -0.4925 0.2533 -0.8326
vn -0.3291 0.2688 -0.9052
vn -0.4984 0.1883 -0.8462
vn -0.3338 0.1995 -0.9213
vn -0.5105 0.1512 -0.8465
vn -0.3478 0.1613 -0.9236
vn -0.5222 0.1467 -0.8401
vn -0.1880 0.3004 -0.9351
vn -0.3622 0.2815 -0.8886
vn -0.1888 0.2723 -0.9435
vn -0.3635 0.2542 -0.8962
vn -0.5321 0.1662 -0.8302
vn -0.5350 0.1962 -0.8217
vn -0.3635 0.2250 -0.9040
vn -0.5356 0.2226 -0.8146
vn -0.5343 0.2482 -0.8080
vn -0.4320 0.7883 -0.4380
vn -0.4429 0.7565 -0.4811
vn -0.4186 0.8254 -0.3787
vn -0.2734 0.8618 -0.4273
vn -0.2846 0.8254 -0.4875
vn -0.2926 0.7946 -0.5320
vn -0.4039 0.8656 -0.2960
vn -0.2563 0.9014 -0.3490
vn -0.1244 0.9207 -0.3698
vn -0.1384 0.8807 -0.4530
vn -0.1457 0.8452 -0.5142
vn -0.1498 0.8145 -0.5605
vn -0.4702 0.6629 -0.5826
vn -0.4797 0.6231 -0.6178
vn -0.4606 0.6970 -0.5496
vn -0.3054 0.7362 -0.6040
vn -0.3123 0.7024 -0.6396
vn -0.3197 0.6628 -0.6771
vn -0.4522 0.7275 -0.5160
vn -0.2988 0.7662 -0.5690
vn -0.1534 0.7863 -0.5985
vn -0.1569 0.7567 -0.6347
vn -0.1605 0.7232 -0.6718
vn -0.1646 0.6839 -0.7107
vn -0.5037 0.5159 -0.6929
vn -0.5100 0.4928 -0.7050
vn -0.4968 0.5458 -0.6747
vn -0.3342 0.5852 -0.7388
vn -0.3402 0.5557 -0.7586
vn -0.3454 0.5331 -0.7724
vn -0.4889 0.5819 -0.6499
vn -0.3274 0.6213 -0.7119
vn -0.1682 0.6428 -0.7474
vn -0.1727 0.6070 -0.7757
vn -0.1760 0.5778 -0.7970
vn -0.1795 0.5558 -0.8117
vn -0.5255 0.4202 -0.7398
vn -0.5209 0.4476 -0.7269
vn -0.3549 0.4883 -0.7973
vn -0.3583 0.4602 -0.8123
vn -0.5157 0.4717 -0.7152
vn -0.3505 0.5125 -0.7839
vn -0.1821 0.5355 -0.8247
vn -0.1849 0.5112 -0.8393
vn -0.1871 0.4827 -0.8556
vn -0.0019 0.9995 0.0314
vn 0.1464 0.9765 0.1579
vn 0.0954 0.9953 0.0173
vn -0.0004 0.9928 -0.1197
vn -0.1903 0.9812 -0.0314
vn -0.0873 0.9873 -0.1324
vn -0.2172 0.9686 -0.1213
vn -0.0844 0.9964 0.0054
vn -0.1466 0.9758 0.1621
vn -0.0005 0.9787 0.2054
vn -0.2648 0.9625 0.0589
vn 0.0007 -0.1771 0.9842
vn 0.3139 0.0669 0.9471
vn -0.0004 0.1308 0.9914
vn -0.0001 -0.3736 0.9276
vn 0.2428 -0.1877 0.9517
vn -0.2428 -0.1877 0.9517
vn -0.3140 0.0661 0.9471
vn 0.1141 0.7443 -0.6580
vn -0.7798 0.5560 -0.2878
vn 0.4684 0.4265 -0.7738
vn 0.6933 0.1147 -0.7115
vn -0.5029 0.1591 -0.8496
vn 0.3095 0.0789 0.9476
vn -0.3095 0.0783 0.9477
vn 0.3208 0.4409 -0.8383
vn 0.5256 0.1387 -0.8393
vn -0.1672 0.4115 -0.8960
vn 0.0935 0.9862 -0.1369
vn 0.2340 -0.3726 0.8980
vn -0.2345 -0.3717 0.8982
vt 0.525300 0.775400
vt 0.526400 0.777200
vt 0.525200 0.775400
vt 0.480900 0.771700
vt 0.479400 0.772600
vt 0.480100 0.770900
vt 0.478800 0.774300
vt 0.480100 0.773100
vt 0.479500 0.774400
vt 0.478000 0.777200
vt 0.479100 0.775400
vt 0.479200 0.775400
vt 0.478400 0.775800
vt 0.481800 0.770300
vt 0.522900 0.782500
vt 0.523600 0.779100
vt 0.523900 0.782800
vt 0.523600 0.776300
vt 0.522700 0.778600
vt 0.522700 0.775500
vt 0.524300 0.777100
vt 0.524300 0.779500
vt 0.524800 0.782900
vt 0.524300 0.773200
vt 0.523000 0.773300
vt 0.523500 0.771700
vt 0.524900 0.774400
vt 0.523800 0.774400
vt 0.524400 0.775400
vt 0.524900 0.776200
vt 0.524800 0.777700
vt 0.525300 0.776900
vt 0.525400 0.778300
vt 0.525400 0.782600
vt 0.525400 0.779700
vt 0.525500 0.781100
vt 0.524900 0.779700
vt 0.526700 0.792700
vt 0.526300 0.798500
vt 0.525300 0.792700
vt 0.527300 0.804600
vt 0.528000 0.798400
vt 0.529200 0.804300
vt 0.525600 0.787400
vt 0.526600 0.787100
vt 0.528100 0.792600
vt 0.527500 0.786700
vt 0.529400 0.792400
vt 0.531200 0.804100
vt 0.531400 0.798000
vt 0.533400 0.803700
vt 0.529700 0.798200
vt 0.528800 0.829300
vt 0.530200 0.822800
vt 0.531100 0.828900
vt 0.531400 0.816400
vt 0.529200 0.816700
vt 0.532500 0.822400
vt 0.533500 0.828500
vt 0.528300 0.810600
vt 0.530400 0.810300
vt 0.532500 0.810000
vt 0.533700 0.816000
vt 0.534700 0.809700
vt 0.536000 0.815700
vt 0.536000 0.828100
vt 0.537300 0.821700
vt 0.538600 0.827700
vt 0.534900 0.822100
vt 0.529600 0.835400
vt 0.532000 0.835000
vt 0.532800 0.841100
vt 0.534500 0.834600
vt 0.535400 0.840700
vt 0.530300 0.841500
vt 0.537000 0.834200
vt 0.538000 0.840300
vt 0.539700 0.833800
vt 0.540800 0.839900
vt 0.478800 0.779700
vt 0.478800 0.782600
vt 0.478700 0.781100
vt 0.478900 0.778300
vt 0.479300 0.779700
vt 0.479900 0.779500
vt 0.479500 0.777700
vt 0.480000 0.777100
vt 0.479400 0.782900
vt 0.479400 0.776200
vt 0.479000 0.776900
vt 0.479900 0.775300
vt 0.481400 0.773200
vt 0.481600 0.775500
vt 0.480600 0.774300
vt 0.480800 0.776300
vt 0.480300 0.782700
vt 0.480700 0.779100
vt 0.481600 0.778500
vt 0.472600 0.798100
vt 0.472800 0.804000
vt 0.470600 0.803700
vt 0.474700 0.792400
vt 0.474400 0.798200
vt 0.476100 0.798300
vt 0.476000 0.792500
vt 0.477400 0.792600
vt 0.474800 0.804300
vt 0.477600 0.787100
vt 0.476700 0.786800
vt 0.478500 0.787400
vt 0.479700 0.787300
vt 0.466700 0.821800
vt 0.468000 0.828100
vt 0.465300 0.827800
vt 0.468000 0.815800
vt 0.469100 0.822100
vt 0.471500 0.822300
vt 0.470300 0.816000
vt 0.472500 0.816300
vt 0.470500 0.828400
vt 0.471500 0.810000
vt 0.469300 0.809700
vt 0.473600 0.810300
vt 0.472900 0.828700
vt 0.473800 0.822600
vt 0.466900 0.834200
vt 0.464300 0.833900
vt 0.469500 0.834500
vt 0.468600 0.840600
vt 0.465900 0.840300
vt 0.463200 0.840100
vt 0.472000 0.834800
vt 0.506800 0.976900
vt 0.506200 0.978600
vt 0.503100 0.979300
vt 0.509100 0.974400
vt 0.508000 0.976500
vt 0.510200 0.975000
vt 0.509900 0.974300
vt 0.510900 0.973700
vt 0.513300 0.968400
vt 0.511900 0.971600
vt 0.511200 0.971600
vt 0.512600 0.971800
vt 0.514000 0.968500
vt 0.514800 0.968800
vt 0.516000 0.970700
vt 0.512700 0.972600
vt 0.515400 0.969500
vt 0.502900 0.977800
vt 0.504400 0.977600
vt 0.504700 0.975500
vt 0.503700 0.975600
vt 0.504300 0.974900
vt 0.505300 0.975600
vt 0.502800 0.970900
vt 0.503700 0.973500
vt 0.502800 0.973700
vt 0.504600 0.973300
vt 0.503900 0.970800
vt 0.504900 0.970600
vt 0.506100 0.973200
vt 0.505900 0.970500
vt 0.506900 0.970300
vt 0.505300 0.973300
vt 0.507000 0.972800
vt 0.507800 0.972300
vt 0.507900 0.969900
vt 0.508800 0.969500
vt 0.507000 0.974100
vt 0.506200 0.975000
vt 0.509000 0.972100
vt 0.509700 0.969300
vt 0.510400 0.969000
vt 0.507400 0.974800
vt 0.508400 0.972200
vt 0.507100 0.974700
vt 0.505800 0.977100
vt 0.505600 0.976600
vt 0.509700 0.971600
vt 0.510400 0.971300
vt 0.511300 0.968600
vt 0.512000 0.968300
vt 0.509200 0.973200
vt 0.508300 0.974200
vt 0.512600 0.968300
vt 0.509000 0.974000
vt 0.510800 0.971300
vt 0.507100 0.976000
vt 0.525000 0.772700
vt 0.525600 0.774300
vt 0.526100 0.775800
vt 0.518800 0.766100
vt 0.521000 0.765700
vt 0.520200 0.767500
vt 0.522200 0.767400
vt 0.521500 0.768900
vt 0.522600 0.770300
vt 0.524300 0.770900
vt 0.523300 0.769100
vt 0.511800 0.761500
vt 0.514500 0.759500
vt 0.513800 0.762400
vt 0.516400 0.760900
vt 0.515600 0.763500
vt 0.517300 0.764800
vt 0.519600 0.764000
vt 0.518100 0.762400
vt 0.502200 0.759900
vt 0.504900 0.756500
vt 0.504700 0.760000
vt 0.507600 0.756800
vt 0.507200 0.760300
vt 0.509500 0.760800
vt 0.512500 0.758300
vt 0.510100 0.757500
vt 0.502100 0.883800
vt 0.504800 0.877300
vt 0.504900 0.883800
vt 0.504800 0.870800
vt 0.502100 0.877300
vt 0.502000 0.870800
vt 0.507500 0.870600
vt 0.507600 0.877100
vt 0.507600 0.883600
vt 0.504700 0.857900
vt 0.502000 0.864300
vt 0.502000 0.857900
vt 0.507300 0.857700
vt 0.504700 0.864300
vt 0.507400 0.864200
vt 0.512500 0.857200
vt 0.510100 0.864000
vt 0.509900 0.857500
vt 0.510200 0.870400
vt 0.512700 0.863700
vt 0.512800 0.870100
vt 0.510300 0.883400
vt 0.512900 0.876600
vt 0.513000 0.883100
vt 0.510300 0.876900
vt 0.515500 0.876200
vt 0.515500 0.882700
vt 0.515400 0.869700
vt 0.517900 0.869300
vt 0.518000 0.875800
vt 0.518000 0.882300
vt 0.515000 0.856900
vt 0.517500 0.856500
vt 0.515200 0.863300
vt 0.517700 0.862900
vt 0.522300 0.855600
vt 0.520200 0.862400
vt 0.519900 0.856100
vt 0.520300 0.868900
vt 0.522500 0.862000
vt 0.522700 0.868400
vt 0.520400 0.881800
vt 0.522700 0.874800
vt 0.522700 0.881300
vt 0.520400 0.875300
vt 0.525000 0.874300
vt 0.525000 0.880800
vt 0.525000 0.867900
vt 0.527200 0.867400
vt 0.527200 0.880300
vt 0.527300 0.873900
vt 0.524500 0.855200
vt 0.526800 0.854700
vt 0.524800 0.861500
vt 0.527100 0.861000
vt 0.531500 0.853800
vt 0.529400 0.860600
vt 0.529100 0.854300
vt 0.529600 0.867000
vt 0.531800 0.860200
vt 0.532000 0.866500
vt 0.532000 0.879400
vt 0.529600 0.873400
vt 0.532100 0.873000
vt 0.529600 0.879800
vt 0.534700 0.879100
vt 0.534800 0.872600
vt 0.537600 0.872200
vt 0.534700 0.866100
vt 0.537500 0.865800
vt 0.537600 0.878700
vt 0.534500 0.859800
vt 0.537300 0.859400
vt 0.534100 0.853400
vt 0.536800 0.853000
vt 0.543200 0.858500
vt 0.539800 0.852600
vt 0.543000 0.852100
vt 0.543400 0.865000
vt 0.540200 0.859000
vt 0.540400 0.865400
vt 0.543900 0.878000
vt 0.540600 0.871900
vt 0.543600 0.871500
vt 0.540600 0.878400
vt 0.489700 0.970800
vt 0.492900 0.972700
vt 0.493000 0.973800
vt 0.493100 0.971800
vt 0.490300 0.969600
vt 0.490800 0.968800
vt 0.492300 0.968400
vt 0.493700 0.971600
vt 0.491600 0.968500
vt 0.495700 0.974300
vt 0.494400 0.971600
vt 0.496600 0.974500
vt 0.494700 0.973800
vt 0.499600 0.978600
vt 0.499000 0.977000
vt 0.497700 0.976600
vt 0.499700 0.970500
vt 0.499500 0.973200
vt 0.498700 0.970300
vt 0.500700 0.970600
vt 0.500300 0.973200
vt 0.501400 0.974900
vt 0.501100 0.973200
vt 0.500400 0.975600
vt 0.501000 0.975500
vt 0.501900 0.973500
vt 0.501800 0.970800
vt 0.502000 0.975600
vt 0.501400 0.977600
vt 0.500000 0.977100
vt 0.498200 0.974800
vt 0.500100 0.976600
vt 0.499500 0.975000
vt 0.498600 0.974700
vt 0.498600 0.974100
vt 0.495900 0.969300
vt 0.496600 0.972100
vt 0.495200 0.969000
vt 0.496800 0.969500
vt 0.497200 0.972200
vt 0.497800 0.972300
vt 0.498600 0.972800
vt 0.497700 0.969900
vt 0.498600 0.976100
vt 0.497300 0.974200
vt 0.496700 0.974000
vt 0.496400 0.973200
vt 0.493000 0.968300
vt 0.493600 0.968300
vt 0.494800 0.971400
vt 0.495200 0.971300
vt 0.495900 0.971600
vt 0.494300 0.968600
vt 0.485600 0.766100
vt 0.483500 0.765700
vt 0.484900 0.764000
vt 0.482200 0.767400
vt 0.484200 0.767400
vt 0.482900 0.768800
vt 0.481100 0.769100
vt 0.492600 0.761500
vt 0.489900 0.759500
vt 0.491900 0.758300
vt 0.488000 0.760900
vt 0.490600 0.762400
vt 0.488800 0.763500
vt 0.487100 0.764700
vt 0.486400 0.762400
vt 0.499500 0.756500
vt 0.502200 0.756300
vt 0.496800 0.756800
vt 0.499700 0.760000
vt 0.497200 0.760300
vt 0.494800 0.760800
vt 0.494300 0.757400
vt 0.491300 0.876200
vt 0.493900 0.883100
vt 0.491300 0.882700
vt 0.491300 0.869700
vt 0.493900 0.876600
vt 0.496600 0.876900
vt 0.494000 0.870100
vt 0.496600 0.870400
vt 0.496600 0.883400
vt 0.491600 0.856900
vt 0.494000 0.863600
vt 0.491400 0.863300
vt 0.496700 0.864000
vt 0.494200 0.857200
vt 0.496800 0.857500
vt 0.499400 0.864200
vt 0.499400 0.857800
vt 0.499300 0.870600
vt 0.499300 0.883600
vt 0.499300 0.877100
vt 0.481500 0.874300
vt 0.483900 0.881200
vt 0.481600 0.880700
vt 0.481500 0.867800
vt 0.483900 0.874800
vt 0.486300 0.875300
vt 0.483900 0.868300
vt 0.486300 0.868800
vt 0.486300 0.881700
vt 0.481900 0.855100
vt 0.484000 0.861900
vt 0.481600 0.861400
vt 0.486400 0.862400
vt 0.484200 0.855600
vt 0.486600 0.856000
vt 0.489100 0.856500
vt 0.488900 0.862800
vt 0.488800 0.869300
vt 0.488700 0.875700
vt 0.488700 0.882200
vt 0.472500 0.879100
vt 0.474700 0.873000
vt 0.474900 0.879400
vt 0.472300 0.866200
vt 0.472300 0.872700
vt 0.477100 0.873400
vt 0.474700 0.866600
vt 0.477000 0.866900
vt 0.477200 0.879800
vt 0.472600 0.853600
vt 0.474800 0.860200
vt 0.472400 0.859900
vt 0.477100 0.860600
vt 0.475000 0.853900
vt 0.477300 0.854300
vt 0.479600 0.854700
vt 0.479400 0.861000
vt 0.479300 0.867400
vt 0.479300 0.873800
vt 0.479400 0.880300
vt 0.460800 0.871900
vt 0.463900 0.878600
vt 0.460700 0.878400
vt 0.460900 0.865400
vt 0.463800 0.872100
vt 0.466800 0.872200
vt 0.463900 0.865600
vt 0.466800 0.865700
vt 0.466900 0.878700
vt 0.461100 0.852300
vt 0.464000 0.859100
vt 0.461000 0.858900
vt 0.466900 0.859300
vt 0.464300 0.852700
vt 0.467300 0.853000
vt 0.470000 0.853300
vt 0.469700 0.859600
vt 0.469600 0.866000
vt 0.469800 0.878900
vt 0.469600 0.872400
vt 0.502100 0.780200
vt 0.504400 0.774300
vt 0.504400 0.780200
vt 0.504500 0.769000
vt 0.502100 0.774300
vt 0.502200 0.768900
vt 0.506800 0.769100
vt 0.506700 0.774400
vt 0.506600 0.780300
vt 0.502200 0.764100
vt 0.504600 0.764100
vt 0.506900 0.764400
vt 0.509200 0.764800
vt 0.509000 0.769400
vt 0.511300 0.765300
vt 0.511100 0.769800
vt 0.508800 0.780400
vt 0.510900 0.774900
vt 0.510800 0.780500
vt 0.508800 0.774600
vt 0.502100 0.806800
vt 0.504200 0.800000
vt 0.504200 0.806800
vt 0.504300 0.793200
vt 0.502100 0.800000
vt 0.502100 0.793200
vt 0.506500 0.793200
vt 0.506400 0.800000
vt 0.506400 0.806700
vt 0.502100 0.786600
vt 0.504300 0.786600
vt 0.506500 0.786600
vt 0.508700 0.786600
vt 0.508600 0.793100
vt 0.510700 0.786600
vt 0.510700 0.793100
vt 0.508500 0.806600
vt 0.510600 0.799700
vt 0.510600 0.806400
vt 0.508500 0.799900
vt 0.502000 0.832600
vt 0.504400 0.826200
vt 0.504500 0.832500
vt 0.504300 0.819900
vt 0.502000 0.826200
vt 0.502000 0.819900
vt 0.506600 0.819800
vt 0.506700 0.826100
vt 0.506900 0.832400
vt 0.502000 0.813400
vt 0.504300 0.813400
vt 0.506500 0.813300
vt 0.508600 0.813100
vt 0.508800 0.819600
vt 0.510800 0.812900
vt 0.511000 0.819400
vt 0.509200 0.832200
vt 0.511300 0.825700
vt 0.511600 0.832000
vt 0.509000 0.825900
vt 0.504600 0.851500
vt 0.504600 0.845200
vt 0.502000 0.851500
vt 0.502000 0.845200
vt 0.507100 0.845000
vt 0.507200 0.851400
vt 0.502000 0.838900
vt 0.504500 0.838900
vt 0.507000 0.838700
vt 0.509400 0.838500
vt 0.509600 0.844800
vt 0.511800 0.838300
vt 0.512100 0.844600
vt 0.512300 0.850900
vt 0.509800 0.851200
vt 0.509000 0.959500
vt 0.508000 0.955400
vt 0.509600 0.955100
vt 0.508300 0.963600
vt 0.507500 0.959900
vt 0.505900 0.960100
vt 0.507000 0.963800
vt 0.505600 0.964000
vt 0.506200 0.955700
vt 0.506500 0.967400
vt 0.507600 0.967100
vt 0.505300 0.967500
vt 0.502800 0.967800
vt 0.502800 0.964200
vt 0.504100 0.967700
vt 0.504200 0.964200
vt 0.504500 0.955800
vt 0.502800 0.960300
vt 0.502800 0.955800
vt 0.504400 0.960200
vt 0.511200 0.939200
vt 0.509400 0.933700
vt 0.511600 0.933300
vt 0.510700 0.944800
vt 0.509100 0.939500
vt 0.506900 0.939800
vt 0.508700 0.945200
vt 0.506700 0.945400
vt 0.507100 0.933900
vt 0.508400 0.950500
vt 0.510200 0.950100
vt 0.506500 0.950700
vt 0.504600 0.950900
vt 0.504700 0.945500
vt 0.502700 0.950900
vt 0.502700 0.945600
vt 0.504900 0.934100
vt 0.502600 0.939900
vt 0.502600 0.934100
vt 0.504800 0.939900
vt 0.512500 0.915100
vt 0.510200 0.909100
vt 0.512700 0.908800
vt 0.512200 0.921300
vt 0.510000 0.915400
vt 0.507500 0.915700
vt 0.509800 0.921600
vt 0.507400 0.921900
vt 0.507600 0.909400
vt 0.509600 0.927700
vt 0.511900 0.927300
vt 0.507300 0.927900
vt 0.504900 0.928100
vt 0.504900 0.922000
vt 0.502500 0.928100
vt 0.502500 0.922000
vt 0.505000 0.909500
vt 0.502400 0.915800
vt 0.502300 0.909500
vt 0.505000 0.915800
vt 0.510300 0.889900
vt 0.510300 0.896400
vt 0.513000 0.889600
vt 0.512900 0.896000
vt 0.507600 0.896600
vt 0.507600 0.890100
vt 0.510300 0.902800
vt 0.512800 0.902500
vt 0.507600 0.903000
vt 0.505000 0.903100
vt 0.504900 0.896700
vt 0.502300 0.903200
vt 0.502200 0.896700
vt 0.502100 0.890300
vt 0.504900 0.890300
vt 0.512900 0.775200
vt 0.512800 0.780600
vt 0.513000 0.770300
vt 0.514800 0.770900
vt 0.514700 0.775600
vt 0.514600 0.780900
vt 0.513300 0.766000
vt 0.515100 0.766900
vt 0.516700 0.767800
vt 0.516500 0.771600
vt 0.518300 0.768900
vt 0.518000 0.772300
vt 0.516300 0.781100
vt 0.517900 0.776500
vt 0.517800 0.781300
vt 0.516300 0.776000
vt 0.512600 0.799600
vt 0.512700 0.806200
vt 0.512600 0.793000
vt 0.514500 0.792900
vt 0.514500 0.799400
vt 0.514700 0.806000
vt 0.512700 0.786600
vt 0.514500 0.786700
vt 0.516300 0.786800
vt 0.516300 0.792900
vt 0.517900 0.786800
vt 0.518000 0.792800
vt 0.516600 0.805700
vt 0.518200 0.799100
vt 0.518400 0.805500
vt 0.516400 0.799300
vt 0.513500 0.825400
vt 0.513800 0.831700
vt 0.513200 0.819100
vt 0.515300 0.818800
vt 0.515600 0.825100
vt 0.516100 0.831400
vt 0.512900 0.812700
vt 0.514900 0.812400
vt 0.516900 0.812200
vt 0.517300 0.818500
vt 0.518800 0.811900
vt 0.519300 0.818200
vt 0.518200 0.831100
vt 0.519800 0.824500
vt 0.520300 0.830700
vt 0.517800 0.824800
vt 0.514800 0.850600
vt 0.514500 0.844300
vt 0.516900 0.843900
vt 0.517200 0.850200
vt 0.514200 0.838000
vt 0.516500 0.837700
vt 0.518700 0.837300
vt 0.519200 0.843500
vt 0.520900 0.836900
vt 0.521400 0.843100
vt 0.521900 0.849300
vt 0.519600 0.849800
vt 0.514400 0.957800
vt 0.514300 0.953700
vt 0.515700 0.953300
vt 0.513100 0.961900
vt 0.513200 0.958300
vt 0.511900 0.958700
vt 0.512000 0.962300
vt 0.510900 0.962800
vt 0.512800 0.954200
vt 0.510900 0.966000
vt 0.511800 0.965600
vt 0.509900 0.966300
vt 0.508800 0.966800
vt 0.509600 0.963200
vt 0.510500 0.959200
vt 0.511200 0.954700
vt 0.519100 0.937000
vt 0.518000 0.931700
vt 0.520000 0.931100
vt 0.518000 0.942700
vt 0.517200 0.937600
vt 0.515300 0.938100
vt 0.516300 0.943300
vt 0.514500 0.943800
vt 0.515900 0.932300
vt 0.515300 0.948700
vt 0.516900 0.948200
vt 0.513700 0.949200
vt 0.512000 0.949700
vt 0.512600 0.944400
vt 0.513300 0.938700
vt 0.513800 0.932800
vt 0.521700 0.913000
vt 0.519800 0.907400
vt 0.522000 0.906800
vt 0.521200 0.919100
vt 0.519500 0.913600
vt 0.517300 0.914100
vt 0.519100 0.919700
vt 0.516900 0.920300
vt 0.517500 0.907900
vt 0.518600 0.925700
vt 0.520700 0.925200
vt 0.516500 0.926300
vt 0.514200 0.926900
vt 0.514600 0.920800
vt 0.514900 0.914600
vt 0.515100 0.908400
vt 0.522700 0.887800
vt 0.522500 0.894200
vt 0.520400 0.888300
vt 0.518000 0.888700
vt 0.520200 0.894700
vt 0.517900 0.895200
vt 0.520100 0.901100
vt 0.522300 0.900600
vt 0.517700 0.901600
vt 0.515300 0.902100
vt 0.515500 0.895600
vt 0.515500 0.889200
vt 0.519300 0.777000
vt 0.519300 0.781600
vt 0.519400 0.773100
vt 0.520600 0.773900
vt 0.520500 0.777500
vt 0.520600 0.781900
vt 0.519700 0.769900
vt 0.520900 0.771000
vt 0.522000 0.772100
vt 0.521800 0.774700
vt 0.521800 0.782200
vt 0.521700 0.778100
vt 0.519900 0.799000
vt 0.520200 0.805300
vt 0.519600 0.792800
vt 0.521100 0.792800
vt 0.521500 0.798900
vt 0.522000 0.805200
vt 0.519400 0.786900
vt 0.520800 0.787100
vt 0.522100 0.787200
vt 0.522500 0.792800
vt 0.523300 0.787300
vt 0.523900 0.792800
vt 0.523700 0.805000
vt 0.524700 0.798700
vt 0.525500 0.804800
vt 0.523100 0.798800
vt 0.521800 0.824200
vt 0.522400 0.830400
vt 0.521200 0.817900
vt 0.523200 0.817600
vt 0.523800 0.823800
vt 0.524500 0.830000
vt 0.520700 0.811600
vt 0.522500 0.811400
vt 0.524400 0.811200
vt 0.525100 0.817300
vt 0.526300 0.810900
vt 0.527100 0.817000
vt 0.526600 0.829600
vt 0.528000 0.823100
vt 0.525800 0.823500
vt 0.524100 0.848900
vt 0.523600 0.842700
vt 0.525800 0.842300
vt 0.526300 0.848500
vt 0.523000 0.836500
vt 0.525100 0.836200
vt 0.527300 0.835800
vt 0.528000 0.841900
vt 0.531000 0.847600
vt 0.528600 0.848000
vt 0.519000 0.956900
vt 0.519500 0.952300
vt 0.520800 0.952200
vt 0.517100 0.961100
vt 0.517800 0.956900
vt 0.516700 0.957100
vt 0.516100 0.961100
vt 0.515200 0.961200
vt 0.518200 0.952500
vt 0.514400 0.964900
vt 0.515200 0.964900
vt 0.513600 0.965000
vt 0.512700 0.965300
vt 0.514200 0.961500
vt 0.515600 0.957400
vt 0.517000 0.952800
vt 0.525900 0.935600
vt 0.525400 0.929800
vt 0.527300 0.929600
vt 0.524300 0.941400
vt 0.524100 0.935700
vt 0.522400 0.936000
vt 0.522700 0.941600
vt 0.521100 0.941800
vt 0.523600 0.930100
vt 0.521100 0.947100
vt 0.522600 0.947000
vt 0.519700 0.947400
vt 0.518300 0.947700
vt 0.519600 0.942200
vt 0.520800 0.936500
vt 0.521800 0.930600
vt 0.530100 0.911300
vt 0.528400 0.905400
vt 0.530700 0.905100
vt 0.529400 0.917500
vt 0.527900 0.911600
vt 0.525800 0.912000
vt 0.527200 0.917700
vt 0.525200 0.918100
vt 0.526200 0.905800
vt 0.526400 0.923800
vt 0.528500 0.923500
vt 0.524500 0.924100
vt 0.522600 0.924600
vt 0.523200 0.918600
vt 0.523700 0.912500
vt 0.524100 0.906300
vt 0.531900 0.885900
vt 0.531600 0.892400
vt 0.529400 0.886300
vt 0.527100 0.886800
vt 0.529200 0.892700
vt 0.526900 0.893200
vt 0.528800 0.899100
vt 0.531200 0.898800
vt 0.526600 0.899600
vt 0.524500 0.900000
vt 0.524700 0.893700
vt 0.524900 0.887300
vt 0.524500 0.787400
vt 0.533500 0.847200
vt 0.536200 0.846800
vt 0.539000 0.846400
vt 0.541900 0.846000
vt 0.524400 0.959000
vt 0.525400 0.953600
vt 0.527200 0.955100
vt 0.521600 0.962900
vt 0.522900 0.958200
vt 0.521600 0.957500
vt 0.520400 0.962200
vt 0.519300 0.961700
vt 0.523800 0.952800
vt 0.518800 0.966800
vt 0.517900 0.966000
vt 0.517000 0.965400
vt 0.516100 0.965100
vt 0.518200 0.961300
vt 0.520200 0.957100
vt 0.522300 0.952400
vt 0.534900 0.936400
vt 0.534400 0.929900
vt 0.537500 0.930200
vt 0.532300 0.942600
vt 0.532500 0.936100
vt 0.530100 0.935800
vt 0.530200 0.942200
vt 0.528100 0.941800
vt 0.531800 0.929700
vt 0.527900 0.948100
vt 0.529700 0.948900
vt 0.526000 0.947500
vt 0.524300 0.947200
vt 0.526200 0.941500
vt 0.527900 0.935600
vt 0.529500 0.929500
vt 0.541100 0.911200
vt 0.539100 0.904700
vt 0.542400 0.904900
vt 0.539900 0.917500
vt 0.538200 0.911100
vt 0.535300 0.911100
vt 0.537100 0.917400
vt 0.534400 0.917300
vt 0.536100 0.904800
vt 0.535900 0.923700
vt 0.538700 0.923800
vt 0.533200 0.923500
vt 0.530800 0.923500
vt 0.531800 0.917300
vt 0.532600 0.911100
vt 0.533300 0.904900
vt 0.543500 0.884700
vt 0.543100 0.891400
vt 0.540400 0.885000
vt 0.537400 0.885300
vt 0.540100 0.891600
vt 0.537100 0.891800
vt 0.539700 0.898200
vt 0.542700 0.898100
vt 0.536700 0.898300
vt 0.533800 0.898500
vt 0.534200 0.892100
vt 0.534500 0.885600
vt 0.493300 0.774800
vt 0.495400 0.780300
vt 0.493400 0.780400
vt 0.493300 0.769700
vt 0.495400 0.774500
vt 0.497600 0.774400
vt 0.495400 0.769400
vt 0.497600 0.769100
vt 0.497600 0.780200
vt 0.495200 0.764700
vt 0.493100 0.765300
vt 0.497400 0.764400
vt 0.499800 0.764100
vt 0.499800 0.768900
vt 0.499800 0.774300
vt 0.499800 0.780200
vt 0.493500 0.799500
vt 0.495600 0.806400
vt 0.493500 0.806200
vt 0.493500 0.792900
vt 0.495600 0.799700
vt 0.497700 0.799900
vt 0.495600 0.793000
vt 0.497700 0.793100
vt 0.497700 0.806600
vt 0.495500 0.786500
vt 0.493400 0.786500
vt 0.497600 0.786500
vt 0.499900 0.786500
vt 0.499900 0.793200
vt 0.499900 0.800000
vt 0.499900 0.806700
vt 0.492800 0.825400
vt 0.494800 0.832000
vt 0.492500 0.831700
vt 0.493100 0.819100
vt 0.495100 0.825700
vt 0.497400 0.826000
vt 0.495300 0.819400
vt 0.497500 0.819600
vt 0.497200 0.832300
vt 0.495400 0.813000
vt 0.493300 0.812700
vt 0.497600 0.813200
vt 0.499800 0.813300
vt 0.499800 0.819800
vt 0.499700 0.826200
vt 0.499600 0.832500
vt 0.491800 0.850500
vt 0.492000 0.844200
vt 0.494300 0.850900
vt 0.496900 0.851200
vt 0.494500 0.844600
vt 0.497000 0.844900
vt 0.494600 0.838300
vt 0.492200 0.838000
vt 0.497100 0.838600
vt 0.499600 0.838800
vt 0.499500 0.845100
vt 0.499400 0.851400
vt 0.501200 0.960200
vt 0.501000 0.955800
vt 0.501400 0.964200
vt 0.500000 0.964000
vt 0.499600 0.960000
vt 0.499300 0.955600
vt 0.501600 0.967700
vt 0.500300 0.967500
vt 0.499100 0.967400
vt 0.498600 0.963800
vt 0.498000 0.967100
vt 0.497200 0.963500
vt 0.497500 0.955300
vt 0.496500 0.959500
vt 0.495900 0.955000
vt 0.498000 0.959800
vt 0.500500 0.939800
vt 0.500300 0.934000
vt 0.500700 0.945500
vt 0.498600 0.945300
vt 0.498300 0.939600
vt 0.498100 0.933800
vt 0.500800 0.950800
vt 0.498900 0.950600
vt 0.497100 0.950400
vt 0.496600 0.945000
vt 0.495200 0.950000
vt 0.494600 0.944600
vt 0.495800 0.933500
vt 0.494100 0.938900
vt 0.493600 0.933000
vt 0.496200 0.939300
vt 0.499800 0.915700
vt 0.499700 0.909400
vt 0.500000 0.921900
vt 0.497500 0.921700
vt 0.497300 0.915500
vt 0.497100 0.909200
vt 0.500200 0.928000
vt 0.497800 0.927800
vt 0.495400 0.927500
vt 0.495100 0.921300
vt 0.493100 0.927000
vt 0.492700 0.920900
vt 0.494500 0.908800
vt 0.492300 0.914700
vt 0.492000 0.908400
vt 0.494800 0.915100
vt 0.499400 0.890100
vt 0.499500 0.896600
vt 0.496800 0.896400
vt 0.496700 0.889900
vt 0.499600 0.903000
vt 0.496900 0.902800
vt 0.494300 0.902500
vt 0.494100 0.896000
vt 0.491700 0.902100
vt 0.491500 0.895600
vt 0.491400 0.889200
vt 0.494000 0.889600
vt 0.486400 0.776400
vt 0.487900 0.780900
vt 0.486400 0.781200
vt 0.486300 0.772200
vt 0.487900 0.775900
vt 0.489600 0.775500
vt 0.487900 0.771500
vt 0.489500 0.770800
vt 0.489600 0.780700
vt 0.487600 0.767800
vt 0.486100 0.768800
vt 0.489300 0.766800
vt 0.491100 0.766000
vt 0.491300 0.770200
vt 0.491400 0.775100
vt 0.491400 0.780500
vt 0.485900 0.798900
vt 0.487500 0.805500
vt 0.485600 0.805200
vt 0.486200 0.792600
vt 0.487700 0.799000
vt 0.489600 0.799200
vt 0.487800 0.792600
vt 0.489600 0.792700
vt 0.489400 0.805700
vt 0.487900 0.786600
vt 0.486300 0.786600
vt 0.489600 0.786500
vt 0.491500 0.786500
vt 0.491500 0.792800
vt 0.491500 0.799400
vt 0.491400 0.805900
vt 0.484200 0.824100
vt 0.485800 0.830700
vt 0.483700 0.830400
vt 0.484800 0.817900
vt 0.486300 0.824500
vt 0.488400 0.824800
vt 0.486800 0.818200
vt 0.488800 0.818500
vt 0.488000 0.831100
vt 0.487200 0.811900
vt 0.485200 0.811600
vt 0.489200 0.812100
vt 0.491200 0.812400
vt 0.490900 0.818800
vt 0.490600 0.825100
vt 0.490200 0.831400
vt 0.482200 0.848900
vt 0.482600 0.842700
vt 0.484500 0.849300
vt 0.486900 0.849700
vt 0.484900 0.843100
vt 0.487200 0.843500
vt 0.485300 0.836900
vt 0.483100 0.836500
vt 0.487600 0.837300
vt 0.489900 0.837600
vt 0.489600 0.843900
vt 0.489300 0.850100
vt 0.495100 0.959100
vt 0.494200 0.954600
vt 0.495900 0.963100
vt 0.494700 0.962700
vt 0.493700 0.958600
vt 0.492700 0.954100
vt 0.496800 0.966700
vt 0.495700 0.966300
vt 0.494700 0.966000
vt 0.493500 0.962300
vt 0.493800 0.965600
vt 0.492400 0.961900
vt 0.491200 0.953600
vt 0.491100 0.957700
vt 0.489800 0.953100
vt 0.492300 0.958200
vt 0.492000 0.938400
vt 0.491400 0.932500
vt 0.492700 0.944100
vt 0.490800 0.943600
vt 0.490000 0.937900
vt 0.489200 0.931900
vt 0.493400 0.949600
vt 0.491700 0.949000
vt 0.490100 0.948500
vt 0.489000 0.943000
vt 0.488500 0.948000
vt 0.487300 0.942500
vt 0.487100 0.931300
vt 0.486200 0.936700
vt 0.485200 0.930800
vt 0.488000 0.937300
vt 0.489900 0.914200
vt 0.489500 0.907900
vt 0.490300 0.920400
vt 0.488000 0.919800
vt 0.487600 0.913700
vt 0.487200 0.907400
vt 0.490800 0.926500
vt 0.488600 0.925900
vt 0.486400 0.925300
vt 0.485800 0.919300
vt 0.484400 0.924800
vt 0.483700 0.918700
vt 0.484900 0.906900
vt 0.483200 0.912600
vt 0.482700 0.906300
vt 0.485300 0.913100
vt 0.488800 0.888700
vt 0.489000 0.895200
vt 0.486600 0.894700
vt 0.486400 0.888200
vt 0.489200 0.901600
vt 0.486900 0.901100
vt 0.484500 0.900600
vt 0.484300 0.894200
vt 0.482300 0.900000
vt 0.482000 0.893600
vt 0.481800 0.887200
vt 0.484100 0.887700
vt 0.482400 0.782100
vt 0.481300 0.782400
vt 0.482600 0.777900
vt 0.483800 0.777400
vt 0.482600 0.774600
vt 0.483700 0.773800
vt 0.483700 0.781700
vt 0.482300 0.772100
vt 0.483400 0.771000
vt 0.484700 0.769900
vt 0.484900 0.773000
vt 0.485000 0.776900
vt 0.485000 0.781500
vt 0.479400 0.798500
vt 0.480300 0.804700
vt 0.478600 0.804600
vt 0.480200 0.792600
vt 0.481000 0.798600
vt 0.482600 0.798600
vt 0.481600 0.792600
vt 0.483100 0.792600
vt 0.482100 0.804900
vt 0.482100 0.787000
vt 0.480900 0.787200
vt 0.483400 0.786900
vt 0.484800 0.786700
vt 0.484600 0.792600
vt 0.484200 0.798700
vt 0.483800 0.805100
vt 0.476000 0.822900
vt 0.477400 0.829300
vt 0.475200 0.829000
vt 0.476900 0.816800
vt 0.478200 0.823200
vt 0.480200 0.823500
vt 0.478900 0.817100
vt 0.480900 0.817300
vt 0.479500 0.829700
vt 0.479600 0.810900
vt 0.477700 0.810700
vt 0.481500 0.811100
vt 0.483400 0.811300
vt 0.482800 0.817600
vt 0.482200 0.823800
vt 0.481600 0.830000
vt 0.473100 0.847300
vt 0.473700 0.841200
vt 0.475500 0.847700
vt 0.477700 0.848100
vt 0.476000 0.841500
vt 0.478300 0.841900
vt 0.476700 0.835400
vt 0.474400 0.835100
vt 0.478900 0.835800
vt 0.481000 0.836200
vt 0.480400 0.842300
vt 0.480000 0.848500
vt 0.489900 0.957400
vt 0.488500 0.952700
vt 0.491400 0.961500
vt 0.490400 0.961200
vt 0.488800 0.957100
vt 0.487200 0.952400
vt 0.492800 0.965200
vt 0.492000 0.965000
vt 0.491200 0.964900
vt 0.489400 0.961100
vt 0.490400 0.964900
vt 0.488400 0.961100
vt 0.486000 0.952200
vt 0.486500 0.956900
vt 0.484600 0.952200
vt 0.487700 0.956900
vt 0.484400 0.936200
vt 0.483300 0.930200
vt 0.485700 0.942000
vt 0.484200 0.941700
vt 0.482800 0.935800
vt 0.481600 0.929800
vt 0.487100 0.947600
vt 0.485700 0.947200
vt 0.484300 0.947000
vt 0.482600 0.941400
vt 0.482800 0.947000
vt 0.481000 0.941400
vt 0.479800 0.929500
vt 0.479300 0.935400
vt 0.477800 0.929400
vt 0.481100 0.935500
vt 0.481100 0.912100
vt 0.480600 0.905800
vt 0.481700 0.918200
vt 0.479700 0.917700
vt 0.479100 0.911600
vt 0.478500 0.905400
vt 0.482400 0.924200
vt 0.480600 0.923800
vt 0.478600 0.923500
vt 0.477700 0.917400
vt 0.476600 0.923300
vt 0.475600 0.917200
vt 0.476400 0.905100
vt 0.474800 0.911100
vt 0.474100 0.904800
vt 0.477000 0.911300
vt 0.479600 0.886700
vt 0.479900 0.893200
vt 0.477700 0.892700
vt 0.477400 0.886300
vt 0.480200 0.899500
vt 0.478100 0.899100
vt 0.475900 0.898700
vt 0.475500 0.892300
vt 0.473500 0.898500
vt 0.473100 0.892100
vt 0.472700 0.885600
vt 0.475100 0.885900
vt 0.478800 0.792600
vt 0.477800 0.798400
vt 0.476700 0.804400
vt 0.475700 0.810500
vt 0.474800 0.816600
vt 0.462100 0.846200
vt 0.465000 0.846500
vt 0.467900 0.846800
vt 0.471200 0.840900
vt 0.470600 0.847000
vt 0.485300 0.957100
vt 0.483200 0.952400
vt 0.487400 0.961300
vt 0.486300 0.961800
vt 0.484000 0.957600
vt 0.481700 0.952900
vt 0.489500 0.965100
vt 0.488600 0.965500
vt 0.486900 0.966900
vt 0.484100 0.963000
vt 0.487700 0.966100
vt 0.485200 0.962400
vt 0.478500 0.955300
vt 0.482700 0.958300
vt 0.481300 0.959200
vt 0.480100 0.953700
vt 0.477400 0.935600
vt 0.475700 0.929500
vt 0.479200 0.941500
vt 0.477300 0.941900
vt 0.475200 0.935900
vt 0.473400 0.929700
vt 0.481200 0.947200
vt 0.479400 0.947600
vt 0.475800 0.949100
vt 0.473200 0.942900
vt 0.477700 0.948300
vt 0.475300 0.942400
vt 0.467900 0.930500
vt 0.472900 0.936300
vt 0.470500 0.936700
vt 0.470900 0.930100
vt 0.472300 0.911000
vt 0.471600 0.904700
vt 0.473200 0.917200
vt 0.470700 0.917400
vt 0.469700 0.911100
vt 0.468800 0.904800
vt 0.474400 0.923400
vt 0.471900 0.923600
vt 0.466600 0.924200
vt 0.465300 0.917900
vt 0.469300 0.923900
vt 0.468000 0.917600
vt 0.462600 0.905300
vt 0.466800 0.911300
vt 0.463900 0.911600
vt 0.465900 0.905000
vt 0.470100 0.885400
vt 0.470400 0.891900
vt 0.467600 0.891800
vt 0.467200 0.885300
vt 0.470900 0.898400
vt 0.468100 0.898400
vt 0.462100 0.898600
vt 0.461700 0.891800
vt 0.465200 0.898400
vt 0.464700 0.891800
vt 0.464200 0.885200
vt 0.461200 0.885100
vt 0.509400 0.976800
vt 0.512700 0.973800
vt 0.495500 0.975100
vt 0.496300 0.976900
vt 0.502800 0.976000
vt 0.503800 0.977100
vt 0.501900 0.977100
s 1
usemtl Australian_Cattle_Dog
f 5/1/1 7/2/2 4/3/3
f 8/4/4 10/5/5 11/6/6
f 13/7/7 9/8/8 12/9/9
f 7/10/2 15/11/10 4/12/3
f 12/9/9 14/13/11 13/7/7
f 11/6/6 17/14/12 8/4/4
f 20/15/13 26/16/14 27/17/15
f 28/18/16 21/19/17 19/20/18
f 29/21/19 26/16/14 28/18/16
f 27/17/15 30/22/20 31/23/21
f 2/24/22 18/25/23 1/26/24
f 3/27/25 32/28/26 2/24/22
f 28/18/16 33/29/27 29/21/19
f 19/20/18 32/28/26 28/18/16
f 4/3/3 35/30/28 5/1/1
f 37/31/29 34/32/30 36/33/31
f 29/21/19 35/30/28 37/31/29
f 5/1/1 33/29/27 3/27/25
f 39/34/32 41/35/33 38/36/34
f 31/23/21 40/37/35 39/34/32
f 37/31/29 30/22/20 29/21/19
f 36/33/31 40/37/35 37/31/29
f 45/38/36 42/39/37 44/40/38
f 43/41/39 46/42/40 47/43/41
f 44/40/38 49/44/42 45/38/36
f 38/36/34 51/45/43 39/34/32
f 53/46/44 50/47/45 52/48/46
f 45/38/36 51/45/43 53/46/44
f 39/34/32 49/44/42 31/23/21
f 55/49/47 57/50/48 54/51/49
f 47/43/41 56/52/50 55/49/47
f 53/46/44 46/42/40 45/38/36
f 52/48/46 56/52/50 53/46/44
f 22/53/51 58/54/52 59/55/53
f 61/56/54 58/54/52 60/57/55
f 59/55/53 62/58/56 63/59/57
f 47/43/41 64/60/58 43/41/39
f 60/57/55 65/61/59 61/56/54
f 54/51/49 67/62/60 55/49/47
f 69/63/61 66/64/62 68/65/63
f 61/56/54 67/62/60 69/63/61
f 55/49/47 65/61/59 47/43/41
f 71/66/64 73/67/65 70/68/66
f 63/59/57 72/69/67 71/66/64
f 69/63/61 62/58/56 61/56/54
f 68/65/63 72/69/67 69/63/61
f 59/55/53 24/70/68 22/53/51
f 63/59/57 76/71/69 59/55/53
f 74/72/70 77/73/71 75/74/72
f 25/75/73 76/71/69 74/72/70
f 70/68/66 79/76/74 71/66/64
f 81/77/75 78/78/76 80/79/77
f 75/74/72 79/76/74 81/77/75
f 71/66/64 77/73/71 63/59/57
f 41/80/33 86/81/78 38/82/34
f 36/83/31 85/84/79 41/80/33
f 89/85/80 87/86/81 88/87/82
f 90/88/83 85/84/79 89/85/80
f 4/12/3 91/89/84 34/90/30
f 92/91/85 15/11/10 12/9/9
f 88/87/82 91/89/84 92/91/85
f 34/90/30 87/86/81 36/83/31
f 84/92/86 9/8/8 8/4/4
f 83/93/87 93/94/88 84/92/86
f 92/91/85 94/95/89 88/87/82
f 12/9/9 93/94/88 92/91/85
f 89/85/80 95/96/90 90/88/83
f 88/87/82 96/97/91 89/85/80
f 82/98/92 94/95/89 83/93/87
f 57/99/48 98/100/93 54/101/49
f 52/102/46 97/103/94 57/99/48
f 101/104/95 99/105/96 100/106/97
f 102/107/98 97/103/94 101/104/95
f 38/82/34 103/108/99 50/109/45
f 104/110/100 86/81/78 90/88/83
f 50/109/45 99/105/96 52/102/46
f 90/88/83 105/111/101 104/110/100
f 73/112/65 107/113/102 70/114/66
f 68/115/63 106/116/103 73/112/65
f 110/117/104 108/118/105 109/119/106
f 111/120/107 106/116/103 110/117/104
f 54/101/49 112/121/108 66/122/62
f 113/123/109 98/100/93 102/107/98
f 109/119/106 112/121/108 113/123/109
f 66/122/62 108/118/105 68/115/63
f 110/117/104 115/124/110 111/120/107
f 109/119/106 116/125/111 110/117/104
f 70/114/66 119/126/112 78/127/76
f 120/128/113 107/113/102 111/120/107
f 118/129/114 119/126/112 120/128/113
f 78/127/76 117/130/115 80/131/77
f 111/120/107 121/132/116 120/128/113
f 123/133/117 125/134/118 122/135/119
f 126/136/120 124/137/121 123/133/117
f 129/138/122 127/139/123 128/140/124
f 130/141/125 132/142/126 133/143/127
f 135/144/128 131/145/129 134/146/130
f 128/140/124 132/142/126 135/144/128
f 133/143/127 127/139/123 126/136/120
f 136/147/131 138/148/132 139/149/133
f 128/140/124 138/148/132 129/138/122
f 139/149/133 135/144/128 134/146/130
f 140/150/134 142/151/135 122/135/119
f 145/152/136 143/153/137 144/154/138
f 142/151/135 145/152/136 146/155/139
f 147/156/140 149/157/141 150/158/142
f 152/159/143 148/160/144 151/161/145
f 144/154/138 149/157/141 152/159/143
f 154/162/146 156/163/147 153/164/148
f 146/155/139 155/165/149 154/162/146
f 144/154/138 155/165/149 145/152/136
f 151/161/145 155/165/149 152/159/143
f 153/164/148 158/166/150 154/162/146
f 160/167/151 157/168/152 159/169/153
f 161/170/154 158/166/150 160/167/151
f 154/162/146 162/171/155 146/155/139
f 164/172/156 166/173/157 163/174/158
f 167/175/159 165/176/160 164/172/156
f 161/170/154 165/176/160 168/177/161
f 159/169/153 165/176/160 160/167/151
f 142/151/135 170/178/162 122/135/119
f 146/155/139 169/179/163 142/151/135
f 168/177/161 162/171/155 161/170/154
f 167/175/159 169/179/163 168/177/161
f 163/174/158 172/180/164 164/172/156
f 174/181/165 171/182/166 173/183/167
f 175/184/168 172/180/164 174/181/165
f 164/172/156 176/185/169 167/175/159
f 133/143/127 178/186/170 130/141/125
f 179/187/171 133/143/127 126/136/120
f 175/184/168 177/188/172 179/187/171
f 173/183/167 177/188/172 174/181/165
f 170/178/162 123/133/117 122/135/119
f 167/175/159 180/189/173 170/178/162
f 179/187/171 176/185/169 175/184/168
f 126/136/120 180/189/173 179/187/171
f 181/26/174 183/190/175 184/24/176
f 184/24/176 185/191/177 186/27/178
f 186/27/178 189/192/179 188/1/180
f 190/193/181 192/194/182 193/195/183
f 193/195/183 194/196/184 195/197/185
f 196/198/186 182/199/187 181/26/174
f 195/197/185 197/200/188 196/198/186
f 198/201/189 200/202/190 201/203/191
f 201/203/191 202/204/192 203/205/193
f 204/206/194 191/207/195 190/193/181
f 203/205/193 205/208/196 204/206/194
f 206/209/197 208/210/198 209/211/199
f 209/211/199 210/212/200 211/213/201
f 212/214/202 199/215/203 198/201/189
f 211/213/201 213/216/204 212/214/202
f 214/217/205 216/218/206 217/219/207
f 219/220/208 215/221/209 218/222/210
f 220/223/211 216/218/206 219/220/208
f 217/219/207 221/224/212 222/225/213
f 224/226/214 226/227/215 223/228/216
f 227/229/217 225/230/218 224/226/214
f 219/220/208 228/231/219 220/223/211
f 218/222/210 225/230/218 219/220/208
f 229/232/220 231/233/221 232/234/222
f 234/235/223 230/236/224 233/237/225
f 220/223/211 231/233/221 234/235/223
f 232/234/222 228/231/219 227/229/217
f 236/238/226 238/239/227 235/240/228
f 222/225/213 237/241/229 236/238/226
f 234/235/223 221/224/212 220/223/211
f 233/237/225 237/241/229 234/235/223
f 235/240/228 239/242/230 240/243/231
f 241/244/232 238/239/227 233/237/225
f 242/245/233 239/242/230 241/244/232
f 240/243/231 243/246/234 244/247/235
f 245/248/236 230/236/224 229/232/220
f 247/249/237 246/250/238 245/248/236
f 241/244/232 248/251/239 242/245/233
f 233/237/225 246/250/238 241/244/232
f 249/252/240 251/253/241 252/254/242
f 254/255/243 250/256/244 253/257/245
f 242/245/233 251/253/241 254/255/243
f 252/254/242 248/251/239 247/249/237
f 256/258/246 258/259/247 255/260/248
f 244/247/235 257/261/249 256/258/246
f 254/255/243 243/246/234 242/245/233
f 253/257/245 257/261/249 254/255/243
f 255/260/248 259/262/250 260/263/251
f 261/264/252 258/259/247 253/257/245
f 262/265/253 259/262/250 261/264/252
f 264/266/254 259/262/250 263/267/255
f 265/268/256 250/256/244 249/252/240
f 267/269/257 266/270/258 265/268/256
f 261/264/252 268/271/259 262/265/253
f 253/257/245 266/270/258 261/264/252
f 269/272/260 271/273/261 272/274/262
f 274/275/263 270/276/264 273/277/265
f 262/265/253 271/273/261 274/275/263
f 272/274/262 268/271/259 267/269/257
f 275/278/266 277/279/267 278/280/268
f 263/267/255 276/281/269 264/266/254
f 274/275/263 263/267/255 262/265/253
f 278/280/268 274/275/263 273/277/265
f 278/280/268 280/282/270 275/278/266
f 273/277/265 279/283/271 278/280/268
f 283/284/272 281/285/273 282/286/274
f 284/287/275 279/283/271 283/284/272
f 269/272/260 286/288/276 270/276/264
f 288/289/277 285/290/278 287/291/279
f 282/286/274 286/288/276 288/289/277
f 270/276/264 281/285/273 273/277/265
f 290/292/280 292/293/281 289/294/282
f 293/295/283 291/296/284 290/292/280
f 288/289/277 294/297/285 282/286/274
f 287/291/279 291/296/284 288/289/277
f 295/298/286 297/299/287 298/300/288
f 283/284/272 296/301/289 284/287/275
f 282/286/274 297/299/287 283/284/272
f 298/300/288 294/297/285 293/295/283
f 136/302/131 300/303/290 137/304/291
f 302/305/292 299/306/293 301/307/294
f 304/308/295 306/309/296 307/310/297
f 309/311/298 305/312/299 308/313/300
f 303/314/301 306/309/296 309/311/298
f 307/310/297 302/305/292 301/307/294
f 125/315/118 311/316/302 122/135/119
f 308/313/300 310/317/303 309/311/298
f 313/318/304 315/319/305 312/320/306
f 316/321/307 314/322/308 313/318/304
f 318/323/309 314/322/308 317/324/310
f 320/325/311 314/322/308 319/326/312
f 147/156/140 321/327/313 322/328/314
f 318/323/309 321/327/313 323/329/315
f 322/328/314 317/324/310 316/321/307
f 324/330/316 140/150/134 122/135/119
f 319/326/312 324/330/316 320/325/311
f 323/329/315 319/326/312 318/323/309
f 326/331/317 324/330/316 122/135/119
f 328/332/318 327/333/319 326/331/317
f 331/334/320 329/335/321 330/336/322
f 320/325/311 327/333/319 331/334/320
f 333/337/323 335/338/324 332/339/325
f 336/340/326 334/341/327 333/337/323
f 330/336/322 334/341/327 337/342/328
f 328/332/318 334/341/327 329/335/321
f 312/320/306 338/343/329 339/344/330
f 331/334/320 315/319/305 320/325/311
f 330/336/322 338/343/329 331/334/320
f 339/344/330 337/342/328 336/340/326
f 311/316/302 326/331/317 122/135/119
f 308/313/300 340/345/331 311/316/302
f 343/346/332 341/347/333 342/348/334
f 328/332/318 340/345/331 343/346/332
f 344/349/335 305/312/299 304/308/295
f 346/350/336 345/351/337 344/349/335
f 342/348/334 345/351/337 347/352/338
f 305/312/299 341/347/333 308/313/300
f 332/339/325 348/353/339 349/354/340
f 343/346/332 335/338/324 328/332/318
f 342/348/334 348/353/339 343/346/332
f 349/354/340 347/352/338 346/350/336
f 352/355/341 354/356/342 355/357/343
f 357/358/344 353/359/345 356/360/346
f 356/360/346 358/361/347 357/358/344
f 360/362/348 362/363/349 363/364/350
f 365/365/351 361/366/352 364/367/353
f 355/357/343 367/368/354 352/355/341
f 364/367/353 366/369/355 365/365/351
f 206/209/197 369/370/356 207/371/357
f 371/372/358 368/373/359 370/374/360
f 363/364/350 373/375/361 360/362/348
f 370/374/360 372/376/362 371/372/358
f 375/377/363 377/378/364 374/379/365
f 378/380/366 376/381/367 375/377/363
f 381/382/368 379/383/369 380/384/370
f 377/378/364 381/382/368 382/385/371
f 383/386/372 385/387/373 386/388/374
f 388/389/375 384/390/376 387/391/377
f 380/384/370 385/387/373 388/389/375
f 386/388/374 379/383/369 378/380/366
f 223/228/216 389/392/378 390/393/379
f 391/394/380 226/227/215 218/222/210
f 388/389/375 391/394/380 380/384/370
f 387/391/377 389/392/378 388/389/375
f 392/395/381 215/221/209 214/217/205
f 382/385/371 393/396/382 392/395/381
f 391/394/380 381/382/368 380/384/370
f 218/222/210 393/396/382 391/394/380
f 395/397/383 397/398/384 394/399/385
f 398/400/386 396/401/387 395/397/383
f 401/402/388 399/403/389 400/404/390
f 402/405/391 396/401/387 401/402/388
f 403/406/392 405/407/393 406/408/394
f 408/409/395 404/410/396 407/411/397
f 400/404/390 405/407/393 408/409/395
f 406/408/394 399/403/389 398/400/386
f 386/388/374 410/412/398 383/386/372
f 378/380/366 409/413/399 386/388/374
f 408/409/395 411/414/400 400/404/390
f 407/411/397 409/413/399 408/409/395
f 374/379/365 413/415/401 375/377/363
f 401/402/388 412/416/402 402/405/391
f 400/404/390 413/415/401 401/402/388
f 375/377/363 411/414/400 378/380/366
f 414/417/403 416/418/404 417/419/405
f 418/420/406 416/418/404 415/421/407
f 421/422/408 419/423/409 420/424/410
f 417/419/405 421/422/408 422/425/411
f 423/426/412 425/427/413 426/428/414
f 428/429/415 424/430/416 427/431/417
f 420/424/410 425/427/413 428/429/415
f 426/428/414 419/423/409 418/420/406
f 406/408/394 430/432/418 403/406/392
f 398/400/386 429/433/419 406/408/394
f 428/429/415 431/434/420 420/424/410
f 427/431/417 429/433/419 428/429/415
f 394/399/385 433/435/421 395/397/383
f 421/422/408 432/436/422 422/425/411
f 420/424/410 433/435/421 421/422/408
f 395/397/383 431/434/420 398/400/386
f 298/437/288 435/438/423 295/439/286
f 293/440/283 434/441/424 298/437/288
f 438/442/425 436/443/426 437/444/427
f 439/445/428 434/441/424 438/442/425
f 289/446/282 441/447/429 290/448/280
f 443/449/430 440/450/431 442/451/432
f 437/444/427 441/447/429 443/449/430
f 290/448/280 436/443/426 293/440/283
f 426/428/414 445/452/433 423/426/412
f 418/420/406 444/453/434 426/428/414
f 443/449/430 446/454/435 437/444/427
f 442/451/432 444/453/434 443/449/430
f 447/455/436 415/421/407 414/417/403
f 439/445/428 448/456/437 447/455/436
f 437/444/427 448/456/437 438/442/425
f 415/421/407 446/454/435 418/420/406
f 449/457/438 451/458/439 452/459/440
f 454/460/441 450/461/442 453/462/443
f 455/463/444 451/458/439 454/460/441
f 452/459/440 456/464/445 457/465/446
f 209/211/199 459/466/447 206/209/197
f 211/213/201 458/467/448 209/211/199
f 454/460/441 460/468/449 455/463/444
f 453/462/443 458/467/448 454/460/441
f 198/201/189 462/469/450 212/214/202
f 464/470/451 461/471/452 463/472/453
f 455/463/444 462/469/450 464/470/451
f 212/214/202 460/468/449 211/213/201
f 466/473/454 468/474/455 465/475/456
f 457/465/446 467/476/457 466/473/454
f 464/470/451 456/464/445 455/463/444
f 463/472/453 467/476/457 464/470/451
f 469/477/458 471/478/459 472/479/460
f 474/480/461 470/481/462 473/482/463
f 475/483/464 471/478/459 474/480/461
f 472/479/460 476/484/465 477/485/466
f 452/459/440 479/486/467 449/457/438
f 457/465/446 478/487/468 452/459/440
f 474/480/461 480/488/469 475/483/464
f 473/482/463 478/487/468 474/480/461
f 465/475/456 482/489/470 466/473/454
f 484/490/471 481/491/472 483/492/473
f 475/483/464 482/489/470 484/490/471
f 466/473/454 480/488/469 457/465/446
f 486/493/474 488/494/475 485/495/476
f 477/485/466 487/496/477 486/493/474
f 484/490/471 476/484/465 475/483/464
f 483/492/473 487/496/477 484/490/471
f 489/497/478 491/498/479 492/499/480
f 494/500/481 490/501/482 493/502/483
f 495/503/484 491/498/479 494/500/481
f 492/499/480 496/504/485 497/505/486
f 472/479/460 499/506/487 469/477/458
f 477/485/466 498/507/488 472/479/460
f 494/500/481 500/508/489 495/503/484
f 493/502/483 498/507/488 494/500/481
f 485/495/476 502/509/490 486/493/474
f 504/510/491 501/511/492 503/512/493
f 495/503/484 502/509/490 504/510/491
f 486/493/474 500/508/489 477/485/466
f 506/513/494 508/514/495 505/515/496
f 497/505/486 507/516/497 506/513/494
f 504/510/491 496/504/485 495/503/484
f 503/512/493 507/516/497 504/510/491
f 223/228/216 510/517/498 224/226/214
f 512/518/499 509/519/500 511/520/501
f 513/521/502 510/517/498 512/518/499
f 224/226/214 514/522/503 227/229/217
f 492/499/480 516/523/504 489/497/478
f 497/505/486 515/524/505 492/499/480
f 512/518/499 517/525/506 513/521/502
f 511/520/501 515/524/505 512/518/499
f 505/515/496 519/526/507 506/513/494
f 521/527/508 518/528/509 520/529/510
f 513/521/502 519/526/507 521/527/508
f 506/513/494 517/525/506 497/505/486
f 232/234/222 523/530/511 229/232/220
f 227/229/217 522/531/512 232/234/222
f 521/527/508 514/522/503 513/521/502
f 520/529/510 522/531/512 521/527/508
f 525/532/513 527/533/514 524/534/515
f 528/535/516 526/536/517 525/532/513
f 531/537/518 529/538/519 530/539/520
f 532/540/521 526/536/517 531/537/518
f 153/164/148 533/541/522 534/542/523
f 535/543/524 156/163/147 151/161/145
f 530/539/520 533/541/522 535/543/524
f 534/542/523 529/538/519 528/535/516
f 536/544/525 148/160/144 147/156/140
f 538/545/526 537/546/527 536/544/525
f 535/543/524 539/547/528 530/539/520
f 151/161/145 537/546/527 535/543/524
f 541/548/529 543/549/530 540/550/531
f 531/537/518 541/548/529 532/540/521
f 530/539/520 542/551/532 531/537/518
f 543/549/530 539/547/528 538/545/526
f 545/552/533 547/553/534 544/554/535
f 548/555/536 546/556/537 545/552/533
f 551/557/538 549/558/539 550/559/540
f 552/560/541 546/556/537 551/557/538
f 524/534/515 553/561/542 554/562/543
f 555/563/544 527/533/514 532/540/521
f 550/559/540 553/561/542 555/563/544
f 554/562/543 549/558/539 548/555/536
f 540/550/531 557/564/545 541/548/529
f 559/565/546 556/566/547 558/567/548
f 555/563/544 559/565/546 550/559/540
f 532/540/521 557/564/545 555/563/544
f 561/568/549 563/569/550 560/570/551
f 552/560/541 562/571/552 561/568/549
f 559/565/546 551/557/538 550/559/540
f 558/567/548 562/571/552 559/565/546
f 565/572/553 567/573/554 564/574/555
f 568/575/556 566/576/557 565/572/553
f 571/577/558 569/578/559 570/579/560
f 572/580/561 566/576/557 571/577/558
f 544/554/535 573/581/562 574/582/563
f 575/583/564 547/553/534 552/560/541
f 570/579/560 573/581/562 575/583/564
f 574/582/563 569/578/559 568/575/556
f 560/570/551 577/584/565 561/568/549
f 579/585/566 576/586/567 578/587/568
f 570/579/560 577/584/565 579/585/566
f 561/568/549 575/583/564 552/560/541
f 581/588/569 583/589/570 580/590/571
f 572/580/561 582/591/572 581/588/569
f 579/585/566 571/577/558 570/579/560
f 578/587/568 582/591/572 579/585/566
f 235/240/228 585/592/573 236/238/226
f 587/593/574 584/594/575 586/595/576
f 588/596/577 585/592/573 587/593/574
f 236/238/226 589/597/578 222/225/213
f 564/574/555 590/598/579 591/599/580
f 572/580/561 590/598/579 567/573/554
f 587/593/574 592/600/581 588/596/577
f 591/599/580 587/593/574 586/595/576
f 580/590/571 594/601/582 581/588/569
f 596/602/583 593/603/584 595/604/585
f 588/596/577 594/601/582 596/602/583
f 581/588/569 592/600/581 572/580/561
f 217/219/207 598/605/586 214/217/205
f 222/225/213 597/606/587 217/219/207
f 596/602/583 589/597/578 588/596/577
f 595/604/585 597/606/587 596/602/583
f 465/475/456 599/607/588 600/608/589
f 601/609/590 468/474/455 463/472/453
f 602/610/591 599/607/588 601/609/590
f 600/608/589 603/611/592 604/612/593
f 201/203/191 461/471/452 198/201/189
f 203/205/193 605/613/594 201/203/191
f 601/609/590 606/614/595 602/610/591
f 463/472/453 605/613/594 601/609/590
f 190/193/181 608/615/596 204/206/194
f 610/616/597 607/617/598 609/618/599
f 602/610/591 608/615/596 610/616/597
f 204/206/194 606/614/595 203/205/193
f 612/619/600 614/620/601 611/621/602
f 604/612/593 613/622/603 612/619/600
f 610/616/597 603/611/592 602/610/591
f 609/618/599 613/622/603 610/616/597
f 485/495/476 615/623/604 616/624/605
f 617/625/606 488/494/475 483/492/473
f 618/626/607 615/623/604 617/625/606
f 616/624/605 619/627/608 620/628/609
f 600/608/589 481/491/472 465/475/456
f 604/612/593 621/629/610 600/608/589
f 617/625/606 622/630/611 618/626/607
f 483/492/473 621/629/610 617/625/606
f 611/621/602 624/631/612 612/619/600
f 626/632/613 623/633/614 625/634/615
f 618/626/607 624/631/612 626/632/613
f 612/619/600 622/630/611 604/612/593
f 628/635/616 630/636/617 627/637/618
f 620/628/609 629/638/619 628/635/616
f 626/632/613 619/627/608 618/626/607
f 625/634/615 629/638/619 626/632/613
f 505/515/496 631/639/620 632/640/621
f 633/641/622 508/514/495 503/512/493
f 634/642/623 631/639/620 633/641/622
f 632/640/621 635/643/624 636/644/625
f 616/624/605 501/511/492 485/495/476
f 620/628/609 637/645/626 616/624/605
f 633/641/622 638/646/627 634/642/623
f 503/512/493 637/645/626 633/641/622
f 627/637/618 640/647/628 628/635/616
f 642/648/629 639/649/630 641/650/631
f 634/642/623 640/647/628 642/648/629
f 628/635/616 638/646/627 620/628/609
f 644/651/632 646/652/633 643/653/634
f 636/644/625 645/654/635 644/651/632
f 642/648/629 635/643/624 634/642/623
f 641/650/631 645/654/635 642/648/629
f 229/232/220 647/655/636 245/248/236
f 648/656/637 523/530/511 520/529/510
f 649/657/638 647/655/636 648/656/637
f 245/248/236 650/658/639 247/249/237
f 632/640/621 518/528/509 505/515/496
f 636/644/625 651/659/640 632/640/621
f 648/656/637 652/660/641 649/657/638
f 520/529/510 651/659/640 648/656/637
f 643/653/634 654/661/642 644/651/632
f 656/662/643 653/663/644 655/664/645
f 649/657/638 654/661/642 656/662/643
f 644/651/632 652/660/641 636/644/625
f 252/254/242 658/665/646 249/252/240
f 247/249/237 657/666/647 252/254/242
f 656/662/643 650/658/639 649/657/638
f 655/664/645 657/666/647 656/662/643
f 660/667/648 662/668/649 659/669/650
f 663/670/651 661/671/652 660/667/648
f 666/672/653 664/673/654 665/674/655
f 667/675/656 661/671/652 666/672/653
f 163/174/158 668/676/657 669/677/658
f 670/678/659 166/173/157 159/169/153
f 665/674/655 668/676/657 670/678/659
f 669/677/658 664/673/654 663/670/651
f 534/542/523 157/168/152 153/164/148
f 528/535/516 671/679/660 534/542/523
f 670/678/659 672/680/661 665/674/655
f 159/169/153 671/679/660 670/678/659
f 524/534/515 674/681/662 525/532/513
f 666/672/653 673/682/663 667/675/656
f 665/674/655 674/681/662 666/672/653
f 525/532/513 672/680/661 528/535/516
f 676/683/664 678/684/665 675/685/666
f 679/686/667 677/687/668 676/683/664
f 682/688/669 680/689/670 681/690/671
f 683/691/672 677/687/668 682/688/669
f 659/669/650 684/692/673 685/693/674
f 686/694/675 662/668/649 667/675/656
f 681/690/671 684/692/673 686/694/675
f 685/693/674 680/689/670 679/686/667
f 554/562/543 673/682/663 524/534/515
f 548/555/536 687/695/676 554/562/543
f 686/694/675 688/696/677 681/690/671
f 667/675/656 687/695/676 686/694/675
f 544/554/535 690/697/678 545/552/533
f 682/688/669 689/698/679 683/691/672
f 681/690/671 690/697/678 682/688/669
f 545/552/533 688/696/677 548/555/536
f 692/699/680 694/700/681 691/701/682
f 695/702/683 693/703/684 692/699/680
f 698/704/685 696/705/686 697/706/687
f 699/707/688 693/703/684 698/704/685
f 675/685/666 700/708/689 701/709/690
f 702/710/691 678/684/665 683/691/672
f 697/706/687 700/708/689 702/710/691
f 701/709/690 696/705/686 695/702/683
f 574/582/563 689/698/679 544/554/535
f 568/575/556 703/711/692 574/582/563
f 702/710/691 704/712/693 697/706/687
f 683/691/672 703/711/692 702/710/691
f 564/574/555 706/713/694 565/572/553
f 698/704/685 705/714/695 699/707/688
f 697/706/687 706/713/694 698/704/685
f 565/572/553 704/712/693 568/575/556
f 707/715/696 256/258/246 255/260/248
f 709/716/697 708/717/698 707/715/696
f 712/718/699 710/719/700 711/720/701
f 256/258/246 712/718/699 244/247/235
f 691/701/682 713/721/702 714/722/703
f 715/723/704 694/700/681 699/707/688
f 711/720/701 713/721/702 715/723/704
f 714/722/703 710/719/700 709/716/697
f 591/599/580 705/714/695 564/574/555
f 586/595/576 716/724/705 591/599/580
f 715/723/704 717/725/706 711/720/701
f 699/707/688 716/724/705 715/723/704
f 240/243/231 584/594/575 235/240/228
f 244/247/235 718/726/707 240/243/231
f 711/720/701 718/726/707 712/718/699
f 586/595/576 718/726/707 717/725/706
f 611/621/602 719/727/708 720/728/709
f 721/729/710 614/620/601 609/618/599
f 722/730/711 719/727/708 721/729/710
f 720/728/709 723/731/712 724/732/713
f 193/195/183 607/617/598 190/193/181
f 195/197/185 725/733/714 193/195/183
f 721/729/710 726/734/715 722/730/711
f 609/618/599 725/733/714 721/729/710
f 181/26/174 728/735/716 196/198/186
f 730/736/717 727/25/718 729/20/719
f 722/730/711 728/735/716 730/736/717
f 196/198/186 726/734/715 195/197/185
f 732/737/720 734/19/721 731/15/722
f 724/732/713 733/738/723 732/737/720
f 730/736/717 723/731/712 722/730/711
f 729/20/719 733/738/723 730/736/717
f 627/637/618 735/739/724 736/740/725
f 737/741/726 630/636/617 625/634/615
f 738/742/727 735/739/724 737/741/726
f 736/740/725 739/743/728 740/744/729
f 720/728/709 623/633/614 611/621/602
f 724/732/713 741/745/730 720/728/709
f 737/741/726 742/746/731 738/742/727
f 625/634/615 741/745/730 737/741/726
f 731/15/722 744/747/732 732/737/720
f 746/748/733 743/749/734 745/750/735
f 738/742/727 744/747/732 746/748/733
f 732/737/720 742/746/731 724/732/713
f 748/751/736 750/752/737 747/753/738
f 740/744/729 749/754/739 748/751/736
f 746/748/733 739/743/728 738/742/727
f 745/750/735 749/754/739 746/748/733
f 643/653/634 751/755/740 752/756/741
f 753/757/742 646/652/633 641/650/631
f 754/758/743 751/755/740 753/757/742
f 752/756/741 755/759/744 756/760/745
f 736/740/725 639/649/630 627/637/618
f 740/744/729 757/761/746 736/740/725
f 753/757/742 758/762/747 754/758/743
f 641/650/631 757/761/746 753/757/742
f 747/753/738 760/763/748 748/751/736
f 762/764/749 759/765/750 761/766/751
f 754/758/743 760/763/748 762/764/749
f 748/751/736 758/762/747 740/744/729
f 764/767/752 766/768/753 763/53/754
f 756/760/745 765/769/755 764/767/752
f 762/764/749 755/759/744 754/758/743
f 761/766/751 765/769/755 762/764/749
f 249/252/240 767/770/756 265/268/256
f 768/771/757 658/665/646 655/664/645
f 769/772/758 767/770/756 768/771/757
f 265/268/256 770/773/759 267/269/257
f 752/756/741 653/663/644 643/653/634
f 756/760/745 771/774/760 752/756/741
f 768/771/757 772/775/761 769/772/758
f 655/664/645 771/774/760 768/771/757
f 763/53/754 774/776/762 764/767/752
f 776/777/763 773/70/764 775/75/765
f 769/772/758 774/776/762 776/777/763
f 764/767/752 772/775/761 756/760/745
f 272/274/262 778/778/766 269/272/260
f 267/269/257 777/779/767 272/274/262
f 776/777/763 770/773/759 769/772/758
f 775/75/765 777/779/767 776/777/763
f 780/780/768 782/781/769 779/782/770
f 783/783/771 781/784/772 780/780/768
f 786/785/773 784/786/774 785/787/775
f 787/788/776 781/784/772 786/785/773
f 130/141/125 788/789/777 789/790/778
f 790/791/779 178/186/170 173/183/167
f 785/787/775 788/789/777 790/791/779
f 789/790/778 784/786/774 783/783/771
f 669/677/658 171/182/166 163/174/158
f 663/670/651 791/792/780 669/677/658
f 790/791/779 792/793/781 785/787/775
f 173/183/167 791/792/780 790/791/779
f 659/669/650 794/794/782 660/667/648
f 786/785/773 793/795/783 787/788/776
f 785/787/775 794/794/782 786/785/773
f 660/667/648 792/793/781 663/670/651
f 796/796/784 798/797/785 795/798/786
f 799/799/787 797/800/788 796/796/784
f 802/801/789 800/802/790 801/803/791
f 803/804/792 797/800/788 802/801/789
f 779/782/770 804/805/793 805/806/794
f 806/807/795 782/781/769 787/788/776
f 801/803/791 804/805/793 806/807/795
f 805/806/794 800/802/790 799/799/787
f 685/693/674 793/795/783 659/669/650
f 679/686/667 807/808/796 685/693/674
f 806/807/795 808/809/797 801/803/791
f 787/788/776 807/808/796 806/807/795
f 675/685/666 810/810/798 676/683/664
f 802/801/789 809/811/799 803/804/792
f 801/803/791 810/810/798 802/801/789
f 676/683/664 808/809/797 679/686/667
f 812/812/800 814/813/801 811/814/802
f 815/815/803 813/816/804 812/812/800
f 818/817/805 816/818/806 817/819/807
f 819/820/808 813/816/804 818/817/805
f 795/798/786 820/821/809 821/822/810
f 822/823/811 798/797/785 803/804/792
f 817/819/807 820/821/809 822/823/811
f 821/822/810 816/818/806 815/815/803
f 701/709/690 809/811/799 675/685/666
f 695/702/683 823/824/812 701/709/690
f 822/823/811 824/825/813 817/819/807
f 803/804/792 823/824/812 822/823/811
f 691/701/682 826/826/814 692/699/680
f 818/817/805 825/827/815 819/820/808
f 817/819/807 826/826/814 818/817/805
f 692/699/680 824/825/813 695/702/683
f 827/828/816 276/281/269 275/278/266
f 829/829/817 828/830/818 827/828/816
f 832/831/819 830/832/820 831/833/821
f 264/266/254 828/830/818 832/831/819
f 811/814/802 833/834/822 834/835/823
f 835/836/824 814/813/801 819/820/808
f 831/833/821 833/834/822 835/836/824
f 834/835/823 830/832/820 829/829/817
f 714/722/703 825/827/815 691/701/682
f 709/716/697 836/837/825 714/722/703
f 835/836/824 837/838/826 831/833/821
f 819/820/808 836/837/825 835/836/824
f 255/260/248 838/839/827 707/715/696
f 832/831/819 260/263/251 264/266/254
f 831/833/821 838/839/827 832/831/819
f 707/715/696 837/838/826 709/716/697
f 747/753/738 842/39/828 843/41/829
f 844/40/830 750/752/737 745/750/735
f 839/17/831 743/749/734 731/15/722
f 840/23/832 845/840/833 839/17/831
f 745/750/735 845/840/833 844/40/830
f 851/57/834 766/768/753 761/766/751
f 843/41/829 759/765/750 747/753/738
f 761/766/751 852/60/835 851/57/834
f 269/272/260 853/841/836 285/290/278
f 854/72/837 778/778/766 775/75/765
f 855/74/838 853/841/836 854/72/837
f 285/290/278 856/842/839 287/291/279
f 289/294/282 859/843/840 860/844/841
f 856/842/839 292/293/281 287/291/279
f 858/77/842 856/842/839 855/74/838
f 860/844/841 858/77/842 857/79/843
f 862/845/844 864/846/845 861/847/846
f 865/848/847 863/849/848 862/845/844
f 868/850/849 866/851/850 867/852/851
f 869/853/852 863/849/848 868/850/849
f 139/149/133 871/854/853 136/147/131
f 134/146/130 870/855/854 139/149/133
f 867/852/851 870/855/854 872/856/855
f 871/854/853 866/851/850 865/848/847
f 789/790/778 131/145/129 130/141/125
f 783/783/771 873/857/856 789/790/778
f 872/856/855 874/858/857 867/852/851
f 134/146/130 873/857/856 872/856/855
f 779/782/770 876/859/858 780/780/768
f 868/850/849 875/860/859 869/853/852
f 867/852/851 876/859/858 868/850/849
f 780/780/768 874/858/857 783/783/771
f 878/861/860 880/862/861 877/863/862
f 881/864/863 879/865/864 878/861/860
f 884/866/865 882/867/866 883/868/867
f 885/869/868 879/865/864 884/866/865
f 861/847/846 886/870/869 887/871/870
f 888/872/871 864/846/845 869/853/852
f 883/868/867 886/870/869 888/872/871
f 887/871/870 882/867/866 881/864/863
f 805/806/794 875/860/859 779/782/770
f 799/799/787 889/873/872 805/806/794
f 888/872/871 890/874/873 883/868/867
f 869/853/852 889/873/872 888/872/871
f 795/798/786 892/875/874 796/796/784
f 884/866/865 891/876/875 885/869/868
f 883/868/867 892/875/874 884/866/865
f 796/796/784 890/874/873 799/799/787
f 894/877/876 896/878/877 893/879/878
f 897/880/879 895/881/880 894/877/876
f 900/882/881 898/883/882 899/884/883
f 901/885/884 895/881/880 900/882/881
f 877/863/862 902/886/885 903/887/886
f 904/888/887 880/862/861 885/869/868
f 899/884/883 902/886/885 904/888/887
f 903/887/886 898/883/882 897/880/879
f 821/822/810 891/876/875 795/798/786
f 815/815/803 905/889/888 821/822/810
f 904/888/887 906/890/889 899/884/883
f 885/869/868 905/889/888 904/888/887
f 811/814/802 908/891/890 812/812/800
f 900/882/881 907/892/891 901/885/884
f 899/884/883 908/891/890 900/882/881
f 812/812/800 906/890/889 815/815/803
f 909/893/892 296/301/289 295/298/286
f 911/894/893 910/895/894 909/893/892
f 914/896/895 912/897/896 913/898/897
f 284/287/275 910/895/894 914/896/895
f 893/879/878 915/899/898 916/900/899
f 917/901/900 896/878/877 901/885/884
f 913/898/897 915/899/898 917/901/900
f 916/900/899 912/897/896 911/894/893
f 834/835/823 907/892/891 811/814/802
f 829/829/817 918/902/901 834/835/823
f 917/901/900 919/903/902 913/898/897
f 901/885/884 918/902/901 917/901/900
f 275/278/266 920/904/903 827/828/816
f 914/896/895 280/282/270 284/287/275
f 913/898/897 920/904/903 914/896/895
f 827/828/816 919/903/902 829/829/817
f 922/905/904 924/906/905 921/907/906
f 925/908/907 923/909/908 922/905/904
f 928/910/909 926/911/910 927/912/911
f 929/913/912 923/909/908 928/910/909
f 360/362/348 930/914/913 931/915/914
f 932/916/915 373/375/361 370/374/360
f 927/912/911 930/914/913 932/916/915
f 931/915/914 926/911/910 925/908/907
f 459/466/447 368/373/359 206/209/197
f 453/462/443 933/917/916 459/466/447
f 932/916/915 934/918/917 927/912/911
f 370/374/360 933/917/916 932/916/915
f 449/457/438 936/919/918 450/461/442
f 928/910/909 935/920/919 929/913/912
f 927/912/911 936/919/918 928/910/909
f 450/461/442 934/918/917 453/462/443
f 938/921/920 940/922/921 937/923/922
f 941/924/923 939/925/924 938/921/920
f 944/926/925 942/927/926 943/928/927
f 945/929/928 939/925/924 944/926/925
f 921/907/906 946/930/929 947/931/930
f 948/932/931 924/906/905 929/913/912
f 943/928/927 946/930/929 948/932/931
f 947/931/930 942/927/926 941/924/923
f 479/486/467 935/920/919 449/457/438
f 473/482/463 949/933/932 479/486/467
f 948/932/931 950/934/933 943/928/927
f 929/913/912 949/933/932 948/932/931
f 469/477/458 952/935/934 470/481/462
f 944/926/925 951/936/935 945/929/928
f 943/928/927 952/935/934 944/926/925
f 470/481/462 950/934/933 473/482/463
f 954/937/936 956/938/937 953/939/938
f 957/940/939 955/941/940 954/937/936
f 960/942/941 958/943/942 959/944/943
f 961/945/944 955/941/940 960/942/941
f 937/923/922 962/946/945 963/947/946
f 964/948/947 940/922/921 945/929/928
f 959/944/943 962/946/945 964/948/947
f 963/947/946 958/943/942 957/940/939
f 499/506/487 951/936/935 469/477/458
f 493/502/483 965/949/948 499/506/487
f 964/948/947 966/950/949 959/944/943
f 945/929/928 965/949/948 964/948/947
f 489/497/478 968/951/950 490/501/482
f 960/942/941 967/952/951 961/945/944
f 959/944/943 968/951/950 960/942/941
f 490/501/482 966/950/949 493/502/483
f 969/953/952 384/390/376 383/386/372
f 971/954/953 970/955/954 969/953/952
f 974/956/955 972/957/956 973/958/957
f 387/391/377 970/955/954 974/956/955
f 953/939/938 975/959/958 976/960/959
f 977/961/960 956/938/937 961/945/944
f 973/958/957 975/959/958 977/961/960
f 976/960/959 972/957/956 971/954/953
f 516/523/504 967/952/951 489/497/478
f 511/520/501 978/962/961 516/523/504
f 977/961/960 979/963/962 973/958/957
f 961/945/944 978/962/961 977/961/960
f 390/393/379 509/519/500 223/228/216
f 974/956/955 390/393/379 387/391/377
f 973/958/957 980/964/963 974/956/955
f 511/520/501 980/964/963 979/963/962
f 540/550/531 981/965/964 982/966/965
f 983/967/966 543/549/530 538/545/526
f 984/968/967 981/965/964 983/967/966
f 982/966/965 985/969/968 986/970/969
f 322/328/314 536/544/525 147/156/140
f 316/321/307 987/971/970 322/328/314
f 983/967/966 988/972/971 984/968/967
f 538/545/526 987/971/970 983/967/966
f 312/320/306 990/973/972 313/318/304
f 992/974/973 989/975/974 991/976/975
f 984/968/967 990/973/972 992/974/973
f 313/318/304 988/972/971 316/321/307
f 994/977/976 996/978/977 993/979/978
f 986/970/969 995/980/979 994/977/976
f 992/974/973 985/969/968 984/968/967
f 991/976/975 995/980/979 992/974/973
f 560/570/551 997/981/980 998/982/981
f 999/983/982 563/569/550 558/567/548
f 1000/984/983 997/981/980 999/983/982
f 998/982/981 1001/985/984 1002/986/985
f 982/966/965 556/566/547 540/550/531
f 986/970/969 1003/987/986 982/966/965
f 999/983/982 1004/988/987 1000/984/983
f 558/567/548 1003/987/986 999/983/982
f 993/979/978 1006/989/988 994/977/976
f 1008/990/989 1005/991/990 1007/992/991
f 1000/984/983 1006/989/988 1008/990/989
f 994/977/976 1004/988/987 986/970/969
f 1010/993/992 1012/994/993 1009/995/994
f 1002/986/985 1011/996/995 1010/993/992
f 1008/990/989 1001/985/984 1000/984/983
f 1007/992/991 1011/996/995 1008/990/989
f 580/590/571 1013/997/996 1014/998/997
f 1015/999/998 583/589/570 578/587/568
f 1016/1000/999 1013/997/996 1015/999/998
f 1014/998/997 1017/1001/1000 1018/1002/1001
f 998/982/981 576/586/567 560/570/551
f 1002/986/985 1019/1003/1002 998/982/981
f 1015/999/998 1020/1004/1003 1016/1000/999
f 578/587/568 1019/1003/1002 1015/999/998
f 1009/995/994 1022/1005/1004 1010/993/992
f 1024/1006/1005 1021/1007/1006 1023/1008/1007
f 1016/1000/999 1022/1005/1004 1024/1006/1005
f 1010/993/992 1020/1004/1003 1002/986/985
f 1026/1009/1008 1028/1010/1009 1025/1011/1010
f 1018/1002/1001 1027/1012/1011 1026/1009/1008
f 1024/1006/1005 1017/1001/1000 1016/1000/999
f 1023/1008/1007 1027/1012/1011 1024/1006/1005
f 214/217/205 1029/1013/1012 392/395/381
f 1030/1014/1013 598/605/586 595/604/585
f 1031/1015/1014 1029/1013/1012 1030/1014/1013
f 392/395/381 1032/1016/1015 382/385/371
f 1014/998/997 593/603/584 580/590/571
f 1018/1002/1001 1033/1017/1016 1014/998/997
f 1030/1014/1013 1034/1018/1017 1031/1015/1014
f 595/604/585 1033/1017/1016 1030/1014/1013
f 1025/1011/1010 1036/1019/1018 1026/1009/1008
f 1038/1020/1019 1035/1021/1020 1037/1022/1021
f 1031/1015/1014 1036/1019/1018 1038/1020/1019
f 1026/1009/1008 1034/1018/1017 1018/1002/1001
f 377/378/364 1040/1023/1022 374/379/365
f 382/385/371 1039/1024/1023 377/378/364
f 1038/1020/1019 1032/1016/1015 1031/1015/1014
f 1037/1022/1021 1039/1024/1023 1038/1020/1019
f 1042/1025/1024 1044/1026/1025 1041/1027/1026
f 1045/1028/1027 1043/1029/1028 1042/1025/1024
f 1048/1030/1029 1046/1031/1030 1047/1032/1031
f 1049/1033/1032 1043/1029/1028 1048/1030/1029
f 352/355/341 1050/1034/1033 1051/1035/1034
f 1052/1036/1035 367/368/354 364/367/353
f 1047/1032/1031 1050/1034/1033 1052/1036/1035
f 1051/1035/1034 1046/1031/1030 1045/1028/1027
f 931/915/914 361/366/352 360/362/348
f 925/908/907 1053/1037/1036 931/915/914
f 1052/1036/1035 1054/1038/1037 1047/1032/1031
f 364/367/353 1053/1037/1036 1052/1036/1035
f 921/907/906 1056/1039/1038 922/905/904
f 1048/1030/1029 1055/1040/1039 1049/1033/1032
f 1047/1032/1031 1056/1039/1038 1048/1030/1029
f 922/905/904 1054/1038/1037 925/908/907
f 1058/1041/1040 1060/1042/1041 1057/1043/1042
f 1061/1044/1043 1059/1045/1044 1058/1041/1040
f 1064/1046/1045 1062/1047/1046 1063/1048/1047
f 1065/1049/1048 1059/1045/1044 1064/1046/1045
f 1041/1027/1026 1066/1050/1049 1067/1051/1050
f 1068/1052/1051 1044/1026/1025 1049/1033/1032
f 1063/1048/1047 1066/1050/1049 1068/1052/1051
f 1067/1051/1050 1062/1047/1046 1061/1044/1043
f 947/931/930 1055/1040/1039 921/907/906
f 941/924/923 1069/1053/1052 947/931/930
f 1068/1052/1051 1070/1054/1053 1063/1048/1047
f 1049/1033/1032 1069/1053/1052 1068/1052/1051
f 937/923/922 1072/1055/1054 938/921/920
f 1064/1046/1045 1071/1056/1055 1065/1049/1048
f 1063/1048/1047 1072/1055/1054 1064/1046/1045
f 938/921/920 1070/1054/1053 941/924/923
f 1074/1057/1056 1076/1058/1057 1073/1059/1058
f 1077/1060/1059 1075/1061/1060 1074/1057/1056
f 1080/1062/1061 1078/1063/1062 1079/1064/1063
f 1081/1065/1064 1075/1061/1060 1080/1062/1061
f 1057/1043/1042 1082/1066/1065 1083/1067/1066
f 1084/1068/1067 1060/1042/1041 1065/1049/1048
f 1079/1064/1063 1082/1066/1065 1084/1068/1067
f 1083/1067/1066 1078/1063/1062 1077/1060/1059
f 963/947/946 1071/1056/1055 937/923/922
f 957/940/939 1085/1069/1068 963/947/946
f 1084/1068/1067 1086/1070/1069 1079/1064/1063
f 1065/1049/1048 1085/1069/1068 1084/1068/1067
f 953/939/938 1088/1071/1070 954/937/936
f 1080/1062/1061 1087/1072/1071 1081/1065/1064
f 1079/1064/1063 1088/1071/1070 1080/1062/1061
f 954/937/936 1086/1070/1069 957/940/939
f 1089/1073/1072 404/410/396 403/406/392
f 1091/1074/1073 1090/1075/1074 1089/1073/1072
f 1094/1076/1075 1092/1077/1076 1093/1078/1077
f 407/411/397 1090/1075/1074 1094/1076/1075
f 1073/1059/1058 1095/1079/1078 1096/1080/1079
f 1097/1081/1080 1076/1058/1057 1081/1065/1064
f 1093/1078/1077 1095/1079/1078 1097/1081/1080
f 1096/1080/1079 1092/1077/1076 1091/1074/1073
f 976/960/959 1087/1072/1071 953/939/938
f 971/954/953 1098/1082/1081 976/960/959
f 1097/1081/1080 1099/1083/1082 1093/1078/1077
f 1081/1065/1064 1098/1082/1081 1097/1081/1080
f 383/386/372 1100/1084/1083 969/953/952
f 1094/1076/1075 410/412/398 407/411/397
f 1093/1078/1077 1100/1084/1083 1094/1076/1075
f 969/953/952 1099/1083/1082 971/954/953
f 993/979/978 1101/1085/1084 1102/1086/1085
f 1103/1087/1086 996/978/977 991/976/975
f 1104/1088/1087 1101/1085/1084 1103/1087/1086
f 1102/1086/1085 1105/1089/1088 1106/1090/1089
f 339/344/330 989/975/974 312/320/306
f 336/340/326 1107/1091/1090 339/344/330
f 1103/1087/1086 1108/1092/1091 1104/1088/1087
f 991/976/975 1107/1091/1090 1103/1087/1086
f 332/339/325 1110/1093/1092 333/337/323
f 1112/1094/1093 1109/1095/1094 1111/1096/1095
f 1104/1088/1087 1110/1093/1092 1112/1094/1093
f 333/337/323 1108/1092/1091 336/340/326
f 1114/1097/1096 1116/1098/1097 1113/1099/1098
f 1106/1090/1089 1115/1100/1099 1114/1097/1096
f 1112/1094/1093 1105/1089/1088 1104/1088/1087
f 1111/1096/1095 1115/1100/1099 1112/1094/1093
f 1009/995/994 1117/1101/1100 1118/1102/1101
f 1119/1103/1102 1012/994/993 1007/992/991
f 1120/1104/1103 1117/1101/1100 1119/1103/1102
f 1118/1102/1101 1121/1105/1104 1122/1106/1105
f 1102/1086/1085 1005/991/990 993/979/978
f 1106/1090/1089 1123/1107/1106 1102/1086/1085
f 1119/1103/1102 1124/1108/1107 1120/1104/1103
f 1007/992/991 1123/1107/1106 1119/1103/1102
f 1113/1099/1098 1126/1109/1108 1114/1097/1096
f 1128/1110/1109 1125/1111/1110 1127/1112/1111
f 1120/1104/1103 1126/1109/1108 1128/1110/1109
f 1114/1097/1096 1124/1108/1107 1106/1090/1089
f 1130/1113/1112 1132/1114/1113 1129/1115/1114
f 1122/1106/1105 1131/1116/1115 1130/1113/1112
f 1128/1110/1109 1121/1105/1104 1120/1104/1103
f 1127/1112/1111 1131/1116/1115 1128/1110/1109
f 1025/1011/1010 1133/1117/1116 1134/1118/1117
f 1135/1119/1118 1028/1010/1009 1023/1008/1007
f 1136/1120/1119 1133/1117/1116 1135/1119/1118
f 1134/1118/1117 1137/1121/1120 1138/1122/1121
f 1118/1102/1101 1021/1007/1006 1009/995/994
f 1122/1106/1105 1139/1123/1122 1118/1102/1101
f 1135/1119/1118 1140/1124/1123 1136/1120/1119
f 1023/1008/1007 1139/1123/1122 1135/1119/1118
f 1129/1115/1114 1142/1125/1124 1130/1113/1112
f 1144/1126/1125 1141/1127/1126 1143/1128/1127
f 1136/1120/1119 1142/1125/1124 1144/1126/1125
f 1130/1113/1112 1140/1124/1123 1122/1106/1105
f 1146/1129/1128 1148/1130/1129 1145/1131/1130
f 1138/1122/1121 1147/1132/1131 1146/1129/1128
f 1144/1126/1125 1137/1121/1120 1136/1120/1119
f 1143/1128/1127 1147/1132/1131 1144/1126/1125
f 374/379/365 1149/1133/1132 412/416/402
f 1150/1134/1133 1040/1023/1022 1037/1022/1021
f 1151/1135/1134 1149/1133/1132 1150/1134/1133
f 412/416/402 1152/1136/1135 402/405/391
f 1134/1118/1117 1035/1021/1020 1025/1011/1010
f 1138/1122/1121 1153/1137/1136 1134/1118/1117
f 1150/1134/1133 1154/1138/1137 1151/1135/1134
f 1037/1022/1021 1153/1137/1136 1150/1134/1133
f 1145/1131/1130 1156/1139/1138 1146/1129/1128
f 1158/1140/1139 1155/1141/1140 1157/1142/1141
f 1151/1135/1134 1156/1139/1138 1158/1140/1139
f 1146/1129/1128 1154/1138/1137 1138/1122/1121
f 397/398/384 1160/1143/1142 394/399/385
f 402/405/391 1159/1144/1143 397/398/384
f 1158/1140/1139 1152/1136/1135 1151/1135/1134
f 1157/1142/1141 1159/1144/1143 1158/1140/1139
f 1162/98/1144 1164/1145/1145 1161/1146/1146
f 1165/93/1147 1163/1147/1148 1162/98/1144
f 1168/1148/1149 1166/1149/1150 1167/1150/1151
f 1169/1151/1152 1163/1147/1148 1168/1148/1149
f 350/4/1153 1170/1152/1154 1171/92/1155
f 1172/1153/1156 359/14/1157 356/360/346
f 1167/1150/1151 1170/1152/1154 1172/1153/1156
f 1171/92/1155 1166/1149/1150 1165/93/1147
f 1051/1035/1034 353/359/345 352/355/341
f 1045/1028/1027 1173/1154/1158 1051/1035/1034
f 1172/1153/1156 1174/1155/1159 1167/1150/1151
f 356/360/346 1173/1154/1158 1172/1153/1156
f 1041/1027/1026 1176/1156/1160 1042/1025/1024
f 1168/1148/1149 1175/1157/1161 1169/1151/1152
f 1167/1150/1151 1176/1156/1160 1168/1148/1149
f 1042/1025/1024 1174/1155/1159 1045/1028/1027
f 1178/1158/1162 1180/1159/1163 1177/1160/1164
f 1181/1161/1165 1179/1162/1166 1178/1158/1162
f 1184/1163/1167 1182/1164/1168 1183/1165/1169
f 1185/1166/1170 1179/1162/1166 1184/1163/1167
f 1161/1146/1146 1186/1167/1171 1187/1168/1172
f 1188/1169/1173 1164/1145/1145 1169/1151/1152
f 1183/1165/1169 1186/1167/1171 1188/1169/1173
f 1187/1168/1172 1182/1164/1168 1181/1161/1165
f 1067/1051/1050 1175/1157/1161 1041/1027/1026
f 1061/1044/1043 1189/1170/1174 1067/1051/1050
f 1188/1169/1173 1190/1171/1175 1183/1165/1169
f 1169/1151/1152 1189/1170/1174 1188/1169/1173
f 1057/1043/1042 1192/1172/1176 1058/1041/1040
f 1184/1163/1167 1191/1173/1177 1185/1166/1170
f 1183/1165/1169 1192/1172/1176 1184/1163/1167
f 1058/1041/1040 1190/1171/1175 1061/1044/1043
f 1194/1174/1178 1196/1175/1179 1193/1176/1180
f 1197/1177/1181 1195/1178/1182 1194/1174/1178
f 1200/1179/1183 1198/1180/1184 1199/1181/1185
f 1201/1182/1186 1195/1178/1182 1200/1179/1183
f 1177/1160/1164 1202/1183/1187 1203/1184/1188
f 1204/1185/1189 1180/1159/1163 1185/1166/1170
f 1199/1181/1185 1202/1183/1187 1204/1185/1189
f 1203/1184/1188 1198/1180/1184 1197/1177/1181
f 1083/1067/1066 1191/1173/1177 1057/1043/1042
f 1077/1060/1059 1205/1186/1190 1083/1067/1066
f 1204/1185/1189 1206/1187/1191 1199/1181/1185
f 1185/1166/1170 1205/1186/1190 1204/1185/1189
f 1073/1059/1058 1208/1188/1192 1074/1057/1056
f 1200/1179/1183 1207/1189/1193 1201/1182/1186
f 1199/1181/1185 1208/1188/1192 1200/1179/1183
f 1074/1057/1056 1206/1187/1191 1077/1060/1059
f 1209/1190/1194 424/430/416 423/426/412
f 1211/1191/1195 1210/1192/1196 1209/1190/1194
f 1214/1193/1197 1212/1194/1198 1213/1195/1199
f 427/431/417 1210/1192/1196 1214/1193/1197
f 1193/1176/1180 1215/1196/1200 1216/1197/1201
f 1217/1198/1202 1196/1175/1179 1201/1182/1186
f 1213/1195/1199 1215/1196/1200 1217/1198/1202
f 1216/1197/1201 1212/1194/1198 1211/1191/1195
f 1096/1080/1079 1207/1189/1193 1073/1059/1058
f 1091/1074/1073 1218/1199/1203 1096/1080/1079
f 1217/1198/1202 1219/1200/1204 1213/1195/1199
f 1201/1182/1186 1218/1199/1203 1217/1198/1202
f 403/406/392 1220/1201/1205 1089/1073/1072
f 1214/1193/1197 430/432/418 427/431/417
f 1213/1195/1199 1220/1201/1205 1214/1193/1197
f 1089/1073/1072 1219/1200/1204 1091/1074/1073
f 1113/1099/1098 1221/1202/1206 1222/1203/1207
f 1223/1204/1208 1116/1098/1097 1111/1096/1095
f 1224/1205/1209 1221/1202/1206 1223/1204/1208
f 1222/1203/1207 1225/1206/1210 1226/1207/1211
f 349/354/340 1109/1095/1094 332/339/325
f 346/350/336 1227/1208/1212 349/354/340
f 1223/1204/1208 1228/1209/1213 1224/1205/1209
f 1111/1096/1095 1227/1208/1212 1223/1204/1208
f 304/308/295 1230/1210/1214 344/349/335
f 1232/1211/1215 1229/1212/1216 1231/1213/1217
f 1224/1205/1209 1230/1210/1214 1232/1211/1215
f 344/349/335 1228/1209/1213 346/350/336
f 1234/1214/1218 1236/1215/1219 1233/1216/1220
f 1226/1207/1211 1235/1217/1221 1234/1214/1218
f 1232/1211/1215 1225/1206/1210 1224/1205/1209
f 1231/1213/1217 1235/1217/1221 1232/1211/1215
f 1129/1115/1114 1237/1218/1222 1238/1219/1223
f 1239/1220/1224 1132/1114/1113 1127/1112/1111
f 1240/1221/1225 1237/1218/1222 1239/1220/1224
f 1238/1219/1223 1241/1222/1226 1242/1223/1227
f 1222/1203/1207 1125/1111/1110 1113/1099/1098
f 1226/1207/1211 1243/1224/1228 1222/1203/1207
f 1239/1220/1224 1244/1225/1229 1240/1221/1225
f 1127/1112/1111 1243/1224/1228 1239/1220/1224
f 1233/1216/1220 1246/1226/1230 1234/1214/1218
f 1248/1227/1231 1245/1228/1232 1247/1229/1233
f 1240/1221/1225 1246/1226/1230 1248/1227/1231
f 1234/1214/1218 1244/1225/1229 1226/1207/1211
f 1250/1230/1234 1252/1231/1235 1249/1232/1236
f 1242/1223/1227 1251/1233/1237 1250/1230/1234
f 1248/1227/1231 1241/1222/1226 1240/1221/1225
f 1247/1229/1233 1251/1233/1237 1248/1227/1231
f 1145/1131/1130 1253/1234/1238 1254/1235/1239
f 1255/1236/1240 1148/1130/1129 1143/1128/1127
f 1256/1237/1241 1253/1234/1238 1255/1236/1240
f 1254/1235/1239 1257/1238/1242 1258/1239/1243
f 1238/1219/1223 1141/1127/1126 1129/1115/1114
f 1242/1223/1227 1259/1240/1244 1238/1219/1223
f 1255/1236/1240 1260/1241/1245 1256/1237/1241
f 1143/1128/1127 1259/1240/1244 1255/1236/1240
f 1249/1232/1236 1262/1242/1246 1250/1230/1234
f 1264/1243/1247 1261/1244/1248 1263/1245/1249
f 1256/1237/1241 1262/1242/1246 1264/1243/1247
f 1250/1230/1234 1260/1241/1245 1242/1223/1227
f 1266/1246/1250 1268/1247/1251 1265/1248/1252
f 1258/1239/1243 1267/1249/1253 1266/1246/1250
f 1264/1243/1247 1257/1238/1242 1256/1237/1241
f 1263/1245/1249 1267/1249/1253 1264/1243/1247
f 394/399/385 1269/1250/1254 432/436/422
f 1270/1251/1255 1160/1143/1142 1157/1142/1141
f 1271/1252/1256 1269/1250/1254 1270/1251/1255
f 432/436/422 1272/1253/1257 422/425/411
f 1254/1235/1239 1155/1141/1140 1145/1131/1130
f 1258/1239/1243 1273/1254/1258 1254/1235/1239
f 1270/1251/1255 1274/1255/1259 1271/1252/1256
f 1157/1142/1141 1273/1254/1258 1270/1251/1255
f 1265/1248/1252 1276/1256/1260 1266/1246/1250
f 1278/1257/1261 1275/1258/1262 1277/1259/1263
f 1271/1252/1256 1276/1256/1260 1278/1257/1261
f 1266/1246/1250 1274/1255/1259 1258/1239/1243
f 417/419/405 1280/1260/1264 414/417/403
f 422/425/411 1279/1261/1265 417/419/405
f 1278/1257/1261 1272/1253/1257 1271/1252/1256
f 1277/1259/1263 1279/1261/1265 1278/1257/1261
f 1161/1146/1146 1286/97/1266 1162/98/1144
f 1288/106/1267 1291/108/1268 1292/110/1269
f 1187/1168/1172 1285/96/1270 1161/1146/1146
f 1181/1161/1165 1293/111/1271 1187/1168/1172
f 1292/110/1269 1294/1262/1272 1288/106/1267
f 1177/1160/1164 1296/1263/1273 1178/1158/1162
f 1289/104/1274 1295/1264/1275 1290/107/1276
f 1288/106/1267 1296/1263/1273 1289/104/1274
f 1178/1158/1162 1294/1262/1272 1181/1161/1165
f 1203/1184/1188 1295/1264/1275 1177/1160/1164
f 1197/1177/1181 1299/1265/1277 1203/1184/1188
f 1298/123/1278 1300/1266/1279 1297/119/1280
f 1290/107/1276 1299/1265/1277 1298/123/1278
f 1193/1176/1180 1302/125/1281 1194/1174/1178
f 1194/1174/1178 1300/1266/1279 1197/1177/1181
f 860/1267/841 440/450/431 289/446/282
f 857/131/843 1303/1268/1282 860/1267/841
f 1306/1269/1283 1304/130/1284 1305/129/1285
f 442/451/432 1303/1268/1282 1306/1269/1283
f 1216/1197/1201 1301/124/1286 1193/1176/1180
f 1211/1191/1195 1308/132/1287 1216/1197/1201
f 1307/128/1288 1309/1270/1289 1305/129/1285
f 423/426/412 1310/1271/1290 1209/1190/1194
f 1306/1269/1283 445/452/433 442/451/432
f 1305/129/1285 1310/1271/1290 1306/1269/1283
f 1209/1190/1194 1309/1270/1289 1211/1191/1195
f 1233/1216/1220 1311/1272/1291 1312/1273/1292
f 1313/1274/1293 1236/1215/1219 1231/1213/1217
f 1314/1275/1294 1311/1272/1291 1313/1274/1293
f 1312/1273/1292 1315/1276/1295 1316/1277/1296
f 307/310/297 1229/1212/1216 304/308/295
f 301/307/294 1317/1278/1297 307/310/297
f 1313/1274/1293 1318/1279/1298 1314/1275/1294
f 1231/1213/1217 1317/1278/1297 1313/1274/1293
f 871/1280/853 299/306/293 136/302/131
f 865/1281/847 1319/1282/1299 871/1280/853
f 1314/1275/1294 1319/1282/1299 1320/1283/1300
f 301/307/294 1319/1282/1299 1318/1279/1298
f 861/1284/846 1322/1285/1301 862/1286/844
f 1316/1277/1296 1322/1285/1301 1321/1287/1302
f 1320/1283/1300 1315/1276/1295 1314/1275/1294
f 862/1286/844 1320/1283/1300 865/1281/847
f 1249/1232/1236 1323/1288/1303 1324/1289/1304
f 1325/1290/1305 1252/1231/1235 1247/1229/1233
f 1326/1291/1306 1323/1288/1303 1325/1290/1305
f 1324/1289/1304 1327/1292/1307 1328/1293/1308
f 1312/1273/1292 1245/1228/1232 1233/1216/1220
f 1316/1277/1296 1329/1294/1309 1312/1273/1292
f 1325/1290/1305 1330/1295/1310 1326/1291/1306
f 1247/1229/1233 1329/1294/1309 1325/1290/1305
f 887/1296/870 1321/1287/1302 861/1284/846
f 881/1297/863 1331/1298/1311 887/1296/870
f 1326/1291/1306 1331/1298/1311 1332/1299/1312
f 1321/1287/1302 1330/1295/1310 1316/1277/1296
f 877/1300/862 1334/1301/1313 878/1302/860
f 1328/1293/1308 1334/1301/1313 1333/1303/1314
f 1332/1299/1312 1327/1292/1307 1326/1291/1306
f 878/1302/860 1332/1299/1312 881/1297/863
f 1265/1248/1252 1335/1304/1315 1336/1305/1316
f 1337/1306/1317 1268/1247/1251 1263/1245/1249
f 1338/1307/1318 1335/1304/1315 1337/1306/1317
f 1336/1305/1316 1339/1308/1319 1340/1309/1320
f 1324/1289/1304 1261/1244/1248 1249/1232/1236
f 1328/1293/1308 1341/1310/1321 1324/1289/1304
f 1337/1306/1317 1342/1311/1322 1338/1307/1318
f 1263/1245/1249 1341/1310/1321 1337/1306/1317
f 903/1312/886 1333/1303/1314 877/1300/862
f 897/1313/879 1343/1314/1323 903/1312/886
f 1342/1311/1322 1344/1315/1324 1338/1307/1318
f 1328/1293/1308 1343/1314/1323 1342/1311/1322
f 893/1316/878 1346/1317/1325 894/1318/876
f 1339/1308/1319 1345/1319/1326 1340/1309/1320
f 1338/1307/1318 1346/1317/1325 1339/1308/1319
f 894/1318/876 1344/1315/1324 897/1313/879
f 414/417/403 1347/1320/1327 447/455/436
f 1348/1321/1328 1280/1260/1264 1277/1259/1263
f 1349/1322/1329 1347/1320/1327 1348/1321/1328
f 447/455/436 1350/1323/1330 439/445/428
f 1336/1305/1316 1275/1258/1262 1265/1248/1252
f 1340/1309/1320 1351/1324/1331 1336/1305/1316
f 1348/1321/1328 1352/1325/1332 1349/1322/1329
f 1277/1259/1263 1351/1324/1331 1348/1321/1328
f 916/1326/899 1345/1319/1326 893/1316/878
f 911/1327/893 1353/1328/1333 916/1326/899
f 1352/1325/1332 1354/1329/1334 1349/1322/1329
f 1340/1309/1320 1353/1328/1333 1352/1325/1332
f 295/439/286 1355/1330/1335 909/1331/892
f 1350/1323/1330 435/438/423 439/445/428
f 1349/1322/1329 1355/1330/1335 1350/1323/1330
f 909/1331/892 1354/1329/1334 911/1327/893
f 1359/1332/1336 1356/137/1337 1358/138/1338
f 1358/138/1338 1360/1333/1339 1359/1332/1336
f 1369/314/1340 1367/303/1341 1368/305/1342
f 1360/304/1339 1370/1334/1343 1359/1335/1336
f 1359/1335/1336 1372/317/1344 1357/315/1345
f 1371/311/1346 1370/1334/1343 1369/314/1340
f 1378/1336/1347 1377/1337/1348 1376/150/1349
f 1381/158/1350 1379/153/1351 1378/1336/1347
f 1383/329/1352 1381/158/1350 1378/1336/1347
f 1378/1336/1347 1384/1338/1353 1383/329/1352
f 5/1/1 6/192/1354 7/2/2
f 8/4/4 9/8/8 10/5/5
f 13/7/7 10/5/5 9/8/8
f 7/10/2 14/13/11 15/11/10
f 12/9/9 15/11/10 14/13/11
f 11/6/6 16/361/1355 17/14/12
f 20/15/13 21/19/17 26/16/14
f 28/18/16 26/16/14 21/19/17
f 29/21/19 30/22/20 26/16/14
f 27/17/15 26/16/14 30/22/20
f 2/24/22 32/28/26 18/25/23
f 3/27/25 33/29/27 32/28/26
f 28/18/16 32/28/26 33/29/27
f 19/20/18 18/25/23 32/28/26
f 4/3/3 34/32/30 35/30/28
f 37/31/29 35/30/28 34/32/30
f 29/21/19 33/29/27 35/30/28
f 5/1/1 35/30/28 33/29/27
f 39/34/32 40/37/35 41/35/33
f 31/23/21 30/22/20 40/37/35
f 37/31/29 40/37/35 30/22/20
f 36/33/31 41/35/33 40/37/35
f 45/38/36 46/42/40 42/39/37
f 43/41/39 42/39/37 46/42/40
f 44/40/38 48/840/1356 49/44/42
f 38/36/34 50/47/45 51/45/43
f 53/46/44 51/45/43 50/47/45
f 45/38/36 49/44/42 51/45/43
f 39/34/32 51/45/43 49/44/42
f 55/49/47 56/52/50 57/50/48
f 47/43/41 46/42/40 56/52/50
f 53/46/44 56/52/50 46/42/40
f 52/48/46 57/50/48 56/52/50
f 22/53/51 23/768/1357 58/54/52
f 61/56/54 62/58/56 58/54/52
f 59/55/53 58/54/52 62/58/56
f 47/43/41 65/61/59 64/60/58
f 60/57/55 64/60/58 65/61/59
f 54/51/49 66/64/62 67/62/60
f 69/63/61 67/62/60 66/64/62
f 61/56/54 65/61/59 67/62/60
f 55/49/47 67/62/60 65/61/59
f 71/66/64 72/69/67 73/67/65
f 63/59/57 62/58/56 72/69/67
f 69/63/61 72/69/67 62/58/56
f 68/65/63 73/67/65 72/69/67
f 59/55/53 76/71/69 24/70/68
f 63/59/57 77/73/71 76/71/69
f 74/72/70 76/71/69 77/73/71
f 25/75/73 24/70/68 76/71/69
f 70/68/66 78/78/76 79/76/74
f 81/77/75 79/76/74 78/78/76
f 75/74/72 77/73/71 79/76/74
f 71/66/64 79/76/74 77/73/71
f 41/80/33 85/84/79 86/81/78
f 36/83/31 87/86/81 85/84/79
f 89/85/80 85/84/79 87/86/81
f 90/88/83 86/81/78 85/84/79
f 4/12/3 15/11/10 91/89/84
f 92/91/85 91/89/84 15/11/10
f 88/87/82 87/86/81 91/89/84
f 34/90/30 91/89/84 87/86/81
f 84/92/86 93/94/88 9/8/8
f 83/93/87 94/95/89 93/94/88
f 92/91/85 93/94/88 94/95/89
f 12/9/9 9/8/8 93/94/88
f 89/85/80 96/97/91 95/96/90
f 88/87/82 94/95/89 96/97/91
f 82/98/92 96/97/91 94/95/89
f 57/99/48 97/103/94 98/100/93
f 52/102/46 99/105/96 97/103/94
f 101/104/95 97/103/94 99/105/96
f 102/107/98 98/100/93 97/103/94
f 38/82/34 86/81/78 103/108/99
f 104/110/100 103/108/99 86/81/78
f 50/109/45 103/108/99 99/105/96
f 90/88/83 95/96/90 105/111/101
f 73/112/65 106/116/103 107/113/102
f 68/115/63 108/118/105 106/116/103
f 110/117/104 106/116/103 108/118/105
f 111/120/107 107/113/102 106/116/103
f 54/101/49 98/100/93 112/121/108
f 113/123/109 112/121/108 98/100/93
f 109/119/106 108/118/105 112/121/108
f 66/122/62 112/121/108 108/118/105
f 110/117/104 116/125/111 115/124/110
f 109/119/106 114/1266/1358 116/125/111
f 70/114/66 107/113/102 119/126/112
f 120/128/113 119/126/112 107/113/102
f 118/129/114 117/130/115 119/126/112
f 78/127/76 119/126/112 117/130/115
f 111/120/107 115/124/110 121/132/116
f 123/133/117 124/137/121 125/134/118
f 126/136/120 127/139/123 124/137/121
f 129/138/122 124/137/121 127/139/123
f 130/141/125 131/145/129 132/142/126
f 135/144/128 132/142/126 131/145/129
f 128/140/124 127/139/123 132/142/126
f 133/143/127 132/142/126 127/139/123
f 136/147/131 137/1333/291 138/148/132
f 128/140/124 135/144/128 138/148/132
f 139/149/133 138/148/132 135/144/128
f 140/150/134 141/1337/1359 142/151/135
f 145/152/136 141/1337/1359 143/153/137
f 142/151/135 141/1337/1359 145/152/136
f 147/156/140 148/160/144 149/157/141
f 152/159/143 149/157/141 148/160/144
f 144/154/138 143/153/137 149/157/141
f 154/162/146 155/165/149 156/163/147
f 146/155/139 145/152/136 155/165/149
f 144/154/138 152/159/143 155/165/149
f 151/161/145 156/163/147 155/165/149
f 153/164/148 157/168/152 158/166/150
f 160/167/151 158/166/150 157/168/152
f 161/170/154 162/171/155 158/166/150
f 154/162/146 158/166/150 162/171/155
f 164/172/156 165/176/160 166/173/157
f 167/175/159 168/177/161 165/176/160
f 161/170/154 160/167/151 165/176/160
f 159/169/153 166/173/157 165/176/160
f 142/151/135 169/179/163 170/178/162
f 146/155/139 162/171/155 169/179/163
f 168/177/161 169/179/163 162/171/155
f 167/175/159 170/178/162 169/179/163
f 163/174/158 171/182/166 172/180/164
f 174/181/165 172/180/164 171/182/166
f 175/184/168 176/185/169 172/180/164
f 164/172/156 172/180/164 176/185/169
f 133/143/127 177/188/172 178/186/170
f 179/187/171 177/188/172 133/143/127
f 175/184/168 174/181/165 177/188/172
f 173/183/167 178/186/170 177/188/172
f 170/178/162 180/189/173 123/133/117
f 167/175/159 176/185/169 180/189/173
f 179/187/171 180/189/173 176/185/169
f 126/136/120 123/133/117 180/189/173
f 181/26/174 182/199/187 183/190/175
f 184/24/176 183/190/175 185/191/177
f 186/27/178 185/191/177 189/192/179
f 190/193/181 191/207/195 192/194/182
f 193/195/183 192/194/182 194/196/184
f 196/198/186 197/200/188 182/199/187
f 195/197/185 194/196/184 197/200/188
f 198/201/189 199/215/203 200/202/190
f 201/203/191 200/202/190 202/204/192
f 204/206/194 205/208/196 191/207/195
f 203/205/193 202/204/192 205/208/196
f 206/209/197 207/371/357 208/210/198
f 209/211/199 208/210/198 210/212/200
f 212/214/202 213/216/204 199/215/203
f 211/213/201 210/212/200 213/216/204
f 214/217/205 215/221/209 216/218/206
f 219/220/208 216/218/206 215/221/209
f 220/223/211 221/224/212 216/218/206
f 217/219/207 216/218/206 221/224/212
f 224/226/214 225/230/218 226/227/215
f 227/229/217 228/231/219 225/230/218
f 219/220/208 225/230/218 228/231/219
f 218/222/210 226/227/215 225/230/218
f 229/232/220 230/236/224 231/233/221
f 234/235/223 231/233/221 230/236/224
f 220/223/211 228/231/219 231/233/221
f 232/234/222 231/233/221 228/231/219
f 236/238/226 237/241/229 238/239/227
f 222/225/213 221/224/212 237/241/229
f 234/235/223 237/241/229 221/224/212
f 233/237/225 238/239/227 237/241/229
f 235/240/228 238/239/227 239/242/230
f 241/244/232 239/242/230 238/239/227
f 242/245/233 243/246/234 239/242/230
f 240/243/231 239/242/230 243/246/234
f 245/248/236 246/250/238 230/236/224
f 247/249/237 248/251/239 246/250/238
f 241/244/232 246/250/238 248/251/239
f 233/237/225 230/236/224 246/250/238
f 249/252/240 250/256/244 251/253/241
f 254/255/243 251/253/241 250/256/244
f 242/245/233 248/251/239 251/253/241
f 252/254/242 251/253/241 248/251/239
f 256/258/246 257/261/249 258/259/247
f 244/247/235 243/246/234 257/261/249
f 254/255/243 257/261/249 243/246/234
f 253/257/245 258/259/247 257/261/249
f 255/260/248 258/259/247 259/262/250
f 261/264/252 259/262/250 258/259/247
f 262/265/253 263/267/255 259/262/250
f 264/266/254 260/263/251 259/262/250
f 265/268/256 266/270/258 250/256/244
f 267/269/257 268/271/259 266/270/258
f 261/264/252 266/270/258 268/271/259
f 253/257/245 250/256/244 266/270/258
f 269/272/260 270/276/264 271/273/261
f 274/275/263 271/273/261 270/276/264
f 262/265/253 268/271/259 271/273/261
f 272/274/262 271/273/261 268/271/259
f 275/278/266 276/281/269 277/279/267
f 263/267/255 277/279/267 276/281/269
f 274/275/263 277/279/267 263/267/255
f 278/280/268 277/279/267 274/275/263
f 278/280/268 279/283/271 280/282/270
f 273/277/265 281/285/273 279/283/271
f 283/284/272 279/283/271 281/285/273
f 284/287/275 280/282/270 279/283/271
f 269/272/260 285/290/278 286/288/276
f 288/289/277 286/288/276 285/290/278
f 282/286/274 281/285/273 286/288/276
f 270/276/264 286/288/276 281/285/273
f 290/292/280 291/296/284 292/293/281
f 293/295/283 294/297/285 291/296/284
f 288/289/277 291/296/284 294/297/285
f 287/291/279 292/293/281 291/296/284
f 295/298/286 296/301/289 297/299/287
f 283/284/272 297/299/287 296/301/289
f 282/286/274 294/297/285 297/299/287
f 298/300/288 297/299/287 294/297/285
f 136/302/131 299/306/293 300/303/290
f 302/305/292 300/303/290 299/306/293
f 304/308/295 305/312/299 306/309/296
f 309/311/298 306/309/296 305/312/299
f 303/314/301 302/305/292 306/309/296
f 307/310/297 306/309/296 302/305/292
f 125/315/118 310/317/303 311/316/302
f 308/313/300 311/316/302 310/317/303
f 313/318/304 314/322/308 315/319/305
f 316/321/307 317/324/310 314/322/308
f 318/323/309 319/326/312 314/322/308
f 320/325/311 315/319/305 314/322/308
f 147/156/140 150/158/142 321/327/313
f 318/323/309 317/324/310 321/327/313
f 322/328/314 321/327/313 317/324/310
f 324/330/316 325/1338/1360 140/150/134
f 319/326/312 325/1338/1360 324/330/316
f 323/329/315 325/1338/1360 319/326/312
f 326/331/317 327/333/319 324/330/316
f 328/332/318 329/335/321 327/333/319
f 331/334/320 327/333/319 329/335/321
f 320/325/311 324/330/316 327/333/319
f 333/337/323 334/341/327 335/338/324
f 336/340/326 337/342/328 334/341/327
f 330/336/322 329/335/321 334/341/327
f 328/332/318 335/338/324 334/341/327
f 312/320/306 315/319/305 338/343/329
f 331/334/320 338/343/329 315/319/305
f 330/336/322 337/342/328 338/343/329
f 339/344/330 338/343/329 337/342/328
f 311/316/302 340/345/331 326/331/317
f 308/313/300 341/347/333 340/345/331
f 343/346/332 340/345/331 341/347/333
f 328/332/318 326/331/317 340/345/331
f 344/349/335 345/351/337 305/312/299
f 346/350/336 347/352/338 345/351/337
f 342/348/334 341/347/333 345/351/337
f 305/312/299 345/351/337 341/347/333
f 332/339/325 335/338/324 348/353/339
f 343/346/332 348/353/339 335/338/324
f 342/348/334 347/352/338 348/353/339
f 349/354/340 348/353/339 347/352/338
f 352/355/341 353/359/345 354/356/342
f 357/358/344 354/356/342 353/359/345
f 356/360/346 359/14/1157 358/361/347
f 360/362/348 361/366/352 362/363/349
f 365/365/351 362/363/349 361/366/352
f 355/357/343 366/369/355 367/368/354
f 364/367/353 367/368/354 366/369/355
f 206/209/197 368/373/359 369/370/356
f 371/372/358 369/370/356 368/373/359
f 363/364/350 372/376/362 373/375/361
f 370/374/360 373/375/361 372/376/362
f 375/377/363 376/381/367 377/378/364
f 378/380/366 379/383/369 376/381/367
f 381/382/368 376/381/367 379/383/369
f 377/378/364 376/381/367 381/382/368
f 383/386/372 384/390/376 385/387/373
f 388/389/375 385/387/373 384/390/376
f 380/384/370 379/383/369 385/387/373
f 386/388/374 385/387/373 379/383/369
f 223/228/216 226/227/215 389/392/378
f 391/394/380 389/392/378 226/227/215
f 388/389/375 389/392/378 391/394/380
f 387/391/377 390/393/379 389/392/378
f 392/395/381 393/396/382 215/221/209
f 382/385/371 381/382/368 393/396/382
f 391/394/380 393/396/382 381/382/368
f 218/222/210 215/221/209 393/396/382
f 395/397/383 396/401/387 397/398/384
f 398/400/386 399/403/389 396/401/387
f 401/402/388 396/401/387 399/403/389
f 402/405/391 397/398/384 396/401/387
f 403/406/392 404/410/396 405/407/393
f 408/409/395 405/407/393 404/410/396
f 400/404/390 399/403/389 405/407/393
f 406/408/394 405/407/393 399/403/389
f 386/388/374 409/413/399 410/412/398
f 378/380/366 411/414/400 409/413/399
f 408/409/395 409/413/399 411/414/400
f 407/411/397 410/412/398 409/413/399
f 374/379/365 412/416/402 413/415/401
f 401/402/388 413/415/401 412/416/402
f 400/404/390 411/414/400 413/415/401
f 375/377/363 413/415/401 411/414/400
f 414/417/403 415/421/407 416/418/404
f 418/420/406 419/423/409 416/418/404
f 421/422/408 416/418/404 419/423/409
f 417/419/405 416/418/404 421/422/408
f 423/426/412 424/430/416 425/427/413
f 428/429/415 425/427/413 424/430/416
f 420/424/410 419/423/409 425/427/413
f 426/428/414 425/427/413 419/423/409
f 406/408/394 429/433/419 430/432/418
f 398/400/386 431/434/420 429/433/419
f 428/429/415 429/433/419 431/434/420
f 427/431/417 430/432/418 429/433/419
f 394/399/385 432/436/422 433/435/421
f 421/422/408 433/435/421 432/436/422
f 420/424/410 431/434/420 433/435/421
f 395/397/383 433/435/421 431/434/420
f 298/437/288 434/441/424 435/438/423
f 293/440/283 436/443/426 434/441/424
f 438/442/425 434/441/424 436/443/426
f 439/445/428 435/438/423 434/441/424
f 289/446/282 440/450/431 441/447/429
f 443/449/430 441/447/429 440/450/431
f 437/444/427 436/443/426 441/447/429
f 290/448/280 441/447/429 436/443/426
f 426/428/414 444/453/434 445/452/433
f 418/420/406 446/454/435 444/453/434
f 443/449/430 444/453/434 446/454/435
f 442/451/432 445/452/433 444/453/434
f 447/455/436 448/456/437 415/421/407
f 439/445/428 438/442/425 448/456/437
f 437/444/427 446/454/435 448/456/437
f 415/421/407 448/456/437 446/454/435
f 449/457/438 450/461/442 451/458/439
f 454/460/441 451/458/439 450/461/442
f 455/463/444 456/464/445 451/458/439
f 452/459/440 451/458/439 456/464/445
f 209/211/199 458/467/448 459/466/447
f 211/213/201 460/468/449 458/467/448
f 454/460/441 458/467/448 460/468/449
f 453/462/443 459/466/447 458/467/448
f 198/201/189 461/471/452 462/469/450
f 464/470/451 462/469/450 461/471/452
f 455/463/444 460/468/449 462/469/450
f 212/214/202 462/469/450 460/468/449
f 466/473/454 467/476/457 468/474/455
f 457/465/446 456/464/445 467/476/457
f 464/470/451 467/476/457 456/464/445
f 463/472/453 468/474/455 467/476/457
f 469/477/458 470/481/462 471/478/459
f 474/480/461 471/478/459 470/481/462
f 475/483/464 476/484/465 471/478/459
f 472/479/460 471/478/459 476/484/465
f 452/459/440 478/487/468 479/486/467
f 457/465/446 480/488/469 478/487/468
f 474/480/461 478/487/468 480/488/469
f 473/482/463 479/486/467 478/487/468
f 465/475/456 481/491/472 482/489/470
f 484/490/471 482/489/470 481/491/472
f 475/483/464 480/488/469 482/489/470
f 466/473/454 482/489/470 480/488/469
f 486/493/474 487/496/477 488/494/475
f 477/485/466 476/484/465 487/496/477
f 484/490/471 487/496/477 476/484/465
f 483/492/473 488/494/475 487/496/477
f 489/497/478 490/501/482 491/498/479
f 494/500/481 491/498/479 490/501/482
f 495/503/484 496/504/485 491/498/479
f 492/499/480 491/498/479 496/504/485
f 472/479/460 498/507/488 499/506/487
f 477/485/466 500/508/489 498/507/488
f 494/500/481 498/507/488 500/508/489
f 493/502/483 499/506/487 498/507/488
f 485/495/476 501/511/492 502/509/490
f 504/510/491 502/509/490 501/511/492
f 495/503/484 500/508/489 502/509/490
f 486/493/474 502/509/490 500/508/489
f 506/513/494 507/516/497 508/514/495
f 497/505/486 496/504/485 507/516/497
f 504/510/491 507/516/497 496/504/485
f 503/512/493 508/514/495 507/516/497
f 223/228/216 509/519/500 510/517/498
f 512/518/499 510/517/498 509/519/500
f 513/521/502 514/522/503 510/517/498
f 224/226/214 510/517/498 514/522/503
f 492/499/480 515/524/505 516/523/504
f 497/505/486 517/525/506 515/524/505
f 512/518/499 515/524/505 517/525/506
f 511/520/501 516/523/504 515/524/505
f 505/515/496 518/528/509 519/526/507
f 521/527/508 519/526/507 518/528/509
f 513/521/502 517/525/506 519/526/507
f 506/513/494 519/526/507 517/525/506
f 232/234/222 522/531/512 523/530/511
f 227/229/217 514/522/503 522/531/512
f 521/527/508 522/531/512 514/522/503
f 520/529/510 523/530/511 522/531/512
f 525/532/513 526/536/517 527/533/514
f 528/535/516 529/538/519 526/536/517
f 531/537/518 526/536/517 529/538/519
f 532/540/521 527/533/514 526/536/517
f 153/164/148 156/163/147 533/541/522
f 535/543/524 533/541/522 156/163/147
f 530/539/520 529/538/519 533/541/522
f 534/542/523 533/541/522 529/538/519
f 536/544/525 537/546/527 148/160/144
f 538/545/526 539/547/528 537/546/527
f 535/543/524 537/546/527 539/547/528
f 151/161/145 148/160/144 537/546/527
f 541/548/529 542/551/532 543/549/530
f 531/537/518 542/551/532 541/548/529
f 530/539/520 539/547/528 542/551/532
f 543/549/530 542/551/532 539/547/528
f 545/552/533 546/556/537 547/553/534
f 548/555/536 549/558/539 546/556/537
f 551/557/538 546/556/537 549/558/539
f 552/560/541 547/553/534 546/556/537
f 524/534/515 527/533/514 553/561/542
f 555/563/544 553/561/542 527/533/514
f 550/559/540 549/558/539 553/561/542
f 554/562/543 553/561/542 549/558/539
f 540/550/531 556/566/547 557/564/545
f 559/565/546 557/564/545 556/566/547
f 555/563/544 557/564/545 559/565/546
f 532/540/521 541/548/529 557/564/545
f 561/568/549 562/571/552 563/569/550
f 552/560/541 551/557/538 562/571/552
f 559/565/546 562/571/552 551/557/538
f 558/567/548 563/569/550 562/571/552
f 565/572/553 566/576/557 567/573/554
f 568/575/556 569/578/559 566/576/557
f 571/577/558 566/576/557 569/578/559
f 572/580/561 567/573/554 566/576/557
f 544/554/535 547/553/534 573/581/562
f 575/583/564 573/581/562 547/553/534
f 570/579/560 569/578/559 573/581/562
f 574/582/563 573/581/562 569/578/559
f 560/570/551 576/586/567 577/584/565
f 579/585/566 577/584/565 576/586/567
f 570/579/560 575/583/564 577/584/565
f 561/568/549 577/584/565 575/583/564
f 581/588/569 582/591/572 583/589/570
f 572/580/561 571/577/558 582/591/572
f 579/585/566 582/591/572 571/577/558
f 578/587/568 583/589/570 582/591/572
f 235/240/228 584/594/575 585/592/573
f 587/593/574 585/592/573 584/594/575
f 588/596/577 589/597/578 585/592/573
f 236/238/226 585/592/573 589/597/578
f 564/574/555 567/573/554 590/598/579
f 572/580/561 592/600/581 590/598/579
f 587/593/574 590/598/579 592/600/581
f 591/599/580 590/598/579 587/593/574
f 580/590/571 593/603/584 594/601/582
f 596/602/583 594/601/582 593/603/584
f 588/596/577 592/600/581 594/601/582
f 581/588/569 594/601/582 592/600/581
f 217/219/207 597/606/587 598/605/586
f 222/225/213 589/597/578 597/606/587
f 596/602/583 597/606/587 589/597/578
f 595/604/585 598/605/586 597/606/587
f 465/475/456 468/474/455 599/607/588
f 601/609/590 599/607/588 468/474/455
f 602/610/591 603/611/592 599/607/588
f 600/608/589 599/607/588 603/611/592
f 201/203/191 605/613/594 461/471/452
f 203/205/193 606/614/595 605/613/594
f 601/609/590 605/613/594 606/614/595
f 463/472/453 461/471/452 605/613/594
f 190/193/181 607/617/598 608/615/596
f 610/616/597 608/615/596 607/617/598
f 602/610/591 606/614/595 608/615/596
f 204/206/194 608/615/596 606/614/595
f 612/619/600 613/622/603 614/620/601
f 604/612/593 603/611/592 613/622/603
f 610/616/597 613/622/603 603/611/592
f 609/618/599 614/620/601 613/622/603
f 485/495/476 488/494/475 615/623/604
f 617/625/606 615/623/604 488/494/475
f 618/626/607 619/627/608 615/623/604
f 616/624/605 615/623/604 619/627/608
f 600/608/589 621/629/610 481/491/472
f 604/612/593 622/630/611 621/629/610
f 617/625/606 621/629/610 622/630/611
f 483/492/473 481/491/472 621/629/610
f 611/621/602 623/633/614 624/631/612
f 626/632/613 624/631/612 623/633/614
f 618/626/607 622/630/611 624/631/612
f 612/619/600 624/631/612 622/630/611
f 628/635/616 629/638/619 630/636/617
f 620/628/609 619/627/608 629/638/619
f 626/632/613 629/638/619 619/627/608
f 625/634/615 630/636/617 629/638/619
f 505/515/496 508/514/495 631/639/620
f 633/641/622 631/639/620 508/514/495
f 634/642/623 635/643/624 631/639/620
f 632/640/621 631/639/620 635/643/624
f 616/624/605 637/645/626 501/511/492
f 620/628/609 638/646/627 637/645/626
f 633/641/622 637/645/626 638/646/627
f 503/512/493 501/511/492 637/645/626
f 627/637/618 639/649/630 640/647/628
f 642/648/629 640/647/628 639/649/630
f 634/642/623 638/646/627 640/647/628
f 628/635/616 640/647/628 638/646/627
f 644/651/632 645/654/635 646/652/633
f 636/644/625 635/643/624 645/654/635
f 642/648/629 645/654/635 635/643/624
f 641/650/631 646/652/633 645/654/635
f 229/232/220 523/530/511 647/655/636
f 648/656/637 647/655/636 523/530/511
f 649/657/638 650/658/639 647/655/636
f 245/248/236 647/655/636 650/658/639
f 632/640/621 651/659/640 518/528/509
f 636/644/625 652/660/641 651/659/640
f 648/656/637 651/659/640 652/660/641
f 520/529/510 518/528/509 651/659/640
f 643/653/634 653/663/644 654/661/642
f 656/662/643 654/661/642 653/663/644
f 649/657/638 652/660/641 654/661/642
f 644/651/632 654/661/642 652/660/641
f 252/254/242 657/666/647 658/665/646
f 247/249/237 650/658/639 657/666/647
f 656/662/643 657/666/647 650/658/639
f 655/664/645 658/665/646 657/666/647
f 660/667/648 661/671/652 662/668/649
f 663/670/651 664/673/654 661/671/652
f 666/672/653 661/671/652 664/673/654
f 667/675/656 662/668/649 661/671/652
f 163/174/158 166/173/157 668/676/657
f 670/678/659 668/676/657 166/173/157
f 665/674/655 664/673/654 668/676/657
f 669/677/658 668/676/657 664/673/654
f 534/542/523 671/679/660 157/168/152
f 528/535/516 672/680/661 671/679/660
f 670/678/659 671/679/660 672/680/661
f 159/169/153 157/168/152 671/679/660
f 524/534/515 673/682/663 674/681/662
f 666/672/653 674/681/662 673/682/663
f 665/674/655 672/680/661 674/681/662
f 525/532/513 674/681/662 672/680/661
f 676/683/664 677/687/668 678/684/665
f 679/686/667 680/689/670 677/687/668
f 682/688/669 677/687/668 680/689/670
f 683/691/672 678/684/665 677/687/668
f 659/669/650 662/668/649 684/692/673
f 686/694/675 684/692/673 662/668/649
f 681/690/671 680/689/670 684/692/673
f 685/693/674 684/692/673 680/689/670
f 554/562/543 687/695/676 673/682/663
f 548/555/536 688/696/677 687/695/676
f 686/694/675 687/695/676 688/696/677
f 667/675/656 673/682/663 687/695/676
f 544/554/535 689/698/679 690/697/678
f 682/688/669 690/697/678 689/698/679
f 681/690/671 688/696/677 690/697/678
f 545/552/533 690/697/678 688/696/677
f 692/699/680 693/703/684 694/700/681
f 695/702/683 696/705/686 693/703/684
f 698/704/685 693/703/684 696/705/686
f 699/707/688 694/700/681 693/703/684
f 675/685/666 678/684/665 700/708/689
f 702/710/691 700/708/689 678/684/665
f 697/706/687 696/705/686 700/708/689
f 701/709/690 700/708/689 696/705/686
f 574/582/563 703/711/692 689/698/679
f 568/575/556 704/712/693 703/711/692
f 702/710/691 703/711/692 704/712/693
f 683/691/672 689/698/679 703/711/692
f 564/574/555 705/714/695 706/713/694
f 698/704/685 706/713/694 705/714/695
f 697/706/687 704/712/693 706/713/694
f 565/572/553 706/713/694 704/712/693
f 707/715/696 708/717/698 256/258/246
f 709/716/697 710/719/700 708/717/698
f 712/718/699 708/717/698 710/719/700
f 256/258/246 708/717/698 712/718/699
f 691/701/682 694/700/681 713/721/702
f 715/723/704 713/721/702 694/700/681
f 711/720/701 710/719/700 713/721/702
f 714/722/703 713/721/702 710/719/700
f 591/599/580 716/724/705 705/714/695
f 586/595/576 717/725/706 716/724/705
f 715/723/704 716/724/705 717/725/706
f 699/707/688 705/714/695 716/724/705
f 240/243/231 718/726/707 584/594/575
f 244/247/235 712/718/699 718/726/707
f 711/720/701 717/725/706 718/726/707
f 586/595/576 584/594/575 718/726/707
f 611/621/602 614/620/601 719/727/708
f 721/729/710 719/727/708 614/620/601
f 722/730/711 723/731/712 719/727/708
f 720/728/709 719/727/708 723/731/712
f 193/195/183 725/733/714 607/617/598
f 195/197/185 726/734/715 725/733/714
f 721/729/710 725/733/714 726/734/715
f 609/618/599 607/617/598 725/733/714
f 181/26/174 727/25/718 728/735/716
f 730/736/717 728/735/716 727/25/718
f 722/730/711 726/734/715 728/735/716
f 196/198/186 728/735/716 726/734/715
f 732/737/720 733/738/723 734/19/721
f 724/732/713 723/731/712 733/738/723
f 730/736/717 733/738/723 723/731/712
f 729/20/719 734/19/721 733/738/723
f 627/637/618 630/636/617 735/739/724
f 737/741/726 735/739/724 630/636/617
f 738/742/727 739/743/728 735/739/724
f 736/740/725 735/739/724 739/743/728
f 720/728/709 741/745/730 623/633/614
f 724/732/713 742/746/731 741/745/730
f 737/741/726 741/745/730 742/746/731
f 625/634/615 623/633/614 741/745/730
f 731/15/722 743/749/734 744/747/732
f 746/748/733 744/747/732 743/749/734
f 738/742/727 742/746/731 744/747/732
f 732/737/720 744/747/732 742/746/731
f 748/751/736 749/754/739 750/752/737
f 740/744/729 739/743/728 749/754/739
f 746/748/733 749/754/739 739/743/728
f 745/750/735 750/752/737 749/754/739
f 643/653/634 646/652/633 751/755/740
f 753/757/742 751/755/740 646/652/633
f 754/758/743 755/759/744 751/755/740
f 752/756/741 751/755/740 755/759/744
f 736/740/725 757/761/746 639/649/630
f 740/744/729 758/762/747 757/761/746
f 753/757/742 757/761/746 758/762/747
f 641/650/631 639/649/630 757/761/746
f 747/753/738 759/765/750 760/763/748
f 762/764/749 760/763/748 759/765/750
f 754/758/743 758/762/747 760/763/748
f 748/751/736 760/763/748 758/762/747
f 764/767/752 765/769/755 766/768/753
f 756/760/745 755/759/744 765/769/755
f 762/764/749 765/769/755 755/759/744
f 761/766/751 766/768/753 765/769/755
f 249/252/240 658/665/646 767/770/756
f 768/771/757 767/770/756 658/665/646
f 769/772/758 770/773/759 767/770/756
f 265/268/256 767/770/756 770/773/759
f 752/756/741 771/774/760 653/663/644
f 756/760/745 772/775/761 771/774/760
f 768/771/757 771/774/760 772/775/761
f 655/664/645 653/663/644 771/774/760
f 763/53/754 773/70/764 774/776/762
f 776/777/763 774/776/762 773/70/764
f 769/772/758 772/775/761 774/776/762
f 764/767/752 774/776/762 772/775/761
f 272/274/262 777/779/767 778/778/766
f 267/269/257 770/773/759 777/779/767
f 776/777/763 777/779/767 770/773/759
f 775/75/765 778/778/766 777/779/767
f 780/780/768 781/784/772 782/781/769
f 783/783/771 784/786/774 781/784/772
f 786/785/773 781/784/772 784/786/774
f 787/788/776 782/781/769 781/784/772
f 130/141/125 178/186/170 788/789/777
f 790/791/779 788/789/777 178/186/170
f 785/787/775 784/786/774 788/789/777
f 789/790/778 788/789/777 784/786/774
f 669/677/658 791/792/780 171/182/166
f 663/670/651 792/793/781 791/792/780
f 790/791/779 791/792/780 792/793/781
f 173/183/167 171/182/166 791/792/780
f 659/669/650 793/795/783 794/794/782
f 786/785/773 794/794/782 793/795/783
f 785/787/775 792/793/781 794/794/782
f 660/667/648 794/794/782 792/793/781
f 796/796/784 797/800/788 798/797/785
f 799/799/787 800/802/790 797/800/788
f 802/801/789 797/800/788 800/802/790
f 803/804/792 798/797/785 797/800/788
f 779/782/770 782/781/769 804/805/793
f 806/807/795 804/805/793 782/781/769
f 801/803/791 800/802/790 804/805/793
f 805/806/794 804/805/793 800/802/790
f 685/693/674 807/808/796 793/795/783
f 679/686/667 808/809/797 807/808/796
f 806/807/795 807/808/796 808/809/797
f 787/788/776 793/795/783 807/808/796
f 675/685/666 809/811/799 810/810/798
f 802/801/789 810/810/798 809/811/799
f 801/803/791 808/809/797 810/810/798
f 676/683/664 810/810/798 808/809/797
f 812/812/800 813/816/804 814/813/801
f 815/815/803 816/818/806 813/816/804
f 818/817/805 813/816/804 816/818/806
f 819/820/808 814/813/801 813/816/804
f 795/798/786 798/797/785 820/821/809
f 822/823/811 820/821/809 798/797/785
f 817/819/807 816/818/806 820/821/809
f 821/822/810 820/821/809 816/818/806
f 701/709/690 823/824/812 809/811/799
f 695/702/683 824/825/813 823/824/812
f 822/823/811 823/824/812 824/825/813
f 803/804/792 809/811/799 823/824/812
f 691/701/682 825/827/815 826/826/814
f 818/817/805 826/826/814 825/827/815
f 817/819/807 824/825/813 826/826/814
f 692/699/680 826/826/814 824/825/813
f 827/828/816 828/830/818 276/281/269
f 829/829/817 830/832/820 828/830/818
f 832/831/819 828/830/818 830/832/820
f 264/266/254 276/281/269 828/830/818
f 811/814/802 814/813/801 833/834/822
f 835/836/824 833/834/822 814/813/801
f 831/833/821 830/832/820 833/834/822
f 834/835/823 833/834/822 830/832/820
f 714/722/703 836/837/825 825/827/815
f 709/716/697 837/838/826 836/837/825
f 835/836/824 836/837/825 837/838/826
f 819/820/808 825/827/815 836/837/825
f 255/260/248 260/263/251 838/839/827
f 832/831/819 838/839/827 260/263/251
f 831/833/821 837/838/826 838/839/827
f 707/715/696 838/839/827 837/838/826
f 747/753/738 750/752/737 842/39/828
f 844/40/830 842/39/828 750/752/737
f 839/17/831 845/840/833 743/749/734
f 840/23/832 846/44/1361 845/840/833
f 745/750/735 743/749/734 845/840/833
f 851/57/834 850/54/1362 766/768/753
f 843/41/829 852/60/835 759/765/750
f 761/766/751 759/765/750 852/60/835
f 269/272/260 778/778/766 853/841/836
f 854/72/837 853/841/836 778/778/766
f 855/74/838 856/842/839 853/841/836
f 285/290/278 853/841/836 856/842/839
f 289/294/282 292/293/281 859/843/840
f 856/842/839 859/843/840 292/293/281
f 858/77/842 859/843/840 856/842/839
f 860/844/841 859/843/840 858/77/842
f 862/845/844 863/849/848 864/846/845
f 865/848/847 866/851/850 863/849/848
f 868/850/849 863/849/848 866/851/850
f 869/853/852 864/846/845 863/849/848
f 139/149/133 870/855/854 871/854/853
f 134/146/130 872/856/855 870/855/854
f 867/852/851 866/851/850 870/855/854
f 871/854/853 870/855/854 866/851/850
f 789/790/778 873/857/856 131/145/129
f 783/783/771 874/858/857 873/857/856
f 872/856/855 873/857/856 874/858/857
f 134/146/130 131/145/129 873/857/856
f 779/782/770 875/860/859 876/859/858
f 868/850/849 876/859/858 875/860/859
f 867/852/851 874/858/857 876/859/858
f 780/780/768 876/859/858 874/858/857
f 878/861/860 879/865/864 880/862/861
f 881/864/863 882/867/866 879/865/864
f 884/866/865 879/865/864 882/867/866
f 885/869/868 880/862/861 879/865/864
f 861/847/846 864/846/845 886/870/869
f 888/872/871 886/870/869 864/846/845
f 883/868/867 882/867/866 886/870/869
f 887/871/870 886/870/869 882/867/866
f 805/806/794 889/873/872 875/860/859
f 799/799/787 890/874/873 889/873/872
f 888/872/871 889/873/872 890/874/873
f 869/853/852 875/860/859 889/873/872
f 795/798/786 891/876/875 892/875/874
f 884/866/865 892/875/874 891/876/875
f 883/868/867 890/874/873 892/875/874
f 796/796/784 892/875/874 890/874/873
f 894/877/876 895/881/880 896/878/877
f 897/880/879 898/883/882 895/881/880
f 900/882/881 895/881/880 898/883/882
f 901/885/884 896/878/877 895/881/880
f 877/863/862 880/862/861 902/886/885
f 904/888/887 902/886/885 880/862/861
f 899/884/883 898/883/882 902/886/885
f 903/887/886 902/886/885 898/883/882
f 821/822/810 905/889/888 891/876/875
f 815/815/803 906/890/889 905/889/888
f 904/888/887 905/889/888 906/890/889
f 885/869/868 891/876/875 905/889/888
f 811/814/802 907/892/891 908/891/890
f 900/882/881 908/891/890 907/892/891
f 899/884/883 906/890/889 908/891/890
f 812/812/800 908/891/890 906/890/889
f 909/893/892 910/895/894 296/301/289
f 911/894/893 912/897/896 910/895/894
f 914/896/895 910/895/894 912/897/896
f 284/287/275 296/301/289 910/895/894
f 893/879/878 896/878/877 915/899/898
f 917/901/900 915/899/898 896/878/877
f 913/898/897 912/897/896 915/899/898
f 916/900/899 915/899/898 912/897/896
f 834/835/823 918/902/901 907/892/891
f 829/829/817 919/903/902 918/902/901
f 917/901/900 918/902/901 919/903/902
f 901/885/884 907/892/891 918/902/901
f 275/278/266 280/282/270 920/904/903
f 914/896/895 920/904/903 280/282/270
f 913/898/897 919/903/902 920/904/903
f 827/828/816 920/904/903 919/903/902
f 922/905/904 923/909/908 924/906/905
f 925/908/907 926/911/910 923/909/908
f 928/910/909 923/909/908 926/911/910
f 929/913/912 924/906/905 923/909/908
f 360/362/348 373/375/361 930/914/913
f 932/916/915 930/914/913 373/375/361
f 927/912/911 926/911/910 930/914/913
f 931/915/914 930/914/913 926/911/910
f 459/466/447 933/917/916 368/373/359
f 453/462/443 934/918/917 933/917/916
f 932/916/915 933/917/916 934/918/917
f 370/374/360 368/373/359 933/917/916
f 449/457/438 935/920/919 936/919/918
f 928/910/909 936/919/918 935/920/919
f 927/912/911 934/918/917 936/919/918
f 450/461/442 936/919/918 934/918/917
f 938/921/920 939/925/924 940/922/921
f 941/924/923 942/927/926 939/925/924
f 944/926/925 939/925/924 942/927/926
f 945/929/928 940/922/921 939/925/924
f 921/907/906 924/906/905 946/930/929
f 948/932/931 946/930/929 924/906/905
f 943/928/927 942/927/926 946/930/929
f 947/931/930 946/930/929 942/927/926
f 479/486/467 949/933/932 935/920/919
f 473/482/463 950/934/933 949/933/932
f 948/932/931 949/933/932 950/934/933
f 929/913/912 935/920/919 949/933/932
f 469/477/458 951/936/935 952/935/934
f 944/926/925 952/935/934 951/936/935
f 943/928/927 950/934/933 952/935/934
f 470/481/462 952/935/934 950/934/933
f 954/937/936 955/941/940 956/938/937
f 957/940/939 958/943/942 955/941/940
f 960/942/941 955/941/940 958/943/942
f 961/945/944 956/938/937 955/941/940
f 937/923/922 940/922/921 962/946/945
f 964/948/947 962/946/945 940/922/921
f 959/944/943 958/943/942 962/946/945
f 963/947/946 962/946/945 958/943/942
f 499/506/487 965/949/948 951/936/935
f 493/502/483 966/950/949 965/949/948
f 964/948/947 965/949/948 966/950/949
f 945/929/928 951/936/935 965/949/948
f 489/497/478 967/952/951 968/951/950
f 960/942/941 968/951/950 967/952/951
f 959/944/943 966/950/949 968/951/950
f 490/501/482 968/951/950 966/950/949
f 969/953/952 970/955/954 384/390/376
f 971/954/953 972/957/956 970/955/954
f 974/956/955 970/955/954 972/957/956
f 387/391/377 384/390/376 970/955/954
f 953/939/938 956/938/937 975/959/958
f 977/961/960 975/959/958 956/938/937
f 973/958/957 972/957/956 975/959/958
f 976/960/959 975/959/958 972/957/956
f 516/523/504 978/962/961 967/952/951
f 511/520/501 979/963/962 978/962/961
f 977/961/960 978/962/961 979/963/962
f 961/945/944 967/952/951 978/962/961
f 390/393/379 980/964/963 509/519/500
f 974/956/955 980/964/963 390/393/379
f 973/958/957 979/963/962 980/964/963
f 511/520/501 509/519/500 980/964/963
f 540/550/531 543/549/530 981/965/964
f 983/967/966 981/965/964 543/549/530
f 984/968/967 985/969/968 981/965/964
f 982/966/965 981/965/964 985/969/968
f 322/328/314 987/971/970 536/544/525
f 316/321/307 988/972/971 987/971/970
f 983/967/966 987/971/970 988/972/971
f 538/545/526 536/544/525 987/971/970
f 312/320/306 989/975/974 990/973/972
f 992/974/973 990/973/972 989/975/974
f 984/968/967 988/972/971 990/973/972
f 313/318/304 990/973/972 988/972/971
f 994/977/976 995/980/979 996/978/977
f 986/970/969 985/969/968 995/980/979
f 992/974/973 995/980/979 985/969/968
f 991/976/975 996/978/977 995/980/979
f 560/570/551 563/569/550 997/981/980
f 999/983/982 997/981/980 563/569/550
f 1000/984/983 1001/985/984 997/981/980
f 998/982/981 997/981/980 1001/985/984
f 982/966/965 1003/987/986 556/566/547
f 986/970/969 1004/988/987 1003/987/986
f 999/983/982 1003/987/986 1004/988/987
f 558/567/548 556/566/547 1003/987/986
f 993/979/978 1005/991/990 1006/989/988
f 1008/990/989 1006/989/988 1005/991/990
f 1000/984/983 1004/988/987 1006/989/988
f 994/977/976 1006/989/988 1004/988/987
f 1010/993/992 1011/996/995 1012/994/993
f 1002/986/985 1001/985/984 1011/996/995
f 1008/990/989 1011/996/995 1001/985/984
f 1007/992/991 1012/994/993 1011/996/995
f 580/590/571 583/589/570 1013/997/996
f 1015/999/998 1013/997/996 583/589/570
f 1016/1000/999 1017/1001/1000 1013/997/996
f 1014/998/997 1013/997/996 1017/1001/1000
f 998/982/981 1019/1003/1002 576/586/567
f 1002/986/985 1020/1004/1003 1019/1003/1002
f 1015/999/998 1019/1003/1002 1020/1004/1003
f 578/587/568 576/586/567 1019/1003/1002
f 1009/995/994 1021/1007/1006 1022/1005/1004
f 1024/1006/1005 1022/1005/1004 1021/1007/1006
f 1016/1000/999 1020/1004/1003 1022/1005/1004
f 1010/993/992 1022/1005/1004 1020/1004/1003
f 1026/1009/1008 1027/1012/1011 1028/1010/1009
f 1018/1002/1001 1017/1001/1000 1027/1012/1011
f 1024/1006/1005 1027/1012/1011 1017/1001/1000
f 1023/1008/1007 1028/1010/1009 1027/1012/1011
f 214/217/205 598/605/586 1029/1013/1012
f 1030/1014/1013 1029/1013/1012 598/605/586
f 1031/1015/1014 1032/1016/1015 1029/1013/1012
f 392/395/381 1029/1013/1012 1032/1016/1015
f 1014/998/997 1033/1017/1016 593/603/584
f 1018/1002/1001 1034/1018/1017 1033/1017/1016
f 1030/1014/1013 1033/1017/1016 1034/1018/1017
f 595/604/585 593/603/584 1033/1017/1016
f 1025/1011/1010 1035/1021/1020 1036/1019/1018
f 1038/1020/1019 1036/1019/1018 1035/1021/1020
f 1031/1015/1014 1034/1018/1017 1036/1019/1018
f 1026/1009/1008 1036/1019/1018 1034/1018/1017
f 377/378/364 1039/1024/1023 1040/1023/1022
f 382/385/371 1032/1016/1015 1039/1024/1023
f 1038/1020/1019 1039/1024/1023 1032/1016/1015
f 1037/1022/1021 1040/1023/1022 1039/1024/1023
f 1042/1025/1024 1043/1029/1028 1044/1026/1025
f 1045/1028/1027 1046/1031/1030 1043/1029/1028
f 1048/1030/1029 1043/1029/1028 1046/1031/1030
f 1049/1033/1032 1044/1026/1025 1043/1029/1028
f 352/355/341 367/368/354 1050/1034/1033
f 1052/1036/1035 1050/1034/1033 367/368/354
f 1047/1032/1031 1046/1031/1030 1050/1034/1033
f 1051/1035/1034 1050/1034/1033 1046/1031/1030
f 931/915/914 1053/1037/1036 361/366/352
f 925/908/907 1054/1038/1037 1053/1037/1036
f 1052/1036/1035 1053/1037/1036 1054/1038/1037
f 364/367/353 361/366/352 1053/1037/1036
f 921/907/906 1055/1040/1039 1056/1039/1038
f 1048/1030/1029 1056/1039/1038 1055/1040/1039
f 1047/1032/1031 1054/1038/1037 1056/1039/1038
f 922/905/904 1056/1039/1038 1054/1038/1037
f 1058/1041/1040 1059/1045/1044 1060/1042/1041
f 1061/1044/1043 1062/1047/1046 1059/1045/1044
f 1064/1046/1045 1059/1045/1044 1062/1047/1046
f 1065/1049/1048 1060/1042/1041 1059/1045/1044
f 1041/1027/1026 1044/1026/1025 1066/1050/1049
f 1068/1052/1051 1066/1050/1049 1044/1026/1025
f 1063/1048/1047 1062/1047/1046 1066/1050/1049
f 1067/1051/1050 1066/1050/1049 1062/1047/1046
f 947/931/930 1069/1053/1052 1055/1040/1039
f 941/924/923 1070/1054/1053 1069/1053/1052
f 1068/1052/1051 1069/1053/1052 1070/1054/1053
f 1049/1033/1032 1055/1040/1039 1069/1053/1052
f 937/923/922 1071/1056/1055 1072/1055/1054
f 1064/1046/1045 1072/1055/1054 1071/1056/1055
f 1063/1048/1047 1070/1054/1053 1072/1055/1054
f 938/921/920 1072/1055/1054 1070/1054/1053
f 1074/1057/1056 1075/1061/1060 1076/1058/1057
f 1077/1060/1059 1078/1063/1062 1075/1061/1060
f 1080/1062/1061 1075/1061/1060 1078/1063/1062
f 1081/1065/1064 1076/1058/1057 1075/1061/1060
f 1057/1043/1042 1060/1042/1041 1082/1066/1065
f 1084/1068/1067 1082/1066/1065 1060/1042/1041
f 1079/1064/1063 1078/1063/1062 1082/1066/1065
f 1083/1067/1066 1082/1066/1065 1078/1063/1062
f 963/947/946 1085/1069/1068 1071/1056/1055
f 957/940/939 1086/1070/1069 1085/1069/1068
f 1084/1068/1067 1085/1069/1068 1086/1070/1069
f 1065/1049/1048 1071/1056/1055 1085/1069/1068
f 953/939/938 1087/1072/1071 1088/1071/1070
f 1080/1062/1061 1088/1071/1070 1087/1072/1071
f 1079/1064/1063 1086/1070/1069 1088/1071/1070
f 954/937/936 1088/1071/1070 1086/1070/1069
f 1089/1073/1072 1090/1075/1074 404/410/396
f 1091/1074/1073 1092/1077/1076 1090/1075/1074
f 1094/1076/1075 1090/1075/1074 1092/1077/1076
f 407/411/397 404/410/396 1090/1075/1074
f 1073/1059/1058 1076/1058/1057 1095/1079/1078
f 1097/1081/1080 1095/1079/1078 1076/1058/1057
f 1093/1078/1077 1092/1077/1076 1095/1079/1078
f 1096/1080/1079 1095/1079/1078 1092/1077/1076
f 976/960/959 1098/1082/1081 1087/1072/1071
f 971/954/953 1099/1083/1082 1098/1082/1081
f 1097/1081/1080 1098/1082/1081 1099/1083/1082
f 1081/1065/1064 1087/1072/1071 1098/1082/1081
f 383/386/372 410/412/398 1100/1084/1083
f 1094/1076/1075 1100/1084/1083 410/412/398
f 1093/1078/1077 1099/1083/1082 1100/1084/1083
f 969/953/952 1100/1084/1083 1099/1083/1082
f 993/979/978 996/978/977 1101/1085/1084
f 1103/1087/1086 1101/1085/1084 996/978/977
f 1104/1088/1087 1105/1089/1088 1101/1085/1084
f 1102/1086/1085 1101/1085/1084 1105/1089/1088
f 339/344/330 1107/1091/1090 989/975/974
f 336/340/326 1108/1092/1091 1107/1091/1090
f 1103/1087/1086 1107/1091/1090 1108/1092/1091
f 991/976/975 989/975/974 1107/1091/1090
f 332/339/325 1109/1095/1094 1110/1093/1092
f 1112/1094/1093 1110/1093/1092 1109/1095/1094
f 1104/1088/1087 1108/1092/1091 1110/1093/1092
f 333/337/323 1110/1093/1092 1108/1092/1091
f 1114/1097/1096 1115/1100/1099 1116/1098/1097
f 1106/1090/1089 1105/1089/1088 1115/1100/1099
f 1112/1094/1093 1115/1100/1099 1105/1089/1088
f 1111/1096/1095 1116/1098/1097 1115/1100/1099
f 1009/995/994 1012/994/993 1117/1101/1100
f 1119/1103/1102 1117/1101/1100 1012/994/993
f 1120/1104/1103 1121/1105/1104 1117/1101/1100
f 1118/1102/1101 1117/1101/1100 1121/1105/1104
f 1102/1086/1085 1123/1107/1106 1005/991/990
f 1106/1090/1089 1124/1108/1107 1123/1107/1106
f 1119/1103/1102 1123/1107/1106 1124/1108/1107
f 1007/992/991 1005/991/990 1123/1107/1106
f 1113/1099/1098 1125/1111/1110 1126/1109/1108
f 1128/1110/1109 1126/1109/1108 1125/1111/1110
f 1120/1104/1103 1124/1108/1107 1126/1109/1108
f 1114/1097/1096 1126/1109/1108 1124/1108/1107
f 1130/1113/1112 1131/1116/1115 1132/1114/1113
f 1122/1106/1105 1121/1105/1104 1131/1116/1115
f 1128/1110/1109 1131/1116/1115 1121/1105/1104
f 1127/1112/1111 1132/1114/1113 1131/1116/1115
f 1025/1011/1010 1028/1010/1009 1133/1117/1116
f 1135/1119/1118 1133/1117/1116 1028/1010/1009
f 1136/1120/1119 1137/1121/1120 1133/1117/1116
f 1134/1118/1117 1133/1117/1116 1137/1121/1120
f 1118/1102/1101 1139/1123/1122 1021/1007/1006
f 1122/1106/1105 1140/1124/1123 1139/1123/1122
f 1135/1119/1118 1139/1123/1122 1140/1124/1123
f 1023/1008/1007 1021/1007/1006 1139/1123/1122
f 1129/1115/1114 1141/1127/1126 1142/1125/1124
f 1144/1126/1125 1142/1125/1124 1141/1127/1126
f 1136/1120/1119 1140/1124/1123 1142/1125/1124
f 1130/1113/1112 1142/1125/1124 1140/1124/1123
f 1146/1129/1128 1147/1132/1131 1148/1130/1129
f 1138/1122/1121 1137/1121/1120 1147/1132/1131
f 1144/1126/1125 1147/1132/1131 1137/1121/1120
f 1143/1128/1127 1148/1130/1129 1147/1132/1131
f 374/379/365 1040/1023/1022 1149/1133/1132
f 1150/1134/1133 1149/1133/1132 1040/1023/1022
f 1151/1135/1134 1152/1136/1135 1149/1133/1132
f 412/416/402 1149/1133/1132 1152/1136/1135
f 1134/1118/1117 1153/1137/1136 1035/1021/1020
f 1138/1122/1121 1154/1138/1137 1153/1137/1136
f 1150/1134/1133 1153/1137/1136 1154/1138/1137
f 1037/1022/1021 1035/1021/1020 1153/1137/1136
f 1145/1131/1130 1155/1141/1140 1156/1139/1138
f 1158/1140/1139 1156/1139/1138 1155/1141/1140
f 1151/1135/1134 1154/1138/1137 1156/1139/1138
f 1146/1129/1128 1156/1139/1138 1154/1138/1137
f 397/398/384 1159/1144/1143 1160/1143/1142
f 402/405/391 1152/1136/1135 1159/1144/1143
f 1158/1140/1139 1159/1144/1143 1152/1136/1135
f 1157/1142/1141 1160/1143/1142 1159/1144/1143
f 1162/98/1144 1163/1147/1148 1164/1145/1145
f 1165/93/1147 1166/1149/1150 1163/1147/1148
f 1168/1148/1149 1163/1147/1148 1166/1149/1150
f 1169/1151/1152 1164/1145/1145 1163/1147/1148
f 350/4/1153 359/14/1157 1170/1152/1154
f 1172/1153/1156 1170/1152/1154 359/14/1157
f 1167/1150/1151 1166/1149/1150 1170/1152/1154
f 1171/92/1155 1170/1152/1154 1166/1149/1150
f 1051/1035/1034 1173/1154/1158 353/359/345
f 1045/1028/1027 1174/1155/1159 1173/1154/1158
f 1172/1153/1156 1173/1154/1158 1174/1155/1159
f 356/360/346 353/359/345 1173/1154/1158
f 1041/1027/1026 1175/1157/1161 1176/1156/1160
f 1168/1148/1149 1176/1156/1160 1175/1157/1161
f 1167/1150/1151 1174/1155/1159 1176/1156/1160
f 1042/1025/1024 1176/1156/1160 1174/1155/1159
f 1178/1158/1162 1179/1162/1166 1180/1159/1163
f 1181/1161/1165 1182/1164/1168 1179/1162/1166
f 1184/1163/1167 1179/1162/1166 1182/1164/1168
f 1185/1166/1170 1180/1159/1163 1179/1162/1166
f 1161/1146/1146 1164/1145/1145 1186/1167/1171
f 1188/1169/1173 1186/1167/1171 1164/1145/1145
f 1183/1165/1169 1182/1164/1168 1186/1167/1171
f 1187/1168/1172 1186/1167/1171 1182/1164/1168
f 1067/1051/1050 1189/1170/1174 1175/1157/1161
f 1061/1044/1043 1190/1171/1175 1189/1170/1174
f 1188/1169/1173 1189/1170/1174 1190/1171/1175
f 1169/1151/1152 1175/1157/1161 1189/1170/1174
f 1057/1043/1042 1191/1173/1177 1192/1172/1176
f 1184/1163/1167 1192/1172/1176 1191/1173/1177
f 1183/1165/1169 1190/1171/1175 1192/1172/1176
f 1058/1041/1040 1192/1172/1176 1190/1171/1175
f 1194/1174/1178 1195/1178/1182 1196/1175/1179
f 1197/1177/1181 1198/1180/1184 1195/1178/1182
f 1200/1179/1183 1195/1178/1182 1198/1180/1184
f 1201/1182/1186 1196/1175/1179 1195/1178/1182
f 1177/1160/1164 1180/1159/1163 1202/1183/1187
f 1204/1185/1189 1202/1183/1187 1180/1159/1163
f 1199/1181/1185 1198/1180/1184 1202/1183/1187
f 1203/1184/1188 1202/1183/1187 1198/1180/1184
f 1083/1067/1066 1205/1186/1190 1191/1173/1177
f 1077/1060/1059 1206/1187/1191 1205/1186/1190
f 1204/1185/1189 1205/1186/1190 1206/1187/1191
f 1185/1166/1170 1191/1173/1177 1205/1186/1190
f 1073/1059/1058 1207/1189/1193 1208/1188/1192
f 1200/1179/1183 1208/1188/1192 1207/1189/1193
f 1199/1181/1185 1206/1187/1191 1208/1188/1192
f 1074/1057/1056 1208/1188/1192 1206/1187/1191
f 1209/1190/1194 1210/1192/1196 424/430/416
f 1211/1191/1195 1212/1194/1198 1210/1192/1196
f 1214/1193/1197 1210/1192/1196 1212/1194/1198
f 427/431/417 424/430/416 1210/1192/1196
f 1193/1176/1180 1196/1175/1179 1215/1196/1200
f 1217/1198/1202 1215/1196/1200 1196/1175/1179
f 1213/1195/1199 1212/1194/1198 1215/1196/1200
f 1216/1197/1201 1215/1196/1200 1212/1194/1198
f 1096/1080/1079 1218/1199/1203 1207/1189/1193
f 1091/1074/1073 1219/1200/1204 1218/1199/1203
f 1217/1198/1202 1218/1199/1203 1219/1200/1204
f 1201/1182/1186 1207/1189/1193 1218/1199/1203
f 403/406/392 430/432/418 1220/1201/1205
f 1214/1193/1197 1220/1201/1205 430/432/418
f 1213/1195/1199 1219/1200/1204 1220/1201/1205
f 1089/1073/1072 1220/1201/1205 1219/1200/1204
f 1113/1099/1098 1116/1098/1097 1221/1202/1206
f 1223/1204/1208 1221/1202/1206 1116/1098/1097
f 1224/1205/1209 1225/1206/1210 1221/1202/1206
f 1222/1203/1207 1221/1202/1206 1225/1206/1210
f 349/354/340 1227/1208/1212 1109/1095/1094
f 346/350/336 1228/1209/1213 1227/1208/1212
f 1223/1204/1208 1227/1208/1212 1228/1209/1213
f 1111/1096/1095 1109/1095/1094 1227/1208/1212
f 304/308/295 1229/1212/1216 1230/1210/1214
f 1232/1211/1215 1230/1210/1214 1229/1212/1216
f 1224/1205/1209 1228/1209/1213 1230/1210/1214
f 344/349/335 1230/1210/1214 1228/1209/1213
f 1234/1214/1218 1235/1217/1221 1236/1215/1219
f 1226/1207/1211 1225/1206/1210 1235/1217/1221
f 1232/1211/1215 1235/1217/1221 1225/1206/1210
f 1231/1213/1217 1236/1215/1219 1235/1217/1221
f 1129/1115/1114 1132/1114/1113 1237/1218/1222
f 1239/1220/1224 1237/1218/1222 1132/1114/1113
f 1240/1221/1225 1241/1222/1226 1237/1218/1222
f 1238/1219/1223 1237/1218/1222 1241/1222/1226
f 1222/1203/1207 1243/1224/1228 1125/1111/1110
f 1226/1207/1211 1244/1225/1229 1243/1224/1228
f 1239/1220/1224 1243/1224/1228 1244/1225/1229
f 1127/1112/1111 1125/1111/1110 1243/1224/1228
f 1233/1216/1220 1245/1228/1232 1246/1226/1230
f 1248/1227/1231 1246/1226/1230 1245/1228/1232
f 1240/1221/1225 1244/1225/1229 1246/1226/1230
f 1234/1214/1218 1246/1226/1230 1244/1225/1229
f 1250/1230/1234 1251/1233/1237 1252/1231/1235
f 1242/1223/1227 1241/1222/1226 1251/1233/1237
f 1248/1227/1231 1251/1233/1237 1241/1222/1226
f 1247/1229/1233 1252/1231/1235 1251/1233/1237
f 1145/1131/1130 1148/1130/1129 1253/1234/1238
f 1255/1236/1240 1253/1234/1238 1148/1130/1129
f 1256/1237/1241 1257/1238/1242 1253/1234/1238
f 1254/1235/1239 1253/1234/1238 1257/1238/1242
f 1238/1219/1223 1259/1240/1244 1141/1127/1126
f 1242/1223/1227 1260/1241/1245 1259/1240/1244
f 1255/1236/1240 1259/1240/1244 1260/1241/1245
f 1143/1128/1127 1141/1127/1126 1259/1240/1244
f 1249/1232/1236 1261/1244/1248 1262/1242/1246
f 1264/1243/1247 1262/1242/1246 1261/1244/1248
f 1256/1237/1241 1260/1241/1245 1262/1242/1246
f 1250/1230/1234 1262/1242/1246 1260/1241/1245
f 1266/1246/1250 1267/1249/1253 1268/1247/1251
f 1258/1239/1243 1257/1238/1242 1267/1249/1253
f 1264/1243/1247 1267/1249/1253 1257/1238/1242
f 1263/1245/1249 1268/1247/1251 1267/1249/1253
f 394/399/385 1160/1143/1142 1269/1250/1254
f 1270/1251/1255 1269/1250/1254 1160/1143/1142
f 1271/1252/1256 1272/1253/1257 1269/1250/1254
f 432/436/422 1269/1250/1254 1272/1253/1257
f 1254/1235/1239 1273/1254/1258 1155/1141/1140
f 1258/1239/1243 1274/1255/1259 1273/1254/1258
f 1270/1251/1255 1273/1254/1258 1274/1255/1259
f 1157/1142/1141 1155/1141/1140 1273/1254/1258
f 1265/1248/1252 1275/1258/1262 1276/1256/1260
f 1278/1257/1261 1276/1256/1260 1275/1258/1262
f 1271/1252/1256 1274/1255/1259 1276/1256/1260
f 1266/1246/1250 1276/1256/1260 1274/1255/1259
f 417/419/405 1279/1261/1265 1280/1260/1264
f 422/425/411 1272/1253/1257 1279/1261/1265
f 1278/1257/1261 1279/1261/1265 1272/1253/1257
f 1277/1259/1263 1280/1260/1264 1279/1261/1265
f 1161/1146/1146 1285/96/1270 1286/97/1266
f 1288/106/1267 1287/105/1363 1291/108/1268
f 1187/1168/1172 1293/111/1271 1285/96/1270
f 1181/1161/1165 1294/1262/1272 1293/111/1271
f 1292/110/1269 1293/111/1271 1294/1262/1272
f 1177/1160/1164 1295/1264/1275 1296/1263/1273
f 1289/104/1274 1296/1263/1273 1295/1264/1275
f 1288/106/1267 1294/1262/1272 1296/1263/1273
f 1178/1158/1162 1296/1263/1273 1294/1262/1272
f 1203/1184/1188 1299/1265/1277 1295/1264/1275
f 1197/1177/1181 1300/1266/1279 1299/1265/1277
f 1298/123/1278 1299/1265/1277 1300/1266/1279
f 1290/107/1276 1295/1264/1275 1299/1265/1277
f 1193/1176/1180 1301/124/1286 1302/125/1281
f 1194/1174/1178 1302/125/1281 1300/1266/1279
f 860/1267/841 1303/1268/1282 440/450/431
f 857/131/843 1304/130/1284 1303/1268/1282
f 1306/1269/1283 1303/1268/1282 1304/130/1284
f 442/451/432 440/450/431 1303/1268/1282
f 1216/1197/1201 1308/132/1287 1301/124/1286
f 1211/1191/1195 1309/1270/1289 1308/132/1287
f 1307/128/1288 1308/132/1287 1309/1270/1289
f 423/426/412 445/452/433 1310/1271/1290
f 1306/1269/1283 1310/1271/1290 445/452/433
f 1305/129/1285 1309/1270/1289 1310/1271/1290
f 1209/1190/1194 1310/1271/1290 1309/1270/1289
f 1233/1216/1220 1236/1215/1219 1311/1272/1291
f 1313/1274/1293 1311/1272/1291 1236/1215/1219
f 1314/1275/1294 1315/1276/1295 1311/1272/1291
f 1312/1273/1292 1311/1272/1291 1315/1276/1295
f 307/310/297 1317/1278/1297 1229/1212/1216
f 301/307/294 1318/1279/1298 1317/1278/1297
f 1313/1274/1293 1317/1278/1297 1318/1279/1298
f 1231/1213/1217 1229/1212/1216 1317/1278/1297
f 871/1280/853 1319/1282/1299 299/306/293
f 865/1281/847 1320/1283/1300 1319/1282/1299
f 1314/1275/1294 1318/1279/1298 1319/1282/1299
f 301/307/294 299/306/293 1319/1282/1299
f 861/1284/846 1321/1287/1302 1322/1285/1301
f 1316/1277/1296 1315/1276/1295 1322/1285/1301
f 1320/1283/1300 1322/1285/1301 1315/1276/1295
f 862/1286/844 1322/1285/1301 1320/1283/1300
f 1249/1232/1236 1252/1231/1235 1323/1288/1303
f 1325/1290/1305 1323/1288/1303 1252/1231/1235
f 1326/1291/1306 1327/1292/1307 1323/1288/1303
f 1324/1289/1304 1323/1288/1303 1327/1292/1307
f 1312/1273/1292 1329/1294/1309 1245/1228/1232
f 1316/1277/1296 1330/1295/1310 1329/1294/1309
f 1325/1290/1305 1329/1294/1309 1330/1295/1310
f 1247/1229/1233 1245/1228/1232 1329/1294/1309
f 887/1296/870 1331/1298/1311 1321/1287/1302
f 881/1297/863 1332/1299/1312 1331/1298/1311
f 1326/1291/1306 1330/1295/1310 1331/1298/1311
f 1321/1287/1302 1331/1298/1311 1330/1295/1310
f 877/1300/862 1333/1303/1314 1334/1301/1313
f 1328/1293/1308 1327/1292/1307 1334/1301/1313
f 1332/1299/1312 1334/1301/1313 1327/1292/1307
f 878/1302/860 1334/1301/1313 1332/1299/1312
f 1265/1248/1252 1268/1247/1251 1335/1304/1315
f 1337/1306/1317 1335/1304/1315 1268/1247/1251
f 1338/1307/1318 1339/1308/1319 1335/1304/1315
f 1336/1305/1316 1335/1304/1315 1339/1308/1319
f 1324/1289/1304 1341/1310/1321 1261/1244/1248
f 1328/1293/1308 1342/1311/1322 1341/1310/1321
f 1337/1306/1317 1341/1310/1321 1342/1311/1322
f 1263/1245/1249 1261/1244/1248 1341/1310/1321
f 903/1312/886 1343/1314/1323 1333/1303/1314
f 897/1313/879 1344/1315/1324 1343/1314/1323
f 1342/1311/1322 1343/1314/1323 1344/1315/1324
f 1328/1293/1308 1333/1303/1314 1343/1314/1323
f 893/1316/878 1345/1319/1326 1346/1317/1325
f 1339/1308/1319 1346/1317/1325 1345/1319/1326
f 1338/1307/1318 1344/1315/1324 1346/1317/1325
f 894/1318/876 1346/1317/1325 1344/1315/1324
f 414/417/403 1280/1260/1264 1347/1320/1327
f 1348/1321/1328 1347/1320/1327 1280/1260/1264
f 1349/1322/1329 1350/1323/1330 1347/1320/1327
f 447/455/436 1347/1320/1327 1350/1323/1330
f 1336/1305/1316 1351/1324/1331 1275/1258/1262
f 1340/1309/1320 1352/1325/1332 1351/1324/1331
f 1348/1321/1328 1351/1324/1331 1352/1325/1332
f 1277/1259/1263 1275/1258/1262 1351/1324/1331
f 916/1326/899 1353/1328/1333 1345/1319/1326
f 911/1327/893 1354/1329/1334 1353/1328/1333
f 1352/1325/1332 1353/1328/1333 1354/1329/1334
f 1340/1309/1320 1345/1319/1326 1353/1328/1333
f 295/439/286 435/438/423 1355/1330/1335
f 1350/1323/1330 1355/1330/1335 435/438/423
f 1349/1322/1329 1354/1329/1334 1355/1330/1335
f 909/1331/892 1355/1330/1335 1354/1329/1334
f 1359/1332/1336 1357/134/1345 1356/137/1337
f 1358/138/1338 1361/148/1364 1360/1333/1339
f 1369/314/1340 1370/1334/1343 1367/303/1341
f 1360/304/1339 1367/303/1341 1370/1334/1343
f 1359/1335/1336 1370/1334/1343 1372/317/1344
f 1371/311/1346 1372/317/1344 1370/1334/1343
f 1378/1336/1347 1379/153/1351 1377/1337/1348
f 1381/158/1350 1380/157/1365 1379/153/1351
f 1383/329/1352 1382/327/1366 1381/158/1350
f 1378/1336/1347 1376/150/1349 1384/1338/1353
l 187 188
l 1282 1286
l 846 847
l 841 1281
l 1283 1284
l 1281 1282
l 847 849
l 848 849
l 1171 1284
l 848 1287
l 1362 1363
l 1362 1375
l 1363 1364
l 1365 1366
l 1373 1374
l 1366 1373
l 1364 1365
l 1374 1375
