# Blender 5.1.1
# www.blender.org
mtllib Moduloinfo.mtl
o Plano_subdividido
o Plano_subdividido.001
v -1.218073 1.119785 -0.126031
v -0.974458 1.119785 0.395357
v -0.730844 1.119785 0.688748
v -0.487229 1.119785 0.869278
v -0.243614 1.119785 0.969382
v 0.000000 1.119785 1.001599
v 0.243615 1.119785 0.969382
v 0.487229 1.119785 0.869278
v 0.730844 1.119785 0.688748
v 0.974458 1.119785 0.395357
v 1.218073 1.119785 -0.126031
v -1.218073 0.972170 -0.126031
v -0.974458 0.972170 0.395357
v -0.730844 0.972170 0.688748
v -0.487229 0.972170 0.869277
v -0.243614 0.972170 0.969382
v 0.000000 0.972170 1.001599
v 0.243615 0.972170 0.969382
v 0.487229 0.972170 0.869277
v 0.730844 0.972170 0.688748
v 0.974458 0.972170 0.395357
v 1.218073 0.972170 -0.126031
v -1.218073 0.824555 -0.126031
v -0.974458 0.824555 0.395357
v -0.730844 0.824555 0.688748
v -0.487229 0.824555 0.869278
v -0.243614 0.824555 0.969382
v 0.000000 0.824555 1.001599
v 0.243615 0.824555 0.969382
v 0.487229 0.824555 0.869278
v 0.730844 0.824555 0.688748
v 0.974458 0.824555 0.395357
v 1.218073 0.824555 -0.126031
v -1.218073 0.676940 -0.126031
v -0.974458 0.676940 0.395357
v -0.730844 0.676940 0.688748
v -0.487229 0.676940 0.869278
v -0.243614 0.676940 0.969382
v 0.000000 0.676940 1.001599
v 0.243615 0.676940 0.969382
v 0.487229 0.676940 0.869278
v 0.730844 0.676940 0.688748
v 0.974458 0.676940 0.395357
v 1.218073 0.676940 -0.126031
v -1.218073 0.529325 -0.126031
v -0.974458 0.529325 0.395357
v -0.730844 0.529325 0.688748
v -0.487229 0.529325 0.869278
v -0.243614 0.529325 0.969382
v 0.000000 0.529325 1.001599
v 0.243615 0.529325 0.969382
v 0.487229 0.529325 0.869278
v 0.730844 0.529325 0.688748
v 0.974458 0.529325 0.395357
v 1.218073 0.529325 -0.126031
v -1.218073 0.381710 -0.126031
v -0.974458 0.381710 0.395357
v -0.730844 0.381710 0.688748
v -0.487229 0.381710 0.869278
v -0.243614 0.381710 0.969382
v 0.000000 0.381710 1.001599
v 0.243615 0.381710 0.969382
v 0.487229 0.381710 0.869278
v 0.730844 0.381710 0.688748
v 0.974458 0.381710 0.395357
v 1.218073 0.381710 -0.126031
v -1.218073 0.234095 -0.126031
v -0.974458 0.234095 0.395357
v -0.730844 0.234095 0.688748
v -0.487229 0.234095 0.869278
v -0.243614 0.234095 0.969382
v 0.000000 0.234095 1.001599
v 0.243615 0.234095 0.969382
v 0.487229 0.234095 0.869278
v 0.730844 0.234095 0.688748
v 0.974458 0.234095 0.395357
v 1.218073 0.234095 -0.126031
v -1.218073 0.086480 -0.126031
v -0.974458 0.086480 0.395357
v -0.730844 0.086480 0.688748
v -0.487229 0.086480 0.869278
v -0.243614 0.086480 0.969382
v 0.000000 0.086480 1.001599
v 0.243615 0.086480 0.969382
v 0.487229 0.086480 0.869278
v 0.730844 0.086480 0.688748
v 0.974458 0.086480 0.395357
v 1.218073 0.086480 -0.126031
v -1.218073 -0.061135 -0.126031
v -0.974458 -0.061135 0.395357
v -0.730844 -0.061135 0.688748
v -0.487229 -0.061135 0.869278
v -0.243614 -0.061135 0.969382
v 0.000000 -0.061135 1.001599
v 0.243615 -0.061135 0.969382
v 0.487229 -0.061135 0.869278
v 0.730844 -0.061135 0.688748
v 0.974458 -0.061135 0.395357
v 1.218073 -0.061135 -0.126031
v -1.218073 -0.208750 -0.126031
v -0.974458 -0.208750 0.395357
v -0.730844 -0.208750 0.688748
v -0.487229 -0.208750 0.869278
v -0.243614 -0.208750 0.969383
v 0.000000 -0.208750 1.001599
v 0.243615 -0.208750 0.969383
v 0.487229 -0.208750 0.869278
v 0.730844 -0.208750 0.688748
v 0.974458 -0.208750 0.395357
v 1.218073 -0.208750 -0.126031
v -1.218073 -0.356365 -0.126031
v -0.974458 -0.356365 0.395357
v -0.730844 -0.356365 0.688748
v -0.487229 -0.356365 0.869278
v -0.243614 -0.356365 0.969383
v 0.000000 -0.356365 1.001599
v 0.243615 -0.356365 0.969383
v 0.487229 -0.356365 0.869278
v 0.730844 -0.356365 0.688748
v 0.974458 -0.356365 0.395357
v 1.218073 -0.356365 -0.126031
v -1.218073 0.993258 -0.126031
v -1.218073 1.014346 -0.126031
v -1.218073 1.035433 -0.126031
v -1.218073 1.056521 -0.126031
v -1.218073 1.077609 -0.126031
v -1.218073 1.098697 -0.126031
v -1.183271 1.119785 -0.024450
v -1.148468 1.119785 0.064318
v -1.113666 1.119785 0.143451
v -1.078864 1.119785 0.214948
v -1.044062 1.119785 0.280161
v -1.009260 1.119785 0.340057
v -0.974458 1.098697 0.395357
v -0.974458 1.077609 0.395357
v -0.974458 1.056521 0.395357
v -0.974458 1.035434 0.395357
v -0.974458 1.014346 0.395357
v -0.974458 0.993258 0.395357
v -1.009260 0.972170 0.340057
v -1.044062 0.972170 0.280161
v -1.078864 0.972170 0.214948
v -1.113666 0.972170 0.143451
v -1.148468 0.972170 0.064318
v -1.183271 0.972170 -0.024450
v -0.939656 1.119785 0.446614
v -0.904854 1.119785 0.494265
v -0.870052 1.119785 0.538660
v -0.835250 1.119785 0.580086
v -0.800448 1.119785 0.618781
v -0.765646 1.119785 0.654945
v -0.730844 1.098697 0.688748
v -0.730844 1.077609 0.688748
v -0.730844 1.056521 0.688748
v -0.730844 1.035434 0.688748
v -0.730844 1.014346 0.688748
v -0.730844 0.993258 0.688748
v -0.765646 0.972170 0.654945
v -0.800448 0.972170 0.618781
v -0.835250 0.972170 0.580086
v -0.870052 0.972170 0.538660
v -0.904854 0.972170 0.494265
v -0.939656 0.972170 0.446614
v -0.696042 1.119785 0.720335
v -0.661239 1.119785 0.749830
v -0.626437 1.119785 0.777341
v -0.591635 1.119785 0.802964
v -0.556833 1.119785 0.826781
v -0.522031 1.119785 0.848864
v -0.487229 1.098697 0.869277
v -0.487229 1.077609 0.869277
v -0.487229 1.056521 0.869277
v -0.487229 1.035434 0.869277
v -0.487229 1.014346 0.869277
v -0.487229 0.993258 0.869277
v -0.522031 0.972170 0.848864
v -0.556833 0.972170 0.826781
v -0.591635 0.972170 0.802964
v -0.626437 0.972170 0.777341
v -0.661239 0.972170 0.749830
v -0.696041 0.972170 0.720335
v -0.452427 1.119785 0.888077
v -0.417625 1.119785 0.905313
v -0.382823 1.119785 0.921028
v -0.348021 1.119785 0.935260
v -0.313219 1.119785 0.948045
v -0.278417 1.119785 0.959410
v -0.243614 1.098697 0.969382
v -0.243614 1.077609 0.969382
v -0.243614 1.056521 0.969382
v -0.243614 1.035434 0.969382
v -0.243614 1.014346 0.969382
v -0.243614 0.993258 0.969382
v -0.278417 0.972170 0.959410
v -0.313219 0.972170 0.948045
v -0.348021 0.972170 0.935260
v -0.382823 0.972170 0.921028
v -0.417625 0.972170 0.905313
v -0.452427 0.972170 0.888077
v -0.208812 1.119785 0.977983
v -0.174010 1.119785 0.985229
v -0.139208 1.119785 0.991138
v -0.104406 1.119785 0.995722
v -0.069604 1.119785 0.998989
v -0.034802 1.119785 1.000947
v 0.000000 1.098697 1.001599
v 0.000000 1.077609 1.001599
v 0.000000 1.056521 1.001599
v 0.000000 1.035434 1.001599
v 0.000000 1.014346 1.001599
v 0.000000 0.993258 1.001599
v -0.034802 0.972170 1.000947
v -0.069604 0.972170 0.998989
v -0.104406 0.972170 0.995722
v -0.139208 0.972170 0.991138
v -0.174010 0.972170 0.985229
v -0.208812 0.972170 0.977983
v 0.034802 1.119785 1.000947
v 0.069604 1.119785 0.998989
v 0.104406 1.119785 0.995722
v 0.139208 1.119785 0.991138
v 0.174010 1.119785 0.985229
v 0.208812 1.119785 0.977983
v 0.243615 1.098697 0.969382
v 0.243615 1.077609 0.969382
v 0.243615 1.056521 0.969382
v 0.243615 1.035434 0.969382
v 0.243615 1.014346 0.969382
v 0.243615 0.993258 0.969382
v 0.208812 0.972170 0.977983
v 0.174010 0.972170 0.985229
v 0.139208 0.972170 0.991138
v 0.104406 0.972170 0.995722
v 0.069604 0.972170 0.998989
v 0.034802 0.972170 1.000947
v 0.278417 1.119785 0.959410
v 0.313219 1.119785 0.948045
v 0.348021 1.119785 0.935260
v 0.382823 1.119785 0.921027
v 0.417625 1.119785 0.905313
v 0.452427 1.119785 0.888077
v 0.487229 1.098697 0.869277
v 0.487229 1.077609 0.869277
v 0.487229 1.056521 0.869277
v 0.487229 1.035434 0.869277
v 0.487229 1.014346 0.869277
v 0.487229 0.993258 0.869277
v 0.452427 0.972170 0.888077
v 0.417625 0.972170 0.905313
v 0.382823 0.972170 0.921028
v 0.348021 0.972170 0.935260
v 0.313219 0.972170 0.948045
v 0.278417 0.972170 0.959410
v 0.522031 1.119785 0.848864
v 0.556833 1.119785 0.826781
v 0.591635 1.119785 0.802964
v 0.626437 1.119785 0.777341
v 0.661239 1.119785 0.749830
v 0.696041 1.119785 0.720335
v 0.730844 1.098697 0.688748
v 0.730844 1.077609 0.688748
v 0.730844 1.056521 0.688748
v 0.730844 1.035434 0.688748
v 0.730844 1.014346 0.688748
v 0.730844 0.993258 0.688748
v 0.696042 0.972170 0.720334
v 0.661239 0.972170 0.749829
v 0.626437 0.972170 0.777341
v 0.591635 0.972170 0.802964
v 0.556833 0.972170 0.826781
v 0.522031 0.972170 0.848864
v 0.765646 1.119785 0.654945
v 0.800448 1.119785 0.618781
v 0.835250 1.119785 0.580086
v 0.870052 1.119785 0.538660
v 0.904854 1.119785 0.494265
v 0.939656 1.119785 0.446614
v 0.974458 1.098697 0.395357
v 0.974458 1.077609 0.395357
v 0.974458 1.056521 0.395357
v 0.974458 1.035434 0.395357
v 0.974458 1.014346 0.395357
v 0.974458 0.993258 0.395357
v 0.939656 0.972170 0.446614
v 0.904854 0.972170 0.494265
v 0.870052 0.972170 0.538660
v 0.835250 0.972170 0.580086
v 0.800448 0.972170 0.618781
v 0.765646 0.972170 0.654945
v 1.009260 1.119785 0.340057
v 1.044062 1.119785 0.280161
v 1.078864 1.119785 0.214948
v 1.113667 1.119785 0.143451
v 1.148468 1.119785 0.064318
v 1.183271 1.119785 -0.024450
v 1.218073 1.098697 -0.126031
v 1.218073 1.077609 -0.126031
v 1.218073 1.056521 -0.126031
v 1.218073 1.035433 -0.126031
v 1.218073 1.014346 -0.126031
v 1.218073 0.993258 -0.126031
v 1.183271 0.972170 -0.024450
v 1.148468 0.972170 0.064318
v 1.113666 0.972170 0.143451
v 1.078864 0.972170 0.214948
v 1.044062 0.972170 0.280161
v 1.009260 0.972170 0.340057
v -1.218073 0.845643 -0.126031
v -1.218073 0.866731 -0.126031
v -1.218073 0.887819 -0.126031
v -1.218073 0.908906 -0.126031
v -1.218073 0.929994 -0.126031
v -1.218073 0.951082 -0.126031
v -0.974458 0.951082 0.395357
v -0.974458 0.929994 0.395357
v -0.974458 0.908906 0.395357
v -0.974458 0.887819 0.395357
v -0.974458 0.866731 0.395357
v -0.974458 0.845643 0.395357
v -1.009260 0.824555 0.340057
v -1.044062 0.824555 0.280161
v -1.078864 0.824555 0.214948
v -1.113666 0.824555 0.143451
v -1.148468 0.824555 0.064318
v -1.183271 0.824555 -0.024450
v -0.730844 0.951082 0.688748
v -0.730844 0.929994 0.688748
v -0.730844 0.908907 0.688748
v -0.730844 0.887819 0.688748
v -0.730844 0.866731 0.688748
v -0.730844 0.845643 0.688748
v -0.765646 0.824555 0.654945
v -0.800448 0.824555 0.618781
v -0.835250 0.824555 0.580086
v -0.870052 0.824555 0.538660
v -0.904854 0.824555 0.494265
v -0.939656 0.824555 0.446614
v -0.487229 0.951082 0.869277
v -0.487229 0.929994 0.869277
v -0.487229 0.908907 0.869278
v -0.487229 0.887819 0.869278
v -0.487229 0.866731 0.869278
v -0.487229 0.845643 0.869278
v -0.522031 0.824555 0.848864
v -0.556833 0.824555 0.826781
v -0.591635 0.824555 0.802965
v -0.626437 0.824555 0.777341
v -0.661239 0.824555 0.749830
v -0.696041 0.824555 0.720335
v -0.243614 0.951082 0.969382
v -0.243614 0.929994 0.969382
v -0.243614 0.908907 0.969382
v -0.243614 0.887819 0.969382
v -0.243614 0.866731 0.969382
v -0.243614 0.845643 0.969382
v -0.278417 0.824555 0.959410
v -0.313219 0.824555 0.948045
v -0.348021 0.824555 0.935261
v -0.382823 0.824555 0.921028
v -0.417625 0.824555 0.905313
v -0.452427 0.824555 0.888077
v 0.000000 0.951082 1.001599
v 0.000000 0.929994 1.001599
v 0.000000 0.908907 1.001599
v 0.000000 0.887819 1.001599
v 0.000000 0.866731 1.001599
v 0.000000 0.845643 1.001599
v -0.034802 0.824555 1.000947
v -0.069604 0.824555 0.998989
v -0.104406 0.824555 0.995722
v -0.139208 0.824555 0.991138
v -0.174010 0.824555 0.985229
v -0.208812 0.824555 0.977983
v 0.243615 0.951082 0.969382
v 0.243615 0.929994 0.969382
v 0.243615 0.908907 0.969382
v 0.243615 0.887819 0.969382
v 0.243615 0.866731 0.969382
v 0.243615 0.845643 0.969382
v 0.208812 0.824555 0.977983
v 0.174010 0.824555 0.985229
v 0.139208 0.824555 0.991138
v 0.104406 0.824555 0.995722
v 0.069604 0.824555 0.998989
v 0.034802 0.824555 1.000947
v 0.487229 0.951082 0.869277
v 0.487229 0.929994 0.869277
v 0.487229 0.908907 0.869278
v 0.487229 0.887819 0.869278
v 0.487229 0.866731 0.869278
v 0.487229 0.845643 0.869278
v 0.452427 0.824555 0.888077
v 0.417625 0.824555 0.905313
v 0.382823 0.824555 0.921028
v 0.348021 0.824555 0.935261
v 0.313219 0.824555 0.948045
v 0.278417 0.824555 0.959410
v 0.730844 0.951082 0.688748
v 0.730844 0.929994 0.688748
v 0.730844 0.908907 0.688748
v 0.730844 0.887819 0.688748
v 0.730844 0.866731 0.688748
v 0.730844 0.845643 0.688748
v 0.696042 0.824555 0.720335
v 0.661239 0.824555 0.749830
v 0.626437 0.824555 0.777341
v 0.591635 0.824555 0.802964
v 0.556833 0.824555 0.826781
v 0.522031 0.824555 0.848864
v 0.974458 0.951082 0.395357
v 0.974458 0.929994 0.395357
v 0.974458 0.908906 0.395357
v 0.974458 0.887819 0.395357
v 0.974458 0.866731 0.395357
v 0.974458 0.845643 0.395357
v 0.939656 0.824555 0.446614
v 0.904854 0.824555 0.494265
v 0.870052 0.824555 0.538660
v 0.835250 0.824555 0.580086
v 0.800448 0.824555 0.618781
v 0.765646 0.824555 0.654945
v 1.218073 0.951082 -0.126031
v 1.218073 0.929994 -0.126031
v 1.218073 0.908906 -0.126031
v 1.218073 0.887819 -0.126031
v 1.218073 0.866731 -0.126031
v 1.218073 0.845643 -0.126031
v 1.183271 0.824555 -0.024450
v 1.148468 0.824555 0.064318
v 1.113666 0.824555 0.143451
v 1.078864 0.824555 0.214948
v 1.044062 0.824555 0.280161
v 1.009260 0.824555 0.340057
v -1.218073 0.698028 -0.126031
v -1.218073 0.719116 -0.126031
v -1.218073 0.740203 -0.126031
v -1.218073 0.761291 -0.126031
v -1.218073 0.782379 -0.126031
v -1.218073 0.803467 -0.126031
v -0.974458 0.803467 0.395357
v -0.974458 0.782379 0.395357
v -0.974458 0.761291 0.395357
v -0.974458 0.740204 0.395357
v -0.974458 0.719116 0.395357
v -0.974458 0.698028 0.395357
v -1.009260 0.676940 0.340057
v -1.044062 0.676940 0.280161
v -1.078864 0.676940 0.214948
v -1.113666 0.676940 0.143452
v -1.148468 0.676940 0.064318
v -1.183271 0.676940 -0.024450
v -0.730844 0.803467 0.688748
v -0.730844 0.782379 0.688748
v -0.730844 0.761292 0.688748
v -0.730844 0.740204 0.688748
v -0.730844 0.719116 0.688748
v -0.730844 0.698028 0.688748
v -0.765646 0.676940 0.654945
v -0.800448 0.676940 0.618781
v -0.835250 0.676940 0.580086
v -0.870052 0.676940 0.538660
v -0.904854 0.676940 0.494265
v -0.939656 0.676940 0.446614
v -0.487229 0.803467 0.869278
v -0.487229 0.782379 0.869278
v -0.487229 0.761292 0.869278
v -0.487229 0.740204 0.869278
v -0.487229 0.719116 0.869278
v -0.487229 0.698028 0.869278
v -0.522031 0.676940 0.848864
v -0.556833 0.676940 0.826781
v -0.591635 0.676940 0.802965
v -0.626437 0.676940 0.777341
v -0.661239 0.676940 0.749830
v -0.696041 0.676940 0.720335
v -0.243614 0.803467 0.969382
v -0.243614 0.782379 0.969382
v -0.243614 0.761292 0.969382
v -0.243614 0.740204 0.969382
v -0.243614 0.719116 0.969382
v -0.243614 0.698028 0.969382
v -0.278417 0.676940 0.959410
v -0.313219 0.676940 0.948045
v -0.348021 0.676940 0.935261
v -0.382823 0.676940 0.921028
v -0.417625 0.676940 0.905313
v -0.452427 0.676940 0.888077
v 0.000000 0.803467 1.001599
v 0.000000 0.782379 1.001599
v 0.000000 0.761292 1.001599
v 0.000000 0.740204 1.001599
v 0.000000 0.719116 1.001599
v 0.000000 0.698028 1.001599
v -0.034802 0.676940 1.000947
v -0.069604 0.676940 0.998989
v -0.104406 0.676940 0.995722
v -0.139208 0.676940 0.991138
v -0.174010 0.676940 0.985229
v -0.208812 0.676940 0.977983
v 0.243615 0.803467 0.969382
v 0.243615 0.782379 0.969382
v 0.243615 0.761292 0.969382
v 0.243615 0.740204 0.969382
v 0.243615 0.719116 0.969382
v 0.243615 0.698028 0.969382
v 0.208812 0.676940 0.977983
v 0.174010 0.676940 0.985229
v 0.139208 0.676940 0.991138
v 0.104406 0.676940 0.995722
v 0.069604 0.676940 0.998989
v 0.034802 0.676940 1.000947
v 0.487229 0.803467 0.869278
v 0.487229 0.782379 0.869278
v 0.487229 0.761292 0.869278
v 0.487229 0.740204 0.869278
v 0.487229 0.719116 0.869278
v 0.487229 0.698028 0.869278
v 0.452427 0.676940 0.888077
v 0.417625 0.676940 0.905313
v 0.382823 0.676940 0.921028
v 0.348021 0.676940 0.935261
v 0.313219 0.676940 0.948045
v 0.278417 0.676940 0.959410
v 0.730844 0.803467 0.688748
v 0.730844 0.782379 0.688748
v 0.730844 0.761292 0.688748
v 0.730844 0.740204 0.688748
v 0.730844 0.719116 0.688748
v 0.730844 0.698028 0.688748
v 0.696042 0.676940 0.720335
v 0.661239 0.676940 0.749830
v 0.626437 0.676940 0.777341
v 0.591635 0.676940 0.802964
v 0.556833 0.676940 0.826781
v 0.522031 0.676940 0.848864
v 0.974458 0.803467 0.395357
v 0.974458 0.782379 0.395357
v 0.974458 0.761291 0.395357
v 0.974458 0.740204 0.395357
v 0.974458 0.719116 0.395357
v 0.974458 0.698028 0.395357
v 0.939656 0.676940 0.446614
v 0.904854 0.676940 0.494265
v 0.870052 0.676940 0.538660
v 0.835250 0.676940 0.580086
v 0.800448 0.676940 0.618781
v 0.765646 0.676940 0.654945
v 1.218073 0.803467 -0.126031
v 1.218073 0.782379 -0.126031
v 1.218073 0.761291 -0.126031
v 1.218073 0.740203 -0.126031
v 1.218073 0.719116 -0.126031
v 1.218073 0.698028 -0.126031
v 1.183271 0.676940 -0.024450
v 1.148468 0.676940 0.064318
v 1.113666 0.676940 0.143452
v 1.078864 0.676940 0.214948
v 1.044062 0.676940 0.280161
v 1.009260 0.676940 0.340057
v -1.218073 0.550413 -0.126031
v -1.218073 0.571501 -0.126031
v -1.218073 0.592588 -0.126031
v -1.218073 0.613676 -0.126031
v -1.218073 0.634764 -0.126031
v -1.218073 0.655852 -0.126031
v -0.974458 0.655852 0.395357
v -0.974458 0.634764 0.395357
v -0.974458 0.613676 0.395357
v -0.974458 0.592589 0.395357
v -0.974458 0.571501 0.395357
v -0.974458 0.550413 0.395357
v -1.009260 0.529325 0.340057
v -1.044062 0.529325 0.280161
v -1.078864 0.529325 0.214948
v -1.113666 0.529325 0.143452
v -1.148468 0.529325 0.064318
v -1.183271 0.529325 -0.024450
v -0.730844 0.655852 0.688748
v -0.730844 0.634764 0.688748
v -0.730844 0.613676 0.688748
v -0.730844 0.592589 0.688748
v -0.730844 0.571501 0.688748
v -0.730844 0.550413 0.688748
v -0.765646 0.529325 0.654945
v -0.800448 0.529325 0.618781
v -0.835250 0.529325 0.580086
v -0.870052 0.529325 0.538660
v -0.904854 0.529325 0.494265
v -0.939656 0.529325 0.446614
v -0.487229 0.655852 0.869278
v -0.487229 0.634764 0.869278
v -0.487229 0.613676 0.869278
v -0.487229 0.592589 0.869278
v -0.487229 0.571501 0.869278
v -0.487229 0.550413 0.869278
v -0.522031 0.529325 0.848864
v -0.556833 0.529325 0.826781
v -0.591635 0.529325 0.802965
v -0.626437 0.529325 0.777342
v -0.661239 0.529325 0.749830
v -0.696041 0.529325 0.720335
v -0.243614 0.655852 0.969382
v -0.243614 0.634764 0.969382
v -0.243614 0.613676 0.969382
v -0.243614 0.592589 0.969382
v -0.243614 0.571501 0.969382
v -0.243614 0.550413 0.969382
v -0.278417 0.529325 0.959410
v -0.313219 0.529325 0.948045
v -0.348021 0.529325 0.935261
v -0.382823 0.529325 0.921028
v -0.417625 0.529325 0.905313
v -0.452427 0.529325 0.888077
v 0.000000 0.655852 1.001599
v 0.000000 0.634764 1.001599
v 0.000000 0.613676 1.001599
v 0.000000 0.592589 1.001599
v 0.000000 0.571501 1.001599
v 0.000000 0.550413 1.001599
v -0.034802 0.529325 1.000947
v -0.069604 0.529325 0.998989
v -0.104406 0.529325 0.995722
v -0.139208 0.529325 0.991139
v -0.174010 0.529325 0.985230
v -0.208812 0.529325 0.977983
v 0.243615 0.655852 0.969382
v 0.243615 0.634764 0.969382
v 0.243615 0.613676 0.969382
v 0.243615 0.592589 0.969382
v 0.243615 0.571501 0.969382
v 0.243615 0.550413 0.969382
v 0.208812 0.529325 0.977983
v 0.174010 0.529325 0.985230
v 0.139208 0.529325 0.991139
v 0.104406 0.529325 0.995722
v 0.069604 0.529325 0.998989
v 0.034802 0.529325 1.000947
v 0.487229 0.655852 0.869278
v 0.487229 0.634764 0.869278
v 0.487229 0.613676 0.869278
v 0.487229 0.592589 0.869278
v 0.487229 0.571501 0.869278
v 0.487229 0.550413 0.869278
v 0.452427 0.529325 0.888077
v 0.417625 0.529325 0.905313
v 0.382823 0.529325 0.921028
v 0.348021 0.529325 0.935261
v 0.313219 0.529325 0.948045
v 0.278417 0.529325 0.959410
v 0.730844 0.655852 0.688748
v 0.730844 0.634764 0.688748
v 0.730844 0.613676 0.688748
v 0.730844 0.592589 0.688748
v 0.730844 0.571501 0.688748
v 0.730844 0.550413 0.688748
v 0.696042 0.529325 0.720335
v 0.661239 0.529325 0.749830
v 0.626437 0.529325 0.777342
v 0.591635 0.529325 0.802964
v 0.556833 0.529325 0.826781
v 0.522031 0.529325 0.848864
v 0.974458 0.655852 0.395357
v 0.974458 0.634764 0.395357
v 0.974458 0.613676 0.395357
v 0.974458 0.592589 0.395357
v 0.974458 0.571501 0.395357
v 0.974458 0.550413 0.395357
v 0.939656 0.529325 0.446614
v 0.904854 0.529325 0.494265
v 0.870052 0.529325 0.538660
v 0.835250 0.529325 0.580086
v 0.800448 0.529325 0.618781
v 0.765646 0.529325 0.654945
v 1.218073 0.655852 -0.126031
v 1.218073 0.634764 -0.126031
v 1.218073 0.613676 -0.126031
v 1.218073 0.592588 -0.126031
v 1.218073 0.571501 -0.126031
v 1.218073 0.550413 -0.126031
v 1.183271 0.529325 -0.024450
v 1.148468 0.529325 0.064318
v 1.113666 0.529325 0.143452
v 1.078864 0.529325 0.214948
v 1.044062 0.529325 0.280161
v 1.009260 0.529325 0.340057
v -1.218073 0.402798 -0.126031
v -1.218073 0.423886 -0.126031
v -1.218073 0.444973 -0.126031
v -1.218073 0.466061 -0.126031
v -1.218073 0.487149 -0.126031
v -1.218073 0.508237 -0.126031
v -0.974458 0.508237 0.395357
v -0.974458 0.487149 0.395357
v -0.974458 0.466061 0.395357
v -0.974458 0.444974 0.395357
v -0.974458 0.423886 0.395357
v -0.974458 0.402798 0.395357
v -1.009260 0.381710 0.340057
v -1.044062 0.381710 0.280161
v -1.078864 0.381710 0.214948
v -1.113666 0.381710 0.143452
v -1.148468 0.381710 0.064318
v -1.183271 0.381710 -0.024450
v -0.730844 0.508237 0.688748
v -0.730844 0.487149 0.688748
v -0.730844 0.466061 0.688748
v -0.730844 0.444974 0.688748
v -0.730844 0.423886 0.688748
v -0.730844 0.402798 0.688748
v -0.765646 0.381710 0.654945
v -0.800448 0.381710 0.618781
v -0.835250 0.381710 0.580086
v -0.870052 0.381710 0.538660
v -0.904854 0.381710 0.494265
v -0.939656 0.381710 0.446614
v -0.487229 0.508237 0.869278
v -0.487229 0.487149 0.869278
v -0.487229 0.466061 0.869278
v -0.487229 0.444974 0.869278
v -0.487229 0.423886 0.869278
v -0.487229 0.402798 0.869278
v -0.522031 0.381710 0.848864
v -0.556833 0.381710 0.826781
v -0.591635 0.381710 0.802965
v -0.626437 0.381710 0.777342
v -0.661239 0.381710 0.749830
v -0.696041 0.381710 0.720335
v -0.243614 0.508237 0.969382
v -0.243614 0.487149 0.969382
v -0.243614 0.466061 0.969382
v -0.243614 0.444974 0.969382
v -0.243614 0.423886 0.969382
v -0.243614 0.402798 0.969382
v -0.278417 0.381710 0.959410
v -0.313219 0.381710 0.948045
v -0.348021 0.381710 0.935261
v -0.382823 0.381710 0.921028
v -0.417625 0.381710 0.905313
v -0.452427 0.381710 0.888077
v 0.000000 0.508237 1.001599
v 0.000000 0.487149 1.001599
v 0.000000 0.466061 1.001599
v 0.000000 0.444974 1.001599
v 0.000000 0.423886 1.001599
v 0.000000 0.402798 1.001599
v -0.034802 0.381710 1.000947
v -0.069604 0.381710 0.998989
v -0.104406 0.381710 0.995722
v -0.139208 0.381710 0.991139
v -0.174010 0.381710 0.985230
v -0.208812 0.381710 0.977983
v 0.243615 0.508237 0.969382
v 0.243615 0.487149 0.969382
v 0.243615 0.466061 0.969382
v 0.243615 0.444974 0.969382
v 0.243615 0.423886 0.969382
v 0.243615 0.402798 0.969382
v 0.208812 0.381710 0.977983
v 0.174010 0.381710 0.985230
v 0.139208 0.381710 0.991139
v 0.104406 0.381710 0.995722
v 0.069604 0.381710 0.998989
v 0.034802 0.381710 1.000947
v 0.487229 0.508237 0.869278
v 0.487229 0.487149 0.869278
v 0.487229 0.466061 0.869278
v 0.487229 0.444974 0.869278
v 0.487229 0.423886 0.869278
v 0.487229 0.402798 0.869278
v 0.452427 0.381710 0.888077
v 0.417625 0.381710 0.905313
v 0.382823 0.381710 0.921028
v 0.348021 0.381710 0.935261
v 0.313219 0.381710 0.948045
v 0.278417 0.381710 0.959410
v 0.730844 0.508237 0.688748
v 0.730844 0.487149 0.688748
v 0.730844 0.466061 0.688748
v 0.730844 0.444974 0.688748
v 0.730844 0.423886 0.688748
v 0.730844 0.402798 0.688748
v 0.696042 0.381710 0.720335
v 0.661239 0.381710 0.749830
v 0.626437 0.381710 0.777342
v 0.591635 0.381710 0.802964
v 0.556833 0.381710 0.826781
v 0.522031 0.381710 0.848864
v 0.974458 0.508237 0.395357
v 0.974458 0.487149 0.395357
v 0.974458 0.466061 0.395357
v 0.974458 0.444974 0.395357
v 0.974458 0.423886 0.395357
v 0.974458 0.402798 0.395357
v 0.939656 0.381710 0.446614
v 0.904854 0.381710 0.494265
v 0.870052 0.381710 0.538660
v 0.835250 0.381710 0.580086
v 0.800448 0.381710 0.618781
v 0.765646 0.381710 0.654945
v 1.218073 0.508237 -0.126031
v 1.218073 0.487149 -0.126031
v 1.218073 0.466061 -0.126031
v 1.218073 0.444973 -0.126031
v 1.218073 0.423886 -0.126031
v 1.218073 0.402798 -0.126031
v 1.183271 0.381710 -0.024450
v 1.148468 0.381710 0.064318
v 1.113666 0.381710 0.143452
v 1.078864 0.381710 0.214948
v 1.044062 0.381710 0.280161
v 1.009260 0.381710 0.340057
v -1.218073 0.255183 -0.126031
v -1.218073 0.276271 -0.126031
v -1.218073 0.297358 -0.126031
v -1.218073 0.318446 -0.126031
v -1.218073 0.339534 -0.126031
v -1.218073 0.360622 -0.126031
v -0.974458 0.360622 0.395357
v -0.974458 0.339534 0.395357
v -0.974458 0.318446 0.395357
v -0.974458 0.297359 0.395357
v -0.974458 0.276271 0.395357
v -0.974458 0.255183 0.395357
v -1.009260 0.234095 0.340057
v -1.044062 0.234095 0.280161
v -1.078864 0.234095 0.214948
v -1.113666 0.234095 0.143452
v -1.148468 0.234095 0.064318
v -1.183271 0.234095 -0.024450
v -0.730844 0.360622 0.688748
v -0.730844 0.339534 0.688748
v -0.730844 0.318446 0.688748
v -0.730844 0.297359 0.688748
v -0.730844 0.276271 0.688748
v -0.730844 0.255183 0.688748
v -0.765646 0.234095 0.654945
v -0.800448 0.234095 0.618781
v -0.835250 0.234095 0.580086
v -0.870052 0.234095 0.538660
v -0.904854 0.234095 0.494265
v -0.939656 0.234095 0.446614
v -0.487229 0.360622 0.869278
v -0.487229 0.339534 0.869278
v -0.487229 0.318446 0.869278
v -0.487229 0.297359 0.869278
v -0.487229 0.276271 0.869278
v -0.487229 0.255183 0.869278
v -0.522031 0.234095 0.848864
v -0.556833 0.234095 0.826781
v -0.591635 0.234095 0.802965
v -0.626437 0.234095 0.777342
v -0.661239 0.234095 0.749830
v -0.696041 0.234095 0.720335
v -0.243614 0.360622 0.969382
v -0.243614 0.339534 0.969382
v -0.243614 0.318446 0.969382
v -0.243614 0.297359 0.969382
v -0.243614 0.276271 0.969382
v -0.243614 0.255183 0.969382
v -0.278417 0.234095 0.959410
v -0.313219 0.234095 0.948045
v -0.348021 0.234095 0.935261
v -0.382823 0.234095 0.921028
v -0.417625 0.234095 0.905313
v -0.452427 0.234095 0.888077
v 0.000000 0.360622 1.001599
v 0.000000 0.339534 1.001599
v 0.000000 0.318446 1.001599
v 0.000000 0.297359 1.001599
v 0.000000 0.276271 1.001599
v 0.000000 0.255183 1.001599
v -0.034802 0.234095 1.000947
v -0.069604 0.234095 0.998989
v -0.104406 0.234095 0.995722
v -0.139208 0.234095 0.991139
v -0.174010 0.234095 0.985230
v -0.208812 0.234095 0.977983
v 0.243615 0.360622 0.969382
v 0.243615 0.339534 0.969382
v 0.243615 0.318446 0.969382
v 0.243615 0.297359 0.969382
v 0.243615 0.276271 0.969382
v 0.243615 0.255183 0.969382
v 0.208812 0.234095 0.977983
v 0.174010 0.234095 0.985230
v 0.139208 0.234095 0.991139
v 0.104406 0.234095 0.995722
v 0.069604 0.234095 0.998989
v 0.034802 0.234095 1.000947
v 0.487229 0.360622 0.869278
v 0.487229 0.339534 0.869278
v 0.487229 0.318446 0.869278
v 0.487229 0.297359 0.869278
v 0.487229 0.276271 0.869278
v 0.487229 0.255183 0.869278
v 0.452427 0.234095 0.888077
v 0.417625 0.234095 0.905313
v 0.382823 0.234095 0.921028
v 0.348021 0.234095 0.935261
v 0.313219 0.234095 0.948045
v 0.278417 0.234095 0.959410
v 0.730844 0.360622 0.688748
v 0.730844 0.339534 0.688748
v 0.730844 0.318446 0.688748
v 0.730844 0.297359 0.688748
v 0.730844 0.276271 0.688748
v 0.730844 0.255183 0.688748
v 0.696042 0.234095 0.720335
v 0.661239 0.234095 0.749830
v 0.626437 0.234095 0.777342
v 0.591635 0.234095 0.802964
v 0.556833 0.234095 0.826781
v 0.522031 0.234095 0.848864
v 0.974458 0.360622 0.395357
v 0.974458 0.339534 0.395357
v 0.974458 0.318446 0.395357
v 0.974458 0.297359 0.395357
v 0.974458 0.276271 0.395357
v 0.974458 0.255183 0.395357
v 0.939656 0.234095 0.446614
v 0.904854 0.234095 0.494265
v 0.870052 0.234095 0.538660
v 0.835250 0.234095 0.580086
v 0.800448 0.234095 0.618781
v 0.765646 0.234095 0.654945
v 1.218073 0.360622 -0.126031
v 1.218073 0.339534 -0.126031
v 1.218073 0.318446 -0.126031
v 1.218073 0.297358 -0.126031
v 1.218073 0.276271 -0.126031
v 1.218073 0.255183 -0.126031
v 1.183271 0.234095 -0.024450
v 1.148468 0.234095 0.064318
v 1.113666 0.234095 0.143452
v 1.078864 0.234095 0.214948
v 1.044062 0.234095 0.280161
v 1.009260 0.234095 0.340057
v -1.218073 0.107568 -0.126031
v -1.218073 0.128656 -0.126031
v -1.218073 0.149743 -0.126031
v -1.218073 0.170831 -0.126031
v -1.218073 0.191919 -0.126031
v -1.218073 0.213007 -0.126031
v -0.974458 0.213007 0.395357
v -0.974458 0.191919 0.395357
v -0.974458 0.170831 0.395357
v -0.974458 0.149743 0.395357
v -0.974458 0.128656 0.395357
v -0.974458 0.107568 0.395357
v -1.009260 0.086480 0.340057
v -1.044062 0.086480 0.280161
v -1.078864 0.086480 0.214948
v -1.113666 0.086480 0.143452
v -1.148468 0.086480 0.064318
v -1.183271 0.086480 -0.024449
v -0.730844 0.213007 0.688748
v -0.730844 0.191919 0.688748
v -0.730844 0.170831 0.688748
v -0.730844 0.149744 0.688748
v -0.730844 0.128656 0.688748
v -0.730844 0.107568 0.688748
v -0.765646 0.086480 0.654945
v -0.800448 0.086480 0.618781
v -0.835250 0.086480 0.580086
v -0.870052 0.086480 0.538660
v -0.904854 0.086480 0.494265
v -0.939656 0.086480 0.446614
v -0.487229 0.213007 0.869278
v -0.487229 0.191919 0.869278
v -0.487229 0.170831 0.869278
v -0.487229 0.149744 0.869278
v -0.487229 0.128656 0.869278
v -0.487229 0.107568 0.869278
v -0.522031 0.086480 0.848865
v -0.556833 0.086480 0.826781
v -0.591635 0.086480 0.802965
v -0.626437 0.086480 0.777342
v -0.661239 0.086480 0.749830
v -0.696041 0.086480 0.720335
v -0.243614 0.213007 0.969382
v -0.243614 0.191919 0.969382
v -0.243614 0.170831 0.969382
v -0.243614 0.149744 0.969382
v -0.243614 0.128656 0.969382
v -0.243614 0.107568 0.969382
v -0.278417 0.086480 0.959411
v -0.313219 0.086480 0.948045
v -0.348021 0.086480 0.935261
v -0.382823 0.086480 0.921028
v -0.417625 0.086480 0.905313
v -0.452427 0.086480 0.888077
v 0.000000 0.213007 1.001599
v 0.000000 0.191919 1.001599
v 0.000000 0.170831 1.001599
v 0.000000 0.149744 1.001599
v 0.000000 0.128656 1.001599
v 0.000000 0.107568 1.001599
v -0.034802 0.086480 1.000947
v -0.069604 0.086480 0.998989
v -0.104406 0.086480 0.995722
v -0.139208 0.086480 0.991139
v -0.174010 0.086480 0.985230
v -0.208812 0.086480 0.977983
v 0.243615 0.213007 0.969382
v 0.243615 0.191919 0.969382
v 0.243615 0.170831 0.969382
v 0.243615 0.149744 0.969382
v 0.243615 0.128656 0.969382
v 0.243615 0.107568 0.969382
v 0.208812 0.086480 0.977983
v 0.174010 0.086480 0.985230
v 0.139208 0.086480 0.991139
v 0.104406 0.086480 0.995722
v 0.069604 0.086480 0.998989
v 0.034802 0.086480 1.000947
v 0.487229 0.213007 0.869278
v 0.487229 0.191919 0.869278
v 0.487229 0.170831 0.869278
v 0.487229 0.149744 0.869278
v 0.487229 0.128656 0.869278
v 0.487229 0.107568 0.869278
v 0.452427 0.086480 0.888077
v 0.417625 0.086480 0.905313
v 0.382823 0.086480 0.921028
v 0.348021 0.086480 0.935261
v 0.313219 0.086480 0.948045
v 0.278417 0.086480 0.959411
v 0.730844 0.213007 0.688748
v 0.730844 0.191919 0.688748
v 0.730844 0.170831 0.688748
v 0.730844 0.149744 0.688748
v 0.730844 0.128656 0.688748
v 0.730844 0.107568 0.688748
v 0.696042 0.086480 0.720335
v 0.661239 0.086480 0.749830
v 0.626437 0.086480 0.777342
v 0.591635 0.086480 0.802965
v 0.556833 0.086480 0.826781
v 0.522031 0.086480 0.848865
v 0.974458 0.213007 0.395357
v 0.974458 0.191919 0.395357
v 0.974458 0.170831 0.395357
v 0.974458 0.149743 0.395357
v 0.974458 0.128656 0.395357
v 0.974458 0.107568 0.395357
v 0.939656 0.086480 0.446614
v 0.904854 0.086480 0.494265
v 0.870052 0.086480 0.538660
v 0.835250 0.086480 0.580086
v 0.800448 0.086480 0.618781
v 0.765646 0.086480 0.654945
v 1.218073 0.213007 -0.126031
v 1.218073 0.191919 -0.126031
v 1.218073 0.170831 -0.126031
v 1.218073 0.149743 -0.126031
v 1.218073 0.128656 -0.126031
v 1.218073 0.107568 -0.126031
v 1.183271 0.086480 -0.024449
v 1.148468 0.086480 0.064318
v 1.113666 0.086480 0.143452
v 1.078864 0.086480 0.214948
v 1.044062 0.086480 0.280161
v 1.009260 0.086480 0.340057
v -1.218073 -0.040047 -0.126031
v -1.218073 -0.018959 -0.126031
v -1.218073 0.002128 -0.126031
v -1.218073 0.023216 -0.126031
v -1.218073 0.044304 -0.126031
v -1.218073 0.065392 -0.126031
v -0.974458 0.065392 0.395357
v -0.974458 0.044304 0.395357
v -0.974458 0.023216 0.395357
v -0.974458 0.002129 0.395357
v -0.974458 -0.018959 0.395357
v -0.974458 -0.040047 0.395357
v -1.009260 -0.061135 0.340057
v -1.044062 -0.061135 0.280161
v -1.078864 -0.061135 0.214948
v -1.113666 -0.061135 0.143452
v -1.148468 -0.061135 0.064318
v -1.183271 -0.061135 -0.024450
v -0.730844 0.065392 0.688748
v -0.730844 0.044304 0.688748
v -0.730844 0.023217 0.688748
v -0.730844 0.002129 0.688748
v -0.730844 -0.018959 0.688748
v -0.730844 -0.040047 0.688748
v -0.765646 -0.061135 0.654945
v -0.800448 -0.061135 0.618781
v -0.835250 -0.061135 0.580086
v -0.870052 -0.061135 0.538660
v -0.904854 -0.061135 0.494265
v -0.939656 -0.061135 0.446614
v -0.487229 0.065392 0.869278
v -0.487229 0.044304 0.869278
v -0.487229 0.023217 0.869278
v -0.487229 0.002129 0.869278
v -0.487229 -0.018959 0.869278
v -0.487229 -0.040047 0.869278
v -0.522031 -0.061135 0.848865
v -0.556833 -0.061135 0.826781
v -0.591635 -0.061135 0.802965
v -0.626437 -0.061135 0.777342
v -0.661239 -0.061135 0.749830
v -0.696041 -0.061135 0.720335
v -0.243614 0.065392 0.969382
v -0.243614 0.044304 0.969382
v -0.243614 0.023217 0.969382
v -0.243614 0.002129 0.969382
v -0.243614 -0.018959 0.969382
v -0.243614 -0.040047 0.969382
v -0.278417 -0.061135 0.959411
v -0.313219 -0.061135 0.948045
v -0.348021 -0.061135 0.935261
v -0.382823 -0.061135 0.921028
v -0.417625 -0.061135 0.905313
v -0.452427 -0.061135 0.888077
v 0.000000 0.065392 1.001599
v 0.000000 0.044304 1.001599
v 0.000000 0.023217 1.001599
v 0.000000 0.002129 1.001599
v 0.000000 -0.018959 1.001599
v 0.000000 -0.040047 1.001599
v -0.034802 -0.061135 1.000947
v -0.069604 -0.061135 0.998989
v -0.104406 -0.061135 0.995722
v -0.139208 -0.061135 0.991139
v -0.174010 -0.061135 0.985230
v -0.208812 -0.061135 0.977983
v 0.243615 0.065392 0.969382
v 0.243615 0.044304 0.969382
v 0.243615 0.023217 0.969382
v 0.243615 0.002129 0.969382
v 0.243615 -0.018959 0.969382
v 0.243615 -0.040047 0.969382
v 0.208812 -0.061135 0.977983
v 0.174010 -0.061135 0.985230
v 0.139208 -0.061135 0.991139
v 0.104406 -0.061135 0.995722
v 0.069604 -0.061135 0.998989
v 0.034802 -0.061135 1.000947
v 0.487229 0.065392 0.869278
v 0.487229 0.044304 0.869278
v 0.487229 0.023217 0.869278
v 0.487229 0.002129 0.869278
v 0.487229 -0.018959 0.869278
v 0.487229 -0.040047 0.869278
v 0.452427 -0.061135 0.888077
v 0.417625 -0.061135 0.905313
v 0.382823 -0.061135 0.921028
v 0.348021 -0.061135 0.935261
v 0.313219 -0.061135 0.948045
v 0.278417 -0.061135 0.959411
v 0.730844 0.065392 0.688748
v 0.730844 0.044304 0.688748
v 0.730844 0.023217 0.688748
v 0.730844 0.002129 0.688748
v 0.730844 -0.018959 0.688748
v 0.730844 -0.040047 0.688748
v 0.696042 -0.061135 0.720335
v 0.661239 -0.061135 0.749830
v 0.626437 -0.061135 0.777342
v 0.591635 -0.061135 0.802965
v 0.556833 -0.061135 0.826781
v 0.522031 -0.061135 0.848865
v 0.974458 0.065392 0.395357
v 0.974458 0.044304 0.395357
v 0.974458 0.023216 0.395357
v 0.974458 0.002129 0.395357
v 0.974458 -0.018959 0.395357
v 0.974458 -0.040047 0.395357
v 0.939656 -0.061135 0.446614
v 0.904854 -0.061135 0.494265
v 0.870052 -0.061135 0.538660
v 0.835250 -0.061135 0.580086
v 0.800448 -0.061135 0.618781
v 0.765646 -0.061135 0.654945
v 1.218073 0.065392 -0.126031
v 1.218073 0.044304 -0.126031
v 1.218073 0.023216 -0.126031
v 1.218073 0.002129 -0.126031
v 1.218073 -0.018959 -0.126031
v 1.218073 -0.040047 -0.126031
v 1.183271 -0.061135 -0.024450
v 1.148468 -0.061135 0.064318
v 1.113666 -0.061135 0.143452
v 1.078864 -0.061135 0.214948
v 1.044062 -0.061135 0.280161
v 1.009260 -0.061135 0.340057
v -1.218073 -0.187662 -0.126031
v -1.218073 -0.166574 -0.126031
v -1.218073 -0.145487 -0.126031
v -1.218073 -0.124399 -0.126031
v -1.218073 -0.103311 -0.126031
v -1.218073 -0.082223 -0.126031
v -0.974458 -0.082223 0.395357
v -0.974458 -0.103311 0.395357
v -0.974458 -0.124399 0.395357
v -0.974458 -0.145487 0.395357
v -0.974458 -0.166574 0.395357
v -0.974458 -0.187662 0.395357
v -1.009260 -0.208750 0.340057
v -1.044062 -0.208750 0.280161
v -1.078864 -0.208750 0.214949
v -1.113666 -0.208750 0.143452
v -1.148468 -0.208750 0.064318
v -1.183271 -0.208750 -0.024449
v -0.730844 -0.082223 0.688748
v -0.730844 -0.103311 0.688748
v -0.730844 -0.124399 0.688748
v -0.730844 -0.145486 0.688748
v -0.730844 -0.166574 0.688748
v -0.730844 -0.187662 0.688748
v -0.765646 -0.208750 0.654946
v -0.800448 -0.208750 0.618781
v -0.835250 -0.208750 0.580086
v -0.870052 -0.208750 0.538660
v -0.904854 -0.208750 0.494265
v -0.939656 -0.208750 0.446614
v -0.487229 -0.082223 0.869278
v -0.487229 -0.103311 0.869278
v -0.487229 -0.124399 0.869278
v -0.487229 -0.145486 0.869278
v -0.487229 -0.166574 0.869278
v -0.487229 -0.187662 0.869278
v -0.522031 -0.208750 0.848865
v -0.556833 -0.208750 0.826781
v -0.591635 -0.208750 0.802965
v -0.626437 -0.208750 0.777342
v -0.661239 -0.208750 0.749830
v -0.696041 -0.208750 0.720335
v -0.243614 -0.082223 0.969382
v -0.243614 -0.103311 0.969382
v -0.243614 -0.124399 0.969382
v -0.243614 -0.145486 0.969382
v -0.243614 -0.166574 0.969382
v -0.243614 -0.187662 0.969383
v -0.278417 -0.208750 0.959411
v -0.313219 -0.208750 0.948045
v -0.348021 -0.208750 0.935261
v -0.382823 -0.208750 0.921028
v -0.417625 -0.208750 0.905313
v -0.452427 -0.208750 0.888078
v 0.000000 -0.082223 1.001599
v 0.000000 -0.103311 1.001599
v 0.000000 -0.124399 1.001599
v 0.000000 -0.145486 1.001599
v 0.000000 -0.166574 1.001599
v 0.000000 -0.187662 1.001599
v -0.034802 -0.208750 1.000947
v -0.069604 -0.208750 0.998989
v -0.104406 -0.208750 0.995722
v -0.139208 -0.208750 0.991139
v -0.174010 -0.208750 0.985230
v -0.208812 -0.208750 0.977983
v 0.243615 -0.082223 0.969382
v 0.243615 -0.103311 0.969382
v 0.243615 -0.124399 0.969382
v 0.243615 -0.145486 0.969382
v 0.243615 -0.166574 0.969382
v 0.243615 -0.187662 0.969383
v 0.208812 -0.208750 0.977983
v 0.174010 -0.208750 0.985230
v 0.139208 -0.208750 0.991139
v 0.104406 -0.208750 0.995722
v 0.069604 -0.208750 0.998989
v 0.034802 -0.208750 1.000947
v 0.487229 -0.082223 0.869278
v 0.487229 -0.103311 0.869278
v 0.487229 -0.124399 0.869278
v 0.487229 -0.145486 0.869278
v 0.487229 -0.166574 0.869278
v 0.487229 -0.187662 0.869278
v 0.452427 -0.208750 0.888078
v 0.417625 -0.208750 0.905313
v 0.382823 -0.208750 0.921028
v 0.348021 -0.208750 0.935261
v 0.313219 -0.208750 0.948045
v 0.278417 -0.208750 0.959411
v 0.730844 -0.082223 0.688748
v 0.730844 -0.103311 0.688748
v 0.730844 -0.124399 0.688748
v 0.730844 -0.145486 0.688748
v 0.730844 -0.166574 0.688748
v 0.730844 -0.187662 0.688748
v 0.696042 -0.208750 0.720335
v 0.661239 -0.208750 0.749830
v 0.626437 -0.208750 0.777342
v 0.591635 -0.208750 0.802965
v 0.556833 -0.208750 0.826781
v 0.522031 -0.208750 0.848865
v 0.974458 -0.082223 0.395357
v 0.974458 -0.103311 0.395357
v 0.974458 -0.124399 0.395357
v 0.974458 -0.145487 0.395357
v 0.974458 -0.166574 0.395357
v 0.974458 -0.187662 0.395357
v 0.939656 -0.208750 0.446614
v 0.904854 -0.208750 0.494265
v 0.870052 -0.208750 0.538660
v 0.835250 -0.208750 0.580086
v 0.800448 -0.208750 0.618781
v 0.765646 -0.208750 0.654946
v 1.218073 -0.082223 -0.126031
v 1.218073 -0.103311 -0.126031
v 1.218073 -0.124399 -0.126031
v 1.218073 -0.145487 -0.126031
v 1.218073 -0.166574 -0.126031
v 1.218073 -0.187662 -0.126031
v 1.183271 -0.208750 -0.024449
v 1.148468 -0.208750 0.064318
v 1.113666 -0.208750 0.143452
v 1.078864 -0.208750 0.214949
v 1.044062 -0.208750 0.280161
v 1.009260 -0.208750 0.340057
v -1.218073 -0.335277 -0.126031
v -1.218073 -0.314189 -0.126031
v -1.218073 -0.293102 -0.126031
v -1.218073 -0.272014 -0.126031
v -1.218073 -0.250926 -0.126031
v -1.218073 -0.229838 -0.126031
v -0.974458 -0.229838 0.395357
v -0.974458 -0.250926 0.395357
v -0.974458 -0.272014 0.395357
v -0.974458 -0.293102 0.395357
v -0.974458 -0.314189 0.395357
v -0.974458 -0.335277 0.395357
v -1.009260 -0.356365 0.340057
v -1.044062 -0.356365 0.280161
v -1.078864 -0.356365 0.214948
v -1.113666 -0.356365 0.143452
v -1.148468 -0.356365 0.064318
v -1.183271 -0.356365 -0.024449
v -0.730844 -0.229838 0.688748
v -0.730844 -0.250926 0.688748
v -0.730844 -0.272014 0.688748
v -0.730844 -0.293102 0.688748
v -0.730844 -0.314189 0.688748
v -0.730844 -0.335277 0.688748
v -0.765646 -0.356365 0.654945
v -0.800448 -0.356365 0.618781
v -0.835250 -0.356365 0.580086
v -0.870052 -0.356365 0.538660
v -0.904854 -0.356365 0.494265
v -0.939656 -0.356365 0.446615
v -0.487229 -0.229838 0.869278
v -0.487229 -0.250926 0.869278
v -0.487229 -0.272014 0.869278
v -0.487229 -0.293102 0.869278
v -0.487229 -0.314189 0.869278
v -0.487229 -0.335277 0.869278
v -0.522031 -0.356365 0.848865
v -0.556833 -0.356365 0.826781
v -0.591635 -0.356365 0.802965
v -0.626437 -0.356365 0.777342
v -0.661239 -0.356365 0.749830
v -0.696041 -0.356365 0.720335
v -0.243614 -0.229838 0.969383
v -0.243614 -0.250926 0.969383
v -0.243614 -0.272014 0.969383
v -0.243614 -0.293102 0.969383
v -0.243614 -0.314189 0.969383
v -0.243614 -0.335277 0.969383
v -0.278417 -0.356365 0.959411
v -0.313219 -0.356365 0.948045
v -0.348021 -0.356365 0.935261
v -0.382823 -0.356365 0.921028
v -0.417625 -0.356365 0.905313
v -0.452427 -0.356365 0.888077
v 0.000000 -0.229838 1.001599
v 0.000000 -0.250926 1.001599
v 0.000000 -0.272014 1.001599
v 0.000000 -0.293102 1.001599
v 0.000000 -0.314189 1.001599
v 0.000000 -0.335277 1.001599
v -0.034802 -0.356365 1.000947
v -0.069604 -0.356365 0.998989
v -0.104406 -0.356365 0.995722
v -0.139208 -0.356365 0.991139
v -0.174010 -0.356365 0.985230
v -0.208812 -0.356365 0.977983
v 0.243615 -0.229838 0.969383
v 0.243615 -0.250926 0.969383
v 0.243615 -0.272014 0.969383
v 0.243615 -0.293102 0.969383
v 0.243615 -0.314189 0.969383
v 0.243615 -0.335277 0.969383
v 0.208812 -0.356365 0.977983
v 0.174010 -0.356365 0.985230
v 0.139208 -0.356365 0.991139
v 0.104406 -0.356365 0.995722
v 0.069604 -0.356365 0.998989
v 0.034802 -0.356365 1.000947
v 0.487229 -0.229838 0.869278
v 0.487229 -0.250926 0.869278
v 0.487229 -0.272014 0.869278
v 0.487229 -0.293102 0.869278
v 0.487229 -0.314189 0.869278
v 0.487229 -0.335277 0.869278
v 0.452427 -0.356365 0.888077
v 0.417625 -0.356365 0.905313
v 0.382823 -0.356365 0.921028
v 0.348021 -0.356365 0.935261
v 0.313219 -0.356365 0.948045
v 0.278417 -0.356365 0.959411
v 0.730844 -0.229838 0.688748
v 0.730844 -0.250926 0.688748
v 0.730844 -0.272014 0.688748
v 0.730844 -0.293102 0.688748
v 0.730844 -0.314189 0.688748
v 0.730844 -0.335277 0.688748
v 0.696042 -0.356365 0.720335
v 0.661239 -0.356365 0.749830
v 0.626437 -0.356365 0.777342
v 0.591635 -0.356365 0.802965
v 0.556833 -0.356365 0.826781
v 0.522031 -0.356365 0.848865
v 0.974458 -0.229838 0.395357
v 0.974458 -0.250926 0.395357
v 0.974458 -0.272014 0.395357
v 0.974458 -0.293102 0.395357
v 0.974458 -0.314189 0.395357
v 0.974458 -0.335277 0.395357
v 0.939656 -0.356365 0.446614
v 0.904854 -0.356365 0.494265
v 0.870052 -0.356365 0.538660
v 0.835250 -0.356365 0.580086
v 0.800448 -0.356365 0.618781
v 0.765646 -0.356365 0.654945
v 1.218073 -0.229838 -0.126031
v 1.218073 -0.250926 -0.126031
v 1.218073 -0.272014 -0.126031
v 1.218073 -0.293102 -0.126031
v 1.218073 -0.314189 -0.126031
v 1.218073 -0.335277 -0.126031
v 1.183271 -0.356365 -0.024449
v 1.148468 -0.356365 0.064318
v 1.113666 -0.356365 0.143452
v 1.078864 -0.356365 0.214948
v 1.044062 -0.356365 0.280161
v 1.009260 -0.356365 0.340057
v 1.009260 -0.229838 0.340057
v 1.009260 -0.250926 0.340057
v 1.009260 -0.272014 0.340057
v 1.009260 -0.293102 0.340057
v 1.009260 -0.314189 0.340057
v 1.009260 -0.335277 0.340057
v 1.044062 -0.229838 0.280161
v 1.044062 -0.250926 0.280161
v 1.044062 -0.272014 0.280161
v 1.044062 -0.293102 0.280161
v 1.044062 -0.314189 0.280161
v 1.044062 -0.335277 0.280161
v 1.078864 -0.229838 0.214949
v 1.078864 -0.250926 0.214949
v 1.078864 -0.272014 0.214949
v 1.078864 -0.293102 0.214949
v 1.078864 -0.314189 0.214949
v 1.078864 -0.335277 0.214949
v 1.113666 -0.229838 0.143452
v 1.113666 -0.250926 0.143452
v 1.113666 -0.272014 0.143452
v 1.113666 -0.293102 0.143452
v 1.113666 -0.314189 0.143452
v 1.113666 -0.335277 0.143452
v 1.148468 -0.229838 0.064318
v 1.148468 -0.250926 0.064318
v 1.148468 -0.272014 0.064318
v 1.148468 -0.293102 0.064318
v 1.148468 -0.314189 0.064318
v 1.148468 -0.335277 0.064318
v 1.183271 -0.229838 -0.024449
v 1.183271 -0.250926 -0.024449
v 1.183271 -0.272014 -0.024449
v 1.183271 -0.293102 -0.024449
v 1.183271 -0.314189 -0.024449
v 1.183271 -0.335277 -0.024449
v 0.765646 -0.229838 0.654946
v 0.765646 -0.250926 0.654946
v 0.765646 -0.272014 0.654946
v 0.765646 -0.293102 0.654946
v 0.765646 -0.314189 0.654946
v 0.765646 -0.335277 0.654946
v 0.800448 -0.229838 0.618781
v 0.800448 -0.250926 0.618781
v 0.800448 -0.272014 0.618781
v 0.800448 -0.293102 0.618781
v 0.800448 -0.314189 0.618781
v 0.800448 -0.335277 0.618781
v 0.835250 -0.229838 0.580086
v 0.835250 -0.250926 0.580086
v 0.835250 -0.272014 0.580086
v 0.835250 -0.293102 0.580086
v 0.835250 -0.314189 0.580086
v 0.835250 -0.335277 0.580086
v 0.870052 -0.229838 0.538660
v 0.870052 -0.250926 0.538660
v 0.870052 -0.272014 0.538660
v 0.870052 -0.293102 0.538660
v 0.870052 -0.314189 0.538660
v 0.870052 -0.335277 0.538660
v 0.904854 -0.229838 0.494265
v 0.904854 -0.250926 0.494265
v 0.904854 -0.272014 0.494265
v 0.904854 -0.293102 0.494265
v 0.904854 -0.314189 0.494265
v 0.904854 -0.335277 0.494265
v 0.939656 -0.229838 0.446614
v 0.939656 -0.250926 0.446614
v 0.939656 -0.272014 0.446614
v 0.939656 -0.293102 0.446615
v 0.939656 -0.314189 0.446615
v 0.939656 -0.335277 0.446615
v 0.522031 -0.229838 0.848865
v 0.522031 -0.250926 0.848865
v 0.522031 -0.272014 0.848865
v 0.522031 -0.293102 0.848865
v 0.522031 -0.314189 0.848865
v 0.522031 -0.335277 0.848865
v 0.556833 -0.229838 0.826781
v 0.556833 -0.250926 0.826781
v 0.556833 -0.272014 0.826781
v 0.556833 -0.293102 0.826781
v 0.556833 -0.314189 0.826781
v 0.556833 -0.335277 0.826781
v 0.591635 -0.229838 0.802965
v 0.591635 -0.250926 0.802965
v 0.591635 -0.272014 0.802965
v 0.591635 -0.293102 0.802965
v 0.591635 -0.314189 0.802965
v 0.591635 -0.335277 0.802965
v 0.626437 -0.229838 0.777342
v 0.626437 -0.250926 0.777342
v 0.626437 -0.272014 0.777342
v 0.626437 -0.293102 0.777342
v 0.626437 -0.314189 0.777342
v 0.626437 -0.335277 0.777342
v 0.661239 -0.229838 0.749830
v 0.661239 -0.250926 0.749830
v 0.661239 -0.272014 0.749830
v 0.661239 -0.293102 0.749830
v 0.661239 -0.314189 0.749830
v 0.661239 -0.335277 0.749830
v 0.696042 -0.229838 0.720335
v 0.696042 -0.250926 0.720335
v 0.696042 -0.272014 0.720335
v 0.696042 -0.293102 0.720335
v 0.696042 -0.314189 0.720335
v 0.696042 -0.335277 0.720335
v 0.278417 -0.229838 0.959411
v 0.278417 -0.250926 0.959411
v 0.278417 -0.272014 0.959411
v 0.278417 -0.293102 0.959411
v 0.278417 -0.314189 0.959411
v 0.278417 -0.335277 0.959411
v 0.313219 -0.229838 0.948045
v 0.313219 -0.250926 0.948045
v 0.313219 -0.272014 0.948045
v 0.313219 -0.293102 0.948045
v 0.313219 -0.314189 0.948045
v 0.313219 -0.335277 0.948045
v 0.348021 -0.229838 0.935261
v 0.348021 -0.250926 0.935261
v 0.348021 -0.272014 0.935261
v 0.348021 -0.293102 0.935261
v 0.348021 -0.314189 0.935261
v 0.348021 -0.335277 0.935261
v 0.382823 -0.229838 0.921028
v 0.382823 -0.250926 0.921028
v 0.382823 -0.272014 0.921028
v 0.382823 -0.293102 0.921028
v 0.382823 -0.314189 0.921028
v 0.382823 -0.335277 0.921028
v 0.417625 -0.229838 0.905313
v 0.417625 -0.250926 0.905313
v 0.417625 -0.272014 0.905313
v 0.417625 -0.293102 0.905313
v 0.417625 -0.314189 0.905313
v 0.417625 -0.335277 0.905313
v 0.452427 -0.229838 0.888078
v 0.452427 -0.250926 0.888078
v 0.452427 -0.272014 0.888078
v 0.452427 -0.293102 0.888078
v 0.452427 -0.314189 0.888078
v 0.452427 -0.335277 0.888078
v 0.034802 -0.229838 1.000947
v 0.034802 -0.250926 1.000947
v 0.034802 -0.272014 1.000947
v 0.034802 -0.293102 1.000947
v 0.034802 -0.314189 1.000947
v 0.034802 -0.335277 1.000947
v 0.069604 -0.229838 0.998989
v 0.069604 -0.250926 0.998989
v 0.069604 -0.272014 0.998989
v 0.069604 -0.293102 0.998989
v 0.069604 -0.314189 0.998989
v 0.069604 -0.335277 0.998989
v 0.104406 -0.229838 0.995722
v 0.104406 -0.250926 0.995722
v 0.104406 -0.272014 0.995722
v 0.104406 -0.293102 0.995722
v 0.104406 -0.314189 0.995722
v 0.104406 -0.335277 0.995722
v 0.139208 -0.229838 0.991139
v 0.139208 -0.250926 0.991139
v 0.139208 -0.272014 0.991139
v 0.139208 -0.293102 0.991139
v 0.139208 -0.314189 0.991139
v 0.139208 -0.335277 0.991139
v 0.174010 -0.229838 0.985230
v 0.174010 -0.250926 0.985230
v 0.174010 -0.272014 0.985230
v 0.174010 -0.293102 0.985230
v 0.174010 -0.314189 0.985230
v 0.174010 -0.335277 0.985230
v 0.208812 -0.229838 0.977983
v 0.208812 -0.250926 0.977983
v 0.208812 -0.272014 0.977983
v 0.208812 -0.293102 0.977983
v 0.208812 -0.314189 0.977983
v 0.208812 -0.335277 0.977983
v -0.208812 -0.229838 0.977983
v -0.208812 -0.250926 0.977983
v -0.208812 -0.272014 0.977983
v -0.208812 -0.293102 0.977983
v -0.208812 -0.314189 0.977983
v -0.208812 -0.335277 0.977983
v -0.174010 -0.229838 0.985230
v -0.174010 -0.250926 0.985230
v -0.174010 -0.272014 0.985230
v -0.174010 -0.293102 0.985230
v -0.174010 -0.314189 0.985230
v -0.174010 -0.335277 0.985230
v -0.139208 -0.229838 0.991139
v -0.139208 -0.250926 0.991139
v -0.139208 -0.272014 0.991139
v -0.139208 -0.293102 0.991139
v -0.139208 -0.314189 0.991139
v -0.139208 -0.335277 0.991139
v -0.104406 -0.229838 0.995722
v -0.104406 -0.250926 0.995722
v -0.104406 -0.272014 0.995722
v -0.104406 -0.293102 0.995722
v -0.104406 -0.314189 0.995722
v -0.104406 -0.335277 0.995722
v -0.069604 -0.229838 0.998989
v -0.069604 -0.250926 0.998989
v -0.069604 -0.272014 0.998989
v -0.069604 -0.293102 0.998989
v -0.069604 -0.314189 0.998989
v -0.069604 -0.335277 0.998989
v -0.034802 -0.229838 1.000947
v -0.034802 -0.250926 1.000947
v -0.034802 -0.272014 1.000947
v -0.034802 -0.293102 1.000947
v -0.034802 -0.314189 1.000947
v -0.034802 -0.335277 1.000947
v -0.452427 -0.229838 0.888078
v -0.452427 -0.250926 0.888078
v -0.452427 -0.272014 0.888078
v -0.452427 -0.293102 0.888078
v -0.452427 -0.314189 0.888078
v -0.452427 -0.335277 0.888078
v -0.417625 -0.229838 0.905313
v -0.417625 -0.250926 0.905313
v -0.417625 -0.272014 0.905313
v -0.417625 -0.293102 0.905313
v -0.417625 -0.314189 0.905313
v -0.417625 -0.335277 0.905313
v -0.382823 -0.229838 0.921028
v -0.382823 -0.250926 0.921028
v -0.382823 -0.272014 0.921028
v -0.382823 -0.293102 0.921028
v -0.382823 -0.314189 0.921028
v -0.382823 -0.335277 0.921028
v -0.348021 -0.229838 0.935261
v -0.348021 -0.250926 0.935261
v -0.348021 -0.272014 0.935261
v -0.348021 -0.293102 0.935261
v -0.348021 -0.314189 0.935261
v -0.348021 -0.335277 0.935261
v -0.313219 -0.229838 0.948045
v -0.313219 -0.250926 0.948045
v -0.313219 -0.272014 0.948045
v -0.313219 -0.293102 0.948045
v -0.313219 -0.314189 0.948045
v -0.313219 -0.335277 0.948045
v -0.278417 -0.229838 0.959411
v -0.278417 -0.250926 0.959411
v -0.278417 -0.272014 0.959411
v -0.278417 -0.293102 0.959411
v -0.278417 -0.314189 0.959411
v -0.278417 -0.335277 0.959411
v -0.696041 -0.229838 0.720335
v -0.696041 -0.250926 0.720335
v -0.696041 -0.272014 0.720335
v -0.696041 -0.293102 0.720335
v -0.696041 -0.314189 0.720335
v -0.696041 -0.335277 0.720335
v -0.661239 -0.229838 0.749830
v -0.661239 -0.250926 0.749830
v -0.661239 -0.272014 0.749830
v -0.661239 -0.293102 0.749830
v -0.661239 -0.314189 0.749830
v -0.661239 -0.335277 0.749830
v -0.626437 -0.229838 0.777342
v -0.626437 -0.250926 0.777342
v -0.626437 -0.272014 0.777342
v -0.626437 -0.293102 0.777342
v -0.626437 -0.314189 0.777342
v -0.626437 -0.335277 0.777342
v -0.591635 -0.229838 0.802965
v -0.591635 -0.250926 0.802965
v -0.591635 -0.272014 0.802965
v -0.591635 -0.293102 0.802965
v -0.591635 -0.314189 0.802965
v -0.591635 -0.335277 0.802965
v -0.556833 -0.229838 0.826781
v -0.556833 -0.250926 0.826781
v -0.556833 -0.272014 0.826781
v -0.556833 -0.293102 0.826781
v -0.556833 -0.314189 0.826781
v -0.556833 -0.335277 0.826781
v -0.522031 -0.229838 0.848865
v -0.522031 -0.250926 0.848865
v -0.522031 -0.272014 0.848865
v -0.522031 -0.293102 0.848865
v -0.522031 -0.314189 0.848865
v -0.522031 -0.335277 0.848865
v -0.939656 -0.229838 0.446614
v -0.939656 -0.250926 0.446614
v -0.939656 -0.272014 0.446614
v -0.939656 -0.293102 0.446615
v -0.939656 -0.314189 0.446615
v -0.939656 -0.335277 0.446615
v -0.904854 -0.229838 0.494265
v -0.904854 -0.250926 0.494265
v -0.904854 -0.272014 0.494265
v -0.904854 -0.293102 0.494265
v -0.904854 -0.314189 0.494265
v -0.904854 -0.335277 0.494265
v -0.870052 -0.229838 0.538660
v -0.870052 -0.250926 0.538660
v -0.870052 -0.272014 0.538660
v -0.870052 -0.293102 0.538660
v -0.870052 -0.314189 0.538660
v -0.870052 -0.335277 0.538660
v -0.835250 -0.229838 0.580086
v -0.835250 -0.250926 0.580086
v -0.835250 -0.272014 0.580086
v -0.835250 -0.293102 0.580086
v -0.835250 -0.314189 0.580086
v -0.835250 -0.335277 0.580086
v -0.800448 -0.229838 0.618781
v -0.800448 -0.250926 0.618781
v -0.800448 -0.272014 0.618781
v -0.800448 -0.293102 0.618781
v -0.800448 -0.314189 0.618781
v -0.800448 -0.335277 0.618781
v -0.765646 -0.229838 0.654946
v -0.765646 -0.250926 0.654946
v -0.765646 -0.272014 0.654946
v -0.765646 -0.293102 0.654946
v -0.765646 -0.314189 0.654946
v -0.765646 -0.335277 0.654946
v -1.183271 -0.229838 -0.024449
v -1.183271 -0.250926 -0.024449
v -1.183271 -0.272014 -0.024449
v -1.183271 -0.293102 -0.024449
v -1.183271 -0.314189 -0.024449
v -1.183271 -0.335277 -0.024449
v -1.148468 -0.229838 0.064318
v -1.148468 -0.250926 0.064318
v -1.148468 -0.272014 0.064318
v -1.148468 -0.293102 0.064318
v -1.148468 -0.314189 0.064318
v -1.148468 -0.335277 0.064318
v -1.113666 -0.229838 0.143452
v -1.113666 -0.250926 0.143452
v -1.113666 -0.272014 0.143452
v -1.113666 -0.293102 0.143452
v -1.113666 -0.314189 0.143452
v -1.113666 -0.335277 0.143452
v -1.078864 -0.229838 0.214949
v -1.078864 -0.250926 0.214949
v -1.078864 -0.272014 0.214949
v -1.078864 -0.293102 0.214949
v -1.078864 -0.314189 0.214949
v -1.078864 -0.335277 0.214949
v -1.044062 -0.229838 0.280161
v -1.044062 -0.250926 0.280161
v -1.044062 -0.272014 0.280161
v -1.044062 -0.293102 0.280161
v -1.044062 -0.314189 0.280161
v -1.044062 -0.335277 0.280161
v -1.009260 -0.229838 0.340057
v -1.009260 -0.250926 0.340057
v -1.009260 -0.272014 0.340057
v -1.009260 -0.293102 0.340057
v -1.009260 -0.314189 0.340057
v -1.009260 -0.335277 0.340057
v 1.009260 -0.082223 0.340057
v 1.009260 -0.103311 0.340057
v 1.009260 -0.124399 0.340057
v 1.009260 -0.145487 0.340057
v 1.009260 -0.166574 0.340057
v 1.009260 -0.187662 0.340057
v 1.044062 -0.082223 0.280161
v 1.044062 -0.103311 0.280161
v 1.044062 -0.124399 0.280161
v 1.044062 -0.145487 0.280161
v 1.044062 -0.166574 0.280161
v 1.044062 -0.187662 0.280161
v 1.078864 -0.082223 0.214948
v 1.078864 -0.103311 0.214948
v 1.078864 -0.124399 0.214948
v 1.078864 -0.145487 0.214949
v 1.078864 -0.166574 0.214949
v 1.078864 -0.187662 0.214949
v 1.113666 -0.082223 0.143452
v 1.113666 -0.103311 0.143452
v 1.113666 -0.124399 0.143452
v 1.113666 -0.145487 0.143452
v 1.113666 -0.166574 0.143452
v 1.113666 -0.187662 0.143452
v 1.148468 -0.082223 0.064318
v 1.148468 -0.103311 0.064318
v 1.148468 -0.124399 0.064318
v 1.148468 -0.145487 0.064318
v 1.148468 -0.166574 0.064318
v 1.148468 -0.187662 0.064318
v 1.183271 -0.082223 -0.024450
v 1.183271 -0.103311 -0.024450
v 1.183271 -0.124399 -0.024450
v 1.183271 -0.145487 -0.024449
v 1.183271 -0.166574 -0.024449
v 1.183271 -0.187662 -0.024449
v 0.765646 -0.082223 0.654945
v 0.765646 -0.103311 0.654945
v 0.765646 -0.124399 0.654945
v 0.765646 -0.145486 0.654946
v 0.765646 -0.166574 0.654946
v 0.765646 -0.187662 0.654946
v 0.800448 -0.082223 0.618781
v 0.800448 -0.103311 0.618781
v 0.800448 -0.124399 0.618781
v 0.800448 -0.145486 0.618781
v 0.800448 -0.166574 0.618781
v 0.800448 -0.187662 0.618781
v 0.835250 -0.082223 0.580086
v 0.835250 -0.103311 0.580086
v 0.835250 -0.124399 0.580086
v 0.835250 -0.145486 0.580086
v 0.835250 -0.166574 0.580086
v 0.835250 -0.187662 0.580086
v 0.870052 -0.082223 0.538660
v 0.870052 -0.103311 0.538660
v 0.870052 -0.124399 0.538660
v 0.870052 -0.145486 0.538660
v 0.870052 -0.166574 0.538660
v 0.870052 -0.187662 0.538660
v 0.904854 -0.082223 0.494265
v 0.904854 -0.103311 0.494265
v 0.904854 -0.124399 0.494265
v 0.904854 -0.145486 0.494265
v 0.904854 -0.166574 0.494265
v 0.904854 -0.187662 0.494265
v 0.939656 -0.082223 0.446614
v 0.939656 -0.103311 0.446614
v 0.939656 -0.124399 0.446614
v 0.939656 -0.145486 0.446614
v 0.939656 -0.166574 0.446614
v 0.939656 -0.187662 0.446614
v 0.522031 -0.082223 0.848865
v 0.522031 -0.103311 0.848865
v 0.522031 -0.124399 0.848865
v 0.522031 -0.145486 0.848865
v 0.522031 -0.166574 0.848865
v 0.522031 -0.187662 0.848865
v 0.556833 -0.082223 0.826781
v 0.556833 -0.103311 0.826781
v 0.556833 -0.124399 0.826781
v 0.556833 -0.145486 0.826781
v 0.556833 -0.166574 0.826781
v 0.556833 -0.187662 0.826781
v 0.591635 -0.082223 0.802965
v 0.591635 -0.103311 0.802965
v 0.591635 -0.124399 0.802965
v 0.591635 -0.145486 0.802965
v 0.591635 -0.166574 0.802965
v 0.591635 -0.187662 0.802965
v 0.626437 -0.082223 0.777342
v 0.626437 -0.103311 0.777342
v 0.626437 -0.124399 0.777342
v 0.626437 -0.145486 0.777342
v 0.626437 -0.166574 0.777342
v 0.626437 -0.187662 0.777342
v 0.661239 -0.082223 0.749830
v 0.661239 -0.103311 0.749830
v 0.661239 -0.124399 0.749830
v 0.661239 -0.145486 0.749830
v 0.661239 -0.166574 0.749830
v 0.661239 -0.187662 0.749830
v 0.696042 -0.082223 0.720335
v 0.696042 -0.103311 0.720335
v 0.696042 -0.124399 0.720335
v 0.696042 -0.145486 0.720335
v 0.696042 -0.166574 0.720335
v 0.696042 -0.187662 0.720335
v 0.278417 -0.082223 0.959411
v 0.278417 -0.103311 0.959411
v 0.278417 -0.124399 0.959411
v 0.278417 -0.145486 0.959411
v 0.278417 -0.166574 0.959411
v 0.278417 -0.187662 0.959411
v 0.313219 -0.082223 0.948045
v 0.313219 -0.103311 0.948045
v 0.313219 -0.124399 0.948045
v 0.313219 -0.145486 0.948045
v 0.313219 -0.166574 0.948045
v 0.313219 -0.187662 0.948045
v 0.348021 -0.082223 0.935261
v 0.348021 -0.103311 0.935261
v 0.348021 -0.124399 0.935261
v 0.348021 -0.145486 0.935261
v 0.348021 -0.166574 0.935261
v 0.348021 -0.187662 0.935261
v 0.382823 -0.082223 0.921028
v 0.382823 -0.103311 0.921028
v 0.382823 -0.124399 0.921028
v 0.382823 -0.145486 0.921028
v 0.382823 -0.166574 0.921028
v 0.382823 -0.187662 0.921028
v 0.417625 -0.082223 0.905313
v 0.417625 -0.103311 0.905313
v 0.417625 -0.124399 0.905313
v 0.417625 -0.145486 0.905313
v 0.417625 -0.166574 0.905313
v 0.417625 -0.187662 0.905313
v 0.452427 -0.082223 0.888077
v 0.452427 -0.103311 0.888077
v 0.452427 -0.124399 0.888077
v 0.452427 -0.145486 0.888078
v 0.452427 -0.166574 0.888078
v 0.452427 -0.187662 0.888078
v 0.034802 -0.082223 1.000947
v 0.034802 -0.103311 1.000947
v 0.034802 -0.124399 1.000947
v 0.034802 -0.145486 1.000947
v 0.034802 -0.166574 1.000947
v 0.034802 -0.187662 1.000947
v 0.069604 -0.082223 0.998989
v 0.069604 -0.103311 0.998989
v 0.069604 -0.124399 0.998989
v 0.069604 -0.145486 0.998989
v 0.069604 -0.166574 0.998989
v 0.069604 -0.187662 0.998989
v 0.104406 -0.082223 0.995722
v 0.104406 -0.103311 0.995722
v 0.104406 -0.124399 0.995722
v 0.104406 -0.145486 0.995722
v 0.104406 -0.166574 0.995722
v 0.104406 -0.187662 0.995722
v 0.139208 -0.082223 0.991139
v 0.139208 -0.103311 0.991139
v 0.139208 -0.124399 0.991139
v 0.139208 -0.145486 0.991139
v 0.139208 -0.166574 0.991139
v 0.139208 -0.187662 0.991139
v 0.174010 -0.082223 0.985230
v 0.174010 -0.103311 0.985230
v 0.174010 -0.124399 0.985230
v 0.174010 -0.145486 0.985230
v 0.174010 -0.166574 0.985230
v 0.174010 -0.187662 0.985230
v 0.208812 -0.082223 0.977983
v 0.208812 -0.103311 0.977983
v 0.208812 -0.124399 0.977983
v 0.208812 -0.145486 0.977983
v 0.208812 -0.166574 0.977983
v 0.208812 -0.187662 0.977983
v -0.208812 -0.082223 0.977983
v -0.208812 -0.103311 0.977983
v -0.208812 -0.124399 0.977983
v -0.208812 -0.145486 0.977983
v -0.208812 -0.166574 0.977983
v -0.208812 -0.187662 0.977983
v -0.174010 -0.082223 0.985230
v -0.174010 -0.103311 0.985230
v -0.174010 -0.124399 0.985230
v -0.174010 -0.145486 0.985230
v -0.174010 -0.166574 0.985230
v -0.174010 -0.187662 0.985230
v -0.139208 -0.082223 0.991139
v -0.139208 -0.103311 0.991139
v -0.139208 -0.124399 0.991139
v -0.139208 -0.145486 0.991139
v -0.139208 -0.166574 0.991139
v -0.139208 -0.187662 0.991139
v -0.104406 -0.082223 0.995722
v -0.104406 -0.103311 0.995722
v -0.104406 -0.124399 0.995722
v -0.104406 -0.145486 0.995722
v -0.104406 -0.166574 0.995722
v -0.104406 -0.187662 0.995722
v -0.069604 -0.082223 0.998989
v -0.069604 -0.103311 0.998989
v -0.069604 -0.124399 0.998989
v -0.069604 -0.145486 0.998989
v -0.069604 -0.166574 0.998989
v -0.069604 -0.187662 0.998989
v -0.034802 -0.082223 1.000947
v -0.034802 -0.103311 1.000947
v -0.034802 -0.124399 1.000947
v -0.034802 -0.145486 1.000947
v -0.034802 -0.166574 1.000947
v -0.034802 -0.187662 1.000947
v -0.452427 -0.082223 0.888077
v -0.452427 -0.103311 0.888077
v -0.452427 -0.124399 0.888077
v -0.452427 -0.145486 0.888078
v -0.452427 -0.166574 0.888078
v -0.452427 -0.187662 0.888078
v -0.417625 -0.082223 0.905313
v -0.417625 -0.103311 0.905313
v -0.417625 -0.124399 0.905313
v -0.417625 -0.145486 0.905313
v -0.417625 -0.166574 0.905313
v -0.417625 -0.187662 0.905313
v -0.382823 -0.082223 0.921028
v -0.382823 -0.103311 0.921028
v -0.382823 -0.124399 0.921028
v -0.382823 -0.145486 0.921028
v -0.382823 -0.166574 0.921028
v -0.382823 -0.187662 0.921028
v -0.348021 -0.082223 0.935261
v -0.348021 -0.103311 0.935261
v -0.348021 -0.124399 0.935261
v -0.348021 -0.145486 0.935261
v -0.348021 -0.166574 0.935261
v -0.348021 -0.187662 0.935261
v -0.313219 -0.082223 0.948045
v -0.313219 -0.103311 0.948045
v -0.313219 -0.124399 0.948045
v -0.313219 -0.145486 0.948045
v -0.313219 -0.166574 0.948045
v -0.313219 -0.187662 0.948045
v -0.278417 -0.082223 0.959411
v -0.278417 -0.103311 0.959411
v -0.278417 -0.124399 0.959411
v -0.278417 -0.145486 0.959411
v -0.278417 -0.166574 0.959411
v -0.278417 -0.187662 0.959411
v -0.696041 -0.082223 0.720335
v -0.696041 -0.103311 0.720335
v -0.696041 -0.124399 0.720335
v -0.696041 -0.145486 0.720335
v -0.696041 -0.166574 0.720335
v -0.696041 -0.187662 0.720335
v -0.661239 -0.082223 0.749830
v -0.661239 -0.103311 0.749830
v -0.661239 -0.124399 0.749830
v -0.661239 -0.145486 0.749830
v -0.661239 -0.166574 0.749830
v -0.661239 -0.187662 0.749830
v -0.626437 -0.082223 0.777342
v -0.626437 -0.103311 0.777342
v -0.626437 -0.124399 0.777342
v -0.626437 -0.145486 0.777342
v -0.626437 -0.166574 0.777342
v -0.626437 -0.187662 0.777342
v -0.591635 -0.082223 0.802965
v -0.591635 -0.103311 0.802965
v -0.591635 -0.124399 0.802965
v -0.591635 -0.145486 0.802965
v -0.591635 -0.166574 0.802965
v -0.591635 -0.187662 0.802965
v -0.556833 -0.082223 0.826781
v -0.556833 -0.103311 0.826781
v -0.556833 -0.124399 0.826781
v -0.556833 -0.145486 0.826781
v -0.556833 -0.166574 0.826781
v -0.556833 -0.187662 0.826781
v -0.522031 -0.082223 0.848865
v -0.522031 -0.103311 0.848865
v -0.522031 -0.124399 0.848865
v -0.522031 -0.145486 0.848865
v -0.522031 -0.166574 0.848865
v -0.522031 -0.187662 0.848865
v -0.939656 -0.082223 0.446614
v -0.939656 -0.103311 0.446614
v -0.939656 -0.124399 0.446614
v -0.939656 -0.145486 0.446614
v -0.939656 -0.166574 0.446614
v -0.939656 -0.187662 0.446614
v -0.904854 -0.082223 0.494265
v -0.904854 -0.103311 0.494265
v -0.904854 -0.124399 0.494265
v -0.904854 -0.145486 0.494265
v -0.904854 -0.166574 0.494265
v -0.904854 -0.187662 0.494265
v -0.870052 -0.082223 0.538660
v -0.870052 -0.103311 0.538660
v -0.870052 -0.124399 0.538660
v -0.870052 -0.145486 0.538660
v -0.870052 -0.166574 0.538660
v -0.870052 -0.187662 0.538660
v -0.835250 -0.082223 0.580086
v -0.835250 -0.103311 0.580086
v -0.835250 -0.124399 0.580086
v -0.835250 -0.145486 0.580086
v -0.835250 -0.166574 0.580086
v -0.835250 -0.187662 0.580086
v -0.800448 -0.082223 0.618781
v -0.800448 -0.103311 0.618781
v -0.800448 -0.124399 0.618781
v -0.800448 -0.145486 0.618781
v -0.800448 -0.166574 0.618781
v -0.800448 -0.187662 0.618781
v -0.765646 -0.082223 0.654945
v -0.765646 -0.103311 0.654945
v -0.765646 -0.124399 0.654945
v -0.765646 -0.145486 0.654946
v -0.765646 -0.166574 0.654946
v -0.765646 -0.187662 0.654946
v -1.183271 -0.082223 -0.024450
v -1.183271 -0.103311 -0.024450
v -1.183271 -0.124399 -0.024450
v -1.183271 -0.145487 -0.024449
v -1.183271 -0.166574 -0.024449
v -1.183271 -0.187662 -0.024449
v -1.148468 -0.082223 0.064318
v -1.148468 -0.103311 0.064318
v -1.148468 -0.124399 0.064318
v -1.148468 -0.145487 0.064318
v -1.148468 -0.166574 0.064318
v -1.148468 -0.187662 0.064318
v -1.113666 -0.082223 0.143452
v -1.113666 -0.103311 0.143452
v -1.113666 -0.124399 0.143452
v -1.113666 -0.145487 0.143452
v -1.113666 -0.166574 0.143452
v -1.113666 -0.187662 0.143452
v -1.078864 -0.082223 0.214948
v -1.078864 -0.103311 0.214948
v -1.078864 -0.124399 0.214948
v -1.078864 -0.145487 0.214949
v -1.078864 -0.166574 0.214949
v -1.078864 -0.187662 0.214949
v -1.044062 -0.082223 0.280161
v -1.044062 -0.103311 0.280161
v -1.044062 -0.124399 0.280161
v -1.044062 -0.145487 0.280161
v -1.044062 -0.166574 0.280161
v -1.044062 -0.187662 0.280161
v -1.009260 -0.082223 0.340057
v -1.009260 -0.103311 0.340057
v -1.009260 -0.124399 0.340057
v -1.009260 -0.145487 0.340057
v -1.009260 -0.166574 0.340057
v -1.009260 -0.187662 0.340057
v 1.009260 0.065392 0.340057
v 1.009260 0.044304 0.340057
v 1.009260 0.023216 0.340057
v 1.009260 0.002129 0.340057
v 1.009260 -0.018959 0.340057
v 1.009260 -0.040047 0.340057
v 1.044062 0.065392 0.280161
v 1.044062 0.044304 0.280161
v 1.044062 0.023216 0.280161
v 1.044062 0.002129 0.280161
v 1.044062 -0.018959 0.280161
v 1.044062 -0.040047 0.280161
v 1.078864 0.065392 0.214948
v 1.078864 0.044304 0.214948
v 1.078864 0.023216 0.214948
v 1.078864 0.002129 0.214948
v 1.078864 -0.018959 0.214948
v 1.078864 -0.040047 0.214948
v 1.113666 0.065392 0.143452
v 1.113666 0.044304 0.143452
v 1.113666 0.023216 0.143452
v 1.113666 0.002129 0.143452
v 1.113666 -0.018959 0.143452
v 1.113666 -0.040047 0.143452
v 1.148468 0.065392 0.064318
v 1.148468 0.044304 0.064318
v 1.148468 0.023216 0.064318
v 1.148468 0.002129 0.064318
v 1.148468 -0.018959 0.064318
v 1.148468 -0.040047 0.064318
v 1.183271 0.065392 -0.024449
v 1.183271 0.044304 -0.024449
v 1.183271 0.023216 -0.024449
v 1.183271 0.002129 -0.024450
v 1.183271 -0.018959 -0.024450
v 1.183271 -0.040047 -0.024450
v 0.765646 0.065392 0.654945
v 0.765646 0.044304 0.654945
v 0.765646 0.023217 0.654945
v 0.765646 0.002129 0.654945
v 0.765646 -0.018959 0.654945
v 0.765646 -0.040047 0.654945
v 0.800448 0.065392 0.618781
v 0.800448 0.044304 0.618781
v 0.800448 0.023216 0.618781
v 0.800448 0.002129 0.618781
v 0.800448 -0.018959 0.618781
v 0.800448 -0.040047 0.618781
v 0.835250 0.065392 0.580086
v 0.835250 0.044304 0.580086
v 0.835250 0.023216 0.580086
v 0.835250 0.002129 0.580086
v 0.835250 -0.018959 0.580086
v 0.835250 -0.040047 0.580086
v 0.870052 0.065392 0.538660
v 0.870052 0.044304 0.538660
v 0.870052 0.023216 0.538660
v 0.870052 0.002129 0.538660
v 0.870052 -0.018959 0.538660
v 0.870052 -0.040047 0.538660
v 0.904854 0.065392 0.494265
v 0.904854 0.044304 0.494265
v 0.904854 0.023216 0.494265
v 0.904854 0.002129 0.494265
v 0.904854 -0.018959 0.494265
v 0.904854 -0.040047 0.494265
v 0.939656 0.065392 0.446614
v 0.939656 0.044304 0.446614
v 0.939656 0.023216 0.446614
v 0.939656 0.002129 0.446614
v 0.939656 -0.018959 0.446614
v 0.939656 -0.040047 0.446614
v 0.522031 0.065392 0.848865
v 0.522031 0.044304 0.848865
v 0.522031 0.023217 0.848865
v 0.522031 0.002129 0.848865
v 0.522031 -0.018959 0.848865
v 0.522031 -0.040047 0.848865
v 0.556833 0.065392 0.826781
v 0.556833 0.044304 0.826781
v 0.556833 0.023217 0.826781
v 0.556833 0.002129 0.826781
v 0.556833 -0.018959 0.826781
v 0.556833 -0.040047 0.826781
v 0.591635 0.065392 0.802965
v 0.591635 0.044304 0.802965
v 0.591635 0.023217 0.802965
v 0.591635 0.002129 0.802965
v 0.591635 -0.018959 0.802965
v 0.591635 -0.040047 0.802965
v 0.626437 0.065392 0.777342
v 0.626437 0.044304 0.777342
v 0.626437 0.023217 0.777342
v 0.626437 0.002129 0.777342
v 0.626437 -0.018959 0.777342
v 0.626437 -0.040047 0.777342
v 0.661239 0.065392 0.749830
v 0.661239 0.044304 0.749830
v 0.661239 0.023217 0.749830
v 0.661239 0.002129 0.749830
v 0.661239 -0.018959 0.749830
v 0.661239 -0.040047 0.749830
v 0.696042 0.065392 0.720335
v 0.696042 0.044304 0.720335
v 0.696042 0.023217 0.720335
v 0.696042 0.002129 0.720335
v 0.696042 -0.018959 0.720335
v 0.696042 -0.040047 0.720335
v 0.278417 0.065392 0.959411
v 0.278417 0.044304 0.959411
v 0.278417 0.023217 0.959411
v 0.278417 0.002129 0.959411
v 0.278417 -0.018959 0.959411
v 0.278417 -0.040047 0.959411
v 0.313219 0.065392 0.948045
v 0.313219 0.044304 0.948045
v 0.313219 0.023217 0.948045
v 0.313219 0.002129 0.948045
v 0.313219 -0.018959 0.948045
v 0.313219 -0.040047 0.948045
v 0.348021 0.065392 0.935261
v 0.348021 0.044304 0.935261
v 0.348021 0.023217 0.935261
v 0.348021 0.002129 0.935261
v 0.348021 -0.018959 0.935261
v 0.348021 -0.040047 0.935261
v 0.382823 0.065392 0.921028
v 0.382823 0.044304 0.921028
v 0.382823 0.023217 0.921028
v 0.382823 0.002129 0.921028
v 0.382823 -0.018959 0.921028
v 0.382823 -0.040047 0.921028
v 0.417625 0.065392 0.905313
v 0.417625 0.044304 0.905313
v 0.417625 0.023217 0.905313
v 0.417625 0.002129 0.905313
v 0.417625 -0.018959 0.905313
v 0.417625 -0.040047 0.905313
v 0.452427 0.065392 0.888077
v 0.452427 0.044304 0.888077
v 0.452427 0.023217 0.888077
v 0.452427 0.002129 0.888077
v 0.452427 -0.018959 0.888077
v 0.452427 -0.040047 0.888077
v 0.034802 0.065392 1.000947
v 0.034802 0.044304 1.000947
v 0.034802 0.023217 1.000947
v 0.034802 0.002129 1.000947
v 0.034802 -0.018959 1.000947
v 0.034802 -0.040047 1.000947
v 0.069604 0.065392 0.998989
v 0.069604 0.044304 0.998989
v 0.069604 0.023217 0.998989
v 0.069604 0.002129 0.998989
v 0.069604 -0.018959 0.998989
v 0.069604 -0.040047 0.998989
v 0.104406 0.065392 0.995722
v 0.104406 0.044304 0.995722
v 0.104406 0.023217 0.995722
v 0.104406 0.002129 0.995722
v 0.104406 -0.018959 0.995722
v 0.104406 -0.040047 0.995722
v 0.139208 0.065392 0.991139
v 0.139208 0.044304 0.991139
v 0.139208 0.023217 0.991139
v 0.139208 0.002129 0.991139
v 0.139208 -0.018959 0.991139
v 0.139208 -0.040047 0.991139
v 0.174010 0.065392 0.985230
v 0.174010 0.044304 0.985230
v 0.174010 0.023217 0.985230
v 0.174010 0.002129 0.985230
v 0.174010 -0.018959 0.985230
v 0.174010 -0.040047 0.985230
v 0.208812 0.065392 0.977983
v 0.208812 0.044304 0.977983
v 0.208812 0.023217 0.977983
v 0.208812 0.002129 0.977983
v 0.208812 -0.018959 0.977983
v 0.208812 -0.040047 0.977983
v -0.208812 0.065392 0.977983
v -0.208812 0.044304 0.977983
v -0.208812 0.023217 0.977983
v -0.208812 0.002129 0.977983
v -0.208812 -0.018959 0.977983
v -0.208812 -0.040047 0.977983
v -0.174010 0.065392 0.985230
v -0.174010 0.044304 0.985230
v -0.174010 0.023217 0.985230
v -0.174010 0.002129 0.985230
v -0.174010 -0.018959 0.985230
v -0.174010 -0.040047 0.985230
v -0.139208 0.065392 0.991139
v -0.139208 0.044304 0.991139
v -0.139208 0.023217 0.991139
v -0.139208 0.002129 0.991139
v -0.139208 -0.018959 0.991139
v -0.139208 -0.040047 0.991139
v -0.104406 0.065392 0.995722
v -0.104406 0.044304 0.995722
v -0.104406 0.023217 0.995722
v -0.104406 0.002129 0.995722
v -0.104406 -0.018959 0.995722
v -0.104406 -0.040047 0.995722
v -0.069604 0.065392 0.998989
v -0.069604 0.044304 0.998989
v -0.069604 0.023217 0.998989
v -0.069604 0.002129 0.998989
v -0.069604 -0.018959 0.998989
v -0.069604 -0.040047 0.998989
v -0.034802 0.065392 1.000947
v -0.034802 0.044304 1.000947
v -0.034802 0.023217 1.000947
v -0.034802 0.002129 1.000947
v -0.034802 -0.018959 1.000947
v -0.034802 -0.040047 1.000947
v -0.452427 0.065392 0.888077
v -0.452427 0.044304 0.888077
v -0.452427 0.023217 0.888077
v -0.452427 0.002129 0.888077
v -0.452427 -0.018959 0.888077
v -0.452427 -0.040047 0.888077
v -0.417625 0.065392 0.905313
v -0.417625 0.044304 0.905313
v -0.417625 0.023217 0.905313
v -0.417625 0.002129 0.905313
v -0.417625 -0.018959 0.905313
v -0.417625 -0.040047 0.905313
v -0.382823 0.065392 0.921028
v -0.382823 0.044304 0.921028
v -0.382823 0.023217 0.921028
v -0.382823 0.002129 0.921028
v -0.382823 -0.018959 0.921028
v -0.382823 -0.040047 0.921028
v -0.348021 0.065392 0.935261
v -0.348021 0.044304 0.935261
v -0.348021 0.023217 0.935261
v -0.348021 0.002129 0.935261
v -0.348021 -0.018959 0.935261
v -0.348021 -0.040047 0.935261
v -0.313219 0.065392 0.948045
v -0.313219 0.044304 0.948045
v -0.313219 0.023217 0.948045
v -0.313219 0.002129 0.948045
v -0.313219 -0.018959 0.948045
v -0.313219 -0.040047 0.948045
v -0.278417 0.065392 0.959411
v -0.278417 0.044304 0.959411
v -0.278417 0.023217 0.959411
v -0.278417 0.002129 0.959411
v -0.278417 -0.018959 0.959411
v -0.278417 -0.040047 0.959411
v -0.696041 0.065392 0.720335
v -0.696041 0.044304 0.720335
v -0.696041 0.023217 0.720335
v -0.696041 0.002129 0.720335
v -0.696041 -0.018959 0.720335
v -0.696041 -0.040047 0.720335
v -0.661239 0.065392 0.749830
v -0.661239 0.044304 0.749830
v -0.661239 0.023217 0.749830
v -0.661239 0.002129 0.749830
v -0.661239 -0.018959 0.749830
v -0.661239 -0.040047 0.749830
v -0.626437 0.065392 0.777342
v -0.626437 0.044304 0.777342
v -0.626437 0.023217 0.777342
v -0.626437 0.002129 0.777342
v -0.626437 -0.018959 0.777342
v -0.626437 -0.040047 0.777342
v -0.591635 0.065392 0.802965
v -0.591635 0.044304 0.802965
v -0.591635 0.023217 0.802965
v -0.591635 0.002129 0.802965
v -0.591635 -0.018959 0.802965
v -0.591635 -0.040047 0.802965
v -0.556833 0.065392 0.826781
v -0.556833 0.044304 0.826781
v -0.556833 0.023217 0.826781
v -0.556833 0.002129 0.826781
v -0.556833 -0.018959 0.826781
v -0.556833 -0.040047 0.826781
v -0.522031 0.065392 0.848865
v -0.522031 0.044304 0.848865
v -0.522031 0.023217 0.848865
v -0.522031 0.002129 0.848865
v -0.522031 -0.018959 0.848865
v -0.522031 -0.040047 0.848865
v -0.939656 0.065392 0.446614
v -0.939656 0.044304 0.446614
v -0.939656 0.023216 0.446614
v -0.939656 0.002129 0.446614
v -0.939656 -0.018959 0.446614
v -0.939656 -0.040047 0.446614
v -0.904854 0.065392 0.494265
v -0.904854 0.044304 0.494265
v -0.904854 0.023216 0.494265
v -0.904854 0.002129 0.494265
v -0.904854 -0.018959 0.494265
v -0.904854 -0.040047 0.494265
v -0.870052 0.065392 0.538660
v -0.870052 0.044304 0.538660
v -0.870052 0.023216 0.538660
v -0.870052 0.002129 0.538660
v -0.870052 -0.018959 0.538660
v -0.870052 -0.040047 0.538660
v -0.835250 0.065392 0.580086
v -0.835250 0.044304 0.580086
v -0.835250 0.023216 0.580086
v -0.835250 0.002129 0.580086
v -0.835250 -0.018959 0.580086
v -0.835250 -0.040047 0.580086
v -0.800448 0.065392 0.618781
v -0.800448 0.044304 0.618781
v -0.800448 0.023216 0.618781
v -0.800448 0.002129 0.618781
v -0.800448 -0.018959 0.618781
v -0.800448 -0.040047 0.618781
v -0.765646 0.065392 0.654945
v -0.765646 0.044304 0.654945
v -0.765646 0.023217 0.654945
v -0.765646 0.002129 0.654945
v -0.765646 -0.018959 0.654945
v -0.765646 -0.040047 0.654945
v -1.183271 0.065392 -0.024449
v -1.183271 0.044304 -0.024449
v -1.183271 0.023216 -0.024449
v -1.183271 0.002129 -0.024450
v -1.183271 -0.018959 -0.024450
v -1.183271 -0.040047 -0.024450
v -1.148468 0.065392 0.064318
v -1.148468 0.044304 0.064318
v -1.148468 0.023216 0.064318
v -1.148468 0.002129 0.064318
v -1.148468 -0.018959 0.064318
v -1.148468 -0.040047 0.064318
v -1.113666 0.065392 0.143452
v -1.113666 0.044304 0.143452
v -1.113666 0.023216 0.143452
v -1.113666 0.002129 0.143452
v -1.113666 -0.018959 0.143452
v -1.113666 -0.040047 0.143452
v -1.078864 0.065392 0.214948
v -1.078864 0.044304 0.214948
v -1.078864 0.023216 0.214948
v -1.078864 0.002129 0.214948
v -1.078864 -0.018959 0.214948
v -1.078864 -0.040047 0.214948
v -1.044062 0.065392 0.280161
v -1.044062 0.044304 0.280161
v -1.044062 0.023216 0.280161
v -1.044062 0.002129 0.280161
v -1.044062 -0.018959 0.280161
v -1.044062 -0.040047 0.280161
v -1.009260 0.065392 0.340057
v -1.009260 0.044304 0.340057
v -1.009260 0.023216 0.340057
v -1.009260 0.002129 0.340057
v -1.009260 -0.018959 0.340057
v -1.009260 -0.040047 0.340057
v 1.009260 0.213007 0.340057
v 1.009260 0.191919 0.340057
v 1.009260 0.170831 0.340057
v 1.009260 0.149743 0.340057
v 1.009260 0.128656 0.340057
v 1.009260 0.107568 0.340057
v 1.044062 0.213007 0.280161
v 1.044062 0.191919 0.280161
v 1.044062 0.170831 0.280161
v 1.044062 0.149743 0.280161
v 1.044062 0.128656 0.280161
v 1.044062 0.107568 0.280161
v 1.078864 0.213007 0.214948
v 1.078864 0.191919 0.214948
v 1.078864 0.170831 0.214948
v 1.078864 0.149743 0.214948
v 1.078864 0.128656 0.214948
v 1.078864 0.107568 0.214948
v 1.113666 0.213007 0.143452
v 1.113666 0.191919 0.143452
v 1.113666 0.170831 0.143452
v 1.113666 0.149743 0.143452
v 1.113666 0.128656 0.143452
v 1.113666 0.107568 0.143452
v 1.148468 0.213007 0.064318
v 1.148468 0.191919 0.064318
v 1.148468 0.170831 0.064318
v 1.148468 0.149743 0.064318
v 1.148468 0.128656 0.064318
v 1.148468 0.107568 0.064318
v 1.183271 0.213007 -0.024450
v 1.183271 0.191919 -0.024450
v 1.183271 0.170831 -0.024450
v 1.183271 0.149743 -0.024450
v 1.183271 0.128656 -0.024450
v 1.183271 0.107568 -0.024449
v 0.765646 0.213007 0.654945
v 0.765646 0.191919 0.654945
v 0.765646 0.170831 0.654945
v 0.765646 0.149743 0.654945
v 0.765646 0.128656 0.654945
v 0.765646 0.107568 0.654945
v 0.800448 0.213007 0.618781
v 0.800448 0.191919 0.618781
v 0.800448 0.170831 0.618781
v 0.800448 0.149743 0.618781
v 0.800448 0.128656 0.618781
v 0.800448 0.107568 0.618781
v 0.835250 0.213007 0.580086
v 0.835250 0.191919 0.580086
v 0.835250 0.170831 0.580086
v 0.835250 0.149743 0.580086
v 0.835250 0.128656 0.580086
v 0.835250 0.107568 0.580086
v 0.870052 0.213007 0.538660
v 0.870052 0.191919 0.538660
v 0.870052 0.170831 0.538660
v 0.870052 0.149743 0.538660
v 0.870052 0.128656 0.538660
v 0.870052 0.107568 0.538660
v 0.904854 0.213007 0.494265
v 0.904854 0.191919 0.494265
v 0.904854 0.170831 0.494265
v 0.904854 0.149743 0.494265
v 0.904854 0.128656 0.494265
v 0.904854 0.107568 0.494265
v 0.939656 0.213007 0.446614
v 0.939656 0.191919 0.446614
v 0.939656 0.170831 0.446614
v 0.939656 0.149743 0.446614
v 0.939656 0.128656 0.446614
v 0.939656 0.107568 0.446614
v 0.522031 0.213007 0.848864
v 0.522031 0.191919 0.848864
v 0.522031 0.170831 0.848865
v 0.522031 0.149744 0.848865
v 0.522031 0.128656 0.848865
v 0.522031 0.107568 0.848865
v 0.556833 0.213007 0.826781
v 0.556833 0.191919 0.826781
v 0.556833 0.170831 0.826781
v 0.556833 0.149744 0.826781
v 0.556833 0.128656 0.826781
v 0.556833 0.107568 0.826781
v 0.591635 0.213007 0.802964
v 0.591635 0.191919 0.802964
v 0.591635 0.170831 0.802965
v 0.591635 0.149744 0.802965
v 0.591635 0.128656 0.802965
v 0.591635 0.107568 0.802965
v 0.626437 0.213007 0.777342
v 0.626437 0.191919 0.777342
v 0.626437 0.170831 0.777342
v 0.626437 0.149744 0.777342
v 0.626437 0.128656 0.777342
v 0.626437 0.107568 0.777342
v 0.661239 0.213007 0.749830
v 0.661239 0.191919 0.749830
v 0.661239 0.170831 0.749830
v 0.661239 0.149744 0.749830
v 0.661239 0.128656 0.749830
v 0.661239 0.107568 0.749830
v 0.696042 0.213007 0.720335
v 0.696042 0.191919 0.720335
v 0.696042 0.170831 0.720335
v 0.696042 0.149744 0.720335
v 0.696042 0.128656 0.720335
v 0.696042 0.107568 0.720335
v 0.278417 0.213007 0.959410
v 0.278417 0.191919 0.959410
v 0.278417 0.170831 0.959411
v 0.278417 0.149744 0.959411
v 0.278417 0.128656 0.959411
v 0.278417 0.107568 0.959411
v 0.313219 0.213007 0.948045
v 0.313219 0.191919 0.948045
v 0.313219 0.170831 0.948045
v 0.313219 0.149744 0.948045
v 0.313219 0.128656 0.948045
v 0.313219 0.107568 0.948045
v 0.348021 0.213007 0.935261
v 0.348021 0.191919 0.935261
v 0.348021 0.170831 0.935261
v 0.348021 0.149744 0.935261
v 0.348021 0.128656 0.935261
v 0.348021 0.107568 0.935261
v 0.382823 0.213007 0.921028
v 0.382823 0.191919 0.921028
v 0.382823 0.170831 0.921028
v 0.382823 0.149744 0.921028
v 0.382823 0.128656 0.921028
v 0.382823 0.107568 0.921028
v 0.417625 0.213007 0.905313
v 0.417625 0.191919 0.905313
v 0.417625 0.170831 0.905313
v 0.417625 0.149744 0.905313
v 0.417625 0.128656 0.905313
v 0.417625 0.107568 0.905313
v 0.452427 0.213007 0.888077
v 0.452427 0.191919 0.888077
v 0.452427 0.170831 0.888077
v 0.452427 0.149744 0.888077
v 0.452427 0.128656 0.888077
v 0.452427 0.107568 0.888077
v 0.034802 0.213007 1.000947
v 0.034802 0.191919 1.000947
v 0.034802 0.170831 1.000947
v 0.034802 0.149744 1.000947
v 0.034802 0.128656 1.000947
v 0.034802 0.107568 1.000947
v 0.069604 0.213007 0.998989
v 0.069604 0.191919 0.998989
v 0.069604 0.170831 0.998989
v 0.069604 0.149744 0.998989
v 0.069604 0.128656 0.998989
v 0.069604 0.107568 0.998989
v 0.104406 0.213007 0.995722
v 0.104406 0.191919 0.995722
v 0.104406 0.170831 0.995722
v 0.104406 0.149744 0.995722
v 0.104406 0.128656 0.995722
v 0.104406 0.107568 0.995722
v 0.139208 0.213007 0.991139
v 0.139208 0.191919 0.991139
v 0.139208 0.170831 0.991139
v 0.139208 0.149744 0.991139
v 0.139208 0.128656 0.991139
v 0.139208 0.107568 0.991139
v 0.174010 0.213007 0.985230
v 0.174010 0.191919 0.985230
v 0.174010 0.170831 0.985230
v 0.174010 0.149744 0.985230
v 0.174010 0.128656 0.985230
v 0.174010 0.107568 0.985230
v 0.208812 0.213007 0.977983
v 0.208812 0.191919 0.977983
v 0.208812 0.170831 0.977983
v 0.208812 0.149744 0.977983
v 0.208812 0.128656 0.977983
v 0.208812 0.107568 0.977983
v -0.208812 0.213007 0.977983
v -0.208812 0.191919 0.977983
v -0.208812 0.170831 0.977983
v -0.208812 0.149744 0.977983
v -0.208812 0.128656 0.977983
v -0.208812 0.107568 0.977983
v -0.174010 0.213007 0.985230
v -0.174010 0.191919 0.985230
v -0.174010 0.170831 0.985230
v -0.174010 0.149744 0.985230
v -0.174010 0.128656 0.985230
v -0.174010 0.107568 0.985230
v -0.139208 0.213007 0.991139
v -0.139208 0.191919 0.991139
v -0.139208 0.170831 0.991139
v -0.139208 0.149744 0.991139
v -0.139208 0.128656 0.991139
v -0.139208 0.107568 0.991139
v -0.104406 0.213007 0.995722
v -0.104406 0.191919 0.995722
v -0.104406 0.170831 0.995722
v -0.104406 0.149744 0.995722
v -0.104406 0.128656 0.995722
v -0.104406 0.107568 0.995722
v -0.069604 0.213007 0.998989
v -0.069604 0.191919 0.998989
v -0.069604 0.170831 0.998989
v -0.069604 0.149744 0.998989
v -0.069604 0.128656 0.998989
v -0.069604 0.107568 0.998989
v -0.034802 0.213007 1.000947
v -0.034802 0.191919 1.000947
v -0.034802 0.170831 1.000947
v -0.034802 0.149744 1.000947
v -0.034802 0.128656 1.000947
v -0.034802 0.107568 1.000947
v -0.452427 0.213007 0.888077
v -0.452427 0.191919 0.888077
v -0.452427 0.170831 0.888077
v -0.452427 0.149744 0.888077
v -0.452427 0.128656 0.888077
v -0.452427 0.107568 0.888077
v -0.417625 0.213007 0.905313
v -0.417625 0.191919 0.905313
v -0.417625 0.170831 0.905313
v -0.417625 0.149744 0.905313
v -0.417625 0.128656 0.905313
v -0.417625 0.107568 0.905313
v -0.382823 0.213007 0.921028
v -0.382823 0.191919 0.921028
v -0.382823 0.170831 0.921028
v -0.382823 0.149744 0.921028
v -0.382823 0.128656 0.921028
v -0.382823 0.107568 0.921028
v -0.348021 0.213007 0.935261
v -0.348021 0.191919 0.935261
v -0.348021 0.170831 0.935261
v -0.348021 0.149744 0.935261
v -0.348021 0.128656 0.935261
v -0.348021 0.107568 0.935261
v -0.313219 0.213007 0.948045
v -0.313219 0.191919 0.948045
v -0.313219 0.170831 0.948045
v -0.313219 0.149744 0.948045
v -0.313219 0.128656 0.948045
v -0.313219 0.107568 0.948045
v -0.278417 0.213007 0.959410
v -0.278417 0.191919 0.959410
v -0.278417 0.170831 0.959411
v -0.278417 0.149744 0.959411
v -0.278417 0.128656 0.959411
v -0.278417 0.107568 0.959411
v -0.696041 0.213007 0.720335
v -0.696041 0.191919 0.720335
v -0.696041 0.170831 0.720335
v -0.696041 0.149744 0.720335
v -0.696041 0.128656 0.720335
v -0.696041 0.107568 0.720335
v -0.661239 0.213007 0.749830
v -0.661239 0.191919 0.749830
v -0.661239 0.170831 0.749830
v -0.661239 0.149744 0.749830
v -0.661239 0.128656 0.749830
v -0.661239 0.107568 0.749830
v -0.626437 0.213007 0.777342
v -0.626437 0.191919 0.777342
v -0.626437 0.170831 0.777342
v -0.626437 0.149744 0.777342
v -0.626437 0.128656 0.777342
v -0.626437 0.107568 0.777342
v -0.591635 0.213007 0.802965
v -0.591635 0.191919 0.802965
v -0.591635 0.170831 0.802965
v -0.591635 0.149744 0.802965
v -0.591635 0.128656 0.802965
v -0.591635 0.107568 0.802965
v -0.556833 0.213007 0.826781
v -0.556833 0.191919 0.826781
v -0.556833 0.170831 0.826781
v -0.556833 0.149744 0.826781
v -0.556833 0.128656 0.826781
v -0.556833 0.107568 0.826781
v -0.522031 0.213007 0.848864
v -0.522031 0.191919 0.848864
v -0.522031 0.170831 0.848865
v -0.522031 0.149744 0.848865
v -0.522031 0.128656 0.848865
v -0.522031 0.107568 0.848865
v -0.939656 0.213007 0.446614
v -0.939656 0.191919 0.446614
v -0.939656 0.170831 0.446614
v -0.939656 0.149743 0.446614
v -0.939656 0.128656 0.446614
v -0.939656 0.107568 0.446614
v -0.904854 0.213007 0.494265
v -0.904854 0.191919 0.494265
v -0.904854 0.170831 0.494265
v -0.904854 0.149743 0.494265
v -0.904854 0.128656 0.494265
v -0.904854 0.107568 0.494265
v -0.870052 0.213007 0.538660
v -0.870052 0.191919 0.538660
v -0.870052 0.170831 0.538660
v -0.870052 0.149743 0.538660
v -0.870052 0.128656 0.538660
v -0.870052 0.107568 0.538660
v -0.835250 0.213007 0.580086
v -0.835250 0.191919 0.580086
v -0.835250 0.170831 0.580086
v -0.835250 0.149743 0.580086
v -0.835250 0.128656 0.580086
v -0.835250 0.107568 0.580086
v -0.800448 0.213007 0.618781
v -0.800448 0.191919 0.618781
v -0.800448 0.170831 0.618781
v -0.800448 0.149743 0.618781
v -0.800448 0.128656 0.618781
v -0.800448 0.107568 0.618781
v -0.765646 0.213007 0.654945
v -0.765646 0.191919 0.654945
v -0.765646 0.170831 0.654945
v -0.765646 0.149743 0.654945
v -0.765646 0.128656 0.654945
v -0.765646 0.107568 0.654945
v -1.183271 0.213007 -0.024450
v -1.183271 0.191919 -0.024450
v -1.183271 0.170831 -0.024450
v -1.183271 0.149743 -0.024450
v -1.183271 0.128656 -0.024450
v -1.183271 0.107568 -0.024449
v -1.148468 0.213007 0.064318
v -1.148468 0.191919 0.064318
v -1.148468 0.170831 0.064318
v -1.148468 0.149743 0.064318
v -1.148468 0.128656 0.064318
v -1.148468 0.107568 0.064318
v -1.113666 0.213007 0.143452
v -1.113666 0.191919 0.143452
v -1.113666 0.170831 0.143452
v -1.113666 0.149743 0.143452
v -1.113666 0.128656 0.143452
v -1.113666 0.107568 0.143452
v -1.078864 0.213007 0.214948
v -1.078864 0.191919 0.214948
v -1.078864 0.170831 0.214948
v -1.078864 0.149743 0.214948
v -1.078864 0.128656 0.214948
v -1.078864 0.107568 0.214948
v -1.044062 0.213007 0.280161
v -1.044062 0.191919 0.280161
v -1.044062 0.170831 0.280161
v -1.044062 0.149743 0.280161
v -1.044062 0.128656 0.280161
v -1.044062 0.107568 0.280161
v -1.009260 0.213007 0.340057
v -1.009260 0.191919 0.340057
v -1.009260 0.170831 0.340057
v -1.009260 0.149743 0.340057
v -1.009260 0.128656 0.340057
v -1.009260 0.107568 0.340057
v 1.009260 0.360622 0.340057
v 1.009260 0.339534 0.340057
v 1.009260 0.318446 0.340057
v 1.009260 0.297359 0.340057
v 1.009260 0.276271 0.340057
v 1.009260 0.255183 0.340057
v 1.044062 0.360622 0.280161
v 1.044062 0.339534 0.280161
v 1.044062 0.318446 0.280161
v 1.044062 0.297359 0.280161
v 1.044062 0.276271 0.280161
v 1.044062 0.255183 0.280161
v 1.078864 0.360622 0.214948
v 1.078864 0.339534 0.214948
v 1.078864 0.318446 0.214948
v 1.078864 0.297358 0.214948
v 1.078864 0.276271 0.214948
v 1.078864 0.255183 0.214948
v 1.113666 0.360622 0.143452
v 1.113666 0.339534 0.143452
v 1.113666 0.318446 0.143452
v 1.113666 0.297358 0.143452
v 1.113666 0.276271 0.143452
v 1.113666 0.255183 0.143452
v 1.148468 0.360622 0.064318
v 1.148468 0.339534 0.064318
v 1.148468 0.318446 0.064318
v 1.148468 0.297358 0.064318
v 1.148468 0.276271 0.064318
v 1.148468 0.255183 0.064318
v 1.183271 0.360622 -0.024450
v 1.183271 0.339534 -0.024450
v 1.183271 0.318446 -0.024450
v 1.183271 0.297358 -0.024450
v 1.183271 0.276271 -0.024450
v 1.183271 0.255183 -0.024450
v 0.765646 0.360622 0.654945
v 0.765646 0.339534 0.654945
v 0.765646 0.318446 0.654945
v 0.765646 0.297359 0.654945
v 0.765646 0.276271 0.654945
v 0.765646 0.255183 0.654945
v 0.800448 0.360622 0.618781
v 0.800448 0.339534 0.618781
v 0.800448 0.318446 0.618781
v 0.800448 0.297359 0.618781
v 0.800448 0.276271 0.618781
v 0.800448 0.255183 0.618781
v 0.835250 0.360622 0.580086
v 0.835250 0.339534 0.580086
v 0.835250 0.318446 0.580086
v 0.835250 0.297359 0.580086
v 0.835250 0.276271 0.580086
v 0.835250 0.255183 0.580086
v 0.870052 0.360622 0.538660
v 0.870052 0.339534 0.538660
v 0.870052 0.318446 0.538660
v 0.870052 0.297359 0.538660
v 0.870052 0.276271 0.538660
v 0.870052 0.255183 0.538660
v 0.904854 0.360622 0.494265
v 0.904854 0.339534 0.494265
v 0.904854 0.318446 0.494265
v 0.904854 0.297359 0.494265
v 0.904854 0.276271 0.494265
v 0.904854 0.255183 0.494265
v 0.939656 0.360622 0.446614
v 0.939656 0.339534 0.446614
v 0.939656 0.318446 0.446614
v 0.939656 0.297359 0.446614
v 0.939656 0.276271 0.446614
v 0.939656 0.255183 0.446614
v 0.522031 0.360622 0.848864
v 0.522031 0.339534 0.848864
v 0.522031 0.318446 0.848864
v 0.522031 0.297359 0.848864
v 0.522031 0.276271 0.848864
v 0.522031 0.255183 0.848864
v 0.556833 0.360622 0.826781
v 0.556833 0.339534 0.826781
v 0.556833 0.318446 0.826781
v 0.556833 0.297359 0.826781
v 0.556833 0.276271 0.826781
v 0.556833 0.255183 0.826781
v 0.591635 0.360622 0.802964
v 0.591635 0.339534 0.802964
v 0.591635 0.318446 0.802964
v 0.591635 0.297359 0.802964
v 0.591635 0.276271 0.802964
v 0.591635 0.255183 0.802964
v 0.626437 0.360622 0.777342
v 0.626437 0.339534 0.777342
v 0.626437 0.318446 0.777342
v 0.626437 0.297359 0.777342
v 0.626437 0.276271 0.777342
v 0.626437 0.255183 0.777342
v 0.661239 0.360622 0.749830
v 0.661239 0.339534 0.749830
v 0.661239 0.318446 0.749830
v 0.661239 0.297359 0.749830
v 0.661239 0.276271 0.749830
v 0.661239 0.255183 0.749830
v 0.696042 0.360622 0.720335
v 0.696042 0.339534 0.720335
v 0.696042 0.318446 0.720335
v 0.696042 0.297359 0.720335
v 0.696042 0.276271 0.720335
v 0.696042 0.255183 0.720335
v 0.278417 0.360622 0.959410
v 0.278417 0.339534 0.959410
v 0.278417 0.318446 0.959410
v 0.278417 0.297359 0.959410
v 0.278417 0.276271 0.959410
v 0.278417 0.255183 0.959410
v 0.313219 0.360622 0.948045
v 0.313219 0.339534 0.948045
v 0.313219 0.318446 0.948045
v 0.313219 0.297359 0.948045
v 0.313219 0.276271 0.948045
v 0.313219 0.255183 0.948045
v 0.348021 0.360622 0.935261
v 0.348021 0.339534 0.935261
v 0.348021 0.318446 0.935261
v 0.348021 0.297359 0.935261
v 0.348021 0.276271 0.935261
v 0.348021 0.255183 0.935261
v 0.382823 0.360622 0.921028
v 0.382823 0.339534 0.921028
v 0.382823 0.318446 0.921028
v 0.382823 0.297359 0.921028
v 0.382823 0.276271 0.921028
v 0.382823 0.255183 0.921028
v 0.417625 0.360622 0.905313
v 0.417625 0.339534 0.905313
v 0.417625 0.318446 0.905313
v 0.417625 0.297359 0.905313
v 0.417625 0.276271 0.905313
v 0.417625 0.255183 0.905313
v 0.452427 0.360622 0.888077
v 0.452427 0.339534 0.888077
v 0.452427 0.318446 0.888077
v 0.452427 0.297359 0.888077
v 0.452427 0.276271 0.888077
v 0.452427 0.255183 0.888077
v 0.034802 0.360622 1.000947
v 0.034802 0.339534 1.000947
v 0.034802 0.318446 1.000947
v 0.034802 0.297359 1.000947
v 0.034802 0.276271 1.000947
v 0.034802 0.255183 1.000947
v 0.069604 0.360622 0.998989
v 0.069604 0.339534 0.998989
v 0.069604 0.318446 0.998989
v 0.069604 0.297359 0.998989
v 0.069604 0.276271 0.998989
v 0.069604 0.255183 0.998989
v 0.104406 0.360622 0.995722
v 0.104406 0.339534 0.995722
v 0.104406 0.318446 0.995722
v 0.104406 0.297359 0.995722
v 0.104406 0.276271 0.995722
v 0.104406 0.255183 0.995722
v 0.139208 0.360622 0.991139
v 0.139208 0.339534 0.991139
v 0.139208 0.318446 0.991139
v 0.139208 0.297359 0.991139
v 0.139208 0.276271 0.991139
v 0.139208 0.255183 0.991139
v 0.174010 0.360622 0.985230
v 0.174010 0.339534 0.985230
v 0.174010 0.318446 0.985230
v 0.174010 0.297359 0.985230
v 0.174010 0.276271 0.985230
v 0.174010 0.255183 0.985230
v 0.208812 0.360622 0.977983
v 0.208812 0.339534 0.977983
v 0.208812 0.318446 0.977983
v 0.208812 0.297359 0.977983
v 0.208812 0.276271 0.977983
v 0.208812 0.255183 0.977983
v -0.208812 0.360622 0.977983
v -0.208812 0.339534 0.977983
v -0.208812 0.318446 0.977983
v -0.208812 0.297359 0.977983
v -0.208812 0.276271 0.977983
v -0.208812 0.255183 0.977983
v -0.174010 0.360622 0.985230
v -0.174010 0.339534 0.985230
v -0.174010 0.318446 0.985230
v -0.174010 0.297359 0.985230
v -0.174010 0.276271 0.985230
v -0.174010 0.255183 0.985230
v -0.139208 0.360622 0.991139
v -0.139208 0.339534 0.991139
v -0.139208 0.318446 0.991139
v -0.139208 0.297359 0.991139
v -0.139208 0.276271 0.991139
v -0.139208 0.255183 0.991139
v -0.104406 0.360622 0.995722
v -0.104406 0.339534 0.995722
v -0.104406 0.318446 0.995722
v -0.104406 0.297359 0.995722
v -0.104406 0.276271 0.995722
v -0.104406 0.255183 0.995722
v -0.069604 0.360622 0.998989
v -0.069604 0.339534 0.998989
v -0.069604 0.318446 0.998989
v -0.069604 0.297359 0.998989
v -0.069604 0.276271 0.998989
v -0.069604 0.255183 0.998989
v -0.034802 0.360622 1.000947
v -0.034802 0.339534 1.000947
v -0.034802 0.318446 1.000947
v -0.034802 0.297359 1.000947
v -0.034802 0.276271 1.000947
v -0.034802 0.255183 1.000947
v -0.452427 0.360622 0.888077
v -0.452427 0.339534 0.888077
v -0.452427 0.318446 0.888077
v -0.452427 0.297359 0.888077
v -0.452427 0.276271 0.888077
v -0.452427 0.255183 0.888077
v -0.417625 0.360622 0.905313
v -0.417625 0.339534 0.905313
v -0.417625 0.318446 0.905313
v -0.417625 0.297359 0.905313
v -0.417625 0.276271 0.905313
v -0.417625 0.255183 0.905313
v -0.382823 0.360622 0.921028
v -0.382823 0.339534 0.921028
v -0.382823 0.318446 0.921028
v -0.382823 0.297359 0.921028
v -0.382823 0.276271 0.921028
v -0.382823 0.255183 0.921028
v -0.348021 0.360622 0.935261
v -0.348021 0.339534 0.935261
v -0.348021 0.318446 0.935261
v -0.348021 0.297359 0.935261
v -0.348021 0.276271 0.935261
v -0.348021 0.255183 0.935261
v -0.313219 0.360622 0.948045
v -0.313219 0.339534 0.948045
v -0.313219 0.318446 0.948045
v -0.313219 0.297359 0.948045
v -0.313219 0.276271 0.948045
v -0.313219 0.255183 0.948045
v -0.278417 0.360622 0.959410
v -0.278417 0.339534 0.959410
v -0.278417 0.318446 0.959410
v -0.278417 0.297359 0.959410
v -0.278417 0.276271 0.959410
v -0.278417 0.255183 0.959410
v -0.696041 0.360622 0.720335
v -0.696041 0.339534 0.720335
v -0.696041 0.318446 0.720335
v -0.696041 0.297359 0.720335
v -0.696041 0.276271 0.720335
v -0.696041 0.255183 0.720335
v -0.661239 0.360622 0.749830
v -0.661239 0.339534 0.749830
v -0.661239 0.318446 0.749830
v -0.661239 0.297359 0.749830
v -0.661239 0.276271 0.749830
v -0.661239 0.255183 0.749830
v -0.626437 0.360622 0.777342
v -0.626437 0.339534 0.777342
v -0.626437 0.318446 0.777342
v -0.626437 0.297359 0.777342
v -0.626437 0.276271 0.777342
v -0.626437 0.255183 0.777342
v -0.591635 0.360622 0.802965
v -0.591635 0.339534 0.802965
v -0.591635 0.318446 0.802965
v -0.591635 0.297359 0.802965
v -0.591635 0.276271 0.802965
v -0.591635 0.255183 0.802965
v -0.556833 0.360622 0.826781
v -0.556833 0.339534 0.826781
v -0.556833 0.318446 0.826781
v -0.556833 0.297359 0.826781
v -0.556833 0.276271 0.826781
v -0.556833 0.255183 0.826781
v -0.522031 0.360622 0.848864
v -0.522031 0.339534 0.848864
v -0.522031 0.318446 0.848864
v -0.522031 0.297359 0.848864
v -0.522031 0.276271 0.848864
v -0.522031 0.255183 0.848864
v -0.939656 0.360622 0.446614
v -0.939656 0.339534 0.446614
v -0.939656 0.318446 0.446614
v -0.939656 0.297359 0.446614
v -0.939656 0.276271 0.446614
v -0.939656 0.255183 0.446614
v -0.904854 0.360622 0.494265
v -0.904854 0.339534 0.494265
v -0.904854 0.318446 0.494265
v -0.904854 0.297359 0.494265
v -0.904854 0.276271 0.494265
v -0.904854 0.255183 0.494265
v -0.870052 0.360622 0.538660
v -0.870052 0.339534 0.538660
v -0.870052 0.318446 0.538660
v -0.870052 0.297359 0.538660
v -0.870052 0.276271 0.538660
v -0.870052 0.255183 0.538660
v -0.835250 0.360622 0.580086
v -0.835250 0.339534 0.580086
v -0.835250 0.318446 0.580086
v -0.835250 0.297359 0.580086
v -0.835250 0.276271 0.580086
v -0.835250 0.255183 0.580086
v -0.800448 0.360622 0.618781
v -0.800448 0.339534 0.618781
v -0.800448 0.318446 0.618781
v -0.800448 0.297359 0.618781
v -0.800448 0.276271 0.618781
v -0.800448 0.255183 0.618781
v -0.765646 0.360622 0.654945
v -0.765646 0.339534 0.654945
v -0.765646 0.318446 0.654945
v -0.765646 0.297359 0.654945
v -0.765646 0.276271 0.654945
v -0.765646 0.255183 0.654945
v -1.183271 0.360622 -0.024450
v -1.183271 0.339534 -0.024450
v -1.183271 0.318446 -0.024450
v -1.183271 0.297358 -0.024450
v -1.183271 0.276271 -0.024450
v -1.183271 0.255183 -0.024450
v -1.148468 0.360622 0.064318
v -1.148468 0.339534 0.064318
v -1.148468 0.318446 0.064318
v -1.148468 0.297358 0.064318
v -1.148468 0.276271 0.064318
v -1.148468 0.255183 0.064318
v -1.113666 0.360622 0.143452
v -1.113666 0.339534 0.143452
v -1.113666 0.318446 0.143452
v -1.113666 0.297358 0.143452
v -1.113666 0.276271 0.143452
v -1.113666 0.255183 0.143452
v -1.078864 0.360622 0.214948
v -1.078864 0.339534 0.214948
v -1.078864 0.318446 0.214948
v -1.078864 0.297358 0.214948
v -1.078864 0.276271 0.214948
v -1.078864 0.255183 0.214948
v -1.044062 0.360622 0.280161
v -1.044062 0.339534 0.280161
v -1.044062 0.318446 0.280161
v -1.044062 0.297359 0.280161
v -1.044062 0.276271 0.280161
v -1.044062 0.255183 0.280161
v -1.009260 0.360622 0.340057
v -1.009260 0.339534 0.340057
v -1.009260 0.318446 0.340057
v -1.009260 0.297359 0.340057
v -1.009260 0.276271 0.340057
v -1.009260 0.255183 0.340057
v 1.009260 0.508237 0.340057
v 1.009260 0.487149 0.340057
v 1.009260 0.466061 0.340057
v 1.009260 0.444974 0.340057
v 1.009260 0.423886 0.340057
v 1.009260 0.402798 0.340057
v 1.044062 0.508237 0.280161
v 1.044062 0.487149 0.280161
v 1.044062 0.466061 0.280161
v 1.044062 0.444974 0.280161
v 1.044062 0.423886 0.280161
v 1.044062 0.402798 0.280161
v 1.078864 0.508237 0.214948
v 1.078864 0.487149 0.214948
v 1.078864 0.466061 0.214948
v 1.078864 0.444973 0.214948
v 1.078864 0.423886 0.214948
v 1.078864 0.402798 0.214948
v 1.113666 0.508237 0.143452
v 1.113666 0.487149 0.143452
v 1.113666 0.466061 0.143452
v 1.113666 0.444973 0.143452
v 1.113666 0.423886 0.143452
v 1.113666 0.402798 0.143452
v 1.148468 0.508237 0.064318
v 1.148468 0.487149 0.064318
v 1.148468 0.466061 0.064318
v 1.148468 0.444973 0.064318
v 1.148468 0.423886 0.064318
v 1.148468 0.402798 0.064318
v 1.183271 0.508237 -0.024450
v 1.183271 0.487149 -0.024450
v 1.183271 0.466061 -0.024450
v 1.183271 0.444973 -0.024450
v 1.183271 0.423886 -0.024450
v 1.183271 0.402798 -0.024450
v 0.765646 0.508237 0.654945
v 0.765646 0.487149 0.654945
v 0.765646 0.466061 0.654945
v 0.765646 0.444974 0.654945
v 0.765646 0.423886 0.654945
v 0.765646 0.402798 0.654945
v 0.800448 0.508237 0.618781
v 0.800448 0.487149 0.618781
v 0.800448 0.466061 0.618781
v 0.800448 0.444974 0.618781
v 0.800448 0.423886 0.618781
v 0.800448 0.402798 0.618781
v 0.835250 0.508237 0.580086
v 0.835250 0.487149 0.580086
v 0.835250 0.466061 0.580086
v 0.835250 0.444974 0.580086
v 0.835250 0.423886 0.580086
v 0.835250 0.402798 0.580086
v 0.870052 0.508237 0.538660
v 0.870052 0.487149 0.538660
v 0.870052 0.466061 0.538660
v 0.870052 0.444974 0.538660
v 0.870052 0.423886 0.538660
v 0.870052 0.402798 0.538660
v 0.904854 0.508237 0.494265
v 0.904854 0.487149 0.494265
v 0.904854 0.466061 0.494265
v 0.904854 0.444974 0.494265
v 0.904854 0.423886 0.494265
v 0.904854 0.402798 0.494265
v 0.939656 0.508237 0.446614
v 0.939656 0.487149 0.446614
v 0.939656 0.466061 0.446614
v 0.939656 0.444974 0.446614
v 0.939656 0.423886 0.446614
v 0.939656 0.402798 0.446614
v 0.522031 0.508237 0.848864
v 0.522031 0.487149 0.848864
v 0.522031 0.466061 0.848864
v 0.522031 0.444974 0.848864
v 0.522031 0.423886 0.848864
v 0.522031 0.402798 0.848864
v 0.556833 0.508237 0.826781
v 0.556833 0.487149 0.826781
v 0.556833 0.466061 0.826781
v 0.556833 0.444974 0.826781
v 0.556833 0.423886 0.826781
v 0.556833 0.402798 0.826781
v 0.591635 0.508237 0.802964
v 0.591635 0.487149 0.802964
v 0.591635 0.466061 0.802964
v 0.591635 0.444974 0.802964
v 0.591635 0.423886 0.802964
v 0.591635 0.402798 0.802964
v 0.626437 0.508237 0.777342
v 0.626437 0.487149 0.777342
v 0.626437 0.466061 0.777342
v 0.626437 0.444974 0.777342
v 0.626437 0.423886 0.777342
v 0.626437 0.402798 0.777342
v 0.661239 0.508237 0.749830
v 0.661239 0.487149 0.749830
v 0.661239 0.466061 0.749830
v 0.661239 0.444974 0.749830
v 0.661239 0.423886 0.749830
v 0.661239 0.402798 0.749830
v 0.696042 0.508237 0.720335
v 0.696042 0.487149 0.720335
v 0.696042 0.466061 0.720335
v 0.696042 0.444974 0.720335
v 0.696042 0.423886 0.720335
v 0.696042 0.402798 0.720335
v 0.278417 0.508237 0.959410
v 0.278417 0.487149 0.959410
v 0.278417 0.466061 0.959410
v 0.278417 0.444974 0.959410
v 0.278417 0.423886 0.959410
v 0.278417 0.402798 0.959410
v 0.313219 0.508237 0.948045
v 0.313219 0.487149 0.948045
v 0.313219 0.466061 0.948045
v 0.313219 0.444974 0.948045
v 0.313219 0.423886 0.948045
v 0.313219 0.402798 0.948045
v 0.348021 0.508237 0.935261
v 0.348021 0.487149 0.935261
v 0.348021 0.466061 0.935261
v 0.348021 0.444974 0.935261
v 0.348021 0.423886 0.935261
v 0.348021 0.402798 0.935261
v 0.382823 0.508237 0.921028
v 0.382823 0.487149 0.921028
v 0.382823 0.466061 0.921028
v 0.382823 0.444974 0.921028
v 0.382823 0.423886 0.921028
v 0.382823 0.402798 0.921028
v 0.417625 0.508237 0.905313
v 0.417625 0.487149 0.905313
v 0.417625 0.466061 0.905313
v 0.417625 0.444974 0.905313
v 0.417625 0.423886 0.905313
v 0.417625 0.402798 0.905313
v 0.452427 0.508237 0.888077
v 0.452427 0.487149 0.888077
v 0.452427 0.466061 0.888077
v 0.452427 0.444974 0.888077
v 0.452427 0.423886 0.888077
v 0.452427 0.402798 0.888077
v 0.034802 0.508237 1.000947
v 0.034802 0.487149 1.000947
v 0.034802 0.466061 1.000947
v 0.034802 0.444974 1.000947
v 0.034802 0.423886 1.000947
v 0.034802 0.402798 1.000947
v 0.069604 0.508237 0.998989
v 0.069604 0.487149 0.998989
v 0.069604 0.466061 0.998989
v 0.069604 0.444974 0.998989
v 0.069604 0.423886 0.998989
v 0.069604 0.402798 0.998989
v 0.104406 0.508237 0.995722
v 0.104406 0.487149 0.995722
v 0.104406 0.466061 0.995722
v 0.104406 0.444974 0.995722
v 0.104406 0.423886 0.995722
v 0.104406 0.402798 0.995722
v 0.139208 0.508237 0.991139
v 0.139208 0.487149 0.991139
v 0.139208 0.466061 0.991139
v 0.139208 0.444974 0.991139
v 0.139208 0.423886 0.991139
v 0.139208 0.402798 0.991139
v 0.174010 0.508237 0.985230
v 0.174010 0.487149 0.985230
v 0.174010 0.466061 0.985230
v 0.174010 0.444974 0.985230
v 0.174010 0.423886 0.985230
v 0.174010 0.402798 0.985230
v 0.208812 0.508237 0.977983
v 0.208812 0.487149 0.977983
v 0.208812 0.466061 0.977983
v 0.208812 0.444974 0.977983
v 0.208812 0.423886 0.977983
v 0.208812 0.402798 0.977983
v -0.208812 0.508237 0.977983
v -0.208812 0.487149 0.977983
v -0.208812 0.466061 0.977983
v -0.208812 0.444974 0.977983
v -0.208812 0.423886 0.977983
v -0.208812 0.402798 0.977983
v -0.174010 0.508237 0.985230
v -0.174010 0.487149 0.985230
v -0.174010 0.466061 0.985230
v -0.174010 0.444974 0.985230
v -0.174010 0.423886 0.985230
v -0.174010 0.402798 0.985230
v -0.139208 0.508237 0.991139
v -0.139208 0.487149 0.991139
v -0.139208 0.466061 0.991139
v -0.139208 0.444974 0.991139
v -0.139208 0.423886 0.991139
v -0.139208 0.402798 0.991139
v -0.104406 0.508237 0.995722
v -0.104406 0.487149 0.995722
v -0.104406 0.466061 0.995722
v -0.104406 0.444974 0.995722
v -0.104406 0.423886 0.995722
v -0.104406 0.402798 0.995722
v -0.069604 0.508237 0.998989
v -0.069604 0.487149 0.998989
v -0.069604 0.466061 0.998989
v -0.069604 0.444974 0.998989
v -0.069604 0.423886 0.998989
v -0.069604 0.402798 0.998989
v -0.034802 0.508237 1.000947
v -0.034802 0.487149 1.000947
v -0.034802 0.466061 1.000947
v -0.034802 0.444974 1.000947
v -0.034802 0.423886 1.000947
v -0.034802 0.402798 1.000947
v -0.452427 0.508237 0.888077
v -0.452427 0.487149 0.888077
v -0.452427 0.466061 0.888077
v -0.452427 0.444974 0.888077
v -0.452427 0.423886 0.888077
v -0.452427 0.402798 0.888077
v -0.417625 0.508237 0.905313
v -0.417625 0.487149 0.905313
v -0.417625 0.466061 0.905313
v -0.417625 0.444974 0.905313
v -0.417625 0.423886 0.905313
v -0.417625 0.402798 0.905313
v -0.382823 0.508237 0.921028
v -0.382823 0.487149 0.921028
v -0.382823 0.466061 0.921028
v -0.382823 0.444974 0.921028
v -0.382823 0.423886 0.921028
v -0.382823 0.402798 0.921028
v -0.348021 0.508237 0.935261
v -0.348021 0.487149 0.935261
v -0.348021 0.466061 0.935261
v -0.348021 0.444974 0.935261
v -0.348021 0.423886 0.935261
v -0.348021 0.402798 0.935261
v -0.313219 0.508237 0.948045
v -0.313219 0.487149 0.948045
v -0.313219 0.466061 0.948045
v -0.313219 0.444974 0.948045
v -0.313219 0.423886 0.948045
v -0.313219 0.402798 0.948045
v -0.278417 0.508237 0.959410
v -0.278417 0.487149 0.959410
v -0.278417 0.466061 0.959410
v -0.278417 0.444974 0.959410
v -0.278417 0.423886 0.959410
v -0.278417 0.402798 0.959410
v -0.696041 0.508237 0.720335
v -0.696041 0.487149 0.720335
v -0.696041 0.466061 0.720335
v -0.696041 0.444974 0.720335
v -0.696041 0.423886 0.720335
v -0.696041 0.402798 0.720335
v -0.661239 0.508237 0.749830
v -0.661239 0.487149 0.749830
v -0.661239 0.466061 0.749830
v -0.661239 0.444974 0.749830
v -0.661239 0.423886 0.749830
v -0.661239 0.402798 0.749830
v -0.626437 0.508237 0.777342
v -0.626437 0.487149 0.777342
v -0.626437 0.466061 0.777342
v -0.626437 0.444974 0.777342
v -0.626437 0.423886 0.777342
v -0.626437 0.402798 0.777342
v -0.591635 0.508237 0.802965
v -0.591635 0.487149 0.802965
v -0.591635 0.466061 0.802965
v -0.591635 0.444974 0.802965
v -0.591635 0.423886 0.802965
v -0.591635 0.402798 0.802965
v -0.556833 0.508237 0.826781
v -0.556833 0.487149 0.826781
v -0.556833 0.466061 0.826781
v -0.556833 0.444974 0.826781
v -0.556833 0.423886 0.826781
v -0.556833 0.402798 0.826781
v -0.522031 0.508237 0.848864
v -0.522031 0.487149 0.848864
v -0.522031 0.466061 0.848864
v -0.522031 0.444974 0.848864
v -0.522031 0.423886 0.848864
v -0.522031 0.402798 0.848864
v -0.939656 0.508237 0.446614
v -0.939656 0.487149 0.446614
v -0.939656 0.466061 0.446614
v -0.939656 0.444974 0.446614
v -0.939656 0.423886 0.446614
v -0.939656 0.402798 0.446614
v -0.904854 0.508237 0.494265
v -0.904854 0.487149 0.494265
v -0.904854 0.466061 0.494265
v -0.904854 0.444974 0.494265
v -0.904854 0.423886 0.494265
v -0.904854 0.402798 0.494265
v -0.870052 0.508237 0.538660
v -0.870052 0.487149 0.538660
v -0.870052 0.466061 0.538660
v -0.870052 0.444974 0.538660
v -0.870052 0.423886 0.538660
v -0.870052 0.402798 0.538660
v -0.835250 0.508237 0.580086
v -0.835250 0.487149 0.580086
v -0.835250 0.466061 0.580086
v -0.835250 0.444974 0.580086
v -0.835250 0.423886 0.580086
v -0.835250 0.402798 0.580086
v -0.800448 0.508237 0.618781
v -0.800448 0.487149 0.618781
v -0.800448 0.466061 0.618781
v -0.800448 0.444974 0.618781
v -0.800448 0.423886 0.618781
v -0.800448 0.402798 0.618781
v -0.765646 0.508237 0.654945
v -0.765646 0.487149 0.654945
v -0.765646 0.466061 0.654945
v -0.765646 0.444974 0.654945
v -0.765646 0.423886 0.654945
v -0.765646 0.402798 0.654945
v -1.183271 0.508237 -0.024450
v -1.183271 0.487149 -0.024450
v -1.183271 0.466061 -0.024450
v -1.183271 0.444973 -0.024450
v -1.183271 0.423886 -0.024450
v -1.183271 0.402798 -0.024450
v -1.148468 0.508237 0.064318
v -1.148468 0.487149 0.064318
v -1.148468 0.466061 0.064318
v -1.148468 0.444973 0.064318
v -1.148468 0.423886 0.064318
v -1.148468 0.402798 0.064318
v -1.113666 0.508237 0.143452
v -1.113666 0.487149 0.143452
v -1.113666 0.466061 0.143452
v -1.113666 0.444973 0.143452
v -1.113666 0.423886 0.143452
v -1.113666 0.402798 0.143452
v -1.078864 0.508237 0.214948
v -1.078864 0.487149 0.214948
v -1.078864 0.466061 0.214948
v -1.078864 0.444973 0.214948
v -1.078864 0.423886 0.214948
v -1.078864 0.402798 0.214948
v -1.044062 0.508237 0.280161
v -1.044062 0.487149 0.280161
v -1.044062 0.466061 0.280161
v -1.044062 0.444974 0.280161
v -1.044062 0.423886 0.280161
v -1.044062 0.402798 0.280161
v -1.009260 0.508237 0.340057
v -1.009260 0.487149 0.340057
v -1.009260 0.466061 0.340057
v -1.009260 0.444974 0.340057
v -1.009260 0.423886 0.340057
v -1.009260 0.402798 0.340057
v 1.009260 0.655852 0.340057
v 1.009260 0.634764 0.340057
v 1.009260 0.613676 0.340057
v 1.009260 0.592589 0.340057
v 1.009260 0.571501 0.340057
v 1.009260 0.550413 0.340057
v 1.044062 0.655852 0.280161
v 1.044062 0.634764 0.280161
v 1.044062 0.613676 0.280161
v 1.044062 0.592589 0.280161
v 1.044062 0.571501 0.280161
v 1.044062 0.550413 0.280161
v 1.078864 0.655852 0.214948
v 1.078864 0.634764 0.214948
v 1.078864 0.613676 0.214948
v 1.078864 0.592589 0.214948
v 1.078864 0.571501 0.214948
v 1.078864 0.550413 0.214948
v 1.113666 0.655852 0.143452
v 1.113666 0.634764 0.143452
v 1.113666 0.613676 0.143452
v 1.113666 0.592588 0.143452
v 1.113666 0.571501 0.143452
v 1.113666 0.550413 0.143452
v 1.148468 0.655852 0.064318
v 1.148468 0.634764 0.064318
v 1.148468 0.613676 0.064318
v 1.148468 0.592588 0.064318
v 1.148468 0.571501 0.064318
v 1.148468 0.550413 0.064318
v 1.183271 0.655852 -0.024450
v 1.183271 0.634764 -0.024450
v 1.183271 0.613676 -0.024450
v 1.183271 0.592588 -0.024450
v 1.183271 0.571501 -0.024450
v 1.183271 0.550413 -0.024450
v 0.765646 0.655852 0.654945
v 0.765646 0.634764 0.654945
v 0.765646 0.613676 0.654945
v 0.765646 0.592589 0.654945
v 0.765646 0.571501 0.654945
v 0.765646 0.550413 0.654945
v 0.800448 0.655852 0.618781
v 0.800448 0.634764 0.618781
v 0.800448 0.613676 0.618781
v 0.800448 0.592589 0.618781
v 0.800448 0.571501 0.618781
v 0.800448 0.550413 0.618781
v 0.835250 0.655852 0.580086
v 0.835250 0.634764 0.580086
v 0.835250 0.613676 0.580086
v 0.835250 0.592589 0.580086
v 0.835250 0.571501 0.580086
v 0.835250 0.550413 0.580086
v 0.870052 0.655852 0.538660
v 0.870052 0.634764 0.538660
v 0.870052 0.613676 0.538660
v 0.870052 0.592589 0.538660
v 0.870052 0.571501 0.538660
v 0.870052 0.550413 0.538660
v 0.904854 0.655852 0.494265
v 0.904854 0.634764 0.494265
v 0.904854 0.613676 0.494265
v 0.904854 0.592589 0.494265
v 0.904854 0.571501 0.494265
v 0.904854 0.550413 0.494265
v 0.939656 0.655852 0.446614
v 0.939656 0.634764 0.446614
v 0.939656 0.613676 0.446614
v 0.939656 0.592589 0.446614
v 0.939656 0.571501 0.446614
v 0.939656 0.550413 0.446614
v 0.522031 0.655852 0.848864
v 0.522031 0.634764 0.848864
v 0.522031 0.613676 0.848864
v 0.522031 0.592589 0.848864
v 0.522031 0.571501 0.848864
v 0.522031 0.550413 0.848864
v 0.556833 0.655852 0.826781
v 0.556833 0.634764 0.826781
v 0.556833 0.613676 0.826781
v 0.556833 0.592589 0.826781
v 0.556833 0.571501 0.826781
v 0.556833 0.550413 0.826781
v 0.591635 0.655852 0.802964
v 0.591635 0.634764 0.802964
v 0.591635 0.613676 0.802964
v 0.591635 0.592589 0.802964
v 0.591635 0.571501 0.802964
v 0.591635 0.550413 0.802964
v 0.626437 0.655852 0.777341
v 0.626437 0.634764 0.777341
v 0.626437 0.613676 0.777341
v 0.626437 0.592589 0.777341
v 0.626437 0.571501 0.777341
v 0.626437 0.550413 0.777341
v 0.661239 0.655852 0.749830
v 0.661239 0.634764 0.749830
v 0.661239 0.613676 0.749830
v 0.661239 0.592589 0.749830
v 0.661239 0.571501 0.749830
v 0.661239 0.550413 0.749830
v 0.696042 0.655852 0.720335
v 0.696042 0.634764 0.720335
v 0.696042 0.613676 0.720335
v 0.696042 0.592589 0.720335
v 0.696042 0.571501 0.720335
v 0.696042 0.550413 0.720335
v 0.278417 0.655852 0.959410
v 0.278417 0.634764 0.959410
v 0.278417 0.613676 0.959410
v 0.278417 0.592589 0.959410
v 0.278417 0.571501 0.959410
v 0.278417 0.550413 0.959410
v 0.313219 0.655852 0.948045
v 0.313219 0.634764 0.948045
v 0.313219 0.613676 0.948045
v 0.313219 0.592589 0.948045
v 0.313219 0.571501 0.948045
v 0.313219 0.550413 0.948045
v 0.348021 0.655852 0.935261
v 0.348021 0.634764 0.935261
v 0.348021 0.613676 0.935261
v 0.348021 0.592589 0.935261
v 0.348021 0.571501 0.935261
v 0.348021 0.550413 0.935261
v 0.382823 0.655852 0.921028
v 0.382823 0.634764 0.921028
v 0.382823 0.613676 0.921028
v 0.382823 0.592589 0.921028
v 0.382823 0.571501 0.921028
v 0.382823 0.550413 0.921028
v 0.417625 0.655852 0.905313
v 0.417625 0.634764 0.905313
v 0.417625 0.613676 0.905313
v 0.417625 0.592589 0.905313
v 0.417625 0.571501 0.905313
v 0.417625 0.550413 0.905313
v 0.452427 0.655852 0.888077
v 0.452427 0.634764 0.888077
v 0.452427 0.613676 0.888077
v 0.452427 0.592589 0.888077
v 0.452427 0.571501 0.888077
v 0.452427 0.550413 0.888077
v 0.034802 0.655852 1.000947
v 0.034802 0.634764 1.000947
v 0.034802 0.613676 1.000947
v 0.034802 0.592589 1.000947
v 0.034802 0.571501 1.000947
v 0.034802 0.550413 1.000947
v 0.069604 0.655852 0.998989
v 0.069604 0.634764 0.998989
v 0.069604 0.613676 0.998989
v 0.069604 0.592589 0.998989
v 0.069604 0.571501 0.998989
v 0.069604 0.550413 0.998989
v 0.104406 0.655852 0.995722
v 0.104406 0.634764 0.995722
v 0.104406 0.613676 0.995722
v 0.104406 0.592589 0.995722
v 0.104406 0.571501 0.995722
v 0.104406 0.550413 0.995722
v 0.139208 0.655852 0.991138
v 0.139208 0.634764 0.991138
v 0.139208 0.613676 0.991138
v 0.139208 0.592589 0.991138
v 0.139208 0.571501 0.991138
v 0.139208 0.550413 0.991138
v 0.174010 0.655852 0.985229
v 0.174010 0.634764 0.985229
v 0.174010 0.613676 0.985229
v 0.174010 0.592589 0.985229
v 0.174010 0.571501 0.985229
v 0.174010 0.550413 0.985229
v 0.208812 0.655852 0.977983
v 0.208812 0.634764 0.977983
v 0.208812 0.613676 0.977983
v 0.208812 0.592589 0.977983
v 0.208812 0.571501 0.977983
v 0.208812 0.550413 0.977983
v -0.208812 0.655852 0.977983
v -0.208812 0.634764 0.977983
v -0.208812 0.613676 0.977983
v -0.208812 0.592589 0.977983
v -0.208812 0.571501 0.977983
v -0.208812 0.550413 0.977983
v -0.174010 0.655852 0.985229
v -0.174010 0.634764 0.985229
v -0.174010 0.613676 0.985229
v -0.174010 0.592589 0.985229
v -0.174010 0.571501 0.985229
v -0.174010 0.550413 0.985229
v -0.139208 0.655852 0.991138
v -0.139208 0.634764 0.991138
v -0.139208 0.613676 0.991138
v -0.139208 0.592589 0.991138
v -0.139208 0.571501 0.991138
v -0.139208 0.550413 0.991138
v -0.104406 0.655852 0.995722
v -0.104406 0.634764 0.995722
v -0.104406 0.613676 0.995722
v -0.104406 0.592589 0.995722
v -0.104406 0.571501 0.995722
v -0.104406 0.550413 0.995722
v -0.069604 0.655852 0.998989
v -0.069604 0.634764 0.998989
v -0.069604 0.613676 0.998989
v -0.069604 0.592589 0.998989
v -0.069604 0.571501 0.998989
v -0.069604 0.550413 0.998989
v -0.034802 0.655852 1.000947
v -0.034802 0.634764 1.000947
v -0.034802 0.613676 1.000947
v -0.034802 0.592589 1.000947
v -0.034802 0.571501 1.000947
v -0.034802 0.550413 1.000947
v -0.452427 0.655852 0.888077
v -0.452427 0.634764 0.888077
v -0.452427 0.613676 0.888077
v -0.452427 0.592589 0.888077
v -0.452427 0.571501 0.888077
v -0.452427 0.550413 0.888077
v -0.417625 0.655852 0.905313
v -0.417625 0.634764 0.905313
v -0.417625 0.613676 0.905313
v -0.417625 0.592589 0.905313
v -0.417625 0.571501 0.905313
v -0.417625 0.550413 0.905313
v -0.382823 0.655852 0.921028
v -0.382823 0.634764 0.921028
v -0.382823 0.613676 0.921028
v -0.382823 0.592589 0.921028
v -0.382823 0.571501 0.921028
v -0.382823 0.550413 0.921028
v -0.348021 0.655852 0.935261
v -0.348021 0.634764 0.935261
v -0.348021 0.613676 0.935261
v -0.348021 0.592589 0.935261
v -0.348021 0.571501 0.935261
v -0.348021 0.550413 0.935261
v -0.313219 0.655852 0.948045
v -0.313219 0.634764 0.948045
v -0.313219 0.613676 0.948045
v -0.313219 0.592589 0.948045
v -0.313219 0.571501 0.948045
v -0.313219 0.550413 0.948045
v -0.278417 0.655852 0.959410
v -0.278417 0.634764 0.959410
v -0.278417 0.613676 0.959410
v -0.278417 0.592589 0.959410
v -0.278417 0.571501 0.959410
v -0.278417 0.550413 0.959410
v -0.696041 0.655852 0.720335
v -0.696041 0.634764 0.720335
v -0.696041 0.613676 0.720335
v -0.696041 0.592589 0.720335
v -0.696041 0.571501 0.720335
v -0.696041 0.550413 0.720335
v -0.661239 0.655852 0.749830
v -0.661239 0.634764 0.749830
v -0.661239 0.613676 0.749830
v -0.661239 0.592589 0.749830
v -0.661239 0.571501 0.749830
v -0.661239 0.550413 0.749830
v -0.626437 0.655852 0.777341
v -0.626437 0.634764 0.777341
v -0.626437 0.613676 0.777341
v -0.626437 0.592589 0.777341
v -0.626437 0.571501 0.777341
v -0.626437 0.550413 0.777341
v -0.591635 0.655852 0.802965
v -0.591635 0.634764 0.802965
v -0.591635 0.613676 0.802965
v -0.591635 0.592589 0.802965
v -0.591635 0.571501 0.802965
v -0.591635 0.550413 0.802965
v -0.556833 0.655852 0.826781
v -0.556833 0.634764 0.826781
v -0.556833 0.613676 0.826781
v -0.556833 0.592589 0.826781
v -0.556833 0.571501 0.826781
v -0.556833 0.550413 0.826781
v -0.522031 0.655852 0.848864
v -0.522031 0.634764 0.848864
v -0.522031 0.613676 0.848864
v -0.522031 0.592589 0.848864
v -0.522031 0.571501 0.848864
v -0.522031 0.550413 0.848864
v -0.939656 0.655852 0.446614
v -0.939656 0.634764 0.446614
v -0.939656 0.613676 0.446614
v -0.939656 0.592589 0.446614
v -0.939656 0.571501 0.446614
v -0.939656 0.550413 0.446614
v -0.904854 0.655852 0.494265
v -0.904854 0.634764 0.494265
v -0.904854 0.613676 0.494265
v -0.904854 0.592589 0.494265
v -0.904854 0.571501 0.494265
v -0.904854 0.550413 0.494265
v -0.870052 0.655852 0.538660
v -0.870052 0.634764 0.538660
v -0.870052 0.613676 0.538660
v -0.870052 0.592589 0.538660
v -0.870052 0.571501 0.538660
v -0.870052 0.550413 0.538660
v -0.835250 0.655852 0.580086
v -0.835250 0.634764 0.580086
v -0.835250 0.613676 0.580086
v -0.835250 0.592589 0.580086
v -0.835250 0.571501 0.580086
v -0.835250 0.550413 0.580086
v -0.800448 0.655852 0.618781
v -0.800448 0.634764 0.618781
v -0.800448 0.613676 0.618781
v -0.800448 0.592589 0.618781
v -0.800448 0.571501 0.618781
v -0.800448 0.550413 0.618781
v -0.765646 0.655852 0.654945
v -0.765646 0.634764 0.654945
v -0.765646 0.613676 0.654945
v -0.765646 0.592589 0.654945
v -0.765646 0.571501 0.654945
v -0.765646 0.550413 0.654945
v -1.183271 0.655852 -0.024450
v -1.183271 0.634764 -0.024450
v -1.183271 0.613676 -0.024450
v -1.183271 0.592588 -0.024450
v -1.183271 0.571501 -0.024450
v -1.183271 0.550413 -0.024450
v -1.148468 0.655852 0.064318
v -1.148468 0.634764 0.064318
v -1.148468 0.613676 0.064318
v -1.148468 0.592588 0.064318
v -1.148468 0.571501 0.064318
v -1.148468 0.550413 0.064318
v -1.113666 0.655852 0.143452
v -1.113666 0.634764 0.143452
v -1.113666 0.613676 0.143452
v -1.113666 0.592588 0.143452
v -1.113666 0.571501 0.143452
v -1.113666 0.550413 0.143452
v -1.078864 0.655852 0.214948
v -1.078864 0.634764 0.214948
v -1.078864 0.613676 0.214948
v -1.078864 0.592589 0.214948
v -1.078864 0.571501 0.214948
v -1.078864 0.550413 0.214948
v -1.044062 0.655852 0.280161
v -1.044062 0.634764 0.280161
v -1.044062 0.613676 0.280161
v -1.044062 0.592589 0.280161
v -1.044062 0.571501 0.280161
v -1.044062 0.550413 0.280161
v -1.009260 0.655852 0.340057
v -1.009260 0.634764 0.340057
v -1.009260 0.613676 0.340057
v -1.009260 0.592589 0.340057
v -1.009260 0.571501 0.340057
v -1.009260 0.550413 0.340057
v 1.009260 0.803467 0.340057
v 1.009260 0.782379 0.340057
v 1.009260 0.761291 0.340057
v 1.009260 0.740204 0.340057
v 1.009260 0.719116 0.340057
v 1.009260 0.698028 0.340057
v 1.044062 0.803467 0.280161
v 1.044062 0.782379 0.280161
v 1.044062 0.761291 0.280161
v 1.044062 0.740204 0.280161
v 1.044062 0.719116 0.280161
v 1.044062 0.698028 0.280161
v 1.078864 0.803467 0.214948
v 1.078864 0.782379 0.214948
v 1.078864 0.761291 0.214948
v 1.078864 0.740204 0.214948
v 1.078864 0.719116 0.214948
v 1.078864 0.698028 0.214948
v 1.113666 0.803467 0.143451
v 1.113666 0.782379 0.143451
v 1.113666 0.761291 0.143452
v 1.113666 0.740203 0.143452
v 1.113666 0.719116 0.143452
v 1.113666 0.698028 0.143452
v 1.148468 0.803467 0.064318
v 1.148468 0.782379 0.064318
v 1.148468 0.761291 0.064318
v 1.148468 0.740203 0.064318
v 1.148468 0.719116 0.064318
v 1.148468 0.698028 0.064318
v 1.183271 0.803467 -0.024450
v 1.183271 0.782379 -0.024450
v 1.183271 0.761291 -0.024450
v 1.183271 0.740203 -0.024450
v 1.183271 0.719116 -0.024450
v 1.183271 0.698028 -0.024450
v 0.765646 0.803467 0.654945
v 0.765646 0.782379 0.654945
v 0.765646 0.761292 0.654945
v 0.765646 0.740204 0.654945
v 0.765646 0.719116 0.654945
v 0.765646 0.698028 0.654945
v 0.800448 0.803467 0.618781
v 0.800448 0.782379 0.618781
v 0.800448 0.761292 0.618781
v 0.800448 0.740204 0.618781
v 0.800448 0.719116 0.618781
v 0.800448 0.698028 0.618781
v 0.835250 0.803467 0.580086
v 0.835250 0.782379 0.580086
v 0.835250 0.761292 0.580086
v 0.835250 0.740204 0.580086
v 0.835250 0.719116 0.580086
v 0.835250 0.698028 0.580086
v 0.870052 0.803467 0.538660
v 0.870052 0.782379 0.538660
v 0.870052 0.761291 0.538660
v 0.870052 0.740204 0.538660
v 0.870052 0.719116 0.538660
v 0.870052 0.698028 0.538660
v 0.904854 0.803467 0.494265
v 0.904854 0.782379 0.494265
v 0.904854 0.761291 0.494265
v 0.904854 0.740204 0.494265
v 0.904854 0.719116 0.494265
v 0.904854 0.698028 0.494265
v 0.939656 0.803467 0.446614
v 0.939656 0.782379 0.446614
v 0.939656 0.761291 0.446614
v 0.939656 0.740204 0.446614
v 0.939656 0.719116 0.446614
v 0.939656 0.698028 0.446614
v 0.522031 0.803467 0.848864
v 0.522031 0.782379 0.848864
v 0.522031 0.761292 0.848864
v 0.522031 0.740204 0.848864
v 0.522031 0.719116 0.848864
v 0.522031 0.698028 0.848864
v 0.556833 0.803467 0.826781
v 0.556833 0.782379 0.826781
v 0.556833 0.761292 0.826781
v 0.556833 0.740204 0.826781
v 0.556833 0.719116 0.826781
v 0.556833 0.698028 0.826781
v 0.591635 0.803467 0.802964
v 0.591635 0.782379 0.802964
v 0.591635 0.761292 0.802964
v 0.591635 0.740204 0.802964
v 0.591635 0.719116 0.802964
v 0.591635 0.698028 0.802964
v 0.626437 0.803467 0.777341
v 0.626437 0.782379 0.777341
v 0.626437 0.761292 0.777341
v 0.626437 0.740204 0.777341
v 0.626437 0.719116 0.777341
v 0.626437 0.698028 0.777341
v 0.661239 0.803467 0.749830
v 0.661239 0.782379 0.749830
v 0.661239 0.761292 0.749830
v 0.661239 0.740204 0.749830
v 0.661239 0.719116 0.749830
v 0.661239 0.698028 0.749830
v 0.696042 0.803467 0.720335
v 0.696042 0.782379 0.720335
v 0.696042 0.761292 0.720335
v 0.696042 0.740204 0.720335
v 0.696042 0.719116 0.720335
v 0.696042 0.698028 0.720335
v 0.278417 0.803467 0.959410
v 0.278417 0.782379 0.959410
v 0.278417 0.761292 0.959410
v 0.278417 0.740204 0.959410
v 0.278417 0.719116 0.959410
v 0.278417 0.698028 0.959410
v 0.313219 0.803467 0.948045
v 0.313219 0.782379 0.948045
v 0.313219 0.761292 0.948045
v 0.313219 0.740204 0.948045
v 0.313219 0.719116 0.948045
v 0.313219 0.698028 0.948045
v 0.348021 0.803467 0.935261
v 0.348021 0.782379 0.935261
v 0.348021 0.761292 0.935261
v 0.348021 0.740204 0.935261
v 0.348021 0.719116 0.935261
v 0.348021 0.698028 0.935261
v 0.382823 0.803467 0.921028
v 0.382823 0.782379 0.921028
v 0.382823 0.761292 0.921028
v 0.382823 0.740204 0.921028
v 0.382823 0.719116 0.921028
v 0.382823 0.698028 0.921028
v 0.417625 0.803467 0.905313
v 0.417625 0.782379 0.905313
v 0.417625 0.761292 0.905313
v 0.417625 0.740204 0.905313
v 0.417625 0.719116 0.905313
v 0.417625 0.698028 0.905313
v 0.452427 0.803467 0.888077
v 0.452427 0.782379 0.888077
v 0.452427 0.761292 0.888077
v 0.452427 0.740204 0.888077
v 0.452427 0.719116 0.888077
v 0.452427 0.698028 0.888077
v 0.034802 0.803467 1.000947
v 0.034802 0.782379 1.000947
v 0.034802 0.761292 1.000947
v 0.034802 0.740204 1.000947
v 0.034802 0.719116 1.000947
v 0.034802 0.698028 1.000947
v 0.069604 0.803467 0.998989
v 0.069604 0.782379 0.998989
v 0.069604 0.761292 0.998989
v 0.069604 0.740204 0.998989
v 0.069604 0.719116 0.998989
v 0.069604 0.698028 0.998989
v 0.104406 0.803467 0.995722
v 0.104406 0.782379 0.995722
v 0.104406 0.761292 0.995722
v 0.104406 0.740204 0.995722
v 0.104406 0.719116 0.995722
v 0.104406 0.698028 0.995722
v 0.139208 0.803467 0.991138
v 0.139208 0.782379 0.991138
v 0.139208 0.761292 0.991138
v 0.139208 0.740204 0.991138
v 0.139208 0.719116 0.991138
v 0.139208 0.698028 0.991138
v 0.174010 0.803467 0.985229
v 0.174010 0.782379 0.985229
v 0.174010 0.761292 0.985229
v 0.174010 0.740204 0.985229
v 0.174010 0.719116 0.985229
v 0.174010 0.698028 0.985229
v 0.208812 0.803467 0.977983
v 0.208812 0.782379 0.977983
v 0.208812 0.761292 0.977983
v 0.208812 0.740204 0.977983
v 0.208812 0.719116 0.977983
v 0.208812 0.698028 0.977983
v -0.208812 0.803467 0.977983
v -0.208812 0.782379 0.977983
v -0.208812 0.761292 0.977983
v -0.208812 0.740204 0.977983
v -0.208812 0.719116 0.977983
v -0.208812 0.698028 0.977983
v -0.174010 0.803467 0.985229
v -0.174010 0.782379 0.985229
v -0.174010 0.761292 0.985229
v -0.174010 0.740204 0.985229
v -0.174010 0.719116 0.985229
v -0.174010 0.698028 0.985229
v -0.139208 0.803467 0.991138
v -0.139208 0.782379 0.991138
v -0.139208 0.761292 0.991138
v -0.139208 0.740204 0.991138
v -0.139208 0.719116 0.991138
v -0.139208 0.698028 0.991138
v -0.104406 0.803467 0.995722
v -0.104406 0.782379 0.995722
v -0.104406 0.761292 0.995722
v -0.104406 0.740204 0.995722
v -0.104406 0.719116 0.995722
v -0.104406 0.698028 0.995722
v -0.069604 0.803467 0.998989
v -0.069604 0.782379 0.998989
v -0.069604 0.761292 0.998989
v -0.069604 0.740204 0.998989
v -0.069604 0.719116 0.998989
v -0.069604 0.698028 0.998989
v -0.034802 0.803467 1.000947
v -0.034802 0.782379 1.000947
v -0.034802 0.761292 1.000947
v -0.034802 0.740204 1.000947
v -0.034802 0.719116 1.000947
v -0.034802 0.698028 1.000947
v -0.452427 0.803467 0.888077
v -0.452427 0.782379 0.888077
v -0.452427 0.761292 0.888077
v -0.452427 0.740204 0.888077
v -0.452427 0.719116 0.888077
v -0.452427 0.698028 0.888077
v -0.417625 0.803467 0.905313
v -0.417625 0.782379 0.905313
v -0.417625 0.761292 0.905313
v -0.417625 0.740204 0.905313
v -0.417625 0.719116 0.905313
v -0.417625 0.698028 0.905313
v -0.382823 0.803467 0.921028
v -0.382823 0.782379 0.921028
v -0.382823 0.761292 0.921028
v -0.382823 0.740204 0.921028
v -0.382823 0.719116 0.921028
v -0.382823 0.698028 0.921028
v -0.348021 0.803467 0.935261
v -0.348021 0.782379 0.935261
v -0.348021 0.761292 0.935261
v -0.348021 0.740204 0.935261
v -0.348021 0.719116 0.935261
v -0.348021 0.698028 0.935261
v -0.313219 0.803467 0.948045
v -0.313219 0.782379 0.948045
v -0.313219 0.761292 0.948045
v -0.313219 0.740204 0.948045
v -0.313219 0.719116 0.948045
v -0.313219 0.698028 0.948045
v -0.278417 0.803467 0.959410
v -0.278417 0.782379 0.959410
v -0.278417 0.761292 0.959410
v -0.278417 0.740204 0.959410
v -0.278417 0.719116 0.959410
v -0.278417 0.698028 0.959410
v -0.696041 0.803467 0.720335
v -0.696041 0.782379 0.720335
v -0.696041 0.761292 0.720335
v -0.696041 0.740204 0.720335
v -0.696041 0.719116 0.720335
v -0.696041 0.698028 0.720335
v -0.661239 0.803467 0.749830
v -0.661239 0.782379 0.749830
v -0.661239 0.761292 0.749830
v -0.661239 0.740204 0.749830
v -0.661239 0.719116 0.749830
v -0.661239 0.698028 0.749830
v -0.626437 0.803467 0.777341
v -0.626437 0.782379 0.777341
v -0.626437 0.761292 0.777341
v -0.626437 0.740204 0.777341
v -0.626437 0.719116 0.777341
v -0.626437 0.698028 0.777341
v -0.591635 0.803467 0.802965
v -0.591635 0.782379 0.802965
v -0.591635 0.761292 0.802965
v -0.591635 0.740204 0.802965
v -0.591635 0.719116 0.802965
v -0.591635 0.698028 0.802965
v -0.556833 0.803467 0.826781
v -0.556833 0.782379 0.826781
v -0.556833 0.761292 0.826781
v -0.556833 0.740204 0.826781
v -0.556833 0.719116 0.826781
v -0.556833 0.698028 0.826781
v -0.522031 0.803467 0.848864
v -0.522031 0.782379 0.848864
v -0.522031 0.761292 0.848864
v -0.522031 0.740204 0.848864
v -0.522031 0.719116 0.848864
v -0.522031 0.698028 0.848864
v -0.939656 0.803467 0.446614
v -0.939656 0.782379 0.446614
v -0.939656 0.761291 0.446614
v -0.939656 0.740204 0.446614
v -0.939656 0.719116 0.446614
v -0.939656 0.698028 0.446614
v -0.904854 0.803467 0.494265
v -0.904854 0.782379 0.494265
v -0.904854 0.761291 0.494265
v -0.904854 0.740204 0.494265
v -0.904854 0.719116 0.494265
v -0.904854 0.698028 0.494265
v -0.870052 0.803467 0.538660
v -0.870052 0.782379 0.538660
v -0.870052 0.761291 0.538660
v -0.870052 0.740204 0.538660
v -0.870052 0.719116 0.538660
v -0.870052 0.698028 0.538660
v -0.835250 0.803467 0.580086
v -0.835250 0.782379 0.580086
v -0.835250 0.761292 0.580086
v -0.835250 0.740204 0.580086
v -0.835250 0.719116 0.580086
v -0.835250 0.698028 0.580086
v -0.800448 0.803467 0.618781
v -0.800448 0.782379 0.618781
v -0.800448 0.761292 0.618781
v -0.800448 0.740204 0.618781
v -0.800448 0.719116 0.618781
v -0.800448 0.698028 0.618781
v -0.765646 0.803467 0.654945
v -0.765646 0.782379 0.654945
v -0.765646 0.761292 0.654945
v -0.765646 0.740204 0.654945
v -0.765646 0.719116 0.654945
v -0.765646 0.698028 0.654945
v -1.183271 0.803467 -0.024450
v -1.183271 0.782379 -0.024450
v -1.183271 0.761291 -0.024450
v -1.183271 0.740203 -0.024450
v -1.183271 0.719116 -0.024450
v -1.183271 0.698028 -0.024450
v -1.148468 0.803467 0.064318
v -1.148468 0.782379 0.064318
v -1.148468 0.761291 0.064318
v -1.148468 0.740203 0.064318
v -1.148468 0.719116 0.064318
v -1.148468 0.698028 0.064318
v -1.113666 0.803467 0.143451
v -1.113666 0.782379 0.143451
v -1.113666 0.761291 0.143452
v -1.113666 0.740203 0.143452
v -1.113666 0.719116 0.143452
v -1.113666 0.698028 0.143452
v -1.078864 0.803467 0.214948
v -1.078864 0.782379 0.214948
v -1.078864 0.761291 0.214948
v -1.078864 0.740204 0.214948
v -1.078864 0.719116 0.214948
v -1.078864 0.698028 0.214948
v -1.044062 0.803467 0.280161
v -1.044062 0.782379 0.280161
v -1.044062 0.761291 0.280161
v -1.044062 0.740204 0.280161
v -1.044062 0.719116 0.280161
v -1.044062 0.698028 0.280161
v -1.009260 0.803467 0.340057
v -1.009260 0.782379 0.340057
v -1.009260 0.761291 0.340057
v -1.009260 0.740204 0.340057
v -1.009260 0.719116 0.340057
v -1.009260 0.698028 0.340057
v 1.009260 0.951082 0.340057
v 1.009260 0.929994 0.340057
v 1.009260 0.908906 0.340057
v 1.009260 0.887819 0.340057
v 1.009260 0.866731 0.340057
v 1.009260 0.845643 0.340057
v 1.044062 0.951082 0.280161
v 1.044062 0.929994 0.280161
v 1.044062 0.908906 0.280161
v 1.044062 0.887819 0.280161
v 1.044062 0.866731 0.280161
v 1.044062 0.845643 0.280161
v 1.078864 0.951082 0.214948
v 1.078864 0.929994 0.214948
v 1.078864 0.908906 0.214948
v 1.078864 0.887819 0.214948
v 1.078864 0.866731 0.214948
v 1.078864 0.845643 0.214948
v 1.113666 0.951082 0.143451
v 1.113666 0.929994 0.143451
v 1.113666 0.908906 0.143451
v 1.113666 0.887819 0.143451
v 1.113666 0.866731 0.143451
v 1.113666 0.845643 0.143451
v 1.148468 0.951082 0.064318
v 1.148468 0.929994 0.064318
v 1.148468 0.908906 0.064318
v 1.148468 0.887819 0.064318
v 1.148468 0.866731 0.064318
v 1.148468 0.845643 0.064318
v 1.183271 0.951082 -0.024450
v 1.183271 0.929994 -0.024450
v 1.183271 0.908906 -0.024450
v 1.183271 0.887819 -0.024450
v 1.183271 0.866731 -0.024450
v 1.183271 0.845643 -0.024450
v 0.765646 0.951082 0.654945
v 0.765646 0.929994 0.654945
v 0.765646 0.908907 0.654945
v 0.765646 0.887819 0.654945
v 0.765646 0.866731 0.654945
v 0.765646 0.845643 0.654945
v 0.800448 0.951082 0.618781
v 0.800448 0.929994 0.618781
v 0.800448 0.908907 0.618781
v 0.800448 0.887819 0.618781
v 0.800448 0.866731 0.618781
v 0.800448 0.845643 0.618781
v 0.835250 0.951082 0.580086
v 0.835250 0.929994 0.580086
v 0.835250 0.908907 0.580086
v 0.835250 0.887819 0.580086
v 0.835250 0.866731 0.580086
v 0.835250 0.845643 0.580086
v 0.870052 0.951082 0.538660
v 0.870052 0.929994 0.538660
v 0.870052 0.908906 0.538660
v 0.870052 0.887819 0.538660
v 0.870052 0.866731 0.538660
v 0.870052 0.845643 0.538660
v 0.904854 0.951082 0.494265
v 0.904854 0.929994 0.494265
v 0.904854 0.908906 0.494265
v 0.904854 0.887819 0.494265
v 0.904854 0.866731 0.494265
v 0.904854 0.845643 0.494265
v 0.939656 0.951082 0.446614
v 0.939656 0.929994 0.446614
v 0.939656 0.908906 0.446614
v 0.939656 0.887819 0.446614
v 0.939656 0.866731 0.446614
v 0.939656 0.845643 0.446614
v 0.522031 0.951082 0.848864
v 0.522031 0.929994 0.848864
v 0.522031 0.908907 0.848864
v 0.522031 0.887819 0.848864
v 0.522031 0.866731 0.848864
v 0.522031 0.845643 0.848864
v 0.556833 0.951082 0.826781
v 0.556833 0.929994 0.826781
v 0.556833 0.908907 0.826781
v 0.556833 0.887819 0.826781
v 0.556833 0.866731 0.826781
v 0.556833 0.845643 0.826781
v 0.591635 0.951082 0.802964
v 0.591635 0.929994 0.802964
v 0.591635 0.908907 0.802964
v 0.591635 0.887819 0.802964
v 0.591635 0.866731 0.802964
v 0.591635 0.845643 0.802964
v 0.626437 0.951082 0.777341
v 0.626437 0.929994 0.777341
v 0.626437 0.908907 0.777341
v 0.626437 0.887819 0.777341
v 0.626437 0.866731 0.777341
v 0.626437 0.845643 0.777341
v 0.661239 0.951082 0.749829
v 0.661239 0.929994 0.749829
v 0.661239 0.908907 0.749829
v 0.661239 0.887819 0.749829
v 0.661239 0.866731 0.749830
v 0.661239 0.845643 0.749830
v 0.696042 0.951082 0.720334
v 0.696042 0.929994 0.720334
v 0.696042 0.908907 0.720334
v 0.696042 0.887819 0.720334
v 0.696042 0.866731 0.720335
v 0.696042 0.845643 0.720335
v 0.278417 0.951082 0.959410
v 0.278417 0.929994 0.959410
v 0.278417 0.908907 0.959410
v 0.278417 0.887819 0.959410
v 0.278417 0.866731 0.959410
v 0.278417 0.845643 0.959410
v 0.313219 0.951082 0.948045
v 0.313219 0.929994 0.948045
v 0.313219 0.908907 0.948045
v 0.313219 0.887819 0.948045
v 0.313219 0.866731 0.948045
v 0.313219 0.845643 0.948045
v 0.348021 0.951082 0.935260
v 0.348021 0.929994 0.935260
v 0.348021 0.908907 0.935261
v 0.348021 0.887819 0.935261
v 0.348021 0.866731 0.935261
v 0.348021 0.845643 0.935261
v 0.382823 0.951082 0.921028
v 0.382823 0.929994 0.921028
v 0.382823 0.908907 0.921028
v 0.382823 0.887819 0.921028
v 0.382823 0.866731 0.921028
v 0.382823 0.845643 0.921028
v 0.417625 0.951082 0.905313
v 0.417625 0.929994 0.905313
v 0.417625 0.908907 0.905313
v 0.417625 0.887819 0.905313
v 0.417625 0.866731 0.905313
v 0.417625 0.845643 0.905313
v 0.452427 0.951082 0.888077
v 0.452427 0.929994 0.888077
v 0.452427 0.908907 0.888077
v 0.452427 0.887819 0.888077
v 0.452427 0.866731 0.888077
v 0.452427 0.845643 0.888077
v 0.034802 0.951082 1.000947
v 0.034802 0.929994 1.000947
v 0.034802 0.908907 1.000947
v 0.034802 0.887819 1.000947
v 0.034802 0.866731 1.000947
v 0.034802 0.845643 1.000947
v 0.069604 0.951082 0.998989
v 0.069604 0.929994 0.998989
v 0.069604 0.908907 0.998989
v 0.069604 0.887819 0.998989
v 0.069604 0.866731 0.998989
v 0.069604 0.845643 0.998989
v 0.104406 0.951082 0.995722
v 0.104406 0.929994 0.995722
v 0.104406 0.908907 0.995722
v 0.104406 0.887819 0.995722
v 0.104406 0.866731 0.995722
v 0.104406 0.845643 0.995722
v 0.139208 0.951082 0.991138
v 0.139208 0.929994 0.991138
v 0.139208 0.908907 0.991138
v 0.139208 0.887819 0.991138
v 0.139208 0.866731 0.991138
v 0.139208 0.845643 0.991138
v 0.174010 0.951082 0.985229
v 0.174010 0.929994 0.985229
v 0.174010 0.908907 0.985229
v 0.174010 0.887819 0.985229
v 0.174010 0.866731 0.985229
v 0.174010 0.845643 0.985229
v 0.208812 0.951082 0.977983
v 0.208812 0.929994 0.977983
v 0.208812 0.908907 0.977983
v 0.208812 0.887819 0.977983
v 0.208812 0.866731 0.977983
v 0.208812 0.845643 0.977983
v -0.208812 0.951082 0.977983
v -0.208812 0.929994 0.977983
v -0.208812 0.908907 0.977983
v -0.208812 0.887819 0.977983
v -0.208812 0.866731 0.977983
v -0.208812 0.845643 0.977983
v -0.174010 0.951082 0.985229
v -0.174010 0.929994 0.985229
v -0.174010 0.908907 0.985229
v -0.174010 0.887819 0.985229
v -0.174010 0.866731 0.985229
v -0.174010 0.845643 0.985229
v -0.139208 0.951082 0.991138
v -0.139208 0.929994 0.991138
v -0.139208 0.908907 0.991138
v -0.139208 0.887819 0.991138
v -0.139208 0.866731 0.991138
v -0.139208 0.845643 0.991138
v -0.104406 0.951082 0.995722
v -0.104406 0.929994 0.995722
v -0.104406 0.908907 0.995722
v -0.104406 0.887819 0.995722
v -0.104406 0.866731 0.995722
v -0.104406 0.845643 0.995722
v -0.069604 0.951082 0.998989
v -0.069604 0.929994 0.998989
v -0.069604 0.908907 0.998989
v -0.069604 0.887819 0.998989
v -0.069604 0.866731 0.998989
v -0.069604 0.845643 0.998989
v -0.034802 0.951082 1.000947
v -0.034802 0.929994 1.000947
v -0.034802 0.908907 1.000947
v -0.034802 0.887819 1.000947
v -0.034802 0.866731 1.000947
v -0.034802 0.845643 1.000947
v -0.452427 0.951082 0.888077
v -0.452427 0.929994 0.888077
v -0.452427 0.908907 0.888077
v -0.452427 0.887819 0.888077
v -0.452427 0.866731 0.888077
v -0.452427 0.845643 0.888077
v -0.417625 0.951082 0.905313
v -0.417625 0.929994 0.905313
v -0.417625 0.908907 0.905313
v -0.417625 0.887819 0.905313
v -0.417625 0.866731 0.905313
v -0.417625 0.845643 0.905313
v -0.382823 0.951082 0.921028
v -0.382823 0.929994 0.921028
v -0.382823 0.908907 0.921028
v -0.382823 0.887819 0.921028
v -0.382823 0.866731 0.921028
v -0.382823 0.845643 0.921028
v -0.348021 0.951082 0.935260
v -0.348021 0.929994 0.935260
v -0.348021 0.908907 0.935261
v -0.348021 0.887819 0.935261
v -0.348021 0.866731 0.935261
v -0.348021 0.845643 0.935261
v -0.313219 0.951082 0.948045
v -0.313219 0.929994 0.948045
v -0.313219 0.908907 0.948045
v -0.313219 0.887819 0.948045
v -0.313219 0.866731 0.948045
v -0.313219 0.845643 0.948045
v -0.278417 0.951082 0.959410
v -0.278417 0.929994 0.959410
v -0.278417 0.908907 0.959410
v -0.278417 0.887819 0.959410
v -0.278417 0.866731 0.959410
v -0.278417 0.845643 0.959410
v -0.696041 0.951082 0.720335
v -0.696041 0.929994 0.720335
v -0.696041 0.908907 0.720335
v -0.696041 0.887819 0.720335
v -0.696041 0.866731 0.720335
v -0.696041 0.845643 0.720335
v -0.661239 0.951082 0.749830
v -0.661239 0.929994 0.749830
v -0.661239 0.908907 0.749830
v -0.661239 0.887819 0.749830
v -0.661239 0.866731 0.749830
v -0.661239 0.845643 0.749830
v -0.626437 0.951082 0.777341
v -0.626437 0.929994 0.777341
v -0.626437 0.908907 0.777341
v -0.626437 0.887819 0.777341
v -0.626437 0.866731 0.777341
v -0.626437 0.845643 0.777341
v -0.591635 0.951082 0.802964
v -0.591635 0.929994 0.802964
v -0.591635 0.908907 0.802965
v -0.591635 0.887819 0.802965
v -0.591635 0.866731 0.802965
v -0.591635 0.845643 0.802965
v -0.556833 0.951082 0.826781
v -0.556833 0.929994 0.826781
v -0.556833 0.908907 0.826781
v -0.556833 0.887819 0.826781
v -0.556833 0.866731 0.826781
v -0.556833 0.845643 0.826781
v -0.522031 0.951082 0.848864
v -0.522031 0.929994 0.848864
v -0.522031 0.908907 0.848864
v -0.522031 0.887819 0.848864
v -0.522031 0.866731 0.848864
v -0.522031 0.845643 0.848864
v -0.939656 0.951082 0.446614
v -0.939656 0.929994 0.446614
v -0.939656 0.908906 0.446614
v -0.939656 0.887819 0.446614
v -0.939656 0.866731 0.446614
v -0.939656 0.845643 0.446614
v -0.904854 0.951082 0.494265
v -0.904854 0.929994 0.494265
v -0.904854 0.908906 0.494265
v -0.904854 0.887819 0.494265
v -0.904854 0.866731 0.494265
v -0.904854 0.845643 0.494265
v -0.870052 0.951082 0.538660
v -0.870052 0.929994 0.538660
v -0.870052 0.908906 0.538660
v -0.870052 0.887819 0.538660
v -0.870052 0.866731 0.538660
v -0.870052 0.845643 0.538660
v -0.835250 0.951082 0.580086
v -0.835250 0.929994 0.580086
v -0.835250 0.908907 0.580086
v -0.835250 0.887819 0.580086
v -0.835250 0.866731 0.580086
v -0.835250 0.845643 0.580086
v -0.800448 0.951082 0.618781
v -0.800448 0.929994 0.618781
v -0.800448 0.908907 0.618781
v -0.800448 0.887819 0.618781
v -0.800448 0.866731 0.618781
v -0.800448 0.845643 0.618781
v -0.765646 0.951082 0.654945
v -0.765646 0.929994 0.654945
v -0.765646 0.908907 0.654945
v -0.765646 0.887819 0.654945
v -0.765646 0.866731 0.654945
v -0.765646 0.845643 0.654945
v -1.183271 0.951082 -0.024450
v -1.183271 0.929994 -0.024450
v -1.183271 0.908906 -0.024450
v -1.183271 0.887819 -0.024450
v -1.183271 0.866731 -0.024450
v -1.183271 0.845643 -0.024450
v -1.148468 0.951082 0.064318
v -1.148468 0.929994 0.064318
v -1.148468 0.908906 0.064318
v -1.148468 0.887819 0.064318
v -1.148468 0.866731 0.064318
v -1.148468 0.845643 0.064318
v -1.113666 0.951082 0.143451
v -1.113666 0.929994 0.143451
v -1.113666 0.908906 0.143451
v -1.113666 0.887819 0.143451
v -1.113666 0.866731 0.143451
v -1.113666 0.845643 0.143451
v -1.078864 0.951082 0.214948
v -1.078864 0.929994 0.214948
v -1.078864 0.908906 0.214948
v -1.078864 0.887819 0.214948
v -1.078864 0.866731 0.214948
v -1.078864 0.845643 0.214948
v -1.044062 0.951082 0.280161
v -1.044062 0.929994 0.280161
v -1.044062 0.908906 0.280161
v -1.044062 0.887819 0.280161
v -1.044062 0.866731 0.280161
v -1.044062 0.845643 0.280161
v -1.009260 0.951082 0.340057
v -1.009260 0.929994 0.340057
v -1.009260 0.908906 0.340057
v -1.009260 0.887819 0.340057
v -1.009260 0.866731 0.340057
v -1.009260 0.845643 0.340057
v 1.009260 1.098697 0.340057
v 1.009260 1.077609 0.340057
v 1.009260 1.056521 0.340057
v 1.009260 1.035433 0.340057
v 1.009260 1.014346 0.340057
v 1.009260 0.993258 0.340057
v 1.044062 1.098697 0.280161
v 1.044062 1.077609 0.280161
v 1.044062 1.056521 0.280161
v 1.044062 1.035433 0.280161
v 1.044062 1.014346 0.280161
v 1.044062 0.993258 0.280161
v 1.078864 1.098697 0.214948
v 1.078864 1.077609 0.214948
v 1.078864 1.056521 0.214948
v 1.078864 1.035433 0.214948
v 1.078864 1.014346 0.214948
v 1.078864 0.993258 0.214948
v 1.113667 1.098697 0.143451
v 1.113667 1.077609 0.143451
v 1.113667 1.056521 0.143451
v 1.113667 1.035433 0.143451
v 1.113667 1.014346 0.143451
v 1.113667 0.993258 0.143451
v 1.148468 1.098697 0.064318
v 1.148468 1.077609 0.064318
v 1.148468 1.056521 0.064318
v 1.148468 1.035433 0.064318
v 1.148468 1.014346 0.064318
v 1.148468 0.993258 0.064318
v 1.183271 1.098697 -0.024450
v 1.183271 1.077609 -0.024450
v 1.183271 1.056521 -0.024450
v 1.183271 1.035433 -0.024450
v 1.183271 1.014346 -0.024450
v 1.183271 0.993258 -0.024450
v 0.765646 1.098697 0.654945
v 0.765646 1.077609 0.654945
v 0.765646 1.056521 0.654945
v 0.765646 1.035434 0.654945
v 0.765646 1.014346 0.654945
v 0.765646 0.993258 0.654945
v 0.800448 1.098697 0.618781
v 0.800448 1.077609 0.618781
v 0.800448 1.056521 0.618781
v 0.800448 1.035434 0.618781
v 0.800448 1.014346 0.618781
v 0.800448 0.993258 0.618781
v 0.835250 1.098697 0.580086
v 0.835250 1.077609 0.580086
v 0.835250 1.056521 0.580086
v 0.835250 1.035434 0.580086
v 0.835250 1.014346 0.580086
v 0.835250 0.993258 0.580086
v 0.870052 1.098697 0.538660
v 0.870052 1.077609 0.538660
v 0.870052 1.056521 0.538660
v 0.870052 1.035434 0.538660
v 0.870052 1.014346 0.538660
v 0.870052 0.993258 0.538660
v 0.904854 1.098697 0.494265
v 0.904854 1.077609 0.494265
v 0.904854 1.056521 0.494265
v 0.904854 1.035434 0.494265
v 0.904854 1.014346 0.494265
v 0.904854 0.993258 0.494265
v 0.939656 1.098697 0.446614
v 0.939656 1.077609 0.446614
v 0.939656 1.056521 0.446614
v 0.939656 1.035434 0.446614
v 0.939656 1.014346 0.446614
v 0.939656 0.993258 0.446614
v 0.522031 1.098697 0.848864
v 0.522031 1.077609 0.848864
v 0.522031 1.056521 0.848864
v 0.522031 1.035434 0.848864
v 0.522031 1.014346 0.848864
v 0.522031 0.993258 0.848864
v 0.556833 1.098697 0.826781
v 0.556833 1.077609 0.826781
v 0.556833 1.056521 0.826781
v 0.556833 1.035434 0.826781
v 0.556833 1.014346 0.826781
v 0.556833 0.993258 0.826781
v 0.591635 1.098697 0.802964
v 0.591635 1.077609 0.802964
v 0.591635 1.056521 0.802964
v 0.591635 1.035434 0.802964
v 0.591635 1.014346 0.802964
v 0.591635 0.993258 0.802964
v 0.626437 1.098697 0.777341
v 0.626437 1.077609 0.777341
v 0.626437 1.056521 0.777341
v 0.626437 1.035434 0.777341
v 0.626437 1.014346 0.777341
v 0.626437 0.993258 0.777341
v 0.661239 1.098697 0.749830
v 0.661239 1.077609 0.749830
v 0.661239 1.056521 0.749830
v 0.661239 1.035434 0.749830
v 0.661239 1.014346 0.749830
v 0.661239 0.993258 0.749829
v 0.696041 1.098697 0.720335
v 0.696041 1.077609 0.720335
v 0.696041 1.056521 0.720335
v 0.696041 1.035434 0.720335
v 0.696041 1.014346 0.720335
v 0.696041 0.993258 0.720335
v 0.278417 1.098697 0.959410
v 0.278417 1.077609 0.959410
v 0.278417 1.056521 0.959410
v 0.278417 1.035434 0.959410
v 0.278417 1.014346 0.959410
v 0.278417 0.993258 0.959410
v 0.313219 1.098697 0.948045
v 0.313219 1.077609 0.948045
v 0.313219 1.056521 0.948045
v 0.313219 1.035434 0.948045
v 0.313219 1.014346 0.948045
v 0.313219 0.993258 0.948045
v 0.348021 1.098697 0.935260
v 0.348021 1.077609 0.935260
v 0.348021 1.056521 0.935260
v 0.348021 1.035434 0.935260
v 0.348021 1.014346 0.935260
v 0.348021 0.993258 0.935260
v 0.382823 1.098697 0.921027
v 0.382823 1.077609 0.921027
v 0.382823 1.056521 0.921027
v 0.382823 1.035434 0.921027
v 0.382823 1.014346 0.921028
v 0.382823 0.993258 0.921028
v 0.417625 1.098697 0.905313
v 0.417625 1.077609 0.905313
v 0.417625 1.056521 0.905313
v 0.417625 1.035434 0.905313
v 0.417625 1.014346 0.905313
v 0.417625 0.993258 0.905313
v 0.452427 1.098697 0.888077
v 0.452427 1.077609 0.888077
v 0.452427 1.056521 0.888077
v 0.452427 1.035434 0.888077
v 0.452427 1.014346 0.888077
v 0.452427 0.993258 0.888077
v 0.034802 1.098697 1.000946
v 0.034802 1.077609 1.000947
v 0.034802 1.056521 1.000947
v 0.034802 1.035434 1.000947
v 0.034802 1.014346 1.000947
v 0.034802 0.993258 1.000947
v 0.069604 1.098697 0.998989
v 0.069604 1.077609 0.998989
v 0.069604 1.056521 0.998989
v 0.069604 1.035434 0.998989
v 0.069604 1.014346 0.998989
v 0.069604 0.993258 0.998989
v 0.104406 1.098697 0.995722
v 0.104406 1.077609 0.995722
v 0.104406 1.056521 0.995722
v 0.104406 1.035434 0.995722
v 0.104406 1.014346 0.995722
v 0.104406 0.993258 0.995722
v 0.139208 1.098697 0.991138
v 0.139208 1.077609 0.991138
v 0.139208 1.056521 0.991138
v 0.139208 1.035434 0.991138
v 0.139208 1.014346 0.991138
v 0.139208 0.993258 0.991138
v 0.174010 1.098697 0.985229
v 0.174010 1.077609 0.985229
v 0.174010 1.056521 0.985229
v 0.174010 1.035434 0.985229
v 0.174010 1.014346 0.985229
v 0.174010 0.993258 0.985229
v 0.208812 1.098697 0.977983
v 0.208812 1.077609 0.977983
v 0.208812 1.056521 0.977983
v 0.208812 1.035434 0.977983
v 0.208812 1.014346 0.977983
v 0.208812 0.993258 0.977983
v -0.208812 1.098697 0.977983
v -0.208812 1.077609 0.977983
v -0.208812 1.056521 0.977983
v -0.208812 1.035434 0.977983
v -0.208812 1.014346 0.977983
v -0.208812 0.993258 0.977983
v -0.174010 1.098697 0.985229
v -0.174010 1.077609 0.985229
v -0.174010 1.056521 0.985229
v -0.174010 1.035434 0.985229
v -0.174010 1.014346 0.985229
v -0.174010 0.993258 0.985229
v -0.139208 1.098697 0.991138
v -0.139208 1.077609 0.991138
v -0.139208 1.056521 0.991138
v -0.139208 1.035434 0.991138
v -0.139208 1.014346 0.991138
v -0.139208 0.993258 0.991138
v -0.104406 1.098697 0.995722
v -0.104406 1.077609 0.995722
v -0.104406 1.056521 0.995722
v -0.104406 1.035434 0.995722
v -0.104406 1.014346 0.995722
v -0.104406 0.993258 0.995722
v -0.069604 1.098697 0.998989
v -0.069604 1.077609 0.998989
v -0.069604 1.056521 0.998989
v -0.069604 1.035434 0.998989
v -0.069604 1.014346 0.998989
v -0.069604 0.993258 0.998989
v -0.034802 1.098697 1.000946
v -0.034802 1.077609 1.000947
v -0.034802 1.056521 1.000947
v -0.034802 1.035434 1.000947
v -0.034802 1.014346 1.000947
v -0.034802 0.993258 1.000947
v -0.452427 1.098697 0.888077
v -0.452427 1.077609 0.888077
v -0.452427 1.056521 0.888077
v -0.452427 1.035434 0.888077
v -0.452427 1.014346 0.888077
v -0.452427 0.993258 0.888077
v -0.417625 1.098697 0.905313
v -0.417625 1.077609 0.905313
v -0.417625 1.056521 0.905313
v -0.417625 1.035434 0.905313
v -0.417625 1.014346 0.905313
v -0.417625 0.993258 0.905313
v -0.382823 1.098697 0.921028
v -0.382823 1.077609 0.921028
v -0.382823 1.056521 0.921028
v -0.382823 1.035434 0.921028
v -0.382823 1.014346 0.921028
v -0.382823 0.993258 0.921028
v -0.348021 1.098697 0.935260
v -0.348021 1.077609 0.935260
v -0.348021 1.056521 0.935260
v -0.348021 1.035434 0.935260
v -0.348021 1.014346 0.935260
v -0.348021 0.993258 0.935260
v -0.313219 1.098697 0.948045
v -0.313219 1.077609 0.948045
v -0.313219 1.056521 0.948045
v -0.313219 1.035434 0.948045
v -0.313219 1.014346 0.948045
v -0.313219 0.993258 0.948045
v -0.278417 1.098697 0.959410
v -0.278417 1.077609 0.959410
v -0.278417 1.056521 0.959410
v -0.278417 1.035434 0.959410
v -0.278417 1.014346 0.959410
v -0.278417 0.993258 0.959410
v -0.696042 1.098697 0.720334
v -0.696042 1.077609 0.720334
v -0.696042 1.056521 0.720334
v -0.696042 1.035434 0.720334
v -0.696042 1.014346 0.720334
v -0.696041 0.993258 0.720335
v -0.661239 1.098697 0.749829
v -0.661239 1.077609 0.749829
v -0.661239 1.056521 0.749829
v -0.661239 1.035434 0.749829
v -0.661239 1.014346 0.749829
v -0.661239 0.993258 0.749829
v -0.626437 1.098697 0.777341
v -0.626437 1.077609 0.777341
v -0.626437 1.056521 0.777341
v -0.626437 1.035434 0.777341
v -0.626437 1.014346 0.777341
v -0.626437 0.993258 0.777341
v -0.591635 1.098697 0.802964
v -0.591635 1.077609 0.802964
v -0.591635 1.056521 0.802964
v -0.591635 1.035434 0.802964
v -0.591635 1.014346 0.802964
v -0.591635 0.993258 0.802964
v -0.556833 1.098697 0.826781
v -0.556833 1.077609 0.826781
v -0.556833 1.056521 0.826781
v -0.556833 1.035434 0.826781
v -0.556833 1.014346 0.826781
v -0.556833 0.993258 0.826781
v -0.522031 1.098697 0.848864
v -0.522031 1.077609 0.848864
v -0.522031 1.056521 0.848864
v -0.522031 1.035434 0.848864
v -0.522031 1.014346 0.848864
v -0.522031 0.993258 0.848864
v -0.939656 1.098697 0.446614
v -0.939656 1.077609 0.446614
v -0.939656 1.056521 0.446614
v -0.939656 1.035434 0.446614
v -0.939656 1.014346 0.446614
v -0.939656 0.993258 0.446614
v -0.904854 1.098697 0.494265
v -0.904854 1.077609 0.494265
v -0.904854 1.056521 0.494265
v -0.904854 1.035434 0.494265
v -0.904854 1.014346 0.494265
v -0.904854 0.993258 0.494265
v -0.870052 1.098697 0.538660
v -0.870052 1.077609 0.538660
v -0.870052 1.056521 0.538660
v -0.870052 1.035434 0.538660
v -0.870052 1.014346 0.538660
v -0.870052 0.993258 0.538660
v -0.835250 1.098697 0.580086
v -0.835250 1.077609 0.580086
v -0.835250 1.056521 0.580086
v -0.835250 1.035434 0.580086
v -0.835250 1.014346 0.580086
v -0.835250 0.993258 0.580086
v -0.800448 1.098697 0.618781
v -0.800448 1.077609 0.618781
v -0.800448 1.056521 0.618781
v -0.800448 1.035434 0.618781
v -0.800448 1.014346 0.618781
v -0.800448 0.993258 0.618781
v -0.765646 1.098697 0.654945
v -0.765646 1.077609 0.654945
v -0.765646 1.056521 0.654945
v -0.765646 1.035434 0.654945
v -0.765646 1.014346 0.654945
v -0.765646 0.993258 0.654945
v -1.183271 1.098697 -0.024450
v -1.183271 1.077609 -0.024450
v -1.183271 1.056521 -0.024450
v -1.183271 1.035433 -0.024450
v -1.183271 1.014346 -0.024450
v -1.183271 0.993258 -0.024450
v -1.148468 1.098697 0.064318
v -1.148468 1.077609 0.064318
v -1.148468 1.056521 0.064318
v -1.148468 1.035433 0.064318
v -1.148468 1.014346 0.064318
v -1.148468 0.993258 0.064318
v -1.113666 1.098697 0.143451
v -1.113666 1.077609 0.143451
v -1.113666 1.056521 0.143451
v -1.113666 1.035433 0.143451
v -1.113666 1.014346 0.143451
v -1.113666 0.993258 0.143451
v -1.078864 1.098697 0.214948
v -1.078864 1.077609 0.214948
v -1.078864 1.056521 0.214948
v -1.078864 1.035433 0.214948
v -1.078864 1.014346 0.214948
v -1.078864 0.993258 0.214948
v -1.044062 1.098697 0.280161
v -1.044062 1.077609 0.280161
v -1.044062 1.056521 0.280161
v -1.044062 1.035433 0.280161
v -1.044062 1.014346 0.280161
v -1.044062 0.993258 0.280161
v -1.009260 1.098697 0.340057
v -1.009260 1.077609 0.340057
v -1.009260 1.056521 0.340057
v -1.009260 1.035433 0.340057
v -1.009260 1.014346 0.340057
v -1.009260 0.993258 0.340057
v -1.374240 1.098697 -0.072528
v -1.374240 1.119785 -0.072528
v -1.150506 1.119785 0.425501
v -1.112623 1.119785 0.485698
v -0.882644 1.119785 0.771403
v -0.843840 1.119785 0.809093
v -0.608027 1.119785 0.989774
v -0.568230 1.119785 1.013117
v -0.326783 1.119785 1.117244
v -0.286158 1.119785 1.128885
v -0.040985 1.119785 1.165909
v 0.000000 1.119785 1.166677
v 0.245447 1.119785 1.138945
v 0.286158 1.119785 1.128885
v 0.528299 1.119785 1.034687
v 0.568230 1.119785 1.013117
v 0.804895 1.119785 0.844439
v 0.843840 1.119785 0.809092
v 1.074617 1.119785 0.541675
v 1.112623 1.119785 0.485698
v 1.338236 1.119785 0.032443
v 1.374240 1.119785 -0.072528
v -1.338235 1.119785 0.032443
v -1.300900 1.119785 0.127687
v -1.263464 1.119785 0.212818
v -1.225923 1.119785 0.289947
v -1.188271 1.119785 0.360502
v -1.112623 1.098697 0.485698
v -1.074617 1.119785 0.541674
v -1.036486 1.119785 0.593884
v -0.998227 1.119785 0.642690
v -0.959835 1.119785 0.688389
v -0.921308 1.119785 0.731225
v -0.843840 1.098697 0.809093
v -0.804895 1.119785 0.844439
v -0.765807 1.119785 0.877566
v -0.726576 1.119785 0.908579
v -0.687201 1.119785 0.937568
v -0.647685 1.119785 0.964611
v -0.568230 1.098697 1.013117
v -0.528299 1.119785 1.034687
v -0.488236 1.119785 1.054527
v -0.448045 1.119785 1.072675
v -0.407735 1.119785 1.089160
v -0.367312 1.119785 1.104009
v -0.286158 1.098697 1.128885
v -0.245446 1.119785 1.138945
v -0.204659 1.119785 1.147438
v -0.163806 1.119785 1.154374
v -0.122901 1.119785 1.159761
v -0.081957 1.119785 1.163605
v 0.000000 1.098697 1.166677
v 0.040985 1.119785 1.165909
v 0.081957 1.119785 1.163605
v 0.122901 1.119785 1.159761
v 0.163806 1.119785 1.154374
v 0.204659 1.119785 1.147438
v 0.286158 1.098697 1.128885
v 0.326783 1.119785 1.117244
v 0.367312 1.119785 1.104009
v 0.407736 1.119785 1.089160
v 0.448046 1.119785 1.072675
v 0.488235 1.119785 1.054528
v 0.568230 1.098697 1.013117
v 0.608027 1.119785 0.989774
v 0.647684 1.119785 0.964611
v 0.687201 1.119785 0.937568
v 0.726576 1.119785 0.908579
v 0.765806 1.119785 0.877566
v 0.843840 1.098697 0.809092
v 0.882644 1.119785 0.771403
v 0.921308 1.119785 0.731225
v 0.959835 1.119785 0.688389
v 0.998227 1.119785 0.642690
v 1.036486 1.119785 0.593884
v 1.112623 1.098697 0.485698
v 1.150506 1.119785 0.425500
v 1.188271 1.119785 0.360502
v 1.225923 1.119785 0.289947
v 1.263464 1.119785 0.212817
v 1.300900 1.119785 0.127687
v 1.374240 1.098697 -0.072528
v 1.150506 1.098697 0.425500
v 1.188271 1.098697 0.360502
v 1.225923 1.098697 0.289947
v 1.263464 1.098697 0.212817
v 1.300900 1.098697 0.127687
v 1.338236 1.098697 0.032443
v 0.882644 1.098697 0.771403
v 0.921308 1.098697 0.731225
v 0.959835 1.098697 0.688389
v 0.998227 1.098697 0.642689
v 1.036486 1.098697 0.593884
v 1.074617 1.098697 0.541675
v 0.608027 1.098697 0.989774
v 0.647684 1.098697 0.964611
v 0.687201 1.098697 0.937568
v 0.726576 1.098697 0.908579
v 0.765806 1.098697 0.877566
v 0.804895 1.098697 0.844439
v 0.326783 1.098697 1.117244
v 0.367312 1.098697 1.104009
v 0.407736 1.098697 1.089160
v 0.448046 1.098697 1.072675
v 0.488235 1.098697 1.054528
v 0.528299 1.098697 1.034687
v 0.040985 1.098697 1.165909
v 0.081957 1.098697 1.163604
v 0.122901 1.098697 1.159761
v 0.163806 1.098697 1.154374
v 0.204659 1.098697 1.147438
v 0.245447 1.098697 1.138945
v -0.245446 1.098697 1.138945
v -0.204659 1.098697 1.147438
v -0.163806 1.098697 1.154374
v -0.122901 1.098697 1.159761
v -0.081957 1.098697 1.163604
v -0.040985 1.098697 1.165909
v -0.528299 1.098697 1.034687
v -0.488236 1.098697 1.054527
v -0.448045 1.098697 1.072675
v -0.407735 1.098697 1.089160
v -0.367312 1.098697 1.104009
v -0.326783 1.098697 1.117244
v -0.804895 1.098697 0.844439
v -0.765807 1.098697 0.877566
v -0.726576 1.098697 0.908579
v -0.687201 1.098697 0.937568
v -0.647685 1.098697 0.964611
v -0.608027 1.098697 0.989774
v -1.074617 1.098697 0.541674
v -1.036486 1.098697 0.593884
v -0.998227 1.098697 0.642689
v -0.959835 1.098697 0.688389
v -0.921308 1.098697 0.731225
v -0.882644 1.098697 0.771403
v -1.338235 1.098697 0.032443
v -1.300900 1.098697 0.127687
v -1.263464 1.098697 0.212818
v -1.225923 1.098697 0.289947
v -1.188271 1.098697 0.360502
v -1.150506 1.098697 0.425500
v -1.218073 0.698028 -0.126031
v -1.218073 0.719116 -0.126031
v -0.974458 0.719116 0.395357
v -0.974458 0.698028 0.395357
v -0.730844 0.719116 0.688748
v -0.730844 0.698028 0.688748
v -0.487229 0.719116 0.869278
v -0.487229 0.698028 0.869278
v -0.243614 0.719116 0.969382
v -0.243614 0.698028 0.969382
v 0.000000 0.719116 1.001599
v 0.000000 0.698028 1.001599
v 0.243615 0.719116 0.969382
v 0.243615 0.698028 0.969382
v 0.487229 0.719116 0.869278
v 0.487229 0.698028 0.869278
v 0.730844 0.719116 0.688748
v 0.730844 0.698028 0.688748
v 0.974458 0.719116 0.395357
v 0.974458 0.698028 0.395357
v 1.218073 0.719116 -0.126031
v 1.218073 0.698028 -0.126031
v 1.009260 0.719116 0.340057
v 1.009260 0.698028 0.340057
v 1.044062 0.719116 0.280161
v 1.044062 0.698028 0.280161
v 1.078864 0.719116 0.214948
v 1.078864 0.698028 0.214948
v 1.113666 0.719116 0.143452
v 1.113666 0.698028 0.143452
v 1.148468 0.719116 0.064318
v 1.148468 0.698028 0.064318
v 1.183271 0.719116 -0.024450
v 1.183271 0.698028 -0.024450
v 0.765646 0.719116 0.654945
v 0.765646 0.698028 0.654945
v 0.800448 0.719116 0.618781
v 0.800448 0.698028 0.618781
v 0.835250 0.719116 0.580086
v 0.835250 0.698028 0.580086
v 0.870052 0.719116 0.538660
v 0.870052 0.698028 0.538660
v 0.904854 0.719116 0.494265
v 0.904854 0.698028 0.494265
v 0.939656 0.719116 0.446614
v 0.939656 0.698028 0.446614
v 0.522031 0.719116 0.848864
v 0.522031 0.698028 0.848864
v 0.556833 0.719116 0.826781
v 0.556833 0.698028 0.826781
v 0.591635 0.719116 0.802964
v 0.591635 0.698028 0.802964
v 0.626437 0.719116 0.777341
v 0.626437 0.698028 0.777341
v 0.661239 0.719116 0.749830
v 0.661239 0.698028 0.749830
v 0.696042 0.719116 0.720335
v 0.696042 0.698028 0.720335
v 0.278417 0.719116 0.959410
v 0.278417 0.698028 0.959410
v 0.313219 0.719116 0.948045
v 0.313219 0.698028 0.948045
v 0.348021 0.719116 0.935261
v 0.348021 0.698028 0.935261
v 0.382823 0.719116 0.921028
v 0.382823 0.698028 0.921028
v 0.417625 0.719116 0.905313
v 0.417625 0.698028 0.905313
v 0.452427 0.719116 0.888077
v 0.452427 0.698028 0.888077
v 0.034802 0.719116 1.000947
v 0.034802 0.698028 1.000947
v 0.069604 0.719116 0.998989
v 0.069604 0.698028 0.998989
v 0.104406 0.719116 0.995722
v 0.104406 0.698028 0.995722
v 0.139208 0.719116 0.991138
v 0.139208 0.698028 0.991138
v 0.174010 0.719116 0.985229
v 0.174010 0.698028 0.985229
v 0.208812 0.719116 0.977983
v 0.208812 0.698028 0.977983
v -0.208812 0.719116 0.977983
v -0.208812 0.698028 0.977983
v -0.174010 0.719116 0.985229
v -0.174010 0.698028 0.985229
v -0.139208 0.719116 0.991138
v -0.139208 0.698028 0.991138
v -0.104406 0.719116 0.995722
v -0.104406 0.698028 0.995722
v -0.069604 0.719116 0.998989
v -0.069604 0.698028 0.998989
v -0.034802 0.719116 1.000947
v -0.034802 0.698028 1.000947
v -0.452427 0.719116 0.888077
v -0.452427 0.698028 0.888077
v -0.417625 0.719116 0.905313
v -0.417625 0.698028 0.905313
v -0.382823 0.719116 0.921028
v -0.382823 0.698028 0.921028
v -0.348021 0.719116 0.935261
v -0.348021 0.698028 0.935261
v -0.313219 0.719116 0.948045
v -0.313219 0.698028 0.948045
v -0.278417 0.719116 0.959410
v -0.278417 0.698028 0.959410
v -0.696041 0.719116 0.720335
v -0.696041 0.698028 0.720335
v -0.661239 0.719116 0.749830
v -0.661239 0.698028 0.749830
v -0.626437 0.719116 0.777341
v -0.626437 0.698028 0.777341
v -0.591635 0.719116 0.802965
v -0.591635 0.698028 0.802965
v -0.556833 0.719116 0.826781
v -0.556833 0.698028 0.826781
v -0.522031 0.719116 0.848864
v -0.522031 0.698028 0.848864
v -0.939656 0.719116 0.446614
v -0.939656 0.698028 0.446614
v -0.904854 0.719116 0.494265
v -0.904854 0.698028 0.494265
v -0.870052 0.719116 0.538660
v -0.870052 0.698028 0.538660
v -0.835250 0.719116 0.580086
v -0.835250 0.698028 0.580086
v -0.800448 0.719116 0.618781
v -0.800448 0.698028 0.618781
v -0.765646 0.719116 0.654945
v -0.765646 0.698028 0.654945
v -1.183271 0.719116 -0.024450
v -1.183271 0.698028 -0.024450
v -1.148468 0.719116 0.064318
v -1.148468 0.698028 0.064318
v -1.113666 0.719116 0.143452
v -1.113666 0.698028 0.143452
v -1.078864 0.719116 0.214948
v -1.078864 0.698028 0.214948
v -1.044062 0.719116 0.280161
v -1.044062 0.698028 0.280161
v -1.009260 0.719116 0.340057
v -1.009260 0.698028 0.340057
v -0.965097 0.698028 -0.212701
v -0.965097 0.719116 -0.212701
v -0.750646 0.719116 0.249013
v -0.750646 0.698028 0.249013
v -0.547801 0.719116 0.493802
v -0.547801 0.698028 0.493802
v -0.356015 0.719116 0.636273
v -0.356015 0.698028 0.636273
v -0.174698 0.719116 0.711005
v -0.174698 0.698028 0.711005
v 0.000000 0.719116 0.734188
v 0.000000 0.698028 0.734188
v 0.174698 0.719116 0.711005
v 0.174698 0.698028 0.711005
v 0.356015 0.719116 0.636273
v 0.356015 0.698028 0.636273
v 0.547801 0.719116 0.493802
v 0.547801 0.698028 0.493802
v 0.750646 0.719116 0.249013
v 0.750646 0.698028 0.249013
v 0.965097 0.719116 -0.212701
v 0.965097 0.698028 -0.212701
v 0.780456 0.719116 0.201647
v 0.780456 0.698028 0.201647
v 0.810458 0.719116 0.150016
v 0.810458 0.698028 0.150016
v 0.840645 0.719116 0.093458
v 0.840645 0.698028 0.093458
v 0.871010 0.719116 0.031085
v 0.871010 0.698028 0.031085
v 0.901545 0.719116 -0.038334
v 0.901545 0.698028 -0.038334
v 0.932243 0.719116 -0.116610
v 0.932243 0.698028 -0.116610
v 0.576121 0.719116 0.466296
v 0.576121 0.698028 0.466296
v 0.604666 0.719116 0.436633
v 0.604666 0.698028 0.436633
v 0.633435 0.719116 0.404646
v 0.633435 0.698028 0.404646
v 0.662422 0.719116 0.370142
v 0.662422 0.698028 0.370142
v 0.691623 0.719116 0.332893
v 0.691623 0.698028 0.332893
v 0.721033 0.719116 0.292626
v 0.721033 0.698028 0.292626
v 0.382726 0.719116 0.620605
v 0.382726 0.698028 0.620605
v 0.409663 0.719116 0.603511
v 0.409663 0.698028 0.603511
v 0.436828 0.719116 0.584920
v 0.436828 0.698028 0.584920
v 0.464224 0.719116 0.564750
v 0.464224 0.698028 0.564750
v 0.491851 0.719116 0.542910
v 0.491851 0.698028 0.542910
v 0.519710 0.719116 0.519298
v 0.519710 0.698028 0.519298
v 0.200067 0.719116 0.703735
v 0.200067 0.698028 0.703735
v 0.225593 0.719116 0.695399
v 0.225593 0.698028 0.695399
v 0.251289 0.719116 0.685959
v 0.251289 0.698028 0.685959
v 0.277169 0.719116 0.675374
v 0.277169 0.698028 0.675374
v 0.303243 0.719116 0.663600
v 0.303243 0.698028 0.663600
v 0.329523 0.719116 0.650584
v 0.329523 0.698028 0.650584
v 0.024786 0.719116 0.733724
v 0.024786 0.698028 0.733724
v 0.049595 0.719116 0.732328
v 0.049595 0.698028 0.732328
v 0.074446 0.719116 0.729995
v 0.074446 0.698028 0.729995
v 0.099362 0.719116 0.726713
v 0.099362 0.698028 0.726713
v 0.124364 0.719116 0.722468
v 0.124364 0.698028 0.722468
v 0.149469 0.719116 0.717240
v 0.149469 0.698028 0.717240
v -0.149469 0.719116 0.717240
v -0.149469 0.698028 0.717240
v -0.124364 0.719116 0.722468
v -0.124364 0.698028 0.722468
v -0.099362 0.719116 0.726713
v -0.099362 0.698028 0.726713
v -0.074446 0.719116 0.729995
v -0.074446 0.698028 0.729995
v -0.049595 0.719116 0.732328
v -0.049595 0.698028 0.732328
v -0.024786 0.719116 0.733724
v -0.024786 0.698028 0.733724
v -0.329523 0.719116 0.650584
v -0.329523 0.698028 0.650584
v -0.303243 0.719116 0.663600
v -0.303243 0.698028 0.663600
v -0.277169 0.719116 0.675374
v -0.277169 0.698028 0.675374
v -0.251289 0.719116 0.685959
v -0.251289 0.698028 0.685959
v -0.225593 0.719116 0.695399
v -0.225593 0.698028 0.695399
v -0.200067 0.719116 0.703735
v -0.200067 0.698028 0.703735
v -0.519710 0.719116 0.519298
v -0.519710 0.698028 0.519298
v -0.491851 0.719116 0.542909
v -0.491851 0.698028 0.542909
v -0.464224 0.719116 0.564750
v -0.464224 0.698028 0.564750
v -0.436828 0.719116 0.584920
v -0.436828 0.698028 0.584920
v -0.409663 0.719116 0.603511
v -0.409663 0.698028 0.603511
v -0.382726 0.719116 0.620605
v -0.382726 0.698028 0.620605
v -0.721033 0.719116 0.292626
v -0.721033 0.698028 0.292626
v -0.691623 0.719116 0.332893
v -0.691623 0.698028 0.332893
v -0.662422 0.719116 0.370142
v -0.662422 0.698028 0.370142
v -0.633435 0.719116 0.404646
v -0.633435 0.698028 0.404646
v -0.604666 0.719116 0.436632
v -0.604666 0.698028 0.436632
v -0.576121 0.719116 0.466296
v -0.576121 0.698028 0.466296
v -0.932243 0.719116 -0.116610
v -0.932243 0.698028 -0.116610
v -0.901545 0.719116 -0.038334
v -0.901545 0.698028 -0.038334
v -0.871010 0.719116 0.031085
v -0.871010 0.698028 0.031085
v -0.840645 0.719116 0.093458
v -0.840645 0.698028 0.093458
v -0.810458 0.719116 0.150016
v -0.810458 0.698028 0.150016
v -0.780456 0.719116 0.201647
v -0.780456 0.698028 0.201647
vn 0.8463 -0.0000 -0.5326
vn 0.6967 -0.0000 -0.7173
vn 0.5059 -0.0000 -0.8626
vn 0.2754 -0.0000 -0.9613
vn 0.0187 -0.0000 -0.9998
vn -0.2399 -0.0000 -0.9708
vn -0.4753 -0.0000 -0.8798
vn -0.6721 -0.0000 -0.7405
vn -0.8273 -0.0000 -0.5617
vn -0.9460 -0.0000 -0.3241
vn 0.5060 -0.0000 -0.8626
vn -0.8463 -0.0000 -0.5326
vn -0.8646 -0.0000 -0.5024
vn -0.8822 -0.0000 -0.4708
vn -0.8991 -0.0000 -0.4377
vn -0.9154 -0.0000 -0.4026
vn -0.9310 -0.0000 -0.3650
vn -0.6967 -0.0000 -0.7173
vn -0.7206 -0.0000 -0.6934
vn -0.7205 -0.0000 -0.6934
vn -0.7435 -0.0000 -0.6687
vn -0.7657 -0.0000 -0.6432
vn -0.7870 -0.0000 -0.6169
vn -0.8075 -0.0000 -0.5898
vn -0.8076 -0.0000 -0.5898
vn -0.5059 -0.0000 -0.8626
vn -0.5358 -0.0000 -0.8444
vn -0.5648 -0.0000 -0.8253
vn -0.5929 -0.0000 -0.8053
vn -0.6202 -0.0000 -0.7845
vn -0.6465 -0.0000 -0.7629
vn -0.2755 -0.0000 -0.9613
vn -0.3105 -0.0000 -0.9506
vn -0.3448 -0.0000 -0.9387
vn -0.3785 -0.0000 -0.9256
vn -0.4115 -0.0000 -0.9114
vn -0.4438 -0.0000 -0.8961
vn -0.0187 -0.0000 -0.9998
vn -0.0562 -0.0000 -0.9984
vn -0.0935 -0.0000 -0.9956
vn -0.1306 -0.0000 -0.9914
vn -0.1674 -0.0000 -0.9859
vn -0.2039 -0.0000 -0.9790
vn 0.2399 -0.0000 -0.9708
vn 0.2039 -0.0000 -0.9790
vn 0.1674 -0.0000 -0.9859
vn 0.1306 -0.0000 -0.9914
vn 0.0935 -0.0000 -0.9956
vn 0.0562 -0.0000 -0.9984
vn 0.4753 -0.0000 -0.8798
vn 0.4438 -0.0000 -0.8961
vn 0.4115 -0.0000 -0.9114
vn 0.3785 -0.0000 -0.9256
vn 0.3448 -0.0000 -0.9387
vn 0.3105 -0.0000 -0.9506
vn 0.6721 -0.0000 -0.7405
vn 0.6465 -0.0000 -0.7629
vn 0.6202 -0.0000 -0.7845
vn 0.5929 -0.0000 -0.8053
vn 0.5648 -0.0000 -0.8253
vn 0.5358 -0.0000 -0.8444
vn 0.8273 -0.0000 -0.5617
vn 0.8075 -0.0000 -0.5898
vn 0.7870 -0.0000 -0.6169
vn 0.7657 -0.0000 -0.6432
vn 0.7435 -0.0000 -0.6687
vn 0.7206 -0.0000 -0.6934
vn 0.7205 -0.0000 -0.6934
vn 0.8076 -0.0000 -0.5898
vn 0.9460 -0.0000 -0.3241
vn 0.9310 -0.0000 -0.3650
vn 0.9154 -0.0000 -0.4026
vn 0.8991 -0.0000 -0.4377
vn 0.8822 -0.0000 -0.4708
vn 0.8646 -0.0000 -0.5024
vn -0.2754 -0.0000 -0.9613
vn -0.5060 -0.0000 -0.8626
vn -0.3104 -0.0000 -0.9506
vn 0.3104 -0.0000 -0.9506
vn -0.6201 -0.0000 -0.7845
vn -0.2038 -0.0000 -0.9790
vn 0.2038 -0.0000 -0.9790
vn 0.6201 -0.0000 -0.7845
vn -0.9845 -0.0000 0.1751
vn -0.0000 -0.0000 1.0000
vn -0.9845 -0.0000 -0.1751
vn -0.9650 -0.0000 -0.2622
vn -0.9650 -0.0000 0.2622
vn -0.9927 -0.0000 0.1209
vn -0.9927 -0.0000 -0.1209
vn -0.9812 -0.0000 -0.1929
vn -0.9812 -0.0000 0.1929
vn -0.8576 -0.0000 0.5144
vn -0.8576 -0.0000 -0.5144
vn -0.8916 -0.0000 0.4529
vn -0.8916 -0.0000 -0.4529
vn -0.9947 -0.0000 0.1025
vn -0.9947 -0.0000 -0.1025
vn -0.8667 -0.0000 0.4988
vn -0.8667 -0.0000 -0.4988
vn -0.8992 -0.0000 0.4376
vn -0.8992 -0.0000 -0.4376
vn -0.8837 -0.0000 -0.4681
vn -0.8837 -0.0000 0.4681
vn -0.9776 -0.0000 -0.2105
vn -0.9776 -0.0000 0.2105
vn -0.9603 -0.0000 -0.2790
vn -0.9603 -0.0000 0.2790
vn -0.9876 -0.0000 0.1572
vn -0.9876 -0.0000 -0.1572
vn -0.9965 -0.0000 0.0840
vn -0.9965 -0.0000 -0.0840
vn -0.8754 -0.0000 0.4834
vn -0.8754 -0.0000 -0.4834
vn -0.9064 -0.0000 0.4223
vn -0.9064 -0.0000 -0.4223
vn -0.9329 -0.0000 0.3602
vn -0.9329 -0.0000 -0.3602
vn -0.9737 -0.0000 -0.2279
vn -0.9737 -0.0000 0.2279
vn -0.9553 -0.0000 -0.2956
vn -0.9553 -0.0000 0.2956
vn -0.9903 -0.0000 0.1391
vn -0.9903 -0.0000 -0.1391
vn -0.9979 -0.0000 0.0654
vn -0.9979 -0.0000 -0.0654
vn -1.0000 -0.0000 -0.0094
vn -1.0000 -0.0000 0.0094
vn -0.9134 -0.0000 0.4070
vn -0.9134 -0.0000 -0.4070
vn -0.9389 -0.0000 0.3443
vn -0.9389 -0.0000 -0.3443
vn -0.9695 -0.0000 -0.2451
vn -0.9695 -0.0000 0.2451
vn -0.9501 -0.0000 -0.3120
vn -0.9501 -0.0000 0.3120
vn -0.9266 -0.0000 -0.3759
vn -0.9266 -0.0000 0.3759
vn -0.9989 -0.0000 0.0468
vn -0.9989 -0.0000 -0.0468
vn -0.9996 -0.0000 -0.0281
vn -0.9996 -0.0000 0.0281
vn -0.9202 -0.0000 0.3915
vn -0.9202 -0.0000 -0.3915
vn -0.8464 -0.0000 -0.5326
vn -0.9154 -0.0000 -0.4025
vn -0.9459 -0.0000 -0.3244
vn 0.2755 -0.0000 -0.9613
vn 0.9459 -0.0000 -0.3244
vn 0.9154 -0.0000 -0.4025
vn 0.8991 -0.0000 -0.4376
vn 0.8647 -0.0000 -0.5024
vn 0.8464 -0.0000 -0.5326
vn 0.9460 -0.0000 0.3241
vn 0.8882 -0.0000 0.4594
vn 0.7366 -0.0000 0.6763
vn 0.4802 -0.0000 0.8772
vn -0.9060 -0.0000 0.4233
vn -0.7494 -0.0000 0.6622
vn 0.1130 -0.0000 0.9936
vn -0.1677 -0.0000 0.9858
vn -0.3972 -0.0000 0.9177
vn -0.5797 -0.0000 0.8148
vn -0.8137 -0.0000 0.5813
vn -0.8137 -0.0000 -0.5813
vn -0.8478 -0.0000 -0.5303
vn -0.8478 -0.0000 0.5303
vn -0.8261 -0.0000 0.5635
vn -0.8261 -0.0000 -0.5635
vn -0.8374 -0.0000 -0.5466
vn -0.8374 -0.0000 0.5466
vn -0.9446 -0.0000 0.3282
vn -0.9446 -0.0000 -0.3282
vn -0.8822 -0.0000 -0.4709
vn -0.9310 -0.0000 -0.3651
vn -0.9462 -0.0000 -0.3235
vn -0.7870 -0.0000 -0.6170
vn -0.5358 -0.0000 -0.8443
vn -0.5648 -0.0000 -0.8252
vn -0.6466 -0.0000 -0.7629
vn -0.3786 -0.0000 -0.9256
vn 0.3786 -0.0000 -0.9256
vn 0.5648 -0.0000 -0.8252
vn 0.5358 -0.0000 -0.8443
vn 0.7870 -0.0000 -0.6170
vn 0.9462 -0.0000 -0.3235
vn 0.9310 -0.0000 -0.3651
vn 0.8822 -0.0000 -0.4709
vn 0.9126 -0.0000 0.4089
vn 0.7622 -0.0000 0.6473
vn 0.5238 -0.0000 0.8518
vn 0.2939 -0.0000 0.9558
vn 0.0564 -0.0000 0.9984
vn -0.1862 -0.0000 0.9825
vn -0.4132 -0.0000 0.9106
vn 0.9126 -0.0000 -0.4089
vn -0.7909 -0.0000 0.6119
vn -0.6228 -0.0000 0.7824
vn -0.0000 1.0000 -0.0000
vn -0.0000 -1.0000 -0.0000
vn 0.3241 -0.0000 0.9460
vn -0.3241 -0.0000 0.9460
vn -0.3241 -0.0000 -0.9460
vn 0.3241 -0.0000 -0.9460
vt 0.085714 0.085714
vt 0.100000 0.085714
vt 0.100000 0.100000
vt 0.085714 0.100000
vt 0.185714 0.085714
vt 0.200000 0.085714
vt 0.200000 0.100000
vt 0.185714 0.100000
vt 0.285714 0.085714
vt 0.300000 0.085714
vt 0.300000 0.100000
vt 0.285714 0.100000
vt 0.385714 0.085714
vt 0.400000 0.085714
vt 0.400000 0.100000
vt 0.385714 0.100000
vt 0.485714 0.085714
vt 0.500000 0.085714
vt 0.500000 0.100000
vt 0.485714 0.100000
vt 0.585714 0.085714
vt 0.600000 0.085714
vt 0.600000 0.100000
vt 0.585714 0.100000
vt 0.685714 0.085714
vt 0.700000 0.085714
vt 0.700000 0.100000
vt 0.685714 0.100000
vt 0.785714 0.085714
vt 0.800000 0.085714
vt 0.800000 0.100000
vt 0.785714 0.100000
vt 0.885714 0.085714
vt 0.900000 0.085714
vt 0.900000 0.100000
vt 0.885714 0.100000
vt 0.985714 0.085714
vt 1.000000 0.085714
vt 1.000000 0.100000
vt 0.985714 0.100000
vt 0.085714 0.185714
vt 0.100000 0.185714
vt 0.100000 0.200000
vt 0.085714 0.200000
vt 0.185714 0.185714
vt 0.200000 0.185714
vt 0.200000 0.200000
vt 0.185714 0.200000
vt 0.285714 0.185714
vt 0.300000 0.185714
vt 0.300000 0.200000
vt 0.285714 0.200000
vt 0.385714 0.185714
vt 0.400000 0.185714
vt 0.400000 0.200000
vt 0.385714 0.200000
vt 0.485714 0.185714
vt 0.500000 0.185714
vt 0.500000 0.200000
vt 0.485714 0.200000
vt 0.585714 0.185714
vt 0.600000 0.185714
vt 0.600000 0.200000
vt 0.585714 0.200000
vt 0.685714 0.185714
vt 0.700000 0.185714
vt 0.700000 0.200000
vt 0.685714 0.200000
vt 0.785714 0.185714
vt 0.800000 0.185714
vt 0.800000 0.200000
vt 0.785714 0.200000
vt 0.885714 0.185714
vt 0.900000 0.185714
vt 0.900000 0.200000
vt 0.885714 0.200000
vt 0.985714 0.185714
vt 1.000000 0.185714
vt 1.000000 0.200000
vt 0.985714 0.200000
vt 0.085714 0.285714
vt 0.100000 0.285714
vt 0.100000 0.300000
vt 0.085714 0.300000
vt 0.185714 0.285714
vt 0.200000 0.285714
vt 0.200000 0.300000
vt 0.185714 0.300000
vt 0.285714 0.285714
vt 0.300000 0.285714
vt 0.300000 0.300000
vt 0.285714 0.300000
vt 0.385714 0.285714
vt 0.400000 0.285714
vt 0.400000 0.300000
vt 0.385714 0.300000
vt 0.485714 0.285714
vt 0.500000 0.285714
vt 0.500000 0.300000
vt 0.485714 0.300000
vt 0.585714 0.285714
vt 0.600000 0.285714
vt 0.600000 0.300000
vt 0.585714 0.300000
vt 0.685714 0.285714
vt 0.700000 0.285714
vt 0.700000 0.300000
vt 0.685714 0.300000
vt 0.785714 0.285714
vt 0.800000 0.285714
vt 0.800000 0.300000
vt 0.785714 0.300000
vt 0.885714 0.285714
vt 0.900000 0.285714
vt 0.900000 0.300000
vt 0.885714 0.300000
vt 0.985714 0.285714
vt 1.000000 0.285714
vt 1.000000 0.300000
vt 0.985714 0.300000
vt 0.085714 0.385714
vt 0.100000 0.385714
vt 0.100000 0.400000
vt 0.085714 0.400000
vt 0.185714 0.385714
vt 0.200000 0.385714
vt 0.200000 0.400000
vt 0.185714 0.400000
vt 0.285714 0.385714
vt 0.300000 0.385714
vt 0.300000 0.400000
vt 0.285714 0.400000
vt 0.385714 0.385714
vt 0.400000 0.385714
vt 0.400000 0.400000
vt 0.385714 0.400000
vt 0.485714 0.385714
vt 0.500000 0.385714
vt 0.500000 0.400000
vt 0.485714 0.400000
vt 0.585714 0.385714
vt 0.600000 0.385714
vt 0.600000 0.400000
vt 0.585714 0.400000
vt 0.685714 0.385714
vt 0.700000 0.385714
vt 0.700000 0.400000
vt 0.685714 0.400000
vt 0.785714 0.385714
vt 0.800000 0.385714
vt 0.800000 0.400000
vt 0.785714 0.400000
vt 0.885714 0.385714
vt 0.900000 0.385714
vt 0.900000 0.400000
vt 0.885714 0.400000
vt 0.985714 0.385714
vt 1.000000 0.385714
vt 1.000000 0.400000
vt 0.985714 0.400000
vt 0.085714 0.485714
vt 0.100000 0.485714
vt 0.100000 0.500000
vt 0.085714 0.500000
vt 0.185714 0.485714
vt 0.200000 0.485714
vt 0.200000 0.500000
vt 0.185714 0.500000
vt 0.285714 0.485714
vt 0.300000 0.485714
vt 0.300000 0.500000
vt 0.285714 0.500000
vt 0.385714 0.485714
vt 0.400000 0.485714
vt 0.400000 0.500000
vt 0.385714 0.500000
vt 0.485714 0.485714
vt 0.500000 0.485714
vt 0.500000 0.500000
vt 0.485714 0.500000
vt 0.585714 0.485714
vt 0.600000 0.485714
vt 0.600000 0.500000
vt 0.585714 0.500000
vt 0.685714 0.485714
vt 0.700000 0.485714
vt 0.700000 0.500000
vt 0.685714 0.500000
vt 0.785714 0.485714
vt 0.800000 0.485714
vt 0.800000 0.500000
vt 0.785714 0.500000
vt 0.885714 0.485714
vt 0.900000 0.485714
vt 0.900000 0.500000
vt 0.885714 0.500000
vt 0.985714 0.485714
vt 1.000000 0.485714
vt 1.000000 0.500000
vt 0.985714 0.500000
vt 0.085714 0.585714
vt 0.100000 0.585714
vt 0.100000 0.600000
vt 0.085714 0.600000
vt 0.185714 0.585714
vt 0.200000 0.585714
vt 0.200000 0.600000
vt 0.185714 0.600000
vt 0.285714 0.585714
vt 0.300000 0.585714
vt 0.300000 0.600000
vt 0.285714 0.600000
vt 0.385714 0.585714
vt 0.400000 0.585714
vt 0.400000 0.600000
vt 0.385714 0.600000
vt 0.485714 0.585714
vt 0.500000 0.585714
vt 0.500000 0.600000
vt 0.485714 0.600000
vt 0.585714 0.585714
vt 0.600000 0.585714
vt 0.600000 0.600000
vt 0.585714 0.600000
vt 0.685714 0.585714
vt 0.700000 0.585714
vt 0.700000 0.600000
vt 0.685714 0.600000
vt 0.785714 0.585714
vt 0.800000 0.585714
vt 0.800000 0.600000
vt 0.785714 0.600000
vt 0.885714 0.585714
vt 0.900000 0.585714
vt 0.900000 0.600000
vt 0.885714 0.600000
vt 0.985714 0.585714
vt 1.000000 0.585714
vt 1.000000 0.600000
vt 0.985714 0.600000
vt 0.085714 0.685714
vt 0.100000 0.685714
vt 0.100000 0.700000
vt 0.085714 0.700000
vt 0.185714 0.685714
vt 0.200000 0.685714
vt 0.200000 0.700000
vt 0.185714 0.700000
vt 0.285714 0.685714
vt 0.300000 0.685714
vt 0.300000 0.700000
vt 0.285714 0.700000
vt 0.385714 0.685714
vt 0.400000 0.685714
vt 0.400000 0.700000
vt 0.385714 0.700000
vt 0.485714 0.685714
vt 0.500000 0.685714
vt 0.500000 0.700000
vt 0.485714 0.700000
vt 0.585714 0.685714
vt 0.600000 0.685714
vt 0.600000 0.700000
vt 0.585714 0.700000
vt 0.685714 0.685714
vt 0.700000 0.685714
vt 0.700000 0.700000
vt 0.685714 0.700000
vt 0.785714 0.685714
vt 0.800000 0.685714
vt 0.800000 0.700000
vt 0.785714 0.700000
vt 0.885714 0.685714
vt 0.900000 0.685714
vt 0.900000 0.700000
vt 0.885714 0.700000
vt 0.985714 0.685714
vt 1.000000 0.685714
vt 1.000000 0.700000
vt 0.985714 0.700000
vt 0.085714 0.785714
vt 0.100000 0.785714
vt 0.100000 0.800000
vt 0.085714 0.800000
vt 0.185714 0.785714
vt 0.200000 0.785714
vt 0.200000 0.800000
vt 0.185714 0.800000
vt 0.285714 0.785714
vt 0.300000 0.785714
vt 0.300000 0.800000
vt 0.285714 0.800000
vt 0.385714 0.785714
vt 0.400000 0.785714
vt 0.400000 0.800000
vt 0.385714 0.800000
vt 0.485714 0.785714
vt 0.500000 0.785714
vt 0.500000 0.800000
vt 0.485714 0.800000
vt 0.585714 0.785714
vt 0.600000 0.785714
vt 0.600000 0.800000
vt 0.585714 0.800000
vt 0.685714 0.785714
vt 0.700000 0.785714
vt 0.700000 0.800000
vt 0.685714 0.800000
vt 0.785714 0.785714
vt 0.800000 0.785714
vt 0.800000 0.800000
vt 0.785714 0.800000
vt 0.885714 0.785714
vt 0.900000 0.785714
vt 0.900000 0.800000
vt 0.885714 0.800000
vt 0.985714 0.785714
vt 1.000000 0.785714
vt 1.000000 0.800000
vt 0.985714 0.800000
vt 0.085714 0.885714
vt 0.100000 0.885714
vt 0.100000 0.900000
vt 0.085714 0.900000
vt 0.185714 0.885714
vt 0.200000 0.885714
vt 0.200000 0.900000
vt 0.185714 0.900000
vt 0.285714 0.885714
vt 0.300000 0.885714
vt 0.300000 0.900000
vt 0.285714 0.900000
vt 0.385714 0.885714
vt 0.400000 0.885714
vt 0.400000 0.900000
vt 0.385714 0.900000
vt 0.485714 0.885714
vt 0.500000 0.885714
vt 0.500000 0.900000
vt 0.485714 0.900000
vt 0.585714 0.885714
vt 0.600000 0.885714
vt 0.600000 0.900000
vt 0.585714 0.900000
vt 0.685714 0.885714
vt 0.700000 0.885714
vt 0.700000 0.900000
vt 0.685714 0.900000
vt 0.785714 0.885714
vt 0.800000 0.885714
vt 0.800000 0.900000
vt 0.785714 0.900000
vt 0.885714 0.885714
vt 0.900000 0.885714
vt 0.900000 0.900000
vt 0.885714 0.900000
vt 0.985714 0.885714
vt 1.000000 0.885714
vt 1.000000 0.900000
vt 0.985714 0.900000
vt 0.085714 0.985714
vt 0.100000 0.985714
vt 0.100000 1.000000
vt 0.085714 1.000000
vt 0.185714 0.985714
vt 0.200000 0.985714
vt 0.200000 1.000000
vt 0.185714 1.000000
vt 0.285714 0.985714
vt 0.300000 0.985714
vt 0.300000 1.000000
vt 0.285714 1.000000
vt 0.385714 0.985714
vt 0.400000 0.985714
vt 0.400000 1.000000
vt 0.385714 1.000000
vt 0.485714 0.985714
vt 0.500000 0.985714
vt 0.500000 1.000000
vt 0.485714 1.000000
vt 0.585714 0.985714
vt 0.600000 0.985714
vt 0.600000 1.000000
vt 0.585714 1.000000
vt 0.685714 0.985714
vt 0.700000 0.985714
vt 0.700000 1.000000
vt 0.685714 1.000000
vt 0.785714 0.985714
vt 0.800000 0.985714
vt 0.800000 1.000000
vt 0.785714 1.000000
vt 0.885714 0.985714
vt 0.900000 0.985714
vt 0.900000 1.000000
vt 0.885714 1.000000
vt 0.985714 0.985714
vt 1.000000 0.985714
vt 1.000000 1.000000
vt 0.985714 1.000000
vt 0.914286 0.985714
vt 0.914286 1.000000
vt 0.928571 0.985714
vt 0.928571 1.000000
vt 0.942857 0.985714
vt 0.942857 1.000000
vt 0.957143 0.985714
vt 0.957143 1.000000
vt 0.971429 0.985714
vt 0.971429 1.000000
vt 0.914286 0.900000
vt 0.914286 0.914286
vt 0.900000 0.914286
vt 0.914286 0.928571
vt 0.900000 0.928571
vt 0.914286 0.942857
vt 0.900000 0.942857
vt 0.914286 0.957143
vt 0.900000 0.957143
vt 0.914286 0.971429
vt 0.900000 0.971429
vt 0.928571 0.900000
vt 0.928571 0.914286
vt 0.928571 0.928571
vt 0.928571 0.942857
vt 0.928571 0.957143
vt 0.928571 0.971429
vt 0.942857 0.900000
vt 0.942857 0.914286
vt 0.942857 0.928571
vt 0.942857 0.942857
vt 0.942857 0.957143
vt 0.942857 0.971429
vt 0.957143 0.900000
vt 0.957143 0.914286
vt 0.957143 0.928571
vt 0.957143 0.942857
vt 0.957143 0.957143
vt 0.957143 0.971429
vt 0.971429 0.900000
vt 0.971429 0.914286
vt 0.971429 0.928571
vt 0.971429 0.942857
vt 0.971429 0.957143
vt 0.971429 0.971429
vt 0.985714 0.914286
vt 0.985714 0.928571
vt 0.985714 0.942857
vt 0.985714 0.957143
vt 0.985714 0.971429
vt 1.000000 0.914286
vt 1.000000 0.928571
vt 1.000000 0.942857
vt 1.000000 0.957143
vt 1.000000 0.971429
vt 0.814286 0.985714
vt 0.814286 1.000000
vt 0.828571 0.985714
vt 0.828571 1.000000
vt 0.842857 0.985714
vt 0.842857 1.000000
vt 0.857143 0.985714
vt 0.857143 1.000000
vt 0.871429 0.985714
vt 0.871429 1.000000
vt 0.814286 0.900000
vt 0.814286 0.914286
vt 0.800000 0.914286
vt 0.814286 0.928571
vt 0.800000 0.928571
vt 0.814286 0.942857
vt 0.800000 0.942857
vt 0.814286 0.957143
vt 0.800000 0.957143
vt 0.814286 0.971429
vt 0.800000 0.971429
vt 0.828571 0.900000
vt 0.828571 0.914286
vt 0.828571 0.928571
vt 0.828572 0.942857
vt 0.828572 0.957143
vt 0.828571 0.971429
vt 0.842857 0.900000
vt 0.842857 0.914286
vt 0.842857 0.928571
vt 0.842857 0.942857
vt 0.842857 0.957143
vt 0.842857 0.971429
vt 0.857143 0.900000
vt 0.857143 0.914286
vt 0.857143 0.928571
vt 0.857143 0.942857
vt 0.857143 0.957143
vt 0.857143 0.971429
vt 0.871429 0.900000
vt 0.871429 0.914286
vt 0.871429 0.928571
vt 0.871429 0.942857
vt 0.871429 0.957143
vt 0.871429 0.971429
vt 0.885714 0.914286
vt 0.885714 0.928571
vt 0.885714 0.942857
vt 0.885714 0.957143
vt 0.885714 0.971429
vt 0.714286 0.985714
vt 0.714286 1.000000
vt 0.728571 0.985714
vt 0.728571 1.000000
vt 0.742857 0.985714
vt 0.742857 1.000000
vt 0.757143 0.985714
vt 0.757143 1.000000
vt 0.771429 0.985714
vt 0.771429 1.000000
vt 0.714286 0.900000
vt 0.714286 0.914286
vt 0.700000 0.914286
vt 0.714286 0.928571
vt 0.700000 0.928571
vt 0.714286 0.942857
vt 0.700000 0.942857
vt 0.714286 0.957143
vt 0.700000 0.957143
vt 0.714286 0.971429
vt 0.700000 0.971429
vt 0.728571 0.900000
vt 0.728571 0.914286
vt 0.728571 0.928571
vt 0.728571 0.942857
vt 0.728571 0.957143
vt 0.728571 0.971429
vt 0.742857 0.900000
vt 0.742857 0.914286
vt 0.742857 0.928571
vt 0.742857 0.942857
vt 0.742857 0.957143
vt 0.742857 0.971429
vt 0.757143 0.900000
vt 0.757143 0.914286
vt 0.757143 0.928571
vt 0.757143 0.942857
vt 0.757143 0.957143
vt 0.757143 0.971429
vt 0.771429 0.900000
vt 0.771429 0.914286
vt 0.771429 0.928571
vt 0.771429 0.942857
vt 0.771429 0.957143
vt 0.771429 0.971429
vt 0.785714 0.914286
vt 0.785714 0.928571
vt 0.785714 0.942857
vt 0.785714 0.957143
vt 0.785714 0.971429
vt 0.614286 0.985714
vt 0.614286 1.000000
vt 0.628571 0.985714
vt 0.628571 1.000000
vt 0.642857 0.985714
vt 0.642857 1.000000
vt 0.657143 0.985714
vt 0.657143 1.000000
vt 0.671429 0.985714
vt 0.671429 1.000000
vt 0.614286 0.900000
vt 0.614286 0.914286
vt 0.600000 0.914286
vt 0.614286 0.928571
vt 0.600000 0.928571
vt 0.614286 0.942857
vt 0.600000 0.942857
vt 0.614286 0.957143
vt 0.600000 0.957143
vt 0.614286 0.971429
vt 0.600000 0.971429
vt 0.628571 0.900000
vt 0.628572 0.914286
vt 0.628571 0.928571
vt 0.628571 0.942857
vt 0.628571 0.957143
vt 0.628571 0.971429
vt 0.642857 0.900000
vt 0.642857 0.914286
vt 0.642857 0.928571
vt 0.642857 0.942857
vt 0.642857 0.957143
vt 0.642857 0.971429
vt 0.657143 0.900000
vt 0.657143 0.914286
vt 0.657143 0.928571
vt 0.657143 0.942857
vt 0.657143 0.957143
vt 0.657143 0.971429
vt 0.671429 0.900000
vt 0.671429 0.914286
vt 0.671429 0.928571
vt 0.671429 0.942857
vt 0.671429 0.957143
vt 0.671429 0.971429
vt 0.685714 0.914286
vt 0.685714 0.928571
vt 0.685714 0.942857
vt 0.685714 0.957143
vt 0.685714 0.971429
vt 0.514286 0.985714
vt 0.514286 1.000000
vt 0.528571 0.985714
vt 0.528571 1.000000
vt 0.542857 0.985714
vt 0.542857 1.000000
vt 0.557143 0.985714
vt 0.557143 1.000000
vt 0.571429 0.985714
vt 0.571429 1.000000
vt 0.514286 0.900000
vt 0.514286 0.914286
vt 0.500000 0.914286
vt 0.514286 0.928571
vt 0.500000 0.928571
vt 0.514286 0.942857
vt 0.500000 0.942857
vt 0.514286 0.957143
vt 0.500000 0.957143
vt 0.514286 0.971429
vt 0.500000 0.971429
vt 0.528571 0.900000
vt 0.528571 0.914286
vt 0.528571 0.928571
vt 0.528571 0.942857
vt 0.528571 0.957143
vt 0.528571 0.971429
vt 0.542857 0.900000
vt 0.542857 0.914286
vt 0.542857 0.928571
vt 0.542857 0.942857
vt 0.542857 0.957143
vt 0.542857 0.971429
vt 0.557143 0.900000
vt 0.557143 0.914286
vt 0.557143 0.928571
vt 0.557143 0.942857
vt 0.557143 0.957143
vt 0.557143 0.971429
vt 0.571429 0.900000
vt 0.571429 0.914286
vt 0.571429 0.928571
vt 0.571429 0.942857
vt 0.571429 0.957143
vt 0.571429 0.971429
vt 0.585714 0.914286
vt 0.585714 0.928571
vt 0.585714 0.942857
vt 0.585714 0.957143
vt 0.585714 0.971429
vt 0.414286 0.985714
vt 0.414286 1.000000
vt 0.428571 0.985714
vt 0.428571 1.000000
vt 0.442857 0.985714
vt 0.442857 1.000000
vt 0.457143 0.985714
vt 0.457143 1.000000
vt 0.471429 0.985714
vt 0.471429 1.000000
vt 0.414286 0.900000
vt 0.414286 0.914286
vt 0.400000 0.914286
vt 0.414286 0.928571
vt 0.400000 0.928571
vt 0.414286 0.942857
vt 0.400000 0.942857
vt 0.414286 0.957143
vt 0.400000 0.957143
vt 0.414286 0.971429
vt 0.400000 0.971429
vt 0.428571 0.900000
vt 0.428571 0.914286
vt 0.428571 0.928571
vt 0.428571 0.942857
vt 0.428571 0.957143
vt 0.428571 0.971429
vt 0.442857 0.900000
vt 0.442857 0.914286
vt 0.442857 0.928571
vt 0.442857 0.942857
vt 0.442857 0.957143
vt 0.442857 0.971429
vt 0.457143 0.900000
vt 0.457143 0.914286
vt 0.457143 0.928571
vt 0.457143 0.942857
vt 0.457143 0.957143
vt 0.457143 0.971429
vt 0.471429 0.900000
vt 0.471429 0.914286
vt 0.471429 0.928571
vt 0.471429 0.942857
vt 0.471429 0.957143
vt 0.471429 0.971429
vt 0.485714 0.914286
vt 0.485714 0.928571
vt 0.485714 0.942857
vt 0.485714 0.957143
vt 0.485714 0.971429
vt 0.314286 0.985714
vt 0.314286 1.000000
vt 0.328571 0.985714
vt 0.328571 1.000000
vt 0.342857 0.985714
vt 0.342857 1.000000
vt 0.357143 0.985714
vt 0.357143 1.000000
vt 0.371429 0.985714
vt 0.371429 1.000000
vt 0.314286 0.900000
vt 0.314286 0.914286
vt 0.300000 0.914286
vt 0.314286 0.928571
vt 0.300000 0.928571
vt 0.314286 0.942857
vt 0.300000 0.942857
vt 0.314286 0.957143
vt 0.300000 0.957143
vt 0.314286 0.971429
vt 0.300000 0.971429
vt 0.328571 0.900000
vt 0.328571 0.914286
vt 0.328571 0.928571
vt 0.328571 0.942857
vt 0.328571 0.957143
vt 0.328571 0.971429
vt 0.342857 0.900000
vt 0.342857 0.914286
vt 0.342857 0.928571
vt 0.342857 0.942857
vt 0.342857 0.957143
vt 0.342857 0.971429
vt 0.357143 0.900000
vt 0.357143 0.914286
vt 0.357143 0.928571
vt 0.357143 0.942857
vt 0.357143 0.957143
vt 0.357143 0.971429
vt 0.371429 0.900000
vt 0.371429 0.914286
vt 0.371429 0.928571
vt 0.371429 0.942857
vt 0.371429 0.957143
vt 0.371429 0.971429
vt 0.385714 0.914286
vt 0.385714 0.928571
vt 0.385714 0.942857
vt 0.385714 0.957143
vt 0.385714 0.971429
vt 0.214286 0.985714
vt 0.214286 1.000000
vt 0.228571 0.985714
vt 0.228571 1.000000
vt 0.242857 0.985714
vt 0.242857 1.000000
vt 0.257143 0.985714
vt 0.257143 1.000000
vt 0.271429 0.985714
vt 0.271429 1.000000
vt 0.214286 0.900000
vt 0.214286 0.914286
vt 0.200000 0.914286
vt 0.214286 0.928571
vt 0.200000 0.928571
vt 0.214286 0.942857
vt 0.200000 0.942857
vt 0.214286 0.957143
vt 0.200000 0.957143
vt 0.214286 0.971429
vt 0.200000 0.971429
vt 0.228571 0.900000
vt 0.228571 0.914286
vt 0.228571 0.928571
vt 0.228571 0.942857
vt 0.228571 0.957143
vt 0.228571 0.971429
vt 0.242857 0.900000
vt 0.242857 0.914286
vt 0.242857 0.928571
vt 0.242857 0.942857
vt 0.242857 0.957143
vt 0.242857 0.971429
vt 0.257143 0.900000
vt 0.257143 0.914286
vt 0.257143 0.928571
vt 0.257143 0.942857
vt 0.257143 0.957143
vt 0.257143 0.971429
vt 0.271429 0.900000
vt 0.271429 0.914286
vt 0.271429 0.928571
vt 0.271429 0.942857
vt 0.271429 0.957143
vt 0.271429 0.971429
vt 0.285714 0.914286
vt 0.285714 0.928571
vt 0.285714 0.942857
vt 0.285714 0.957143
vt 0.285714 0.971429
vt 0.114286 0.985714
vt 0.114286 1.000000
vt 0.128571 0.985714
vt 0.128571 1.000000
vt 0.142857 0.985714
vt 0.142857 1.000000
vt 0.157143 0.985714
vt 0.157143 1.000000
vt 0.171429 0.985714
vt 0.171429 1.000000
vt 0.114286 0.900000
vt 0.114286 0.914286
vt 0.100000 0.914286
vt 0.114286 0.928571
vt 0.100000 0.928571
vt 0.114286 0.942857
vt 0.100000 0.942857
vt 0.114286 0.957143
vt 0.100000 0.957143
vt 0.114286 0.971429
vt 0.100000 0.971429
vt 0.128571 0.900000
vt 0.128571 0.914286
vt 0.128571 0.928571
vt 0.128571 0.942857
vt 0.128571 0.957143
vt 0.128571 0.971429
vt 0.142857 0.900000
vt 0.142857 0.914286
vt 0.142857 0.928571
vt 0.142857 0.942857
vt 0.142857 0.957143
vt 0.142857 0.971429
vt 0.157143 0.900000
vt 0.157143 0.914286
vt 0.157143 0.928571
vt 0.157143 0.942857
vt 0.157143 0.957143
vt 0.157143 0.971429
vt 0.171429 0.900000
vt 0.171429 0.914286
vt 0.171429 0.928571
vt 0.171429 0.942857
vt 0.171429 0.957143
vt 0.171429 0.971429
vt 0.185714 0.914286
vt 0.185714 0.928571
vt 0.185714 0.942857
vt 0.185714 0.957143
vt 0.185714 0.971429
vt 0.000000 0.985714
vt 0.014286 0.985714
vt 0.014286 1.000000
vt 0.000000 1.000000
vt 0.028571 0.985714
vt 0.028571 1.000000
vt 0.042857 0.985714
vt 0.042857 1.000000
vt 0.057143 0.985714
vt 0.057143 1.000000
vt 0.071429 0.985714
vt 0.071429 1.000000
vt 0.000000 0.900000
vt 0.014286 0.900000
vt 0.014286 0.914286
vt 0.000000 0.914286
vt 0.014286 0.928571
vt 0.000000 0.928571
vt 0.014286 0.942857
vt 0.000000 0.942857
vt 0.014286 0.957143
vt 0.000000 0.957143
vt 0.014286 0.971429
vt 0.000000 0.971429
vt 0.028571 0.900000
vt 0.028571 0.914286
vt 0.028571 0.928571
vt 0.028571 0.942857
vt 0.028571 0.957143
vt 0.028571 0.971429
vt 0.042857 0.900000
vt 0.042857 0.914286
vt 0.042857 0.928571
vt 0.042857 0.942857
vt 0.042857 0.957143
vt 0.042857 0.971429
vt 0.057143 0.900000
vt 0.057143 0.914286
vt 0.057143 0.928571
vt 0.057143 0.942857
vt 0.057143 0.957143
vt 0.057143 0.971429
vt 0.071429 0.900000
vt 0.071429 0.914286
vt 0.071429 0.928571
vt 0.071429 0.942857
vt 0.071429 0.957143
vt 0.071429 0.971429
vt 0.085714 0.914286
vt 0.085714 0.928571
vt 0.085714 0.942857
vt 0.085714 0.957143
vt 0.085714 0.971429
vt 0.914286 0.885714
vt 0.928571 0.885714
vt 0.942857 0.885714
vt 0.957143 0.885714
vt 0.971429 0.885714
vt 0.914286 0.800000
vt 0.914286 0.814286
vt 0.900000 0.814286
vt 0.914286 0.828572
vt 0.900000 0.828572
vt 0.914286 0.842857
vt 0.900000 0.842857
vt 0.914286 0.857143
vt 0.900000 0.857143
vt 0.914286 0.871429
vt 0.900000 0.871429
vt 0.928571 0.800000
vt 0.928571 0.814286
vt 0.928571 0.828572
vt 0.928571 0.842857
vt 0.928571 0.857143
vt 0.928571 0.871429
vt 0.942857 0.800000
vt 0.942857 0.814286
vt 0.942857 0.828572
vt 0.942857 0.842857
vt 0.942857 0.857143
vt 0.942857 0.871429
vt 0.957143 0.800000
vt 0.957143 0.814286
vt 0.957143 0.828572
vt 0.957143 0.842857
vt 0.957143 0.857143
vt 0.957143 0.871429
vt 0.971429 0.800000
vt 0.971429 0.814286
vt 0.971429 0.828572
vt 0.971429 0.842857
vt 0.971429 0.857143
vt 0.971429 0.871429
vt 0.985714 0.814286
vt 0.985714 0.828572
vt 0.985714 0.842857
vt 0.985714 0.857143
vt 0.985714 0.871429
vt 1.000000 0.814286
vt 1.000000 0.828572
vt 1.000000 0.842857
vt 1.000000 0.857143
vt 1.000000 0.871429
vt 0.814286 0.885714
vt 0.828571 0.885714
vt 0.842857 0.885714
vt 0.857143 0.885714
vt 0.871429 0.885714
vt 0.814286 0.800000
vt 0.814286 0.814286
vt 0.800000 0.814286
vt 0.814286 0.828572
vt 0.800000 0.828572
vt 0.814286 0.842857
vt 0.800000 0.842857
vt 0.814286 0.857143
vt 0.800000 0.857143
vt 0.814286 0.871429
vt 0.800000 0.871429
vt 0.828571 0.800000
vt 0.828571 0.814286
vt 0.828571 0.828572
vt 0.828572 0.842857
vt 0.828572 0.857143
vt 0.828571 0.871429
vt 0.842857 0.800000
vt 0.842857 0.814286
vt 0.842857 0.828572
vt 0.842857 0.842857
vt 0.842857 0.857143
vt 0.842857 0.871429
vt 0.857143 0.800000
vt 0.857143 0.814286
vt 0.857143 0.828572
vt 0.857143 0.842857
vt 0.857143 0.857143
vt 0.857143 0.871429
vt 0.871429 0.800000
vt 0.871429 0.814286
vt 0.871429 0.828572
vt 0.871429 0.842857
vt 0.871429 0.857143
vt 0.871429 0.871429
vt 0.885714 0.814286
vt 0.885714 0.828572
vt 0.885714 0.842857
vt 0.885714 0.857143
vt 0.885714 0.871429
vt 0.714286 0.885714
vt 0.728571 0.885714
vt 0.742857 0.885714
vt 0.757143 0.885714
vt 0.771429 0.885714
vt 0.714286 0.800000
vt 0.714286 0.814286
vt 0.700000 0.814286
vt 0.714286 0.828572
vt 0.700000 0.828572
vt 0.714286 0.842857
vt 0.700000 0.842857
vt 0.714286 0.857143
vt 0.700000 0.857143
vt 0.714286 0.871429
vt 0.700000 0.871429
vt 0.728571 0.800000
vt 0.728571 0.814286
vt 0.728571 0.828572
vt 0.728571 0.842857
vt 0.728571 0.857143
vt 0.728571 0.871429
vt 0.742857 0.800000
vt 0.742857 0.814286
vt 0.742857 0.828572
vt 0.742857 0.842857
vt 0.742857 0.857143
vt 0.742857 0.871429
vt 0.757143 0.800000
vt 0.757143 0.814286
vt 0.757143 0.828572
vt 0.757143 0.842857
vt 0.757143 0.857143
vt 0.757143 0.871429
vt 0.771429 0.800000
vt 0.771429 0.814286
vt 0.771429 0.828572
vt 0.771429 0.842857
vt 0.771429 0.857143
vt 0.771429 0.871429
vt 0.785714 0.814286
vt 0.785714 0.828572
vt 0.785714 0.842857
vt 0.785714 0.857143
vt 0.785714 0.871429
vt 0.614286 0.885714
vt 0.628571 0.885714
vt 0.642857 0.885714
vt 0.657143 0.885714
vt 0.671429 0.885714
vt 0.614286 0.800000
vt 0.614286 0.814286
vt 0.600000 0.814286
vt 0.614286 0.828572
vt 0.600000 0.828572
vt 0.614286 0.842857
vt 0.600000 0.842857
vt 0.614286 0.857143
vt 0.600000 0.857143
vt 0.614286 0.871429
vt 0.600000 0.871429
vt 0.628571 0.800000
vt 0.628572 0.814286
vt 0.628571 0.828572
vt 0.628571 0.842857
vt 0.628571 0.857143
vt 0.628571 0.871429
vt 0.642857 0.800000
vt 0.642857 0.814286
vt 0.642857 0.828572
vt 0.642857 0.842857
vt 0.642857 0.857143
vt 0.642857 0.871429
vt 0.657143 0.800000
vt 0.657143 0.814286
vt 0.657143 0.828572
vt 0.657143 0.842857
vt 0.657143 0.857143
vt 0.657143 0.871429
vt 0.671429 0.800000
vt 0.671429 0.814286
vt 0.671429 0.828572
vt 0.671429 0.842857
vt 0.671429 0.857143
vt 0.671429 0.871429
vt 0.685714 0.814286
vt 0.685714 0.828572
vt 0.685714 0.842857
vt 0.685714 0.857143
vt 0.685714 0.871429
vt 0.514286 0.885714
vt 0.528571 0.885714
vt 0.542857 0.885714
vt 0.557143 0.885714
vt 0.571429 0.885714
vt 0.514286 0.800000
vt 0.514286 0.814286
vt 0.500000 0.814286
vt 0.514286 0.828572
vt 0.500000 0.828572
vt 0.514286 0.842857
vt 0.500000 0.842857
vt 0.514286 0.857143
vt 0.500000 0.857143
vt 0.514286 0.871429
vt 0.500000 0.871429
vt 0.528571 0.800000
vt 0.528571 0.814286
vt 0.528571 0.828572
vt 0.528571 0.842857
vt 0.528571 0.857143
vt 0.528571 0.871429
vt 0.542857 0.800000
vt 0.542857 0.814286
vt 0.542857 0.828572
vt 0.542857 0.842857
vt 0.542857 0.857143
vt 0.542857 0.871429
vt 0.557143 0.800000
vt 0.557143 0.814286
vt 0.557143 0.828572
vt 0.557143 0.842857
vt 0.557143 0.857143
vt 0.557143 0.871429
vt 0.571429 0.800000
vt 0.571429 0.814286
vt 0.571429 0.828572
vt 0.571429 0.842857
vt 0.571429 0.857143
vt 0.571429 0.871429
vt 0.585714 0.814286
vt 0.585714 0.828572
vt 0.585714 0.842857
vt 0.585714 0.857143
vt 0.585714 0.871429
vt 0.414286 0.885714
vt 0.428571 0.885714
vt 0.442857 0.885714
vt 0.457143 0.885714
vt 0.471429 0.885714
vt 0.414286 0.800000
vt 0.414286 0.814286
vt 0.400000 0.814286
vt 0.414286 0.828572
vt 0.400000 0.828572
vt 0.414286 0.842857
vt 0.400000 0.842857
vt 0.414286 0.857143
vt 0.400000 0.857143
vt 0.414286 0.871429
vt 0.400000 0.871429
vt 0.428571 0.800000
vt 0.428571 0.814286
vt 0.428571 0.828572
vt 0.428571 0.842857
vt 0.428571 0.857143
vt 0.428571 0.871429
vt 0.442857 0.800000
vt 0.442857 0.814286
vt 0.442857 0.828572
vt 0.442857 0.842857
vt 0.442857 0.857143
vt 0.442857 0.871429
vt 0.457143 0.800000
vt 0.457143 0.814286
vt 0.457143 0.828572
vt 0.457143 0.842857
vt 0.457143 0.857143
vt 0.457143 0.871429
vt 0.471429 0.800000
vt 0.471429 0.814286
vt 0.471429 0.828572
vt 0.471429 0.842857
vt 0.471429 0.857143
vt 0.471429 0.871429
vt 0.485714 0.814286
vt 0.485714 0.828572
vt 0.485714 0.842857
vt 0.485714 0.857143
vt 0.485714 0.871429
vt 0.314286 0.885714
vt 0.328571 0.885714
vt 0.342857 0.885714
vt 0.357143 0.885714
vt 0.371429 0.885714
vt 0.314286 0.800000
vt 0.314286 0.814286
vt 0.300000 0.814286
vt 0.314286 0.828572
vt 0.300000 0.828572
vt 0.314286 0.842857
vt 0.300000 0.842857
vt 0.314286 0.857143
vt 0.300000 0.857143
vt 0.314286 0.871429
vt 0.300000 0.871429
vt 0.328571 0.800000
vt 0.328571 0.814286
vt 0.328571 0.828572
vt 0.328571 0.842857
vt 0.328571 0.857143
vt 0.328571 0.871429
vt 0.342857 0.800000
vt 0.342857 0.814286
vt 0.342857 0.828572
vt 0.342857 0.842857
vt 0.342857 0.857143
vt 0.342857 0.871429
vt 0.357143 0.800000
vt 0.357143 0.814286
vt 0.357143 0.828572
vt 0.357143 0.842857
vt 0.357143 0.857143
vt 0.357143 0.871429
vt 0.371429 0.800000
vt 0.371429 0.814286
vt 0.371429 0.828572
vt 0.371429 0.842857
vt 0.371429 0.857143
vt 0.371429 0.871429
vt 0.385714 0.814286
vt 0.385714 0.828572
vt 0.385714 0.842857
vt 0.385714 0.857143
vt 0.385714 0.871429
vt 0.214286 0.885714
vt 0.228571 0.885714
vt 0.242857 0.885714
vt 0.257143 0.885714
vt 0.271429 0.885714
vt 0.214286 0.800000
vt 0.214286 0.814286
vt 0.200000 0.814286
vt 0.214286 0.828572
vt 0.200000 0.828572
vt 0.214286 0.842857
vt 0.200000 0.842857
vt 0.214286 0.857143
vt 0.200000 0.857143
vt 0.214286 0.871429
vt 0.200000 0.871429
vt 0.228571 0.800000
vt 0.228571 0.814286
vt 0.228571 0.828572
vt 0.228571 0.842857
vt 0.228571 0.857143
vt 0.228571 0.871429
vt 0.242857 0.800000
vt 0.242857 0.814286
vt 0.242857 0.828572
vt 0.242857 0.842857
vt 0.242857 0.857143
vt 0.242857 0.871429
vt 0.257143 0.800000
vt 0.257143 0.814286
vt 0.257143 0.828572
vt 0.257143 0.842857
vt 0.257143 0.857143
vt 0.257143 0.871429
vt 0.271429 0.800000
vt 0.271429 0.814286
vt 0.271429 0.828572
vt 0.271429 0.842857
vt 0.271429 0.857143
vt 0.271429 0.871429
vt 0.285714 0.814286
vt 0.285714 0.828572
vt 0.285714 0.842857
vt 0.285714 0.857143
vt 0.285714 0.871429
vt 0.114286 0.885714
vt 0.128571 0.885714
vt 0.142857 0.885714
vt 0.157143 0.885714
vt 0.171429 0.885714
vt 0.114286 0.800000
vt 0.114286 0.814286
vt 0.100000 0.814286
vt 0.114286 0.828572
vt 0.100000 0.828572
vt 0.114286 0.842857
vt 0.100000 0.842857
vt 0.114286 0.857143
vt 0.100000 0.857143
vt 0.114286 0.871429
vt 0.100000 0.871429
vt 0.128571 0.800000
vt 0.128571 0.814286
vt 0.128571 0.828572
vt 0.128571 0.842857
vt 0.128571 0.857143
vt 0.128571 0.871429
vt 0.142857 0.800000
vt 0.142857 0.814286
vt 0.142857 0.828572
vt 0.142857 0.842857
vt 0.142857 0.857143
vt 0.142857 0.871429
vt 0.157143 0.800000
vt 0.157143 0.814286
vt 0.157143 0.828572
vt 0.157143 0.842857
vt 0.157143 0.857143
vt 0.157143 0.871429
vt 0.171429 0.800000
vt 0.171429 0.814286
vt 0.171429 0.828572
vt 0.171429 0.842857
vt 0.171429 0.857143
vt 0.171429 0.871429
vt 0.185714 0.814286
vt 0.185714 0.828572
vt 0.185714 0.842857
vt 0.185714 0.857143
vt 0.185714 0.871429
vt 0.000000 0.885714
vt 0.014286 0.885714
vt 0.028571 0.885714
vt 0.042857 0.885714
vt 0.057143 0.885714
vt 0.071429 0.885714
vt 0.000000 0.800000
vt 0.014286 0.800000
vt 0.014286 0.814286
vt 0.000000 0.814286
vt 0.014286 0.828572
vt 0.000000 0.828571
vt 0.014286 0.842857
vt 0.000000 0.842857
vt 0.014286 0.857143
vt 0.000000 0.857143
vt 0.014286 0.871429
vt 0.000000 0.871429
vt 0.028571 0.800000
vt 0.028571 0.814286
vt 0.028571 0.828572
vt 0.028571 0.842857
vt 0.028571 0.857143
vt 0.028571 0.871429
vt 0.042857 0.800000
vt 0.042857 0.814286
vt 0.042857 0.828572
vt 0.042857 0.842857
vt 0.042857 0.857143
vt 0.042857 0.871429
vt 0.057143 0.800000
vt 0.057143 0.814286
vt 0.057143 0.828572
vt 0.057143 0.842857
vt 0.057143 0.857143
vt 0.057143 0.871429
vt 0.071429 0.800000
vt 0.071429 0.814286
vt 0.071429 0.828572
vt 0.071429 0.842857
vt 0.071429 0.857143
vt 0.071429 0.871429
vt 0.085714 0.814286
vt 0.085714 0.828572
vt 0.085714 0.842857
vt 0.085714 0.857143
vt 0.085714 0.871429
vt 0.914286 0.785714
vt 0.928571 0.785714
vt 0.942857 0.785714
vt 0.957143 0.785714
vt 0.971429 0.785714
vt 0.914286 0.700000
vt 0.914286 0.714286
vt 0.900000 0.714286
vt 0.914286 0.728571
vt 0.900000 0.728571
vt 0.914286 0.742857
vt 0.900000 0.742857
vt 0.914286 0.757143
vt 0.900000 0.757143
vt 0.914286 0.771429
vt 0.900000 0.771429
vt 0.928571 0.700000
vt 0.928571 0.714286
vt 0.928571 0.728571
vt 0.928571 0.742857
vt 0.928571 0.757143
vt 0.928571 0.771429
vt 0.942857 0.700000
vt 0.942857 0.714286
vt 0.942857 0.728571
vt 0.942857 0.742857
vt 0.942857 0.757143
vt 0.942857 0.771429
vt 0.957143 0.700000
vt 0.957143 0.714286
vt 0.957143 0.728571
vt 0.957143 0.742857
vt 0.957143 0.757143
vt 0.957143 0.771429
vt 0.971429 0.700000
vt 0.971429 0.714286
vt 0.971429 0.728571
vt 0.971429 0.742857
vt 0.971429 0.757143
vt 0.971429 0.771429
vt 0.985714 0.714286
vt 0.985714 0.728571
vt 0.985714 0.742857
vt 0.985714 0.757143
vt 0.985714 0.771429
vt 1.000000 0.714286
vt 1.000000 0.728571
vt 1.000000 0.742857
vt 1.000000 0.757143
vt 1.000000 0.771429
vt 0.814286 0.785714
vt 0.828571 0.785714
vt 0.842857 0.785714
vt 0.857143 0.785714
vt 0.871429 0.785714
vt 0.814286 0.700000
vt 0.814286 0.714286
vt 0.800000 0.714286
vt 0.814286 0.728571
vt 0.800000 0.728571
vt 0.814286 0.742857
vt 0.800000 0.742857
vt 0.814286 0.757143
vt 0.800000 0.757143
vt 0.814286 0.771429
vt 0.800000 0.771429
vt 0.828571 0.700000
vt 0.828571 0.714286
vt 0.828571 0.728571
vt 0.828572 0.742857
vt 0.828572 0.757143
vt 0.828571 0.771429
vt 0.842857 0.700000
vt 0.842857 0.714286
vt 0.842857 0.728571
vt 0.842857 0.742857
vt 0.842857 0.757143
vt 0.842857 0.771429
vt 0.857143 0.700000
vt 0.857143 0.714286
vt 0.857143 0.728571
vt 0.857143 0.742857
vt 0.857143 0.757143
vt 0.857143 0.771429
vt 0.871429 0.700000
vt 0.871429 0.714286
vt 0.871429 0.728571
vt 0.871429 0.742857
vt 0.871429 0.757143
vt 0.871429 0.771429
vt 0.885714 0.714286
vt 0.885714 0.728571
vt 0.885714 0.742857
vt 0.885714 0.757143
vt 0.885714 0.771429
vt 0.714286 0.785714
vt 0.728571 0.785714
vt 0.742857 0.785714
vt 0.757143 0.785714
vt 0.771429 0.785714
vt 0.714286 0.700000
vt 0.714286 0.714286
vt 0.700000 0.714286
vt 0.714286 0.728571
vt 0.700000 0.728571
vt 0.714286 0.742857
vt 0.700000 0.742857
vt 0.714286 0.757143
vt 0.700000 0.757143
vt 0.714286 0.771429
vt 0.700000 0.771429
vt 0.728571 0.700000
vt 0.728571 0.714286
vt 0.728571 0.728571
vt 0.728571 0.742857
vt 0.728571 0.757143
vt 0.728571 0.771429
vt 0.742857 0.700000
vt 0.742857 0.714286
vt 0.742857 0.728571
vt 0.742857 0.742857
vt 0.742857 0.757143
vt 0.742857 0.771429
vt 0.757143 0.700000
vt 0.757143 0.714286
vt 0.757143 0.728571
vt 0.757143 0.742857
vt 0.757143 0.757143
vt 0.757143 0.771429
vt 0.771429 0.700000
vt 0.771429 0.714286
vt 0.771429 0.728571
vt 0.771429 0.742857
vt 0.771429 0.757143
vt 0.771429 0.771429
vt 0.785714 0.714286
vt 0.785714 0.728571
vt 0.785714 0.742857
vt 0.785714 0.757143
vt 0.785714 0.771429
vt 0.614286 0.785714
vt 0.628571 0.785714
vt 0.642857 0.785714
vt 0.657143 0.785714
vt 0.671429 0.785714
vt 0.614286 0.700000
vt 0.614286 0.714286
vt 0.600000 0.714286
vt 0.614286 0.728571
vt 0.600000 0.728571
vt 0.614286 0.742857
vt 0.600000 0.742857
vt 0.614286 0.757143
vt 0.600000 0.757143
vt 0.614286 0.771429
vt 0.600000 0.771429
vt 0.628571 0.700000
vt 0.628572 0.714286
vt 0.628571 0.728571
vt 0.628571 0.742857
vt 0.628571 0.757143
vt 0.628571 0.771429
vt 0.642857 0.700000
vt 0.642857 0.714286
vt 0.642857 0.728571
vt 0.642857 0.742857
vt 0.642857 0.757143
vt 0.642857 0.771429
vt 0.657143 0.700000
vt 0.657143 0.714286
vt 0.657143 0.728571
vt 0.657143 0.742857
vt 0.657143 0.757143
vt 0.657143 0.771429
vt 0.671429 0.700000
vt 0.671429 0.714286
vt 0.671429 0.728571
vt 0.671429 0.742857
vt 0.671429 0.757143
vt 0.671429 0.771429
vt 0.685714 0.714286
vt 0.685714 0.728571
vt 0.685714 0.742857
vt 0.685714 0.757143
vt 0.685714 0.771429
vt 0.514286 0.785714
vt 0.528571 0.785714
vt 0.542857 0.785714
vt 0.557143 0.785714
vt 0.571429 0.785714
vt 0.514286 0.700000
vt 0.514286 0.714286
vt 0.500000 0.714286
vt 0.514286 0.728571
vt 0.500000 0.728571
vt 0.514286 0.742857
vt 0.500000 0.742857
vt 0.514286 0.757143
vt 0.500000 0.757143
vt 0.514286 0.771429
vt 0.500000 0.771429
vt 0.528571 0.700000
vt 0.528571 0.714286
vt 0.528571 0.728571
vt 0.528571 0.742857
vt 0.528571 0.757143
vt 0.528571 0.771429
vt 0.542857 0.700000
vt 0.542857 0.714286
vt 0.542857 0.728571
vt 0.542857 0.742857
vt 0.542857 0.757143
vt 0.542857 0.771429
vt 0.557143 0.700000
vt 0.557143 0.714286
vt 0.557143 0.728571
vt 0.557143 0.742857
vt 0.557143 0.757143
vt 0.557143 0.771429
vt 0.571429 0.700000
vt 0.571429 0.714286
vt 0.571429 0.728571
vt 0.571429 0.742857
vt 0.571429 0.757143
vt 0.571429 0.771429
vt 0.585714 0.714286
vt 0.585714 0.728571
vt 0.585714 0.742857
vt 0.585714 0.757143
vt 0.585714 0.771429
vt 0.414286 0.785714
vt 0.428571 0.785714
vt 0.442857 0.785714
vt 0.457143 0.785714
vt 0.471429 0.785714
vt 0.414286 0.700000
vt 0.414286 0.714286
vt 0.400000 0.714286
vt 0.414286 0.728571
vt 0.400000 0.728571
vt 0.414286 0.742857
vt 0.400000 0.742857
vt 0.414286 0.757143
vt 0.400000 0.757143
vt 0.414286 0.771429
vt 0.400000 0.771429
vt 0.428571 0.700000
vt 0.428571 0.714286
vt 0.428571 0.728571
vt 0.428571 0.742857
vt 0.428571 0.757143
vt 0.428571 0.771429
vt 0.442857 0.700000
vt 0.442857 0.714286
vt 0.442857 0.728571
vt 0.442857 0.742857
vt 0.442857 0.757143
vt 0.442857 0.771429
vt 0.457143 0.700000
vt 0.457143 0.714286
vt 0.457143 0.728571
vt 0.457143 0.742857
vt 0.457143 0.757143
vt 0.457143 0.771429
vt 0.471429 0.700000
vt 0.471429 0.714286
vt 0.471429 0.728571
vt 0.471429 0.742857
vt 0.471429 0.757143
vt 0.471429 0.771429
vt 0.485714 0.714286
vt 0.485714 0.728571
vt 0.485714 0.742857
vt 0.485714 0.757143
vt 0.485714 0.771429
vt 0.314286 0.785714
vt 0.328571 0.785714
vt 0.342857 0.785714
vt 0.357143 0.785714
vt 0.371429 0.785714
vt 0.314286 0.700000
vt 0.314286 0.714286
vt 0.300000 0.714286
vt 0.314286 0.728571
vt 0.300000 0.728571
vt 0.314286 0.742857
vt 0.300000 0.742857
vt 0.314286 0.757143
vt 0.300000 0.757143
vt 0.314286 0.771429
vt 0.300000 0.771429
vt 0.328571 0.700000
vt 0.328571 0.714286
vt 0.328571 0.728571
vt 0.328571 0.742857
vt 0.328571 0.757143
vt 0.328571 0.771429
vt 0.342857 0.700000
vt 0.342857 0.714286
vt 0.342857 0.728571
vt 0.342857 0.742857
vt 0.342857 0.757143
vt 0.342857 0.771429
vt 0.357143 0.700000
vt 0.357143 0.714286
vt 0.357143 0.728571
vt 0.357143 0.742857
vt 0.357143 0.757143
vt 0.357143 0.771429
vt 0.371429 0.700000
vt 0.371429 0.714286
vt 0.371429 0.728571
vt 0.371429 0.742857
vt 0.371429 0.757143
vt 0.371429 0.771429
vt 0.385714 0.714286
vt 0.385714 0.728571
vt 0.385714 0.742857
vt 0.385714 0.757143
vt 0.385714 0.771429
vt 0.214286 0.785714
vt 0.228571 0.785714
vt 0.242857 0.785714
vt 0.257143 0.785714
vt 0.271429 0.785714
vt 0.214286 0.700000
vt 0.214286 0.714286
vt 0.200000 0.714286
vt 0.214286 0.728571
vt 0.200000 0.728571
vt 0.214286 0.742857
vt 0.200000 0.742857
vt 0.214286 0.757143
vt 0.200000 0.757143
vt 0.214286 0.771429
vt 0.200000 0.771429
vt 0.228571 0.700000
vt 0.228571 0.714286
vt 0.228571 0.728571
vt 0.228571 0.742857
vt 0.228571 0.757143
vt 0.228571 0.771429
vt 0.242857 0.700000
vt 0.242857 0.714286
vt 0.242857 0.728571
vt 0.242857 0.742857
vt 0.242857 0.757143
vt 0.242857 0.771429
vt 0.257143 0.700000
vt 0.257143 0.714286
vt 0.257143 0.728571
vt 0.257143 0.742857
vt 0.257143 0.757143
vt 0.257143 0.771429
vt 0.271429 0.700000
vt 0.271429 0.714286
vt 0.271429 0.728571
vt 0.271429 0.742857
vt 0.271429 0.757143
vt 0.271429 0.771429
vt 0.285714 0.714286
vt 0.285714 0.728571
vt 0.285714 0.742857
vt 0.285714 0.757143
vt 0.285714 0.771429
vt 0.114286 0.785714
vt 0.128571 0.785714
vt 0.142857 0.785714
vt 0.157143 0.785714
vt 0.171429 0.785714
vt 0.114286 0.700000
vt 0.114286 0.714286
vt 0.100000 0.714286
vt 0.114286 0.728571
vt 0.100000 0.728571
vt 0.114286 0.742857
vt 0.100000 0.742857
vt 0.114286 0.757143
vt 0.100000 0.757143
vt 0.114286 0.771429
vt 0.100000 0.771429
vt 0.128571 0.700000
vt 0.128571 0.714286
vt 0.128571 0.728571
vt 0.128571 0.742857
vt 0.128571 0.757143
vt 0.128571 0.771429
vt 0.142857 0.700000
vt 0.142857 0.714286
vt 0.142857 0.728571
vt 0.142857 0.742857
vt 0.142857 0.757143
vt 0.142857 0.771429
vt 0.157143 0.700000
vt 0.157143 0.714286
vt 0.157143 0.728571
vt 0.157143 0.742857
vt 0.157143 0.757143
vt 0.157143 0.771429
vt 0.171429 0.700000
vt 0.171429 0.714286
vt 0.171429 0.728571
vt 0.171429 0.742857
vt 0.171429 0.757143
vt 0.171429 0.771429
vt 0.185714 0.714286
vt 0.185714 0.728571
vt 0.185714 0.742857
vt 0.185714 0.757143
vt 0.185714 0.771429
vt 0.000000 0.785714
vt 0.014286 0.785714
vt 0.028571 0.785714
vt 0.042857 0.785714
vt 0.057143 0.785714
vt 0.071429 0.785714
vt 0.000000 0.700000
vt 0.014286 0.700000
vt 0.014286 0.714286
vt 0.000000 0.714286
vt 0.014286 0.728571
vt 0.000000 0.728571
vt 0.014286 0.742857
vt 0.000000 0.742857
vt 0.014286 0.757143
vt 0.000000 0.757143
vt 0.014286 0.771429
vt 0.000000 0.771429
vt 0.028571 0.700000
vt 0.028571 0.714286
vt 0.028571 0.728571
vt 0.028571 0.742857
vt 0.028571 0.757143
vt 0.028571 0.771429
vt 0.042857 0.700000
vt 0.042857 0.714286
vt 0.042857 0.728571
vt 0.042857 0.742857
vt 0.042857 0.757143
vt 0.042857 0.771429
vt 0.057143 0.700000
vt 0.057143 0.714286
vt 0.057143 0.728571
vt 0.057143 0.742857
vt 0.057143 0.757143
vt 0.057143 0.771429
vt 0.071429 0.700000
vt 0.071429 0.714286
vt 0.071429 0.728571
vt 0.071429 0.742857
vt 0.071429 0.757143
vt 0.071429 0.771429
vt 0.085714 0.714286
vt 0.085714 0.728571
vt 0.085714 0.742857
vt 0.085714 0.757143
vt 0.085714 0.771429
vt 0.914286 0.685714
vt 0.928571 0.685714
vt 0.942857 0.685714
vt 0.957143 0.685714
vt 0.971429 0.685714
vt 0.914286 0.600000
vt 0.914286 0.614286
vt 0.900000 0.614286
vt 0.914286 0.628571
vt 0.900000 0.628571
vt 0.914286 0.642857
vt 0.900000 0.642857
vt 0.914286 0.657143
vt 0.900000 0.657143
vt 0.914286 0.671429
vt 0.900000 0.671429
vt 0.928571 0.600000
vt 0.928571 0.614286
vt 0.928571 0.628571
vt 0.928571 0.642857
vt 0.928571 0.657143
vt 0.928571 0.671429
vt 0.942857 0.600000
vt 0.942857 0.614286
vt 0.942857 0.628571
vt 0.942857 0.642857
vt 0.942857 0.657143
vt 0.942857 0.671429
vt 0.957143 0.600000
vt 0.957143 0.614286
vt 0.957143 0.628571
vt 0.957143 0.642857
vt 0.957143 0.657143
vt 0.957143 0.671429
vt 0.971429 0.600000
vt 0.971429 0.614286
vt 0.971429 0.628571
vt 0.971429 0.642857
vt 0.971429 0.657143
vt 0.971429 0.671429
vt 0.985714 0.614286
vt 0.985714 0.628571
vt 0.985714 0.642857
vt 0.985714 0.657143
vt 0.985714 0.671429
vt 1.000000 0.614286
vt 1.000000 0.628571
vt 1.000000 0.642857
vt 1.000000 0.657143
vt 1.000000 0.671429
vt 0.814286 0.685714
vt 0.828571 0.685714
vt 0.842857 0.685714
vt 0.857143 0.685714
vt 0.871429 0.685714
vt 0.814286 0.600000
vt 0.814286 0.614286
vt 0.800000 0.614286
vt 0.814286 0.628571
vt 0.800000 0.628571
vt 0.814286 0.642857
vt 0.800000 0.642857
vt 0.814286 0.657143
vt 0.800000 0.657143
vt 0.814286 0.671429
vt 0.800000 0.671429
vt 0.828571 0.600000
vt 0.828571 0.614286
vt 0.828571 0.628571
vt 0.828572 0.642857
vt 0.828572 0.657143
vt 0.828571 0.671429
vt 0.842857 0.600000
vt 0.842857 0.614286
vt 0.842857 0.628571
vt 0.842857 0.642857
vt 0.842857 0.657143
vt 0.842857 0.671429
vt 0.857143 0.600000
vt 0.857143 0.614286
vt 0.857143 0.628571
vt 0.857143 0.642857
vt 0.857143 0.657143
vt 0.857143 0.671429
vt 0.871429 0.600000
vt 0.871429 0.614286
vt 0.871429 0.628571
vt 0.871429 0.642857
vt 0.871429 0.657143
vt 0.871429 0.671429
vt 0.885714 0.614286
vt 0.885714 0.628571
vt 0.885714 0.642857
vt 0.885714 0.657143
vt 0.885714 0.671429
vt 0.714286 0.685714
vt 0.728571 0.685714
vt 0.742857 0.685714
vt 0.757143 0.685714
vt 0.771429 0.685714
vt 0.714286 0.600000
vt 0.714286 0.614286
vt 0.700000 0.614286
vt 0.714286 0.628571
vt 0.700000 0.628571
vt 0.714286 0.642857
vt 0.700000 0.642857
vt 0.714286 0.657143
vt 0.700000 0.657143
vt 0.714286 0.671429
vt 0.700000 0.671429
vt 0.728571 0.600000
vt 0.728571 0.614286
vt 0.728571 0.628571
vt 0.728571 0.642857
vt 0.728571 0.657143
vt 0.728571 0.671429
vt 0.742857 0.600000
vt 0.742857 0.614286
vt 0.742857 0.628571
vt 0.742857 0.642857
vt 0.742857 0.657143
vt 0.742857 0.671429
vt 0.757143 0.600000
vt 0.757143 0.614286
vt 0.757143 0.628571
vt 0.757143 0.642857
vt 0.757143 0.657143
vt 0.757143 0.671429
vt 0.771429 0.600000
vt 0.771429 0.614286
vt 0.771429 0.628571
vt 0.771429 0.642857
vt 0.771429 0.657143
vt 0.771429 0.671429
vt 0.785714 0.614286
vt 0.785714 0.628571
vt 0.785714 0.642857
vt 0.785714 0.657143
vt 0.785714 0.671429
vt 0.614286 0.685714
vt 0.628571 0.685714
vt 0.642857 0.685714
vt 0.657143 0.685714
vt 0.671429 0.685714
vt 0.614286 0.600000
vt 0.614286 0.614286
vt 0.600000 0.614286
vt 0.614286 0.628571
vt 0.600000 0.628571
vt 0.614286 0.642857
vt 0.600000 0.642857
vt 0.614286 0.657143
vt 0.600000 0.657143
vt 0.614286 0.671429
vt 0.600000 0.671429
vt 0.628571 0.600000
vt 0.628572 0.614286
vt 0.628571 0.628571
vt 0.628571 0.642857
vt 0.628571 0.657143
vt 0.628571 0.671429
vt 0.642857 0.600000
vt 0.642857 0.614286
vt 0.642857 0.628571
vt 0.642857 0.642857
vt 0.642857 0.657143
vt 0.642857 0.671429
vt 0.657143 0.600000
vt 0.657143 0.614286
vt 0.657143 0.628571
vt 0.657143 0.642857
vt 0.657143 0.657143
vt 0.657143 0.671429
vt 0.671429 0.600000
vt 0.671429 0.614286
vt 0.671429 0.628571
vt 0.671429 0.642857
vt 0.671429 0.657143
vt 0.671429 0.671429
vt 0.685714 0.614286
vt 0.685714 0.628571
vt 0.685714 0.642857
vt 0.685714 0.657143
vt 0.685714 0.671429
vt 0.514286 0.685714
vt 0.528571 0.685714
vt 0.542857 0.685714
vt 0.557143 0.685714
vt 0.571429 0.685714
vt 0.514286 0.600000
vt 0.514286 0.614286
vt 0.500000 0.614286
vt 0.514286 0.628571
vt 0.500000 0.628571
vt 0.514286 0.642857
vt 0.500000 0.642857
vt 0.514286 0.657143
vt 0.500000 0.657143
vt 0.514286 0.671429
vt 0.500000 0.671429
vt 0.528571 0.600000
vt 0.528571 0.614286
vt 0.528571 0.628571
vt 0.528571 0.642857
vt 0.528571 0.657143
vt 0.528571 0.671429
vt 0.542857 0.600000
vt 0.542857 0.614286
vt 0.542857 0.628571
vt 0.542857 0.642857
vt 0.542857 0.657143
vt 0.542857 0.671429
vt 0.557143 0.600000
vt 0.557143 0.614286
vt 0.557143 0.628571
vt 0.557143 0.642857
vt 0.557143 0.657143
vt 0.557143 0.671429
vt 0.571429 0.600000
vt 0.571429 0.614286
vt 0.571429 0.628571
vt 0.571429 0.642857
vt 0.571429 0.657143
vt 0.571429 0.671429
vt 0.585714 0.614286
vt 0.585714 0.628571
vt 0.585714 0.642857
vt 0.585714 0.657143
vt 0.585714 0.671429
vt 0.414286 0.685714
vt 0.428571 0.685714
vt 0.442857 0.685714
vt 0.457143 0.685714
vt 0.471429 0.685714
vt 0.414286 0.600000
vt 0.414286 0.614286
vt 0.400000 0.614286
vt 0.414286 0.628571
vt 0.400000 0.628571
vt 0.414286 0.642857
vt 0.400000 0.642857
vt 0.414286 0.657143
vt 0.400000 0.657143
vt 0.414286 0.671429
vt 0.400000 0.671429
vt 0.428571 0.600000
vt 0.428571 0.614286
vt 0.428571 0.628571
vt 0.428571 0.642857
vt 0.428571 0.657143
vt 0.428571 0.671429
vt 0.442857 0.600000
vt 0.442857 0.614286
vt 0.442857 0.628571
vt 0.442857 0.642857
vt 0.442857 0.657143
vt 0.442857 0.671429
vt 0.457143 0.600000
vt 0.457143 0.614286
vt 0.457143 0.628571
vt 0.457143 0.642857
vt 0.457143 0.657143
vt 0.457143 0.671429
vt 0.471429 0.600000
vt 0.471429 0.614286
vt 0.471429 0.628571
vt 0.471429 0.642857
vt 0.471429 0.657143
vt 0.471429 0.671429
vt 0.485714 0.614286
vt 0.485714 0.628571
vt 0.485714 0.642857
vt 0.485714 0.657143
vt 0.485714 0.671429
vt 0.314286 0.685714
vt 0.328571 0.685714
vt 0.342857 0.685714
vt 0.357143 0.685714
vt 0.371429 0.685714
vt 0.314286 0.600000
vt 0.314286 0.614286
vt 0.300000 0.614286
vt 0.314286 0.628571
vt 0.300000 0.628571
vt 0.314286 0.642857
vt 0.300000 0.642857
vt 0.314286 0.657143
vt 0.300000 0.657143
vt 0.314286 0.671429
vt 0.300000 0.671429
vt 0.328571 0.600000
vt 0.328571 0.614286
vt 0.328571 0.628571
vt 0.328571 0.642857
vt 0.328571 0.657143
vt 0.328571 0.671429
vt 0.342857 0.600000
vt 0.342857 0.614286
vt 0.342857 0.628571
vt 0.342857 0.642857
vt 0.342857 0.657143
vt 0.342857 0.671429
vt 0.357143 0.600000
vt 0.357143 0.614286
vt 0.357143 0.628571
vt 0.357143 0.642857
vt 0.357143 0.657143
vt 0.357143 0.671429
vt 0.371429 0.600000
vt 0.371429 0.614286
vt 0.371429 0.628571
vt 0.371429 0.642857
vt 0.371429 0.657143
vt 0.371429 0.671429
vt 0.385714 0.614286
vt 0.385714 0.628571
vt 0.385714 0.642857
vt 0.385714 0.657143
vt 0.385714 0.671429
vt 0.214286 0.685714
vt 0.228571 0.685714
vt 0.242857 0.685714
vt 0.257143 0.685714
vt 0.271429 0.685714
vt 0.214286 0.600000
vt 0.214286 0.614286
vt 0.200000 0.614286
vt 0.214286 0.628571
vt 0.200000 0.628571
vt 0.214286 0.642857
vt 0.200000 0.642857
vt 0.214286 0.657143
vt 0.200000 0.657143
vt 0.214286 0.671429
vt 0.200000 0.671429
vt 0.228571 0.600000
vt 0.228571 0.614286
vt 0.228571 0.628571
vt 0.228571 0.642857
vt 0.228571 0.657143
vt 0.228571 0.671429
vt 0.242857 0.600000
vt 0.242857 0.614286
vt 0.242857 0.628571
vt 0.242857 0.642857
vt 0.242857 0.657143
vt 0.242857 0.671429
vt 0.257143 0.600000
vt 0.257143 0.614286
vt 0.257143 0.628571
vt 0.257143 0.642857
vt 0.257143 0.657143
vt 0.257143 0.671429
vt 0.271429 0.600000
vt 0.271429 0.614286
vt 0.271429 0.628571
vt 0.271429 0.642857
vt 0.271429 0.657143
vt 0.271429 0.671429
vt 0.285714 0.614286
vt 0.285714 0.628571
vt 0.285714 0.642857
vt 0.285714 0.657143
vt 0.285714 0.671429
vt 0.114286 0.685714
vt 0.128571 0.685714
vt 0.142857 0.685714
vt 0.157143 0.685714
vt 0.171429 0.685714
vt 0.114286 0.600000
vt 0.114286 0.614286
vt 0.100000 0.614286
vt 0.114286 0.628571
vt 0.100000 0.628571
vt 0.114286 0.642857
vt 0.100000 0.642857
vt 0.114286 0.657143
vt 0.100000 0.657143
vt 0.114286 0.671429
vt 0.100000 0.671429
vt 0.128571 0.600000
vt 0.128571 0.614286
vt 0.128571 0.628571
vt 0.128571 0.642857
vt 0.128571 0.657143
vt 0.128571 0.671429
vt 0.142857 0.600000
vt 0.142857 0.614286
vt 0.142857 0.628571
vt 0.142857 0.642857
vt 0.142857 0.657143
vt 0.142857 0.671429
vt 0.157143 0.600000
vt 0.157143 0.614286
vt 0.157143 0.628571
vt 0.157143 0.642857
vt 0.157143 0.657143
vt 0.157143 0.671429
vt 0.171429 0.600000
vt 0.171429 0.614286
vt 0.171429 0.628571
vt 0.171429 0.642857
vt 0.171429 0.657143
vt 0.171429 0.671429
vt 0.185714 0.614286
vt 0.185714 0.628571
vt 0.185714 0.642857
vt 0.185714 0.657143
vt 0.185714 0.671429
vt 0.000000 0.685714
vt 0.014286 0.685714
vt 0.028571 0.685714
vt 0.042857 0.685714
vt 0.057143 0.685714
vt 0.071429 0.685714
vt 0.000000 0.600000
vt 0.014286 0.600000
vt 0.014286 0.614286
vt 0.000000 0.614286
vt 0.014286 0.628571
vt 0.000000 0.628571
vt 0.014286 0.642857
vt 0.000000 0.642857
vt 0.014286 0.657143
vt 0.000000 0.657143
vt 0.014286 0.671429
vt 0.000000 0.671429
vt 0.028571 0.600000
vt 0.028571 0.614286
vt 0.028571 0.628571
vt 0.028571 0.642857
vt 0.028571 0.657143
vt 0.028571 0.671429
vt 0.042857 0.600000
vt 0.042857 0.614286
vt 0.042857 0.628571
vt 0.042857 0.642857
vt 0.042857 0.657143
vt 0.042857 0.671429
vt 0.057143 0.600000
vt 0.057143 0.614286
vt 0.057143 0.628571
vt 0.057143 0.642857
vt 0.057143 0.657143
vt 0.057143 0.671429
vt 0.071429 0.600000
vt 0.071429 0.614286
vt 0.071429 0.628571
vt 0.071429 0.642857
vt 0.071429 0.657143
vt 0.071429 0.671429
vt 0.085714 0.614286
vt 0.085714 0.628571
vt 0.085714 0.642857
vt 0.085714 0.657143
vt 0.085714 0.671429
vt 0.914286 0.585714
vt 0.928571 0.585714
vt 0.942857 0.585714
vt 0.957143 0.585714
vt 0.971429 0.585714
vt 0.914286 0.500000
vt 0.914286 0.514286
vt 0.900000 0.514286
vt 0.914286 0.528571
vt 0.900000 0.528571
vt 0.914286 0.542857
vt 0.900000 0.542857
vt 0.914286 0.557143
vt 0.900000 0.557143
vt 0.914286 0.571429
vt 0.900000 0.571429
vt 0.928571 0.500000
vt 0.928571 0.514286
vt 0.928571 0.528571
vt 0.928571 0.542857
vt 0.928571 0.557143
vt 0.928571 0.571429
vt 0.942857 0.500000
vt 0.942857 0.514286
vt 0.942857 0.528571
vt 0.942857 0.542857
vt 0.942857 0.557143
vt 0.942857 0.571429
vt 0.957143 0.500000
vt 0.957143 0.514286
vt 0.957143 0.528571
vt 0.957143 0.542857
vt 0.957143 0.557143
vt 0.957143 0.571429
vt 0.971429 0.500000
vt 0.971429 0.514286
vt 0.971429 0.528571
vt 0.971429 0.542857
vt 0.971429 0.557143
vt 0.971429 0.571429
vt 0.985714 0.514286
vt 0.985714 0.528571
vt 0.985714 0.542857
vt 0.985714 0.557143
vt 0.985714 0.571429
vt 1.000000 0.514286
vt 1.000000 0.528571
vt 1.000000 0.542857
vt 1.000000 0.557143
vt 1.000000 0.571429
vt 0.814286 0.585714
vt 0.828571 0.585714
vt 0.842857 0.585714
vt 0.857143 0.585714
vt 0.871429 0.585714
vt 0.814286 0.500000
vt 0.814286 0.514286
vt 0.800000 0.514286
vt 0.814286 0.528571
vt 0.800000 0.528571
vt 0.814286 0.542857
vt 0.800000 0.542857
vt 0.814286 0.557143
vt 0.800000 0.557143
vt 0.814286 0.571429
vt 0.800000 0.571429
vt 0.828571 0.500000
vt 0.828571 0.514286
vt 0.828571 0.528571
vt 0.828572 0.542857
vt 0.828572 0.557143
vt 0.828571 0.571429
vt 0.842857 0.500000
vt 0.842857 0.514286
vt 0.842857 0.528571
vt 0.842857 0.542857
vt 0.842857 0.557143
vt 0.842857 0.571429
vt 0.857143 0.500000
vt 0.857143 0.514286
vt 0.857143 0.528571
vt 0.857143 0.542857
vt 0.857143 0.557143
vt 0.857143 0.571429
vt 0.871429 0.500000
vt 0.871429 0.514286
vt 0.871429 0.528571
vt 0.871429 0.542857
vt 0.871429 0.557143
vt 0.871429 0.571429
vt 0.885714 0.514286
vt 0.885714 0.528571
vt 0.885714 0.542857
vt 0.885714 0.557143
vt 0.885714 0.571429
vt 0.714286 0.585714
vt 0.728571 0.585714
vt 0.742857 0.585714
vt 0.757143 0.585714
vt 0.771429 0.585714
vt 0.714286 0.500000
vt 0.714286 0.514286
vt 0.700000 0.514286
vt 0.714286 0.528571
vt 0.700000 0.528571
vt 0.714286 0.542857
vt 0.700000 0.542857
vt 0.714286 0.557143
vt 0.700000 0.557143
vt 0.714286 0.571429
vt 0.700000 0.571429
vt 0.728571 0.500000
vt 0.728571 0.514286
vt 0.728571 0.528571
vt 0.728571 0.542857
vt 0.728571 0.557143
vt 0.728571 0.571429
vt 0.742857 0.500000
vt 0.742857 0.514286
vt 0.742857 0.528571
vt 0.742857 0.542857
vt 0.742857 0.557143
vt 0.742857 0.571429
vt 0.757143 0.500000
vt 0.757143 0.514286
vt 0.757143 0.528571
vt 0.757143 0.542857
vt 0.757143 0.557143
vt 0.757143 0.571429
vt 0.771429 0.500000
vt 0.771429 0.514286
vt 0.771429 0.528571
vt 0.771429 0.542857
vt 0.771429 0.557143
vt 0.771429 0.571429
vt 0.785714 0.514286
vt 0.785714 0.528571
vt 0.785714 0.542857
vt 0.785714 0.557143
vt 0.785714 0.571429
vt 0.614286 0.585714
vt 0.628571 0.585714
vt 0.642857 0.585714
vt 0.657143 0.585714
vt 0.671429 0.585714
vt 0.614286 0.500000
vt 0.614286 0.514286
vt 0.600000 0.514286
vt 0.614286 0.528571
vt 0.600000 0.528571
vt 0.614286 0.542857
vt 0.600000 0.542857
vt 0.614286 0.557143
vt 0.600000 0.557143
vt 0.614286 0.571429
vt 0.600000 0.571429
vt 0.628571 0.500000
vt 0.628572 0.514286
vt 0.628571 0.528571
vt 0.628571 0.542857
vt 0.628571 0.557143
vt 0.628571 0.571429
vt 0.642857 0.500000
vt 0.642857 0.514286
vt 0.642857 0.528571
vt 0.642857 0.542857
vt 0.642857 0.557143
vt 0.642857 0.571429
vt 0.657143 0.500000
vt 0.657143 0.514286
vt 0.657143 0.528571
vt 0.657143 0.542857
vt 0.657143 0.557143
vt 0.657143 0.571429
vt 0.671429 0.500000
vt 0.671429 0.514286
vt 0.671429 0.528571
vt 0.671429 0.542857
vt 0.671429 0.557143
vt 0.671429 0.571429
vt 0.685714 0.514286
vt 0.685714 0.528571
vt 0.685714 0.542857
vt 0.685714 0.557143
vt 0.685714 0.571429
vt 0.514286 0.585714
vt 0.528571 0.585714
vt 0.542857 0.585714
vt 0.557143 0.585714
vt 0.571429 0.585714
vt 0.514286 0.500000
vt 0.514286 0.514286
vt 0.500000 0.514286
vt 0.514286 0.528571
vt 0.500000 0.528571
vt 0.514286 0.542857
vt 0.500000 0.542857
vt 0.514286 0.557143
vt 0.500000 0.557143
vt 0.514286 0.571429
vt 0.500000 0.571429
vt 0.528571 0.500000
vt 0.528571 0.514286
vt 0.528571 0.528571
vt 0.528571 0.542857
vt 0.528571 0.557143
vt 0.528571 0.571429
vt 0.542857 0.500000
vt 0.542857 0.514286
vt 0.542857 0.528571
vt 0.542857 0.542857
vt 0.542857 0.557143
vt 0.542857 0.571429
vt 0.557143 0.500000
vt 0.557143 0.514286
vt 0.557143 0.528571
vt 0.557143 0.542857
vt 0.557143 0.557143
vt 0.557143 0.571429
vt 0.571429 0.500000
vt 0.571429 0.514286
vt 0.571429 0.528571
vt 0.571429 0.542857
vt 0.571429 0.557143
vt 0.571429 0.571429
vt 0.585714 0.514286
vt 0.585714 0.528571
vt 0.585714 0.542857
vt 0.585714 0.557143
vt 0.585714 0.571429
vt 0.414286 0.585714
vt 0.428571 0.585714
vt 0.442857 0.585714
vt 0.457143 0.585714
vt 0.471429 0.585714
vt 0.414286 0.500000
vt 0.414286 0.514286
vt 0.400000 0.514286
vt 0.414286 0.528571
vt 0.400000 0.528571
vt 0.414286 0.542857
vt 0.400000 0.542857
vt 0.414286 0.557143
vt 0.400000 0.557143
vt 0.414286 0.571429
vt 0.400000 0.571429
vt 0.428571 0.500000
vt 0.428571 0.514286
vt 0.428571 0.528571
vt 0.428571 0.542857
vt 0.428571 0.557143
vt 0.428571 0.571429
vt 0.442857 0.500000
vt 0.442857 0.514286
vt 0.442857 0.528571
vt 0.442857 0.542857
vt 0.442857 0.557143
vt 0.442857 0.571429
vt 0.457143 0.500000
vt 0.457143 0.514286
vt 0.457143 0.528571
vt 0.457143 0.542857
vt 0.457143 0.557143
vt 0.457143 0.571429
vt 0.471429 0.500000
vt 0.471429 0.514286
vt 0.471429 0.528571
vt 0.471429 0.542857
vt 0.471429 0.557143
vt 0.471429 0.571429
vt 0.485714 0.514286
vt 0.485714 0.528571
vt 0.485714 0.542857
vt 0.485714 0.557143
vt 0.485714 0.571429
vt 0.314286 0.585714
vt 0.328571 0.585714
vt 0.342857 0.585714
vt 0.357143 0.585714
vt 0.371429 0.585714
vt 0.314286 0.500000
vt 0.314286 0.514286
vt 0.300000 0.514286
vt 0.314286 0.528571
vt 0.300000 0.528571
vt 0.314286 0.542857
vt 0.300000 0.542857
vt 0.314286 0.557143
vt 0.300000 0.557143
vt 0.314286 0.571429
vt 0.300000 0.571429
vt 0.328571 0.500000
vt 0.328571 0.514286
vt 0.328571 0.528571
vt 0.328571 0.542857
vt 0.328571 0.557143
vt 0.328571 0.571429
vt 0.342857 0.500000
vt 0.342857 0.514286
vt 0.342857 0.528571
vt 0.342857 0.542857
vt 0.342857 0.557143
vt 0.342857 0.571429
vt 0.357143 0.500000
vt 0.357143 0.514286
vt 0.357143 0.528571
vt 0.357143 0.542857
vt 0.357143 0.557143
vt 0.357143 0.571429
vt 0.371429 0.500000
vt 0.371429 0.514286
vt 0.371429 0.528571
vt 0.371429 0.542857
vt 0.371429 0.557143
vt 0.371429 0.571429
vt 0.385714 0.514286
vt 0.385714 0.528571
vt 0.385714 0.542857
vt 0.385714 0.557143
vt 0.385714 0.571429
vt 0.214286 0.585714
vt 0.228571 0.585714
vt 0.242857 0.585714
vt 0.257143 0.585714
vt 0.271429 0.585714
vt 0.214286 0.500000
vt 0.214286 0.514286
vt 0.200000 0.514286
vt 0.214286 0.528571
vt 0.200000 0.528571
vt 0.214286 0.542857
vt 0.200000 0.542857
vt 0.214286 0.557143
vt 0.200000 0.557143
vt 0.214286 0.571429
vt 0.200000 0.571429
vt 0.228571 0.500000
vt 0.228571 0.514286
vt 0.228571 0.528571
vt 0.228571 0.542857
vt 0.228571 0.557143
vt 0.228571 0.571429
vt 0.242857 0.500000
vt 0.242857 0.514286
vt 0.242857 0.528571
vt 0.242857 0.542857
vt 0.242857 0.557143
vt 0.242857 0.571429
vt 0.257143 0.500000
vt 0.257143 0.514286
vt 0.257143 0.528571
vt 0.257143 0.542857
vt 0.257143 0.557143
vt 0.257143 0.571429
vt 0.271429 0.500000
vt 0.271429 0.514286
vt 0.271429 0.528571
vt 0.271429 0.542857
vt 0.271429 0.557143
vt 0.271429 0.571429
vt 0.285714 0.514286
vt 0.285714 0.528571
vt 0.285714 0.542857
vt 0.285714 0.557143
vt 0.285714 0.571429
vt 0.114286 0.585714
vt 0.128571 0.585714
vt 0.142857 0.585714
vt 0.157143 0.585714
vt 0.171429 0.585714
vt 0.114286 0.500000
vt 0.114286 0.514286
vt 0.100000 0.514286
vt 0.114286 0.528571
vt 0.100000 0.528571
vt 0.114286 0.542857
vt 0.100000 0.542857
vt 0.114286 0.557143
vt 0.100000 0.557143
vt 0.114286 0.571429
vt 0.100000 0.571429
vt 0.128571 0.500000
vt 0.128571 0.514286
vt 0.128571 0.528571
vt 0.128571 0.542857
vt 0.128571 0.557143
vt 0.128571 0.571429
vt 0.142857 0.500000
vt 0.142857 0.514286
vt 0.142857 0.528571
vt 0.142857 0.542857
vt 0.142857 0.557143
vt 0.142857 0.571429
vt 0.157143 0.500000
vt 0.157143 0.514286
vt 0.157143 0.528571
vt 0.157143 0.542857
vt 0.157143 0.557143
vt 0.157143 0.571429
vt 0.171429 0.500000
vt 0.171429 0.514286
vt 0.171429 0.528571
vt 0.171429 0.542857
vt 0.171429 0.557143
vt 0.171429 0.571429
vt 0.185714 0.514286
vt 0.185714 0.528571
vt 0.185714 0.542857
vt 0.185714 0.557143
vt 0.185714 0.571429
vt 0.000000 0.585714
vt 0.014286 0.585714
vt 0.028571 0.585714
vt 0.042857 0.585714
vt 0.057143 0.585714
vt 0.071429 0.585714
vt 0.000000 0.500000
vt 0.014286 0.500000
vt 0.014286 0.514286
vt 0.000000 0.514286
vt 0.014286 0.528571
vt 0.000000 0.528571
vt 0.014286 0.542857
vt 0.000000 0.542857
vt 0.014286 0.557143
vt 0.000000 0.557143
vt 0.014286 0.571429
vt 0.000000 0.571429
vt 0.028571 0.500000
vt 0.028571 0.514286
vt 0.028571 0.528571
vt 0.028571 0.542857
vt 0.028571 0.557143
vt 0.028571 0.571429
vt 0.042857 0.500000
vt 0.042857 0.514286
vt 0.042857 0.528571
vt 0.042857 0.542857
vt 0.042857 0.557143
vt 0.042857 0.571429
vt 0.057143 0.500000
vt 0.057143 0.514286
vt 0.057143 0.528571
vt 0.057143 0.542857
vt 0.057143 0.557143
vt 0.057143 0.571429
vt 0.071429 0.500000
vt 0.071429 0.514286
vt 0.071429 0.528571
vt 0.071429 0.542857
vt 0.071429 0.557143
vt 0.071429 0.571429
vt 0.085714 0.514286
vt 0.085714 0.528571
vt 0.085714 0.542857
vt 0.085714 0.557143
vt 0.085714 0.571429
vt 0.914286 0.485714
vt 0.928571 0.485714
vt 0.942857 0.485714
vt 0.957143 0.485714
vt 0.971429 0.485714
vt 0.914286 0.400000
vt 0.914286 0.414286
vt 0.900000 0.414286
vt 0.914286 0.428571
vt 0.900000 0.428571
vt 0.914286 0.442857
vt 0.900000 0.442857
vt 0.914286 0.457143
vt 0.900000 0.457143
vt 0.914286 0.471429
vt 0.900000 0.471429
vt 0.928571 0.400000
vt 0.928571 0.414286
vt 0.928571 0.428571
vt 0.928571 0.442857
vt 0.928571 0.457143
vt 0.928571 0.471429
vt 0.942857 0.400000
vt 0.942857 0.414286
vt 0.942857 0.428571
vt 0.942857 0.442857
vt 0.942857 0.457143
vt 0.942857 0.471429
vt 0.957143 0.400000
vt 0.957143 0.414286
vt 0.957143 0.428571
vt 0.957143 0.442857
vt 0.957143 0.457143
vt 0.957143 0.471429
vt 0.971429 0.400000
vt 0.971429 0.414286
vt 0.971429 0.428571
vt 0.971429 0.442857
vt 0.971429 0.457143
vt 0.971429 0.471429
vt 0.985714 0.414286
vt 0.985714 0.428571
vt 0.985714 0.442857
vt 0.985714 0.457143
vt 0.985714 0.471429
vt 1.000000 0.414286
vt 1.000000 0.428571
vt 1.000000 0.442857
vt 1.000000 0.457143
vt 1.000000 0.471429
vt 0.814286 0.485714
vt 0.828571 0.485714
vt 0.842857 0.485714
vt 0.857143 0.485714
vt 0.871429 0.485714
vt 0.814286 0.400000
vt 0.814286 0.414286
vt 0.800000 0.414286
vt 0.814286 0.428571
vt 0.800000 0.428571
vt 0.814286 0.442857
vt 0.800000 0.442857
vt 0.814286 0.457143
vt 0.800000 0.457143
vt 0.814286 0.471429
vt 0.800000 0.471429
vt 0.828571 0.400000
vt 0.828571 0.414286
vt 0.828571 0.428571
vt 0.828572 0.442857
vt 0.828572 0.457143
vt 0.828571 0.471429
vt 0.842857 0.400000
vt 0.842857 0.414286
vt 0.842857 0.428571
vt 0.842857 0.442857
vt 0.842857 0.457143
vt 0.842857 0.471429
vt 0.857143 0.400000
vt 0.857143 0.414286
vt 0.857143 0.428571
vt 0.857143 0.442857
vt 0.857143 0.457143
vt 0.857143 0.471429
vt 0.871429 0.400000
vt 0.871429 0.414286
vt 0.871429 0.428571
vt 0.871429 0.442857
vt 0.871429 0.457143
vt 0.871429 0.471429
vt 0.885714 0.414286
vt 0.885714 0.428571
vt 0.885714 0.442857
vt 0.885714 0.457143
vt 0.885714 0.471429
vt 0.714286 0.485714
vt 0.728571 0.485714
vt 0.742857 0.485714
vt 0.757143 0.485714
vt 0.771429 0.485714
vt 0.714286 0.400000
vt 0.714286 0.414286
vt 0.700000 0.414286
vt 0.714286 0.428571
vt 0.700000 0.428571
vt 0.714286 0.442857
vt 0.700000 0.442857
vt 0.714286 0.457143
vt 0.700000 0.457143
vt 0.714286 0.471429
vt 0.700000 0.471429
vt 0.728571 0.400000
vt 0.728571 0.414286
vt 0.728571 0.428571
vt 0.728571 0.442857
vt 0.728571 0.457143
vt 0.728571 0.471429
vt 0.742857 0.400000
vt 0.742857 0.414286
vt 0.742857 0.428571
vt 0.742857 0.442857
vt 0.742857 0.457143
vt 0.742857 0.471429
vt 0.757143 0.400000
vt 0.757143 0.414286
vt 0.757143 0.428571
vt 0.757143 0.442857
vt 0.757143 0.457143
vt 0.757143 0.471429
vt 0.771429 0.400000
vt 0.771429 0.414286
vt 0.771429 0.428571
vt 0.771429 0.442857
vt 0.771429 0.457143
vt 0.771429 0.471429
vt 0.785714 0.414286
vt 0.785714 0.428571
vt 0.785714 0.442857
vt 0.785714 0.457143
vt 0.785714 0.471429
vt 0.614286 0.485714
vt 0.628571 0.485714
vt 0.642857 0.485714
vt 0.657143 0.485714
vt 0.671429 0.485714
vt 0.614286 0.400000
vt 0.614286 0.414286
vt 0.600000 0.414286
vt 0.614286 0.428571
vt 0.600000 0.428571
vt 0.614286 0.442857
vt 0.600000 0.442857
vt 0.614286 0.457143
vt 0.600000 0.457143
vt 0.614286 0.471429
vt 0.600000 0.471429
vt 0.628571 0.400000
vt 0.628572 0.414286
vt 0.628571 0.428571
vt 0.628571 0.442857
vt 0.628571 0.457143
vt 0.628571 0.471429
vt 0.642857 0.400000
vt 0.642857 0.414286
vt 0.642857 0.428571
vt 0.642857 0.442857
vt 0.642857 0.457143
vt 0.642857 0.471429
vt 0.657143 0.400000
vt 0.657143 0.414286
vt 0.657143 0.428571
vt 0.657143 0.442857
vt 0.657143 0.457143
vt 0.657143 0.471429
vt 0.671429 0.400000
vt 0.671429 0.414286
vt 0.671429 0.428571
vt 0.671429 0.442857
vt 0.671429 0.457143
vt 0.671429 0.471429
vt 0.685714 0.414286
vt 0.685714 0.428571
vt 0.685714 0.442857
vt 0.685714 0.457143
vt 0.685714 0.471429
vt 0.514286 0.485714
vt 0.528571 0.485714
vt 0.542857 0.485714
vt 0.557143 0.485714
vt 0.571429 0.485714
vt 0.514286 0.400000
vt 0.514286 0.414286
vt 0.500000 0.414286
vt 0.514286 0.428571
vt 0.500000 0.428571
vt 0.514286 0.442857
vt 0.500000 0.442857
vt 0.514286 0.457143
vt 0.500000 0.457143
vt 0.514286 0.471429
vt 0.500000 0.471429
vt 0.528571 0.400000
vt 0.528571 0.414286
vt 0.528571 0.428571
vt 0.528571 0.442857
vt 0.528571 0.457143
vt 0.528571 0.471429
vt 0.542857 0.400000
vt 0.542857 0.414286
vt 0.542857 0.428571
vt 0.542857 0.442857
vt 0.542857 0.457143
vt 0.542857 0.471429
vt 0.557143 0.400000
vt 0.557143 0.414286
vt 0.557143 0.428571
vt 0.557143 0.442857
vt 0.557143 0.457143
vt 0.557143 0.471429
vt 0.571429 0.400000
vt 0.571429 0.414286
vt 0.571429 0.428571
vt 0.571429 0.442857
vt 0.571429 0.457143
vt 0.571429 0.471429
vt 0.585714 0.414286
vt 0.585714 0.428571
vt 0.585714 0.442857
vt 0.585714 0.457143
vt 0.585714 0.471429
vt 0.414286 0.485714
vt 0.428571 0.485714
vt 0.442857 0.485714
vt 0.457143 0.485714
vt 0.471429 0.485714
vt 0.414286 0.400000
vt 0.414286 0.414286
vt 0.400000 0.414286
vt 0.414286 0.428571
vt 0.400000 0.428571
vt 0.414286 0.442857
vt 0.400000 0.442857
vt 0.414286 0.457143
vt 0.400000 0.457143
vt 0.414286 0.471429
vt 0.400000 0.471429
vt 0.428571 0.400000
vt 0.428571 0.414286
vt 0.428571 0.428571
vt 0.428571 0.442857
vt 0.428571 0.457143
vt 0.428571 0.471429
vt 0.442857 0.400000
vt 0.442857 0.414286
vt 0.442857 0.428571
vt 0.442857 0.442857
vt 0.442857 0.457143
vt 0.442857 0.471429
vt 0.457143 0.400000
vt 0.457143 0.414286
vt 0.457143 0.428571
vt 0.457143 0.442857
vt 0.457143 0.457143
vt 0.457143 0.471429
vt 0.471429 0.400000
vt 0.471429 0.414286
vt 0.471429 0.428571
vt 0.471429 0.442857
vt 0.471429 0.457143
vt 0.471429 0.471429
vt 0.485714 0.414286
vt 0.485714 0.428571
vt 0.485714 0.442857
vt 0.485714 0.457143
vt 0.485714 0.471429
vt 0.314286 0.485714
vt 0.328571 0.485714
vt 0.342857 0.485714
vt 0.357143 0.485714
vt 0.371429 0.485714
vt 0.314286 0.400000
vt 0.314286 0.414286
vt 0.300000 0.414286
vt 0.314286 0.428571
vt 0.300000 0.428571
vt 0.314286 0.442857
vt 0.300000 0.442857
vt 0.314286 0.457143
vt 0.300000 0.457143
vt 0.314286 0.471429
vt 0.300000 0.471429
vt 0.328571 0.400000
vt 0.328571 0.414286
vt 0.328571 0.428571
vt 0.328571 0.442857
vt 0.328571 0.457143
vt 0.328571 0.471429
vt 0.342857 0.400000
vt 0.342857 0.414286
vt 0.342857 0.428571
vt 0.342857 0.442857
vt 0.342857 0.457143
vt 0.342857 0.471429
vt 0.357143 0.400000
vt 0.357143 0.414286
vt 0.357143 0.428571
vt 0.357143 0.442857
vt 0.357143 0.457143
vt 0.357143 0.471429
vt 0.371429 0.400000
vt 0.371429 0.414286
vt 0.371429 0.428571
vt 0.371429 0.442857
vt 0.371429 0.457143
vt 0.371429 0.471429
vt 0.385714 0.414286
vt 0.385714 0.428571
vt 0.385714 0.442857
vt 0.385714 0.457143
vt 0.385714 0.471429
vt 0.214286 0.485714
vt 0.228571 0.485714
vt 0.242857 0.485714
vt 0.257143 0.485714
vt 0.271429 0.485714
vt 0.214286 0.400000
vt 0.214286 0.414286
vt 0.200000 0.414286
vt 0.214286 0.428571
vt 0.200000 0.428571
vt 0.214286 0.442857
vt 0.200000 0.442857
vt 0.214286 0.457143
vt 0.200000 0.457143
vt 0.214286 0.471429
vt 0.200000 0.471429
vt 0.228571 0.400000
vt 0.228571 0.414286
vt 0.228571 0.428571
vt 0.228571 0.442857
vt 0.228571 0.457143
vt 0.228571 0.471429
vt 0.242857 0.400000
vt 0.242857 0.414286
vt 0.242857 0.428571
vt 0.242857 0.442857
vt 0.242857 0.457143
vt 0.242857 0.471429
vt 0.257143 0.400000
vt 0.257143 0.414286
vt 0.257143 0.428571
vt 0.257143 0.442857
vt 0.257143 0.457143
vt 0.257143 0.471429
vt 0.271429 0.400000
vt 0.271429 0.414286
vt 0.271429 0.428571
vt 0.271429 0.442857
vt 0.271429 0.457143
vt 0.271429 0.471429
vt 0.285714 0.414286
vt 0.285714 0.428571
vt 0.285714 0.442857
vt 0.285714 0.457143
vt 0.285714 0.471429
vt 0.114286 0.485714
vt 0.128571 0.485714
vt 0.142857 0.485714
vt 0.157143 0.485714
vt 0.171429 0.485714
vt 0.114286 0.400000
vt 0.114286 0.414286
vt 0.100000 0.414286
vt 0.114286 0.428571
vt 0.100000 0.428571
vt 0.114286 0.442857
vt 0.100000 0.442857
vt 0.114286 0.457143
vt 0.100000 0.457143
vt 0.114286 0.471429
vt 0.100000 0.471429
vt 0.128571 0.400000
vt 0.128571 0.414286
vt 0.128571 0.428571
vt 0.128571 0.442857
vt 0.128571 0.457143
vt 0.128571 0.471429
vt 0.142857 0.400000
vt 0.142857 0.414286
vt 0.142857 0.428571
vt 0.142857 0.442857
vt 0.142857 0.457143
vt 0.142857 0.471429
vt 0.157143 0.400000
vt 0.157143 0.414286
vt 0.157143 0.428571
vt 0.157143 0.442857
vt 0.157143 0.457143
vt 0.157143 0.471429
vt 0.171429 0.400000
vt 0.171429 0.414286
vt 0.171429 0.428571
vt 0.171429 0.442857
vt 0.171429 0.457143
vt 0.171429 0.471429
vt 0.185714 0.414286
vt 0.185714 0.428571
vt 0.185714 0.442857
vt 0.185714 0.457143
vt 0.185714 0.471429
vt 0.000000 0.485714
vt 0.014286 0.485714
vt 0.028571 0.485714
vt 0.042857 0.485714
vt 0.057143 0.485714
vt 0.071429 0.485714
vt 0.000000 0.400000
vt 0.014286 0.400000
vt 0.014286 0.414286
vt 0.000000 0.414286
vt 0.014286 0.428571
vt 0.000000 0.428571
vt 0.014286 0.442857
vt 0.000000 0.442857
vt 0.014286 0.457143
vt 0.000000 0.457143
vt 0.014286 0.471429
vt 0.000000 0.471429
vt 0.028571 0.400000
vt 0.028571 0.414286
vt 0.028571 0.428571
vt 0.028571 0.442857
vt 0.028571 0.457143
vt 0.028571 0.471429
vt 0.042857 0.400000
vt 0.042857 0.414286
vt 0.042857 0.428571
vt 0.042857 0.442857
vt 0.042857 0.457143
vt 0.042857 0.471429
vt 0.057143 0.400000
vt 0.057143 0.414286
vt 0.057143 0.428571
vt 0.057143 0.442857
vt 0.057143 0.457143
vt 0.057143 0.471429
vt 0.071429 0.400000
vt 0.071429 0.414286
vt 0.071429 0.428571
vt 0.071429 0.442857
vt 0.071429 0.457143
vt 0.071429 0.471429
vt 0.085714 0.414286
vt 0.085714 0.428571
vt 0.085714 0.442857
vt 0.085714 0.457143
vt 0.085714 0.471429
vt 0.914286 0.385714
vt 0.928571 0.385714
vt 0.942857 0.385714
vt 0.957143 0.385714
vt 0.971429 0.385714
vt 0.914286 0.300000
vt 0.914286 0.314286
vt 0.900000 0.314286
vt 0.914286 0.328571
vt 0.900000 0.328571
vt 0.914286 0.342857
vt 0.900000 0.342857
vt 0.914286 0.357143
vt 0.900000 0.357143
vt 0.914286 0.371429
vt 0.900000 0.371429
vt 0.928571 0.300000
vt 0.928571 0.314286
vt 0.928571 0.328571
vt 0.928571 0.342857
vt 0.928571 0.357143
vt 0.928571 0.371429
vt 0.942857 0.300000
vt 0.942857 0.314286
vt 0.942857 0.328571
vt 0.942857 0.342857
vt 0.942857 0.357143
vt 0.942857 0.371429
vt 0.957143 0.300000
vt 0.957143 0.314286
vt 0.957143 0.328571
vt 0.957143 0.342857
vt 0.957143 0.357143
vt 0.957143 0.371429
vt 0.971429 0.300000
vt 0.971429 0.314286
vt 0.971429 0.328571
vt 0.971429 0.342857
vt 0.971429 0.357143
vt 0.971429 0.371429
vt 0.985714 0.314286
vt 0.985714 0.328571
vt 0.985714 0.342857
vt 0.985714 0.357143
vt 0.985714 0.371429
vt 1.000000 0.314286
vt 1.000000 0.328571
vt 1.000000 0.342857
vt 1.000000 0.357143
vt 1.000000 0.371429
vt 0.814286 0.385714
vt 0.828571 0.385714
vt 0.842857 0.385714
vt 0.857143 0.385714
vt 0.871429 0.385714
vt 0.814286 0.300000
vt 0.814286 0.314286
vt 0.800000 0.314286
vt 0.814286 0.328571
vt 0.800000 0.328571
vt 0.814286 0.342857
vt 0.800000 0.342857
vt 0.814286 0.357143
vt 0.800000 0.357143
vt 0.814286 0.371429
vt 0.800000 0.371429
vt 0.828571 0.300000
vt 0.828571 0.314286
vt 0.828571 0.328571
vt 0.828572 0.342857
vt 0.828572 0.357143
vt 0.828571 0.371429
vt 0.842857 0.300000
vt 0.842857 0.314286
vt 0.842857 0.328571
vt 0.842857 0.342857
vt 0.842857 0.357143
vt 0.842857 0.371429
vt 0.857143 0.300000
vt 0.857143 0.314286
vt 0.857143 0.328571
vt 0.857143 0.342857
vt 0.857143 0.357143
vt 0.857143 0.371429
vt 0.871429 0.300000
vt 0.871429 0.314286
vt 0.871429 0.328571
vt 0.871429 0.342857
vt 0.871429 0.357143
vt 0.871429 0.371429
vt 0.885714 0.314286
vt 0.885714 0.328571
vt 0.885714 0.342857
vt 0.885714 0.357143
vt 0.885714 0.371429
vt 0.714286 0.385714
vt 0.728571 0.385714
vt 0.742857 0.385714
vt 0.757143 0.385714
vt 0.771429 0.385714
vt 0.714286 0.300000
vt 0.714286 0.314286
vt 0.700000 0.314286
vt 0.714286 0.328571
vt 0.700000 0.328571
vt 0.714286 0.342857
vt 0.700000 0.342857
vt 0.714286 0.357143
vt 0.700000 0.357143
vt 0.714286 0.371429
vt 0.700000 0.371429
vt 0.728571 0.300000
vt 0.728571 0.314286
vt 0.728571 0.328571
vt 0.728571 0.342857
vt 0.728571 0.357143
vt 0.728571 0.371429
vt 0.742857 0.300000
vt 0.742857 0.314286
vt 0.742857 0.328571
vt 0.742857 0.342857
vt 0.742857 0.357143
vt 0.742857 0.371429
vt 0.757143 0.300000
vt 0.757143 0.314286
vt 0.757143 0.328571
vt 0.757143 0.342857
vt 0.757143 0.357143
vt 0.757143 0.371429
vt 0.771429 0.300000
vt 0.771429 0.314286
vt 0.771429 0.328571
vt 0.771429 0.342857
vt 0.771429 0.357143
vt 0.771429 0.371429
vt 0.785714 0.314286
vt 0.785714 0.328571
vt 0.785714 0.342857
vt 0.785714 0.357143
vt 0.785714 0.371429
vt 0.614286 0.385714
vt 0.628571 0.385714
vt 0.642857 0.385714
vt 0.657143 0.385714
vt 0.671429 0.385714
vt 0.614286 0.300000
vt 0.614286 0.314286
vt 0.600000 0.314286
vt 0.614286 0.328571
vt 0.600000 0.328571
vt 0.614286 0.342857
vt 0.600000 0.342857
vt 0.614286 0.357143
vt 0.600000 0.357143
vt 0.614286 0.371429
vt 0.600000 0.371429
vt 0.628571 0.300000
vt 0.628572 0.314286
vt 0.628571 0.328571
vt 0.628571 0.342857
vt 0.628571 0.357143
vt 0.628571 0.371429
vt 0.642857 0.300000
vt 0.642857 0.314286
vt 0.642857 0.328571
vt 0.642857 0.342857
vt 0.642857 0.357143
vt 0.642857 0.371429
vt 0.657143 0.300000
vt 0.657143 0.314286
vt 0.657143 0.328571
vt 0.657143 0.342857
vt 0.657143 0.357143
vt 0.657143 0.371429
vt 0.671429 0.300000
vt 0.671429 0.314286
vt 0.671429 0.328571
vt 0.671429 0.342857
vt 0.671429 0.357143
vt 0.671429 0.371429
vt 0.685714 0.314286
vt 0.685714 0.328571
vt 0.685714 0.342857
vt 0.685714 0.357143
vt 0.685714 0.371429
vt 0.514286 0.385714
vt 0.528571 0.385714
vt 0.542857 0.385714
vt 0.557143 0.385714
vt 0.571429 0.385714
vt 0.514286 0.300000
vt 0.514286 0.314286
vt 0.500000 0.314286
vt 0.514286 0.328571
vt 0.500000 0.328571
vt 0.514286 0.342857
vt 0.500000 0.342857
vt 0.514286 0.357143
vt 0.500000 0.357143
vt 0.514286 0.371429
vt 0.500000 0.371429
vt 0.528571 0.300000
vt 0.528571 0.314286
vt 0.528571 0.328571
vt 0.528571 0.342857
vt 0.528571 0.357143
vt 0.528571 0.371429
vt 0.542857 0.300000
vt 0.542857 0.314286
vt 0.542857 0.328571
vt 0.542857 0.342857
vt 0.542857 0.357143
vt 0.542857 0.371429
vt 0.557143 0.300000
vt 0.557143 0.314286
vt 0.557143 0.328571
vt 0.557143 0.342857
vt 0.557143 0.357143
vt 0.557143 0.371429
vt 0.571429 0.300000
vt 0.571429 0.314286
vt 0.571429 0.328571
vt 0.571429 0.342857
vt 0.571429 0.357143
vt 0.571429 0.371429
vt 0.585714 0.314286
vt 0.585714 0.328571
vt 0.585714 0.342857
vt 0.585714 0.357143
vt 0.585714 0.371429
vt 0.414286 0.385714
vt 0.428571 0.385714
vt 0.442857 0.385714
vt 0.457143 0.385714
vt 0.471429 0.385714
vt 0.414286 0.300000
vt 0.414286 0.314286
vt 0.400000 0.314286
vt 0.414286 0.328571
vt 0.400000 0.328571
vt 0.414286 0.342857
vt 0.400000 0.342857
vt 0.414286 0.357143
vt 0.400000 0.357143
vt 0.414286 0.371429
vt 0.400000 0.371429
vt 0.428571 0.300000
vt 0.428571 0.314286
vt 0.428571 0.328571
vt 0.428571 0.342857
vt 0.428571 0.357143
vt 0.428571 0.371429
vt 0.442857 0.300000
vt 0.442857 0.314286
vt 0.442857 0.328571
vt 0.442857 0.342857
vt 0.442857 0.357143
vt 0.442857 0.371429
vt 0.457143 0.300000
vt 0.457143 0.314286
vt 0.457143 0.328571
vt 0.457143 0.342857
vt 0.457143 0.357143
vt 0.457143 0.371429
vt 0.471429 0.300000
vt 0.471429 0.314286
vt 0.471429 0.328571
vt 0.471429 0.342857
vt 0.471429 0.357143
vt 0.471429 0.371429
vt 0.485714 0.314286
vt 0.485714 0.328571
vt 0.485714 0.342857
vt 0.485714 0.357143
vt 0.485714 0.371429
vt 0.314286 0.385714
vt 0.328571 0.385714
vt 0.342857 0.385714
vt 0.357143 0.385714
vt 0.371429 0.385714
vt 0.314286 0.300000
vt 0.314286 0.314286
vt 0.300000 0.314286
vt 0.314286 0.328571
vt 0.300000 0.328571
vt 0.314286 0.342857
vt 0.300000 0.342857
vt 0.314286 0.357143
vt 0.300000 0.357143
vt 0.314286 0.371429
vt 0.300000 0.371429
vt 0.328571 0.300000
vt 0.328571 0.314286
vt 0.328571 0.328571
vt 0.328571 0.342857
vt 0.328571 0.357143
vt 0.328571 0.371429
vt 0.342857 0.300000
vt 0.342857 0.314286
vt 0.342857 0.328571
vt 0.342857 0.342857
vt 0.342857 0.357143
vt 0.342857 0.371429
vt 0.357143 0.300000
vt 0.357143 0.314286
vt 0.357143 0.328571
vt 0.357143 0.342857
vt 0.357143 0.357143
vt 0.357143 0.371429
vt 0.371429 0.300000
vt 0.371429 0.314286
vt 0.371429 0.328571
vt 0.371429 0.342857
vt 0.371429 0.357143
vt 0.371429 0.371429
vt 0.385714 0.314286
vt 0.385714 0.328571
vt 0.385714 0.342857
vt 0.385714 0.357143
vt 0.385714 0.371429
vt 0.214286 0.385714
vt 0.228571 0.385714
vt 0.242857 0.385714
vt 0.257143 0.385714
vt 0.271429 0.385714
vt 0.214286 0.300000
vt 0.214286 0.314286
vt 0.200000 0.314286
vt 0.214286 0.328571
vt 0.200000 0.328571
vt 0.214286 0.342857
vt 0.200000 0.342857
vt 0.214286 0.357143
vt 0.200000 0.357143
vt 0.214286 0.371429
vt 0.200000 0.371429
vt 0.228571 0.300000
vt 0.228571 0.314286
vt 0.228571 0.328571
vt 0.228571 0.342857
vt 0.228571 0.357143
vt 0.228571 0.371429
vt 0.242857 0.300000
vt 0.242857 0.314286
vt 0.242857 0.328571
vt 0.242857 0.342857
vt 0.242857 0.357143
vt 0.242857 0.371429
vt 0.257143 0.300000
vt 0.257143 0.314286
vt 0.257143 0.328571
vt 0.257143 0.342857
vt 0.257143 0.357143
vt 0.257143 0.371429
vt 0.271429 0.300000
vt 0.271429 0.314286
vt 0.271429 0.328571
vt 0.271429 0.342857
vt 0.271429 0.357143
vt 0.271429 0.371429
vt 0.285714 0.314286
vt 0.285714 0.328571
vt 0.285714 0.342857
vt 0.285714 0.357143
vt 0.285714 0.371429
vt 0.114286 0.385714
vt 0.128571 0.385714
vt 0.142857 0.385714
vt 0.157143 0.385714
vt 0.171429 0.385714
vt 0.114286 0.300000
vt 0.114286 0.314286
vt 0.100000 0.314286
vt 0.114286 0.328571
vt 0.100000 0.328571
vt 0.114286 0.342857
vt 0.100000 0.342857
vt 0.114286 0.357143
vt 0.100000 0.357143
vt 0.114286 0.371429
vt 0.100000 0.371429
vt 0.128571 0.300000
vt 0.128571 0.314286
vt 0.128571 0.328571
vt 0.128571 0.342857
vt 0.128571 0.357143
vt 0.128571 0.371429
vt 0.142857 0.300000
vt 0.142857 0.314286
vt 0.142857 0.328571
vt 0.142857 0.342857
vt 0.142857 0.357143
vt 0.142857 0.371429
vt 0.157143 0.300000
vt 0.157143 0.314286
vt 0.157143 0.328571
vt 0.157143 0.342857
vt 0.157143 0.357143
vt 0.157143 0.371429
vt 0.171429 0.300000
vt 0.171429 0.314286
vt 0.171429 0.328571
vt 0.171429 0.342857
vt 0.171429 0.357143
vt 0.171429 0.371429
vt 0.185714 0.314286
vt 0.185714 0.328571
vt 0.185714 0.342857
vt 0.185714 0.357143
vt 0.185714 0.371429
vt 0.000000 0.385714
vt 0.014286 0.385714
vt 0.028571 0.385714
vt 0.042857 0.385714
vt 0.057143 0.385714
vt 0.071429 0.385714
vt 0.000000 0.300000
vt 0.014286 0.300000
vt 0.014286 0.314286
vt 0.000000 0.314286
vt 0.014286 0.328571
vt 0.000000 0.328571
vt 0.014286 0.342857
vt 0.000000 0.342857
vt 0.014286 0.357143
vt 0.000000 0.357143
vt 0.014286 0.371429
vt 0.000000 0.371429
vt 0.028571 0.300000
vt 0.028571 0.314286
vt 0.028571 0.328571
vt 0.028571 0.342857
vt 0.028571 0.357143
vt 0.028571 0.371429
vt 0.042857 0.300000
vt 0.042857 0.314286
vt 0.042857 0.328571
vt 0.042857 0.342857
vt 0.042857 0.357143
vt 0.042857 0.371429
vt 0.057143 0.300000
vt 0.057143 0.314286
vt 0.057143 0.328571
vt 0.057143 0.342857
vt 0.057143 0.357143
vt 0.057143 0.371429
vt 0.071429 0.300000
vt 0.071429 0.314286
vt 0.071429 0.328571
vt 0.071429 0.342857
vt 0.071429 0.357143
vt 0.071429 0.371429
vt 0.085714 0.314286
vt 0.085714 0.328571
vt 0.085714 0.342857
vt 0.085714 0.357143
vt 0.085714 0.371429
vt 0.914286 0.285714
vt 0.928571 0.285714
vt 0.942857 0.285714
vt 0.957143 0.285714
vt 0.971429 0.285714
vt 0.914286 0.200000
vt 0.914286 0.214286
vt 0.900000 0.214286
vt 0.914286 0.228571
vt 0.900000 0.228571
vt 0.914286 0.242857
vt 0.900000 0.242857
vt 0.914286 0.257143
vt 0.900000 0.257143
vt 0.914286 0.271429
vt 0.900000 0.271429
vt 0.357143 0.271429
vt 0.371429 0.271429
vt 0.928571 0.200000
vt 0.928571 0.214286
vt 0.928571 0.228571
vt 0.928571 0.242857
vt 0.928571 0.257143
vt 0.928571 0.271429
vt 0.700000 0.271429
vt 0.714286 0.271429
vt 0.942857 0.200000
vt 0.942857 0.214286
vt 0.942857 0.228571
vt 0.942857 0.242857
vt 0.942857 0.257143
vt 0.942857 0.271429
vt 0.957143 0.200000
vt 0.957143 0.214286
vt 0.957143 0.228571
vt 0.957143 0.242857
vt 0.957143 0.257143
vt 0.957143 0.271429
vt 0.642857 0.271429
vt 0.657143 0.271429
vt 0.971429 0.200000
vt 0.971429 0.214286
vt 0.971429 0.228571
vt 0.971429 0.242857
vt 0.971429 0.257143
vt 0.971429 0.271429
vt 0.985714 0.214286
vt 0.985714 0.228571
vt 0.985714 0.242857
vt 0.985714 0.257143
vt 0.985714 0.271429
vt 0.585714 0.271429
vt 0.600000 0.271429
vt 1.000000 0.214286
vt 1.000000 0.228571
vt 1.000000 0.242857
vt 1.000000 0.257143
vt 1.000000 0.271429
vt 0.871429 0.285714
vt 0.814286 0.285714
vt 0.828571 0.285714
vt 0.842857 0.285714
vt 0.857143 0.285714
vt 0.814286 0.200000
vt 0.814286 0.214286
vt 0.800000 0.214286
vt 0.814286 0.228571
vt 0.800000 0.228571
vt 0.814286 0.242857
vt 0.800000 0.242857
vt 0.814286 0.257143
vt 0.800000 0.257143
vt 0.814286 0.271429
vt 0.800000 0.271429
vt 0.828571 0.200000
vt 0.828571 0.214286
vt 0.828571 0.228571
vt 0.828572 0.242857
vt 0.828572 0.257143
vt 0.828571 0.271429
vt 0.871429 0.271429
vt 0.885714 0.271429
vt 0.842857 0.200000
vt 0.842857 0.214286
vt 0.842857 0.228571
vt 0.842857 0.242857
vt 0.842857 0.257143
vt 0.842857 0.271429
vt 0.128571 0.285714
vt 0.114286 0.285714
vt 0.857143 0.200000
vt 0.857143 0.214286
vt 0.857143 0.228571
vt 0.857143 0.242857
vt 0.857143 0.257143
vt 0.857143 0.271429
vt 0.414286 0.285714
vt 0.871429 0.200000
vt 0.871429 0.214286
vt 0.871429 0.228571
vt 0.871429 0.242857
vt 0.871429 0.257143
vt 0.114286 0.271429
vt 0.128571 0.271429
vt 0.885714 0.214286
vt 0.885714 0.228571
vt 0.885714 0.242857
vt 0.885714 0.257143
vt 0.357143 0.285714
vt 0.342857 0.285714
vt 0.400000 0.271429
vt 0.414286 0.271429
vt 0.714286 0.285714
vt 0.728571 0.285714
vt 0.742857 0.285714
vt 0.757143 0.285714
vt 0.771429 0.285714
vt 0.714286 0.200000
vt 0.714286 0.214286
vt 0.700000 0.214286
vt 0.714286 0.228571
vt 0.700000 0.228571
vt 0.714286 0.242857
vt 0.700000 0.242857
vt 0.714286 0.257143
vt 0.700000 0.257143
vt 0.728571 0.200000
vt 0.728571 0.214286
vt 0.728571 0.228571
vt 0.728571 0.242857
vt 0.728571 0.257143
vt 0.728571 0.271429
vt 0.342857 0.271429
vt 0.742857 0.200000
vt 0.742857 0.214286
vt 0.742857 0.228571
vt 0.742857 0.242857
vt 0.742857 0.257143
vt 0.742857 0.271429
vt 0.642857 0.285714
vt 0.628571 0.285714
vt 0.757143 0.200000
vt 0.757143 0.214286
vt 0.757143 0.228571
vt 0.757143 0.242857
vt 0.757143 0.257143
vt 0.757143 0.271429
vt 0.571429 0.285714
vt 0.771429 0.200000
vt 0.771429 0.214286
vt 0.771429 0.228571
vt 0.771429 0.242857
vt 0.771429 0.257143
vt 0.771429 0.271429
vt 0.285714 0.271429
vt 0.300000 0.271429
vt 0.785714 0.214286
vt 0.785714 0.228571
vt 0.785714 0.242857
vt 0.785714 0.257143
vt 0.785714 0.271429
vt 0.628571 0.271429
vt 0.614286 0.285714
vt 0.657143 0.285714
vt 0.671429 0.285714
vt 0.614286 0.200000
vt 0.614286 0.214286
vt 0.600000 0.214286
vt 0.614286 0.228571
vt 0.600000 0.228571
vt 0.614286 0.242857
vt 0.600000 0.242857
vt 0.614286 0.257143
vt 0.600000 0.257143
vt 0.614286 0.271429
vt 0.571429 0.271429
vt 0.628571 0.200000
vt 0.628572 0.214286
vt 0.628571 0.228571
vt 0.628571 0.242857
vt 0.628571 0.257143
vt 0.642857 0.200000
vt 0.642857 0.214286
vt 0.642857 0.228571
vt 0.642857 0.242857
vt 0.642857 0.257143
vt 0.657143 0.200000
vt 0.657143 0.214286
vt 0.657143 0.228571
vt 0.657143 0.242857
vt 0.657143 0.257143
vt 0.671429 0.200000
vt 0.671429 0.214286
vt 0.671429 0.228571
vt 0.671429 0.242857
vt 0.671429 0.257143
vt 0.671429 0.271429
vt 0.685714 0.214286
vt 0.685714 0.228571
vt 0.685714 0.242857
vt 0.685714 0.257143
vt 0.685714 0.271429
vt 0.100000 0.271429
vt 0.328571 0.285714
vt 0.514286 0.285714
vt 0.528571 0.285714
vt 0.542857 0.285714
vt 0.557143 0.285714
vt 0.514286 0.200000
vt 0.514286 0.214286
vt 0.500000 0.214286
vt 0.514286 0.228571
vt 0.500000 0.228571
vt 0.514286 0.242857
vt 0.500000 0.242857
vt 0.514286 0.257143
vt 0.500000 0.257143
vt 0.514286 0.271429
vt 0.500000 0.271429
vt 0.271429 0.285714
vt 0.528571 0.200000
vt 0.528571 0.214286
vt 0.528571 0.228571
vt 0.528571 0.242857
vt 0.528571 0.257143
vt 0.528571 0.271429
vt 0.328571 0.271429
vt 0.542857 0.200000
vt 0.542857 0.214286
vt 0.542857 0.228571
vt 0.542857 0.242857
vt 0.542857 0.257143
vt 0.542857 0.271429
vt 0.557143 0.200000
vt 0.557143 0.214286
vt 0.557143 0.228571
vt 0.557143 0.242857
vt 0.557143 0.257143
vt 0.557143 0.271429
vt 0.571429 0.200000
vt 0.571429 0.214286
vt 0.571429 0.228571
vt 0.571429 0.242857
vt 0.571429 0.257143
vt 0.271429 0.271429
vt 0.585714 0.214286
vt 0.585714 0.228571
vt 0.585714 0.242857
vt 0.585714 0.257143
vt 0.428571 0.285714
vt 0.442857 0.285714
vt 0.457143 0.285714
vt 0.471429 0.285714
vt 0.414286 0.200000
vt 0.414286 0.214286
vt 0.400000 0.214286
vt 0.414286 0.228571
vt 0.400000 0.228571
vt 0.414286 0.242857
vt 0.400000 0.242857
vt 0.414286 0.257143
vt 0.400000 0.257143
vt 0.428571 0.200000
vt 0.428571 0.214286
vt 0.428571 0.228571
vt 0.428571 0.242857
vt 0.428571 0.257143
vt 0.428571 0.271429
vt 0.442857 0.200000
vt 0.442857 0.214286
vt 0.442857 0.228571
vt 0.442857 0.242857
vt 0.442857 0.257143
vt 0.442857 0.271429
vt 0.457143 0.200000
vt 0.457143 0.214286
vt 0.457143 0.228571
vt 0.457143 0.242857
vt 0.457143 0.257143
vt 0.457143 0.271429
vt 0.471429 0.200000
vt 0.471429 0.214286
vt 0.471429 0.228571
vt 0.471429 0.242857
vt 0.471429 0.257143
vt 0.471429 0.271429
vt 0.485714 0.214286
vt 0.485714 0.228571
vt 0.485714 0.242857
vt 0.485714 0.257143
vt 0.485714 0.271429
vt 0.085714 0.271429
vt 0.314286 0.285714
vt 0.371429 0.285714
vt 0.314286 0.200000
vt 0.314286 0.214286
vt 0.300000 0.214286
vt 0.314286 0.228571
vt 0.300000 0.228571
vt 0.314286 0.242857
vt 0.300000 0.242857
vt 0.314286 0.257143
vt 0.300000 0.257143
vt 0.314286 0.271429
vt 0.328571 0.200000
vt 0.328571 0.214286
vt 0.328571 0.228571
vt 0.328571 0.242857
vt 0.328571 0.257143
vt 0.342857 0.200000
vt 0.342857 0.214286
vt 0.342857 0.228571
vt 0.342857 0.242857
vt 0.342857 0.257143
vt 0.257143 0.285714
vt 0.357143 0.200000
vt 0.357143 0.214286
vt 0.357143 0.228571
vt 0.357143 0.242857
vt 0.357143 0.257143
vt 0.371429 0.200000
vt 0.371429 0.214286
vt 0.371429 0.228571
vt 0.371429 0.242857
vt 0.371429 0.257143
vt 0.385714 0.214286
vt 0.385714 0.228571
vt 0.385714 0.242857
vt 0.385714 0.257143
vt 0.385714 0.271429
vt 0.257143 0.271429
vt 0.214286 0.285714
vt 0.228571 0.285714
vt 0.242857 0.285714
vt 0.214286 0.200000
vt 0.214286 0.214286
vt 0.200000 0.214286
vt 0.214286 0.228571
vt 0.200000 0.228571
vt 0.214286 0.242857
vt 0.200000 0.242857
vt 0.214286 0.257143
vt 0.200000 0.257143
vt 0.214286 0.271429
vt 0.200000 0.271429
vt 0.228571 0.200000
vt 0.228571 0.214286
vt 0.228571 0.228571
vt 0.228571 0.242857
vt 0.228571 0.257143
vt 0.228571 0.271429
vt 0.242857 0.200000
vt 0.242857 0.214286
vt 0.242857 0.228571
vt 0.242857 0.242857
vt 0.242857 0.257143
vt 0.242857 0.271429
vt 0.257143 0.200000
vt 0.257143 0.214286
vt 0.257143 0.228571
vt 0.257143 0.242857
vt 0.257143 0.257143
vt 0.271429 0.200000
vt 0.271429 0.214286
vt 0.271429 0.228571
vt 0.271429 0.242857
vt 0.271429 0.257143
vt 0.071429 0.285714
vt 0.285714 0.214286
vt 0.285714 0.228571
vt 0.285714 0.242857
vt 0.285714 0.257143
vt 0.142857 0.285714
vt 0.157143 0.285714
vt 0.171429 0.285714
vt 0.114286 0.200000
vt 0.114286 0.214286
vt 0.100000 0.214286
vt 0.114286 0.228571
vt 0.100000 0.228571
vt 0.114286 0.242857
vt 0.100000 0.242857
vt 0.114286 0.257143
vt 0.100000 0.257143
vt 0.128571 0.200000
vt 0.128571 0.214286
vt 0.128571 0.228571
vt 0.128571 0.242857
vt 0.128571 0.257143
vt 0.071429 0.271429
vt 0.142857 0.200000
vt 0.142857 0.214286
vt 0.142857 0.228571
vt 0.142857 0.242857
vt 0.142857 0.257143
vt 0.142857 0.271429
vt 0.157143 0.200000
vt 0.157143 0.214286
vt 0.157143 0.228571
vt 0.157143 0.242857
vt 0.157143 0.257143
vt 0.157143 0.271429
vt 0.171429 0.200000
vt 0.171429 0.214286
vt 0.171429 0.228571
vt 0.171429 0.242857
vt 0.171429 0.257143
vt 0.171429 0.271429
vt 0.185714 0.214286
vt 0.185714 0.228571
vt 0.185714 0.242857
vt 0.185714 0.257143
vt 0.185714 0.271429
vt 0.000000 0.285714
vt 0.014286 0.285714
vt 0.028571 0.285714
vt 0.042857 0.285714
vt 0.057143 0.285714
vt 0.000000 0.200000
vt 0.014286 0.200000
vt 0.014286 0.214286
vt 0.000000 0.214286
vt 0.014286 0.228571
vt 0.000000 0.228571
vt 0.014286 0.242857
vt 0.000000 0.242857
vt 0.014286 0.257143
vt 0.000000 0.257143
vt 0.014286 0.271429
vt 0.000000 0.271429
vt 0.028571 0.200000
vt 0.028571 0.214286
vt 0.028571 0.228571
vt 0.028571 0.242857
vt 0.028571 0.257143
vt 0.028571 0.271429
vt 0.042857 0.200000
vt 0.042857 0.214286
vt 0.042857 0.228571
vt 0.042857 0.242857
vt 0.042857 0.257143
vt 0.042857 0.271429
vt 0.057143 0.200000
vt 0.057143 0.214286
vt 0.057143 0.228571
vt 0.057143 0.242857
vt 0.057143 0.257143
vt 0.057143 0.271429
vt 0.071429 0.200000
vt 0.071429 0.214286
vt 0.071429 0.228571
vt 0.071429 0.242857
vt 0.071429 0.257143
vt 0.085714 0.214286
vt 0.085714 0.228571
vt 0.085714 0.242857
vt 0.085714 0.257143
vt 0.914286 0.185714
vt 0.928571 0.185714
vt 0.942857 0.185714
vt 0.957143 0.185714
vt 0.971429 0.185714
vt 0.914286 0.100000
vt 0.914286 0.114286
vt 0.900000 0.114286
vt 0.914286 0.128571
vt 0.900000 0.128571
vt 0.914286 0.142857
vt 0.900000 0.142857
vt 0.914286 0.157143
vt 0.900000 0.157143
vt 0.914286 0.171429
vt 0.900000 0.171429
vt 0.928571 0.100000
vt 0.928571 0.114286
vt 0.928571 0.128571
vt 0.928571 0.142857
vt 0.928571 0.157143
vt 0.928571 0.171429
vt 0.942857 0.100000
vt 0.942857 0.114286
vt 0.942857 0.128571
vt 0.942857 0.142857
vt 0.942857 0.157143
vt 0.942857 0.171429
vt 0.957143 0.100000
vt 0.957143 0.114286
vt 0.957143 0.128571
vt 0.957143 0.142857
vt 0.957143 0.157143
vt 0.957143 0.171429
vt 0.971429 0.100000
vt 0.971429 0.114286
vt 0.971429 0.128571
vt 0.971429 0.142857
vt 0.971429 0.157143
vt 0.971429 0.171429
vt 0.985714 0.114286
vt 0.985714 0.128571
vt 0.985714 0.142857
vt 0.985714 0.157143
vt 0.985714 0.171429
vt 1.000000 0.114286
vt 1.000000 0.128571
vt 1.000000 0.142857
vt 1.000000 0.157143
vt 1.000000 0.171429
vt 0.814286 0.185714
vt 0.828571 0.185714
vt 0.842857 0.185714
vt 0.857143 0.185714
vt 0.871429 0.185714
vt 0.814286 0.100000
vt 0.814286 0.114286
vt 0.800000 0.114286
vt 0.814286 0.128571
vt 0.800000 0.128571
vt 0.814286 0.142857
vt 0.800000 0.142857
vt 0.814286 0.157143
vt 0.800000 0.157143
vt 0.814286 0.171429
vt 0.800000 0.171429
vt 0.828571 0.100000
vt 0.828571 0.114286
vt 0.828571 0.128571
vt 0.828572 0.142857
vt 0.828572 0.157143
vt 0.828571 0.171429
vt 0.842857 0.100000
vt 0.842857 0.114286
vt 0.842857 0.128571
vt 0.842857 0.142857
vt 0.842857 0.157143
vt 0.842857 0.171429
vt 0.857143 0.100000
vt 0.857143 0.114286
vt 0.857143 0.128571
vt 0.857143 0.142857
vt 0.857143 0.157143
vt 0.857143 0.171429
vt 0.871429 0.100000
vt 0.871429 0.114286
vt 0.871429 0.128571
vt 0.871429 0.142857
vt 0.871429 0.157143
vt 0.871429 0.171429
vt 0.885714 0.114286
vt 0.885714 0.128571
vt 0.885714 0.142857
vt 0.885714 0.157143
vt 0.885714 0.171429
vt 0.714286 0.185714
vt 0.728571 0.185714
vt 0.742857 0.185714
vt 0.757143 0.185714
vt 0.771429 0.185714
vt 0.714286 0.100000
vt 0.714286 0.114286
vt 0.700000 0.114286
vt 0.714286 0.128571
vt 0.700000 0.128571
vt 0.714286 0.142857
vt 0.700000 0.142857
vt 0.714286 0.157143
vt 0.700000 0.157143
vt 0.714286 0.171429
vt 0.700000 0.171429
vt 0.728571 0.100000
vt 0.728571 0.114286
vt 0.728571 0.128571
vt 0.728571 0.142857
vt 0.728571 0.157143
vt 0.728571 0.171429
vt 0.742857 0.100000
vt 0.742857 0.114286
vt 0.742857 0.128571
vt 0.742857 0.142857
vt 0.742857 0.157143
vt 0.742857 0.171429
vt 0.757143 0.100000
vt 0.757143 0.114286
vt 0.757143 0.128571
vt 0.757143 0.142857
vt 0.757143 0.157143
vt 0.757143 0.171429
vt 0.771429 0.100000
vt 0.771429 0.114286
vt 0.771429 0.128571
vt 0.771429 0.142857
vt 0.771429 0.157143
vt 0.771429 0.171429
vt 0.785714 0.114286
vt 0.785714 0.128571
vt 0.785714 0.142857
vt 0.785714 0.157143
vt 0.785714 0.171429
vt 0.614286 0.185714
vt 0.628571 0.185714
vt 0.642857 0.185714
vt 0.657143 0.185714
vt 0.671429 0.185714
vt 0.614286 0.100000
vt 0.614286 0.114286
vt 0.600000 0.114286
vt 0.614286 0.128571
vt 0.600000 0.128571
vt 0.614286 0.142857
vt 0.600000 0.142857
vt 0.614286 0.157143
vt 0.600000 0.157143
vt 0.614286 0.171429
vt 0.600000 0.171429
vt 0.628571 0.100000
vt 0.628572 0.114286
vt 0.628571 0.128571
vt 0.628571 0.142857
vt 0.628571 0.157143
vt 0.628571 0.171429
vt 0.642857 0.100000
vt 0.642857 0.114286
vt 0.642857 0.128571
vt 0.642857 0.142857
vt 0.642857 0.157143
vt 0.642857 0.171429
vt 0.657143 0.100000
vt 0.657143 0.114286
vt 0.657143 0.128571
vt 0.657143 0.142857
vt 0.657143 0.157143
vt 0.657143 0.171429
vt 0.671429 0.100000
vt 0.671429 0.114286
vt 0.671429 0.128571
vt 0.671429 0.142857
vt 0.671429 0.157143
vt 0.671429 0.171429
vt 0.685714 0.114286
vt 0.685714 0.128571
vt 0.685714 0.142857
vt 0.685714 0.157143
vt 0.685714 0.171429
vt 0.514286 0.185714
vt 0.528571 0.185714
vt 0.542857 0.185714
vt 0.557143 0.185714
vt 0.571429 0.185714
vt 0.514286 0.100000
vt 0.514286 0.114286
vt 0.500000 0.114286
vt 0.514286 0.128571
vt 0.500000 0.128571
vt 0.514286 0.142857
vt 0.500000 0.142857
vt 0.514286 0.157143
vt 0.500000 0.157143
vt 0.514286 0.171429
vt 0.500000 0.171429
vt 0.528571 0.100000
vt 0.528571 0.114286
vt 0.528571 0.128571
vt 0.528571 0.142857
vt 0.528571 0.157143
vt 0.528571 0.171429
vt 0.542857 0.100000
vt 0.542857 0.114286
vt 0.542857 0.128571
vt 0.542857 0.142857
vt 0.542857 0.157143
vt 0.542857 0.171429
vt 0.557143 0.100000
vt 0.557143 0.114286
vt 0.557143 0.128571
vt 0.557143 0.142857
vt 0.557143 0.157143
vt 0.557143 0.171429
vt 0.571429 0.100000
vt 0.571429 0.114286
vt 0.571429 0.128571
vt 0.571429 0.142857
vt 0.571429 0.157143
vt 0.571429 0.171429
vt 0.585714 0.114286
vt 0.585714 0.128571
vt 0.585714 0.142857
vt 0.585714 0.157143
vt 0.585714 0.171429
vt 0.414286 0.185714
vt 0.428571 0.185714
vt 0.442857 0.185714
vt 0.457143 0.185714
vt 0.471429 0.185714
vt 0.414286 0.100000
vt 0.414286 0.114286
vt 0.400000 0.114286
vt 0.414286 0.128571
vt 0.400000 0.128571
vt 0.414286 0.142857
vt 0.400000 0.142857
vt 0.414286 0.157143
vt 0.400000 0.157143
vt 0.414286 0.171429
vt 0.400000 0.171429
vt 0.428571 0.100000
vt 0.428571 0.114286
vt 0.428571 0.128571
vt 0.428571 0.142857
vt 0.428571 0.157143
vt 0.428571 0.171429
vt 0.442857 0.100000
vt 0.442857 0.114286
vt 0.442857 0.128571
vt 0.442857 0.142857
vt 0.442857 0.157143
vt 0.442857 0.171429
vt 0.457143 0.100000
vt 0.457143 0.114286
vt 0.457143 0.128571
vt 0.457143 0.142857
vt 0.457143 0.157143
vt 0.457143 0.171429
vt 0.471429 0.100000
vt 0.471429 0.114286
vt 0.471429 0.128571
vt 0.471429 0.142857
vt 0.471429 0.157143
vt 0.471429 0.171429
vt 0.485714 0.114286
vt 0.485714 0.128571
vt 0.485714 0.142857
vt 0.485714 0.157143
vt 0.485714 0.171429
vt 0.314286 0.185714
vt 0.328571 0.185714
vt 0.342857 0.185714
vt 0.357143 0.185714
vt 0.371429 0.185714
vt 0.314286 0.100000
vt 0.314286 0.114286
vt 0.300000 0.114286
vt 0.314286 0.128571
vt 0.300000 0.128571
vt 0.314286 0.142857
vt 0.300000 0.142857
vt 0.314286 0.157143
vt 0.300000 0.157143
vt 0.314286 0.171429
vt 0.300000 0.171429
vt 0.328571 0.100000
vt 0.328571 0.114286
vt 0.328571 0.128571
vt 0.328571 0.142857
vt 0.328571 0.157143
vt 0.328571 0.171429
vt 0.342857 0.100000
vt 0.342857 0.114286
vt 0.342857 0.128571
vt 0.342857 0.142857
vt 0.342857 0.157143
vt 0.342857 0.171429
vt 0.357143 0.100000
vt 0.357143 0.114286
vt 0.357143 0.128571
vt 0.357143 0.142857
vt 0.357143 0.157143
vt 0.357143 0.171429
vt 0.371429 0.100000
vt 0.371429 0.114286
vt 0.371429 0.128571
vt 0.371429 0.142857
vt 0.371429 0.157143
vt 0.371429 0.171429
vt 0.385714 0.114286
vt 0.385714 0.128571
vt 0.385714 0.142857
vt 0.385714 0.157143
vt 0.385714 0.171429
vt 0.214286 0.185714
vt 0.228571 0.185714
vt 0.242857 0.185714
vt 0.257143 0.185714
vt 0.271429 0.185714
vt 0.214286 0.100000
vt 0.214286 0.114286
vt 0.200000 0.114286
vt 0.214286 0.128571
vt 0.200000 0.128571
vt 0.214286 0.142857
vt 0.200000 0.142857
vt 0.214286 0.157143
vt 0.200000 0.157143
vt 0.214286 0.171429
vt 0.200000 0.171429
vt 0.228571 0.100000
vt 0.228571 0.114286
vt 0.228571 0.128571
vt 0.228571 0.142857
vt 0.228571 0.157143
vt 0.228571 0.171429
vt 0.242857 0.100000
vt 0.242857 0.114286
vt 0.242857 0.128571
vt 0.242857 0.142857
vt 0.242857 0.157143
vt 0.242857 0.171429
vt 0.257143 0.100000
vt 0.257143 0.114286
vt 0.257143 0.128571
vt 0.257143 0.142857
vt 0.257143 0.157143
vt 0.257143 0.171429
vt 0.271429 0.100000
vt 0.271429 0.114286
vt 0.271429 0.128571
vt 0.271429 0.142857
vt 0.271429 0.157143
vt 0.271429 0.171429
vt 0.285714 0.114286
vt 0.285714 0.128571
vt 0.285714 0.142857
vt 0.285714 0.157143
vt 0.285714 0.171429
vt 0.114286 0.185714
vt 0.128571 0.185714
vt 0.142857 0.185714
vt 0.157143 0.185714
vt 0.171429 0.185714
vt 0.114286 0.100000
vt 0.114286 0.114286
vt 0.100000 0.114286
vt 0.114286 0.128571
vt 0.100000 0.128571
vt 0.114286 0.142857
vt 0.100000 0.142857
vt 0.114286 0.157143
vt 0.100000 0.157143
vt 0.114286 0.171429
vt 0.100000 0.171429
vt 0.128571 0.100000
vt 0.128571 0.114286
vt 0.128571 0.128571
vt 0.128571 0.142857
vt 0.128571 0.157143
vt 0.128571 0.171429
vt 0.142857 0.100000
vt 0.142857 0.114286
vt 0.142857 0.128571
vt 0.142857 0.142857
vt 0.142857 0.157143
vt 0.142857 0.171429
vt 0.157143 0.100000
vt 0.157143 0.114286
vt 0.157143 0.128571
vt 0.157143 0.142857
vt 0.157143 0.157143
vt 0.157143 0.171429
vt 0.171429 0.100000
vt 0.171429 0.114286
vt 0.171429 0.128571
vt 0.171429 0.142857
vt 0.171429 0.157143
vt 0.171429 0.171429
vt 0.185714 0.114286
vt 0.185714 0.128571
vt 0.185714 0.142857
vt 0.185714 0.157143
vt 0.185714 0.171429
vt 0.000000 0.185714
vt 0.014286 0.185714
vt 0.028571 0.185714
vt 0.042857 0.185714
vt 0.057143 0.185714
vt 0.071429 0.185714
vt 0.000000 0.100000
vt 0.014286 0.100000
vt 0.014286 0.114286
vt 0.000000 0.114286
vt 0.014286 0.128571
vt 0.000000 0.128571
vt 0.014286 0.142857
vt 0.000000 0.142857
vt 0.014286 0.157143
vt 0.000000 0.157143
vt 0.014286 0.171429
vt 0.000000 0.171429
vt 0.028571 0.100000
vt 0.028571 0.114286
vt 0.028571 0.128571
vt 0.028571 0.142857
vt 0.028571 0.157143
vt 0.028571 0.171429
vt 0.042857 0.100000
vt 0.042857 0.114286
vt 0.042857 0.128571
vt 0.042857 0.142857
vt 0.042857 0.157143
vt 0.042857 0.171429
vt 0.057143 0.100000
vt 0.057143 0.114286
vt 0.057143 0.128571
vt 0.057143 0.142857
vt 0.057143 0.157143
vt 0.057143 0.171429
vt 0.071429 0.100000
vt 0.071429 0.114286
vt 0.071429 0.128571
vt 0.071429 0.142857
vt 0.071429 0.157143
vt 0.071429 0.171429
vt 0.085714 0.114286
vt 0.085714 0.128571
vt 0.085714 0.142857
vt 0.085714 0.157143
vt 0.085714 0.171429
vt 0.914286 0.085714
vt 0.928571 0.085714
vt 0.942857 0.085714
vt 0.957143 0.085714
vt 0.971429 0.085714
vt 0.900000 0.014286
vt 0.914286 0.014286
vt 0.914286 0.028571
vt 0.900000 0.028571
vt 0.914286 0.042857
vt 0.900000 0.042857
vt 0.914286 0.057143
vt 0.900000 0.057143
vt 0.914286 0.071429
vt 0.900000 0.071429
vt 0.928571 0.014286
vt 0.928571 0.028571
vt 0.928571 0.042857
vt 0.928571 0.057143
vt 0.928571 0.071429
vt 0.942857 0.014286
vt 0.942857 0.028571
vt 0.942857 0.042857
vt 0.942857 0.057143
vt 0.942857 0.071429
vt 0.957143 0.014286
vt 0.957143 0.028571
vt 0.957143 0.042857
vt 0.957143 0.057143
vt 0.957143 0.071429
vt 0.971429 0.014286
vt 0.971429 0.028571
vt 0.971429 0.042857
vt 0.971429 0.057143
vt 0.971429 0.071429
vt 0.985714 0.014286
vt 0.985714 0.028571
vt 0.985714 0.042857
vt 0.985714 0.057143
vt 0.985714 0.071429
vt 1.000000 0.014286
vt 1.000000 0.028571
vt 1.000000 0.042857
vt 1.000000 0.057143
vt 1.000000 0.071429
vt 0.814286 0.085714
vt 0.828571 0.085714
vt 0.842857 0.085714
vt 0.857143 0.085714
vt 0.871429 0.085714
vt 0.800000 0.014286
vt 0.814286 0.014286
vt 0.814286 0.028571
vt 0.800000 0.028571
vt 0.814286 0.042857
vt 0.800000 0.042857
vt 0.814286 0.057143
vt 0.800000 0.057143
vt 0.814286 0.071429
vt 0.800000 0.071429
vt 0.828572 0.014286
vt 0.828572 0.028571
vt 0.828572 0.042857
vt 0.828572 0.057143
vt 0.828571 0.071429
vt 0.842857 0.014286
vt 0.842857 0.028571
vt 0.842857 0.042857
vt 0.842857 0.057143
vt 0.842857 0.071429
vt 0.857143 0.014286
vt 0.857143 0.028571
vt 0.857143 0.042857
vt 0.857143 0.057143
vt 0.857143 0.071429
vt 0.871429 0.014286
vt 0.871429 0.028571
vt 0.871429 0.042857
vt 0.871429 0.057143
vt 0.871429 0.071429
vt 0.885714 0.014286
vt 0.885714 0.028571
vt 0.885714 0.042857
vt 0.885714 0.057143
vt 0.885714 0.071429
vt 0.714286 0.085714
vt 0.728571 0.085714
vt 0.742857 0.085714
vt 0.757143 0.085714
vt 0.771429 0.085714
vt 0.700000 0.014286
vt 0.714286 0.014286
vt 0.714286 0.028571
vt 0.700000 0.028571
vt 0.714286 0.042857
vt 0.700000 0.042857
vt 0.714286 0.057143
vt 0.700000 0.057143
vt 0.714286 0.071429
vt 0.700000 0.071429
vt 0.728571 0.014286
vt 0.728571 0.028571
vt 0.728571 0.042857
vt 0.728571 0.057143
vt 0.728571 0.071429
vt 0.742857 0.014286
vt 0.742857 0.028571
vt 0.742857 0.042857
vt 0.742857 0.057143
vt 0.742857 0.071429
vt 0.757143 0.014286
vt 0.757143 0.028571
vt 0.757143 0.042857
vt 0.757143 0.057143
vt 0.757143 0.071429
vt 0.771429 0.014286
vt 0.771429 0.028571
vt 0.771429 0.042857
vt 0.771429 0.057143
vt 0.771429 0.071429
vt 0.785714 0.014286
vt 0.785714 0.028571
vt 0.785714 0.042857
vt 0.785714 0.057143
vt 0.785714 0.071429
vt 0.614286 0.085714
vt 0.628571 0.085714
vt 0.642857 0.085714
vt 0.657143 0.085714
vt 0.671429 0.085714
vt 0.600000 0.014286
vt 0.614286 0.014286
vt 0.614286 0.028571
vt 0.600000 0.028571
vt 0.614286 0.042857
vt 0.600000 0.042857
vt 0.614286 0.057143
vt 0.600000 0.057143
vt 0.614286 0.071429
vt 0.600000 0.071429
vt 0.628572 0.014286
vt 0.628571 0.028571
vt 0.628571 0.042857
vt 0.628571 0.057143
vt 0.628571 0.071429
vt 0.642857 0.014286
vt 0.642857 0.028571
vt 0.642857 0.042857
vt 0.642857 0.057143
vt 0.642857 0.071429
vt 0.657143 0.014286
vt 0.657143 0.028571
vt 0.657143 0.042857
vt 0.657143 0.057143
vt 0.657143 0.071429
vt 0.671429 0.014286
vt 0.671429 0.028571
vt 0.671429 0.042857
vt 0.671429 0.057143
vt 0.671429 0.071429
vt 0.685714 0.014286
vt 0.685714 0.028571
vt 0.685714 0.042857
vt 0.685714 0.057143
vt 0.685714 0.071429
vt 0.514286 0.085714
vt 0.528571 0.085714
vt 0.542857 0.085714
vt 0.557143 0.085714
vt 0.571429 0.085714
vt 0.500000 0.014286
vt 0.514286 0.014286
vt 0.514286 0.028571
vt 0.500000 0.028571
vt 0.514286 0.042857
vt 0.500000 0.042857
vt 0.514286 0.057143
vt 0.500000 0.057143
vt 0.514286 0.071429
vt 0.500000 0.071429
vt 0.528571 0.014286
vt 0.528571 0.028571
vt 0.528571 0.042857
vt 0.528571 0.057143
vt 0.528571 0.071429
vt 0.542857 0.014286
vt 0.542857 0.028571
vt 0.542857 0.042857
vt 0.542857 0.057143
vt 0.542857 0.071429
vt 0.557143 0.014286
vt 0.557143 0.028571
vt 0.557143 0.042857
vt 0.557143 0.057143
vt 0.557143 0.071429
vt 0.571429 0.014286
vt 0.571429 0.028571
vt 0.571429 0.042857
vt 0.571429 0.057143
vt 0.571429 0.071429
vt 0.585714 0.014286
vt 0.585714 0.028571
vt 0.585714 0.042857
vt 0.585714 0.057143
vt 0.585714 0.071429
vt 0.414286 0.085714
vt 0.428571 0.085714
vt 0.442857 0.085714
vt 0.457143 0.085714
vt 0.471429 0.085714
vt 0.400000 0.014286
vt 0.414286 0.014286
vt 0.414286 0.028571
vt 0.400000 0.028571
vt 0.414286 0.042857
vt 0.400000 0.042857
vt 0.414286 0.057143
vt 0.400000 0.057143
vt 0.414286 0.071429
vt 0.400000 0.071429
vt 0.428571 0.014286
vt 0.428571 0.028571
vt 0.428571 0.042857
vt 0.428571 0.057143
vt 0.428571 0.071429
vt 0.442857 0.014286
vt 0.442857 0.028571
vt 0.442857 0.042857
vt 0.442857 0.057143
vt 0.442857 0.071429
vt 0.457143 0.014286
vt 0.457143 0.028571
vt 0.457143 0.042857
vt 0.457143 0.057143
vt 0.457143 0.071429
vt 0.471429 0.014286
vt 0.471429 0.028571
vt 0.471429 0.042857
vt 0.471429 0.057143
vt 0.471429 0.071429
vt 0.485714 0.014286
vt 0.485714 0.028571
vt 0.485714 0.042857
vt 0.485714 0.057143
vt 0.485714 0.071429
vt 0.314286 0.085714
vt 0.328571 0.085714
vt 0.342857 0.085714
vt 0.357143 0.085714
vt 0.371429 0.085714
vt 0.300000 0.014286
vt 0.314286 0.014286
vt 0.314286 0.028571
vt 0.300000 0.028571
vt 0.314286 0.042857
vt 0.300000 0.042857
vt 0.314286 0.057143
vt 0.300000 0.057143
vt 0.314286 0.071429
vt 0.300000 0.071429
vt 0.328571 0.014286
vt 0.328571 0.028571
vt 0.328571 0.042857
vt 0.328571 0.057143
vt 0.328571 0.071429
vt 0.342857 0.014286
vt 0.342857 0.028571
vt 0.342857 0.042857
vt 0.342857 0.057143
vt 0.342857 0.071429
vt 0.357143 0.014286
vt 0.357143 0.028571
vt 0.357143 0.042857
vt 0.357143 0.057143
vt 0.357143 0.071429
vt 0.371429 0.014286
vt 0.371429 0.028571
vt 0.371429 0.042857
vt 0.371429 0.057143
vt 0.371429 0.071429
vt 0.385714 0.014286
vt 0.385714 0.028571
vt 0.385714 0.042857
vt 0.385714 0.057143
vt 0.385714 0.071429
vt 0.214286 0.085714
vt 0.228571 0.085714
vt 0.242857 0.085714
vt 0.257143 0.085714
vt 0.271429 0.085714
vt 0.200000 0.014286
vt 0.214286 0.014286
vt 0.214286 0.028571
vt 0.200000 0.028571
vt 0.214286 0.042857
vt 0.200000 0.042857
vt 0.214286 0.057143
vt 0.200000 0.057143
vt 0.214286 0.071429
vt 0.200000 0.071429
vt 0.228571 0.014286
vt 0.228571 0.028571
vt 0.228571 0.042857
vt 0.228571 0.057143
vt 0.228571 0.071429
vt 0.242857 0.014286
vt 0.242857 0.028571
vt 0.242857 0.042857
vt 0.242857 0.057143
vt 0.242857 0.071429
vt 0.257143 0.014286
vt 0.257143 0.028571
vt 0.257143 0.042857
vt 0.257143 0.057143
vt 0.257143 0.071429
vt 0.271429 0.014286
vt 0.271429 0.028571
vt 0.271429 0.042857
vt 0.271429 0.057143
vt 0.271429 0.071429
vt 0.285714 0.014286
vt 0.285714 0.028571
vt 0.285714 0.042857
vt 0.285714 0.057143
vt 0.285714 0.071429
vt 0.114286 0.085714
vt 0.128571 0.085714
vt 0.142857 0.085714
vt 0.157143 0.085714
vt 0.171429 0.085714
vt 0.100000 0.014286
vt 0.114286 0.014286
vt 0.114286 0.028571
vt 0.100000 0.028571
vt 0.114286 0.042857
vt 0.100000 0.042857
vt 0.114286 0.057143
vt 0.100000 0.057143
vt 0.114286 0.071429
vt 0.100000 0.071429
vt 0.128571 0.014286
vt 0.128571 0.028571
vt 0.128571 0.042857
vt 0.128571 0.057143
vt 0.128571 0.071429
vt 0.142857 0.014286
vt 0.142857 0.028571
vt 0.142857 0.042857
vt 0.142857 0.057143
vt 0.142857 0.071429
vt 0.157143 0.014286
vt 0.157143 0.028571
vt 0.157143 0.042857
vt 0.157143 0.057143
vt 0.157143 0.071429
vt 0.171429 0.014286
vt 0.171429 0.028571
vt 0.171429 0.042857
vt 0.171429 0.057143
vt 0.171429 0.071429
vt 0.185714 0.014286
vt 0.185714 0.028571
vt 0.185714 0.042857
vt 0.185714 0.057143
vt 0.185714 0.071429
vt 0.000000 0.085714
vt 0.014286 0.085714
vt 0.028571 0.085714
vt 0.042857 0.085714
vt 0.057143 0.085714
vt 0.071429 0.085714
vt 0.000000 0.014286
vt 0.014286 0.014286
vt 0.014286 0.028571
vt 0.000000 0.028571
vt 0.014286 0.042857
vt 0.000000 0.042857
vt 0.014286 0.057143
vt 0.000000 0.057143
vt 0.014286 0.071429
vt 0.000000 0.071429
vt 0.028571 0.014286
vt 0.028571 0.028571
vt 0.028571 0.042857
vt 0.028571 0.057143
vt 0.028571 0.071429
vt 0.042857 0.014286
vt 0.042857 0.028571
vt 0.042857 0.042857
vt 0.042857 0.057143
vt 0.042857 0.071429
vt 0.057143 0.014286
vt 0.057143 0.028571
vt 0.057143 0.042857
vt 0.057143 0.057143
vt 0.057143 0.071429
vt 0.071429 0.014286
vt 0.071429 0.028571
vt 0.071429 0.042857
vt 0.071429 0.057143
vt 0.071429 0.071429
vt 0.085714 0.014286
vt 0.085714 0.028571
vt 0.085714 0.042857
vt 0.085714 0.057143
vt 0.085714 0.071429
vt 0.900000 0.000000
vt 0.914286 0.000000
vt 0.928571 0.000000
vt 0.942857 0.000000
vt 0.957143 0.000000
vt 0.971429 0.000000
vt 0.985714 0.000000
vt 1.000000 0.000000
vt 0.800000 0.000000
vt 0.814286 0.000000
vt 0.828572 0.000000
vt 0.842857 0.000000
vt 0.857143 0.000000
vt 0.871429 0.000000
vt 0.885714 0.000000
vt 0.700000 0.000000
vt 0.714286 0.000000
vt 0.728571 0.000000
vt 0.742857 0.000000
vt 0.757143 0.000000
vt 0.771429 0.000000
vt 0.785714 0.000000
vt 0.600000 0.000000
vt 0.614286 0.000000
vt 0.628571 0.000000
vt 0.642857 0.000000
vt 0.657143 0.000000
vt 0.671429 0.000000
vt 0.685714 0.000000
vt 0.500000 0.000000
vt 0.514286 0.000000
vt 0.528571 0.000000
vt 0.542857 0.000000
vt 0.557143 0.000000
vt 0.571429 0.000000
vt 0.585714 0.000000
vt 0.400000 0.000000
vt 0.414286 0.000000
vt 0.428571 0.000000
vt 0.442857 0.000000
vt 0.457143 0.000000
vt 0.471429 0.000000
vt 0.485714 0.000000
vt 0.300000 0.000000
vt 0.314286 0.000000
vt 0.328571 0.000000
vt 0.342857 0.000000
vt 0.357143 0.000000
vt 0.371429 0.000000
vt 0.385714 0.000000
vt 0.200000 0.000000
vt 0.214286 0.000000
vt 0.228571 0.000000
vt 0.242857 0.000000
vt 0.257143 0.000000
vt 0.271429 0.000000
vt 0.285714 0.000000
vt 0.100000 0.000000
vt 0.114286 0.000000
vt 0.128571 0.000000
vt 0.142857 0.000000
vt 0.157143 0.000000
vt 0.171429 0.000000
vt 0.185714 0.000000
vt 0.000000 0.000000
vt 0.014286 0.000000
vt 0.028571 0.000000
vt 0.042857 0.000000
vt 0.057143 0.000000
vt 0.071429 0.000000
vt 0.085714 0.000000
s 1
usemtl Rojo
f 5041/1/1 139/2/1 13/3/1 140/4/1
f 5005/5/2 157/6/2 14/7/2 158/8/2
f 4969/9/3 175/10/3 15/11/3 176/12/3
f 4933/13/4 193/14/4 16/15/4 194/16/4
f 4897/17/5 211/18/5 17/19/5 212/20/5
f 4861/21/6 229/22/6 18/23/6 230/24/6
f 4825/25/7 247/26/7 19/27/7 248/28/7
f 4789/29/8 265/30/8 20/31/8 266/32/8
f 4753/33/9 283/34/9 21/35/9 284/36/9
f 4717/37/10 301/38/10 22/39/10 302/40/10
f 4681/41/1 319/42/1 24/43/1 320/44/1
f 4645/45/2 331/46/2 25/47/2 332/48/2
f 4609/49/11 343/50/11 26/51/11 344/52/11
f 4573/53/4 355/54/4 27/55/4 356/56/4
f 4537/57/5 367/58/5 28/59/5 368/60/5
f 4501/61/6 379/62/6 29/63/6 380/64/6
f 4465/65/7 391/66/7 30/67/7 392/68/7
f 4429/69/8 403/70/8 31/71/8 404/72/8
f 4393/73/9 415/74/9 32/75/9 416/76/9
f 4357/77/10 427/78/10 33/79/10 428/80/10
f 4321/81/1 445/82/1 35/83/1 446/84/1
f 4285/85/2 457/86/2 36/87/2 458/88/2
f 4249/89/11 469/90/11 37/91/11 470/92/11
f 4213/93/4 481/94/4 38/95/4 482/96/4
f 4177/97/5 493/98/5 39/99/5 494/100/5
f 4141/101/6 505/102/6 40/103/6 506/104/6
f 4105/105/7 517/106/7 41/107/7 518/108/7
f 4069/109/8 529/110/8 42/111/8 530/112/8
f 4033/113/9 541/114/9 43/115/9 542/116/9
f 3997/117/10 553/118/10 44/119/10 554/120/10
f 3961/121/1 571/122/1 46/123/1 572/124/1
f 3925/125/2 583/126/2 47/127/2 584/128/2
f 3889/129/11 595/130/11 48/131/11 596/132/11
f 3853/133/4 607/134/4 49/135/4 608/136/4
f 3817/137/5 619/138/5 50/139/5 620/140/5
f 3781/141/6 631/142/6 51/143/6 632/144/6
f 3745/145/7 643/146/7 52/147/7 644/148/7
f 3709/149/8 655/150/8 53/151/8 656/152/8
f 3673/153/9 667/154/9 54/155/9 668/156/9
f 3637/157/10 679/158/10 55/159/10 680/160/10
f 3601/161/1 697/162/1 57/163/1 698/164/1
f 3565/165/2 709/166/2 58/167/2 710/168/2
f 3529/169/11 721/170/11 59/171/11 722/172/11
f 3493/173/4 733/174/4 60/175/4 734/176/4
f 3457/177/5 745/178/5 61/179/5 746/180/5
f 3421/181/6 757/182/6 62/183/6 758/184/6
f 3385/185/7 769/186/7 63/187/7 770/188/7
f 3349/189/8 781/190/8 64/191/8 782/192/8
f 3313/193/9 793/194/9 65/195/9 794/196/9
f 3277/197/10 805/198/10 66/199/10 806/200/10
f 3241/201/1 823/202/1 68/203/1 824/204/1
f 3205/205/2 835/206/2 69/207/2 836/208/2
f 3169/209/11 847/210/11 70/211/11 848/212/11
f 3133/213/4 859/214/4 71/215/4 860/216/4
f 3097/217/5 871/218/5 72/219/5 872/220/5
f 3061/221/6 883/222/6 73/223/6 884/224/6
f 3025/225/7 895/226/7 74/227/7 896/228/7
f 2989/229/8 907/230/8 75/231/8 908/232/8
f 2953/233/9 919/234/9 76/235/9 920/236/9
f 2917/237/10 931/238/10 77/239/10 932/240/10
f 2881/241/1 949/242/1 79/243/1 950/244/1
f 2845/245/2 961/246/2 80/247/2 962/248/2
f 2809/249/3 973/250/3 81/251/3 974/252/3
f 2773/253/4 985/254/4 82/255/4 986/256/4
f 2737/257/5 997/258/5 83/259/5 998/260/5
f 2701/261/6 1009/262/6 84/263/6 1010/264/6
f 2665/265/7 1021/266/7 85/267/7 1022/268/7
f 2629/269/8 1033/270/8 86/271/8 1034/272/8
f 2593/273/9 1045/274/9 87/275/9 1046/276/9
f 2557/277/10 1057/278/10 88/279/10 1058/280/10
f 2521/281/1 1075/282/1 90/283/1 1076/284/1
f 2485/285/2 1087/286/2 91/287/2 1088/288/2
f 2449/289/3 1099/290/3 92/291/3 1100/292/3
f 2413/293/4 1111/294/4 93/295/4 1112/296/4
f 2377/297/5 1123/298/5 94/299/5 1124/300/5
f 2341/301/6 1135/302/6 95/303/6 1136/304/6
f 2305/305/7 1147/306/7 96/307/7 1148/308/7
f 2269/309/8 1159/310/8 97/311/8 1160/312/8
f 2233/313/9 1171/314/9 98/315/9 1172/316/9
f 2197/317/10 1183/318/10 99/319/10 1184/320/10
f 2161/321/1 1201/322/1 101/323/1 1202/324/1
f 2125/325/2 1213/326/2 102/327/2 1214/328/2
f 2089/329/3 1225/330/3 103/331/3 1226/332/3
f 2053/333/4 1237/334/4 104/335/4 1238/336/4
f 2017/337/5 1249/338/5 105/339/5 1250/340/5
f 1981/341/6 1261/342/6 106/343/6 1262/344/6
f 1945/345/7 1273/346/7 107/347/7 1274/348/7
f 1909/349/8 1285/350/8 108/351/8 1286/352/8
f 1873/353/9 1297/354/9 109/355/9 1298/356/9
f 1837/357/10 1309/358/10 110/359/10 1310/360/10
f 1801/361/1 1327/362/1 112/363/1 1328/364/1
f 1765/365/2 1339/366/2 113/367/2 1340/368/2
f 1729/369/3 1351/370/3 114/371/3 1352/372/3
f 1693/373/4 1363/374/4 115/375/4 1364/376/4
f 1657/377/5 1375/378/5 116/379/5 1376/380/5
f 1621/381/6 1387/382/6 117/383/6 1388/384/6
f 1585/385/7 1399/386/7 118/387/7 1400/388/7
f 1549/389/8 1411/390/8 119/391/8 1412/392/8
f 1513/393/9 1423/394/9 120/395/9 1424/396/9
f 1477/397/10 1435/398/10 121/399/10 1436/400/10
f 1423/394/12 1447/401/12 1441/402/12 120/395/12
f 1447/401/13 1453/403/13 1440/404/13 1441/402/13
f 1453/403/14 1459/405/14 1439/406/14 1440/404/14
f 1459/405/15 1465/407/15 1438/408/15 1439/406/15
f 1465/407/16 1471/409/16 1437/410/16 1438/408/16
f 1471/409/17 1477/397/17 1436/400/17 1437/410/17
f 109/355/12 1315/411/12 1442/412/12 1418/413/12
f 1418/413/12 1442/412/12 1443/414/12 1419/415/12
f 1419/415/12 1443/414/12 1444/416/12 1420/417/12
f 1420/417/12 1444/416/12 1445/418/12 1421/419/12
f 1421/419/12 1445/418/12 1446/420/12 1422/421/12
f 1422/421/12 1446/420/12 1447/401/12 1423/394/12
f 1315/411/13 1314/422/13 1448/423/13 1442/412/13
f 1442/412/13 1448/423/13 1449/424/13 1443/414/13
f 1443/414/13 1449/424/13 1450/425/13 1444/416/13
f 1444/416/13 1450/425/13 1451/426/13 1445/418/13
f 1445/418/13 1451/426/13 1452/427/13 1446/420/13
f 1446/420/13 1452/427/13 1453/403/13 1447/401/13
f 1314/422/14 1313/428/14 1454/429/14 1448/423/14
f 1448/423/14 1454/429/14 1455/430/14 1449/424/14
f 1449/424/14 1455/430/14 1456/431/14 1450/425/14
f 1450/425/14 1456/431/14 1457/432/14 1451/426/14
f 1451/426/14 1457/432/14 1458/433/14 1452/427/14
f 1452/427/14 1458/433/14 1459/405/14 1453/403/14
f 1313/428/15 1312/434/15 1460/435/15 1454/429/15
f 1454/429/15 1460/435/15 1461/436/15 1455/430/15
f 1455/430/15 1461/436/15 1462/437/15 1456/431/15
f 1456/431/15 1462/437/15 1463/438/15 1457/432/15
f 1457/432/15 1463/438/15 1464/439/15 1458/433/15
f 1458/433/15 1464/439/15 1465/407/15 1459/405/15
f 1312/434/16 1311/440/16 1466/441/16 1460/435/16
f 1460/435/16 1466/441/16 1467/442/16 1461/436/16
f 1461/436/16 1467/442/16 1468/443/16 1462/437/16
f 1462/437/16 1468/443/16 1469/444/16 1463/438/16
f 1463/438/16 1469/444/16 1470/445/16 1464/439/16
f 1464/439/16 1470/445/16 1471/409/16 1465/407/16
f 1311/440/17 1310/360/17 1472/446/17 1466/441/17
f 1466/441/17 1472/446/17 1473/447/17 1467/442/17
f 1467/442/17 1473/447/17 1474/448/17 1468/443/17
f 1468/443/17 1474/448/17 1475/449/17 1469/444/17
f 1469/444/17 1475/449/17 1476/450/17 1470/445/17
f 1470/445/17 1476/450/17 1477/397/17 1471/409/17
f 1310/360/10 110/359/10 1430/451/10 1472/446/10
f 1472/446/10 1430/451/10 1431/452/10 1473/447/10
f 1473/447/10 1431/452/10 1432/453/10 1474/448/10
f 1474/448/10 1432/453/10 1433/454/10 1475/449/10
f 1475/449/10 1433/454/10 1434/455/10 1476/450/10
f 1476/450/10 1434/455/10 1435/398/10 1477/397/10
f 1411/390/18 1483/456/18 1429/457/18 119/391/18
f 1483/456/19 1489/458/19 1428/459/20 1429/457/20
f 1489/458/21 1495/460/21 1427/461/21 1428/459/21
f 1495/460/22 1501/462/22 1426/463/22 1427/461/22
f 1501/462/23 1507/464/23 1425/465/23 1426/463/23
f 1507/464/24 1513/393/24 1424/396/24 1425/465/24
f 108/351/18 1303/466/18 1478/467/18 1406/468/18
f 1406/468/18 1478/467/18 1479/469/18 1407/470/18
f 1407/470/18 1479/469/18 1480/471/18 1408/472/18
f 1408/472/18 1480/471/18 1481/473/18 1409/474/18
f 1409/474/18 1481/473/18 1482/475/18 1410/476/18
f 1410/476/18 1482/475/18 1483/456/18 1411/390/18
f 1303/466/19 1302/477/19 1484/478/19 1478/467/19
f 1478/467/19 1484/478/19 1485/479/19 1479/469/19
f 1479/469/19 1485/479/19 1486/480/19 1480/471/19
f 1480/471/19 1486/480/19 1487/481/19 1481/473/19
f 1481/473/19 1487/481/19 1488/482/19 1482/475/19
f 1482/475/19 1488/482/19 1489/458/19 1483/456/19
f 1302/477/21 1301/483/21 1490/484/21 1484/478/21
f 1484/478/21 1490/484/21 1491/485/21 1485/479/21
f 1485/479/21 1491/485/21 1492/486/21 1486/480/21
f 1486/480/21 1492/486/21 1493/487/21 1487/481/21
f 1487/481/21 1493/487/21 1494/488/21 1488/482/21
f 1488/482/21 1494/488/21 1495/460/21 1489/458/21
f 1301/483/22 1300/489/22 1496/490/22 1490/484/22
f 1490/484/22 1496/490/22 1497/491/22 1491/485/22
f 1491/485/22 1497/491/22 1498/492/22 1492/486/22
f 1492/486/22 1498/492/22 1499/493/22 1493/487/22
f 1493/487/22 1499/493/22 1500/494/22 1494/488/22
f 1494/488/22 1500/494/22 1501/462/22 1495/460/22
f 1300/489/23 1299/495/23 1502/496/23 1496/490/23
f 1496/490/23 1502/496/23 1503/497/23 1497/491/23
f 1497/491/23 1503/497/23 1504/498/23 1498/492/23
f 1498/492/23 1504/498/23 1505/499/23 1499/493/23
f 1499/493/23 1505/499/23 1506/500/23 1500/494/23
f 1500/494/23 1506/500/23 1507/464/23 1501/462/23
f 1299/495/25 1298/356/25 1508/501/25 1502/496/25
f 1502/496/25 1508/501/25 1509/502/25 1503/497/25
f 1503/497/25 1509/502/25 1510/503/25 1504/498/25
f 1504/498/25 1510/503/25 1511/504/24 1505/499/24
f 1505/499/24 1511/504/24 1512/505/24 1506/500/24
f 1506/500/24 1512/505/24 1513/393/24 1507/464/24
f 1298/356/9 109/355/9 1418/413/9 1508/501/9
f 1508/501/9 1418/413/9 1419/415/9 1509/502/9
f 1509/502/9 1419/415/9 1420/417/9 1510/503/9
f 1510/503/9 1420/417/9 1421/419/9 1511/504/9
f 1511/504/9 1421/419/9 1422/421/9 1512/505/9
f 1512/505/9 1422/421/9 1423/394/9 1513/393/9
f 1399/386/26 1519/506/26 1417/507/26 118/387/26
f 1519/506/27 1525/508/27 1416/509/27 1417/507/27
f 1525/508/28 1531/510/28 1415/511/28 1416/509/28
f 1531/510/29 1537/512/29 1414/513/29 1415/511/29
f 1537/512/30 1543/514/30 1413/515/30 1414/513/30
f 1543/514/31 1549/389/31 1412/392/31 1413/515/31
f 107/347/26 1291/516/26 1514/517/26 1394/518/26
f 1394/518/26 1514/517/26 1515/519/26 1395/520/26
f 1395/520/26 1515/519/26 1516/521/26 1396/522/26
f 1396/522/26 1516/521/26 1517/523/26 1397/524/26
f 1397/524/26 1517/523/26 1518/525/26 1398/526/26
f 1398/526/26 1518/525/26 1519/506/26 1399/386/26
f 1291/516/27 1290/527/27 1520/528/27 1514/517/27
f 1514/517/27 1520/528/27 1521/529/27 1515/519/27
f 1515/519/27 1521/529/27 1522/530/27 1516/521/27
f 1516/521/27 1522/530/27 1523/531/27 1517/523/27
f 1517/523/27 1523/531/27 1524/532/27 1518/525/27
f 1518/525/27 1524/532/27 1525/508/27 1519/506/27
f 1290/527/28 1289/533/28 1526/534/28 1520/528/28
f 1520/528/28 1526/534/28 1527/535/28 1521/529/28
f 1521/529/28 1527/535/28 1528/536/28 1522/530/28
f 1522/530/28 1528/536/28 1529/537/28 1523/531/28
f 1523/531/28 1529/537/28 1530/538/28 1524/532/28
f 1524/532/28 1530/538/28 1531/510/28 1525/508/28
f 1289/533/29 1288/539/29 1532/540/29 1526/534/29
f 1526/534/29 1532/540/29 1533/541/29 1527/535/29
f 1527/535/29 1533/541/29 1534/542/29 1528/536/29
f 1528/536/29 1534/542/29 1535/543/29 1529/537/29
f 1529/537/29 1535/543/29 1536/544/29 1530/538/29
f 1530/538/29 1536/544/29 1537/512/29 1531/510/29
f 1288/539/30 1287/545/30 1538/546/30 1532/540/30
f 1532/540/30 1538/546/30 1539/547/30 1533/541/30
f 1533/541/30 1539/547/30 1540/548/30 1534/542/30
f 1534/542/30 1540/548/30 1541/549/30 1535/543/30
f 1535/543/30 1541/549/30 1542/550/30 1536/544/30
f 1536/544/30 1542/550/30 1543/514/30 1537/512/30
f 1287/545/31 1286/352/31 1544/551/31 1538/546/31
f 1538/546/31 1544/551/31 1545/552/31 1539/547/31
f 1539/547/31 1545/552/31 1546/553/31 1540/548/31
f 1540/548/31 1546/553/31 1547/554/31 1541/549/31
f 1541/549/31 1547/554/31 1548/555/31 1542/550/31
f 1542/550/31 1548/555/31 1549/389/31 1543/514/31
f 1286/352/8 108/351/8 1406/468/8 1544/551/8
f 1544/551/8 1406/468/8 1407/470/8 1545/552/8
f 1545/552/8 1407/470/8 1408/472/8 1546/553/8
f 1546/553/8 1408/472/8 1409/474/8 1547/554/8
f 1547/554/8 1409/474/8 1410/476/8 1548/555/8
f 1548/555/8 1410/476/8 1411/390/8 1549/389/8
f 1387/382/32 1555/556/32 1405/557/32 117/383/32
f 1555/556/33 1561/558/33 1404/559/33 1405/557/33
f 1561/558/34 1567/560/34 1403/561/34 1404/559/34
f 1567/560/35 1573/562/35 1402/563/35 1403/561/35
f 1573/562/36 1579/564/36 1401/565/36 1402/563/36
f 1579/564/37 1585/385/37 1400/388/37 1401/565/37
f 106/343/32 1279/566/32 1550/567/32 1382/568/32
f 1382/568/32 1550/567/32 1551/569/32 1383/570/32
f 1383/570/32 1551/569/32 1552/571/32 1384/572/32
f 1384/572/32 1552/571/32 1553/573/32 1385/574/32
f 1385/574/32 1553/573/32 1554/575/32 1386/576/32
f 1386/576/32 1554/575/32 1555/556/32 1387/382/32
f 1279/566/33 1278/577/33 1556/578/33 1550/567/33
f 1550/567/33 1556/578/33 1557/579/33 1551/569/33
f 1551/569/33 1557/579/33 1558/580/33 1552/571/33
f 1552/571/33 1558/580/33 1559/581/33 1553/573/33
f 1553/573/33 1559/581/33 1560/582/33 1554/575/33
f 1554/575/33 1560/582/33 1561/558/33 1555/556/33
f 1278/577/34 1277/583/34 1562/584/34 1556/578/34
f 1556/578/34 1562/584/34 1563/585/34 1557/579/34
f 1557/579/34 1563/585/34 1564/586/34 1558/580/34
f 1558/580/34 1564/586/34 1565/587/34 1559/581/34
f 1559/581/34 1565/587/34 1566/588/34 1560/582/34
f 1560/582/34 1566/588/34 1567/560/34 1561/558/34
f 1277/583/35 1276/589/35 1568/590/35 1562/584/35
f 1562/584/35 1568/590/35 1569/591/35 1563/585/35
f 1563/585/35 1569/591/35 1570/592/35 1564/586/35
f 1564/586/35 1570/592/35 1571/593/35 1565/587/35
f 1565/587/35 1571/593/35 1572/594/35 1566/588/35
f 1566/588/35 1572/594/35 1573/562/35 1567/560/35
f 1276/589/36 1275/595/36 1574/596/36 1568/590/36
f 1568/590/36 1574/596/36 1575/597/36 1569/591/36
f 1569/591/36 1575/597/36 1576/598/36 1570/592/36
f 1570/592/36 1576/598/36 1577/599/36 1571/593/36
f 1571/593/36 1577/599/36 1578/600/36 1572/594/36
f 1572/594/36 1578/600/36 1579/564/36 1573/562/36
f 1275/595/37 1274/348/37 1580/601/37 1574/596/37
f 1574/596/37 1580/601/37 1581/602/37 1575/597/37
f 1575/597/37 1581/602/37 1582/603/37 1576/598/37
f 1576/598/37 1582/603/37 1583/604/37 1577/599/37
f 1577/599/37 1583/604/37 1584/605/37 1578/600/37
f 1578/600/37 1584/605/37 1585/385/37 1579/564/37
f 1274/348/7 107/347/7 1394/518/7 1580/601/7
f 1580/601/7 1394/518/7 1395/520/7 1581/602/7
f 1581/602/7 1395/520/7 1396/522/7 1582/603/7
f 1582/603/7 1396/522/7 1397/524/7 1583/604/7
f 1583/604/7 1397/524/7 1398/526/7 1584/605/7
f 1584/605/7 1398/526/7 1399/386/7 1585/385/7
f 1375/378/38 1591/606/38 1393/607/38 116/379/38
f 1591/606/39 1597/608/39 1392/609/39 1393/607/39
f 1597/608/40 1603/610/40 1391/611/40 1392/609/40
f 1603/610/41 1609/612/41 1390/613/41 1391/611/41
f 1609/612/42 1615/614/42 1389/615/42 1390/613/42
f 1615/614/43 1621/381/43 1388/384/43 1389/615/43
f 105/339/38 1267/616/38 1586/617/38 1370/618/38
f 1370/618/38 1586/617/38 1587/619/38 1371/620/38
f 1371/620/38 1587/619/38 1588/621/38 1372/622/38
f 1372/622/38 1588/621/38 1589/623/38 1373/624/38
f 1373/624/38 1589/623/38 1590/625/38 1374/626/38
f 1374/626/38 1590/625/38 1591/606/38 1375/378/38
f 1267/616/39 1266/627/39 1592/628/39 1586/617/39
f 1586/617/39 1592/628/39 1593/629/39 1587/619/39
f 1587/619/39 1593/629/39 1594/630/39 1588/621/39
f 1588/621/39 1594/630/39 1595/631/39 1589/623/39
f 1589/623/39 1595/631/39 1596/632/39 1590/625/39
f 1590/625/39 1596/632/39 1597/608/39 1591/606/39
f 1266/627/40 1265/633/40 1598/634/40 1592/628/40
f 1592/628/40 1598/634/40 1599/635/40 1593/629/40
f 1593/629/40 1599/635/40 1600/636/40 1594/630/40
f 1594/630/40 1600/636/40 1601/637/40 1595/631/40
f 1595/631/40 1601/637/40 1602/638/40 1596/632/40
f 1596/632/40 1602/638/40 1603/610/40 1597/608/40
f 1265/633/41 1264/639/41 1604/640/41 1598/634/41
f 1598/634/41 1604/640/41 1605/641/41 1599/635/41
f 1599/635/41 1605/641/41 1606/642/41 1600/636/41
f 1600/636/41 1606/642/41 1607/643/41 1601/637/41
f 1601/637/41 1607/643/41 1608/644/41 1602/638/41
f 1602/638/41 1608/644/41 1609/612/41 1603/610/41
f 1264/639/42 1263/645/42 1610/646/42 1604/640/42
f 1604/640/42 1610/646/42 1611/647/42 1605/641/42
f 1605/641/42 1611/647/42 1612/648/42 1606/642/42
f 1606/642/42 1612/648/42 1613/649/42 1607/643/42
f 1607/643/42 1613/649/42 1614/650/42 1608/644/42
f 1608/644/42 1614/650/42 1615/614/42 1609/612/42
f 1263/645/43 1262/344/43 1616/651/43 1610/646/43
f 1610/646/43 1616/651/43 1617/652/43 1611/647/43
f 1611/647/43 1617/652/43 1618/653/43 1612/648/43
f 1612/648/43 1618/653/43 1619/654/43 1613/649/43
f 1613/649/43 1619/654/43 1620/655/43 1614/650/43
f 1614/650/43 1620/655/43 1621/381/43 1615/614/43
f 1262/344/6 106/343/6 1382/568/6 1616/651/6
f 1616/651/6 1382/568/6 1383/570/6 1617/652/6
f 1617/652/6 1383/570/6 1384/572/6 1618/653/6
f 1618/653/6 1384/572/6 1385/574/6 1619/654/6
f 1619/654/6 1385/574/6 1386/576/6 1620/655/6
f 1620/655/6 1386/576/6 1387/382/6 1621/381/6
f 1363/374/44 1627/656/44 1381/657/44 115/375/44
f 1627/656/45 1633/658/45 1380/659/45 1381/657/45
f 1633/658/46 1639/660/46 1379/661/46 1380/659/46
f 1639/660/47 1645/662/47 1378/663/47 1379/661/47
f 1645/662/48 1651/664/48 1377/665/48 1378/663/48
f 1651/664/49 1657/377/49 1376/380/49 1377/665/49
f 104/335/44 1255/666/44 1622/667/44 1358/668/44
f 1358/668/44 1622/667/44 1623/669/44 1359/670/44
f 1359/670/44 1623/669/44 1624/671/44 1360/672/44
f 1360/672/44 1624/671/44 1625/673/44 1361/674/44
f 1361/674/44 1625/673/44 1626/675/44 1362/676/44
f 1362/676/44 1626/675/44 1627/656/44 1363/374/44
f 1255/666/45 1254/677/45 1628/678/45 1622/667/45
f 1622/667/45 1628/678/45 1629/679/45 1623/669/45
f 1623/669/45 1629/679/45 1630/680/45 1624/671/45
f 1624/671/45 1630/680/45 1631/681/45 1625/673/45
f 1625/673/45 1631/681/45 1632/682/45 1626/675/45
f 1626/675/45 1632/682/45 1633/658/45 1627/656/45
f 1254/677/46 1253/683/46 1634/684/46 1628/678/46
f 1628/678/46 1634/684/46 1635/685/46 1629/679/46
f 1629/679/46 1635/685/46 1636/686/46 1630/680/46
f 1630/680/46 1636/686/46 1637/687/46 1631/681/46
f 1631/681/46 1637/687/46 1638/688/46 1632/682/46
f 1632/682/46 1638/688/46 1639/660/46 1633/658/46
f 1253/683/47 1252/689/47 1640/690/47 1634/684/47
f 1634/684/47 1640/690/47 1641/691/47 1635/685/47
f 1635/685/47 1641/691/47 1642/692/47 1636/686/47
f 1636/686/47 1642/692/47 1643/693/47 1637/687/47
f 1637/687/47 1643/693/47 1644/694/47 1638/688/47
f 1638/688/47 1644/694/47 1645/662/47 1639/660/47
f 1252/689/48 1251/695/48 1646/696/48 1640/690/48
f 1640/690/48 1646/696/48 1647/697/48 1641/691/48
f 1641/691/48 1647/697/48 1648/698/48 1642/692/48
f 1642/692/48 1648/698/48 1649/699/48 1643/693/48
f 1643/693/48 1649/699/48 1650/700/48 1644/694/48
f 1644/694/48 1650/700/48 1651/664/48 1645/662/48
f 1251/695/49 1250/340/49 1652/701/49 1646/696/49
f 1646/696/49 1652/701/49 1653/702/49 1647/697/49
f 1647/697/49 1653/702/49 1654/703/49 1648/698/49
f 1648/698/49 1654/703/49 1655/704/49 1649/699/49
f 1649/699/49 1655/704/49 1656/705/49 1650/700/49
f 1650/700/49 1656/705/49 1657/377/49 1651/664/49
f 1250/340/5 105/339/5 1370/618/5 1652/701/5
f 1652/701/5 1370/618/5 1371/620/5 1653/702/5
f 1653/702/5 1371/620/5 1372/622/5 1654/703/5
f 1654/703/5 1372/622/5 1373/624/5 1655/704/5
f 1655/704/5 1373/624/5 1374/626/5 1656/705/5
f 1656/705/5 1374/626/5 1375/378/5 1657/377/5
f 1351/370/50 1663/706/50 1369/707/50 114/371/50
f 1663/706/51 1669/708/51 1368/709/51 1369/707/51
f 1669/708/52 1675/710/52 1367/711/52 1368/709/52
f 1675/710/53 1681/712/53 1366/713/53 1367/711/53
f 1681/712/54 1687/714/54 1365/715/54 1366/713/54
f 1687/714/55 1693/373/55 1364/376/55 1365/715/55
f 103/331/50 1243/716/50 1658/717/50 1346/718/50
f 1346/718/50 1658/717/50 1659/719/50 1347/720/50
f 1347/720/50 1659/719/50 1660/721/50 1348/722/50
f 1348/722/50 1660/721/50 1661/723/50 1349/724/50
f 1349/724/50 1661/723/50 1662/725/50 1350/726/50
f 1350/726/50 1662/725/50 1663/706/50 1351/370/50
f 1243/716/51 1242/727/51 1664/728/51 1658/717/51
f 1658/717/51 1664/728/51 1665/729/51 1659/719/51
f 1659/719/51 1665/729/51 1666/730/51 1660/721/51
f 1660/721/51 1666/730/51 1667/731/51 1661/723/51
f 1661/723/51 1667/731/51 1668/732/51 1662/725/51
f 1662/725/51 1668/732/51 1669/708/51 1663/706/51
f 1242/727/52 1241/733/52 1670/734/52 1664/728/52
f 1664/728/52 1670/734/52 1671/735/52 1665/729/52
f 1665/729/52 1671/735/52 1672/736/52 1666/730/52
f 1666/730/52 1672/736/52 1673/737/52 1667/731/52
f 1667/731/52 1673/737/52 1674/738/52 1668/732/52
f 1668/732/52 1674/738/52 1675/710/52 1669/708/52
f 1241/733/53 1240/739/53 1676/740/53 1670/734/53
f 1670/734/53 1676/740/53 1677/741/53 1671/735/53
f 1671/735/53 1677/741/53 1678/742/53 1672/736/53
f 1672/736/53 1678/742/53 1679/743/53 1673/737/53
f 1673/737/53 1679/743/53 1680/744/53 1674/738/53
f 1674/738/53 1680/744/53 1681/712/53 1675/710/53
f 1240/739/54 1239/745/54 1682/746/54 1676/740/54
f 1676/740/54 1682/746/54 1683/747/54 1677/741/54
f 1677/741/54 1683/747/54 1684/748/54 1678/742/54
f 1678/742/54 1684/748/54 1685/749/54 1679/743/54
f 1679/743/54 1685/749/54 1686/750/54 1680/744/54
f 1680/744/54 1686/750/54 1687/714/54 1681/712/54
f 1239/745/55 1238/336/55 1688/751/55 1682/746/55
f 1682/746/55 1688/751/55 1689/752/55 1683/747/55
f 1683/747/55 1689/752/55 1690/753/55 1684/748/55
f 1684/748/55 1690/753/55 1691/754/55 1685/749/55
f 1685/749/55 1691/754/55 1692/755/55 1686/750/55
f 1686/750/55 1692/755/55 1693/373/55 1687/714/55
f 1238/336/4 104/335/4 1358/668/4 1688/751/4
f 1688/751/4 1358/668/4 1359/670/4 1689/752/4
f 1689/752/4 1359/670/4 1360/672/4 1690/753/4
f 1690/753/4 1360/672/4 1361/674/4 1691/754/4
f 1691/754/4 1361/674/4 1362/676/4 1692/755/4
f 1692/755/4 1362/676/4 1363/374/4 1693/373/4
f 1339/366/56 1699/756/56 1357/757/56 113/367/56
f 1699/756/57 1705/758/57 1356/759/57 1357/757/57
f 1705/758/58 1711/760/58 1355/761/58 1356/759/58
f 1711/760/59 1717/762/59 1354/763/59 1355/761/59
f 1717/762/60 1723/764/60 1353/765/60 1354/763/60
f 1723/764/61 1729/369/61 1352/372/61 1353/765/61
f 102/327/56 1231/766/56 1694/767/56 1334/768/56
f 1334/768/56 1694/767/56 1695/769/56 1335/770/56
f 1335/770/56 1695/769/56 1696/771/56 1336/772/56
f 1336/772/56 1696/771/56 1697/773/56 1337/774/56
f 1337/774/56 1697/773/56 1698/775/56 1338/776/56
f 1338/776/56 1698/775/56 1699/756/56 1339/366/56
f 1231/766/57 1230/777/57 1700/778/57 1694/767/57
f 1694/767/57 1700/778/57 1701/779/57 1695/769/57
f 1695/769/57 1701/779/57 1702/780/57 1696/771/57
f 1696/771/57 1702/780/57 1703/781/57 1697/773/57
f 1697/773/57 1703/781/57 1704/782/57 1698/775/57
f 1698/775/57 1704/782/57 1705/758/57 1699/756/57
f 1230/777/58 1229/783/58 1706/784/58 1700/778/58
f 1700/778/58 1706/784/58 1707/785/58 1701/779/58
f 1701/779/58 1707/785/58 1708/786/58 1702/780/58
f 1702/780/58 1708/786/58 1709/787/58 1703/781/58
f 1703/781/58 1709/787/58 1710/788/58 1704/782/58
f 1704/782/58 1710/788/58 1711/760/58 1705/758/58
f 1229/783/59 1228/789/59 1712/790/59 1706/784/59
f 1706/784/59 1712/790/59 1713/791/59 1707/785/59
f 1707/785/59 1713/791/59 1714/792/59 1708/786/59
f 1708/786/59 1714/792/59 1715/793/59 1709/787/59
f 1709/787/59 1715/793/59 1716/794/59 1710/788/59
f 1710/788/59 1716/794/59 1717/762/59 1711/760/59
f 1228/789/60 1227/795/60 1718/796/60 1712/790/60
f 1712/790/60 1718/796/60 1719/797/60 1713/791/60
f 1713/791/60 1719/797/60 1720/798/60 1714/792/60
f 1714/792/60 1720/798/60 1721/799/60 1715/793/60
f 1715/793/60 1721/799/60 1722/800/60 1716/794/60
f 1716/794/60 1722/800/60 1723/764/60 1717/762/60
f 1227/795/61 1226/332/61 1724/801/61 1718/796/61
f 1718/796/61 1724/801/61 1725/802/61 1719/797/61
f 1719/797/61 1725/802/61 1726/803/61 1720/798/61
f 1720/798/61 1726/803/61 1727/804/61 1721/799/61
f 1721/799/61 1727/804/61 1728/805/61 1722/800/61
f 1722/800/61 1728/805/61 1729/369/61 1723/764/61
f 1226/332/3 103/331/3 1346/718/3 1724/801/3
f 1724/801/3 1346/718/3 1347/720/3 1725/802/3
f 1725/802/3 1347/720/3 1348/722/3 1726/803/3
f 1726/803/3 1348/722/3 1349/724/3 1727/804/3
f 1727/804/3 1349/724/3 1350/726/3 1728/805/3
f 1728/805/3 1350/726/3 1351/370/3 1729/369/3
f 1327/362/62 1735/806/62 1345/807/62 112/363/62
f 1735/806/63 1741/808/63 1344/809/63 1345/807/63
f 1741/808/64 1747/810/64 1343/811/64 1344/809/64
f 1747/810/65 1753/812/65 1342/813/65 1343/811/65
f 1753/812/66 1759/814/66 1341/815/66 1342/813/66
f 1759/814/67 1765/365/67 1340/368/68 1341/815/68
f 101/323/62 1219/816/62 1730/817/62 1322/818/62
f 1322/818/62 1730/817/62 1731/819/62 1323/820/62
f 1323/820/62 1731/819/62 1732/821/62 1324/822/62
f 1324/822/62 1732/821/62 1733/823/62 1325/824/62
f 1325/824/62 1733/823/62 1734/825/62 1326/826/62
f 1326/826/62 1734/825/62 1735/806/62 1327/362/62
f 1219/816/69 1218/827/69 1736/828/69 1730/817/69
f 1730/817/69 1736/828/69 1737/829/69 1731/819/69
f 1731/819/69 1737/829/69 1738/830/69 1732/821/69
f 1732/821/69 1738/830/69 1739/831/63 1733/823/63
f 1733/823/63 1739/831/63 1740/832/63 1734/825/63
f 1734/825/63 1740/832/63 1741/808/63 1735/806/63
f 1218/827/64 1217/833/64 1742/834/64 1736/828/64
f 1736/828/64 1742/834/64 1743/835/64 1737/829/64
f 1737/829/64 1743/835/64 1744/836/64 1738/830/64
f 1738/830/64 1744/836/64 1745/837/64 1739/831/64
f 1739/831/64 1745/837/64 1746/838/64 1740/832/64
f 1740/832/64 1746/838/64 1747/810/64 1741/808/64
f 1217/833/65 1216/839/65 1748/840/65 1742/834/65
f 1742/834/65 1748/840/65 1749/841/65 1743/835/65
f 1743/835/65 1749/841/65 1750/842/65 1744/836/65
f 1744/836/65 1750/842/65 1751/843/65 1745/837/65
f 1745/837/65 1751/843/65 1752/844/65 1746/838/65
f 1746/838/65 1752/844/65 1753/812/65 1747/810/65
f 1216/839/66 1215/845/66 1754/846/66 1748/840/66
f 1748/840/66 1754/846/66 1755/847/66 1749/841/66
f 1749/841/66 1755/847/66 1756/848/66 1750/842/66
f 1750/842/66 1756/848/66 1757/849/66 1751/843/66
f 1751/843/66 1757/849/66 1758/850/66 1752/844/66
f 1752/844/66 1758/850/66 1759/814/66 1753/812/66
f 1215/845/67 1214/328/67 1760/851/67 1754/846/67
f 1754/846/67 1760/851/67 1761/852/67 1755/847/67
f 1755/847/67 1761/852/67 1762/853/67 1756/848/67
f 1756/848/67 1762/853/67 1763/854/67 1757/849/67
f 1757/849/67 1763/854/67 1764/855/67 1758/850/67
f 1758/850/67 1764/855/67 1765/365/67 1759/814/67
f 1214/328/2 102/327/2 1334/768/2 1760/851/2
f 1760/851/2 1334/768/2 1335/770/2 1761/852/2
f 1761/852/2 1335/770/2 1336/772/2 1762/853/2
f 1762/853/2 1336/772/2 1337/774/2 1763/854/2
f 1763/854/2 1337/774/2 1338/776/2 1764/855/2
f 1764/855/2 1338/776/2 1339/366/2 1765/365/2
f 1316/856/70 1771/857/70 1333/858/70 111/859/70
f 1771/857/71 1777/860/71 1332/861/71 1333/858/71
f 1777/860/72 1783/862/72 1331/863/72 1332/861/72
f 1783/862/73 1789/864/73 1330/865/73 1331/863/73
f 1789/864/74 1795/866/74 1329/867/74 1330/865/74
f 1795/866/75 1801/361/75 1328/364/75 1329/867/75
f 100/868/70 1207/869/70 1766/870/70 1321/871/70
f 1321/871/70 1766/870/70 1767/872/70 1320/873/70
f 1320/873/70 1767/872/70 1768/874/70 1319/875/70
f 1319/875/70 1768/874/70 1769/876/70 1318/877/70
f 1318/877/70 1769/876/70 1770/878/70 1317/879/70
f 1317/879/70 1770/878/70 1771/857/70 1316/856/70
f 1207/869/71 1206/880/71 1772/881/71 1766/870/71
f 1766/870/71 1772/881/71 1773/882/71 1767/872/71
f 1767/872/71 1773/882/71 1774/883/71 1768/874/71
f 1768/874/71 1774/883/71 1775/884/71 1769/876/71
f 1769/876/71 1775/884/71 1776/885/71 1770/878/71
f 1770/878/71 1776/885/71 1777/860/71 1771/857/71
f 1206/880/72 1205/886/72 1778/887/72 1772/881/72
f 1772/881/72 1778/887/72 1779/888/72 1773/882/72
f 1773/882/72 1779/888/72 1780/889/72 1774/883/72
f 1774/883/72 1780/889/72 1781/890/72 1775/884/72
f 1775/884/72 1781/890/72 1782/891/72 1776/885/72
f 1776/885/72 1782/891/72 1783/862/72 1777/860/72
f 1205/886/73 1204/892/73 1784/893/73 1778/887/73
f 1778/887/73 1784/893/73 1785/894/73 1779/888/73
f 1779/888/73 1785/894/73 1786/895/73 1780/889/73
f 1780/889/73 1786/895/73 1787/896/73 1781/890/73
f 1781/890/73 1787/896/73 1788/897/73 1782/891/73
f 1782/891/73 1788/897/73 1789/864/73 1783/862/73
f 1204/892/74 1203/898/74 1790/899/74 1784/893/74
f 1784/893/74 1790/899/74 1791/900/74 1785/894/74
f 1785/894/74 1791/900/74 1792/901/74 1786/895/74
f 1786/895/74 1792/901/74 1793/902/74 1787/896/74
f 1787/896/74 1793/902/74 1794/903/74 1788/897/74
f 1788/897/74 1794/903/74 1795/866/74 1789/864/74
f 1203/898/75 1202/324/75 1796/904/75 1790/899/75
f 1790/899/75 1796/904/75 1797/905/75 1791/900/75
f 1791/900/75 1797/905/75 1798/906/75 1792/901/75
f 1792/901/75 1798/906/75 1799/907/75 1793/902/75
f 1793/902/75 1799/907/75 1800/908/75 1794/903/75
f 1794/903/75 1800/908/75 1801/361/75 1795/866/75
f 1202/324/1 101/323/1 1322/818/1 1796/904/1
f 1796/904/1 1322/818/1 1323/820/1 1797/905/1
f 1797/905/1 1323/820/1 1324/822/1 1798/906/1
f 1798/906/1 1324/822/1 1325/824/1 1799/907/1
f 1799/907/1 1325/824/1 1326/826/1 1800/908/1
f 1800/908/1 1326/826/1 1327/362/1 1801/361/1
f 1297/354/12 1807/909/12 1315/411/12 109/355/12
f 1807/909/13 1813/910/13 1314/422/13 1315/411/13
f 1813/910/14 1819/911/14 1313/428/14 1314/422/14
f 1819/911/15 1825/912/15 1312/434/15 1313/428/15
f 1825/912/16 1831/913/16 1311/440/16 1312/434/16
f 1831/913/17 1837/357/17 1310/360/17 1311/440/17
f 98/315/12 1189/914/12 1802/915/12 1292/916/12
f 1292/916/12 1802/915/12 1803/917/12 1293/918/12
f 1293/918/12 1803/917/12 1804/919/12 1294/920/12
f 1294/920/12 1804/919/12 1805/921/12 1295/922/12
f 1295/922/12 1805/921/12 1806/923/12 1296/924/12
f 1296/924/12 1806/923/12 1807/909/12 1297/354/12
f 1189/914/13 1188/925/13 1808/926/13 1802/915/13
f 1802/915/13 1808/926/13 1809/927/13 1803/917/13
f 1803/917/13 1809/927/13 1810/928/13 1804/919/13
f 1804/919/13 1810/928/13 1811/929/13 1805/921/13
f 1805/921/13 1811/929/13 1812/930/13 1806/923/13
f 1806/923/13 1812/930/13 1813/910/13 1807/909/13
f 1188/925/14 1187/931/14 1814/932/14 1808/926/14
f 1808/926/14 1814/932/14 1815/933/14 1809/927/14
f 1809/927/14 1815/933/14 1816/934/14 1810/928/14
f 1810/928/14 1816/934/14 1817/935/14 1811/929/14
f 1811/929/14 1817/935/14 1818/936/14 1812/930/14
f 1812/930/14 1818/936/14 1819/911/14 1813/910/14
f 1187/931/15 1186/937/15 1820/938/15 1814/932/15
f 1814/932/15 1820/938/15 1821/939/15 1815/933/15
f 1815/933/15 1821/939/15 1822/940/15 1816/934/15
f 1816/934/15 1822/940/15 1823/941/15 1817/935/15
f 1817/935/15 1823/941/15 1824/942/15 1818/936/15
f 1818/936/15 1824/942/15 1825/912/15 1819/911/15
f 1186/937/16 1185/943/16 1826/944/16 1820/938/16
f 1820/938/16 1826/944/16 1827/945/16 1821/939/16
f 1821/939/16 1827/945/16 1828/946/16 1822/940/16
f 1822/940/16 1828/946/16 1829/947/16 1823/941/16
f 1823/941/16 1829/947/16 1830/948/16 1824/942/16
f 1824/942/16 1830/948/16 1831/913/16 1825/912/16
f 1185/943/17 1184/320/17 1832/949/17 1826/944/17
f 1826/944/17 1832/949/17 1833/950/17 1827/945/17
f 1827/945/17 1833/950/17 1834/951/17 1828/946/17
f 1828/946/17 1834/951/17 1835/952/17 1829/947/17
f 1829/947/17 1835/952/17 1836/953/17 1830/948/17
f 1830/948/17 1836/953/17 1837/357/17 1831/913/17
f 1184/320/10 99/319/10 1304/954/10 1832/949/10
f 1832/949/10 1304/954/10 1305/955/10 1833/950/10
f 1833/950/10 1305/955/10 1306/956/10 1834/951/10
f 1834/951/10 1306/956/10 1307/957/10 1835/952/10
f 1835/952/10 1307/957/10 1308/958/10 1836/953/10
f 1836/953/10 1308/958/10 1309/358/10 1837/357/10
f 1285/350/18 1843/959/18 1303/466/18 108/351/18
f 1843/959/19 1849/960/19 1302/477/19 1303/466/19
f 1849/960/21 1855/961/21 1301/483/21 1302/477/21
f 1855/961/22 1861/962/22 1300/489/22 1301/483/22
f 1861/962/23 1867/963/23 1299/495/23 1300/489/23
f 1867/963/25 1873/353/25 1298/356/25 1299/495/25
f 97/311/18 1177/964/18 1838/965/18 1280/966/18
f 1280/966/18 1838/965/18 1839/967/18 1281/968/18
f 1281/968/18 1839/967/18 1840/969/18 1282/970/18
f 1282/970/18 1840/969/18 1841/971/18 1283/972/18
f 1283/972/18 1841/971/18 1842/973/18 1284/974/18
f 1284/974/18 1842/973/18 1843/959/18 1285/350/18
f 1177/964/20 1176/975/20 1844/976/20 1838/965/20
f 1838/965/20 1844/976/20 1845/977/20 1839/967/20
f 1839/967/20 1845/977/20 1846/978/20 1840/969/20
f 1840/969/20 1846/978/20 1847/979/19 1841/971/19
f 1841/971/19 1847/979/19 1848/980/19 1842/973/19
f 1842/973/19 1848/980/19 1849/960/19 1843/959/19
f 1176/975/21 1175/981/21 1850/982/21 1844/976/21
f 1844/976/21 1850/982/21 1851/983/21 1845/977/21
f 1845/977/21 1851/983/21 1852/984/21 1846/978/21
f 1846/978/21 1852/984/21 1853/985/21 1847/979/21
f 1847/979/21 1853/985/21 1854/986/21 1848/980/21
f 1848/980/21 1854/986/21 1855/961/21 1849/960/21
f 1175/981/22 1174/987/22 1856/988/22 1850/982/22
f 1850/982/22 1856/988/22 1857/989/22 1851/983/22
f 1851/983/22 1857/989/22 1858/990/22 1852/984/22
f 1852/984/22 1858/990/22 1859/991/22 1853/985/22
f 1853/985/22 1859/991/22 1860/992/22 1854/986/22
f 1854/986/22 1860/992/22 1861/962/22 1855/961/22
f 1174/987/23 1173/993/23 1862/994/23 1856/988/23
f 1856/988/23 1862/994/23 1863/995/23 1857/989/23
f 1857/989/23 1863/995/23 1864/996/23 1858/990/23
f 1858/990/23 1864/996/23 1865/997/23 1859/991/23
f 1859/991/23 1865/997/23 1866/998/23 1860/992/23
f 1860/992/23 1866/998/23 1867/963/23 1861/962/23
f 1173/993/25 1172/316/25 1868/999/25 1862/994/25
f 1862/994/25 1868/999/25 1869/1000/25 1863/995/25
f 1863/995/25 1869/1000/25 1870/1001/25 1864/996/25
f 1864/996/25 1870/1001/25 1871/1002/25 1865/997/25
f 1865/997/25 1871/1002/25 1872/1003/25 1866/998/25
f 1866/998/25 1872/1003/25 1873/353/25 1867/963/25
f 1172/316/9 98/315/9 1292/916/9 1868/999/9
f 1868/999/9 1292/916/9 1293/918/9 1869/1000/9
f 1869/1000/9 1293/918/9 1294/920/9 1870/1001/9
f 1870/1001/9 1294/920/9 1295/922/9 1871/1002/9
f 1871/1002/9 1295/922/9 1296/924/9 1872/1003/9
f 1872/1003/9 1296/924/9 1297/354/9 1873/353/9
f 1273/346/26 1879/1004/26 1291/516/26 107/347/26
f 1879/1004/27 1885/1005/27 1290/527/27 1291/516/27
f 1885/1005/28 1891/1006/28 1289/533/28 1290/527/28
f 1891/1006/29 1897/1007/29 1288/539/29 1289/533/29
f 1897/1007/30 1903/1008/30 1287/545/30 1288/539/30
f 1903/1008/31 1909/349/31 1286/352/31 1287/545/31
f 96/307/26 1165/1009/26 1874/1010/26 1268/1011/26
f 1268/1011/26 1874/1010/26 1875/1012/26 1269/1013/26
f 1269/1013/26 1875/1012/26 1876/1014/26 1270/1015/26
f 1270/1015/26 1876/1014/26 1877/1016/26 1271/1017/26
f 1271/1017/26 1877/1016/26 1878/1018/26 1272/1019/26
f 1272/1019/26 1878/1018/26 1879/1004/26 1273/346/26
f 1165/1009/27 1164/1020/27 1880/1021/27 1874/1010/27
f 1874/1010/27 1880/1021/27 1881/1022/27 1875/1012/27
f 1875/1012/27 1881/1022/27 1882/1023/27 1876/1014/27
f 1876/1014/27 1882/1023/27 1883/1024/27 1877/1016/27
f 1877/1016/27 1883/1024/27 1884/1025/27 1878/1018/27
f 1878/1018/27 1884/1025/27 1885/1005/27 1879/1004/27
f 1164/1020/28 1163/1026/28 1886/1027/28 1880/1021/28
f 1880/1021/28 1886/1027/28 1887/1028/28 1881/1022/28
f 1881/1022/28 1887/1028/28 1888/1029/28 1882/1023/28
f 1882/1023/28 1888/1029/28 1889/1030/28 1883/1024/28
f 1883/1024/28 1889/1030/28 1890/1031/28 1884/1025/28
f 1884/1025/28 1890/1031/28 1891/1006/28 1885/1005/28
f 1163/1026/29 1162/1032/29 1892/1033/29 1886/1027/29
f 1886/1027/29 1892/1033/29 1893/1034/29 1887/1028/29
f 1887/1028/29 1893/1034/29 1894/1035/29 1888/1029/29
f 1888/1029/29 1894/1035/29 1895/1036/29 1889/1030/29
f 1889/1030/29 1895/1036/29 1896/1037/29 1890/1031/29
f 1890/1031/29 1896/1037/29 1897/1007/29 1891/1006/29
f 1162/1032/30 1161/1038/30 1898/1039/30 1892/1033/30
f 1892/1033/30 1898/1039/30 1899/1040/30 1893/1034/30
f 1893/1034/30 1899/1040/30 1900/1041/30 1894/1035/30
f 1894/1035/30 1900/1041/30 1901/1042/30 1895/1036/30
f 1895/1036/30 1901/1042/30 1902/1043/30 1896/1037/30
f 1896/1037/30 1902/1043/30 1903/1008/30 1897/1007/30
f 1161/1038/31 1160/312/31 1904/1044/31 1898/1039/31
f 1898/1039/31 1904/1044/31 1905/1045/31 1899/1040/31
f 1899/1040/31 1905/1045/31 1906/1046/31 1900/1041/31
f 1900/1041/31 1906/1046/31 1907/1047/31 1901/1042/31
f 1901/1042/31 1907/1047/31 1908/1048/31 1902/1043/31
f 1902/1043/31 1908/1048/31 1909/349/31 1903/1008/31
f 1160/312/8 97/311/8 1280/966/8 1904/1044/8
f 1904/1044/8 1280/966/8 1281/968/8 1905/1045/8
f 1905/1045/8 1281/968/8 1282/970/8 1906/1046/8
f 1906/1046/8 1282/970/8 1283/972/8 1907/1047/8
f 1907/1047/8 1283/972/8 1284/974/8 1908/1048/8
f 1908/1048/8 1284/974/8 1285/350/8 1909/349/8
f 1261/342/76 1915/1049/76 1279/566/32 106/343/32
f 1915/1049/33 1921/1050/33 1278/577/33 1279/566/33
f 1921/1050/34 1927/1051/34 1277/583/34 1278/577/34
f 1927/1051/35 1933/1052/35 1276/589/35 1277/583/35
f 1933/1052/36 1939/1053/36 1275/595/36 1276/589/36
f 1939/1053/37 1945/345/37 1274/348/37 1275/595/37
f 95/303/76 1153/1054/76 1910/1055/76 1256/1056/76
f 1256/1056/76 1910/1055/76 1911/1057/76 1257/1058/76
f 1257/1058/76 1911/1057/76 1912/1059/76 1258/1060/76
f 1258/1060/76 1912/1059/76 1913/1061/76 1259/1062/76
f 1259/1062/76 1913/1061/76 1914/1063/76 1260/1064/76
f 1260/1064/76 1914/1063/76 1915/1049/76 1261/342/76
f 1153/1054/33 1152/1065/33 1916/1066/33 1910/1055/33
f 1910/1055/33 1916/1066/33 1917/1067/33 1911/1057/33
f 1911/1057/33 1917/1067/33 1918/1068/33 1912/1059/33
f 1912/1059/33 1918/1068/33 1919/1069/33 1913/1061/33
f 1913/1061/33 1919/1069/33 1920/1070/33 1914/1063/33
f 1914/1063/33 1920/1070/33 1921/1050/33 1915/1049/33
f 1152/1065/34 1151/1071/34 1922/1072/34 1916/1066/34
f 1916/1066/34 1922/1072/34 1923/1073/34 1917/1067/34
f 1917/1067/34 1923/1073/34 1924/1074/34 1918/1068/34
f 1918/1068/34 1924/1074/34 1925/1075/34 1919/1069/34
f 1919/1069/34 1925/1075/34 1926/1076/34 1920/1070/34
f 1920/1070/34 1926/1076/34 1927/1051/34 1921/1050/34
f 1151/1071/35 1150/1077/35 1928/1078/35 1922/1072/35
f 1922/1072/35 1928/1078/35 1929/1079/35 1923/1073/35
f 1923/1073/35 1929/1079/35 1930/1080/35 1924/1074/35
f 1924/1074/35 1930/1080/35 1931/1081/35 1925/1075/35
f 1925/1075/35 1931/1081/35 1932/1082/35 1926/1076/35
f 1926/1076/35 1932/1082/35 1933/1052/35 1927/1051/35
f 1150/1077/36 1149/1083/36 1934/1084/36 1928/1078/36
f 1928/1078/36 1934/1084/36 1935/1085/36 1929/1079/36
f 1929/1079/36 1935/1085/36 1936/1086/36 1930/1080/36
f 1930/1080/36 1936/1086/36 1937/1087/36 1931/1081/36
f 1931/1081/36 1937/1087/36 1938/1088/36 1932/1082/36
f 1932/1082/36 1938/1088/36 1939/1053/36 1933/1052/36
f 1149/1083/37 1148/308/37 1940/1089/37 1934/1084/37
f 1934/1084/37 1940/1089/37 1941/1090/37 1935/1085/37
f 1935/1085/37 1941/1090/37 1942/1091/37 1936/1086/37
f 1936/1086/37 1942/1091/37 1943/1092/37 1937/1087/37
f 1937/1087/37 1943/1092/37 1944/1093/37 1938/1088/37
f 1938/1088/37 1944/1093/37 1945/345/37 1939/1053/37
f 1148/308/7 96/307/7 1268/1011/7 1940/1089/7
f 1940/1089/7 1268/1011/7 1269/1013/7 1941/1090/7
f 1941/1090/7 1269/1013/7 1270/1015/7 1942/1091/7
f 1942/1091/7 1270/1015/7 1271/1017/7 1943/1092/7
f 1943/1092/7 1271/1017/7 1272/1019/7 1944/1093/7
f 1944/1093/7 1272/1019/7 1273/346/7 1945/345/7
f 1249/338/38 1951/1094/38 1267/616/38 105/339/38
f 1951/1094/39 1957/1095/39 1266/627/39 1267/616/39
f 1957/1095/40 1963/1096/40 1265/633/40 1266/627/40
f 1963/1096/41 1969/1097/41 1264/639/41 1265/633/41
f 1969/1097/42 1975/1098/42 1263/645/42 1264/639/42
f 1975/1098/43 1981/341/43 1262/344/43 1263/645/43
f 94/299/38 1141/1099/38 1946/1100/38 1244/1101/38
f 1244/1101/38 1946/1100/38 1947/1102/38 1245/1103/38
f 1245/1103/38 1947/1102/38 1948/1104/38 1246/1105/38
f 1246/1105/38 1948/1104/38 1949/1106/38 1247/1107/38
f 1247/1107/38 1949/1106/38 1950/1108/38 1248/1109/38
f 1248/1109/38 1950/1108/38 1951/1094/38 1249/338/38
f 1141/1099/39 1140/1110/39 1952/1111/39 1946/1100/39
f 1946/1100/39 1952/1111/39 1953/1112/39 1947/1102/39
f 1947/1102/39 1953/1112/39 1954/1113/39 1948/1104/39
f 1948/1104/39 1954/1113/39 1955/1114/39 1949/1106/39
f 1949/1106/39 1955/1114/39 1956/1115/39 1950/1108/39
f 1950/1108/39 1956/1115/39 1957/1095/39 1951/1094/39
f 1140/1110/40 1139/1116/40 1958/1117/40 1952/1111/40
f 1952/1111/40 1958/1117/40 1959/1118/40 1953/1112/40
f 1953/1112/40 1959/1118/40 1960/1119/40 1954/1113/40
f 1954/1113/40 1960/1119/40 1961/1120/40 1955/1114/40
f 1955/1114/40 1961/1120/40 1962/1121/40 1956/1115/40
f 1956/1115/40 1962/1121/40 1963/1096/40 1957/1095/40
f 1139/1116/41 1138/1122/41 1964/1123/41 1958/1117/41
f 1958/1117/41 1964/1123/41 1965/1124/41 1959/1118/41
f 1959/1118/41 1965/1124/41 1966/1125/41 1960/1119/41
f 1960/1119/41 1966/1125/41 1967/1126/41 1961/1120/41
f 1961/1120/41 1967/1126/41 1968/1127/41 1962/1121/41
f 1962/1121/41 1968/1127/41 1969/1097/41 1963/1096/41
f 1138/1122/42 1137/1128/42 1970/1129/42 1964/1123/42
f 1964/1123/42 1970/1129/42 1971/1130/42 1965/1124/42
f 1965/1124/42 1971/1130/42 1972/1131/42 1966/1125/42
f 1966/1125/42 1972/1131/42 1973/1132/42 1967/1126/42
f 1967/1126/42 1973/1132/42 1974/1133/42 1968/1127/42
f 1968/1127/42 1974/1133/42 1975/1098/42 1969/1097/42
f 1137/1128/43 1136/304/43 1976/1134/43 1970/1129/43
f 1970/1129/43 1976/1134/43 1977/1135/43 1971/1130/43
f 1971/1130/43 1977/1135/43 1978/1136/43 1972/1131/43
f 1972/1131/43 1978/1136/43 1979/1137/43 1973/1132/43
f 1973/1132/43 1979/1137/43 1980/1138/43 1974/1133/43
f 1974/1133/43 1980/1138/43 1981/341/43 1975/1098/43
f 1136/304/6 95/303/6 1256/1056/6 1976/1134/6
f 1976/1134/6 1256/1056/6 1257/1058/6 1977/1135/6
f 1977/1135/6 1257/1058/6 1258/1060/6 1978/1136/6
f 1978/1136/6 1258/1060/6 1259/1062/6 1979/1137/6
f 1979/1137/6 1259/1062/6 1260/1064/6 1980/1138/6
f 1980/1138/6 1260/1064/6 1261/342/6 1981/341/6
f 1237/334/44 1987/1139/44 1255/666/44 104/335/44
f 1987/1139/45 1993/1140/45 1254/677/45 1255/666/45
f 1993/1140/46 1999/1141/46 1253/683/46 1254/677/46
f 1999/1141/47 2005/1142/47 1252/689/47 1253/683/47
f 2005/1142/48 2011/1143/48 1251/695/48 1252/689/48
f 2011/1143/49 2017/337/49 1250/340/49 1251/695/49
f 93/295/44 1129/1144/44 1982/1145/44 1232/1146/44
f 1232/1146/44 1982/1145/44 1983/1147/44 1233/1148/44
f 1233/1148/44 1983/1147/44 1984/1149/44 1234/1150/44
f 1234/1150/44 1984/1149/44 1985/1151/44 1235/1152/44
f 1235/1152/44 1985/1151/44 1986/1153/44 1236/1154/44
f 1236/1154/44 1986/1153/44 1987/1139/44 1237/334/44
f 1129/1144/45 1128/1155/45 1988/1156/45 1982/1145/45
f 1982/1145/45 1988/1156/45 1989/1157/45 1983/1147/45
f 1983/1147/45 1989/1157/45 1990/1158/45 1984/1149/45
f 1984/1149/45 1990/1158/45 1991/1159/45 1985/1151/45
f 1985/1151/45 1991/1159/45 1992/1160/45 1986/1153/45
f 1986/1153/45 1992/1160/45 1993/1140/45 1987/1139/45
f 1128/1155/46 1127/1161/46 1994/1162/46 1988/1156/46
f 1988/1156/46 1994/1162/46 1995/1163/46 1989/1157/46
f 1989/1157/46 1995/1163/46 1996/1164/46 1990/1158/46
f 1990/1158/46 1996/1164/46 1997/1165/46 1991/1159/46
f 1991/1159/46 1997/1165/46 1998/1166/46 1992/1160/46
f 1992/1160/46 1998/1166/46 1999/1141/46 1993/1140/46
f 1127/1161/47 1126/1167/47 2000/1168/47 1994/1162/47
f 1994/1162/47 2000/1168/47 2001/1169/47 1995/1163/47
f 1995/1163/47 2001/1169/47 2002/1170/47 1996/1164/47
f 1996/1164/47 2002/1170/47 2003/1171/47 1997/1165/47
f 1997/1165/47 2003/1171/47 2004/1172/47 1998/1166/47
f 1998/1166/47 2004/1172/47 2005/1142/47 1999/1141/47
f 1126/1167/48 1125/1173/48 2006/1174/48 2000/1168/48
f 2000/1168/48 2006/1174/48 2007/1175/48 2001/1169/48
f 2001/1169/48 2007/1175/48 2008/1176/48 2002/1170/48
f 2002/1170/48 2008/1176/48 2009/1177/48 2003/1171/48
f 2003/1171/48 2009/1177/48 2010/1178/48 2004/1172/48
f 2004/1172/48 2010/1178/48 2011/1143/48 2005/1142/48
f 1125/1173/49 1124/300/49 2012/1179/49 2006/1174/49
f 2006/1174/49 2012/1179/49 2013/1180/49 2007/1175/49
f 2007/1175/49 2013/1180/49 2014/1181/49 2008/1176/49
f 2008/1176/49 2014/1181/49 2015/1182/49 2009/1177/49
f 2009/1177/49 2015/1182/49 2016/1183/49 2010/1178/49
f 2010/1178/49 2016/1183/49 2017/337/49 2011/1143/49
f 1124/300/5 94/299/5 1244/1101/5 2012/1179/5
f 2012/1179/5 1244/1101/5 1245/1103/5 2013/1180/5
f 2013/1180/5 1245/1103/5 1246/1105/5 2014/1181/5
f 2014/1181/5 1246/1105/5 1247/1107/5 2015/1182/5
f 2015/1182/5 1247/1107/5 1248/1109/5 2016/1183/5
f 2016/1183/5 1248/1109/5 1249/338/5 2017/337/5
f 1225/330/50 2023/1184/50 1243/716/50 103/331/50
f 2023/1184/51 2029/1185/51 1242/727/51 1243/716/51
f 2029/1185/52 2035/1186/52 1241/733/52 1242/727/52
f 2035/1186/53 2041/1187/53 1240/739/53 1241/733/53
f 2041/1187/54 2047/1188/54 1239/745/54 1240/739/54
f 2047/1188/55 2053/333/55 1238/336/55 1239/745/55
f 92/291/50 1117/1189/50 2018/1190/50 1220/1191/50
f 1220/1191/50 2018/1190/50 2019/1192/50 1221/1193/50
f 1221/1193/50 2019/1192/50 2020/1194/50 1222/1195/50
f 1222/1195/50 2020/1194/50 2021/1196/50 1223/1197/50
f 1223/1197/50 2021/1196/50 2022/1198/50 1224/1199/50
f 1224/1199/50 2022/1198/50 2023/1184/50 1225/330/50
f 1117/1189/51 1116/1200/51 2024/1201/51 2018/1190/51
f 2018/1190/51 2024/1201/51 2025/1202/51 2019/1192/51
f 2019/1192/51 2025/1202/51 2026/1203/51 2020/1194/51
f 2020/1194/51 2026/1203/51 2027/1204/51 2021/1196/51
f 2021/1196/51 2027/1204/51 2028/1205/51 2022/1198/51
f 2022/1198/51 2028/1205/51 2029/1185/51 2023/1184/51
f 1116/1200/52 1115/1206/52 2030/1207/52 2024/1201/52
f 2024/1201/52 2030/1207/52 2031/1208/52 2025/1202/52
f 2025/1202/52 2031/1208/52 2032/1209/52 2026/1203/52
f 2026/1203/52 2032/1209/52 2033/1210/52 2027/1204/52
f 2027/1204/52 2033/1210/52 2034/1211/52 2028/1205/52
f 2028/1205/52 2034/1211/52 2035/1186/52 2029/1185/52
f 1115/1206/53 1114/1212/53 2036/1213/53 2030/1207/53
f 2030/1207/53 2036/1213/53 2037/1214/53 2031/1208/53
f 2031/1208/53 2037/1214/53 2038/1215/53 2032/1209/53
f 2032/1209/53 2038/1215/53 2039/1216/53 2033/1210/53
f 2033/1210/53 2039/1216/53 2040/1217/53 2034/1211/53
f 2034/1211/53 2040/1217/53 2041/1187/53 2035/1186/53
f 1114/1212/54 1113/1218/54 2042/1219/54 2036/1213/54
f 2036/1213/54 2042/1219/54 2043/1220/54 2037/1214/54
f 2037/1214/54 2043/1220/54 2044/1221/54 2038/1215/54
f 2038/1215/54 2044/1221/54 2045/1222/54 2039/1216/54
f 2039/1216/54 2045/1222/54 2046/1223/54 2040/1217/54
f 2040/1217/54 2046/1223/54 2047/1188/54 2041/1187/54
f 1113/1218/55 1112/296/55 2048/1224/55 2042/1219/55
f 2042/1219/55 2048/1224/55 2049/1225/55 2043/1220/55
f 2043/1220/55 2049/1225/55 2050/1226/55 2044/1221/55
f 2044/1221/55 2050/1226/55 2051/1227/55 2045/1222/55
f 2045/1222/55 2051/1227/55 2052/1228/55 2046/1223/55
f 2046/1223/55 2052/1228/55 2053/333/55 2047/1188/55
f 1112/296/4 93/295/4 1232/1146/4 2048/1224/4
f 2048/1224/4 1232/1146/4 1233/1148/4 2049/1225/4
f 2049/1225/4 1233/1148/4 1234/1150/4 2050/1226/4
f 2050/1226/4 1234/1150/4 1235/1152/4 2051/1227/4
f 2051/1227/4 1235/1152/4 1236/1154/4 2052/1228/4
f 2052/1228/4 1236/1154/4 1237/334/4 2053/333/4
f 1213/326/56 2059/1229/56 1231/766/56 102/327/56
f 2059/1229/57 2065/1230/57 1230/777/57 1231/766/57
f 2065/1230/58 2071/1231/58 1229/783/58 1230/777/58
f 2071/1231/59 2077/1232/59 1228/789/59 1229/783/59
f 2077/1232/60 2083/1233/60 1227/795/60 1228/789/60
f 2083/1233/61 2089/329/61 1226/332/61 1227/795/61
f 91/287/56 1105/1234/56 2054/1235/56 1208/1236/56
f 1208/1236/56 2054/1235/56 2055/1237/56 1209/1238/56
f 1209/1238/56 2055/1237/56 2056/1239/56 1210/1240/56
f 1210/1240/56 2056/1239/56 2057/1241/56 1211/1242/56
f 1211/1242/56 2057/1241/56 2058/1243/56 1212/1244/56
f 1212/1244/56 2058/1243/56 2059/1229/56 1213/326/56
f 1105/1234/57 1104/1245/57 2060/1246/57 2054/1235/57
f 2054/1235/57 2060/1246/57 2061/1247/57 2055/1237/57
f 2055/1237/57 2061/1247/57 2062/1248/57 2056/1239/57
f 2056/1239/57 2062/1248/57 2063/1249/57 2057/1241/57
f 2057/1241/57 2063/1249/57 2064/1250/57 2058/1243/57
f 2058/1243/57 2064/1250/57 2065/1230/57 2059/1229/57
f 1104/1245/58 1103/1251/58 2066/1252/58 2060/1246/58
f 2060/1246/58 2066/1252/58 2067/1253/58 2061/1247/58
f 2061/1247/58 2067/1253/58 2068/1254/58 2062/1248/58
f 2062/1248/58 2068/1254/58 2069/1255/58 2063/1249/58
f 2063/1249/58 2069/1255/58 2070/1256/58 2064/1250/58
f 2064/1250/58 2070/1256/58 2071/1231/58 2065/1230/58
f 1103/1251/59 1102/1257/59 2072/1258/59 2066/1252/59
f 2066/1252/59 2072/1258/59 2073/1259/59 2067/1253/59
f 2067/1253/59 2073/1259/59 2074/1260/59 2068/1254/59
f 2068/1254/59 2074/1260/59 2075/1261/59 2069/1255/59
f 2069/1255/59 2075/1261/59 2076/1262/59 2070/1256/59
f 2070/1256/59 2076/1262/59 2077/1232/59 2071/1231/59
f 1102/1257/60 1101/1263/60 2078/1264/60 2072/1258/60
f 2072/1258/60 2078/1264/60 2079/1265/60 2073/1259/60
f 2073/1259/60 2079/1265/60 2080/1266/60 2074/1260/60
f 2074/1260/60 2080/1266/60 2081/1267/60 2075/1261/60
f 2075/1261/60 2081/1267/60 2082/1268/60 2076/1262/60
f 2076/1262/60 2082/1268/60 2083/1233/60 2077/1232/60
f 1101/1263/61 1100/292/61 2084/1269/61 2078/1264/61
f 2078/1264/61 2084/1269/61 2085/1270/61 2079/1265/61
f 2079/1265/61 2085/1270/61 2086/1271/61 2080/1266/61
f 2080/1266/61 2086/1271/61 2087/1272/61 2081/1267/61
f 2081/1267/61 2087/1272/61 2088/1273/61 2082/1268/61
f 2082/1268/61 2088/1273/61 2089/329/61 2083/1233/61
f 1100/292/3 92/291/3 1220/1191/3 2084/1269/3
f 2084/1269/3 1220/1191/3 1221/1193/3 2085/1270/3
f 2085/1270/3 1221/1193/3 1222/1195/3 2086/1271/3
f 2086/1271/3 1222/1195/3 1223/1197/3 2087/1272/3
f 2087/1272/3 1223/1197/3 1224/1199/3 2088/1273/3
f 2088/1273/3 1224/1199/3 1225/330/3 2089/329/3
f 1201/322/62 2095/1274/62 1219/816/62 101/323/62
f 2095/1274/69 2101/1275/69 1218/827/69 1219/816/69
f 2101/1275/64 2107/1276/64 1217/833/64 1218/827/64
f 2107/1276/65 2113/1277/65 1216/839/65 1217/833/65
f 2113/1277/66 2119/1278/66 1215/845/66 1216/839/66
f 2119/1278/67 2125/325/67 1214/328/67 1215/845/67
f 90/283/62 1093/1279/62 2090/1280/62 1196/1281/62
f 1196/1281/62 2090/1280/62 2091/1282/62 1197/1283/62
f 1197/1283/62 2091/1282/62 2092/1284/62 1198/1285/62
f 1198/1285/62 2092/1284/62 2093/1286/62 1199/1287/62
f 1199/1287/62 2093/1286/62 2094/1288/62 1200/1289/62
f 1200/1289/62 2094/1288/62 2095/1274/62 1201/322/62
f 1093/1279/69 1092/1290/69 2096/1291/69 2090/1280/69
f 2090/1280/69 2096/1291/69 2097/1292/69 2091/1282/69
f 2091/1282/69 2097/1292/69 2098/1293/69 2092/1284/69
f 2092/1284/69 2098/1293/69 2099/1294/69 2093/1286/69
f 2093/1286/69 2099/1294/69 2100/1295/69 2094/1288/69
f 2094/1288/69 2100/1295/69 2101/1275/69 2095/1274/69
f 1092/1290/64 1091/1296/64 2102/1297/64 2096/1291/64
f 2096/1291/64 2102/1297/64 2103/1298/64 2097/1292/64
f 2097/1292/64 2103/1298/64 2104/1299/64 2098/1293/64
f 2098/1293/64 2104/1299/64 2105/1300/64 2099/1294/64
f 2099/1294/64 2105/1300/64 2106/1301/64 2100/1295/64
f 2100/1295/64 2106/1301/64 2107/1276/64 2101/1275/64
f 1091/1296/65 1090/1302/65 2108/1303/65 2102/1297/65
f 2102/1297/65 2108/1303/65 2109/1304/65 2103/1298/65
f 2103/1298/65 2109/1304/65 2110/1305/65 2104/1299/65
f 2104/1299/65 2110/1305/65 2111/1306/65 2105/1300/65
f 2105/1300/65 2111/1306/65 2112/1307/65 2106/1301/65
f 2106/1301/65 2112/1307/65 2113/1277/65 2107/1276/65
f 1090/1302/66 1089/1308/66 2114/1309/66 2108/1303/66
f 2108/1303/66 2114/1309/66 2115/1310/66 2109/1304/66
f 2109/1304/66 2115/1310/66 2116/1311/66 2110/1305/66
f 2110/1305/66 2116/1311/66 2117/1312/66 2111/1306/66
f 2111/1306/66 2117/1312/66 2118/1313/66 2112/1307/66
f 2112/1307/66 2118/1313/66 2119/1278/66 2113/1277/66
f 1089/1308/68 1088/288/68 2120/1314/68 2114/1309/68
f 2114/1309/68 2120/1314/68 2121/1315/68 2115/1310/68
f 2115/1310/68 2121/1315/68 2122/1316/68 2116/1311/68
f 2116/1311/68 2122/1316/68 2123/1317/67 2117/1312/67
f 2117/1312/67 2123/1317/67 2124/1318/67 2118/1313/67
f 2118/1313/67 2124/1318/67 2125/325/67 2119/1278/67
f 1088/288/2 91/287/2 1208/1236/2 2120/1314/2
f 2120/1314/2 1208/1236/2 1209/1238/2 2121/1315/2
f 2121/1315/2 1209/1238/2 1210/1240/2 2122/1316/2
f 2122/1316/2 1210/1240/2 1211/1242/2 2123/1317/2
f 2123/1317/2 1211/1242/2 1212/1244/2 2124/1318/2
f 2124/1318/2 1212/1244/2 1213/326/2 2125/325/2
f 1190/1319/70 2131/1320/70 1207/869/70 100/868/70
f 2131/1320/71 2137/1321/71 1206/880/71 1207/869/71
f 2137/1321/72 2143/1322/72 1205/886/72 1206/880/72
f 2143/1322/73 2149/1323/73 1204/892/73 1205/886/73
f 2149/1323/74 2155/1324/74 1203/898/74 1204/892/74
f 2155/1324/75 2161/321/75 1202/324/75 1203/898/75
f 89/1325/70 1081/1326/70 2126/1327/70 1195/1328/70
f 1195/1328/70 2126/1327/70 2127/1329/70 1194/1330/70
f 1194/1330/70 2127/1329/70 2128/1331/70 1193/1332/70
f 1193/1332/70 2128/1331/70 2129/1333/70 1192/1334/70
f 1192/1334/70 2129/1333/70 2130/1335/70 1191/1336/70
f 1191/1336/70 2130/1335/70 2131/1320/70 1190/1319/70
f 1081/1326/71 1080/1337/71 2132/1338/71 2126/1327/71
f 2126/1327/71 2132/1338/71 2133/1339/71 2127/1329/71
f 2127/1329/71 2133/1339/71 2134/1340/71 2128/1331/71
f 2128/1331/71 2134/1340/71 2135/1341/71 2129/1333/71
f 2129/1333/71 2135/1341/71 2136/1342/71 2130/1335/71
f 2130/1335/71 2136/1342/71 2137/1321/71 2131/1320/71
f 1080/1337/72 1079/1343/72 2138/1344/72 2132/1338/72
f 2132/1338/72 2138/1344/72 2139/1345/72 2133/1339/72
f 2133/1339/72 2139/1345/72 2140/1346/72 2134/1340/72
f 2134/1340/72 2140/1346/72 2141/1347/72 2135/1341/72
f 2135/1341/72 2141/1347/72 2142/1348/72 2136/1342/72
f 2136/1342/72 2142/1348/72 2143/1322/72 2137/1321/72
f 1079/1343/73 1078/1349/73 2144/1350/73 2138/1344/73
f 2138/1344/73 2144/1350/73 2145/1351/73 2139/1345/73
f 2139/1345/73 2145/1351/73 2146/1352/73 2140/1346/73
f 2140/1346/73 2146/1352/73 2147/1353/73 2141/1347/73
f 2141/1347/73 2147/1353/73 2148/1354/73 2142/1348/73
f 2142/1348/73 2148/1354/73 2149/1323/73 2143/1322/73
f 1078/1349/74 1077/1355/74 2150/1356/74 2144/1350/74
f 2144/1350/74 2150/1356/74 2151/1357/74 2145/1351/74
f 2145/1351/74 2151/1357/74 2152/1358/74 2146/1352/74
f 2146/1352/74 2152/1358/74 2153/1359/74 2147/1353/74
f 2147/1353/74 2153/1359/74 2154/1360/74 2148/1354/74
f 2148/1354/74 2154/1360/74 2155/1324/74 2149/1323/74
f 1077/1355/75 1076/284/75 2156/1361/75 2150/1356/75
f 2150/1356/75 2156/1361/75 2157/1362/75 2151/1357/75
f 2151/1357/75 2157/1362/75 2158/1363/75 2152/1358/75
f 2152/1358/75 2158/1363/75 2159/1364/75 2153/1359/75
f 2153/1359/75 2159/1364/75 2160/1365/75 2154/1360/75
f 2154/1360/75 2160/1365/75 2161/321/75 2155/1324/75
f 1076/284/1 90/283/1 1196/1281/1 2156/1361/1
f 2156/1361/1 1196/1281/1 1197/1283/1 2157/1362/1
f 2157/1362/1 1197/1283/1 1198/1285/1 2158/1363/1
f 2158/1363/1 1198/1285/1 1199/1287/1 2159/1364/1
f 2159/1364/1 1199/1287/1 1200/1289/1 2160/1365/1
f 2160/1365/1 1200/1289/1 1201/322/1 2161/321/1
f 1171/314/12 2167/1366/12 1189/914/12 98/315/12
f 2167/1366/13 2173/1367/13 1188/925/13 1189/914/13
f 2173/1367/14 2179/1368/14 1187/931/14 1188/925/14
f 2179/1368/15 2185/1369/15 1186/937/15 1187/931/15
f 2185/1369/16 2191/1370/16 1185/943/16 1186/937/16
f 2191/1370/17 2197/317/17 1184/320/17 1185/943/17
f 87/275/12 1063/1371/12 2162/1372/12 1166/1373/12
f 1166/1373/12 2162/1372/12 2163/1374/12 1167/1375/12
f 1167/1375/12 2163/1374/12 2164/1376/12 1168/1377/12
f 1168/1377/12 2164/1376/12 2165/1378/12 1169/1379/12
f 1169/1379/12 2165/1378/12 2166/1380/12 1170/1381/12
f 1170/1381/12 2166/1380/12 2167/1366/12 1171/314/12
f 1063/1371/13 1062/1382/13 2168/1383/13 2162/1372/13
f 2162/1372/13 2168/1383/13 2169/1384/13 2163/1374/13
f 2163/1374/13 2169/1384/13 2170/1385/13 2164/1376/13
f 2164/1376/13 2170/1385/13 2171/1386/13 2165/1378/13
f 2165/1378/13 2171/1386/13 2172/1387/13 2166/1380/13
f 2166/1380/13 2172/1387/13 2173/1367/13 2167/1366/13
f 1062/1382/14 1061/1388/14 2174/1389/14 2168/1383/14
f 2168/1383/14 2174/1389/14 2175/1390/14 2169/1384/14
f 2169/1384/14 2175/1390/14 2176/1391/14 2170/1385/14
f 2170/1385/14 2176/1391/14 2177/1392/14 2171/1386/14
f 2171/1386/14 2177/1392/14 2178/1393/14 2172/1387/14
f 2172/1387/14 2178/1393/14 2179/1368/14 2173/1367/14
f 1061/1388/15 1060/1394/15 2180/1395/15 2174/1389/15
f 2174/1389/15 2180/1395/15 2181/1396/15 2175/1390/15
f 2175/1390/15 2181/1396/15 2182/1397/15 2176/1391/15
f 2176/1391/15 2182/1397/15 2183/1398/15 2177/1392/15
f 2177/1392/15 2183/1398/15 2184/1399/15 2178/1393/15
f 2178/1393/15 2184/1399/15 2185/1369/15 2179/1368/15
f 1060/1394/16 1059/1400/16 2186/1401/16 2180/1395/16
f 2180/1395/16 2186/1401/16 2187/1402/16 2181/1396/16
f 2181/1396/16 2187/1402/16 2188/1403/16 2182/1397/16
f 2182/1397/16 2188/1403/16 2189/1404/16 2183/1398/16
f 2183/1398/16 2189/1404/16 2190/1405/16 2184/1399/16
f 2184/1399/16 2190/1405/16 2191/1370/16 2185/1369/16
f 1059/1400/17 1058/280/17 2192/1406/17 2186/1401/17
f 2186/1401/17 2192/1406/17 2193/1407/17 2187/1402/17
f 2187/1402/17 2193/1407/17 2194/1408/17 2188/1403/17
f 2188/1403/17 2194/1408/17 2195/1409/17 2189/1404/17
f 2189/1404/17 2195/1409/17 2196/1410/17 2190/1405/17
f 2190/1405/17 2196/1410/17 2197/317/17 2191/1370/17
f 1058/280/10 88/279/10 1178/1411/10 2192/1406/10
f 2192/1406/10 1178/1411/10 1179/1412/10 2193/1407/10
f 2193/1407/10 1179/1412/10 1180/1413/10 2194/1408/10
f 2194/1408/10 1180/1413/10 1181/1414/10 2195/1409/10
f 2195/1409/10 1181/1414/10 1182/1415/10 2196/1410/10
f 2196/1410/10 1182/1415/10 1183/318/10 2197/317/10
f 1159/310/18 2203/1416/18 1177/964/18 97/311/18
f 2203/1416/20 2209/1417/20 1176/975/20 1177/964/20
f 2209/1417/21 2215/1418/21 1175/981/21 1176/975/21
f 2215/1418/22 2221/1419/22 1174/987/22 1175/981/22
f 2221/1419/23 2227/1420/23 1173/993/23 1174/987/23
f 2227/1420/25 2233/313/25 1172/316/25 1173/993/25
f 86/271/18 1051/1421/18 2198/1422/18 1154/1423/18
f 1154/1423/18 2198/1422/18 2199/1424/18 1155/1425/18
f 1155/1425/18 2199/1424/18 2200/1426/18 1156/1427/18
f 1156/1427/18 2200/1426/18 2201/1428/18 1157/1429/18
f 1157/1429/18 2201/1428/18 2202/1430/18 1158/1431/18
f 1158/1431/18 2202/1430/18 2203/1416/18 1159/310/18
f 1051/1421/20 1050/1432/20 2204/1433/20 2198/1422/20
f 2198/1422/20 2204/1433/20 2205/1434/20 2199/1424/20
f 2199/1424/20 2205/1434/20 2206/1435/20 2200/1426/20
f 2200/1426/20 2206/1435/20 2207/1436/20 2201/1428/20
f 2201/1428/20 2207/1436/20 2208/1437/20 2202/1430/20
f 2202/1430/20 2208/1437/20 2209/1417/20 2203/1416/20
f 1050/1432/21 1049/1438/21 2210/1439/21 2204/1433/21
f 2204/1433/21 2210/1439/21 2211/1440/21 2205/1434/21
f 2205/1434/21 2211/1440/21 2212/1441/21 2206/1435/21
f 2206/1435/21 2212/1441/21 2213/1442/21 2207/1436/21
f 2207/1436/21 2213/1442/21 2214/1443/21 2208/1437/21
f 2208/1437/21 2214/1443/21 2215/1418/21 2209/1417/21
f 1049/1438/22 1048/1444/22 2216/1445/22 2210/1439/22
f 2210/1439/22 2216/1445/22 2217/1446/22 2211/1440/22
f 2211/1440/22 2217/1446/22 2218/1447/22 2212/1441/22
f 2212/1441/22 2218/1447/22 2219/1448/22 2213/1442/22
f 2213/1442/22 2219/1448/22 2220/1449/22 2214/1443/22
f 2214/1443/22 2220/1449/22 2221/1419/22 2215/1418/22
f 1048/1444/23 1047/1450/23 2222/1451/23 2216/1445/23
f 2216/1445/23 2222/1451/23 2223/1452/23 2217/1446/23
f 2217/1446/23 2223/1452/23 2224/1453/23 2218/1447/23
f 2218/1447/23 2224/1453/23 2225/1454/23 2219/1448/23
f 2219/1448/23 2225/1454/23 2226/1455/23 2220/1449/23
f 2220/1449/23 2226/1455/23 2227/1420/23 2221/1419/23
f 1047/1450/25 1046/276/25 2228/1456/25 2222/1451/25
f 2222/1451/25 2228/1456/25 2229/1457/25 2223/1452/25
f 2223/1452/25 2229/1457/25 2230/1458/25 2224/1453/25
f 2224/1453/25 2230/1458/25 2231/1459/25 2225/1454/25
f 2225/1454/25 2231/1459/25 2232/1460/25 2226/1455/25
f 2226/1455/25 2232/1460/25 2233/313/25 2227/1420/25
f 1046/276/9 87/275/9 1166/1373/9 2228/1456/9
f 2228/1456/9 1166/1373/9 1167/1375/9 2229/1457/9
f 2229/1457/9 1167/1375/9 1168/1377/9 2230/1458/9
f 2230/1458/9 1168/1377/9 1169/1379/9 2231/1459/9
f 2231/1459/9 1169/1379/9 1170/1381/9 2232/1460/9
f 2232/1460/9 1170/1381/9 1171/314/9 2233/313/9
f 1147/306/26 2239/1461/26 1165/1009/26 96/307/26
f 2239/1461/27 2245/1462/27 1164/1020/27 1165/1009/27
f 2245/1462/28 2251/1463/28 1163/1026/28 1164/1020/28
f 2251/1463/29 2257/1464/29 1162/1032/29 1163/1026/29
f 2257/1464/30 2263/1465/30 1161/1038/30 1162/1032/30
f 2263/1465/31 2269/309/31 1160/312/31 1161/1038/31
f 85/267/26 1039/1466/26 2234/1467/26 1142/1468/26
f 1142/1468/26 2234/1467/26 2235/1469/26 1143/1470/26
f 1143/1470/26 2235/1469/26 2236/1471/26 1144/1472/26
f 1144/1472/26 2236/1471/26 2237/1473/26 1145/1474/26
f 1145/1474/26 2237/1473/26 2238/1475/26 1146/1476/26
f 1146/1476/26 2238/1475/26 2239/1461/26 1147/306/26
f 1039/1466/27 1038/1477/27 2240/1478/27 2234/1467/27
f 2234/1467/27 2240/1478/27 2241/1479/27 2235/1469/27
f 2235/1469/27 2241/1479/27 2242/1480/27 2236/1471/27
f 2236/1471/27 2242/1480/27 2243/1481/27 2237/1473/27
f 2237/1473/27 2243/1481/27 2244/1482/27 2238/1475/27
f 2238/1475/27 2244/1482/27 2245/1462/27 2239/1461/27
f 1038/1477/28 1037/1483/28 2246/1484/28 2240/1478/28
f 2240/1478/28 2246/1484/28 2247/1485/28 2241/1479/28
f 2241/1479/28 2247/1485/28 2248/1486/28 2242/1480/28
f 2242/1480/28 2248/1486/28 2249/1487/28 2243/1481/28
f 2243/1481/28 2249/1487/28 2250/1488/28 2244/1482/28
f 2244/1482/28 2250/1488/28 2251/1463/28 2245/1462/28
f 1037/1483/29 1036/1489/29 2252/1490/29 2246/1484/29
f 2246/1484/29 2252/1490/29 2253/1491/29 2247/1485/29
f 2247/1485/29 2253/1491/29 2254/1492/29 2248/1486/29
f 2248/1486/29 2254/1492/29 2255/1493/29 2249/1487/29
f 2249/1487/29 2255/1493/29 2256/1494/29 2250/1488/29
f 2250/1488/29 2256/1494/29 2257/1464/29 2251/1463/29
f 1036/1489/30 1035/1495/30 2258/1496/30 2252/1490/30
f 2252/1490/30 2258/1496/30 2259/1497/30 2253/1491/30
f 2253/1491/30 2259/1497/30 2260/1498/30 2254/1492/30
f 2254/1492/30 2260/1498/30 2261/1499/30 2255/1493/30
f 2255/1493/30 2261/1499/30 2262/1500/30 2256/1494/30
f 2256/1494/30 2262/1500/30 2263/1465/30 2257/1464/30
f 1035/1495/31 1034/272/31 2264/1501/31 2258/1496/31
f 2258/1496/31 2264/1501/31 2265/1502/31 2259/1497/31
f 2259/1497/31 2265/1502/31 2266/1503/31 2260/1498/31
f 2260/1498/31 2266/1503/31 2267/1504/31 2261/1499/31
f 2261/1499/31 2267/1504/31 2268/1505/31 2262/1500/31
f 2262/1500/31 2268/1505/31 2269/309/31 2263/1465/31
f 1034/272/8 86/271/8 1154/1423/8 2264/1501/8
f 2264/1501/8 1154/1423/8 1155/1425/8 2265/1502/8
f 2265/1502/8 1155/1425/8 1156/1427/8 2266/1503/8
f 2266/1503/8 1156/1427/8 1157/1429/8 2267/1504/8
f 2267/1504/8 1157/1429/8 1158/1431/8 2268/1505/8
f 2268/1505/8 1158/1431/8 1159/310/8 2269/309/8
f 1135/302/76 2275/1506/76 1153/1054/76 95/303/76
f 2275/1506/33 2281/1507/33 1152/1065/33 1153/1054/33
f 2281/1507/34 2287/1508/34 1151/1071/34 1152/1065/34
f 2287/1508/35 2293/1509/35 1150/1077/35 1151/1071/35
f 2293/1509/36 2299/1510/36 1149/1083/36 1150/1077/36
f 2299/1510/37 2305/305/37 1148/308/37 1149/1083/37
f 84/263/76 1027/1511/76 2270/1512/76 1130/1513/76
f 1130/1513/76 2270/1512/76 2271/1514/76 1131/1515/76
f 1131/1515/76 2271/1514/76 2272/1516/76 1132/1517/76
f 1132/1517/76 2272/1516/76 2273/1518/76 1133/1519/76
f 1133/1519/76 2273/1518/76 2274/1520/76 1134/1521/76
f 1134/1521/76 2274/1520/76 2275/1506/76 1135/302/76
f 1027/1511/33 1026/1522/33 2276/1523/33 2270/1512/33
f 2270/1512/33 2276/1523/33 2277/1524/33 2271/1514/33
f 2271/1514/33 2277/1524/33 2278/1525/33 2272/1516/33
f 2272/1516/33 2278/1525/33 2279/1526/33 2273/1518/33
f 2273/1518/33 2279/1526/33 2280/1527/33 2274/1520/33
f 2274/1520/33 2280/1527/33 2281/1507/33 2275/1506/33
f 1026/1522/34 1025/1528/34 2282/1529/34 2276/1523/34
f 2276/1523/34 2282/1529/34 2283/1530/34 2277/1524/34
f 2277/1524/34 2283/1530/34 2284/1531/34 2278/1525/34
f 2278/1525/34 2284/1531/34 2285/1532/34 2279/1526/34
f 2279/1526/34 2285/1532/34 2286/1533/34 2280/1527/34
f 2280/1527/34 2286/1533/34 2287/1508/34 2281/1507/34
f 1025/1528/35 1024/1534/35 2288/1535/35 2282/1529/35
f 2282/1529/35 2288/1535/35 2289/1536/35 2283/1530/35
f 2283/1530/35 2289/1536/35 2290/1537/35 2284/1531/35
f 2284/1531/35 2290/1537/35 2291/1538/35 2285/1532/35
f 2285/1532/35 2291/1538/35 2292/1539/35 2286/1533/35
f 2286/1533/35 2292/1539/35 2293/1509/35 2287/1508/35
f 1024/1534/36 1023/1540/36 2294/1541/36 2288/1535/36
f 2288/1535/36 2294/1541/36 2295/1542/36 2289/1536/36
f 2289/1536/36 2295/1542/36 2296/1543/36 2290/1537/36
f 2290/1537/36 2296/1543/36 2297/1544/36 2291/1538/36
f 2291/1538/36 2297/1544/36 2298/1545/36 2292/1539/36
f 2292/1539/36 2298/1545/36 2299/1510/36 2293/1509/36
f 1023/1540/37 1022/268/37 2300/1546/37 2294/1541/37
f 2294/1541/37 2300/1546/37 2301/1547/37 2295/1542/37
f 2295/1542/37 2301/1547/37 2302/1548/37 2296/1543/37
f 2296/1543/37 2302/1548/37 2303/1549/37 2297/1544/37
f 2297/1544/37 2303/1549/37 2304/1550/37 2298/1545/37
f 2298/1545/37 2304/1550/37 2305/305/37 2299/1510/37
f 1022/268/7 85/267/7 1142/1468/7 2300/1546/7
f 2300/1546/7 1142/1468/7 1143/1470/7 2301/1547/7
f 2301/1547/7 1143/1470/7 1144/1472/7 2302/1548/7
f 2302/1548/7 1144/1472/7 1145/1474/7 2303/1549/7
f 2303/1549/7 1145/1474/7 1146/1476/7 2304/1550/7
f 2304/1550/7 1146/1476/7 1147/306/7 2305/305/7
f 1123/298/38 2311/1551/38 1141/1099/38 94/299/38
f 2311/1551/39 2317/1552/39 1140/1110/39 1141/1099/39
f 2317/1552/40 2323/1553/40 1139/1116/40 1140/1110/40
f 2323/1553/41 2329/1554/41 1138/1122/41 1139/1116/41
f 2329/1554/42 2335/1555/42 1137/1128/42 1138/1122/42
f 2335/1555/43 2341/301/43 1136/304/43 1137/1128/43
f 83/259/38 1015/1556/38 2306/1557/38 1118/1558/38
f 1118/1558/38 2306/1557/38 2307/1559/38 1119/1560/38
f 1119/1560/38 2307/1559/38 2308/1561/38 1120/1562/38
f 1120/1562/38 2308/1561/38 2309/1563/38 1121/1564/38
f 1121/1564/38 2309/1563/38 2310/1565/38 1122/1566/38
f 1122/1566/38 2310/1565/38 2311/1551/38 1123/298/38
f 1015/1556/39 1014/1567/39 2312/1568/39 2306/1557/39
f 2306/1557/39 2312/1568/39 2313/1569/39 2307/1559/39
f 2307/1559/39 2313/1569/39 2314/1570/39 2308/1561/39
f 2308/1561/39 2314/1570/39 2315/1571/39 2309/1563/39
f 2309/1563/39 2315/1571/39 2316/1572/39 2310/1565/39
f 2310/1565/39 2316/1572/39 2317/1552/39 2311/1551/39
f 1014/1567/40 1013/1573/40 2318/1574/40 2312/1568/40
f 2312/1568/40 2318/1574/40 2319/1575/40 2313/1569/40
f 2313/1569/40 2319/1575/40 2320/1576/40 2314/1570/40
f 2314/1570/40 2320/1576/40 2321/1577/40 2315/1571/40
f 2315/1571/40 2321/1577/40 2322/1578/40 2316/1572/40
f 2316/1572/40 2322/1578/40 2323/1553/40 2317/1552/40
f 1013/1573/41 1012/1579/41 2324/1580/41 2318/1574/41
f 2318/1574/41 2324/1580/41 2325/1581/41 2319/1575/41
f 2319/1575/41 2325/1581/41 2326/1582/41 2320/1576/41
f 2320/1576/41 2326/1582/41 2327/1583/41 2321/1577/41
f 2321/1577/41 2327/1583/41 2328/1584/41 2322/1578/41
f 2322/1578/41 2328/1584/41 2329/1554/41 2323/1553/41
f 1012/1579/42 1011/1585/42 2330/1586/42 2324/1580/42
f 2324/1580/42 2330/1586/42 2331/1587/42 2325/1581/42
f 2325/1581/42 2331/1587/42 2332/1588/42 2326/1582/42
f 2326/1582/42 2332/1588/42 2333/1589/42 2327/1583/42
f 2327/1583/42 2333/1589/42 2334/1590/42 2328/1584/42
f 2328/1584/42 2334/1590/42 2335/1555/42 2329/1554/42
f 1011/1585/43 1010/264/43 2336/1591/43 2330/1586/43
f 2330/1586/43 2336/1591/43 2337/1592/43 2331/1587/43
f 2331/1587/43 2337/1592/43 2338/1593/43 2332/1588/43
f 2332/1588/43 2338/1593/43 2339/1594/43 2333/1589/43
f 2333/1589/43 2339/1594/43 2340/1595/43 2334/1590/43
f 2334/1590/43 2340/1595/43 2341/301/43 2335/1555/43
f 1010/264/6 84/263/6 1130/1513/6 2336/1591/6
f 2336/1591/6 1130/1513/6 1131/1515/6 2337/1592/6
f 2337/1592/6 1131/1515/6 1132/1517/6 2338/1593/6
f 2338/1593/6 1132/1517/6 1133/1519/6 2339/1594/6
f 2339/1594/6 1133/1519/6 1134/1521/6 2340/1595/6
f 2340/1595/6 1134/1521/6 1135/302/6 2341/301/6
f 1111/294/44 2347/1596/44 1129/1144/44 93/295/44
f 2347/1596/45 2353/1597/45 1128/1155/45 1129/1144/45
f 2353/1597/46 2359/1598/46 1127/1161/46 1128/1155/46
f 2359/1598/47 2365/1599/47 1126/1167/47 1127/1161/47
f 2365/1599/48 2371/1600/48 1125/1173/48 1126/1167/48
f 2371/1600/49 2377/297/49 1124/300/49 1125/1173/49
f 82/255/44 1003/1601/44 2342/1602/44 1106/1603/44
f 1106/1603/44 2342/1602/44 2343/1604/44 1107/1605/44
f 1107/1605/44 2343/1604/44 2344/1606/44 1108/1607/44
f 1108/1607/44 2344/1606/44 2345/1608/44 1109/1609/44
f 1109/1609/44 2345/1608/44 2346/1610/44 1110/1611/44
f 1110/1611/44 2346/1610/44 2347/1596/44 1111/294/44
f 1003/1601/45 1002/1612/45 2348/1613/45 2342/1602/45
f 2342/1602/45 2348/1613/45 2349/1614/45 2343/1604/45
f 2343/1604/45 2349/1614/45 2350/1615/45 2344/1606/45
f 2344/1606/45 2350/1615/45 2351/1616/45 2345/1608/45
f 2345/1608/45 2351/1616/45 2352/1617/45 2346/1610/45
f 2346/1610/45 2352/1617/45 2353/1597/45 2347/1596/45
f 1002/1612/46 1001/1618/46 2354/1619/46 2348/1613/46
f 2348/1613/46 2354/1619/46 2355/1620/46 2349/1614/46
f 2349/1614/46 2355/1620/46 2356/1621/46 2350/1615/46
f 2350/1615/46 2356/1621/46 2357/1622/46 2351/1616/46
f 2351/1616/46 2357/1622/46 2358/1623/46 2352/1617/46
f 2352/1617/46 2358/1623/46 2359/1598/46 2353/1597/46
f 1001/1618/47 1000/1624/47 2360/1625/47 2354/1619/47
f 2354/1619/47 2360/1625/47 2361/1626/47 2355/1620/47
f 2355/1620/47 2361/1626/47 2362/1627/47 2356/1621/47
f 2356/1621/47 2362/1627/47 2363/1628/47 2357/1622/47
f 2357/1622/47 2363/1628/47 2364/1629/47 2358/1623/47
f 2358/1623/47 2364/1629/47 2365/1599/47 2359/1598/47
f 1000/1624/48 999/1630/48 2366/1631/48 2360/1625/48
f 2360/1625/48 2366/1631/48 2367/1632/48 2361/1626/48
f 2361/1626/48 2367/1632/48 2368/1633/48 2362/1627/48
f 2362/1627/48 2368/1633/48 2369/1634/48 2363/1628/48
f 2363/1628/48 2369/1634/48 2370/1635/48 2364/1629/48
f 2364/1629/48 2370/1635/48 2371/1600/48 2365/1599/48
f 999/1630/49 998/260/49 2372/1636/49 2366/1631/49
f 2366/1631/49 2372/1636/49 2373/1637/49 2367/1632/49
f 2367/1632/49 2373/1637/49 2374/1638/49 2368/1633/49
f 2368/1633/49 2374/1638/49 2375/1639/49 2369/1634/49
f 2369/1634/49 2375/1639/49 2376/1640/49 2370/1635/49
f 2370/1635/49 2376/1640/49 2377/297/49 2371/1600/49
f 998/260/5 83/259/5 1118/1558/5 2372/1636/5
f 2372/1636/5 1118/1558/5 1119/1560/5 2373/1637/5
f 2373/1637/5 1119/1560/5 1120/1562/5 2374/1638/5
f 2374/1638/5 1120/1562/5 1121/1564/5 2375/1639/5
f 2375/1639/5 1121/1564/5 1122/1566/5 2376/1640/5
f 2376/1640/5 1122/1566/5 1123/298/5 2377/297/5
f 1099/290/50 2383/1641/50 1117/1189/50 92/291/50
f 2383/1641/51 2389/1642/51 1116/1200/51 1117/1189/51
f 2389/1642/52 2395/1643/52 1115/1206/52 1116/1200/52
f 2395/1643/53 2401/1644/53 1114/1212/53 1115/1206/53
f 2401/1644/54 2407/1645/54 1113/1218/54 1114/1212/54
f 2407/1645/55 2413/293/55 1112/296/55 1113/1218/55
f 81/251/50 991/1646/50 2378/1647/50 1094/1648/50
f 1094/1648/50 2378/1647/50 2379/1649/50 1095/1650/50
f 1095/1650/50 2379/1649/50 2380/1651/50 1096/1652/50
f 1096/1652/50 2380/1651/50 2381/1653/50 1097/1654/50
f 1097/1654/50 2381/1653/50 2382/1655/50 1098/1656/50
f 1098/1656/50 2382/1655/50 2383/1641/50 1099/290/50
f 991/1646/51 990/1657/51 2384/1658/51 2378/1647/51
f 2378/1647/51 2384/1658/51 2385/1659/51 2379/1649/51
f 2379/1649/51 2385/1659/51 2386/1660/51 2380/1651/51
f 2380/1651/51 2386/1660/51 2387/1661/51 2381/1653/51
f 2381/1653/51 2387/1661/51 2388/1662/51 2382/1655/51
f 2382/1655/51 2388/1662/51 2389/1642/51 2383/1641/51
f 990/1657/52 989/1663/52 2390/1664/52 2384/1658/52
f 2384/1658/52 2390/1664/52 2391/1665/52 2385/1659/52
f 2385/1659/52 2391/1665/52 2392/1666/52 2386/1660/52
f 2386/1660/52 2392/1666/52 2393/1667/52 2387/1661/52
f 2387/1661/52 2393/1667/52 2394/1668/52 2388/1662/52
f 2388/1662/52 2394/1668/52 2395/1643/52 2389/1642/52
f 989/1663/53 988/1669/53 2396/1670/53 2390/1664/53
f 2390/1664/53 2396/1670/53 2397/1671/53 2391/1665/53
f 2391/1665/53 2397/1671/53 2398/1672/53 2392/1666/53
f 2392/1666/53 2398/1672/53 2399/1673/53 2393/1667/53
f 2393/1667/53 2399/1673/53 2400/1674/53 2394/1668/53
f 2394/1668/53 2400/1674/53 2401/1644/53 2395/1643/53
f 988/1669/54 987/1675/54 2402/1676/54 2396/1670/54
f 2396/1670/54 2402/1676/54 2403/1677/54 2397/1671/54
f 2397/1671/54 2403/1677/54 2404/1678/54 2398/1672/54
f 2398/1672/54 2404/1678/54 2405/1679/54 2399/1673/54
f 2399/1673/54 2405/1679/54 2406/1680/54 2400/1674/54
f 2400/1674/54 2406/1680/54 2407/1645/54 2401/1644/54
f 987/1675/55 986/256/55 2408/1681/55 2402/1676/55
f 2402/1676/55 2408/1681/55 2409/1682/55 2403/1677/55
f 2403/1677/55 2409/1682/55 2410/1683/55 2404/1678/55
f 2404/1678/55 2410/1683/55 2411/1684/55 2405/1679/55
f 2405/1679/55 2411/1684/55 2412/1685/55 2406/1680/55
f 2406/1680/55 2412/1685/55 2413/293/55 2407/1645/55
f 986/256/4 82/255/4 1106/1603/4 2408/1681/4
f 2408/1681/4 1106/1603/4 1107/1605/4 2409/1682/4
f 2409/1682/4 1107/1605/4 1108/1607/4 2410/1683/4
f 2410/1683/4 1108/1607/4 1109/1609/4 2411/1684/4
f 2411/1684/4 1109/1609/4 1110/1611/4 2412/1685/4
f 2412/1685/4 1110/1611/4 1111/294/4 2413/293/4
f 1087/286/56 2419/1686/56 1105/1234/56 91/287/56
f 2419/1686/57 2425/1687/57 1104/1245/57 1105/1234/57
f 2425/1687/58 2431/1688/58 1103/1251/58 1104/1245/58
f 2431/1688/59 2437/1689/59 1102/1257/59 1103/1251/59
f 2437/1689/60 2443/1690/60 1101/1263/60 1102/1257/60
f 2443/1690/61 2449/289/61 1100/292/61 1101/1263/61
f 80/247/56 979/1691/56 2414/1692/56 1082/1693/56
f 1082/1693/56 2414/1692/56 2415/1694/56 1083/1695/56
f 1083/1695/56 2415/1694/56 2416/1696/56 1084/1697/56
f 1084/1697/56 2416/1696/56 2417/1698/56 1085/1699/56
f 1085/1699/56 2417/1698/56 2418/1700/56 1086/1701/56
f 1086/1701/56 2418/1700/56 2419/1686/56 1087/286/56
f 979/1691/57 978/1702/57 2420/1703/57 2414/1692/57
f 2414/1692/57 2420/1703/57 2421/1704/57 2415/1694/57
f 2415/1694/57 2421/1704/57 2422/1705/57 2416/1696/57
f 2416/1696/57 2422/1705/57 2423/1706/57 2417/1698/57
f 2417/1698/57 2423/1706/57 2424/1707/57 2418/1700/57
f 2418/1700/57 2424/1707/57 2425/1687/57 2419/1686/57
f 978/1702/58 977/1708/58 2426/1709/58 2420/1703/58
f 2420/1703/58 2426/1709/58 2427/1710/58 2421/1704/58
f 2421/1704/58 2427/1710/58 2428/1711/58 2422/1705/58
f 2422/1705/58 2428/1711/58 2429/1712/58 2423/1706/58
f 2423/1706/58 2429/1712/58 2430/1713/58 2424/1707/58
f 2424/1707/58 2430/1713/58 2431/1688/58 2425/1687/58
f 977/1708/59 976/1714/59 2432/1715/59 2426/1709/59
f 2426/1709/59 2432/1715/59 2433/1716/59 2427/1710/59
f 2427/1710/59 2433/1716/59 2434/1717/59 2428/1711/59
f 2428/1711/59 2434/1717/59 2435/1718/59 2429/1712/59
f 2429/1712/59 2435/1718/59 2436/1719/59 2430/1713/59
f 2430/1713/59 2436/1719/59 2437/1689/59 2431/1688/59
f 976/1714/60 975/1720/60 2438/1721/60 2432/1715/60
f 2432/1715/60 2438/1721/60 2439/1722/60 2433/1716/60
f 2433/1716/60 2439/1722/60 2440/1723/60 2434/1717/60
f 2434/1717/60 2440/1723/60 2441/1724/60 2435/1718/60
f 2435/1718/60 2441/1724/60 2442/1725/60 2436/1719/60
f 2436/1719/60 2442/1725/60 2443/1690/60 2437/1689/60
f 975/1720/61 974/252/61 2444/1726/61 2438/1721/61
f 2438/1721/61 2444/1726/61 2445/1727/61 2439/1722/61
f 2439/1722/61 2445/1727/61 2446/1728/61 2440/1723/61
f 2440/1723/61 2446/1728/61 2447/1729/61 2441/1724/61
f 2441/1724/61 2447/1729/61 2448/1730/61 2442/1725/61
f 2442/1725/61 2448/1730/61 2449/289/61 2443/1690/61
f 974/252/3 81/251/3 1094/1648/3 2444/1726/3
f 2444/1726/3 1094/1648/3 1095/1650/3 2445/1727/3
f 2445/1727/3 1095/1650/3 1096/1652/3 2446/1728/3
f 2446/1728/3 1096/1652/3 1097/1654/3 2447/1729/3
f 2447/1729/3 1097/1654/3 1098/1656/3 2448/1730/3
f 2448/1730/3 1098/1656/3 1099/290/3 2449/289/3
f 1075/282/62 2455/1731/62 1093/1279/62 90/283/62
f 2455/1731/69 2461/1732/69 1092/1290/69 1093/1279/69
f 2461/1732/64 2467/1733/64 1091/1296/64 1092/1290/64
f 2467/1733/65 2473/1734/65 1090/1302/65 1091/1296/65
f 2473/1734/66 2479/1735/66 1089/1308/66 1090/1302/66
f 2479/1735/68 2485/285/68 1088/288/68 1089/1308/68
f 79/243/62 967/1736/62 2450/1737/62 1070/1738/62
f 1070/1738/62 2450/1737/62 2451/1739/62 1071/1740/62
f 1071/1740/62 2451/1739/62 2452/1741/62 1072/1742/62
f 1072/1742/62 2452/1741/62 2453/1743/62 1073/1744/62
f 1073/1744/62 2453/1743/62 2454/1745/62 1074/1746/62
f 1074/1746/62 2454/1745/62 2455/1731/62 1075/282/62
f 967/1736/69 966/1747/69 2456/1748/69 2450/1737/69
f 2450/1737/69 2456/1748/69 2457/1749/69 2451/1739/69
f 2451/1739/69 2457/1749/69 2458/1750/69 2452/1741/69
f 2452/1741/69 2458/1750/69 2459/1751/69 2453/1743/69
f 2453/1743/69 2459/1751/69 2460/1752/69 2454/1745/69
f 2454/1745/69 2460/1752/69 2461/1732/69 2455/1731/69
f 966/1747/64 965/1753/64 2462/1754/64 2456/1748/64
f 2456/1748/64 2462/1754/64 2463/1755/64 2457/1749/64
f 2457/1749/64 2463/1755/64 2464/1756/64 2458/1750/64
f 2458/1750/64 2464/1756/64 2465/1757/64 2459/1751/64
f 2459/1751/64 2465/1757/64 2466/1758/64 2460/1752/64
f 2460/1752/64 2466/1758/64 2467/1733/64 2461/1732/64
f 965/1753/65 964/1759/65 2468/1760/65 2462/1754/65
f 2462/1754/65 2468/1760/65 2469/1761/65 2463/1755/65
f 2463/1755/65 2469/1761/65 2470/1762/65 2464/1756/65
f 2464/1756/65 2470/1762/65 2471/1763/65 2465/1757/65
f 2465/1757/65 2471/1763/65 2472/1764/65 2466/1758/65
f 2466/1758/65 2472/1764/65 2473/1734/65 2467/1733/65
f 964/1759/66 963/1765/66 2474/1766/66 2468/1760/66
f 2468/1760/66 2474/1766/66 2475/1767/66 2469/1761/66
f 2469/1761/66 2475/1767/66 2476/1768/66 2470/1762/66
f 2470/1762/66 2476/1768/66 2477/1769/66 2471/1763/66
f 2471/1763/66 2477/1769/66 2478/1770/66 2472/1764/66
f 2472/1764/66 2478/1770/66 2479/1735/66 2473/1734/66
f 963/1765/68 962/248/68 2480/1771/68 2474/1766/68
f 2474/1766/68 2480/1771/68 2481/1772/68 2475/1767/68
f 2475/1767/68 2481/1772/68 2482/1773/68 2476/1768/68
f 2476/1768/68 2482/1773/68 2483/1774/68 2477/1769/68
f 2477/1769/68 2483/1774/68 2484/1775/68 2478/1770/68
f 2478/1770/68 2484/1775/68 2485/285/68 2479/1735/68
f 962/248/2 80/247/2 1082/1693/2 2480/1771/2
f 2480/1771/2 1082/1693/2 1083/1695/2 2481/1772/2
f 2481/1772/2 1083/1695/2 1084/1697/2 2482/1773/2
f 2482/1773/2 1084/1697/2 1085/1699/2 2483/1774/2
f 2483/1774/2 1085/1699/2 1086/1701/2 2484/1775/2
f 2484/1775/2 1086/1701/2 1087/286/2 2485/285/2
f 1064/1776/70 2491/1777/70 1081/1326/70 89/1325/70
f 2491/1777/71 2497/1778/71 1080/1337/71 1081/1326/71
f 2497/1778/72 2503/1779/72 1079/1343/72 1080/1337/72
f 2503/1779/73 2509/1780/73 1078/1349/73 1079/1343/73
f 2509/1780/74 2515/1781/74 1077/1355/74 1078/1349/74
f 2515/1781/75 2521/281/75 1076/284/75 1077/1355/75
f 78/1782/70 955/1783/70 2486/1784/70 1069/1785/70
f 1069/1785/70 2486/1784/70 2487/1786/70 1068/1787/70
f 1068/1787/70 2487/1786/70 2488/1788/70 1067/1789/70
f 1067/1789/70 2488/1788/70 2489/1790/70 1066/1791/70
f 1066/1791/70 2489/1790/70 2490/1792/70 1065/1793/70
f 1065/1793/70 2490/1792/70 2491/1777/70 1064/1776/70
f 955/1783/71 954/1794/71 2492/1795/71 2486/1784/71
f 2486/1784/71 2492/1795/71 2493/1796/71 2487/1786/71
f 2487/1786/71 2493/1796/71 2494/1797/71 2488/1788/71
f 2488/1788/71 2494/1797/71 2495/1798/71 2489/1790/71
f 2489/1790/71 2495/1798/71 2496/1799/71 2490/1792/71
f 2490/1792/71 2496/1799/71 2497/1778/71 2491/1777/71
f 954/1794/72 953/1800/72 2498/1801/72 2492/1795/72
f 2492/1795/72 2498/1801/72 2499/1802/72 2493/1796/72
f 2493/1796/72 2499/1802/72 2500/1803/72 2494/1797/72
f 2494/1797/72 2500/1803/72 2501/1804/72 2495/1798/72
f 2495/1798/72 2501/1804/72 2502/1805/72 2496/1799/72
f 2496/1799/72 2502/1805/72 2503/1779/72 2497/1778/72
f 953/1800/73 952/1806/73 2504/1807/73 2498/1801/73
f 2498/1801/73 2504/1807/73 2505/1808/73 2499/1802/73
f 2499/1802/73 2505/1808/73 2506/1809/73 2500/1803/73
f 2500/1803/73 2506/1809/73 2507/1810/73 2501/1804/73
f 2501/1804/73 2507/1810/73 2508/1811/73 2502/1805/73
f 2502/1805/73 2508/1811/73 2509/1780/73 2503/1779/73
f 952/1806/74 951/1812/74 2510/1813/74 2504/1807/74
f 2504/1807/74 2510/1813/74 2511/1814/74 2505/1808/74
f 2505/1808/74 2511/1814/74 2512/1815/74 2506/1809/74
f 2506/1809/74 2512/1815/74 2513/1816/74 2507/1810/74
f 2507/1810/74 2513/1816/74 2514/1817/74 2508/1811/74
f 2508/1811/74 2514/1817/74 2515/1781/74 2509/1780/74
f 951/1812/75 950/244/75 2516/1818/75 2510/1813/75
f 2510/1813/75 2516/1818/75 2517/1819/75 2511/1814/75
f 2511/1814/75 2517/1819/75 2518/1820/75 2512/1815/75
f 2512/1815/75 2518/1820/75 2519/1821/75 2513/1816/75
f 2513/1816/75 2519/1821/75 2520/1822/75 2514/1817/75
f 2514/1817/75 2520/1822/75 2521/281/75 2515/1781/75
f 950/244/1 79/243/1 1070/1738/1 2516/1818/1
f 2516/1818/1 1070/1738/1 1071/1740/1 2517/1819/1
f 2517/1819/1 1071/1740/1 1072/1742/1 2518/1820/1
f 2518/1820/1 1072/1742/1 1073/1744/1 2519/1821/1
f 2519/1821/1 1073/1744/1 1074/1746/1 2520/1822/1
f 2520/1822/1 1074/1746/1 1075/282/1 2521/281/1
f 1045/274/12 2527/1823/12 1063/1371/12 87/275/12
f 2527/1823/13 2533/1824/13 1062/1382/13 1063/1371/13
f 2533/1824/14 2539/1825/14 1061/1388/14 1062/1382/14
f 2539/1825/15 2545/1826/15 1060/1394/15 1061/1388/15
f 2545/1826/16 2551/1827/16 1059/1400/16 1060/1394/16
f 2551/1827/17 2557/277/17 1058/280/17 1059/1400/17
f 76/235/12 937/1828/12 2522/1829/12 1040/1830/12
f 1040/1830/12 2522/1829/12 2523/1831/12 1041/1832/12
f 1041/1832/12 2523/1831/12 2524/1833/12 1042/1834/12
f 1042/1834/12 2524/1833/12 2525/1835/12 1043/1836/12
f 1043/1836/12 2525/1835/12 2526/1837/12 1044/1838/12
f 1044/1838/12 2526/1837/12 2527/1823/12 1045/274/12
f 937/1828/13 936/1839/13 2528/1840/13 2522/1829/13
f 2522/1829/13 2528/1840/13 2529/1841/13 2523/1831/13
f 2523/1831/13 2529/1841/13 2530/1842/13 2524/1833/13
f 2524/1833/13 2530/1842/13 2531/1843/13 2525/1835/13
f 2525/1835/13 2531/1843/13 2532/1844/13 2526/1837/13
f 2526/1837/13 2532/1844/13 2533/1824/13 2527/1823/13
f 936/1839/14 935/1845/14 2534/1846/14 2528/1840/14
f 2528/1840/14 2534/1846/14 2535/1847/14 2529/1841/14
f 2529/1841/14 2535/1847/14 2536/1848/14 2530/1842/14
f 2530/1842/14 2536/1848/14 2537/1849/14 2531/1843/14
f 2531/1843/14 2537/1849/14 2538/1850/14 2532/1844/14
f 2532/1844/14 2538/1850/14 2539/1825/14 2533/1824/14
f 935/1845/15 934/1851/15 2540/1852/15 2534/1846/15
f 2534/1846/15 2540/1852/15 2541/1853/15 2535/1847/15
f 2535/1847/15 2541/1853/15 2542/1854/15 2536/1848/15
f 2536/1848/15 2542/1854/15 2543/1855/15 2537/1849/15
f 2537/1849/15 2543/1855/15 2544/1856/15 2538/1850/15
f 2538/1850/15 2544/1856/15 2545/1826/15 2539/1825/15
f 934/1851/16 933/1857/16 2546/1858/16 2540/1852/16
f 2540/1852/16 2546/1858/16 2547/1859/16 2541/1853/16
f 2541/1853/16 2547/1859/16 2548/1860/16 2542/1854/16
f 2542/1854/16 2548/1860/16 2549/1861/16 2543/1855/16
f 2543/1855/16 2549/1861/16 2550/1862/16 2544/1856/16
f 2544/1856/16 2550/1862/16 2551/1827/16 2545/1826/16
f 933/1857/17 932/240/17 2552/1863/17 2546/1858/17
f 2546/1858/17 2552/1863/17 2553/1864/17 2547/1859/17
f 2547/1859/17 2553/1864/17 2554/1865/17 2548/1860/17
f 2548/1860/17 2554/1865/17 2555/1866/17 2549/1861/17
f 2549/1861/17 2555/1866/17 2556/1867/17 2550/1862/17
f 2550/1862/17 2556/1867/17 2557/277/17 2551/1827/17
f 932/240/10 77/239/10 1052/1868/10 2552/1863/10
f 2552/1863/10 1052/1868/10 1053/1869/10 2553/1864/10
f 2553/1864/10 1053/1869/10 1054/1870/10 2554/1865/10
f 2554/1865/10 1054/1870/10 1055/1871/10 2555/1866/10
f 2555/1866/10 1055/1871/10 1056/1872/10 2556/1867/10
f 2556/1867/10 1056/1872/10 1057/278/10 2557/277/10
f 1033/270/18 2563/1873/18 1051/1421/18 86/271/18
f 2563/1873/20 2569/1874/20 1050/1432/20 1051/1421/20
f 2569/1874/21 2575/1875/21 1049/1438/21 1050/1432/21
f 2575/1875/22 2581/1876/22 1048/1444/22 1049/1438/22
f 2581/1876/23 2587/1877/23 1047/1450/23 1048/1444/23
f 2587/1877/25 2593/273/25 1046/276/25 1047/1450/25
f 75/231/18 925/1878/18 2558/1879/18 1028/1880/18
f 1028/1880/18 2558/1879/18 2559/1881/18 1029/1882/18
f 1029/1882/18 2559/1881/18 2560/1883/18 1030/1884/18
f 1030/1884/18 2560/1883/18 2561/1885/18 1031/1886/18
f 1031/1886/18 2561/1885/18 2562/1887/18 1032/1888/18
f 1032/1888/18 2562/1887/18 2563/1873/18 1033/270/18
f 925/1878/20 924/1889/20 2564/1890/20 2558/1879/20
f 2558/1879/20 2564/1890/20 2565/1891/20 2559/1881/20
f 2559/1881/20 2565/1891/20 2566/1892/20 2560/1883/20
f 2560/1883/20 2566/1892/20 2567/1893/20 2561/1885/20
f 2561/1885/20 2567/1893/20 2568/1894/20 2562/1887/20
f 2562/1887/20 2568/1894/20 2569/1874/20 2563/1873/20
f 924/1889/21 923/1895/21 2570/1896/21 2564/1890/21
f 2564/1890/21 2570/1896/21 2571/1897/21 2565/1891/21
f 2565/1891/21 2571/1897/21 2572/1898/21 2566/1892/21
f 2566/1892/21 2572/1898/21 2573/1899/21 2567/1893/21
f 2567/1893/21 2573/1899/21 2574/1900/21 2568/1894/21
f 2568/1894/21 2574/1900/21 2575/1875/21 2569/1874/21
f 923/1895/22 922/1901/22 2576/1902/22 2570/1896/22
f 2570/1896/22 2576/1902/22 2577/1903/22 2571/1897/22
f 2571/1897/22 2577/1903/22 2578/1904/22 2572/1898/22
f 2572/1898/22 2578/1904/22 2579/1905/22 2573/1899/22
f 2573/1899/22 2579/1905/22 2580/1906/22 2574/1900/22
f 2574/1900/22 2580/1906/22 2581/1876/22 2575/1875/22
f 922/1901/23 921/1907/23 2582/1908/23 2576/1902/23
f 2576/1902/23 2582/1908/23 2583/1909/23 2577/1903/23
f 2577/1903/23 2583/1909/23 2584/1910/23 2578/1904/23
f 2578/1904/23 2584/1910/23 2585/1911/23 2579/1905/23
f 2579/1905/23 2585/1911/23 2586/1912/23 2580/1906/23
f 2580/1906/23 2586/1912/23 2587/1877/23 2581/1876/23
f 921/1907/25 920/236/25 2588/1913/25 2582/1908/25
f 2582/1908/25 2588/1913/25 2589/1914/25 2583/1909/25
f 2583/1909/25 2589/1914/25 2590/1915/25 2584/1910/25
f 2584/1910/25 2590/1915/25 2591/1916/25 2585/1911/25
f 2585/1911/25 2591/1916/25 2592/1917/25 2586/1912/25
f 2586/1912/25 2592/1917/25 2593/273/25 2587/1877/25
f 920/236/9 76/235/9 1040/1830/9 2588/1913/9
f 2588/1913/9 1040/1830/9 1041/1832/9 2589/1914/9
f 2589/1914/9 1041/1832/9 1042/1834/9 2590/1915/9
f 2590/1915/9 1042/1834/9 1043/1836/9 2591/1916/9
f 2591/1916/9 1043/1836/9 1044/1838/9 2592/1917/9
f 2592/1917/9 1044/1838/9 1045/274/9 2593/273/9
f 1021/266/26 2599/1918/26 1039/1466/26 85/267/26
f 2599/1918/27 2605/1919/27 1038/1477/27 1039/1466/27
f 2605/1919/28 2611/1920/28 1037/1483/28 1038/1477/28
f 2611/1920/29 2617/1921/29 1036/1489/29 1037/1483/29
f 2617/1921/30 2623/1922/30 1035/1495/30 1036/1489/30
f 2623/1922/31 2629/269/31 1034/272/31 1035/1495/31
f 74/227/77 913/1923/77 2594/1924/77 1016/1925/77
f 1016/1925/77 2594/1924/77 2595/1926/77 1017/1927/77
f 1017/1927/77 2595/1926/77 2596/1928/26 1018/1929/26
f 1018/1929/26 2596/1928/26 2597/1930/26 1019/1931/26
f 1019/1931/26 2597/1930/26 2598/1932/26 1020/1933/26
f 1020/1933/26 2598/1932/26 2599/1918/26 1021/266/26
f 913/1923/27 912/1934/27 2600/1935/27 2594/1924/27
f 2594/1924/27 2600/1935/27 2601/1936/27 2595/1926/27
f 2595/1926/27 2601/1936/27 2602/1937/27 2596/1928/27
f 2596/1928/27 2602/1937/27 2603/1938/27 2597/1930/27
f 2597/1930/27 2603/1938/27 2604/1939/27 2598/1932/27
f 2598/1932/27 2604/1939/27 2605/1919/27 2599/1918/27
f 912/1934/28 911/1940/28 2606/1941/28 2600/1935/28
f 2600/1935/28 2606/1941/28 2607/1942/28 2601/1936/28
f 2601/1936/28 2607/1942/28 2608/1943/28 2602/1937/28
f 2602/1937/28 2608/1943/28 2609/1944/28 2603/1938/28
f 2603/1938/28 2609/1944/28 2610/1945/28 2604/1939/28
f 2604/1939/28 2610/1945/28 2611/1920/28 2605/1919/28
f 911/1940/29 910/1946/29 2612/1947/29 2606/1941/29
f 2606/1941/29 2612/1947/29 2613/1948/29 2607/1942/29
f 2607/1942/29 2613/1948/29 2614/1949/29 2608/1943/29
f 2608/1943/29 2614/1949/29 2615/1950/29 2609/1944/29
f 2609/1944/29 2615/1950/29 2616/1951/29 2610/1945/29
f 2610/1945/29 2616/1951/29 2617/1921/29 2611/1920/29
f 910/1946/30 909/1952/30 2618/1953/30 2612/1947/30
f 2612/1947/30 2618/1953/30 2619/1954/30 2613/1948/30
f 2613/1948/30 2619/1954/30 2620/1955/30 2614/1949/30
f 2614/1949/30 2620/1955/30 2621/1956/30 2615/1950/30
f 2615/1950/30 2621/1956/30 2622/1957/30 2616/1951/30
f 2616/1951/30 2622/1957/30 2623/1922/30 2617/1921/30
f 909/1952/31 908/232/31 2624/1958/31 2618/1953/31
f 2618/1953/31 2624/1958/31 2625/1959/31 2619/1954/31
f 2619/1954/31 2625/1959/31 2626/1960/31 2620/1955/31
f 2620/1955/31 2626/1960/31 2627/1961/31 2621/1956/31
f 2621/1956/31 2627/1961/31 2628/1962/31 2622/1957/31
f 2622/1957/31 2628/1962/31 2629/269/31 2623/1922/31
f 908/232/8 75/231/8 1028/1880/8 2624/1958/8
f 2624/1958/8 1028/1880/8 1029/1882/8 2625/1959/8
f 2625/1959/8 1029/1882/8 1030/1884/8 2626/1960/8
f 2626/1960/8 1030/1884/8 1031/1886/8 2627/1961/8
f 2627/1961/8 1031/1886/8 1032/1888/8 2628/1962/8
f 2628/1962/8 1032/1888/8 1033/270/8 2629/269/8
f 1009/262/76 2635/1963/76 1027/1511/76 84/263/76
f 2635/1963/33 2641/1964/33 1026/1522/33 1027/1511/33
f 2641/1964/34 2647/1965/34 1025/1528/34 1026/1522/34
f 2647/1965/35 2653/1966/35 1024/1534/35 1025/1528/35
f 2653/1966/36 2659/1967/36 1023/1540/36 1024/1534/36
f 2659/1967/37 2665/265/37 1022/268/37 1023/1540/37
f 73/223/76 901/1968/76 2630/1969/76 1004/1970/76
f 1004/1970/76 2630/1969/76 2631/1971/76 1005/1972/76
f 1005/1972/76 2631/1971/76 2632/1973/76 1006/1974/76
f 1006/1974/76 2632/1973/76 2633/1975/76 1007/1976/76
f 1007/1976/76 2633/1975/76 2634/1977/76 1008/1978/76
f 1008/1978/76 2634/1977/76 2635/1963/76 1009/262/76
f 901/1968/78 900/1979/78 2636/1980/78 2630/1969/78
f 2630/1969/78 2636/1980/78 2637/1981/78 2631/1971/78
f 2631/1971/78 2637/1981/78 2638/1982/78 2632/1973/78
f 2632/1973/78 2638/1982/78 2639/1983/33 2633/1975/33
f 2633/1975/33 2639/1983/33 2640/1984/33 2634/1977/33
f 2634/1977/33 2640/1984/33 2641/1964/33 2635/1963/33
f 900/1979/34 899/1985/34 2642/1986/34 2636/1980/34
f 2636/1980/34 2642/1986/34 2643/1987/34 2637/1981/34
f 2637/1981/34 2643/1987/34 2644/1988/34 2638/1982/34
f 2638/1982/34 2644/1988/34 2645/1989/34 2639/1983/34
f 2639/1983/34 2645/1989/34 2646/1990/34 2640/1984/34
f 2640/1984/34 2646/1990/34 2647/1965/34 2641/1964/34
f 899/1985/35 898/1991/35 2648/1992/35 2642/1986/35
f 2642/1986/35 2648/1992/35 2649/1993/35 2643/1987/35
f 2643/1987/35 2649/1993/35 2650/1994/35 2644/1988/35
f 2644/1988/35 2650/1994/35 2651/1995/35 2645/1989/35
f 2645/1989/35 2651/1995/35 2652/1996/35 2646/1990/35
f 2646/1990/35 2652/1996/35 2653/1966/35 2647/1965/35
f 898/1991/36 897/1997/36 2654/1998/36 2648/1992/36
f 2648/1992/36 2654/1998/36 2655/1999/36 2649/1993/36
f 2649/1993/36 2655/1999/36 2656/2000/36 2650/1994/36
f 2650/1994/36 2656/2000/36 2657/2001/36 2651/1995/36
f 2651/1995/36 2657/2001/36 2658/2002/36 2652/1996/36
f 2652/1996/36 2658/2002/36 2659/1967/36 2653/1966/36
f 897/1997/37 896/228/37 2660/2003/37 2654/1998/37
f 2654/1998/37 2660/2003/37 2661/2004/37 2655/1999/37
f 2655/1999/37 2661/2004/37 2662/2005/37 2656/2000/37
f 2656/2000/37 2662/2005/37 2663/2006/37 2657/2001/37
f 2657/2001/37 2663/2006/37 2664/2007/37 2658/2002/37
f 2658/2002/37 2664/2007/37 2665/265/37 2659/1967/37
f 896/228/7 74/227/7 1016/1925/7 2660/2003/7
f 2660/2003/7 1016/1925/7 1017/1927/7 2661/2004/7
f 2661/2004/7 1017/1927/7 1018/1929/7 2662/2005/7
f 2662/2005/7 1018/1929/7 1019/1931/7 2663/2006/7
f 2663/2006/7 1019/1931/7 1020/1933/7 2664/2007/7
f 2664/2007/7 1020/1933/7 1021/266/7 2665/265/7
f 997/258/38 2671/2008/38 1015/1556/38 83/259/38
f 2671/2008/39 2677/2009/39 1014/1567/39 1015/1556/39
f 2677/2009/40 2683/2010/40 1013/1573/40 1014/1567/40
f 2683/2010/41 2689/2011/41 1012/1579/41 1013/1573/41
f 2689/2011/42 2695/2012/42 1011/1585/42 1012/1579/42
f 2695/2012/43 2701/261/43 1010/264/43 1011/1585/43
f 72/219/38 889/2013/38 2666/2014/38 992/2015/38
f 992/2015/38 2666/2014/38 2667/2016/38 993/2017/38
f 993/2017/38 2667/2016/38 2668/2018/38 994/2019/38
f 994/2019/38 2668/2018/38 2669/2020/38 995/2021/38
f 995/2021/38 2669/2020/38 2670/2022/38 996/2023/38
f 996/2023/38 2670/2022/38 2671/2008/38 997/258/38
f 889/2013/39 888/2024/39 2672/2025/39 2666/2014/39
f 2666/2014/39 2672/2025/39 2673/2026/39 2667/2016/39
f 2667/2016/39 2673/2026/39 2674/2027/39 2668/2018/39
f 2668/2018/39 2674/2027/39 2675/2028/39 2669/2020/39
f 2669/2020/39 2675/2028/39 2676/2029/39 2670/2022/39
f 2670/2022/39 2676/2029/39 2677/2009/39 2671/2008/39
f 888/2024/40 887/2030/40 2678/2031/40 2672/2025/40
f 2672/2025/40 2678/2031/40 2679/2032/40 2673/2026/40
f 2673/2026/40 2679/2032/40 2680/2033/40 2674/2027/40
f 2674/2027/40 2680/2033/40 2681/2034/40 2675/2028/40
f 2675/2028/40 2681/2034/40 2682/2035/40 2676/2029/40
f 2676/2029/40 2682/2035/40 2683/2010/40 2677/2009/40
f 887/2030/41 886/2036/41 2684/2037/41 2678/2031/41
f 2678/2031/41 2684/2037/41 2685/2038/41 2679/2032/41
f 2679/2032/41 2685/2038/41 2686/2039/41 2680/2033/41
f 2680/2033/41 2686/2039/41 2687/2040/41 2681/2034/41
f 2681/2034/41 2687/2040/41 2688/2041/41 2682/2035/41
f 2682/2035/41 2688/2041/41 2689/2011/41 2683/2010/41
f 886/2036/42 885/2042/42 2690/2043/42 2684/2037/42
f 2684/2037/42 2690/2043/42 2691/2044/42 2685/2038/42
f 2685/2038/42 2691/2044/42 2692/2045/42 2686/2039/42
f 2686/2039/42 2692/2045/42 2693/2046/42 2687/2040/42
f 2687/2040/42 2693/2046/42 2694/2047/42 2688/2041/42
f 2688/2041/42 2694/2047/42 2695/2012/42 2689/2011/42
f 885/2042/43 884/224/43 2696/2048/43 2690/2043/43
f 2690/2043/43 2696/2048/43 2697/2049/43 2691/2044/43
f 2691/2044/43 2697/2049/43 2698/2050/43 2692/2045/43
f 2692/2045/43 2698/2050/43 2699/2051/43 2693/2046/43
f 2693/2046/43 2699/2051/43 2700/2052/43 2694/2047/43
f 2694/2047/43 2700/2052/43 2701/261/43 2695/2012/43
f 884/224/6 73/223/6 1004/1970/6 2696/2048/6
f 2696/2048/6 1004/1970/6 1005/1972/6 2697/2049/6
f 2697/2049/6 1005/1972/6 1006/1974/6 2698/2050/6
f 2698/2050/6 1006/1974/6 1007/1976/6 2699/2051/6
f 2699/2051/6 1007/1976/6 1008/1978/6 2700/2052/6
f 2700/2052/6 1008/1978/6 1009/262/6 2701/261/6
f 985/254/44 2707/2053/44 1003/1601/44 82/255/44
f 2707/2053/45 2713/2054/45 1002/1612/45 1003/1601/45
f 2713/2054/46 2719/2055/46 1001/1618/46 1002/1612/46
f 2719/2055/47 2725/2056/47 1000/1624/47 1001/1618/47
f 2725/2056/48 2731/2057/48 999/1630/48 1000/1624/48
f 2731/2057/49 2737/257/49 998/260/49 999/1630/49
f 71/215/44 877/2058/44 2702/2059/44 980/2060/44
f 980/2060/44 2702/2059/44 2703/2061/44 981/2062/44
f 981/2062/44 2703/2061/44 2704/2063/44 982/2064/44
f 982/2064/44 2704/2063/44 2705/2065/44 983/2066/44
f 983/2066/44 2705/2065/44 2706/2067/44 984/2068/44
f 984/2068/44 2706/2067/44 2707/2053/44 985/254/44
f 877/2058/45 876/2069/45 2708/2070/45 2702/2059/45
f 2702/2059/45 2708/2070/45 2709/2071/45 2703/2061/45
f 2703/2061/45 2709/2071/45 2710/2072/45 2704/2063/45
f 2704/2063/45 2710/2072/45 2711/2073/45 2705/2065/45
f 2705/2065/45 2711/2073/45 2712/2074/45 2706/2067/45
f 2706/2067/45 2712/2074/45 2713/2054/45 2707/2053/45
f 876/2069/46 875/2075/46 2714/2076/46 2708/2070/46
f 2708/2070/46 2714/2076/46 2715/2077/46 2709/2071/46
f 2709/2071/46 2715/2077/46 2716/2078/46 2710/2072/46
f 2710/2072/46 2716/2078/46 2717/2079/46 2711/2073/46
f 2711/2073/46 2717/2079/46 2718/2080/46 2712/2074/46
f 2712/2074/46 2718/2080/46 2719/2055/46 2713/2054/46
f 875/2075/47 874/2081/47 2720/2082/47 2714/2076/47
f 2714/2076/47 2720/2082/47 2721/2083/47 2715/2077/47
f 2715/2077/47 2721/2083/47 2722/2084/47 2716/2078/47
f 2716/2078/47 2722/2084/47 2723/2085/47 2717/2079/47
f 2717/2079/47 2723/2085/47 2724/2086/47 2718/2080/47
f 2718/2080/47 2724/2086/47 2725/2056/47 2719/2055/47
f 874/2081/48 873/2087/48 2726/2088/48 2720/2082/48
f 2720/2082/48 2726/2088/48 2727/2089/48 2721/2083/48
f 2721/2083/48 2727/2089/48 2728/2090/48 2722/2084/48
f 2722/2084/48 2728/2090/48 2729/2091/48 2723/2085/48
f 2723/2085/48 2729/2091/48 2730/2092/48 2724/2086/48
f 2724/2086/48 2730/2092/48 2731/2057/48 2725/2056/48
f 873/2087/49 872/220/49 2732/2093/49 2726/2088/49
f 2726/2088/49 2732/2093/49 2733/2094/49 2727/2089/49
f 2727/2089/49 2733/2094/49 2734/2095/49 2728/2090/49
f 2728/2090/49 2734/2095/49 2735/2096/49 2729/2091/49
f 2729/2091/49 2735/2096/49 2736/2097/49 2730/2092/49
f 2730/2092/49 2736/2097/49 2737/257/49 2731/2057/49
f 872/220/5 72/219/5 992/2015/5 2732/2093/5
f 2732/2093/5 992/2015/5 993/2017/5 2733/2094/5
f 2733/2094/5 993/2017/5 994/2019/5 2734/2095/5
f 2734/2095/5 994/2019/5 995/2021/5 2735/2096/5
f 2735/2096/5 995/2021/5 996/2023/5 2736/2097/5
f 2736/2097/5 996/2023/5 997/258/5 2737/257/5
f 973/250/50 2743/2098/50 991/1646/50 81/251/50
f 2743/2098/51 2749/2099/51 990/1657/51 991/1646/51
f 2749/2099/52 2755/2100/52 989/1663/52 990/1657/52
f 2755/2100/53 2761/2101/53 988/1669/53 989/1663/53
f 2761/2101/54 2767/2102/54 987/1675/54 988/1669/54
f 2767/2102/55 2773/253/55 986/256/55 987/1675/55
f 70/211/50 865/2103/50 2738/2104/50 968/2105/50
f 968/2105/50 2738/2104/50 2739/2106/50 969/2107/50
f 969/2107/50 2739/2106/50 2740/2108/50 970/2109/50
f 970/2109/50 2740/2108/50 2741/2110/50 971/2111/50
f 971/2111/50 2741/2110/50 2742/2112/50 972/2113/50
f 972/2113/50 2742/2112/50 2743/2098/50 973/250/50
f 865/2103/51 864/2114/51 2744/2115/51 2738/2104/51
f 2738/2104/51 2744/2115/51 2745/2116/51 2739/2106/51
f 2739/2106/51 2745/2116/51 2746/2117/51 2740/2108/51
f 2740/2108/51 2746/2117/51 2747/2118/51 2741/2110/51
f 2741/2110/51 2747/2118/51 2748/2119/51 2742/2112/51
f 2742/2112/51 2748/2119/51 2749/2099/51 2743/2098/51
f 864/2114/52 863/2120/52 2750/2121/52 2744/2115/52
f 2744/2115/52 2750/2121/52 2751/2122/52 2745/2116/52
f 2745/2116/52 2751/2122/52 2752/2123/52 2746/2117/52
f 2746/2117/52 2752/2123/52 2753/2124/52 2747/2118/52
f 2747/2118/52 2753/2124/52 2754/2125/52 2748/2119/52
f 2748/2119/52 2754/2125/52 2755/2100/52 2749/2099/52
f 863/2120/53 862/2126/53 2756/2127/53 2750/2121/53
f 2750/2121/53 2756/2127/53 2757/2128/53 2751/2122/53
f 2751/2122/53 2757/2128/53 2758/2129/53 2752/2123/53
f 2752/2123/53 2758/2129/53 2759/2130/53 2753/2124/53
f 2753/2124/53 2759/2130/53 2760/2131/53 2754/2125/53
f 2754/2125/53 2760/2131/53 2761/2101/53 2755/2100/53
f 862/2126/54 861/2132/54 2762/2133/54 2756/2127/54
f 2756/2127/54 2762/2133/54 2763/2134/54 2757/2128/54
f 2757/2128/54 2763/2134/54 2764/2135/54 2758/2129/54
f 2758/2129/54 2764/2135/54 2765/2136/54 2759/2130/54
f 2759/2130/54 2765/2136/54 2766/2137/54 2760/2131/54
f 2760/2131/54 2766/2137/54 2767/2102/54 2761/2101/54
f 861/2132/79 860/216/79 2768/2138/79 2762/2133/79
f 2762/2133/79 2768/2138/79 2769/2139/79 2763/2134/79
f 2763/2134/79 2769/2139/79 2770/2140/79 2764/2135/79
f 2764/2135/79 2770/2140/79 2771/2141/55 2765/2136/55
f 2765/2136/55 2771/2141/55 2772/2142/55 2766/2137/55
f 2766/2137/55 2772/2142/55 2773/253/55 2767/2102/55
f 860/216/4 71/215/4 980/2060/4 2768/2138/4
f 2768/2138/4 980/2060/4 981/2062/4 2769/2139/4
f 2769/2139/4 981/2062/4 982/2064/4 2770/2140/4
f 2770/2140/4 982/2064/4 983/2066/4 2771/2141/4
f 2771/2141/4 983/2066/4 984/2068/4 2772/2142/4
f 2772/2142/4 984/2068/4 985/254/4 2773/253/4
f 961/246/56 2779/2143/56 979/1691/56 80/247/56
f 2779/2143/57 2785/2144/57 978/1702/57 979/1691/57
f 2785/2144/58 2791/2145/58 977/1708/58 978/1702/58
f 2791/2145/59 2797/2146/59 976/1714/59 977/1708/59
f 2797/2146/60 2803/2147/60 975/1720/60 976/1714/60
f 2803/2147/61 2809/249/61 974/252/61 975/1720/61
f 69/207/56 853/2148/56 2774/2149/56 956/2150/56
f 956/2150/56 2774/2149/56 2775/2151/56 957/2152/56
f 957/2152/56 2775/2151/56 2776/2153/56 958/2154/56
f 958/2154/56 2776/2153/56 2777/2155/56 959/2156/56
f 959/2156/56 2777/2155/56 2778/2157/56 960/2158/56
f 960/2158/56 2778/2157/56 2779/2143/56 961/246/56
f 853/2148/57 852/2159/57 2780/2160/57 2774/2149/57
f 2774/2149/57 2780/2160/57 2781/2161/57 2775/2151/57
f 2775/2151/57 2781/2161/57 2782/2162/57 2776/2153/57
f 2776/2153/57 2782/2162/57 2783/2163/57 2777/2155/57
f 2777/2155/57 2783/2163/57 2784/2164/57 2778/2157/57
f 2778/2157/57 2784/2164/57 2785/2144/57 2779/2143/57
f 852/2159/58 851/2165/58 2786/2166/58 2780/2160/58
f 2780/2160/58 2786/2166/58 2787/2167/58 2781/2161/58
f 2781/2161/58 2787/2167/58 2788/2168/58 2782/2162/58
f 2782/2162/58 2788/2168/58 2789/2169/58 2783/2163/58
f 2783/2163/58 2789/2169/58 2790/2170/58 2784/2164/58
f 2784/2164/58 2790/2170/58 2791/2145/58 2785/2144/58
f 851/2165/59 850/2171/59 2792/2172/59 2786/2166/59
f 2786/2166/59 2792/2172/59 2793/2173/59 2787/2167/59
f 2787/2167/59 2793/2173/59 2794/2174/59 2788/2168/59
f 2788/2168/59 2794/2174/59 2795/2175/59 2789/2169/59
f 2789/2169/59 2795/2175/59 2796/2176/59 2790/2170/59
f 2790/2170/59 2796/2176/59 2797/2146/59 2791/2145/59
f 850/2171/60 849/2177/60 2798/2178/60 2792/2172/60
f 2792/2172/60 2798/2178/60 2799/2179/60 2793/2173/60
f 2793/2173/60 2799/2179/60 2800/2180/60 2794/2174/60
f 2794/2174/60 2800/2180/60 2801/2181/60 2795/2175/60
f 2795/2175/60 2801/2181/60 2802/2182/60 2796/2176/60
f 2796/2176/60 2802/2182/60 2803/2147/60 2797/2146/60
f 849/2177/61 848/212/61 2804/2183/61 2798/2178/61
f 2798/2178/61 2804/2183/61 2805/2184/61 2799/2179/61
f 2799/2179/61 2805/2184/61 2806/2185/61 2800/2180/61
f 2800/2180/61 2806/2185/61 2807/2186/61 2801/2181/61
f 2801/2181/61 2807/2186/61 2808/2187/61 2802/2182/61
f 2802/2182/61 2808/2187/61 2809/249/61 2803/2147/61
f 848/212/11 70/211/11 968/2105/11 2804/2183/11
f 2804/2183/11 968/2105/11 969/2107/11 2805/2184/11
f 2805/2184/11 969/2107/11 970/2109/3 2806/2185/3
f 2806/2185/3 970/2109/3 971/2111/3 2807/2186/3
f 2807/2186/3 971/2111/3 972/2113/3 2808/2187/3
f 2808/2187/3 972/2113/3 973/250/3 2809/249/3
f 949/242/62 2815/2188/62 967/1736/62 79/243/62
f 2815/2188/69 2821/2189/69 966/1747/69 967/1736/69
f 2821/2189/64 2827/2190/64 965/1753/64 966/1747/64
f 2827/2190/65 2833/2191/65 964/1759/65 965/1753/65
f 2833/2191/66 2839/2192/66 963/1765/66 964/1759/66
f 2839/2192/68 2845/245/68 962/248/68 963/1765/68
f 68/203/62 841/2193/62 2810/2194/62 944/2195/62
f 944/2195/62 2810/2194/62 2811/2196/62 945/2197/62
f 945/2197/62 2811/2196/62 2812/2198/62 946/2199/62
f 946/2199/62 2812/2198/62 2813/2200/62 947/2201/62
f 947/2201/62 2813/2200/62 2814/2202/62 948/2203/62
f 948/2203/62 2814/2202/62 2815/2188/62 949/242/62
f 841/2193/69 840/2204/69 2816/2205/69 2810/2194/69
f 2810/2194/69 2816/2205/69 2817/2206/69 2811/2196/69
f 2811/2196/69 2817/2206/69 2818/2207/69 2812/2198/69
f 2812/2198/69 2818/2207/69 2819/2208/69 2813/2200/69
f 2813/2200/69 2819/2208/69 2820/2209/69 2814/2202/69
f 2814/2202/69 2820/2209/69 2821/2189/69 2815/2188/69
f 840/2204/64 839/2210/64 2822/2211/64 2816/2205/64
f 2816/2205/64 2822/2211/64 2823/2212/64 2817/2206/64
f 2817/2206/64 2823/2212/64 2824/2213/64 2818/2207/64
f 2818/2207/64 2824/2213/64 2825/2214/64 2819/2208/64
f 2819/2208/64 2825/2214/64 2826/2215/64 2820/2209/64
f 2820/2209/64 2826/2215/64 2827/2190/64 2821/2189/64
f 839/2210/65 838/2216/65 2828/2217/65 2822/2211/65
f 2822/2211/65 2828/2217/65 2829/2218/65 2823/2212/65
f 2823/2212/65 2829/2218/65 2830/2219/65 2824/2213/65
f 2824/2213/65 2830/2219/65 2831/2220/65 2825/2214/65
f 2825/2214/65 2831/2220/65 2832/2221/65 2826/2215/65
f 2826/2215/65 2832/2221/65 2833/2191/65 2827/2190/65
f 838/2216/66 837/2222/66 2834/2223/66 2828/2217/66
f 2828/2217/66 2834/2223/66 2835/2224/66 2829/2218/66
f 2829/2218/66 2835/2224/66 2836/2225/66 2830/2219/66
f 2830/2219/66 2836/2225/66 2837/2226/66 2831/2220/66
f 2831/2220/66 2837/2226/66 2838/2227/66 2832/2221/66
f 2832/2221/66 2838/2227/66 2839/2192/66 2833/2191/66
f 837/2222/68 836/208/68 2840/2228/68 2834/2223/68
f 2834/2223/68 2840/2228/68 2841/2229/68 2835/2224/68
f 2835/2224/68 2841/2229/68 2842/2230/68 2836/2225/68
f 2836/2225/68 2842/2230/68 2843/2231/68 2837/2226/68
f 2837/2226/68 2843/2231/68 2844/2232/68 2838/2227/68
f 2838/2227/68 2844/2232/68 2845/245/68 2839/2192/68
f 836/208/2 69/207/2 956/2150/2 2840/2228/2
f 2840/2228/2 956/2150/2 957/2152/2 2841/2229/2
f 2841/2229/2 957/2152/2 958/2154/2 2842/2230/2
f 2842/2230/2 958/2154/2 959/2156/2 2843/2231/2
f 2843/2231/2 959/2156/2 960/2158/2 2844/2232/2
f 2844/2232/2 960/2158/2 961/246/2 2845/245/2
f 938/2233/70 2851/2234/70 955/1783/70 78/1782/70
f 2851/2234/71 2857/2235/71 954/1794/71 955/1783/71
f 2857/2235/72 2863/2236/72 953/1800/72 954/1794/72
f 2863/2236/73 2869/2237/73 952/1806/73 953/1800/73
f 2869/2237/74 2875/2238/74 951/1812/74 952/1806/74
f 2875/2238/75 2881/241/75 950/244/75 951/1812/75
f 67/2239/70 829/2240/70 2846/2241/70 943/2242/70
f 943/2242/70 2846/2241/70 2847/2243/70 942/2244/70
f 942/2244/70 2847/2243/70 2848/2245/70 941/2246/70
f 941/2246/70 2848/2245/70 2849/2247/70 940/2248/70
f 940/2248/70 2849/2247/70 2850/2249/70 939/2250/70
f 939/2250/70 2850/2249/70 2851/2234/70 938/2233/70
f 829/2240/71 828/2251/71 2852/2252/71 2846/2241/71
f 2846/2241/71 2852/2252/71 2853/2253/71 2847/2243/71
f 2847/2243/71 2853/2253/71 2854/2254/71 2848/2245/71
f 2848/2245/71 2854/2254/71 2855/2255/71 2849/2247/71
f 2849/2247/71 2855/2255/71 2856/2256/71 2850/2249/71
f 2850/2249/71 2856/2256/71 2857/2235/71 2851/2234/71
f 828/2251/72 827/2257/72 2858/2258/72 2852/2252/72
f 2852/2252/72 2858/2258/72 2859/2259/72 2853/2253/72
f 2853/2253/72 2859/2259/72 2860/2260/72 2854/2254/72
f 2854/2254/72 2860/2260/72 2861/2261/72 2855/2255/72
f 2855/2255/72 2861/2261/72 2862/2262/72 2856/2256/72
f 2856/2256/72 2862/2262/72 2863/2236/72 2857/2235/72
f 827/2257/73 826/2263/73 2864/2264/73 2858/2258/73
f 2858/2258/73 2864/2264/73 2865/2265/73 2859/2259/73
f 2859/2259/73 2865/2265/73 2866/2266/73 2860/2260/73
f 2860/2260/73 2866/2266/73 2867/2267/73 2861/2261/73
f 2861/2261/73 2867/2267/73 2868/2268/73 2862/2262/73
f 2862/2262/73 2868/2268/73 2869/2237/73 2863/2236/73
f 826/2263/74 825/2269/74 2870/2270/74 2864/2264/74
f 2864/2264/74 2870/2270/74 2871/2271/74 2865/2265/74
f 2865/2265/74 2871/2271/74 2872/2272/74 2866/2266/74
f 2866/2266/74 2872/2272/74 2873/2273/74 2867/2267/74
f 2867/2267/74 2873/2273/74 2874/2274/74 2868/2268/74
f 2868/2268/74 2874/2274/74 2875/2238/74 2869/2237/74
f 825/2269/75 824/204/75 2876/2275/75 2870/2270/75
f 2870/2270/75 2876/2275/75 2877/2276/75 2871/2271/75
f 2871/2271/75 2877/2276/75 2878/2277/75 2872/2272/75
f 2872/2272/75 2878/2277/75 2879/2278/75 2873/2273/75
f 2873/2273/75 2879/2278/75 2880/2279/75 2874/2274/75
f 2874/2274/75 2880/2279/75 2881/241/75 2875/2238/75
f 824/204/1 68/203/1 944/2195/1 2876/2275/1
f 2876/2275/1 944/2195/1 945/2197/1 2877/2276/1
f 2877/2276/1 945/2197/1 946/2199/1 2878/2277/1
f 2878/2277/1 946/2199/1 947/2201/1 2879/2278/1
f 2879/2278/1 947/2201/1 948/2203/1 2880/2279/1
f 2880/2279/1 948/2203/1 949/242/1 2881/241/1
f 919/234/12 2887/2280/12 937/1828/12 76/235/12
f 2887/2280/13 2893/2281/13 936/1839/13 937/1828/13
f 2893/2281/14 2899/2282/14 935/1845/14 936/1839/14
f 2899/2282/15 2905/2283/15 934/1851/15 935/1845/15
f 2905/2283/16 2911/2284/16 933/1857/16 934/1851/16
f 2911/2284/17 2917/237/17 932/240/17 933/1857/17
f 65/195/12 811/2285/12 2882/2286/12 914/2287/12
f 914/2287/12 2882/2286/12 2883/2288/12 915/2289/12
f 915/2289/12 2883/2288/12 2884/2290/12 916/2291/12
f 916/2291/12 2884/2290/12 2885/2292/12 917/2293/12
f 917/2293/12 2885/2292/12 2886/2294/12 918/2295/12
f 918/2295/12 2886/2294/12 2887/2280/12 919/234/12
f 811/2285/13 810/2296/13 2888/2297/13 2882/2286/13
f 2882/2286/13 2888/2297/13 2889/2298/13 2883/2288/13
f 2883/2288/13 2889/2298/13 2890/2299/13 2884/2290/13
f 2884/2290/13 2890/2299/13 2891/2300/13 2885/2292/13
f 2885/2292/13 2891/2300/13 2892/2301/13 2886/2294/13
f 2886/2294/13 2892/2301/13 2893/2281/13 2887/2280/13
f 810/2296/14 809/2302/14 2894/2303/14 2888/2297/14
f 2888/2297/14 2894/2303/14 2895/2304/14 2889/2298/14
f 2889/2298/14 2895/2304/14 2896/2305/14 2890/2299/14
f 2890/2299/14 2896/2305/14 2897/2306/14 2891/2300/14
f 2891/2300/14 2897/2306/14 2898/2307/14 2892/2301/14
f 2892/2301/14 2898/2307/14 2899/2282/14 2893/2281/14
f 809/2302/15 808/2308/15 2900/2309/15 2894/2303/15
f 2894/2303/15 2900/2309/15 2901/2310/15 2895/2304/15
f 2895/2304/15 2901/2310/15 2902/2311/15 2896/2305/15
f 2896/2305/15 2902/2311/15 2903/2312/15 2897/2306/15
f 2897/2306/15 2903/2312/15 2904/2313/15 2898/2307/15
f 2898/2307/15 2904/2313/15 2905/2283/15 2899/2282/15
f 808/2308/16 807/2314/16 2906/2315/16 2900/2309/16
f 2900/2309/16 2906/2315/16 2907/2316/16 2901/2310/16
f 2901/2310/16 2907/2316/16 2908/2317/16 2902/2311/16
f 2902/2311/16 2908/2317/16 2909/2318/16 2903/2312/16
f 2903/2312/16 2909/2318/16 2910/2319/16 2904/2313/16
f 2904/2313/16 2910/2319/16 2911/2284/16 2905/2283/16
f 807/2314/17 806/200/17 2912/2320/17 2906/2315/17
f 2906/2315/17 2912/2320/17 2913/2321/17 2907/2316/17
f 2907/2316/17 2913/2321/17 2914/2322/17 2908/2317/17
f 2908/2317/17 2914/2322/17 2915/2323/17 2909/2318/17
f 2909/2318/17 2915/2323/17 2916/2324/17 2910/2319/17
f 2910/2319/17 2916/2324/17 2917/237/17 2911/2284/17
f 806/200/10 66/199/10 926/2325/10 2912/2320/10
f 2912/2320/10 926/2325/10 927/2326/10 2913/2321/10
f 2913/2321/10 927/2326/10 928/2327/10 2914/2322/10
f 2914/2322/10 928/2327/10 929/2328/10 2915/2323/10
f 2915/2323/10 929/2328/10 930/2329/10 2916/2324/10
f 2916/2324/10 930/2329/10 931/238/10 2917/237/10
f 907/230/18 2923/2330/18 925/1878/18 75/231/18
f 2923/2330/20 2929/2331/20 924/1889/20 925/1878/20
f 2929/2331/21 2935/2332/21 923/1895/21 924/1889/21
f 2935/2332/22 2941/2333/22 922/1901/22 923/1895/22
f 2941/2333/23 2947/2334/23 921/1907/23 922/1901/23
f 2947/2334/25 2953/233/25 920/236/25 921/1907/25
f 64/191/18 799/2335/18 2918/2336/18 902/2337/18
f 902/2337/18 2918/2336/18 2919/2338/18 903/2339/18
f 903/2339/18 2919/2338/18 2920/2340/18 904/2341/18
f 904/2341/18 2920/2340/18 2921/2342/18 905/2343/18
f 905/2343/18 2921/2342/18 2922/2344/18 906/2345/18
f 906/2345/18 2922/2344/18 2923/2330/18 907/230/18
f 799/2335/20 798/2346/20 2924/2347/20 2918/2336/20
f 2918/2336/20 2924/2347/20 2925/2348/20 2919/2338/20
f 2919/2338/20 2925/2348/20 2926/2349/20 2920/2340/20
f 2920/2340/20 2926/2349/20 2927/2350/20 2921/2342/20
f 2921/2342/20 2927/2350/20 2928/2351/20 2922/2344/20
f 2922/2344/20 2928/2351/20 2929/2331/20 2923/2330/20
f 798/2346/21 797/2352/21 2930/2353/21 2924/2347/21
f 2924/2347/21 2930/2353/21 2931/2354/21 2925/2348/21
f 2925/2348/21 2931/2354/21 2932/2355/21 2926/2349/21
f 2926/2349/21 2932/2355/21 2933/2356/21 2927/2350/21
f 2927/2350/21 2933/2356/21 2934/2357/21 2928/2351/21
f 2928/2351/21 2934/2357/21 2935/2332/21 2929/2331/21
f 797/2352/22 796/2358/22 2936/2359/22 2930/2353/22
f 2930/2353/22 2936/2359/22 2937/2360/22 2931/2354/22
f 2931/2354/22 2937/2360/22 2938/2361/22 2932/2355/22
f 2932/2355/22 2938/2361/22 2939/2362/22 2933/2356/22
f 2933/2356/22 2939/2362/22 2940/2363/22 2934/2357/22
f 2934/2357/22 2940/2363/22 2941/2333/22 2935/2332/22
f 796/2358/23 795/2364/23 2942/2365/23 2936/2359/23
f 2936/2359/23 2942/2365/23 2943/2366/23 2937/2360/23
f 2937/2360/23 2943/2366/23 2944/2367/23 2938/2361/23
f 2938/2361/23 2944/2367/23 2945/2368/23 2939/2362/23
f 2939/2362/23 2945/2368/23 2946/2369/23 2940/2363/23
f 2940/2363/23 2946/2369/23 2947/2334/23 2941/2333/23
f 795/2364/25 794/196/25 2948/2370/25 2942/2365/25
f 2942/2365/25 2948/2370/25 2949/2371/25 2943/2366/25
f 2943/2366/25 2949/2371/25 2950/2372/25 2944/2367/25
f 2944/2367/25 2950/2372/25 2951/2373/25 2945/2368/25
f 2945/2368/25 2951/2373/25 2952/2374/25 2946/2369/25
f 2946/2369/25 2952/2374/25 2953/233/25 2947/2334/25
f 794/196/9 65/195/9 914/2287/9 2948/2370/9
f 2948/2370/9 914/2287/9 915/2289/9 2949/2371/9
f 2949/2371/9 915/2289/9 916/2291/9 2950/2372/9
f 2950/2372/9 916/2291/9 917/2293/9 2951/2373/9
f 2951/2373/9 917/2293/9 918/2295/9 2952/2374/9
f 2952/2374/9 918/2295/9 919/234/9 2953/233/9
f 895/226/77 2959/2375/77 913/1923/77 74/227/77
f 2959/2375/27 2965/2376/27 912/1934/27 913/1923/27
f 2965/2376/28 2971/2377/28 911/1940/28 912/1934/28
f 2971/2377/29 2977/2378/29 910/1946/29 911/1940/29
f 2977/2378/30 2983/2379/30 909/1952/30 910/1946/30
f 2983/2379/31 2989/229/31 908/232/31 909/1952/31
f 63/187/77 787/2380/77 2954/2381/77 890/2382/77
f 890/2382/77 2954/2381/77 2955/2383/77 891/2384/77
f 891/2384/77 2955/2383/77 2956/2385/77 892/2386/77
f 892/2386/77 2956/2385/77 2957/2387/77 893/2388/77
f 893/2388/77 2957/2387/77 2958/2389/77 894/2390/77
f 894/2390/77 2958/2389/77 2959/2375/77 895/226/77
f 787/2380/27 786/2391/27 2960/2392/27 2954/2381/27
f 2954/2381/27 2960/2392/27 2961/2393/27 2955/2383/27
f 2955/2383/27 2961/2393/27 2962/2394/27 2956/2385/27
f 2956/2385/27 2962/2394/27 2963/2395/27 2957/2387/27
f 2957/2387/27 2963/2395/27 2964/2396/27 2958/2389/27
f 2958/2389/27 2964/2396/27 2965/2376/27 2959/2375/27
f 786/2391/28 785/2397/28 2966/2398/28 2960/2392/28
f 2960/2392/28 2966/2398/28 2967/2399/28 2961/2393/28
f 2961/2393/28 2967/2399/28 2968/2400/28 2962/2394/28
f 2962/2394/28 2968/2400/28 2969/2401/28 2963/2395/28
f 2963/2395/28 2969/2401/28 2970/2402/28 2964/2396/28
f 2964/2396/28 2970/2402/28 2971/2377/28 2965/2376/28
f 785/2397/29 784/2403/29 2972/2404/29 2966/2398/29
f 2966/2398/29 2972/2404/29 2973/2405/29 2967/2399/29
f 2967/2399/29 2973/2405/29 2974/2406/29 2968/2400/29
f 2968/2400/29 2974/2406/29 2975/2407/29 2969/2401/29
f 2969/2401/29 2975/2407/29 2976/2408/29 2970/2402/29
f 2970/2402/29 2976/2408/29 2977/2378/29 2971/2377/29
f 784/2403/30 783/2409/30 2978/2410/30 2972/2404/30
f 2972/2404/30 2978/2410/30 2979/2411/30 2973/2405/30
f 2973/2405/30 2979/2411/30 2980/2412/30 2974/2406/30
f 2974/2406/30 2980/2412/30 2981/2413/30 2975/2407/30
f 2975/2407/30 2981/2413/30 2982/2414/30 2976/2408/30
f 2976/2408/30 2982/2414/30 2983/2379/30 2977/2378/30
f 783/2409/31 782/192/31 2984/2415/31 2978/2410/31
f 2978/2410/31 2984/2415/31 2985/2416/31 2979/2411/31
f 2979/2411/31 2985/2416/31 2986/2417/31 2980/2412/31
f 2980/2412/31 2986/2417/31 2987/2418/31 2981/2413/31
f 2981/2413/31 2987/2418/31 2988/2419/31 2982/2414/31
f 2982/2414/31 2988/2419/31 2989/229/31 2983/2379/31
f 782/192/8 64/191/8 902/2337/8 2984/2415/8
f 2984/2415/8 902/2337/8 903/2339/8 2985/2416/8
f 2985/2416/8 903/2339/8 904/2341/8 2986/2417/8
f 2986/2417/8 904/2341/8 905/2343/8 2987/2418/8
f 2987/2418/8 905/2343/8 906/2345/8 2988/2419/8
f 2988/2419/8 906/2345/8 907/230/8 2989/229/8
f 883/222/32 2995/2420/32 901/1968/76 73/223/76
f 2995/2420/78 3001/2421/78 900/1979/78 901/1968/78
f 3001/2421/34 3007/2422/34 899/1985/34 900/1979/34
f 3007/2422/35 3013/2423/35 898/1991/35 899/1985/35
f 3013/2423/36 3019/2424/36 897/1997/36 898/1991/36
f 3019/2424/37 3025/225/37 896/228/37 897/1997/37
f 62/183/32 775/2425/32 2990/2426/32 878/2427/32
f 878/2427/32 2990/2426/32 2991/2428/32 879/2429/32
f 879/2429/32 2991/2428/32 2992/2430/32 880/2431/32
f 880/2431/32 2992/2430/32 2993/2432/32 881/2433/32
f 881/2433/32 2993/2432/32 2994/2434/32 882/2435/32
f 882/2435/32 2994/2434/32 2995/2420/32 883/222/32
f 775/2425/78 774/2436/78 2996/2437/78 2990/2426/78
f 2990/2426/78 2996/2437/78 2997/2438/78 2991/2428/78
f 2991/2428/78 2997/2438/78 2998/2439/78 2992/2430/78
f 2992/2430/78 2998/2439/78 2999/2440/78 2993/2432/78
f 2993/2432/78 2999/2440/78 3000/2441/78 2994/2434/78
f 2994/2434/78 3000/2441/78 3001/2421/78 2995/2420/78
f 774/2436/34 773/2442/34 3002/2443/34 2996/2437/34
f 2996/2437/34 3002/2443/34 3003/2444/34 2997/2438/34
f 2997/2438/34 3003/2444/34 3004/2445/34 2998/2439/34
f 2998/2439/34 3004/2445/34 3005/2446/34 2999/2440/34
f 2999/2440/34 3005/2446/34 3006/2447/34 3000/2441/34
f 3000/2441/34 3006/2447/34 3007/2422/34 3001/2421/34
f 773/2442/35 772/2448/35 3008/2449/35 3002/2443/35
f 3002/2443/35 3008/2449/35 3009/2450/35 3003/2444/35
f 3003/2444/35 3009/2450/35 3010/2451/35 3004/2445/35
f 3004/2445/35 3010/2451/35 3011/2452/35 3005/2446/35
f 3005/2446/35 3011/2452/35 3012/2453/35 3006/2447/35
f 3006/2447/35 3012/2453/35 3013/2423/35 3007/2422/35
f 772/2448/36 771/2454/36 3014/2455/36 3008/2449/36
f 3008/2449/36 3014/2455/36 3015/2456/36 3009/2450/36
f 3009/2450/36 3015/2456/36 3016/2457/36 3010/2451/36
f 3010/2451/36 3016/2457/36 3017/2458/36 3011/2452/36
f 3011/2452/36 3017/2458/36 3018/2459/36 3012/2453/36
f 3012/2453/36 3018/2459/36 3019/2424/36 3013/2423/36
f 771/2454/37 770/188/37 3020/2460/37 3014/2455/37
f 3014/2455/37 3020/2460/37 3021/2461/37 3015/2456/37
f 3015/2456/37 3021/2461/37 3022/2462/37 3016/2457/37
f 3016/2457/37 3022/2462/37 3023/2463/37 3017/2458/37
f 3017/2458/37 3023/2463/37 3024/2464/37 3018/2459/37
f 3018/2459/37 3024/2464/37 3025/225/37 3019/2424/37
f 770/188/7 63/187/7 890/2382/7 3020/2460/7
f 3020/2460/7 890/2382/7 891/2384/7 3021/2461/7
f 3021/2461/7 891/2384/7 892/2386/7 3022/2462/7
f 3022/2462/7 892/2386/7 893/2388/7 3023/2463/7
f 3023/2463/7 893/2388/7 894/2390/7 3024/2464/7
f 3024/2464/7 894/2390/7 895/226/7 3025/225/7
f 871/218/38 3031/2465/38 889/2013/38 72/219/38
f 3031/2465/39 3037/2466/39 888/2024/39 889/2013/39
f 3037/2466/40 3043/2467/40 887/2030/40 888/2024/40
f 3043/2467/41 3049/2468/41 886/2036/41 887/2030/41
f 3049/2468/42 3055/2469/42 885/2042/42 886/2036/42
f 3055/2469/43 3061/221/43 884/224/43 885/2042/43
f 61/179/38 763/2470/38 3026/2471/38 866/2472/38
f 866/2472/38 3026/2471/38 3027/2473/38 867/2474/38
f 867/2474/38 3027/2473/38 3028/2475/38 868/2476/38
f 868/2476/38 3028/2475/38 3029/2477/38 869/2478/38
f 869/2478/38 3029/2477/38 3030/2479/38 870/2480/38
f 870/2480/38 3030/2479/38 3031/2465/38 871/218/38
f 763/2470/39 762/2481/39 3032/2482/39 3026/2471/39
f 3026/2471/39 3032/2482/39 3033/2483/39 3027/2473/39
f 3027/2473/39 3033/2483/39 3034/2484/39 3028/2475/39
f 3028/2475/39 3034/2484/39 3035/2485/39 3029/2477/39
f 3029/2477/39 3035/2485/39 3036/2486/39 3030/2479/39
f 3030/2479/39 3036/2486/39 3037/2466/39 3031/2465/39
f 762/2481/40 761/2487/40 3038/2488/40 3032/2482/40
f 3032/2482/40 3038/2488/40 3039/2489/40 3033/2483/40
f 3033/2483/40 3039/2489/40 3040/2490/40 3034/2484/40
f 3034/2484/40 3040/2490/40 3041/2491/40 3035/2485/40
f 3035/2485/40 3041/2491/40 3042/2492/40 3036/2486/40
f 3036/2486/40 3042/2492/40 3043/2467/40 3037/2466/40
f 761/2487/41 760/2493/41 3044/2494/41 3038/2488/41
f 3038/2488/41 3044/2494/41 3045/2495/41 3039/2489/41
f 3039/2489/41 3045/2495/41 3046/2496/41 3040/2490/41
f 3040/2490/41 3046/2496/41 3047/2497/41 3041/2491/41
f 3041/2491/41 3047/2497/41 3048/2498/41 3042/2492/41
f 3042/2492/41 3048/2498/41 3049/2468/41 3043/2467/41
f 760/2493/42 759/2499/42 3050/2500/42 3044/2494/42
f 3044/2494/42 3050/2500/42 3051/2501/42 3045/2495/42
f 3045/2495/42 3051/2501/42 3052/2502/42 3046/2496/42
f 3046/2496/42 3052/2502/42 3053/2503/42 3047/2497/42
f 3047/2497/42 3053/2503/42 3054/2504/42 3048/2498/42
f 3048/2498/42 3054/2504/42 3055/2469/42 3049/2468/42
f 759/2499/43 758/184/43 3056/2505/43 3050/2500/43
f 3050/2500/43 3056/2505/43 3057/2506/43 3051/2501/43
f 3051/2501/43 3057/2506/43 3058/2507/43 3052/2502/43
f 3052/2502/43 3058/2507/43 3059/2508/43 3053/2503/43
f 3053/2503/43 3059/2508/43 3060/2509/43 3054/2504/43
f 3054/2504/43 3060/2509/43 3061/221/43 3055/2469/43
f 758/184/6 62/183/6 878/2427/6 3056/2505/6
f 3056/2505/6 878/2427/6 879/2429/6 3057/2506/6
f 3057/2506/6 879/2429/6 880/2431/6 3058/2507/6
f 3058/2507/6 880/2431/6 881/2433/6 3059/2508/6
f 3059/2508/6 881/2433/6 882/2435/6 3060/2509/6
f 3060/2509/6 882/2435/6 883/222/6 3061/221/6
f 859/214/44 3067/2510/44 877/2058/44 71/215/44
f 3067/2510/45 3073/2511/45 876/2069/45 877/2058/45
f 3073/2511/46 3079/2512/46 875/2075/46 876/2069/46
f 3079/2512/47 3085/2513/47 874/2081/47 875/2075/47
f 3085/2513/48 3091/2514/48 873/2087/48 874/2081/48
f 3091/2514/49 3097/217/49 872/220/49 873/2087/49
f 60/175/44 751/2515/44 3062/2516/44 854/2517/44
f 854/2517/44 3062/2516/44 3063/2518/44 855/2519/44
f 855/2519/44 3063/2518/44 3064/2520/44 856/2521/44
f 856/2521/44 3064/2520/44 3065/2522/44 857/2523/44
f 857/2523/44 3065/2522/44 3066/2524/44 858/2525/44
f 858/2525/44 3066/2524/44 3067/2510/44 859/214/44
f 751/2515/45 750/2526/45 3068/2527/45 3062/2516/45
f 3062/2516/45 3068/2527/45 3069/2528/45 3063/2518/45
f 3063/2518/45 3069/2528/45 3070/2529/45 3064/2520/45
f 3064/2520/45 3070/2529/45 3071/2530/45 3065/2522/45
f 3065/2522/45 3071/2530/45 3072/2531/45 3066/2524/45
f 3066/2524/45 3072/2531/45 3073/2511/45 3067/2510/45
f 750/2526/46 749/2532/46 3074/2533/46 3068/2527/46
f 3068/2527/46 3074/2533/46 3075/2534/46 3069/2528/46
f 3069/2528/46 3075/2534/46 3076/2535/46 3070/2529/46
f 3070/2529/46 3076/2535/46 3077/2536/46 3071/2530/46
f 3071/2530/46 3077/2536/46 3078/2537/46 3072/2531/46
f 3072/2531/46 3078/2537/46 3079/2512/46 3073/2511/46
f 749/2532/47 748/2538/47 3080/2539/47 3074/2533/47
f 3074/2533/47 3080/2539/47 3081/2540/47 3075/2534/47
f 3075/2534/47 3081/2540/47 3082/2541/47 3076/2535/47
f 3076/2535/47 3082/2541/47 3083/2542/47 3077/2536/47
f 3077/2536/47 3083/2542/47 3084/2543/47 3078/2537/47
f 3078/2537/47 3084/2543/47 3085/2513/47 3079/2512/47
f 748/2538/48 747/2544/48 3086/2545/48 3080/2539/48
f 3080/2539/48 3086/2545/48 3087/2546/48 3081/2540/48
f 3081/2540/48 3087/2546/48 3088/2547/48 3082/2541/48
f 3082/2541/48 3088/2547/48 3089/2548/48 3083/2542/48
f 3083/2542/48 3089/2548/48 3090/2549/48 3084/2543/48
f 3084/2543/48 3090/2549/48 3091/2514/48 3085/2513/48
f 747/2544/49 746/180/49 3092/2550/49 3086/2545/49
f 3086/2545/49 3092/2550/49 3093/2551/49 3087/2546/49
f 3087/2546/49 3093/2551/49 3094/2552/49 3088/2547/49
f 3088/2547/49 3094/2552/49 3095/2553/49 3089/2548/49
f 3089/2548/49 3095/2553/49 3096/2554/49 3090/2549/49
f 3090/2549/49 3096/2554/49 3097/217/49 3091/2514/49
f 746/180/5 61/179/5 866/2472/5 3092/2550/5
f 3092/2550/5 866/2472/5 867/2474/5 3093/2551/5
f 3093/2551/5 867/2474/5 868/2476/5 3094/2552/5
f 3094/2552/5 868/2476/5 869/2478/5 3095/2553/5
f 3095/2553/5 869/2478/5 870/2480/5 3096/2554/5
f 3096/2554/5 870/2480/5 871/218/5 3097/217/5
f 847/210/50 3103/2555/50 865/2103/50 70/211/50
f 3103/2555/51 3109/2556/51 864/2114/51 865/2103/51
f 3109/2556/52 3115/2557/52 863/2120/52 864/2114/52
f 3115/2557/53 3121/2558/53 862/2126/53 863/2120/53
f 3121/2558/54 3127/2559/54 861/2132/54 862/2126/54
f 3127/2559/79 3133/213/79 860/216/79 861/2132/79
f 59/171/50 739/2560/50 3098/2561/50 842/2562/50
f 842/2562/50 3098/2561/50 3099/2563/50 843/2564/50
f 843/2564/50 3099/2563/50 3100/2565/50 844/2566/50
f 844/2566/50 3100/2565/50 3101/2567/50 845/2568/50
f 845/2568/50 3101/2567/50 3102/2569/50 846/2570/50
f 846/2570/50 3102/2569/50 3103/2555/50 847/210/50
f 739/2560/51 738/2571/51 3104/2572/51 3098/2561/51
f 3098/2561/51 3104/2572/51 3105/2573/51 3099/2563/51
f 3099/2563/51 3105/2573/51 3106/2574/51 3100/2565/51
f 3100/2565/51 3106/2574/51 3107/2575/51 3101/2567/51
f 3101/2567/51 3107/2575/51 3108/2576/51 3102/2569/51
f 3102/2569/51 3108/2576/51 3109/2556/51 3103/2555/51
f 738/2571/52 737/2577/52 3110/2578/52 3104/2572/52
f 3104/2572/52 3110/2578/52 3111/2579/52 3105/2573/52
f 3105/2573/52 3111/2579/52 3112/2580/52 3106/2574/52
f 3106/2574/52 3112/2580/52 3113/2581/52 3107/2575/52
f 3107/2575/52 3113/2581/52 3114/2582/52 3108/2576/52
f 3108/2576/52 3114/2582/52 3115/2557/52 3109/2556/52
f 737/2577/53 736/2583/53 3116/2584/53 3110/2578/53
f 3110/2578/53 3116/2584/53 3117/2585/53 3111/2579/53
f 3111/2579/53 3117/2585/53 3118/2586/53 3112/2580/53
f 3112/2580/53 3118/2586/53 3119/2587/53 3113/2581/53
f 3113/2581/53 3119/2587/53 3120/2588/53 3114/2582/53
f 3114/2582/53 3120/2588/53 3121/2558/53 3115/2557/53
f 736/2583/54 735/2589/54 3122/2590/54 3116/2584/54
f 3116/2584/54 3122/2590/54 3123/2591/54 3117/2585/54
f 3117/2585/54 3123/2591/54 3124/2592/54 3118/2586/54
f 3118/2586/54 3124/2592/54 3125/2593/54 3119/2587/54
f 3119/2587/54 3125/2593/54 3126/2594/54 3120/2588/54
f 3120/2588/54 3126/2594/54 3127/2559/54 3121/2558/54
f 735/2589/79 734/176/79 3128/2595/79 3122/2590/79
f 3122/2590/79 3128/2595/79 3129/2596/79 3123/2591/79
f 3123/2591/79 3129/2596/79 3130/2597/79 3124/2592/79
f 3124/2592/79 3130/2597/79 3131/2598/79 3125/2593/79
f 3125/2593/79 3131/2598/79 3132/2599/79 3126/2594/79
f 3126/2594/79 3132/2599/79 3133/213/79 3127/2559/79
f 734/176/4 60/175/4 854/2517/4 3128/2595/4
f 3128/2595/4 854/2517/4 855/2519/4 3129/2596/4
f 3129/2596/4 855/2519/4 856/2521/4 3130/2597/4
f 3130/2597/4 856/2521/4 857/2523/4 3131/2598/4
f 3131/2598/4 857/2523/4 858/2525/4 3132/2599/4
f 3132/2599/4 858/2525/4 859/214/4 3133/213/4
f 835/206/56 3139/2600/56 853/2148/56 69/207/56
f 3139/2600/57 3145/2601/57 852/2159/57 853/2148/57
f 3145/2601/58 3151/2602/58 851/2165/58 852/2159/58
f 3151/2602/59 3157/2603/59 850/2171/59 851/2165/59
f 3157/2603/60 3163/2604/60 849/2177/60 850/2171/60
f 3163/2604/61 3169/209/61 848/212/61 849/2177/61
f 58/167/56 727/2605/56 3134/2606/56 830/2607/56
f 830/2607/56 3134/2606/56 3135/2608/56 831/2609/56
f 831/2609/56 3135/2608/56 3136/2610/56 832/2611/56
f 832/2611/56 3136/2610/56 3137/2612/56 833/2613/56
f 833/2613/56 3137/2612/56 3138/2614/56 834/2615/56
f 834/2615/56 3138/2614/56 3139/2600/56 835/206/56
f 727/2605/57 726/2616/57 3140/2617/57 3134/2606/57
f 3134/2606/57 3140/2617/57 3141/2618/57 3135/2608/57
f 3135/2608/57 3141/2618/57 3142/2619/57 3136/2610/57
f 3136/2610/57 3142/2619/57 3143/2620/57 3137/2612/57
f 3137/2612/57 3143/2620/57 3144/2621/57 3138/2614/57
f 3138/2614/57 3144/2621/57 3145/2601/57 3139/2600/57
f 726/2616/58 725/2622/58 3146/2623/58 3140/2617/58
f 3140/2617/58 3146/2623/58 3147/2624/58 3141/2618/58
f 3141/2618/58 3147/2624/58 3148/2625/58 3142/2619/58
f 3142/2619/58 3148/2625/58 3149/2626/58 3143/2620/58
f 3143/2620/58 3149/2626/58 3150/2627/58 3144/2621/58
f 3144/2621/58 3150/2627/58 3151/2602/58 3145/2601/58
f 725/2622/59 724/2628/59 3152/2629/59 3146/2623/59
f 3146/2623/59 3152/2629/59 3153/2630/59 3147/2624/59
f 3147/2624/59 3153/2630/59 3154/2631/59 3148/2625/59
f 3148/2625/59 3154/2631/59 3155/2632/59 3149/2626/59
f 3149/2626/59 3155/2632/59 3156/2633/59 3150/2627/59
f 3150/2627/59 3156/2633/59 3157/2603/59 3151/2602/59
f 724/2628/60 723/2634/60 3158/2635/60 3152/2629/60
f 3152/2629/60 3158/2635/60 3159/2636/60 3153/2630/60
f 3153/2630/60 3159/2636/60 3160/2637/60 3154/2631/60
f 3154/2631/60 3160/2637/60 3161/2638/60 3155/2632/60
f 3155/2632/60 3161/2638/60 3162/2639/60 3156/2633/60
f 3156/2633/60 3162/2639/60 3163/2604/60 3157/2603/60
f 723/2634/61 722/172/61 3164/2640/61 3158/2635/61
f 3158/2635/61 3164/2640/61 3165/2641/61 3159/2636/61
f 3159/2636/61 3165/2641/61 3166/2642/61 3160/2637/61
f 3160/2637/61 3166/2642/61 3167/2643/61 3161/2638/61
f 3161/2638/61 3167/2643/61 3168/2644/61 3162/2639/61
f 3162/2639/61 3168/2644/61 3169/209/61 3163/2604/61
f 722/172/11 59/171/11 842/2562/11 3164/2640/11
f 3164/2640/11 842/2562/11 843/2564/11 3165/2641/11
f 3165/2641/11 843/2564/11 844/2566/11 3166/2642/11
f 3166/2642/11 844/2566/11 845/2568/11 3167/2643/11
f 3167/2643/11 845/2568/11 846/2570/11 3168/2644/11
f 3168/2644/11 846/2570/11 847/210/11 3169/209/11
f 823/202/62 3175/2645/62 841/2193/62 68/203/62
f 3175/2645/69 3181/2646/69 840/2204/69 841/2193/69
f 3181/2646/64 3187/2647/64 839/2210/64 840/2204/64
f 3187/2647/65 3193/2648/65 838/2216/65 839/2210/65
f 3193/2648/66 3199/2649/66 837/2222/66 838/2216/66
f 3199/2649/68 3205/205/68 836/208/68 837/2222/68
f 57/163/62 715/2650/62 3170/2651/62 818/2652/62
f 818/2652/62 3170/2651/62 3171/2653/62 819/2654/62
f 819/2654/62 3171/2653/62 3172/2655/62 820/2656/62
f 820/2656/62 3172/2655/62 3173/2657/62 821/2658/62
f 821/2658/62 3173/2657/62 3174/2659/62 822/2660/62
f 822/2660/62 3174/2659/62 3175/2645/62 823/202/62
f 715/2650/69 714/2661/69 3176/2662/69 3170/2651/69
f 3170/2651/69 3176/2662/69 3177/2663/69 3171/2653/69
f 3171/2653/69 3177/2663/69 3178/2664/69 3172/2655/69
f 3172/2655/69 3178/2664/69 3179/2665/69 3173/2657/69
f 3173/2657/69 3179/2665/69 3180/2666/69 3174/2659/69
f 3174/2659/69 3180/2666/69 3181/2646/69 3175/2645/69
f 714/2661/64 713/2667/64 3182/2668/64 3176/2662/64
f 3176/2662/64 3182/2668/64 3183/2669/64 3177/2663/64
f 3177/2663/64 3183/2669/64 3184/2670/64 3178/2664/64
f 3178/2664/64 3184/2670/64 3185/2671/64 3179/2665/64
f 3179/2665/64 3185/2671/64 3186/2672/64 3180/2666/64
f 3180/2666/64 3186/2672/64 3187/2647/64 3181/2646/64
f 713/2667/65 712/2673/65 3188/2674/65 3182/2668/65
f 3182/2668/65 3188/2674/65 3189/2675/65 3183/2669/65
f 3183/2669/65 3189/2675/65 3190/2676/65 3184/2670/65
f 3184/2670/65 3190/2676/65 3191/2677/65 3185/2671/65
f 3185/2671/65 3191/2677/65 3192/2678/65 3186/2672/65
f 3186/2672/65 3192/2678/65 3193/2648/65 3187/2647/65
f 712/2673/66 711/2679/66 3194/2680/66 3188/2674/66
f 3188/2674/66 3194/2680/66 3195/2681/66 3189/2675/66
f 3189/2675/66 3195/2681/66 3196/2682/66 3190/2676/66
f 3190/2676/66 3196/2682/66 3197/2683/66 3191/2677/66
f 3191/2677/66 3197/2683/66 3198/2684/66 3192/2678/66
f 3192/2678/66 3198/2684/66 3199/2649/66 3193/2648/66
f 711/2679/68 710/168/68 3200/2685/68 3194/2680/68
f 3194/2680/68 3200/2685/68 3201/2686/68 3195/2681/68
f 3195/2681/68 3201/2686/68 3202/2687/68 3196/2682/68
f 3196/2682/68 3202/2687/68 3203/2688/68 3197/2683/68
f 3197/2683/68 3203/2688/68 3204/2689/68 3198/2684/68
f 3198/2684/68 3204/2689/68 3205/205/68 3199/2649/68
f 710/168/2 58/167/2 830/2607/2 3200/2685/2
f 3200/2685/2 830/2607/2 831/2609/2 3201/2686/2
f 3201/2686/2 831/2609/2 832/2611/2 3202/2687/2
f 3202/2687/2 832/2611/2 833/2613/2 3203/2688/2
f 3203/2688/2 833/2613/2 834/2615/2 3204/2689/2
f 3204/2689/2 834/2615/2 835/206/2 3205/205/2
f 812/2690/70 3211/2691/70 829/2240/70 67/2239/70
f 3211/2691/71 3217/2692/71 828/2251/71 829/2240/71
f 3217/2692/72 3223/2693/72 827/2257/72 828/2251/72
f 3223/2693/73 3229/2694/73 826/2263/73 827/2257/73
f 3229/2694/74 3235/2695/74 825/2269/74 826/2263/74
f 3235/2695/75 3241/201/75 824/204/75 825/2269/75
f 56/2696/70 703/2697/70 3206/2698/70 817/2699/70
f 817/2699/70 3206/2698/70 3207/2700/70 816/2701/70
f 816/2701/70 3207/2700/70 3208/2702/70 815/2703/70
f 815/2703/70 3208/2702/70 3209/2704/70 814/2705/70
f 814/2705/70 3209/2704/70 3210/2706/70 813/2707/70
f 813/2707/70 3210/2706/70 3211/2691/70 812/2690/70
f 703/2697/71 702/2708/71 3212/2709/71 3206/2698/71
f 3206/2698/71 3212/2709/71 3213/2710/71 3207/2700/71
f 3207/2700/71 3213/2710/71 3214/2711/71 3208/2702/71
f 3208/2702/71 3214/2711/71 3215/2712/71 3209/2704/71
f 3209/2704/71 3215/2712/71 3216/2713/71 3210/2706/71
f 3210/2706/71 3216/2713/71 3217/2692/71 3211/2691/71
f 702/2708/72 701/2714/72 3218/2715/72 3212/2709/72
f 3212/2709/72 3218/2715/72 3219/2716/72 3213/2710/72
f 3213/2710/72 3219/2716/72 3220/2717/72 3214/2711/72
f 3214/2711/72 3220/2717/72 3221/2718/72 3215/2712/72
f 3215/2712/72 3221/2718/72 3222/2719/72 3216/2713/72
f 3216/2713/72 3222/2719/72 3223/2693/72 3217/2692/72
f 701/2714/73 700/2720/73 3224/2721/73 3218/2715/73
f 3218/2715/73 3224/2721/73 3225/2722/73 3219/2716/73
f 3219/2716/73 3225/2722/73 3226/2723/73 3220/2717/73
f 3220/2717/73 3226/2723/73 3227/2724/73 3221/2718/73
f 3221/2718/73 3227/2724/73 3228/2725/73 3222/2719/73
f 3222/2719/73 3228/2725/73 3229/2694/73 3223/2693/73
f 700/2720/74 699/2726/74 3230/2727/74 3224/2721/74
f 3224/2721/74 3230/2727/74 3231/2728/74 3225/2722/74
f 3225/2722/74 3231/2728/74 3232/2729/74 3226/2723/74
f 3226/2723/74 3232/2729/74 3233/2730/74 3227/2724/74
f 3227/2724/74 3233/2730/74 3234/2731/74 3228/2725/74
f 3228/2725/74 3234/2731/74 3235/2695/74 3229/2694/74
f 699/2726/75 698/164/75 3236/2732/75 3230/2727/75
f 3230/2727/75 3236/2732/75 3237/2733/75 3231/2728/75
f 3231/2728/75 3237/2733/75 3238/2734/75 3232/2729/75
f 3232/2729/75 3238/2734/75 3239/2735/75 3233/2730/75
f 3233/2730/75 3239/2735/75 3240/2736/75 3234/2731/75
f 3234/2731/75 3240/2736/75 3241/201/75 3235/2695/75
f 698/164/1 57/163/1 818/2652/1 3236/2732/1
f 3236/2732/1 818/2652/1 819/2654/1 3237/2733/1
f 3237/2733/1 819/2654/1 820/2656/1 3238/2734/1
f 3238/2734/1 820/2656/1 821/2658/1 3239/2735/1
f 3239/2735/1 821/2658/1 822/2660/1 3240/2736/1
f 3240/2736/1 822/2660/1 823/202/1 3241/201/1
f 793/194/12 3247/2737/12 811/2285/12 65/195/12
f 3247/2737/13 3253/2738/13 810/2296/13 811/2285/13
f 3253/2738/14 3259/2739/14 809/2302/14 810/2296/14
f 3259/2739/15 3265/2740/15 808/2308/15 809/2302/15
f 3265/2740/16 3271/2741/16 807/2314/16 808/2308/16
f 3271/2741/17 3277/197/17 806/200/17 807/2314/17
f 54/155/12 685/2742/12 3242/2743/12 788/2744/12
f 788/2744/12 3242/2743/12 3243/2745/12 789/2746/12
f 789/2746/12 3243/2745/12 3244/2747/12 790/2748/12
f 790/2748/12 3244/2747/12 3245/2749/12 791/2750/12
f 791/2750/12 3245/2749/12 3246/2751/12 792/2752/12
f 792/2752/12 3246/2751/12 3247/2737/12 793/194/12
f 685/2742/13 684/2753/13 3248/2754/13 3242/2743/13
f 3242/2743/13 3248/2754/13 3249/2755/13 3243/2745/13
f 3243/2745/13 3249/2755/13 3250/2756/13 3244/2747/13
f 3244/2747/13 3250/2756/13 3251/2757/13 3245/2749/13
f 3245/2749/13 3251/2757/13 3252/2758/13 3246/2751/13
f 3246/2751/13 3252/2758/13 3253/2738/13 3247/2737/13
f 684/2753/14 683/2759/14 3254/2760/14 3248/2754/14
f 3248/2754/14 3254/2760/14 3255/2761/14 3249/2755/14
f 3249/2755/14 3255/2761/14 3256/2762/14 3250/2756/14
f 3250/2756/14 3256/2762/14 3257/2763/14 3251/2757/14
f 3251/2757/14 3257/2763/14 3258/2764/14 3252/2758/14
f 3252/2758/14 3258/2764/14 3259/2739/14 3253/2738/14
f 683/2759/15 682/2765/15 3260/2766/15 3254/2760/15
f 3254/2760/15 3260/2766/15 3261/2767/15 3255/2761/15
f 3255/2761/15 3261/2767/15 3262/2768/15 3256/2762/15
f 3256/2762/15 3262/2768/15 3263/2769/15 3257/2763/15
f 3257/2763/15 3263/2769/15 3264/2770/15 3258/2764/15
f 3258/2764/15 3264/2770/15 3265/2740/15 3259/2739/15
f 682/2765/16 681/2771/16 3266/2772/16 3260/2766/16
f 3260/2766/16 3266/2772/16 3267/2773/16 3261/2767/16
f 3261/2767/16 3267/2773/16 3268/2774/16 3262/2768/16
f 3262/2768/16 3268/2774/16 3269/2775/16 3263/2769/16
f 3263/2769/16 3269/2775/16 3270/2776/16 3264/2770/16
f 3264/2770/16 3270/2776/16 3271/2741/16 3265/2740/16
f 681/2771/17 680/160/17 3272/2777/17 3266/2772/17
f 3266/2772/17 3272/2777/17 3273/2778/17 3267/2773/17
f 3267/2773/17 3273/2778/17 3274/2779/17 3268/2774/17
f 3268/2774/17 3274/2779/17 3275/2780/17 3269/2775/17
f 3269/2775/17 3275/2780/17 3276/2781/17 3270/2776/17
f 3270/2776/17 3276/2781/17 3277/197/17 3271/2741/17
f 680/160/10 55/159/10 800/2782/10 3272/2777/10
f 3272/2777/10 800/2782/10 801/2783/10 3273/2778/10
f 3273/2778/10 801/2783/10 802/2784/10 3274/2779/10
f 3274/2779/10 802/2784/10 803/2785/10 3275/2780/10
f 3275/2780/10 803/2785/10 804/2786/10 3276/2781/10
f 3276/2781/10 804/2786/10 805/198/10 3277/197/10
f 781/190/18 3283/2787/18 799/2335/18 64/191/18
f 3283/2787/20 3289/2788/20 798/2346/20 799/2335/20
f 3289/2788/21 3295/2789/21 797/2352/21 798/2346/21
f 3295/2789/22 3301/2790/22 796/2358/22 797/2352/22
f 3301/2790/23 3307/2791/23 795/2364/23 796/2358/23
f 3307/2791/25 3313/193/25 794/196/25 795/2364/25
f 53/151/18 673/2792/18 3278/2793/18 776/2794/18
f 776/2794/18 3278/2793/18 3279/2795/18 777/2796/18
f 777/2796/18 3279/2795/18 3280/2797/18 778/2798/18
f 778/2798/18 3280/2797/18 3281/2799/18 779/2800/18
f 779/2800/18 3281/2799/18 3282/2801/18 780/2802/18
f 780/2802/18 3282/2801/18 3283/2787/18 781/190/18
f 673/2792/20 672/2803/20 3284/2804/20 3278/2793/20
f 3278/2793/20 3284/2804/20 3285/2805/20 3279/2795/20
f 3279/2795/20 3285/2805/20 3286/2806/20 3280/2797/20
f 3280/2797/20 3286/2806/20 3287/2807/20 3281/2799/20
f 3281/2799/20 3287/2807/20 3288/2808/20 3282/2801/20
f 3282/2801/20 3288/2808/20 3289/2788/20 3283/2787/20
f 672/2803/21 671/2809/21 3290/2810/21 3284/2804/21
f 3284/2804/21 3290/2810/21 3291/2811/21 3285/2805/21
f 3285/2805/21 3291/2811/21 3292/2812/21 3286/2806/21
f 3286/2806/21 3292/2812/21 3293/2813/21 3287/2807/21
f 3287/2807/21 3293/2813/21 3294/2814/21 3288/2808/21
f 3288/2808/21 3294/2814/21 3295/2789/21 3289/2788/21
f 671/2809/22 670/2815/22 3296/2816/22 3290/2810/22
f 3290/2810/22 3296/2816/22 3297/2817/22 3291/2811/22
f 3291/2811/22 3297/2817/22 3298/2818/22 3292/2812/22
f 3292/2812/22 3298/2818/22 3299/2819/22 3293/2813/22
f 3293/2813/22 3299/2819/22 3300/2820/22 3294/2814/22
f 3294/2814/22 3300/2820/22 3301/2790/22 3295/2789/22
f 670/2815/23 669/2821/23 3302/2822/23 3296/2816/23
f 3296/2816/23 3302/2822/23 3303/2823/23 3297/2817/23
f 3297/2817/23 3303/2823/23 3304/2824/23 3298/2818/23
f 3298/2818/23 3304/2824/23 3305/2825/23 3299/2819/23
f 3299/2819/23 3305/2825/23 3306/2826/23 3300/2820/23
f 3300/2820/23 3306/2826/23 3307/2791/23 3301/2790/23
f 669/2821/25 668/156/25 3308/2827/25 3302/2822/25
f 3302/2822/25 3308/2827/25 3309/2828/25 3303/2823/25
f 3303/2823/25 3309/2828/25 3310/2829/25 3304/2824/25
f 3304/2824/25 3310/2829/25 3311/2830/25 3305/2825/25
f 3305/2825/25 3311/2830/25 3312/2831/25 3306/2826/25
f 3306/2826/25 3312/2831/25 3313/193/25 3307/2791/25
f 668/156/9 54/155/9 788/2744/9 3308/2827/9
f 3308/2827/9 788/2744/9 789/2746/9 3309/2828/9
f 3309/2828/9 789/2746/9 790/2748/9 3310/2829/9
f 3310/2829/9 790/2748/9 791/2750/9 3311/2830/9
f 3311/2830/9 791/2750/9 792/2752/9 3312/2831/9
f 3312/2831/9 792/2752/9 793/194/9 3313/193/9
f 769/186/77 3319/2832/77 787/2380/77 63/187/77
f 3319/2832/27 3325/2833/27 786/2391/27 787/2380/27
f 3325/2833/28 3331/2834/28 785/2397/28 786/2391/28
f 3331/2834/29 3337/2835/29 784/2403/29 785/2397/29
f 3337/2835/30 3343/2836/30 783/2409/30 784/2403/30
f 3343/2836/31 3349/189/31 782/192/31 783/2409/31
f 52/147/77 661/2837/77 3314/2838/77 764/2839/77
f 764/2839/77 3314/2838/77 3315/2840/77 765/2841/77
f 765/2841/77 3315/2840/77 3316/2842/77 766/2843/77
f 766/2843/77 3316/2842/77 3317/2844/77 767/2845/77
f 767/2845/77 3317/2844/77 3318/2846/77 768/2847/77
f 768/2847/77 3318/2846/77 3319/2832/77 769/186/77
f 661/2837/27 660/2848/27 3320/2849/27 3314/2838/27
f 3314/2838/27 3320/2849/27 3321/2850/27 3315/2840/27
f 3315/2840/27 3321/2850/27 3322/2851/27 3316/2842/27
f 3316/2842/27 3322/2851/27 3323/2852/27 3317/2844/27
f 3317/2844/27 3323/2852/27 3324/2853/27 3318/2846/27
f 3318/2846/27 3324/2853/27 3325/2833/27 3319/2832/27
f 660/2848/28 659/2854/28 3326/2855/28 3320/2849/28
f 3320/2849/28 3326/2855/28 3327/2856/28 3321/2850/28
f 3321/2850/28 3327/2856/28 3328/2857/28 3322/2851/28
f 3322/2851/28 3328/2857/28 3329/2858/28 3323/2852/28
f 3323/2852/28 3329/2858/28 3330/2859/28 3324/2853/28
f 3324/2853/28 3330/2859/28 3331/2834/28 3325/2833/28
f 659/2854/29 658/2860/29 3332/2861/29 3326/2855/29
f 3326/2855/29 3332/2861/29 3333/2862/29 3327/2856/29
f 3327/2856/29 3333/2862/29 3334/2863/29 3328/2857/29
f 3328/2857/29 3334/2863/29 3335/2864/29 3329/2858/29
f 3329/2858/29 3335/2864/29 3336/2865/29 3330/2859/29
f 3330/2859/29 3336/2865/29 3337/2835/29 3331/2834/29
f 658/2860/30 657/2866/30 3338/2867/30 3332/2861/30
f 3332/2861/30 3338/2867/30 3339/2868/30 3333/2862/30
f 3333/2862/30 3339/2868/30 3340/2869/30 3334/2863/30
f 3334/2863/30 3340/2869/30 3341/2870/30 3335/2864/30
f 3335/2864/30 3341/2870/30 3342/2871/30 3336/2865/30
f 3336/2865/30 3342/2871/30 3343/2836/30 3337/2835/30
f 657/2866/31 656/152/31 3344/2872/31 3338/2867/31
f 3338/2867/31 3344/2872/31 3345/2873/31 3339/2868/31
f 3339/2868/31 3345/2873/31 3346/2874/31 3340/2869/31
f 3340/2869/31 3346/2874/31 3347/2875/31 3341/2870/31
f 3341/2870/31 3347/2875/31 3348/2876/31 3342/2871/31
f 3342/2871/31 3348/2876/31 3349/189/31 3343/2836/31
f 656/152/8 53/151/8 776/2794/8 3344/2872/8
f 3344/2872/8 776/2794/8 777/2796/8 3345/2873/8
f 3345/2873/8 777/2796/8 778/2798/8 3346/2874/8
f 3346/2874/8 778/2798/8 779/2800/8 3347/2875/8
f 3347/2875/8 779/2800/8 780/2802/8 3348/2876/8
f 3348/2876/8 780/2802/8 781/190/8 3349/189/8
f 757/182/32 3355/2877/32 775/2425/32 62/183/32
f 3355/2877/78 3361/2878/78 774/2436/78 775/2425/78
f 3361/2878/34 3367/2879/34 773/2442/34 774/2436/34
f 3367/2879/35 3373/2880/35 772/2448/35 773/2442/35
f 3373/2880/36 3379/2881/36 771/2454/36 772/2448/36
f 3379/2881/37 3385/185/37 770/188/37 771/2454/37
f 51/143/32 649/2882/32 3350/2883/32 752/2884/32
f 752/2884/32 3350/2883/32 3351/2885/32 753/2886/32
f 753/2886/32 3351/2885/32 3352/2887/32 754/2888/32
f 754/2888/32 3352/2887/32 3353/2889/32 755/2890/32
f 755/2890/32 3353/2889/32 3354/2891/32 756/2892/32
f 756/2892/32 3354/2891/32 3355/2877/32 757/182/32
f 649/2882/78 648/2893/78 3356/2894/78 3350/2883/78
f 3350/2883/78 3356/2894/78 3357/2895/78 3351/2885/78
f 3351/2885/78 3357/2895/78 3358/2896/78 3352/2887/78
f 3352/2887/78 3358/2896/78 3359/2897/78 3353/2889/78
f 3353/2889/78 3359/2897/78 3360/2898/78 3354/2891/78
f 3354/2891/78 3360/2898/78 3361/2878/78 3355/2877/78
f 648/2893/34 647/2899/34 3362/2900/34 3356/2894/34
f 3356/2894/34 3362/2900/34 3363/2901/34 3357/2895/34
f 3357/2895/34 3363/2901/34 3364/2902/34 3358/2896/34
f 3358/2896/34 3364/2902/34 3365/2903/34 3359/2897/34
f 3359/2897/34 3365/2903/34 3366/2904/34 3360/2898/34
f 3360/2898/34 3366/2904/34 3367/2879/34 3361/2878/34
f 647/2899/35 646/2905/35 3368/2906/35 3362/2900/35
f 3362/2900/35 3368/2906/35 3369/2907/35 3363/2901/35
f 3363/2901/35 3369/2907/35 3370/2908/35 3364/2902/35
f 3364/2902/35 3370/2908/35 3371/2909/35 3365/2903/35
f 3365/2903/35 3371/2909/35 3372/2910/35 3366/2904/35
f 3366/2904/35 3372/2910/35 3373/2880/35 3367/2879/35
f 646/2905/36 645/2911/36 3374/2912/36 3368/2906/36
f 3368/2906/36 3374/2912/36 3375/2913/36 3369/2907/36
f 3369/2907/36 3375/2913/36 3376/2914/36 3370/2908/36
f 3370/2908/36 3376/2914/36 3377/2915/36 3371/2909/36
f 3371/2909/36 3377/2915/36 3378/2916/36 3372/2910/36
f 3372/2910/36 3378/2916/36 3379/2881/36 3373/2880/36
f 645/2911/37 644/148/37 3380/2917/37 3374/2912/37
f 3374/2912/37 3380/2917/37 3381/2918/37 3375/2913/37
f 3375/2913/37 3381/2918/37 3382/2919/37 3376/2914/37
f 3376/2914/37 3382/2919/37 3383/2920/37 3377/2915/37
f 3377/2915/37 3383/2920/37 3384/2921/37 3378/2916/37
f 3378/2916/37 3384/2921/37 3385/185/37 3379/2881/37
f 644/148/7 52/147/7 764/2839/7 3380/2917/7
f 3380/2917/7 764/2839/7 765/2841/7 3381/2918/7
f 3381/2918/7 765/2841/7 766/2843/7 3382/2919/7
f 3382/2919/7 766/2843/7 767/2845/7 3383/2920/7
f 3383/2920/7 767/2845/7 768/2847/7 3384/2921/7
f 3384/2921/7 768/2847/7 769/186/7 3385/185/7
f 745/178/38 3391/2922/38 763/2470/38 61/179/38
f 3391/2922/39 3397/2923/39 762/2481/39 763/2470/39
f 3397/2923/40 3403/2924/40 761/2487/40 762/2481/40
f 3403/2924/41 3409/2925/41 760/2493/41 761/2487/41
f 3409/2925/42 3415/2926/42 759/2499/42 760/2493/42
f 3415/2926/43 3421/181/43 758/184/43 759/2499/43
f 50/139/38 637/2927/38 3386/2928/38 740/2929/38
f 740/2929/38 3386/2928/38 3387/2930/38 741/2931/38
f 741/2931/38 3387/2930/38 3388/2932/38 742/2933/38
f 742/2933/38 3388/2932/38 3389/2934/38 743/2935/38
f 743/2935/38 3389/2934/38 3390/2936/38 744/2937/38
f 744/2937/38 3390/2936/38 3391/2922/38 745/178/38
f 637/2927/39 636/2938/39 3392/2939/39 3386/2928/39
f 3386/2928/39 3392/2939/39 3393/2940/39 3387/2930/39
f 3387/2930/39 3393/2940/39 3394/2941/39 3388/2932/39
f 3388/2932/39 3394/2941/39 3395/2942/39 3389/2934/39
f 3389/2934/39 3395/2942/39 3396/2943/39 3390/2936/39
f 3390/2936/39 3396/2943/39 3397/2923/39 3391/2922/39
f 636/2938/40 635/2944/40 3398/2945/40 3392/2939/40
f 3392/2939/40 3398/2945/40 3399/2946/40 3393/2940/40
f 3393/2940/40 3399/2946/40 3400/2947/40 3394/2941/40
f 3394/2941/40 3400/2947/40 3401/2948/40 3395/2942/40
f 3395/2942/40 3401/2948/40 3402/2949/40 3396/2943/40
f 3396/2943/40 3402/2949/40 3403/2924/40 3397/2923/40
f 635/2944/41 634/2950/41 3404/2951/41 3398/2945/41
f 3398/2945/41 3404/2951/41 3405/2952/41 3399/2946/41
f 3399/2946/41 3405/2952/41 3406/2953/41 3400/2947/41
f 3400/2947/41 3406/2953/41 3407/2954/41 3401/2948/41
f 3401/2948/41 3407/2954/41 3408/2955/41 3402/2949/41
f 3402/2949/41 3408/2955/41 3409/2925/41 3403/2924/41
f 634/2950/42 633/2956/42 3410/2957/42 3404/2951/42
f 3404/2951/42 3410/2957/42 3411/2958/42 3405/2952/42
f 3405/2952/42 3411/2958/42 3412/2959/42 3406/2953/42
f 3406/2953/42 3412/2959/42 3413/2960/42 3407/2954/42
f 3407/2954/42 3413/2960/42 3414/2961/42 3408/2955/42
f 3408/2955/42 3414/2961/42 3415/2926/42 3409/2925/42
f 633/2956/43 632/144/43 3416/2962/43 3410/2957/43
f 3410/2957/43 3416/2962/43 3417/2963/43 3411/2958/43
f 3411/2958/43 3417/2963/43 3418/2964/43 3412/2959/43
f 3412/2959/43 3418/2964/43 3419/2965/43 3413/2960/43
f 3413/2960/43 3419/2965/43 3420/2966/43 3414/2961/43
f 3414/2961/43 3420/2966/43 3421/181/43 3415/2926/43
f 632/144/6 51/143/6 752/2884/6 3416/2962/6
f 3416/2962/6 752/2884/6 753/2886/6 3417/2963/6
f 3417/2963/6 753/2886/6 754/2888/6 3418/2964/6
f 3418/2964/6 754/2888/6 755/2890/6 3419/2965/6
f 3419/2965/6 755/2890/6 756/2892/6 3420/2966/6
f 3420/2966/6 756/2892/6 757/182/6 3421/181/6
f 733/174/44 3427/2967/44 751/2515/44 60/175/44
f 3427/2967/45 3433/2968/45 750/2526/45 751/2515/45
f 3433/2968/46 3439/2969/46 749/2532/46 750/2526/46
f 3439/2969/47 3445/2970/47 748/2538/47 749/2532/47
f 3445/2970/48 3451/2971/48 747/2544/48 748/2538/48
f 3451/2971/49 3457/177/49 746/180/49 747/2544/49
f 49/135/44 625/2972/44 3422/2973/44 728/2974/44
f 728/2974/44 3422/2973/44 3423/2975/44 729/2976/44
f 729/2976/44 3423/2975/44 3424/2977/44 730/2978/44
f 730/2978/44 3424/2977/44 3425/2979/44 731/2980/44
f 731/2980/44 3425/2979/44 3426/2981/44 732/2982/44
f 732/2982/44 3426/2981/44 3427/2967/44 733/174/44
f 625/2972/45 624/2983/45 3428/2984/45 3422/2973/45
f 3422/2973/45 3428/2984/45 3429/2985/45 3423/2975/45
f 3423/2975/45 3429/2985/45 3430/2986/45 3424/2977/45
f 3424/2977/45 3430/2986/45 3431/2987/45 3425/2979/45
f 3425/2979/45 3431/2987/45 3432/2988/45 3426/2981/45
f 3426/2981/45 3432/2988/45 3433/2968/45 3427/2967/45
f 624/2983/46 623/2989/46 3434/2990/46 3428/2984/46
f 3428/2984/46 3434/2990/46 3435/2991/46 3429/2985/46
f 3429/2985/46 3435/2991/46 3436/2992/46 3430/2986/46
f 3430/2986/46 3436/2992/46 3437/2993/46 3431/2987/46
f 3431/2987/46 3437/2993/46 3438/2994/46 3432/2988/46
f 3432/2988/46 3438/2994/46 3439/2969/46 3433/2968/46
f 623/2989/47 622/2995/47 3440/2996/47 3434/2990/47
f 3434/2990/47 3440/2996/47 3441/2997/47 3435/2991/47
f 3435/2991/47 3441/2997/47 3442/2998/47 3436/2992/47
f 3436/2992/47 3442/2998/47 3443/2999/47 3437/2993/47
f 3437/2993/47 3443/2999/47 3444/3000/47 3438/2994/47
f 3438/2994/47 3444/3000/47 3445/2970/47 3439/2969/47
f 622/2995/48 621/3001/48 3446/3002/48 3440/2996/48
f 3440/2996/48 3446/3002/48 3447/3003/48 3441/2997/48
f 3441/2997/48 3447/3003/48 3448/3004/48 3442/2998/48
f 3442/2998/48 3448/3004/48 3449/3005/48 3443/2999/48
f 3443/2999/48 3449/3005/48 3450/3006/48 3444/3000/48
f 3444/3000/48 3450/3006/48 3451/2971/48 3445/2970/48
f 621/3001/49 620/140/49 3452/3007/49 3446/3002/49
f 3446/3002/49 3452/3007/49 3453/3008/49 3447/3003/49
f 3447/3003/49 3453/3008/49 3454/3009/49 3448/3004/49
f 3448/3004/49 3454/3009/49 3455/3010/49 3449/3005/49
f 3449/3005/49 3455/3010/49 3456/3011/49 3450/3006/49
f 3450/3006/49 3456/3011/49 3457/177/49 3451/2971/49
f 620/140/5 50/139/5 740/2929/5 3452/3007/5
f 3452/3007/5 740/2929/5 741/2931/5 3453/3008/5
f 3453/3008/5 741/2931/5 742/2933/5 3454/3009/5
f 3454/3009/5 742/2933/5 743/2935/5 3455/3010/5
f 3455/3010/5 743/2935/5 744/2937/5 3456/3011/5
f 3456/3011/5 744/2937/5 745/178/5 3457/177/5
f 721/170/50 3463/3012/50 739/2560/50 59/171/50
f 3463/3012/51 3469/3013/51 738/2571/51 739/2560/51
f 3469/3013/52 3475/3014/52 737/2577/52 738/2571/52
f 3475/3014/53 3481/3015/53 736/2583/53 737/2577/53
f 3481/3015/54 3487/3016/54 735/2589/54 736/2583/54
f 3487/3016/79 3493/173/79 734/176/79 735/2589/79
f 48/131/50 613/3017/50 3458/3018/50 716/3019/50
f 716/3019/50 3458/3018/50 3459/3020/50 717/3021/50
f 717/3021/50 3459/3020/50 3460/3022/50 718/3023/50
f 718/3023/50 3460/3022/50 3461/3024/50 719/3025/50
f 719/3025/50 3461/3024/50 3462/3026/50 720/3027/50
f 720/3027/50 3462/3026/50 3463/3012/50 721/170/50
f 613/3017/51 612/3028/51 3464/3029/51 3458/3018/51
f 3458/3018/51 3464/3029/51 3465/3030/51 3459/3020/51
f 3459/3020/51 3465/3030/51 3466/3031/51 3460/3022/51
f 3460/3022/51 3466/3031/51 3467/3032/51 3461/3024/51
f 3461/3024/51 3467/3032/51 3468/3033/51 3462/3026/51
f 3462/3026/51 3468/3033/51 3469/3013/51 3463/3012/51
f 612/3028/52 611/3034/52 3470/3035/52 3464/3029/52
f 3464/3029/52 3470/3035/52 3471/3036/52 3465/3030/52
f 3465/3030/52 3471/3036/52 3472/3037/52 3466/3031/52
f 3466/3031/52 3472/3037/52 3473/3038/52 3467/3032/52
f 3467/3032/52 3473/3038/52 3474/3039/52 3468/3033/52
f 3468/3033/52 3474/3039/52 3475/3014/52 3469/3013/52
f 611/3034/53 610/3040/53 3476/3041/53 3470/3035/53
f 3470/3035/53 3476/3041/53 3477/3042/53 3471/3036/53
f 3471/3036/53 3477/3042/53 3478/3043/53 3472/3037/53
f 3472/3037/53 3478/3043/53 3479/3044/53 3473/3038/53
f 3473/3038/53 3479/3044/53 3480/3045/53 3474/3039/53
f 3474/3039/53 3480/3045/53 3481/3015/53 3475/3014/53
f 610/3040/54 609/3046/54 3482/3047/54 3476/3041/54
f 3476/3041/54 3482/3047/54 3483/3048/54 3477/3042/54
f 3477/3042/54 3483/3048/54 3484/3049/54 3478/3043/54
f 3478/3043/54 3484/3049/54 3485/3050/54 3479/3044/54
f 3479/3044/54 3485/3050/54 3486/3051/54 3480/3045/54
f 3480/3045/54 3486/3051/54 3487/3016/54 3481/3015/54
f 609/3046/79 608/136/79 3488/3052/79 3482/3047/79
f 3482/3047/79 3488/3052/79 3489/3053/79 3483/3048/79
f 3483/3048/79 3489/3053/79 3490/3054/79 3484/3049/79
f 3484/3049/79 3490/3054/79 3491/3055/79 3485/3050/79
f 3485/3050/79 3491/3055/79 3492/3056/79 3486/3051/79
f 3486/3051/79 3492/3056/79 3493/173/79 3487/3016/79
f 608/136/4 49/135/4 728/2974/4 3488/3052/4
f 3488/3052/4 728/2974/4 729/2976/4 3489/3053/4
f 3489/3053/4 729/2976/4 730/2978/4 3490/3054/4
f 3490/3054/4 730/2978/4 731/2980/4 3491/3055/4
f 3491/3055/4 731/2980/4 732/2982/4 3492/3056/4
f 3492/3056/4 732/2982/4 733/174/4 3493/173/4
f 709/166/56 3499/3057/56 727/2605/56 58/167/56
f 3499/3057/57 3505/3058/57 726/2616/57 727/2605/57
f 3505/3058/58 3511/3059/58 725/2622/58 726/2616/58
f 3511/3059/59 3517/3060/59 724/2628/59 725/2622/59
f 3517/3060/60 3523/3061/60 723/2634/60 724/2628/60
f 3523/3061/61 3529/169/61 722/172/61 723/2634/61
f 47/127/56 601/3062/56 3494/3063/56 704/3064/56
f 704/3064/56 3494/3063/56 3495/3065/56 705/3066/56
f 705/3066/56 3495/3065/56 3496/3067/56 706/3068/56
f 706/3068/56 3496/3067/56 3497/3069/56 707/3070/56
f 707/3070/56 3497/3069/56 3498/3071/56 708/3072/56
f 708/3072/56 3498/3071/56 3499/3057/56 709/166/56
f 601/3062/57 600/3073/57 3500/3074/57 3494/3063/57
f 3494/3063/57 3500/3074/57 3501/3075/57 3495/3065/57
f 3495/3065/57 3501/3075/57 3502/3076/57 3496/3067/57
f 3496/3067/57 3502/3076/57 3503/3077/57 3497/3069/57
f 3497/3069/57 3503/3077/57 3504/3078/57 3498/3071/57
f 3498/3071/57 3504/3078/57 3505/3058/57 3499/3057/57
f 600/3073/58 599/3079/58 3506/3080/58 3500/3074/58
f 3500/3074/58 3506/3080/58 3507/3081/58 3501/3075/58
f 3501/3075/58 3507/3081/58 3508/3082/58 3502/3076/58
f 3502/3076/58 3508/3082/58 3509/3083/58 3503/3077/58
f 3503/3077/58 3509/3083/58 3510/3084/58 3504/3078/58
f 3504/3078/58 3510/3084/58 3511/3059/58 3505/3058/58
f 599/3079/59 598/3085/59 3512/3086/59 3506/3080/59
f 3506/3080/59 3512/3086/59 3513/3087/59 3507/3081/59
f 3507/3081/59 3513/3087/59 3514/3088/59 3508/3082/59
f 3508/3082/59 3514/3088/59 3515/3089/59 3509/3083/59
f 3509/3083/59 3515/3089/59 3516/3090/59 3510/3084/59
f 3510/3084/59 3516/3090/59 3517/3060/59 3511/3059/59
f 598/3085/60 597/3091/60 3518/3092/60 3512/3086/60
f 3512/3086/60 3518/3092/60 3519/3093/60 3513/3087/60
f 3513/3087/60 3519/3093/60 3520/3094/60 3514/3088/60
f 3514/3088/60 3520/3094/60 3521/3095/60 3515/3089/60
f 3515/3089/60 3521/3095/60 3522/3096/60 3516/3090/60
f 3516/3090/60 3522/3096/60 3523/3061/60 3517/3060/60
f 597/3091/61 596/132/61 3524/3097/61 3518/3092/61
f 3518/3092/61 3524/3097/61 3525/3098/61 3519/3093/61
f 3519/3093/61 3525/3098/61 3526/3099/61 3520/3094/61
f 3520/3094/61 3526/3099/61 3527/3100/61 3521/3095/61
f 3521/3095/61 3527/3100/61 3528/3101/61 3522/3096/61
f 3522/3096/61 3528/3101/61 3529/169/61 3523/3061/61
f 596/132/11 48/131/11 716/3019/11 3524/3097/11
f 3524/3097/11 716/3019/11 717/3021/11 3525/3098/11
f 3525/3098/11 717/3021/11 718/3023/11 3526/3099/11
f 3526/3099/11 718/3023/11 719/3025/11 3527/3100/11
f 3527/3100/11 719/3025/11 720/3027/11 3528/3101/11
f 3528/3101/11 720/3027/11 721/170/11 3529/169/11
f 697/162/62 3535/3102/62 715/2650/62 57/163/62
f 3535/3102/69 3541/3103/69 714/2661/69 715/2650/69
f 3541/3103/64 3547/3104/64 713/2667/64 714/2661/64
f 3547/3104/65 3553/3105/65 712/2673/65 713/2667/65
f 3553/3105/66 3559/3106/66 711/2679/66 712/2673/66
f 3559/3106/68 3565/165/68 710/168/68 711/2679/68
f 46/123/62 589/3107/62 3530/3108/62 692/3109/62
f 692/3109/62 3530/3108/62 3531/3110/62 693/3111/62
f 693/3111/62 3531/3110/62 3532/3112/62 694/3113/62
f 694/3113/62 3532/3112/62 3533/3114/62 695/3115/62
f 695/3115/62 3533/3114/62 3534/3116/62 696/3117/62
f 696/3117/62 3534/3116/62 3535/3102/62 697/162/62
f 589/3107/69 588/3118/69 3536/3119/69 3530/3108/69
f 3530/3108/69 3536/3119/69 3537/3120/69 3531/3110/69
f 3531/3110/69 3537/3120/69 3538/3121/69 3532/3112/69
f 3532/3112/69 3538/3121/69 3539/3122/69 3533/3114/69
f 3533/3114/69 3539/3122/69 3540/3123/69 3534/3116/69
f 3534/3116/69 3540/3123/69 3541/3103/69 3535/3102/69
f 588/3118/64 587/3124/64 3542/3125/64 3536/3119/64
f 3536/3119/64 3542/3125/64 3543/3126/64 3537/3120/64
f 3537/3120/64 3543/3126/64 3544/3127/64 3538/3121/64
f 3538/3121/64 3544/3127/64 3545/3128/64 3539/3122/64
f 3539/3122/64 3545/3128/64 3546/3129/64 3540/3123/64
f 3540/3123/64 3546/3129/64 3547/3104/64 3541/3103/64
f 587/3124/65 586/3130/65 3548/3131/65 3542/3125/65
f 3542/3125/65 3548/3131/65 3549/3132/65 3543/3126/65
f 3543/3126/65 3549/3132/65 3550/3133/65 3544/3127/65
f 3544/3127/65 3550/3133/65 3551/3134/65 3545/3128/65
f 3545/3128/65 3551/3134/65 3552/3135/65 3546/3129/65
f 3546/3129/65 3552/3135/65 3553/3105/65 3547/3104/65
f 586/3130/66 585/3136/66 3554/3137/66 3548/3131/66
f 3548/3131/66 3554/3137/66 3555/3138/66 3549/3132/66
f 3549/3132/66 3555/3138/66 3556/3139/66 3550/3133/66
f 3550/3133/66 3556/3139/66 3557/3140/66 3551/3134/66
f 3551/3134/66 3557/3140/66 3558/3141/66 3552/3135/66
f 3552/3135/66 3558/3141/66 3559/3106/66 3553/3105/66
f 585/3136/68 584/128/68 3560/3142/68 3554/3137/68
f 3554/3137/68 3560/3142/68 3561/3143/68 3555/3138/68
f 3555/3138/68 3561/3143/68 3562/3144/68 3556/3139/68
f 3556/3139/68 3562/3144/68 3563/3145/68 3557/3140/68
f 3557/3140/68 3563/3145/68 3564/3146/68 3558/3141/68
f 3558/3141/68 3564/3146/68 3565/165/68 3559/3106/68
f 584/128/2 47/127/2 704/3064/2 3560/3142/2
f 3560/3142/2 704/3064/2 705/3066/2 3561/3143/2
f 3561/3143/2 705/3066/2 706/3068/2 3562/3144/2
f 3562/3144/2 706/3068/2 707/3070/2 3563/3145/2
f 3563/3145/2 707/3070/2 708/3072/2 3564/3146/2
f 3564/3146/2 708/3072/2 709/166/2 3565/165/2
f 686/3147/70 3571/3148/70 703/2697/70 56/2696/70
f 3571/3148/71 3577/3149/71 702/2708/71 703/2697/71
f 3577/3149/72 3583/3150/72 701/2714/72 702/2708/72
f 3583/3150/73 3589/3151/73 700/2720/73 701/2714/73
f 3589/3151/74 3595/3152/74 699/2726/74 700/2720/74
f 3595/3152/75 3601/161/75 698/164/75 699/2726/75
f 45/3153/70 577/3154/70 3566/3155/70 691/3156/70
f 691/3156/70 3566/3155/70 3567/3157/70 690/3158/70
f 690/3158/70 3567/3157/70 3568/3159/70 689/3160/70
f 689/3160/70 3568/3159/70 3569/3161/70 688/3162/70
f 688/3162/70 3569/3161/70 3570/3163/70 687/3164/70
f 687/3164/70 3570/3163/70 3571/3148/70 686/3147/70
f 577/3154/71 576/3165/71 3572/3166/71 3566/3155/71
f 3566/3155/71 3572/3166/71 3573/3167/71 3567/3157/71
f 3567/3157/71 3573/3167/71 3574/3168/71 3568/3159/71
f 3568/3159/71 3574/3168/71 3575/3169/71 3569/3161/71
f 3569/3161/71 3575/3169/71 3576/3170/71 3570/3163/71
f 3570/3163/71 3576/3170/71 3577/3149/71 3571/3148/71
f 576/3165/72 575/3171/72 3578/3172/72 3572/3166/72
f 3572/3166/72 3578/3172/72 3579/3173/72 3573/3167/72
f 3573/3167/72 3579/3173/72 3580/3174/72 3574/3168/72
f 3574/3168/72 3580/3174/72 3581/3175/72 3575/3169/72
f 3575/3169/72 3581/3175/72 3582/3176/72 3576/3170/72
f 3576/3170/72 3582/3176/72 3583/3150/72 3577/3149/72
f 575/3171/73 574/3177/73 3584/3178/73 3578/3172/73
f 3578/3172/73 3584/3178/73 3585/3179/73 3579/3173/73
f 3579/3173/73 3585/3179/73 3586/3180/73 3580/3174/73
f 3580/3174/73 3586/3180/73 3587/3181/73 3581/3175/73
f 3581/3175/73 3587/3181/73 3588/3182/73 3582/3176/73
f 3582/3176/73 3588/3182/73 3589/3151/73 3583/3150/73
f 574/3177/74 573/3183/74 3590/3184/74 3584/3178/74
f 3584/3178/74 3590/3184/74 3591/3185/74 3585/3179/74
f 3585/3179/74 3591/3185/74 3592/3186/74 3586/3180/74
f 3586/3180/74 3592/3186/74 3593/3187/74 3587/3181/74
f 3587/3181/74 3593/3187/74 3594/3188/74 3588/3182/74
f 3588/3182/74 3594/3188/74 3595/3152/74 3589/3151/74
f 573/3183/75 572/124/75 3596/3189/75 3590/3184/75
f 3590/3184/75 3596/3189/75 3597/3190/75 3591/3185/75
f 3591/3185/75 3597/3190/75 3598/3191/75 3592/3186/75
f 3592/3186/75 3598/3191/75 3599/3192/75 3593/3187/75
f 3593/3187/75 3599/3192/75 3600/3193/75 3594/3188/75
f 3594/3188/75 3600/3193/75 3601/161/75 3595/3152/75
f 572/124/1 46/123/1 692/3109/1 3596/3189/1
f 3596/3189/1 692/3109/1 693/3111/1 3597/3190/1
f 3597/3190/1 693/3111/1 694/3113/1 3598/3191/1
f 3598/3191/1 694/3113/1 695/3115/1 3599/3192/1
f 3599/3192/1 695/3115/1 696/3117/1 3600/3193/1
f 3600/3193/1 696/3117/1 697/162/1 3601/161/1
f 667/154/12 3607/3194/12 685/2742/12 54/155/12
f 3607/3194/13 3613/3195/13 684/2753/13 685/2742/13
f 3613/3195/14 3619/3196/14 683/2759/14 684/2753/14
f 3619/3196/15 3625/3197/15 682/2765/15 683/2759/15
f 3625/3197/16 3631/3198/16 681/2771/16 682/2765/16
f 3631/3198/17 3637/157/17 680/160/17 681/2771/17
f 43/115/12 559/3199/12 3602/3200/12 662/3201/12
f 662/3201/12 3602/3200/12 3603/3202/12 663/3203/12
f 663/3203/12 3603/3202/12 3604/3204/12 664/3205/12
f 664/3205/12 3604/3204/12 3605/3206/12 665/3207/12
f 665/3207/12 3605/3206/12 3606/3208/12 666/3209/12
f 666/3209/12 3606/3208/12 3607/3194/12 667/154/12
f 559/3199/13 558/3210/13 3608/3211/13 3602/3200/13
f 3602/3200/13 3608/3211/13 3609/3212/13 3603/3202/13
f 3603/3202/13 3609/3212/13 3610/3213/13 3604/3204/13
f 3604/3204/13 3610/3213/13 3611/3214/13 3605/3206/13
f 3605/3206/13 3611/3214/13 3612/3215/13 3606/3208/13
f 3606/3208/13 3612/3215/13 3613/3195/13 3607/3194/13
f 558/3210/14 557/3216/14 3614/3217/14 3608/3211/14
f 3608/3211/14 3614/3217/14 3615/3218/14 3609/3212/14
f 3609/3212/14 3615/3218/14 3616/3219/14 3610/3213/14
f 3610/3213/14 3616/3219/14 3617/3220/14 3611/3214/14
f 3611/3214/14 3617/3220/14 3618/3221/14 3612/3215/14
f 3612/3215/14 3618/3221/14 3619/3196/14 3613/3195/14
f 557/3216/15 556/3222/15 3620/3223/15 3614/3217/15
f 3614/3217/15 3620/3223/15 3621/3224/15 3615/3218/15
f 3615/3218/15 3621/3224/15 3622/3225/15 3616/3219/15
f 3616/3219/15 3622/3225/15 3623/3226/15 3617/3220/15
f 3617/3220/15 3623/3226/15 3624/3227/15 3618/3221/15
f 3618/3221/15 3624/3227/15 3625/3197/15 3619/3196/15
f 556/3222/16 555/3228/16 3626/3229/16 3620/3223/16
f 3620/3223/16 3626/3229/16 3627/3230/16 3621/3224/16
f 3621/3224/16 3627/3230/16 3628/3231/16 3622/3225/16
f 3622/3225/16 3628/3231/16 3629/3232/16 3623/3226/16
f 3623/3226/16 3629/3232/16 3630/3233/16 3624/3227/16
f 3624/3227/16 3630/3233/16 3631/3198/16 3625/3197/16
f 555/3228/17 554/120/17 3632/3234/17 3626/3229/17
f 3626/3229/17 3632/3234/17 3633/3235/17 3627/3230/17
f 3627/3230/17 3633/3235/17 3634/3236/17 3628/3231/17
f 3628/3231/17 3634/3236/17 3635/3237/17 3629/3232/17
f 3629/3232/17 3635/3237/17 3636/3238/17 3630/3233/17
f 3630/3233/17 3636/3238/17 3637/157/17 3631/3198/17
f 554/120/10 44/119/10 674/3239/10 3632/3234/10
f 3632/3234/10 674/3239/10 675/3240/10 3633/3235/10
f 3633/3235/10 675/3240/10 676/3241/10 3634/3236/10
f 3634/3236/10 676/3241/10 677/3242/10 3635/3237/10
f 3635/3237/10 677/3242/10 678/3243/10 3636/3238/10
f 3636/3238/10 678/3243/10 679/158/10 3637/157/10
f 655/150/18 3643/3244/18 673/2792/18 53/151/18
f 3643/3244/20 3649/3245/20 672/2803/20 673/2792/20
f 3649/3245/21 3655/3246/21 671/2809/21 672/2803/21
f 3655/3246/22 3661/3247/22 670/2815/22 671/2809/22
f 3661/3247/23 3667/3248/23 669/2821/23 670/2815/23
f 3667/3248/25 3673/153/25 668/156/25 669/2821/25
f 42/111/18 547/3249/18 3638/3250/18 650/3251/18
f 650/3251/18 3638/3250/18 3639/3252/18 651/3253/18
f 651/3253/18 3639/3252/18 3640/3254/18 652/3255/18
f 652/3255/18 3640/3254/18 3641/3256/18 653/3257/18
f 653/3257/18 3641/3256/18 3642/3258/18 654/3259/18
f 654/3259/18 3642/3258/18 3643/3244/18 655/150/18
f 547/3249/20 546/3260/20 3644/3261/20 3638/3250/20
f 3638/3250/20 3644/3261/20 3645/3262/20 3639/3252/20
f 3639/3252/20 3645/3262/20 3646/3263/20 3640/3254/20
f 3640/3254/20 3646/3263/20 3647/3264/20 3641/3256/20
f 3641/3256/20 3647/3264/20 3648/3265/20 3642/3258/20
f 3642/3258/20 3648/3265/20 3649/3245/20 3643/3244/20
f 546/3260/21 545/3266/21 3650/3267/21 3644/3261/21
f 3644/3261/21 3650/3267/21 3651/3268/21 3645/3262/21
f 3645/3262/21 3651/3268/21 3652/3269/21 3646/3263/21
f 3646/3263/21 3652/3269/21 3653/3270/21 3647/3264/21
f 3647/3264/21 3653/3270/21 3654/3271/21 3648/3265/21
f 3648/3265/21 3654/3271/21 3655/3246/21 3649/3245/21
f 545/3266/22 544/3272/22 3656/3273/22 3650/3267/22
f 3650/3267/22 3656/3273/22 3657/3274/22 3651/3268/22
f 3651/3268/22 3657/3274/22 3658/3275/22 3652/3269/22
f 3652/3269/22 3658/3275/22 3659/3276/22 3653/3270/22
f 3653/3270/22 3659/3276/22 3660/3277/22 3654/3271/22
f 3654/3271/22 3660/3277/22 3661/3247/22 3655/3246/22
f 544/3272/23 543/3278/23 3662/3279/23 3656/3273/23
f 3656/3273/23 3662/3279/23 3663/3280/23 3657/3274/23
f 3657/3274/23 3663/3280/23 3664/3281/23 3658/3275/23
f 3658/3275/23 3664/3281/23 3665/3282/23 3659/3276/23
f 3659/3276/23 3665/3282/23 3666/3283/23 3660/3277/23
f 3660/3277/23 3666/3283/23 3667/3248/23 3661/3247/23
f 543/3278/25 542/116/25 3668/3284/25 3662/3279/25
f 3662/3279/25 3668/3284/25 3669/3285/25 3663/3280/25
f 3663/3280/25 3669/3285/25 3670/3286/25 3664/3281/25
f 3664/3281/25 3670/3286/25 3671/3287/25 3665/3282/25
f 3665/3282/25 3671/3287/25 3672/3288/25 3666/3283/25
f 3666/3283/25 3672/3288/25 3673/153/25 3667/3248/25
f 542/116/9 43/115/9 662/3201/9 3668/3284/9
f 3668/3284/9 662/3201/9 663/3203/9 3669/3285/9
f 3669/3285/9 663/3203/9 664/3205/9 3670/3286/9
f 3670/3286/9 664/3205/9 665/3207/9 3671/3287/9
f 3671/3287/9 665/3207/9 666/3209/9 3672/3288/9
f 3672/3288/9 666/3209/9 667/154/9 3673/153/9
f 643/146/77 3679/3289/77 661/2837/77 52/147/77
f 3679/3289/27 3685/3290/27 660/2848/27 661/2837/27
f 3685/3290/28 3691/3291/28 659/2854/28 660/2848/28
f 3691/3291/29 3697/3292/29 658/2860/29 659/2854/29
f 3697/3292/80 3703/3293/80 657/2866/30 658/2860/30
f 3703/3293/31 3709/149/31 656/152/31 657/2866/31
f 41/107/77 535/3294/77 3674/3295/77 638/3296/77
f 638/3296/77 3674/3295/77 3675/3297/77 639/3298/77
f 639/3298/77 3675/3297/77 3676/3299/77 640/3300/77
f 640/3300/77 3676/3299/77 3677/3301/77 641/3302/77
f 641/3302/77 3677/3301/77 3678/3303/77 642/3304/77
f 642/3304/77 3678/3303/77 3679/3289/77 643/146/77
f 535/3294/27 534/3305/27 3680/3306/27 3674/3295/27
f 3674/3295/27 3680/3306/27 3681/3307/27 3675/3297/27
f 3675/3297/27 3681/3307/27 3682/3308/27 3676/3299/27
f 3676/3299/27 3682/3308/27 3683/3309/27 3677/3301/27
f 3677/3301/27 3683/3309/27 3684/3310/27 3678/3303/27
f 3678/3303/27 3684/3310/27 3685/3290/27 3679/3289/27
f 534/3305/28 533/3311/28 3686/3312/28 3680/3306/28
f 3680/3306/28 3686/3312/28 3687/3313/28 3681/3307/28
f 3681/3307/28 3687/3313/28 3688/3314/28 3682/3308/28
f 3682/3308/28 3688/3314/28 3689/3315/28 3683/3309/28
f 3683/3309/28 3689/3315/28 3690/3316/28 3684/3310/28
f 3684/3310/28 3690/3316/28 3691/3291/28 3685/3290/28
f 533/3311/29 532/3317/29 3692/3318/29 3686/3312/29
f 3686/3312/29 3692/3318/29 3693/3319/29 3687/3313/29
f 3687/3313/29 3693/3319/29 3694/3320/29 3688/3314/29
f 3688/3314/29 3694/3320/29 3695/3321/29 3689/3315/29
f 3689/3315/29 3695/3321/29 3696/3322/29 3690/3316/29
f 3690/3316/29 3696/3322/29 3697/3292/29 3691/3291/29
f 532/3317/80 531/3323/80 3698/3324/80 3692/3318/80
f 3692/3318/80 3698/3324/80 3699/3325/80 3693/3319/80
f 3693/3319/80 3699/3325/80 3700/3326/80 3694/3320/80
f 3694/3320/80 3700/3326/80 3701/3327/80 3695/3321/80
f 3695/3321/80 3701/3327/80 3702/3328/80 3696/3322/80
f 3696/3322/80 3702/3328/80 3703/3293/80 3697/3292/80
f 531/3323/31 530/112/31 3704/3329/31 3698/3324/31
f 3698/3324/31 3704/3329/31 3705/3330/31 3699/3325/31
f 3699/3325/31 3705/3330/31 3706/3331/31 3700/3326/31
f 3700/3326/31 3706/3331/31 3707/3332/31 3701/3327/31
f 3701/3327/31 3707/3332/31 3708/3333/31 3702/3328/31
f 3702/3328/31 3708/3333/31 3709/149/31 3703/3293/31
f 530/112/8 42/111/8 650/3251/8 3704/3329/8
f 3704/3329/8 650/3251/8 651/3253/8 3705/3330/8
f 3705/3330/8 651/3253/8 652/3255/8 3706/3331/8
f 3706/3331/8 652/3255/8 653/3257/8 3707/3332/8
f 3707/3332/8 653/3257/8 654/3259/8 3708/3333/8
f 3708/3333/8 654/3259/8 655/150/8 3709/149/8
f 631/142/32 3715/3334/32 649/2882/32 51/143/32
f 3715/3334/78 3721/3335/78 648/2893/78 649/2882/78
f 3721/3335/34 3727/3336/34 647/2899/34 648/2893/34
f 3727/3336/35 3733/3337/35 646/2905/35 647/2899/35
f 3733/3337/36 3739/3338/36 645/2911/36 646/2905/36
f 3739/3338/37 3745/145/37 644/148/37 645/2911/37
f 40/103/32 523/3339/32 3710/3340/32 626/3341/32
f 626/3341/32 3710/3340/32 3711/3342/32 627/3343/32
f 627/3343/32 3711/3342/32 3712/3344/32 628/3345/32
f 628/3345/32 3712/3344/32 3713/3346/32 629/3347/32
f 629/3347/32 3713/3346/32 3714/3348/32 630/3349/32
f 630/3349/32 3714/3348/32 3715/3334/32 631/142/32
f 523/3339/78 522/3350/78 3716/3351/78 3710/3340/78
f 3710/3340/78 3716/3351/78 3717/3352/78 3711/3342/78
f 3711/3342/78 3717/3352/78 3718/3353/78 3712/3344/78
f 3712/3344/78 3718/3353/78 3719/3354/78 3713/3346/78
f 3713/3346/78 3719/3354/78 3720/3355/78 3714/3348/78
f 3714/3348/78 3720/3355/78 3721/3335/78 3715/3334/78
f 522/3350/34 521/3356/34 3722/3357/34 3716/3351/34
f 3716/3351/34 3722/3357/34 3723/3358/34 3717/3352/34
f 3717/3352/34 3723/3358/34 3724/3359/34 3718/3353/34
f 3718/3353/34 3724/3359/34 3725/3360/34 3719/3354/34
f 3719/3354/34 3725/3360/34 3726/3361/34 3720/3355/34
f 3720/3355/34 3726/3361/34 3727/3336/34 3721/3335/34
f 521/3356/35 520/3362/35 3728/3363/35 3722/3357/35
f 3722/3357/35 3728/3363/35 3729/3364/35 3723/3358/35
f 3723/3358/35 3729/3364/35 3730/3365/35 3724/3359/35
f 3724/3359/35 3730/3365/35 3731/3366/35 3725/3360/35
f 3725/3360/35 3731/3366/35 3732/3367/35 3726/3361/35
f 3726/3361/35 3732/3367/35 3733/3337/35 3727/3336/35
f 520/3362/36 519/3368/36 3734/3369/36 3728/3363/36
f 3728/3363/36 3734/3369/36 3735/3370/36 3729/3364/36
f 3729/3364/36 3735/3370/36 3736/3371/36 3730/3365/36
f 3730/3365/36 3736/3371/36 3737/3372/36 3731/3366/36
f 3731/3366/36 3737/3372/36 3738/3373/36 3732/3367/36
f 3732/3367/36 3738/3373/36 3739/3338/36 3733/3337/36
f 519/3368/37 518/108/37 3740/3374/37 3734/3369/37
f 3734/3369/37 3740/3374/37 3741/3375/37 3735/3370/37
f 3735/3370/37 3741/3375/37 3742/3376/37 3736/3371/37
f 3736/3371/37 3742/3376/37 3743/3377/37 3737/3372/37
f 3737/3372/37 3743/3377/37 3744/3378/37 3738/3373/37
f 3738/3373/37 3744/3378/37 3745/145/37 3739/3338/37
f 518/108/7 41/107/7 638/3296/7 3740/3374/7
f 3740/3374/7 638/3296/7 639/3298/7 3741/3375/7
f 3741/3375/7 639/3298/7 640/3300/7 3742/3376/7
f 3742/3376/7 640/3300/7 641/3302/7 3743/3377/7
f 3743/3377/7 641/3302/7 642/3304/7 3744/3378/7
f 3744/3378/7 642/3304/7 643/146/7 3745/145/7
f 619/138/38 3751/3379/38 637/2927/38 50/139/38
f 3751/3379/39 3757/3380/39 636/2938/39 637/2927/39
f 3757/3380/40 3763/3381/40 635/2944/40 636/2938/40
f 3763/3381/41 3769/3382/41 634/2950/41 635/2944/41
f 3769/3382/42 3775/3383/42 633/2956/42 634/2950/42
f 3775/3383/81 3781/141/81 632/144/43 633/2956/43
f 39/99/38 511/3384/38 3746/3385/38 614/3386/38
f 614/3386/38 3746/3385/38 3747/3387/38 615/3388/38
f 615/3388/38 3747/3387/38 3748/3389/38 616/3390/38
f 616/3390/38 3748/3389/38 3749/3391/38 617/3392/38
f 617/3392/38 3749/3391/38 3750/3393/38 618/3394/38
f 618/3394/38 3750/3393/38 3751/3379/38 619/138/38
f 511/3384/39 510/3395/39 3752/3396/39 3746/3385/39
f 3746/3385/39 3752/3396/39 3753/3397/39 3747/3387/39
f 3747/3387/39 3753/3397/39 3754/3398/39 3748/3389/39
f 3748/3389/39 3754/3398/39 3755/3399/39 3749/3391/39
f 3749/3391/39 3755/3399/39 3756/3400/39 3750/3393/39
f 3750/3393/39 3756/3400/39 3757/3380/39 3751/3379/39
f 510/3395/40 509/3401/40 3758/3402/40 3752/3396/40
f 3752/3396/40 3758/3402/40 3759/3403/40 3753/3397/40
f 3753/3397/40 3759/3403/40 3760/3404/40 3754/3398/40
f 3754/3398/40 3760/3404/40 3761/3405/40 3755/3399/40
f 3755/3399/40 3761/3405/40 3762/3406/40 3756/3400/40
f 3756/3400/40 3762/3406/40 3763/3381/40 3757/3380/40
f 509/3401/41 508/3407/41 3764/3408/41 3758/3402/41
f 3758/3402/41 3764/3408/41 3765/3409/41 3759/3403/41
f 3759/3403/41 3765/3409/41 3766/3410/41 3760/3404/41
f 3760/3404/41 3766/3410/41 3767/3411/41 3761/3405/41
f 3761/3405/41 3767/3411/41 3768/3412/41 3762/3406/41
f 3762/3406/41 3768/3412/41 3769/3382/41 3763/3381/41
f 508/3407/42 507/3413/42 3770/3414/42 3764/3408/42
f 3764/3408/42 3770/3414/42 3771/3415/42 3765/3409/42
f 3765/3409/42 3771/3415/42 3772/3416/42 3766/3410/42
f 3766/3410/42 3772/3416/42 3773/3417/42 3767/3411/42
f 3767/3411/42 3773/3417/42 3774/3418/42 3768/3412/42
f 3768/3412/42 3774/3418/42 3775/3383/42 3769/3382/42
f 507/3413/81 506/104/81 3776/3419/81 3770/3414/81
f 3770/3414/81 3776/3419/81 3777/3420/81 3771/3415/81
f 3771/3415/81 3777/3420/81 3778/3421/81 3772/3416/81
f 3772/3416/81 3778/3421/81 3779/3422/81 3773/3417/81
f 3773/3417/81 3779/3422/81 3780/3423/81 3774/3418/81
f 3774/3418/81 3780/3423/81 3781/141/81 3775/3383/81
f 506/104/6 40/103/6 626/3341/6 3776/3419/6
f 3776/3419/6 626/3341/6 627/3343/6 3777/3420/6
f 3777/3420/6 627/3343/6 628/3345/6 3778/3421/6
f 3778/3421/6 628/3345/6 629/3347/6 3779/3422/6
f 3779/3422/6 629/3347/6 630/3349/6 3780/3423/6
f 3780/3423/6 630/3349/6 631/142/6 3781/141/6
f 607/134/44 3787/3424/44 625/2972/44 49/135/44
f 3787/3424/82 3793/3425/82 624/2983/45 625/2972/45
f 3793/3425/46 3799/3426/46 623/2989/46 624/2983/46
f 3799/3426/47 3805/3427/47 622/2995/47 623/2989/47
f 3805/3427/48 3811/3428/48 621/3001/48 622/2995/48
f 3811/3428/49 3817/137/49 620/140/49 621/3001/49
f 38/95/44 499/3429/44 3782/3430/44 602/3431/44
f 602/3431/44 3782/3430/44 3783/3432/44 603/3433/44
f 603/3433/44 3783/3432/44 3784/3434/44 604/3435/44
f 604/3435/44 3784/3434/44 3785/3436/44 605/3437/44
f 605/3437/44 3785/3436/44 3786/3438/44 606/3439/44
f 606/3439/44 3786/3438/44 3787/3424/44 607/134/44
f 499/3429/82 498/3440/82 3788/3441/82 3782/3430/82
f 3782/3430/82 3788/3441/82 3789/3442/82 3783/3432/82
f 3783/3432/82 3789/3442/82 3790/3443/82 3784/3434/82
f 3784/3434/82 3790/3443/82 3791/3444/82 3785/3436/82
f 3785/3436/82 3791/3444/82 3792/3445/82 3786/3438/82
f 3786/3438/82 3792/3445/82 3793/3425/82 3787/3424/82
f 498/3440/46 497/3446/46 3794/3447/46 3788/3441/46
f 3788/3441/46 3794/3447/46 3795/3448/46 3789/3442/46
f 3789/3442/46 3795/3448/46 3796/3449/46 3790/3443/46
f 3790/3443/46 3796/3449/46 3797/3450/46 3791/3444/46
f 3791/3444/46 3797/3450/46 3798/3451/46 3792/3445/46
f 3792/3445/46 3798/3451/46 3799/3426/46 3793/3425/46
f 497/3446/47 496/3452/47 3800/3453/47 3794/3447/47
f 3794/3447/47 3800/3453/47 3801/3454/47 3795/3448/47
f 3795/3448/47 3801/3454/47 3802/3455/47 3796/3449/47
f 3796/3449/47 3802/3455/47 3803/3456/47 3797/3450/47
f 3797/3450/47 3803/3456/47 3804/3457/47 3798/3451/47
f 3798/3451/47 3804/3457/47 3805/3427/47 3799/3426/47
f 496/3452/48 495/3458/48 3806/3459/48 3800/3453/48
f 3800/3453/48 3806/3459/48 3807/3460/48 3801/3454/48
f 3801/3454/48 3807/3460/48 3808/3461/48 3802/3455/48
f 3802/3455/48 3808/3461/48 3809/3462/48 3803/3456/48
f 3803/3456/48 3809/3462/48 3810/3463/48 3804/3457/48
f 3804/3457/48 3810/3463/48 3811/3428/48 3805/3427/48
f 495/3458/49 494/100/49 3812/3464/49 3806/3459/49
f 3806/3459/49 3812/3464/49 3813/3465/49 3807/3460/49
f 3807/3460/49 3813/3465/49 3814/3466/49 3808/3461/49
f 3808/3461/49 3814/3466/49 3815/3467/49 3809/3462/49
f 3809/3462/49 3815/3467/49 3816/3468/49 3810/3463/49
f 3810/3463/49 3816/3468/49 3817/137/49 3811/3428/49
f 494/100/5 39/99/5 614/3386/5 3812/3464/5
f 3812/3464/5 614/3386/5 615/3388/5 3813/3465/5
f 3813/3465/5 615/3388/5 616/3390/5 3814/3466/5
f 3814/3466/5 616/3390/5 617/3392/5 3815/3467/5
f 3815/3467/5 617/3392/5 618/3394/5 3816/3468/5
f 3816/3468/5 618/3394/5 619/138/5 3817/137/5
f 595/130/50 3823/3469/50 613/3017/50 48/131/50
f 3823/3469/51 3829/3470/51 612/3028/51 613/3017/51
f 3829/3470/52 3835/3471/52 611/3034/52 612/3028/52
f 3835/3471/53 3841/3472/53 610/3040/53 611/3034/53
f 3841/3472/54 3847/3473/54 609/3046/54 610/3040/54
f 3847/3473/79 3853/133/79 608/136/79 609/3046/79
f 37/91/50 487/3474/50 3818/3475/50 590/3476/50
f 590/3476/50 3818/3475/50 3819/3477/50 591/3478/50
f 591/3478/50 3819/3477/50 3820/3479/50 592/3480/50
f 592/3480/50 3820/3479/50 3821/3481/50 593/3482/50
f 593/3482/50 3821/3481/50 3822/3483/50 594/3484/50
f 594/3484/50 3822/3483/50 3823/3469/50 595/130/50
f 487/3474/51 486/3485/51 3824/3486/51 3818/3475/51
f 3818/3475/51 3824/3486/51 3825/3487/51 3819/3477/51
f 3819/3477/51 3825/3487/51 3826/3488/51 3820/3479/51
f 3820/3479/51 3826/3488/51 3827/3489/51 3821/3481/51
f 3821/3481/51 3827/3489/51 3828/3490/51 3822/3483/51
f 3822/3483/51 3828/3490/51 3829/3470/51 3823/3469/51
f 486/3485/52 485/3491/52 3830/3492/52 3824/3486/52
f 3824/3486/52 3830/3492/52 3831/3493/52 3825/3487/52
f 3825/3487/52 3831/3493/52 3832/3494/52 3826/3488/52
f 3826/3488/52 3832/3494/52 3833/3495/52 3827/3489/52
f 3827/3489/52 3833/3495/52 3834/3496/52 3828/3490/52
f 3828/3490/52 3834/3496/52 3835/3471/52 3829/3470/52
f 485/3491/53 484/3497/53 3836/3498/53 3830/3492/53
f 3830/3492/53 3836/3498/53 3837/3499/53 3831/3493/53
f 3831/3493/53 3837/3499/53 3838/3500/53 3832/3494/53
f 3832/3494/53 3838/3500/53 3839/3501/53 3833/3495/53
f 3833/3495/53 3839/3501/53 3840/3502/53 3834/3496/53
f 3834/3496/53 3840/3502/53 3841/3472/53 3835/3471/53
f 484/3497/54 483/3503/54 3842/3504/54 3836/3498/54
f 3836/3498/54 3842/3504/54 3843/3505/54 3837/3499/54
f 3837/3499/54 3843/3505/54 3844/3506/54 3838/3500/54
f 3838/3500/54 3844/3506/54 3845/3507/54 3839/3501/54
f 3839/3501/54 3845/3507/54 3846/3508/54 3840/3502/54
f 3840/3502/54 3846/3508/54 3847/3473/54 3841/3472/54
f 483/3503/79 482/96/79 3848/3509/79 3842/3504/79
f 3842/3504/79 3848/3509/79 3849/3510/79 3843/3505/79
f 3843/3505/79 3849/3510/79 3850/3511/79 3844/3506/79
f 3844/3506/79 3850/3511/79 3851/3512/79 3845/3507/79
f 3845/3507/79 3851/3512/79 3852/3513/79 3846/3508/79
f 3846/3508/79 3852/3513/79 3853/133/79 3847/3473/79
f 482/96/4 38/95/4 602/3431/4 3848/3509/4
f 3848/3509/4 602/3431/4 603/3433/4 3849/3510/4
f 3849/3510/4 603/3433/4 604/3435/4 3850/3511/4
f 3850/3511/4 604/3435/4 605/3437/4 3851/3512/4
f 3851/3512/4 605/3437/4 606/3439/4 3852/3513/4
f 3852/3513/4 606/3439/4 607/134/4 3853/133/4
f 583/126/56 3859/3514/56 601/3062/56 47/127/56
f 3859/3514/57 3865/3515/57 600/3073/57 601/3062/57
f 3865/3515/83 3871/3516/83 599/3079/58 600/3073/58
f 3871/3516/59 3877/3517/59 598/3085/59 599/3079/59
f 3877/3517/60 3883/3518/60 597/3091/60 598/3085/60
f 3883/3518/61 3889/129/61 596/132/61 597/3091/61
f 36/87/56 475/3519/56 3854/3520/56 578/3521/56
f 578/3521/56 3854/3520/56 3855/3522/56 579/3523/56
f 579/3523/56 3855/3522/56 3856/3524/56 580/3525/56
f 580/3525/56 3856/3524/56 3857/3526/56 581/3527/56
f 581/3527/56 3857/3526/56 3858/3528/56 582/3529/56
f 582/3529/56 3858/3528/56 3859/3514/56 583/126/56
f 475/3519/57 474/3530/57 3860/3531/57 3854/3520/57
f 3854/3520/57 3860/3531/57 3861/3532/57 3855/3522/57
f 3855/3522/57 3861/3532/57 3862/3533/57 3856/3524/57
f 3856/3524/57 3862/3533/57 3863/3534/57 3857/3526/57
f 3857/3526/57 3863/3534/57 3864/3535/57 3858/3528/57
f 3858/3528/57 3864/3535/57 3865/3515/57 3859/3514/57
f 474/3530/83 473/3536/83 3866/3537/83 3860/3531/83
f 3860/3531/83 3866/3537/83 3867/3538/83 3861/3532/83
f 3861/3532/83 3867/3538/83 3868/3539/83 3862/3533/83
f 3862/3533/83 3868/3539/83 3869/3540/83 3863/3534/83
f 3863/3534/83 3869/3540/83 3870/3541/83 3864/3535/83
f 3864/3535/83 3870/3541/83 3871/3516/83 3865/3515/83
f 473/3536/59 472/3542/59 3872/3543/59 3866/3537/59
f 3866/3537/59 3872/3543/59 3873/3544/59 3867/3538/59
f 3867/3538/59 3873/3544/59 3874/3545/59 3868/3539/59
f 3868/3539/59 3874/3545/59 3875/3546/59 3869/3540/59
f 3869/3540/59 3875/3546/59 3876/3547/59 3870/3541/59
f 3870/3541/59 3876/3547/59 3877/3517/59 3871/3516/59
f 472/3542/60 471/3548/60 3878/3549/60 3872/3543/60
f 3872/3543/60 3878/3549/60 3879/3550/60 3873/3544/60
f 3873/3544/60 3879/3550/60 3880/3551/60 3874/3545/60
f 3874/3545/60 3880/3551/60 3881/3552/60 3875/3546/60
f 3875/3546/60 3881/3552/60 3882/3553/60 3876/3547/60
f 3876/3547/60 3882/3553/60 3883/3518/60 3877/3517/60
f 471/3548/61 470/92/61 3884/3554/61 3878/3549/61
f 3878/3549/61 3884/3554/61 3885/3555/61 3879/3550/61
f 3879/3550/61 3885/3555/61 3886/3556/61 3880/3551/61
f 3880/3551/61 3886/3556/61 3887/3557/61 3881/3552/61
f 3881/3552/61 3887/3557/61 3888/3558/61 3882/3553/61
f 3882/3553/61 3888/3558/61 3889/129/61 3883/3518/61
f 470/92/11 37/91/11 590/3476/11 3884/3554/11
f 3884/3554/11 590/3476/11 591/3478/11 3885/3555/11
f 3885/3555/11 591/3478/11 592/3480/11 3886/3556/11
f 3886/3556/11 592/3480/11 593/3482/11 3887/3557/11
f 3887/3557/11 593/3482/11 594/3484/11 3888/3558/11
f 3888/3558/11 594/3484/11 595/130/11 3889/129/11
f 571/122/62 3895/3559/62 589/3107/62 46/123/62
f 3895/3559/69 3901/3560/69 588/3118/69 589/3107/69
f 3901/3560/64 3907/3561/64 587/3124/64 588/3118/64
f 3907/3561/65 3913/3562/65 586/3130/65 587/3124/65
f 3913/3562/66 3919/3563/66 585/3136/66 586/3130/66
f 3919/3563/68 3925/125/68 584/128/68 585/3136/68
f 35/83/62 463/3564/62 3890/3565/62 566/3566/62
f 566/3566/62 3890/3565/62 3891/3567/62 567/3568/62
f 567/3568/62 3891/3567/62 3892/3569/62 568/3570/62
f 568/3570/62 3892/3569/62 3893/3571/62 569/3572/62
f 569/3572/62 3893/3571/62 3894/3573/62 570/3574/62
f 570/3574/62 3894/3573/62 3895/3559/62 571/122/62
f 463/3564/69 462/3575/69 3896/3576/69 3890/3565/69
f 3890/3565/69 3896/3576/69 3897/3577/69 3891/3567/69
f 3891/3567/69 3897/3577/69 3898/3578/69 3892/3569/69
f 3892/3569/69 3898/3578/69 3899/3579/69 3893/3571/69
f 3893/3571/69 3899/3579/69 3900/3580/69 3894/3573/69
f 3894/3573/69 3900/3580/69 3901/3560/69 3895/3559/69
f 462/3575/64 461/3581/64 3902/3582/64 3896/3576/64
f 3896/3576/64 3902/3582/64 3903/3583/64 3897/3577/64
f 3897/3577/64 3903/3583/64 3904/3584/64 3898/3578/64
f 3898/3578/64 3904/3584/64 3905/3585/64 3899/3579/64
f 3899/3579/64 3905/3585/64 3906/3586/64 3900/3580/64
f 3900/3580/64 3906/3586/64 3907/3561/64 3901/3560/64
f 461/3581/65 460/3587/65 3908/3588/65 3902/3582/65
f 3902/3582/65 3908/3588/65 3909/3589/65 3903/3583/65
f 3903/3583/65 3909/3589/65 3910/3590/65 3904/3584/65
f 3904/3584/65 3910/3590/65 3911/3591/65 3905/3585/65
f 3905/3585/65 3911/3591/65 3912/3592/65 3906/3586/65
f 3906/3586/65 3912/3592/65 3913/3562/65 3907/3561/65
f 460/3587/66 459/3593/66 3914/3594/66 3908/3588/66
f 3908/3588/66 3914/3594/66 3915/3595/66 3909/3589/66
f 3909/3589/66 3915/3595/66 3916/3596/66 3910/3590/66
f 3910/3590/66 3916/3596/66 3917/3597/66 3911/3591/66
f 3911/3591/66 3917/3597/66 3918/3598/66 3912/3592/66
f 3912/3592/66 3918/3598/66 3919/3563/66 3913/3562/66
f 459/3593/68 458/88/68 3920/3599/68 3914/3594/68
f 3914/3594/68 3920/3599/68 3921/3600/68 3915/3595/68
f 3915/3595/68 3921/3600/68 3922/3601/68 3916/3596/68
f 3916/3596/68 3922/3601/68 3923/3602/68 3917/3597/68
f 3917/3597/68 3923/3602/68 3924/3603/68 3918/3598/68
f 3918/3598/68 3924/3603/68 3925/125/68 3919/3563/68
f 458/88/2 36/87/2 578/3521/2 3920/3599/2
f 3920/3599/2 578/3521/2 579/3523/2 3921/3600/2
f 3921/3600/2 579/3523/2 580/3525/2 3922/3601/2
f 3922/3601/2 580/3525/2 581/3527/2 3923/3602/2
f 3923/3602/2 581/3527/2 582/3529/2 3924/3603/2
f 3924/3603/2 582/3529/2 583/126/2 3925/125/2
f 560/3604/70 3931/3605/70 577/3154/70 45/3153/70
f 3931/3605/71 3937/3606/71 576/3165/71 577/3154/71
f 3937/3606/72 3943/3607/72 575/3171/72 576/3165/72
f 3943/3607/73 3949/3608/73 574/3177/73 575/3171/73
f 3949/3608/74 3955/3609/74 573/3183/74 574/3177/74
f 3955/3609/75 3961/121/75 572/124/75 573/3183/75
f 34/3610/70 451/3611/70 3926/3612/70 565/3613/70
f 565/3613/70 3926/3612/70 3927/3614/70 564/3615/70
f 564/3615/70 3927/3614/70 3928/3616/70 563/3617/70
f 563/3617/70 3928/3616/70 3929/3618/70 562/3619/70
f 562/3619/70 3929/3618/70 3930/3620/70 561/3621/70
f 561/3621/70 3930/3620/70 3931/3605/70 560/3604/70
f 451/3611/71 450/3622/71 3932/3623/71 3926/3612/71
f 3926/3612/71 3932/3623/71 3933/3624/71 3927/3614/71
f 3927/3614/71 3933/3624/71 3934/3625/71 3928/3616/71
f 3928/3616/71 3934/3625/71 3935/3626/71 3929/3618/71
f 3929/3618/71 3935/3626/71 3936/3627/71 3930/3620/71
f 3930/3620/71 3936/3627/71 3937/3606/71 3931/3605/71
f 450/3622/72 449/3628/72 3938/3629/72 3932/3623/72
f 3932/3623/72 3938/3629/72 3939/3630/72 3933/3624/72
f 3933/3624/72 3939/3630/72 3940/3631/72 3934/3625/72
f 3934/3625/72 3940/3631/72 3941/3632/72 3935/3626/72
f 3935/3626/72 3941/3632/72 3942/3633/72 3936/3627/72
f 3936/3627/72 3942/3633/72 3943/3607/72 3937/3606/72
f 449/3628/73 448/3634/73 3944/3635/73 3938/3629/73
f 3938/3629/73 3944/3635/73 3945/3636/73 3939/3630/73
f 3939/3630/73 3945/3636/73 3946/3637/73 3940/3631/73
f 3940/3631/73 3946/3637/73 3947/3638/73 3941/3632/73
f 3941/3632/73 3947/3638/73 3948/3639/73 3942/3633/73
f 3942/3633/73 3948/3639/73 3949/3608/73 3943/3607/73
f 448/3634/74 447/3640/74 3950/3641/74 3944/3635/74
f 3944/3635/74 3950/3641/74 3951/3642/74 3945/3636/74
f 3945/3636/74 3951/3642/74 3952/3643/74 3946/3637/74
f 3946/3637/74 3952/3643/74 3953/3644/74 3947/3638/74
f 3947/3638/74 3953/3644/74 3954/3645/74 3948/3639/74
f 3948/3639/74 3954/3645/74 3955/3609/74 3949/3608/74
f 447/3640/75 446/84/75 3956/3646/75 3950/3641/75
f 3950/3641/75 3956/3646/75 3957/3647/75 3951/3642/75
f 3951/3642/75 3957/3647/75 3958/3648/75 3952/3643/75
f 3952/3643/75 3958/3648/75 3959/3649/75 3953/3644/75
f 3953/3644/75 3959/3649/75 3960/3650/75 3954/3645/75
f 3954/3645/75 3960/3650/75 3961/121/75 3955/3609/75
f 446/84/1 35/83/1 566/3566/1 3956/3646/1
f 3956/3646/1 566/3566/1 567/3568/1 3957/3647/1
f 3957/3647/1 567/3568/1 568/3570/1 3958/3648/1
f 3958/3648/1 568/3570/1 569/3572/1 3959/3649/1
f 3959/3649/1 569/3572/1 570/3574/1 3960/3650/1
f 3960/3650/1 570/3574/1 571/122/1 3961/121/1
f 541/114/12 3967/3651/12 559/3199/12 43/115/12
f 3967/3651/13 3973/3652/13 558/3210/13 559/3199/13
f 3973/3652/14 3979/3653/14 557/3216/14 558/3210/14
f 3979/3653/15 3985/3654/15 556/3222/15 557/3216/15
f 3985/3654/16 3991/3655/16 555/3228/16 556/3222/16
f 3991/3655/17 3997/117/17 554/120/17 555/3228/17
f 32/75/12 433/3656/12 3962/3657/12 536/3658/12
f 536/3658/12 3962/3657/12 3963/3659/12 537/3660/12
f 537/3660/12 3963/3659/12 3964/3661/12 538/3662/12
f 538/3662/12 3964/3661/12 3965/3663/12 539/3664/12
f 539/3664/12 3965/3663/12 3966/3665/12 540/3666/12
s 0
f 4200/3667/84 4206/3668/85 5286/3668/86 5284/3667/85
s 1
f 433/3656/13 432/3669/13 3968/3670/13 3962/3657/13
f 3962/3657/13 3968/3670/13 3969/3671/13 3963/3659/13
f 3963/3659/13 3969/3671/13 3970/3672/13 3964/3661/13
f 3964/3661/13 3970/3672/13 3971/3673/13 3965/3663/13
f 3965/3663/13 3971/3673/13 3972/3674/13 3966/3665/13
s 0
f 516/3675/87 4038/3676/85 5230/3676/88 5198/3675/85
s 1
f 432/3669/14 431/3677/14 3974/3678/14 3968/3670/14
f 3968/3670/14 3974/3678/14 3975/3679/14 3969/3671/14
f 3969/3671/14 3975/3679/14 3976/3680/14 3970/3672/14
f 3970/3672/14 3976/3680/14 3977/3681/14 3971/3673/14
f 3971/3673/14 3977/3681/14 3978/3682/14 3972/3674/14
s 0
f 505/102/89 4141/101/85 5265/101/90 5197/102/85
s 1
f 431/3677/15 430/3683/15 3980/3684/15 3974/3678/15
f 3974/3678/15 3980/3684/15 3981/3685/15 3975/3679/15
f 3975/3679/15 3981/3685/15 3982/3686/15 3976/3680/15
f 3976/3680/15 3982/3686/15 3983/3687/15 3977/3681/15
f 3977/3681/15 3983/3687/15 3984/3688/15 3978/3682/15
s 0
f 4086/3689/91 4092/3690/85 5248/3690/92 5246/3689/85
s 1
f 430/3683/16 429/3691/16 3986/3692/16 3980/3684/16
f 3980/3684/16 3986/3692/16 3987/3693/16 3981/3685/16
f 3981/3685/16 3987/3693/16 3988/3694/16 3982/3686/16
f 3982/3686/16 3988/3694/16 3989/3695/16 3983/3687/16
f 3983/3687/16 3989/3695/16 3990/3696/16 3984/3688/16
s 0
f 3979/3653/93 3973/3652/85 5209/3652/94 5211/3653/85
s 1
f 429/3691/17 428/80/17 3992/3697/17 3986/3692/17
f 3986/3692/17 3992/3697/17 3993/3698/17 3987/3693/17
f 3987/3693/17 3993/3698/17 3994/3699/17 3988/3694/17
f 3988/3694/17 3994/3699/17 3995/3700/17 3989/3695/17
f 3989/3695/17 3995/3700/17 3996/3701/17 3990/3696/17
s 0
f 4140/3702/90 504/3703/85 5196/3703/89 5264/3702/85
s 1
f 428/80/10 33/79/10 548/3704/10 3992/3697/10
f 3992/3697/10 548/3704/10 549/3705/10 3993/3698/10
f 3993/3698/10 549/3705/10 550/3706/10 3994/3699/10
f 3994/3699/10 550/3706/10 551/3707/10 3995/3700/10
f 3995/3700/10 551/3707/10 552/3708/10 3996/3701/10
s 0
f 4033/113/95 4027/3709/85 5227/3709/96 5229/113/85
s 1
f 529/110/18 4003/3710/18 547/3249/18 42/111/18
f 4003/3710/20 4009/3711/20 546/3260/20 547/3249/20
f 4009/3711/21 4015/3712/21 545/3266/21 546/3260/21
f 4015/3712/22 4021/3713/22 544/3272/22 545/3266/22
f 4021/3713/23 4027/3709/23 543/3278/23 544/3272/23
f 4027/3709/25 4033/113/25 542/116/25 543/3278/25
f 31/71/18 421/3714/18 3998/3715/18 524/3716/18
f 524/3716/18 3998/3715/18 3999/3717/18 525/3718/18
f 525/3718/18 3999/3717/18 4000/3719/18 526/3720/18
f 526/3720/18 4000/3719/18 4001/3721/18 527/3722/18
f 527/3722/18 4001/3721/18 4002/3723/18 528/3724/18
s 0
f 3972/3674/94 3978/3682/85 5210/3682/93 5208/3674/85
s 1
f 421/3714/20 420/3725/20 4004/3726/20 3998/3715/20
f 3998/3715/20 4004/3726/20 4005/3727/20 3999/3717/20
f 3999/3717/20 4005/3727/20 4006/3728/20 4000/3719/20
f 4000/3719/20 4006/3728/20 4007/3729/20 4001/3721/20
f 4001/3721/20 4007/3729/20 4008/3730/20 4002/3723/20
s 0
f 4026/3731/96 4032/3732/85 5228/3732/95 5226/3731/85
s 1
f 420/3725/21 419/3733/21 4010/3734/21 4004/3726/21
f 4004/3726/21 4010/3734/21 4011/3735/21 4005/3727/21
f 4005/3727/21 4011/3735/21 4012/3736/21 4006/3728/21
f 4006/3728/21 4012/3736/21 4013/3737/21 4007/3729/21
f 4007/3729/21 4013/3737/21 4014/3738/21 4008/3730/21
s 0
f 4261/3739/96 4255/3740/85 5303/3740/95 5305/3739/85
s 1
f 419/3733/22 418/3741/22 4016/3742/22 4010/3734/22
f 4010/3734/22 4016/3742/22 4017/3743/22 4011/3735/22
f 4011/3735/22 4017/3743/22 4018/3744/22 4012/3736/22
f 4012/3736/22 4018/3744/22 4019/3745/22 4013/3737/22
f 4013/3737/22 4019/3745/22 4020/3746/22 4014/3738/22
s 0
f 4147/3747/90 481/94/85 5193/94/89 5267/3747/85
s 1
f 418/3741/23 417/3748/23 4022/3749/23 4016/3742/23
f 4016/3742/23 4022/3749/23 4023/3750/23 4017/3743/23
f 4017/3743/23 4023/3750/23 4024/3751/23 4018/3744/23
f 4018/3744/23 4024/3751/23 4025/3752/23 4019/3745/23
f 4019/3745/23 4025/3752/23 4026/3731/23 4020/3746/23
s 0
f 4254/3753/95 4260/3754/85 5304/3754/96 5302/3753/85
s 1
f 417/3748/25 416/76/25 4028/3755/25 4022/3749/25
f 4022/3749/25 4028/3755/25 4029/3756/25 4023/3750/25
f 4023/3750/25 4029/3756/25 4030/3757/25 4024/3751/25
f 4024/3751/25 4030/3757/25 4031/3758/25 4025/3752/25
f 4025/3752/25 4031/3758/25 4032/3732/25 4026/3731/25
s 0
f 4201/3759/91 4195/3760/85 5283/3760/92 5285/3759/85
s 1
f 416/76/9 32/75/9 536/3658/9 4028/3755/9
f 4028/3755/9 536/3658/9 537/3660/9 4029/3756/9
f 4029/3756/9 537/3660/9 538/3662/9 4030/3757/9
f 4030/3757/9 538/3662/9 539/3664/9 4031/3758/9
f 4031/3758/9 539/3664/9 540/3666/9 4032/3732/9
s 0
f 480/3761/89 4146/3762/85 5266/3762/90 5192/3761/85
s 1
f 517/106/77 4039/3763/77 535/3294/77 41/107/77
f 4039/3763/27 4045/3764/27 534/3305/27 535/3294/27
f 4045/3764/28 4051/3765/28 533/3311/28 534/3305/28
f 4051/3765/29 4057/3766/29 532/3317/29 533/3311/29
f 4057/3766/80 4063/3767/80 531/3323/80 532/3317/80
f 4063/3767/31 4069/109/31 530/112/31 531/3323/31
f 30/67/77 409/3768/77 4034/3769/77 512/3770/77
f 512/3770/77 4034/3769/77 4035/3771/77 513/3772/77
f 513/3772/77 4035/3771/77 4036/3773/77 514/3774/77
f 514/3774/77 4036/3773/77 4037/3775/77 515/3776/77
f 515/3776/77 4037/3775/77 4038/3676/77 516/3675/77
s 0
f 469/90/87 4249/89/85 5301/89/88 5191/90/85
s 1
f 409/3768/27 408/3777/27 4040/3778/27 4034/3769/27
f 4034/3769/27 4040/3778/27 4041/3779/27 4035/3771/27
f 4035/3771/27 4041/3779/27 4042/3780/27 4036/3773/27
f 4036/3773/27 4042/3780/27 4043/3781/27 4037/3775/27
f 4037/3775/27 4043/3781/27 4044/3782/27 4038/3676/27
s 0
f 4194/3783/92 4200/3667/85 5284/3667/91 5282/3783/85
s 1
f 408/3777/28 407/3784/28 4046/3785/28 4040/3778/28
f 4040/3778/28 4046/3785/28 4047/3786/28 4041/3779/28
f 4041/3779/28 4047/3786/28 4048/3787/28 4042/3780/28
f 4042/3780/28 4048/3787/28 4049/3788/28 4043/3781/28
f 4043/3781/28 4049/3788/28 4050/3789/28 4044/3782/28
s 0
f 4087/3790/84 4081/3791/85 5245/3791/86 5247/3790/85
s 1
f 407/3784/29 406/3792/29 4052/3793/29 4046/3785/29
f 4046/3785/29 4052/3793/29 4053/3794/29 4047/3786/29
f 4047/3786/29 4053/3794/29 4054/3795/29 4048/3787/29
f 4048/3787/29 4054/3795/29 4055/3796/29 4049/3788/29
f 4049/3788/29 4055/3796/29 4056/3797/29 4050/3789/29
s 0
f 4141/101/97 4135/3798/85 5263/3798/98 5265/101/85
s 1
f 406/3792/80 405/3799/80 4058/3800/80 4052/3793/80
f 4052/3793/80 4058/3800/80 4059/3801/80 4053/3794/80
f 4053/3794/80 4059/3801/80 4060/3802/80 4054/3795/80
f 4054/3795/80 4060/3802/80 4061/3803/80 4055/3796/80
f 4055/3796/80 4061/3803/80 4062/3804/80 4056/3797/80
s 0
f 4248/3805/88 468/3806/85 5190/3806/87 5300/3805/85
s 1
f 405/3799/31 404/72/31 4064/3807/31 4058/3800/31
f 4058/3800/31 4064/3807/31 4065/3808/31 4059/3801/31
f 4059/3801/31 4065/3808/31 4066/3809/31 4060/3802/31
f 4060/3802/31 4066/3809/31 4067/3810/31 4061/3803/31
f 4061/3803/31 4067/3810/31 4068/3811/31 4062/3804/31
s 0
f 3973/3652/99 3967/3651/85 5207/3651/100 5209/3652/85
s 1
f 404/72/8 31/71/8 524/3716/8 4064/3807/8
f 4064/3807/8 524/3716/8 525/3718/8 4065/3808/8
f 4065/3808/8 525/3718/8 526/3720/8 4066/3809/8
f 4066/3809/8 526/3720/8 527/3722/8 4067/3810/8
f 4067/3810/8 527/3722/8 528/3724/8 4068/3811/8
s 0
f 4080/3812/86 4086/3689/85 5246/3689/84 5244/3812/85
s 1
f 505/102/32 4075/3813/32 523/3339/32 40/103/32
f 4075/3813/78 4081/3791/78 522/3350/78 523/3339/78
f 4081/3791/34 4087/3790/34 521/3356/34 522/3350/34
f 4087/3790/35 4093/3814/35 520/3362/35 521/3356/35
f 4093/3814/36 4099/3815/36 519/3368/36 520/3362/36
f 4099/3815/37 4105/105/37 518/108/37 519/3368/37
f 29/63/32 397/3816/32 4070/3817/32 500/3818/32
f 500/3818/32 4070/3817/32 4071/3819/32 501/3820/32
f 501/3820/32 4071/3819/32 4072/3821/32 502/3822/32
f 502/3822/32 4072/3821/32 4073/3823/32 503/3824/32
f 503/3824/32 4073/3823/32 4074/3825/32 504/3703/32
s 0
f 4134/3826/98 4140/3702/85 5264/3702/97 5262/3826/85
s 1
f 397/3816/78 396/3827/78 4076/3828/78 4070/3817/78
f 4070/3817/78 4076/3828/78 4077/3829/78 4071/3819/78
f 4071/3819/78 4077/3829/78 4078/3830/78 4072/3821/78
f 4072/3821/78 4078/3830/78 4079/3831/78 4073/3823/78
f 4073/3823/78 4079/3831/78 4080/3812/78 4074/3825/78
s 0
f 4027/3709/101 4021/3713/85 5225/3713/102 5227/3709/85
s 1
f 396/3827/34 395/3832/34 4082/3833/34 4076/3828/34
f 4076/3828/34 4082/3833/34 4083/3834/34 4077/3829/34
f 4077/3829/34 4083/3834/34 4084/3835/34 4078/3830/34
f 4078/3830/34 4084/3835/34 4085/3836/34 4079/3831/34
f 4079/3831/34 4085/3836/34 4086/3689/34 4080/3812/34
s 0
f 3966/3665/100 3972/3674/85 5208/3674/99 5206/3665/85
s 1
f 395/3832/35 394/3837/35 4088/3838/35 4082/3833/35
f 4082/3833/35 4088/3838/35 4089/3839/35 4083/3834/35
f 4083/3834/35 4089/3839/35 4090/3840/35 4084/3835/35
f 4084/3835/35 4090/3840/35 4091/3841/35 4085/3836/35
f 4085/3836/35 4091/3841/35 4092/3690/35 4086/3689/35
s 0
f 4020/3746/102 4026/3731/85 5226/3731/101 5224/3746/85
s 1
f 394/3837/36 393/3842/36 4094/3843/36 4088/3838/36
f 4088/3838/36 4094/3843/36 4095/3844/36 4089/3839/36
f 4089/3839/36 4095/3844/36 4096/3845/36 4090/3840/36
f 4090/3840/36 4096/3845/36 4097/3846/36 4091/3841/36
f 4091/3841/36 4097/3846/36 4098/3847/36 4092/3690/36
s 0
f 4255/3740/103 445/82/85 5187/82/104 5303/3740/85
s 1
f 393/3842/37 392/68/37 4100/3848/37 4094/3843/37
f 4094/3843/37 4100/3848/37 4101/3849/37 4095/3844/37
f 4095/3844/37 4101/3849/37 4102/3850/37 4096/3845/37
f 4096/3845/37 4102/3850/37 4103/3851/37 4097/3846/37
f 4097/3846/37 4103/3851/37 4104/3852/37 4098/3847/37
s 0
f 444/3853/104 4254/3753/85 5302/3753/103 5186/3853/85
s 1
f 392/68/7 30/67/7 512/3770/7 4100/3848/7
f 4100/3848/7 512/3770/7 513/3772/7 4101/3849/7
f 4101/3849/7 513/3772/7 514/3774/7 4102/3850/7
f 4102/3850/7 514/3774/7 515/3776/7 4103/3851/7
f 4103/3851/7 515/3776/7 516/3675/7 4104/3852/7
s 0
f 4195/3760/105 4189/3854/85 5281/3854/106 5283/3760/85
s 1
f 493/98/38 4111/3855/38 511/3384/38 39/99/38
f 4111/3855/39 4117/3856/39 510/3395/39 511/3384/39
f 4117/3856/40 4123/3857/40 509/3401/40 510/3395/40
f 4123/3857/41 4129/3858/41 508/3407/41 509/3401/41
f 4129/3858/42 4135/3798/42 507/3413/42 508/3407/42
f 4135/3798/81 4141/101/81 506/104/81 507/3413/81
f 28/59/38 385/3859/38 4106/3860/38 488/3861/38
f 488/3861/38 4106/3860/38 4107/3862/38 489/3863/38
f 489/3863/38 4107/3862/38 4108/3864/38 490/3865/38
f 490/3865/38 4108/3864/38 4109/3866/38 491/3867/38
f 491/3867/38 4109/3866/38 4110/3868/38 492/3869/38
s 0
f 4249/89/107 4243/3870/85 5299/3870/108 5301/89/85
s 1
f 385/3859/39 384/3871/39 4112/3872/39 4106/3860/39
f 4106/3860/39 4112/3872/39 4113/3873/39 4107/3862/39
f 4107/3862/39 4113/3873/39 4114/3874/39 4108/3864/39
f 4108/3864/39 4114/3874/39 4115/3875/39 4109/3866/39
f 4109/3866/39 4115/3875/39 4116/3876/39 4110/3868/39
s 0
f 4188/3877/106 4194/3783/85 5282/3783/105 5280/3877/85
s 1
f 384/3871/40 383/3878/40 4118/3879/40 4112/3872/40
f 4112/3872/40 4118/3879/40 4119/3880/40 4113/3873/40
f 4113/3873/40 4119/3880/40 4120/3881/40 4114/3874/40
f 4114/3874/40 4120/3881/40 4121/3882/40 4115/3875/40
f 4115/3875/40 4121/3882/40 4122/3883/40 4116/3876/40
s 0
f 4081/3791/109 4075/3813/85 5243/3813/110 5245/3791/85
s 1
f 383/3878/41 382/3884/41 4124/3885/41 4118/3879/41
f 4118/3879/41 4124/3885/41 4125/3886/41 4119/3880/41
f 4119/3880/41 4125/3886/41 4126/3887/41 4120/3881/41
f 4120/3881/41 4126/3887/41 4127/3888/41 4121/3882/41
f 4121/3882/41 4127/3888/41 4128/3889/41 4122/3883/41
s 0
f 4135/3798/111 4129/3858/85 5261/3858/112 5263/3798/85
s 1
f 382/3884/42 381/3890/42 4130/3891/42 4124/3885/42
f 4124/3885/42 4130/3891/42 4131/3892/42 4125/3886/42
f 4125/3886/42 4131/3892/42 4132/3893/42 4126/3887/42
f 4126/3887/42 4132/3893/42 4133/3894/42 4127/3888/42
f 4127/3888/42 4133/3894/42 4134/3826/42 4128/3889/42
s 0
f 4242/3895/108 4248/3805/85 5300/3805/107 5298/3895/85
s 1
f 381/3890/81 380/64/81 4136/3896/81 4130/3891/81
f 4130/3891/81 4136/3896/81 4137/3897/81 4131/3892/81
f 4131/3892/81 4137/3897/81 4138/3898/81 4132/3893/81
f 4132/3893/81 4138/3898/81 4139/3899/81 4133/3894/81
f 4133/3894/81 4139/3899/81 4140/3702/81 4134/3826/81
s 0
f 4074/3825/110 4080/3812/85 5244/3812/109 5242/3825/85
s 1
f 380/64/6 29/63/6 500/3818/6 4136/3896/6
f 4136/3896/6 500/3818/6 501/3820/6 4137/3897/6
f 4137/3897/6 501/3820/6 502/3822/6 4138/3898/6
f 4138/3898/6 502/3822/6 503/3824/6 4139/3899/6
f 4139/3899/6 503/3824/6 504/3703/6 4140/3702/6
s 0
f 3967/3651/113 541/114/85 5203/114/114 5207/3651/85
s 1
f 481/94/44 4147/3747/44 499/3429/44 38/95/44
f 4147/3747/82 4153/3900/82 498/3440/82 499/3429/82
f 4153/3900/46 4159/3901/46 497/3446/46 498/3440/46
f 4159/3901/47 4165/3902/47 496/3452/47 497/3446/47
f 4165/3902/48 4171/3903/48 495/3458/48 496/3452/48
f 4171/3903/49 4177/97/49 494/100/49 495/3458/49
f 27/55/44 373/3904/44 4142/3905/44 476/3906/44
f 476/3906/44 4142/3905/44 4143/3907/44 477/3908/44
f 477/3908/44 4143/3907/44 4144/3909/44 478/3910/44
f 478/3910/44 4144/3909/44 4145/3911/44 479/3912/44
f 479/3912/44 4145/3911/44 4146/3762/44 480/3761/44
s 0
f 4128/3889/112 4134/3826/85 5262/3826/111 5260/3889/85
s 1
f 373/3904/82 372/3913/82 4148/3914/82 4142/3905/82
f 4142/3905/82 4148/3914/82 4149/3915/82 4143/3907/82
f 4143/3907/82 4149/3915/82 4150/3916/82 4144/3909/82
f 4144/3909/82 4150/3916/82 4151/3917/82 4145/3911/82
f 4145/3911/82 4151/3917/82 4152/3918/82 4146/3762/82
s 0
f 4021/3713/115 4015/3712/85 5223/3712/116 5225/3713/85
s 1
f 372/3913/46 371/3919/46 4154/3920/46 4148/3914/46
f 4148/3914/46 4154/3920/46 4155/3921/46 4149/3915/46
f 4149/3915/46 4155/3921/46 4156/3922/46 4150/3916/46
f 4150/3916/46 4156/3922/46 4157/3923/46 4151/3917/46
f 4151/3917/46 4157/3923/46 4158/3924/46 4152/3918/46
s 0
f 445/82/114 4321/81/85 5325/81/113 5187/82/85
s 1
f 371/3919/47 370/3925/47 4160/3926/47 4154/3920/47
f 4154/3920/47 4160/3926/47 4161/3927/47 4155/3921/47
f 4155/3921/47 4161/3927/47 4162/3928/47 4156/3922/47
f 4156/3922/47 4162/3928/47 4163/3929/47 4157/3923/47
f 4157/3923/47 4163/3929/47 4164/3930/47 4158/3924/47
s 0
f 540/3666/114 3966/3665/85 5206/3665/113 5202/3666/85
s 1
f 370/3925/48 369/3931/48 4166/3932/48 4160/3926/48
f 4160/3926/48 4166/3932/48 4167/3933/48 4161/3927/48
f 4161/3927/48 4167/3933/48 4168/3934/48 4162/3928/48
f 4162/3928/48 4168/3934/48 4169/3935/48 4163/3929/48
f 4163/3929/48 4169/3935/48 4170/3936/48 4164/3930/48
s 0
f 529/110/117 4069/109/85 5241/109/118 5201/110/85
s 1
f 369/3931/49 368/60/49 4172/3937/49 4166/3932/49
f 4166/3932/49 4172/3937/49 4173/3938/49 4167/3933/49
f 4167/3933/49 4173/3938/49 4174/3939/49 4168/3934/49
f 4168/3934/49 4174/3939/49 4175/3940/49 4169/3935/49
f 4169/3935/49 4175/3940/49 4176/3941/49 4170/3936/49
s 0
f 4014/3738/116 4020/3746/85 5224/3746/115 5222/3738/85
s 1
f 368/60/5 28/59/5 488/3861/5 4172/3937/5
f 4172/3937/5 488/3861/5 489/3863/5 4173/3938/5
f 4173/3938/5 489/3863/5 490/3865/5 4174/3939/5
f 4174/3939/5 490/3865/5 491/3867/5 4175/3940/5
f 4175/3940/5 491/3867/5 492/3869/5 4176/3941/5
s 0
f 4320/3942/113 444/3853/85 5186/3853/114 5324/3942/85
s 1
f 469/90/50 4183/3943/50 487/3474/50 37/91/50
f 4183/3943/51 4189/3854/51 486/3485/51 487/3474/51
f 4189/3854/52 4195/3760/52 485/3491/52 486/3485/52
f 4195/3760/53 4201/3759/53 484/3497/53 485/3491/53
f 4201/3759/54 4207/3944/54 483/3503/54 484/3497/54
f 4207/3944/79 4213/93/79 482/96/79 483/3503/79
f 26/51/50 361/3945/50 4178/3946/50 464/3947/50
f 464/3947/50 4178/3946/50 4179/3948/50 465/3949/50
f 465/3949/50 4179/3948/50 4180/3950/50 466/3951/50
f 466/3951/50 4180/3950/50 4181/3952/50 467/3953/50
f 467/3953/50 4181/3952/50 4182/3954/50 468/3806/50
s 0
f 4068/3811/118 528/3724/85 5200/3724/117 5240/3811/85
s 1
f 361/3945/51 360/3955/51 4184/3956/51 4178/3946/51
f 4178/3946/51 4184/3956/51 4185/3957/51 4179/3948/51
f 4179/3948/51 4185/3957/51 4186/3958/51 4180/3950/51
f 4180/3950/51 4186/3958/51 4187/3959/51 4181/3952/51
f 4181/3952/51 4187/3959/51 4188/3877/51 4182/3954/51
s 0
f 4189/3854/119 4183/3943/85 5279/3943/120 5281/3854/85
s 1
f 360/3955/52 359/3960/52 4190/3961/52 4184/3956/52
f 4184/3956/52 4190/3961/52 4191/3962/52 4185/3957/52
f 4185/3957/52 4191/3962/52 4192/3963/52 4186/3958/52
f 4186/3958/52 4192/3963/52 4193/3964/52 4187/3959/52
f 4187/3959/52 4193/3964/52 4194/3783/52 4188/3877/52
s 0
f 4243/3870/121 4237/3965/85 5297/3965/122 5299/3870/85
s 1
f 359/3960/53 358/3966/53 4196/3967/53 4190/3961/53
f 4190/3961/53 4196/3967/53 4197/3968/53 4191/3962/53
f 4191/3962/53 4197/3968/53 4198/3969/53 4192/3963/53
f 4192/3963/53 4198/3969/53 4199/3970/53 4193/3964/53
f 4193/3964/53 4199/3970/53 4200/3667/53 4194/3783/53
s 0
f 4182/3954/120 4188/3877/85 5280/3877/119 5278/3954/85
s 1
f 358/3966/54 357/3971/54 4202/3972/54 4196/3967/54
f 4196/3967/54 4202/3972/54 4203/3973/54 4197/3968/54
f 4197/3968/54 4203/3973/54 4204/3974/54 4198/3969/54
f 4198/3969/54 4204/3974/54 4205/3975/54 4199/3970/54
f 4199/3970/54 4205/3975/54 4206/3668/54 4200/3667/54
s 0
f 4075/3813/123 505/102/85 5197/102/124 5243/3813/85
s 1
f 357/3971/79 356/56/79 4208/3976/79 4202/3972/79
f 4202/3972/79 4208/3976/79 4209/3977/79 4203/3973/79
f 4203/3973/79 4209/3977/79 4210/3978/79 4204/3974/79
f 4204/3974/79 4210/3978/79 4211/3979/79 4205/3975/79
f 4205/3975/79 4211/3979/79 4212/3980/79 4206/3668/79
s 0
f 4129/3858/125 4123/3857/85 5259/3857/126 5261/3858/85
s 1
f 356/56/4 27/55/4 476/3906/4 4208/3976/4
f 4208/3976/4 476/3906/4 477/3908/4 4209/3977/4
f 4209/3977/4 477/3908/4 478/3910/4 4210/3978/4
f 4210/3978/4 478/3910/4 479/3912/4 4211/3979/4
f 4211/3979/4 479/3912/4 480/3761/4 4212/3980/4
s 0
f 4236/3981/122 4242/3895/85 5298/3895/121 5296/3981/85
s 1
f 457/86/56 4219/3982/56 475/3519/56 36/87/56
f 4219/3982/57 4225/3983/57 474/3530/57 475/3519/57
f 4225/3983/83 4231/3984/83 473/3536/83 474/3530/83
f 4231/3984/59 4237/3965/59 472/3542/59 473/3536/59
f 4237/3965/60 4243/3870/60 471/3548/60 472/3542/60
f 4243/3870/61 4249/89/61 470/92/61 471/3548/61
f 25/47/56 349/3985/56 4214/3986/56 452/3987/56
f 452/3987/56 4214/3986/56 4215/3988/56 453/3989/56
f 453/3989/56 4215/3988/56 4216/3990/56 454/3991/56
f 454/3991/56 4216/3990/56 4217/3992/56 455/3993/56
f 455/3993/56 4217/3992/56 4218/3994/56 456/3995/56
s 0
f 504/3703/124 4074/3825/85 5242/3825/123 5196/3703/85
s 1
f 349/3985/57 348/3996/57 4220/3997/57 4214/3986/57
f 4214/3986/57 4220/3997/57 4221/3998/57 4215/3988/57
f 4215/3988/57 4221/3998/57 4222/3999/57 4216/3990/57
f 4216/3990/57 4222/3999/57 4223/4000/57 4217/3992/57
f 4217/3992/57 4223/4000/57 4224/4001/57 4218/3994/57
s 0
f 493/98/127 4177/97/85 5277/97/128 5195/98/85
s 1
f 348/3996/83 347/4002/83 4226/4003/83 4220/3997/83
f 4220/3997/83 4226/4003/83 4227/4004/83 4221/3998/83
f 4221/3998/83 4227/4004/83 4228/4005/83 4222/3999/83
f 4222/3999/83 4228/4005/83 4229/4006/83 4223/4000/83
f 4223/4000/83 4229/4006/83 4230/4007/83 4224/4001/83
s 0
f 4122/3883/126 4128/3889/85 5260/3889/125 5258/3883/85
s 1
f 347/4002/59 346/4008/59 4232/4009/59 4226/4003/59
f 4226/4003/59 4232/4009/59 4233/4010/59 4227/4004/59
f 4227/4004/59 4233/4010/59 4234/4011/59 4228/4005/59
f 4228/4005/59 4234/4011/59 4235/4012/59 4229/4006/59
f 4229/4006/59 4235/4012/59 4236/3981/59 4230/4007/59
s 0
f 4015/3712/129 4009/3711/85 5221/3711/130 5223/3712/85
s 1
f 346/4008/60 345/4013/60 4238/4014/60 4232/4009/60
f 4232/4009/60 4238/4014/60 4239/4015/60 4233/4010/60
f 4233/4010/60 4239/4015/60 4240/4016/60 4234/4011/60
f 4234/4011/60 4240/4016/60 4241/4017/60 4235/4012/60
f 4235/4012/60 4241/4017/60 4242/3895/60 4236/3981/60
s 0
f 4321/81/100 4315/4018/85 5323/4018/99 5325/81/85
s 1
f 345/4013/61 344/52/61 4244/4019/61 4238/4014/61
f 4238/4014/61 4244/4019/61 4245/4020/61 4239/4015/61
f 4239/4015/61 4245/4020/61 4246/4021/61 4240/4016/61
f 4240/4016/61 4246/4021/61 4247/4022/61 4241/4017/61
f 4241/4017/61 4247/4022/61 4248/3805/61 4242/3895/61
s 0
f 4176/3941/128 492/3869/85 5194/3869/127 5276/3941/85
s 1
f 344/52/11 26/51/11 464/3947/11 4244/4019/11
f 4244/4019/11 464/3947/11 465/3949/11 4245/4020/11
f 4245/4020/11 465/3949/11 466/3951/11 4246/4021/11
f 4246/4021/11 466/3951/11 467/3953/11 4247/4022/11
f 4247/4022/11 467/3953/11 468/3806/11 4248/3805/11
s 0
f 4069/109/131 4063/3767/85 5239/3767/132 5241/109/85
s 1
f 445/82/62 4255/3740/62 463/3564/62 35/83/62
f 4255/3740/69 4261/3739/69 462/3575/69 463/3564/69
f 4261/3739/64 4267/4023/64 461/3581/64 462/3575/64
f 4267/4023/65 4273/4024/65 460/3587/65 461/3581/65
f 4273/4024/66 4279/4025/66 459/3593/66 460/3587/66
f 4279/4025/68 4285/85/68 458/88/68 459/3593/68
f 24/43/62 337/4026/62 4250/4027/62 440/4028/62
f 440/4028/62 4250/4027/62 4251/4029/62 441/4030/62
f 441/4030/62 4251/4029/62 4252/4031/62 442/4032/62
f 442/4032/62 4252/4031/62 4253/4033/62 443/4034/62
f 443/4034/62 4253/4033/62 4254/3753/62 444/3853/62
s 0
f 4008/3730/130 4014/3738/85 5222/3738/129 5220/3730/85
s 1
f 337/4026/69 336/4035/69 4256/4036/69 4250/4027/69
f 4250/4027/69 4256/4036/69 4257/4037/69 4251/4029/69
f 4251/4029/69 4257/4037/69 4258/4038/69 4252/4031/69
f 4252/4031/69 4258/4038/69 4259/4039/69 4253/4033/69
f 4253/4033/69 4259/4039/69 4260/3754/69 4254/3753/69
s 0
f 4314/4040/99 4320/3942/85 5324/3942/100 5322/4040/85
s 1
f 336/4035/64 335/4041/64 4262/4042/64 4256/4036/64
f 4256/4036/64 4262/4042/64 4263/4043/64 4257/4037/64
f 4257/4037/64 4263/4043/64 4264/4044/64 4258/4038/64
f 4258/4038/64 4264/4044/64 4265/4045/64 4259/4039/64
f 4259/4039/64 4265/4045/64 4266/4046/64 4260/3754/64
s 0
f 4062/3804/132 4068/3811/85 5240/3811/131 5238/3804/85
s 1
f 335/4041/65 334/4047/65 4268/4048/65 4262/4042/65
f 4262/4042/65 4268/4048/65 4269/4049/65 4263/4043/65
f 4263/4043/65 4269/4049/65 4270/4050/65 4264/4044/65
f 4264/4044/65 4270/4050/65 4271/4051/65 4265/4045/65
f 4265/4045/65 4271/4051/65 4272/4052/65 4266/4046/65
s 0
f 4183/3943/133 469/90/85 5191/90/134 5279/3943/85
s 1
f 334/4047/66 333/4053/66 4274/4054/66 4268/4048/66
f 4268/4048/66 4274/4054/66 4275/4055/66 4269/4049/66
f 4269/4049/66 4275/4055/66 4276/4056/66 4270/4050/66
f 4270/4050/66 4276/4056/66 4277/4057/66 4271/4051/66
f 4271/4051/66 4277/4057/66 4278/4058/66 4272/4052/66
s 0
f 4237/3965/135 4231/3984/85 5295/3984/136 5297/3965/85
s 1
f 333/4053/68 332/48/68 4280/4059/68 4274/4054/68
f 4274/4054/68 4280/4059/68 4281/4060/68 4275/4055/68
f 4275/4055/68 4281/4060/68 4282/4061/68 4276/4056/68
f 4276/4056/68 4282/4061/68 4283/4062/68 4277/4057/68
f 4277/4057/68 4283/4062/68 4284/4063/68 4278/4058/68
s 0
f 468/3806/134 4182/3954/85 5278/3954/133 5190/3806/85
s 1
f 332/48/2 25/47/2 452/3987/2 4280/4059/2
f 4280/4059/2 452/3987/2 453/3989/2 4281/4060/2
f 4281/4060/2 453/3989/2 454/3991/2 4282/4061/2
f 4282/4061/2 454/3991/2 455/3993/2 4283/4062/2
f 4283/4062/2 455/3993/2 456/3995/2 4284/4063/2
s 0
f 457/86/137 4285/85/85 5313/85/138 5189/86/85
s 1
f 434/4064/70 4291/4065/70 451/3611/70 34/3610/70
f 4291/4065/71 4297/4066/71 450/3622/71 451/3611/71
f 4297/4066/72 4303/4067/72 449/3628/72 450/3622/72
f 4303/4067/73 4309/4068/73 448/3634/73 449/3628/73
f 4309/4068/74 4315/4018/74 447/3640/74 448/3634/74
f 4315/4018/75 4321/81/75 446/84/75 447/3640/75
f 23/4069/70 325/4070/70 4286/4071/70 439/4072/70
f 439/4072/70 4286/4071/70 4287/4073/70 438/4074/70
f 438/4074/70 4287/4073/70 4288/4075/70 437/4076/70
f 437/4076/70 4288/4075/70 4289/4077/70 436/4078/70
f 436/4078/70 4289/4077/70 4290/4079/70 435/4080/70
s 0
f 4123/3857/139 4117/3856/85 5257/3856/140 5259/3857/85
s 1
f 325/4070/71 324/4081/71 4292/4082/71 4286/4071/71
f 4286/4071/71 4292/4082/71 4293/4083/71 4287/4073/71
f 4287/4073/71 4293/4083/71 4294/4084/71 4288/4075/71
f 4288/4075/71 4294/4084/71 4295/4085/71 4289/4077/71
f 4289/4077/71 4295/4085/71 4296/4086/71 4290/4079/71
s 0
f 4230/4007/136 4236/3981/85 5296/3981/135 5294/4007/85
s 1
f 324/4081/72 323/4087/72 4298/4088/72 4292/4082/72
f 4292/4082/72 4298/4088/72 4299/4089/72 4293/4083/72
f 4293/4083/72 4299/4089/72 4300/4090/72 4294/4084/72
f 4294/4084/72 4300/4090/72 4301/4091/72 4295/4085/72
f 4295/4085/72 4301/4091/72 4302/4092/72 4296/4086/72
s 0
f 4177/97/141 4171/3903/85 5275/3903/142 5277/97/85
s 1
f 323/4087/73 322/4093/73 4304/4094/73 4298/4088/73
f 4298/4088/73 4304/4094/73 4305/4095/73 4299/4089/73
f 4299/4089/73 4305/4095/73 4306/4096/73 4300/4090/73
f 4300/4090/73 4306/4096/73 4307/4097/73 4301/4091/73
f 4301/4091/73 4307/4097/73 4308/4098/73 4302/4092/73
s 0
f 4284/4063/138 456/3995/85 5188/3995/137 5312/4063/85
s 1
f 322/4093/74 321/4099/74 4310/4100/74 4304/4094/74
f 4304/4094/74 4310/4100/74 4311/4101/74 4305/4095/74
f 4305/4095/74 4311/4101/74 4312/4102/74 4306/4096/74
f 4306/4096/74 4312/4102/74 4313/4103/74 4307/4097/74
f 4307/4097/74 4313/4103/74 4314/4040/74 4308/4098/74
s 0
f 4116/3876/140 4122/3883/85 5258/3883/139 5256/3876/85
s 1
f 321/4099/75 320/44/75 4316/4104/75 4310/4100/75
f 4310/4100/75 4316/4104/75 4317/4105/75 4311/4101/75
f 4311/4101/75 4317/4105/75 4318/4106/75 4312/4102/75
f 4312/4102/75 4318/4106/75 4319/4107/75 4313/4103/75
f 4313/4103/75 4319/4107/75 4320/3942/75 4314/4040/75
s 0
f 4009/3711/143 4003/3710/85 5219/3710/144 5221/3711/85
s 1
f 320/44/1 24/43/1 440/4028/1 4316/4104/1
f 4316/4104/1 440/4028/1 441/4030/1 4317/4105/1
f 4317/4105/1 441/4030/1 442/4032/1 4318/4106/1
f 4318/4106/1 442/4032/1 443/4034/1 4319/4107/1
f 4319/4107/1 443/4034/1 444/3853/1 4320/3942/1
s 0
f 4315/4018/94 4309/4068/85 5321/4068/93 5323/4018/85
s 1
f 415/74/12 4327/4108/12 433/3656/12 32/75/12
f 4327/4108/13 4333/4109/13 432/3669/13 433/3656/13
f 4333/4109/14 4339/4110/14 431/3677/14 432/3669/14
f 4339/4110/15 4345/4111/15 430/3683/15 431/3677/15
f 4345/4111/16 4351/4112/16 429/3691/16 430/3683/16
f 4351/4112/17 4357/77/17 428/80/17 429/3691/17
f 21/35/12 307/4113/12 4322/4114/12 410/4115/12
f 410/4115/12 4322/4114/12 4323/4116/12 411/4117/12
f 411/4117/12 4323/4116/12 4324/4118/12 412/4119/12
f 412/4119/12 4324/4118/12 4325/4120/12 413/4121/12
f 413/4121/12 4325/4120/12 4326/4122/12 414/4123/12
f 414/4123/12 4326/4122/12 4327/4108/12 415/74/12
f 307/4113/13 306/4124/13 4328/4125/13 4322/4114/13
f 4322/4114/13 4328/4125/13 4329/4126/13 4323/4116/13
f 4323/4116/13 4329/4126/13 4330/4127/13 4324/4118/13
f 4324/4118/13 4330/4127/13 4331/4128/13 4325/4120/13
f 4325/4120/13 4331/4128/13 4332/4129/13 4326/4122/13
f 4326/4122/13 4332/4129/13 4333/4109/13 4327/4108/13
f 306/4124/14 305/4130/14 4334/4131/14 4328/4125/14
f 4328/4125/14 4334/4131/14 4335/4132/14 4329/4126/14
f 4329/4126/14 4335/4132/14 4336/4133/14 4330/4127/14
f 4330/4127/14 4336/4133/14 4337/4134/14 4331/4128/14
f 4331/4128/14 4337/4134/14 4338/4135/14 4332/4129/14
f 4332/4129/14 4338/4135/14 4339/4110/14 4333/4109/14
f 305/4130/15 304/4136/15 4340/4137/15 4334/4131/15
f 4334/4131/15 4340/4137/15 4341/4138/15 4335/4132/15
f 4335/4132/15 4341/4138/15 4342/4139/15 4336/4133/15
f 4336/4133/15 4342/4139/15 4343/4140/15 4337/4134/15
f 4337/4134/15 4343/4140/15 4344/4141/15 4338/4135/15
f 4338/4135/15 4344/4141/15 4345/4111/15 4339/4110/15
f 304/4136/16 303/4142/16 4346/4143/16 4340/4137/16
f 4340/4137/16 4346/4143/16 4347/4144/16 4341/4138/16
f 4341/4138/16 4347/4144/16 4348/4145/16 4342/4139/16
f 4342/4139/16 4348/4145/16 4349/4146/16 4343/4140/16
f 4343/4140/16 4349/4146/16 4350/4147/16 4344/4141/16
f 4344/4141/16 4350/4147/16 4351/4112/16 4345/4111/16
f 303/4142/17 302/40/17 4352/4148/17 4346/4143/17
f 4346/4143/17 4352/4148/17 4353/4149/17 4347/4144/17
f 4347/4144/17 4353/4149/17 4354/4150/17 4348/4145/17
f 4348/4145/17 4354/4150/17 4355/4151/17 4349/4146/17
f 4349/4146/17 4355/4151/17 4356/4152/17 4350/4147/17
f 4350/4147/17 4356/4152/17 4357/77/17 4351/4112/17
f 302/40/10 22/39/10 422/4153/10 4352/4148/10
f 4352/4148/10 422/4153/10 423/4154/10 4353/4149/10
f 4353/4149/10 423/4154/10 424/4155/10 4354/4150/10
f 4354/4150/10 424/4155/10 425/4156/10 4355/4151/10
f 4355/4151/10 425/4156/10 426/4157/10 4356/4152/10
f 4356/4152/10 426/4157/10 427/78/10 4357/77/10
f 403/70/18 4363/4158/18 421/3714/18 31/71/18
f 4363/4158/20 4369/4159/20 420/3725/20 421/3714/20
f 4369/4159/21 4375/4160/21 419/3733/21 420/3725/21
f 4375/4160/22 4381/4161/22 418/3741/22 419/3733/22
f 4381/4161/23 4387/4162/23 417/3748/23 418/3741/23
f 4387/4162/25 4393/73/25 416/76/25 417/3748/25
f 20/31/18 289/4163/18 4358/4164/18 398/4165/18
f 398/4165/18 4358/4164/18 4359/4166/18 399/4167/18
f 399/4167/18 4359/4166/18 4360/4168/18 400/4169/18
f 400/4169/18 4360/4168/18 4361/4170/18 401/4171/18
f 401/4171/18 4361/4170/18 4362/4172/18 402/4173/18
f 402/4173/18 4362/4172/18 4363/4158/18 403/70/18
f 289/4163/20 288/4174/20 4364/4175/20 4358/4164/20
f 4358/4164/20 4364/4175/20 4365/4176/20 4359/4166/20
f 4359/4166/20 4365/4176/20 4366/4177/20 4360/4168/20
f 4360/4168/20 4366/4177/20 4367/4178/20 4361/4170/20
f 4361/4170/20 4367/4178/20 4368/4179/20 4362/4172/20
f 4362/4172/20 4368/4179/20 4369/4159/20 4363/4158/20
f 288/4174/21 287/4180/21 4370/4181/21 4364/4175/21
f 4364/4175/21 4370/4181/21 4371/4182/21 4365/4176/21
f 4365/4176/21 4371/4182/21 4372/4183/21 4366/4177/21
f 4366/4177/21 4372/4183/21 4373/4184/21 4367/4178/21
f 4367/4178/21 4373/4184/21 4374/4185/21 4368/4179/21
f 4368/4179/21 4374/4185/21 4375/4160/21 4369/4159/21
f 287/4180/22 286/4186/22 4376/4187/22 4370/4181/22
f 4370/4181/22 4376/4187/22 4377/4188/22 4371/4182/22
f 4371/4182/22 4377/4188/22 4378/4189/22 4372/4183/22
f 4372/4183/22 4378/4189/22 4379/4190/22 4373/4184/22
f 4373/4184/22 4379/4190/22 4380/4191/22 4374/4185/22
f 4374/4185/22 4380/4191/22 4381/4161/22 4375/4160/22
f 286/4186/23 285/4192/23 4382/4193/23 4376/4187/23
f 4376/4187/23 4382/4193/23 4383/4194/23 4377/4188/23
f 4377/4188/23 4383/4194/23 4384/4195/23 4378/4189/23
f 4378/4189/23 4384/4195/23 4385/4196/23 4379/4190/23
f 4379/4190/23 4385/4196/23 4386/4197/23 4380/4191/23
f 4380/4191/23 4386/4197/23 4387/4162/23 4381/4161/23
f 285/4192/25 284/36/25 4388/4198/25 4382/4193/25
f 4382/4193/25 4388/4198/25 4389/4199/25 4383/4194/25
f 4383/4194/25 4389/4199/25 4390/4200/25 4384/4195/25
f 4384/4195/25 4390/4200/25 4391/4201/25 4385/4196/25
f 4385/4196/25 4391/4201/25 4392/4202/25 4386/4197/25
f 4386/4197/25 4392/4202/25 4393/73/25 4387/4162/25
f 284/36/9 21/35/9 410/4115/9 4388/4198/9
f 4388/4198/9 410/4115/9 411/4117/9 4389/4199/9
f 4389/4199/9 411/4117/9 412/4119/9 4390/4200/9
f 4390/4200/9 412/4119/9 413/4121/9 4391/4201/9
f 4391/4201/9 413/4121/9 414/4123/9 4392/4202/9
f 4392/4202/9 414/4123/9 415/74/9 4393/73/9
f 391/66/77 4399/4203/77 409/3768/77 30/67/77
f 4399/4203/27 4405/4204/27 408/3777/27 409/3768/27
f 4405/4204/28 4411/4205/28 407/3784/28 408/3777/28
f 4411/4205/29 4417/4206/29 406/3792/29 407/3784/29
f 4417/4206/80 4423/4207/80 405/3799/80 406/3792/80
f 4423/4207/31 4429/69/31 404/72/31 405/3799/31
f 19/27/26 271/4208/26 4394/4209/26 386/4210/26
f 386/4210/26 4394/4209/26 4395/4211/26 387/4212/26
f 387/4212/26 4395/4211/26 4396/4213/77 388/4214/77
f 388/4214/77 4396/4213/77 4397/4215/77 389/4216/77
f 389/4216/77 4397/4215/77 4398/4217/77 390/4218/77
f 390/4218/77 4398/4217/77 4399/4203/77 391/66/77
f 271/4208/27 270/4219/27 4400/4220/27 4394/4209/27
f 4394/4209/27 4400/4220/27 4401/4221/27 4395/4211/27
f 4395/4211/27 4401/4221/27 4402/4222/27 4396/4213/27
f 4396/4213/27 4402/4222/27 4403/4223/27 4397/4215/27
f 4397/4215/27 4403/4223/27 4404/4224/27 4398/4217/27
f 4398/4217/27 4404/4224/27 4405/4204/27 4399/4203/27
f 270/4219/28 269/4225/28 4406/4226/28 4400/4220/28
f 4400/4220/28 4406/4226/28 4407/4227/28 4401/4221/28
f 4401/4221/28 4407/4227/28 4408/4228/28 4402/4222/28
f 4402/4222/28 4408/4228/28 4409/4229/28 4403/4223/28
f 4403/4223/28 4409/4229/28 4410/4230/28 4404/4224/28
f 4404/4224/28 4410/4230/28 4411/4205/28 4405/4204/28
f 269/4225/29 268/4231/29 4412/4232/29 4406/4226/29
f 4406/4226/29 4412/4232/29 4413/4233/29 4407/4227/29
f 4407/4227/29 4413/4233/29 4414/4234/29 4408/4228/29
f 4408/4228/29 4414/4234/29 4415/4235/29 4409/4229/29
f 4409/4229/29 4415/4235/29 4416/4236/29 4410/4230/29
f 4410/4230/29 4416/4236/29 4417/4206/29 4411/4205/29
f 268/4231/30 267/4237/30 4418/4238/30 4412/4232/30
f 4412/4232/30 4418/4238/30 4419/4239/30 4413/4233/30
f 4413/4233/30 4419/4239/30 4420/4240/30 4414/4234/30
f 4414/4234/30 4420/4240/30 4421/4241/30 4415/4235/30
f 4415/4235/30 4421/4241/30 4422/4242/80 4416/4236/80
f 4416/4236/80 4422/4242/80 4423/4207/80 4417/4206/80
f 267/4237/31 266/32/31 4424/4243/31 4418/4238/31
f 4418/4238/31 4424/4243/31 4425/4244/31 4419/4239/31
f 4419/4239/31 4425/4244/31 4426/4245/31 4420/4240/31
f 4420/4240/31 4426/4245/31 4427/4246/31 4421/4241/31
f 4421/4241/31 4427/4246/31 4428/4247/31 4422/4242/31
f 4422/4242/31 4428/4247/31 4429/69/31 4423/4207/31
f 266/32/8 20/31/8 398/4165/8 4424/4243/8
f 4424/4243/8 398/4165/8 399/4167/8 4425/4244/8
f 4425/4244/8 399/4167/8 400/4169/8 4426/4245/8
f 4426/4245/8 400/4169/8 401/4171/8 4427/4246/8
f 4427/4246/8 401/4171/8 402/4173/8 4428/4247/8
f 4428/4247/8 402/4173/8 403/70/8 4429/69/8
f 379/62/32 4435/4248/32 397/3816/32 29/63/32
f 4435/4248/78 4441/4249/78 396/3827/78 397/3816/78
f 4441/4249/34 4447/4250/34 395/3832/34 396/3827/34
f 4447/4250/35 4453/4251/35 394/3837/35 395/3832/35
f 4453/4251/36 4459/4252/36 393/3842/36 394/3837/36
f 4459/4252/37 4465/65/37 392/68/37 393/3842/37
f 18/23/32 253/4253/32 4430/4254/32 374/4255/32
f 374/4255/32 4430/4254/32 4431/4256/32 375/4257/32
f 375/4257/32 4431/4256/32 4432/4258/32 376/4259/32
f 376/4259/32 4432/4258/32 4433/4260/32 377/4261/32
f 377/4261/32 4433/4260/32 4434/4262/32 378/4263/32
f 378/4263/32 4434/4262/32 4435/4248/32 379/62/32
f 253/4253/78 252/4264/78 4436/4265/78 4430/4254/78
f 4430/4254/78 4436/4265/78 4437/4266/78 4431/4256/78
f 4431/4256/78 4437/4266/78 4438/4267/78 4432/4258/78
f 4432/4258/78 4438/4267/78 4439/4268/78 4433/4260/78
f 4433/4260/78 4439/4268/78 4440/4269/78 4434/4262/78
f 4434/4262/78 4440/4269/78 4441/4249/78 4435/4248/78
f 252/4264/34 251/4270/34 4442/4271/34 4436/4265/34
f 4436/4265/34 4442/4271/34 4443/4272/34 4437/4266/34
f 4437/4266/34 4443/4272/34 4444/4273/34 4438/4267/34
f 4438/4267/34 4444/4273/34 4445/4274/34 4439/4268/34
f 4439/4268/34 4445/4274/34 4446/4275/34 4440/4269/34
f 4440/4269/34 4446/4275/34 4447/4250/34 4441/4249/34
f 251/4270/35 250/4276/35 4448/4277/35 4442/4271/35
f 4442/4271/35 4448/4277/35 4449/4278/35 4443/4272/35
f 4443/4272/35 4449/4278/35 4450/4279/35 4444/4273/35
f 4444/4273/35 4450/4279/35 4451/4280/35 4445/4274/35
f 4445/4274/35 4451/4280/35 4452/4281/35 4446/4275/35
f 4446/4275/35 4452/4281/35 4453/4251/35 4447/4250/35
f 250/4276/36 249/4282/36 4454/4283/36 4448/4277/36
f 4448/4277/36 4454/4283/36 4455/4284/36 4449/4278/36
f 4449/4278/36 4455/4284/36 4456/4285/36 4450/4279/36
f 4450/4279/36 4456/4285/36 4457/4286/36 4451/4280/36
f 4451/4280/36 4457/4286/36 4458/4287/36 4452/4281/36
f 4452/4281/36 4458/4287/36 4459/4252/36 4453/4251/36
f 249/4282/37 248/28/37 4460/4288/37 4454/4283/37
f 4454/4283/37 4460/4288/37 4461/4289/37 4455/4284/37
f 4455/4284/37 4461/4289/37 4462/4290/37 4456/4285/37
f 4456/4285/37 4462/4290/37 4463/4291/37 4457/4286/37
f 4457/4286/37 4463/4291/37 4464/4292/37 4458/4287/37
f 4458/4287/37 4464/4292/37 4465/65/37 4459/4252/37
f 248/28/7 19/27/7 386/4210/7 4460/4288/7
f 4460/4288/7 386/4210/7 387/4212/7 4461/4289/7
f 4461/4289/7 387/4212/7 388/4214/7 4462/4290/7
f 4462/4290/7 388/4214/7 389/4216/7 4463/4291/7
f 4463/4291/7 389/4216/7 390/4218/7 4464/4292/7
f 4464/4292/7 390/4218/7 391/66/7 4465/65/7
f 367/58/38 4471/4293/38 385/3859/38 28/59/38
f 4471/4293/39 4477/4294/39 384/3871/39 385/3859/39
f 4477/4294/40 4483/4295/40 383/3878/40 384/3871/40
f 4483/4295/41 4489/4296/41 382/3884/41 383/3878/41
f 4489/4296/42 4495/4297/42 381/3890/42 382/3884/42
f 4495/4297/81 4501/61/81 380/64/81 381/3890/81
f 17/19/38 235/4298/38 4466/4299/38 362/4300/38
f 362/4300/38 4466/4299/38 4467/4301/38 363/4302/38
f 363/4302/38 4467/4301/38 4468/4303/38 364/4304/38
f 364/4304/38 4468/4303/38 4469/4305/38 365/4306/38
f 365/4306/38 4469/4305/38 4470/4307/38 366/4308/38
f 366/4308/38 4470/4307/38 4471/4293/38 367/58/38
f 235/4298/39 234/4309/39 4472/4310/39 4466/4299/39
f 4466/4299/39 4472/4310/39 4473/4311/39 4467/4301/39
f 4467/4301/39 4473/4311/39 4474/4312/39 4468/4303/39
f 4468/4303/39 4474/4312/39 4475/4313/39 4469/4305/39
f 4469/4305/39 4475/4313/39 4476/4314/39 4470/4307/39
f 4470/4307/39 4476/4314/39 4477/4294/39 4471/4293/39
f 234/4309/40 233/4315/40 4478/4316/40 4472/4310/40
f 4472/4310/40 4478/4316/40 4479/4317/40 4473/4311/40
f 4473/4311/40 4479/4317/40 4480/4318/40 4474/4312/40
f 4474/4312/40 4480/4318/40 4481/4319/40 4475/4313/40
f 4475/4313/40 4481/4319/40 4482/4320/40 4476/4314/40
f 4476/4314/40 4482/4320/40 4483/4295/40 4477/4294/40
f 233/4315/41 232/4321/41 4484/4322/41 4478/4316/41
f 4478/4316/41 4484/4322/41 4485/4323/41 4479/4317/41
f 4479/4317/41 4485/4323/41 4486/4324/41 4480/4318/41
f 4480/4318/41 4486/4324/41 4487/4325/41 4481/4319/41
f 4481/4319/41 4487/4325/41 4488/4326/41 4482/4320/41
f 4482/4320/41 4488/4326/41 4489/4296/41 4483/4295/41
f 232/4321/42 231/4327/42 4490/4328/42 4484/4322/42
f 4484/4322/42 4490/4328/42 4491/4329/42 4485/4323/42
f 4485/4323/42 4491/4329/42 4492/4330/42 4486/4324/42
f 4486/4324/42 4492/4330/42 4493/4331/42 4487/4325/42
f 4487/4325/42 4493/4331/42 4494/4332/42 4488/4326/42
f 4488/4326/42 4494/4332/42 4495/4297/42 4489/4296/42
f 231/4327/81 230/24/81 4496/4333/81 4490/4328/81
f 4490/4328/81 4496/4333/81 4497/4334/81 4491/4329/81
f 4491/4329/81 4497/4334/81 4498/4335/81 4492/4330/81
f 4492/4330/81 4498/4335/81 4499/4336/81 4493/4331/81
f 4493/4331/81 4499/4336/81 4500/4337/81 4494/4332/81
f 4494/4332/81 4500/4337/81 4501/61/81 4495/4297/81
f 230/24/6 18/23/6 374/4255/6 4496/4333/6
f 4496/4333/6 374/4255/6 375/4257/6 4497/4334/6
f 4497/4334/6 375/4257/6 376/4259/6 4498/4335/6
f 4498/4335/6 376/4259/6 377/4261/6 4499/4336/6
f 4499/4336/6 377/4261/6 378/4263/6 4500/4337/6
f 4500/4337/6 378/4263/6 379/62/6 4501/61/6
f 355/54/44 4507/4338/44 373/3904/44 27/55/44
f 4507/4338/82 4513/4339/82 372/3913/82 373/3904/82
f 4513/4339/46 4519/4340/46 371/3919/46 372/3913/46
f 4519/4340/47 4525/4341/47 370/3925/47 371/3919/47
f 4525/4341/48 4531/4342/48 369/3931/48 370/3925/48
f 4531/4342/49 4537/57/49 368/60/49 369/3931/49
f 16/15/44 217/4343/44 4502/4344/44 350/4345/44
f 350/4345/44 4502/4344/44 4503/4346/44 351/4347/44
f 351/4347/44 4503/4346/44 4504/4348/44 352/4349/44
f 352/4349/44 4504/4348/44 4505/4350/44 353/4351/44
f 353/4351/44 4505/4350/44 4506/4352/44 354/4353/44
f 354/4353/44 4506/4352/44 4507/4338/44 355/54/44
f 217/4343/82 216/4354/82 4508/4355/82 4502/4344/82
f 4502/4344/82 4508/4355/82 4509/4356/82 4503/4346/82
f 4503/4346/82 4509/4356/82 4510/4357/82 4504/4348/82
f 4504/4348/82 4510/4357/82 4511/4358/82 4505/4350/82
f 4505/4350/82 4511/4358/82 4512/4359/82 4506/4352/82
f 4506/4352/82 4512/4359/82 4513/4339/82 4507/4338/82
f 216/4354/46 215/4360/46 4514/4361/46 4508/4355/46
f 4508/4355/46 4514/4361/46 4515/4362/46 4509/4356/46
f 4509/4356/46 4515/4362/46 4516/4363/46 4510/4357/46
f 4510/4357/46 4516/4363/46 4517/4364/46 4511/4358/46
f 4511/4358/46 4517/4364/46 4518/4365/46 4512/4359/46
f 4512/4359/46 4518/4365/46 4519/4340/46 4513/4339/46
f 215/4360/47 214/4366/47 4520/4367/47 4514/4361/47
f 4514/4361/47 4520/4367/47 4521/4368/47 4515/4362/47
f 4515/4362/47 4521/4368/47 4522/4369/47 4516/4363/47
f 4516/4363/47 4522/4369/47 4523/4370/47 4517/4364/47
f 4517/4364/47 4523/4370/47 4524/4371/47 4518/4365/47
f 4518/4365/47 4524/4371/47 4525/4341/47 4519/4340/47
f 214/4366/48 213/4372/48 4526/4373/48 4520/4367/48
f 4520/4367/48 4526/4373/48 4527/4374/48 4521/4368/48
f 4521/4368/48 4527/4374/48 4528/4375/48 4522/4369/48
f 4522/4369/48 4528/4375/48 4529/4376/48 4523/4370/48
f 4523/4370/48 4529/4376/48 4530/4377/48 4524/4371/48
f 4524/4371/48 4530/4377/48 4531/4342/48 4525/4341/48
f 213/4372/49 212/20/49 4532/4378/49 4526/4373/49
f 4526/4373/49 4532/4378/49 4533/4379/49 4527/4374/49
f 4527/4374/49 4533/4379/49 4534/4380/49 4528/4375/49
f 4528/4375/49 4534/4380/49 4535/4381/49 4529/4376/49
f 4529/4376/49 4535/4381/49 4536/4382/49 4530/4377/49
f 4530/4377/49 4536/4382/49 4537/57/49 4531/4342/49
f 212/20/5 17/19/5 362/4300/5 4532/4378/5
f 4532/4378/5 362/4300/5 363/4302/5 4533/4379/5
f 4533/4379/5 363/4302/5 364/4304/5 4534/4380/5
f 4534/4380/5 364/4304/5 365/4306/5 4535/4381/5
f 4535/4381/5 365/4306/5 366/4308/5 4536/4382/5
f 4536/4382/5 366/4308/5 367/58/5 4537/57/5
f 343/50/50 4543/4383/50 361/3945/50 26/51/50
f 4543/4383/51 4549/4384/51 360/3955/51 361/3945/51
f 4549/4384/52 4555/4385/52 359/3960/52 360/3955/52
f 4555/4385/53 4561/4386/53 358/3966/53 359/3960/53
f 4561/4386/54 4567/4387/54 357/3971/54 358/3966/54
f 4567/4387/79 4573/53/79 356/56/79 357/3971/79
f 15/11/50 199/4388/50 4538/4389/50 338/4390/50
f 338/4390/50 4538/4389/50 4539/4391/50 339/4392/50
f 339/4392/50 4539/4391/50 4540/4393/50 340/4394/50
f 340/4394/50 4540/4393/50 4541/4395/50 341/4396/50
f 341/4396/50 4541/4395/50 4542/4397/50 342/4398/50
f 342/4398/50 4542/4397/50 4543/4383/50 343/50/50
f 199/4388/51 198/4399/51 4544/4400/51 4538/4389/51
f 4538/4389/51 4544/4400/51 4545/4401/51 4539/4391/51
f 4539/4391/51 4545/4401/51 4546/4402/51 4540/4393/51
f 4540/4393/51 4546/4402/51 4547/4403/51 4541/4395/51
f 4541/4395/51 4547/4403/51 4548/4404/51 4542/4397/51
f 4542/4397/51 4548/4404/51 4549/4384/51 4543/4383/51
f 198/4399/52 197/4405/52 4550/4406/52 4544/4400/52
f 4544/4400/52 4550/4406/52 4551/4407/52 4545/4401/52
f 4545/4401/52 4551/4407/52 4552/4408/52 4546/4402/52
f 4546/4402/52 4552/4408/52 4553/4409/52 4547/4403/52
f 4547/4403/52 4553/4409/52 4554/4410/52 4548/4404/52
f 4548/4404/52 4554/4410/52 4555/4385/52 4549/4384/52
f 197/4405/53 196/4411/53 4556/4412/53 4550/4406/53
f 4550/4406/53 4556/4412/53 4557/4413/53 4551/4407/53
f 4551/4407/53 4557/4413/53 4558/4414/53 4552/4408/53
f 4552/4408/53 4558/4414/53 4559/4415/53 4553/4409/53
f 4553/4409/53 4559/4415/53 4560/4416/53 4554/4410/53
f 4554/4410/53 4560/4416/53 4561/4386/53 4555/4385/53
f 196/4411/54 195/4417/54 4562/4418/54 4556/4412/54
f 4556/4412/54 4562/4418/54 4563/4419/54 4557/4413/54
f 4557/4413/54 4563/4419/54 4564/4420/54 4558/4414/54
f 4558/4414/54 4564/4420/54 4565/4421/54 4559/4415/54
f 4559/4415/54 4565/4421/54 4566/4422/54 4560/4416/54
f 4560/4416/54 4566/4422/54 4567/4387/54 4561/4386/54
f 195/4417/79 194/16/79 4568/4423/79 4562/4418/79
f 4562/4418/79 4568/4423/79 4569/4424/79 4563/4419/79
f 4563/4419/79 4569/4424/79 4570/4425/79 4564/4420/79
f 4564/4420/79 4570/4425/79 4571/4426/79 4565/4421/79
f 4565/4421/79 4571/4426/79 4572/4427/79 4566/4422/79
f 4566/4422/79 4572/4427/79 4573/53/79 4567/4387/79
f 194/16/4 16/15/4 350/4345/4 4568/4423/4
f 4568/4423/4 350/4345/4 351/4347/4 4569/4424/4
f 4569/4424/4 351/4347/4 352/4349/4 4570/4425/4
f 4570/4425/4 352/4349/4 353/4351/4 4571/4426/4
f 4571/4426/4 353/4351/4 354/4353/4 4572/4427/4
f 4572/4427/4 354/4353/4 355/54/4 4573/53/4
f 331/46/56 4579/4428/56 349/3985/56 25/47/56
f 4579/4428/57 4585/4429/57 348/3996/57 349/3985/57
f 4585/4429/83 4591/4430/83 347/4002/83 348/3996/83
f 4591/4430/59 4597/4431/59 346/4008/59 347/4002/59
f 4597/4431/60 4603/4432/60 345/4013/60 346/4008/60
f 4603/4432/61 4609/49/61 344/52/61 345/4013/61
f 14/7/56 181/4433/56 4574/4434/56 326/4435/56
f 326/4435/56 4574/4434/56 4575/4436/56 327/4437/56
f 327/4437/56 4575/4436/56 4576/4438/56 328/4439/56
f 328/4439/56 4576/4438/56 4577/4440/56 329/4441/56
f 329/4441/56 4577/4440/56 4578/4442/56 330/4443/56
f 330/4443/56 4578/4442/56 4579/4428/56 331/46/56
f 181/4433/57 180/4444/57 4580/4445/57 4574/4434/57
f 4574/4434/57 4580/4445/57 4581/4446/57 4575/4436/57
f 4575/4436/57 4581/4446/57 4582/4447/57 4576/4438/57
f 4576/4438/57 4582/4447/57 4583/4448/57 4577/4440/57
f 4577/4440/57 4583/4448/57 4584/4449/57 4578/4442/57
f 4578/4442/57 4584/4449/57 4585/4429/57 4579/4428/57
f 180/4444/83 179/4450/83 4586/4451/83 4580/4445/83
f 4580/4445/83 4586/4451/83 4587/4452/83 4581/4446/83
f 4581/4446/83 4587/4452/83 4588/4453/83 4582/4447/83
f 4582/4447/83 4588/4453/83 4589/4454/83 4583/4448/83
f 4583/4448/83 4589/4454/83 4590/4455/83 4584/4449/83
f 4584/4449/83 4590/4455/83 4591/4430/83 4585/4429/83
f 179/4450/59 178/4456/59 4592/4457/59 4586/4451/59
f 4586/4451/59 4592/4457/59 4593/4458/59 4587/4452/59
f 4587/4452/59 4593/4458/59 4594/4459/59 4588/4453/59
f 4588/4453/59 4594/4459/59 4595/4460/59 4589/4454/59
f 4589/4454/59 4595/4460/59 4596/4461/59 4590/4455/59
f 4590/4455/59 4596/4461/59 4597/4431/59 4591/4430/59
f 178/4456/60 177/4462/60 4598/4463/60 4592/4457/60
f 4592/4457/60 4598/4463/60 4599/4464/60 4593/4458/60
f 4593/4458/60 4599/4464/60 4600/4465/60 4594/4459/60
f 4594/4459/60 4600/4465/60 4601/4466/60 4595/4460/60
f 4595/4460/60 4601/4466/60 4602/4467/60 4596/4461/60
f 4596/4461/60 4602/4467/60 4603/4432/60 4597/4431/60
f 177/4462/61 176/12/61 4604/4468/61 4598/4463/61
f 4598/4463/61 4604/4468/61 4605/4469/61 4599/4464/61
f 4599/4464/61 4605/4469/61 4606/4470/61 4600/4465/61
f 4600/4465/61 4606/4470/61 4607/4471/61 4601/4466/61
f 4601/4466/61 4607/4471/61 4608/4472/61 4602/4467/61
f 4602/4467/61 4608/4472/61 4609/49/61 4603/4432/61
f 176/12/3 15/11/3 338/4390/3 4604/4468/3
f 4604/4468/3 338/4390/3 339/4392/3 4605/4469/3
f 4605/4469/3 339/4392/3 340/4394/11 4606/4470/11
f 4606/4470/11 340/4394/11 341/4396/11 4607/4471/11
f 4607/4471/11 341/4396/11 342/4398/11 4608/4472/11
f 4608/4472/11 342/4398/11 343/50/11 4609/49/11
f 319/42/62 4615/4473/62 337/4026/62 24/43/62
f 4615/4473/69 4621/4474/69 336/4035/69 337/4026/69
f 4621/4474/64 4627/4475/64 335/4041/64 336/4035/64
f 4627/4475/65 4633/4476/65 334/4047/65 335/4041/65
f 4633/4476/66 4639/4477/66 333/4053/66 334/4047/66
f 4639/4477/68 4645/45/68 332/48/68 333/4053/68
f 13/3/62 163/4478/62 4610/4479/62 314/4480/62
f 314/4480/62 4610/4479/62 4611/4481/62 315/4482/62
f 315/4482/62 4611/4481/62 4612/4483/62 316/4484/62
f 316/4484/62 4612/4483/62 4613/4485/62 317/4486/62
f 317/4486/62 4613/4485/62 4614/4487/62 318/4488/62
f 318/4488/62 4614/4487/62 4615/4473/62 319/42/62
f 163/4478/69 162/4489/69 4616/4490/69 4610/4479/69
f 4610/4479/69 4616/4490/69 4617/4491/69 4611/4481/69
f 4611/4481/69 4617/4491/69 4618/4492/69 4612/4483/69
f 4612/4483/69 4618/4492/69 4619/4493/69 4613/4485/69
f 4613/4485/69 4619/4493/69 4620/4494/69 4614/4487/69
f 4614/4487/69 4620/4494/69 4621/4474/69 4615/4473/69
f 162/4489/64 161/4495/64 4622/4496/64 4616/4490/64
f 4616/4490/64 4622/4496/64 4623/4497/64 4617/4491/64
f 4617/4491/64 4623/4497/64 4624/4498/64 4618/4492/64
f 4618/4492/64 4624/4498/64 4625/4499/64 4619/4493/64
f 4619/4493/64 4625/4499/64 4626/4500/64 4620/4494/64
f 4620/4494/64 4626/4500/64 4627/4475/64 4621/4474/64
f 161/4495/65 160/4501/65 4628/4502/65 4622/4496/65
f 4622/4496/65 4628/4502/65 4629/4503/65 4623/4497/65
f 4623/4497/65 4629/4503/65 4630/4504/65 4624/4498/65
f 4624/4498/65 4630/4504/65 4631/4505/65 4625/4499/65
f 4625/4499/65 4631/4505/65 4632/4506/65 4626/4500/65
f 4626/4500/65 4632/4506/65 4633/4476/65 4627/4475/65
f 160/4501/66 159/4507/66 4634/4508/66 4628/4502/66
f 4628/4502/66 4634/4508/66 4635/4509/66 4629/4503/66
f 4629/4503/66 4635/4509/66 4636/4510/66 4630/4504/66
f 4630/4504/66 4636/4510/66 4637/4511/66 4631/4505/66
f 4631/4505/66 4637/4511/66 4638/4512/66 4632/4506/66
f 4632/4506/66 4638/4512/66 4639/4477/66 4633/4476/66
f 159/4507/68 158/8/68 4640/4513/68 4634/4508/68
f 4634/4508/68 4640/4513/68 4641/4514/68 4635/4509/68
f 4635/4509/68 4641/4514/68 4642/4515/68 4636/4510/68
f 4636/4510/68 4642/4515/68 4643/4516/68 4637/4511/68
f 4637/4511/68 4643/4516/68 4644/4517/68 4638/4512/68
f 4638/4512/68 4644/4517/68 4645/45/68 4639/4477/68
f 158/8/2 14/7/2 326/4435/2 4640/4513/2
f 4640/4513/2 326/4435/2 327/4437/2 4641/4514/2
f 4641/4514/2 327/4437/2 328/4439/2 4642/4515/2
f 4642/4515/2 328/4439/2 329/4441/2 4643/4516/2
f 4643/4516/2 329/4441/2 330/4443/2 4644/4517/2
f 4644/4517/2 330/4443/2 331/46/2 4645/45/2
f 308/4518/70 4651/4519/70 325/4070/70 23/4069/70
f 4651/4519/71 4657/4520/71 324/4081/71 325/4070/71
f 4657/4520/72 4663/4521/72 323/4087/72 324/4081/72
f 4663/4521/73 4669/4522/73 322/4093/73 323/4087/73
f 4669/4522/74 4675/4523/74 321/4099/74 322/4093/74
f 4675/4523/75 4681/41/75 320/44/75 321/4099/75
f 12/4524/70 145/4525/70 4646/4526/70 313/4527/70
f 313/4527/70 4646/4526/70 4647/4528/70 312/4529/70
f 312/4529/70 4647/4528/70 4648/4530/70 311/4531/70
f 311/4531/70 4648/4530/70 4649/4532/70 310/4533/70
f 310/4533/70 4649/4532/70 4650/4534/70 309/4535/70
f 309/4535/70 4650/4534/70 4651/4519/70 308/4518/70
f 145/4525/71 144/4536/71 4652/4537/71 4646/4526/71
f 4646/4526/71 4652/4537/71 4653/4538/71 4647/4528/71
f 4647/4528/71 4653/4538/71 4654/4539/71 4648/4530/71
f 4648/4530/71 4654/4539/71 4655/4540/71 4649/4532/71
f 4649/4532/71 4655/4540/71 4656/4541/71 4650/4534/71
f 4650/4534/71 4656/4541/71 4657/4520/71 4651/4519/71
f 144/4536/72 143/4542/72 4658/4543/72 4652/4537/72
f 4652/4537/72 4658/4543/72 4659/4544/72 4653/4538/72
f 4653/4538/72 4659/4544/72 4660/4545/72 4654/4539/72
f 4654/4539/72 4660/4545/72 4661/4546/72 4655/4540/72
f 4655/4540/72 4661/4546/72 4662/4547/72 4656/4541/72
f 4656/4541/72 4662/4547/72 4663/4521/72 4657/4520/72
f 143/4542/73 142/4548/73 4664/4549/73 4658/4543/73
f 4658/4543/73 4664/4549/73 4665/4550/73 4659/4544/73
f 4659/4544/73 4665/4550/73 4666/4551/73 4660/4545/73
f 4660/4545/73 4666/4551/73 4667/4552/73 4661/4546/73
f 4661/4546/73 4667/4552/73 4668/4553/73 4662/4547/73
f 4662/4547/73 4668/4553/73 4669/4522/73 4663/4521/73
f 142/4548/74 141/4554/74 4670/4555/74 4664/4549/74
f 4664/4549/74 4670/4555/74 4671/4556/74 4665/4550/74
f 4665/4550/74 4671/4556/74 4672/4557/74 4666/4551/74
f 4666/4551/74 4672/4557/74 4673/4558/74 4667/4552/74
f 4667/4552/74 4673/4558/74 4674/4559/74 4668/4553/74
f 4668/4553/74 4674/4559/74 4675/4523/74 4669/4522/74
f 141/4554/75 140/4/75 4676/4560/75 4670/4555/75
f 4670/4555/75 4676/4560/75 4677/4561/75 4671/4556/75
f 4671/4556/75 4677/4561/75 4678/4562/75 4672/4557/75
f 4672/4557/75 4678/4562/75 4679/4563/75 4673/4558/75
f 4673/4558/75 4679/4563/75 4680/4564/75 4674/4559/75
f 4674/4559/75 4680/4564/75 4681/41/75 4675/4523/75
f 140/4/1 13/3/1 314/4480/1 4676/4560/1
f 4676/4560/1 314/4480/1 315/4482/1 4677/4561/1
f 4677/4561/1 315/4482/1 316/4484/1 4678/4562/1
f 4678/4562/1 316/4484/1 317/4486/1 4679/4563/1
f 4679/4563/1 317/4486/1 318/4488/1 4680/4564/1
f 4680/4564/1 318/4488/1 319/42/1 4681/41/1
f 283/34/12 4687/4565/12 307/4113/12 21/35/12
f 4687/4565/13 4693/4566/13 306/4124/13 307/4113/13
f 4693/4566/14 4699/4567/14 305/4130/14 306/4124/14
f 4699/4567/15 4705/4568/15 304/4136/15 305/4130/15
f 4705/4568/16 4711/4569/16 303/4142/16 304/4136/16
f 4711/4569/17 4717/37/17 302/40/17 303/4142/17
f 278/4570/12 4682/4571/12 4683/4572/12 279/4573/12
f 279/4573/12 4683/4572/12 4684/4574/12 280/4575/12
f 280/4575/12 4684/4574/12 4685/4576/12 281/4577/12
f 281/4577/12 4685/4576/12 4686/4578/12 282/4579/12
f 282/4579/12 4686/4578/12 4687/4565/12 283/34/12
f 4682/4571/13 4688/4580/13 4689/4581/13 4683/4572/13
f 4683/4572/13 4689/4581/13 4690/4582/13 4684/4574/13
f 4684/4574/13 4690/4582/13 4691/4583/13 4685/4576/13
f 4685/4576/13 4691/4583/13 4692/4584/13 4686/4578/13
f 4686/4578/13 4692/4584/13 4693/4566/13 4687/4565/13
f 4688/4580/14 4694/4585/14 4695/4586/14 4689/4581/14
f 4689/4581/14 4695/4586/14 4696/4587/14 4690/4582/14
f 4690/4582/14 4696/4587/14 4697/4588/14 4691/4583/14
f 4691/4583/14 4697/4588/14 4698/4589/14 4692/4584/14
f 4692/4584/14 4698/4589/14 4699/4567/14 4693/4566/14
f 4694/4585/15 4700/4590/15 4701/4591/15 4695/4586/15
f 4695/4586/15 4701/4591/15 4702/4592/15 4696/4587/15
f 4696/4587/15 4702/4592/15 4703/4593/15 4697/4588/15
f 4697/4588/15 4703/4593/15 4704/4594/15 4698/4589/15
f 4698/4589/15 4704/4594/15 4705/4568/15 4699/4567/15
f 4700/4590/16 4706/4595/16 4707/4596/16 4701/4591/16
f 4701/4591/16 4707/4596/16 4708/4597/16 4702/4592/16
f 4702/4592/16 4708/4597/16 4709/4598/16 4703/4593/16
f 4703/4593/16 4709/4598/16 4710/4599/16 4704/4594/16
f 4704/4594/16 4710/4599/16 4711/4569/16 4705/4568/16
f 4706/4595/17 4712/4600/17 4713/4601/17 4707/4596/17
f 4707/4596/17 4713/4601/17 4714/4602/17 4708/4597/17
f 4708/4597/17 4714/4602/17 4715/4603/17 4709/4598/17
f 4709/4598/17 4715/4603/17 4716/4604/17 4710/4599/17
f 4710/4599/17 4716/4604/17 4717/37/17 4711/4569/17
f 4712/4600/10 296/4605/10 297/4606/10 4713/4601/10
f 4713/4601/10 297/4606/10 298/4607/10 4714/4602/10
f 4714/4602/10 298/4607/10 299/4608/10 4715/4603/10
f 4715/4603/10 299/4608/10 300/4609/10 4716/4604/10
f 4716/4604/10 300/4609/10 301/38/10 4717/37/10
f 265/30/18 4723/4610/18 289/4163/18 20/31/18
f 4723/4610/20 4729/4611/20 288/4174/20 289/4163/20
f 4729/4611/21 4735/4612/21 287/4180/21 288/4174/21
f 4735/4612/22 4741/4613/22 286/4186/22 287/4180/22
f 4741/4613/23 4747/4614/23 285/4192/23 286/4186/23
f 4747/4614/25 4753/33/25 284/36/25 285/4192/25
f 260/4615/18 4718/4616/18 4719/4617/18 261/4618/18
f 261/4618/18 4719/4617/18 4720/4619/18 262/4620/18
f 262/4620/18 4720/4619/18 4721/4621/18 263/4622/18
f 263/4622/18 4721/4621/18 4722/4623/18 264/4624/18
f 264/4624/18 4722/4623/18 4723/4610/18 265/30/18
f 4718/4616/20 4724/4625/20 4725/4626/20 4719/4617/20
f 4719/4617/20 4725/4626/20 4726/4627/20 4720/4619/20
f 4720/4619/20 4726/4627/20 4727/4628/20 4721/4621/20
f 4721/4621/20 4727/4628/20 4728/4629/20 4722/4623/20
f 4722/4623/20 4728/4629/20 4729/4611/20 4723/4610/20
f 4724/4625/21 4730/4630/21 4731/4631/21 4725/4626/21
f 4725/4626/21 4731/4631/21 4732/4632/21 4726/4627/21
f 4726/4627/21 4732/4632/21 4733/4633/21 4727/4628/21
f 4727/4628/21 4733/4633/21 4734/4634/21 4728/4629/21
f 4728/4629/21 4734/4634/21 4735/4612/21 4729/4611/21
f 4730/4630/22 4736/4635/22 4737/4636/22 4731/4631/22
f 4731/4631/22 4737/4636/22 4738/4637/22 4732/4632/22
f 4732/4632/22 4738/4637/22 4739/4638/22 4733/4633/22
f 4733/4633/22 4739/4638/22 4740/4639/22 4734/4634/22
f 4734/4634/22 4740/4639/22 4741/4613/22 4735/4612/22
f 4736/4635/23 4742/4640/23 4743/4641/23 4737/4636/23
f 4737/4636/23 4743/4641/23 4744/4642/23 4738/4637/23
f 4738/4637/23 4744/4642/23 4745/4643/23 4739/4638/23
f 4739/4638/23 4745/4643/23 4746/4644/23 4740/4639/23
f 4740/4639/23 4746/4644/23 4747/4614/23 4741/4613/23
f 4742/4640/25 4748/4645/25 4749/4646/25 4743/4641/25
f 4743/4641/25 4749/4646/25 4750/4647/25 4744/4642/25
f 4744/4642/25 4750/4647/25 4751/4648/25 4745/4643/25
f 4745/4643/25 4751/4648/25 4752/4649/25 4746/4644/25
f 4746/4644/25 4752/4649/25 4753/33/25 4747/4614/25
f 4748/4645/9 278/4570/9 279/4573/9 4749/4646/9
f 4749/4646/9 279/4573/9 280/4575/9 4750/4647/9
f 4750/4647/9 280/4575/9 281/4577/9 4751/4648/9
f 4751/4648/9 281/4577/9 282/4579/9 4752/4649/9
f 4752/4649/9 282/4579/9 283/34/9 4753/33/9
f 247/26/26 4759/4650/26 271/4208/26 19/27/26
f 4759/4650/27 4765/4651/27 270/4219/27 271/4208/27
f 4765/4651/28 4771/4652/28 269/4225/28 270/4219/28
f 4771/4652/29 4777/4653/29 268/4231/29 269/4225/29
f 4777/4653/80 4783/4654/80 267/4237/30 268/4231/30
f 4783/4654/31 4789/29/31 266/32/31 267/4237/31
f 242/4655/26 4754/4656/26 4755/4657/26 243/4658/26
f 243/4658/26 4755/4657/26 4756/4659/26 244/4660/26
f 244/4660/26 4756/4659/26 4757/4661/26 245/4662/26
f 245/4662/26 4757/4661/26 4758/4663/26 246/4664/26
f 246/4664/26 4758/4663/26 4759/4650/26 247/26/26
f 4754/4656/27 4760/4665/27 4761/4666/27 4755/4657/27
f 4755/4657/27 4761/4666/27 4762/4667/27 4756/4659/27
f 4756/4659/27 4762/4667/27 4763/4668/27 4757/4661/27
f 4757/4661/27 4763/4668/27 4764/4669/27 4758/4663/27
f 4758/4663/27 4764/4669/27 4765/4651/27 4759/4650/27
f 4760/4665/28 4766/4670/28 4767/4671/28 4761/4666/28
f 4761/4666/28 4767/4671/28 4768/4672/28 4762/4667/28
f 4762/4667/28 4768/4672/28 4769/4673/28 4763/4668/28
f 4763/4668/28 4769/4673/28 4770/4674/28 4764/4669/28
f 4764/4669/28 4770/4674/28 4771/4652/28 4765/4651/28
f 4766/4670/29 4772/4675/29 4773/4676/29 4767/4671/29
f 4767/4671/29 4773/4676/29 4774/4677/29 4768/4672/29
f 4768/4672/29 4774/4677/29 4775/4678/29 4769/4673/29
f 4769/4673/29 4775/4678/29 4776/4679/29 4770/4674/29
f 4770/4674/29 4776/4679/29 4777/4653/29 4771/4652/29
f 4772/4675/80 4778/4680/80 4779/4681/80 4773/4676/80
f 4773/4676/80 4779/4681/80 4780/4682/80 4774/4677/80
f 4774/4677/80 4780/4682/80 4781/4683/80 4775/4678/80
f 4775/4678/80 4781/4683/80 4782/4684/80 4776/4679/80
f 4776/4679/80 4782/4684/80 4783/4654/80 4777/4653/80
f 4778/4680/31 4784/4685/31 4785/4686/31 4779/4681/31
f 4779/4681/31 4785/4686/31 4786/4687/31 4780/4682/31
f 4780/4682/31 4786/4687/31 4787/4688/31 4781/4683/31
f 4781/4683/31 4787/4688/31 4788/4689/31 4782/4684/31
f 4782/4684/31 4788/4689/31 4789/29/31 4783/4654/31
f 4784/4685/8 260/4615/8 261/4618/8 4785/4686/8
f 4785/4686/8 261/4618/8 262/4620/8 4786/4687/8
f 4786/4687/8 262/4620/8 263/4622/8 4787/4688/8
f 4787/4688/8 263/4622/8 264/4624/8 4788/4689/8
f 4788/4689/8 264/4624/8 265/30/8 4789/29/8
f 229/22/32 4795/4690/32 253/4253/32 18/23/32
f 4795/4690/78 4801/4691/78 252/4264/78 253/4253/78
f 4801/4691/34 4807/4692/34 251/4270/34 252/4264/34
f 4807/4692/35 4813/4693/35 250/4276/35 251/4270/35
f 4813/4693/36 4819/4694/36 249/4282/36 250/4276/36
f 4819/4694/37 4825/25/37 248/28/37 249/4282/37
f 224/4695/32 4790/4696/32 4791/4697/76 225/4698/76
f 225/4698/76 4791/4697/76 4792/4699/76 226/4700/76
f 226/4700/76 4792/4699/76 4793/4701/32 227/4702/32
f 227/4702/32 4793/4701/32 4794/4703/32 228/4704/32
f 228/4704/32 4794/4703/32 4795/4690/32 229/22/32
f 4790/4696/78 4796/4705/78 4797/4706/78 4791/4697/78
f 4791/4697/78 4797/4706/78 4798/4707/78 4792/4699/78
f 4792/4699/78 4798/4707/78 4799/4708/78 4793/4701/78
f 4793/4701/78 4799/4708/78 4800/4709/78 4794/4703/78
f 4794/4703/78 4800/4709/78 4801/4691/78 4795/4690/78
f 4796/4705/34 4802/4710/34 4803/4711/34 4797/4706/34
f 4797/4706/34 4803/4711/34 4804/4712/34 4798/4707/34
f 4798/4707/34 4804/4712/34 4805/4713/34 4799/4708/34
f 4799/4708/34 4805/4713/34 4806/4714/34 4800/4709/34
f 4800/4709/34 4806/4714/34 4807/4692/34 4801/4691/34
f 4802/4710/35 4808/4715/35 4809/4716/35 4803/4711/35
f 4803/4711/35 4809/4716/35 4810/4717/35 4804/4712/35
f 4804/4712/35 4810/4717/35 4811/4718/35 4805/4713/35
f 4805/4713/35 4811/4718/35 4812/4719/35 4806/4714/35
f 4806/4714/35 4812/4719/35 4813/4693/35 4807/4692/35
f 4808/4715/36 4814/4720/36 4815/4721/36 4809/4716/36
f 4809/4716/36 4815/4721/36 4816/4722/36 4810/4717/36
f 4810/4717/36 4816/4722/36 4817/4723/36 4811/4718/36
f 4811/4718/36 4817/4723/36 4818/4724/36 4812/4719/36
f 4812/4719/36 4818/4724/36 4819/4694/36 4813/4693/36
f 4814/4720/37 4820/4725/37 4821/4726/37 4815/4721/37
f 4815/4721/37 4821/4726/37 4822/4727/37 4816/4722/37
f 4816/4722/37 4822/4727/37 4823/4728/37 4817/4723/37
f 4817/4723/37 4823/4728/37 4824/4729/37 4818/4724/37
f 4818/4724/37 4824/4729/37 4825/25/37 4819/4694/37
f 4820/4725/7 242/4655/7 243/4658/7 4821/4726/7
f 4821/4726/7 243/4658/7 244/4660/7 4822/4727/7
f 4822/4727/7 244/4660/7 245/4662/7 4823/4728/7
f 4823/4728/7 245/4662/7 246/4664/7 4824/4729/7
f 4824/4729/7 246/4664/7 247/26/7 4825/25/7
f 211/18/38 4831/4730/38 235/4298/38 17/19/38
f 4831/4730/39 4837/4731/39 234/4309/39 235/4298/39
f 4837/4731/40 4843/4732/40 233/4315/40 234/4309/40
f 4843/4732/41 4849/4733/41 232/4321/41 233/4315/41
f 4849/4733/42 4855/4734/42 231/4327/42 232/4321/42
f 4855/4734/81 4861/21/81 230/24/81 231/4327/81
f 206/4735/38 4826/4736/38 4827/4737/38 207/4738/38
f 207/4738/38 4827/4737/38 4828/4739/38 208/4740/38
f 208/4740/38 4828/4739/38 4829/4741/38 209/4742/38
f 209/4742/38 4829/4741/38 4830/4743/38 210/4744/38
f 210/4744/38 4830/4743/38 4831/4730/38 211/18/38
f 4826/4736/39 4832/4745/39 4833/4746/39 4827/4737/39
f 4827/4737/39 4833/4746/39 4834/4747/39 4828/4739/39
f 4828/4739/39 4834/4747/39 4835/4748/39 4829/4741/39
f 4829/4741/39 4835/4748/39 4836/4749/39 4830/4743/39
f 4830/4743/39 4836/4749/39 4837/4731/39 4831/4730/39
f 4832/4745/40 4838/4750/40 4839/4751/40 4833/4746/40
f 4833/4746/40 4839/4751/40 4840/4752/40 4834/4747/40
f 4834/4747/40 4840/4752/40 4841/4753/40 4835/4748/40
f 4835/4748/40 4841/4753/40 4842/4754/40 4836/4749/40
f 4836/4749/40 4842/4754/40 4843/4732/40 4837/4731/40
f 4838/4750/41 4844/4755/41 4845/4756/41 4839/4751/41
f 4839/4751/41 4845/4756/41 4846/4757/41 4840/4752/41
f 4840/4752/41 4846/4757/41 4847/4758/41 4841/4753/41
f 4841/4753/41 4847/4758/41 4848/4759/41 4842/4754/41
f 4842/4754/41 4848/4759/41 4849/4733/41 4843/4732/41
f 4844/4755/42 4850/4760/42 4851/4761/42 4845/4756/42
f 4845/4756/42 4851/4761/42 4852/4762/42 4846/4757/42
f 4846/4757/42 4852/4762/42 4853/4763/42 4847/4758/42
f 4847/4758/42 4853/4763/42 4854/4764/42 4848/4759/42
f 4848/4759/42 4854/4764/42 4855/4734/42 4849/4733/42
f 4850/4760/81 4856/4765/81 4857/4766/81 4851/4761/81
f 4851/4761/81 4857/4766/81 4858/4767/81 4852/4762/81
f 4852/4762/81 4858/4767/81 4859/4768/81 4853/4763/81
f 4853/4763/81 4859/4768/81 4860/4769/81 4854/4764/81
f 4854/4764/81 4860/4769/81 4861/21/81 4855/4734/81
f 4856/4765/6 224/4695/6 225/4698/6 4857/4766/6
f 4857/4766/6 225/4698/6 226/4700/6 4858/4767/6
f 4858/4767/6 226/4700/6 227/4702/6 4859/4768/6
f 4859/4768/6 227/4702/6 228/4704/6 4860/4769/6
f 4860/4769/6 228/4704/6 229/22/6 4861/21/6
f 193/14/44 4867/4770/44 217/4343/44 16/15/44
f 4867/4770/82 4873/4771/82 216/4354/82 217/4343/82
f 4873/4771/46 4879/4772/46 215/4360/46 216/4354/46
f 4879/4772/47 4885/4773/47 214/4366/47 215/4360/47
f 4885/4773/48 4891/4774/48 213/4372/48 214/4366/48
f 4891/4774/49 4897/17/49 212/20/49 213/4372/49
f 188/4775/44 4862/4776/44 4863/4777/44 189/4778/44
f 189/4778/44 4863/4777/44 4864/4779/44 190/4780/44
f 190/4780/44 4864/4779/44 4865/4781/44 191/4782/44
f 191/4782/44 4865/4781/44 4866/4783/44 192/4784/44
f 192/4784/44 4866/4783/44 4867/4770/44 193/14/44
f 4862/4776/82 4868/4785/82 4869/4786/82 4863/4777/82
f 4863/4777/82 4869/4786/82 4870/4787/82 4864/4779/82
f 4864/4779/82 4870/4787/82 4871/4788/82 4865/4781/82
f 4865/4781/82 4871/4788/82 4872/4789/82 4866/4783/82
f 4866/4783/82 4872/4789/82 4873/4771/82 4867/4770/82
f 4868/4785/46 4874/4790/46 4875/4791/46 4869/4786/46
f 4869/4786/46 4875/4791/46 4876/4792/46 4870/4787/46
f 4870/4787/46 4876/4792/46 4877/4793/46 4871/4788/46
f 4871/4788/46 4877/4793/46 4878/4794/46 4872/4789/46
f 4872/4789/46 4878/4794/46 4879/4772/46 4873/4771/46
f 4874/4790/47 4880/4795/47 4881/4796/47 4875/4791/47
f 4875/4791/47 4881/4796/47 4882/4797/47 4876/4792/47
f 4876/4792/47 4882/4797/47 4883/4798/47 4877/4793/47
f 4877/4793/47 4883/4798/47 4884/4799/47 4878/4794/47
f 4878/4794/47 4884/4799/47 4885/4773/47 4879/4772/47
f 4880/4795/48 4886/4800/48 4887/4801/48 4881/4796/48
f 4881/4796/48 4887/4801/48 4888/4802/48 4882/4797/48
f 4882/4797/48 4888/4802/48 4889/4803/48 4883/4798/48
f 4883/4798/48 4889/4803/48 4890/4804/48 4884/4799/48
f 4884/4799/48 4890/4804/48 4891/4774/48 4885/4773/48
f 4886/4800/49 4892/4805/49 4893/4806/49 4887/4801/49
f 4887/4801/49 4893/4806/49 4894/4807/49 4888/4802/49
f 4888/4802/49 4894/4807/49 4895/4808/49 4889/4803/49
f 4889/4803/49 4895/4808/49 4896/4809/49 4890/4804/49
f 4890/4804/49 4896/4809/49 4897/17/49 4891/4774/49
f 4892/4805/5 206/4735/5 207/4738/5 4893/4806/5
f 4893/4806/5 207/4738/5 208/4740/5 4894/4807/5
f 4894/4807/5 208/4740/5 209/4742/5 4895/4808/5
f 4895/4808/5 209/4742/5 210/4744/5 4896/4809/5
f 4896/4809/5 210/4744/5 211/18/5 4897/17/5
f 175/10/50 4903/4810/50 199/4388/50 15/11/50
f 4903/4810/51 4909/4811/51 198/4399/51 199/4388/51
f 4909/4811/52 4915/4812/52 197/4405/52 198/4399/52
f 4915/4812/53 4921/4813/53 196/4411/53 197/4405/53
f 4921/4813/54 4927/4814/54 195/4417/54 196/4411/54
f 4927/4814/79 4933/13/79 194/16/79 195/4417/79
f 170/4815/50 4898/4816/50 4899/4817/50 171/4818/50
f 171/4818/50 4899/4817/50 4900/4819/50 172/4820/50
f 172/4820/50 4900/4819/50 4901/4821/50 173/4822/50
f 173/4822/50 4901/4821/50 4902/4823/50 174/4824/50
f 174/4824/50 4902/4823/50 4903/4810/50 175/10/50
f 4898/4816/51 4904/4825/51 4905/4826/51 4899/4817/51
f 4899/4817/51 4905/4826/51 4906/4827/51 4900/4819/51
f 4900/4819/51 4906/4827/51 4907/4828/51 4901/4821/51
f 4901/4821/51 4907/4828/51 4908/4829/51 4902/4823/51
f 4902/4823/51 4908/4829/51 4909/4811/51 4903/4810/51
f 4904/4825/52 4910/4830/52 4911/4831/52 4905/4826/52
f 4905/4826/52 4911/4831/52 4912/4832/52 4906/4827/52
f 4906/4827/52 4912/4832/52 4913/4833/52 4907/4828/52
f 4907/4828/52 4913/4833/52 4914/4834/52 4908/4829/52
f 4908/4829/52 4914/4834/52 4915/4812/52 4909/4811/52
f 4910/4830/53 4916/4835/53 4917/4836/53 4911/4831/53
f 4911/4831/53 4917/4836/53 4918/4837/53 4912/4832/53
f 4912/4832/53 4918/4837/53 4919/4838/53 4913/4833/53
f 4913/4833/53 4919/4838/53 4920/4839/53 4914/4834/53
f 4914/4834/53 4920/4839/53 4921/4813/53 4915/4812/53
f 4916/4835/54 4922/4840/54 4923/4841/54 4917/4836/54
f 4917/4836/54 4923/4841/54 4924/4842/54 4918/4837/54
f 4918/4837/54 4924/4842/54 4925/4843/54 4919/4838/54
f 4919/4838/54 4925/4843/54 4926/4844/54 4920/4839/54
f 4920/4839/54 4926/4844/54 4927/4814/54 4921/4813/54
f 4922/4840/79 4928/4845/79 4929/4846/79 4923/4841/79
f 4923/4841/79 4929/4846/79 4930/4847/79 4924/4842/79
f 4924/4842/79 4930/4847/79 4931/4848/79 4925/4843/79
f 4925/4843/79 4931/4848/79 4932/4849/79 4926/4844/79
f 4926/4844/79 4932/4849/79 4933/13/79 4927/4814/79
f 4928/4845/4 188/4775/4 189/4778/4 4929/4846/4
f 4929/4846/4 189/4778/4 190/4780/4 4930/4847/4
f 4930/4847/4 190/4780/4 191/4782/4 4931/4848/4
f 4931/4848/4 191/4782/4 192/4784/4 4932/4849/4
f 4932/4849/4 192/4784/4 193/14/4 4933/13/4
f 157/6/56 4939/4850/56 181/4433/56 14/7/56
f 4939/4850/57 4945/4851/57 180/4444/57 181/4433/57
f 4945/4851/83 4951/4852/83 179/4450/83 180/4444/83
f 4951/4852/59 4957/4853/59 178/4456/59 179/4450/59
f 4957/4853/60 4963/4854/60 177/4462/60 178/4456/60
f 4963/4854/61 4969/9/61 176/12/61 177/4462/61
f 152/4855/56 4934/4856/56 4935/4857/56 153/4858/56
f 153/4858/56 4935/4857/56 4936/4859/56 154/4860/56
f 154/4860/56 4936/4859/56 4937/4861/56 155/4862/56
f 155/4862/56 4937/4861/56 4938/4863/56 156/4864/56
f 156/4864/56 4938/4863/56 4939/4850/56 157/6/56
f 4934/4856/57 4940/4865/57 4941/4866/57 4935/4857/57
f 4935/4857/57 4941/4866/57 4942/4867/57 4936/4859/57
f 4936/4859/57 4942/4867/57 4943/4868/57 4937/4861/57
f 4937/4861/57 4943/4868/57 4944/4869/57 4938/4863/57
f 4938/4863/57 4944/4869/57 4945/4851/57 4939/4850/57
f 4940/4865/58 4946/4870/58 4947/4871/58 4941/4866/58
f 4941/4866/58 4947/4871/58 4948/4872/58 4942/4867/58
f 4942/4867/58 4948/4872/58 4949/4873/58 4943/4868/58
f 4943/4868/58 4949/4873/58 4950/4874/58 4944/4869/58
f 4944/4869/58 4950/4874/58 4951/4852/83 4945/4851/83
f 4946/4870/59 4952/4875/59 4953/4876/59 4947/4871/59
f 4947/4871/59 4953/4876/59 4954/4877/59 4948/4872/59
f 4948/4872/59 4954/4877/59 4955/4878/59 4949/4873/59
f 4949/4873/59 4955/4878/59 4956/4879/59 4950/4874/59
f 4950/4874/59 4956/4879/59 4957/4853/59 4951/4852/59
f 4952/4875/60 4958/4880/60 4959/4881/60 4953/4876/60
f 4953/4876/60 4959/4881/60 4960/4882/60 4954/4877/60
f 4954/4877/60 4960/4882/60 4961/4883/60 4955/4878/60
f 4955/4878/60 4961/4883/60 4962/4884/60 4956/4879/60
f 4956/4879/60 4962/4884/60 4963/4854/60 4957/4853/60
f 4958/4880/61 4964/4885/61 4965/4886/61 4959/4881/61
f 4959/4881/61 4965/4886/61 4966/4887/61 4960/4882/61
f 4960/4882/61 4966/4887/61 4967/4888/61 4961/4883/61
f 4961/4883/61 4967/4888/61 4968/4889/61 4962/4884/61
f 4962/4884/61 4968/4889/61 4969/9/61 4963/4854/61
f 4964/4885/3 170/4815/3 171/4818/3 4965/4886/3
f 4965/4886/3 171/4818/3 172/4820/3 4966/4887/3
f 4966/4887/3 172/4820/3 173/4822/3 4967/4888/3
f 4967/4888/3 173/4822/3 174/4824/3 4968/4889/3
f 4968/4889/3 174/4824/3 175/10/3 4969/9/3
f 139/2/62 4975/4890/62 163/4478/62 13/3/62
f 4975/4890/69 4981/4891/69 162/4489/69 163/4478/69
f 4981/4891/64 4987/4892/64 161/4495/64 162/4489/64
f 4987/4892/65 4993/4893/65 160/4501/65 161/4495/65
f 4993/4893/66 4999/4894/66 159/4507/66 160/4501/66
f 4999/4894/68 5005/5/68 158/8/68 159/4507/68
f 134/4895/62 4970/4896/62 4971/4897/62 135/4898/62
f 135/4898/62 4971/4897/62 4972/4899/62 136/4900/62
f 136/4900/62 4972/4899/62 4973/4901/62 137/4902/62
f 137/4902/62 4973/4901/62 4974/4903/62 138/4904/62
f 138/4904/62 4974/4903/62 4975/4890/62 139/2/62
f 4970/4896/69 4976/4905/69 4977/4906/69 4971/4897/69
f 4971/4897/69 4977/4906/69 4978/4907/69 4972/4899/69
f 4972/4899/69 4978/4907/69 4979/4908/69 4973/4901/69
f 4973/4901/69 4979/4908/69 4980/4909/69 4974/4903/69
f 4974/4903/69 4980/4909/69 4981/4891/69 4975/4890/69
f 4976/4905/64 4982/4910/64 4983/4911/64 4977/4906/64
f 4977/4906/64 4983/4911/64 4984/4912/64 4978/4907/64
f 4978/4907/64 4984/4912/64 4985/4913/64 4979/4908/64
f 4979/4908/64 4985/4913/64 4986/4914/64 4980/4909/64
f 4980/4909/64 4986/4914/64 4987/4892/64 4981/4891/64
f 4982/4910/65 4988/4915/65 4989/4916/65 4983/4911/65
f 4983/4911/65 4989/4916/65 4990/4917/65 4984/4912/65
f 4984/4912/65 4990/4917/65 4991/4918/65 4985/4913/65
f 4985/4913/65 4991/4918/65 4992/4919/65 4986/4914/65
f 4986/4914/65 4992/4919/65 4993/4893/65 4987/4892/65
f 4988/4915/66 4994/4920/66 4995/4921/66 4989/4916/66
f 4989/4916/66 4995/4921/66 4996/4922/66 4990/4917/66
f 4990/4917/66 4996/4922/66 4997/4923/66 4991/4918/66
f 4991/4918/66 4997/4923/66 4998/4924/66 4992/4919/66
f 4992/4919/66 4998/4924/66 4999/4894/66 4993/4893/66
f 4994/4920/68 5000/4925/68 5001/4926/68 4995/4921/68
f 4995/4921/68 5001/4926/68 5002/4927/68 4996/4922/68
f 4996/4922/68 5002/4927/68 5003/4928/68 4997/4923/68
f 4997/4923/68 5003/4928/68 5004/4929/68 4998/4924/68
f 4998/4924/68 5004/4929/68 5005/5/68 4999/4894/68
f 5000/4925/2 152/4855/2 153/4858/2 5001/4926/2
f 5001/4926/2 153/4858/2 154/4860/2 5002/4927/2
f 5002/4927/2 154/4860/2 155/4862/2 5003/4928/2
f 5003/4928/2 155/4862/2 156/4864/2 5004/4929/2
f 5004/4929/2 156/4864/2 157/6/2 5005/5/2
f 122/4930/70 5011/4931/70 145/4525/70 12/4524/70
f 5011/4931/71 5017/4932/71 144/4536/71 145/4525/71
f 5017/4932/72 5023/4933/72 143/4542/72 144/4536/72
f 5023/4933/73 5029/4934/73 142/4548/73 143/4542/73
f 5029/4934/74 5035/4935/74 141/4554/74 142/4548/74
f 5035/4935/75 5041/1/75 140/4/75 141/4554/75
f 127/4936/70 5006/4937/70 5007/4938/70 126/4939/70
f 126/4939/70 5007/4938/70 5008/4940/70 125/4941/70
f 125/4941/70 5008/4940/70 5009/4942/70 124/4943/70
f 124/4943/70 5009/4942/70 5010/4944/70 123/4945/70
f 123/4945/70 5010/4944/70 5011/4931/70 122/4930/70
f 5006/4937/71 5012/4946/71 5013/4947/71 5007/4938/71
f 5007/4938/71 5013/4947/71 5014/4948/71 5008/4940/71
f 5008/4940/71 5014/4948/71 5015/4949/71 5009/4942/71
f 5009/4942/71 5015/4949/71 5016/4950/71 5010/4944/71
f 5010/4944/71 5016/4950/71 5017/4932/71 5011/4931/71
f 5012/4946/72 5018/4951/72 5019/4952/72 5013/4947/72
f 5013/4947/72 5019/4952/72 5020/4953/72 5014/4948/72
f 5014/4948/72 5020/4953/72 5021/4954/72 5015/4949/72
f 5015/4949/72 5021/4954/72 5022/4955/72 5016/4950/72
f 5016/4950/72 5022/4955/72 5023/4933/72 5017/4932/72
f 5018/4951/73 5024/4956/73 5025/4957/73 5019/4952/73
f 5019/4952/73 5025/4957/73 5026/4958/73 5020/4953/73
f 5020/4953/73 5026/4958/73 5027/4959/73 5021/4954/73
f 5021/4954/73 5027/4959/73 5028/4960/73 5022/4955/73
f 5022/4955/73 5028/4960/73 5029/4934/73 5023/4933/73
f 5024/4956/74 5030/4961/74 5031/4962/74 5025/4957/74
f 5025/4957/74 5031/4962/74 5032/4963/74 5026/4958/74
f 5026/4958/74 5032/4963/74 5033/4964/74 5027/4959/74
f 5027/4959/74 5033/4964/74 5034/4965/74 5028/4960/74
f 5028/4960/74 5034/4965/74 5035/4935/74 5029/4934/74
f 5030/4961/75 5036/4966/75 5037/4967/75 5031/4962/75
f 5031/4962/75 5037/4967/75 5038/4968/75 5032/4963/75
f 5032/4963/75 5038/4968/75 5039/4969/75 5033/4964/75
f 5033/4964/75 5039/4969/75 5040/4970/75 5034/4965/75
f 5034/4965/75 5040/4970/75 5041/1/75 5035/4935/75
f 5036/4966/1 134/4895/1 135/4898/1 5037/4967/1
f 5037/4967/1 135/4898/1 136/4900/1 5038/4968/1
f 5038/4968/1 136/4900/1 137/4902/1 5039/4969/1
f 5039/4969/1 137/4902/1 138/4904/1 5040/4970/1
f 5040/4970/1 138/4904/1 139/2/1 5041/1/1
f 5061/4971/145 5118/4972/145 5124/4571/145 5117/4570/145
f 5118/4972/13 5119/4973/13 5125/4580/13 5124/4571/13
f 5119/4973/14 5120/4974/14 5126/4585/14 5125/4580/14
f 5120/4974/102 5121/4975/102 5127/4590/102 5126/4585/102
f 5121/4975/146 5122/4976/146 5128/4595/146 5127/4590/146
f 5122/4976/17 5062/4977/17 5129/4600/17 5128/4595/17
f 5062/4977/147 5063/4978/147 5123/4605/147 5129/4600/147
f 5059/4979/18 5112/4980/18 5130/4616/18 5111/4615/18
f 5112/4980/19 5113/4981/19 5131/4625/19 5130/4616/19
f 5113/4981/21 5114/4982/21 5132/4630/21 5131/4625/21
f 5114/4982/22 5115/4983/22 5133/4635/22 5132/4630/22
f 5115/4983/23 5116/4984/23 5134/4640/23 5133/4635/23
f 5116/4984/25 5060/4985/25 5135/4645/25 5134/4640/25
f 5060/4985/9 5061/4971/9 5117/4570/9 5135/4645/9
f 5057/4986/26 5106/4987/26 5136/4656/26 5105/4655/26
f 5106/4987/27 5107/4988/27 5137/4665/27 5136/4656/27
f 5107/4988/28 5108/4989/28 5138/4670/28 5137/4665/28
f 5108/4989/29 5109/4990/29 5139/4675/29 5138/4670/29
f 5109/4990/30 5110/4991/30 5140/4680/30 5139/4675/30
f 5110/4991/31 5058/4992/31 5141/4685/31 5140/4680/31
f 5058/4992/8 5059/4979/8 5111/4615/8 5141/4685/8
f 5055/4993/32 5100/4994/32 5142/4696/32 5099/4695/32
f 5100/4994/78 5101/4995/78 5143/4705/78 5142/4696/78
f 5101/4995/34 5102/4996/34 5144/4710/34 5143/4705/34
f 5102/4996/35 5103/4997/35 5145/4715/35 5144/4710/35
f 5103/4997/36 5104/4998/36 5146/4720/36 5145/4715/36
f 5104/4998/37 5056/4999/37 5147/4725/37 5146/4720/37
f 5056/4999/7 5057/4986/7 5105/4655/7 5147/4725/7
f 5053/5000/38 5094/5001/38 5148/4736/38 5093/4735/38
f 5094/5001/39 5095/5002/39 5149/4745/39 5148/4736/39
f 5095/5002/40 5096/5003/40 5150/4750/40 5149/4745/40
f 5096/5003/41 5097/5004/41 5151/4755/41 5150/4750/41
f 5097/5004/42 5098/5005/42 5152/4760/42 5151/4755/42
f 5098/5005/43 5054/5006/43 5153/4765/43 5152/4760/43
f 5054/5006/6 5055/4993/6 5099/4695/6 5153/4765/6
f 5051/5007/44 5088/5008/44 5154/4776/44 5087/4775/44
f 5088/5008/45 5089/5009/45 5155/4785/45 5154/4776/45
f 5089/5009/46 5090/5010/46 5156/4790/46 5155/4785/46
f 5090/5010/47 5091/5011/47 5157/4795/47 5156/4790/47
f 5091/5011/48 5092/5012/48 5158/4800/48 5157/4795/48
f 5092/5012/49 5052/5013/49 5159/4805/49 5158/4800/49
f 5052/5013/5 5053/5000/5 5093/4735/5 5159/4805/5
f 5049/5014/50 5082/5015/50 5160/4816/50 5081/4815/50
f 5082/5015/51 5083/5016/51 5161/4825/51 5160/4816/51
f 5083/5016/52 5084/5017/52 5162/4830/52 5161/4825/52
f 5084/5017/53 5085/5018/53 5163/4835/53 5162/4830/53
f 5085/5018/54 5086/5019/54 5164/4840/54 5163/4835/54
f 5086/5019/79 5050/5020/79 5165/4845/79 5164/4840/79
f 5050/5020/148 5051/5007/148 5087/4775/148 5165/4845/148
f 5047/5021/56 5076/5022/56 5166/4856/56 5075/4855/56
f 5076/5022/57 5077/5023/57 5167/4865/57 5166/4856/57
f 5077/5023/58 5078/5024/58 5168/4870/58 5167/4865/58
f 5078/5024/59 5079/5025/59 5169/4875/59 5168/4870/59
f 5079/5025/60 5080/5026/60 5170/4880/60 5169/4875/60
f 5080/5026/61 5048/5027/61 5171/4885/61 5170/4880/61
f 5048/5027/3 5049/5014/3 5081/4815/3 5171/4885/3
f 5045/5028/62 5070/5029/62 5172/4896/62 5069/4895/62
f 5070/5029/69 5071/5030/69 5173/4905/69 5172/4896/69
f 5071/5030/64 5072/5031/64 5174/4910/64 5173/4905/64
f 5072/5031/65 5073/5032/65 5175/4915/65 5174/4910/65
f 5073/5032/66 5074/5033/66 5176/4920/66 5175/4915/66
f 5074/5033/67 5046/5034/67 5177/4925/67 5176/4920/67
f 5046/5034/2 5047/5021/2 5075/4855/2 5177/4925/2
f 5043/5035/149 5064/5036/149 5178/4937/149 5042/4936/149
f 5064/5036/71 5065/5037/71 5179/4946/71 5178/4937/71
f 5065/5037/150 5066/5038/150 5180/4951/150 5179/4946/150
f 5066/5038/151 5067/5039/151 5181/4956/151 5180/4951/151
f 5067/5039/74 5068/5040/74 5182/4961/74 5181/4956/74
f 5068/5040/152 5044/5041/152 5183/4966/152 5182/4961/152
f 5044/5041/153 5045/5028/153 5069/4895/153 5183/4966/153
f 4712/4600/154 296/4605/154 11/5035/154 295/5035/154
f 277/5035/155 4748/5035/155 278/5035/155 4682/5035/155 4688/5035/155 4694/5035/155 4700/5035/155 4706/5035/155 4712/5035/155 295/5035/155 294/5035/155 293/5035/155 292/5035/155 291/5035/155 290/5035/155 10/5035/155
f 259/5035/156 258/5035/156 4778/5035/156 4784/5035/156 260/5035/156 4718/5035/156 4724/5035/156 4730/5035/156 4736/5035/156 4742/5035/156 4748/5035/156 277/5035/156 276/5035/156 275/5035/156 274/5035/156 273/5035/156 272/5035/156 9/5035/156
f 241/5035/157 240/5035/157 239/5035/157 238/5035/157 237/5035/157 236/5035/157 4790/5035/157 4796/5035/157 4802/5035/157 4808/5035/157 4814/5035/157 4820/5035/157 242/5035/157 4754/5035/157 4760/5035/157 4766/5035/157 4772/5035/157 4778/5035/157 258/5035/157 257/5035/157 256/5035/157 255/5035/157 254/5035/157 8/5035/157
f 127/5035/158 5006/5035/158 5012/5035/158 5018/5035/158 5024/5035/158 5030/5035/158 5036/5035/158 134/5035/158 2/5035/158 133/5035/158 132/5035/158 131/5035/158 130/5035/158 129/5035/158 128/5035/158 1/5035/158
f 151/5035/159 150/5035/159 149/5035/159 148/5035/159 147/5035/159 146/5035/159 2/5035/159 134/5035/159 4970/5035/159 4976/5035/159 4982/5035/159 4988/5035/159 4994/5035/159 5000/5035/159 152/5035/159 4934/5035/159 4940/5035/159 165/5035/159 164/5035/159 3/5035/159
f 205/5035/160 204/5035/160 4886/5035/160 4892/5035/160 206/5035/160 4826/5035/160 4832/5035/160 4838/5035/160 4844/5035/160 4850/5035/160 4856/5035/160 224/5035/160 4790/5035/160 236/5035/160 7/5035/160 223/5035/160 222/5035/160 221/5035/160 220/5035/160 219/5035/160 218/5035/160 6/5035/160
f 5/5035/161 188/5035/161 4862/5035/161 4868/5035/161 4874/5035/161 4880/5035/161 4886/5035/161 204/5035/161 203/5035/161 202/5035/161 201/5035/161 200/5035/161
f 169/5035/162 4964/5035/162 170/5035/162 4898/5035/162 4904/5035/162 4910/5035/162 4916/5035/162 4922/5035/162 4928/5035/162 188/5035/162 5/5035/162 187/5035/162 186/5035/162 185/5035/162 184/5035/162 183/5035/162 182/5035/162 4/5035/162
f 165/5035/163 4940/5035/163 4946/5035/163 4952/5035/163 4958/5035/163 4964/5035/163 169/5035/163 168/5035/163 167/5035/163 166/5035/163
s 0
f 4093/3814/92 4087/3790/85 5247/3790/91 5249/3814/85
f 435/4080/164 4290/4079/85 5314/4079/165 5185/4080/85
f 4039/3763/88 517/106/85 5199/106/87 5231/3763/85
f 4146/3762/97 4152/3918/85 5268/3918/98 5266/3762/85
f 4207/3944/86 4201/3759/85 5285/3759/84 5287/3944/85
f 434/5035/85 435/5035/85 5185/5035/85 5184/5035/85
f 4291/4065/165 434/4064/85 5184/4064/85 5315/4065/85
f 4260/3754/101 4266/4046/85 5306/4046/102 5304/3754/85
f 4153/3900/98 4147/3747/85 5267/3747/97 5269/3900/85
f 4267/4023/102 4261/3739/85 5305/3739/101 5307/4023/85
f 4032/3732/103 540/3666/85 5202/3666/104 5228/3732/85
f 3978/3682/166 3984/3688/85 5212/3688/167 5210/3682/85
f 541/114/104 4033/113/85 5229/113/103 5203/114/85
f 3985/3654/167 3979/3653/85 5211/3653/166 5213/3654/85
f 4092/3690/105 4098/3847/85 5250/3847/106 5248/3690/85
f 4038/3676/107 4044/3782/85 5232/3782/108 5230/3676/85
f 4099/3815/106 4093/3814/85 5249/3814/105 5251/3815/85
f 4206/3668/109 4212/3980/85 5288/3980/110 5286/3668/85
f 4290/4079/168 4296/4086/85 5316/4086/169 5314/4079/85
f 4045/3764/108 4039/3763/85 5231/3763/107 5233/3764/85
f 4152/3918/111 4158/3924/85 5270/3924/112 5268/3918/85
f 4213/93/110 4207/3944/85 5287/3944/109 5289/93/85
f 4297/4066/169 4291/4065/85 5315/4065/168 5317/4066/85
f 4266/4046/115 4272/4052/85 5308/4052/116 5306/4046/85
f 4159/3901/112 4153/3900/85 5269/3900/111 5271/3901/85
f 456/3995/117 4218/3994/85 5290/3994/118 5188/3995/85
f 4273/4024/116 4267/4023/85 5307/4023/115 5309/4024/85
f 4219/3982/118 457/86/85 5189/86/117 5291/3982/85
f 3984/3688/170 3990/3696/85 5214/3696/171 5212/3688/85
f 3991/3655/171 3985/3654/85 5213/3654/170 5215/3655/85
f 4098/3847/119 4104/3852/85 5252/3852/120 5250/3847/85
f 4044/3782/121 4050/3789/85 5234/3789/122 5232/3782/85
f 4105/105/120 4099/3815/85 5251/3815/119 5253/105/85
f 4212/3980/123 480/3761/85 5192/3761/124 5288/3980/85
f 4296/4086/171 4302/4092/85 5318/4092/170 5316/4086/85
f 4051/3765/122 4045/3764/85 5233/3764/121 5235/3765/85
f 4158/3924/125 4164/3930/85 5272/3930/126 5270/3924/85
f 481/94/124 4213/93/85 5289/93/123 5193/94/85
f 4303/4067/170 4297/4066/85 5317/4066/171 5319/4067/85
f 492/3869/127 4110/3868/85 5254/3868/128 5194/3869/85
f 4272/4052/129 4278/4058/85 5310/4058/130 5308/4052/85
f 4165/3902/126 4159/3901/85 5271/3901/125 5273/3902/85
f 4218/3994/131 4224/4001/85 5292/4001/132 5290/3994/85
f 4111/3855/128 493/98/85 5195/98/127 5255/3855/85
f 4279/4025/130 4273/4024/85 5309/4024/129 5311/4025/85
f 4225/3983/132 4219/3982/85 5291/3982/131 5293/3983/85
f 3990/3696/169 3996/3701/85 5216/3701/168 5214/3696/85
f 552/5035/85 553/5035/85 5205/5035/85 5204/5035/85
f 4104/3852/133 516/3675/85 5198/3675/134 5252/3852/85
f 3997/117/168 3991/3655/85 5215/3655/169 5217/117/85
f 4050/3789/135 4056/3797/85 5236/3797/136 5234/3789/85
f 517/106/134 4105/105/85 5253/105/133 5199/106/85
f 4302/4092/167 4308/4098/85 5320/4098/166 5318/4092/85
f 528/3724/137 4002/3723/85 5218/3723/138 5200/3724/85
f 4057/3766/136 4051/3765/85 5235/3765/135 5237/3766/85
f 4164/3930/139 4170/3936/85 5274/3936/140 5272/3930/85
f 4309/4068/166 4303/4067/85 5319/4067/167 5321/4068/85
f 4110/3868/141 4116/3876/85 5256/3876/142 5254/3868/85
f 4003/3710/138 529/110/85 5201/110/137 5219/3710/85
f 4278/4058/143 4284/4063/85 5312/4063/144 5310/4058/85
f 4171/3903/140 4165/3902/85 5273/3902/139 5275/3903/85
f 4224/4001/172 4230/4007/85 5294/4007/173 5292/4001/85
f 4117/3856/142 4111/3855/85 5255/3855/141 5257/3856/85
f 4285/85/144 4279/4025/85 5311/4025/143 5313/85/85
f 4231/3984/173 4225/3983/85 5293/3983/172 5295/3984/85
f 3996/3701/165 552/3708/85 5204/3708/85 5216/3701/85
f 553/118/164 3997/117/85 5217/117/165 5205/118/85
f 4056/3797/173 4062/3804/85 5238/3804/172 5236/3797/85
f 4308/4098/93 4314/4040/85 5322/4040/94 5320/4098/85
f 4002/3723/144 4008/3730/85 5220/3730/143 5218/3723/85
f 4063/3767/172 4057/3766/85 5237/3766/173 5239/3767/85
f 4170/3936/142 4176/3941/85 5276/3941/141 5274/3936/85
s 1
f 5344/3666/12 5348/3665/12 5349/3651/12 5345/114/12
f 5348/3665/13 5350/3674/13 5351/3652/13 5349/3651/13
f 5350/3674/174 5352/3682/174 5353/3653/174 5351/3652/174
f 5352/3682/15 5354/3688/15 5355/3654/15 5353/3653/15
f 5354/3688/16 5356/3696/16 5357/3655/16 5355/3654/16
f 5356/3696/175 5358/3701/175 5359/117/175 5357/3655/175
f 5358/3701/176 5346/3708/176 5347/118/176 5359/117/176
f 5342/3724/18 5360/3723/18 5361/3710/18 5343/110/18
f 5360/3723/19 5362/3730/19 5363/3711/19 5361/3710/19
f 5362/3730/21 5364/3738/21 5365/3712/21 5363/3711/21
f 5364/3738/22 5366/3746/22 5367/3713/22 5365/3712/22
f 5366/3746/177 5368/3731/177 5369/3709/177 5367/3713/177
f 5368/3731/24 5370/3732/24 5371/113/24 5369/3709/24
f 5370/3732/9 5344/3666/9 5345/114/9 5371/113/9
f 5340/3675/77 5372/3676/77 5373/3763/77 5341/106/77
f 5372/3676/178 5374/3782/178 5375/3764/178 5373/3763/178
f 5374/3782/179 5376/3789/179 5377/3765/179 5375/3764/179
f 5376/3789/29 5378/3797/29 5379/3766/29 5377/3765/29
f 5378/3797/30 5380/3804/30 5381/3767/30 5379/3766/30
f 5380/3804/180 5382/3811/180 5383/109/180 5381/3767/180
f 5382/3811/8 5342/3724/8 5343/110/8 5383/109/8
f 5338/3703/32 5384/3825/32 5385/3813/32 5339/102/32
f 5384/3825/78 5386/3812/78 5387/3791/78 5385/3813/78
f 5386/3812/34 5388/3689/34 5389/3790/34 5387/3791/34
f 5388/3689/181 5390/3690/181 5391/3814/181 5389/3790/181
f 5390/3690/36 5392/3847/36 5393/3815/36 5391/3814/36
f 5392/3847/37 5394/3852/37 5395/105/37 5393/3815/37
f 5394/3852/7 5340/3675/7 5341/106/7 5395/105/7
f 5336/3869/38 5396/3868/38 5397/3855/38 5337/98/38
f 5396/3868/39 5398/3876/39 5399/3856/39 5397/3855/39
f 5398/3876/40 5400/3883/40 5401/3857/40 5399/3856/40
f 5400/3883/41 5402/3889/41 5403/3858/41 5401/3857/41
f 5402/3889/42 5404/3826/42 5405/3798/42 5403/3858/42
f 5404/3826/43 5406/3702/43 5407/101/43 5405/3798/43
f 5406/3702/6 5338/3703/6 5339/102/6 5407/101/6
f 5334/3761/44 5408/3762/44 5409/3747/44 5335/94/44
f 5408/3762/45 5410/3918/45 5411/3900/45 5409/3747/45
f 5410/3918/46 5412/3924/46 5413/3901/46 5411/3900/46
f 5412/3924/47 5414/3930/47 5415/3902/47 5413/3901/47
f 5414/3930/48 5416/3936/48 5417/3903/48 5415/3902/48
f 5416/3936/49 5418/3941/49 5419/97/49 5417/3903/49
f 5418/3941/5 5336/3869/5 5337/98/5 5419/97/5
f 5332/3806/50 5420/3954/50 5421/3943/50 5333/90/50
f 5420/3954/51 5422/3877/51 5423/3854/51 5421/3943/51
f 5422/3877/52 5424/3783/52 5425/3760/52 5423/3854/52
f 5424/3783/182 5426/3667/182 5427/3759/182 5425/3760/182
f 5426/3667/54 5428/3668/54 5429/3944/54 5427/3759/54
f 5428/3668/79 5430/3980/79 5431/93/79 5429/3944/79
f 5430/3980/148 5334/3761/148 5335/94/148 5431/93/148
f 5330/3995/56 5432/3994/56 5433/3982/56 5331/86/56
f 5432/3994/57 5434/4001/57 5435/3983/57 5433/3982/57
f 5434/4001/58 5436/4007/58 5437/3984/58 5435/3983/58
f 5436/4007/59 5438/3981/59 5439/3965/59 5437/3984/59
f 5438/3981/183 5440/3895/183 5441/3870/183 5439/3965/183
f 5440/3895/184 5442/3805/184 5443/89/184 5441/3870/184
f 5442/3805/11 5332/3806/11 5333/90/11 5443/89/11
f 5328/3853/62 5444/3753/62 5445/3740/62 5329/82/62
f 5444/3753/63 5446/3754/63 5447/3739/63 5445/3740/63
f 5446/3754/185 5448/4046/185 5449/4023/185 5447/3739/185
f 5448/4046/65 5450/4052/65 5451/4024/65 5449/4023/65
f 5450/4052/66 5452/4058/66 5453/4025/66 5451/4024/66
f 5452/4058/67 5454/4063/67 5455/85/67 5453/4025/67
f 5454/4063/2 5330/3995/2 5331/86/2 5455/85/2
f 5327/4080/186 5456/4079/186 5457/4065/186 5326/4064/186
f 5456/4079/187 5458/4086/187 5459/4066/187 5457/4065/187
f 5458/4086/72 5460/4092/72 5461/4067/72 5459/4066/72
f 5460/4092/73 5462/4098/73 5463/4068/73 5461/4067/73
f 5462/4098/188 5464/4040/188 5465/4018/188 5463/4068/188
f 5464/4040/75 5466/3942/75 5467/81/75 5465/4018/75
f 5466/3942/1 5328/3853/1 5329/82/1 5467/81/1
f 5204/5035/189 5216/5035/189 5214/5035/189 5212/5035/189 5210/5035/189 5208/5035/189 5206/5035/189 5207/5035/189 5209/5035/189 5211/5035/189 5213/5035/189 5215/5035/189 5217/5035/189 5205/5035/189
f 5207/5035/190 5206/5035/190 5202/5035/190 5228/5035/190 5226/5035/190 5224/5035/190 5222/5035/190 5220/5035/190 5218/5035/190 5200/5035/190 5240/5035/190 5238/5035/190 5239/5035/190 5241/5035/190 5201/5035/190 5219/5035/190 5221/5035/190 5223/5035/190 5225/5035/190 5227/5035/190 5229/5035/190 5203/5035/190
f 5232/5035/191 5230/5035/191 5198/5035/191 5252/5035/191 5250/5035/191 5248/5035/191 5249/5035/191 5251/5035/191 5253/5035/191 5199/5035/191 5231/5035/191 5233/5035/191 5235/5035/191 5237/5035/191 5239/5035/191 5238/5035/191 5236/5035/191 5234/5035/191
f 5244/5035/192 5242/5035/192 5196/5035/192 5264/5035/192 5262/5035/192 5263/5035/192 5265/5035/192 5197/5035/192 5243/5035/192 5245/5035/192 5247/5035/192 5249/5035/192 5248/5035/192 5246/5035/192
f 5256/5035/193 5254/5035/193 5194/5035/193 5276/5035/193 5274/5035/193 5275/5035/193 5277/5035/193 5195/5035/193 5255/5035/193 5257/5035/193 5259/5035/193 5261/5035/193 5263/5035/193 5262/5035/193 5260/5035/193 5258/5035/193
f 5268/5035/194 5266/5035/194 5192/5035/194 5288/5035/194 5289/5035/194 5193/5035/194 5267/5035/194 5269/5035/194 5271/5035/194 5273/5035/194 5275/5035/194 5274/5035/194 5272/5035/194 5270/5035/194
f 5280/5035/195 5278/5035/195 5190/5035/195 5300/5035/195 5301/5035/195 5191/5035/195 5279/5035/195 5281/5035/195 5283/5035/195 5285/5035/195 5287/5035/195 5289/5035/195 5288/5035/195 5286/5035/195 5284/5035/195 5282/5035/195
f 5315/5035/196 5184/5035/196 5185/5035/196 5314/5035/196 5316/5035/196 5318/5035/196 5320/5035/196 5322/5035/196 5324/5035/196 5325/5035/196 5323/5035/196 5321/5035/196 5319/5035/196 5317/5035/196
f 5304/5035/197 5302/5035/197 5186/5035/197 5324/5035/197 5325/5035/197 5187/5035/197 5303/5035/197 5305/5035/197 5307/5035/197 5309/5035/197 5311/5035/197 5313/5035/197 5312/5035/197 5310/5035/197 5308/5035/197 5306/5035/197
f 5292/5035/198 5290/5035/198 5188/5035/198 5312/5035/198 5313/5035/198 5189/5035/198 5291/5035/198 5293/5035/198 5295/5035/198 5297/5035/198 5299/5035/198 5301/5035/198 5300/5035/198 5298/5035/198 5296/5035/198 5294/5035/198
usemtl Blanco
f 4724/4625/199 4718/4616/199 5130/4616/199 5131/4625/199
f 274/5035/200 275/5035/200 5115/5035/200 5114/5035/200
f 205/5035/200 6/5035/200 5053/5035/200 5052/5035/200
f 222/5035/200 223/5035/200 5054/5035/200 5098/5035/200
f 4778/4680/199 4772/4675/199 5139/4675/199 5140/4680/199
f 273/5035/200 274/5035/200 5114/5035/200 5113/5035/200
f 221/5035/200 222/5035/200 5098/5035/200 5097/5035/200
f 272/5035/200 273/5035/200 5113/5035/200 5112/5035/200
f 296/4605/199 4712/4600/199 5129/4600/199 5123/4605/199
f 220/5035/200 221/5035/200 5097/5035/200 5096/5035/200
f 9/5035/200 272/5035/200 5112/5035/200 5059/5035/200
f 168/5035/200 169/5035/200 5048/5035/200 5080/5035/200
f 187/5035/200 5/5035/200 5051/5035/200 5050/5035/200
f 5036/4966/199 5030/4961/199 5182/4961/199 5183/4966/199
f 219/5035/200 220/5035/200 5096/5035/200 5095/5035/200
f 4946/4870/199 4940/4865/199 5167/4865/199 5168/4870/199
f 167/5035/200 168/5035/200 5080/5035/200 5079/5035/200
f 218/5035/200 219/5035/200 5095/5035/200 5094/5035/200
f 4832/4745/199 4826/4736/199 5148/4736/199 5149/4745/199
f 166/5035/200 167/5035/200 5079/5035/200 5078/5035/200
f 6/5035/200 218/5035/200 5094/5035/200 5053/5035/200
f 4886/4800/199 4880/4795/199 5157/4795/199 5158/4800/199
f 4718/4616/199 260/4615/199 5111/4615/199 5130/4616/199
f 165/5035/200 166/5035/200 5078/5035/200 5077/5035/200
f 169/5035/200 4/5035/200 5049/5035/200 5048/5035/200
f 4772/4675/199 4766/4670/199 5138/4670/199 5139/4675/199
f 164/5035/200 165/5035/200 5077/5035/200 5076/5035/200
f 242/4655/199 4820/4725/199 5147/4725/199 5105/4655/199
f 3/5035/200 164/5035/200 5076/5035/200 5047/5035/200
f 4712/4600/199 4706/4595/199 5128/4595/199 5129/4600/199
f 151/5035/200 3/5035/200 5047/5035/200 5046/5035/200
f 5030/4961/199 5024/4956/199 5181/4956/199 5182/4961/199
f 4940/4865/199 4934/4856/199 5166/4856/199 5167/4865/199
f 4826/4736/199 206/4735/199 5093/4735/199 5148/4736/199
f 4880/4795/199 4874/4790/199 5156/4790/199 5157/4795/199
f 133/5035/200 2/5035/200 5045/5035/200 5044/5035/200
f 188/4775/199 4928/4845/199 5165/4845/199 5087/4775/199
f 4766/4670/199 4760/4665/199 5137/4665/199 5138/4670/199
f 127/5035/201 1/5035/201 5043/5035/201 5042/5035/201
f 4820/4725/199 4814/4720/199 5146/4720/199 5147/4725/199
f 4706/4595/199 4700/4590/199 5127/4590/199 5128/4595/199
f 5024/4956/199 5018/4951/199 5180/4951/199 5181/4956/199
f 258/5035/200 259/5035/200 5058/5035/200 5110/5035/200
f 4934/4856/199 152/4855/199 5075/4855/199 5166/4856/199
f 257/5035/200 258/5035/200 5110/5035/200 5109/5035/200
f 4874/4790/199 4868/4785/199 5155/4785/199 5156/4790/199
f 256/5035/200 257/5035/200 5109/5035/200 5108/5035/200
f 204/5035/200 205/5035/200 5052/5035/200 5092/5035/200
f 4928/4845/199 4922/4840/199 5164/4840/199 5165/4845/199
f 4760/4665/199 4754/4656/199 5136/4656/199 5137/4665/199
f 255/5035/200 256/5035/200 5108/5035/200 5107/5035/200
f 4814/4720/199 4808/4715/199 5145/4715/199 5146/4720/199
f 203/5035/200 204/5035/200 5092/5035/200 5091/5035/200
f 254/5035/200 255/5035/200 5107/5035/200 5106/5035/200
f 4700/4590/199 4694/4585/199 5126/4585/199 5127/4590/199
f 202/5035/200 203/5035/200 5091/5035/200 5090/5035/200
f 8/5035/200 254/5035/200 5106/5035/200 5057/5035/200
f 150/5035/200 151/5035/200 5046/5035/200 5074/5035/200
f 278/4570/199 4748/4645/199 5135/4645/199 5117/4570/199
f 5018/4951/199 5012/4946/199 5179/4946/199 5180/4951/199
f 201/5035/200 202/5035/200 5090/5035/200 5089/5035/200
f 149/5035/200 150/5035/200 5074/5035/200 5073/5035/200
f 200/5035/200 201/5035/200 5089/5035/200 5088/5035/200
f 4982/4910/199 4976/4905/199 5173/4905/199 5174/4910/199
f 148/5035/200 149/5035/200 5073/5035/200 5072/5035/200
f 5/5035/200 200/5035/200 5088/5035/200 5051/5035/200
f 4868/4785/199 4862/4776/199 5154/4776/199 5155/4785/199
f 147/5035/200 148/5035/200 5072/5035/200 5071/5035/200
f 4922/4840/199 4916/4835/199 5163/4835/199 5164/4840/199
f 4754/4656/199 242/4655/199 5105/4655/199 5136/4656/199
f 4892/4805/199 4886/4800/199 5158/4800/199 5159/4805/199
f 4838/4750/199 4832/4745/199 5149/4745/199 5150/4750/199
f 275/5035/200 276/5035/200 5116/5035/200 5115/5035/200
f 4952/4875/199 4946/4870/199 5168/4870/199 5169/4875/199
f 276/5035/200 277/5035/200 5060/5035/200 5116/5035/200
f 134/4895/199 5036/4966/199 5183/4966/199 5069/4895/199
f 4898/4816/199 170/4815/199 5081/4815/199 5160/4816/199
f 223/5035/200 7/5035/200 5055/5035/200 5054/5035/200
f 4988/4915/199 4982/4910/199 5174/4910/199 5175/4915/199
f 4784/4685/199 4778/4680/199 5140/4680/199 5141/4685/199
f 241/5035/200 8/5035/200 5057/5035/200 5056/5035/200
f 4730/4630/199 4724/4625/199 5131/4625/199 5132/4630/199
f 206/4735/199 4892/4805/199 5159/4805/199 5093/4735/199
f 4844/4755/199 4838/4750/199 5150/4750/199 5151/4755/199
f 1/5035/200 128/5035/200 5064/5035/200 5043/5035/200
f 4790/4696/199 224/4695/199 5099/4695/199 5142/4696/199
f 4958/4880/199 4952/4875/199 5169/4875/199 5170/4880/199
f 128/5035/200 129/5035/200 5065/5035/200 5064/5035/200
f 4904/4825/199 4898/4816/199 5160/4816/199 5161/4825/199
f 259/5035/200 9/5035/200 5059/5035/200 5058/5035/200
f 129/5035/200 130/5035/200 5066/5035/200 5065/5035/200
f 4994/4920/199 4988/4915/199 5175/4915/199 5176/4920/199
f 4/5035/200 182/5035/200 5082/5035/200 5049/5035/200
f 130/5035/200 131/5035/200 5067/5035/200 5066/5035/200
f 182/5035/200 183/5035/200 5083/5035/200 5082/5035/200
f 131/5035/200 132/5035/200 5068/5035/200 5067/5035/200
f 260/4615/199 4784/4685/199 5141/4685/199 5111/4615/199
f 277/5035/200 10/5035/200 5061/5035/200 5060/5035/200
f 183/5035/200 184/5035/200 5084/5035/200 5083/5035/200
f 4736/4635/199 4730/4630/199 5132/4630/199 5133/4635/199
f 132/5035/200 133/5035/200 5044/5035/200 5068/5035/200
f 7/5035/200 236/5035/200 5100/5035/200 5055/5035/200
f 184/5035/200 185/5035/200 5085/5035/200 5084/5035/200
f 4682/4571/199 278/4570/199 5117/4570/199 5124/4571/199
f 4850/4760/199 4844/4755/199 5151/4755/199 5152/4760/199
f 236/5035/200 237/5035/200 5101/5035/200 5100/5035/200
f 185/5035/200 186/5035/200 5086/5035/200 5085/5035/200
f 4796/4705/199 4790/4696/199 5142/4696/199 5143/4705/199
f 4964/4885/199 4958/4880/199 5170/4880/199 5171/4885/199
f 237/5035/200 238/5035/200 5102/5035/200 5101/5035/200
f 4910/4830/199 4904/4825/199 5161/4825/199 5162/4830/199
f 186/5035/200 187/5035/200 5050/5035/200 5086/5035/200
f 295/5035/200 11/5035/200 5063/5035/200 5062/5035/200
f 10/5035/200 290/5035/200 5118/5035/200 5061/5035/200
f 5000/4925/199 4994/4920/199 5176/4920/199 5177/4925/199
f 238/5035/200 239/5035/200 5103/5035/200 5102/5035/200
f 290/5035/200 291/5035/200 5119/5035/200 5118/5035/200
f 239/5035/200 240/5035/200 5104/5035/200 5103/5035/200
f 4970/4896/199 134/4895/199 5069/4895/199 5172/4896/199
f 291/5035/200 292/5035/200 5120/5035/200 5119/5035/200
f 240/5035/200 241/5035/200 5056/5035/200 5104/5035/200
f 5006/4937/199 127/4936/199 5042/4936/199 5178/4937/199
f 292/5035/200 293/5035/200 5121/5035/200 5120/5035/200
f 4742/4640/199 4736/4635/199 5133/4635/199 5134/4640/199
f 4688/4580/199 4682/4571/199 5124/4571/199 5125/4580/199
f 4856/4765/199 4850/4760/199 5152/4760/199 5153/4765/199
f 293/5035/200 294/5035/200 5122/5035/200 5121/5035/200
f 4802/4710/199 4796/4705/199 5143/4705/199 5144/4710/199
f 170/4815/199 4964/4885/199 5171/4885/199 5081/4815/199
f 294/5035/200 295/5035/200 5062/5035/200 5122/5035/200
f 4916/4835/199 4910/4830/199 5162/4830/199 5163/4835/199
f 11/5035/202 296/5035/202 5123/5035/202 5063/5035/202
f 152/4855/199 5000/4925/199 5177/4925/199 5075/4855/199
f 4862/4776/199 188/4775/199 5087/4775/199 5154/4776/199
f 4976/4905/199 4970/4896/199 5172/4896/199 5173/4905/199
f 5012/4946/199 5006/4937/199 5178/4937/199 5179/4946/199
f 4748/4645/199 4742/4640/199 5134/4640/199 5135/4645/199
f 4694/4585/199 4688/4580/199 5125/4580/199 5126/4585/199
f 224/4695/199 4856/4765/199 5153/4765/199 5099/4695/199
f 2/5035/200 146/5035/200 5070/5035/200 5045/5035/200
f 4808/4715/199 4802/4710/199 5144/4710/199 5145/4715/199
f 146/5035/200 147/5035/200 5071/5035/200 5070/5035/200
f 5197/102/200 5265/101/200 5407/101/200 5339/102/200
f 5292/4001/199 5294/4007/199 5436/4007/199 5434/4001/199
f 5231/3763/200 5199/106/200 5341/106/200 5373/3763/200
f 5264/3702/199 5196/3703/199 5338/3703/199 5406/3702/199
f 5293/3983/200 5291/3982/200 5433/3982/200 5435/3983/200
f 5198/3675/199 5230/3676/199 5372/3676/199 5340/3675/199
f 5265/101/200 5263/3798/200 5405/3798/200 5407/101/200
f 5290/3994/199 5292/4001/199 5434/4001/199 5432/3994/199
f 5187/82/200 5325/81/200 5467/81/200 5329/82/200
f 5262/3826/199 5264/3702/199 5406/3702/199 5404/3826/199
f 5291/3982/200 5189/86/200 5331/86/200 5433/3982/200
f 5324/3942/199 5186/3853/199 5328/3853/199 5466/3942/199
f 5263/3798/200 5261/3858/200 5403/3858/200 5405/3798/200
f 5188/3995/199 5290/3994/199 5432/3994/199 5330/3995/199
f 5325/81/200 5323/4018/200 5465/4018/200 5467/81/200
f 5260/3889/199 5262/3826/199 5404/3826/199 5402/3889/199
f 5322/4040/199 5324/3942/199 5466/3942/199 5464/4040/199
f 5261/3858/200 5259/3857/200 5401/3857/200 5403/3858/200
f 5323/4018/200 5321/4068/200 5463/4068/200 5465/4018/200
f 5258/3883/199 5260/3889/199 5402/3889/199 5400/3883/199
f 5184/5035/203 5185/5035/203 5327/5035/203 5326/5035/203
f 5320/4098/199 5322/4040/199 5464/4040/199 5462/4098/199
f 5259/3857/200 5257/3856/200 5399/3856/200 5401/3857/200
f 5203/114/200 5229/113/200 5371/113/200 5345/114/200
f 5321/4068/200 5319/4067/200 5461/4067/200 5463/4068/200
f 5256/3876/199 5258/3883/199 5400/3883/199 5398/3876/199
f 5228/3732/199 5202/3666/199 5344/3666/199 5370/3732/199
f 5318/4092/199 5320/4098/199 5462/4098/199 5460/4092/199
f 5257/3856/200 5255/3855/200 5397/3855/200 5399/3856/200
f 5229/113/200 5227/3709/200 5369/3709/200 5371/113/200
f 5319/4067/200 5317/4066/200 5459/4066/200 5461/4067/200
f 5254/3868/199 5256/3876/199 5398/3876/199 5396/3868/199
f 5193/94/200 5289/93/200 5431/93/200 5335/94/200
f 5226/3731/199 5228/3732/199 5370/3732/199 5368/3731/199
f 5316/4086/199 5318/4092/199 5460/4092/199 5458/4086/199
f 5255/3855/200 5195/98/200 5337/98/200 5397/3855/200
f 5288/3980/199 5192/3761/199 5334/3761/199 5430/3980/199
f 5227/3709/200 5225/3713/200 5367/3713/200 5369/3709/200
f 5317/4066/200 5315/4065/200 5457/4065/200 5459/4066/200
f 5194/3869/199 5254/3868/199 5396/3868/199 5336/3869/199
f 5289/93/200 5287/3944/200 5429/3944/200 5431/93/200
f 5224/3746/199 5226/3731/199 5368/3731/199 5366/3746/199
f 5314/4079/199 5316/4086/199 5458/4086/199 5456/4079/199
f 5286/3668/199 5288/3980/199 5430/3980/199 5428/3668/199
f 5225/3713/200 5223/3712/200 5365/3712/200 5367/3713/200
f 5315/4065/200 5184/4064/200 5326/4064/200 5457/4065/200
f 5287/3944/200 5285/3759/200 5427/3759/200 5429/3944/200
f 5222/3738/199 5224/3746/199 5366/3746/199 5364/3738/199
f 5185/4080/199 5314/4079/199 5456/4079/199 5327/4080/199
f 5284/3667/199 5286/3668/199 5428/3668/199 5426/3667/199
f 5223/3712/200 5221/3711/200 5363/3711/200 5365/3712/200
f 5285/3759/200 5283/3760/200 5425/3760/200 5427/3759/200
f 5220/3730/199 5222/3738/199 5364/3738/199 5362/3730/199
f 5282/3783/199 5284/3667/199 5426/3667/199 5424/3783/199
f 5221/3711/200 5219/3710/200 5361/3710/200 5363/3711/200
f 5283/3760/200 5281/3854/200 5423/3854/200 5425/3760/200
f 5218/3723/199 5220/3730/199 5362/3730/199 5360/3723/199
f 5199/106/200 5253/105/200 5395/105/200 5341/106/200
f 5280/3877/199 5282/3783/199 5424/3783/199 5422/3877/199
f 5219/3710/200 5201/110/200 5343/110/200 5361/3710/200
f 5252/3852/199 5198/3675/199 5340/3675/199 5394/3852/199
f 5281/3854/200 5279/3943/200 5421/3943/200 5423/3854/200
f 5200/3724/199 5218/3723/199 5360/3723/199 5342/3724/199
f 5253/105/200 5251/3815/200 5393/3815/200 5395/105/200
f 5278/3954/199 5280/3877/199 5422/3877/199 5420/3954/199
f 5189/86/200 5313/85/200 5455/85/200 5331/86/200
f 5250/3847/199 5252/3852/199 5394/3852/199 5392/3847/199
f 5279/3943/200 5191/90/200 5333/90/200 5421/3943/200
f 5312/4063/199 5188/3995/199 5330/3995/199 5454/4063/199
f 5251/3815/200 5249/3814/200 5391/3814/200 5393/3815/200
f 5230/3676/199 5232/3782/199 5374/3782/199 5372/3676/199
f 5295/3984/200 5293/3983/200 5435/3983/200 5437/3984/200
f 5233/3764/200 5231/3763/200 5373/3763/200 5375/3764/200
f 5294/4007/199 5296/3981/199 5438/3981/199 5436/4007/199
f 5232/3782/199 5234/3789/199 5376/3789/199 5374/3782/199
f 5297/3965/200 5295/3984/200 5437/3984/200 5439/3965/200
f 5204/5035/204 5205/5035/204 5347/5035/204 5346/5035/204
f 5235/3765/200 5233/3764/200 5375/3764/200 5377/3765/200
f 5296/3981/199 5298/3895/199 5440/3895/199 5438/3981/199
f 5234/3789/199 5236/3797/199 5378/3797/199 5376/3789/199
f 5299/3870/200 5297/3965/200 5439/3965/200 5441/3870/200
f 5237/3766/200 5235/3765/200 5377/3765/200 5379/3766/200
f 5298/3895/199 5300/3805/199 5442/3805/199 5440/3895/199
f 5236/3797/199 5238/3804/199 5380/3804/199 5378/3797/199
f 5301/89/200 5299/3870/200 5441/3870/200 5443/89/200
f 5192/3761/199 5266/3762/199 5408/3762/199 5334/3761/199
f 5239/3767/200 5237/3766/200 5379/3766/200 5381/3767/200
f 5300/3805/199 5190/3806/199 5332/3806/199 5442/3805/199
f 5267/3747/200 5193/94/200 5335/94/200 5409/3747/200
f 5238/3804/199 5240/3811/199 5382/3811/199 5380/3804/199
f 5191/90/200 5301/89/200 5443/89/200 5333/90/200
f 5266/3762/199 5268/3918/199 5410/3918/199 5408/3762/199
f 5241/109/200 5239/3767/200 5381/3767/200 5383/109/200
f 5202/3666/199 5206/3665/199 5348/3665/199 5344/3666/199
f 5269/3900/200 5267/3747/200 5409/3747/200 5411/3900/200
f 5240/3811/199 5200/3724/199 5342/3724/199 5382/3811/199
f 5207/3651/200 5203/114/200 5345/114/200 5349/3651/200
f 5268/3918/199 5270/3924/199 5412/3924/199 5410/3918/199
f 5201/110/200 5241/109/200 5383/109/200 5343/110/200
f 5206/3665/199 5208/3674/199 5350/3674/199 5348/3665/199
f 5271/3901/200 5269/3900/200 5411/3900/200 5413/3901/200
f 5209/3652/200 5207/3651/200 5349/3651/200 5351/3652/200
f 5270/3924/199 5272/3930/199 5414/3930/199 5412/3924/199
f 5208/3674/199 5210/3682/199 5352/3682/199 5350/3674/199
f 5273/3902/200 5271/3901/200 5413/3901/200 5415/3902/200
f 5211/3653/200 5209/3652/200 5351/3652/200 5353/3653/200
f 5272/3930/199 5274/3936/199 5416/3936/199 5414/3930/199
f 5186/3853/199 5302/3753/199 5444/3753/199 5328/3853/199
f 5210/3682/199 5212/3688/199 5354/3688/199 5352/3682/199
f 5275/3903/200 5273/3902/200 5415/3902/200 5417/3903/200
f 5303/3740/200 5187/82/200 5329/82/200 5445/3740/200
f 5213/3654/200 5211/3653/200 5353/3653/200 5355/3654/200
f 5274/3936/199 5276/3941/199 5418/3941/199 5416/3936/199
f 5302/3753/199 5304/3754/199 5446/3754/199 5444/3753/199
f 5212/3688/199 5214/3696/199 5356/3696/199 5354/3688/199
f 5277/97/200 5275/3903/200 5417/3903/200 5419/97/200
f 5196/3703/199 5242/3825/199 5384/3825/199 5338/3703/199
f 5305/3739/200 5303/3740/200 5445/3740/200 5447/3739/200
f 5215/3655/200 5213/3654/200 5355/3654/200 5357/3655/200
f 5276/3941/199 5194/3869/199 5336/3869/199 5418/3941/199
f 5243/3813/200 5197/102/200 5339/102/200 5385/3813/200
f 5304/3754/199 5306/4046/199 5448/4046/199 5446/3754/199
f 5214/3696/199 5216/3701/199 5358/3701/199 5356/3696/199
f 5195/98/200 5277/97/200 5419/97/200 5337/98/200
f 5242/3825/199 5244/3812/199 5386/3812/199 5384/3825/199
f 5307/4023/200 5305/3739/200 5447/3739/200 5449/4023/200
f 5217/117/200 5215/3655/200 5357/3655/200 5359/117/200
f 5245/3791/200 5243/3813/200 5385/3813/200 5387/3791/200
f 5306/4046/199 5308/4052/199 5450/4052/199 5448/4046/199
f 5216/3701/199 5204/3708/199 5346/3708/199 5358/3701/199
f 5244/3812/199 5246/3689/199 5388/3689/199 5386/3812/199
f 5309/4024/200 5307/4023/200 5449/4023/200 5451/4024/200
f 5205/118/200 5217/117/200 5359/117/200 5347/118/200
f 5247/3790/200 5245/3791/200 5387/3791/200 5389/3790/200
f 5308/4052/199 5310/4058/199 5452/4058/199 5450/4052/199
f 5246/3689/199 5248/3690/199 5390/3690/199 5388/3689/199
f 5311/4025/200 5309/4024/200 5451/4024/200 5453/4025/200
f 5249/3814/200 5247/3790/200 5389/3790/200 5391/3814/200
f 5310/4058/199 5312/4063/199 5454/4063/199 5452/4058/199
f 5248/3690/199 5250/3847/199 5392/3847/199 5390/3690/199
f 5313/85/200 5311/4025/200 5453/4025/200 5455/85/200
f 5190/3806/199 5278/3954/199 5420/3954/199 5332/3806/199
