# 3ds Max Wavefront OBJ Exporter v0.99 - (c)2007 guruware
# File Created: 10.09.2023 21:26:02

mtllib Silla Plegable.mtl

#
# object Kitchen_Fold_Chair
#

v  0.2049 0.5404 -0.0810
v  0.2049 0.5428 -0.0835
v  0.2059 0.5432 -0.0826
v  0.2059 0.5413 -0.0806
v  0.2048 0.5463 -0.0836
v  0.2058 0.5460 -0.0827
v  0.2048 0.5487 -0.0814
v  0.2058 0.5479 -0.0810
v  0.2048 0.5489 -0.0780
v  0.2058 0.5480 -0.0783
v  0.2049 0.5465 -0.0755
v  0.2059 0.5461 -0.0763
v  0.2049 0.5430 -0.0754
v  0.2059 0.5434 -0.0763
v  0.2049 0.5406 -0.0776
v  0.2059 0.5414 -0.0780
v  0.2064 0.5467 -0.0804
v  0.2064 0.5455 -0.0815
v  0.2064 0.5468 -0.0788
v  0.2064 0.5456 -0.0775
v  0.2064 0.5438 -0.0775
v  0.2064 0.5426 -0.0786
v  0.2064 0.5425 -0.0802
v  0.2064 0.5438 -0.0814
v  0.2064 0.5438 -0.0813
v  0.2064 0.5427 -0.0801
v  0.2064 0.5455 -0.0814
v  0.2063 0.5466 -0.0804
v  0.2064 0.5467 -0.0788
v  0.2064 0.5455 -0.0776
v  0.2064 0.5439 -0.0776
v  0.2064 0.5427 -0.0786
v  0.2062 0.5438 -0.0813
v  0.2062 0.5427 -0.0801
v  0.2062 0.5455 -0.0814
v  0.2061 0.5466 -0.0804
v  0.2062 0.5467 -0.0788
v  0.2062 0.5455 -0.0776
v  0.2062 0.5439 -0.0776
v  0.2062 0.5427 -0.0786
v  0.2048 0.5467 -0.0788
v  0.2048 0.5466 -0.0803
v  0.2048 0.5455 -0.0776
v  0.2049 0.5438 -0.0776
v  0.2049 0.5427 -0.0786
v  0.2049 0.5426 -0.0801
v  0.2048 0.5438 -0.0813
v  0.2048 0.5455 -0.0814
v  0.2047 0.5467 -0.0788
v  0.2046 0.5466 -0.0803
v  0.2047 0.5455 -0.0776
v  0.2047 0.5438 -0.0776
v  0.2047 0.5427 -0.0786
v  0.2047 0.5426 -0.0801
v  0.2047 0.5438 -0.0813
v  0.2047 0.5455 -0.0814
v  0.2047 0.5439 -0.0811
v  0.2047 0.5428 -0.0801
v  0.2047 0.5454 -0.0812
v  0.2047 0.5464 -0.0803
v  0.2047 0.5465 -0.0789
v  0.2047 0.5454 -0.0778
v  0.2047 0.5439 -0.0778
v  0.2047 0.5429 -0.0787
v  0.2047 0.5441 -0.0806
v  0.2047 0.5433 -0.0799
v  0.2047 0.5452 -0.0807
v  0.2047 0.5459 -0.0800
v  0.2047 0.5460 -0.0791
v  0.2047 0.5452 -0.0783
v  0.2047 0.5441 -0.0783
v  0.2047 0.5434 -0.0789
v  0.2047 0.5446 -0.0795
v  0.2042 0.5475 -0.0808
v  0.2042 0.5476 -0.0785
v  0.2043 0.5435 -0.0767
v  0.2043 0.5418 -0.0782
v  0.2043 0.5435 -0.0766
v  0.2042 0.5458 -0.0823
v  0.2043 0.5417 -0.0805
v  0.2042 0.5459 -0.0767
v  0.2043 0.5459 -0.0767
v  0.2042 0.5434 -0.0822
v  0.2043 0.5434 -0.0822
v  0.1885 0.5415 -0.0803
v  0.1885 0.5431 -0.0821
v  0.1939 0.5432 -0.0821
v  0.1940 0.5416 -0.0804
v  0.1994 0.5433 -0.0822
v  0.1995 0.5417 -0.0804
v  0.1885 0.5433 -0.0766
v  0.1885 0.5416 -0.0781
v  0.1940 0.5417 -0.0781
v  0.1940 0.5433 -0.0766
v  0.1995 0.5417 -0.0782
v  0.1995 0.5434 -0.0766
v  0.1884 0.5455 -0.0822
v  0.1939 0.5456 -0.0822
v  0.1994 0.5457 -0.0822
v  0.1884 0.5472 -0.0806
v  0.1939 0.5473 -0.0807
v  0.1994 0.5474 -0.0807
v  0.1884 0.5473 -0.0784
v  0.1939 0.5474 -0.0784
v  0.1994 0.5475 -0.0784
v  0.1884 0.5457 -0.0766
v  0.1939 0.5457 -0.0767
v  0.1994 0.5458 -0.0767
v  0.1837 0.5484 -0.0779
v  0.1837 0.5482 -0.0811
v  0.1835 0.5482 -0.0811
v  0.1836 0.5484 -0.0779
v  0.1837 0.5459 -0.0833
v  0.1836 0.5459 -0.0833
v  0.1838 0.5425 -0.0832
v  0.1836 0.5425 -0.0832
v  0.1838 0.5402 -0.0807
v  0.1837 0.5402 -0.0807
v  0.1838 0.5404 -0.0775
v  0.1837 0.5404 -0.0775
v  0.1838 0.5427 -0.0754
v  0.1837 0.5427 -0.0754
v  0.1838 0.5461 -0.0755
v  0.1836 0.5461 -0.0755
v  0.1832 0.5430 -0.0760
v  0.1832 0.5410 -0.0778
v  0.1832 0.5458 -0.0761
v  0.1831 0.5477 -0.0781
v  0.1831 0.5476 -0.0808
v  0.1831 0.5456 -0.0826
v  0.1832 0.5428 -0.0825
v  0.1832 0.5409 -0.0805
v  0.1828 0.5464 -0.0803
v  0.1828 0.5464 -0.0786
v  0.1828 0.5452 -0.0814
v  0.1829 0.5433 -0.0813
v  0.1829 0.5421 -0.0800
v  0.1829 0.5422 -0.0784
v  0.1829 0.5434 -0.0773
v  0.1829 0.5452 -0.0773
v  0.1828 0.5451 -0.0812
v  0.1828 0.5463 -0.0802
v  0.1829 0.5434 -0.0812
v  0.1829 0.5423 -0.0800
v  0.1829 0.5423 -0.0784
v  0.1829 0.5435 -0.0774
v  0.1829 0.5452 -0.0774
v  0.1828 0.5463 -0.0787
v  0.1830 0.5423 -0.0800
v  0.1830 0.5434 -0.0812
v  0.1830 0.5423 -0.0784
v  0.1830 0.5435 -0.0774
v  0.1830 0.5452 -0.0774
v  0.1830 0.5463 -0.0787
v  0.1829 0.5463 -0.0802
v  0.1830 0.5451 -0.0812
v  0.1836 0.5434 -0.0812
v  0.1835 0.5451 -0.0812
v  0.1836 0.5423 -0.0800
v  0.1836 0.5423 -0.0784
v  0.1836 0.5435 -0.0774
v  0.1836 0.5452 -0.0774
v  0.1835 0.5463 -0.0787
v  0.1835 0.5463 -0.0802
v  0.1837 0.5451 -0.0812
v  0.1837 0.5463 -0.0802
v  0.1838 0.5434 -0.0812
v  0.1838 0.5423 -0.0800
v  0.1838 0.5423 -0.0784
v  0.1838 0.5435 -0.0774
v  0.1838 0.5452 -0.0774
v  0.1837 0.5463 -0.0787
v  0.1838 0.5425 -0.0799
v  0.1838 0.5435 -0.0810
v  0.1838 0.5425 -0.0785
v  0.1838 0.5436 -0.0776
v  0.1838 0.5451 -0.0777
v  0.1837 0.5461 -0.0787
v  0.1837 0.5460 -0.0801
v  0.1837 0.5450 -0.0810
v  0.1838 0.5438 -0.0803
v  0.1837 0.5448 -0.0803
v  0.1838 0.5432 -0.0796
v  0.1838 0.5432 -0.0788
v  0.1838 0.5438 -0.0783
v  0.1838 0.5448 -0.0783
v  0.1837 0.5454 -0.0790
v  0.1837 0.5454 -0.0798
v  0.1838 0.5443 -0.0793
v  0.1843 0.5414 -0.0803
v  0.1844 0.5415 -0.0780
v  0.1843 0.5415 -0.0780
v  0.1843 0.5414 -0.0780
v  0.1843 0.5413 -0.0803
v  0.1842 0.5471 -0.0806
v  0.1843 0.5454 -0.0821
v  0.1842 0.5455 -0.0821
v  0.1842 0.5455 -0.0822
v  0.1842 0.5472 -0.0806
v  0.1843 0.5432 -0.0765
v  0.1843 0.5431 -0.0764
v  0.1843 0.5472 -0.0783
v  0.1842 0.5472 -0.0783
v  0.1842 0.5473 -0.0783
v  0.1843 0.5430 -0.0820
v  0.1842 0.5430 -0.0821
v  0.1843 0.5456 -0.0766
v  0.1842 0.5456 -0.0766
v  0.1842 0.5456 -0.0765
v  0.1841 0.5459 -0.0833
v  0.1840 0.5482 -0.0811
v  0.1841 0.5482 -0.0811
v  0.1842 0.5459 -0.0833
v  0.1841 0.5481 -0.0811
v  0.1842 0.5458 -0.0832
v  0.1842 0.5427 -0.0754
v  0.1842 0.5404 -0.0775
v  0.1843 0.5404 -0.0775
v  0.1843 0.5427 -0.0754
v  0.1843 0.5405 -0.0776
v  0.1843 0.5428 -0.0755
v  0.1842 0.5402 -0.0807
v  0.1843 0.5402 -0.0807
v  0.1843 0.5403 -0.0807
v  0.1841 0.5484 -0.0779
v  0.1841 0.5461 -0.0755
v  0.1842 0.5461 -0.0755
v  0.1842 0.5484 -0.0779
v  0.1842 0.5460 -0.0756
v  0.1842 0.5483 -0.0779
v  0.1841 0.5425 -0.0832
v  0.1842 0.5425 -0.0832
v  0.1842 0.5426 -0.0831
v  0.2043 0.5464 -0.0756
v  0.2043 0.5431 -0.0754
v  0.2043 0.5430 -0.0754
v  0.2043 0.5465 -0.0755
v  0.2044 0.5430 -0.0754
v  0.2044 0.5465 -0.0755
v  0.2043 0.5428 -0.0834
v  0.2042 0.5462 -0.0835
v  0.2042 0.5463 -0.0836
v  0.2043 0.5428 -0.0835
v  0.2043 0.5463 -0.0836
v  0.2044 0.5428 -0.0835
v  0.2044 0.5404 -0.0810
v  0.2043 0.5404 -0.0810
v  0.2043 0.5405 -0.0809
v  0.2042 0.5487 -0.0813
v  0.2042 0.5488 -0.0780
v  0.2042 0.5489 -0.0780
v  0.2042 0.5487 -0.0814
v  0.2043 0.5489 -0.0780
v  0.2043 0.5487 -0.0814
v  0.2043 0.5406 -0.0776
v  0.2043 0.5405 -0.0776
v  0.2044 0.5405 -0.0776
v  -0.2049 0.5404 -0.0810
v  -0.2059 0.5413 -0.0806
v  -0.2059 0.5432 -0.0826
v  -0.2049 0.5428 -0.0835
v  -0.2058 0.5460 -0.0827
v  -0.2048 0.5463 -0.0836
v  -0.2058 0.5479 -0.0810
v  -0.2048 0.5487 -0.0814
v  -0.2058 0.5480 -0.0783
v  -0.2048 0.5489 -0.0780
v  -0.2059 0.5461 -0.0763
v  -0.2049 0.5465 -0.0755
v  -0.2059 0.5434 -0.0763
v  -0.2049 0.5430 -0.0754
v  -0.2059 0.5414 -0.0780
v  -0.2049 0.5406 -0.0776
v  -0.2064 0.5455 -0.0815
v  -0.2064 0.5467 -0.0804
v  -0.2064 0.5468 -0.0788
v  -0.2064 0.5456 -0.0775
v  -0.2064 0.5438 -0.0775
v  -0.2064 0.5426 -0.0786
v  -0.2064 0.5425 -0.0802
v  -0.2064 0.5438 -0.0814
v  -0.2064 0.5427 -0.0801
v  -0.2064 0.5438 -0.0813
v  -0.2064 0.5455 -0.0814
v  -0.2063 0.5466 -0.0804
v  -0.2064 0.5467 -0.0788
v  -0.2064 0.5455 -0.0776
v  -0.2064 0.5439 -0.0776
v  -0.2064 0.5427 -0.0786
v  -0.2062 0.5427 -0.0801
v  -0.2062 0.5438 -0.0813
v  -0.2062 0.5455 -0.0814
v  -0.2061 0.5466 -0.0804
v  -0.2062 0.5467 -0.0788
v  -0.2062 0.5455 -0.0776
v  -0.2062 0.5439 -0.0776
v  -0.2062 0.5427 -0.0786
v  -0.2048 0.5466 -0.0803
v  -0.2048 0.5467 -0.0788
v  -0.2048 0.5455 -0.0776
v  -0.2049 0.5438 -0.0776
v  -0.2049 0.5427 -0.0786
v  -0.2049 0.5426 -0.0801
v  -0.2048 0.5438 -0.0813
v  -0.2048 0.5455 -0.0814
v  -0.2046 0.5466 -0.0803
v  -0.2047 0.5467 -0.0788
v  -0.2047 0.5455 -0.0776
v  -0.2047 0.5438 -0.0776
v  -0.2047 0.5427 -0.0786
v  -0.2047 0.5426 -0.0801
v  -0.2047 0.5438 -0.0813
v  -0.2047 0.5455 -0.0814
v  -0.2047 0.5428 -0.0801
v  -0.2047 0.5439 -0.0811
v  -0.2047 0.5454 -0.0812
v  -0.2047 0.5464 -0.0803
v  -0.2047 0.5465 -0.0789
v  -0.2047 0.5454 -0.0778
v  -0.2047 0.5439 -0.0778
v  -0.2047 0.5429 -0.0787
v  -0.2047 0.5433 -0.0799
v  -0.2047 0.5441 -0.0806
v  -0.2047 0.5452 -0.0807
v  -0.2047 0.5459 -0.0800
v  -0.2047 0.5460 -0.0791
v  -0.2047 0.5452 -0.0783
v  -0.2047 0.5441 -0.0783
v  -0.2047 0.5434 -0.0789
v  -0.2047 0.5446 -0.0795
v  -0.2042 0.5475 -0.0808
v  -0.2042 0.5476 -0.0785
v  -0.2043 0.5435 -0.0767
v  -0.2043 0.5418 -0.0782
v  -0.2043 0.5435 -0.0766
v  -0.2042 0.5458 -0.0823
v  -0.2043 0.5417 -0.0805
v  -0.2042 0.5459 -0.0767
v  -0.2043 0.5459 -0.0767
v  -0.2042 0.5434 -0.0822
v  -0.2043 0.5434 -0.0822
v  -0.1885 0.5415 -0.0803
v  -0.1940 0.5416 -0.0804
v  -0.1939 0.5432 -0.0821
v  -0.1885 0.5431 -0.0821
v  -0.1995 0.5417 -0.0804
v  -0.1994 0.5433 -0.0822
v  -0.1885 0.5433 -0.0766
v  -0.1940 0.5433 -0.0766
v  -0.1940 0.5417 -0.0781
v  -0.1885 0.5416 -0.0781
v  -0.1995 0.5434 -0.0766
v  -0.1995 0.5417 -0.0782
v  -0.1939 0.5456 -0.0822
v  -0.1884 0.5455 -0.0822
v  -0.1994 0.5457 -0.0822
v  -0.1939 0.5473 -0.0807
v  -0.1884 0.5472 -0.0806
v  -0.1994 0.5474 -0.0807
v  -0.1939 0.5474 -0.0784
v  -0.1884 0.5473 -0.0784
v  -0.1994 0.5475 -0.0784
v  -0.1939 0.5457 -0.0767
v  -0.1884 0.5457 -0.0766
v  -0.1994 0.5458 -0.0767
v  -0.1837 0.5484 -0.0779
v  -0.1836 0.5484 -0.0779
v  -0.1835 0.5482 -0.0811
v  -0.1837 0.5482 -0.0811
v  -0.1836 0.5459 -0.0833
v  -0.1837 0.5459 -0.0833
v  -0.1836 0.5425 -0.0832
v  -0.1838 0.5425 -0.0832
v  -0.1837 0.5402 -0.0807
v  -0.1838 0.5402 -0.0807
v  -0.1837 0.5404 -0.0775
v  -0.1838 0.5404 -0.0775
v  -0.1837 0.5427 -0.0754
v  -0.1838 0.5427 -0.0754
v  -0.1836 0.5461 -0.0755
v  -0.1838 0.5461 -0.0755
v  -0.1832 0.5410 -0.0778
v  -0.1832 0.5430 -0.0760
v  -0.1832 0.5458 -0.0761
v  -0.1831 0.5477 -0.0781
v  -0.1831 0.5476 -0.0808
v  -0.1831 0.5456 -0.0826
v  -0.1832 0.5428 -0.0825
v  -0.1832 0.5409 -0.0805
v  -0.1828 0.5464 -0.0786
v  -0.1828 0.5464 -0.0803
v  -0.1828 0.5452 -0.0814
v  -0.1829 0.5433 -0.0813
v  -0.1829 0.5421 -0.0800
v  -0.1829 0.5422 -0.0784
v  -0.1829 0.5434 -0.0773
v  -0.1829 0.5452 -0.0773
v  -0.1828 0.5463 -0.0802
v  -0.1828 0.5451 -0.0812
v  -0.1829 0.5434 -0.0812
v  -0.1829 0.5423 -0.0800
v  -0.1829 0.5423 -0.0784
v  -0.1829 0.5435 -0.0774
v  -0.1829 0.5452 -0.0774
v  -0.1828 0.5463 -0.0787
v  -0.1830 0.5434 -0.0812
v  -0.1830 0.5423 -0.0800
v  -0.1830 0.5423 -0.0784
v  -0.1830 0.5435 -0.0774
v  -0.1830 0.5452 -0.0774
v  -0.1830 0.5463 -0.0787
v  -0.1829 0.5463 -0.0802
v  -0.1830 0.5451 -0.0812
v  -0.1835 0.5451 -0.0812
v  -0.1836 0.5434 -0.0812
v  -0.1836 0.5423 -0.0800
v  -0.1836 0.5423 -0.0784
v  -0.1836 0.5435 -0.0774
v  -0.1836 0.5452 -0.0774
v  -0.1835 0.5463 -0.0787
v  -0.1835 0.5463 -0.0802
v  -0.1837 0.5463 -0.0802
v  -0.1837 0.5451 -0.0812
v  -0.1838 0.5434 -0.0812
v  -0.1838 0.5423 -0.0800
v  -0.1838 0.5423 -0.0784
v  -0.1838 0.5435 -0.0774
v  -0.1838 0.5452 -0.0774
v  -0.1837 0.5463 -0.0787
v  -0.1838 0.5435 -0.0810
v  -0.1838 0.5425 -0.0799
v  -0.1838 0.5425 -0.0785
v  -0.1838 0.5436 -0.0776
v  -0.1838 0.5451 -0.0777
v  -0.1837 0.5461 -0.0787
v  -0.1837 0.5460 -0.0801
v  -0.1837 0.5450 -0.0810
v  -0.1837 0.5448 -0.0803
v  -0.1838 0.5438 -0.0803
v  -0.1838 0.5432 -0.0796
v  -0.1838 0.5432 -0.0788
v  -0.1838 0.5438 -0.0783
v  -0.1838 0.5448 -0.0783
v  -0.1837 0.5454 -0.0790
v  -0.1837 0.5454 -0.0798
v  -0.1838 0.5443 -0.0793
v  -0.1843 0.5414 -0.0803
v  -0.1843 0.5415 -0.0780
v  -0.1844 0.5415 -0.0780
v  -0.1843 0.5413 -0.0803
v  -0.1843 0.5414 -0.0780
v  -0.1842 0.5471 -0.0806
v  -0.1842 0.5455 -0.0821
v  -0.1843 0.5454 -0.0821
v  -0.1842 0.5472 -0.0806
v  -0.1842 0.5455 -0.0822
v  -0.1843 0.5432 -0.0765
v  -0.1843 0.5431 -0.0764
v  -0.1843 0.5472 -0.0783
v  -0.1842 0.5472 -0.0783
v  -0.1842 0.5473 -0.0783
v  -0.1843 0.5430 -0.0820
v  -0.1842 0.5430 -0.0821
v  -0.1842 0.5456 -0.0766
v  -0.1843 0.5456 -0.0766
v  -0.1842 0.5456 -0.0765
v  -0.1841 0.5459 -0.0833
v  -0.1842 0.5459 -0.0833
v  -0.1841 0.5482 -0.0811
v  -0.1840 0.5482 -0.0811
v  -0.1842 0.5458 -0.0832
v  -0.1841 0.5481 -0.0811
v  -0.1842 0.5427 -0.0754
v  -0.1843 0.5427 -0.0754
v  -0.1843 0.5404 -0.0775
v  -0.1842 0.5404 -0.0775
v  -0.1843 0.5428 -0.0755
v  -0.1843 0.5405 -0.0776
v  -0.1843 0.5402 -0.0807
v  -0.1842 0.5402 -0.0807
v  -0.1843 0.5403 -0.0807
v  -0.1841 0.5484 -0.0779
v  -0.1842 0.5484 -0.0779
v  -0.1842 0.5461 -0.0755
v  -0.1841 0.5461 -0.0755
v  -0.1842 0.5483 -0.0779
v  -0.1842 0.5460 -0.0756
v  -0.1841 0.5425 -0.0832
v  -0.1842 0.5425 -0.0832
v  -0.1842 0.5426 -0.0831
v  -0.2043 0.5464 -0.0756
v  -0.2043 0.5465 -0.0755
v  -0.2043 0.5430 -0.0754
v  -0.2043 0.5431 -0.0754
v  -0.2044 0.5465 -0.0755
v  -0.2044 0.5430 -0.0754
v  -0.2043 0.5428 -0.0834
v  -0.2043 0.5428 -0.0835
v  -0.2042 0.5463 -0.0836
v  -0.2042 0.5462 -0.0835
v  -0.2044 0.5428 -0.0835
v  -0.2043 0.5463 -0.0836
v  -0.2043 0.5404 -0.0810
v  -0.2044 0.5404 -0.0810
v  -0.2043 0.5405 -0.0809
v  -0.2042 0.5487 -0.0813
v  -0.2042 0.5487 -0.0814
v  -0.2042 0.5489 -0.0780
v  -0.2042 0.5488 -0.0780
v  -0.2043 0.5487 -0.0814
v  -0.2043 0.5489 -0.0780
v  -0.2043 0.5405 -0.0776
v  -0.2043 0.5406 -0.0776
v  -0.2044 0.5405 -0.0776
v  0.1850 0.4205 -0.0212
v  0.1850 0.4204 -0.0235
v  0.1849 0.4204 -0.0235
v  0.1849 0.4205 -0.0212
v  0.1850 0.4187 -0.0250
v  0.1849 0.4187 -0.0250
v  0.1850 0.4163 -0.0249
v  0.1849 0.4163 -0.0249
v  0.1850 0.4147 -0.0232
v  0.1849 0.4147 -0.0232
v  0.1850 0.4148 -0.0209
v  0.1849 0.4148 -0.0209
v  0.1850 0.4164 -0.0194
v  0.1849 0.4164 -0.0194
v  0.1850 0.4189 -0.0195
v  0.1849 0.4189 -0.0195
v  0.1849 0.4202 -0.0234
v  0.1849 0.4202 -0.0213
v  0.1849 0.4186 -0.0248
v  0.1849 0.4164 -0.0247
v  0.1849 0.4149 -0.0231
v  0.1849 0.4150 -0.0211
v  0.1849 0.4165 -0.0197
v  0.1849 0.4187 -0.0198
v  0.1849 0.4175 -0.0222
v  0.2096 0.4133 -0.0237
v  0.2096 0.4158 -0.0262
v  0.2106 0.4161 -0.0254
v  0.2106 0.4142 -0.0234
v  0.2096 0.4192 -0.0263
v  0.2106 0.4189 -0.0254
v  0.2096 0.4217 -0.0241
v  0.2106 0.4208 -0.0237
v  0.2096 0.4218 -0.0207
v  0.2106 0.4209 -0.0211
v  0.2096 0.4194 -0.0182
v  0.2106 0.4190 -0.0191
v  0.2096 0.4160 -0.0181
v  0.2106 0.4163 -0.0190
v  0.2096 0.4135 -0.0203
v  0.2106 0.4144 -0.0207
v  0.2111 0.4197 -0.0231
v  0.2111 0.4184 -0.0242
v  0.2111 0.4197 -0.0215
v  0.2111 0.4185 -0.0203
v  0.2111 0.4167 -0.0202
v  0.2111 0.4155 -0.0213
v  0.2111 0.4155 -0.0229
v  0.2111 0.4167 -0.0242
v  0.2111 0.4167 -0.0241
v  0.2111 0.4156 -0.0229
v  0.2111 0.4184 -0.0241
v  0.2111 0.4195 -0.0231
v  0.2111 0.4196 -0.0216
v  0.2111 0.4185 -0.0204
v  0.2111 0.4168 -0.0203
v  0.2111 0.4156 -0.0213
v  0.2109 0.4167 -0.0241
v  0.2109 0.4156 -0.0229
v  0.2109 0.4184 -0.0241
v  0.2109 0.4195 -0.0231
v  0.2109 0.4196 -0.0216
v  0.2109 0.4185 -0.0204
v  0.2109 0.4168 -0.0203
v  0.2109 0.4156 -0.0213
v  0.2096 0.4196 -0.0216
v  0.2096 0.4195 -0.0231
v  0.2096 0.4185 -0.0204
v  0.2096 0.4168 -0.0203
v  0.2096 0.4156 -0.0213
v  0.2096 0.4156 -0.0229
v  0.2096 0.4167 -0.0241
v  0.2096 0.4184 -0.0241
v  0.2094 0.4196 -0.0216
v  0.2094 0.4195 -0.0231
v  0.2094 0.4185 -0.0204
v  0.2094 0.4168 -0.0203
v  0.2094 0.4156 -0.0213
v  0.2094 0.4156 -0.0229
v  0.2094 0.4167 -0.0241
v  0.2094 0.4184 -0.0241
v  0.2094 0.4168 -0.0239
v  0.2094 0.4158 -0.0228
v  0.2094 0.4183 -0.0239
v  0.2094 0.4194 -0.0230
v  0.2094 0.4194 -0.0216
v  0.2094 0.4184 -0.0205
v  0.2094 0.4168 -0.0205
v  0.2094 0.4158 -0.0214
v  0.2094 0.4170 -0.0234
v  0.2094 0.4163 -0.0226
v  0.2094 0.4181 -0.0234
v  0.2094 0.4189 -0.0228
v  0.2094 0.4189 -0.0218
v  0.2094 0.4182 -0.0210
v  0.2094 0.4170 -0.0210
v  0.2094 0.4163 -0.0217
v  0.2094 0.4176 -0.0222
v  0.2089 0.4148 -0.0209
v  0.2089 0.4147 -0.0232
v  0.2090 0.4146 -0.0232
v  0.2090 0.4147 -0.0209
v  0.2089 0.4205 -0.0212
v  0.2089 0.4189 -0.0195
v  0.2090 0.4189 -0.0195
v  0.2090 0.4205 -0.0212
v  0.2090 0.4189 -0.0194
v  0.2090 0.4206 -0.0212
v  0.2089 0.4164 -0.0194
v  0.2090 0.4164 -0.0194
v  0.2090 0.4164 -0.0193
v  0.2089 0.4163 -0.0249
v  0.2089 0.4187 -0.0250
v  0.2090 0.4187 -0.0250
v  0.2090 0.4163 -0.0250
v  0.2090 0.4188 -0.0251
v  0.2089 0.4204 -0.0235
v  0.2090 0.4204 -0.0235
v  0.2090 0.4205 -0.0235
v  0.1917 0.4187 -0.0250
v  0.1917 0.4204 -0.0235
v  0.1974 0.4204 -0.0235
v  0.1974 0.4187 -0.0250
v  0.2030 0.4204 -0.0235
v  0.2030 0.4187 -0.0250
v  0.1917 0.4163 -0.0249
v  0.1974 0.4163 -0.0249
v  0.2030 0.4163 -0.0249
v  0.1917 0.4147 -0.0232
v  0.1974 0.4147 -0.0232
v  0.2030 0.4147 -0.0232
v  0.1917 0.4205 -0.0212
v  0.1974 0.4205 -0.0212
v  0.2030 0.4205 -0.0212
v  0.1917 0.4148 -0.0209
v  0.1974 0.4148 -0.0209
v  0.2030 0.4148 -0.0209
v  0.1917 0.4164 -0.0194
v  0.1974 0.4164 -0.0194
v  0.2030 0.4164 -0.0194
v  0.1917 0.4189 -0.0195
v  0.1974 0.4189 -0.0195
v  0.2030 0.4189 -0.0195
v  0.2091 0.4133 -0.0237
v  0.2091 0.4135 -0.0203
v  0.2090 0.4135 -0.0203
v  0.2090 0.4133 -0.0237
v  0.2090 0.4136 -0.0204
v  0.2090 0.4134 -0.0237
v  0.2091 0.4217 -0.0241
v  0.2091 0.4192 -0.0263
v  0.2090 0.4192 -0.0263
v  0.2090 0.4217 -0.0241
v  0.2090 0.4192 -0.0262
v  0.2090 0.4216 -0.0241
v  0.2091 0.4160 -0.0181
v  0.2090 0.4160 -0.0181
v  0.2090 0.4160 -0.0182
v  0.2091 0.4218 -0.0207
v  0.2090 0.4218 -0.0207
v  0.2090 0.4217 -0.0208
v  0.2091 0.4158 -0.0262
v  0.2090 0.4157 -0.0262
v  0.2090 0.4158 -0.0261
v  0.2091 0.4194 -0.0182
v  0.2090 0.4194 -0.0182
v  0.2090 0.4194 -0.0183
v  -0.1850 0.4205 -0.0212
v  -0.1849 0.4205 -0.0212
v  -0.1849 0.4204 -0.0235
v  -0.1850 0.4204 -0.0235
v  -0.1849 0.4187 -0.0250
v  -0.1850 0.4187 -0.0250
v  -0.1849 0.4163 -0.0249
v  -0.1850 0.4163 -0.0249
v  -0.1849 0.4147 -0.0232
v  -0.1850 0.4147 -0.0232
v  -0.1849 0.4148 -0.0209
v  -0.1850 0.4148 -0.0209
v  -0.1849 0.4164 -0.0194
v  -0.1850 0.4164 -0.0194
v  -0.1849 0.4189 -0.0195
v  -0.1850 0.4189 -0.0195
v  -0.1849 0.4202 -0.0213
v  -0.1849 0.4202 -0.0234
v  -0.1849 0.4186 -0.0248
v  -0.1849 0.4164 -0.0247
v  -0.1849 0.4149 -0.0231
v  -0.1849 0.4150 -0.0211
v  -0.1849 0.4165 -0.0197
v  -0.1849 0.4187 -0.0198
v  -0.1849 0.4175 -0.0222
v  -0.2096 0.4133 -0.0237
v  -0.2106 0.4142 -0.0234
v  -0.2106 0.4161 -0.0254
v  -0.2096 0.4158 -0.0262
v  -0.2106 0.4189 -0.0254
v  -0.2096 0.4192 -0.0263
v  -0.2106 0.4208 -0.0237
v  -0.2096 0.4217 -0.0241
v  -0.2106 0.4209 -0.0211
v  -0.2096 0.4218 -0.0207
v  -0.2106 0.4190 -0.0191
v  -0.2096 0.4194 -0.0182
v  -0.2106 0.4163 -0.0190
v  -0.2096 0.4160 -0.0181
v  -0.2106 0.4144 -0.0207
v  -0.2096 0.4135 -0.0203
v  -0.2111 0.4184 -0.0242
v  -0.2111 0.4197 -0.0231
v  -0.2111 0.4197 -0.0215
v  -0.2111 0.4185 -0.0203
v  -0.2111 0.4167 -0.0202
v  -0.2111 0.4155 -0.0213
v  -0.2111 0.4155 -0.0229
v  -0.2111 0.4167 -0.0242
v  -0.2111 0.4156 -0.0229
v  -0.2111 0.4167 -0.0241
v  -0.2111 0.4184 -0.0241
v  -0.2111 0.4195 -0.0231
v  -0.2111 0.4196 -0.0216
v  -0.2111 0.4185 -0.0204
v  -0.2111 0.4168 -0.0203
v  -0.2111 0.4156 -0.0213
v  -0.2109 0.4156 -0.0229
v  -0.2109 0.4167 -0.0241
v  -0.2109 0.4184 -0.0241
v  -0.2109 0.4195 -0.0231
v  -0.2109 0.4196 -0.0216
v  -0.2109 0.4185 -0.0204
v  -0.2109 0.4168 -0.0203
v  -0.2109 0.4156 -0.0213
v  -0.2096 0.4195 -0.0231
v  -0.2096 0.4196 -0.0216
v  -0.2096 0.4185 -0.0204
v  -0.2096 0.4168 -0.0203
v  -0.2096 0.4156 -0.0213
v  -0.2096 0.4156 -0.0229
v  -0.2096 0.4167 -0.0241
v  -0.2096 0.4184 -0.0241
v  -0.2094 0.4195 -0.0231
v  -0.2094 0.4196 -0.0216
v  -0.2094 0.4185 -0.0204
v  -0.2094 0.4168 -0.0203
v  -0.2094 0.4156 -0.0213
v  -0.2094 0.4156 -0.0229
v  -0.2094 0.4167 -0.0241
v  -0.2094 0.4184 -0.0241
v  -0.2094 0.4158 -0.0228
v  -0.2094 0.4168 -0.0239
v  -0.2094 0.4183 -0.0239
v  -0.2094 0.4194 -0.0230
v  -0.2094 0.4194 -0.0216
v  -0.2094 0.4184 -0.0205
v  -0.2094 0.4168 -0.0205
v  -0.2094 0.4158 -0.0214
v  -0.2094 0.4163 -0.0226
v  -0.2094 0.4170 -0.0234
v  -0.2094 0.4181 -0.0234
v  -0.2094 0.4189 -0.0228
v  -0.2094 0.4189 -0.0218
v  -0.2094 0.4182 -0.0210
v  -0.2094 0.4170 -0.0210
v  -0.2094 0.4163 -0.0217
v  -0.2094 0.4176 -0.0222
v  -0.2089 0.4148 -0.0209
v  -0.2090 0.4147 -0.0209
v  -0.2090 0.4146 -0.0232
v  -0.2089 0.4147 -0.0232
v  -0.2089 0.4205 -0.0212
v  -0.2090 0.4205 -0.0212
v  -0.2090 0.4189 -0.0195
v  -0.2089 0.4189 -0.0195
v  -0.2090 0.4206 -0.0212
v  -0.2090 0.4189 -0.0194
v  -0.2090 0.4164 -0.0194
v  -0.2089 0.4164 -0.0194
v  -0.2090 0.4164 -0.0193
v  -0.2089 0.4163 -0.0249
v  -0.2090 0.4163 -0.0250
v  -0.2090 0.4187 -0.0250
v  -0.2089 0.4187 -0.0250
v  -0.2090 0.4188 -0.0251
v  -0.2089 0.4204 -0.0235
v  -0.2090 0.4204 -0.0235
v  -0.2090 0.4205 -0.0235
v  -0.1917 0.4187 -0.0250
v  -0.1974 0.4187 -0.0250
v  -0.1974 0.4204 -0.0235
v  -0.1917 0.4204 -0.0235
v  -0.2030 0.4187 -0.0250
v  -0.2030 0.4204 -0.0235
v  -0.1917 0.4163 -0.0249
v  -0.1974 0.4163 -0.0249
v  -0.2030 0.4163 -0.0249
v  -0.1917 0.4147 -0.0232
v  -0.1974 0.4147 -0.0232
v  -0.2030 0.4147 -0.0232
v  -0.1974 0.4205 -0.0212
v  -0.1917 0.4205 -0.0212
v  -0.2030 0.4205 -0.0212
v  -0.1917 0.4148 -0.0209
v  -0.1974 0.4148 -0.0209
v  -0.2030 0.4148 -0.0209
v  -0.1917 0.4164 -0.0194
v  -0.1974 0.4164 -0.0194
v  -0.2030 0.4164 -0.0194
v  -0.1917 0.4189 -0.0195
v  -0.1974 0.4189 -0.0195
v  -0.2030 0.4189 -0.0195
v  -0.2091 0.4133 -0.0237
v  -0.2090 0.4133 -0.0237
v  -0.2090 0.4135 -0.0203
v  -0.2091 0.4135 -0.0203
v  -0.2090 0.4134 -0.0237
v  -0.2090 0.4136 -0.0204
v  -0.2091 0.4217 -0.0241
v  -0.2090 0.4217 -0.0241
v  -0.2090 0.4192 -0.0263
v  -0.2091 0.4192 -0.0263
v  -0.2090 0.4216 -0.0241
v  -0.2090 0.4192 -0.0262
v  -0.2090 0.4160 -0.0181
v  -0.2091 0.4160 -0.0181
v  -0.2090 0.4160 -0.0182
v  -0.2091 0.4218 -0.0207
v  -0.2090 0.4218 -0.0207
v  -0.2090 0.4217 -0.0208
v  -0.2091 0.4158 -0.0262
v  -0.2090 0.4157 -0.0262
v  -0.2090 0.4158 -0.0261
v  -0.2090 0.4194 -0.0182
v  -0.2091 0.4194 -0.0182
v  -0.2090 0.4194 -0.0183
v  0.1349 0.1006 -0.1980
v  0.0676 0.1006 -0.1980
v  0.0677 0.0978 -0.2046
v  0.1350 0.0978 -0.2046
v  0.0000 0.1006 -0.1980
v  0.0000 0.0978 -0.2046
v  -0.0676 0.1006 -0.1980
v  -0.0677 0.0978 -0.2046
v  -0.1349 0.1006 -0.1980
v  -0.1350 0.0978 -0.2046
v  0.0676 0.1006 -0.2113
v  0.1349 0.1006 -0.2113
v  0.0000 0.1006 -0.2113
v  -0.0676 0.1006 -0.2113
v  -0.1349 0.1006 -0.2113
v  0.0673 0.1072 -0.2140
v  0.1347 0.1072 -0.2140
v  0.0000 0.1072 -0.2140
v  -0.0673 0.1072 -0.2140
v  -0.1347 0.1072 -0.2140
v  0.0671 0.1138 -0.2113
v  0.1344 0.1138 -0.2113
v  0.0000 0.1138 -0.2113
v  -0.0671 0.1138 -0.2113
v  -0.1344 0.1138 -0.2113
v  0.0670 0.1166 -0.2046
v  0.1343 0.1166 -0.2046
v  0.0000 0.1166 -0.2046
v  -0.0670 0.1166 -0.2046
v  -0.1343 0.1166 -0.2046
v  0.0671 0.1138 -0.1980
v  0.1344 0.1138 -0.1980
v  0.0000 0.1138 -0.1980
v  -0.0671 0.1138 -0.1980
v  -0.1344 0.1138 -0.1980
v  0.0673 0.1072 -0.1953
v  0.1347 0.1072 -0.1953
v  0.0000 0.1072 -0.1953
v  -0.0673 0.1072 -0.1953
v  -0.1347 0.1072 -0.1953
v  0.2012 0.1006 -0.1980
v  0.2013 0.0978 -0.2046
v  -0.2013 0.0978 -0.2046
v  -0.2012 0.1006 -0.1980
v  0.2012 0.1006 -0.2113
v  -0.2012 0.1006 -0.2113
v  0.2010 0.1072 -0.2140
v  -0.2010 0.1072 -0.2140
v  0.2007 0.1138 -0.2113
v  -0.2007 0.1138 -0.2113
v  0.2006 0.1166 -0.2046
v  -0.2006 0.1166 -0.2046
v  0.2007 0.1138 -0.1980
v  -0.2007 0.1138 -0.1980
v  0.2010 0.1072 -0.1953
v  -0.2010 0.1072 -0.1953
v  0.2101 0.0089 -0.2338
v  0.2101 0.0465 -0.2253
v  0.2130 0.0450 -0.2185
v  0.2130 0.0089 -0.2265
v  0.2101 0.0998 -0.2134
v  0.2130 0.0982 -0.2065
v  0.2101 0.1531 -0.2015
v  0.2130 0.1515 -0.1946
v  0.2101 0.2063 -0.1896
v  0.2130 0.2048 -0.1827
v  0.2101 0.2596 -0.1777
v  0.2130 0.2581 -0.1708
v  0.2101 0.3129 -0.1657
v  0.2130 0.3114 -0.1588
v  0.2101 0.3662 -0.1538
v  0.2130 0.3646 -0.1469
v  0.2101 0.4195 -0.1419
v  0.2130 0.4179 -0.1350
v  0.2053 0.4727 -0.1299
v  0.2085 0.4712 -0.1230
v  0.1970 0.5152 -0.1203
v  0.2002 0.5136 -0.1134
v  0.1930 0.0089 -0.2265
v  0.1930 0.0450 -0.2185
v  0.1959 0.0465 -0.2253
v  0.1959 0.0089 -0.2338
v  0.1930 0.0982 -0.2065
v  0.1959 0.0998 -0.2134
v  0.1930 0.1515 -0.1946
v  0.1959 0.1531 -0.2015
v  0.1930 0.2048 -0.1827
v  0.1959 0.2063 -0.1896
v  0.1930 0.2581 -0.1708
v  0.1959 0.2596 -0.1777
v  0.1930 0.3114 -0.1588
v  0.1959 0.3129 -0.1657
v  0.1930 0.3646 -0.1469
v  0.1959 0.3662 -0.1538
v  0.1930 0.4179 -0.1350
v  0.1959 0.4195 -0.1419
v  0.1885 0.4712 -0.1230
v  0.1911 0.4727 -0.1299
v  0.1803 0.5136 -0.1134
v  0.1829 0.5152 -0.1203
v  0.2030 0.0089 -0.2368
v  0.2030 0.0471 -0.2282
v  0.2030 0.1004 -0.2163
v  0.2030 0.1537 -0.2044
v  0.2030 0.2070 -0.1924
v  0.2030 0.2603 -0.1805
v  0.2030 0.3135 -0.1686
v  0.2030 0.3668 -0.1567
v  0.2030 0.4201 -0.1448
v  0.1981 0.4734 -0.1328
v  0.1898 0.5158 -0.1231
v  0.2101 0.0434 -0.2116
v  0.2101 0.0088 -0.2193
v  0.2101 0.0967 -0.1996
v  0.2101 0.1500 -0.1877
v  0.2101 0.2033 -0.1758
v  0.2101 0.2565 -0.1639
v  0.2101 0.3098 -0.1520
v  0.2101 0.3631 -0.1400
v  0.2101 0.4164 -0.1281
v  0.2058 0.4696 -0.1161
v  0.1976 0.5121 -0.1065
v  0.2030 0.0428 -0.2087
v  0.2030 0.0088 -0.2163
v  0.2030 0.0961 -0.1968
v  0.2030 0.1493 -0.1849
v  0.2030 0.2026 -0.1729
v  0.2030 0.2559 -0.1610
v  0.2030 0.3092 -0.1491
v  0.2030 0.3625 -0.1372
v  0.2030 0.4157 -0.1253
v  0.1989 0.4690 -0.1133
v  0.1907 0.5115 -0.1036
v  0.1959 0.0434 -0.2116
v  0.1959 0.0088 -0.2193
v  0.1959 0.0967 -0.1996
v  0.1959 0.1500 -0.1877
v  0.1959 0.2033 -0.1758
v  0.1959 0.2565 -0.1639
v  0.1959 0.3098 -0.1520
v  0.1959 0.3631 -0.1400
v  0.1959 0.4164 -0.1281
v  0.1917 0.4696 -0.1161
v  0.1835 0.5121 -0.1065
v  0.1844 0.5301 -0.0880
v  0.1828 0.5358 -0.0922
v  0.1828 0.5329 -0.0965
v  0.1844 0.5272 -0.0922
v  0.1878 0.5300 -0.0879
v  0.1865 0.5277 -0.0862
v  0.1865 0.5248 -0.0905
v  0.1879 0.5271 -0.0922
v  0.1826 0.5415 -0.0965
v  0.1826 0.5385 -0.1007
v  0.1839 0.5438 -0.0982
v  0.1840 0.5409 -0.1025
v  0.1860 0.5414 -0.0964
v  0.1860 0.5385 -0.1007
v  0.1876 0.5357 -0.0922
v  0.1877 0.5328 -0.0964
v  0.1935 0.5231 -0.1142
v  0.1963 0.5202 -0.1082
v  0.1811 0.5202 -0.1082
v  0.1828 0.5231 -0.1142
v  0.1879 0.5243 -0.1167
v  0.1946 0.5174 -0.1021
v  0.1894 0.5162 -0.0996
v  0.1838 0.5174 -0.1021
v  0.1890 0.5257 -0.0941
v  0.1891 0.5308 -0.0986
v  0.1846 0.5383 -0.1051
v  0.1827 0.5362 -0.1033
v  0.1873 0.5361 -0.1032
v  0.1843 0.5258 -0.0941
v  0.1870 0.5236 -0.0922
v  0.1825 0.5310 -0.0987
v  0.1888 0.5482 -0.0726
v  0.1888 0.5480 -0.0731
v  0.1877 0.5543 -0.0765
v  0.1877 0.5546 -0.0761
v  0.1844 0.5549 -0.0762
v  0.1844 0.5547 -0.0767
v  0.1840 0.5484 -0.0733
v  0.1840 0.5487 -0.0728
v  0.1859 0.5571 -0.0780
v  0.1859 0.5573 -0.0775
v  0.1884 0.5420 -0.0693
v  0.1884 0.5418 -0.0698
v  0.1869 0.5396 -0.0679
v  0.1869 0.5393 -0.0684
v  0.1850 0.5423 -0.0694
v  0.1850 0.5421 -0.0699
v  0.1882 0.5420 -0.0693
v  0.1869 0.5400 -0.0682
v  0.1885 0.5482 -0.0727
v  0.1875 0.5545 -0.0760
v  0.1859 0.5569 -0.0773
v  0.1846 0.5548 -0.0762
v  0.1843 0.5487 -0.0729
v  0.1853 0.5424 -0.0695
v  0.1867 0.5430 -0.0698
v  0.1864 0.5484 -0.0728
v  0.1861 0.5538 -0.0757
v  0.1880 0.5401 -0.0854
v  0.1866 0.5460 -0.0894
v  0.1832 0.5461 -0.0894
v  0.1832 0.5403 -0.0855
v  0.1872 0.5503 -0.0827
v  0.1846 0.5485 -0.0910
v  0.1853 0.5530 -0.0843
v  0.1880 0.5342 -0.0815
v  0.1838 0.5506 -0.0828
v  0.1868 0.5357 -0.0739
v  0.1866 0.5318 -0.0799
v  0.1882 0.5381 -0.0754
v  0.1849 0.5384 -0.0755
v  0.1846 0.5344 -0.0815
v  0.1887 0.5476 -0.0737
v  0.1877 0.5539 -0.0772
v  0.1843 0.5543 -0.0773
v  0.1840 0.5480 -0.0739
v  0.1859 0.5567 -0.0786
v  0.1884 0.5414 -0.0703
v  0.1869 0.5390 -0.0690
v  0.1850 0.5417 -0.0705
v  0.1842 0.5492 -0.0785
v  0.1842 0.5472 -0.0755
v  0.1842 0.5485 -0.0821
v  0.1842 0.5455 -0.0842
v  0.1842 0.5419 -0.0835
v  0.1842 0.5399 -0.0804
v  0.1842 0.5406 -0.0768
v  0.1842 0.5436 -0.0748
v  0.1842 0.5439 -0.0764
v  0.1842 0.5419 -0.0777
v  0.1842 0.5463 -0.0768
v  0.1842 0.5476 -0.0788
v  0.1842 0.5472 -0.0812
v  0.1842 0.5452 -0.0826
v  0.1842 0.5428 -0.0821
v  0.1842 0.5414 -0.0801
v  0.1842 0.5451 -0.0823
v  0.1842 0.5469 -0.0810
v  0.1842 0.5430 -0.0818
v  0.1842 0.5418 -0.0800
v  0.1842 0.5422 -0.0779
v  0.1842 0.5440 -0.0767
v  0.1842 0.5461 -0.0771
v  0.1842 0.5473 -0.0789
v  0.1846 0.5451 -0.0823
v  0.1846 0.5469 -0.0810
v  0.1846 0.5430 -0.0818
v  0.1846 0.5418 -0.0800
v  0.1846 0.5422 -0.0779
v  0.1846 0.5440 -0.0767
v  0.1846 0.5461 -0.0771
v  0.1846 0.5473 -0.0789
v  0.1878 0.5406 -0.0768
v  0.1878 0.5419 -0.0777
v  0.1878 0.5439 -0.0764
v  0.1878 0.5436 -0.0748
v  0.1878 0.5463 -0.0768
v  0.1878 0.5472 -0.0755
v  0.1878 0.5476 -0.0788
v  0.1878 0.5492 -0.0785
v  0.1878 0.5472 -0.0812
v  0.1878 0.5485 -0.0821
v  0.1878 0.5452 -0.0826
v  0.1878 0.5455 -0.0842
v  0.1878 0.5428 -0.0821
v  0.1878 0.5419 -0.0835
v  0.1878 0.5414 -0.0801
v  0.1878 0.5399 -0.0804
v  0.1878 0.5469 -0.0810
v  0.1878 0.5451 -0.0823
v  0.1878 0.5430 -0.0818
v  0.1878 0.5418 -0.0800
v  0.1878 0.5422 -0.0779
v  0.1878 0.5440 -0.0767
v  0.1878 0.5461 -0.0771
v  0.1878 0.5473 -0.0789
v  0.1874 0.5469 -0.0810
v  0.1874 0.5451 -0.0823
v  0.1874 0.5430 -0.0818
v  0.1874 0.5418 -0.0800
v  0.1874 0.5422 -0.0779
v  0.1874 0.5440 -0.0767
v  0.1874 0.5461 -0.0771
v  0.1874 0.5473 -0.0789
v  0.1349 0.1181 0.1168
v  0.0676 0.1181 0.1168
v  0.0677 0.1153 0.1102
v  0.1350 0.1153 0.1102
v  0.0000 0.1181 0.1168
v  0.0000 0.1153 0.1102
v  -0.0676 0.1181 0.1168
v  -0.0677 0.1153 0.1102
v  -0.1349 0.1181 0.1168
v  -0.1350 0.1153 0.1102
v  0.0676 0.1181 0.1035
v  0.1349 0.1181 0.1035
v  0.0000 0.1181 0.1035
v  -0.0676 0.1181 0.1035
v  -0.1349 0.1181 0.1035
v  0.0673 0.1247 0.1008
v  0.1347 0.1247 0.1008
v  0.0000 0.1247 0.1008
v  -0.0673 0.1247 0.1008
v  -0.1347 0.1247 0.1008
v  0.0671 0.1313 0.1035
v  0.1344 0.1313 0.1035
v  0.0000 0.1313 0.1035
v  -0.0671 0.1313 0.1035
v  -0.1344 0.1313 0.1035
v  0.0670 0.1341 0.1102
v  0.1343 0.1341 0.1102
v  0.0000 0.1341 0.1102
v  -0.0670 0.1341 0.1102
v  -0.1343 0.1341 0.1102
v  0.0671 0.1313 0.1168
v  0.1344 0.1313 0.1168
v  0.0000 0.1313 0.1168
v  -0.0671 0.1313 0.1168
v  -0.1344 0.1313 0.1168
v  0.0673 0.1247 0.1195
v  0.1347 0.1247 0.1195
v  0.0000 0.1247 0.1195
v  -0.0673 0.1247 0.1195
v  -0.1347 0.1247 0.1195
v  0.2012 0.1181 0.1168
v  0.2013 0.1153 0.1102
v  -0.2013 0.1153 0.1102
v  -0.2012 0.1181 0.1168
v  0.2012 0.1181 0.1035
v  -0.2012 0.1181 0.1035
v  0.2010 0.1247 0.1008
v  -0.2010 0.1247 0.1008
v  0.2007 0.1313 0.1035
v  -0.2007 0.1313 0.1035
v  0.2006 0.1341 0.1102
v  -0.2006 0.1341 0.1102
v  0.2007 0.1313 0.1168
v  -0.2007 0.1313 0.1168
v  0.2010 0.1247 0.1195
v  -0.2010 0.1247 0.1195
v  0.2005 0.6910 -0.1461
v  0.1974 0.6938 -0.1397
v  0.1996 0.6558 -0.1225
v  0.2026 0.6530 -0.1289
v  0.1904 0.6948 -0.1370
v  0.1925 0.6569 -0.1198
v  0.1833 0.6935 -0.1396
v  0.1855 0.6555 -0.1224
v  0.1805 0.6905 -0.1461
v  0.1827 0.6525 -0.1289
v  0.1836 0.6877 -0.1525
v  0.1857 0.6497 -0.1353
v  0.1907 0.6866 -0.1552
v  0.1928 0.6486 -0.1380
v  0.1977 0.6880 -0.1525
v  0.1998 0.6500 -0.1353
v  0.2021 0.6015 -0.0978
v  0.2051 0.5987 -0.1042
v  0.1950 0.6025 -0.0951
v  0.1880 0.6012 -0.0978
v  0.1852 0.5982 -0.1042
v  0.1882 0.5954 -0.1106
v  0.1953 0.5943 -0.1133
v  0.2023 0.5957 -0.1107
v  0.2130 0.3606 0.0036
v  0.2101 0.3635 0.0100
v  0.2101 0.3296 0.0254
v  0.2130 0.3267 0.0190
v  0.2030 0.3647 0.0127
v  0.2030 0.3308 0.0281
v  0.1960 0.3635 0.0101
v  0.1959 0.3296 0.0254
v  0.1930 0.3605 0.0036
v  0.1930 0.3267 0.0190
v  0.1960 0.3576 -0.0028
v  0.1959 0.3238 0.0125
v  0.2030 0.3564 -0.0055
v  0.2030 0.3226 0.0099
v  0.2101 0.3576 -0.0028
v  0.2101 0.3238 0.0125
v  0.2101 0.2753 0.0500
v  0.2130 0.2724 0.0436
v  0.2030 0.2765 0.0527
v  0.1959 0.2753 0.0500
v  0.1930 0.2724 0.0436
v  0.1959 0.2694 0.0372
v  0.2030 0.2682 0.0345
v  0.2101 0.2694 0.0372
v  0.2101 0.2209 0.0747
v  0.2130 0.2180 0.0682
v  0.2030 0.2221 0.0773
v  0.1959 0.2209 0.0747
v  0.1930 0.2180 0.0682
v  0.1959 0.2151 0.0618
v  0.2030 0.2139 0.0591
v  0.2101 0.2151 0.0618
v  0.2101 0.1666 0.0993
v  0.2130 0.1637 0.0929
v  0.2030 0.1678 0.1020
v  0.1959 0.1666 0.0993
v  0.1930 0.1637 0.0929
v  0.1959 0.1607 0.0864
v  0.2030 0.1595 0.0838
v  0.2101 0.1607 0.0864
v  0.2101 0.1121 0.1240
v  0.2130 0.1093 0.1175
v  0.2030 0.1133 0.1267
v  0.1959 0.1121 0.1240
v  0.1930 0.1093 0.1175
v  0.1959 0.1065 0.1110
v  0.2030 0.1053 0.1084
v  0.2101 0.1065 0.1110
v  0.2101 0.0605 0.1435
v  0.2130 0.0585 0.1367
v  0.2030 0.0614 0.1463
v  0.1959 0.0605 0.1435
v  0.1930 0.0585 0.1367
v  0.1959 0.0565 0.1299
v  0.2030 0.0557 0.1271
v  0.2101 0.0565 0.1299
v  0.2130 0.0295 0.1450
v  0.2101 0.0305 0.1520
v  0.2030 0.0309 0.1550
v  0.1959 0.0305 0.1520
v  0.1930 0.0295 0.1450
v  0.1959 0.0285 0.1380
v  0.2030 0.0281 0.1350
v  0.2101 0.0285 0.1380
v  0.2101 0.0160 0.1560
v  0.2130 0.0155 0.1488
v  0.2101 0.0069 0.1580
v  0.2130 0.0069 0.1507
v  0.2030 0.0162 0.1590
v  0.2030 0.0069 0.1611
v  0.1959 0.0160 0.1560
v  0.1959 0.0069 0.1580
v  0.1930 0.0155 0.1488
v  0.1930 0.0069 0.1507
v  0.1959 0.0150 0.1417
v  0.1959 0.0070 0.1434
v  0.2030 0.0148 0.1387
v  0.2030 0.0070 0.1404
v  0.2101 0.0150 0.1417
v  0.2101 0.0070 0.1434
v  0.0304 0.7597 -0.1883
v  0.0648 0.7591 -0.1870
v  0.0656 0.7644 -0.1815
v  0.0306 0.7650 -0.1828
v  0.0672 0.7719 -0.1814
v  0.0306 0.7726 -0.1829
v  0.0686 0.7773 -0.1867
v  0.0304 0.7779 -0.1884
v  0.0690 0.7774 -0.1944
v  0.0300 0.7781 -0.1961
v  0.0682 0.7722 -0.1999
v  0.0298 0.7728 -0.2015
v  0.0667 0.7646 -0.2000
v  0.0299 0.7652 -0.2015
v  0.0652 0.7592 -0.1946
v  0.0301 0.7598 -0.1960
v  0.0948 0.7568 -0.1843
v  0.0961 0.7620 -0.1787
v  0.0991 0.7693 -0.1784
v  0.1020 0.7744 -0.1836
v  0.1031 0.7744 -0.1912
v  0.1018 0.7692 -0.1968
v  0.0988 0.7619 -0.1970
v  0.0959 0.7568 -0.1918
v  0.1204 0.7521 -0.1802
v  0.1222 0.7571 -0.1745
v  0.1264 0.7640 -0.1741
v  0.1305 0.7686 -0.1790
v  0.1322 0.7684 -0.1864
v  0.1304 0.7634 -0.1921
v  0.1262 0.7565 -0.1926
v  0.1221 0.7519 -0.1877
v  0.1416 0.7449 -0.1750
v  0.1437 0.7497 -0.1692
v  0.1489 0.7559 -0.1684
v  0.1540 0.7598 -0.1730
v  0.1562 0.7593 -0.1803
v  0.1541 0.7545 -0.1861
v  0.1489 0.7483 -0.1869
v  0.1437 0.7444 -0.1823
v  0.1582 0.7353 -0.1687
v  0.1606 0.7397 -0.1628
v  0.1666 0.7451 -0.1615
v  0.1725 0.7481 -0.1657
v  0.1751 0.7472 -0.1728
v  0.1727 0.7427 -0.1788
v  0.1667 0.7374 -0.1800
v  0.1607 0.7343 -0.1758
v  0.1703 0.7231 -0.1615
v  0.1729 0.7271 -0.1555
v  0.1794 0.7312 -0.1541
v  0.1860 0.7330 -0.1580
v  0.1888 0.7315 -0.1650
v  0.1862 0.7275 -0.1710
v  0.1796 0.7234 -0.1724
v  0.1731 0.7216 -0.1685
v  0.1777 0.7081 -0.1542
v  0.1805 0.7116 -0.1480
v  0.1874 0.7144 -0.1460
v  0.1943 0.7149 -0.1494
v  0.1973 0.7127 -0.1561
v  0.1946 0.7092 -0.1623
v  0.1877 0.7064 -0.1643
v  0.1807 0.7059 -0.1609
v  0.0000 0.7726 -0.2021
v  0.0000 0.7776 -0.1970
v  0.0000 0.7777 -0.1889
v  0.0000 0.7725 -0.1832
v  0.0000 0.7650 -0.1830
v  0.0000 0.7597 -0.1885
v  0.0000 0.7598 -0.1962
v  0.0000 0.7651 -0.2018
v  0.2029 0.4059 -0.0279
v  0.1958 0.4071 -0.0253
v  0.1958 0.4145 -0.0287
v  0.2028 0.4134 -0.0313
v  0.1955 0.4220 -0.0320
v  0.2026 0.4209 -0.0347
v  0.1928 0.4099 -0.0189
v  0.1927 0.4174 -0.0223
v  0.1925 0.4249 -0.0257
v  0.1956 0.4129 -0.0124
v  0.1955 0.4204 -0.0158
v  0.1953 0.4278 -0.0192
v  0.2027 0.4142 -0.0097
v  0.2026 0.4217 -0.0131
v  0.2023 0.4291 -0.0165
v  0.2097 0.4141 -0.0129
v  0.2084 0.4206 -0.0158
v  0.2094 0.4271 -0.0187
v  0.2099 0.4082 -0.0258
v  0.2087 0.4147 -0.0286
v  0.2097 0.4212 -0.0315
v  0.2071 0.4928 -0.0485
v  0.2091 0.4369 -0.0232
v  0.2121 0.4341 -0.0296
v  0.2101 0.4900 -0.0549
v  0.2124 0.4268 -0.0263
v  0.2000 0.4939 -0.0459
v  0.2020 0.4380 -0.0206
v  0.1930 0.4925 -0.0485
v  0.1949 0.4367 -0.0232
v  0.1902 0.4895 -0.0550
v  0.1921 0.4338 -0.0297
v  0.1932 0.4867 -0.0614
v  0.1952 0.4309 -0.0361
v  0.2003 0.4856 -0.0640
v  0.2023 0.4298 -0.0387
v  0.2074 0.4870 -0.0614
v  0.2093 0.4311 -0.0361
v  0.2098 0.4050 -0.0088
v  0.2128 0.4021 -0.0152
v  0.2128 0.4086 -0.0181
v  0.2027 0.4061 -0.0061
v  0.1957 0.4048 -0.0087
v  0.1928 0.4019 -0.0152
v  0.1958 0.3990 -0.0216
v  0.2029 0.3979 -0.0243
v  0.2100 0.3991 -0.0216
v  0.2092 0.4164 -0.0190
v  0.2095 0.4160 -0.0180
v  0.2093 0.4145 -0.0208
v  0.2096 0.4134 -0.0238
v  0.2093 0.4144 -0.0234
v  0.2087 0.4157 -0.0263
v  0.2085 0.4162 -0.0253
v  0.2095 0.4192 -0.0264
v  0.2092 0.4188 -0.0254
v  0.2095 0.4217 -0.0241
v  0.2092 0.4207 -0.0236
v  0.2094 0.4218 -0.0207
v  0.2091 0.4208 -0.0210
v  0.2085 0.4195 -0.0181
v  0.2084 0.4190 -0.0191
v  0.2080 0.4205 -0.0212
v  0.2080 0.4204 -0.0235
v  0.2080 0.4188 -0.0195
v  0.2080 0.4165 -0.0194
v  0.2080 0.4148 -0.0209
v  0.2080 0.4147 -0.0232
v  0.2080 0.4163 -0.0250
v  0.2080 0.4187 -0.0250
v  0.2065 0.4205 -0.0212
v  0.2065 0.4204 -0.0235
v  0.2065 0.4188 -0.0195
v  0.2065 0.4165 -0.0194
v  0.2065 0.4148 -0.0209
v  0.2065 0.4147 -0.0232
v  0.2065 0.4163 -0.0250
v  0.2065 0.4187 -0.0250
v  0.2065 0.4176 -0.0222
v  0.1982 0.5329 -0.0851
v  0.1911 0.5339 -0.0824
v  0.1909 0.5414 -0.0858
v  0.1980 0.5404 -0.0885
v  0.1905 0.5488 -0.0892
v  0.1976 0.5478 -0.0919
v  0.1881 0.5367 -0.0760
v  0.1878 0.5442 -0.0794
v  0.1875 0.5516 -0.0828
v  0.1909 0.5397 -0.0696
v  0.1906 0.5472 -0.0729
v  0.1903 0.5547 -0.0763
v  0.1979 0.5411 -0.0669
v  0.1977 0.5486 -0.0703
v  0.1973 0.5561 -0.0737
v  0.2050 0.5412 -0.0702
v  0.2036 0.5476 -0.0730
v  0.2044 0.5542 -0.0760
v  0.2052 0.5352 -0.0830
v  0.2038 0.5417 -0.0859
v  0.2047 0.5482 -0.0888
v  0.2039 0.5640 -0.0805
v  0.2074 0.5539 -0.0836
v  0.2069 0.5612 -0.0869
v  0.1968 0.5650 -0.0778
v  0.1897 0.5636 -0.0804
v  0.1870 0.5605 -0.0868
v  0.1900 0.5577 -0.0932
v  0.1971 0.5567 -0.0960
v  0.2041 0.5582 -0.0933
v  0.2052 0.5321 -0.0660
v  0.2082 0.5292 -0.0724
v  0.2081 0.5357 -0.0754
v  0.1982 0.5331 -0.0633
v  0.1911 0.5317 -0.0659
v  0.1883 0.5287 -0.0723
v  0.1913 0.5259 -0.0788
v  0.1983 0.5248 -0.0815
v  0.2054 0.5262 -0.0789
v  0.2044 0.5435 -0.0763
v  0.2047 0.5431 -0.0753
v  0.2048 0.5406 -0.0776
v  0.2044 0.5415 -0.0780
v  0.2048 0.5404 -0.0810
v  0.2044 0.5414 -0.0807
v  0.2038 0.5428 -0.0835
v  0.2036 0.5432 -0.0826
v  0.2046 0.5462 -0.0837
v  0.2043 0.5458 -0.0827
v  0.2045 0.5487 -0.0813
v  0.2042 0.5478 -0.0809
v  0.2045 0.5489 -0.0779
v  0.2042 0.5479 -0.0783
v  0.2037 0.5465 -0.0754
v  0.2035 0.5461 -0.0763
v  0.2031 0.5475 -0.0784
v  0.2031 0.5474 -0.0808
v  0.2031 0.5459 -0.0767
v  0.2032 0.5435 -0.0766
v  0.2032 0.5418 -0.0782
v  0.2032 0.5417 -0.0805
v  0.2031 0.5434 -0.0822
v  0.2031 0.5457 -0.0823
v  0.2016 0.5475 -0.0784
v  0.2016 0.5474 -0.0807
v  0.2016 0.5459 -0.0767
v  0.2017 0.5435 -0.0766
v  0.2017 0.5418 -0.0782
v  0.2017 0.5417 -0.0805
v  0.2016 0.5433 -0.0822
v  0.2016 0.5457 -0.0823
v  0.2016 0.5446 -0.0795
v  -0.2005 0.6910 -0.1461
v  -0.2026 0.6530 -0.1289
v  -0.1996 0.6558 -0.1225
v  -0.1974 0.6938 -0.1397
v  -0.1925 0.6569 -0.1198
v  -0.1904 0.6948 -0.1370
v  -0.1855 0.6555 -0.1224
v  -0.1833 0.6935 -0.1396
v  -0.1827 0.6525 -0.1289
v  -0.1805 0.6905 -0.1461
v  -0.1857 0.6497 -0.1353
v  -0.1836 0.6877 -0.1525
v  -0.1928 0.6486 -0.1380
v  -0.1907 0.6866 -0.1552
v  -0.1998 0.6500 -0.1353
v  -0.1977 0.6880 -0.1525
v  -0.2051 0.5987 -0.1042
v  -0.2021 0.6015 -0.0978
v  -0.1950 0.6025 -0.0951
v  -0.1880 0.6012 -0.0978
v  -0.1852 0.5982 -0.1042
v  -0.1882 0.5954 -0.1106
v  -0.1953 0.5943 -0.1133
v  -0.2023 0.5957 -0.1107
v  -0.2130 0.3606 0.0036
v  -0.2130 0.3267 0.0190
v  -0.2101 0.3296 0.0254
v  -0.2101 0.3635 0.0100
v  -0.2030 0.3308 0.0281
v  -0.2030 0.3647 0.0127
v  -0.1959 0.3296 0.0254
v  -0.1960 0.3635 0.0101
v  -0.1930 0.3267 0.0190
v  -0.1930 0.3605 0.0036
v  -0.1959 0.3238 0.0125
v  -0.1960 0.3576 -0.0028
v  -0.2030 0.3226 0.0099
v  -0.2030 0.3564 -0.0055
v  -0.2101 0.3238 0.0125
v  -0.2101 0.3576 -0.0028
v  -0.2130 0.2724 0.0436
v  -0.2101 0.2753 0.0500
v  -0.2030 0.2765 0.0527
v  -0.1959 0.2753 0.0500
v  -0.1930 0.2724 0.0436
v  -0.1959 0.2694 0.0372
v  -0.2030 0.2682 0.0345
v  -0.2101 0.2694 0.0372
v  -0.2130 0.2180 0.0682
v  -0.2101 0.2209 0.0747
v  -0.2030 0.2221 0.0773
v  -0.1959 0.2209 0.0747
v  -0.1930 0.2180 0.0682
v  -0.1959 0.2151 0.0618
v  -0.2030 0.2139 0.0591
v  -0.2101 0.2151 0.0618
v  -0.2130 0.1637 0.0929
v  -0.2101 0.1666 0.0993
v  -0.2030 0.1678 0.1020
v  -0.1959 0.1666 0.0993
v  -0.1930 0.1637 0.0929
v  -0.1959 0.1607 0.0864
v  -0.2030 0.1595 0.0838
v  -0.2101 0.1607 0.0864
v  -0.2130 0.1093 0.1175
v  -0.2101 0.1121 0.1240
v  -0.2030 0.1133 0.1267
v  -0.1959 0.1121 0.1240
v  -0.1930 0.1093 0.1175
v  -0.1959 0.1065 0.1110
v  -0.2030 0.1053 0.1084
v  -0.2101 0.1065 0.1110
v  -0.2130 0.0585 0.1367
v  -0.2101 0.0605 0.1435
v  -0.2030 0.0614 0.1463
v  -0.1959 0.0605 0.1435
v  -0.1930 0.0585 0.1367
v  -0.1959 0.0565 0.1299
v  -0.2030 0.0557 0.1271
v  -0.2101 0.0565 0.1299
v  -0.2130 0.0295 0.1450
v  -0.2101 0.0305 0.1520
v  -0.2030 0.0309 0.1550
v  -0.1959 0.0305 0.1520
v  -0.1930 0.0295 0.1450
v  -0.1959 0.0285 0.1380
v  -0.2030 0.0281 0.1350
v  -0.2101 0.0285 0.1380
v  -0.2130 0.0155 0.1488
v  -0.2101 0.0160 0.1560
v  -0.2130 0.0069 0.1507
v  -0.2101 0.0069 0.1580
v  -0.2030 0.0162 0.1590
v  -0.2030 0.0069 0.1611
v  -0.1959 0.0160 0.1560
v  -0.1959 0.0069 0.1580
v  -0.1930 0.0155 0.1488
v  -0.1930 0.0069 0.1507
v  -0.1959 0.0150 0.1417
v  -0.1959 0.0070 0.1434
v  -0.2030 0.0148 0.1387
v  -0.2030 0.0070 0.1404
v  -0.2101 0.0150 0.1417
v  -0.2101 0.0070 0.1434
v  -0.0304 0.7597 -0.1883
v  -0.0306 0.7650 -0.1828
v  -0.0656 0.7644 -0.1815
v  -0.0648 0.7591 -0.1870
v  -0.0306 0.7726 -0.1829
v  -0.0672 0.7719 -0.1814
v  -0.0304 0.7779 -0.1884
v  -0.0686 0.7773 -0.1867
v  -0.0300 0.7781 -0.1961
v  -0.0690 0.7774 -0.1944
v  -0.0298 0.7728 -0.2015
v  -0.0682 0.7722 -0.1999
v  -0.0299 0.7652 -0.2015
v  -0.0667 0.7646 -0.2000
v  -0.0301 0.7598 -0.1960
v  -0.0652 0.7592 -0.1946
v  -0.0961 0.7620 -0.1787
v  -0.0948 0.7568 -0.1843
v  -0.0991 0.7693 -0.1784
v  -0.1020 0.7744 -0.1836
v  -0.1031 0.7744 -0.1912
v  -0.1018 0.7692 -0.1968
v  -0.0988 0.7619 -0.1970
v  -0.0959 0.7568 -0.1918
v  -0.1222 0.7571 -0.1745
v  -0.1204 0.7521 -0.1802
v  -0.1264 0.7640 -0.1741
v  -0.1305 0.7686 -0.1790
v  -0.1322 0.7684 -0.1864
v  -0.1304 0.7634 -0.1921
v  -0.1262 0.7565 -0.1926
v  -0.1221 0.7519 -0.1877
v  -0.1437 0.7497 -0.1692
v  -0.1416 0.7449 -0.1750
v  -0.1489 0.7559 -0.1684
v  -0.1540 0.7598 -0.1730
v  -0.1562 0.7593 -0.1803
v  -0.1541 0.7545 -0.1861
v  -0.1489 0.7483 -0.1869
v  -0.1437 0.7444 -0.1823
v  -0.1606 0.7397 -0.1628
v  -0.1582 0.7353 -0.1687
v  -0.1666 0.7451 -0.1615
v  -0.1725 0.7481 -0.1657
v  -0.1751 0.7472 -0.1728
v  -0.1727 0.7427 -0.1788
v  -0.1667 0.7374 -0.1800
v  -0.1607 0.7343 -0.1758
v  -0.1729 0.7271 -0.1555
v  -0.1703 0.7231 -0.1615
v  -0.1794 0.7312 -0.1541
v  -0.1860 0.7330 -0.1580
v  -0.1888 0.7315 -0.1650
v  -0.1862 0.7275 -0.1710
v  -0.1796 0.7234 -0.1724
v  -0.1731 0.7216 -0.1685
v  -0.1805 0.7116 -0.1480
v  -0.1777 0.7081 -0.1542
v  -0.1874 0.7144 -0.1460
v  -0.1943 0.7149 -0.1494
v  -0.1973 0.7127 -0.1561
v  -0.1946 0.7092 -0.1623
v  -0.1877 0.7064 -0.1643
v  -0.1807 0.7059 -0.1609
v  -0.2029 0.4059 -0.0279
v  -0.2028 0.4134 -0.0313
v  -0.1958 0.4145 -0.0287
v  -0.1958 0.4071 -0.0253
v  -0.2026 0.4209 -0.0347
v  -0.1955 0.4220 -0.0320
v  -0.1927 0.4174 -0.0223
v  -0.1928 0.4099 -0.0189
v  -0.1925 0.4249 -0.0257
v  -0.1955 0.4204 -0.0158
v  -0.1956 0.4129 -0.0124
v  -0.1953 0.4278 -0.0192
v  -0.2026 0.4217 -0.0131
v  -0.2027 0.4142 -0.0097
v  -0.2023 0.4291 -0.0165
v  -0.2084 0.4206 -0.0158
v  -0.2097 0.4141 -0.0129
v  -0.2094 0.4271 -0.0187
v  -0.2099 0.4082 -0.0258
v  -0.2087 0.4147 -0.0286
v  -0.2097 0.4212 -0.0315
v  -0.2071 0.4928 -0.0485
v  -0.2101 0.4900 -0.0549
v  -0.2121 0.4341 -0.0296
v  -0.2091 0.4369 -0.0232
v  -0.2124 0.4268 -0.0263
v  -0.2000 0.4939 -0.0459
v  -0.2020 0.4380 -0.0206
v  -0.1930 0.4925 -0.0485
v  -0.1949 0.4367 -0.0232
v  -0.1902 0.4895 -0.0550
v  -0.1921 0.4338 -0.0297
v  -0.1932 0.4867 -0.0614
v  -0.1952 0.4309 -0.0361
v  -0.2003 0.4856 -0.0640
v  -0.2023 0.4298 -0.0387
v  -0.2074 0.4870 -0.0614
v  -0.2093 0.4311 -0.0361
v  -0.2128 0.4086 -0.0181
v  -0.2128 0.4021 -0.0152
v  -0.2098 0.4050 -0.0088
v  -0.2027 0.4061 -0.0061
v  -0.1957 0.4048 -0.0087
v  -0.1928 0.4019 -0.0152
v  -0.1958 0.3990 -0.0216
v  -0.2029 0.3979 -0.0243
v  -0.2100 0.3991 -0.0216
v  -0.2092 0.4164 -0.0190
v  -0.2093 0.4145 -0.0208
v  -0.2095 0.4160 -0.0180
v  -0.2093 0.4144 -0.0234
v  -0.2096 0.4134 -0.0238
v  -0.2085 0.4162 -0.0253
v  -0.2087 0.4157 -0.0263
v  -0.2092 0.4188 -0.0254
v  -0.2095 0.4192 -0.0264
v  -0.2092 0.4207 -0.0236
v  -0.2095 0.4217 -0.0241
v  -0.2091 0.4208 -0.0210
v  -0.2094 0.4218 -0.0207
v  -0.2084 0.4190 -0.0191
v  -0.2085 0.4195 -0.0181
v  -0.2080 0.4204 -0.0235
v  -0.2080 0.4205 -0.0212
v  -0.2080 0.4188 -0.0195
v  -0.2080 0.4165 -0.0194
v  -0.2080 0.4148 -0.0209
v  -0.2080 0.4147 -0.0232
v  -0.2080 0.4163 -0.0250
v  -0.2080 0.4187 -0.0250
v  -0.2065 0.4204 -0.0235
v  -0.2065 0.4205 -0.0212
v  -0.2065 0.4188 -0.0195
v  -0.2065 0.4165 -0.0194
v  -0.2065 0.4148 -0.0209
v  -0.2065 0.4147 -0.0232
v  -0.2065 0.4163 -0.0250
v  -0.2065 0.4187 -0.0250
v  -0.2065 0.4176 -0.0222
v  -0.1982 0.5329 -0.0851
v  -0.1980 0.5404 -0.0885
v  -0.1909 0.5414 -0.0858
v  -0.1911 0.5339 -0.0824
v  -0.1976 0.5478 -0.0919
v  -0.1905 0.5488 -0.0892
v  -0.1878 0.5442 -0.0794
v  -0.1881 0.5367 -0.0760
v  -0.1875 0.5516 -0.0828
v  -0.1906 0.5472 -0.0729
v  -0.1909 0.5397 -0.0696
v  -0.1903 0.5547 -0.0763
v  -0.1977 0.5486 -0.0703
v  -0.1979 0.5411 -0.0669
v  -0.1973 0.5561 -0.0737
v  -0.2036 0.5476 -0.0730
v  -0.2050 0.5412 -0.0702
v  -0.2044 0.5542 -0.0760
v  -0.2052 0.5352 -0.0830
v  -0.2038 0.5417 -0.0859
v  -0.2047 0.5482 -0.0888
v  -0.2039 0.5640 -0.0805
v  -0.2069 0.5612 -0.0869
v  -0.2074 0.5539 -0.0836
v  -0.1968 0.5650 -0.0778
v  -0.1897 0.5636 -0.0804
v  -0.1870 0.5605 -0.0868
v  -0.1900 0.5577 -0.0932
v  -0.1971 0.5567 -0.0960
v  -0.2041 0.5582 -0.0933
v  -0.2081 0.5357 -0.0754
v  -0.2082 0.5292 -0.0724
v  -0.2052 0.5321 -0.0660
v  -0.1982 0.5331 -0.0633
v  -0.1911 0.5317 -0.0659
v  -0.1883 0.5287 -0.0723
v  -0.1913 0.5259 -0.0788
v  -0.1983 0.5248 -0.0815
v  -0.2054 0.5262 -0.0789
v  -0.2044 0.5435 -0.0763
v  -0.2044 0.5415 -0.0780
v  -0.2048 0.5406 -0.0776
v  -0.2047 0.5431 -0.0753
v  -0.2044 0.5414 -0.0807
v  -0.2048 0.5404 -0.0810
v  -0.2036 0.5432 -0.0826
v  -0.2038 0.5428 -0.0835
v  -0.2043 0.5458 -0.0827
v  -0.2046 0.5462 -0.0837
v  -0.2042 0.5478 -0.0809
v  -0.2045 0.5487 -0.0813
v  -0.2042 0.5479 -0.0783
v  -0.2045 0.5489 -0.0779
v  -0.2035 0.5461 -0.0763
v  -0.2037 0.5465 -0.0754
v  -0.2031 0.5474 -0.0808
v  -0.2031 0.5475 -0.0784
v  -0.2031 0.5459 -0.0767
v  -0.2032 0.5435 -0.0766
v  -0.2032 0.5418 -0.0782
v  -0.2032 0.5417 -0.0805
v  -0.2031 0.5434 -0.0822
v  -0.2031 0.5457 -0.0823
v  -0.2016 0.5474 -0.0807
v  -0.2016 0.5475 -0.0784
v  -0.2016 0.5459 -0.0767
v  -0.2017 0.5435 -0.0766
v  -0.2017 0.5418 -0.0782
v  -0.2017 0.5417 -0.0805
v  -0.2016 0.5433 -0.0822
v  -0.2016 0.5457 -0.0823
v  -0.2016 0.5446 -0.0795
v  -0.2101 0.0089 -0.2338
v  -0.2130 0.0089 -0.2265
v  -0.2130 0.0450 -0.2185
v  -0.2101 0.0465 -0.2253
v  -0.2130 0.0982 -0.2065
v  -0.2101 0.0998 -0.2134
v  -0.2130 0.1515 -0.1946
v  -0.2101 0.1531 -0.2015
v  -0.2130 0.2048 -0.1827
v  -0.2101 0.2063 -0.1896
v  -0.2130 0.2581 -0.1708
v  -0.2101 0.2596 -0.1777
v  -0.2130 0.3114 -0.1588
v  -0.2101 0.3129 -0.1657
v  -0.2130 0.3646 -0.1469
v  -0.2101 0.3662 -0.1538
v  -0.2130 0.4179 -0.1350
v  -0.2101 0.4195 -0.1419
v  -0.2085 0.4712 -0.1230
v  -0.2053 0.4727 -0.1299
v  -0.2002 0.5136 -0.1134
v  -0.1970 0.5152 -0.1203
v  -0.1930 0.0089 -0.2265
v  -0.1959 0.0089 -0.2338
v  -0.1959 0.0465 -0.2253
v  -0.1930 0.0450 -0.2185
v  -0.1959 0.0998 -0.2134
v  -0.1930 0.0982 -0.2065
v  -0.1959 0.1531 -0.2015
v  -0.1930 0.1515 -0.1946
v  -0.1959 0.2063 -0.1896
v  -0.1930 0.2048 -0.1827
v  -0.1959 0.2596 -0.1777
v  -0.1930 0.2581 -0.1708
v  -0.1959 0.3129 -0.1657
v  -0.1930 0.3114 -0.1588
v  -0.1959 0.3662 -0.1538
v  -0.1930 0.3646 -0.1469
v  -0.1959 0.4195 -0.1419
v  -0.1930 0.4179 -0.1350
v  -0.1911 0.4727 -0.1299
v  -0.1885 0.4712 -0.1230
v  -0.1829 0.5152 -0.1203
v  -0.1803 0.5136 -0.1134
v  -0.2030 0.0089 -0.2368
v  -0.2030 0.0471 -0.2282
v  -0.2030 0.1004 -0.2163
v  -0.2030 0.1537 -0.2044
v  -0.2030 0.2070 -0.1924
v  -0.2030 0.2603 -0.1805
v  -0.2030 0.3135 -0.1686
v  -0.2030 0.3668 -0.1567
v  -0.2030 0.4201 -0.1448
v  -0.1981 0.4734 -0.1328
v  -0.1898 0.5158 -0.1231
v  -0.2101 0.0088 -0.2193
v  -0.2101 0.0434 -0.2116
v  -0.2101 0.0967 -0.1996
v  -0.2101 0.1500 -0.1877
v  -0.2101 0.2033 -0.1758
v  -0.2101 0.2565 -0.1639
v  -0.2101 0.3098 -0.1520
v  -0.2101 0.3631 -0.1400
v  -0.2101 0.4164 -0.1281
v  -0.2058 0.4696 -0.1161
v  -0.1976 0.5121 -0.1065
v  -0.2030 0.0088 -0.2163
v  -0.2030 0.0428 -0.2087
v  -0.2030 0.0961 -0.1968
v  -0.2030 0.1493 -0.1849
v  -0.2030 0.2026 -0.1729
v  -0.2030 0.2559 -0.1610
v  -0.2030 0.3092 -0.1491
v  -0.2030 0.3625 -0.1372
v  -0.2030 0.4157 -0.1253
v  -0.1989 0.4690 -0.1133
v  -0.1907 0.5115 -0.1036
v  -0.1959 0.0088 -0.2193
v  -0.1959 0.0434 -0.2116
v  -0.1959 0.0967 -0.1996
v  -0.1959 0.1500 -0.1877
v  -0.1959 0.2033 -0.1758
v  -0.1959 0.2565 -0.1639
v  -0.1959 0.3098 -0.1520
v  -0.1959 0.3631 -0.1400
v  -0.1959 0.4164 -0.1281
v  -0.1917 0.4696 -0.1161
v  -0.1835 0.5121 -0.1065
v  -0.1844 0.5301 -0.0880
v  -0.1844 0.5272 -0.0922
v  -0.1828 0.5329 -0.0965
v  -0.1828 0.5358 -0.0922
v  -0.1878 0.5300 -0.0879
v  -0.1879 0.5271 -0.0922
v  -0.1865 0.5248 -0.0905
v  -0.1865 0.5277 -0.0862
v  -0.1826 0.5385 -0.1007
v  -0.1826 0.5415 -0.0965
v  -0.1840 0.5409 -0.1025
v  -0.1839 0.5438 -0.0982
v  -0.1860 0.5385 -0.1007
v  -0.1860 0.5414 -0.0964
v  -0.1876 0.5357 -0.0922
v  -0.1877 0.5328 -0.0964
v  -0.1963 0.5202 -0.1082
v  -0.1935 0.5231 -0.1142
v  -0.1828 0.5231 -0.1142
v  -0.1811 0.5202 -0.1082
v  -0.1879 0.5243 -0.1167
v  -0.1946 0.5174 -0.1021
v  -0.1894 0.5162 -0.0996
v  -0.1838 0.5174 -0.1021
v  -0.1891 0.5308 -0.0986
v  -0.1890 0.5257 -0.0941
v  -0.1827 0.5362 -0.1033
v  -0.1846 0.5383 -0.1051
v  -0.1873 0.5361 -0.1032
v  -0.1870 0.5236 -0.0922
v  -0.1843 0.5258 -0.0941
v  -0.1825 0.5310 -0.0987
v  -0.1888 0.5482 -0.0726
v  -0.1877 0.5546 -0.0761
v  -0.1877 0.5543 -0.0765
v  -0.1888 0.5480 -0.0731
v  -0.1844 0.5549 -0.0762
v  -0.1840 0.5487 -0.0728
v  -0.1840 0.5484 -0.0733
v  -0.1844 0.5547 -0.0767
v  -0.1859 0.5573 -0.0775
v  -0.1859 0.5571 -0.0780
v  -0.1884 0.5420 -0.0693
v  -0.1884 0.5418 -0.0698
v  -0.1869 0.5396 -0.0679
v  -0.1869 0.5393 -0.0684
v  -0.1850 0.5423 -0.0694
v  -0.1850 0.5421 -0.0699
v  -0.1869 0.5400 -0.0682
v  -0.1882 0.5420 -0.0693
v  -0.1885 0.5482 -0.0727
v  -0.1875 0.5545 -0.0760
v  -0.1859 0.5569 -0.0773
v  -0.1846 0.5548 -0.0762
v  -0.1843 0.5487 -0.0729
v  -0.1853 0.5424 -0.0695
v  -0.1864 0.5484 -0.0728
v  -0.1867 0.5430 -0.0698
v  -0.1861 0.5538 -0.0757
v  -0.1880 0.5401 -0.0854
v  -0.1866 0.5460 -0.0894
v  -0.1832 0.5461 -0.0894
v  -0.1832 0.5403 -0.0855
v  -0.1872 0.5503 -0.0827
v  -0.1853 0.5530 -0.0843
v  -0.1846 0.5485 -0.0910
v  -0.1880 0.5342 -0.0815
v  -0.1838 0.5506 -0.0828
v  -0.1868 0.5357 -0.0739
v  -0.1882 0.5381 -0.0754
v  -0.1866 0.5318 -0.0799
v  -0.1849 0.5384 -0.0755
v  -0.1846 0.5344 -0.0815
v  -0.1877 0.5539 -0.0772
v  -0.1887 0.5476 -0.0737
v  -0.1840 0.5480 -0.0739
v  -0.1843 0.5543 -0.0773
v  -0.1859 0.5567 -0.0786
v  -0.1884 0.5414 -0.0703
v  -0.1869 0.5390 -0.0690
v  -0.1850 0.5417 -0.0705
v  -0.1842 0.5472 -0.0755
v  -0.1842 0.5492 -0.0785
v  -0.1842 0.5485 -0.0821
v  -0.1842 0.5455 -0.0842
v  -0.1842 0.5419 -0.0835
v  -0.1842 0.5399 -0.0804
v  -0.1842 0.5406 -0.0768
v  -0.1842 0.5436 -0.0748
v  -0.1842 0.5419 -0.0777
v  -0.1842 0.5439 -0.0764
v  -0.1842 0.5463 -0.0768
v  -0.1842 0.5476 -0.0788
v  -0.1842 0.5472 -0.0812
v  -0.1842 0.5452 -0.0826
v  -0.1842 0.5428 -0.0821
v  -0.1842 0.5414 -0.0801
v  -0.1842 0.5469 -0.0810
v  -0.1842 0.5451 -0.0823
v  -0.1842 0.5430 -0.0818
v  -0.1842 0.5418 -0.0800
v  -0.1842 0.5422 -0.0779
v  -0.1842 0.5440 -0.0767
v  -0.1842 0.5461 -0.0771
v  -0.1842 0.5473 -0.0789
v  -0.1846 0.5469 -0.0810
v  -0.1846 0.5451 -0.0823
v  -0.1846 0.5430 -0.0818
v  -0.1846 0.5418 -0.0800
v  -0.1846 0.5422 -0.0779
v  -0.1846 0.5440 -0.0767
v  -0.1846 0.5461 -0.0771
v  -0.1846 0.5473 -0.0789
v  -0.1878 0.5406 -0.0768
v  -0.1878 0.5436 -0.0748
v  -0.1878 0.5439 -0.0764
v  -0.1878 0.5419 -0.0777
v  -0.1878 0.5472 -0.0755
v  -0.1878 0.5463 -0.0768
v  -0.1878 0.5492 -0.0785
v  -0.1878 0.5476 -0.0788
v  -0.1878 0.5485 -0.0821
v  -0.1878 0.5472 -0.0812
v  -0.1878 0.5455 -0.0842
v  -0.1878 0.5452 -0.0826
v  -0.1878 0.5419 -0.0835
v  -0.1878 0.5428 -0.0821
v  -0.1878 0.5399 -0.0804
v  -0.1878 0.5414 -0.0801
v  -0.1878 0.5451 -0.0823
v  -0.1878 0.5469 -0.0810
v  -0.1878 0.5430 -0.0818
v  -0.1878 0.5418 -0.0800
v  -0.1878 0.5422 -0.0779
v  -0.1878 0.5440 -0.0767
v  -0.1878 0.5461 -0.0771
v  -0.1878 0.5473 -0.0789
v  -0.1874 0.5451 -0.0823
v  -0.1874 0.5469 -0.0810
v  -0.1874 0.5430 -0.0818
v  -0.1874 0.5418 -0.0800
v  -0.1874 0.5422 -0.0779
v  -0.1874 0.5440 -0.0767
v  -0.1874 0.5461 -0.0771
v  -0.1874 0.5473 -0.0789
v  0.1895 0.4105 -0.1281
v  0.1862 0.4177 -0.1283
v  0.1861 0.4187 -0.0991
v  0.1893 0.4116 -0.0989
v  0.1789 0.4206 -0.1284
v  0.1789 0.4217 -0.0992
v  0.1717 0.4175 -0.1283
v  0.1718 0.4186 -0.0991
v  0.1690 0.4102 -0.1281
v  0.1691 0.4113 -0.0989
v  0.1723 0.4030 -0.1280
v  0.1723 0.4042 -0.0988
v  0.1795 0.4000 -0.1279
v  0.1795 0.4013 -0.0987
v  0.1868 0.4031 -0.1280
v  0.1866 0.4044 -0.0988
v  0.1859 0.4198 -0.0712
v  0.1891 0.4128 -0.0710
v  0.1788 0.4227 -0.0712
v  0.1718 0.4197 -0.0712
v  0.1692 0.4125 -0.0710
v  0.1724 0.4055 -0.0709
v  0.1795 0.4026 -0.0708
v  0.1865 0.4056 -0.0709
v  0.1858 0.4208 -0.0448
v  0.1890 0.4138 -0.0446
v  0.1788 0.4236 -0.0448
v  0.1718 0.4207 -0.0448
v  0.1692 0.4135 -0.0446
v  0.1724 0.4066 -0.0445
v  0.1794 0.4037 -0.0444
v  0.1864 0.4067 -0.0445
v  0.1857 0.4217 -0.0201
v  0.1888 0.4148 -0.0200
v  0.1787 0.4245 -0.0202
v  0.1719 0.4216 -0.0201
v  0.1693 0.4145 -0.0200
v  0.1724 0.4077 -0.0198
v  0.1794 0.4048 -0.0198
v  0.1862 0.4078 -0.0198
v  0.1857 0.4226 0.0032
v  0.1887 0.4158 0.0033
v  0.1788 0.4254 0.0032
v  0.1720 0.4224 0.0033
v  0.1694 0.4155 0.0034
v  0.1725 0.4087 0.0036
v  0.1794 0.4059 0.0036
v  0.1862 0.4088 0.0035
v  0.1887 0.4165 0.0210
v  0.1857 0.4231 0.0209
v  0.1853 0.4238 0.0387
v  0.1883 0.4172 0.0389
v  0.1790 0.4259 0.0208
v  0.1786 0.4265 0.0385
v  0.1724 0.4230 0.0208
v  0.1721 0.4237 0.0383
v  0.1699 0.4162 0.0209
v  0.1696 0.4169 0.0384
v  0.1729 0.4096 0.0210
v  0.1726 0.4104 0.0386
v  0.1796 0.4069 0.0211
v  0.1792 0.4077 0.0388
v  0.1862 0.4097 0.0211
v  0.1858 0.4105 0.0390
v  0.1848 0.4244 0.0548
v  0.1878 0.4179 0.0550
v  0.1782 0.4271 0.0546
v  0.1717 0.4243 0.0545
v  0.1693 0.4176 0.0546
v  0.1722 0.4111 0.0548
v  0.1788 0.4084 0.0550
v  0.1853 0.4112 0.0551
v  0.1844 0.4250 0.0698
v  0.1874 0.4185 0.0700
v  0.1779 0.4276 0.0696
v  0.1714 0.4248 0.0695
v  0.1690 0.4182 0.0695
v  0.1719 0.4117 0.0697
v  0.1785 0.4091 0.0700
v  0.1849 0.4119 0.0701
v  0.1838 0.4255 0.0840
v  0.1867 0.4191 0.0843
v  0.1773 0.4281 0.0835
v  0.1709 0.4253 0.0832
v  0.1685 0.4187 0.0831
v  0.1714 0.4123 0.0834
v  0.1779 0.4097 0.0839
v  0.1843 0.4125 0.0842
v  0.1826 0.4260 0.0973
v  0.1855 0.4196 0.0978
v  0.1762 0.4286 0.0965
v  0.1698 0.4258 0.0957
v  0.1674 0.4192 0.0955
v  0.1703 0.4129 0.0960
v  0.1767 0.4103 0.0968
v  0.1831 0.4130 0.0976
v  0.1804 0.4264 0.1099
v  0.1832 0.4201 0.1105
v  0.1741 0.4290 0.1084
v  0.1679 0.4262 0.1071
v  0.1656 0.4197 0.1067
v  0.1684 0.4134 0.1074
v  0.1747 0.4108 0.1088
v  0.1809 0.4136 0.1101
v  0.1775 0.4269 0.1213
v  0.1803 0.4206 0.1222
v  0.1714 0.4294 0.1195
v  0.1653 0.4266 0.1178
v  0.1630 0.4201 0.1172
v  0.1657 0.4138 0.1181
v  0.1719 0.4113 0.1199
v  0.1780 0.4141 0.1216
v  0.1741 0.4273 0.1320
v  0.1767 0.4210 0.1330
v  0.1681 0.4298 0.1298
v  0.1622 0.4270 0.1277
v  0.1599 0.4205 0.1269
v  0.1626 0.4143 0.1279
v  0.1686 0.4117 0.1301
v  0.1745 0.4145 0.1322
v  0.1701 0.4276 0.1419
v  0.1727 0.4214 0.1431
v  0.1643 0.4301 0.1394
v  0.1586 0.4274 0.1369
v  0.1564 0.4209 0.1359
v  0.1590 0.4147 0.1371
v  0.1648 0.4122 0.1397
v  0.1705 0.4150 0.1422
v  0.1656 0.4280 0.1513
v  0.1681 0.4217 0.1527
v  0.1600 0.4305 0.1484
v  0.1545 0.4277 0.1455
v  0.1524 0.4213 0.1444
v  0.1549 0.4150 0.1458
v  0.1605 0.4126 0.1487
v  0.1660 0.4154 0.1516
v  0.1605 0.4283 0.1603
v  0.1629 0.4221 0.1618
v  0.1552 0.4308 0.1570
v  0.1499 0.4280 0.1537
v  0.1479 0.4216 0.1525
v  0.1503 0.4154 0.1540
v  0.1557 0.4130 0.1573
v  0.1609 0.4157 0.1606
v  0.1548 0.4286 0.1689
v  0.1571 0.4224 0.1706
v  0.1497 0.4311 0.1652
v  0.1447 0.4283 0.1616
v  0.1428 0.4219 0.1602
v  0.1451 0.4158 0.1618
v  0.1502 0.4133 0.1656
v  0.1552 0.4161 0.1692
v  0.1485 0.4289 0.1771
v  0.1506 0.4228 0.1788
v  0.1436 0.4313 0.1730
v  0.1389 0.4286 0.1691
v  0.1372 0.4223 0.1675
v  0.1393 0.4161 0.1693
v  0.1441 0.4137 0.1733
v  0.1488 0.4165 0.1773
v  0.1417 0.4292 0.1846
v  0.1437 0.4231 0.1865
v  0.1372 0.4316 0.1803
v  0.1327 0.4289 0.1761
v  0.1310 0.4225 0.1744
v  0.1331 0.4164 0.1763
v  0.1376 0.4140 0.1807
v  0.1421 0.4168 0.1849
v  0.1347 0.4294 0.1916
v  0.1366 0.4233 0.1936
v  0.1304 0.4319 0.1871
v  0.1262 0.4291 0.1826
v  0.1247 0.4228 0.1809
v  0.1266 0.4167 0.1829
v  0.1309 0.4143 0.1874
v  0.1350 0.4171 0.1919
v  0.1276 0.4297 0.1980
v  0.1294 0.4236 0.2001
v  0.1236 0.4321 0.1933
v  0.1196 0.4293 0.1886
v  0.1182 0.4231 0.1868
v  0.1200 0.4169 0.1888
v  0.1241 0.4146 0.1936
v  0.1280 0.4173 0.1982
v  0.1204 0.4299 0.2038
v  0.1221 0.4238 0.2059
v  0.1167 0.4323 0.1989
v  0.1130 0.4295 0.1940
v  0.1117 0.4233 0.1921
v  0.1134 0.4172 0.1942
v  0.1172 0.4148 0.1992
v  0.1208 0.4176 0.2040
v  0.1131 0.4301 0.2091
v  0.1146 0.4240 0.2113
v  0.1096 0.4325 0.2039
v  0.1063 0.4297 0.1989
v  0.1050 0.4235 0.1969
v  0.1066 0.4174 0.1991
v  0.1101 0.4150 0.2042
v  0.1134 0.4178 0.2093
v  0.1055 0.4303 0.2138
v  0.1070 0.4242 0.2161
v  0.1024 0.4326 0.2085
v  0.0994 0.4299 0.2033
v  0.0982 0.4237 0.2012
v  0.0997 0.4176 0.2035
v  0.1029 0.4153 0.2088
v  0.1059 0.4180 0.2140
v  0.0977 0.4304 0.2181
v  0.0990 0.4244 0.2205
v  0.0949 0.4328 0.2126
v  0.0922 0.4300 0.2072
v  0.0912 0.4238 0.2051
v  0.0925 0.4178 0.2074
v  0.0954 0.4154 0.2129
v  0.0980 0.4182 0.2183
v  0.0896 0.4306 0.2220
v  0.0908 0.4245 0.2244
v  0.0871 0.4329 0.2163
v  0.0848 0.4302 0.2108
v  0.0839 0.4240 0.2085
v  0.0851 0.4179 0.2110
v  0.0876 0.4156 0.2166
v  0.0900 0.4184 0.2221
v  0.0812 0.4307 0.2254
v  0.0822 0.4246 0.2278
v  0.0791 0.4330 0.2196
v  0.0771 0.4303 0.2139
v  0.0764 0.4241 0.2116
v  0.0774 0.4181 0.2140
v  0.0796 0.4157 0.2198
v  0.0815 0.4185 0.2255
v  0.0725 0.4308 0.2282
v  0.0734 0.4247 0.2307
v  0.0707 0.4331 0.2223
v  0.0691 0.4304 0.2165
v  0.0686 0.4242 0.2142
v  0.0694 0.4182 0.2167
v  0.0712 0.4159 0.2226
v  0.0728 0.4186 0.2283
v  0.0636 0.4309 0.2306
v  0.0644 0.4248 0.2331
v  0.0622 0.4332 0.2246
v  0.0608 0.4305 0.2187
v  0.0604 0.4243 0.2163
v  0.0611 0.4183 0.2189
v  0.0626 0.4160 0.2249
v  0.0640 0.4187 0.2307
v  0.0546 0.4309 0.2325
v  0.0552 0.4249 0.2351
v  0.0534 0.4333 0.2265
v  0.0523 0.4306 0.2206
v  0.0520 0.4244 0.2182
v  0.0526 0.4184 0.2207
v  0.0538 0.4161 0.2268
v  0.0549 0.4188 0.2327
v  0.0454 0.4310 0.2342
v  0.0460 0.4250 0.2367
v  0.0444 0.4333 0.2281
v  0.0436 0.4306 0.2222
v  0.0433 0.4245 0.2197
v  0.0439 0.4184 0.2223
v  0.0449 0.4161 0.2284
v  0.0458 0.4189 0.2343
v  0.0361 0.4310 0.2355
v  0.0365 0.4250 0.2380
v  0.0353 0.4334 0.2294
v  0.0347 0.4307 0.2234
v  0.0346 0.4245 0.2209
v  0.0350 0.4185 0.2235
v  0.0358 0.4162 0.2296
v  0.0364 0.4189 0.2356
v  0.0265 0.4311 0.2363
v  0.0268 0.4250 0.2389
v  0.0260 0.4334 0.2302
v  0.0257 0.4307 0.2242
v  0.0256 0.4246 0.2218
v  0.0260 0.4185 0.2243
v  0.0265 0.4162 0.2305
v  0.0268 0.4190 0.2364
v  0.0167 0.4311 0.2368
v  0.0170 0.4251 0.2394
v  0.0165 0.4334 0.2307
v  0.0164 0.4307 0.2247
v  0.0165 0.4246 0.2222
v  0.0167 0.4185 0.2248
v  0.0169 0.4162 0.2309
v  0.0170 0.4190 0.2369
v  0.0068 0.4311 0.2369
v  0.0070 0.4251 0.2395
v  0.0068 0.4334 0.2308
v  0.0068 0.4307 0.2248
v  0.0070 0.4246 0.2223
v  0.0072 0.4186 0.2249
v  0.0072 0.4162 0.2311
v  0.0072 0.4190 0.2370
v  -0.0008 0.4190 0.2370
v  -0.0010 0.4251 0.2395
v  -0.0011 0.4311 0.2369
v  -0.0012 0.4334 0.2308
v  -0.0011 0.4307 0.2248
v  -0.0009 0.4246 0.2223
v  -0.0008 0.4186 0.2249
v  -0.0007 0.4162 0.2311
v  -0.1900 0.4102 -0.1281
v  -0.1899 0.4113 -0.0989
v  -0.1872 0.4186 -0.0991
v  -0.1873 0.4175 -0.1283
v  -0.1801 0.4217 -0.0992
v  -0.1801 0.4206 -0.1284
v  -0.1729 0.4187 -0.0991
v  -0.1728 0.4177 -0.1283
v  -0.1697 0.4116 -0.0989
v  -0.1695 0.4105 -0.1281
v  -0.1724 0.4044 -0.0988
v  -0.1722 0.4031 -0.1280
v  -0.1795 0.4013 -0.0987
v  -0.1795 0.4000 -0.1279
v  -0.1867 0.4042 -0.0988
v  -0.1867 0.4030 -0.1280
v  -0.1898 0.4125 -0.0710
v  -0.1872 0.4197 -0.0712
v  -0.1802 0.4227 -0.0712
v  -0.1731 0.4198 -0.0712
v  -0.1699 0.4128 -0.0710
v  -0.1725 0.4056 -0.0709
v  -0.1795 0.4026 -0.0708
v  -0.1866 0.4055 -0.0709
v  -0.1898 0.4135 -0.0446
v  -0.1872 0.4207 -0.0448
v  -0.1802 0.4236 -0.0448
v  -0.1732 0.4208 -0.0448
v  -0.1700 0.4138 -0.0446
v  -0.1726 0.4067 -0.0445
v  -0.1796 0.4037 -0.0444
v  -0.1866 0.4066 -0.0445
v  -0.1897 0.4145 -0.0200
v  -0.1871 0.4216 -0.0201
v  -0.1803 0.4245 -0.0202
v  -0.1733 0.4217 -0.0201
v  -0.1702 0.4148 -0.0200
v  -0.1728 0.4078 -0.0198
v  -0.1796 0.4048 -0.0198
v  -0.1866 0.4077 -0.0198
v  -0.1897 0.4155 0.0033
v  -0.1872 0.4224 0.0032
v  -0.1804 0.4254 0.0032
v  -0.1735 0.4226 0.0033
v  -0.1704 0.4158 0.0034
v  -0.1730 0.4088 0.0036
v  -0.1798 0.4059 0.0036
v  -0.1867 0.4087 0.0035
v  -0.1898 0.4162 0.0210
v  -0.1894 0.4169 0.0389
v  -0.1869 0.4237 0.0387
v  -0.1873 0.4230 0.0209
v  -0.1804 0.4265 0.0385
v  -0.1807 0.4259 0.0208
v  -0.1737 0.4238 0.0383
v  -0.1740 0.4231 0.0208
v  -0.1707 0.4172 0.0384
v  -0.1710 0.4165 0.0209
v  -0.1732 0.4105 0.0386
v  -0.1735 0.4097 0.0210
v  -0.1798 0.4077 0.0388
v  -0.1801 0.4069 0.0211
v  -0.1864 0.4104 0.0390
v  -0.1868 0.4096 0.0211
v  -0.1890 0.4176 0.0550
v  -0.1865 0.4243 0.0548
v  -0.1800 0.4271 0.0546
v  -0.1734 0.4244 0.0545
v  -0.1705 0.4179 0.0546
v  -0.1729 0.4112 0.0548
v  -0.1794 0.4084 0.0550
v  -0.1860 0.4111 0.0550
v  -0.1886 0.4182 0.0700
v  -0.1862 0.4248 0.0698
v  -0.1797 0.4276 0.0696
v  -0.1732 0.4249 0.0695
v  -0.1702 0.4185 0.0695
v  -0.1727 0.4118 0.0697
v  -0.1791 0.4091 0.0700
v  -0.1857 0.4117 0.0701
v  -0.1880 0.4188 0.0843
v  -0.1856 0.4254 0.0840
v  -0.1792 0.4281 0.0835
v  -0.1727 0.4255 0.0832
v  -0.1698 0.4190 0.0832
v  -0.1722 0.4124 0.0834
v  -0.1786 0.4097 0.0839
v  -0.1851 0.4123 0.0842
v  -0.1868 0.4193 0.0978
v  -0.1845 0.4258 0.0973
v  -0.1781 0.4286 0.0965
v  -0.1717 0.4259 0.0957
v  -0.1688 0.4195 0.0955
v  -0.1712 0.4130 0.0959
v  -0.1775 0.4103 0.0968
v  -0.1839 0.4129 0.0975
v  -0.1847 0.4198 0.1105
v  -0.1823 0.4263 0.1099
v  -0.1761 0.4290 0.1085
v  -0.1698 0.4264 0.1072
v  -0.1670 0.4200 0.1067
v  -0.1693 0.4135 0.1074
v  -0.1755 0.4108 0.1088
v  -0.1818 0.4135 0.1101
v  -0.1817 0.4203 0.1222
v  -0.1795 0.4267 0.1214
v  -0.1734 0.4294 0.1195
v  -0.1672 0.4268 0.1178
v  -0.1644 0.4204 0.1172
v  -0.1667 0.4140 0.1180
v  -0.1728 0.4113 0.1199
v  -0.1789 0.4140 0.1216
v  -0.1782 0.4207 0.1330
v  -0.1761 0.4271 0.1320
v  -0.1701 0.4298 0.1298
v  -0.1641 0.4271 0.1277
v  -0.1614 0.4208 0.1269
v  -0.1636 0.4144 0.1279
v  -0.1695 0.4117 0.1301
v  -0.1755 0.4144 0.1322
v  -0.1742 0.4211 0.1431
v  -0.1721 0.4275 0.1420
v  -0.1664 0.4301 0.1394
v  -0.1605 0.4275 0.1369
v  -0.1579 0.4212 0.1359
v  -0.1600 0.4148 0.1371
v  -0.1658 0.4122 0.1397
v  -0.1716 0.4148 0.1422
v  -0.1697 0.4215 0.1527
v  -0.1676 0.4279 0.1514
v  -0.1621 0.4305 0.1484
v  -0.1565 0.4278 0.1456
v  -0.1539 0.4215 0.1444
v  -0.1560 0.4152 0.1457
v  -0.1615 0.4126 0.1487
v  -0.1671 0.4152 0.1515
v  -0.1645 0.4219 0.1618
v  -0.1626 0.4282 0.1604
v  -0.1573 0.4308 0.1570
v  -0.1519 0.4281 0.1538
v  -0.1495 0.4219 0.1525
v  -0.1514 0.4155 0.1539
v  -0.1567 0.4130 0.1573
v  -0.1621 0.4156 0.1605
v  -0.1587 0.4222 0.1706
v  -0.1569 0.4285 0.1690
v  -0.1519 0.4311 0.1653
v  -0.1468 0.4284 0.1616
v  -0.1444 0.4222 0.1602
v  -0.1463 0.4159 0.1618
v  -0.1513 0.4133 0.1655
v  -0.1564 0.4160 0.1691
v  -0.1523 0.4225 0.1788
v  -0.1505 0.4288 0.1771
v  -0.1458 0.4313 0.1731
v  -0.1410 0.4287 0.1691
v  -0.1388 0.4225 0.1675
v  -0.1405 0.4162 0.1692
v  -0.1453 0.4137 0.1733
v  -0.1501 0.4164 0.1772
v  -0.1454 0.4228 0.1865
v  -0.1438 0.4291 0.1847
v  -0.1394 0.4316 0.1804
v  -0.1348 0.4289 0.1762
v  -0.1327 0.4228 0.1744
v  -0.1343 0.4165 0.1763
v  -0.1388 0.4140 0.1806
v  -0.1433 0.4167 0.1848
v  -0.1383 0.4231 0.1936
v  -0.1368 0.4294 0.1917
v  -0.1326 0.4319 0.1871
v  -0.1283 0.4292 0.1827
v  -0.1264 0.4230 0.1809
v  -0.1279 0.4168 0.1828
v  -0.1321 0.4143 0.1874
v  -0.1364 0.4170 0.1918
v  -0.1312 0.4234 0.2001
v  -0.1298 0.4296 0.1981
v  -0.1258 0.4321 0.1933
v  -0.1218 0.4294 0.1887
v  -0.1199 0.4233 0.1868
v  -0.1213 0.4170 0.1888
v  -0.1253 0.4146 0.1936
v  -0.1293 0.4173 0.1982
v  -0.1239 0.4236 0.2059
v  -0.1226 0.4298 0.2039
v  -0.1189 0.4323 0.1989
v  -0.1152 0.4296 0.1941
v  -0.1134 0.4235 0.1921
v  -0.1147 0.4173 0.1942
v  -0.1184 0.4148 0.1992
v  -0.1222 0.4175 0.2040
v  -0.1164 0.4239 0.2113
v  -0.1153 0.4300 0.2091
v  -0.1119 0.4325 0.2040
v  -0.1084 0.4298 0.1989
v  -0.1068 0.4237 0.1969
v  -0.1080 0.4175 0.1990
v  -0.1114 0.4150 0.2042
v  -0.1148 0.4177 0.2092
v  -0.1088 0.4241 0.2161
v  -0.1077 0.4302 0.2139
v  -0.1047 0.4326 0.2085
v  -0.1015 0.4300 0.2033
v  -0.1000 0.4238 0.2012
v  -0.1011 0.4177 0.2034
v  -0.1042 0.4153 0.2088
v  -0.1073 0.4180 0.2140
v  -0.1009 0.4242 0.2205
v  -0.0999 0.4304 0.2182
v  -0.0972 0.4328 0.2127
v  -0.0944 0.4301 0.2073
v  -0.0930 0.4240 0.2051
v  -0.0940 0.4178 0.2074
v  -0.0967 0.4154 0.2129
v  -0.0995 0.4181 0.2183
v  -0.0926 0.4244 0.2244
v  -0.0918 0.4305 0.2220
v  -0.0895 0.4329 0.2164
v  -0.0870 0.4302 0.2108
v  -0.0857 0.4241 0.2085
v  -0.0866 0.4180 0.2109
v  -0.0890 0.4156 0.2166
v  -0.0914 0.4183 0.2221
v  -0.0841 0.4245 0.2278
v  -0.0834 0.4306 0.2254
v  -0.0814 0.4330 0.2196
v  -0.0793 0.4303 0.2139
v  -0.0782 0.4242 0.2116
v  -0.0789 0.4181 0.2140
v  -0.0809 0.4157 0.2198
v  -0.0830 0.4185 0.2255
v  -0.0752 0.4247 0.2307
v  -0.0747 0.4307 0.2282
v  -0.0731 0.4331 0.2223
v  -0.0713 0.4304 0.2165
v  -0.0704 0.4243 0.2142
v  -0.0709 0.4182 0.2166
v  -0.0726 0.4159 0.2226
v  -0.0744 0.4186 0.2283
v  -0.0663 0.4248 0.2331
v  -0.0659 0.4308 0.2306
v  -0.0645 0.4332 0.2246
v  -0.0630 0.4305 0.2188
v  -0.0622 0.4244 0.2163
v  -0.0626 0.4183 0.2188
v  -0.0640 0.4160 0.2249
v  -0.0655 0.4187 0.2307
v  -0.0571 0.4249 0.2351
v  -0.0568 0.4309 0.2326
v  -0.0557 0.4333 0.2265
v  -0.0545 0.4306 0.2206
v  -0.0538 0.4245 0.2182
v  -0.0541 0.4184 0.2207
v  -0.0552 0.4161 0.2268
v  -0.0565 0.4188 0.2326
v  -0.0479 0.4249 0.2367
v  -0.0477 0.4310 0.2342
v  -0.0468 0.4333 0.2281
v  -0.0458 0.4306 0.2222
v  -0.0452 0.4245 0.2197
v  -0.0454 0.4184 0.2223
v  -0.0463 0.4161 0.2284
v  -0.0473 0.4188 0.2343
v  -0.0384 0.4250 0.2380
v  -0.0383 0.4310 0.2355
v  -0.0377 0.4334 0.2294
v  -0.0369 0.4307 0.2234
v  -0.0365 0.4246 0.2209
v  -0.0366 0.4185 0.2235
v  -0.0372 0.4162 0.2296
v  -0.0379 0.4189 0.2356
v  -0.0287 0.4250 0.2389
v  -0.0287 0.4311 0.2363
v  -0.0283 0.4334 0.2302
v  -0.0279 0.4307 0.2242
v  -0.0275 0.4246 0.2218
v  -0.0275 0.4185 0.2243
v  -0.0279 0.4162 0.2305
v  -0.0284 0.4189 0.2364
v  -0.0189 0.4250 0.2394
v  -0.0189 0.4311 0.2368
v  -0.0188 0.4334 0.2307
v  -0.0186 0.4307 0.2247
v  -0.0183 0.4246 0.2222
v  -0.0182 0.4186 0.2248
v  -0.0184 0.4162 0.2309
v  -0.0186 0.4190 0.2369
v  -0.0089 0.4251 0.2395
v  -0.0091 0.4311 0.2369
v  -0.0091 0.4334 0.2308
v  -0.0091 0.4307 0.2248
v  -0.0089 0.4246 0.2223
v  -0.0087 0.4186 0.2249
v  -0.0086 0.4162 0.2311
v  -0.0087 0.4190 0.2370
v  0.1863 0.4166 -0.1567
v  0.1896 0.4093 -0.1565
v  0.1790 0.4196 -0.1567
v  0.1717 0.4165 -0.1567
v  0.1690 0.4090 -0.1565
v  0.1722 0.4018 -0.1564
v  0.1795 0.3987 -0.1564
v  0.1869 0.4019 -0.1564
v  -0.1900 0.4090 -0.1565
v  -0.1873 0.4165 -0.1567
v  -0.1800 0.4196 -0.1567
v  -0.1727 0.4166 -0.1567
v  -0.1694 0.4093 -0.1565
v  -0.1721 0.4019 -0.1564
v  -0.1795 0.3987 -0.1564
v  -0.1868 0.4018 -0.1564
v  0.1795 0.3987 -0.1607
v  0.1869 0.4018 -0.1608
v  0.1722 0.4017 -0.1608
v  0.1689 0.4090 -0.1609
v  0.1897 0.4093 -0.1609
v  0.1717 0.4164 -0.1610
v  0.1790 0.4196 -0.1610
v  0.1864 0.4166 -0.1610
v  -0.1901 0.4090 -0.1609
v  -0.1868 0.4017 -0.1608
v  -0.1693 0.4093 -0.1609
v  -0.1726 0.4166 -0.1610
v  -0.1800 0.4196 -0.1610
v  -0.1873 0.4164 -0.1610
v  -0.1795 0.3987 -0.1607
v  -0.1721 0.4018 -0.1608
v  0.0656 0.4329 0.1877
v  0.0779 0.4309 0.1646
v  0.0376 0.4291 0.1565
v  0.0351 0.4316 0.1828
v  0.0265 0.4348 0.2142
v  0.0511 0.4353 0.2112
v  0.0391 0.4244 0.0774
v  0.0393 0.4254 0.0973
v  0.0882 0.4272 0.1000
v  0.0889 0.4262 0.0774
v  0.0392 0.4210 0.0775
v  0.0890 0.4228 0.0775
v  0.0883 0.4239 0.1002
v  0.0393 0.4220 0.0975
v  0.0385 0.4279 0.1369
v  0.0827 0.4297 0.1439
v  0.0863 0.4284 0.1223
v  0.0391 0.4266 0.1172
v  0.0828 0.4263 0.1442
v  0.0386 0.4245 0.1372
v  0.0391 0.4232 0.1174
v  0.0864 0.4250 0.1225
v  0.1122 0.4334 0.1802
v  0.0875 0.4348 0.1989
v  0.0706 0.4355 0.2092
v  0.1258 0.4323 0.1574
v  0.1359 0.4311 0.1321
v  0.1361 0.4277 0.1323
v  0.1259 0.4289 0.1576
v  0.1419 0.4299 0.1051
v  0.1420 0.4265 0.1053
v  0.1446 0.4287 0.0774
v  0.1448 0.4253 0.0775
v  0.0267 0.4378 0.2338
v  0.0269 0.4345 0.2401
v  0.0585 0.4344 0.2370
v  0.0585 0.4377 0.2304
v  0.1086 0.4369 0.2098
v  0.1166 0.4334 0.2127
v  0.1411 0.4326 0.1925
v  0.1332 0.4361 0.1897
v  0.0816 0.4374 0.2229
v  0.0887 0.4340 0.2277
v  0.1612 0.4316 0.1678
v  0.1529 0.4352 0.1658
v  0.1762 0.4305 0.1397
v  0.1678 0.4341 0.1384
v  0.1854 0.4293 0.1092
v  0.1763 0.4329 0.1085
v  0.1886 0.4280 0.0773
v  0.1814 0.4317 0.0774
v  0.0371 0.4155 -0.1538
v  0.0375 0.4178 -0.0984
v  0.0870 0.4194 -0.0984
v  0.0866 0.4172 -0.1538
v  0.0371 0.4122 -0.1537
v  0.0867 0.4138 -0.1536
v  0.0872 0.4160 -0.0982
v  0.0375 0.4144 -0.0982
v  0.0387 0.4225 0.0219
v  0.0884 0.4242 0.0219
v  0.0388 0.4191 0.0221
v  0.0886 0.4208 0.0221
v  0.1439 0.4218 -0.0984
v  0.1437 0.4196 -0.1538
v  0.1439 0.4162 -0.1536
v  0.1440 0.4184 -0.0982
v  0.1444 0.4266 0.0219
v  0.1446 0.4232 0.0221
v  0.1813 0.4225 -0.1538
v  0.1813 0.4247 -0.0984
v  0.1889 0.4211 -0.0983
v  0.1890 0.4189 -0.1537
v  0.1811 0.4191 -0.1536
v  0.1862 0.4161 -0.1536
v  0.1861 0.4183 -0.0982
v  0.1811 0.4213 -0.0982
v  0.1814 0.4295 0.0219
v  0.1887 0.4258 0.0220
v  0.0560 0.4364 0.2240
v  0.0267 0.4363 0.2273
v  0.1262 0.4347 0.1865
v  0.1015 0.4357 0.2062
v  0.0779 0.4364 0.2183
v  0.1438 0.4337 0.1630
v  0.1572 0.4326 0.1363
v  0.1648 0.4314 0.1074
v  0.1691 0.4302 0.0774
v  0.1688 0.4232 -0.0983
v  0.1688 0.4211 -0.1538
v  0.1690 0.4177 -0.1536
v  0.1691 0.4199 -0.0982
v  0.1691 0.4280 0.0220
v  0.0865 0.4168 -0.1655
v  0.0370 0.4151 -0.1655
v  0.0370 0.4117 -0.1654
v  0.0866 0.4134 -0.1654
v  0.0865 0.4167 -0.1668
v  0.0370 0.4151 -0.1668
v  0.0370 0.4117 -0.1667
v  0.0866 0.4133 -0.1667
v  0.1813 0.4221 -0.1655
v  0.1687 0.4206 -0.1655
v  0.1690 0.4172 -0.1654
v  0.1811 0.4186 -0.1654
v  0.1813 0.4220 -0.1668
v  0.1687 0.4205 -0.1668
v  0.1690 0.4172 -0.1667
v  0.1811 0.4185 -0.1667
v  0.1437 0.4192 -0.1655
v  0.1438 0.4158 -0.1654
v  0.1437 0.4191 -0.1668
v  0.1438 0.4157 -0.1667
v  0.1890 0.4184 -0.1654
v  0.1862 0.4157 -0.1653
v  0.1890 0.4184 -0.1668
v  0.1862 0.4156 -0.1666
v  0.0657 0.4295 0.1881
v  0.0352 0.4282 0.1832
v  0.0377 0.4257 0.1567
v  0.0780 0.4275 0.1649
v  0.0265 0.4315 0.2146
v  0.0512 0.4319 0.2116
v  0.1123 0.4301 0.1805
v  0.0875 0.4314 0.1993
v  0.0707 0.4323 0.2095
v  0.0267 0.4343 0.2337
v  0.0584 0.4342 0.2303
v  0.0579 0.4317 0.2342
v  0.0267 0.4318 0.2372
v  0.1085 0.4334 0.2097
v  0.1330 0.4326 0.1897
v  0.1391 0.4298 0.1906
v  0.1150 0.4306 0.2104
v  0.0815 0.4339 0.2228
v  0.0876 0.4312 0.2251
v  0.1527 0.4317 0.1659
v  0.1588 0.4288 0.1664
v  0.1676 0.4306 0.1385
v  0.1736 0.4277 0.1387
v  0.1761 0.4294 0.1086
v  0.1827 0.4264 0.1088
v  0.1811 0.4282 0.0775
v  0.1858 0.4253 0.0773
v  0.1811 0.4260 0.0221
v  0.1859 0.4231 0.0221
v  0.0267 0.4330 0.2278
v  0.0561 0.4330 0.2245
v  0.1017 0.4323 0.2066
v  0.1264 0.4313 0.1870
v  0.0780 0.4330 0.2187
v  0.1441 0.4303 0.1634
v  0.1575 0.4292 0.1366
v  0.1651 0.4280 0.1076
v  0.1694 0.4268 0.0775
v  0.1694 0.4246 0.0221
v  0.1813 0.4213 -0.1668
v  0.1688 0.4198 -0.1668
v  0.1437 0.4184 -0.1668
v  0.1884 0.4178 -0.1667
v  0.0865 0.4160 -0.1668
v  0.0866 0.4142 -0.1667
v  0.0370 0.4126 -0.1667
v  0.1811 0.4195 -0.1667
v  0.1690 0.4180 -0.1667
v  0.1438 0.4166 -0.1667
v  0.1870 0.4164 -0.1667
v  0.0593 0.4261 0.2390
v  0.0592 0.4281 0.2386
v  0.0273 0.4282 0.2418
v  0.0275 0.4262 0.2422
v  0.0273 0.4261 0.2388
v  0.0272 0.4276 0.2384
v  0.0585 0.4274 0.2353
v  0.0586 0.4259 0.2356
v  0.0900 0.4257 0.2297
v  0.0897 0.4278 0.2293
v  0.0884 0.4270 0.2262
v  0.0886 0.4255 0.2265
v  0.1183 0.4251 0.2144
v  0.1179 0.4271 0.2141
v  0.1160 0.4264 0.2113
v  0.1163 0.4249 0.2116
v  0.1431 0.4243 0.1939
v  0.1426 0.4263 0.1936
v  0.1403 0.4256 0.1913
v  0.1406 0.4240 0.1915
v  0.1634 0.4233 0.1689
v  0.1630 0.4254 0.1687
v  0.1602 0.4246 0.1669
v  0.1605 0.4230 0.1671
v  0.1786 0.4222 0.1404
v  0.1781 0.4242 0.1403
v  0.1750 0.4234 0.1391
v  0.1754 0.4219 0.1392
v  0.1879 0.4209 0.1095
v  0.1874 0.4230 0.1094
v  0.1841 0.4222 0.1089
v  0.1845 0.4207 0.1089
v  0.1911 0.4197 0.0774
v  0.1906 0.4217 0.0774
v  0.1873 0.4210 0.0772
v  0.1877 0.4194 0.0772
v  0.1912 0.4175 0.0219
v  0.1907 0.4195 0.0220
v  0.1874 0.4188 0.0220
v  0.1878 0.4172 0.0220
v  0.1916 0.4105 -0.1538
v  0.1910 0.4126 -0.1538
v  0.1909 0.4148 -0.0983
v  0.1915 0.4127 -0.0984
v  0.1880 0.4124 -0.0983
v  0.1876 0.4140 -0.0983
v  0.1877 0.4118 -0.1537
v  0.1881 0.4103 -0.1537
v  0.1914 0.4106 -0.1655
v  0.1909 0.4126 -0.1655
v  0.1877 0.4113 -0.1655
v  0.1881 0.4098 -0.1655
v  0.1916 0.4100 -0.1668
v  0.1911 0.4121 -0.1668
v  0.1877 0.4113 -0.1668
v  0.1881 0.4097 -0.1668
v  0.1909 0.4099 -0.1668
v  0.1903 0.4119 -0.1668
v  0.1891 0.4098 -0.1668
v  0.1886 0.4115 -0.1668
v  0.1689 0.4265 -0.0150
v  0.1814 0.4280 -0.0150
v  0.1814 0.4277 -0.0224
v  0.1689 0.4263 -0.0224
v  0.1814 0.4274 -0.0298
v  0.1689 0.4260 -0.0298
v  0.0879 0.4227 -0.0150
v  0.1442 0.4251 -0.0150
v  0.1442 0.4248 -0.0224
v  0.0878 0.4224 -0.0224
v  0.1441 0.4245 -0.0298
v  0.0877 0.4222 -0.0298
v  0.1444 0.4217 -0.0149
v  0.0880 0.4193 -0.0149
v  0.0879 0.4191 -0.0223
v  0.1443 0.4214 -0.0223
v  0.0878 0.4188 -0.0297
v  0.1443 0.4212 -0.0297
v  0.0382 0.4211 -0.0150
v  0.0381 0.4208 -0.0224
v  0.0381 0.4205 -0.0298
v  0.1811 0.4246 -0.0149
v  0.1692 0.4232 -0.0149
v  0.1692 0.4229 -0.0223
v  0.1811 0.4243 -0.0223
v  0.1692 0.4226 -0.0297
v  0.1811 0.4240 -0.0297
v  0.0383 0.4177 -0.0149
v  0.0382 0.4174 -0.0223
v  0.0381 0.4171 -0.0297
v  0.1859 0.4217 -0.0149
v  0.1859 0.4229 -0.0222
v  0.1860 0.4211 -0.0296
v  0.1887 0.4244 -0.0150
v  0.1887 0.4256 -0.0224
v  0.1888 0.4238 -0.0297
v  0.1892 0.4232 -0.0223
v  0.1892 0.4230 -0.0285
v  0.1892 0.4234 -0.0162
v  0.1908 0.4181 -0.0150
v  0.1907 0.4181 -0.0163
v  0.1913 0.4160 -0.0150
v  0.1913 0.4160 -0.0163
v  0.1879 0.4157 -0.0150
v  0.1875 0.4173 -0.0150
v  0.1874 0.4173 -0.0162
v  0.1879 0.4158 -0.0162
v  0.1864 0.4207 -0.0161
v  0.1864 0.4205 -0.0222
v  0.1865 0.4202 -0.0285
v  0.1875 0.4167 -0.0298
v  0.1875 0.4167 -0.0285
v  0.1879 0.4152 -0.0298
v  0.1879 0.4151 -0.0286
v  0.1913 0.4154 -0.0298
v  0.1908 0.4175 -0.0298
v  0.1908 0.4175 -0.0286
v  0.1913 0.4154 -0.0286
v  0.1883 0.4175 -0.0162
v  0.1871 0.4214 -0.0162
v  0.1871 0.4212 -0.0222
v  0.1871 0.4209 -0.0285
v  0.1883 0.4169 -0.0285
v  0.1901 0.4179 -0.0163
v  0.1887 0.4229 -0.0162
v  0.1887 0.4227 -0.0223
v  0.1887 0.4224 -0.0285
v  0.1902 0.4173 -0.0286
v  0.1888 0.4158 -0.0163
v  0.1906 0.4160 -0.0163
v  0.1906 0.4154 -0.0286
v  0.1888 0.4152 -0.0286
v  -0.0656 0.4329 0.1877
v  -0.0351 0.4316 0.1828
v  -0.0376 0.4291 0.1565
v  -0.0779 0.4309 0.1646
v  -0.0265 0.4348 0.2142
v  -0.0511 0.4353 0.2112
v  -0.0391 0.4244 0.0774
v  -0.0889 0.4262 0.0774
v  -0.0882 0.4272 0.1000
v  -0.0393 0.4254 0.0973
v  -0.0392 0.4210 0.0775
v  -0.0393 0.4220 0.0975
v  -0.0883 0.4239 0.1002
v  -0.0890 0.4228 0.0775
v  -0.0385 0.4279 0.1369
v  -0.0827 0.4297 0.1439
v  -0.0391 0.4266 0.1172
v  -0.0863 0.4284 0.1223
v  -0.0828 0.4263 0.1442
v  -0.0864 0.4250 0.1225
v  -0.0391 0.4232 0.1174
v  -0.0386 0.4245 0.1372
v  -0.1122 0.4334 0.1802
v  -0.0875 0.4348 0.1989
v  -0.0706 0.4355 0.2092
v  -0.1258 0.4323 0.1574
v  -0.1359 0.4311 0.1321
v  -0.1259 0.4289 0.1576
v  -0.1361 0.4277 0.1323
v  -0.1419 0.4299 0.1051
v  -0.1420 0.4265 0.1053
v  -0.1446 0.4287 0.0774
v  -0.1448 0.4253 0.0775
v  -0.0267 0.4378 0.2338
v  -0.0585 0.4377 0.2304
v  -0.0585 0.4344 0.2370
v  -0.0269 0.4345 0.2401
v  -0.1086 0.4369 0.2098
v  -0.1332 0.4361 0.1897
v  -0.1411 0.4326 0.1925
v  -0.1166 0.4334 0.2127
v  -0.0816 0.4374 0.2229
v  -0.0887 0.4340 0.2277
v  -0.1529 0.4352 0.1658
v  -0.1612 0.4316 0.1678
v  -0.1678 0.4341 0.1384
v  -0.1762 0.4305 0.1397
v  -0.1763 0.4329 0.1085
v  -0.1854 0.4293 0.1092
v  -0.1814 0.4317 0.0774
v  -0.1886 0.4280 0.0773
v  -0.0371 0.4155 -0.1538
v  -0.0866 0.4172 -0.1538
v  -0.0870 0.4194 -0.0984
v  -0.0375 0.4178 -0.0984
v  -0.0371 0.4122 -0.1537
v  -0.0375 0.4144 -0.0982
v  -0.0872 0.4160 -0.0982
v  -0.0867 0.4138 -0.1536
v  -0.0387 0.4225 0.0219
v  -0.0884 0.4242 0.0219
v  -0.0388 0.4191 0.0221
v  -0.0886 0.4208 0.0221
v  -0.1437 0.4196 -0.1538
v  -0.1439 0.4218 -0.0984
v  -0.1440 0.4184 -0.0982
v  -0.1439 0.4162 -0.1536
v  -0.1444 0.4266 0.0219
v  -0.1446 0.4232 0.0221
v  -0.1813 0.4225 -0.1538
v  -0.1890 0.4189 -0.1537
v  -0.1889 0.4211 -0.0983
v  -0.1813 0.4247 -0.0984
v  -0.1811 0.4191 -0.1536
v  -0.1811 0.4213 -0.0982
v  -0.1861 0.4183 -0.0982
v  -0.1862 0.4161 -0.1536
v  -0.1814 0.4295 0.0219
v  -0.1887 0.4258 0.0220
v  -0.0267 0.4363 0.2273
v  -0.0560 0.4364 0.2240
v  -0.1015 0.4357 0.2062
v  -0.1262 0.4347 0.1865
v  -0.0779 0.4364 0.2183
v  -0.1438 0.4337 0.1630
v  -0.1572 0.4326 0.1363
v  -0.1648 0.4314 0.1074
v  -0.1691 0.4302 0.0774
v  -0.1688 0.4211 -0.1538
v  -0.1688 0.4232 -0.0983
v  -0.1691 0.4199 -0.0982
v  -0.1690 0.4177 -0.1536
v  -0.1691 0.4280 0.0220
v  -0.0370 0.4151 -0.1655
v  -0.0865 0.4168 -0.1655
v  -0.0866 0.4134 -0.1654
v  -0.0370 0.4117 -0.1654
v  -0.0370 0.4151 -0.1668
v  -0.0865 0.4167 -0.1668
v  -0.0866 0.4133 -0.1667
v  -0.0370 0.4117 -0.1667
v  -0.1687 0.4206 -0.1655
v  -0.1813 0.4221 -0.1655
v  -0.1811 0.4186 -0.1654
v  -0.1690 0.4172 -0.1654
v  -0.1687 0.4205 -0.1668
v  -0.1813 0.4220 -0.1668
v  -0.1811 0.4185 -0.1667
v  -0.1690 0.4172 -0.1667
v  -0.1437 0.4192 -0.1655
v  -0.1438 0.4158 -0.1654
v  -0.1437 0.4191 -0.1668
v  -0.1438 0.4157 -0.1667
v  -0.1890 0.4184 -0.1654
v  -0.1862 0.4157 -0.1653
v  -0.1890 0.4184 -0.1668
v  -0.1862 0.4156 -0.1666
v  -0.0657 0.4295 0.1881
v  -0.0780 0.4275 0.1649
v  -0.0377 0.4257 0.1567
v  -0.0352 0.4282 0.1832
v  -0.0265 0.4315 0.2146
v  -0.0512 0.4319 0.2116
v  -0.1123 0.4301 0.1805
v  -0.0875 0.4314 0.1993
v  -0.0707 0.4323 0.2095
v  -0.0267 0.4343 0.2337
v  -0.0267 0.4318 0.2372
v  -0.0579 0.4317 0.2342
v  -0.0584 0.4342 0.2303
v  -0.1085 0.4334 0.2097
v  -0.1150 0.4306 0.2104
v  -0.1391 0.4298 0.1906
v  -0.1330 0.4326 0.1897
v  -0.0815 0.4339 0.2228
v  -0.0876 0.4312 0.2251
v  -0.1588 0.4288 0.1664
v  -0.1527 0.4317 0.1659
v  -0.1736 0.4277 0.1387
v  -0.1676 0.4306 0.1385
v  -0.1827 0.4264 0.1088
v  -0.1761 0.4294 0.1086
v  -0.1858 0.4253 0.0773
v  -0.1811 0.4282 0.0775
v  -0.1811 0.4260 0.0221
v  -0.1859 0.4231 0.0221
v  -0.0561 0.4330 0.2245
v  -0.0267 0.4330 0.2278
v  -0.1264 0.4313 0.1870
v  -0.1017 0.4323 0.2066
v  -0.0780 0.4330 0.2187
v  -0.1441 0.4303 0.1634
v  -0.1575 0.4292 0.1366
v  -0.1651 0.4280 0.1076
v  -0.1694 0.4268 0.0775
v  -0.1694 0.4246 0.0221
v  -0.0370 0.4144 -0.1668
v  -0.0865 0.4160 -0.1668
v  -0.1688 0.4198 -0.1668
v  -0.1813 0.4213 -0.1668
v  -0.1437 0.4184 -0.1668
v  -0.1884 0.4178 -0.1667
v  -0.0866 0.4142 -0.1667
v  -0.0370 0.4126 -0.1667
v  -0.1690 0.4180 -0.1667
v  -0.1811 0.4195 -0.1667
v  -0.1438 0.4166 -0.1667
v  -0.1870 0.4164 -0.1667
v  -0.0593 0.4261 0.2390
v  -0.0275 0.4262 0.2422
v  -0.0273 0.4282 0.2418
v  -0.0592 0.4281 0.2386
v  -0.0273 0.4261 0.2388
v  -0.0586 0.4259 0.2356
v  -0.0585 0.4274 0.2353
v  -0.0272 0.4276 0.2384
v  -0.0900 0.4257 0.2297
v  -0.0897 0.4278 0.2293
v  -0.0886 0.4255 0.2265
v  -0.0884 0.4270 0.2262
v  -0.1183 0.4251 0.2144
v  -0.1179 0.4271 0.2141
v  -0.1163 0.4249 0.2116
v  -0.1160 0.4264 0.2113
v  -0.1431 0.4243 0.1939
v  -0.1426 0.4263 0.1936
v  -0.1406 0.4240 0.1915
v  -0.1403 0.4256 0.1913
v  -0.1634 0.4233 0.1689
v  -0.1630 0.4254 0.1687
v  -0.1605 0.4230 0.1671
v  -0.1602 0.4246 0.1669
v  -0.1786 0.4222 0.1404
v  -0.1781 0.4242 0.1403
v  -0.1754 0.4219 0.1392
v  -0.1750 0.4234 0.1391
v  -0.1879 0.4209 0.1095
v  -0.1874 0.4230 0.1094
v  -0.1845 0.4207 0.1089
v  -0.1841 0.4222 0.1089
v  -0.1911 0.4197 0.0774
v  -0.1906 0.4217 0.0774
v  -0.1877 0.4194 0.0772
v  -0.1873 0.4210 0.0772
v  -0.1912 0.4175 0.0219
v  -0.1907 0.4195 0.0220
v  -0.1878 0.4172 0.0220
v  -0.1874 0.4188 0.0220
v  -0.1916 0.4105 -0.1538
v  -0.1915 0.4127 -0.0984
v  -0.1909 0.4148 -0.0983
v  -0.1910 0.4126 -0.1538
v  -0.1880 0.4124 -0.0983
v  -0.1881 0.4103 -0.1537
v  -0.1877 0.4118 -0.1537
v  -0.1876 0.4140 -0.0983
v  -0.1914 0.4106 -0.1655
v  -0.1909 0.4126 -0.1655
v  -0.1881 0.4098 -0.1655
v  -0.1877 0.4113 -0.1655
v  -0.1916 0.4100 -0.1668
v  -0.1911 0.4121 -0.1668
v  -0.1881 0.4097 -0.1668
v  -0.1877 0.4113 -0.1668
v  -0.1909 0.4099 -0.1668
v  -0.1903 0.4119 -0.1668
v  -0.1891 0.4098 -0.1668
v  -0.1886 0.4115 -0.1668
v  -0.1689 0.4265 -0.0150
v  -0.1689 0.4263 -0.0224
v  -0.1814 0.4277 -0.0224
v  -0.1814 0.4280 -0.0150
v  -0.1689 0.4260 -0.0298
v  -0.1814 0.4274 -0.0298
v  -0.0879 0.4227 -0.0150
v  -0.0878 0.4224 -0.0224
v  -0.1442 0.4248 -0.0224
v  -0.1442 0.4251 -0.0150
v  -0.0877 0.4222 -0.0298
v  -0.1441 0.4245 -0.0298
v  -0.1444 0.4217 -0.0149
v  -0.1443 0.4214 -0.0223
v  -0.0879 0.4191 -0.0223
v  -0.0880 0.4193 -0.0149
v  -0.1443 0.4212 -0.0297
v  -0.0878 0.4188 -0.0297
v  -0.0382 0.4211 -0.0150
v  -0.0381 0.4208 -0.0224
v  -0.0381 0.4205 -0.0298
v  -0.1811 0.4246 -0.0149
v  -0.1811 0.4243 -0.0223
v  -0.1692 0.4229 -0.0223
v  -0.1692 0.4232 -0.0149
v  -0.1811 0.4240 -0.0297
v  -0.1692 0.4226 -0.0297
v  -0.0382 0.4174 -0.0223
v  -0.0383 0.4177 -0.0149
v  -0.0381 0.4171 -0.0297
v  -0.1859 0.4217 -0.0149
v  -0.1859 0.4229 -0.0222
v  -0.1860 0.4211 -0.0296
v  -0.1887 0.4256 -0.0224
v  -0.1887 0.4244 -0.0150
v  -0.1888 0.4238 -0.0297
v  -0.1892 0.4230 -0.0285
v  -0.1892 0.4232 -0.0223
v  -0.1892 0.4234 -0.0162
v  -0.1907 0.4181 -0.0163
v  -0.1908 0.4181 -0.0150
v  -0.1913 0.4160 -0.0163
v  -0.1913 0.4160 -0.0150
v  -0.1879 0.4157 -0.0150
v  -0.1879 0.4158 -0.0162
v  -0.1874 0.4173 -0.0162
v  -0.1875 0.4173 -0.0150
v  -0.1864 0.4207 -0.0161
v  -0.1864 0.4205 -0.0222
v  -0.1865 0.4202 -0.0285
v  -0.1875 0.4167 -0.0285
v  -0.1875 0.4167 -0.0298
v  -0.1879 0.4151 -0.0286
v  -0.1879 0.4152 -0.0298
v  -0.1913 0.4154 -0.0298
v  -0.1913 0.4154 -0.0286
v  -0.1908 0.4175 -0.0286
v  -0.1908 0.4175 -0.0298
v  -0.1883 0.4175 -0.0162
v  -0.1871 0.4214 -0.0162
v  -0.1871 0.4212 -0.0222
v  -0.1871 0.4209 -0.0285
v  -0.1883 0.4169 -0.0285
v  -0.1887 0.4229 -0.0162
v  -0.1901 0.4179 -0.0163
v  -0.1887 0.4227 -0.0223
v  -0.1887 0.4224 -0.0285
v  -0.1902 0.4173 -0.0286
v  -0.1888 0.4158 -0.0163
v  -0.1906 0.4160 -0.0163
v  -0.1906 0.4154 -0.0286
v  -0.1888 0.4152 -0.0286
v  0.0000 0.4290 0.1532
v  0.0000 0.4276 0.1342
v  0.0000 0.4208 -0.0150
v  0.0000 0.4205 -0.0224
v  0.0000 0.4202 -0.0298
v  0.0000 0.4314 0.1806
v  0.0000 0.4250 0.0963
v  0.0000 0.4242 0.0774
v  0.0000 0.4216 0.0965
v  0.0000 0.4208 0.0775
v  0.0000 0.4378 0.2337
v  0.0000 0.4345 0.2401
v  0.0000 0.4348 0.2140
v  0.0000 0.4314 0.2144
v  0.0000 0.4280 0.1809
v  0.0000 0.4264 0.1153
v  0.0000 0.4230 0.1155
v  0.0000 0.4242 0.1345
v  0.0000 0.4221 0.0219
v  0.0000 0.4187 0.0221
v  0.0000 0.4153 -0.1538
v  0.0000 0.4177 -0.0984
v  0.0000 0.4143 -0.0982
v  0.0000 0.4119 -0.1537
v  0.0000 0.4363 0.2271
v  0.0000 0.4150 -0.1655
v  0.0000 0.4116 -0.1655
v  0.0000 0.4150 -0.1668
v  0.0000 0.4116 -0.1668
v  0.0000 0.4256 0.1535
v  0.0000 0.4318 0.2372
v  0.0000 0.4343 0.2336
v  0.0000 0.4330 0.2277
v  0.0000 0.4174 -0.0149
v  0.0000 0.4171 -0.0223
v  0.0000 0.4168 -0.0297
v  0.0876 0.4217 -0.0401
v  0.0380 0.4201 -0.0401
v  0.0380 0.4167 -0.0400
v  0.0877 0.4183 -0.0400
v  0.1441 0.4241 -0.0401
v  0.1443 0.4207 -0.0400
v  0.1888 0.4234 -0.0400
v  0.1814 0.4270 -0.0401
v  0.1811 0.4236 -0.0400
v  0.1860 0.4207 -0.0399
v  0.1689 0.4256 -0.0401
v  0.1692 0.4222 -0.0400
v  0.1914 0.4150 -0.0401
v  0.1908 0.4171 -0.0401
v  0.1875 0.4163 -0.0400
v  0.1879 0.4147 -0.0401
v  -0.0380 0.4201 -0.0401
v  -0.0876 0.4217 -0.0401
v  -0.0877 0.4183 -0.0400
v  -0.0380 0.4167 -0.0400
v  -0.1441 0.4241 -0.0401
v  -0.1443 0.4207 -0.0400
v  -0.1814 0.4270 -0.0401
v  -0.1888 0.4234 -0.0400
v  -0.1860 0.4207 -0.0399
v  -0.1811 0.4236 -0.0400
v  -0.1689 0.4256 -0.0401
v  -0.1692 0.4222 -0.0400
v  -0.1908 0.4171 -0.0401
v  -0.1914 0.4150 -0.0401
v  -0.1879 0.4147 -0.0401
v  -0.1875 0.4163 -0.0400
v  0.0000 0.4198 -0.0401
v  0.0000 0.4164 -0.0400
v  0.1887 0.4247 -0.0061
v  0.1814 0.4284 -0.0062
v  0.1913 0.4164 -0.0062
v  0.1907 0.4184 -0.0061
v  0.1859 0.4220 -0.0060
v  0.1874 0.4176 -0.0061
v  0.0384 0.4180 -0.0060
v  0.0882 0.4197 -0.0060
v  0.1444 0.4221 -0.0060
v  0.1693 0.4235 -0.0060
v  0.0880 0.4231 -0.0062
v  0.0384 0.4214 -0.0062
v  0.1690 0.4269 -0.0061
v  0.1443 0.4255 -0.0062
v  0.1811 0.4249 -0.0060
v  0.1878 0.4161 -0.0061
v  -0.1814 0.4284 -0.0062
v  -0.1887 0.4247 -0.0061
v  -0.1907 0.4184 -0.0061
v  -0.1913 0.4164 -0.0062
v  -0.1874 0.4176 -0.0061
v  -0.1859 0.4220 -0.0060
v  -0.0882 0.4197 -0.0060
v  -0.0384 0.4180 -0.0060
v  -0.1693 0.4235 -0.0060
v  -0.1444 0.4221 -0.0060
v  -0.0384 0.4214 -0.0062
v  -0.0880 0.4231 -0.0062
v  -0.1443 0.4255 -0.0062
v  -0.1690 0.4269 -0.0061
v  -0.1811 0.4249 -0.0060
v  -0.1878 0.4161 -0.0061
v  0.0000 0.4211 -0.0062
v  0.0000 0.4177 -0.0060
v  0.0593 0.4206 0.2390
v  0.0275 0.4207 0.2422
v  0.0900 0.4202 0.2297
v  0.1183 0.4196 0.2144
v  0.1431 0.4188 0.1939
v  0.1634 0.4178 0.1689
v  0.1786 0.4167 0.1404
v  0.1879 0.4154 0.1095
v  0.1911 0.4142 0.0774
v  0.1912 0.4120 0.0219
v  0.1916 0.4050 -0.1538
v  0.1915 0.4072 -0.0984
v  0.1916 0.4045 -0.1668
v  0.1914 0.4051 -0.1655
v  0.1909 0.4044 -0.1668
v  0.0273 0.4206 0.2388
v  0.0586 0.4204 0.2356
v  0.0886 0.4200 0.2265
v  0.1163 0.4194 0.2116
v  0.1406 0.4185 0.1915
v  0.1605 0.4175 0.1671
v  0.1754 0.4164 0.1392
v  0.1845 0.4152 0.1089
v  0.1877 0.4139 0.0772
v  0.1878 0.4117 0.0220
v  0.1880 0.4069 -0.0983
v  0.1881 0.4048 -0.1537
v  0.1891 0.4043 -0.1668
v  0.1881 0.4043 -0.1655
v  0.1881 0.4042 -0.1668
v  0.1913 0.4105 -0.0163
v  0.1913 0.4105 -0.0150
v  0.1906 0.4105 -0.0163
v  0.1888 0.4103 -0.0163
v  0.1879 0.4102 -0.0150
v  0.1879 0.4103 -0.0162
v  0.1879 0.4096 -0.0286
v  0.1879 0.4097 -0.0298
v  0.1888 0.4097 -0.0286
v  0.1906 0.4099 -0.0286
v  0.1913 0.4099 -0.0298
v  0.1913 0.4099 -0.0286
v  -0.0275 0.4207 0.2422
v  -0.0593 0.4206 0.2390
v  -0.0900 0.4202 0.2297
v  -0.1183 0.4196 0.2144
v  -0.1431 0.4188 0.1939
v  -0.1634 0.4178 0.1689
v  -0.1786 0.4167 0.1404
v  -0.1879 0.4154 0.1095
v  -0.1911 0.4142 0.0774
v  -0.1912 0.4120 0.0219
v  -0.1915 0.4072 -0.0984
v  -0.1916 0.4050 -0.1538
v  -0.1914 0.4051 -0.1655
v  -0.1916 0.4045 -0.1668
v  -0.1909 0.4044 -0.1668
v  -0.0586 0.4204 0.2356
v  -0.0273 0.4206 0.2388
v  -0.0886 0.4200 0.2265
v  -0.1163 0.4194 0.2116
v  -0.1406 0.4185 0.1915
v  -0.1605 0.4175 0.1671
v  -0.1754 0.4164 0.1392
v  -0.1845 0.4152 0.1089
v  -0.1877 0.4139 0.0772
v  -0.1878 0.4117 0.0220
v  -0.1881 0.4048 -0.1537
v  -0.1880 0.4069 -0.0983
v  -0.1891 0.4043 -0.1668
v  -0.1881 0.4042 -0.1668
v  -0.1881 0.4043 -0.1655
v  -0.1913 0.4105 -0.0150
v  -0.1913 0.4105 -0.0163
v  -0.1906 0.4105 -0.0163
v  -0.1888 0.4103 -0.0163
v  -0.1879 0.4103 -0.0162
v  -0.1879 0.4102 -0.0150
v  -0.1879 0.4097 -0.0298
v  -0.1879 0.4096 -0.0286
v  -0.1888 0.4097 -0.0286
v  -0.1906 0.4099 -0.0286
v  -0.1913 0.4099 -0.0286
v  -0.1913 0.4099 -0.0298
v  0.1914 0.4095 -0.0401
v  0.1879 0.4092 -0.0401
v  -0.1914 0.4095 -0.0401
v  -0.1879 0.4092 -0.0401
v  0.1913 0.4109 -0.0062
v  0.1878 0.4106 -0.0061
v  -0.1913 0.4109 -0.0062
v  -0.1878 0.4106 -0.0061
v  0.0274 0.4207 0.2415
v  0.0592 0.4205 0.2383
v  0.0897 0.4201 0.2290
v  0.1178 0.4195 0.2138
v  0.1425 0.4187 0.1934
v  0.1628 0.4177 0.1685
v  0.1779 0.4166 0.1402
v  0.1872 0.4154 0.1094
v  0.1904 0.4141 0.0773
v  0.1905 0.4119 0.0219
v  0.1907 0.4072 -0.0984
v  0.1908 0.4050 -0.1538
v  0.1907 0.4050 -0.1655
v  0.0273 0.4206 0.2397
v  0.0588 0.4204 0.2365
v  0.0890 0.4201 0.2273
v  0.1168 0.4194 0.2123
v  0.1412 0.4186 0.1921
v  0.1613 0.4176 0.1676
v  0.1762 0.4165 0.1395
v  0.1854 0.4152 0.1091
v  0.1886 0.4140 0.0773
v  0.1887 0.4118 0.0220
v  0.1889 0.4070 -0.0983
v  0.1890 0.4048 -0.1538
v  0.1890 0.4045 -0.1655
v  0.1906 0.4104 -0.0150
v  0.1888 0.4103 -0.0150
v  0.1888 0.4097 -0.0298
v  0.1906 0.4099 -0.0298
v  -0.0592 0.4205 0.2383
v  -0.0274 0.4207 0.2415
v  -0.0897 0.4201 0.2290
v  -0.1178 0.4195 0.2138
v  -0.1425 0.4187 0.1934
v  -0.1628 0.4177 0.1685
v  -0.1779 0.4166 0.1402
v  -0.1872 0.4154 0.1094
v  -0.1904 0.4141 0.0773
v  -0.1905 0.4119 0.0219
v  -0.1908 0.4050 -0.1538
v  -0.1907 0.4072 -0.0984
v  -0.1907 0.4050 -0.1655
v  -0.0588 0.4204 0.2365
v  -0.0273 0.4206 0.2397
v  -0.0890 0.4201 0.2273
v  -0.1168 0.4194 0.2123
v  -0.1412 0.4186 0.1921
v  -0.1613 0.4176 0.1676
v  -0.1762 0.4165 0.1395
v  -0.1854 0.4152 0.1091
v  -0.1886 0.4140 0.0773
v  -0.1887 0.4118 0.0220
v  -0.1890 0.4048 -0.1538
v  -0.1889 0.4070 -0.0983
v  -0.1890 0.4045 -0.1655
v  -0.1906 0.4104 -0.0150
v  -0.1888 0.4103 -0.0150
v  -0.1888 0.4097 -0.0298
v  -0.1906 0.4099 -0.0298
v  0.1906 0.4095 -0.0401
v  0.1888 0.4093 -0.0401
v  -0.1906 0.4095 -0.0401
v  -0.1888 0.4093 -0.0401
v  0.1887 0.4107 -0.0061
v  0.1905 0.4108 -0.0062
v  -0.1905 0.4108 -0.0062
v  -0.1887 0.4107 -0.0061
v  0.0000 0.4262 0.2422
v  0.0000 0.4207 0.2422
v  0.0000 0.4207 0.2415
v  0.0000 0.4206 0.2397
v  0.0000 0.4206 0.2388
v  0.0000 0.4261 0.2388
v  0.0000 0.4276 0.2384
v  0.0000 0.4282 0.2418
v  0.0948 0.7568 -0.1844
v  0.0959 0.7568 -0.1919
v  0.1205 0.7519 -0.1806
v  0.1222 0.7517 -0.1880
v  0.1416 0.7447 -0.1755
v  0.1438 0.7442 -0.1828
v  -0.0959 0.7568 -0.1919
v  -0.0948 0.7568 -0.1844
v  -0.1222 0.7517 -0.1880
v  -0.1205 0.7519 -0.1806
v  -0.1438 0.7442 -0.1828
v  -0.1416 0.7447 -0.1755
v  0.1783 0.6903 -0.1460
v  0.1820 0.6869 -0.1539
v  0.1842 0.6490 -0.1367
v  0.1804 0.6524 -0.1289
v  0.0301 0.7578 -0.1968
v  0.0651 0.7572 -0.1955
v  0.0646 0.7571 -0.1861
v  0.0304 0.7577 -0.1874
v  0.0957 0.7547 -0.1928
v  0.0944 0.7547 -0.1836
v  0.1217 0.7497 -0.1890
v  0.1198 0.7499 -0.1799
v  0.1431 0.7422 -0.1838
v  0.1406 0.7429 -0.1749
v  0.1597 0.7326 -0.1769
v  0.1567 0.7337 -0.1682
v  0.1718 0.7202 -0.1696
v  0.1684 0.7220 -0.1611
v  0.1792 0.7048 -0.1622
v  0.1756 0.7075 -0.1540
v  0.0000 0.7577 -0.1875
v  0.0000 0.7579 -0.1969
v  -0.1783 0.6903 -0.1460
v  -0.1804 0.6524 -0.1289
v  -0.1842 0.6490 -0.1367
v  -0.1820 0.6869 -0.1539
v  -0.0301 0.7578 -0.1968
v  -0.0304 0.7577 -0.1874
v  -0.0646 0.7571 -0.1861
v  -0.0651 0.7572 -0.1955
v  -0.0944 0.7547 -0.1836
v  -0.0957 0.7547 -0.1928
v  -0.1198 0.7499 -0.1799
v  -0.1217 0.7497 -0.1890
v  -0.1406 0.7429 -0.1749
v  -0.1431 0.7422 -0.1838
v  -0.1567 0.7337 -0.1682
v  -0.1597 0.7326 -0.1769
v  -0.1684 0.7220 -0.1611
v  -0.1718 0.7202 -0.1696
v  -0.1756 0.7075 -0.1540
v  -0.1792 0.7048 -0.1622
v  0.1974 0.6933 -0.1408
v  0.1972 0.6933 -0.1407
v  0.1940 0.7143 -0.1504
v  0.1943 0.7143 -0.1505
v  -0.1860 0.7325 -0.1592
v  -0.1857 0.7324 -0.1590
v  -0.1940 0.7143 -0.1504
v  -0.1943 0.7143 -0.1505
v  -0.1952 0.7154 -0.1488
v  -0.1949 0.7154 -0.1487
v  -0.1864 0.7337 -0.1573
v  -0.1867 0.7338 -0.1575
v  -0.1874 0.7153 -0.1440
v  -0.1794 0.7322 -0.1521
v  -0.1725 0.7476 -0.1668
v  -0.1723 0.7475 -0.1667
v  -0.1728 0.7489 -0.1650
v  -0.1731 0.7491 -0.1652
v  -0.1665 0.7460 -0.1595
v  0.1860 0.7325 -0.1592
v  0.1857 0.7324 -0.1590
v  0.1723 0.7475 -0.1667
v  0.1725 0.7476 -0.1668
v  -0.1540 0.7592 -0.1743
v  -0.1538 0.7591 -0.1741
v  -0.1489 0.7558 -0.1687
v  -0.1542 0.7606 -0.1725
v  -0.1545 0.7608 -0.1727
v  -0.1489 0.7567 -0.1666
v  0.1538 0.7591 -0.1741
v  0.1540 0.7592 -0.1743
v  0.1489 0.7558 -0.1687
v  -0.1305 0.7681 -0.1801
v  -0.1303 0.7679 -0.1799
v  -0.1264 0.7639 -0.1742
v  -0.1306 0.7695 -0.1783
v  -0.1308 0.7697 -0.1785
v  -0.1263 0.7648 -0.1721
v  -0.1972 0.6933 -0.1407
v  -0.1974 0.6933 -0.1408
v  0.1303 0.7679 -0.1799
v  0.1305 0.7681 -0.1801
v  0.1264 0.7639 -0.1742
v  -0.1020 0.7739 -0.1847
v  -0.1019 0.7737 -0.1845
v  -0.0991 0.7693 -0.1785
v  -0.1984 0.6942 -0.1390
v  -0.1980 0.6942 -0.1389
v  -0.1904 0.6958 -0.1350
v  -0.1020 0.7753 -0.1830
v  -0.1022 0.7755 -0.1832
v  -0.0991 0.7702 -0.1764
v  0.1019 0.7737 -0.1845
v  0.1020 0.7739 -0.1847
v  0.0991 0.7693 -0.1785
v  -0.0686 0.7781 -0.1861
v  -0.0687 0.7784 -0.1863
v  -0.0672 0.7728 -0.1793
v  -0.0686 0.7768 -0.1879
v  -0.0685 0.7766 -0.1877
v  0.0685 0.7766 -0.1877
v  0.0686 0.7768 -0.1879
v  -0.0304 0.7774 -0.1896
v  -0.0304 0.7772 -0.1894
v  -0.0304 0.7787 -0.1878
v  -0.0304 0.7790 -0.1880
v  -0.0306 0.7734 -0.1808
v  0.0304 0.7772 -0.1894
v  0.0304 0.7774 -0.1896
v  0.0000 0.7771 -0.1902
v  0.0000 0.7769 -0.1900
v  -0.1993 0.6554 -0.1235
v  -0.1996 0.6553 -0.1236
v  0.0000 0.7785 -0.1884
v  0.0000 0.7788 -0.1886
v  0.0000 0.7733 -0.1810
v  -0.2005 0.6562 -0.1217
v  -0.2002 0.6562 -0.1216
v  -0.1925 0.6578 -0.1177
v  0.1996 0.6553 -0.1236
v  0.1993 0.6554 -0.1235
v  0.1867 0.7338 -0.1575
v  0.1864 0.7337 -0.1573
v  0.1949 0.7154 -0.1487
v  0.1952 0.7154 -0.1488
v  0.1794 0.7322 -0.1521
v  0.1874 0.7153 -0.1440
v  0.1731 0.7491 -0.1652
v  0.1728 0.7489 -0.1650
v  0.1665 0.7460 -0.1595
v  0.0304 0.7787 -0.1878
v  0.0304 0.7790 -0.1880
v  0.0306 0.7734 -0.1808
v  0.1545 0.7608 -0.1727
v  0.1542 0.7606 -0.1725
v  0.1489 0.7567 -0.1666
v  0.1308 0.7697 -0.1785
v  0.1306 0.7695 -0.1783
v  0.1263 0.7648 -0.1721
v  0.1980 0.6942 -0.1389
v  0.1984 0.6942 -0.1390
v  0.1904 0.6958 -0.1350
v  0.1022 0.7755 -0.1832
v  0.1020 0.7753 -0.1830
v  0.0991 0.7702 -0.1764
v  0.0687 0.7784 -0.1863
v  0.0686 0.7781 -0.1861
v  0.0672 0.7728 -0.1793
v  0.2002 0.6562 -0.1216
v  0.2005 0.6562 -0.1217
v  0.1925 0.6578 -0.1177
v  0.1925 0.6488 -0.1376
v  0.1904 0.6867 -0.1549
v  0.1928 0.6488 -0.1377
v  0.1907 0.6867 -0.1550
v  -0.0987 0.7610 -0.1984
v  -0.0665 0.7637 -0.2014
v  -0.0988 0.7613 -0.1987
v  -0.0666 0.7640 -0.2016
v  -0.1261 0.7563 -0.1924
v  -0.1487 0.7481 -0.1869
v  -0.1263 0.7565 -0.1926
v  -0.1489 0.7483 -0.1871
v  -0.0298 0.7643 -0.2029
v  -0.0298 0.7646 -0.2032
v  -0.0299 0.7651 -0.2011
v  -0.0666 0.7645 -0.1995
v  -0.0299 0.7653 -0.2013
v  -0.0667 0.7647 -0.1997
v  -0.1794 0.7234 -0.1721
v  -0.1874 0.7064 -0.1640
v  -0.1796 0.7235 -0.1722
v  -0.1877 0.7065 -0.1641
v  0.0000 0.7642 -0.2032
v  0.0000 0.7645 -0.2034
v  -0.1925 0.6480 -0.1395
v  -0.1903 0.6859 -0.1567
v  -0.1928 0.6479 -0.1396
v  -0.1907 0.6859 -0.1568
v  -0.0987 0.7618 -0.1966
v  -0.0988 0.7620 -0.1968
v  0.1794 0.7225 -0.1739
v  0.1873 0.7056 -0.1658
v  0.1797 0.7226 -0.1741
v  0.1877 0.7056 -0.1659
v  0.1261 0.7563 -0.1924
v  0.0987 0.7618 -0.1966
v  0.1263 0.7565 -0.1926
v  0.0988 0.7620 -0.1968
v  0.1665 0.7365 -0.1814
v  0.1668 0.7366 -0.1816
v  0.0298 0.7643 -0.2029
v  0.0298 0.7646 -0.2032
v  0.1488 0.7472 -0.1887
v  0.1490 0.7474 -0.1889
v  0.1874 0.7064 -0.1640
v  0.1877 0.7065 -0.1641
v  -0.1665 0.7374 -0.1796
v  -0.1667 0.7375 -0.1797
v  0.1794 0.7234 -0.1721
v  0.1665 0.7374 -0.1796
v  0.1796 0.7235 -0.1722
v  0.1667 0.7375 -0.1797
v  0.1261 0.7555 -0.1942
v  0.1263 0.7557 -0.1945
v  0.1903 0.6859 -0.1567
v  0.1907 0.6859 -0.1568
v  0.0987 0.7610 -0.1984
v  0.0988 0.7613 -0.1987
v  0.0665 0.7637 -0.2014
v  0.0666 0.7640 -0.2016
v  -0.1904 0.6867 -0.1549
v  -0.1925 0.6488 -0.1376
v  -0.1907 0.6867 -0.1550
v  -0.1928 0.6488 -0.1377
v  0.1925 0.6480 -0.1395
v  0.1928 0.6479 -0.1396
v  0.1487 0.7481 -0.1869
v  0.1489 0.7483 -0.1871
v  0.0666 0.7645 -0.1995
v  0.0299 0.7651 -0.2011
v  0.0667 0.7647 -0.1997
v  0.0299 0.7653 -0.2013
v  0.0000 0.7650 -0.2014
v  0.0000 0.7652 -0.2016
v  -0.1873 0.7056 -0.1658
v  -0.1794 0.7225 -0.1739
v  -0.1877 0.7056 -0.1659
v  -0.1797 0.7226 -0.1741
v  -0.1665 0.7365 -0.1814
v  -0.1668 0.7366 -0.1816
v  -0.1488 0.7472 -0.1887
v  -0.1490 0.7474 -0.1889
v  -0.1261 0.7555 -0.1942
v  -0.1263 0.7557 -0.1945
v  -0.1945 0.6111 -0.1206
v  -0.1942 0.6111 -0.1205
v  -0.2010 0.6177 -0.1064
v  -0.2013 0.6177 -0.1065
v  -0.1942 0.6103 -0.1224
v  -0.1945 0.6103 -0.1225
v  -0.1942 0.6192 -0.1027
v  0.1844 0.6149 -0.1118
v  0.1874 0.6120 -0.1182
v  0.1942 0.6111 -0.1205
v  0.1945 0.6111 -0.1206
v  0.1859 0.6113 -0.1196
v  0.1822 0.6148 -0.1118
v  -0.2022 0.6185 -0.1046
v  -0.2019 0.6186 -0.1045
v  -0.1859 0.6113 -0.1196
v  -0.1874 0.6120 -0.1182
v  -0.1844 0.6149 -0.1118
v  0.1942 0.6103 -0.1224
v  0.2010 0.6177 -0.1064
v  0.1942 0.6192 -0.1027
v  0.2013 0.6177 -0.1065
v  0.1945 0.6103 -0.1225
v  -0.1822 0.6148 -0.1118
v  0.1942 0.6201 -0.1007
v  0.2019 0.6186 -0.1045
v  -0.1942 0.6201 -0.1007
v  0.2022 0.6185 -0.1046
v  0.1875 0.6559 -0.1216
v  0.1854 0.6939 -0.1389
v  0.1846 0.6547 -0.1243
v  0.1825 0.6926 -0.1415
v  0.0306 0.7635 -0.1844
v  0.0654 0.7629 -0.1830
v  0.0660 0.7665 -0.1814
v  0.0306 0.7672 -0.1828
v  0.0957 0.7605 -0.1803
v  0.0970 0.7640 -0.1787
v  0.1217 0.7556 -0.1764
v  0.1233 0.7589 -0.1746
v  0.1431 0.7481 -0.1713
v  0.1451 0.7512 -0.1694
v  0.1599 0.7385 -0.1644
v  0.1622 0.7412 -0.1624
v  0.1721 0.7260 -0.1572
v  0.1747 0.7283 -0.1551
v  0.1797 0.7106 -0.1498
v  0.1825 0.7124 -0.1474
v  0.0000 0.7672 -0.1831
v  0.0000 0.7634 -0.1846
v  -0.1854 0.6939 -0.1389
v  -0.1875 0.6559 -0.1216
v  -0.1846 0.6547 -0.1243
v  -0.1825 0.6926 -0.1415
v  -0.0654 0.7629 -0.1830
v  -0.0306 0.7635 -0.1844
v  -0.0660 0.7665 -0.1814
v  -0.0306 0.7672 -0.1828
v  -0.0957 0.7605 -0.1803
v  -0.0970 0.7640 -0.1787
v  -0.1217 0.7556 -0.1764
v  -0.1233 0.7589 -0.1746
v  -0.1431 0.7481 -0.1713
v  -0.1451 0.7512 -0.1694
v  -0.1599 0.7385 -0.1644
v  -0.1622 0.7412 -0.1624
v  -0.1721 0.7260 -0.1572
v  -0.1747 0.7283 -0.1551
v  -0.1797 0.7106 -0.1498
v  -0.1825 0.7124 -0.1474
v  0.1831 0.6552 -0.1228
v  0.1809 0.6931 -0.1400
v  0.0653 0.7620 -0.1810
v  0.0306 0.7626 -0.1823
v  0.0955 0.7596 -0.1783
v  0.1213 0.7548 -0.1744
v  0.1424 0.7475 -0.1693
v  0.1589 0.7380 -0.1626
v  0.1708 0.7259 -0.1555
v  0.1782 0.7108 -0.1482
v  0.0000 0.7626 -0.1825
v  -0.1831 0.6552 -0.1228
v  -0.1809 0.6931 -0.1400
v  -0.0306 0.7626 -0.1823
v  -0.0653 0.7620 -0.1810
v  -0.0955 0.7596 -0.1783
v  -0.1213 0.7548 -0.1744
v  -0.1424 0.7475 -0.1693
v  -0.1589 0.7380 -0.1626
v  -0.1708 0.7259 -0.1555
v  -0.1782 0.7108 -0.1482
v  0.1838 0.6953 -0.1356
v  0.1859 0.6574 -0.1184
v  0.0659 0.7666 -0.1776
v  0.0306 0.7672 -0.1789
v  0.0966 0.7641 -0.1748
v  0.1227 0.7591 -0.1708
v  0.1443 0.7515 -0.1656
v  0.1611 0.7417 -0.1588
v  0.1733 0.7291 -0.1516
v  0.1809 0.7135 -0.1441
v  0.0000 0.7672 -0.1791
v  -0.1859 0.6574 -0.1184
v  -0.1838 0.6953 -0.1356
v  -0.0659 0.7666 -0.1776
v  -0.0306 0.7672 -0.1789
v  -0.0966 0.7641 -0.1748
v  -0.1227 0.7591 -0.1708
v  -0.1443 0.7515 -0.1656
v  -0.1611 0.7417 -0.1588
v  -0.1733 0.7291 -0.1516
v  -0.1809 0.7135 -0.1441
v  0.1892 0.6183 -0.1046
v  0.1876 0.6197 -0.1014
v  0.1864 0.6170 -0.1072
v  -0.1864 0.6170 -0.1072
v  -0.1876 0.6197 -0.1014
v  -0.1848 0.6176 -0.1058
v  -0.1892 0.6183 -0.1046
v  0.1848 0.6176 -0.1058
v  0.0322 0.6108 -0.1312
v  0.0319 0.6497 -0.1446
v  0.0000 0.6496 -0.1457
v  0.0000 0.6104 -0.1323
v  0.0325 0.6091 -0.1345
v  0.0000 0.6087 -0.1357
v  0.0000 0.6484 -0.1492
v  0.0322 0.6485 -0.1482
v  0.0647 0.6123 -0.1280
v  0.0641 0.6503 -0.1417
v  0.0654 0.6105 -0.1313
v  0.0648 0.6491 -0.1452
v  0.0936 0.6148 -0.1238
v  0.0929 0.6512 -0.1376
v  0.0946 0.6129 -0.1270
v  0.0940 0.6499 -0.1411
v  0.0316 0.6900 -0.1583
v  0.0000 0.6902 -0.1592
v  0.0000 0.6896 -0.1630
v  0.0319 0.6894 -0.1620
v  0.0635 0.6894 -0.1554
v  0.0642 0.6888 -0.1592
v  0.0923 0.6884 -0.1514
v  0.0933 0.6878 -0.1551
v  0.1189 0.6523 -0.1329
v  0.1181 0.6876 -0.1466
v  0.1191 0.6869 -0.1504
v  0.1199 0.6509 -0.1363
v  0.1194 0.6176 -0.1190
v  0.1205 0.6155 -0.1221
v  0.0315 0.7132 -0.1655
v  0.0000 0.7135 -0.1663
v  0.0000 0.7127 -0.1701
v  0.0317 0.7124 -0.1693
v  0.0632 0.7125 -0.1630
v  0.0638 0.7117 -0.1668
v  0.0920 0.7113 -0.1593
v  0.0928 0.7104 -0.1631
v  0.1176 0.7100 -0.1549
v  0.1184 0.7090 -0.1588
v  0.1693 0.6559 -0.1220
v  0.1441 0.6539 -0.1275
v  0.1448 0.6205 -0.1134
v  0.1711 0.6228 -0.1072
v  0.1691 0.6540 -0.1258
v  0.1710 0.6205 -0.1106
v  0.1454 0.6183 -0.1167
v  0.1448 0.6523 -0.1311
v  0.1429 0.6874 -0.1414
v  0.1435 0.6864 -0.1453
v  0.1673 0.6890 -0.1366
v  0.1670 0.6875 -0.1406
v  0.1416 0.7093 -0.1502
v  0.1420 0.7080 -0.1541
v  0.1645 0.7101 -0.1459
v  0.1641 0.7082 -0.1498
v  0.0315 0.7324 -0.1707
v  0.0000 0.7326 -0.1714
v  0.0000 0.7316 -0.1753
v  0.0315 0.7314 -0.1746
v  0.0314 0.7545 -0.1760
v  0.0000 0.7548 -0.1765
v  0.0000 0.7534 -0.1806
v  0.0313 0.7532 -0.1801
v  0.0633 0.7316 -0.1685
v  0.0638 0.7305 -0.1724
v  0.0641 0.7534 -0.1742
v  0.0641 0.7520 -0.1783
v  0.0922 0.7302 -0.1652
v  0.0937 0.7509 -0.1712
v  0.0935 0.7493 -0.1753
v  0.0928 0.7290 -0.1691
v  0.1176 0.7283 -0.1612
v  0.1190 0.7470 -0.1672
v  0.1186 0.7452 -0.1713
v  0.1180 0.7269 -0.1651
v  0.1402 0.7265 -0.1568
v  0.1401 0.7421 -0.1625
v  0.1394 0.7400 -0.1666
v  0.1404 0.7247 -0.1607
v  0.1601 0.7260 -0.1529
v  0.1549 0.7374 -0.1583
v  0.1540 0.7349 -0.1622
v  0.1596 0.7236 -0.1568
v  -0.0322 0.6108 -0.1312
v  -0.0319 0.6497 -0.1446
v  -0.0325 0.6091 -0.1345
v  -0.0322 0.6485 -0.1482
v  -0.0647 0.6123 -0.1280
v  -0.0641 0.6503 -0.1417
v  -0.0654 0.6105 -0.1313
v  -0.0648 0.6491 -0.1452
v  -0.0936 0.6148 -0.1238
v  -0.0929 0.6512 -0.1376
v  -0.0946 0.6129 -0.1270
v  -0.0940 0.6499 -0.1411
v  -0.0316 0.6900 -0.1583
v  -0.0319 0.6894 -0.1620
v  -0.0635 0.6894 -0.1554
v  -0.0642 0.6888 -0.1592
v  -0.0923 0.6884 -0.1514
v  -0.0933 0.6878 -0.1551
v  -0.1181 0.6876 -0.1466
v  -0.1189 0.6523 -0.1329
v  -0.1199 0.6509 -0.1363
v  -0.1191 0.6869 -0.1504
v  -0.1194 0.6176 -0.1190
v  -0.1205 0.6155 -0.1221
v  -0.0315 0.7132 -0.1655
v  -0.0317 0.7124 -0.1693
v  -0.0632 0.7125 -0.1630
v  -0.0638 0.7117 -0.1668
v  -0.0920 0.7113 -0.1593
v  -0.0928 0.7104 -0.1631
v  -0.1176 0.7100 -0.1549
v  -0.1184 0.7090 -0.1588
v  -0.1693 0.6559 -0.1220
v  -0.1711 0.6228 -0.1072
v  -0.1448 0.6205 -0.1134
v  -0.1441 0.6539 -0.1275
v  -0.1691 0.6540 -0.1258
v  -0.1448 0.6523 -0.1311
v  -0.1454 0.6183 -0.1167
v  -0.1710 0.6205 -0.1106
v  -0.1429 0.6874 -0.1414
v  -0.1435 0.6864 -0.1453
v  -0.1673 0.6890 -0.1366
v  -0.1670 0.6875 -0.1406
v  -0.1416 0.7093 -0.1502
v  -0.1420 0.7080 -0.1541
v  -0.1645 0.7101 -0.1459
v  -0.1641 0.7082 -0.1498
v  -0.0315 0.7324 -0.1707
v  -0.0315 0.7314 -0.1746
v  -0.0314 0.7545 -0.1760
v  -0.0313 0.7532 -0.1801
v  -0.0633 0.7316 -0.1685
v  -0.0638 0.7305 -0.1724
v  -0.0641 0.7534 -0.1742
v  -0.0641 0.7520 -0.1783
v  -0.0937 0.7509 -0.1712
v  -0.0922 0.7302 -0.1652
v  -0.0928 0.7290 -0.1691
v  -0.0935 0.7493 -0.1753
v  -0.1190 0.7470 -0.1672
v  -0.1176 0.7283 -0.1612
v  -0.1180 0.7269 -0.1651
v  -0.1186 0.7452 -0.1713
v  -0.1401 0.7421 -0.1625
v  -0.1402 0.7265 -0.1568
v  -0.1404 0.7247 -0.1607
v  -0.1394 0.7400 -0.1666
v  -0.1549 0.7374 -0.1583
v  -0.1601 0.7260 -0.1529
v  -0.1596 0.7236 -0.1568
v  -0.1540 0.7349 -0.1622
v  0.1855 0.6014 -0.0984
v  0.1884 0.6036 -0.0940
v  0.1763 0.6022 -0.0964
v  0.1766 0.6006 -0.0998
v  0.1440 0.5993 -0.1044
v  0.1448 0.5977 -0.1078
v  0.1198 0.5969 -0.1107
v  0.1209 0.5954 -0.1141
v  0.0949 0.5951 -0.1162
v  0.0960 0.5937 -0.1196
v  0.0662 0.5933 -0.1216
v  0.0669 0.5920 -0.1251
v  0.0327 0.5909 -0.1290
v  0.0324 0.5923 -0.1255
v  0.0000 0.5922 -0.1270
v  0.0000 0.5910 -0.1306
v  -0.0324 0.5923 -0.1255
v  -0.0327 0.5909 -0.1290
v  -0.0662 0.5933 -0.1216
v  -0.0669 0.5920 -0.1251
v  -0.0949 0.5951 -0.1162
v  -0.0960 0.5937 -0.1196
v  -0.1209 0.5954 -0.1141
v  -0.1198 0.5969 -0.1107
v  -0.1448 0.5977 -0.1078
v  -0.1440 0.5993 -0.1044
v  -0.1763 0.6022 -0.0964
v  -0.1766 0.6006 -0.0998
v  -0.1884 0.6036 -0.0940
v  -0.1855 0.6014 -0.0984
v  -0.1950 0.6044 -0.0935
v  -0.1884 0.6040 -0.0942
v  -0.1950 0.6040 -0.0934
v  -0.1855 0.6018 -0.0986
v  -0.1829 0.5990 -0.1047
v  -0.1829 0.5986 -0.1045
v  -0.1851 0.5991 -0.1047
v  -0.1871 0.6013 -0.1001
v  -0.1851 0.5987 -0.1045
v  -0.1871 0.6009 -0.0999
v  -0.1899 0.6025 -0.0974
v  -0.1950 0.6035 -0.0956
v  -0.1900 0.6021 -0.0973
v  -0.1950 0.6031 -0.0954
v  -0.2026 0.6028 -0.0974
v  -0.2026 0.6024 -0.0972
v  -0.1866 0.5956 -0.1125
v  -0.1866 0.5952 -0.1123
v  -0.1882 0.5963 -0.1111
v  -0.1882 0.5959 -0.1109
v  -0.2029 0.6028 -0.0975
v  -0.2030 0.6024 -0.0973
v  -0.1949 0.5946 -0.1152
v  -0.1949 0.5942 -0.1150
v  -0.1950 0.5954 -0.1134
v  -0.1950 0.5950 -0.1132
v  -0.1953 0.5945 -0.1153
v  -0.1953 0.5941 -0.1151
v  -0.2018 0.6020 -0.0992
v  -0.2018 0.6016 -0.0990
v  -0.2020 0.6019 -0.0993
v  -0.2021 0.6015 -0.0991
v  -0.1952 0.5954 -0.1135
v  -0.1953 0.5950 -0.1133
v  0.1884 0.6040 -0.0942
v  0.1950 0.6044 -0.0935
v  0.1950 0.6040 -0.0934
v  0.1950 0.6035 -0.0956
v  0.1899 0.6025 -0.0974
v  0.1950 0.6031 -0.0954
v  0.1900 0.6021 -0.0973
v  0.2026 0.6028 -0.0974
v  0.2029 0.6028 -0.0975
v  0.2026 0.6024 -0.0972
v  0.2030 0.6024 -0.0973
v  0.1829 0.5990 -0.1047
v  0.1855 0.6018 -0.0986
v  0.1829 0.5986 -0.1045
v  0.1871 0.6013 -0.1001
v  0.1851 0.5991 -0.1047
v  0.1871 0.6009 -0.0999
v  0.1851 0.5987 -0.1045
v  0.1953 0.5945 -0.1153
v  0.1949 0.5946 -0.1152
v  0.1953 0.5941 -0.1151
v  0.1949 0.5942 -0.1150
v  0.2020 0.6019 -0.0993
v  0.2018 0.6020 -0.0992
v  0.2021 0.6015 -0.0991
v  0.2018 0.6016 -0.0990
v  0.1866 0.5956 -0.1125
v  0.1866 0.5952 -0.1123
v  0.1950 0.5954 -0.1134
v  0.1952 0.5954 -0.1135
v  0.1950 0.5950 -0.1132
v  0.1953 0.5950 -0.1133
v  0.1882 0.5963 -0.1111
v  0.1882 0.5959 -0.1109
v  0.0000 0.5927 -0.1272
v  0.0324 0.5927 -0.1257
v  0.0327 0.5914 -0.1292
v  0.0000 0.5915 -0.1308
v  0.0662 0.5937 -0.1217
v  0.0668 0.5924 -0.1252
v  0.0949 0.5955 -0.1164
v  0.0960 0.5942 -0.1198
v  0.1198 0.5973 -0.1109
v  0.1209 0.5958 -0.1143
v  0.1440 0.5997 -0.1046
v  0.1763 0.6026 -0.0966
v  0.1766 0.6010 -0.1000
v  0.1448 0.5981 -0.1080
v  -0.0324 0.5927 -0.1257
v  -0.0327 0.5914 -0.1292
v  -0.0662 0.5937 -0.1217
v  -0.0668 0.5924 -0.1252
v  -0.0949 0.5955 -0.1164
v  -0.0960 0.5942 -0.1198
v  -0.1198 0.5973 -0.1109
v  -0.1209 0.5958 -0.1143
v  -0.1763 0.6026 -0.0966
v  -0.1440 0.5997 -0.1046
v  -0.1448 0.5981 -0.1080
v  -0.1766 0.6010 -0.1000
v  0.2019 0.6017 -0.0987
v  0.1950 0.6033 -0.0950
v  0.2025 0.6023 -0.0976
v  0.1950 0.6038 -0.0938
v  0.1020 0.7742 -0.1844
v  0.1305 0.7684 -0.1798
v  0.1021 0.7752 -0.1835
v  0.1307 0.7694 -0.1788
v  0.1667 0.7373 -0.1801
v  0.1489 0.7481 -0.1874
v  0.1667 0.7368 -0.1812
v  0.1490 0.7476 -0.1886
v  -0.1541 0.7595 -0.1740
v  -0.1305 0.7684 -0.1798
v  -0.1544 0.7605 -0.1730
v  -0.1307 0.7694 -0.1788
v  0.1847 0.5987 -0.1045
v  0.1879 0.5958 -0.1112
v  0.1834 0.5987 -0.1045
v  0.1869 0.5953 -0.1120
v  -0.1907 0.6865 -0.1553
v  -0.1928 0.6486 -0.1381
v  -0.1907 0.6860 -0.1564
v  -0.1928 0.6481 -0.1392
v  0.1877 0.7063 -0.1645
v  0.1797 0.7233 -0.1726
v  0.1877 0.7058 -0.1656
v  0.1797 0.7228 -0.1737
v  -0.1263 0.7564 -0.1930
v  -0.1489 0.7481 -0.1874
v  -0.1263 0.7559 -0.1941
v  -0.1490 0.7476 -0.1886
v  0.1950 0.5948 -0.1136
v  0.1953 0.5948 -0.1137
v  0.1949 0.5943 -0.1147
v  0.1953 0.5943 -0.1148
v  0.1896 0.6022 -0.0970
v  0.1887 0.6026 -0.0961
v  -0.2015 0.6178 -0.1061
v  -0.1998 0.6555 -0.1232
v  -0.2020 0.6184 -0.1050
v  -0.2003 0.6560 -0.1221
v  0.1263 0.7564 -0.1930
v  0.1263 0.7559 -0.1941
v  0.1928 0.6486 -0.1381
v  0.1907 0.6865 -0.1553
v  0.1928 0.6481 -0.1392
v  0.1907 0.6860 -0.1564
v  0.1945 0.7145 -0.1502
v  0.1976 0.6934 -0.1404
v  0.1950 0.7152 -0.1491
v  0.1982 0.6940 -0.1394
v  -0.0298 0.7651 -0.2017
v  -0.0666 0.7645 -0.2001
v  -0.0298 0.7647 -0.2028
v  -0.0666 0.7641 -0.2012
v  0.0988 0.7619 -0.1972
v  0.0988 0.7614 -0.1983
v  -0.1953 0.5948 -0.1137
v  -0.1950 0.5948 -0.1136
v  -0.1953 0.5943 -0.1148
v  -0.1949 0.5943 -0.1147
v  0.1998 0.6555 -0.1232
v  0.2015 0.6178 -0.1061
v  0.2003 0.6560 -0.1221
v  0.2020 0.6184 -0.1050
v  -0.0304 0.7777 -0.1893
v  0.0000 0.7774 -0.1899
v  -0.0304 0.7787 -0.1884
v  0.0000 0.7784 -0.1889
v  0.1868 0.6010 -0.0996
v  0.1859 0.6013 -0.0987
v  -0.1667 0.7373 -0.1801
v  -0.1797 0.7233 -0.1726
v  -0.1667 0.7368 -0.1812
v  -0.1797 0.7228 -0.1737
v  -0.0988 0.7619 -0.1972
v  -0.0988 0.7614 -0.1983
v  -0.1950 0.6033 -0.0950
v  -0.2019 0.6017 -0.0987
v  -0.1950 0.6038 -0.0938
v  -0.2025 0.6023 -0.0976
v  -0.0686 0.7771 -0.1876
v  -0.0687 0.7781 -0.1866
v  -0.1945 0.7145 -0.1502
v  -0.1861 0.7327 -0.1588
v  -0.1950 0.7152 -0.1491
v  -0.1866 0.7335 -0.1578
v  -0.1976 0.6934 -0.1404
v  -0.1982 0.6940 -0.1394
v  0.0304 0.7777 -0.1893
v  0.0686 0.7771 -0.1876
v  0.0304 0.7787 -0.1884
v  0.0687 0.7781 -0.1866
v  -0.1896 0.6022 -0.0970
v  -0.1887 0.6026 -0.0961
v  -0.1020 0.7742 -0.1844
v  -0.1021 0.7752 -0.1835
v  0.1541 0.7595 -0.1740
v  0.1544 0.7605 -0.1730
v  0.2022 0.6017 -0.0988
v  0.2028 0.6022 -0.0977
v  -0.1727 0.7479 -0.1665
v  -0.1730 0.7488 -0.1655
v  0.0000 0.7651 -0.2020
v  0.0000 0.7646 -0.2031
v  -0.2022 0.6017 -0.0988
v  -0.2028 0.6022 -0.0977
v  -0.1877 0.7063 -0.1645
v  -0.1877 0.7058 -0.1656
v  0.1945 0.6109 -0.1210
v  0.1945 0.6104 -0.1221
v  0.1727 0.7479 -0.1665
v  0.1730 0.7488 -0.1655
v  -0.1847 0.5987 -0.1045
v  -0.1868 0.6010 -0.0996
v  -0.1834 0.5987 -0.1045
v  -0.1859 0.6013 -0.0987
v  0.1861 0.7327 -0.1588
v  0.1866 0.7335 -0.1578
v  0.0298 0.7651 -0.2017
v  0.0298 0.7647 -0.2028
v  -0.1945 0.6109 -0.1210
v  -0.1945 0.6104 -0.1221
v  -0.1879 0.5958 -0.1112
v  -0.1869 0.5953 -0.1120
v  0.0666 0.7645 -0.2001
v  0.0666 0.7641 -0.2012
v  0.1953 0.5952 -0.1139
v  0.1953 0.5947 -0.1150
v  -0.1953 0.5952 -0.1139
v  -0.1953 0.5947 -0.1150
v  0.2022 0.6021 -0.0990
v  0.2028 0.6026 -0.0979
v  -0.2022 0.6021 -0.0990
v  -0.2028 0.6026 -0.0979
v  0.1899 0.0038 0.1526
v  0.1937 0.0012 0.1437
v  0.1970 0.0002 0.1474
v  0.1945 0.0019 0.1532
v  0.2030 0.0001 0.1400
v  0.2030 -0.0005 0.1449
v  0.2123 0.0011 0.1437
v  0.2091 0.0002 0.1474
v  0.2162 0.0038 0.1526
v  0.2116 0.0019 0.1532
v  0.2123 0.0064 0.1615
v  0.2091 0.0036 0.1590
v  0.2030 0.0075 0.1652
v  0.2030 0.0043 0.1614
v  0.1937 0.0064 0.1615
v  0.1970 0.0036 0.1590
v  0.2061 0.0007 0.1503
v  0.2030 0.0003 0.1491
v  0.2074 0.0016 0.1533
v  0.2061 0.0024 0.1562
v  0.2030 0.0028 0.1574
v  0.1999 0.0024 0.1562
v  0.1986 0.0016 0.1533
v  0.1999 0.0007 0.1503
v  0.2059 0.0016 0.1533
v  0.2050 0.0010 0.1513
v  0.2050 0.0021 0.1552
v  0.2030 0.0024 0.1560
v  0.2010 0.0021 0.1552
v  0.2001 0.0016 0.1533
v  0.2010 0.0010 0.1513
v  0.2030 0.0008 0.1505
v  0.2030 0.0016 0.1533
v  0.2137 0.0023 0.1419
v  0.2137 0.0029 0.1417
v  0.2181 0.0059 0.1520
v  0.2181 0.0053 0.1522
v  0.2137 0.0089 0.1622
v  0.2137 0.0083 0.1624
v  0.2030 0.0102 0.1665
v  0.2030 0.0096 0.1666
v  0.1923 0.0089 0.1622
v  0.1923 0.0083 0.1624
v  0.1879 0.0059 0.1520
v  0.1879 0.0053 0.1522
v  0.1923 0.0029 0.1417
v  0.1923 0.0023 0.1419
v  0.2030 0.0016 0.1375
v  0.2030 0.0010 0.1377
v  0.2030 0.0009 0.1379
v  0.2135 0.0022 0.1421
v  0.2179 0.0051 0.1522
v  0.2135 0.0081 0.1623
v  0.2030 0.0094 0.1665
v  0.1925 0.0081 0.1623
v  0.1881 0.0052 0.1522
v  0.1925 0.0022 0.1421
v  0.1923 0.0117 0.1614
v  0.1923 0.0116 0.1614
v  0.2030 0.0128 0.1657
v  0.2030 0.0130 0.1656
v  0.1879 0.0087 0.1512
v  0.1879 0.0086 0.1512
v  0.1923 0.0057 0.1409
v  0.1923 0.0056 0.1410
v  0.2030 0.0044 0.1367
v  0.2030 0.0043 0.1367
v  0.2137 0.0057 0.1409
v  0.2137 0.0056 0.1410
v  0.2181 0.0087 0.1512
v  0.2181 0.0086 0.1512
v  0.2137 0.0117 0.1614
v  0.2137 0.0116 0.1614
v  0.2137 0.0051 0.1411
v  0.2181 0.0081 0.1513
v  0.2137 0.0112 0.1616
v  0.2030 0.0124 0.1658
v  0.1923 0.0112 0.1616
v  0.1879 0.0081 0.1513
v  0.1923 0.0051 0.1411
v  0.2030 0.0039 0.1368
v  0.2030 0.0384 0.1556
v  0.2030 0.0386 0.1555
v  0.1941 0.0376 0.1520
v  0.1941 0.0373 0.1521
v  0.1904 0.0351 0.1434
v  0.1904 0.0348 0.1435
v  0.1941 0.0325 0.1348
v  0.1941 0.0323 0.1349
v  0.2030 0.0315 0.1313
v  0.2030 0.0312 0.1313
v  0.2119 0.0325 0.1348
v  0.2120 0.0323 0.1349
v  0.2157 0.0350 0.1434
v  0.2157 0.0348 0.1435
v  0.2119 0.0376 0.1520
v  0.2120 0.0373 0.1521
v  0.2030 0.0255 0.1607
v  0.1932 0.0244 0.1568
v  0.1891 0.0216 0.1474
v  0.1932 0.0188 0.1379
v  0.2030 0.0177 0.1340
v  0.2128 0.0188 0.1379
v  0.2169 0.0216 0.1474
v  0.2128 0.0244 0.1568
v  0.2030 0.0387 0.1550
v  0.1944 0.0377 0.1516
v  0.2116 0.0377 0.1516
v  0.2152 0.0353 0.1433
v  0.2116 0.0329 0.1351
v  0.2030 0.0319 0.1316
v  0.1944 0.0329 0.1351
v  0.1908 0.0353 0.1433
v  0.2127 0.0362 0.1431
v  0.2098 0.0381 0.1496
v  0.2098 0.0342 0.1365
v  0.2030 0.0334 0.1338
v  0.1962 0.0342 0.1365
v  0.1934 0.0362 0.1431
v  0.1962 0.0381 0.1496
v  0.2030 0.0389 0.1523
v  0.2089 0.0345 0.1375
v  0.2113 0.0361 0.1431
v  0.2030 0.0338 0.1352
v  0.1972 0.0345 0.1375
v  0.1947 0.0361 0.1431
v  0.1972 0.0378 0.1487
v  0.2030 0.0385 0.1510
v  0.2089 0.0378 0.1487
v  0.2030 0.0361 0.1431
v  -0.1898 0.0033 -0.2278
v  -0.1944 0.0014 -0.2282
v  -0.1969 0.0027 -0.2341
v  -0.1937 0.0053 -0.2369
v  -0.2030 0.0033 -0.2366
v  -0.2030 0.0062 -0.2407
v  -0.2091 0.0027 -0.2341
v  -0.2123 0.0053 -0.2369
v  -0.2116 0.0014 -0.2282
v  -0.2162 0.0033 -0.2278
v  -0.2091 0.0001 -0.2223
v  -0.2123 0.0013 -0.2187
v  -0.2030 -0.0005 -0.2199
v  -0.2030 0.0004 -0.2150
v  -0.1969 0.0001 -0.2223
v  -0.1937 0.0013 -0.2187
v  -0.2030 0.0020 -0.2326
v  -0.2061 0.0017 -0.2313
v  -0.2074 0.0011 -0.2283
v  -0.2061 0.0004 -0.2253
v  -0.2030 0.0001 -0.2241
v  -0.1999 0.0004 -0.2253
v  -0.1986 0.0011 -0.2283
v  -0.1999 0.0017 -0.2313
v  -0.2050 0.0015 -0.2303
v  -0.2059 0.0011 -0.2283
v  -0.2050 0.0006 -0.2263
v  -0.2030 0.0004 -0.2255
v  -0.2010 0.0006 -0.2263
v  -0.2001 0.0011 -0.2283
v  -0.2010 0.0015 -0.2303
v  -0.2030 0.0017 -0.2311
v  -0.2030 0.0011 -0.2283
v  -0.2137 0.0072 -0.2379
v  -0.2181 0.0049 -0.2275
v  -0.2181 0.0055 -0.2273
v  -0.2137 0.0078 -0.2378
v  -0.2137 0.0025 -0.2170
v  -0.2137 0.0031 -0.2169
v  -0.2030 0.0016 -0.2127
v  -0.2030 0.0022 -0.2126
v  -0.1923 0.0025 -0.2170
v  -0.1923 0.0031 -0.2169
v  -0.1879 0.0049 -0.2275
v  -0.1879 0.0055 -0.2273
v  -0.1923 0.0072 -0.2379
v  -0.1923 0.0078 -0.2378
v  -0.2030 0.0082 -0.2422
v  -0.2030 0.0088 -0.2421
v  -0.2135 0.0070 -0.2378
v  -0.2030 0.0080 -0.2420
v  -0.2179 0.0047 -0.2275
v  -0.2135 0.0024 -0.2172
v  -0.2030 0.0014 -0.2130
v  -0.1925 0.0024 -0.2172
v  -0.1881 0.0047 -0.2275
v  -0.1925 0.0070 -0.2378
v  -0.1923 0.0060 -0.2163
v  -0.2030 0.0050 -0.2120
v  -0.2030 0.0049 -0.2120
v  -0.1923 0.0058 -0.2163
v  -0.1879 0.0083 -0.2267
v  -0.1879 0.0082 -0.2267
v  -0.1923 0.0106 -0.2371
v  -0.1923 0.0105 -0.2372
v  -0.2030 0.0116 -0.2414
v  -0.2030 0.0115 -0.2415
v  -0.2137 0.0106 -0.2371
v  -0.2137 0.0105 -0.2372
v  -0.2181 0.0083 -0.2267
v  -0.2181 0.0082 -0.2267
v  -0.2137 0.0060 -0.2163
v  -0.2137 0.0058 -0.2163
v  -0.2181 0.0077 -0.2268
v  -0.2137 0.0101 -0.2372
v  -0.2137 0.0054 -0.2164
v  -0.2030 0.0044 -0.2121
v  -0.1923 0.0054 -0.2164
v  -0.1879 0.0077 -0.2268
v  -0.1923 0.0101 -0.2372
v  -0.2030 0.0110 -0.2416
v  -0.2030 0.0321 -0.2084
v  -0.1940 0.0329 -0.2120
v  -0.1941 0.0332 -0.2120
v  -0.2030 0.0324 -0.2084
v  -0.1903 0.0348 -0.2208
v  -0.1904 0.0351 -0.2207
v  -0.1940 0.0368 -0.2295
v  -0.1941 0.0371 -0.2294
v  -0.2030 0.0376 -0.2331
v  -0.2030 0.0379 -0.2330
v  -0.2120 0.0368 -0.2295
v  -0.2119 0.0371 -0.2294
v  -0.2157 0.0348 -0.2208
v  -0.2156 0.0351 -0.2207
v  -0.2120 0.0329 -0.2120
v  -0.2119 0.0332 -0.2120
v  -0.1932 0.0193 -0.2142
v  -0.2030 0.0184 -0.2102
v  -0.1891 0.0214 -0.2238
v  -0.1932 0.0236 -0.2333
v  -0.2030 0.0245 -0.2373
v  -0.2128 0.0236 -0.2333
v  -0.2169 0.0214 -0.2238
v  -0.2128 0.0193 -0.2142
v  -0.1944 0.0335 -0.2122
v  -0.2030 0.0327 -0.2087
v  -0.2116 0.0335 -0.2122
v  -0.2152 0.0354 -0.2206
v  -0.2116 0.0372 -0.2291
v  -0.2030 0.0380 -0.2325
v  -0.1944 0.0372 -0.2291
v  -0.1908 0.0354 -0.2206
v  -0.2098 0.0347 -0.2138
v  -0.2126 0.0362 -0.2204
v  -0.2098 0.0377 -0.2271
v  -0.2030 0.0383 -0.2299
v  -0.1962 0.0377 -0.2271
v  -0.1934 0.0362 -0.2204
v  -0.1962 0.0347 -0.2138
v  -0.2030 0.0341 -0.2110
v  -0.2113 0.0362 -0.2205
v  -0.2089 0.0375 -0.2262
v  -0.2030 0.0380 -0.2285
v  -0.1971 0.0375 -0.2262
v  -0.1947 0.0362 -0.2205
v  -0.1971 0.0349 -0.2147
v  -0.2030 0.0344 -0.2124
v  -0.2089 0.0349 -0.2147
v  -0.2030 0.0362 -0.2205
v  0.1898 0.0033 -0.2278
v  0.1937 0.0053 -0.2369
v  0.1969 0.0027 -0.2341
v  0.1944 0.0014 -0.2282
v  0.2030 0.0062 -0.2407
v  0.2030 0.0033 -0.2366
v  0.2123 0.0053 -0.2369
v  0.2091 0.0027 -0.2341
v  0.2162 0.0033 -0.2278
v  0.2116 0.0014 -0.2282
v  0.2123 0.0013 -0.2187
v  0.2091 0.0001 -0.2223
v  0.2030 0.0004 -0.2150
v  0.2030 -0.0005 -0.2199
v  0.1937 0.0013 -0.2187
v  0.1969 0.0001 -0.2223
v  0.2061 0.0017 -0.2313
v  0.2030 0.0020 -0.2326
v  0.2074 0.0011 -0.2283
v  0.2061 0.0004 -0.2253
v  0.2030 0.0001 -0.2241
v  0.1999 0.0004 -0.2253
v  0.1986 0.0011 -0.2283
v  0.1999 0.0017 -0.2313
v  0.2059 0.0011 -0.2283
v  0.2050 0.0015 -0.2303
v  0.2050 0.0006 -0.2263
v  0.2030 0.0004 -0.2255
v  0.2010 0.0006 -0.2263
v  0.2001 0.0011 -0.2283
v  0.2010 0.0015 -0.2303
v  0.2030 0.0017 -0.2311
v  0.2030 0.0011 -0.2283
v  0.2137 0.0072 -0.2379
v  0.2137 0.0078 -0.2378
v  0.2181 0.0055 -0.2273
v  0.2181 0.0049 -0.2275
v  0.2137 0.0031 -0.2169
v  0.2137 0.0025 -0.2170
v  0.2030 0.0022 -0.2126
v  0.2030 0.0016 -0.2127
v  0.1923 0.0031 -0.2169
v  0.1923 0.0025 -0.2170
v  0.1879 0.0055 -0.2273
v  0.1879 0.0049 -0.2275
v  0.1923 0.0078 -0.2378
v  0.1923 0.0072 -0.2379
v  0.2030 0.0088 -0.2421
v  0.2030 0.0082 -0.2422
v  0.2030 0.0080 -0.2420
v  0.2135 0.0070 -0.2378
v  0.2179 0.0047 -0.2275
v  0.2135 0.0024 -0.2172
v  0.2030 0.0014 -0.2130
v  0.1925 0.0024 -0.2172
v  0.1881 0.0047 -0.2275
v  0.1925 0.0070 -0.2378
v  0.1923 0.0060 -0.2163
v  0.1923 0.0058 -0.2163
v  0.2030 0.0049 -0.2120
v  0.2030 0.0050 -0.2120
v  0.1879 0.0083 -0.2267
v  0.1879 0.0082 -0.2267
v  0.1923 0.0106 -0.2371
v  0.1923 0.0105 -0.2372
v  0.2030 0.0116 -0.2414
v  0.2030 0.0115 -0.2415
v  0.2137 0.0106 -0.2371
v  0.2137 0.0105 -0.2372
v  0.2181 0.0083 -0.2267
v  0.2181 0.0082 -0.2267
v  0.2137 0.0060 -0.2163
v  0.2137 0.0058 -0.2163
v  0.2137 0.0101 -0.2372
v  0.2181 0.0077 -0.2268
v  0.2137 0.0054 -0.2164
v  0.2030 0.0044 -0.2121
v  0.1923 0.0054 -0.2164
v  0.1879 0.0077 -0.2268
v  0.1923 0.0101 -0.2372
v  0.2030 0.0110 -0.2416
v  0.2030 0.0321 -0.2084
v  0.2030 0.0324 -0.2084
v  0.1941 0.0332 -0.2120
v  0.1940 0.0329 -0.2120
v  0.1904 0.0351 -0.2207
v  0.1903 0.0348 -0.2208
v  0.1941 0.0371 -0.2294
v  0.1940 0.0368 -0.2295
v  0.2030 0.0379 -0.2330
v  0.2030 0.0376 -0.2331
v  0.2119 0.0371 -0.2294
v  0.2120 0.0368 -0.2295
v  0.2156 0.0351 -0.2207
v  0.2157 0.0348 -0.2208
v  0.2119 0.0332 -0.2120
v  0.2120 0.0329 -0.2120
v  0.2030 0.0184 -0.2102
v  0.1932 0.0193 -0.2142
v  0.1891 0.0214 -0.2238
v  0.1932 0.0236 -0.2333
v  0.2030 0.0245 -0.2373
v  0.2128 0.0236 -0.2333
v  0.2169 0.0214 -0.2238
v  0.2128 0.0193 -0.2142
v  0.2030 0.0327 -0.2087
v  0.1944 0.0335 -0.2122
v  0.2116 0.0335 -0.2122
v  0.2152 0.0354 -0.2206
v  0.2116 0.0372 -0.2291
v  0.2030 0.0380 -0.2325
v  0.1944 0.0372 -0.2291
v  0.1908 0.0354 -0.2206
v  0.2126 0.0362 -0.2204
v  0.2098 0.0347 -0.2138
v  0.2098 0.0377 -0.2271
v  0.2030 0.0383 -0.2299
v  0.1962 0.0377 -0.2271
v  0.1934 0.0362 -0.2204
v  0.1962 0.0347 -0.2138
v  0.2030 0.0341 -0.2110
v  0.2089 0.0375 -0.2262
v  0.2113 0.0362 -0.2205
v  0.2030 0.0380 -0.2285
v  0.1971 0.0375 -0.2262
v  0.1947 0.0362 -0.2205
v  0.1971 0.0349 -0.2147
v  0.2030 0.0344 -0.2124
v  0.2089 0.0349 -0.2147
v  0.2030 0.0362 -0.2205
v  -0.1899 0.0038 0.1526
v  -0.1945 0.0019 0.1532
v  -0.1970 0.0002 0.1474
v  -0.1937 0.0012 0.1437
v  -0.2030 -0.0005 0.1449
v  -0.2030 0.0001 0.1400
v  -0.2091 0.0002 0.1474
v  -0.2123 0.0011 0.1437
v  -0.2116 0.0019 0.1532
v  -0.2162 0.0038 0.1526
v  -0.2091 0.0036 0.1590
v  -0.2123 0.0064 0.1615
v  -0.2030 0.0043 0.1614
v  -0.2030 0.0075 0.1652
v  -0.1970 0.0036 0.1590
v  -0.1937 0.0064 0.1615
v  -0.2030 0.0003 0.1491
v  -0.2061 0.0007 0.1503
v  -0.2074 0.0016 0.1533
v  -0.2061 0.0024 0.1562
v  -0.2030 0.0028 0.1574
v  -0.1999 0.0024 0.1562
v  -0.1986 0.0016 0.1533
v  -0.1999 0.0007 0.1503
v  -0.2050 0.0010 0.1513
v  -0.2059 0.0016 0.1533
v  -0.2050 0.0021 0.1552
v  -0.2030 0.0024 0.1560
v  -0.2010 0.0021 0.1552
v  -0.2001 0.0016 0.1533
v  -0.2010 0.0010 0.1513
v  -0.2030 0.0008 0.1505
v  -0.2030 0.0016 0.1533
v  -0.2137 0.0023 0.1419
v  -0.2181 0.0053 0.1522
v  -0.2181 0.0059 0.1520
v  -0.2137 0.0029 0.1417
v  -0.2137 0.0083 0.1624
v  -0.2137 0.0089 0.1622
v  -0.2030 0.0096 0.1666
v  -0.2030 0.0102 0.1665
v  -0.1923 0.0083 0.1624
v  -0.1923 0.0089 0.1622
v  -0.1879 0.0053 0.1522
v  -0.1879 0.0059 0.1520
v  -0.1923 0.0023 0.1419
v  -0.1923 0.0029 0.1417
v  -0.2030 0.0010 0.1377
v  -0.2030 0.0016 0.1375
v  -0.2135 0.0022 0.1421
v  -0.2030 0.0009 0.1379
v  -0.2179 0.0051 0.1522
v  -0.2135 0.0081 0.1623
v  -0.2030 0.0094 0.1665
v  -0.1925 0.0081 0.1623
v  -0.1881 0.0052 0.1522
v  -0.1925 0.0022 0.1421
v  -0.1923 0.0117 0.1614
v  -0.2030 0.0130 0.1656
v  -0.2030 0.0128 0.1657
v  -0.1923 0.0116 0.1614
v  -0.1879 0.0087 0.1512
v  -0.1879 0.0086 0.1512
v  -0.1923 0.0057 0.1409
v  -0.1923 0.0056 0.1410
v  -0.2030 0.0044 0.1367
v  -0.2030 0.0043 0.1367
v  -0.2137 0.0057 0.1409
v  -0.2137 0.0056 0.1410
v  -0.2181 0.0087 0.1512
v  -0.2181 0.0086 0.1512
v  -0.2137 0.0117 0.1614
v  -0.2137 0.0116 0.1614
v  -0.2181 0.0081 0.1513
v  -0.2137 0.0051 0.1411
v  -0.2137 0.0112 0.1616
v  -0.2030 0.0124 0.1658
v  -0.1923 0.0112 0.1616
v  -0.1879 0.0081 0.1513
v  -0.1923 0.0051 0.1411
v  -0.2030 0.0039 0.1368
v  -0.2030 0.0384 0.1556
v  -0.1941 0.0373 0.1521
v  -0.1941 0.0376 0.1520
v  -0.2030 0.0386 0.1555
v  -0.1904 0.0348 0.1435
v  -0.1904 0.0351 0.1434
v  -0.1941 0.0323 0.1349
v  -0.1941 0.0325 0.1348
v  -0.2030 0.0312 0.1313
v  -0.2030 0.0315 0.1313
v  -0.2120 0.0323 0.1349
v  -0.2119 0.0325 0.1348
v  -0.2157 0.0348 0.1435
v  -0.2157 0.0350 0.1434
v  -0.2120 0.0373 0.1521
v  -0.2119 0.0376 0.1520
v  -0.1932 0.0244 0.1568
v  -0.2030 0.0255 0.1607
v  -0.1891 0.0216 0.1474
v  -0.1932 0.0188 0.1379
v  -0.2030 0.0177 0.1340
v  -0.2128 0.0188 0.1379
v  -0.2169 0.0216 0.1474
v  -0.2128 0.0244 0.1568
v  -0.1944 0.0377 0.1516
v  -0.2030 0.0387 0.1550
v  -0.2116 0.0377 0.1516
v  -0.2152 0.0353 0.1433
v  -0.2116 0.0329 0.1351
v  -0.2030 0.0319 0.1316
v  -0.1944 0.0329 0.1351
v  -0.1908 0.0353 0.1433
v  -0.2098 0.0381 0.1496
v  -0.2127 0.0362 0.1431
v  -0.2098 0.0342 0.1365
v  -0.2030 0.0334 0.1338
v  -0.1962 0.0342 0.1365
v  -0.1934 0.0362 0.1431
v  -0.1962 0.0381 0.1496
v  -0.2030 0.0389 0.1523
v  -0.2113 0.0361 0.1431
v  -0.2089 0.0345 0.1375
v  -0.2030 0.0338 0.1352
v  -0.1972 0.0345 0.1375
v  -0.1947 0.0361 0.1431
v  -0.1972 0.0378 0.1487
v  -0.2030 0.0385 0.1510
v  -0.2089 0.0378 0.1487
v  -0.2030 0.0361 0.1431
v  -0.1795 0.3978 -0.1674
v  -0.1874 0.4010 -0.1675
v  -0.1875 0.4008 -0.1685
v  -0.1795 0.3975 -0.1684
v  -0.1908 0.4089 -0.1675
v  -0.1911 0.4088 -0.1686
v  -0.1879 0.4169 -0.1676
v  -0.1881 0.4170 -0.1687
v  -0.1800 0.4203 -0.1677
v  -0.1801 0.4205 -0.1687
v  -0.1721 0.4170 -0.1676
v  -0.1719 0.4172 -0.1687
v  -0.1685 0.4092 -0.1675
v  -0.1683 0.4092 -0.1686
v  -0.1715 0.4011 -0.1674
v  -0.1714 0.4009 -0.1685
v  0.1711 0.4169 -0.1676
v  0.1790 0.4203 -0.1677
v  0.1790 0.4205 -0.1687
v  0.1709 0.4170 -0.1687
v  0.1869 0.4170 -0.1676
v  0.1871 0.4172 -0.1687
v  0.1905 0.4092 -0.1675
v  0.1907 0.4092 -0.1686
v  0.1875 0.4011 -0.1674
v  0.1876 0.4009 -0.1685
v  0.1795 0.3978 -0.1674
v  0.1795 0.3975 -0.1684
v  0.1716 0.4010 -0.1675
v  0.1715 0.4008 -0.1685
v  0.1682 0.4089 -0.1675
v  0.1679 0.4088 -0.1686
v  -0.1904 0.4088 -0.1741
v  -0.1876 0.4165 -0.1742
v  -0.1845 0.4136 -0.1765
v  -0.1862 0.4089 -0.1764
v  -0.1800 0.4198 -0.1742
v  -0.1800 0.4155 -0.1765
v  -0.1724 0.4167 -0.1741
v  -0.1753 0.4136 -0.1765
v  -0.1690 0.4091 -0.1741
v  -0.1732 0.4089 -0.1764
v  -0.1719 0.4013 -0.1740
v  -0.1749 0.4043 -0.1764
v  -0.1795 0.3981 -0.1739
v  -0.1795 0.4023 -0.1764
v  -0.1871 0.4012 -0.1740
v  -0.1841 0.4043 -0.1764
v  0.1714 0.4165 -0.1742
v  0.1790 0.4198 -0.1742
v  0.1790 0.4155 -0.1765
v  0.1745 0.4136 -0.1765
v  0.1866 0.4167 -0.1741
v  0.1837 0.4136 -0.1765
v  0.1901 0.4091 -0.1741
v  0.1858 0.4089 -0.1764
v  0.1872 0.4013 -0.1740
v  0.1841 0.4043 -0.1764
v  0.1795 0.3981 -0.1739
v  0.1795 0.4023 -0.1764
v  0.1719 0.4012 -0.1740
v  0.1749 0.4043 -0.1764
v  0.1686 0.4088 -0.1741
v  0.1728 0.4089 -0.1764
v  0.1772 0.4066 -0.1770
v  0.1795 0.4057 -0.1770
v  0.1762 0.4090 -0.1771
v  0.1769 0.4113 -0.1771
v  0.1790 0.4121 -0.1771
v  0.1814 0.4112 -0.1771
v  0.1824 0.4088 -0.1771
v  0.1817 0.4066 -0.1770
v  -0.1828 0.4090 -0.1771
v  -0.1818 0.4066 -0.1770
v  -0.1821 0.4113 -0.1771
v  -0.1800 0.4121 -0.1771
v  -0.1776 0.4112 -0.1771
v  -0.1766 0.4088 -0.1771
v  -0.1773 0.4066 -0.1770
v  -0.1795 0.4057 -0.1770
v  -0.1797 0.4089 -0.1771
v  0.1793 0.4089 -0.1771
v  0.1869 0.4018 -0.1619
v  0.1795 0.3986 -0.1619
v  0.1722 0.4017 -0.1619
v  0.1689 0.4090 -0.1620
v  0.1897 0.4092 -0.1620
v  0.1717 0.4164 -0.1621
v  0.1790 0.4196 -0.1622
v  0.1864 0.4165 -0.1621
v  -0.1901 0.4090 -0.1620
v  -0.1868 0.4017 -0.1619
v  -0.1693 0.4092 -0.1620
v  -0.1726 0.4165 -0.1621
v  -0.1800 0.4196 -0.1622
v  -0.1873 0.4164 -0.1621
v  -0.1795 0.3986 -0.1619
v  -0.1721 0.4018 -0.1619
v  -0.1723 0.4167 -0.1737
v  -0.1689 0.4091 -0.1736
v  -0.1718 0.4013 -0.1736
v  -0.1795 0.3980 -0.1735
v  -0.1871 0.4012 -0.1735
v  -0.1905 0.4088 -0.1736
v  -0.1877 0.4166 -0.1737
v  -0.1800 0.4199 -0.1738
v  0.1795 0.3980 -0.1735
v  0.1719 0.4012 -0.1735
v  0.1685 0.4088 -0.1736
v  0.1713 0.4166 -0.1737
v  0.1790 0.4199 -0.1738
v  0.1867 0.4167 -0.1737
v  0.1901 0.4091 -0.1736
v  0.1872 0.4013 -0.1736
v  0.2012 0.4241 -0.1270
v  0.1734 0.4241 -0.1270
v  0.1734 0.4219 -0.1322
v  0.2013 0.4219 -0.1322
v  0.1734 0.4241 -0.1374
v  0.2012 0.4241 -0.1374
v  0.1733 0.4293 -0.1396
v  0.2011 0.4293 -0.1396
v  0.1732 0.4345 -0.1374
v  0.2010 0.4345 -0.1374
v  0.1731 0.4367 -0.1322
v  0.2010 0.4367 -0.1322
v  0.1732 0.4345 -0.1270
v  0.2010 0.4345 -0.1270
v  0.1733 0.4293 -0.1249
v  0.2011 0.4293 -0.1249
v  0.1727 0.4293 -0.1396
v  0.1726 0.4345 -0.1374
v  0.1728 0.4241 -0.1374
v  0.1728 0.4219 -0.1322
v  0.1728 0.4241 -0.1270
v  0.1727 0.4293 -0.1249
v  0.1726 0.4345 -0.1270
v  0.1725 0.4366 -0.1322
v  0.1727 0.4246 -0.1275
v  0.1728 0.4227 -0.1322
v  0.1727 0.4293 -0.1256
v  0.1726 0.4340 -0.1275
v  0.1725 0.4359 -0.1322
v  0.1726 0.4340 -0.1369
v  0.1727 0.4293 -0.1389
v  0.1727 0.4246 -0.1369
v  0.1726 0.4293 -0.1322
v  -0.2012 0.4241 -0.1270
v  -0.2013 0.4219 -0.1322
v  -0.1734 0.4219 -0.1322
v  -0.1734 0.4241 -0.1270
v  -0.2012 0.4241 -0.1374
v  -0.1734 0.4241 -0.1374
v  -0.2011 0.4293 -0.1396
v  -0.1733 0.4293 -0.1396
v  -0.2010 0.4345 -0.1374
v  -0.1732 0.4345 -0.1374
v  -0.2010 0.4367 -0.1322
v  -0.1731 0.4367 -0.1322
v  -0.2010 0.4345 -0.1270
v  -0.1732 0.4345 -0.1270
v  -0.2011 0.4293 -0.1249
v  -0.1733 0.4293 -0.1249
v  -0.1726 0.4345 -0.1374
v  -0.1727 0.4293 -0.1396
v  -0.1728 0.4241 -0.1374
v  -0.1728 0.4219 -0.1322
v  -0.1728 0.4241 -0.1270
v  -0.1727 0.4293 -0.1249
v  -0.1726 0.4345 -0.1270
v  -0.1725 0.4366 -0.1322
v  -0.1728 0.4227 -0.1322
v  -0.1727 0.4246 -0.1275
v  -0.1727 0.4293 -0.1256
v  -0.1726 0.4340 -0.1275
v  -0.1725 0.4359 -0.1322
v  -0.1726 0.4340 -0.1369
v  -0.1727 0.4293 -0.1389
v  -0.1727 0.4246 -0.1369
v  -0.1726 0.4293 -0.1322
v  0.0370 0.4144 -0.1668
v  0.0000 0.4124 -0.1668
v  0.0000 0.4143 -0.1668
# 5063 vertices

vn 0.5467 -0.3066 0.7792
vn 0.5344 -0.7748 0.3378
vn 0.8236 -0.5233 0.2187
vn 0.8318 -0.2100 0.5138
vn 0.5232 -0.8000 -0.2936
vn 0.8161 -0.5410 -0.2031
vn 0.5208 -0.3606 -0.7737
vn 0.8146 -0.2454 -0.5256
vn 0.5259 0.2987 -0.7963
vn 0.8180 0.1981 -0.5401
vn 0.5343 0.7672 -0.3549
vn 0.8236 0.5116 -0.2449
vn 0.5438 0.7923 0.2765
vn 0.8298 0.5292 0.1768
vn 0.5504 0.3534 0.7564
vn 0.8344 0.2339 0.4991
vn 0.9307 -0.1554 -0.3311
vn 0.9319 -0.3386 -0.1300
vn 0.9327 0.1216 -0.3396
vn 0.9364 0.3137 -0.1574
vn 0.9403 0.3253 0.1003
vn 0.9429 0.1423 0.3012
vn 0.9412 -0.1352 0.3097
vn 0.9364 -0.3270 0.1275
vn 0.5254 0.7739 -0.3536
vn 0.5168 0.3099 -0.7981
vn 0.5348 0.8008 0.2697
vn 0.5410 0.3583 0.7609
vn 0.5375 -0.3170 0.7814
vn 0.5251 -0.7815 0.3370
vn 0.5149 -0.8080 -0.2864
vn 0.5120 -0.3665 -0.7768
vn 0.0000 0.9140 -0.4058
vn -0.0121 0.3691 -0.9293
vn 0.0120 0.9451 0.3266
vn 0.0174 0.4258 0.9047
vn 0.0122 -0.3686 0.9295
vn -0.0002 -0.9140 0.4058
vn -0.0120 -0.9451 -0.3267
vn -0.0174 -0.4268 -0.9042
vn 0.0158 -0.3686 0.9294
vn 0.0211 0.4258 0.9046
vn 0.0036 -0.9139 0.4058
vn -0.0084 -0.9451 -0.3267
vn -0.0139 -0.4268 -0.9042
vn -0.0086 0.3690 -0.9294
vn 0.0037 0.9139 -0.4059
vn 0.0155 0.9451 0.3265
vn 0.7925 -0.2340 0.5631
vn 0.7955 0.2583 0.5482
vn 0.7836 -0.5732 0.2396
vn 0.7757 -0.5932 -0.2155
vn 0.7736 -0.2702 -0.5731
vn 0.7773 0.2231 -0.5883
vn 0.7836 0.5621 -0.2646
vn 0.7896 0.5831 0.1909
vn 0.9998 -0.0071 -0.0160
vn 0.9998 -0.0070 -0.0161
vn 0.9998 -0.0073 -0.0160
vn 0.9998 -0.0072 -0.0159
vn 0.9998 -0.0072 -0.0158
vn 0.9998 -0.0075 -0.0158
vn 0.9998 -0.0073 -0.0159
vn 0.9998 -0.0071 -0.0159
vn -0.0195 -0.4238 -0.9055
vn -0.0143 0.3626 -0.9318
vn -0.7151 0.2617 -0.6483
vn -0.7188 -0.2949 -0.6296
vn -0.9999 0.0099 0.0088
vn -1.0000 0.0039 0.0089
vn 0.0100 0.9429 0.3328
vn 0.0153 0.4246 0.9053
vn -0.6941 0.3055 0.6518
vn -0.6995 0.6708 0.2462
vn -0.9997 0.0104 0.0228
vn -0.9997 0.0144 0.0185
vn -0.0141 -0.9429 -0.3328
vn -0.7154 -0.6617 -0.2242
vn -0.9999 -0.0000 0.0134
vn 0.0101 -0.3629 0.9318
vn -0.6966 -0.2521 0.6717
vn -0.9997 0.0044 0.0229
vn -0.0020 0.9129 -0.4082
vn -0.7081 0.6496 -0.2769
vn -0.9998 0.0142 0.0128
vn -0.0021 -0.9129 0.4081
vn -0.7081 -0.6395 0.2994
vn -0.9998 0.0001 0.0191
vn 0.0137 -0.3629 0.9317
vn -0.0001 -0.9129 0.4081
vn 0.0122 -0.3629 0.9318
vn -0.0000 -0.9130 0.4081
vn 0.0136 0.9429 0.3328
vn 0.0196 0.4245 0.9052
vn 0.0174 0.4246 0.9052
vn 0.0121 0.9429 0.3328
vn 0.0120 0.9429 0.3328
vn -0.0136 -0.9429 -0.3328
vn -0.0120 -0.9429 -0.3329
vn -0.0120 -0.9429 -0.3328
vn -0.0196 -0.4238 -0.9055
vn -0.0175 -0.4238 -0.9056
vn -0.0174 -0.4239 -0.9056
vn -0.0138 0.3626 -0.9318
vn -0.0122 0.3626 -0.9319
vn 0.0001 0.9129 -0.4082
vn 0.0000 0.9129 -0.4082
vn -0.0124 0.3589 -0.9333
vn -0.0174 -0.4226 -0.9061
vn -0.7820 -0.2636 -0.5647
vn -0.7792 0.2338 -0.5815
vn -0.0121 -0.9415 -0.3368
vn -0.7770 -0.5960 -0.2029
vn -0.0001 -0.9123 0.4096
vn -0.7699 -0.5766 0.2736
vn 0.0122 -0.3590 0.9332
vn -0.7636 -0.2229 0.6060
vn 0.0174 0.4233 0.9058
vn -0.7599 0.2750 0.5890
vn 0.0121 0.9416 0.3366
vn -0.7615 0.6071 0.2273
vn 0.0001 0.9122 -0.4097
vn -0.7698 0.5876 -0.2492
vn -0.9307 0.3406 0.1335
vn -0.9295 0.1562 0.3341
vn -0.9352 0.3294 -0.1297
vn -0.9402 0.1337 -0.3134
vn -0.9418 -0.1425 -0.3045
vn -0.9392 -0.3272 -0.1038
vn -0.9352 -0.3160 0.1595
vn -0.9315 -0.1204 0.3432
vn -0.9806 -0.0835 -0.1771
vn -0.9796 0.0850 -0.1821
vn -0.9793 -0.1950 -0.0546
vn -0.9769 -0.1879 0.1023
vn -0.9744 -0.0711 0.2131
vn -0.9732 0.0977 0.2080
vn -0.9742 0.2090 0.0857
vn -0.9768 0.2020 -0.0712
vn -0.7427 0.6297 0.2279
vn -0.7415 0.2855 0.6073
vn -0.7519 0.6077 -0.2555
vn -0.7620 0.2476 -0.5984
vn -0.7651 -0.2750 -0.5823
vn -0.7589 -0.6185 -0.2038
vn -0.7523 -0.5967 0.2794
vn -0.7454 -0.2367 0.6231
vn -0.0122 0.3689 -0.9294
vn 0.0000 0.9139 -0.4059
vn -0.0174 -0.4267 -0.9042
vn -0.0119 -0.9450 -0.3268
vn -0.0000 -0.9139 0.4059
vn 0.0120 -0.3684 0.9296
vn 0.0174 0.4257 0.9047
vn 0.0119 0.9450 0.3268
vn -0.0000 0.9139 -0.4058
vn 0.0118 0.9450 0.3268
vn -0.0121 0.3689 -0.9294
vn -0.0118 -0.9450 -0.3268
vn 0.0000 -0.9139 0.4060
vn 0.0121 -0.3684 0.9296
vn 0.0175 0.4257 0.9047
vn -0.7566 0.6147 0.2228
vn -0.7551 0.2790 0.5933
vn -0.7650 0.5939 -0.2492
vn -0.7746 0.2422 -0.5843
vn -0.7775 -0.2685 -0.5687
vn -0.7722 -0.6036 -0.1985
vn -0.7651 -0.5829 0.2736
vn -0.7589 -0.2309 0.6088
vn -0.9999 0.0073 0.0157
vn -0.9998 0.0071 0.0159
vn -0.9998 0.0072 0.0159
vn -0.9998 0.0071 0.0160
vn -0.9998 0.0073 0.0157
vn -0.9998 0.0072 0.0158
vn -0.9998 0.0073 0.0159
vn 0.0216 -0.3629 0.9316
vn 0.0283 0.4245 0.9050
vn 0.7197 0.2949 0.6285
vn 0.7158 -0.2615 0.6474
vn 1.0000 0.0025 0.0046
vn 0.9999 -0.0153 0.0051
vn -0.0165 -0.4238 -0.9056
vn -0.0096 -0.9429 -0.3329
vn 0.6981 -0.6721 -0.2468
vn 0.6944 -0.3049 -0.6518
vn 0.9993 -0.0285 -0.0235
vn 0.9992 -0.0167 -0.0364
vn 0.0214 0.9428 0.3326
vn 0.7162 0.6610 0.2239
vn 0.9999 0.0144 -0.0083
vn -0.0098 0.3626 -0.9319
vn 0.6982 0.2513 -0.6704
vn 0.9993 0.0010 -0.0370
vn 0.0059 -0.9130 0.4080
vn 0.7076 -0.6500 0.2771
vn 0.9996 -0.0277 -0.0067
vn 0.0060 0.9129 -0.4082
vn 0.7065 0.6409 -0.3001
vn 0.9996 0.0137 -0.0252
vn -0.0118 -0.9415 -0.3368
vn -0.0173 -0.4226 -0.9061
vn 0.6951 -0.3038 -0.6516
vn 0.6977 -0.6715 -0.2496
vn 0.9999 -0.0071 -0.0158
vn 0.0118 0.9416 0.3366
vn 0.0173 0.4233 0.9058
vn 0.7191 0.2943 0.6295
vn 0.7156 0.6606 0.2267
vn 0.7157 -0.2590 0.6487
vn -0.0122 0.3589 -0.9333
vn -0.0002 0.9122 -0.4097
vn 0.7069 0.6401 -0.3010
vn 0.6988 0.2485 -0.6708
vn 0.0002 -0.9123 0.4095
vn 0.7071 -0.6500 0.2783
vn -0.9998 0.0073 0.0158
vn -0.6987 0.6705 0.2495
vn -0.7070 0.6500 -0.2785
vn 0.0121 0.9414 0.3370
vn 0.0000 0.9122 -0.4098
vn -0.7146 -0.6615 -0.2275
vn -0.7080 -0.6391 0.3006
vn -0.0121 -0.9414 -0.3371
vn -0.0000 -0.9122 0.4097
vn 0.0123 -0.3587 0.9334
vn -0.6978 -0.2487 0.6717
vn -0.9998 0.0071 0.0158
vn -0.7163 0.2584 -0.6482
vn -0.7200 -0.2934 -0.6289
vn -0.0123 0.3585 -0.9334
vn -0.0174 -0.4226 -0.9062
vn -0.9998 0.0072 0.0160
vn -0.6951 0.3041 0.6514
vn 0.0174 0.4231 0.9059
vn -0.5467 -0.3066 0.7792
vn -0.8318 -0.2100 0.5138
vn -0.8236 -0.5233 0.2187
vn -0.5344 -0.7748 0.3378
vn -0.8161 -0.5410 -0.2031
vn -0.5232 -0.8000 -0.2936
vn -0.8146 -0.2454 -0.5256
vn -0.5208 -0.3606 -0.7737
vn -0.8180 0.1981 -0.5401
vn -0.5259 0.2987 -0.7963
vn -0.8236 0.5116 -0.2449
vn -0.5343 0.7672 -0.3549
vn -0.8298 0.5292 0.1768
vn -0.5438 0.7923 0.2765
vn -0.8344 0.2339 0.4991
vn -0.5504 0.3534 0.7564
vn -0.9319 -0.3386 -0.1300
vn -0.9307 -0.1554 -0.3311
vn -0.9327 0.1216 -0.3396
vn -0.9364 0.3137 -0.1574
vn -0.9403 0.3253 0.1003
vn -0.9429 0.1423 0.3012
vn -0.9412 -0.1352 0.3097
vn -0.9364 -0.3270 0.1275
vn -0.5168 0.3099 -0.7981
vn -0.5254 0.7739 -0.3536
vn -0.5348 0.8008 0.2697
vn -0.5410 0.3583 0.7609
vn -0.5375 -0.3170 0.7814
vn -0.5251 -0.7815 0.3370
vn -0.5149 -0.8080 -0.2864
vn -0.5120 -0.3665 -0.7768
vn 0.0121 0.3691 -0.9293
vn -0.0000 0.9140 -0.4058
vn -0.0120 0.9451 0.3266
vn -0.0174 0.4258 0.9047
vn -0.0122 -0.3686 0.9295
vn 0.0002 -0.9140 0.4058
vn 0.0120 -0.9451 -0.3267
vn 0.0174 -0.4268 -0.9042
vn -0.0211 0.4258 0.9046
vn -0.0158 -0.3686 0.9294
vn -0.0036 -0.9139 0.4058
vn 0.0084 -0.9451 -0.3267
vn 0.0139 -0.4268 -0.9042
vn 0.0086 0.3690 -0.9294
vn -0.0037 0.9139 -0.4059
vn -0.0155 0.9451 0.3265
vn -0.7955 0.2583 0.5482
vn -0.7925 -0.2340 0.5631
vn -0.7836 -0.5732 0.2396
vn -0.7757 -0.5932 -0.2155
vn -0.7736 -0.2702 -0.5731
vn -0.7773 0.2231 -0.5883
vn -0.7836 0.5621 -0.2646
vn -0.7896 0.5831 0.1909
vn -0.9998 -0.0070 -0.0161
vn -0.9998 -0.0071 -0.0160
vn -0.9998 -0.0073 -0.0160
vn -0.9998 -0.0072 -0.0159
vn -0.9998 -0.0072 -0.0158
vn -0.9998 -0.0075 -0.0158
vn -0.9998 -0.0073 -0.0159
vn -0.9998 -0.0071 -0.0159
vn 0.0195 -0.4238 -0.9055
vn 0.7188 -0.2949 -0.6296
vn 0.7151 0.2617 -0.6483
vn 0.0143 0.3626 -0.9318
vn 1.0000 0.0039 0.0089
vn 0.9999 0.0099 0.0088
vn -0.0100 0.9429 0.3328
vn 0.6995 0.6708 0.2462
vn 0.6941 0.3055 0.6518
vn -0.0153 0.4246 0.9053
vn 0.9997 0.0144 0.0185
vn 0.9997 0.0104 0.0228
vn 0.0141 -0.9429 -0.3328
vn 0.7154 -0.6617 -0.2242
vn 0.9999 -0.0000 0.0134
vn 0.6966 -0.2521 0.6717
vn -0.0101 -0.3629 0.9318
vn 0.9997 0.0044 0.0229
vn 0.7081 0.6496 -0.2769
vn 0.0020 0.9129 -0.4082
vn 0.9998 0.0142 0.0128
vn 0.0021 -0.9129 0.4081
vn 0.7081 -0.6395 0.2994
vn 0.9998 0.0001 0.0191
vn -0.0137 -0.3629 0.9317
vn -0.0122 -0.3629 0.9318
vn 0.0001 -0.9129 0.4081
vn 0.0000 -0.9130 0.4081
vn -0.0136 0.9429 0.3328
vn -0.0121 0.9429 0.3328
vn -0.0174 0.4246 0.9052
vn -0.0196 0.4245 0.9052
vn -0.0120 0.9429 0.3328
vn 0.0120 -0.9429 -0.3329
vn 0.0136 -0.9429 -0.3328
vn 0.0120 -0.9429 -0.3328
vn 0.0175 -0.4238 -0.9056
vn 0.0196 -0.4238 -0.9055
vn 0.0174 -0.4239 -0.9056
vn 0.0122 0.3626 -0.9319
vn 0.0138 0.3626 -0.9318
vn -0.0000 0.9129 -0.4082
vn -0.0001 0.9129 -0.4082
vn 0.0124 0.3589 -0.9333
vn 0.7792 0.2338 -0.5815
vn 0.7820 -0.2636 -0.5647
vn 0.0174 -0.4226 -0.9061
vn 0.7770 -0.5960 -0.2029
vn 0.0121 -0.9415 -0.3368
vn 0.7699 -0.5766 0.2736
vn 0.0001 -0.9123 0.4096
vn 0.7636 -0.2229 0.6060
vn -0.0122 -0.3590 0.9332
vn 0.7599 0.2750 0.5890
vn -0.0174 0.4233 0.9058
vn 0.7615 0.6071 0.2273
vn -0.0121 0.9416 0.3366
vn 0.7698 0.5876 -0.2492
vn -0.0001 0.9122 -0.4097
vn 0.9295 0.1562 0.3341
vn 0.9307 0.3406 0.1335
vn 0.9352 0.3294 -0.1297
vn 0.9402 0.1337 -0.3134
vn 0.9418 -0.1425 -0.3045
vn 0.9392 -0.3272 -0.1038
vn 0.9352 -0.3160 0.1595
vn 0.9315 -0.1204 0.3432
vn 0.9796 0.0850 -0.1821
vn 0.9806 -0.0835 -0.1771
vn 0.9793 -0.1950 -0.0546
vn 0.9769 -0.1879 0.1023
vn 0.9744 -0.0711 0.2131
vn 0.9732 0.0977 0.2080
vn 0.9742 0.2090 0.0857
vn 0.9768 0.2020 -0.0712
vn 0.7415 0.2855 0.6073
vn 0.7427 0.6297 0.2279
vn 0.7519 0.6077 -0.2555
vn 0.7620 0.2476 -0.5984
vn 0.7651 -0.2750 -0.5823
vn 0.7589 -0.6185 -0.2038
vn 0.7523 -0.5967 0.2794
vn 0.7454 -0.2367 0.6231
vn -0.0000 0.9139 -0.4059
vn 0.0122 0.3689 -0.9294
vn 0.0174 -0.4267 -0.9042
vn 0.0119 -0.9450 -0.3268
vn 0.0000 -0.9139 0.4059
vn -0.0120 -0.3684 0.9296
vn -0.0174 0.4257 0.9047
vn -0.0119 0.9450 0.3268
vn -0.0118 0.9450 0.3268
vn 0.0000 0.9139 -0.4058
vn 0.0121 0.3689 -0.9294
vn 0.0118 -0.9450 -0.3268
vn -0.0000 -0.9139 0.4060
vn -0.0121 -0.3684 0.9296
vn -0.0175 0.4257 0.9047
vn 0.7551 0.2790 0.5933
vn 0.7566 0.6147 0.2228
vn 0.7650 0.5939 -0.2492
vn 0.7746 0.2422 -0.5843
vn 0.7775 -0.2685 -0.5687
vn 0.7722 -0.6036 -0.1985
vn 0.7651 -0.5829 0.2736
vn 0.7589 -0.2309 0.6088
vn 0.9998 0.0071 0.0159
vn 0.9999 0.0073 0.0157
vn 0.9998 0.0072 0.0159
vn 0.9998 0.0071 0.0160
vn 0.9998 0.0073 0.0157
vn 0.9998 0.0072 0.0158
vn 0.9998 0.0073 0.0159
vn -0.0216 -0.3629 0.9316
vn -0.7158 -0.2615 0.6474
vn -0.7197 0.2949 0.6285
vn -0.0283 0.4245 0.9050
vn -0.9999 -0.0153 0.0051
vn -1.0000 0.0025 0.0046
vn 0.0165 -0.4238 -0.9056
vn -0.6944 -0.3049 -0.6518
vn -0.6981 -0.6721 -0.2468
vn 0.0096 -0.9429 -0.3329
vn -0.9992 -0.0167 -0.0364
vn -0.9993 -0.0285 -0.0235
vn -0.7162 0.6610 0.2239
vn -0.0214 0.9428 0.3326
vn -0.9999 0.0144 -0.0083
vn 0.0098 0.3626 -0.9319
vn -0.6982 0.2513 -0.6704
vn -0.9993 0.0010 -0.0370
vn -0.0059 -0.9130 0.4080
vn -0.7076 -0.6500 0.2771
vn -0.9996 -0.0277 -0.0067
vn -0.7065 0.6409 -0.3001
vn -0.0060 0.9129 -0.4082
vn -0.9996 0.0137 -0.0252
vn 0.0118 -0.9415 -0.3368
vn -0.6977 -0.6715 -0.2496
vn -0.6951 -0.3038 -0.6516
vn 0.0173 -0.4226 -0.9061
vn -0.9999 -0.0071 -0.0158
vn -0.0118 0.9416 0.3366
vn -0.7156 0.6606 0.2267
vn -0.7191 0.2943 0.6295
vn -0.0173 0.4233 0.9058
vn -0.7157 -0.2590 0.6487
vn 0.0122 0.3589 -0.9333
vn -0.6988 0.2485 -0.6708
vn -0.7069 0.6401 -0.3010
vn 0.0002 0.9122 -0.4097
vn -0.0002 -0.9123 0.4095
vn -0.7071 -0.6500 0.2783
vn 0.9998 0.0073 0.0158
vn 0.7070 0.6500 -0.2785
vn 0.6987 0.6705 0.2495
vn -0.0000 0.9122 -0.4098
vn -0.0121 0.9414 0.3370
vn 0.7080 -0.6391 0.3006
vn 0.7146 -0.6615 -0.2275
vn 0.0000 -0.9122 0.4097
vn 0.0121 -0.9414 -0.3371
vn 0.6978 -0.2487 0.6717
vn -0.0123 -0.3587 0.9334
vn 0.9998 0.0071 0.0158
vn 0.7200 -0.2934 -0.6289
vn 0.7163 0.2584 -0.6482
vn 0.0174 -0.4226 -0.9062
vn 0.0123 0.3585 -0.9334
vn 0.6951 0.3041 0.6514
vn 0.9998 0.0072 0.0160
vn -0.0174 0.4231 0.9059
vn 0.0000 0.3626 -0.9320
vn 0.0000 -0.4239 -0.9057
vn -0.8957 -0.1885 -0.4027
vn -0.8960 0.1610 -0.4138
vn 0.0000 -0.9429 -0.3330
vn -0.8947 -0.4211 -0.1487
vn 0.0000 -0.9129 0.4081
vn -0.8952 -0.4069 0.1819
vn 0.0000 -0.3628 0.9319
vn -0.8960 -0.1611 0.4138
vn 0.0000 0.4246 0.9054
vn -0.8958 0.1888 0.4025
vn 0.0000 0.9430 0.3329
vn -0.8947 0.4212 0.1487
vn -0.8952 0.4069 -0.1819
vn -1.0000 0.0000 -0.0000
vn 0.5364 -0.3027 0.7879
vn 0.5346 -0.7709 0.3462
vn 0.8237 -0.5174 0.2317
vn 0.8250 -0.2041 0.5270
vn 0.5336 -0.7962 -0.2852
vn 0.8231 -0.5352 -0.1901
vn 0.5357 -0.3569 -0.7653
vn 0.8246 -0.2395 -0.5125
vn 0.5364 0.3025 -0.7879
vn 0.8251 0.2039 -0.5270
vn 0.5344 0.7710 -0.3464
vn 0.8237 0.5175 -0.2318
vn 0.5337 0.7962 0.2851
vn 0.8231 0.5351 0.1900
vn 0.5358 0.3573 0.7650
vn 0.8246 0.2399 0.5123
vn 0.9369 -0.1487 -0.3164
vn 0.9363 -0.3319 -0.1152
vn 0.9371 0.1283 -0.3247
vn 0.9365 0.3204 -0.1425
vn 0.9362 0.3319 0.1152
vn 0.9369 0.1490 0.3162
vn 0.9371 -0.1284 0.3246
vn 0.9365 -0.3203 0.1424
vn 0.5257 0.7775 -0.3452
vn 0.5274 0.3136 -0.7897
vn 0.5248 0.8045 0.2781
vn 0.5267 0.3620 0.7691
vn 0.5271 -0.3132 0.7900
vn 0.5257 -0.7775 0.3452
vn 0.5247 -0.8046 -0.2781
vn 0.5267 -0.3628 -0.7687
vn 0.0000 0.3690 -0.9294
vn 0.0000 0.9451 0.3267
vn 0.0000 0.4259 0.9048
vn 0.0000 -0.3686 0.9296
vn 0.0000 -0.9140 0.4058
vn 0.0000 -0.9451 -0.3267
vn 0.0000 -0.4268 -0.9043
vn 0.0036 -0.3686 0.9296
vn 0.0036 0.4258 0.9048
vn 0.0035 -0.9139 0.4058
vn 0.0036 -0.9451 -0.3267
vn 0.0036 -0.4268 -0.9043
vn 0.0036 0.3690 -0.9294
vn 0.0036 0.9140 -0.4058
vn 0.0036 0.9451 0.3267
vn 0.7851 -0.2283 0.5757
vn 0.7846 0.2640 0.5610
vn 0.7836 -0.5678 0.2521
vn 0.7828 -0.5882 -0.2033
vn 0.7846 -0.2646 -0.5607
vn 0.7849 0.2287 -0.5758
vn 0.7836 0.5678 -0.2521
vn 0.7828 0.5881 0.2032
vn 1.0000 0.0000 -0.0000
vn -0.0039 0.4246 0.9054
vn -0.0039 -0.3628 0.9318
vn -0.7066 -0.2567 0.6594
vn -0.7064 0.3005 0.6409
vn -0.9998 -0.0066 0.0168
vn -0.9998 0.0077 0.0164
vn -0.0039 0.3625 -0.9320
vn -0.0039 0.9129 -0.4082
vn -0.7064 0.6461 -0.2890
vn -0.7066 0.2565 -0.6595
vn -0.9998 0.0166 -0.0074
vn -0.9998 0.0065 -0.0168
vn -0.0039 0.9430 0.3329
vn -0.7065 0.6673 0.2356
vn -0.9998 0.0172 0.0061
vn -0.0039 -0.9129 0.4081
vn -0.0039 -0.9429 -0.3330
vn -0.7066 -0.6672 -0.2357
vn -0.7064 -0.6462 0.2889
vn -0.9998 -0.0172 -0.0061
vn -0.9998 -0.0166 0.0074
vn -0.0039 -0.4239 -0.9057
vn -0.7068 -0.2998 -0.6407
vn -0.9998 -0.0077 -0.0164
vn 0.0056 -0.3586 0.9335
vn 0.0056 0.4232 0.9060
vn -0.7068 0.2994 0.6410
vn -0.7066 -0.2538 0.6606
vn -1.0000 -0.0011 -0.0024
vn -1.0000 0.0010 -0.0025
vn 0.0056 -0.4226 -0.9063
vn 0.0059 -0.9414 -0.3372
vn -0.7068 -0.6660 -0.2386
vn -0.7068 -0.2990 -0.6412
vn -1.0000 0.0025 0.0009
vn -1.0000 0.0011 0.0024
vn 0.0055 0.9415 0.3371
vn -0.7067 0.6661 0.2385
vn -1.0000 -0.0025 -0.0009
vn 0.0056 0.3585 -0.9335
vn -0.7066 0.2537 -0.6606
vn -1.0000 -0.0010 0.0025
vn 0.0056 -0.9122 0.4097
vn -0.7072 -0.6450 0.2897
vn -1.0000 0.0025 -0.0011
vn 0.0056 0.9121 -0.4098
vn -0.7064 0.6456 -0.2901
vn -1.0000 -0.0025 0.0011
vn 0.8960 0.1610 -0.4138
vn 0.8957 -0.1885 -0.4027
vn 0.8947 -0.4211 -0.1487
vn 0.8952 -0.4069 0.1819
vn 0.8960 -0.1611 0.4138
vn 0.8958 0.1888 0.4025
vn 0.8947 0.4212 0.1487
vn 0.8952 0.4069 -0.1819
vn -0.5364 -0.3027 0.7879
vn -0.8250 -0.2041 0.5270
vn -0.8237 -0.5174 0.2317
vn -0.5346 -0.7709 0.3462
vn -0.8231 -0.5352 -0.1901
vn -0.5336 -0.7962 -0.2852
vn -0.8246 -0.2395 -0.5125
vn -0.5357 -0.3569 -0.7653
vn -0.8251 0.2039 -0.5270
vn -0.5364 0.3025 -0.7879
vn -0.8237 0.5175 -0.2318
vn -0.5344 0.7710 -0.3464
vn -0.8231 0.5351 0.1900
vn -0.5337 0.7962 0.2851
vn -0.8246 0.2399 0.5123
vn -0.5358 0.3573 0.7650
vn -0.9363 -0.3319 -0.1152
vn -0.9369 -0.1487 -0.3164
vn -0.9371 0.1283 -0.3247
vn -0.9365 0.3204 -0.1425
vn -0.9362 0.3319 0.1152
vn -0.9369 0.1490 0.3162
vn -0.9371 -0.1284 0.3246
vn -0.9365 -0.3203 0.1424
vn -0.5274 0.3136 -0.7897
vn -0.5257 0.7775 -0.3452
vn -0.5248 0.8045 0.2781
vn -0.5267 0.3620 0.7691
vn -0.5271 -0.3132 0.7900
vn -0.5257 -0.7775 0.3452
vn -0.5247 -0.8046 -0.2781
vn -0.5267 -0.3628 -0.7687
vn -0.0036 0.4258 0.9048
vn -0.0036 -0.3686 0.9296
vn -0.0035 -0.9139 0.4058
vn -0.0036 -0.9451 -0.3267
vn -0.0036 -0.4268 -0.9043
vn -0.0036 0.3690 -0.9294
vn -0.0036 0.9140 -0.4058
vn -0.0036 0.9451 0.3267
vn -0.7846 0.2640 0.5610
vn -0.7851 -0.2283 0.5757
vn -0.7836 -0.5678 0.2521
vn -0.7828 -0.5882 -0.2033
vn -0.7846 -0.2646 -0.5607
vn -0.7849 0.2287 -0.5758
vn -0.7836 0.5678 -0.2521
vn -0.7828 0.5881 0.2032
vn 0.0039 0.4246 0.9054
vn 0.7064 0.3005 0.6409
vn 0.7066 -0.2567 0.6594
vn 0.0039 -0.3628 0.9318
vn 0.9998 0.0077 0.0164
vn 0.9998 -0.0066 0.0168
vn 0.0039 0.3625 -0.9320
vn 0.7066 0.2565 -0.6595
vn 0.7064 0.6461 -0.2890
vn 0.0039 0.9129 -0.4082
vn 0.9998 0.0065 -0.0168
vn 0.9998 0.0166 -0.0074
vn 0.7065 0.6673 0.2356
vn 0.0039 0.9430 0.3329
vn 0.9998 0.0172 0.0061
vn 0.0039 -0.9129 0.4081
vn 0.7064 -0.6462 0.2889
vn 0.7066 -0.6672 -0.2357
vn 0.0039 -0.9429 -0.3330
vn 0.9998 -0.0166 0.0074
vn 0.9998 -0.0172 -0.0061
vn 0.0039 -0.4239 -0.9057
vn 0.7068 -0.2998 -0.6407
vn 0.9998 -0.0077 -0.0164
vn -0.0056 -0.3586 0.9335
vn 0.7066 -0.2538 0.6606
vn 0.7068 0.2994 0.6410
vn -0.0056 0.4232 0.9060
vn 1.0000 0.0010 -0.0025
vn 1.0000 -0.0011 -0.0024
vn -0.0056 -0.4226 -0.9063
vn 0.7068 -0.2990 -0.6412
vn 0.7068 -0.6660 -0.2386
vn -0.0059 -0.9414 -0.3372
vn 1.0000 0.0011 0.0024
vn 1.0000 0.0025 0.0009
vn 0.7067 0.6661 0.2385
vn -0.0055 0.9415 0.3371
vn 1.0000 -0.0025 -0.0009
vn -0.0056 0.3585 -0.9335
vn 0.7066 0.2537 -0.6606
vn 1.0000 -0.0010 0.0025
vn -0.0056 -0.9122 0.4097
vn 0.7072 -0.6450 0.2897
vn 1.0000 0.0025 -0.0011
vn 0.7064 0.6456 -0.2901
vn -0.0056 0.9121 -0.4098
vn 1.0000 -0.0025 0.0011
vn 0.0000 0.7071 0.7071
vn 0.0000 0.0000 1.0000
vn 0.0000 -0.7071 0.7071
vn 0.0000 -1.0000 -0.0000
vn 0.0000 -0.7071 -0.7071
vn 0.0000 0.0000 -1.0000
vn 0.0000 0.7071 -0.7071
vn 0.0000 1.0000 -0.0000
vn 0.7071 -0.6901 -0.1544
vn 0.7071 -0.6900 -0.1544
vn 0.7068 -0.6828 -0.1850
vn 0.9991 0.0090 -0.0403
vn 0.6901 -0.6800 -0.2476
vn 0.9908 -0.0118 -0.1345
vn 0.6780 -0.6417 -0.3585
vn 0.9711 0.0123 -0.2383
vn -0.7071 -0.6900 -0.1544
vn -0.7071 -0.6901 -0.1544
vn -0.9991 -0.0090 0.0403
vn -0.7068 -0.6964 -0.1243
vn -0.9908 0.0119 0.1345
vn -0.7191 -0.6924 -0.0585
vn -0.9884 0.0078 0.1519
vn -0.7213 -0.6862 -0.0938
vn 0.0000 -0.9759 -0.2183
vn 0.0000 -0.9759 -0.2184
vn 0.0000 -0.9758 -0.2187
vn 0.0000 -0.9754 -0.2203
vn 0.0000 -0.9538 -0.3006
vn 0.7071 0.6901 0.1544
vn 0.7071 0.6900 0.1544
vn 0.7069 0.6957 0.1281
vn 0.7193 0.6918 0.0629
vn 0.7174 0.6958 0.0349
vn 0.0000 0.9759 0.2184
vn 0.0000 0.9759 0.2183
vn 0.0000 0.9757 0.2190
vn 0.0000 0.9754 0.2206
vn 0.0000 0.9607 0.2777
vn -0.7071 0.6901 0.1544
vn -0.7071 0.6900 0.1544
vn -0.7068 0.6837 0.1814
vn -0.6902 0.6813 0.2438
vn -0.6848 0.6610 0.3068
vn -0.9395 0.2032 0.2756
vn -0.9917 0.0956 0.0862
vn -0.9913 0.1060 0.0779
vn -0.9387 0.2128 0.2710
vn 0.9936 0.0515 0.1010
vn -0.0261 0.5537 0.8323
vn -0.0256 0.5686 0.8222
vn 0.9827 0.1851 0.0020
vn -0.9925 -0.0269 -0.1191
vn -0.9935 -0.0742 -0.0867
vn 0.0262 -0.5565 -0.8304
vn 0.0258 -0.6239 -0.7810
vn 0.9396 -0.2207 -0.2618
vn 0.9306 -0.0979 -0.3526
vn 0.9918 -0.0913 -0.0895
vn 0.9757 0.0692 -0.2078
vn 0.6851 -0.3738 -0.6252
vn 0.8802 0.1348 -0.4551
vn -0.9936 0.1070 -0.0375
vn -0.8042 -0.4661 -0.3687
vn -0.0000 -0.7795 -0.6264
vn 0.7924 0.6080 0.0496
vn 0.0001 0.7283 0.6852
vn -0.7391 0.5210 0.4270
vn 0.8789 0.4555 -0.1414
vn 0.8928 0.2591 -0.3684
vn 0.0252 -0.7551 -0.6551
vn -0.9758 -0.1685 -0.1391
vn 0.8777 -0.0584 -0.4756
vn -0.9093 0.3193 0.2669
vn -0.0257 0.6808 0.7320
vn -0.9868 0.1614 0.0130
vn 0.9011 0.3595 -0.2425
vn 0.9984 -0.0501 -0.0268
vn 0.9627 -0.1709 -0.2099
vn 0.8649 0.2755 -0.4195
vn -0.8784 0.3113 -0.3626
vn -0.9812 -0.0595 -0.1835
vn -0.9984 0.0509 0.0263
vn -0.9005 0.4011 -0.1680
vn 0.1051 -0.5092 -0.8542
vn 0.0812 0.2883 -0.9541
vn 0.8865 0.4596 -0.0533
vn 0.9817 0.0814 0.1723
vn -0.0714 0.9420 0.3279
vn -0.1048 0.4997 0.8598
vn -0.8701 0.4928 0.0095
vn -0.9634 0.1495 0.2227
vn -0.0107 0.8785 -0.4775
vn 0.0111 0.8742 -0.4854
vn -0.0076 0.8802 -0.4746
vn -0.0117 0.8819 -0.4712
vn 0.0079 0.8853 -0.4650
vn 0.0296 0.8806 -0.4729
vn 0.0265 0.8791 -0.4759
vn 0.0306 0.8772 -0.4791
vn 0.0096 0.8801 -0.4747
vn 0.0095 0.8798 -0.4753
vn 0.0094 0.8794 -0.4760
vn 0.9949 -0.0711 -0.0711
vn 0.9424 -0.2429 -0.2300
vn -0.9889 0.0256 -0.1461
vn -0.9866 0.1632 0.0083
vn 0.8858 -0.3051 -0.3496
vn 0.0540 -0.5523 -0.8319
vn 0.0801 -0.5546 -0.8283
vn 0.9930 0.0534 0.1056
vn -0.9755 -0.0553 -0.2128
vn -0.0798 0.5464 0.8337
vn -0.0538 0.5457 0.8363
vn 0.9834 0.0740 0.1657
vn -0.9110 0.2494 0.3285
vn -0.9523 0.1984 0.2318
vn 0.9297 -0.3430 0.1343
vn 0.9599 -0.2145 -0.1805
vn -0.9871 -0.0509 -0.1517
vn -0.9956 -0.0462 0.0818
vn 0.1018 -0.5564 -0.8247
vn 0.9886 -0.0254 0.1486
vn -0.1015 0.5470 0.8310
vn -0.9585 0.1912 0.2116
vn -0.9999 0.0030 -0.0148
vn -0.9975 -0.0584 0.0387
vn -0.9945 0.0579 0.0872
vn -0.9902 0.1370 0.0278
vn -0.9742 0.1880 -0.1245
vn -0.9982 -0.0117 0.0581
vn -0.9886 0.0834 0.1257
vn -0.9916 0.1267 0.0257
vn -0.6197 0.7692 0.1561
vn -0.6194 0.4344 0.6539
vn -0.6187 0.6551 -0.4336
vn -0.6167 0.1560 -0.7716
vn -0.6151 -0.4362 -0.6568
vn -0.6146 -0.7730 -0.1570
vn -0.6162 -0.6568 0.4347
vn -0.6180 -0.1559 0.7706
vn -0.0001 0.9800 0.1989
vn -0.0001 0.5533 0.8330
vn -0.0001 0.8339 -0.5519
vn 0.0000 0.1982 -0.9802
vn 0.0000 -0.5532 -0.8331
vn 0.0001 -0.9800 -0.1991
vn 0.0001 -0.8339 0.5519
vn -0.0000 -0.1983 0.9801
vn 0.9951 -0.0547 -0.0823
vn 0.9955 -0.0928 -0.0188
vn 0.9614 -0.2294 0.1520
vn 0.9999 0.0030 -0.0150
vn 0.9857 -0.0932 -0.1404
vn 0.9856 -0.1657 -0.0336
vn 0.9984 0.0464 -0.0307
vn 0.9995 0.0064 -0.0317
vn 0.6194 0.4344 0.6539
vn 0.6197 0.7692 0.1561
vn 0.6187 0.6551 -0.4336
vn 0.6167 0.1561 -0.7716
vn 0.6151 -0.4362 -0.6568
vn 0.6146 -0.7730 -0.1570
vn 0.6162 -0.6568 0.4347
vn 0.6180 -0.1559 0.7706
vn 0.0001 0.5533 0.8330
vn 0.0001 0.9800 0.1989
vn 0.0000 0.8339 -0.5519
vn -0.0000 0.1982 -0.9802
vn -0.0000 -0.5532 -0.8331
vn -0.0001 -0.9800 -0.1991
vn -0.0001 -0.8339 0.5519
vn 0.0000 -0.1983 0.9801
vn 0.9966 -0.0170 -0.0812
vn 0.6969 0.6270 -0.3482
vn 0.6980 0.6384 -0.3245
vn 0.9988 -0.0024 -0.0491
vn -0.0061 0.9099 -0.4147
vn -0.0060 0.9109 -0.4126
vn -0.7141 0.6586 -0.2374
vn -0.7151 0.6495 -0.2585
vn -0.9966 0.0167 0.0806
vn -0.9988 0.0024 0.0491
vn -0.6969 -0.6270 0.3481
vn -0.6980 -0.6384 0.3245
vn 0.0061 -0.9099 0.4147
vn 0.0060 -0.9109 0.4126
vn 0.7141 -0.6588 0.2369
vn 0.7151 -0.6495 0.2585
vn 0.6980 0.6384 -0.3244
vn 0.9989 -0.0011 -0.0462
vn -0.0061 0.9096 -0.4155
vn -0.7152 0.6477 -0.2627
vn -0.9989 0.0010 0.0461
vn -0.6980 -0.6384 0.3244
vn 0.0061 -0.9096 0.4155
vn 0.7152 -0.6477 0.2626
vn 1.0000 -0.0009 -0.0020
vn 0.7071 0.6432 -0.2938
vn 0.7071 0.6441 -0.2918
vn 1.0000 0.0001 0.0003
vn -0.0000 0.9107 -0.4130
vn 0.0000 0.9108 -0.4129
vn -0.7071 0.6448 -0.2902
vn -0.7071 0.6439 -0.2922
vn -1.0000 0.0009 0.0020
vn -1.0000 -0.0001 -0.0003
vn -0.7071 -0.6435 0.2930
vn -0.7071 -0.6441 0.2918
vn -0.0000 -0.9107 0.4130
vn 0.0000 -0.9108 0.4129
vn 0.7071 -0.6444 0.2910
vn 0.7071 -0.6439 0.2922
vn 0.7071 0.6440 -0.2920
vn -0.7071 0.6440 -0.2920
vn -0.7071 -0.6440 0.2920
vn 0.7071 -0.6440 0.2920
vn 0.7070 0.6529 -0.2718
vn 0.0000 0.9232 -0.3842
vn -0.7070 0.6529 -0.2718
vn -0.7070 -0.6527 0.2723
vn 0.0000 -0.9229 0.3852
vn 0.7070 -0.6527 0.2723
vn 0.7066 0.6692 -0.2299
vn 0.0000 0.9459 -0.3246
vn -0.7066 0.6692 -0.2299
vn -0.7066 -0.6689 0.2308
vn 0.0000 -0.9452 0.3264
vn 0.7066 -0.6689 0.2308
vn 1.0000 -0.0000 0.0000
vn 0.7064 0.6813 -0.1921
vn 0.0000 0.9625 -0.2712
vn -0.7064 0.6813 -0.1921
vn -0.7063 -0.6811 0.1927
vn 0.0000 -0.9622 0.2724
vn 0.7063 -0.6811 0.1927
vn 0.7078 0.6847 -0.1739
vn 0.7108 0.6870 -0.1514
vn 0.0000 0.9692 -0.2463
vn 0.0000 0.9764 -0.2161
vn -0.7078 0.6847 -0.1739
vn -0.7108 0.6870 -0.1514
vn -0.7079 -0.6848 0.1732
vn -0.7112 -0.6873 0.1475
vn 0.0000 -0.9695 0.2449
vn 0.0000 -0.9780 0.2085
vn 0.7079 -0.6848 0.1732
vn 0.7112 -0.6873 0.1475
vn -0.0170 0.3640 0.9312
vn -0.0649 0.3647 0.9289
vn -0.0760 0.9189 0.3872
vn -0.0255 0.9208 0.3892
vn -0.0413 0.9216 -0.3858
vn -0.0218 0.9195 -0.3925
vn 0.0195 0.3911 -0.9201
vn -0.0068 0.3848 -0.9230
vn 0.0709 -0.3646 -0.9285
vn 0.0166 -0.3640 -0.9313
vn 0.0801 -0.9188 -0.3864
vn 0.0318 -0.9210 -0.3883
vn 0.0413 -0.9217 0.3857
vn 0.0216 -0.9195 0.3925
vn -0.0177 -0.3908 0.9203
vn 0.0007 -0.3856 0.9227
vn -0.1598 0.3634 0.9178
vn -0.1594 0.9145 0.3719
vn -0.0604 0.9174 -0.3934
vn 0.0799 0.3923 -0.9164
vn 0.1767 -0.3626 -0.9151
vn 0.1666 -0.9143 -0.3693
vn 0.0602 -0.9175 0.3931
vn -0.0709 -0.3902 0.9180
vn -0.2956 0.3546 0.8871
vn -0.2667 0.9034 0.3357
vn -0.0743 0.9107 -0.4064
vn 0.1704 0.4005 -0.9003
vn 0.3224 -0.3514 -0.8789
vn 0.2772 -0.9025 -0.3297
vn 0.0739 -0.9108 0.4061
vn -0.1561 -0.3958 0.9050
vn -0.4657 0.3307 0.8208
vn -0.3914 0.8797 0.2699
vn -0.0827 0.9029 -0.4219
vn 0.2859 0.4218 -0.8604
vn 0.4999 -0.3235 -0.8034
vn 0.4040 -0.8772 -0.2595
vn 0.0823 -0.9031 0.4214
vn -0.2679 -0.4140 0.8700
vn -0.6605 0.2812 0.6962
vn -0.5218 0.8365 0.1672
vn -0.0771 0.9007 -0.4275
vn 0.4298 0.4669 -0.7729
vn 0.6947 -0.2688 -0.6672
vn 0.5266 -0.8347 -0.1609
vn 0.0767 -0.9010 0.4270
vn -0.4041 -0.4525 0.7949
vn -0.8435 0.1990 0.4989
vn -0.6176 0.7861 0.0235
vn -0.0232 0.8981 -0.4392
vn 0.5816 0.5117 -0.6324
vn 0.8642 -0.1854 -0.4677
vn 0.6198 -0.7845 -0.0196
vn 0.0230 -0.8983 0.4387
vn -0.5649 -0.4981 0.6579
vn -0.9618 0.0947 0.2570
vn -0.6889 0.7143 -0.1235
vn -0.0096 0.9061 -0.4230
vn 0.6688 0.5789 -0.4665
vn 0.9672 -0.0866 -0.2387
vn 0.6911 -0.7108 0.1314
vn 0.0095 -0.9062 0.4228
vn -0.6657 -0.5743 0.4764
vn 0.0000 -0.9339 -0.3574
vn 0.0000 -0.3632 -0.9317
vn 0.0000 0.3504 -0.9366
vn 0.0000 0.9074 -0.4202
vn 0.0000 0.9245 0.3811
vn 0.0000 0.3632 0.9317
vn 0.0000 -0.3772 0.9261
vn 0.0000 -0.9077 0.4197
vn 0.0014 -0.9108 0.4129
vn -0.7002 -0.6487 0.2982
vn -0.6989 -0.6460 0.3070
vn 0.0063 -0.9108 0.4128
vn -0.6983 -0.6425 0.3156
vn 0.0095 -0.9108 0.4126
vn -0.9999 -0.0105 0.0125
vn -0.9997 -0.0077 0.0248
vn -0.9993 -0.0033 0.0366
vn -0.7140 0.6402 -0.2833
vn -0.7151 0.6425 -0.2753
vn -0.7154 0.6455 -0.2674
vn -0.0015 0.9108 -0.4129
vn -0.0063 0.9108 -0.4128
vn -0.0095 0.9108 -0.4126
vn 0.7398 0.5697 -0.3580
vn 0.6758 0.6676 -0.3124
vn 0.7374 0.6364 -0.2262
vn 0.7515 -0.6325 0.1877
vn 0.6880 -0.6681 0.2834
vn 0.7549 -0.5717 0.3214
vn 0.6983 0.6419 -0.3169
vn 0.6983 0.6421 -0.3163
vn 0.9993 0.0030 -0.0373
vn 0.9991 0.0011 -0.0413
vn 0.9812 0.0971 0.1670
vn -0.0060 0.9121 -0.4099
vn -0.7152 0.6478 -0.2623
vn -0.7154 0.6457 -0.2671
vn -0.9991 -0.0011 0.0414
vn -0.9993 -0.0031 0.0370
vn -0.6983 -0.6417 0.3173
vn -0.6983 -0.6423 0.3160
vn 0.0060 -0.9121 0.4099
vn 0.7152 -0.6480 0.2619
vn 0.7154 -0.6454 0.2677
vn 0.7019 0.6467 -0.2985
vn 0.9999 0.0085 -0.0081
vn 0.9687 -0.0911 -0.2311
vn -0.0037 0.9107 -0.4130
vn -0.7123 0.6408 -0.2862
vn -0.9999 -0.0082 0.0086
vn -0.7019 -0.6478 0.2962
vn 0.0037 -0.9107 0.4130
vn 0.7123 -0.6399 0.2882
vn 0.6831 -0.6302 -0.3690
vn 0.9832 -0.0169 -0.1816
vn 0.8773 -0.1864 -0.4422
vn 0.6509 -0.3064 -0.6946
vn 0.9851 -0.0981 -0.1411
vn 0.6465 0.1650 -0.7449
vn 0.9982 0.0457 -0.0384
vn 0.9004 0.3893 -0.1943
vn 0.9903 0.0245 0.1367
vn 0.6851 0.6439 0.3407
vn 0.8967 0.1982 0.3958
vn 0.6891 0.3127 0.6538
vn 0.9887 0.1188 0.0913
vn 0.7005 -0.1379 0.7002
vn 0.9996 -0.0267 -0.0052
vn 0.9366 -0.3243 0.1325
vn 0.1331 -0.3553 0.9252
vn 0.1258 0.4192 0.8991
vn 0.2132 -0.8912 0.4004
vn 0.1424 -0.9319 -0.3337
vn 0.1160 -0.4203 -0.8999
vn 0.1188 0.3561 -0.9269
vn 0.1941 0.8949 -0.4019
vn 0.1417 0.9319 0.3338
vn 0.5224 -0.3057 0.7960
vn 0.9013 0.1831 0.3927
vn 0.8973 -0.4026 0.1809
vn 0.5033 -0.8135 -0.2913
vn 0.8989 -0.1855 -0.3970
vn 0.5221 0.3059 -0.7962
vn 0.8949 0.4071 -0.1829
vn 0.5032 0.8135 0.2914
vn -0.7000 -0.6437 0.3093
vn -0.6985 -0.6410 0.3181
vn 0.0063 -0.9108 0.4127
vn -0.6978 -0.6375 0.3267
vn 0.0095 -0.9109 0.4125
vn -0.9996 -0.0033 0.0284
vn -0.9992 -0.0005 0.0407
vn -0.9986 0.0039 0.0524
vn -0.7138 0.6453 -0.2720
vn -0.7148 0.6476 -0.2639
vn -0.7149 0.6507 -0.2560
vn -0.0015 0.9108 -0.4128
vn -0.0063 0.9109 -0.4127
vn -0.0096 0.9109 -0.4125
vn 0.7381 0.5644 -0.3698
vn 0.6755 0.6627 -0.3232
vn 0.7383 0.6311 -0.2380
vn 0.7498 -0.6378 0.1758
vn 0.6876 -0.6730 0.2725
vn 0.7558 -0.5771 0.3094
vn 0.6977 0.6366 -0.3285
vn 0.9844 0.0900 0.1513
vn 0.9988 -0.0022 -0.0489
vn -0.0063 0.9083 -0.4182
vn -0.7152 0.6476 -0.2630
vn -0.9988 0.0021 0.0485
vn -0.6977 -0.6369 0.3280
vn 0.0063 -0.9083 0.4182
vn 0.7152 -0.6473 0.2635
vn 0.7015 0.6385 -0.3166
vn 0.9991 -0.0067 -0.0416
vn 0.9642 -0.0981 -0.2465
vn -0.0036 0.9133 -0.4073
vn -0.7117 0.6528 -0.2597
vn -0.9991 0.0067 0.0416
vn -0.7015 -0.6386 0.3164
vn 0.0036 -0.9133 0.4073
vn 0.7117 -0.6526 0.2601
vn 0.6726 -0.6350 -0.3799
vn 0.9801 -0.0239 -0.1973
vn 0.8688 -0.1927 -0.4561
vn 0.6375 -0.3110 -0.7049
vn 0.9820 -0.1052 -0.1568
vn 0.6357 0.1604 -0.7551
vn 0.9978 0.0386 -0.0543
vn 0.8999 0.3829 -0.2087
vn 0.9925 0.0174 0.1210
vn 0.6950 0.6390 0.3297
vn 0.9043 0.1918 0.3815
vn 0.7016 0.3076 0.6428
vn 0.9909 0.1117 0.0756
vn 0.7105 -0.1430 0.6890
vn 0.9992 -0.0339 -0.0211
vn 0.9363 -0.3309 0.1176
vn 0.1452 -0.3563 0.9230
vn 0.1431 0.4183 0.8970
vn 0.2133 -0.8927 0.3970
vn 0.1303 -0.9329 -0.3358
vn 0.0987 -0.4211 -0.9016
vn 0.1066 0.3553 -0.9287
vn 0.1941 0.8935 -0.4050
vn 0.1536 0.9309 0.3315
vn 0.5329 -0.3094 0.7876
vn 0.9087 0.1766 0.3783
vn 0.8972 -0.4091 0.1666
vn 0.4928 -0.8171 -0.2992
vn 0.8911 -0.1919 -0.4113
vn 0.5115 0.3022 -0.8044
vn 0.8948 0.4007 -0.1971
vn 0.5137 0.8099 0.2833
vn -0.9966 -0.0170 -0.0812
vn -0.9988 -0.0024 -0.0491
vn -0.6980 0.6384 -0.3245
vn -0.6969 0.6270 -0.3482
vn 0.0060 0.9109 -0.4126
vn 0.0061 0.9099 -0.4147
vn 0.7151 0.6495 -0.2585
vn 0.7141 0.6586 -0.2374
vn 0.9988 0.0024 0.0491
vn 0.9966 0.0167 0.0806
vn 0.6980 -0.6384 0.3245
vn 0.6969 -0.6270 0.3481
vn -0.0060 -0.9109 0.4126
vn -0.0061 -0.9099 0.4147
vn -0.7151 -0.6495 0.2585
vn -0.7141 -0.6588 0.2369
vn -0.9989 -0.0011 -0.0462
vn -0.6980 0.6384 -0.3244
vn 0.0061 0.9096 -0.4155
vn 0.7152 0.6477 -0.2627
vn 0.9989 0.0010 0.0461
vn 0.6980 -0.6384 0.3244
vn -0.0061 -0.9096 0.4155
vn -0.7152 -0.6477 0.2626
vn -1.0000 -0.0009 -0.0020
vn -1.0000 0.0001 0.0003
vn -0.7071 0.6441 -0.2918
vn -0.7071 0.6432 -0.2938
vn 0.0000 0.9107 -0.4130
vn 0.7071 0.6439 -0.2922
vn 0.7071 0.6448 -0.2902
vn 1.0000 -0.0001 -0.0003
vn 1.0000 0.0009 0.0020
vn 0.7071 -0.6441 0.2918
vn 0.7071 -0.6435 0.2930
vn 0.0000 -0.9107 0.4130
vn -0.7071 -0.6439 0.2922
vn -0.7071 -0.6444 0.2910
vn -1.0000 -0.0000 0.0000
vn 0.0170 0.3640 0.9312
vn 0.0255 0.9208 0.3892
vn 0.0760 0.9189 0.3872
vn 0.0649 0.3647 0.9289
vn 0.0218 0.9195 -0.3925
vn 0.0413 0.9216 -0.3858
vn 0.0068 0.3848 -0.9230
vn -0.0195 0.3911 -0.9201
vn -0.0166 -0.3640 -0.9313
vn -0.0709 -0.3646 -0.9285
vn -0.0318 -0.9210 -0.3883
vn -0.0801 -0.9188 -0.3864
vn -0.0216 -0.9195 0.3925
vn -0.0413 -0.9217 0.3857
vn -0.0007 -0.3856 0.9227
vn 0.0177 -0.3908 0.9203
vn 0.1594 0.9145 0.3719
vn 0.1598 0.3634 0.9178
vn 0.0604 0.9174 -0.3934
vn -0.0799 0.3923 -0.9164
vn -0.1767 -0.3626 -0.9151
vn -0.1666 -0.9143 -0.3693
vn -0.0602 -0.9175 0.3931
vn 0.0709 -0.3902 0.9180
vn 0.2667 0.9034 0.3357
vn 0.2956 0.3546 0.8871
vn 0.0743 0.9107 -0.4064
vn -0.1704 0.4005 -0.9003
vn -0.3224 -0.3514 -0.8789
vn -0.2772 -0.9025 -0.3297
vn -0.0739 -0.9108 0.4061
vn 0.1561 -0.3958 0.9050
vn 0.3914 0.8797 0.2699
vn 0.4657 0.3307 0.8208
vn 0.0827 0.9029 -0.4219
vn -0.2859 0.4218 -0.8604
vn -0.4999 -0.3235 -0.8034
vn -0.4040 -0.8772 -0.2595
vn -0.0823 -0.9031 0.4214
vn 0.2679 -0.4140 0.8700
vn 0.5218 0.8365 0.1672
vn 0.6605 0.2812 0.6962
vn 0.0771 0.9007 -0.4275
vn -0.4298 0.4669 -0.7729
vn -0.6947 -0.2688 -0.6672
vn -0.5266 -0.8347 -0.1609
vn -0.0767 -0.9010 0.4270
vn 0.4041 -0.4525 0.7949
vn 0.6176 0.7861 0.0235
vn 0.8435 0.1990 0.4989
vn 0.0232 0.8981 -0.4392
vn -0.5816 0.5117 -0.6324
vn -0.8642 -0.1854 -0.4677
vn -0.6198 -0.7845 -0.0196
vn -0.0230 -0.8983 0.4387
vn 0.5649 -0.4981 0.6579
vn 0.6889 0.7143 -0.1235
vn 0.9618 0.0947 0.2570
vn 0.0096 0.9061 -0.4230
vn -0.6688 0.5789 -0.4665
vn -0.9672 -0.0866 -0.2387
vn -0.6911 -0.7108 0.1314
vn -0.0095 -0.9062 0.4228
vn 0.6657 -0.5743 0.4764
vn -0.0014 -0.9108 0.4129
vn -0.0063 -0.9108 0.4128
vn 0.6989 -0.6460 0.3070
vn 0.7002 -0.6487 0.2982
vn -0.0095 -0.9108 0.4126
vn 0.6983 -0.6425 0.3156
vn 0.9997 -0.0077 0.0248
vn 0.9999 -0.0105 0.0125
vn 0.9993 -0.0033 0.0366
vn 0.7151 0.6425 -0.2753
vn 0.7140 0.6402 -0.2833
vn 0.7154 0.6455 -0.2674
vn 0.0063 0.9108 -0.4128
vn 0.0015 0.9108 -0.4129
vn 0.0095 0.9108 -0.4126
vn -0.6758 0.6676 -0.3124
vn -0.7398 0.5697 -0.3580
vn -0.7374 0.6364 -0.2262
vn -0.7515 -0.6325 0.1877
vn -0.6880 -0.6681 0.2834
vn -0.7549 -0.5717 0.3214
vn -0.6983 0.6419 -0.3169
vn -0.9991 0.0011 -0.0413
vn -0.9993 0.0030 -0.0373
vn -0.6983 0.6421 -0.3163
vn -0.9812 0.0971 0.1670
vn 0.0060 0.9121 -0.4099
vn 0.7152 0.6478 -0.2623
vn 0.7154 0.6457 -0.2671
vn 0.9991 -0.0011 0.0414
vn 0.9993 -0.0031 0.0370
vn 0.6983 -0.6417 0.3173
vn 0.6983 -0.6423 0.3160
vn -0.0060 -0.9121 0.4099
vn -0.7152 -0.6480 0.2619
vn -0.7154 -0.6454 0.2677
vn -0.9687 -0.0911 -0.2311
vn -0.9999 0.0085 -0.0081
vn -0.7019 0.6467 -0.2985
vn 0.0037 0.9107 -0.4130
vn 0.7123 0.6408 -0.2862
vn 0.9999 -0.0082 0.0086
vn 0.7019 -0.6478 0.2962
vn -0.0037 -0.9107 0.4130
vn -0.7123 -0.6399 0.2882
vn -0.6831 -0.6302 -0.3690
vn -0.6509 -0.3064 -0.6946
vn -0.8773 -0.1864 -0.4422
vn -0.9832 -0.0169 -0.1816
vn -0.6465 0.1650 -0.7449
vn -0.9851 -0.0981 -0.1411
vn -0.9004 0.3893 -0.1943
vn -0.9982 0.0457 -0.0384
vn -0.6851 0.6439 0.3407
vn -0.9903 0.0245 0.1367
vn -0.6891 0.3127 0.6538
vn -0.8967 0.1982 0.3958
vn -0.7005 -0.1379 0.7002
vn -0.9887 0.1188 0.0913
vn -0.9366 -0.3243 0.1325
vn -0.9996 -0.0267 -0.0052
vn -0.1258 0.4192 0.8991
vn -0.1331 -0.3553 0.9252
vn -0.2132 -0.8912 0.4004
vn -0.1424 -0.9319 -0.3337
vn -0.1160 -0.4203 -0.8999
vn -0.1188 0.3561 -0.9269
vn -0.1941 0.8949 -0.4019
vn -0.1417 0.9319 0.3338
vn -0.9013 0.1831 0.3927
vn -0.5224 -0.3057 0.7960
vn -0.8973 -0.4026 0.1809
vn -0.5033 -0.8135 -0.2913
vn -0.8989 -0.1855 -0.3970
vn -0.5221 0.3059 -0.7962
vn -0.8949 0.4071 -0.1829
vn -0.5032 0.8135 0.2914
vn -0.0063 -0.9108 0.4127
vn 0.6985 -0.6410 0.3181
vn 0.7000 -0.6437 0.3093
vn -0.0095 -0.9109 0.4125
vn 0.6978 -0.6375 0.3267
vn 0.9992 -0.0005 0.0407
vn 0.9996 -0.0033 0.0284
vn 0.9986 0.0039 0.0524
vn 0.7148 0.6476 -0.2639
vn 0.7138 0.6453 -0.2720
vn 0.7149 0.6507 -0.2560
vn 0.0063 0.9109 -0.4127
vn 0.0015 0.9108 -0.4128
vn 0.0096 0.9109 -0.4125
vn -0.6755 0.6627 -0.3232
vn -0.7381 0.5644 -0.3698
vn -0.7383 0.6311 -0.2380
vn -0.7498 -0.6378 0.1758
vn -0.6876 -0.6730 0.2725
vn -0.7558 -0.5771 0.3094
vn -0.6977 0.6366 -0.3285
vn -0.9988 -0.0022 -0.0489
vn -0.9844 0.0900 0.1513
vn 0.0063 0.9083 -0.4182
vn 0.7152 0.6476 -0.2630
vn 0.9988 0.0021 0.0485
vn 0.6977 -0.6369 0.3280
vn -0.0063 -0.9083 0.4182
vn -0.7152 -0.6473 0.2635
vn -0.9642 -0.0981 -0.2465
vn -0.9991 -0.0067 -0.0416
vn -0.7015 0.6385 -0.3166
vn 0.0036 0.9133 -0.4073
vn 0.7117 0.6528 -0.2597
vn 0.9991 0.0067 0.0416
vn 0.7015 -0.6386 0.3164
vn -0.0036 -0.9133 0.4073
vn -0.7117 -0.6526 0.2601
vn -0.6726 -0.6350 -0.3799
vn -0.6375 -0.3110 -0.7049
vn -0.8688 -0.1927 -0.4561
vn -0.9801 -0.0239 -0.1973
vn -0.6357 0.1604 -0.7551
vn -0.9820 -0.1052 -0.1568
vn -0.8999 0.3829 -0.2087
vn -0.9978 0.0386 -0.0543
vn -0.6950 0.6390 0.3297
vn -0.9925 0.0174 0.1210
vn -0.7016 0.3076 0.6428
vn -0.9043 0.1918 0.3815
vn -0.7105 -0.1430 0.6890
vn -0.9909 0.1117 0.0756
vn -0.9363 -0.3309 0.1176
vn -0.9992 -0.0339 -0.0211
vn -0.1431 0.4183 0.8970
vn -0.1452 -0.3563 0.9230
vn -0.2133 -0.8927 0.3970
vn -0.1303 -0.9329 -0.3358
vn -0.0987 -0.4211 -0.9016
vn -0.1066 0.3553 -0.9287
vn -0.1941 0.8935 -0.4050
vn -0.1536 0.9309 0.3315
vn -0.9087 0.1766 0.3783
vn -0.5329 -0.3094 0.7876
vn -0.8972 -0.4091 0.1666
vn -0.4928 -0.8171 -0.2992
vn -0.8911 -0.1919 -0.4113
vn -0.5115 0.3022 -0.8044
vn -0.8948 0.4007 -0.1971
vn -0.5137 0.8099 0.2833
vn -0.9991 0.0090 -0.0403
vn -0.7068 -0.6828 -0.1850
vn -0.9908 -0.0118 -0.1345
vn -0.6901 -0.6800 -0.2476
vn -0.9711 0.0123 -0.2383
vn -0.6780 -0.6417 -0.3585
vn 0.7068 -0.6964 -0.1243
vn 0.9991 -0.0090 0.0403
vn 0.7191 -0.6924 -0.0585
vn 0.9908 0.0119 0.1345
vn 0.7213 -0.6862 -0.0938
vn 0.9884 0.0078 0.1519
vn -0.7069 0.6957 0.1281
vn -0.7193 0.6918 0.0629
vn -0.7174 0.6958 0.0349
vn 0.7068 0.6837 0.1814
vn 0.6902 0.6813 0.2438
vn 0.6848 0.6610 0.3068
vn 0.9395 0.2032 0.2756
vn 0.9387 0.2128 0.2710
vn 0.9913 0.1060 0.0779
vn 0.9917 0.0956 0.0862
vn -0.9936 0.0515 0.1010
vn -0.9827 0.1851 0.0020
vn 0.0256 0.5686 0.8222
vn 0.0261 0.5537 0.8323
vn 0.9935 -0.0742 -0.0867
vn 0.9925 -0.0269 -0.1191
vn -0.0258 -0.6239 -0.7810
vn -0.0262 -0.5565 -0.8304
vn -0.9306 -0.0979 -0.3526
vn -0.9396 -0.2207 -0.2618
vn -0.9918 -0.0913 -0.0895
vn -0.9757 0.0692 -0.2078
vn -0.8802 0.1348 -0.4551
vn -0.6851 -0.3738 -0.6252
vn 0.8042 -0.4661 -0.3687
vn 0.9936 0.1070 -0.0375
vn 0.0000 -0.7795 -0.6264
vn -0.7924 0.6080 0.0496
vn -0.0001 0.7283 0.6852
vn 0.7391 0.5210 0.4270
vn -0.8928 0.2591 -0.3684
vn -0.8789 0.4555 -0.1414
vn 0.9758 -0.1685 -0.1391
vn -0.0252 -0.7551 -0.6551
vn -0.8777 -0.0584 -0.4756
vn 0.0257 0.6808 0.7320
vn 0.9093 0.3193 0.2669
vn 0.9868 0.1614 0.0130
vn -0.9011 0.3595 -0.2425
vn -0.8649 0.2755 -0.4195
vn -0.9627 -0.1709 -0.2099
vn -0.9984 -0.0501 -0.0268
vn 0.8784 0.3113 -0.3626
vn 0.9005 0.4011 -0.1680
vn 0.9984 0.0509 0.0263
vn 0.9812 -0.0595 -0.1835
vn -0.0812 0.2883 -0.9541
vn -0.1051 -0.5092 -0.8542
vn -0.8865 0.4596 -0.0533
vn -0.9817 0.0814 0.1723
vn 0.0714 0.9420 0.3279
vn 0.1048 0.4997 0.8598
vn 0.8701 0.4928 0.0095
vn 0.9634 0.1495 0.2227
vn -0.0111 0.8742 -0.4854
vn 0.0107 0.8785 -0.4775
vn 0.0076 0.8802 -0.4746
vn 0.0117 0.8819 -0.4712
vn -0.0079 0.8853 -0.4650
vn -0.0296 0.8806 -0.4729
vn -0.0265 0.8791 -0.4759
vn -0.0306 0.8772 -0.4791
vn -0.0095 0.8798 -0.4753
vn -0.0096 0.8801 -0.4747
vn -0.0094 0.8794 -0.4760
vn -0.9949 -0.0711 -0.0711
vn -0.9424 -0.2429 -0.2300
vn 0.9889 0.0256 -0.1461
vn 0.9866 0.1632 0.0083
vn -0.8858 -0.3051 -0.3496
vn -0.0801 -0.5546 -0.8283
vn -0.0540 -0.5523 -0.8319
vn -0.9930 0.0534 0.1056
vn 0.9755 -0.0553 -0.2128
vn 0.0798 0.5464 0.8337
vn -0.9834 0.0740 0.1657
vn 0.0538 0.5457 0.8363
vn 0.9110 0.2494 0.3285
vn 0.9523 0.1984 0.2318
vn -0.9599 -0.2145 -0.1805
vn -0.9297 -0.3430 0.1343
vn 0.9956 -0.0462 0.0818
vn 0.9871 -0.0509 -0.1517
vn -0.1018 -0.5564 -0.8247
vn -0.9886 -0.0254 0.1486
vn 0.1015 0.5470 0.8310
vn 0.9585 0.1912 0.2116
vn 0.9975 -0.0584 0.0387
vn 0.9999 0.0030 -0.0148
vn 0.9945 0.0579 0.0872
vn 0.9902 0.1370 0.0278
vn 0.9742 0.1880 -0.1245
vn 0.9982 -0.0117 0.0581
vn 0.9886 0.0834 0.1257
vn 0.9916 0.1267 0.0257
vn 0.6167 0.1560 -0.7716
vn 0.0001 0.8339 -0.5519
vn -0.9951 -0.0547 -0.0823
vn -0.9955 -0.0928 -0.0188
vn -0.9614 -0.2294 0.1520
vn -0.9999 0.0030 -0.0150
vn -0.9857 -0.0932 -0.1404
vn -0.9856 -0.1657 -0.0336
vn -0.9984 0.0464 -0.0307
vn -0.9995 0.0064 -0.0317
vn -0.6167 0.1561 -0.7716
vn -0.0000 0.8339 -0.5519
vn 0.9992 0.0045 -0.0389
vn 0.6936 -0.0236 -0.7200
vn 0.6935 -0.0236 -0.7200
vn 0.9992 0.0045 -0.0392
vn -0.0086 -0.0361 -0.9993
vn -0.0087 -0.0361 -0.9993
vn -0.7274 -0.0248 -0.6857
vn -0.7274 -0.0247 -0.6858
vn -0.9992 0.0038 0.0388
vn -0.9992 0.0038 0.0391
vn -0.6968 0.0322 0.7165
vn -0.6941 0.0318 0.7192
vn 0.0076 0.0445 0.9990
vn 0.0085 0.0446 0.9990
vn 0.7239 0.0329 0.6891
vn 0.7266 0.0334 0.6862
vn 0.6935 -0.0236 -0.7201
vn -0.0088 -0.0361 -0.9993
vn -0.6934 0.0318 0.7198
vn 0.0088 0.0446 0.9990
vn 0.7273 0.0334 0.6856
vn 0.9992 0.0045 -0.0391
vn -0.0089 -0.0361 -0.9993
vn -0.9992 0.0038 0.0390
vn -0.6934 0.0318 0.7199
vn 0.0089 0.0446 0.9990
vn 0.7272 0.0334 0.6856
vn 0.6934 -0.0248 -0.7201
vn 0.9992 0.0028 -0.0390
vn -0.0090 -0.0361 -0.9993
vn -0.7274 -0.0235 -0.6859
vn -0.9992 0.0056 0.0389
vn -0.6933 0.0330 0.7199
vn 0.0090 0.0446 0.9990
vn 0.7272 0.0321 0.6856
vn 0.6934 -0.0253 -0.7201
vn 0.9992 0.0010 -0.0389
vn -0.0091 -0.0321 -0.9994
vn -0.7274 -0.0146 -0.6861
vn -0.9991 0.0166 0.0387
vn -0.6931 0.0426 0.7196
vn 0.0092 0.0501 0.9987
vn 0.7272 0.0329 0.6856
vn 0.9992 0.0123 -0.0388
vn 0.6934 -0.0173 -0.7203
vn 0.6934 -0.0090 -0.7205
vn 0.9989 0.0256 -0.0388
vn -0.0094 -0.0316 -0.9995
vn -0.0093 -0.0363 -0.9993
vn -0.7273 -0.0216 -0.6860
vn -0.7268 -0.0401 -0.6857
vn -0.9992 0.0070 0.0385
vn -0.9991 -0.0173 0.0387
vn -0.6933 0.0362 0.7198
vn -0.6935 0.0172 0.7203
vn 0.0092 0.0510 0.9987
vn 0.0092 0.0448 0.9990
vn 0.7269 0.0414 0.6855
vn 0.7266 0.0487 0.6854
vn 0.6934 -0.0082 -0.7205
vn 0.9989 0.0268 -0.0387
vn -0.7268 -0.0409 -0.6857
vn -0.9991 -0.0184 0.0387
vn -0.6934 0.0164 0.7203
vn 0.7265 0.0495 0.6854
vn 0.6933 -0.0027 -0.7206
vn 0.9986 0.0347 -0.0387
vn -0.7265 -0.0465 -0.6856
vn -0.9989 -0.0260 0.0387
vn -0.6934 0.0111 0.7205
vn 0.7262 0.0552 0.6853
vn 0.6926 0.0198 -0.7210
vn 0.9970 0.0672 -0.0389
vn -0.0091 -0.0366 -0.9993
vn -0.7250 -0.0698 -0.6852
vn -0.9976 -0.0580 0.0388
vn -0.6929 -0.0112 0.7209
vn 0.0089 0.0451 0.9989
vn 0.7244 0.0788 0.6848
vn 0.6893 0.0629 -0.7217
vn 0.9909 0.1291 -0.0392
vn -0.0086 -0.0371 -0.9993
vn -0.7199 -0.1144 -0.6846
vn -0.9920 -0.1196 0.0391
vn -0.6900 -0.0541 0.7218
vn 0.0081 0.0456 0.9989
vn 0.7189 0.1236 0.6840
vn 0.6813 0.1173 -0.7226
vn 0.9776 0.2067 -0.0393
vn -0.0078 -0.0377 -0.9993
vn -0.7092 -0.1716 -0.6838
vn -0.9792 -0.1992 0.0393
vn -0.6823 -0.1095 0.7229
vn 0.0071 0.0460 0.9989
vn 0.7078 0.1797 0.6831
vn 0.6703 0.1661 -0.7233
vn 0.9602 0.2764 -0.0392
vn -0.0070 -0.0381 -0.9993
vn -0.6957 -0.2216 -0.6833
vn -0.9624 -0.2687 0.0392
vn -0.6717 -0.1582 0.7238
vn 0.0061 0.0463 0.9989
vn 0.6939 0.2297 0.6825
vn 0.6574 0.2094 -0.7238
vn 0.9404 0.3379 -0.0390
vn -0.0063 -0.0383 -0.9992
vn -0.6804 -0.2657 -0.6830
vn -0.9431 -0.3303 0.0390
vn -0.6591 -0.2016 0.7245
vn 0.0052 0.0464 0.9989
vn 0.6783 0.2737 0.6820
vn 0.6410 0.2538 -0.7244
vn 0.9153 0.4009 -0.0385
vn -0.0055 -0.0385 -0.9992
vn -0.6612 -0.3109 -0.6827
vn -0.9184 -0.3937 0.0386
vn -0.6430 -0.2463 0.7252
vn 0.0043 0.0464 0.9989
vn 0.6588 0.3184 0.6816
vn 0.6215 0.2973 -0.7248
vn 0.8859 0.4622 -0.0379
vn -0.0047 -0.0385 -0.9992
vn -0.6389 -0.3547 -0.6826
vn -0.8894 -0.4556 0.0380
vn -0.6237 -0.2901 0.7258
vn 0.0034 0.0463 0.9989
vn 0.6363 0.3619 0.6813
vn 0.5982 0.3410 -0.7252
vn 0.8511 0.5237 -0.0371
vn -0.0039 -0.0384 -0.9993
vn -0.6128 -0.3981 -0.6826
vn -0.8550 -0.5173 0.0372
vn -0.6007 -0.3340 0.7264
vn 0.0024 0.0460 0.9989
vn 0.6099 0.4051 0.6811
vn 0.5705 0.3850 -0.7254
vn 0.8102 0.5851 -0.0360
vn -0.0030 -0.0382 -0.9993
vn -0.5820 -0.4418 -0.6827
vn -0.8139 -0.5798 0.0361
vn -0.5730 -0.3786 0.7268
vn 0.0015 0.0456 0.9990
vn 0.5791 0.4481 0.6811
vn 0.5414 0.4246 -0.7256
vn 0.7674 0.6402 -0.0348
vn -0.0023 -0.0379 -0.9993
vn -0.5502 -0.4805 -0.6830
vn -0.7713 -0.6355 0.0349
vn -0.5440 -0.4186 0.7272
vn 0.0007 0.0451 0.9990
vn 0.5473 0.4864 0.6811
vn 0.5136 0.4578 -0.7257
vn 0.7267 0.6861 -0.0336
vn -0.0016 -0.0376 -0.9993
vn -0.5201 -0.5125 -0.6833
vn -0.7307 -0.6818 0.0337
vn -0.5162 -0.4521 0.7274
vn 0.0000 0.0446 0.9990
vn 0.5171 0.5180 0.6813
vn 0.4869 0.4861 -0.7257
vn 0.6879 0.7251 -0.0324
vn -0.0011 -0.0372 -0.9993
vn -0.4916 -0.5394 -0.6836
vn -0.6921 -0.7211 0.0325
vn -0.4896 -0.4806 0.7275
vn -0.0005 0.0440 0.9990
vn 0.4886 0.5447 0.6816
vn 0.4598 0.5118 -0.7257
vn 0.6487 0.7604 -0.0312
vn -0.0006 -0.0368 -0.9993
vn -0.4630 -0.5637 -0.6840
vn -0.6530 -0.7567 0.0313
vn -0.4627 -0.5065 0.7276
vn -0.0009 0.0435 0.9991
vn 0.4599 0.5688 0.6818
vn 0.4298 0.5375 -0.7255
vn 0.6053 0.7955 -0.0298
vn -0.0002 -0.0363 -0.9993
vn -0.4313 -0.5878 -0.6845
vn -0.6095 -0.7922 0.0300
vn -0.4325 -0.5325 0.7276
vn -0.0013 0.0428 0.9991
vn 0.4283 0.5926 0.6822
vn 0.3963 0.5629 -0.7253
vn 0.5573 0.8298 -0.0283
vn 0.0002 -0.0357 -0.9994
vn -0.3964 -0.6113 -0.6850
vn -0.5613 -0.8271 0.0284
vn -0.3990 -0.5582 0.7275
vn -0.0016 0.0421 0.9991
vn 0.3936 0.6157 0.6827
vn 0.3610 0.5865 -0.7250
vn 0.5067 0.8617 -0.0266
vn 0.0006 -0.0351 -0.9994
vn -0.3597 -0.6328 -0.6856
vn -0.5105 -0.8595 0.0268
vn -0.3634 -0.5822 0.7273
vn -0.0019 0.0413 0.9991
vn 0.3572 0.6369 0.6832
vn 0.3247 0.6078 -0.7247
vn 0.4550 0.8901 -0.0249
vn 0.0008 -0.0344 -0.9994
vn -0.3224 -0.6519 -0.6863
vn -0.4584 -0.8884 0.0250
vn -0.3269 -0.6038 0.7270
vn -0.0021 0.0405 0.9992
vn 0.3200 0.6557 0.6838
vn 0.2858 0.6276 -0.7242
vn 0.3998 0.9163 -0.0230
vn 0.0010 -0.0337 -0.9994
vn -0.2829 -0.6692 -0.6871
vn -0.4031 -0.9149 0.0232
vn -0.2880 -0.6237 0.7267
vn -0.0021 0.0397 0.9992
vn 0.2807 0.6728 0.6845
vn 0.2438 0.6456 -0.7237
vn 0.3406 0.9400 -0.0209
vn 0.0011 -0.0329 -0.9995
vn -0.2403 -0.6848 -0.6879
vn -0.3430 -0.9391 0.0211
vn -0.2455 -0.6421 0.7262
vn -0.0021 0.0388 0.9992
vn 0.2386 0.6881 0.6853
vn 0.2035 0.6601 -0.7230
vn 0.2838 0.9587 -0.0189
vn 0.0011 -0.0322 -0.9995
vn -0.1998 -0.6969 -0.6888
vn -0.2858 -0.9581 0.0191
vn -0.2049 -0.6568 0.7257
vn -0.0020 0.0380 0.9993
vn 0.1985 0.7000 0.6861
vn 0.1686 0.6705 -0.7225
vn 0.2348 0.9719 -0.0172
vn 0.0011 -0.0316 -0.9995
vn -0.1651 -0.7052 -0.6895
vn -0.2365 -0.9715 0.0173
vn -0.1698 -0.6674 0.7251
vn -0.0018 0.0373 0.9993
vn 0.1640 0.7081 0.6868
vn 0.1392 0.6778 -0.7220
vn 0.1937 0.9809 -0.0157
vn 0.0010 -0.0311 -0.9995
vn -0.1361 -0.7107 -0.6902
vn -0.1951 -0.9807 0.0158
vn -0.1402 -0.6747 0.7246
vn -0.0016 0.0367 0.9993
vn 0.1351 0.7136 0.6874
vn 0.1116 0.6834 -0.7214
vn 0.1550 0.9878 -0.0143
vn 0.0009 -0.0306 -0.9995
vn -0.1090 -0.7148 -0.6908
vn -0.1565 -0.9876 0.0144
vn -0.1125 -0.6804 0.7242
vn -0.0013 0.0363 0.9993
vn 0.1080 0.7176 0.6880
vn 0.0812 0.6883 -0.7208
vn 0.1127 0.9935 -0.0127
vn 0.0007 -0.0301 -0.9995
vn -0.0790 -0.7180 -0.6915
vn -0.1136 -0.9934 0.0129
vn -0.0818 -0.6854 0.7236
vn -0.0010 0.0357 0.9994
vn 0.0784 0.7208 0.6887
vn 0.0503 0.6920 -0.7202
vn 0.0697 0.9975 -0.0111
vn 0.0005 -0.0296 -0.9996
vn -0.0488 -0.7200 -0.6922
vn -0.0702 -0.9975 0.0113
vn -0.0506 -0.6890 0.7230
vn -0.0007 0.0352 0.9994
vn 0.0484 0.7228 0.6894
vn 0.0218 0.6941 -0.7196
vn 0.0302 0.9995 -0.0097
vn 0.0002 -0.0292 -0.9996
vn -0.0210 -0.7207 -0.6929
vn -0.0302 -0.9995 0.0098
vn -0.0218 -0.6912 0.7223
vn -0.0003 0.0348 0.9994
vn 0.0210 0.7235 0.6900
vn 0.0046 0.6949 -0.7191
vn 0.0063 0.9999 -0.0088
vn 0.0000 -0.0289 -0.9996
vn -0.0043 -0.7206 -0.6933
vn -0.0062 -0.9999 0.0089
vn -0.0045 -0.6920 0.7219
vn -0.0001 0.0345 0.9994
vn 0.0044 0.7234 0.6904
vn 0.0000 0.7233 0.6905
vn -0.0000 1.0000 -0.0085
vn 0.0000 0.6950 -0.7190
vn 0.0000 -0.0288 -0.9996
vn -0.0000 -0.7206 -0.6934
vn -0.0000 -1.0000 0.0086
vn -0.0000 -0.6921 0.7218
vn -0.0000 0.0345 0.9994
vn -0.7274 -0.0247 -0.6857
vn -0.9992 0.0021 0.0390
vn -0.7273 -0.0260 -0.6858
vn 0.6935 -0.0224 -0.7201
vn 0.9992 0.0063 -0.0391
vn 0.7272 0.0347 0.6856
vn -0.6934 0.0306 0.7199
vn -0.9992 0.0003 0.0389
vn -0.7273 -0.0265 -0.6858
vn -0.0091 -0.0323 -0.9994
vn 0.6935 -0.0140 -0.7203
vn 0.9991 0.0173 -0.0391
vn 0.7269 0.0447 0.6853
vn 0.0090 0.0502 0.9987
vn -0.6934 0.0313 0.7199
vn -0.9992 0.0116 0.0385
vn -0.9990 0.0249 0.0383
vn -0.7273 -0.0094 -0.6862
vn -0.7273 -0.0182 -0.6860
vn -0.0096 -0.0359 -0.9993
vn 0.6930 -0.0382 -0.7199
vn 0.6934 -0.0206 -0.7203
vn 0.9991 -0.0166 -0.0384
vn 0.9992 0.0077 -0.0388
vn 0.7273 0.0180 0.6861
vn 0.7271 0.0380 0.6855
vn 0.0097 0.0444 0.9990
vn 0.0095 0.0510 0.9987
vn -0.6928 0.0464 0.7197
vn -0.6931 0.0394 0.7198
vn -0.9989 0.0260 0.0382
vn -0.7273 -0.0086 -0.6863
vn -0.0097 -0.0359 -0.9993
vn 0.6930 -0.0390 -0.7199
vn 0.9991 -0.0176 -0.0383
vn 0.7273 0.0172 0.6861
vn -0.6927 0.0472 0.7197
vn -0.9987 0.0339 0.0381
vn -0.7272 -0.0029 -0.6864
vn -0.0098 -0.0358 -0.9993
vn 0.6927 -0.0443 -0.7199
vn 0.9990 -0.0253 -0.0382
vn 0.7273 0.0116 0.6862
vn 0.0099 0.0443 0.9990
vn -0.6924 0.0527 0.7196
vn -0.9971 0.0665 0.0377
vn -0.7265 0.0208 -0.6869
vn -0.0101 -0.0354 -0.9993
vn 0.6913 -0.0665 -0.7195
vn 0.9976 -0.0573 -0.0378
vn 0.7268 -0.0117 0.6868
vn 0.0103 0.0439 0.9990
vn -0.6909 0.0751 0.7191
vn -0.9910 0.1284 0.0368
vn -0.7229 0.0660 -0.6878
vn -0.0105 -0.0348 -0.9993
vn 0.6868 -0.1092 -0.7186
vn 0.9922 -0.1189 -0.0370
vn 0.7236 -0.0567 0.6879
vn 0.0109 0.0432 0.9990
vn -0.6859 0.1179 0.7181
vn -0.9779 0.2060 0.0356
vn -0.7141 0.1229 -0.6892
vn -0.0109 -0.0338 -0.9994
vn 0.6770 -0.1639 -0.7175
vn 0.9794 -0.1985 -0.0357
vn 0.7152 -0.1147 0.6895
vn 0.0116 0.0422 0.9990
vn -0.6759 0.1716 0.7168
vn -0.9606 0.2758 0.0342
vn -0.7021 0.1740 -0.6905
vn -0.0111 -0.0329 -0.9994
vn 0.6648 -0.2117 -0.7164
vn 0.9628 -0.2680 -0.0343
vn 0.7036 -0.1657 0.6910
vn 0.0120 0.0412 0.9991
vn -0.6632 0.2195 0.7155
vn -0.9408 0.3374 0.0329
vn -0.6880 0.2191 -0.6918
vn -0.0111 -0.0321 -0.9994
vn 0.6508 -0.2541 -0.7155
vn 0.9435 -0.3297 -0.0331
vn 0.6899 -0.2110 0.6925
vn 0.0122 0.0403 0.9991
vn -0.6489 0.2618 0.7144
vn -0.9158 0.4004 0.0314
vn -0.6701 0.2653 -0.6932
vn -0.0111 -0.0313 -0.9994
vn 0.6333 -0.2977 -0.7144
vn 0.9189 -0.3932 -0.0315
vn 0.6723 -0.2575 0.6941
vn 0.0123 0.0393 0.9992
vn -0.6311 0.3051 0.7132
vn -0.8865 0.4618 0.0296
vn -0.6488 0.3104 -0.6947
vn -0.0109 -0.0305 -0.9995
vn 0.6128 -0.3402 -0.7132
vn 0.8899 -0.4552 -0.0298
vn 0.6513 -0.3029 0.6957
vn 0.0122 0.0383 0.9992
vn -0.6105 0.3472 0.7119
vn -0.8516 0.5234 0.0277
vn -0.6235 0.3555 -0.6963
vn -0.0106 -0.0296 -0.9995
vn 0.5888 -0.3825 -0.7120
vn 0.8555 -0.5170 -0.0279
vn 0.6263 -0.3483 0.6975
vn 0.0120 0.0372 0.9992
vn -0.5861 0.3893 0.7105
vn -0.8108 0.5848 0.0256
vn -0.5936 0.4005 -0.6981
vn -0.0101 -0.0288 -0.9995
vn 0.5603 -0.4253 -0.7108
vn 0.8145 -0.5796 -0.0257
vn 0.5963 -0.3940 0.6994
vn 0.0116 0.0362 0.9993
vn -0.5577 0.4315 0.7091
vn -0.7680 0.6400 0.0235
vn -0.5622 0.4409 -0.6997
vn -0.0096 -0.0281 -0.9996
vn 0.5308 -0.4635 -0.7095
vn 0.7719 -0.6353 -0.0236
vn 0.5650 -0.4348 0.7013
vn 0.0112 0.0353 0.9993
vn -0.5281 0.4693 0.7077
vn -0.7272 0.6861 0.0215
vn -0.5322 0.4744 -0.7012
vn -0.0090 -0.0276 -0.9996
vn 0.5027 -0.4954 -0.7084
vn 0.7313 -0.6817 -0.0217
vn 0.5351 -0.4686 0.7029
vn 0.0106 0.0346 0.9993
vn -0.5000 0.5009 0.7065
vn -0.6884 0.7250 0.0197
vn -0.5036 0.5028 -0.7026
vn -0.0085 -0.0272 -0.9996
vn 0.4761 -0.5224 -0.7074
vn 0.6926 -0.7211 -0.0198
vn 0.5066 -0.4972 0.7044
vn 0.0100 0.0341 0.9994
vn -0.4733 0.5277 0.7054
vn -0.6491 0.7605 0.0179
vn -0.4747 0.5284 -0.7038
vn -0.0079 -0.0269 -0.9996
vn 0.4492 -0.5469 -0.7065
vn 0.6535 -0.7567 -0.0181
vn 0.4778 -0.5231 0.7058
vn 0.0094 0.0336 0.9994
vn -0.4463 0.5520 0.7043
vn -0.6057 0.7956 0.0160
vn -0.4427 0.5538 -0.7052
vn -0.0073 -0.0266 -0.9996
vn 0.4193 -0.5715 -0.7054
vn 0.6099 -0.7923 -0.0161
vn 0.4457 -0.5488 0.7072
vn 0.0088 0.0331 0.9994
vn -0.4165 0.5762 0.7032
vn -0.5577 0.8299 0.0139
vn -0.4074 0.5786 -0.7066
vn -0.0066 -0.0264 -0.9996
vn 0.3862 -0.5956 -0.7043
vn 0.5617 -0.8273 -0.0140
vn 0.4102 -0.5739 0.7088
vn 0.0080 0.0328 0.9994
vn -0.3836 0.6001 0.7020
vn -0.5071 0.8618 0.0117
vn -0.3701 0.6014 -0.7080
vn -0.0058 -0.0262 -0.9996
vn 0.3514 -0.6181 -0.7032
vn 0.5108 -0.8596 -0.0118
vn 0.3727 -0.5971 0.7103
vn 0.0071 0.0325 0.9994
vn -0.3489 0.6222 0.7008
vn -0.4553 0.8903 0.0095
vn -0.3321 0.6217 -0.7094
vn -0.0051 -0.0262 -0.9996
vn 0.3157 -0.6383 -0.7021
vn 0.4587 -0.8885 -0.0096
vn 0.3344 -0.6177 0.7118
vn 0.0063 0.0323 0.9995
vn -0.3134 0.6422 0.6996
vn -0.4000 0.9165 0.0072
vn -0.2915 0.6401 -0.7108
vn -0.0043 -0.0263 -0.9996
vn 0.2777 -0.6569 -0.7009
vn 0.4033 -0.9150 -0.0073
vn 0.2938 -0.6363 0.7133
vn 0.0054 0.0323 0.9995
vn -0.2756 0.6606 0.6984
vn -0.3408 0.9401 0.0047
vn -0.2480 0.6566 -0.7123
vn -0.0035 -0.0264 -0.9996
vn 0.2365 -0.6741 -0.6997
vn 0.3431 -0.9393 -0.0047
vn 0.2497 -0.6532 0.7148
vn 0.0045 0.0323 0.9995
vn -0.2349 0.6774 0.6971
vn -0.2839 0.9588 0.0025
vn -0.2064 0.6695 -0.7136
vn -0.0028 -0.0266 -0.9996
vn 0.1972 -0.6878 -0.6986
vn 0.2859 -0.9583 -0.0025
vn 0.2078 -0.6662 0.7162
vn 0.0036 0.0324 0.9995
vn -0.1959 0.6909 0.6959
vn -0.2349 0.9720 0.0005
vn -0.1706 0.6784 -0.7146
vn -0.0022 -0.0269 -0.9996
vn 0.1633 -0.6976 -0.6977
vn 0.2366 -0.9716 -0.0005
vn 0.1718 -0.6752 0.7173
vn 0.0029 0.0326 0.9995
vn -0.1622 0.7006 0.6949
vn -0.1937 0.9811 -0.0011
vn -0.1406 0.6843 -0.7155
vn -0.0018 -0.0272 -0.9996
vn 0.1349 -0.7044 -0.6969
vn 0.1952 -0.9808 0.0011
vn 0.1416 -0.6813 0.7182
vn 0.0023 0.0329 0.9995
vn -0.1339 0.7073 0.6941
vn -0.1550 0.9879 -0.0026
vn -0.1124 0.6887 -0.7163
vn -0.0014 -0.0275 -0.9996
vn 0.1082 -0.7097 -0.6962
vn 0.1565 -0.9877 0.0027
vn 0.1134 -0.6857 0.7190
vn 0.0018 0.0331 0.9994
vn -0.1072 0.7126 0.6934
vn -0.1128 0.9936 -0.0042
vn -0.0817 0.6922 -0.7171
vn -0.0009 -0.0278 -0.9996
vn 0.0786 -0.7143 -0.6954
vn 0.1137 -0.9935 0.0043
vn 0.0823 -0.6893 0.7198
vn 0.0013 0.0334 0.9994
vn -0.0780 0.7171 0.6926
vn -0.0697 0.9975 -0.0059
vn -0.0504 0.6944 -0.7178
vn -0.0006 -0.0282 -0.9996
vn 0.0486 -0.7177 -0.6946
vn 0.0702 -0.9975 0.0060
vn 0.0508 -0.6915 0.7206
vn 0.0008 0.0338 0.9994
vn -0.0483 0.7205 0.6918
vn -0.0302 0.9995 -0.0074
vn -0.0218 0.6951 -0.7186
vn -0.0002 -0.0286 -0.9996
vn 0.0210 -0.7197 -0.6939
vn 0.0302 -0.9995 0.0075
vn 0.0219 -0.6922 0.7214
vn 0.0003 0.0342 0.9994
vn -0.0209 0.7225 0.6911
vn -0.0063 0.9999 -0.0083
vn -0.0046 0.6951 -0.7189
vn -0.0000 -0.0288 -0.9996
vn 0.0043 -0.7205 -0.6935
vn 0.0062 -0.9999 0.0084
vn 0.0045 -0.6922 0.7217
vn 0.0001 0.0344 0.9994
vn -0.0044 0.7232 0.6906
vn 0.6941 -0.0209 -0.7196
vn 0.9994 0.0048 -0.0353
vn -0.0085 -0.0324 -0.9994
vn -0.7270 -0.0221 -0.6863
vn -0.9994 0.0040 0.0352
vn -0.6995 0.0304 0.7140
vn 0.0059 0.0412 0.9991
vn 0.7213 0.0302 0.6919
vn 0.0060 0.0201 0.9998
vn 0.7214 0.0155 0.6923
vn -0.6996 0.0164 0.7144
vn -0.9994 0.0062 0.0349
vn 0.9994 0.0058 -0.0350
vn -0.7270 -0.0044 -0.6866
vn -0.0088 -0.0082 -0.9999
vn 0.6941 -0.0035 -0.7199
vn -0.6995 0.0165 0.7144
vn 0.9994 0.0059 -0.0350
vn -0.0261 -0.1087 -0.9937
vn -0.0307 -0.0847 -0.9959
vn -0.0125 -0.0816 -0.9966
vn -0.0125 -0.1010 -0.9948
vn -0.0148 -0.1083 -0.9940
vn -0.0271 -0.1025 -0.9944
vn -0.0222 -0.0377 -0.9990
vn -0.0228 -0.0533 -0.9983
vn -0.0402 -0.0513 -0.9979
vn -0.0403 -0.0386 -0.9984
vn 0.0222 0.0378 0.9990
vn 0.0403 0.0386 0.9984
vn 0.0402 0.0513 0.9979
vn 0.0228 0.0533 0.9983
vn -0.0182 -0.0658 -0.9977
vn -0.0351 -0.0653 -0.9973
vn -0.0375 -0.0609 -0.9974
vn -0.0181 -0.0638 -0.9978
vn 0.0351 0.0653 0.9973
vn 0.0182 0.0658 0.9977
vn 0.0181 0.0638 0.9978
vn 0.0374 0.0609 0.9974
vn -0.0370 -0.0927 -0.9950
vn -0.0230 -0.1045 -0.9943
vn -0.0166 -0.0897 -0.9958
vn -0.0432 -0.0697 -0.9966
vn -0.0469 -0.0600 -0.9971
vn 0.0469 0.0600 0.9971
vn 0.0432 0.0697 0.9966
vn -0.0491 -0.0518 -0.9974
vn 0.0491 0.0518 0.9974
vn -0.0494 -0.0412 -0.9979
vn 0.0494 0.0412 0.9979
vn 0.0101 0.1404 -0.9900
vn 0.0424 0.7678 -0.6393
vn 0.1548 0.7474 -0.6461
vn 0.0369 0.1462 -0.9886
vn 0.0987 0.1144 -0.9885
vn 0.4254 0.6052 -0.6729
vn 0.5198 0.4884 -0.7009
vn 0.1105 0.0722 -0.9913
vn 0.0792 0.1530 -0.9851
vn 0.2904 0.6683 -0.6849
vn 0.5945 0.3664 -0.7158
vn 0.1092 0.0345 -0.9934
vn 0.6496 0.2393 -0.7217
vn 0.1075 0.0044 -0.9942
vn 0.6562 0.1008 -0.7478
vn 0.1028 -0.0164 -0.9946
vn 0.7350 0.0007 -0.6781
vn 0.1088 -0.0328 -0.9935
vn -0.0227 -0.0392 -0.9990
vn -0.0201 -0.0395 -0.9990
vn -0.0379 -0.0393 -0.9985
vn -0.0383 -0.0391 -0.9985
vn 0.0227 0.0392 0.9990
vn 0.0383 0.0391 0.9985
vn 0.0379 0.0393 0.9985
vn 0.0201 0.0395 0.9990
vn -0.0238 -0.0360 -0.9991
vn -0.0386 -0.0366 -0.9986
vn 0.0238 0.0360 0.9991
vn 0.0386 0.0366 0.9986
vn -0.0465 -0.0394 -0.9981
vn -0.0463 -0.0393 -0.9982
vn 0.0464 0.0393 0.9982
vn 0.0465 0.0394 0.9981
vn -0.0468 -0.0381 -0.9982
vn 0.0468 0.0381 0.9982
vn 0.1059 -0.0393 -0.9936
vn 0.1067 -0.0393 -0.9935
vn 0.7188 -0.0261 -0.6947
vn 0.7149 -0.0263 -0.6987
vn -0.0883 0.0394 0.9953
vn -0.7366 0.0254 0.6758
vn -0.7418 0.0252 0.6702
vn -0.0887 0.0394 0.9953
vn 0.1100 -0.0393 -0.9932
vn 0.7307 -0.0256 -0.6822
vn -0.0209 -0.1184 -0.9927
vn -0.0096 -0.1512 -0.9885
vn -0.0726 -0.1165 -0.9905
vn -0.0415 -0.1142 -0.9926
vn -0.0289 -0.1132 -0.9931
vn -0.0761 -0.0891 -0.9931
vn -0.0784 -0.0707 -0.9944
vn -0.0800 -0.0570 -0.9952
vn -0.0802 -0.0435 -0.9958
vn -0.0767 -0.0393 -0.9963
vn -0.0763 -0.0393 -0.9963
vn 0.0757 0.0393 0.9964
vn 0.0760 0.0393 0.9963
vn -0.0766 -0.0389 -0.9963
vn -0.0378 -0.0380 -0.9986
vn -0.0205 -0.0346 -0.9992
vn 0.0205 0.0346 0.9992
vn 0.0378 0.0380 0.9986
vn -0.0322 -0.5210 -0.8529
vn -0.0173 -0.5183 -0.8551
vn 0.0175 -0.5359 0.8441
vn 0.0320 -0.5330 0.8455
vn 0.1058 -0.0393 -0.9936
vn -0.0762 -0.0392 -0.9963
vn 0.0755 0.0392 0.9964
vn 0.0914 -0.5288 -0.8438
vn -0.0650 -0.5222 -0.8504
vn 0.0640 -0.5320 0.8443
vn -0.0733 -0.5391 0.8390
vn -0.0461 -0.0390 -0.9982
vn 0.0462 0.0390 0.9982
vn -0.0392 -0.5219 -0.8521
vn 0.0393 -0.5321 0.8458
vn 0.7015 -0.0268 -0.7122
vn -0.7355 0.0255 0.6770
vn 0.5900 -0.5647 -0.5771
vn -0.5919 -0.5994 0.5389
vn 0.0261 0.1087 0.9937
vn 0.0125 0.1010 0.9948
vn 0.0125 0.0816 0.9966
vn 0.0307 0.0847 0.9959
vn 0.0148 0.1083 0.9940
vn 0.0316 0.1035 0.9941
vn 0.0370 0.0927 0.9950
vn 0.0210 0.1083 0.9939
vn 0.0165 0.0894 0.9959
vn -0.0089 -0.1236 0.9923
vn -0.0336 -0.1330 0.9906
vn -0.1639 -0.7926 0.5873
vn -0.0445 -0.8171 0.5748
vn -0.0950 -0.1080 0.9896
vn -0.1013 -0.0628 0.9929
vn -0.5394 -0.5103 0.6698
vn -0.4454 -0.6392 0.6269
vn -0.0794 -0.1547 0.9848
vn -0.3040 -0.7011 0.6450
vn -0.0967 -0.0265 0.9950
vn -0.6122 -0.3789 0.6940
vn -0.0931 0.0011 0.9957
vn -0.6662 -0.2465 0.7039
vn -0.0905 0.0193 0.9957
vn -0.6641 -0.1032 0.7405
vn -0.0885 0.0343 0.9955
vn -0.7629 -0.0034 0.6466
vn -0.0906 0.0393 0.9951
vn -0.7572 0.0245 0.6528
vn 0.0094 0.1482 0.9889
vn 0.0203 0.1162 0.9930
vn 0.0407 0.1129 0.9928
vn 0.0707 0.1147 0.9909
vn 0.0239 0.1003 0.9947
vn 0.0748 0.0883 0.9933
vn 0.0774 0.0704 0.9945
vn 0.0792 0.0569 0.9952
vn 0.0793 0.0435 0.9959
vn 0.0759 0.0389 0.9964
vn -0.0011 -0.9992 0.0394
vn 0.0030 -0.9992 0.0391
vn 0.0021 -0.9992 0.0390
vn -0.0190 -0.9997 0.0183
vn 0.0015 -0.9993 0.0379
vn 0.0012 -0.9994 0.0346
vn -0.0014 -0.9992 0.0394
vn -0.0223 -0.9996 0.0149
vn 0.1968 0.9786 -0.0600
vn 0.1922 0.9485 -0.2517
vn 0.0522 0.9682 -0.2446
vn 0.0535 0.9969 -0.0583
vn -0.0532 -0.9975 0.0462
vn -0.0517 -0.9644 0.2594
vn -0.1913 -0.9446 0.2665
vn -0.1964 -0.9794 0.0475
vn 0.3855 0.9206 -0.0625
vn 0.3757 0.8891 -0.2614
vn -0.3738 -0.8838 0.2814
vn -0.3854 -0.9214 0.0499
vn 0.5586 0.8269 -0.0648
vn 0.5427 0.7953 -0.2702
vn -0.5395 -0.7901 0.2909
vn -0.5586 -0.8278 0.0522
vn 0.7094 0.7017 -0.0667
vn 0.6872 0.6713 -0.2778
vn -0.6850 -0.6692 0.2881
vn -0.7095 -0.7028 0.0518
vn 0.8324 0.5500 -0.0684
vn 0.8039 0.5226 -0.2841
vn -0.8011 -0.5203 0.2958
vn -0.8327 -0.5511 0.0533
vn 0.9232 0.3779 -0.0697
vn 0.8890 0.3552 -0.2888
vn -0.8855 -0.3533 0.3017
vn -0.9238 -0.3790 0.0546
vn 0.9789 0.1920 -0.0706
vn 0.9402 0.1755 -0.2919
vn -0.9360 -0.1739 0.3061
vn -0.9797 -0.1927 0.0553
vn 0.9969 0.0348 -0.0711
vn 0.9556 0.0244 -0.2935
vn -0.9506 -0.0233 0.3095
vn -0.9977 -0.0352 0.0573
vn 0.9975 -0.0009 -0.0712
vn 0.9559 -0.0098 -0.2937
vn -0.9505 0.0105 0.3105
vn -0.9983 0.0004 0.0574
vn 0.9975 -0.0026 -0.0712
vn 0.9558 -0.0095 -0.2937
vn 0.9558 -0.0098 -0.2937
vn -0.9984 0.0004 0.0573
vn -0.9504 0.0105 0.3107
vn -0.9504 0.0105 0.3108
vn -0.9984 0.0004 0.0572
vn 0.9977 -0.0008 -0.0680
vn 0.9549 -0.0099 -0.2968
vn 0.8973 -0.4366 -0.0650
vn 0.8220 -0.5078 -0.2576
vn -0.7949 -0.5551 0.2451
vn -0.8216 -0.5683 0.0445
vn -0.0097 -1.0000 -0.0022
vn -0.0162 -0.9998 -0.0076
vn -0.0098 -0.9999 -0.0034
vn -0.0179 -0.9997 -0.0151
vn -0.0768 -0.0394 -0.9963
vn 0.1086 -0.0394 -0.9933
vn 0.0333 -0.0395 -0.9987
vn -0.0769 -0.0394 -0.9963
vn 0.1082 -0.0394 -0.9934
vn -0.0769 -0.0393 -0.9963
vn -0.0385 -0.0397 -0.9985
vn -0.0468 -0.0398 -0.9981
vn -0.0468 -0.0396 -0.9981
vn -0.0385 -0.0395 -0.9985
vn -0.0468 -0.0395 -0.9981
vn -0.0384 -0.0393 -0.9985
vn 0.0468 0.0398 0.9981
vn 0.0385 0.0397 0.9985
vn 0.0385 0.0395 0.9985
vn 0.0468 0.0396 0.9981
vn 0.0384 0.0393 0.9985
vn 0.0468 0.0395 0.9981
vn -0.0226 -0.0396 -0.9990
vn -0.0224 -0.0393 -0.9990
vn -0.0222 -0.0390 -0.9990
vn -0.0897 0.0394 0.9952
vn 0.0761 0.0394 0.9963
vn 0.0762 0.0394 0.9963
vn -0.0003 0.0395 0.9992
vn 0.0762 0.0393 0.9963
vn -0.0894 0.0394 0.9952
vn 0.0226 0.0396 0.9990
vn 0.0224 0.0393 0.9990
vn 0.0222 0.0390 0.9990
vn -0.7130 -0.0368 0.7002
vn -0.5760 0.0314 0.8168
vn -0.7116 0.0841 0.6975
vn 0.6736 0.0385 -0.7381
vn 0.4982 -0.0333 -0.8664
vn 0.6744 -0.0882 -0.7331
vn 0.9997 0.0029 0.0235
vn 0.9823 0.1622 -0.0936
vn 0.9817 -0.1649 -0.0951
vn 0.9558 -0.0112 -0.2937
vn 0.8387 -0.4903 -0.2373
vn 0.9975 -0.0032 -0.0712
vn 0.8506 -0.5221 -0.0624
vn -0.9984 0.0007 0.0574
vn -0.9505 0.0097 0.3106
vn -0.8032 -0.5541 0.2188
vn -0.8112 -0.5831 0.0448
vn -0.5270 -0.3261 0.7848
vn -0.8196 0.0211 0.5726
vn -0.4862 0.3874 0.7833
vn -0.9505 0.0116 0.3106
vn -0.7829 0.5758 0.2356
vn -0.9983 0.0021 0.0574
vn -0.7997 0.5985 0.0474
vn 0.9975 -0.0008 -0.0712
vn 0.9559 -0.0093 -0.2937
vn 0.8531 0.4664 -0.2341
vn 0.8606 0.5057 -0.0592
vn -0.0171 -0.9998 -0.0117
vn 0.5999 -0.4944 0.6291
vn 0.6990 0.0297 0.7145
vn 0.6045 0.5223 0.6015
vn 0.0171 0.9998 0.0119
vn -0.0155 -0.9999 -0.0049
vn 0.5551 -0.5894 0.5869
vn 0.6990 0.0296 0.7145
vn 0.5649 0.6079 0.5580
vn 0.0155 0.9999 0.0050
vn -0.0097 -1.0000 -0.0020
vn 0.0097 1.0000 0.0021
vn 0.0097 0.9999 0.0034
vn 0.0261 -0.1087 -0.9937
vn 0.0125 -0.1010 -0.9948
vn 0.0125 -0.0816 -0.9966
vn 0.0307 -0.0847 -0.9959
vn 0.0148 -0.1083 -0.9940
vn 0.0271 -0.1025 -0.9944
vn 0.0222 -0.0377 -0.9990
vn 0.0403 -0.0386 -0.9984
vn 0.0402 -0.0513 -0.9979
vn 0.0228 -0.0533 -0.9983
vn -0.0222 0.0378 0.9990
vn -0.0228 0.0533 0.9983
vn -0.0402 0.0513 0.9979
vn -0.0403 0.0386 0.9984
vn 0.0182 -0.0658 -0.9977
vn 0.0351 -0.0653 -0.9973
vn 0.0181 -0.0638 -0.9978
vn 0.0375 -0.0609 -0.9974
vn -0.0351 0.0653 0.9973
vn -0.0374 0.0609 0.9974
vn -0.0181 0.0638 0.9978
vn -0.0182 0.0658 0.9977
vn 0.0370 -0.0927 -0.9950
vn 0.0230 -0.1045 -0.9943
vn 0.0166 -0.0897 -0.9958
vn 0.0432 -0.0697 -0.9966
vn 0.0469 -0.0600 -0.9971
vn -0.0432 0.0697 0.9966
vn -0.0469 0.0600 0.9971
vn 0.0491 -0.0518 -0.9974
vn -0.0491 0.0518 0.9974
vn 0.0494 -0.0412 -0.9979
vn -0.0494 0.0412 0.9979
vn -0.0101 0.1404 -0.9900
vn -0.0369 0.1462 -0.9886
vn -0.1548 0.7474 -0.6461
vn -0.0424 0.7678 -0.6393
vn -0.0987 0.1144 -0.9885
vn -0.1105 0.0722 -0.9913
vn -0.5198 0.4884 -0.7009
vn -0.4254 0.6052 -0.6729
vn -0.0792 0.1530 -0.9851
vn -0.2904 0.6683 -0.6849
vn -0.1092 0.0345 -0.9934
vn -0.5945 0.3664 -0.7158
vn -0.1075 0.0044 -0.9942
vn -0.6496 0.2393 -0.7217
vn -0.1028 -0.0164 -0.9946
vn -0.6562 0.1008 -0.7478
vn -0.1088 -0.0328 -0.9935
vn -0.7350 0.0007 -0.6781
vn 0.0227 -0.0392 -0.9990
vn 0.0383 -0.0391 -0.9985
vn 0.0379 -0.0393 -0.9985
vn 0.0201 -0.0395 -0.9990
vn -0.0227 0.0392 0.9990
vn -0.0201 0.0395 0.9990
vn -0.0379 0.0393 0.9985
vn -0.0383 0.0391 0.9985
vn 0.0238 -0.0360 -0.9991
vn 0.0386 -0.0366 -0.9986
vn -0.0238 0.0360 0.9991
vn -0.0386 0.0366 0.9986
vn 0.0463 -0.0393 -0.9982
vn 0.0465 -0.0394 -0.9981
vn -0.0465 0.0394 0.9981
vn -0.0464 0.0393 0.9982
vn 0.0468 -0.0381 -0.9982
vn -0.0468 0.0381 0.9982
vn -0.1059 -0.0393 -0.9936
vn -0.7149 -0.0263 -0.6987
vn -0.7188 -0.0261 -0.6947
vn -0.1067 -0.0393 -0.9935
vn 0.0883 0.0394 0.9953
vn 0.0887 0.0394 0.9953
vn 0.7418 0.0252 0.6702
vn 0.7366 0.0254 0.6758
vn -0.1100 -0.0393 -0.9932
vn -0.7307 -0.0256 -0.6822
vn 0.0096 -0.1512 -0.9885
vn 0.0209 -0.1184 -0.9927
vn 0.0415 -0.1142 -0.9926
vn 0.0726 -0.1165 -0.9905
vn 0.0289 -0.1132 -0.9931
vn 0.0761 -0.0891 -0.9931
vn 0.0784 -0.0707 -0.9944
vn 0.0800 -0.0570 -0.9952
vn 0.0802 -0.0435 -0.9958
vn 0.0763 -0.0393 -0.9963
vn 0.0767 -0.0393 -0.9963
vn -0.0760 0.0393 0.9963
vn -0.0757 0.0393 0.9964
vn 0.0766 -0.0389 -0.9963
vn 0.0205 -0.0346 -0.9992
vn 0.0378 -0.0380 -0.9986
vn -0.0378 0.0380 0.9986
vn -0.0205 0.0346 0.9992
vn 0.0173 -0.5183 -0.8551
vn 0.0322 -0.5210 -0.8529
vn -0.0320 -0.5330 0.8455
vn -0.0175 -0.5359 0.8441
vn 0.0762 -0.0392 -0.9963
vn -0.1058 -0.0393 -0.9936
vn -0.0755 0.0392 0.9964
vn 0.0650 -0.5222 -0.8504
vn -0.0914 -0.5288 -0.8438
vn 0.0733 -0.5391 0.8390
vn -0.0640 -0.5320 0.8443
vn 0.0461 -0.0390 -0.9982
vn -0.0462 0.0390 0.9982
vn 0.0392 -0.5219 -0.8521
vn -0.0393 -0.5321 0.8458
vn -0.7015 -0.0268 -0.7122
vn 0.7355 0.0255 0.6770
vn -0.5900 -0.5647 -0.5771
vn 0.5919 -0.5994 0.5389
vn -0.0261 0.1087 0.9937
vn -0.0307 0.0847 0.9959
vn -0.0125 0.0816 0.9966
vn -0.0125 0.1010 0.9948
vn -0.0148 0.1083 0.9940
vn -0.0316 0.1035 0.9941
vn -0.0370 0.0927 0.9950
vn -0.0210 0.1083 0.9939
vn -0.0165 0.0894 0.9959
vn 0.0089 -0.1236 0.9923
vn 0.0445 -0.8171 0.5748
vn 0.1639 -0.7926 0.5873
vn 0.0336 -0.1330 0.9906
vn 0.0950 -0.1080 0.9896
vn 0.4454 -0.6392 0.6269
vn 0.5394 -0.5103 0.6698
vn 0.1013 -0.0628 0.9929
vn 0.0794 -0.1547 0.9848
vn 0.3040 -0.7011 0.6450
vn 0.6122 -0.3789 0.6940
vn 0.0967 -0.0265 0.9950
vn 0.6662 -0.2465 0.7039
vn 0.0931 0.0011 0.9957
vn 0.6641 -0.1032 0.7405
vn 0.0905 0.0193 0.9957
vn 0.7629 -0.0034 0.6466
vn 0.0885 0.0343 0.9955
vn 0.0906 0.0393 0.9951
vn 0.7572 0.0245 0.6528
vn -0.0203 0.1162 0.9930
vn -0.0094 0.1482 0.9889
vn -0.0707 0.1147 0.9909
vn -0.0407 0.1129 0.9928
vn -0.0239 0.1003 0.9947
vn -0.0748 0.0883 0.9933
vn -0.0774 0.0704 0.9945
vn -0.0792 0.0569 0.9952
vn -0.0793 0.0435 0.9959
vn -0.0759 0.0389 0.9964
vn -0.0008 -0.9994 0.0346
vn -0.0015 -0.9993 0.0379
vn -0.0030 -0.9992 0.0391
vn 0.0011 -0.9992 0.0394
vn -0.0021 -0.9992 0.0390
vn 0.0190 -0.9997 0.0183
vn -0.0012 -0.9994 0.0346
vn 0.0014 -0.9992 0.0394
vn 0.0223 -0.9996 0.0149
vn -0.1968 0.9786 -0.0600
vn -0.0535 0.9969 -0.0583
vn -0.0522 0.9682 -0.2446
vn -0.1922 0.9485 -0.2517
vn 0.0532 -0.9975 0.0462
vn 0.1964 -0.9794 0.0475
vn 0.1913 -0.9446 0.2665
vn 0.0517 -0.9644 0.2594
vn -0.3855 0.9206 -0.0625
vn -0.3757 0.8891 -0.2614
vn 0.3854 -0.9214 0.0499
vn 0.3738 -0.8838 0.2814
vn -0.5586 0.8269 -0.0648
vn -0.5427 0.7953 -0.2702
vn 0.5586 -0.8278 0.0522
vn 0.5395 -0.7901 0.2909
vn -0.7094 0.7017 -0.0667
vn -0.6872 0.6713 -0.2778
vn 0.7095 -0.7028 0.0518
vn 0.6850 -0.6692 0.2881
vn -0.8324 0.5500 -0.0684
vn -0.8039 0.5226 -0.2841
vn 0.8327 -0.5511 0.0533
vn 0.8011 -0.5203 0.2958
vn -0.9232 0.3779 -0.0697
vn -0.8890 0.3552 -0.2888
vn 0.9238 -0.3790 0.0546
vn 0.8855 -0.3533 0.3017
vn -0.9789 0.1920 -0.0706
vn -0.9402 0.1755 -0.2919
vn 0.9797 -0.1927 0.0553
vn 0.9360 -0.1739 0.3061
vn -0.9969 0.0348 -0.0711
vn -0.9556 0.0244 -0.2935
vn 0.9977 -0.0352 0.0573
vn 0.9506 -0.0233 0.3095
vn -0.9975 -0.0009 -0.0712
vn -0.9559 -0.0098 -0.2937
vn 0.9983 0.0004 0.0574
vn 0.9505 0.0105 0.3105
vn -0.9975 -0.0026 -0.0712
vn -0.9558 -0.0098 -0.2937
vn -0.9558 -0.0095 -0.2937
vn 0.9984 0.0004 0.0573
vn 0.9984 0.0004 0.0572
vn 0.9504 0.0105 0.3108
vn 0.9504 0.0105 0.3107
vn -0.9977 -0.0008 -0.0680
vn -0.9549 -0.0099 -0.2968
vn -0.8973 -0.4366 -0.0650
vn -0.8220 -0.5078 -0.2576
vn 0.8216 -0.5683 0.0445
vn 0.7949 -0.5551 0.2451
vn 0.0097 -1.0000 -0.0022
vn 0.0162 -0.9998 -0.0076
vn 0.0098 -0.9999 -0.0034
vn 0.0179 -0.9997 -0.0151
vn 0.0768 -0.0394 -0.9963
vn 0.0769 -0.0394 -0.9963
vn -0.0333 -0.0395 -0.9987
vn -0.1086 -0.0394 -0.9933
vn 0.0769 -0.0393 -0.9963
vn -0.1082 -0.0394 -0.9934
vn 0.0385 -0.0397 -0.9985
vn 0.0385 -0.0395 -0.9985
vn 0.0468 -0.0396 -0.9981
vn 0.0468 -0.0398 -0.9981
vn 0.0384 -0.0393 -0.9985
vn 0.0468 -0.0395 -0.9981
vn -0.0468 0.0398 0.9981
vn -0.0468 0.0396 0.9981
vn -0.0385 0.0395 0.9985
vn -0.0385 0.0397 0.9985
vn -0.0468 0.0395 0.9981
vn -0.0384 0.0393 0.9985
vn 0.0226 -0.0396 -0.9990
vn 0.0224 -0.0393 -0.9990
vn 0.0222 -0.0390 -0.9990
vn 0.0897 0.0394 0.9952
vn 0.0003 0.0395 0.9992
vn -0.0762 0.0394 0.9963
vn -0.0761 0.0394 0.9963
vn 0.0894 0.0394 0.9952
vn -0.0762 0.0393 0.9963
vn -0.0224 0.0393 0.9990
vn -0.0226 0.0396 0.9990
vn -0.0222 0.0390 0.9990
vn 0.7130 -0.0368 0.7002
vn 0.5760 0.0314 0.8168
vn 0.7116 0.0841 0.6975
vn -0.4982 -0.0333 -0.8664
vn -0.6736 0.0385 -0.7381
vn -0.6744 -0.0882 -0.7331
vn -0.9823 0.1622 -0.0936
vn -0.9997 0.0029 0.0235
vn -0.9817 -0.1649 -0.0951
vn -0.8387 -0.4903 -0.2373
vn -0.9558 -0.0112 -0.2937
vn -0.8506 -0.5221 -0.0624
vn -0.9975 -0.0032 -0.0712
vn 0.9984 0.0007 0.0574
vn 0.8112 -0.5831 0.0448
vn 0.8032 -0.5541 0.2188
vn 0.9505 0.0097 0.3106
vn 0.5270 -0.3261 0.7848
vn 0.8196 0.0211 0.5726
vn 0.4862 0.3874 0.7833
vn 0.7829 0.5758 0.2356
vn 0.9505 0.0116 0.3106
vn 0.7997 0.5985 0.0474
vn 0.9983 0.0021 0.0574
vn -0.9975 -0.0008 -0.0712
vn -0.8606 0.5057 -0.0592
vn -0.8531 0.4664 -0.2341
vn -0.9559 -0.0093 -0.2937
vn 0.0171 -0.9998 -0.0117
vn -0.5999 -0.4944 0.6291
vn -0.6990 0.0297 0.7145
vn -0.6045 0.5223 0.6015
vn -0.0171 0.9998 0.0119
vn -0.5551 -0.5894 0.5869
vn 0.0155 -0.9999 -0.0049
vn -0.6990 0.0296 0.7145
vn -0.5649 0.6079 0.5580
vn -0.0155 0.9999 0.0050
vn 0.0097 -1.0000 -0.0020
vn -0.0097 1.0000 0.0021
vn -0.0097 0.9999 0.0034
vn 0.0000 -0.0815 -0.9967
vn 0.0000 -0.0677 -0.9977
vn 0.0000 -0.0372 -0.9993
vn 0.0000 -0.0371 -0.9993
vn 0.0000 -0.0369 -0.9993
vn 0.0000 -0.0956 -0.9954
vn 0.0000 -0.0571 -0.9984
vn 0.0000 -0.0390 -0.9992
vn 0.0000 0.0571 0.9984
vn 0.0000 0.0390 0.9992
vn 0.0000 0.1382 -0.9904
vn 0.0000 0.7673 -0.6413
vn 0.0000 -0.1060 -0.9944
vn 0.0000 0.1060 0.9944
vn 0.0000 0.0956 0.9954
vn 0.0000 -0.0669 -0.9978
vn 0.0000 0.0669 0.9978
vn 0.0000 0.0677 0.9977
vn 0.0000 -0.0375 -0.9993
vn 0.0000 0.0376 0.9993
vn 0.0000 -0.0397 -0.9992
vn 0.0000 -0.0401 -0.9992
vn 0.0000 0.0401 0.9992
vn 0.0000 0.0397 0.9992
vn 0.0000 -0.1522 -0.9884
vn 0.0000 -0.0217 -0.9998
vn 0.0000 0.0217 0.9998
vn 0.0000 -0.4720 -0.8816
vn 0.0000 -0.5327 0.8463
vn 0.0000 0.0815 0.9967
vn 0.0000 -0.8159 0.5781
vn 0.0000 -0.1213 0.9926
vn 0.0000 0.1492 0.9888
vn 0.0000 0.0372 0.9993
vn 0.0000 0.0371 0.9993
vn 0.0000 0.0369 0.9993
vn -0.0383 -0.0392 -0.9985
vn -0.0219 -0.0389 -0.9990
vn 0.0219 0.0389 0.9990
vn 0.0383 0.0392 0.9985
vn -0.0467 -0.0395 -0.9981
vn 0.0467 0.0395 0.9981
vn 0.7238 -0.0259 -0.6895
vn 0.1079 -0.0393 -0.9934
vn -0.0893 0.0394 0.9952
vn -0.7482 0.0249 0.6630
vn -0.0768 -0.0393 -0.9963
vn 0.0761 0.0393 0.9963
vn -0.9505 0.0105 0.3106
vn 0.0219 -0.0389 -0.9990
vn 0.0383 -0.0392 -0.9985
vn -0.0383 0.0392 0.9985
vn -0.0219 0.0389 0.9990
vn 0.0467 -0.0395 -0.9981
vn -0.0467 0.0395 0.9981
vn -0.1079 -0.0393 -0.9934
vn -0.7238 -0.0259 -0.6895
vn 0.7482 0.0249 0.6630
vn 0.0893 0.0394 0.9952
vn 0.0768 -0.0393 -0.9963
vn -0.0761 0.0393 0.9963
vn 0.9505 0.0105 0.3106
vn 0.0000 -0.0368 -0.9993
vn 0.0000 0.0368 0.9993
vn 0.7273 -0.0258 -0.6859
vn 0.1089 -0.0395 -0.9933
vn -0.7527 0.0247 0.6579
vn 0.0229 0.0397 0.9989
vn 0.0385 0.0398 0.9985
vn -0.0385 -0.0398 -0.9985
vn -0.0229 -0.0397 -0.9989
vn -0.0899 0.0395 0.9952
vn -0.9984 0.0004 0.0574
vn -0.1089 -0.0395 -0.9933
vn -0.7273 -0.0258 -0.6859
vn 0.7527 0.0247 0.6579
vn -0.0385 0.0398 0.9985
vn -0.0229 0.0397 0.9989
vn 0.0229 -0.0397 -0.9989
vn 0.0385 -0.0398 -0.9985
vn 0.0899 0.0395 0.9952
vn 0.9984 0.0004 0.0574
vn 0.0000 -0.0373 -0.9993
vn 0.0000 0.0373 0.9993
vn 0.1939 0.9719 0.1335
vn 0.0527 0.9897 0.1332
vn 0.3801 0.9153 0.1333
vn 0.5512 0.8237 0.1332
vn 0.7007 0.7010 0.1329
vn 0.8233 0.5519 0.1328
vn 0.9144 0.3823 0.1327
vn 0.9711 0.1985 0.1327
vn 0.9903 0.0426 0.1322
vn 0.9912 0.0071 0.1321
vn 0.9912 0.0037 0.1321
vn 0.9289 -0.3490 0.1242
vn 0.9923 0.0068 0.1235
vn 0.0104 -0.9670 0.2544
vn -0.0528 -0.9851 0.1639
vn -0.1950 -0.9669 0.1646
vn -0.3824 -0.9092 0.1648
vn -0.5539 -0.8161 0.1649
vn -0.7031 -0.6917 0.1650
vn -0.8246 -0.5411 0.1651
vn -0.9140 -0.3705 0.1652
vn -0.9686 -0.1860 0.1652
vn -0.9859 -0.0304 0.1647
vn -0.9864 0.0046 0.1645
vn -0.9864 0.0046 0.1646
vn 0.0092 -0.9708 0.2398
vn -0.9868 0.0045 0.1619
vn -0.8143 -0.5645 0.1349
vn 0.8492 -0.5160 0.1120
vn 0.9912 0.0035 0.1321
vn 0.0068 -0.9757 0.2191
vn 0.0065 -0.9757 0.2188
vn -0.9864 0.0041 0.1645
vn -0.8017 -0.5831 0.1315
vn -0.7916 0.5967 0.1317
vn -0.9864 0.0058 0.1645
vn 0.0268 0.9751 0.2202
vn 0.0271 0.9752 0.2199
vn 0.9912 0.0064 0.1321
vn 0.8601 0.4977 0.1121
vn -0.0527 0.9897 0.1332
vn -0.1939 0.9719 0.1335
vn -0.3801 0.9153 0.1333
vn -0.5512 0.8237 0.1332
vn -0.7007 0.7010 0.1329
vn -0.8233 0.5519 0.1328
vn -0.9144 0.3823 0.1327
vn -0.9711 0.1985 0.1327
vn -0.9903 0.0426 0.1322
vn -0.9912 0.0071 0.1321
vn -0.9912 0.0037 0.1321
vn -0.9923 0.0068 0.1235
vn -0.9289 -0.3490 0.1242
vn -0.0104 -0.9670 0.2544
vn 0.1950 -0.9669 0.1646
vn 0.0528 -0.9851 0.1639
vn 0.3824 -0.9092 0.1648
vn 0.5539 -0.8161 0.1649
vn 0.7031 -0.6917 0.1650
vn 0.8246 -0.5411 0.1651
vn 0.9140 -0.3705 0.1652
vn 0.9686 -0.1860 0.1652
vn 0.9859 -0.0304 0.1647
vn 0.9864 0.0046 0.1645
vn 0.9864 0.0046 0.1646
vn -0.0092 -0.9708 0.2398
vn 0.8143 -0.5645 0.1349
vn 0.9868 0.0045 0.1619
vn -0.9912 0.0035 0.1321
vn -0.8492 -0.5160 0.1120
vn -0.0068 -0.9757 0.2191
vn -0.0065 -0.9757 0.2188
vn 0.8017 -0.5831 0.1315
vn 0.9864 0.0041 0.1645
vn 0.9864 0.0058 0.1645
vn 0.7916 0.5967 0.1317
vn -0.0268 0.9751 0.2202
vn -0.0271 0.9752 0.2199
vn -0.8601 0.4977 0.1121
vn -0.9912 0.0064 0.1321
vn -0.0006 0.0351 0.9994
vn 0.0004 0.0427 0.9991
vn 0.0051 0.0524 0.9986
vn 0.0138 0.0605 0.9981
vn 0.0258 0.0655 0.9975
vn 0.0399 0.0662 0.9970
vn 0.0543 0.0621 0.9966
vn 0.0673 0.0530 0.9963
vn 0.0749 0.0423 0.9963
vn 0.0769 0.0396 0.9963
vn 0.0769 0.0325 0.9965
vn 0.2523 0.0387 0.9669
vn -0.0008 0.0351 0.9994
vn -0.0001 0.0428 0.9991
vn 0.0045 0.0526 0.9986
vn 0.0133 0.0609 0.9981
vn 0.0254 0.0660 0.9975
vn 0.0395 0.0668 0.9970
vn 0.0540 0.0626 0.9966
vn 0.0673 0.0535 0.9963
vn 0.0749 0.0425 0.9963
vn 0.0769 0.0372 0.9963
vn 0.0769 0.0327 0.9965
vn 0.0769 0.0319 0.9965
vn 0.0769 0.0346 0.9964
vn 0.0769 0.0353 0.9964
vn -0.0004 0.0427 0.9991
vn 0.0006 0.0351 0.9994
vn -0.0051 0.0524 0.9986
vn -0.0138 0.0605 0.9981
vn -0.0258 0.0655 0.9975
vn -0.0399 0.0662 0.9970
vn -0.0543 0.0621 0.9966
vn -0.0673 0.0530 0.9963
vn -0.0749 0.0423 0.9963
vn -0.0769 0.0396 0.9963
vn -0.0769 0.0325 0.9965
vn -0.2523 0.0387 0.9669
vn 0.0001 0.0428 0.9991
vn 0.0008 0.0351 0.9994
vn -0.0045 0.0526 0.9986
vn -0.0133 0.0609 0.9981
vn -0.0254 0.0660 0.9975
vn -0.0395 0.0668 0.9970
vn -0.0540 0.0626 0.9966
vn -0.0673 0.0535 0.9963
vn -0.0749 0.0425 0.9963
vn -0.0769 0.0372 0.9963
vn -0.0769 0.0327 0.9965
vn -0.0769 0.0319 0.9965
vn -0.0769 0.0346 0.9964
vn -0.0769 0.0353 0.9964
vn 0.0000 0.9983 -0.0589
vn 0.0000 0.9911 0.1332
vn 0.0000 0.0342 0.9994
vn 0.0000 -0.9865 0.1637
vn 0.0000 -0.9989 0.0469
vn 0.0000 -0.9658 0.2592
vn 0.0000 0.9699 -0.2433
vn 0.9929 0.0464 -0.1091
vn 0.9951 0.0605 -0.0783
vn 0.6948 0.6410 -0.3261
vn 0.6949 0.6289 -0.3487
vn -0.0007 0.3851 -0.9229
vn 0.0157 -0.2985 -0.9543
vn 0.0620 -0.2995 -0.9521
vn 0.0184 0.3953 -0.9184
vn 0.1557 -0.2991 -0.9414
vn 0.0745 0.3993 -0.9138
vn 0.2901 -0.2911 -0.9116
vn 0.1589 0.4098 -0.8982
vn 0.4579 -0.2675 -0.8478
vn 0.2580 0.4210 -0.8696
vn 0.6527 -0.2180 -0.7256
vn 0.3940 0.4528 -0.7998
vn 0.8378 -0.1349 -0.5290
vn 0.5625 0.5010 -0.6577
vn 0.9578 -0.0310 -0.2859
vn 0.6638 0.5762 -0.4767
vn 0.0000 0.3765 -0.9264
vn 0.0000 -0.2972 -0.9548
vn -0.9929 0.0464 -0.1091
vn -0.6949 0.6289 -0.3487
vn -0.6948 0.6410 -0.3261
vn -0.9951 0.0605 -0.0783
vn 0.0007 0.3851 -0.9229
vn -0.0184 0.3953 -0.9184
vn -0.0620 -0.2995 -0.9521
vn -0.0157 -0.2985 -0.9543
vn -0.0745 0.3993 -0.9138
vn -0.1557 -0.2991 -0.9414
vn -0.1589 0.4098 -0.8982
vn -0.2901 -0.2911 -0.9116
vn -0.2580 0.4210 -0.8696
vn -0.4579 -0.2675 -0.8478
vn -0.3940 0.4528 -0.7998
vn -0.6527 -0.2180 -0.7256
vn -0.5625 0.5010 -0.6577
vn -0.8378 -0.1349 -0.5290
vn -0.6638 0.5762 -0.4767
vn -0.9578 -0.0310 -0.2859
vn -0.9942 -0.0322 0.1022
vn -0.6903 -0.6332 0.3501
vn -0.6906 -0.6448 0.3276
vn -0.9964 -0.0460 0.0718
vn -0.0004 -0.3917 0.9201
vn -0.0186 -0.4007 0.9160
vn -0.0627 0.3147 0.9471
vn -0.0163 0.3135 0.9495
vn -0.0745 -0.4043 0.9116
vn -0.1567 0.3145 0.9362
vn -0.1581 -0.4142 0.8964
vn -0.2913 0.3070 0.9060
vn -0.2554 -0.4243 0.8688
vn -0.4595 0.2838 0.8416
vn -0.3904 -0.4545 0.8006
vn -0.6546 0.2342 0.7188
vn -0.5568 -0.5064 0.6584
vn -0.8395 0.1511 0.5220
vn -0.6600 -0.5803 0.4771
vn -0.9594 0.0454 0.2784
vn 0.0000 0.3124 0.9500
vn 0.0000 -0.3844 0.9232
vn 0.9942 -0.0322 0.1022
vn 0.9964 -0.0460 0.0718
vn 0.6906 -0.6448 0.3276
vn 0.6903 -0.6332 0.3501
vn 0.0004 -0.3917 0.9201
vn 0.0163 0.3135 0.9495
vn 0.0627 0.3147 0.9471
vn 0.0186 -0.4007 0.9160
vn 0.1567 0.3145 0.9362
vn 0.0745 -0.4043 0.9116
vn 0.2913 0.3070 0.9060
vn 0.1581 -0.4142 0.8964
vn 0.4595 0.2838 0.8416
vn 0.2554 -0.4243 0.8688
vn 0.6546 0.2342 0.7188
vn 0.3904 -0.4545 0.8006
vn 0.8395 0.1511 0.5220
vn 0.5569 -0.5064 0.6584
vn 0.9594 0.0454 0.2784
vn 0.6600 -0.5803 0.4771
vn 0.5415 -0.7819 0.3089
vn -0.5042 -0.7676 0.3957
vn -0.4818 -0.7312 0.4830
vn 0.5282 -0.8178 0.2284
vn -0.1603 -0.8925 0.4216
vn -0.1490 -0.8769 0.4569
vn -0.4794 -0.8703 0.1127
vn 0.4128 -0.6811 0.6047
vn 0.4818 -0.7312 0.4830
vn -0.5282 -0.8178 0.2284
vn 0.1126 -0.8535 0.5088
vn 0.1490 -0.8769 0.4569
vn -0.9298 0.1421 -0.3394
vn -0.4545 0.7482 -0.4833
vn -0.3901 0.6999 -0.5983
vn -0.8227 0.0543 -0.5659
vn -0.2206 0.8556 -0.4682
vn -0.1768 0.8245 -0.5375
vn -0.4264 -0.9045 0.0026
vn 0.2794 -0.6526 0.7043
vn 0.0232 -0.8459 0.5328
vn -0.2615 0.6729 -0.6920
vn -0.6483 -0.0235 -0.7610
vn -0.0764 0.8122 -0.5783
vn 0.4794 -0.8703 0.1127
vn -0.4128 -0.6811 0.6047
vn -0.2794 -0.6526 0.7043
vn 0.4264 -0.9045 0.0026
vn -0.1126 -0.8535 0.5088
vn -0.0232 -0.8459 0.5328
vn -0.3384 -0.9369 -0.0877
vn 0.1716 -0.6271 0.7598
vn -0.0173 -0.8471 0.5311
vn -0.1577 0.6495 -0.7438
vn -0.4575 -0.0832 -0.8853
vn -0.0216 0.8085 -0.5881
vn -0.1716 -0.6271 0.7598
vn 0.3384 -0.9369 -0.0877
vn 0.0173 -0.8471 0.5311
vn -0.2335 -0.9614 -0.1455
vn 0.0964 -0.6171 0.7810
vn -0.0263 -0.8535 0.5204
vn -0.0862 0.6407 -0.7629
vn -0.2902 -0.1139 -0.9502
vn 0.0013 0.8116 -0.5842
vn 0.5042 -0.7676 0.3957
vn -0.5415 -0.7819 0.3089
vn 0.1603 -0.8925 0.4216
vn -0.0964 -0.6171 0.7810
vn 0.2335 -0.9614 -0.1455
vn 0.0263 -0.8535 0.5204
vn -0.1455 -0.9756 -0.1645
vn 0.0359 -0.6043 0.7960
vn -0.0316 -0.8487 0.5279
vn -0.9622 0.2044 -0.1797
vn -0.4751 0.7835 -0.4005
vn -0.2338 0.8765 -0.4208
vn -0.0297 0.6289 -0.7769
vn -0.1531 -0.1251 -0.9803
vn 0.0178 0.8051 -0.5929
vn -0.0359 -0.6043 0.7960
vn 0.1455 -0.9756 -0.1645
vn 0.0316 -0.8487 0.5279
vn 0.0045 0.6228 -0.7824
vn -0.0564 -0.1253 -0.9905
vn 0.0226 0.8019 -0.5970
vn -0.0755 -0.9812 -0.1775
vn -0.0019 -0.5973 0.8020
vn -0.0288 -0.8458 0.5327
vn 0.0019 -0.5973 0.8020
vn 0.0755 -0.9812 -0.1775
vn 0.0288 -0.8458 0.5327
vn -0.0345 -0.9822 -0.1848
vn -0.0158 -0.5812 0.8136
vn -0.0183 -0.8356 0.5490
vn 0.0156 0.6077 -0.7940
vn -0.0095 -0.1272 -0.9918
vn 0.0154 0.7917 -0.6107
vn 0.0158 -0.5812 0.8136
vn 0.0345 -0.9822 -0.1848
vn 0.0183 -0.8356 0.5490
vn 0.0000 -0.9818 -0.1902
vn 0.0000 -0.5516 0.8341
vn 0.0000 -0.8149 0.5796
vn 0.5019 -0.7775 0.3788
vn -0.5428 -0.7748 0.3242
vn 0.1579 -0.8963 0.4144
vn 0.0000 0.5826 -0.8128
vn 0.0000 -0.1423 -0.9898
vn 0.0000 0.7734 -0.6340
vn -0.9641 0.2197 -0.1491
vn -0.4732 0.7927 -0.3843
vn -0.2321 0.8814 -0.4114
vn 0.5428 -0.7748 0.3242
vn -0.5019 -0.7775 0.3788
vn -0.1579 -0.8963 0.4144
vn 0.8227 0.0543 -0.5659
vn 0.3901 0.6999 -0.5983
vn 0.4545 0.7482 -0.4833
vn 0.9298 0.1421 -0.3394
vn 0.1768 0.8245 -0.5375
vn 0.2206 0.8556 -0.4682
vn 0.6483 -0.0235 -0.7610
vn 0.2615 0.6729 -0.6920
vn 0.0764 0.8122 -0.5783
vn -0.0156 0.6077 -0.7940
vn 0.0095 -0.1272 -0.9918
vn -0.0154 0.7917 -0.6107
vn 0.4575 -0.0832 -0.8853
vn 0.1577 0.6495 -0.7438
vn 0.0216 0.8085 -0.5881
vn 0.2902 -0.1139 -0.9502
vn 0.0862 0.6407 -0.7629
vn -0.0013 0.8116 -0.5842
vn 0.4751 0.7835 -0.4005
vn 0.9622 0.2044 -0.1797
vn 0.2338 0.8765 -0.4208
vn 0.1531 -0.1251 -0.9803
vn 0.0297 0.6289 -0.7769
vn -0.0178 0.8051 -0.5929
vn 0.0564 -0.1253 -0.9905
vn -0.0045 0.6228 -0.7824
vn -0.0226 0.8019 -0.5970
vn 0.4732 0.7927 -0.3843
vn 0.9641 0.2197 -0.1491
vn 0.2321 0.8814 -0.4114
vn 0.3479 0.8468 -0.4024
vn 0.3511 0.8394 -0.4149
vn 0.8717 0.4278 -0.2389
vn 0.8700 0.4145 -0.2669
vn 0.0033 -0.7430 0.6693
vn -0.0160 -0.7380 0.6746
vn -0.1499 -0.9543 -0.2584
vn -0.0758 -0.9602 -0.2689
vn -0.0391 0.7424 -0.6688
vn -0.0780 0.7408 -0.6672
vn -0.2395 0.1266 -0.9626
vn -0.3825 0.1465 -0.9123
vn -0.0141 -0.7263 0.6872
vn -0.0286 -0.9637 -0.2656
vn 0.0148 0.7144 -0.6996
vn 0.0154 0.7279 -0.6855
vn -0.0040 0.1269 -0.9919
vn -0.0390 0.1231 -0.9916
vn -0.2747 0.7709 -0.5747
vn -0.3329 0.8114 -0.4805
vn -0.7332 0.2627 -0.6272
vn -0.8385 0.3520 -0.4160
vn 0.0000 -0.7156 0.6985
vn 0.0000 -0.9707 -0.2404
vn 0.3338 -0.8517 0.4039
vn 0.3362 -0.8449 0.4161
vn -0.6270 -0.7209 0.2953
vn -0.6260 -0.7288 0.2775
vn -0.0052 0.7334 -0.6797
vn -0.1208 0.1200 -0.9854
vn -0.2627 -0.7785 0.5700
vn -0.3185 -0.8178 0.4793
vn 0.5474 -0.8353 0.0518
vn 0.6072 -0.7735 0.1818
vn 0.0391 0.7424 -0.6688
vn 0.0052 0.7334 -0.6797
vn 0.2395 0.1266 -0.9626
vn 0.1208 0.1200 -0.9854
vn -0.1447 -0.7589 0.6350
vn 0.4772 -0.8763 -0.0658
vn 0.0141 -0.7263 0.6872
vn 0.0286 -0.9637 -0.2656
vn -0.0708 -0.7498 0.6579
vn 0.3705 -0.9133 -0.1692
vn 0.3329 0.8114 -0.4805
vn 0.8385 0.3520 -0.4160
vn -0.1541 0.7510 -0.6421
vn -0.5569 0.1954 -0.8073
vn 0.2747 0.7709 -0.5747
vn 0.1541 0.7510 -0.6421
vn 0.7332 0.2627 -0.6272
vn 0.5569 0.1954 -0.8073
vn -0.0353 -0.7516 0.6586
vn 0.2475 -0.9396 -0.2365
vn -0.3362 -0.8449 0.4161
vn 0.6260 -0.7288 0.2775
vn -0.0033 -0.7430 0.6693
vn 0.1499 -0.9543 -0.2584
vn 0.0160 -0.7380 0.6746
vn 0.0758 -0.9602 -0.2689
vn -0.3511 0.8394 -0.4149
vn -0.3479 0.8468 -0.4024
vn -0.8700 0.4145 -0.2669
vn -0.8717 0.4278 -0.2389
vn -0.3338 -0.8517 0.4039
vn 0.6270 -0.7209 0.2953
vn 0.0780 0.7408 -0.6672
vn 0.3825 0.1465 -0.9123
vn -0.0154 0.7279 -0.6855
vn -0.0148 0.7144 -0.6996
vn 0.0390 0.1231 -0.9916
vn 0.0040 0.1269 -0.9919
vn 0.0000 0.7018 -0.7124
vn 0.0000 0.1344 -0.9909
vn 0.3185 -0.8178 0.4793
vn 0.2627 -0.7785 0.5700
vn -0.6072 -0.7735 0.1818
vn -0.5474 -0.8353 0.0518
vn 0.1447 -0.7589 0.6350
vn -0.4772 -0.8763 -0.0658
vn 0.0708 -0.7498 0.6579
vn -0.3705 -0.9133 -0.1692
vn 0.0353 -0.7516 0.6586
vn -0.2475 -0.9396 -0.2365
vn -0.8719 0.4295 -0.2353
vn -0.3444 0.8487 -0.4014
vn 0.4992 -0.7800 0.3774
vn -0.5429 -0.7737 0.3264
vn 0.3308 -0.8534 0.4029
vn -0.6272 -0.7196 0.2979
vn 0.1555 -0.8970 0.4138
vn 0.9953 0.0624 -0.0742
vn 0.6938 0.6433 -0.3237
vn 0.3444 0.8487 -0.4014
vn 0.8719 0.4295 -0.2353
vn -0.6897 -0.6470 0.3251
vn -0.9966 -0.0479 0.0677
vn -0.9643 0.2216 -0.1452
vn -0.4706 0.7950 -0.3828
vn 0.6897 -0.6470 0.3251
vn -0.6938 0.6433 -0.3237
vn -0.9953 0.0624 -0.0742
vn -0.3308 -0.8534 0.4029
vn -0.4992 -0.7800 0.3774
vn -0.1555 -0.8970 0.4138
vn 0.5429 -0.7737 0.3264
vn 0.6272 -0.7196 0.2979
vn 0.9966 -0.0479 0.0677
vn 0.2302 0.8823 -0.4106
vn 0.4706 0.7950 -0.3828
vn -0.2302 0.8823 -0.4106
vn 0.9643 0.2216 -0.1452
vn 0.5380 -0.7778 0.3251
vn 0.5375 -0.7841 0.3102
vn 0.8548 -0.4878 0.1774
vn 0.8533 -0.4987 0.1520
vn 0.0244 -0.8068 -0.5903
vn 0.0772 -0.8045 -0.5889
vn 0.0698 -0.9837 -0.1660
vn 0.0261 -0.9857 -0.1665
vn 0.1684 -0.7979 -0.5788
vn 0.1369 -0.9782 -0.1563
vn 0.2926 -0.7825 -0.5496
vn 0.2228 -0.9652 -0.1373
vn 0.4494 -0.7570 -0.4743
vn 0.3288 -0.9416 -0.0734
vn 0.6097 -0.7138 -0.3446
vn 0.4194 -0.9075 0.0237
vn 0.7360 -0.6531 -0.1780
vn 0.4683 -0.8744 0.1268
vn 0.8245 -0.5657 0.0106
vn 0.5183 -0.8240 0.2289
vn 0.0000 -0.9881 -0.1536
vn 0.0000 -0.8103 -0.5861
vn -0.5375 -0.7841 0.3102
vn -0.5380 -0.7778 0.3251
vn -0.8548 -0.4878 0.1774
vn -0.8533 -0.4987 0.1520
vn -0.0772 -0.8045 -0.5889
vn -0.0244 -0.8068 -0.5903
vn -0.0698 -0.9837 -0.1660
vn -0.0261 -0.9857 -0.1665
vn -0.1684 -0.7979 -0.5788
vn -0.1369 -0.9782 -0.1563
vn -0.2926 -0.7825 -0.5496
vn -0.2228 -0.9652 -0.1373
vn -0.4494 -0.7570 -0.4743
vn -0.3288 -0.9416 -0.0734
vn -0.6097 -0.7138 -0.3446
vn -0.4194 -0.9075 0.0237
vn -0.7360 -0.6531 -0.1780
vn -0.4683 -0.8744 0.1268
vn -0.8245 -0.5657 0.0106
vn -0.5183 -0.8240 0.2289
vn -0.2902 -0.8659 0.4074
vn -0.3069 -0.8553 0.4174
vn -0.0049 -0.5452 0.8383
vn 0.0039 -0.5263 0.8503
vn -0.0439 -0.5497 0.8342
vn -0.1291 -0.4925 0.8607
vn -0.2850 -0.3530 0.8912
vn -0.5699 -0.1028 0.8153
vn -0.4294 -0.6363 0.6409
vn -0.3265 -0.8118 0.4840
vn 0.0000 -0.5290 0.8486
vn 0.2902 -0.8659 0.4074
vn 0.3069 -0.8553 0.4174
vn -0.0039 -0.5263 0.8503
vn 0.0049 -0.5452 0.8383
vn 0.0439 -0.5497 0.8342
vn 0.1291 -0.4925 0.8607
vn 0.2850 -0.3530 0.8912
vn 0.5699 -0.1028 0.8153
vn 0.4294 -0.6363 0.6409
vn 0.3265 -0.8118 0.4840
vn -0.1809 0.9007 -0.3951
vn -0.1993 0.8963 -0.3961
vn -0.0475 0.9640 -0.2615
vn -0.0202 0.9696 -0.2439
vn -0.0760 0.9564 -0.2820
vn -0.1022 0.9466 -0.3058
vn -0.1365 0.9294 -0.3429
vn -0.1665 0.9177 -0.3606
vn -0.1605 0.9162 -0.3672
vn -0.1630 0.9108 -0.3794
vn 0.0000 0.9716 -0.2368
vn 0.1993 0.8963 -0.3961
vn 0.1809 0.9007 -0.3951
vn 0.0475 0.9640 -0.2615
vn 0.0202 0.9696 -0.2439
vn 0.0760 0.9564 -0.2820
vn 0.1022 0.9466 -0.3058
vn 0.1365 0.9294 -0.3429
vn 0.1665 0.9177 -0.3606
vn 0.1605 0.9162 -0.3672
vn 0.1630 0.9108 -0.3794
vn 0.5381 -0.7767 0.3273
vn -0.2065 0.8947 -0.3961
vn 0.8549 -0.4862 0.1810
vn -0.8549 -0.4862 0.1810
vn 0.2065 0.8947 -0.3961
vn 0.2961 -0.8647 0.4057
vn -0.5381 -0.7767 0.3273
vn -0.2961 -0.8647 0.4057
vn -0.0717 0.9465 -0.3146
vn -0.0616 0.9445 -0.3226
vn 0.0000 0.9476 -0.3194
vn 0.0000 0.9510 -0.3092
vn 0.0719 -0.9468 0.3136
vn 0.0000 -0.9514 0.3081
vn 0.0000 -0.9475 0.3197
vn 0.0615 -0.9444 0.3229
vn -0.1337 0.9360 -0.3257
vn -0.1155 0.9365 -0.3312
vn 0.1337 -0.9362 0.3251
vn 0.1148 -0.9364 0.3317
vn -0.1857 0.9202 -0.3445
vn -0.1626 0.9250 -0.3435
vn 0.1852 -0.9202 0.3449
vn 0.1610 -0.9248 0.3446
vn -0.0523 0.9490 -0.3109
vn 0.0000 0.9516 -0.3075
vn 0.0000 -0.9509 0.3095
vn 0.0519 -0.9484 0.3129
vn -0.0987 0.9421 -0.3205
vn 0.0973 -0.9415 0.3228
vn -0.1403 0.9322 -0.3338
vn 0.1378 -0.9316 0.3364
vn -0.1986 0.9130 -0.3564
vn -0.1740 0.9210 -0.3485
vn 0.1704 -0.9206 0.3513
vn 0.1962 -0.9129 0.3579
vn -0.2231 0.9067 -0.3579
vn 0.2221 -0.9066 0.3589
vn -0.0462 0.9588 -0.2804
vn 0.0000 0.9613 -0.2755
vn 0.0000 -0.9597 0.2810
vn 0.0457 -0.9572 0.2859
vn -0.0877 0.9518 -0.2941
vn 0.0861 -0.9501 0.2997
vn -0.1253 0.9416 -0.3125
vn 0.1227 -0.9401 0.3181
vn -0.1565 0.9300 -0.3324
vn 0.1530 -0.9287 0.3377
vn -0.2275 0.8946 -0.3846
vn -0.2194 0.9023 -0.3711
vn -0.2418 0.8935 -0.3785
vn -0.2431 0.8872 -0.3921
vn 0.2231 -0.8946 0.3871
vn 0.2384 -0.8861 0.3974
vn 0.2405 -0.8931 0.3803
vn 0.2161 -0.9023 0.3731
vn -0.1948 0.9108 -0.3640
vn 0.1905 -0.9106 0.3668
vn -0.2015 0.9030 -0.3795
vn 0.1963 -0.9030 0.3821
vn -0.1772 0.9193 -0.3513
vn 0.1732 -0.9183 0.3559
vn -0.1828 0.9120 -0.3672
vn 0.1783 -0.9114 0.3710
vn -0.0398 0.9682 -0.2470
vn 0.0000 0.9708 -0.2401
vn 0.0000 -0.9686 0.2487
vn 0.0392 -0.9659 0.2559
vn -0.0303 0.9725 -0.2308
vn 0.0000 0.9758 -0.2188
vn 0.0000 -0.9743 0.2252
vn 0.0293 -0.9705 0.2393
vn -0.0762 0.9611 -0.2654
vn 0.0746 -0.9587 0.2744
vn -0.0603 0.9650 -0.2551
vn 0.0583 -0.9626 0.2646
vn -0.1100 0.9508 -0.2895
vn -0.0896 0.9551 -0.2826
vn 0.0862 -0.9523 0.2928
vn 0.1074 -0.9484 0.2983
vn -0.1392 0.9385 -0.3159
vn -0.1154 0.9422 -0.3145
vn 0.1106 -0.9385 0.3269
vn 0.1359 -0.9361 0.3245
vn -0.1615 0.9264 -0.3401
vn -0.1372 0.9276 -0.3475
vn 0.1320 -0.9233 0.3607
vn 0.1582 -0.9242 0.3477
vn -0.1751 0.9188 -0.3538
vn -0.1565 0.9221 -0.3538
vn 0.1529 -0.9192 0.3629
vn 0.1729 -0.9171 0.3592
vn 0.0717 0.9465 -0.3146
vn 0.0616 0.9445 -0.3226
vn -0.0719 -0.9468 0.3136
vn -0.0615 -0.9444 0.3229
vn 0.1337 0.9360 -0.3257
vn 0.1155 0.9365 -0.3312
vn -0.1337 -0.9362 0.3251
vn -0.1148 -0.9364 0.3317
vn 0.1857 0.9202 -0.3445
vn 0.1626 0.9250 -0.3435
vn -0.1852 -0.9202 0.3449
vn -0.1610 -0.9248 0.3446
vn 0.0523 0.9490 -0.3109
vn -0.0519 -0.9484 0.3129
vn 0.0987 0.9421 -0.3205
vn -0.0973 -0.9415 0.3228
vn 0.1403 0.9322 -0.3338
vn -0.1378 -0.9316 0.3364
vn 0.1740 0.9210 -0.3485
vn 0.1986 0.9130 -0.3564
vn -0.1962 -0.9129 0.3579
vn -0.1704 -0.9206 0.3513
vn 0.2231 0.9067 -0.3579
vn -0.2221 -0.9066 0.3589
vn 0.0462 0.9588 -0.2804
vn -0.0457 -0.9572 0.2859
vn 0.0877 0.9518 -0.2941
vn -0.0861 -0.9501 0.2997
vn 0.1253 0.9416 -0.3125
vn -0.1227 -0.9401 0.3181
vn 0.1565 0.9300 -0.3324
vn -0.1530 -0.9287 0.3377
vn 0.2275 0.8946 -0.3846
vn 0.2431 0.8872 -0.3921
vn 0.2418 0.8935 -0.3785
vn 0.2194 0.9023 -0.3711
vn -0.2231 -0.8946 0.3871
vn -0.2161 -0.9023 0.3731
vn -0.2405 -0.8931 0.3803
vn -0.2384 -0.8861 0.3974
vn 0.1948 0.9108 -0.3640
vn -0.1905 -0.9106 0.3668
vn 0.2015 0.9030 -0.3795
vn -0.1963 -0.9030 0.3821
vn 0.1772 0.9193 -0.3513
vn -0.1732 -0.9183 0.3559
vn 0.1828 0.9120 -0.3672
vn -0.1783 -0.9114 0.3710
vn 0.0398 0.9682 -0.2470
vn -0.0392 -0.9659 0.2559
vn 0.0303 0.9725 -0.2308
vn -0.0293 -0.9705 0.2393
vn 0.0762 0.9611 -0.2654
vn -0.0746 -0.9587 0.2744
vn 0.0603 0.9650 -0.2551
vn -0.0583 -0.9626 0.2646
vn 0.0896 0.9551 -0.2826
vn 0.1100 0.9508 -0.2895
vn -0.1074 -0.9484 0.2983
vn -0.0862 -0.9523 0.2928
vn 0.1154 0.9422 -0.3145
vn 0.1392 0.9385 -0.3159
vn -0.1359 -0.9361 0.3245
vn -0.1106 -0.9385 0.3269
vn 0.1372 0.9276 -0.3475
vn 0.1615 0.9264 -0.3401
vn -0.1582 -0.9242 0.3477
vn -0.1320 -0.9233 0.3607
vn 0.1565 0.9221 -0.3538
vn 0.1751 0.9188 -0.3538
vn -0.1729 -0.9171 0.3592
vn -0.1529 -0.9192 0.3629
vn -0.0297 0.3701 0.9285
vn -0.0014 0.5259 0.8505
vn -0.0359 0.5107 0.8590
vn 0.0166 0.3057 0.9520
vn -0.0490 0.5082 0.8598
vn 0.0103 0.3066 0.9518
vn -0.0472 0.5024 0.8633
vn 0.0064 0.2959 0.9552
vn -0.0360 0.4717 0.8810
vn 0.0089 0.2565 0.9665
vn -0.0267 0.4510 0.8921
vn 0.0081 0.2354 0.9719
vn -0.0057 0.2389 0.9710
vn -0.0240 0.4654 0.8848
vn 0.0000 0.4308 0.9024
vn 0.0000 0.2010 0.9796
vn 0.0240 0.4654 0.8848
vn 0.0057 0.2389 0.9710
vn 0.0267 0.4510 0.8921
vn -0.0081 0.2354 0.9719
vn 0.0360 0.4717 0.8810
vn -0.0089 0.2565 0.9665
vn -0.0064 0.2959 0.9552
vn 0.0472 0.5024 0.8633
vn -0.0103 0.3066 0.9518
vn 0.0490 0.5082 0.8598
vn 0.0359 0.5107 0.8590
vn -0.0166 0.3057 0.9520
vn 0.0014 0.5259 0.8505
vn 0.0297 0.3701 0.9285
vn -0.2294 0.8825 -0.4107
vn 0.1852 0.8982 -0.3987
vn -0.1776 0.9230 0.3414
vn 0.6226 -0.7015 0.3468
vn 0.6753 0.2586 0.6907
vn -0.9953 0.0623 -0.0742
vn -0.7340 0.3368 0.5897
vn -0.6379 -0.0663 0.7672
vn 0.1544 -0.8972 0.4138
vn -0.4048 -0.2753 0.8720
vn 0.0956 -0.3479 0.9326
vn -0.4695 0.7955 -0.3830
vn -0.3514 0.8608 0.3682
vn 0.6893 -0.6473 0.3253
vn 0.4633 -0.1593 0.8718
vn -0.6933 0.6438 -0.3238
vn -0.5116 0.7536 0.4127
vn -0.8336 0.4140 0.3657
vn 0.3296 -0.8538 0.4031
vn 0.2328 -0.3771 0.8964
vn -0.3429 0.8492 -0.4016
vn -0.2753 0.9172 0.2879
vn -0.5270 -0.3475 0.7756
vn 0.4980 -0.7806 0.3776
vn 0.3369 -0.2596 0.9050
vn -0.5428 -0.7738 0.3264
vn -0.4909 -0.4807 0.7266
vn -0.8718 0.4297 -0.2354
vn -0.8119 0.5634 0.1530
vn -0.1852 0.8982 -0.3987
vn 0.2294 0.8825 -0.4107
vn 0.1776 0.9230 0.3414
vn -0.1544 -0.8972 0.4138
vn -0.0956 -0.3479 0.9326
vn 0.4048 -0.2753 0.8720
vn 0.4695 0.7955 -0.3830
vn 0.3514 0.8608 0.3682
vn 0.8336 0.4140 0.3657
vn -0.6226 -0.7015 0.3468
vn -0.6753 0.2586 0.6907
vn 0.9953 0.0623 -0.0742
vn 0.6379 -0.0663 0.7672
vn 0.7340 0.3368 0.5897
vn -0.3296 -0.8538 0.4031
vn 0.5270 -0.3475 0.7756
vn -0.2328 -0.3771 0.8964
vn 0.5428 -0.7738 0.3264
vn -0.4980 -0.7806 0.3776
vn 0.4909 -0.4807 0.7266
vn -0.3369 -0.2596 0.9050
vn -0.6893 -0.6473 0.3253
vn -0.4633 -0.1593 0.8718
vn 0.3429 0.8492 -0.4016
vn 0.8718 0.4297 -0.2354
vn 0.2753 0.9172 0.2879
vn 0.8119 0.5634 0.1530
vn 0.6933 0.6438 -0.3238
vn 0.5116 0.7536 0.4127
vn 0.0000 0.9601 -0.2795
vn -0.0827 0.9531 -0.2911
vn 0.0828 -0.9540 0.2881
vn 0.0000 -0.9612 0.2759
vn -0.1530 0.9394 -0.3068
vn 0.1532 -0.9401 0.3044
vn -0.2081 0.9178 -0.3381
vn 0.2080 -0.9179 0.3380
vn -0.2464 0.9020 -0.3545
vn 0.2459 -0.9019 0.3551
vn -0.2605 0.8855 -0.3847
vn -0.2458 0.8829 -0.4000
vn 0.2407 -0.8800 0.4095
vn 0.2620 -0.8842 0.3867
vn 0.0827 0.9531 -0.2911
vn -0.0828 -0.9540 0.2881
vn 0.1530 0.9394 -0.3068
vn -0.1532 -0.9401 0.3044
vn 0.2081 0.9178 -0.3381
vn -0.2080 -0.9179 0.3380
vn 0.2464 0.9020 -0.3545
vn -0.2459 -0.9019 0.3551
vn 0.2458 0.8829 -0.4000
vn 0.2605 0.8855 -0.3847
vn -0.2620 -0.8842 0.3867
vn -0.2407 -0.8800 0.4095
vn 0.0238 0.4192 0.9076
vn 0.0208 0.4127 0.9106
vn 0.0248 0.4188 0.9078
vn 0.0226 0.4127 0.9106
vn 0.1843 -0.7192 -0.6699
vn 0.3197 -0.7036 -0.6347
vn 0.3196 -0.7035 -0.6348
vn 0.6822 -0.2927 -0.6700
vn 0.4872 -0.3462 -0.8017
vn 0.6825 -0.2924 -0.6698
vn 0.4877 -0.3460 -0.8015
vn -0.4847 -0.6719 -0.5600
vn -0.3197 -0.7036 -0.6347
vn -0.4843 -0.6720 -0.5602
vn -0.3196 -0.7035 -0.6348
vn 0.0420 0.4142 0.9092
vn 0.0317 0.4219 0.9061
vn 0.0420 0.4139 0.9094
vn 0.0328 0.4209 0.9065
vn -0.9967 -0.0276 -0.0760
vn -0.9989 -0.0133 -0.0451
vn -0.9967 -0.0275 -0.0761
vn 0.9652 -0.1015 -0.2410
vn 0.8562 -0.2061 -0.4738
vn 0.9653 -0.1014 -0.2408
vn 0.8564 -0.2059 -0.4735
vn -0.3122 -0.3701 -0.8750
vn -0.4872 -0.3462 -0.8017
vn -0.3126 -0.3701 -0.8748
vn -0.4877 -0.3460 -0.8015
vn 0.0219 0.4125 0.9107
vn 0.8521 0.2206 0.4746
vn 0.0243 0.4124 0.9107
vn 0.8209 0.2400 0.5182
vn 0.0280 0.4042 0.9143
vn 0.0161 0.4251 0.9050
vn -0.9124 -0.3869 0.1337
vn -0.9122 -0.3887 0.1299
vn 0.3122 -0.3701 -0.8750
vn 0.3126 -0.3701 -0.8748
vn 0.9989 -0.0133 -0.0451
vn 0.9967 -0.0276 -0.0760
vn 0.9967 -0.0275 -0.0761
vn 0.8859 -0.4619 -0.0429
vn 0.9099 -0.4021 0.1025
vn 0.8857 -0.4622 -0.0437
vn 0.9099 -0.4021 0.1022
vn -0.0176 -0.3675 -0.9299
vn -0.0686 -0.3722 -0.9256
vn -0.0177 -0.3675 -0.9299
vn -0.0688 -0.3722 -0.9256
vn 0.1702 -0.3754 -0.9111
vn 0.1706 -0.3753 -0.9111
vn -0.8521 0.2206 0.4746
vn -0.0219 0.4125 0.9107
vn -0.8209 0.2400 0.5182
vn -0.0243 0.4124 0.9107
vn 0.9122 -0.3887 0.1299
vn 0.9124 -0.3869 0.1337
vn -0.0278 -0.7194 -0.6940
vn 0.0000 -0.7123 -0.7019
vn -0.0276 -0.7194 -0.6940
vn 0.0000 -0.7122 -0.7019
vn 0.0359 0.4051 0.9136
vn 0.0369 0.4060 0.9131
vn -0.6822 -0.2927 -0.6700
vn -0.8562 -0.2061 -0.4738
vn -0.6825 -0.2924 -0.6698
vn -0.8564 -0.2059 -0.4735
vn -0.1702 -0.3754 -0.9111
vn -0.1706 -0.3753 -0.9111
vn -0.0208 0.4127 0.9106
vn -0.0238 0.4192 0.9076
vn -0.0226 0.4127 0.9106
vn -0.0248 0.4188 0.9078
vn -0.0825 -0.7220 -0.6870
vn -0.0823 -0.7220 -0.6870
vn -0.8859 -0.4619 -0.0429
vn -0.7965 -0.5494 -0.2525
vn -0.8857 -0.4622 -0.0437
vn -0.7961 -0.5497 -0.2531
vn -0.9099 -0.4021 0.1025
vn -0.9099 -0.4021 0.1022
vn 0.0278 -0.7194 -0.6940
vn 0.0825 -0.7220 -0.6870
vn 0.0276 -0.7194 -0.6940
vn 0.0823 -0.7220 -0.6870
vn -0.0280 0.4042 0.9143
vn -0.0161 0.4251 0.9050
vn -0.1843 -0.7192 -0.6699
vn 0.4847 -0.6719 -0.5600
vn 0.4843 -0.6720 -0.5602
vn 0.7698 -0.0790 0.6333
vn 0.7547 -0.0621 0.6531
vn -0.6547 -0.6210 -0.4309
vn -0.6542 -0.6212 -0.4315
vn 0.0000 -0.3634 -0.9316
vn -0.7698 -0.0790 0.6333
vn -0.7547 -0.0621 0.6531
vn -0.9652 -0.1015 -0.2410
vn -0.9653 -0.1014 -0.2408
vn 0.9991 -0.0114 -0.0409
vn 0.6547 -0.6210 -0.4309
vn 0.6542 -0.6212 -0.4315
vn -0.0420 0.4142 0.9092
vn -0.0359 0.4051 0.9136
vn -0.0420 0.4139 0.9094
vn -0.0369 0.4060 0.9131
vn 0.7965 -0.5494 -0.2525
vn 0.7961 -0.5497 -0.2531
vn 0.0176 -0.3675 -0.9299
vn 0.0177 -0.3675 -0.9299
vn -0.9991 -0.0114 -0.0409
vn -0.0317 0.4219 0.9061
vn -0.0328 0.4209 0.9065
vn 0.0686 -0.3722 -0.9256
vn 0.0688 -0.3722 -0.9256
vn 0.9124 -0.3869 0.1336
vn -0.9124 -0.3869 0.1336
vn -0.4706 0.2490 0.8465
vn -0.3328 -0.0702 0.9404
vn -0.1790 0.1014 0.9786
vn -0.2530 0.2730 0.9281
vn -0.0002 -0.2024 0.9793
vn -0.0002 0.0304 0.9995
vn 0.3325 -0.0702 0.9405
vn 0.1786 0.1014 0.9787
vn 0.4703 0.2490 0.8467
vn 0.2527 0.2730 0.9282
vn 0.3325 0.5681 0.7528
vn 0.1787 0.4445 0.8778
vn -0.0001 0.7003 0.7139
vn -0.0002 0.5156 0.8568
vn -0.3328 0.5681 0.7527
vn -0.1790 0.4445 0.8777
vn 0.0434 0.2398 0.9698
vn -0.0002 0.2225 0.9749
vn 0.0614 0.2816 0.9576
vn 0.0434 0.3234 0.9453
vn -0.0002 0.3407 0.9402
vn -0.0438 0.3234 0.9453
vn -0.0617 0.2816 0.9575
vn -0.0437 0.2399 0.9698
vn -0.0002 0.2822 0.9594
vn -0.0001 0.2821 0.9594
vn -0.0002 0.2821 0.9594
vn -0.0002 0.2822 0.9593
vn 0.6839 -0.5846 0.4366
vn 0.7071 -0.6784 0.1995
vn 1.0000 0.0000 0.0002
vn 0.9673 0.0716 0.2434
vn 0.7071 0.6784 -0.1994
vn 0.6839 0.7278 0.0507
vn 0.0000 0.9594 -0.2822
vn -0.0000 0.9996 -0.0296
vn -0.7071 0.6784 -0.1996
vn -0.6840 0.7278 0.0505
vn -1.0000 -0.0000 -0.0002
vn -0.9674 0.0715 0.2431
vn -0.7071 -0.6784 0.1994
vn -0.6841 -0.5847 0.4360
vn -0.0000 -0.9594 0.2822
vn -0.0001 -0.8564 0.5162
vn -0.0002 -0.3909 0.9204
vn 0.4486 -0.2125 0.8681
vn 0.6345 0.2181 0.7415
vn 0.4487 0.6486 0.6149
vn -0.0001 0.8269 0.5623
vn -0.4489 0.6486 0.6147
vn -0.6348 0.2180 0.7413
vn -0.4489 -0.2125 0.8679
vn -0.7043 0.6506 -0.2842
vn -0.7069 0.6723 -0.2198
vn 0.0000 0.9533 -0.3020
vn 0.0000 0.9304 -0.3664
vn -0.9960 -0.0251 -0.0856
vn -0.9998 -0.0059 -0.0204
vn -0.7043 -0.7008 0.1131
vn -0.7070 -0.6842 0.1791
vn -0.0000 -0.9807 0.1956
vn -0.0000 -0.9651 0.2620
vn 0.7043 -0.7008 0.1134
vn 0.7069 -0.6842 0.1791
vn 0.9960 -0.0251 -0.0853
vn 0.9998 -0.0059 -0.0200
vn 0.7043 0.6506 -0.2840
vn 0.7070 0.6722 -0.2197
vn 0.7071 -0.6784 0.1996
vn -0.7071 0.6784 -0.1997
vn -1.0000 0.0000 -0.0001
vn -0.7071 -0.6784 0.1995
vn 0.0000 0.9304 -0.3665
vn 0.0001 0.5280 -0.8492
vn -0.5275 0.3183 -0.7877
vn -0.7042 0.6506 -0.2843
vn -0.7461 -0.1879 -0.6388
vn -0.5273 -0.6939 -0.4903
vn 0.0001 -0.9035 -0.4285
vn 0.5276 -0.6940 -0.4899
vn 0.7461 -0.1879 -0.6388
vn 0.5276 0.3181 -0.7877
vn 0.0001 0.9304 -0.3665
vn -0.7043 0.6505 -0.2843
vn -0.7043 -0.7008 0.1132
vn 0.0002 0.0801 -0.9968
vn -0.2531 -0.0205 -0.9672
vn 0.2534 -0.0205 -0.9672
vn 0.3583 -0.2634 -0.8957
vn 0.2534 -0.5064 -0.8243
vn 0.0002 -0.6070 -0.7947
vn -0.2531 -0.5064 -0.8243
vn -0.3580 -0.2634 -0.8958
vn 0.2193 -0.2753 -0.9360
vn 0.1551 -0.1266 -0.9797
vn 0.1551 -0.4239 -0.8923
vn 0.0002 -0.4856 -0.8742
vn -0.1548 -0.4240 -0.8924
vn -0.2190 -0.2753 -0.9361
vn -0.1548 -0.1266 -0.9798
vn 0.0002 -0.0651 -0.9979
vn -0.0035 -0.2786 -0.9604
vn -0.0019 -0.2821 -0.9594
vn 0.0002 -0.2802 -0.9600
vn 0.0039 -0.2786 -0.9604
vn 0.0023 -0.2821 -0.9594
vn 0.0039 -0.2857 -0.9583
vn 0.0002 -0.2841 -0.9588
vn -0.0036 -0.2857 -0.9583
vn 0.0002 -0.2821 -0.9594
vn 0.4704 -0.1927 0.8611
vn 0.2529 -0.2112 0.9442
vn 0.1788 -0.3857 0.9051
vn 0.3327 -0.5173 0.7885
vn 0.0000 -0.4580 0.8889
vn -0.0000 -0.6518 0.7584
vn -0.1788 -0.3857 0.9051
vn -0.3327 -0.5173 0.7885
vn -0.2529 -0.2112 0.9442
vn -0.4704 -0.1927 0.8611
vn -0.1788 -0.0368 0.9832
vn -0.3327 0.1319 0.9338
vn 0.0000 0.0355 0.9994
vn -0.0000 0.2664 0.9639
vn 0.1788 -0.0368 0.9832
vn 0.3326 0.1319 0.9338
vn 0.0000 -0.2780 0.9606
vn -0.0436 -0.2604 0.9645
vn -0.0616 -0.2179 0.9740
vn -0.0436 -0.1754 0.9835
vn 0.0000 -0.1578 0.9875
vn 0.0436 -0.1755 0.9835
vn 0.0616 -0.2179 0.9740
vn 0.0436 -0.2604 0.9645
vn 0.0000 -0.2183 0.9759
vn -0.0000 -0.2183 0.9759
vn -0.0000 -0.2184 0.9759
vn 0.0000 -0.2184 0.9759
vn 0.0001 -0.2184 0.9759
vn -0.6840 -0.7229 0.0983
vn -0.9673 -0.0554 0.2476
vn -0.6840 0.6121 0.3969
vn -0.0000 0.8885 0.4589
vn -0.0000 0.9759 0.2184
vn 0.6840 0.6121 0.3969
vn 0.9673 -0.0554 0.2476
vn 0.6840 -0.7229 0.0983
vn 0.7071 -0.6901 -0.1543
vn -0.0000 -0.9993 0.0361
vn -0.4488 -0.6067 0.6561
vn -0.0000 -0.7880 0.6156
vn -0.6346 -0.1687 0.7542
vn -0.4488 0.2692 0.8522
vn -0.0000 0.4506 0.8927
vn 0.4488 0.2692 0.8522
vn 0.6346 -0.1687 0.7542
vn 0.4488 -0.6067 0.6561
vn 0.7043 0.7067 0.0669
vn -0.0000 0.9914 0.1306
vn -0.0000 0.9803 0.1975
vn 0.7069 0.6946 0.1333
vn 0.9960 0.0194 -0.0869
vn 0.9998 0.0045 -0.0203
vn 0.7043 -0.6679 -0.2407
vn 0.7070 -0.6852 -0.1755
vn 0.0000 -0.9525 -0.3044
vn 0.0000 -0.9710 -0.2391
vn -0.7043 -0.6679 -0.2407
vn -0.7069 -0.6852 -0.1752
vn -0.9960 0.0194 -0.0869
vn -0.9998 0.0045 -0.0203
vn -0.7043 0.7068 0.0669
vn -0.7069 0.6945 0.1336
vn -0.0000 0.9759 0.2182
vn 0.0000 -0.9759 -0.2182
vn 0.0000 0.9914 0.1306
vn 0.7043 0.7068 0.0669
vn 0.5276 0.6603 -0.5345
vn 0.0000 0.8735 -0.4869
vn 0.7460 0.1454 -0.6498
vn 0.5275 -0.3694 -0.7651
vn 0.0000 -0.9526 -0.3044
vn 0.0000 -0.5825 -0.8128
vn -0.7043 -0.6678 -0.2407
vn -0.5275 -0.3694 -0.7651
vn -0.7460 0.1454 -0.6499
vn -0.5276 0.6602 -0.5345
vn -0.7043 0.7067 0.0669
vn 0.2532 0.4510 -0.8558
vn -0.0000 0.5534 -0.8329
vn -0.2532 0.4510 -0.8559
vn -0.3581 0.2039 -0.9112
vn -0.2532 -0.0432 -0.9664
vn -0.0000 -0.1456 -0.9893
vn 0.2532 -0.0433 -0.9664
vn 0.3582 0.2039 -0.9111
vn -0.1549 0.3642 -0.9183
vn -0.2191 0.2130 -0.9522
vn -0.1549 0.0618 -0.9860
vn -0.0000 -0.0008 -1.0000
vn 0.1550 0.0618 -0.9860
vn 0.2192 0.2130 -0.9521
vn 0.1549 0.3643 -0.9183
vn -0.0000 0.4269 -0.9043
vn 0.0021 0.2183 -0.9759
vn 0.0037 0.2220 -0.9750
vn -0.0000 0.2204 -0.9754
vn -0.0037 0.2219 -0.9751
vn -0.0021 0.2183 -0.9759
vn -0.0038 0.2147 -0.9767
vn -0.0000 0.2163 -0.9763
vn 0.0037 0.2147 -0.9767
vn -0.0000 0.2184 -0.9759
vn 0.0000 -0.6518 0.7584
vn -0.0000 -0.4580 0.8889
vn 0.3327 0.1319 0.9338
vn 0.0000 0.2664 0.9639
vn -0.0000 0.0355 0.9994
vn -0.3326 0.1319 0.9338
vn -0.0000 -0.2780 0.9606
vn 0.0436 -0.1754 0.9835
vn -0.0000 -0.1578 0.9875
vn -0.0436 -0.1755 0.9835
vn -0.0001 -0.2184 0.9759
vn 1.0000 0.0000 -0.0001
vn 0.0000 0.8885 0.4589
vn -0.7071 -0.6901 -0.1543
vn -0.0000 -0.9759 -0.2184
vn 0.0000 -0.9993 0.0361
vn 0.0000 -0.7880 0.6156
vn 0.0000 0.4506 0.8927
vn -0.7069 0.6946 0.1333
vn 0.0000 0.9803 0.1975
vn -0.7070 -0.6852 -0.1755
vn -0.0000 -0.9525 -0.3044
vn -0.0000 -0.9710 -0.2391
vn 0.7069 -0.6852 -0.1752
vn 0.7069 0.6945 0.1336
vn 0.0000 0.9759 0.2182
vn -0.0000 -0.9759 -0.2182
vn -0.5276 0.6603 -0.5345
vn -0.7460 0.1454 -0.6498
vn 0.7043 -0.6678 -0.2407
vn 0.7460 0.1454 -0.6499
vn 0.5276 0.6602 -0.5345
vn 0.0000 0.5534 -0.8329
vn -0.2532 0.4510 -0.8558
vn 0.2532 0.4510 -0.8559
vn 0.3581 0.2039 -0.9112
vn 0.2532 -0.0432 -0.9664
vn 0.0000 -0.1456 -0.9893
vn -0.2532 -0.0433 -0.9664
vn -0.3582 0.2039 -0.9111
vn 0.2191 0.2130 -0.9522
vn 0.1549 0.3642 -0.9183
vn 0.1549 0.0618 -0.9860
vn 0.0000 -0.0008 -1.0000
vn -0.1550 0.0618 -0.9860
vn -0.2192 0.2130 -0.9521
vn -0.1549 0.3643 -0.9183
vn 0.0000 0.4269 -0.9043
vn -0.0037 0.2220 -0.9750
vn 0.0000 0.2204 -0.9754
vn 0.0037 0.2219 -0.9751
vn 0.0038 0.2147 -0.9767
vn 0.0000 0.2163 -0.9763
vn -0.0037 0.2147 -0.9767
vn 0.0000 0.2184 -0.9759
vn 0.4706 0.2490 0.8465
vn 0.2530 0.2730 0.9281
vn 0.1790 0.1014 0.9786
vn 0.3328 -0.0702 0.9404
vn 0.0002 0.0304 0.9995
vn 0.0002 -0.2024 0.9793
vn -0.1786 0.1014 0.9787
vn -0.3325 -0.0702 0.9405
vn -0.2527 0.2730 0.9282
vn -0.4703 0.2490 0.8467
vn -0.1787 0.4445 0.8778
vn -0.3325 0.5681 0.7528
vn 0.0002 0.5156 0.8568
vn 0.0001 0.7003 0.7139
vn 0.1790 0.4445 0.8777
vn 0.3328 0.5681 0.7527
vn 0.0002 0.2225 0.9749
vn -0.0434 0.2398 0.9698
vn -0.0614 0.2816 0.9576
vn -0.0434 0.3234 0.9453
vn 0.0002 0.3407 0.9402
vn 0.0438 0.3234 0.9453
vn 0.0617 0.2816 0.9575
vn 0.0437 0.2399 0.9698
vn 0.0002 0.2822 0.9594
vn 0.0001 0.2821 0.9594
vn 0.0002 0.2821 0.9594
vn 0.0002 0.2822 0.9593
vn -0.6839 -0.5846 0.4366
vn -0.9673 0.0716 0.2434
vn -1.0000 0.0000 0.0002
vn -0.6839 0.7278 0.0507
vn -0.7071 0.6784 -0.1994
vn 0.0000 0.9996 -0.0296
vn -0.0000 0.9594 -0.2822
vn 0.6840 0.7278 0.0505
vn 0.7071 0.6784 -0.1996
vn 0.9674 0.0715 0.2431
vn 1.0000 -0.0000 -0.0002
vn 0.6841 -0.5847 0.4360
vn 0.7071 -0.6784 0.1994
vn 0.0001 -0.8564 0.5162
vn 0.0000 -0.9594 0.2822
vn -0.4486 -0.2125 0.8681
vn 0.0002 -0.3909 0.9204
vn -0.6345 0.2181 0.7415
vn -0.4487 0.6486 0.6149
vn 0.0001 0.8269 0.5623
vn 0.4489 0.6486 0.6147
vn 0.6348 0.2180 0.7413
vn 0.4489 -0.2125 0.8679
vn 0.7043 0.6506 -0.2842
vn -0.0000 0.9304 -0.3664
vn -0.0000 0.9533 -0.3020
vn 0.7069 0.6723 -0.2198
vn 0.9960 -0.0251 -0.0856
vn 0.9998 -0.0059 -0.0204
vn 0.7043 -0.7008 0.1131
vn 0.7070 -0.6842 0.1791
vn 0.0000 -0.9807 0.1956
vn 0.0000 -0.9651 0.2620
vn -0.7043 -0.7008 0.1134
vn -0.7069 -0.6842 0.1791
vn -0.9960 -0.0251 -0.0853
vn -0.9998 -0.0059 -0.0200
vn -0.7043 0.6506 -0.2840
vn -0.7070 0.6722 -0.2197
vn -0.7071 -0.6784 0.1996
vn 0.7071 0.6784 -0.1997
vn -0.0000 0.9304 -0.3665
vn 0.7042 0.6506 -0.2843
vn 0.5275 0.3183 -0.7877
vn -0.0001 0.5280 -0.8492
vn 0.5273 -0.6939 -0.4903
vn -0.0001 -0.9035 -0.4285
vn -0.5276 -0.6940 -0.4899
vn -0.5276 0.3181 -0.7877
vn 0.7043 0.6505 -0.2843
vn -0.0001 0.9304 -0.3665
vn 0.7043 -0.7008 0.1132
vn 0.2531 -0.0205 -0.9672
vn -0.0002 0.0801 -0.9968
vn -0.2534 -0.0205 -0.9672
vn -0.3583 -0.2634 -0.8957
vn -0.2534 -0.5064 -0.8243
vn -0.0002 -0.6070 -0.7947
vn 0.2531 -0.5064 -0.8243
vn 0.3580 -0.2634 -0.8958
vn -0.1551 -0.1266 -0.9797
vn -0.2193 -0.2753 -0.9360
vn -0.1551 -0.4239 -0.8923
vn -0.0002 -0.4856 -0.8742
vn 0.1548 -0.4240 -0.8924
vn 0.2190 -0.2753 -0.9361
vn 0.1548 -0.1266 -0.9798
vn -0.0002 -0.0651 -0.9979
vn 0.0019 -0.2821 -0.9594
vn 0.0035 -0.2786 -0.9604
vn -0.0002 -0.2802 -0.9600
vn -0.0039 -0.2786 -0.9604
vn -0.0023 -0.2821 -0.9594
vn -0.0039 -0.2857 -0.9583
vn -0.0002 -0.2841 -0.9588
vn 0.0036 -0.2857 -0.9583
vn -0.0002 -0.2821 -0.9594
vn 0.0060 0.1725 0.9850
vn -0.6908 0.1660 0.7038
vn -0.6985 -0.0467 0.7141
vn 0.0062 -0.0442 0.9990
vn -0.9873 0.1556 0.0325
vn -0.9979 -0.0544 0.0350
vn -0.7183 0.1467 -0.6801
vn -0.7258 -0.0633 -0.6850
vn -0.0090 0.1410 -0.9900
vn -0.0093 -0.0664 -0.9977
vn 0.6861 0.1433 -0.7132
vn 0.6931 -0.0625 -0.7182
vn 0.9872 0.1551 -0.0358
vn 0.9979 -0.0555 -0.0336
vn 0.7121 0.1683 0.6816
vn 0.7203 -0.0480 0.6920
vn -0.7183 0.1468 -0.6801
vn 0.9979 -0.0554 -0.0336
vn 0.7120 0.1684 0.6817
vn -0.9979 -0.0545 0.0350
vn -0.5446 -0.8382 0.0292
vn -0.3934 -0.8453 -0.3615
vn -0.2683 -0.9326 -0.2415
vn -0.3683 -0.9293 0.0260
vn -0.0038 -0.8464 -0.5325
vn -0.0002 -0.9347 -0.3554
vn 0.3788 -0.8425 -0.3831
vn 0.2590 -0.9309 -0.2575
vn 0.5435 -0.8394 -0.0105
vn 0.3672 -0.9301 -0.0053
vn 0.3903 -0.8370 0.3835
vn 0.2656 -0.9270 0.2650
vn 0.0023 -0.8344 0.5512
vn 0.0003 -0.9266 0.3761
vn -0.3820 -0.8338 0.3986
vn -0.2617 -0.9250 0.2754
vn -0.3934 -0.8453 -0.3614
vn 0.2590 -0.9310 -0.2574
vn -0.3819 -0.8338 0.3986
vn -0.2616 -0.9250 0.2754
vn -0.3683 -0.9294 0.0260
vn -0.1041 -0.9879 0.1146
vn -0.0010 -0.9940 0.1096
vn -0.1005 -0.9948 0.0170
vn -0.1072 -0.9903 -0.0882
vn 0.0019 -0.9961 -0.0876
vn 0.1020 -0.9903 -0.0940
vn 0.0999 -0.9950 0.0051
vn 0.1051 -0.9882 0.1118
vn -0.1006 -0.9948 0.0170
vn -0.0001 -0.9999 0.0110
vn 0.7163 0.1290 0.6858
vn 0.0060 0.1326 0.9912
vn -0.6948 0.1271 0.7079
vn -0.9924 0.1183 0.0330
vn 0.9924 0.1178 -0.0362
vn -0.7218 0.1105 -0.6833
vn -0.0088 0.1057 -0.9944
vn 0.6893 0.1079 -0.7164
vn -0.9924 0.1182 0.0330
vn -0.6947 0.1272 0.7079
vn 0.9924 0.1179 -0.0362
vn 0.6895 -0.1232 -0.7137
vn 0.9924 -0.1188 -0.0331
vn 0.7160 -0.1146 0.6886
vn 0.0060 -0.1117 0.9937
vn -0.6945 -0.1125 0.7106
vn -0.9924 -0.1179 0.0358
vn -0.7220 -0.1249 -0.6805
vn -0.0089 -0.1267 -0.9919
vn 0.0003 0.7071 0.7071
vn 0.0004 0.0000 1.0000
vn 0.0003 -0.7071 0.7071
vn -0.0003 -0.7071 -0.7071
vn -0.0004 0.0000 -1.0000
vn -0.0003 0.7071 -0.7071
vn -0.7703 -0.6375 0.0154
vn -0.7794 -0.4508 -0.4352
vn -0.7612 -0.4509 0.4661
vn -0.7576 0.0000 0.6527
vn -0.7612 0.4509 0.4661
vn -0.7704 0.6374 0.0154
vn -0.7794 0.4508 -0.4352
vn -0.7831 0.0000 -0.6219
vn -0.9998 0.0000 0.0201
vn -0.9998 0.0000 0.0214
vn -0.9998 0.0014 0.0200
vn -0.9998 -0.0000 0.0200
vn -0.9998 0.0000 0.0187
vn -0.9998 0.0000 0.0200
vn -0.9998 -0.0014 0.0200
vn -0.9998 -0.0000 0.0201
vn -0.0004 0.0000 1.0000
vn -0.0003 0.7071 0.7071
vn -0.0003 -0.7071 0.7071
vn 0.0003 -0.7071 -0.7071
vn 0.0004 0.0000 -1.0000
vn 0.0003 0.7071 -0.7071
vn 0.7794 -0.4508 -0.4352
vn 0.7703 -0.6375 0.0154
vn 0.7612 -0.4509 0.4661
vn 0.7576 0.0000 0.6527
vn 0.7612 0.4509 0.4661
vn 0.7704 0.6374 0.0154
vn 0.7794 0.4508 -0.4352
vn 0.7831 0.0000 -0.6219
vn 0.9998 0.0000 0.0214
vn 0.9998 0.0000 0.0201
vn 0.9998 0.0014 0.0200
vn 0.9998 -0.0000 0.0200
vn 0.9998 0.0000 0.0187
vn 0.9998 0.0000 0.0200
vn 0.9998 -0.0014 0.0200
vn 0.9998 -0.0000 0.0201
vn 0.0008 -0.9994 0.0346
vn 0.0000 -0.9998 0.0217
# 4204 vertex normals

vt -0.9269 0.8235 0.0000
vt -0.9269 0.5000 0.0000
vt -0.8479 0.5000 0.0000
vt -0.8479 0.6327 0.0000
vt -0.9269 0.0731 0.0000
vt -0.8479 0.1521 0.0000
vt -0.1765 0.0731 0.0000
vt -0.3673 0.1521 0.0000
vt -0.5775 0.2392 0.0000
vt -0.7608 0.2392 0.0000
vt -0.7608 0.4225 0.0000
vt -0.7608 0.5000 0.0000
vt -0.7672 0.4199 0.0000
vt -0.7544 0.2456 0.0000
vt -0.5930 0.2456 0.0000
vt -0.7675 0.4198 0.0000
vt -0.5936 0.2459 0.0000
vt -0.7607 0.5052 0.0000
vt -0.7541 0.2459 0.0000
vt -0.7557 0.6849 0.0000
vt -0.7773 0.4162 0.0000
vt -0.7449 0.2553 0.0000
vt -0.6164 0.2553 0.0000
vt -0.7337 1.4909 0.0000
vt -0.8210 0.4000 0.0000
vt -0.7036 0.2977 0.0000
vt -0.7187 0.2977 0.0000
vt -0.7443 0.6216 0.0000
vt -0.4584 0.1899 0.0000
vt -0.8101 0.5416 0.0000
vt -0.8115 0.5450 0.0000
vt -0.4550 0.1885 0.0000
vt -0.8129 0.5484 0.0000
vt -0.4516 0.1871 0.0000
vt -0.8101 0.1899 0.0000
vt -0.8115 0.1885 0.0000
vt -0.8130 0.1870 0.0000
vt -0.8101 0.5000 0.0000
vt -0.8115 0.5000 0.0000
vt -0.8130 0.5000 0.0000
vt -0.8800 0.7102 0.0000
vt -0.2898 0.1200 0.0000
vt -0.8800 0.1200 0.0000
vt -0.8800 0.5000 0.0000
vt -0.8307 0.1693 0.0000
vt -0.4088 0.1693 0.0000
vt -0.8307 0.5000 0.0000
vt -0.8307 0.5912 0.0000
vt -0.5926 0.2455 0.0000
vt -0.7545 0.4074 0.0000
vt -0.7545 0.2455 0.0000
vt -0.7545 0.5000 0.0000
vt -0.7480 0.2520 0.0000
vt -0.6084 0.2520 0.0000
vt -0.7610 0.4047 0.0000
vt -0.7725 0.4004 0.0000
vt -0.7496 0.7362 0.0000
vt -0.6353 0.2631 0.0000
vt -0.7371 0.2631 0.0000
vt -0.7752 -0.4877 0.0000
vt -0.7934 0.2054 0.0000
vt -0.7131 0.4226 0.0000
vt -0.4958 0.2054 0.0000
vt -0.6944 0.0864 0.0000
vt -0.4526 0.1875 0.0000
vt -0.8125 0.5474 0.0000
vt -0.4468 0.1851 0.0000
vt -0.8149 0.5532 0.0000
vt -0.8126 0.1874 0.0000
vt -0.8150 0.1850 0.0000
vt -0.4467 0.1850 0.0000
vt -0.8125 0.5000 0.0000
vt -0.8150 0.5000 0.0000
vt -0.3040 0.1259 0.0000
vt -0.8740 0.1260 0.0000
vt -0.8741 0.6960 0.0000
vt -0.8740 0.5000 0.0000
vt -0.9189 0.5000 0.0000
vt -0.9189 0.0811 0.0000
vt -0.9190 0.8044 0.0000
vt -0.1957 0.0811 0.0000
vt -0.4970 0.2059 0.0000
vt -0.7941 0.5030 0.0000
vt -0.7941 0.2059 0.0000
vt -0.7941 0.5000 0.0000
vt 0.0000 0.5000 0.0000
vt -0.8134 0.5496 0.0000
vt -0.4504 0.1866 0.0000
vt -0.8167 0.5576 0.0000
vt -0.4424 0.1832 0.0000
vt -0.8135 0.5000 0.0000
vt -0.8168 0.5000 0.0000
vt -0.8135 0.1865 0.0000
vt -0.8168 0.1832 0.0000
vt -0.9190 0.8043 0.0000
vt 0.9683 0.3087 0.0000
vt 0.9746 0.3087 0.0000
vt 0.9746 0.6913 0.0000
vt 0.9683 0.6913 0.0000
vt 0.9810 0.3087 0.0000
vt 0.9810 0.6913 0.0000
vt 0.9873 0.3087 0.0000
vt 0.9873 0.6913 0.0000
vt 0.9937 0.3087 0.0000
vt 0.9937 0.6913 0.0000
vt 0.7942 0.9619 0.0000
vt 0.7428 0.9619 0.0000
vt 0.8457 0.9619 0.0000
vt 0.8971 0.9619 0.0000
vt 0.9486 0.9619 0.0000
vt 0.5391 0.9619 0.0000
vt 0.4239 0.9619 0.0000
vt 0.6543 0.9619 0.0000
vt 0.7696 0.9619 0.0000
vt 0.8848 0.9619 0.0000
vt 0.3587 0.6913 0.0000
vt 0.1984 0.6913 0.0000
vt 0.5190 0.6913 0.0000
vt 0.6794 0.6913 0.0000
vt 0.8397 0.6913 0.0000
vt 0.3587 0.3087 0.0000
vt 0.1984 0.3087 0.0000
vt 0.5190 0.3087 0.0000
vt 0.6794 0.3087 0.0000
vt 0.8397 0.3087 0.0000
vt 0.5391 0.0381 0.0000
vt 0.4239 0.0381 0.0000
vt 0.6543 0.0381 0.0000
vt 0.7696 0.0381 0.0000
vt 0.8848 0.0381 0.0000
vt 0.7942 0.0381 0.0000
vt 0.7428 0.0381 0.0000
vt 0.8457 0.0381 0.0000
vt 0.8971 0.0381 0.0000
vt 0.9486 0.0381 0.0000
vt 0.9620 0.3087 0.0000
vt 0.9620 0.6913 0.0000
vt 0.9999 0.6913 0.0000
vt 0.9999 0.3087 0.0000
vt 0.6921 0.9619 0.0000
vt 0.9992 0.9619 0.0000
vt 0.3104 0.9619 0.0000
vt 0.9983 0.9619 0.0000
vt 0.0405 0.6913 0.0000
vt 0.9976 0.6913 0.0000
vt 0.0405 0.3087 0.0000
vt 0.9976 0.3087 0.0000
vt 0.3104 0.0381 0.0000
vt 0.9983 0.0381 0.0000
vt 0.6921 0.0381 0.0000
vt 0.9992 0.0381 0.0000
vt -1.0000 0.0000 0.0000
vt 0.0000 0.0000 0.0000
vt -1.0000 0.5000 0.0000
vt 0.0000 1.0000 0.0000
vt -1.0000 1.0000 0.0000
vt 0.0000 0.0050 0.0000
vt 0.4082 0.7181 0.0000
vt 0.4089 0.7367 0.0000
vt 0.3923 0.7313 0.0000
vt 0.3926 0.7112 0.0000
vt 0.3931 0.6872 0.0000
vt 0.4075 0.7005 0.0000
vt 0.3912 0.7874 0.0000
vt 0.3915 0.7734 0.0000
vt 0.4103 0.7747 0.0000
vt 0.4108 0.7874 0.0000
vt 0.3920 0.7453 0.0000
vt 0.4094 0.7494 0.0000
vt 0.4099 0.7621 0.0000
vt 0.3918 0.7594 0.0000
vt 0.4278 0.7319 0.0000
vt 0.4208 0.7150 0.0000
vt 0.4138 0.6987 0.0000
vt 0.4347 0.7458 0.0000
vt 0.4416 0.7597 0.0000
vt 0.4485 0.7735 0.0000
vt 0.4554 0.7874 0.0000
vt 0.3933 0.6728 0.0000
vt 0.3935 0.6667 0.0000
vt 0.4068 0.6818 0.0000
vt 0.4070 0.6874 0.0000
vt 0.4296 0.7129 0.0000
vt 0.4334 0.7120 0.0000
vt 0.4467 0.7270 0.0000
vt 0.4410 0.7285 0.0000
vt 0.4182 0.6974 0.0000
vt 0.4201 0.6969 0.0000
vt 0.4600 0.7421 0.0000
vt 0.4524 0.7432 0.0000
vt 0.4734 0.7572 0.0000
vt 0.4638 0.7580 0.0000
vt 0.4867 0.7723 0.0000
vt 0.4752 0.7727 0.0000
vt 0.5000 0.7874 0.0000
vt 0.4866 0.7874 0.0000
vt 0.3897 0.9904 0.0000
vt 0.3900 0.9498 0.0000
vt 0.4089 0.9498 0.0000
vt 0.4085 0.9904 0.0000
vt 0.3909 0.8280 0.0000
vt 0.4104 0.8280 0.0000
vt 0.4545 0.9498 0.0000
vt 0.4542 0.9904 0.0000
vt 0.4552 0.8280 0.0000
vt 0.4863 0.9904 0.0000
vt 0.4863 0.9498 0.0000
vt 0.5000 0.9498 0.0000
vt 0.5000 0.9904 0.0000
vt 0.4866 0.8280 0.0000
vt 0.5000 0.8280 0.0000
vt 0.4072 0.6918 0.0000
vt 0.3933 0.6776 0.0000
vt 0.4366 0.7296 0.0000
vt 0.4267 0.7136 0.0000
vt 0.4167 0.6978 0.0000
vt 0.4465 0.7441 0.0000
vt 0.4564 0.7585 0.0000
vt 0.4663 0.7730 0.0000
vt 0.4762 0.7874 0.0000
vt 0.4757 0.9498 0.0000
vt 0.4755 0.9904 0.0000
vt 0.4760 0.8280 0.0000
vt 0.4084 0.9990 0.0000
vt 0.3896 0.9990 0.0000
vt 0.4084 1.0000 0.0000
vt 0.3896 1.0000 0.0000
vt 0.4863 0.9990 0.0000
vt 0.4755 0.9990 0.0000
vt 0.4863 1.0000 0.0000
vt 0.4755 1.0000 0.0000
vt 0.4542 0.9990 0.0000
vt 0.4542 1.0000 0.0000
vt 0.5000 0.9990 0.0000
vt 0.5000 1.0000 0.0000
vt 0.3925 0.7850 0.0000
vt 0.1315 0.2630 0.0000
vt 0.9400 0.0600 0.0000
vt 0.7426 0.2574 0.0000
vt 0.0000 0.7426 0.0000
vt 0.0000 0.9400 0.0000
vt 0.0000 0.7900 0.0000
vt 0.7426 0.2448 0.0000
vt 0.7426 1.0000 0.0000
vt 0.9400 1.0000 0.0000
vt 0.0000 0.2100 0.0000
vt 0.1974 0.9526 0.0000
vt 0.0940 0.2819 0.0000
vt 0.0743 0.2437 0.0000
vt 0.0000 0.1000 0.0000
vt 0.7623 0.8492 0.0000
vt 0.0000 0.8110 0.0000
vt 0.0000 0.2021 0.0000
vt 0.0000 0.1597 0.0000
vt 0.0743 0.2651 0.0000
vt 0.4758 0.8957 0.0000
vt 0.4864 0.8957 0.0000
vt 0.4864 0.9044 0.0000
vt 0.4758 0.9044 0.0000
vt 0.4864 0.9132 0.0000
vt 0.4758 0.9132 0.0000
vt 0.4096 0.8957 0.0000
vt 0.4548 0.8957 0.0000
vt 0.4547 0.9044 0.0000
vt 0.4095 0.9044 0.0000
vt 0.4547 0.9132 0.0000
vt 0.4094 0.9132 0.0000
vt 0.3904 0.8957 0.0000
vt 0.3903 0.9044 0.0000
vt 0.3903 0.9132 0.0000
vt 0.5000 0.8957 0.0000
vt 0.5000 0.9044 0.0000
vt 0.5000 0.9132 0.0000
vt 0.0000 0.0974 0.0000
vt 0.0000 0.8334 0.0000
vt 0.6189 0.3382 0.0000
vt 0.8334 0.1666 0.0000
vt 1.0000 0.0000 0.0000
vt 0.6189 0.3356 0.0000
vt 0.0000 0.7834 0.0000
vt 0.0000 0.0915 0.0000
vt 0.0000 0.8092 0.0000
vt 1.0000 0.0974 0.0000
vt 0.0974 1.0000 0.0000
vt 0.0723 0.7677 0.0000
vt 0.6189 0.3363 0.0000
vt 0.0000 0.7959 0.0000
vt 0.0000 0.0930 0.0000
vt 0.0181 0.7988 0.0000
vt 0.6189 0.3377 0.0000
vt 0.0000 0.8234 0.0000
vt 0.0000 0.0962 0.0000
vt 0.0579 0.7759 0.0000
vt 0.9562 0.0438 0.0000
vt 0.8692 0.1308 0.0000
vt 0.2915 0.8059 0.0000
vt 0.7626 0.3348 0.0000
vt 0.3740 0.7319 0.0000
vt 0.3738 0.7458 0.0000
vt 0.3724 0.8957 0.0000
vt 0.3723 0.9044 0.0000
vt 0.3723 0.9132 0.0000
vt 0.3743 0.7118 0.0000
vt 0.3733 0.7735 0.0000
vt 0.3731 0.7874 0.0000
vt 0.3749 0.6729 0.0000
vt 0.3750 0.6667 0.0000
vt 0.3747 0.6873 0.0000
vt 0.3736 0.7597 0.0000
vt 0.3728 0.8280 0.0000
vt 0.3717 0.9904 0.0000
vt 0.3720 0.9498 0.0000
vt 0.3748 0.6777 0.0000
vt 0.3717 0.9990 0.0000
vt 0.3717 1.0000 0.0000
vt 0.4093 0.9187 0.0000
vt 0.3902 0.9187 0.0000
vt 0.4546 0.9187 0.0000
vt 0.5000 0.9187 0.0000
vt 0.4864 0.9187 0.0000
vt 0.4758 0.9187 0.0000
vt 0.0915 0.9458 0.0000
vt 0.2188 0.9540 0.0000
vt 0.1729 0.8025 0.0000
vt 0.0000 0.2328 0.0000
vt 0.0000 0.8360 0.0000
vt 0.0000 0.9874 0.0000
vt 0.0000 0.2188 0.0000
vt 0.3722 0.9187 0.0000
vt 0.5000 0.8795 0.0000
vt 0.4865 0.8795 0.0000
vt 0.5954 0.3826 0.0000
vt 0.4703 0.4353 0.0000
vt 0.7834 0.2066 0.0000
vt 0.0000 0.5954 0.0000
vt 0.4703 0.4447 0.0000
vt 0.3905 0.8795 0.0000
vt 0.4098 0.8795 0.0000
vt 0.4549 0.8795 0.0000
vt 0.4759 0.8795 0.0000
vt 0.5954 0.4046 0.0000
vt 0.7834 0.2166 0.0000
vt 0.0000 0.6334 0.0000
vt 0.3725 0.8795 0.0000
vt 1.0000 1.0000 0.0000
vt 0.0000 0.2150 0.0000
vt 0.1000 0.2935 0.0000
vt 0.2328 1.0000 0.0000
vt 1.0000 0.2328 0.0000
vt 0.2150 0.7850 0.0000
vt 0.7850 1.0000 0.0000
vt 0.7594 0.8481 0.0000
vt 0.7370 0.2630 0.0000
vt 0.2630 1.0000 0.0000
vt 0.3209 0.4793 0.0000
vt 0.3977 0.8350 0.0000
vt 0.7982 0.4345 0.0000
vt 0.9036 0.0964 0.0000
vt 0.7122 0.2878 0.0000
vt 0.6334 0.3666 0.0000
vt 0.6408 0.6408 0.0000
vt 0.8900 0.8900 0.0000
vt 0.3877 0.3877 0.0000
vt 0.2520 0.2520 0.0000
vt 0.1436 0.1436 0.0000
vt 0.1903 1.0000 0.0000
vt 0.3309 1.0000 0.0000
vt 0.4727 1.0000 0.0000
vt 0.6388 1.0000 0.0000
vt 0.8350 1.0000 0.0000
vt 0.9973 0.9973 0.0000
vt -0.2000 0.0000 0.0000
vt -0.8000 0.0000 0.0000
vt -0.2000 1.0000 0.0000
vt -0.8000 1.0000 0.0000
vt 0.9297 0.3226 0.0000
vt 0.9297 0.6774 0.0000
vt 0.7247 0.0766 0.0000
vt 0.4419 0.0766 0.0000
vt 0.2370 0.3226 0.0000
vt 0.2370 0.6774 0.0000
vt 0.4419 0.9234 0.0000
vt 0.7247 0.9234 0.0000
vt 0.5833 0.5000 0.0000
# 384 texture coords

o Kitchen_Fold_Chair
g Kitchen_Fold_Chair
usemtl Bolts
s off
f 1/1/1 2/2/2 3/3/3 4/4/4 
f 2/2/2 5/5/5 6/6/6 3/3/3 
f 5/5/5 7/7/7 8/8/8 6/6/6 
f 7/7/7 9/1/9 10/4/10 8/8/8 
f 9/1/9 11/2/11 12/3/12 10/4/10 
f 11/2/11 13/5/13 14/6/14 12/3/12 
f 13/5/13 15/7/15 16/8/16 14/6/14 
f 15/7/15 1/1/1 4/4/4 16/8/16 
f 6/6/6 8/8/8 17/9/17 18/10/18 
f 8/8/8 10/4/10 19/11/19 17/9/17 
f 10/4/10 12/3/12 20/12/20 19/11/19 
f 12/3/12 14/6/14 21/10/21 20/12/20 
f 14/6/14 16/8/16 22/9/22 21/10/21 
f 16/8/16 4/4/4 23/11/23 22/9/22 
f 4/4/4 3/3/3 24/12/24 23/11/23 
f 3/3/3 6/6/6 18/10/18 24/12/24 
f 23/11/23 24/12/24 25/12/25 26/13/26 
f 24/12/24 18/10/18 27/14/27 25/12/25 
f 18/10/18 17/9/17 28/15/28 27/14/27 
f 17/9/17 19/11/19 29/13/29 28/15/28 
f 19/11/19 20/12/20 30/12/30 29/13/29 
f 20/12/20 21/10/21 31/14/31 30/12/30 
f 21/10/21 22/9/22 32/15/32 31/14/31 
f 22/9/22 23/11/23 26/13/26 32/15/32 
f 26/13/26 25/12/25 33/12/33 34/13/34 
f 25/12/25 27/14/27 35/14/35 33/12/33 
f 27/14/27 28/15/28 36/15/36 35/14/35 
f 28/15/28 29/13/29 37/13/37 36/15/36 
f 29/13/29 30/12/30 38/12/38 37/13/37 
f 30/12/30 31/14/31 39/14/39 38/12/38 
f 31/14/31 32/15/32 40/15/40 39/14/39 
f 32/15/32 26/13/26 34/13/34 40/15/40 
f 36/15/36 37/13/37 41/13/41 42/15/42 
f 37/13/37 38/12/38 43/12/43 41/13/41 
f 38/12/38 39/14/39 44/14/44 43/12/43 
f 39/14/39 40/15/40 45/15/45 44/14/44 
f 40/15/40 34/13/34 46/13/46 45/15/45 
f 34/13/34 33/12/33 47/12/47 46/13/46 
f 33/12/33 35/14/35 48/14/48 47/12/47 
f 35/14/35 36/15/36 42/15/42 48/14/48 
f 42/15/42 41/13/41 49/16/49 50/17/50 
f 41/13/41 43/12/43 51/18/51 49/16/49 
f 43/12/43 44/14/44 52/19/52 51/18/51 
f 44/14/44 45/15/45 53/17/53 52/19/52 
f 45/15/45 46/13/46 54/16/54 53/17/53 
f 46/13/46 47/12/47 55/18/55 54/16/54 
f 47/12/47 48/14/48 56/19/56 55/18/55 
f 48/14/48 42/15/42 50/17/50 56/19/56 
f 54/16/54 55/18/55 57/20/57 58/21/58 
f 55/18/55 56/19/56 59/22/59 57/20/57 
f 56/19/56 50/17/50 60/23/60 59/22/59 
f 50/17/50 49/16/49 61/21/61 60/23/60 
f 49/16/49 51/18/51 62/20/62 61/21/61 
f 51/18/51 52/19/52 63/22/63 62/20/62 
f 52/19/52 53/17/53 64/23/60 63/22/63 
f 53/17/53 54/16/54 58/21/58 64/23/60 
f 58/21/58 57/20/57 65/24/64 66/25/60 
f 57/20/57 59/22/59 67/26/59 65/24/64 
f 59/22/59 60/23/60 68/27/64 67/26/59 
f 60/23/60 61/21/61 69/25/60 68/27/64 
f 61/21/61 62/20/62 70/24/61 69/25/60 
f 62/20/62 63/22/63 71/26/59 70/24/61 
f 63/22/63 64/23/60 72/27/64 71/26/59 
f 64/23/60 58/21/58 66/25/60 72/27/64 
f 73/28/57 72/27/64 66/25/60 65/24/64 
f 73/28/57 65/24/64 67/26/59 68/27/64 
f 73/28/57 70/24/61 71/26/59 72/27/64 
f 73/28/57 68/27/64 69/25/60 70/24/61 
f 74/29/65 75/30/66 75/31/67 74/32/68 
f 74/32/68 75/31/67 75/33/69 74/34/70 
f 76/35/71 77/29/72 77/32/73 76/36/74 
f 76/36/74 77/32/73 77/34/75 78/37/76 
f 79/35/77 74/29/65 74/32/68 79/36/78 
f 79/36/78 74/32/68 74/34/70 79/37/79 
f 77/29/72 80/30/80 80/31/81 77/32/73 
f 77/32/73 80/31/81 80/33/82 77/34/75 
f 75/30/66 81/38/83 81/39/84 75/31/67 
f 75/31/67 81/39/84 82/40/85 75/33/69 
f 81/38/83 76/35/71 76/36/74 81/39/84 
f 81/39/84 76/36/74 78/37/76 82/40/85 
f 83/38/86 79/35/77 79/36/78 83/39/87 
f 83/39/87 79/36/78 79/37/79 84/40/88 
f 80/30/80 83/38/86 83/39/87 80/31/81 
f 80/31/81 83/39/87 84/40/88 80/33/82 
f 85/30/89 86/38/90 87/38/90 88/30/91 
f 88/30/91 87/38/90 89/38/92 90/30/91 
f 91/35/93 92/29/94 93/29/95 94/35/96 
f 94/35/96 93/29/95 95/29/95 96/35/97 
f 86/38/90 97/35/98 98/35/99 87/38/90 
f 87/38/90 98/35/99 99/35/100 89/38/92 
f 97/35/98 100/29/101 101/29/102 98/35/99 
f 98/35/99 101/29/102 102/29/103 99/35/100 
f 100/29/101 103/30/104 104/30/105 101/29/102 
f 101/29/102 104/30/105 105/30/105 102/29/103 
f 103/30/104 106/38/106 107/38/107 104/30/105 
f 104/30/105 107/38/107 108/38/107 105/30/105 
f 106/38/106 91/35/93 94/35/96 107/38/107 
f 107/38/107 94/35/96 96/35/97 108/38/107 
f 92/29/94 85/30/89 88/30/91 93/29/95 
f 93/29/95 88/30/91 90/30/91 95/29/95 
f 80/30/80 77/29/72 95/29/95 90/30/91 
f 77/29/72 76/35/71 96/35/97 95/29/95 
f 76/35/71 81/38/83 108/38/107 96/35/97 
f 81/38/83 75/30/66 105/30/105 108/38/107 
f 75/30/66 74/29/65 102/29/103 105/30/105 
f 74/29/65 79/35/77 99/35/100 102/29/103 
f 79/35/77 83/38/86 89/38/92 99/35/100 
f 83/38/86 80/30/80 90/30/91 89/38/92 
f 109/41/108 110/42/109 111/42/110 112/41/111 
f 110/42/109 113/43/112 114/43/113 111/42/110 
f 113/43/112 115/44/114 116/44/115 114/43/113 
f 115/44/114 117/41/116 118/41/117 116/44/115 
f 117/41/116 119/42/118 120/42/119 118/41/117 
f 119/42/118 121/43/120 122/43/121 120/42/119 
f 121/43/120 123/44/122 124/44/123 122/43/121 
f 123/44/122 109/41/108 112/41/111 124/44/123 
f 120/42/119 122/43/121 125/45/124 126/46/125 
f 122/43/121 124/44/123 127/47/126 125/45/124 
f 124/44/123 112/41/111 128/48/127 127/47/126 
f 112/41/111 111/42/110 129/46/128 128/48/127 
f 111/42/110 114/43/113 130/45/129 129/46/128 
f 114/43/113 116/44/115 131/47/130 130/45/129 
f 116/44/115 118/41/117 132/48/131 131/47/130 
f 118/41/117 120/42/119 126/46/125 132/48/131 
f 128/48/127 129/46/128 133/49/132 134/50/133 
f 129/46/128 130/45/129 135/51/134 133/49/132 
f 130/45/129 131/47/130 136/52/135 135/51/134 
f 131/47/130 132/48/131 137/50/136 136/52/135 
f 132/48/131 126/46/125 138/49/137 137/50/136 
f 126/46/125 125/45/124 139/51/138 138/49/137 
f 125/45/124 127/47/126 140/52/139 139/51/138 
f 127/47/126 128/48/127 134/50/133 140/52/139 
f 133/49/132 135/51/134 141/53/140 142/54/141 
f 135/51/134 136/52/135 143/52/142 141/53/140 
f 136/52/135 137/50/136 144/55/143 143/52/142 
f 137/50/136 138/49/137 145/54/144 144/55/143 
f 138/49/137 139/51/138 146/53/145 145/54/144 
f 139/51/138 140/52/139 147/52/146 146/53/145 
f 140/52/139 134/50/133 148/55/147 147/52/146 
f 134/50/133 133/49/132 142/54/141 148/55/147 
f 143/52/142 144/55/143 149/55/148 150/52/149 
f 144/55/143 145/54/144 151/54/150 149/55/148 
f 145/54/144 146/53/145 152/53/151 151/54/150 
f 146/53/145 147/52/146 153/52/152 152/53/151 
f 147/52/146 148/55/147 154/55/153 153/52/152 
f 148/55/147 142/54/141 155/54/154 154/55/153 
f 142/54/141 141/53/140 156/53/155 155/54/154 
f 141/53/140 143/52/142 150/52/149 156/53/155 
f 156/53/155 150/52/149 157/52/156 158/53/157 
f 150/52/149 149/55/148 159/55/158 157/52/156 
f 149/55/148 151/54/150 160/54/150 159/55/158 
f 151/54/150 152/53/151 161/53/159 160/54/150 
f 152/53/151 153/52/152 162/52/160 161/53/159 
f 153/52/152 154/55/153 163/55/161 162/52/160 
f 154/55/153 155/54/154 164/54/162 163/55/161 
f 155/54/154 156/53/155 158/53/157 164/54/162 
f 164/54/162 158/53/157 165/53/163 166/54/164 
f 158/53/157 157/52/156 167/52/165 165/53/163 
f 157/52/156 159/55/158 168/55/166 167/52/165 
f 159/55/158 160/54/150 169/54/167 168/55/166 
f 160/54/150 161/53/159 170/53/168 169/54/167 
f 161/53/159 162/52/160 171/52/169 170/53/168 
f 162/52/160 163/55/161 172/55/170 171/52/169 
f 163/55/161 164/54/162 166/54/164 172/55/170 
f 167/52/165 168/55/166 173/56/171 174/57/172 
f 168/55/166 169/54/167 175/58/173 173/56/171 
f 169/54/167 170/53/168 176/59/173 175/58/173 
f 170/53/168 171/52/169 177/57/174 176/59/173 
f 171/52/169 172/55/170 178/56/175 177/57/174 
f 172/55/170 166/54/164 179/58/173 178/56/175 
f 166/54/164 165/53/163 180/59/173 179/58/173 
f 165/53/163 167/52/165 174/57/172 180/59/173 
f 180/59/173 174/57/172 181/60/173 182/61/176 
f 174/57/172 173/56/171 183/62/174 181/60/173 
f 173/56/171 175/58/173 184/63/172 183/62/174 
f 175/58/173 176/59/173 185/61/177 184/63/172 
f 176/59/173 177/57/174 186/60/177 185/61/177 
f 177/57/174 178/56/175 187/62/173 186/60/177 
f 178/56/175 179/58/173 188/63/172 187/62/173 
f 179/58/173 180/59/173 182/61/176 188/63/172 
f 189/64/174 187/62/173 188/63/172 182/61/176 
f 189/64/174 183/62/174 184/63/172 185/61/177 
f 189/64/174 182/61/176 181/60/173 183/62/174 
f 189/64/174 185/61/177 186/60/177 187/62/173 
f 190/30/178 191/29/179 192/65/180 190/66/181 
f 190/66/181 192/65/180 193/67/182 194/68/183 
f 195/29/184 196/35/185 197/69/186 195/65/187 
f 195/65/187 197/69/186 198/70/188 199/71/189 
f 191/29/179 200/35/190 200/69/191 192/65/180 
f 192/65/180 200/69/191 201/70/192 193/67/182 
f 202/30/193 195/29/184 195/65/187 203/66/194 
f 203/66/194 195/65/187 199/71/189 204/68/195 
f 205/38/196 190/30/178 190/66/181 206/72/197 
f 206/72/197 190/66/181 194/68/183 206/73/198 
f 196/35/185 205/38/196 206/72/197 197/69/186 
f 197/69/186 206/72/197 206/73/198 198/70/188 
f 200/35/190 207/38/199 208/72/200 200/69/191 
f 200/69/191 208/72/200 209/73/201 201/70/192 
f 207/38/199 202/30/193 203/66/194 208/72/200 
f 208/72/200 203/66/194 204/68/195 209/73/201 
f 92/29/94 191/29/179 190/30/178 85/30/89 
f 91/35/93 200/35/190 191/29/179 92/29/94 
f 106/38/106 207/38/199 200/35/190 91/35/93 
f 103/30/104 202/30/193 207/38/199 106/38/106 
f 100/29/101 195/29/184 202/30/193 103/30/104 
f 97/35/98 196/35/185 195/29/184 100/29/101 
f 86/38/90 205/38/196 196/35/185 97/35/98 
f 85/30/89 190/30/178 205/38/196 86/38/90 
f 210/43/202 211/42/203 212/42/204 213/43/205 
f 213/43/205 212/42/204 214/74/206 215/75/59 
f 216/43/207 217/42/208 218/42/209 219/43/210 
f 219/43/210 218/42/209 220/74/60 221/75/64 
f 217/42/208 222/41/116 223/41/211 218/42/209 
f 218/42/209 223/41/211 224/76/57 220/74/60 
f 225/41/212 226/44/213 227/44/214 228/41/215 
f 228/41/215 227/44/214 229/77/64 230/76/61 
f 231/44/216 210/43/202 213/43/205 232/44/217 
f 232/44/217 213/43/205 215/75/59 233/77/64 
f 226/44/213 216/43/207 219/43/210 227/44/214 
f 227/44/214 219/43/210 221/75/64 229/77/64 
f 222/41/116 231/44/216 232/44/217 223/41/211 
f 223/41/211 232/44/217 233/77/64 224/76/57 
f 211/42/203 225/41/212 228/41/215 212/42/204 
f 212/42/204 228/41/215 230/76/61 214/74/206 
f 210/43/202 113/43/112 110/42/109 211/42/203 
f 231/44/216 115/44/114 113/43/112 210/43/202 
f 222/41/116 117/41/116 115/44/114 231/44/216 
f 217/42/208 119/42/118 117/41/116 222/41/116 
f 216/43/207 121/43/120 119/42/118 217/42/208 
f 226/44/213 123/44/122 121/43/120 216/43/207 
f 225/41/212 109/41/108 123/44/122 226/44/213 
f 211/42/203 110/42/109 109/41/108 225/41/212 
f 220/74/60 224/76/57 194/68/183 193/67/182 
f 221/75/64 220/74/60 193/67/182 201/70/192 
f 229/77/64 221/75/64 201/70/192 209/73/201 
f 230/76/61 229/77/64 209/73/201 204/68/195 
f 214/74/206 230/76/61 204/68/195 199/71/189 
f 215/75/59 214/74/206 199/71/189 198/70/188 
f 233/77/64 215/75/59 198/70/188 206/73/198 
f 224/76/57 233/77/64 206/73/198 194/68/183 
f 234/78/218 235/79/173 236/5/219 237/2/220 
f 237/2/220 236/5/219 238/5/221 239/2/222 
f 240/78/172 241/79/173 242/5/223 243/2/224 
f 243/2/224 242/5/223 244/5/225 245/2/226 
f 245/2/226 246/1/227 247/1/228 243/2/224 
f 243/2/224 247/1/228 248/80/176 240/78/172 
f 249/81/229 250/80/176 251/1/230 252/7/231 
f 252/7/231 251/1/230 253/1/232 254/7/233 
f 235/79/173 255/81/234 256/7/235 236/5/219 
f 236/5/219 256/7/235 257/7/236 238/5/221 
f 241/79/173 249/81/229 252/7/231 242/5/223 
f 242/5/223 252/7/231 254/7/233 244/5/225 
f 255/81/234 248/80/176 247/1/228 256/7/235 
f 256/7/235 247/1/228 246/1/227 257/7/236 
f 250/80/176 234/78/218 237/2/220 251/1/230 
f 251/1/230 237/2/220 239/2/222 253/1/232 
f 246/1/227 1/1/1 15/7/15 257/7/236 
f 245/2/226 2/2/2 1/1/1 246/1/227 
f 244/5/225 5/5/5 2/2/2 245/2/226 
f 254/7/233 7/7/7 5/5/5 244/5/225 
f 253/1/232 9/1/9 7/7/7 254/7/233 
f 239/2/222 11/2/11 9/1/9 253/1/232 
f 238/5/221 13/5/13 11/2/11 239/2/222 
f 257/7/236 15/7/15 13/5/13 238/5/221 
f 77/34/75 80/33/82 248/80/176 255/81/234 
f 78/37/76 77/34/75 255/81/234 235/79/173 
f 82/40/85 78/37/76 235/79/173 234/78/218 
f 75/33/69 82/40/85 234/78/218 250/80/176 
f 74/34/70 75/33/69 250/80/176 249/81/229 
f 79/37/79 74/34/70 249/81/229 241/79/173 
f 84/40/88 79/37/79 241/79/173 240/78/172 
f 80/33/82 84/40/88 240/78/172 248/80/176 
f 258/1/237 259/4/238 260/3/239 261/2/240 
f 261/2/240 260/3/239 262/6/241 263/5/242 
f 263/5/242 262/6/241 264/8/243 265/7/244 
f 265/7/244 264/8/243 266/4/245 267/1/246 
f 267/1/246 266/4/245 268/3/247 269/2/248 
f 269/2/248 268/3/247 270/6/249 271/5/250 
f 271/5/250 270/6/249 272/8/251 273/7/252 
f 273/7/252 272/8/251 259/4/238 258/1/237 
f 262/6/241 274/10/253 275/9/254 264/8/243 
f 264/8/243 275/9/254 276/11/255 266/4/245 
f 266/4/245 276/11/255 277/12/256 268/3/247 
f 268/3/247 277/12/256 278/10/257 270/6/249 
f 270/6/249 278/10/257 279/9/258 272/8/251 
f 272/8/251 279/9/258 280/11/259 259/4/238 
f 259/4/238 280/11/259 281/12/260 260/3/239 
f 260/3/239 281/12/260 274/10/253 262/6/241 
f 280/11/259 282/13/261 283/12/262 281/12/260 
f 281/12/260 283/12/262 284/14/263 274/10/253 
f 274/10/253 284/14/263 285/15/264 275/9/254 
f 275/9/254 285/15/264 286/13/265 276/11/255 
f 276/11/255 286/13/265 287/12/266 277/12/256 
f 277/12/256 287/12/266 288/14/267 278/10/257 
f 278/10/257 288/14/267 289/15/268 279/9/258 
f 279/9/258 289/15/268 282/13/261 280/11/259 
f 282/13/261 290/13/269 291/12/270 283/12/262 
f 283/12/262 291/12/270 292/14/271 284/14/263 
f 284/14/263 292/14/271 293/15/272 285/15/264 
f 285/15/264 293/15/272 294/13/273 286/13/265 
f 286/13/265 294/13/273 295/12/274 287/12/266 
f 287/12/266 295/12/274 296/14/275 288/14/267 
f 288/14/267 296/14/275 297/15/276 289/15/268 
f 289/15/268 297/15/276 290/13/269 282/13/261 
f 293/15/272 298/15/277 299/13/278 294/13/273 
f 294/13/273 299/13/278 300/12/279 295/12/274 
f 295/12/274 300/12/279 301/14/280 296/14/275 
f 296/14/275 301/14/280 302/15/281 297/15/276 
f 297/15/276 302/15/281 303/13/282 290/13/269 
f 290/13/269 303/13/282 304/12/283 291/12/270 
f 291/12/270 304/12/283 305/14/284 292/14/271 
f 292/14/271 305/14/284 298/15/277 293/15/272 
f 298/15/277 306/17/285 307/16/286 299/13/278 
f 299/13/278 307/16/286 308/18/287 300/12/279 
f 300/12/279 308/18/287 309/19/288 301/14/280 
f 301/14/280 309/19/288 310/17/289 302/15/281 
f 302/15/281 310/17/289 311/16/290 303/13/282 
f 303/13/282 311/16/290 312/18/291 304/12/283 
f 304/12/283 312/18/291 313/19/292 305/14/284 
f 305/14/284 313/19/292 306/17/285 298/15/277 
f 311/16/290 314/21/293 315/20/294 312/18/291 
f 312/18/291 315/20/294 316/22/295 313/19/292 
f 313/19/292 316/22/295 317/23/296 306/17/285 
f 306/17/285 317/23/296 318/21/297 307/16/286 
f 307/16/286 318/21/297 319/20/298 308/18/287 
f 308/18/287 319/20/298 320/22/299 309/19/288 
f 309/19/288 320/22/299 321/23/296 310/17/289 
f 310/17/289 321/23/296 314/21/293 311/16/290 
f 314/21/293 322/25/296 323/24/300 315/20/294 
f 315/20/294 323/24/300 324/26/295 316/22/295 
f 316/22/295 324/26/295 325/27/300 317/23/296 
f 317/23/296 325/27/300 326/25/296 318/21/297 
f 318/21/297 326/25/296 327/24/297 319/20/298 
f 319/20/298 327/24/297 328/26/295 320/22/299 
f 320/22/299 328/26/295 329/27/300 321/23/296 
f 321/23/296 329/27/300 322/25/296 314/21/293 
f 330/28/294 323/24/300 322/25/296 329/27/300 
f 330/28/294 325/27/300 324/26/295 323/24/300 
f 330/28/294 329/27/300 328/26/295 327/24/297 
f 330/28/294 327/24/297 326/25/296 325/27/300 
f 331/29/301 331/32/302 332/31/303 332/30/304 
f 331/32/302 331/34/305 332/33/306 332/31/303 
f 333/35/307 333/36/308 334/32/309 334/29/310 
f 333/36/308 335/37/311 334/34/312 334/32/309 
f 336/35/313 336/36/314 331/32/302 331/29/301 
f 336/36/314 336/37/315 331/34/305 331/32/302 
f 334/29/310 334/32/309 337/31/316 337/30/317 
f 334/32/309 334/34/312 337/33/318 337/31/316 
f 332/30/304 332/31/303 338/39/319 338/38/320 
f 332/31/303 332/33/306 339/40/321 338/39/319 
f 338/38/320 338/39/319 333/36/308 333/35/307 
f 338/39/319 339/40/321 335/37/311 333/36/308 
f 340/38/322 340/39/323 336/36/314 336/35/313 
f 340/39/323 341/40/324 336/37/315 336/36/314 
f 337/30/317 337/31/316 340/39/323 340/38/322 
f 337/31/316 337/33/318 341/40/324 340/39/323 
f 342/30/325 343/30/326 344/38/327 345/38/327 
f 343/30/326 346/30/326 347/38/328 344/38/327 
f 348/35/329 349/35/330 350/29/331 351/29/332 
f 349/35/330 352/35/333 353/29/331 350/29/331 
f 345/38/327 344/38/327 354/35/334 355/35/335 
f 344/38/327 347/38/328 356/35/336 354/35/334 
f 355/35/335 354/35/334 357/29/337 358/29/338 
f 354/35/334 356/35/336 359/29/339 357/29/337 
f 358/29/338 357/29/337 360/30/340 361/30/341 
f 357/29/337 359/29/339 362/30/340 360/30/340 
f 361/30/341 360/30/340 363/38/342 364/38/343 
f 360/30/340 362/30/340 365/38/342 363/38/342 
f 364/38/343 363/38/342 349/35/330 348/35/329 
f 363/38/342 365/38/342 352/35/333 349/35/330 
f 351/29/332 350/29/331 343/30/326 342/30/325 
f 350/29/331 353/29/331 346/30/326 343/30/326 
f 337/30/317 346/30/326 353/29/331 334/29/310 
f 334/29/310 353/29/331 352/35/333 333/35/307 
f 333/35/307 352/35/333 365/38/342 338/38/320 
f 338/38/320 365/38/342 362/30/340 332/30/304 
f 332/30/304 362/30/340 359/29/339 331/29/301 
f 331/29/301 359/29/339 356/35/336 336/35/313 
f 336/35/313 356/35/336 347/38/328 340/38/322 
f 340/38/322 347/38/328 346/30/326 337/30/317 
f 366/41/344 367/41/345 368/42/346 369/42/347 
f 369/42/347 368/42/346 370/43/348 371/43/349 
f 371/43/349 370/43/348 372/44/350 373/44/351 
f 373/44/351 372/44/350 374/41/352 375/41/353 
f 375/41/353 374/41/352 376/42/354 377/42/355 
f 377/42/355 376/42/354 378/43/356 379/43/357 
f 379/43/357 378/43/356 380/44/358 381/44/359 
f 381/44/359 380/44/358 367/41/345 366/41/344 
f 376/42/354 382/46/360 383/45/361 378/43/356 
f 378/43/356 383/45/361 384/47/362 380/44/358 
f 380/44/358 384/47/362 385/48/363 367/41/345 
f 367/41/345 385/48/363 386/46/364 368/42/346 
f 368/42/346 386/46/364 387/45/365 370/43/348 
f 370/43/348 387/45/365 388/47/366 372/44/350 
f 372/44/350 388/47/366 389/48/367 374/41/352 
f 374/41/352 389/48/367 382/46/360 376/42/354 
f 385/48/363 390/50/368 391/49/369 386/46/364 
f 386/46/364 391/49/369 392/51/370 387/45/365 
f 387/45/365 392/51/370 393/52/371 388/47/366 
f 388/47/366 393/52/371 394/50/372 389/48/367 
f 389/48/367 394/50/372 395/49/373 382/46/360 
f 382/46/360 395/49/373 396/51/374 383/45/361 
f 383/45/361 396/51/374 397/52/375 384/47/362 
f 384/47/362 397/52/375 390/50/368 385/48/363 
f 391/49/369 398/54/376 399/53/377 392/51/370 
f 392/51/370 399/53/377 400/52/378 393/52/371 
f 393/52/371 400/52/378 401/55/379 394/50/372 
f 394/50/372 401/55/379 402/54/380 395/49/373 
f 395/49/373 402/54/380 403/53/381 396/51/374 
f 396/51/374 403/53/381 404/52/382 397/52/375 
f 397/52/375 404/52/382 405/55/383 390/50/368 
f 390/50/368 405/55/383 398/54/376 391/49/369 
f 400/52/378 406/52/384 407/55/385 401/55/379 
f 401/55/379 407/55/385 408/54/386 402/54/380 
f 402/54/380 408/54/386 409/53/387 403/53/381 
f 403/53/381 409/53/387 410/52/388 404/52/382 
f 404/52/382 410/52/388 411/55/389 405/55/383 
f 405/55/383 411/55/389 412/54/390 398/54/376 
f 398/54/376 412/54/390 413/53/391 399/53/377 
f 399/53/377 413/53/391 406/52/384 400/52/378 
f 413/53/391 414/53/392 415/52/393 406/52/384 
f 406/52/384 415/52/393 416/55/394 407/55/385 
f 407/55/385 416/55/394 417/54/386 408/54/386 
f 408/54/386 417/54/386 418/53/395 409/53/387 
f 409/53/387 418/53/395 419/52/396 410/52/388 
f 410/52/388 419/52/396 420/55/397 411/55/389 
f 411/55/389 420/55/397 421/54/398 412/54/390 
f 412/54/390 421/54/398 414/53/392 413/53/391 
f 421/54/398 422/54/399 423/53/400 414/53/392 
f 414/53/392 423/53/400 424/52/401 415/52/393 
f 415/52/393 424/52/401 425/55/402 416/55/394 
f 416/55/394 425/55/402 426/54/403 417/54/386 
f 417/54/386 426/54/403 427/53/404 418/53/395 
f 418/53/395 427/53/404 428/52/405 419/52/396 
f 419/52/396 428/52/405 429/55/406 420/55/397 
f 420/55/397 429/55/406 422/54/399 421/54/398 
f 424/52/401 430/57/407 431/56/408 425/55/402 
f 425/55/402 431/56/408 432/58/409 426/54/403 
f 426/54/403 432/58/409 433/59/409 427/53/404 
f 427/53/404 433/59/409 434/57/410 428/52/405 
f 428/52/405 434/57/410 435/56/411 429/55/406 
f 429/55/406 435/56/411 436/58/409 422/54/399 
f 422/54/399 436/58/409 437/59/409 423/53/400 
f 423/53/400 437/59/409 430/57/407 424/52/401 
f 437/59/409 438/61/412 439/60/409 430/57/407 
f 430/57/407 439/60/409 440/62/410 431/56/408 
f 431/56/408 440/62/410 441/63/407 432/58/409 
f 432/58/409 441/63/407 442/61/413 433/59/409 
f 433/59/409 442/61/413 443/60/413 434/57/410 
f 434/57/410 443/60/413 444/62/409 435/56/411 
f 435/56/411 444/62/409 445/63/407 436/58/409 
f 436/58/409 445/63/407 438/61/412 437/59/409 
f 446/64/410 438/61/412 445/63/407 444/62/409 
f 446/64/410 442/61/413 441/63/407 440/62/410 
f 446/64/410 440/62/410 439/60/409 438/61/412 
f 446/64/410 444/62/409 443/60/413 442/61/413 
f 447/30/414 447/66/415 448/65/416 449/29/417 
f 447/66/415 450/68/418 451/67/419 448/65/416 
f 452/29/420 452/65/421 453/69/422 454/35/423 
f 452/65/421 455/71/424 456/70/425 453/69/422 
f 449/29/417 448/65/416 457/69/426 457/35/427 
f 448/65/416 451/67/419 458/70/428 457/69/426 
f 459/30/429 460/66/430 452/65/421 452/29/420 
f 460/66/430 461/68/431 455/71/424 452/65/421 
f 462/38/432 463/72/433 447/66/415 447/30/414 
f 463/72/433 463/73/434 450/68/418 447/66/415 
f 454/35/423 453/69/422 463/72/433 462/38/432 
f 453/69/422 456/70/425 463/73/434 463/72/433 
f 457/35/427 457/69/426 464/72/435 465/38/436 
f 457/69/426 458/70/428 466/73/437 464/72/435 
f 465/38/436 464/72/435 460/66/430 459/30/429 
f 464/72/435 466/73/437 461/68/431 460/66/430 
f 351/29/332 342/30/325 447/30/414 449/29/417 
f 348/35/329 351/29/332 449/29/417 457/35/427 
f 364/38/343 348/35/329 457/35/427 465/38/436 
f 361/30/341 364/38/343 465/38/436 459/30/429 
f 358/29/338 361/30/341 459/30/429 452/29/420 
f 355/35/335 358/29/338 452/29/420 454/35/423 
f 345/38/327 355/35/335 454/35/423 462/38/432 
f 342/30/325 345/38/327 462/38/432 447/30/414 
f 467/43/438 468/43/439 469/42/440 470/42/441 
f 468/43/439 471/75/295 472/74/442 469/42/440 
f 473/43/443 474/43/444 475/42/445 476/42/446 
f 474/43/444 477/75/300 478/74/296 475/42/445 
f 476/42/446 475/42/445 479/41/447 480/41/353 
f 475/42/445 478/74/296 481/76/294 479/41/447 
f 482/41/448 483/41/449 484/44/450 485/44/451 
f 483/41/449 486/76/297 487/77/300 484/44/450 
f 488/44/452 489/44/453 468/43/439 467/43/438 
f 489/44/453 490/77/300 471/75/295 468/43/439 
f 485/44/451 484/44/450 474/43/444 473/43/443 
f 484/44/450 487/77/300 477/75/300 474/43/444 
f 480/41/353 479/41/447 489/44/453 488/44/452 
f 479/41/447 481/76/294 490/77/300 489/44/453 
f 470/42/441 469/42/440 483/41/449 482/41/448 
f 469/42/440 472/74/442 486/76/297 483/41/449 
f 467/43/438 470/42/441 369/42/347 371/43/349 
f 488/44/452 467/43/438 371/43/349 373/44/351 
f 480/41/353 488/44/452 373/44/351 375/41/353 
f 476/42/446 480/41/353 375/41/353 377/42/355 
f 473/43/443 476/42/446 377/42/355 379/43/357 
f 485/44/451 473/43/443 379/43/357 381/44/359 
f 482/41/448 485/44/451 381/44/359 366/41/344 
f 470/42/441 482/41/448 366/41/344 369/42/347 
f 478/74/296 451/67/419 450/68/418 481/76/294 
f 477/75/300 458/70/428 451/67/419 478/74/296 
f 487/77/300 466/73/437 458/70/428 477/75/300 
f 486/76/297 461/68/431 466/73/437 487/77/300 
f 472/74/442 455/71/424 461/68/431 486/76/297 
f 471/75/295 456/70/425 455/71/424 472/74/442 
f 490/77/300 463/73/434 456/70/425 471/75/295 
f 481/76/294 450/68/418 463/73/434 490/77/300 
f 491/78/454 492/2/455 493/5/456 494/79/409 
f 492/2/455 495/2/457 496/5/458 493/5/456 
f 497/78/407 498/2/459 499/5/460 500/79/409 
f 498/2/459 501/2/461 502/5/462 499/5/460 
f 501/2/461 498/2/459 503/1/463 504/1/464 
f 498/2/459 497/78/407 505/80/412 503/1/463 
f 506/81/465 507/7/466 508/1/467 509/80/412 
f 507/7/466 510/7/468 511/1/469 508/1/467 
f 494/79/409 493/5/456 512/7/470 513/81/471 
f 493/5/456 496/5/458 514/7/472 512/7/470 
f 500/79/409 499/5/460 507/7/466 506/81/465 
f 499/5/460 502/5/462 510/7/468 507/7/466 
f 513/81/471 512/7/470 503/1/463 505/80/412 
f 512/7/470 514/7/472 504/1/464 503/1/463 
f 509/80/412 508/1/467 492/2/455 491/78/454 
f 508/1/467 511/1/469 495/2/457 492/2/455 
f 504/1/464 514/7/472 273/7/252 258/1/237 
f 501/2/461 504/1/464 258/1/237 261/2/240 
f 502/5/462 501/2/461 261/2/240 263/5/242 
f 510/7/468 502/5/462 263/5/242 265/7/244 
f 511/1/469 510/7/468 265/7/244 267/1/246 
f 495/2/457 511/1/469 267/1/246 269/2/248 
f 496/5/458 495/2/457 269/2/248 271/5/250 
f 514/7/472 496/5/458 271/5/250 273/7/252 
f 334/34/312 513/81/471 505/80/412 337/33/318 
f 335/37/311 494/79/409 513/81/471 334/34/312 
f 339/40/321 491/78/454 494/79/409 335/37/311 
f 332/33/306 509/80/412 491/78/454 339/40/321 
f 331/34/305 506/81/465 509/80/412 332/33/306 
f 336/37/315 500/79/409 506/81/465 331/34/305 
f 341/40/324 497/78/407 500/79/409 336/37/315 
f 337/33/318 505/80/412 497/78/407 341/40/324 
f 515/30/473 516/29/474 517/29/475 518/30/476 
f 516/29/474 519/35/477 520/35/478 517/29/475 
f 519/35/477 521/38/479 522/38/480 520/35/478 
f 521/38/479 523/30/481 524/30/482 522/38/480 
f 523/30/481 525/29/483 526/29/484 524/30/482 
f 525/29/483 527/35/485 528/35/486 526/29/484 
f 527/35/485 529/38/107 530/38/487 528/35/486 
f 529/38/107 515/30/473 518/30/476 530/38/487 
f 518/30/476 517/29/475 531/82/488 532/83/488 
f 517/29/475 520/35/478 533/84/488 531/82/488 
f 520/35/478 522/38/480 534/85/488 533/84/488 
f 522/38/480 524/30/482 535/83/488 534/85/488 
f 524/30/482 526/29/484 536/82/488 535/83/488 
f 526/29/484 528/35/486 537/84/488 536/82/488 
f 528/35/486 530/38/487 538/85/488 537/84/488 
f 530/38/487 518/30/476 532/83/488 538/85/488 
f 533/84/488 534/85/488 539/86/488 531/82/488 
f 534/85/488 535/83/488 536/82/488 539/86/488 
f 537/84/488 538/85/488 539/86/488 536/82/488 
f 538/85/488 532/83/488 531/82/488 539/86/488 
f 540/1/489 541/2/490 542/3/491 543/4/492 
f 541/2/490 544/5/493 545/6/494 542/3/491 
f 544/5/493 546/7/495 547/8/496 545/6/494 
f 546/7/495 548/1/497 549/4/498 547/8/496 
f 548/1/497 550/2/499 551/3/500 549/4/498 
f 550/2/499 552/5/501 553/6/502 551/3/500 
f 552/5/501 554/7/503 555/8/504 553/6/502 
f 554/7/503 540/1/489 543/4/492 555/8/504 
f 545/6/494 547/8/496 556/9/505 557/10/506 
f 547/8/496 549/4/498 558/11/507 556/9/505 
f 549/4/498 551/3/500 559/12/508 558/11/507 
f 551/3/500 553/6/502 560/10/509 559/12/508 
f 553/6/502 555/8/504 561/9/510 560/10/509 
f 555/8/504 543/4/492 562/11/511 561/9/510 
f 543/4/492 542/3/491 563/12/512 562/11/511 
f 542/3/491 545/6/494 557/10/506 563/12/512 
f 562/11/511 563/12/512 564/12/513 565/13/514 
f 563/12/512 557/10/506 566/14/515 564/12/513 
f 557/10/506 556/9/505 567/15/516 566/14/515 
f 556/9/505 558/11/507 568/13/517 567/15/516 
f 558/11/507 559/12/508 569/12/518 568/13/517 
f 559/12/508 560/10/509 570/14/519 569/12/518 
f 560/10/509 561/9/510 571/15/520 570/14/519 
f 561/9/510 562/11/511 565/13/514 571/15/520 
f 565/13/514 564/12/513 572/12/33 573/13/521 
f 564/12/513 566/14/515 574/14/522 572/12/33 
f 566/14/515 567/15/516 575/15/523 574/14/522 
f 567/15/516 568/13/517 576/13/524 575/15/523 
f 568/13/517 569/12/518 577/12/525 576/13/524 
f 569/12/518 570/14/519 578/14/526 577/12/525 
f 570/14/519 571/15/520 579/15/527 578/14/526 
f 571/15/520 565/13/514 573/13/521 579/15/527 
f 575/15/523 576/13/524 580/13/528 581/15/529 
f 576/13/524 577/12/525 582/12/530 580/13/528 
f 577/12/525 578/14/526 583/14/531 582/12/530 
f 578/14/526 579/15/527 584/15/532 583/14/531 
f 579/15/527 573/13/521 585/13/533 584/15/532 
f 573/13/521 572/12/33 586/12/534 585/13/533 
f 572/12/33 574/14/522 587/14/535 586/12/534 
f 574/14/522 575/15/523 581/15/529 587/14/535 
f 581/15/529 580/13/528 588/16/536 589/17/537 
f 580/13/528 582/12/530 590/18/538 588/16/536 
f 582/12/530 583/14/531 591/19/539 590/18/538 
f 583/14/531 584/15/532 592/17/540 591/19/539 
f 584/15/532 585/13/533 593/16/541 592/17/540 
f 585/13/533 586/12/534 594/18/542 593/16/541 
f 586/12/534 587/14/535 595/19/543 594/18/542 
f 587/14/535 581/15/529 589/17/537 595/19/543 
f 593/16/541 594/18/542 596/20/544 597/21/544 
f 594/18/542 595/19/543 598/22/544 596/20/544 
f 595/19/543 589/17/537 599/23/544 598/22/544 
f 589/17/537 588/16/536 600/21/544 599/23/544 
f 588/16/536 590/18/538 601/20/544 600/21/544 
f 590/18/538 591/19/539 602/22/544 601/20/544 
f 591/19/539 592/17/540 603/23/544 602/22/544 
f 592/17/540 593/16/541 597/21/544 603/23/544 
f 597/21/544 596/20/544 604/24/544 605/25/544 
f 596/20/544 598/22/544 606/26/544 604/24/544 
f 598/22/544 599/23/544 607/27/544 606/26/544 
f 599/23/544 600/21/544 608/25/544 607/27/544 
f 600/21/544 601/20/544 609/24/544 608/25/544 
f 601/20/544 602/22/544 610/26/544 609/24/544 
f 602/22/544 603/23/544 611/27/544 610/26/544 
f 603/23/544 597/21/544 605/25/544 611/27/544 
f 612/28/544 611/27/544 605/25/544 604/24/544 
f 612/28/544 604/24/544 606/26/544 607/27/544 
f 612/28/544 609/24/544 610/26/544 611/27/544 
f 612/28/544 607/27/544 608/25/544 609/24/544 
f 613/29/545 614/30/546 615/87/547 616/88/548 
f 616/88/548 615/87/547 615/89/549 616/90/550 
f 617/30/551 618/38/552 619/91/553 620/87/554 
f 620/87/554 619/91/553 621/92/555 622/89/556 
f 618/38/552 623/35/557 624/93/558 619/91/553 
f 619/91/553 624/93/558 625/94/559 621/92/555 
f 626/38/560 627/35/561 628/93/562 629/91/563 
f 629/91/563 628/93/562 630/94/564 629/92/565 
f 614/30/546 626/38/560 629/91/563 615/87/547 
f 615/87/547 629/91/563 629/92/565 615/89/549 
f 631/29/566 617/30/551 620/87/554 632/88/567 
f 632/88/567 620/87/554 622/89/556 633/90/568 
f 623/35/557 613/29/545 616/88/548 624/93/558 
f 624/93/558 616/88/548 616/90/550 625/94/559 
f 627/35/561 631/29/566 632/88/567 628/93/562 
f 628/93/562 632/88/567 633/90/568 630/94/564 
f 634/35/477 635/29/474 636/29/474 637/35/477 
f 637/35/477 636/29/474 638/29/474 639/35/477 
f 640/38/479 634/35/477 637/35/477 641/38/479 
f 641/38/479 637/35/477 639/35/477 642/38/479 
f 643/30/481 640/38/479 641/38/479 644/30/481 
f 644/30/481 641/38/479 642/38/479 645/30/481 
f 635/29/474 646/30/473 647/30/473 636/29/474 
f 636/29/474 647/30/473 648/30/473 638/29/474 
f 649/29/483 643/30/481 644/30/481 650/29/483 
f 650/29/483 644/30/481 645/30/481 651/29/483 
f 652/35/485 649/29/483 650/29/483 653/35/485 
f 653/35/485 650/29/483 651/29/483 654/35/485 
f 655/38/107 652/35/485 653/35/485 656/38/107 
f 656/38/107 653/35/485 654/35/485 657/38/107 
f 646/30/473 655/38/107 656/38/107 647/30/473 
f 647/30/473 656/38/107 657/38/107 648/30/473 
f 643/30/481 649/29/483 525/29/483 523/30/481 
f 614/30/546 613/29/545 651/29/483 645/30/481 
f 649/29/483 652/35/485 527/35/485 525/29/483 
f 613/29/545 623/35/557 654/35/485 651/29/483 
f 652/35/485 655/38/107 529/38/107 527/35/485 
f 623/35/557 618/38/552 657/38/107 654/35/485 
f 655/38/107 646/30/473 515/30/473 529/38/107 
f 618/38/552 617/30/551 648/30/473 657/38/107 
f 646/30/473 635/29/474 516/29/474 515/30/473 
f 617/30/551 631/29/566 638/29/474 648/30/473 
f 635/29/474 634/35/477 519/35/477 516/29/474 
f 631/29/566 627/35/561 639/35/477 638/29/474 
f 634/35/477 640/38/479 521/38/479 519/35/477 
f 627/35/561 626/38/560 642/38/479 639/35/477 
f 640/38/479 643/30/481 523/30/481 521/38/479 
f 626/38/560 614/30/546 645/30/481 642/38/479 
f 658/1/569 659/7/570 660/7/571 661/1/572 
f 661/1/572 660/7/571 662/81/573 663/95/574 
f 664/7/575 665/5/576 666/5/577 667/7/578 
f 667/7/578 666/5/577 668/79/579 669/81/580 
f 659/7/570 670/5/581 671/5/582 660/7/571 
f 660/7/571 671/5/582 672/79/583 662/81/573 
f 673/1/584 664/7/575 667/7/578 674/1/585 
f 674/1/585 667/7/578 669/81/580 675/80/586 
f 676/2/587 658/1/569 661/1/572 677/2/588 
f 677/2/588 661/1/572 663/95/574 678/78/589 
f 665/5/576 676/2/587 677/2/588 666/5/577 
f 666/5/577 677/2/588 678/78/589 668/79/579 
f 670/5/581 679/2/590 680/2/591 671/5/582 
f 671/5/582 680/2/591 681/78/592 672/79/583 
f 679/2/590 673/1/584 674/1/585 680/2/591 
f 680/2/591 674/1/585 675/80/586 681/78/592 
f 658/1/569 540/1/489 554/7/503 659/7/570 
f 676/2/587 541/2/490 540/1/489 658/1/569 
f 665/5/576 544/5/493 541/2/490 676/2/587 
f 664/7/575 546/7/495 544/5/493 665/5/576 
f 673/1/584 548/1/497 546/7/495 664/7/575 
f 679/2/590 550/2/499 548/1/497 673/1/584 
f 670/5/581 552/5/501 550/2/499 679/2/590 
f 659/7/570 554/7/503 552/5/501 670/5/581 
f 616/90/550 615/89/549 663/95/574 662/81/573 
f 625/94/559 616/90/550 662/81/573 672/79/583 
f 621/92/555 625/94/559 672/79/583 681/78/592 
f 622/89/556 621/92/555 681/78/592 675/80/586 
f 633/90/568 622/89/556 675/80/586 669/81/580 
f 630/94/564 633/90/568 669/81/580 668/79/579 
f 629/92/565 630/94/564 668/79/579 678/78/589 
f 615/89/549 629/92/565 678/78/589 663/95/574 
f 682/30/473 683/30/593 684/29/594 685/29/474 
f 685/29/474 684/29/594 686/35/595 687/35/477 
f 687/35/477 686/35/595 688/38/596 689/38/479 
f 689/38/479 688/38/596 690/30/597 691/30/481 
f 691/30/481 690/30/597 692/29/598 693/29/483 
f 693/29/483 692/29/598 694/35/599 695/35/485 
f 695/35/485 694/35/599 696/38/600 697/38/107 
f 697/38/107 696/38/600 683/30/593 682/30/473 
f 683/30/593 698/83/544 699/82/544 684/29/594 
f 684/29/594 699/82/544 700/84/544 686/35/595 
f 686/35/595 700/84/544 701/85/544 688/38/596 
f 688/38/596 701/85/544 702/83/544 690/30/597 
f 690/30/597 702/83/544 703/82/544 692/29/598 
f 692/29/598 703/82/544 704/84/544 694/35/599 
f 694/35/599 704/84/544 705/85/544 696/38/600 
f 696/38/600 705/85/544 698/83/544 683/30/593 
f 700/84/544 699/82/544 706/86/544 701/85/544 
f 701/85/544 706/86/544 703/82/544 702/83/544 
f 704/84/544 703/82/544 706/86/544 705/85/544 
f 705/85/544 706/86/544 699/82/544 698/83/544 
f 707/1/601 708/4/602 709/3/603 710/2/604 
f 710/2/604 709/3/603 711/6/605 712/5/606 
f 712/5/606 711/6/605 713/8/607 714/7/608 
f 714/7/608 713/8/607 715/4/609 716/1/610 
f 716/1/610 715/4/609 717/3/611 718/2/612 
f 718/2/612 717/3/611 719/6/613 720/5/614 
f 720/5/614 719/6/613 721/8/615 722/7/616 
f 722/7/616 721/8/615 708/4/602 707/1/601 
f 711/6/605 723/10/617 724/9/618 713/8/607 
f 713/8/607 724/9/618 725/11/619 715/4/609 
f 715/4/609 725/11/619 726/12/620 717/3/611 
f 717/3/611 726/12/620 727/10/621 719/6/613 
f 719/6/613 727/10/621 728/9/622 721/8/615 
f 721/8/615 728/9/622 729/11/623 708/4/602 
f 708/4/602 729/11/623 730/12/624 709/3/603 
f 709/3/603 730/12/624 723/10/617 711/6/605 
f 729/11/623 731/13/625 732/12/626 730/12/624 
f 730/12/624 732/12/626 733/14/627 723/10/617 
f 723/10/617 733/14/627 734/15/628 724/9/618 
f 724/9/618 734/15/628 735/13/629 725/11/619 
f 725/11/619 735/13/629 736/12/630 726/12/620 
f 726/12/620 736/12/630 737/14/631 727/10/621 
f 727/10/621 737/14/631 738/15/632 728/9/622 
f 728/9/622 738/15/632 731/13/625 729/11/623 
f 731/13/625 739/13/521 740/12/33 732/12/626 
f 732/12/626 740/12/33 741/14/522 733/14/627 
f 733/14/627 741/14/522 742/15/523 734/15/628 
f 734/15/628 742/15/523 743/13/524 735/13/629 
f 735/13/629 743/13/524 744/12/525 736/12/630 
f 736/12/630 744/12/525 745/14/526 737/14/631 
f 737/14/631 745/14/526 746/15/527 738/15/632 
f 738/15/632 746/15/527 739/13/521 731/13/625 
f 742/15/523 747/15/633 748/13/634 743/13/524 
f 743/13/524 748/13/634 749/12/635 744/12/525 
f 744/12/525 749/12/635 750/14/636 745/14/526 
f 745/14/526 750/14/636 751/15/637 746/15/527 
f 746/15/527 751/15/637 752/13/638 739/13/521 
f 739/13/521 752/13/638 753/12/639 740/12/33 
f 740/12/33 753/12/639 754/14/640 741/14/522 
f 741/14/522 754/14/640 747/15/633 742/15/523 
f 747/15/633 755/17/641 756/16/642 748/13/634 
f 748/13/634 756/16/642 757/18/643 749/12/635 
f 749/12/635 757/18/643 758/19/644 750/14/636 
f 750/14/636 758/19/644 759/17/645 751/15/637 
f 751/15/637 759/17/645 760/16/646 752/13/638 
f 752/13/638 760/16/646 761/18/647 753/12/639 
f 753/12/639 761/18/647 762/19/648 754/14/640 
f 754/14/640 762/19/648 755/17/641 747/15/633 
f 760/16/646 763/21/488 764/20/488 761/18/647 
f 761/18/647 764/20/488 765/22/488 762/19/648 
f 762/19/648 765/22/488 766/23/488 755/17/641 
f 755/17/641 766/23/488 767/21/488 756/16/642 
f 756/16/642 767/21/488 768/20/488 757/18/643 
f 757/18/643 768/20/488 769/22/488 758/19/644 
f 758/19/644 769/22/488 770/23/488 759/17/645 
f 759/17/645 770/23/488 763/21/488 760/16/646 
f 763/21/488 771/25/488 772/24/488 764/20/488 
f 764/20/488 772/24/488 773/26/488 765/22/488 
f 765/22/488 773/26/488 774/27/488 766/23/488 
f 766/23/488 774/27/488 775/25/488 767/21/488 
f 767/21/488 775/25/488 776/24/488 768/20/488 
f 768/20/488 776/24/488 777/26/488 769/22/488 
f 769/22/488 777/26/488 778/27/488 770/23/488 
f 770/23/488 778/27/488 771/25/488 763/21/488 
f 779/28/488 772/24/488 771/25/488 778/27/488 
f 779/28/488 774/27/488 773/26/488 772/24/488 
f 779/28/488 778/27/488 777/26/488 776/24/488 
f 779/28/488 776/24/488 775/25/488 774/27/488 
f 780/29/649 781/88/650 782/87/651 783/30/652 
f 781/88/650 781/90/653 782/89/654 782/87/651 
f 784/30/655 785/87/656 786/91/657 787/38/658 
f 785/87/656 788/89/659 789/92/660 786/91/657 
f 787/38/658 786/91/657 790/93/661 791/35/662 
f 786/91/657 789/92/660 792/94/663 790/93/661 
f 793/38/664 794/91/665 795/93/666 796/35/667 
f 794/91/665 794/92/668 797/94/669 795/93/666 
f 783/30/652 782/87/651 794/91/665 793/38/664 
f 782/87/651 782/89/654 794/92/668 794/91/665 
f 798/29/670 799/88/671 785/87/656 784/30/655 
f 799/88/671 800/90/672 788/89/659 785/87/656 
f 791/35/662 790/93/661 781/88/650 780/29/649 
f 790/93/661 792/94/663 781/90/653 781/88/650 
f 796/35/667 795/93/666 799/88/671 798/29/670 
f 795/93/666 797/94/669 800/90/672 799/88/671 
f 801/35/477 802/35/477 803/29/474 804/29/474 
f 802/35/477 805/35/477 806/29/474 803/29/474 
f 807/38/479 808/38/479 802/35/477 801/35/477 
f 808/38/479 809/38/479 805/35/477 802/35/477 
f 810/30/481 811/30/481 808/38/479 807/38/479 
f 811/30/481 812/30/481 809/38/479 808/38/479 
f 804/29/474 803/29/474 813/30/473 814/30/473 
f 803/29/474 806/29/474 815/30/473 813/30/473 
f 816/29/483 817/29/483 811/30/481 810/30/481 
f 817/29/483 818/29/483 812/30/481 811/30/481 
f 819/35/485 820/35/485 817/29/483 816/29/483 
f 820/35/485 821/35/485 818/29/483 817/29/483 
f 822/38/107 823/38/107 820/35/485 819/35/485 
f 823/38/107 824/38/107 821/35/485 820/35/485 
f 814/30/473 813/30/473 823/38/107 822/38/107 
f 813/30/473 815/30/473 824/38/107 823/38/107 
f 810/30/481 691/30/481 693/29/483 816/29/483 
f 783/30/652 812/30/481 818/29/483 780/29/649 
f 816/29/483 693/29/483 695/35/485 819/35/485 
f 780/29/649 818/29/483 821/35/485 791/35/662 
f 819/35/485 695/35/485 697/38/107 822/38/107 
f 791/35/662 821/35/485 824/38/107 787/38/658 
f 822/38/107 697/38/107 682/30/473 814/30/473 
f 787/38/658 824/38/107 815/30/473 784/30/655 
f 814/30/473 682/30/473 685/29/474 804/29/474 
f 784/30/655 815/30/473 806/29/474 798/29/670 
f 804/29/474 685/29/474 687/35/477 801/35/477 
f 798/29/670 806/29/474 805/35/477 796/35/667 
f 801/35/477 687/35/477 689/38/479 807/38/479 
f 796/35/667 805/35/477 809/38/479 793/38/664 
f 807/38/479 689/38/479 691/30/481 810/30/481 
f 793/38/664 809/38/479 812/30/481 783/30/652 
f 825/1/673 826/1/674 827/7/675 828/7/676 
f 826/1/674 829/95/677 830/81/678 827/7/675 
f 831/7/679 832/7/680 833/5/681 834/5/682 
f 832/7/680 835/81/683 836/79/684 833/5/681 
f 828/7/676 827/7/675 837/5/685 838/5/686 
f 827/7/675 830/81/678 839/79/687 837/5/685 
f 840/1/688 841/1/689 832/7/680 831/7/679 
f 841/1/689 842/80/690 835/81/683 832/7/680 
f 843/2/691 844/2/692 826/1/674 825/1/673 
f 844/2/692 845/78/693 829/95/677 826/1/674 
f 834/5/682 833/5/681 844/2/692 843/2/691 
f 833/5/681 836/79/684 845/78/693 844/2/692 
f 838/5/686 837/5/685 846/2/694 847/2/695 
f 837/5/685 839/79/687 848/78/696 846/2/694 
f 847/2/695 846/2/694 841/1/689 840/1/688 
f 846/2/694 848/78/696 842/80/690 841/1/689 
f 825/1/673 828/7/676 722/7/616 707/1/601 
f 843/2/691 825/1/673 707/1/601 710/2/604 
f 834/5/682 843/2/691 710/2/604 712/5/606 
f 831/7/679 834/5/682 712/5/606 714/7/608 
f 840/1/688 831/7/679 714/7/608 716/1/610 
f 847/2/695 840/1/688 716/1/610 718/2/612 
f 838/5/686 847/2/695 718/2/612 720/5/614 
f 828/7/676 838/5/686 720/5/614 722/7/616 
f 781/90/653 830/81/678 829/95/677 782/89/654 
f 792/94/663 839/79/687 830/81/678 781/90/653 
f 789/92/660 848/78/696 839/79/687 792/94/663 
f 788/89/659 842/80/690 848/78/696 789/92/660 
f 800/90/672 835/81/683 842/80/690 788/89/659 
f 797/94/669 836/79/684 835/81/683 800/90/672 
f 794/92/668 845/78/693 836/79/684 797/94/669 
f 782/89/654 829/95/677 845/78/693 794/92/668 
usemtl Kitchen_Chair_Pipes
f 849/96/697 850/97/697 851/98/698 852/99/698 
f 850/97/697 853/100/697 854/101/698 851/98/698 
f 853/100/697 855/102/697 856/103/698 854/101/698 
f 855/102/697 857/104/697 858/105/698 856/103/698 
f 852/99/698 851/98/698 859/106/699 860/107/699 
f 851/98/698 854/101/698 861/108/699 859/106/699 
f 854/101/698 856/103/698 862/109/699 861/108/699 
f 856/103/698 858/105/698 863/110/699 862/109/699 
f 860/107/699 859/106/699 864/111/700 865/112/700 
f 859/106/699 861/108/699 866/113/700 864/111/700 
f 861/108/699 862/109/699 867/114/700 866/113/700 
f 862/109/699 863/110/699 868/115/700 867/114/700 
f 865/112/700 864/111/700 869/116/701 870/117/701 
f 864/111/700 866/113/700 871/118/701 869/116/701 
f 866/113/700 867/114/700 872/119/701 871/118/701 
f 867/114/700 868/115/700 873/120/701 872/119/701 
f 870/117/701 869/116/701 874/121/702 875/122/702 
f 869/116/701 871/118/701 876/123/702 874/121/702 
f 871/118/701 872/119/701 877/124/702 876/123/702 
f 872/119/701 873/120/701 878/125/702 877/124/702 
f 875/122/702 874/121/702 879/126/703 880/127/703 
f 874/121/702 876/123/702 881/128/703 879/126/703 
f 876/123/702 877/124/702 882/129/703 881/128/703 
f 877/124/702 878/125/702 883/130/703 882/129/703 
f 880/127/703 879/126/703 884/131/704 885/132/704 
f 879/126/703 881/128/703 886/133/704 884/131/704 
f 881/128/703 882/129/703 887/134/704 886/133/704 
f 882/129/703 883/130/703 888/135/704 887/134/704 
f 885/132/704 884/131/704 850/97/697 849/96/697 
f 884/131/704 886/133/704 853/100/697 850/97/697 
f 886/133/704 887/134/704 855/102/697 853/100/697 
f 887/134/704 888/135/704 857/104/697 855/102/697 
f 889/136/697 849/96/697 852/99/698 890/137/698 
f 891/138/698 858/105/698 857/104/697 892/139/697 
f 890/137/698 852/99/698 860/107/699 893/140/699 
f 894/141/699 863/110/699 858/105/698 891/138/698 
f 893/140/699 860/107/699 865/112/700 895/142/700 
f 896/143/700 868/115/700 863/110/699 894/141/699 
f 895/142/700 865/112/700 870/117/701 897/144/701 
f 898/145/701 873/120/701 868/115/700 896/143/700 
f 897/144/701 870/117/701 875/122/702 899/146/702 
f 900/147/702 878/125/702 873/120/701 898/145/701 
f 899/146/702 875/122/702 880/127/703 901/148/703 
f 902/149/703 883/130/703 878/125/702 900/147/702 
f 901/148/703 880/127/703 885/132/704 903/150/704 
f 904/151/704 888/135/704 883/130/703 902/149/703 
f 903/150/704 885/132/704 849/96/697 889/136/697 
f 892/139/697 857/104/697 888/135/704 904/151/704 
f 905/1/705 906/1/706 907/1/544 908/1/544 
f 906/1/706 909/1/706 910/1/544 907/1/544 
f 909/1/706 911/1/706 912/1/544 910/1/544 
f 911/1/706 913/1/706 914/1/544 912/1/544 
f 913/1/706 915/1/706 916/1/544 914/1/544 
f 915/1/706 917/1/706 918/1/544 916/1/544 
f 917/1/706 919/1/706 920/1/544 918/1/544 
f 919/1/706 921/1/707 922/1/708 920/1/544 
f 921/1/707 923/1/709 924/1/710 922/1/708 
f 923/1/709 925/1/711 926/1/712 924/1/710 
f 927/1/488 928/1/488 929/1/713 930/1/714 
f 928/1/488 931/1/488 932/1/713 929/1/713 
f 931/1/488 933/1/488 934/1/713 932/1/713 
f 933/1/488 935/1/488 936/1/713 934/1/713 
f 935/1/488 937/1/488 938/1/713 936/1/713 
f 937/1/488 939/1/488 940/1/713 938/1/713 
f 939/1/488 941/1/488 942/1/713 940/1/713 
f 941/1/488 943/1/715 944/1/716 942/1/713 
f 943/1/715 945/1/717 946/1/718 944/1/716 
f 945/1/717 947/1/719 948/1/720 946/1/718 
f 949/1/721 950/1/721 906/1/706 905/1/705 
f 950/1/721 951/1/722 909/1/706 906/1/706 
f 951/1/722 952/1/722 911/1/706 909/1/706 
f 952/1/722 953/1/722 913/1/706 911/1/706 
f 953/1/722 954/1/722 915/1/706 913/1/706 
f 954/1/722 955/1/722 917/1/706 915/1/706 
f 955/1/722 956/1/721 919/1/706 917/1/706 
f 956/1/721 957/1/723 921/1/707 919/1/706 
f 957/1/723 958/1/724 923/1/709 921/1/707 
f 958/1/724 959/1/725 925/1/711 923/1/709 
f 908/1/544 907/1/544 960/1/726 961/1/727 
f 907/1/544 910/1/544 962/1/727 960/1/726 
f 910/1/544 912/1/544 963/1/727 962/1/727 
f 912/1/544 914/1/544 964/1/727 963/1/727 
f 914/1/544 916/1/544 965/1/727 964/1/727 
f 916/1/544 918/1/544 966/1/727 965/1/727 
f 918/1/544 920/1/544 967/1/726 966/1/727 
f 920/1/544 922/1/708 968/1/728 967/1/726 
f 922/1/708 924/1/710 969/1/729 968/1/728 
f 924/1/710 926/1/712 970/1/730 969/1/729 
f 930/1/714 929/1/713 950/1/721 949/1/721 
f 929/1/713 932/1/713 951/1/722 950/1/721 
f 932/1/713 934/1/713 952/1/722 951/1/722 
f 934/1/713 936/1/713 953/1/722 952/1/722 
f 936/1/713 938/1/713 954/1/722 953/1/722 
f 938/1/713 940/1/713 955/1/722 954/1/722 
f 940/1/713 942/1/713 956/1/721 955/1/722 
f 942/1/713 944/1/716 957/1/723 956/1/721 
f 944/1/716 946/1/718 958/1/724 957/1/723 
f 946/1/718 948/1/720 959/1/725 958/1/724 
f 961/1/727 960/1/726 971/1/731 972/1/731 
f 960/1/726 962/1/727 973/1/731 971/1/731 
f 962/1/727 963/1/727 974/1/731 973/1/731 
f 963/1/727 964/1/727 975/1/731 974/1/731 
f 964/1/727 965/1/727 976/1/731 975/1/731 
f 965/1/727 966/1/727 977/1/732 976/1/731 
f 966/1/727 967/1/726 978/1/732 977/1/732 
f 967/1/726 968/1/728 979/1/733 978/1/732 
f 968/1/728 969/1/729 980/1/734 979/1/733 
f 969/1/729 970/1/730 981/1/735 980/1/734 
f 972/1/731 971/1/731 982/1/736 983/1/737 
f 971/1/731 973/1/731 984/1/737 982/1/736 
f 973/1/731 974/1/731 985/1/737 984/1/737 
f 974/1/731 975/1/731 986/1/737 985/1/737 
f 975/1/731 976/1/731 987/1/737 986/1/737 
f 976/1/731 977/1/732 988/1/737 987/1/737 
f 977/1/732 978/1/732 989/1/736 988/1/737 
f 978/1/732 979/1/733 990/1/738 989/1/736 
f 979/1/733 980/1/734 991/1/739 990/1/738 
f 980/1/734 981/1/735 992/1/740 991/1/739 
f 983/1/737 982/1/736 928/1/488 927/1/488 
f 982/1/736 984/1/737 931/1/488 928/1/488 
f 984/1/737 985/1/737 933/1/488 931/1/488 
f 985/1/737 986/1/737 935/1/488 933/1/488 
f 986/1/737 987/1/737 937/1/488 935/1/488 
f 987/1/737 988/1/737 939/1/488 937/1/488 
f 988/1/737 989/1/736 941/1/488 939/1/488 
f 989/1/736 990/1/738 943/1/715 941/1/488 
f 990/1/738 991/1/739 945/1/717 943/1/715 
f 991/1/739 992/1/740 947/1/719 945/1/717 
f 993/152/741 994/153/742 995/86/743 996/154/744 
f 997/152/745 998/153/746 999/86/747 1000/154/748 
f 994/152/742 1001/153/749 1002/86/750 995/154/743 
f 998/152/746 993/153/741 996/86/744 999/154/747 
f 1001/152/749 1003/153/751 1004/86/752 1002/154/750 
f 1003/152/751 1005/153/753 1006/86/754 1004/154/752 
f 1007/152/755 997/153/745 1000/86/748 1008/154/756 
f 1005/152/753 1007/153/755 1008/86/756 1006/154/754 
f 925/1/711 1009/1/757 1010/1/758 926/1/712 
f 947/1/719 1011/1/759 1012/1/760 948/1/720 
f 959/1/725 1013/1/761 1009/1/757 925/1/711 
f 926/1/712 1010/1/758 1014/1/762 970/1/730 
f 948/1/720 1012/1/760 1013/1/761 959/1/725 
f 970/1/730 1014/1/762 1015/1/763 981/1/735 
f 981/1/735 1015/1/763 1016/1/764 992/1/740 
f 992/1/740 1016/1/764 1011/1/759 947/1/719 
f 1000/86/748 1017/1/765 1018/1/766 1008/154/756 
f 1017/1/765 1014/1/762 1010/1/758 1018/1/766 
f 1004/86/752 1019/1/767 1020/1/768 1002/154/750 
f 1019/1/767 1013/1/761 1012/1/760 1020/1/768 
f 1008/86/756 1018/1/766 1021/1/769 1006/154/754 
f 1018/1/766 1010/1/758 1009/1/757 1021/1/769 
f 996/86/744 1022/1/770 1023/1/771 999/154/747 
f 1022/1/770 1016/1/764 1015/1/763 1023/1/771 
f 1006/86/754 1021/1/769 1019/1/767 1004/154/752 
f 1021/1/769 1009/1/757 1013/1/761 1019/1/767 
f 995/86/743 1024/1/772 1022/1/770 996/154/744 
f 1024/1/772 1011/1/759 1016/1/764 1022/1/770 
f 1002/86/750 1020/1/768 1024/1/772 995/154/743 
f 1020/1/768 1012/1/760 1011/1/759 1024/1/772 
f 999/86/747 1023/1/771 1017/1/765 1000/154/748 
f 1023/1/771 1015/1/763 1014/1/762 1017/1/765 
f 1025/1/773 1026/1/774 1027/1/775 1028/1/776 
f 1029/1/777 1030/1/778 1031/1/779 1032/1/780 
f 1028/1/776 1027/1/775 1033/1/781 1034/1/782 
f 1035/1/783 1036/1/784 1026/1/774 1025/1/773 
f 1034/1/782 1033/1/781 1030/1/778 1029/1/777 
f 1037/1/785 1038/1/786 1036/1/784 1035/1/783 
f 1039/1/787 1040/1/788 1038/1/786 1037/1/785 
f 1032/1/780 1031/1/779 1040/1/788 1039/1/787 
f 1037/1/785 1035/1/783 1041/1/789 1042/1/790 
f 1035/1/783 1025/1/773 1043/1/791 1041/1/789 
f 1025/1/773 1028/1/776 1044/1/792 1043/1/791 
f 1028/1/776 1034/1/782 1045/1/793 1044/1/792 
f 1034/1/782 1029/1/777 1046/1/794 1045/1/793 
f 1029/1/777 1032/1/780 1047/1/795 1046/1/794 
f 1032/1/780 1039/1/787 1048/1/796 1047/1/795 
f 1039/1/787 1037/1/785 1042/1/790 1048/1/796 
f 1048/1/796 1049/1/797 1050/1/798 1047/1/795 
f 1047/1/795 1050/1/798 1051/1/799 1046/1/794 
f 1049/1/797 1041/1/789 1043/1/791 1050/1/798 
f 1050/1/798 1043/1/791 1044/1/792 1051/1/799 
f 1045/1/793 1046/1/794 1051/1/799 1044/1/792 
f 1042/1/790 1041/1/789 1049/1/797 1048/1/796 
f 1052/1/800 1007/1/755 1005/1/753 1053/1/801 
f 1054/1/802 1001/1/749 994/1/742 1055/1/803 
f 1056/1/804 1053/1/801 1057/1/805 1058/1/806 
f 1053/1/801 1005/1/753 1003/1/751 1057/1/805 
f 1059/1/807 997/1/745 1007/1/755 1052/1/800 
f 1058/1/806 1057/1/805 1054/1/802 1060/1/808 
f 1057/1/805 1003/1/751 1001/1/749 1054/1/802 
f 1061/1/809 1062/1/810 1059/1/807 1063/1/811 
f 1062/1/810 998/1/746 997/1/745 1059/1/807 
f 1064/1/812 1065/1/813 1062/1/810 1061/1/809 
f 1065/1/813 993/1/741 998/1/746 1062/1/810 
f 1055/1/803 994/1/742 993/1/741 1065/1/813 
f 1026/1/774 1066/1/814 1067/1/815 1027/1/775 
f 1030/1/778 1068/1/816 1069/1/817 1031/1/779 
f 1027/1/775 1067/1/815 1070/1/818 1033/1/781 
f 1067/1/815 1056/1/804 1058/1/806 1070/1/818 
f 1036/1/784 1071/1/819 1066/1/814 1026/1/774 
f 1033/1/781 1070/1/818 1068/1/816 1030/1/778 
f 1070/1/818 1058/1/806 1060/1/808 1068/1/816 
f 1038/1/786 1072/1/820 1071/1/819 1036/1/784 
f 1072/1/820 1061/1/809 1063/1/811 1071/1/819 
f 1040/1/788 1073/1/821 1072/1/820 1038/1/786 
f 1073/1/821 1064/1/812 1061/1/809 1072/1/820 
f 1031/1/779 1069/1/817 1073/1/821 1040/1/788 
f 1069/1/817 1068/1/816 1074/1/822 1075/1/823 
f 1068/1/816 1060/1/808 1076/1/824 1074/1/822 
f 1060/1/808 1054/1/802 1077/1/825 1076/1/824 
f 1054/1/802 1055/1/803 1078/1/826 1077/1/825 
f 1055/1/803 1065/1/813 1079/1/827 1078/1/826 
f 1065/1/813 1064/1/812 1080/1/828 1079/1/827 
f 1064/1/812 1073/1/821 1081/1/829 1080/1/828 
f 1073/1/821 1069/1/817 1075/1/823 1081/1/829 
f 1080/1/828 1081/1/829 1082/1/488 1083/1/488 
f 1081/1/829 1075/1/823 1084/1/488 1082/1/488 
f 1075/1/823 1074/1/822 1085/1/488 1084/1/488 
f 1074/1/822 1076/1/824 1086/1/488 1085/1/488 
f 1076/1/824 1077/1/825 1087/1/488 1086/1/488 
f 1077/1/825 1078/1/826 1088/1/488 1087/1/488 
f 1078/1/826 1079/1/827 1089/1/488 1088/1/488 
f 1079/1/827 1080/1/828 1083/1/488 1089/1/488 
f 1086/1/488 1087/1/488 1090/1/830 1091/1/831 
f 1087/1/488 1088/1/488 1092/1/832 1090/1/830 
f 1088/1/488 1089/1/488 1093/1/833 1092/1/832 
f 1089/1/488 1083/1/488 1094/1/834 1093/1/833 
f 1083/1/488 1082/1/488 1095/1/835 1094/1/834 
f 1082/1/488 1084/1/488 1096/1/836 1095/1/835 
f 1084/1/488 1085/1/488 1097/1/837 1096/1/836 
f 1085/1/488 1086/1/488 1091/1/831 1097/1/837 
f 1091/1/831 1090/1/830 1098/1/838 1099/1/839 
f 1090/1/830 1092/1/832 1100/1/840 1098/1/838 
f 1092/1/832 1093/1/833 1101/1/841 1100/1/840 
f 1093/1/833 1094/1/834 1102/1/842 1101/1/841 
f 1094/1/834 1095/1/835 1103/1/843 1102/1/842 
f 1095/1/835 1096/1/836 1104/1/844 1103/1/843 
f 1096/1/836 1097/1/837 1105/1/845 1104/1/844 
f 1097/1/837 1091/1/831 1099/1/839 1105/1/845 
f 1106/1/846 1107/1/544 1108/1/544 1109/1/847 
f 1109/1/847 1108/1/544 1110/1/544 1111/1/848 
f 1111/1/848 1110/1/544 1112/1/544 1113/1/849 
f 1113/1/849 1112/1/544 1114/1/544 1115/1/850 
f 1115/1/850 1114/1/544 1116/1/544 1117/1/851 
f 1117/1/851 1116/1/544 1118/1/544 1119/1/852 
f 1119/1/852 1118/1/544 1120/1/544 1121/1/853 
f 1121/1/853 1120/1/544 1107/1/544 1106/1/846 
f 1114/1/544 1122/1/854 1123/1/855 1116/1/544 
f 1116/1/544 1123/1/855 1124/1/856 1118/1/544 
f 1118/1/544 1124/1/856 1125/1/857 1120/1/544 
f 1120/1/544 1125/1/857 1126/1/858 1107/1/544 
f 1107/1/544 1126/1/858 1127/1/859 1108/1/544 
f 1108/1/544 1127/1/859 1128/1/860 1110/1/544 
f 1110/1/544 1128/1/860 1129/1/861 1112/1/544 
f 1112/1/544 1129/1/861 1122/1/854 1114/1/544 
f 1122/1/854 1130/1/862 1131/1/863 1123/1/855 
f 1123/1/855 1131/1/863 1132/1/864 1124/1/856 
f 1124/1/856 1132/1/864 1133/1/865 1125/1/857 
f 1125/1/857 1133/1/865 1134/1/866 1126/1/858 
f 1126/1/858 1134/1/866 1135/1/867 1127/1/859 
f 1127/1/859 1135/1/867 1136/1/868 1128/1/860 
f 1128/1/860 1136/1/868 1137/1/869 1129/1/861 
f 1129/1/861 1137/1/869 1130/1/862 1122/1/854 
f 1113/1/849 1067/1/815 1066/1/814 1111/1/848 
f 1109/1/847 1111/1/848 1066/1/814 1071/1/819 
f 1117/1/851 1053/1/801 1056/1/804 1115/1/850 
f 1113/1/849 1115/1/850 1056/1/804 1067/1/815 
f 1121/1/853 1106/1/846 1063/1/811 1059/1/807 
f 1117/1/851 1119/1/852 1052/1/800 1053/1/801 
f 1121/1/853 1059/1/807 1052/1/800 1119/1/852 
f 1109/1/847 1071/1/819 1063/1/811 1106/1/846 
f 1136/1/868 1104/1/844 1105/1/845 1137/1/869 
f 1132/1/864 1100/1/840 1101/1/841 1133/1/865 
f 1135/1/867 1103/1/843 1104/1/844 1136/1/868 
f 1099/1/839 1098/1/838 1131/1/863 1130/1/862 
f 1098/1/838 1100/1/840 1132/1/864 1131/1/863 
f 1101/1/841 1102/1/842 1134/1/866 1133/1/865 
f 1105/1/845 1099/1/839 1130/1/862 1137/1/869 
f 1102/1/842 1103/1/843 1135/1/867 1134/1/866 
f 1138/96/697 1139/97/697 1140/98/698 1141/99/698 
f 1139/97/697 1142/100/697 1143/101/698 1140/98/698 
f 1142/100/697 1144/102/697 1145/103/698 1143/101/698 
f 1144/102/697 1146/104/697 1147/105/698 1145/103/698 
f 1141/99/698 1140/98/698 1148/106/699 1149/107/699 
f 1140/98/698 1143/101/698 1150/108/699 1148/106/699 
f 1143/101/698 1145/103/698 1151/109/699 1150/108/699 
f 1145/103/698 1147/105/698 1152/110/699 1151/109/699 
f 1149/107/699 1148/106/699 1153/111/700 1154/112/700 
f 1148/106/699 1150/108/699 1155/113/700 1153/111/700 
f 1150/108/699 1151/109/699 1156/114/700 1155/113/700 
f 1151/109/699 1152/110/699 1157/115/700 1156/114/700 
f 1154/112/700 1153/111/700 1158/116/701 1159/117/701 
f 1153/111/700 1155/113/700 1160/118/701 1158/116/701 
f 1155/113/700 1156/114/700 1161/119/701 1160/118/701 
f 1156/114/700 1157/115/700 1162/120/701 1161/119/701 
f 1159/117/701 1158/116/701 1163/121/702 1164/122/702 
f 1158/116/701 1160/118/701 1165/123/702 1163/121/702 
f 1160/118/701 1161/119/701 1166/124/702 1165/123/702 
f 1161/119/701 1162/120/701 1167/125/702 1166/124/702 
f 1164/122/702 1163/121/702 1168/126/703 1169/127/703 
f 1163/121/702 1165/123/702 1170/128/703 1168/126/703 
f 1165/123/702 1166/124/702 1171/129/703 1170/128/703 
f 1166/124/702 1167/125/702 1172/130/703 1171/129/703 
f 1169/127/703 1168/126/703 1173/131/704 1174/132/704 
f 1168/126/703 1170/128/703 1175/133/704 1173/131/704 
f 1170/128/703 1171/129/703 1176/134/704 1175/133/704 
f 1171/129/703 1172/130/703 1177/135/704 1176/134/704 
f 1174/132/704 1173/131/704 1139/97/697 1138/96/697 
f 1173/131/704 1175/133/704 1142/100/697 1139/97/697 
f 1175/133/704 1176/134/704 1144/102/697 1142/100/697 
f 1176/134/704 1177/135/704 1146/104/697 1144/102/697 
f 1178/136/697 1138/96/697 1141/99/698 1179/137/698 
f 1180/138/698 1147/105/698 1146/104/697 1181/139/697 
f 1179/137/698 1141/99/698 1149/107/699 1182/140/699 
f 1183/141/699 1152/110/699 1147/105/698 1180/138/698 
f 1182/140/699 1149/107/699 1154/112/700 1184/142/700 
f 1185/143/700 1157/115/700 1152/110/699 1183/141/699 
f 1184/142/700 1154/112/700 1159/117/701 1186/144/701 
f 1187/145/701 1162/120/701 1157/115/700 1185/143/700 
f 1186/144/701 1159/117/701 1164/122/702 1188/146/702 
f 1189/147/702 1167/125/702 1162/120/701 1187/145/701 
f 1188/146/702 1164/122/702 1169/127/703 1190/148/703 
f 1191/149/703 1172/130/703 1167/125/702 1189/147/702 
f 1190/148/703 1169/127/703 1174/132/704 1192/150/704 
f 1193/151/704 1177/135/704 1172/130/703 1191/149/703 
f 1192/150/704 1174/132/704 1138/96/697 1178/136/697 
f 1181/139/697 1146/104/697 1177/135/704 1193/151/704 
f 1194/1/870 1195/1/871 1196/1/872 1197/1/873 
f 1195/1/871 1198/1/874 1199/1/875 1196/1/872 
f 1198/1/874 1200/1/876 1201/1/877 1199/1/875 
f 1200/1/876 1202/1/878 1203/1/879 1201/1/877 
f 1202/1/878 1204/1/880 1205/1/881 1203/1/879 
f 1204/1/880 1206/1/882 1207/1/883 1205/1/881 
f 1206/1/882 1208/1/884 1209/1/885 1207/1/883 
f 1208/1/884 1194/1/870 1197/1/873 1209/1/885 
f 1197/1/873 1196/1/872 1210/1/886 1211/1/887 
f 1196/1/872 1199/1/875 1212/1/888 1210/1/886 
f 1199/1/875 1201/1/877 1213/1/889 1212/1/888 
f 1201/1/877 1203/1/879 1214/1/890 1213/1/889 
f 1203/1/879 1205/1/881 1215/1/891 1214/1/890 
f 1205/1/881 1207/1/883 1216/1/892 1215/1/891 
f 1207/1/883 1209/1/885 1217/1/893 1216/1/892 
f 1209/1/885 1197/1/873 1211/1/887 1217/1/893 
f 1218/1/894 1219/1/895 1220/1/896 1221/1/897 
f 1219/1/895 1222/1/898 1223/1/899 1220/1/896 
f 1222/1/898 1224/1/900 1225/1/901 1223/1/899 
f 1224/1/900 1226/1/902 1227/1/903 1225/1/901 
f 1226/1/902 1228/1/904 1229/1/905 1227/1/903 
f 1228/1/904 1230/1/906 1231/1/907 1229/1/905 
f 1230/1/906 1232/1/908 1233/1/909 1231/1/907 
f 1232/1/908 1218/1/894 1221/1/897 1233/1/909 
f 1221/1/897 1220/1/896 1234/1/910 1235/1/544 
f 1220/1/896 1223/1/899 1236/1/899 1234/1/910 
f 1223/1/899 1225/1/901 1237/1/911 1236/1/899 
f 1225/1/901 1227/1/903 1238/1/488 1237/1/911 
f 1227/1/903 1229/1/905 1239/1/912 1238/1/488 
f 1229/1/905 1231/1/907 1240/1/907 1239/1/912 
f 1231/1/907 1233/1/909 1241/1/913 1240/1/907 
f 1233/1/909 1221/1/897 1235/1/544 1241/1/913 
f 1235/1/544 1234/1/910 1242/1/910 1243/1/544 
f 1234/1/910 1236/1/899 1244/1/899 1242/1/910 
f 1236/1/899 1237/1/911 1245/1/911 1244/1/899 
f 1237/1/911 1238/1/488 1246/1/488 1245/1/911 
f 1238/1/488 1239/1/912 1247/1/912 1246/1/488 
f 1239/1/912 1240/1/907 1248/1/907 1247/1/912 
f 1240/1/907 1241/1/913 1249/1/913 1248/1/907 
f 1241/1/913 1235/1/544 1243/1/544 1249/1/913 
f 1243/1/544 1242/1/910 1250/1/910 1251/1/544 
f 1242/1/910 1244/1/899 1252/1/899 1250/1/910 
f 1244/1/899 1245/1/911 1253/1/911 1252/1/899 
f 1245/1/911 1246/1/488 1254/1/488 1253/1/911 
f 1246/1/488 1247/1/912 1255/1/912 1254/1/488 
f 1247/1/912 1248/1/907 1256/1/907 1255/1/912 
f 1248/1/907 1249/1/913 1257/1/913 1256/1/907 
f 1249/1/913 1243/1/544 1251/1/544 1257/1/913 
f 1251/1/544 1250/1/910 1258/1/914 1259/1/544 
f 1250/1/910 1252/1/899 1260/1/915 1258/1/914 
f 1252/1/899 1253/1/911 1261/1/916 1260/1/915 
f 1253/1/911 1254/1/488 1262/1/488 1261/1/916 
f 1254/1/488 1255/1/912 1263/1/917 1262/1/488 
f 1255/1/912 1256/1/907 1264/1/918 1263/1/917 
f 1256/1/907 1257/1/913 1265/1/919 1264/1/918 
f 1257/1/913 1251/1/544 1259/1/544 1265/1/919 
f 1259/1/544 1258/1/914 1266/1/920 1267/1/544 
f 1258/1/914 1260/1/915 1268/1/921 1266/1/920 
f 1260/1/915 1261/1/916 1269/1/922 1268/1/921 
f 1261/1/916 1262/1/488 1270/1/488 1269/1/922 
f 1262/1/488 1263/1/917 1271/1/923 1270/1/488 
f 1263/1/917 1264/1/918 1272/1/924 1271/1/923 
f 1264/1/918 1265/1/919 1273/1/925 1272/1/924 
f 1265/1/919 1259/1/544 1267/1/544 1273/1/925 
f 1274/1/926 1267/1/544 1266/1/920 1275/1/927 
f 1275/1/927 1266/1/920 1268/1/921 1276/1/928 
f 1276/1/928 1268/1/921 1269/1/922 1277/1/929 
f 1277/1/929 1269/1/922 1270/1/488 1278/1/488 
f 1278/1/488 1270/1/488 1271/1/923 1279/1/930 
f 1279/1/930 1271/1/923 1272/1/924 1280/1/931 
f 1280/1/931 1272/1/924 1273/1/925 1281/1/932 
f 1281/1/932 1273/1/925 1267/1/544 1274/1/926 
f 1275/1/927 1282/1/933 1283/1/544 1274/1/926 
f 1282/1/933 1284/1/934 1285/1/544 1283/1/544 
f 1276/1/928 1286/1/935 1282/1/933 1275/1/927 
f 1286/1/935 1287/1/936 1284/1/934 1282/1/933 
f 1277/1/929 1288/1/937 1286/1/935 1276/1/928 
f 1288/1/937 1289/1/938 1287/1/936 1286/1/935 
f 1278/1/488 1290/1/488 1288/1/937 1277/1/929 
f 1290/1/488 1291/1/488 1289/1/938 1288/1/937 
f 1279/1/930 1292/1/939 1290/1/488 1278/1/488 
f 1292/1/939 1293/1/940 1291/1/488 1290/1/488 
f 1280/1/931 1294/1/941 1292/1/939 1279/1/930 
f 1294/1/941 1295/1/942 1293/1/940 1292/1/939 
f 1281/1/932 1296/1/943 1294/1/941 1280/1/931 
f 1296/1/943 1297/1/944 1295/1/942 1294/1/941 
f 1274/1/926 1283/1/544 1296/1/943 1281/1/932 
f 1283/1/544 1285/1/544 1297/1/944 1296/1/943 
f 1298/1/945 1299/1/946 1300/1/947 1301/1/948 
f 1301/1/948 1300/1/947 1302/1/949 1303/1/950 
f 1303/1/950 1302/1/949 1304/1/951 1305/1/952 
f 1305/1/952 1304/1/951 1306/1/953 1307/1/954 
f 1307/1/954 1306/1/953 1308/1/955 1309/1/956 
f 1309/1/956 1308/1/955 1310/1/957 1311/1/958 
f 1311/1/958 1310/1/957 1312/1/959 1313/1/960 
f 1313/1/960 1312/1/959 1299/1/946 1298/1/945 
f 1299/1/946 1314/1/961 1315/1/962 1300/1/947 
f 1300/1/947 1315/1/962 1316/1/963 1302/1/949 
f 1302/1/949 1316/1/963 1317/1/964 1304/1/951 
f 1304/1/951 1317/1/964 1318/1/965 1306/1/953 
f 1306/1/953 1318/1/965 1319/1/966 1308/1/955 
f 1308/1/955 1319/1/966 1320/1/967 1310/1/957 
f 1310/1/957 1320/1/967 1321/1/968 1312/1/959 
f 1312/1/959 1321/1/968 1314/1/961 1299/1/946 
f 1314/1/961 1322/1/969 1323/1/970 1315/1/962 
f 1315/1/962 1323/1/970 1324/1/971 1316/1/963 
f 1316/1/963 1324/1/971 1325/1/972 1317/1/964 
f 1317/1/964 1325/1/972 1326/1/973 1318/1/965 
f 1318/1/965 1326/1/973 1327/1/974 1319/1/966 
f 1319/1/966 1327/1/974 1328/1/975 1320/1/967 
f 1320/1/967 1328/1/975 1329/1/976 1321/1/968 
f 1321/1/968 1329/1/976 1322/1/969 1314/1/961 
f 1322/1/969 1330/1/977 1331/1/978 1323/1/970 
f 1323/1/970 1331/1/978 1332/1/979 1324/1/971 
f 1324/1/971 1332/1/979 1333/1/980 1325/1/972 
f 1325/1/972 1333/1/980 1334/1/981 1326/1/973 
f 1326/1/973 1334/1/981 1335/1/982 1327/1/974 
f 1327/1/974 1335/1/982 1336/1/983 1328/1/975 
f 1328/1/975 1336/1/983 1337/1/984 1329/1/976 
f 1329/1/976 1337/1/984 1330/1/977 1322/1/969 
f 1330/1/977 1338/1/985 1339/1/986 1331/1/978 
f 1331/1/978 1339/1/986 1340/1/987 1332/1/979 
f 1332/1/979 1340/1/987 1341/1/988 1333/1/980 
f 1333/1/980 1341/1/988 1342/1/989 1334/1/981 
f 1334/1/981 1342/1/989 1343/1/990 1335/1/982 
f 1335/1/982 1343/1/990 1344/1/991 1336/1/983 
f 1336/1/983 1344/1/991 1345/1/992 1337/1/984 
f 1337/1/984 1345/1/992 1338/1/985 1330/1/977 
f 1338/1/985 1346/1/993 1347/1/994 1339/1/986 
f 1339/1/986 1347/1/994 1348/1/995 1340/1/987 
f 1340/1/987 1348/1/995 1349/1/996 1341/1/988 
f 1341/1/988 1349/1/996 1350/1/997 1342/1/989 
f 1342/1/989 1350/1/997 1351/1/998 1343/1/990 
f 1343/1/990 1351/1/998 1352/1/999 1344/1/991 
f 1344/1/991 1352/1/999 1353/1/1000 1345/1/992 
f 1345/1/992 1353/1/1000 1346/1/993 1338/1/985 
f 1346/1/993 1354/1/1001 1355/1/1002 1347/1/994 
f 1347/1/994 1355/1/1002 1356/1/1003 1348/1/995 
f 1348/1/995 1356/1/1003 1357/1/1004 1349/1/996 
f 1349/1/996 1357/1/1004 1358/1/1005 1350/1/997 
f 1350/1/997 1358/1/1005 1359/1/1006 1351/1/998 
f 1351/1/998 1359/1/1006 1360/1/1007 1352/1/999 
f 1352/1/999 1360/1/1007 1361/1/1008 1353/1/1000 
f 1353/1/1000 1361/1/1008 1354/1/1001 1346/1/993 
f 1354/1/1001 1202/1/878 1200/1/876 1355/1/1002 
f 1355/1/1002 1200/1/876 1198/1/874 1356/1/1003 
f 1356/1/1003 1198/1/874 1195/1/871 1357/1/1004 
f 1357/1/1004 1195/1/871 1194/1/870 1358/1/1005 
f 1358/1/1005 1194/1/870 1208/1/884 1359/1/1006 
f 1359/1/1006 1208/1/884 1206/1/882 1360/1/1007 
f 1360/1/1007 1206/1/882 1204/1/880 1361/1/1008 
f 1361/1/1008 1204/1/880 1202/1/878 1354/1/1001 
f 1309/1/956 1362/1/1009 1363/1/1010 1307/1/954 
f 1307/1/954 1363/1/1010 1364/1/1011 1305/1/952 
f 1305/1/952 1364/1/1011 1365/1/1012 1303/1/950 
f 1303/1/950 1365/1/1012 1366/1/1013 1301/1/948 
f 1301/1/948 1366/1/1013 1367/1/1014 1298/1/945 
f 1298/1/945 1367/1/1014 1368/1/1015 1313/1/960 
f 1313/1/960 1368/1/1015 1369/1/1016 1311/1/958 
f 1311/1/958 1369/1/1016 1362/1/1009 1309/1/956 
f 1370/152/1017 1371/153/1018 1372/86/1019 1373/154/1020 
f 1373/154/1020 1372/86/1019 1374/155/1021 1375/156/1022 
f 1371/152/1018 1376/153/1023 1377/86/1024 1372/154/1019 
f 1372/154/1019 1377/86/1024 1378/155/1025 1374/156/1021 
f 1376/152/1023 1379/153/1026 1380/86/1027 1377/154/1024 
f 1377/154/1024 1380/86/1027 1381/155/1028 1378/156/1025 
f 1379/152/1026 1382/153/1029 1383/86/1030 1380/154/1027 
f 1380/154/1027 1383/86/1030 1384/155/1031 1381/156/1028 
f 1382/152/1029 1385/153/1032 1386/86/1033 1383/154/1030 
f 1383/154/1030 1386/86/1033 1387/155/1034 1384/156/1031 
f 1388/152/1035 1370/153/1017 1373/86/1020 1389/154/1036 
f 1389/154/1036 1373/86/1020 1375/155/1022 1390/156/1037 
f 1391/1/1038 1392/1/1039 1393/1/1040 1394/1/1041 
f 1392/1/1039 1387/1/1034 1395/1/1042 1393/1/1040 
f 1396/1/1043 1397/1/875 1392/1/1039 1391/1/1038 
f 1397/1/875 1384/1/1031 1387/1/1034 1392/1/1039 
f 1398/1/1044 1399/1/1045 1397/1/875 1396/1/1043 
f 1399/1/1045 1381/1/1028 1384/1/1031 1397/1/875 
f 1400/1/1046 1401/1/1047 1399/1/1045 1398/1/1044 
f 1401/1/1047 1378/1/1025 1381/1/1028 1399/1/1045 
f 1402/1/1048 1403/1/1049 1401/1/1047 1400/1/1046 
f 1403/1/1049 1374/1/1021 1378/1/1025 1401/1/1047 
f 1404/1/1050 1405/1/883 1403/1/1049 1402/1/1048 
f 1405/1/883 1375/1/1022 1374/1/1021 1403/1/1049 
f 1406/1/1051 1407/1/1052 1405/1/883 1404/1/1050 
f 1407/1/1052 1390/1/1037 1375/1/1022 1405/1/883 
f 1394/1/1041 1393/1/1040 1407/1/1052 1406/1/1051 
f 1393/1/1040 1395/1/1042 1390/1/1037 1407/1/1052 
f 1385/1/1032 1408/1/1053 1409/1/1054 1410/1/1055 
f 1408/1/1053 1219/1/895 1218/1/894 1409/1/1054 
f 1382/1/1029 1411/1/1056 1408/1/1053 1385/1/1032 
f 1411/1/1056 1222/1/898 1219/1/895 1408/1/1053 
f 1379/1/1026 1412/1/1057 1411/1/1056 1382/1/1029 
f 1412/1/1057 1224/1/900 1222/1/898 1411/1/1056 
f 1376/1/1023 1413/1/1058 1412/1/1057 1379/1/1026 
f 1413/1/1058 1226/1/902 1224/1/900 1412/1/1057 
f 1371/1/1018 1414/1/1059 1413/1/1058 1376/1/1023 
f 1414/1/1059 1228/1/904 1226/1/902 1413/1/1058 
f 1370/1/1017 1415/1/1060 1414/1/1059 1371/1/1018 
f 1415/1/1060 1230/1/906 1228/1/904 1414/1/1059 
f 1388/1/1035 1416/1/1061 1415/1/1060 1370/1/1017 
f 1416/1/1061 1232/1/908 1230/1/906 1415/1/1060 
f 1410/1/1055 1409/1/1054 1416/1/1061 1388/1/1035 
f 1409/1/1054 1218/1/894 1232/1/908 1416/1/1061 
f 1417/152/1062 1418/152/1063 554/153/1064 1419/153/1065 
f 1418/152/1063 1385/152/1032 1410/153/1055 554/153/1064 
f 1419/153/1065 554/157/1064 1420/156/1066 1421/156/1067 
f 554/157/1064 1410/155/1055 1388/156/1035 1420/156/1066 
f 1421/156/1067 1420/156/1066 1422/154/1068 1423/154/1069 
f 1420/156/1066 1388/156/1035 1389/154/1036 1422/154/1068 
f 1423/154/1069 1422/154/1068 1424/152/1070 1425/152/1071 
f 1422/154/1068 1389/154/1036 1390/152/1037 1424/152/1070 
f 1425/152/1071 1424/152/1070 1426/153/1072 1427/153/1073 
f 1424/152/1070 1390/152/1037 1395/153/1042 1426/153/1072 
f 1427/153/1073 1426/157/1072 1428/156/1074 1429/156/1075 
f 1426/157/1072 1395/155/1042 1387/156/1034 1428/156/1074 
f 1429/156/1075 1428/156/1074 1430/154/1076 1431/154/1077 
f 1428/156/1074 1387/156/1034 1386/154/1033 1430/154/1076 
f 1431/154/1077 1430/154/1076 1418/152/1063 1417/152/1062 
f 1430/154/1076 1386/154/1033 1385/152/1032 1418/152/1063 
f 1427/153/1073 1429/156/1075 1432/1/1078 1433/7/1079 
f 1429/156/1075 1431/154/1077 1434/2/1080 1432/1/1078 
f 1431/154/1077 1417/152/1062 1435/5/1081 1434/2/1080 
f 1417/152/1062 1419/153/1065 1436/7/1082 1435/5/1081 
f 1419/153/1065 1421/156/1067 1437/1/1083 1436/7/1082 
f 1421/156/1067 1423/154/1069 1438/2/1084 1437/1/1083 
f 1423/154/1069 1425/152/1071 1439/5/1085 1438/2/1084 
f 1425/152/1071 1427/153/1073 1433/7/1079 1439/5/1085 
f 1433/7/1079 1432/1/1078 1440/1/1086 1441/7/1087 
f 1432/1/1078 1434/2/1080 1442/2/1088 1440/1/1086 
f 1434/2/1080 1435/5/1081 1443/5/1089 1442/2/1088 
f 1435/5/1081 1436/7/1082 1444/7/1090 1443/5/1089 
f 1436/7/1082 1437/1/1083 1445/1/1091 1444/7/1090 
f 1437/1/1083 1438/2/1084 1446/2/1092 1445/1/1091 
f 1438/2/1084 1439/5/1085 1447/5/1093 1446/2/1092 
f 1439/5/1085 1433/7/1079 1441/7/1087 1447/5/1093 
f 1447/5/1093 1441/7/1087 1448/86/544 1446/2/1092 
f 1446/2/1092 1448/86/544 1444/7/1090 1445/1/1091 
f 1443/5/1089 1444/7/1090 1448/86/544 1442/2/1088 
f 1442/2/1088 1448/86/544 1441/7/1087 1440/1/1086 
f 1449/152/1017 1450/153/1094 1451/86/1095 1452/154/1096 
f 1452/154/1096 1451/86/1095 1453/155/1097 1454/156/1098 
f 1450/152/1094 1455/153/1099 1456/86/1100 1451/154/1095 
f 1451/154/1095 1456/86/1100 1457/155/1101 1453/156/1097 
f 1455/152/1099 1458/153/1102 1459/86/1103 1456/154/1100 
f 1456/154/1100 1459/86/1103 1460/155/1104 1457/156/1101 
f 1458/152/1102 1461/153/1105 1462/86/1106 1459/154/1103 
f 1459/154/1103 1462/86/1106 1463/155/1107 1460/156/1104 
f 1461/152/1105 1464/153/1108 1465/86/1109 1462/154/1106 
f 1462/154/1106 1465/86/1109 1466/155/1110 1463/156/1107 
f 1467/152/1111 1449/153/1017 1452/86/1096 1468/154/1112 
f 1468/154/1112 1452/86/1096 1454/155/1098 1469/156/1113 
f 1470/1/1114 1466/1/1110 1471/1/1115 1472/1/1116 
f 1473/1/1117 1463/1/1107 1466/1/1110 1470/1/1114 
f 1474/1/1118 1460/1/1104 1463/1/1107 1473/1/1117 
f 1475/1/1119 1457/1/1101 1460/1/1104 1474/1/1118 
f 1476/1/1120 1453/1/1097 1457/1/1101 1475/1/1119 
f 1477/1/1121 1454/1/1098 1453/1/1097 1476/1/1120 
f 1478/1/1122 1469/1/1113 1454/1/1098 1477/1/1121 
f 1472/1/1116 1471/1/1115 1469/1/1113 1478/1/1122 
f 1464/1/1108 1479/1/1123 1480/1/1124 1481/1/1125 
f 1461/1/1105 1482/1/1126 1479/1/1123 1464/1/1108 
f 1458/1/1102 1483/1/1127 1482/1/1126 1461/1/1105 
f 1455/1/1099 1484/1/1128 1483/1/1127 1458/1/1102 
f 1450/1/1094 1485/1/1129 1484/1/1128 1455/1/1099 
f 1449/1/1017 1486/1/1130 1485/1/1129 1450/1/1094 
f 1467/1/1111 1487/1/1131 1486/1/1130 1449/1/1017 
f 1481/1/1125 1480/1/1124 1487/1/1131 1467/1/1111 
f 1488/152/1132 1489/152/1133 1490/153/1134 1491/153/1135 
f 1489/152/1133 1464/152/1108 1481/153/1125 1490/153/1134 
f 1491/153/1135 1490/157/1134 1492/156/1136 1493/156/1137 
f 1490/157/1134 1481/155/1125 1467/156/1111 1492/156/1136 
f 1493/156/1137 1492/156/1136 1494/154/1138 1495/154/1139 
f 1492/156/1136 1467/156/1111 1468/154/1112 1494/154/1138 
f 1495/154/1139 1494/154/1138 1496/152/1140 1497/152/1141 
f 1494/154/1138 1468/154/1112 1469/152/1113 1496/152/1140 
f 1497/152/1141 1496/152/1140 1498/153/1142 1499/153/1143 
f 1496/152/1140 1469/152/1113 1471/153/1115 1498/153/1142 
f 1499/153/1143 1498/157/1142 1500/156/1144 1501/156/1145 
f 1498/157/1142 1471/155/1115 1466/156/1110 1500/156/1144 
f 1501/156/1145 1500/156/1144 1502/154/1146 1503/154/1147 
f 1500/156/1144 1466/156/1110 1465/154/1109 1502/154/1146 
f 1503/154/1147 1502/154/1146 1489/152/1133 1488/152/1132 
f 1502/154/1146 1465/154/1109 1464/152/1108 1489/152/1133 
f 1499/153/1143 1501/156/1145 1504/1/1148 1505/7/1149 
f 1501/156/1145 1503/154/1147 1506/2/1150 1504/1/1148 
f 1503/154/1147 1488/152/1132 1507/5/1151 1506/2/1150 
f 1488/152/1132 1491/153/1135 1508/7/1152 1507/5/1151 
f 1491/153/1135 1493/156/1137 1509/1/1153 1508/7/1152 
f 1493/156/1137 1495/154/1139 1510/2/1154 1509/1/1153 
f 1495/154/1139 1497/152/1141 1511/5/1155 1510/2/1154 
f 1497/152/1141 1499/153/1143 1505/7/1149 1511/5/1155 
f 1505/7/1149 1504/1/1148 1512/1/1156 1513/7/1157 
f 1504/1/1148 1506/2/1150 1514/2/1158 1512/1/1156 
f 1506/2/1150 1507/5/1151 1515/5/1159 1514/2/1158 
f 1507/5/1151 1508/7/1152 1516/7/1160 1515/5/1159 
f 1508/7/1152 1509/1/1153 1517/1/1161 1516/7/1160 
f 1509/1/1153 1510/2/1154 1518/2/1162 1517/1/1161 
f 1510/2/1154 1511/5/1155 1519/5/1163 1518/2/1162 
f 1511/5/1155 1505/7/1149 1513/7/1157 1519/5/1163 
f 1519/5/1163 1513/7/1157 1520/86/60 1518/2/1162 
f 1518/2/1162 1520/86/60 1516/7/1160 1517/1/1161 
f 1515/5/1159 1516/7/1160 1520/86/60 1514/2/1158 
f 1514/2/1158 1520/86/60 1513/7/1157 1512/1/1156 
f 1398/1/1044 1396/1/1043 1482/1/1126 1483/1/1127 
f 1396/1/1043 1391/1/1038 1479/1/1123 1482/1/1126 
f 1391/1/1038 1394/1/1041 1480/1/1124 1479/1/1123 
f 1394/1/1041 1406/1/1051 1487/1/1131 1480/1/1124 
f 1406/1/1051 1404/1/1050 1486/1/1130 1487/1/1131 
f 1404/1/1050 1402/1/1048 1485/1/1129 1486/1/1130 
f 1402/1/1048 1400/1/1046 1484/1/1128 1485/1/1129 
f 1400/1/1046 1398/1/1044 1483/1/1127 1484/1/1128 
f 1477/1/1121 1476/1/1120 1215/1/891 1216/1/892 
f 1476/1/1120 1475/1/1119 1214/1/890 1215/1/891 
f 1475/1/1119 1474/1/1118 1213/1/889 1214/1/890 
f 1474/1/1118 1473/1/1117 1212/1/888 1213/1/889 
f 1473/1/1117 1470/1/1114 1210/1/886 1212/1/888 
f 1470/1/1114 1472/1/1116 1211/1/887 1210/1/886 
f 1472/1/1116 1478/1/1122 1217/1/893 1211/1/887 
f 1478/1/1122 1477/1/1121 1216/1/892 1217/1/893 
f 1521/1/1164 1522/1/1165 1523/1/1166 1524/1/1167 
f 1524/1/1167 1523/1/1166 1525/1/1168 1526/1/1169 
f 1526/1/1169 1525/1/1168 1527/1/1170 1528/1/1171 
f 1528/1/1171 1527/1/1170 1529/1/1172 1530/1/1173 
f 1530/1/1173 1529/1/1172 1531/1/1174 1532/1/1175 
f 1532/1/1175 1531/1/1174 1533/1/1176 1534/1/1177 
f 1534/1/1177 1533/1/1176 1535/1/1178 1536/1/1179 
f 1536/1/1179 1535/1/1178 1522/1/1165 1521/1/1164 
f 1522/1/1165 1537/1/1180 1538/1/1181 1523/1/1166 
f 1523/1/1166 1538/1/1181 1539/1/1182 1525/1/1168 
f 1525/1/1168 1539/1/1182 1540/1/1183 1527/1/1170 
f 1527/1/1170 1540/1/1183 1541/1/1184 1529/1/1172 
f 1529/1/1172 1541/1/1184 1542/1/1185 1531/1/1174 
f 1531/1/1174 1542/1/1185 1543/1/1186 1533/1/1176 
f 1533/1/1176 1543/1/1186 1544/1/1187 1535/1/1178 
f 1535/1/1178 1544/1/1187 1537/1/1180 1522/1/1165 
f 1545/1/1188 1546/1/1189 1547/1/1190 1548/1/1191 
f 1548/1/1191 1547/1/1190 1549/1/899 1550/1/1192 
f 1550/1/1192 1549/1/899 1551/1/1193 1552/1/1194 
f 1552/1/1194 1551/1/1193 1553/1/1195 1554/1/1196 
f 1554/1/1196 1553/1/1195 1555/1/1197 1556/1/1198 
f 1556/1/1198 1555/1/1197 1557/1/907 1558/1/1199 
f 1558/1/1199 1557/1/907 1559/1/1200 1560/1/1201 
f 1560/1/1201 1559/1/1200 1546/1/1189 1545/1/1188 
f 1546/1/1189 1561/1/488 1562/1/911 1547/1/1190 
f 1547/1/1190 1562/1/911 1563/1/899 1549/1/899 
f 1549/1/899 1563/1/899 1564/1/910 1551/1/1193 
f 1551/1/1193 1564/1/910 1565/1/544 1553/1/1195 
f 1553/1/1195 1565/1/544 1566/1/913 1555/1/1197 
f 1555/1/1197 1566/1/913 1567/1/907 1557/1/907 
f 1557/1/907 1567/1/907 1568/1/912 1559/1/1200 
f 1559/1/1200 1568/1/912 1561/1/488 1546/1/1189 
f 1561/1/488 1569/1/488 1570/1/911 1562/1/911 
f 1562/1/911 1570/1/911 1571/1/899 1563/1/899 
f 1563/1/899 1571/1/899 1572/1/910 1564/1/910 
f 1564/1/910 1572/1/910 1573/1/544 1565/1/544 
f 1565/1/544 1573/1/544 1574/1/913 1566/1/913 
f 1566/1/913 1574/1/913 1575/1/907 1567/1/907 
f 1567/1/907 1575/1/907 1576/1/912 1568/1/912 
f 1568/1/912 1576/1/912 1569/1/488 1561/1/488 
f 1569/1/488 1577/1/488 1578/1/911 1570/1/911 
f 1570/1/911 1578/1/911 1579/1/899 1571/1/899 
f 1571/1/899 1579/1/899 1580/1/910 1572/1/910 
f 1572/1/910 1580/1/910 1581/1/544 1573/1/544 
f 1573/1/544 1581/1/544 1582/1/913 1574/1/913 
f 1574/1/913 1582/1/913 1583/1/907 1575/1/907 
f 1575/1/907 1583/1/907 1584/1/912 1576/1/912 
f 1576/1/912 1584/1/912 1577/1/488 1569/1/488 
f 1577/1/488 1585/1/488 1586/1/916 1578/1/911 
f 1578/1/911 1586/1/916 1587/1/915 1579/1/899 
f 1579/1/899 1587/1/915 1588/1/914 1580/1/910 
f 1580/1/910 1588/1/914 1589/1/544 1581/1/544 
f 1581/1/544 1589/1/544 1590/1/919 1582/1/913 
f 1582/1/913 1590/1/919 1591/1/918 1583/1/907 
f 1583/1/907 1591/1/918 1592/1/917 1584/1/912 
f 1584/1/912 1592/1/917 1585/1/488 1577/1/488 
f 1585/1/488 1593/1/488 1594/1/922 1586/1/916 
f 1586/1/916 1594/1/922 1595/1/921 1587/1/915 
f 1587/1/915 1595/1/921 1596/1/920 1588/1/914 
f 1588/1/914 1596/1/920 1597/1/544 1589/1/544 
f 1589/1/544 1597/1/544 1598/1/925 1590/1/919 
f 1590/1/919 1598/1/925 1599/1/924 1591/1/918 
f 1591/1/918 1599/1/924 1600/1/923 1592/1/917 
f 1592/1/917 1600/1/923 1593/1/488 1585/1/488 
f 1601/1/1202 1602/1/929 1594/1/922 1593/1/488 
f 1602/1/929 1603/1/928 1595/1/921 1594/1/922 
f 1603/1/928 1604/1/927 1596/1/920 1595/1/921 
f 1604/1/927 1605/1/544 1597/1/544 1596/1/920 
f 1605/1/544 1606/1/932 1598/1/925 1597/1/544 
f 1606/1/932 1607/1/931 1599/1/924 1598/1/925 
f 1607/1/931 1608/1/930 1600/1/923 1599/1/924 
f 1608/1/930 1601/1/1202 1593/1/488 1600/1/923 
f 1602/1/929 1601/1/1202 1609/1/488 1610/1/937 
f 1610/1/937 1609/1/488 1611/1/488 1612/1/938 
f 1603/1/928 1602/1/929 1610/1/937 1613/1/935 
f 1613/1/935 1610/1/937 1612/1/938 1614/1/936 
f 1604/1/927 1603/1/928 1613/1/935 1615/1/933 
f 1615/1/933 1613/1/935 1614/1/936 1616/1/934 
f 1605/1/544 1604/1/927 1615/1/933 1617/1/544 
f 1617/1/544 1615/1/933 1616/1/934 1618/1/544 
f 1606/1/932 1605/1/544 1617/1/544 1619/1/943 
f 1619/1/943 1617/1/544 1618/1/544 1620/1/944 
f 1607/1/931 1606/1/932 1619/1/943 1621/1/941 
f 1621/1/941 1619/1/943 1620/1/944 1622/1/942 
f 1608/1/930 1607/1/931 1621/1/941 1623/1/939 
f 1623/1/939 1621/1/941 1622/1/942 1624/1/940 
f 1601/1/1202 1608/1/930 1623/1/939 1609/1/488 
f 1609/1/488 1623/1/939 1624/1/940 1611/1/488 
f 1625/1/1203 1626/1/1204 1627/1/1205 1628/1/1206 
f 1626/1/1204 1629/1/1207 1630/1/1208 1627/1/1205 
f 1629/1/1207 1631/1/1209 1632/1/1210 1630/1/1208 
f 1631/1/1209 1633/1/1211 1634/1/1212 1632/1/1210 
f 1633/1/1211 1635/1/1213 1636/1/1214 1634/1/1212 
f 1635/1/1213 1637/1/1215 1638/1/1216 1636/1/1214 
f 1637/1/1215 1639/1/1217 1640/1/1218 1638/1/1216 
f 1639/1/1217 1625/1/1203 1628/1/1206 1640/1/1218 
f 1628/1/1206 1627/1/1205 1641/1/1219 1642/1/1220 
f 1627/1/1205 1630/1/1208 1643/1/1221 1641/1/1219 
f 1630/1/1208 1632/1/1210 1644/1/1222 1643/1/1221 
f 1632/1/1210 1634/1/1212 1645/1/1223 1644/1/1222 
f 1634/1/1212 1636/1/1214 1646/1/1224 1645/1/1223 
f 1636/1/1214 1638/1/1216 1647/1/1225 1646/1/1224 
f 1638/1/1216 1640/1/1218 1648/1/1226 1647/1/1225 
f 1640/1/1218 1628/1/1206 1642/1/1220 1648/1/1226 
f 1642/1/1220 1641/1/1219 1649/1/1227 1650/1/1228 
f 1641/1/1219 1643/1/1221 1651/1/1229 1649/1/1227 
f 1643/1/1221 1644/1/1222 1652/1/1230 1651/1/1229 
f 1644/1/1222 1645/1/1223 1653/1/1231 1652/1/1230 
f 1645/1/1223 1646/1/1224 1654/1/1232 1653/1/1231 
f 1646/1/1224 1647/1/1225 1655/1/1233 1654/1/1232 
f 1647/1/1225 1648/1/1226 1656/1/1234 1655/1/1233 
f 1648/1/1226 1642/1/1220 1650/1/1228 1656/1/1234 
f 1650/1/1228 1649/1/1227 1657/1/1235 1658/1/1236 
f 1649/1/1227 1651/1/1229 1659/1/1237 1657/1/1235 
f 1651/1/1229 1652/1/1230 1660/1/1238 1659/1/1237 
f 1652/1/1230 1653/1/1231 1661/1/1239 1660/1/1238 
f 1653/1/1231 1654/1/1232 1662/1/1240 1661/1/1239 
f 1654/1/1232 1655/1/1233 1663/1/1241 1662/1/1240 
f 1655/1/1233 1656/1/1234 1664/1/1242 1663/1/1241 
f 1656/1/1234 1650/1/1228 1658/1/1236 1664/1/1242 
f 1658/1/1236 1657/1/1235 1665/1/1243 1666/1/1244 
f 1657/1/1235 1659/1/1237 1667/1/1245 1665/1/1243 
f 1659/1/1237 1660/1/1238 1668/1/1246 1667/1/1245 
f 1660/1/1238 1661/1/1239 1669/1/1247 1668/1/1246 
f 1661/1/1239 1662/1/1240 1670/1/1248 1669/1/1247 
f 1662/1/1240 1663/1/1241 1671/1/1249 1670/1/1248 
f 1663/1/1241 1664/1/1242 1672/1/1250 1671/1/1249 
f 1664/1/1242 1658/1/1236 1666/1/1244 1672/1/1250 
f 1666/1/1244 1665/1/1243 1673/1/1251 1674/1/1252 
f 1665/1/1243 1667/1/1245 1675/1/1253 1673/1/1251 
f 1667/1/1245 1668/1/1246 1676/1/1254 1675/1/1253 
f 1668/1/1246 1669/1/1247 1677/1/1255 1676/1/1254 
f 1669/1/1247 1670/1/1248 1678/1/1256 1677/1/1255 
f 1670/1/1248 1671/1/1249 1679/1/1257 1678/1/1256 
f 1671/1/1249 1672/1/1250 1680/1/1258 1679/1/1257 
f 1672/1/1250 1666/1/1244 1674/1/1252 1680/1/1258 
f 1674/1/1252 1673/1/1251 1681/1/1259 1682/1/1260 
f 1673/1/1251 1675/1/1253 1683/1/1261 1681/1/1259 
f 1675/1/1253 1676/1/1254 1684/1/1262 1683/1/1261 
f 1676/1/1254 1677/1/1255 1685/1/1263 1684/1/1262 
f 1677/1/1255 1678/1/1256 1686/1/1264 1685/1/1263 
f 1678/1/1256 1679/1/1257 1687/1/1265 1686/1/1264 
f 1679/1/1257 1680/1/1258 1688/1/1266 1687/1/1265 
f 1680/1/1258 1674/1/1252 1682/1/1260 1688/1/1266 
f 1682/1/1260 1681/1/1259 1528/1/1171 1530/1/1173 
f 1681/1/1259 1683/1/1261 1526/1/1169 1528/1/1171 
f 1683/1/1261 1684/1/1262 1524/1/1167 1526/1/1169 
f 1684/1/1262 1685/1/1263 1521/1/1164 1524/1/1167 
f 1685/1/1263 1686/1/1264 1536/1/1179 1521/1/1164 
f 1686/1/1264 1687/1/1265 1534/1/1177 1536/1/1179 
f 1687/1/1265 1688/1/1266 1532/1/1175 1534/1/1177 
f 1688/1/1266 1682/1/1260 1530/1/1173 1532/1/1175 
f 1635/1/1213 1633/1/1211 1363/1/1010 1362/1/1009 
f 1633/1/1211 1631/1/1209 1364/1/1011 1363/1/1010 
f 1631/1/1209 1629/1/1207 1365/1/1012 1364/1/1011 
f 1629/1/1207 1626/1/1204 1366/1/1013 1365/1/1012 
f 1626/1/1204 1625/1/1203 1367/1/1014 1366/1/1013 
f 1625/1/1203 1639/1/1217 1368/1/1015 1367/1/1014 
f 1639/1/1217 1637/1/1215 1369/1/1016 1368/1/1015 
f 1637/1/1215 1635/1/1213 1362/1/1009 1369/1/1016 
f 1689/152/1267 1690/154/1268 1691/86/1269 1692/153/1270 
f 1690/154/1268 1693/156/1271 1694/155/1272 1691/86/1269 
f 1692/152/1270 1691/154/1269 1695/86/1273 1696/153/1274 
f 1691/154/1269 1694/156/1272 1697/155/1275 1695/86/1273 
f 1696/152/1274 1695/154/1273 1698/86/1276 1699/153/1277 
f 1695/154/1273 1697/156/1275 1700/155/1278 1698/86/1276 
f 1699/152/1277 1698/154/1276 1701/86/1279 1702/153/1280 
f 1698/154/1276 1700/156/1278 1703/155/1281 1701/86/1279 
f 1702/152/1280 1701/154/1279 1704/86/1282 1705/153/1283 
f 1701/154/1279 1703/156/1281 1706/155/1284 1704/86/1282 
f 1707/152/1285 1708/154/1286 1690/86/1268 1689/153/1267 
f 1708/154/1286 1709/156/1287 1693/155/1271 1690/86/1268 
f 1710/1/1288 1711/1/1289 1712/1/1290 1713/1/1291 
f 1713/1/1291 1712/1/1290 1714/153/1292 1706/155/1284 
f 1715/1/1293 1710/1/1288 1713/1/1291 1716/1/1168 
f 1716/1/1168 1713/1/1291 1706/155/1284 1703/155/1281 
f 1717/1/1294 1715/1/1293 1716/1/1168 1718/1/1295 
f 1718/1/1295 1716/1/1168 1703/155/1281 1700/155/1278 
f 1719/1/1296 1717/1/1294 1718/1/1295 1720/1/1297 
f 1720/1/1297 1718/1/1295 1700/155/1278 1697/155/1275 
f 1721/1/1298 1719/1/1296 1720/1/1297 1722/1/1299 
f 1722/1/1299 1720/1/1297 1697/155/1275 1694/155/1272 
f 1723/1/1300 1721/1/1298 1722/1/1299 1724/1/1176 
f 1724/1/1176 1722/1/1299 1694/155/1272 1693/156/1271 
f 1725/1/1301 1723/1/1300 1724/1/1176 1726/1/1302 
f 1726/1/1302 1724/1/1176 1693/156/1271 1709/156/1287 
f 1711/1/1289 1725/1/1301 1726/1/1302 1712/1/1290 
f 1712/1/1290 1726/1/1302 1709/156/1287 1714/153/1292 
f 1705/153/1283 1727/153/1303 1728/1/1304 1729/1/1305 
f 1729/1/1305 1728/1/1304 1545/1/1188 1548/1/1191 
f 1702/153/1280 1705/153/1283 1729/1/1305 1730/1/1306 
f 1730/1/1306 1729/1/1305 1548/1/1191 1550/1/1192 
f 1699/153/1277 1702/153/1280 1730/1/1306 1731/1/1307 
f 1731/1/1307 1730/1/1306 1550/1/1192 1552/1/1194 
f 1696/153/1274 1699/153/1277 1731/1/1307 1732/1/1308 
f 1732/1/1308 1731/1/1307 1552/1/1194 1554/1/1196 
f 1692/153/1270 1696/153/1274 1732/1/1308 1733/1/1309 
f 1733/1/1309 1732/1/1308 1554/1/1196 1556/1/1198 
f 1689/152/1267 1692/153/1270 1733/1/1309 1734/1/1310 
f 1734/1/1310 1733/1/1309 1556/1/1198 1558/1/1199 
f 1707/152/1285 1689/152/1267 1734/1/1310 1735/1/1311 
f 1735/1/1311 1734/1/1310 1558/1/1199 1560/1/1201 
f 1727/153/1303 1707/152/1285 1735/1/1311 1728/1/1304 
f 1728/1/1304 1735/1/1311 1560/1/1201 1545/1/1188 
f 1736/152/1312 1737/153/1313 722/153/1314 1738/152/1315 
f 1738/152/1315 722/153/1314 1727/153/1303 1705/152/1283 
f 1737/153/1313 1739/156/1316 1740/156/1317 722/157/1314 
f 722/157/1314 1740/156/1317 1707/156/1285 1727/155/1303 
f 1739/156/1316 1741/154/1318 1742/154/1319 1740/156/1317 
f 1740/156/1317 1742/154/1319 1708/154/1286 1707/156/1285 
f 1741/154/1318 1743/152/1320 1744/152/1321 1742/154/1319 
f 1742/154/1319 1744/152/1321 1709/152/1287 1708/154/1286 
f 1743/152/1320 1745/153/1322 1746/153/1323 1744/152/1321 
f 1744/152/1321 1746/153/1323 1714/153/1292 1709/152/1287 
f 1745/153/1322 1747/156/1324 1748/156/1325 1746/157/1323 
f 1746/157/1323 1748/156/1325 1706/156/1284 1714/155/1292 
f 1747/156/1324 1749/154/1326 1750/154/1327 1748/156/1325 
f 1748/156/1325 1750/154/1327 1704/154/1282 1706/156/1284 
f 1749/154/1326 1736/152/1312 1738/152/1315 1750/154/1327 
f 1750/154/1327 1738/152/1315 1705/152/1283 1704/154/1282 
f 1745/153/1322 1751/7/1328 1752/1/1329 1747/156/1324 
f 1747/156/1324 1752/1/1329 1753/2/1330 1749/154/1326 
f 1749/154/1326 1753/2/1330 1754/5/1331 1736/152/1312 
f 1736/152/1312 1754/5/1331 1755/7/1332 1737/153/1313 
f 1737/153/1313 1755/7/1332 1756/1/1333 1739/156/1316 
f 1739/156/1316 1756/1/1333 1757/2/1334 1741/154/1318 
f 1741/154/1318 1757/2/1334 1758/5/1335 1743/152/1320 
f 1743/152/1320 1758/5/1335 1751/7/1328 1745/153/1322 
f 1751/7/1328 1759/7/1336 1760/1/1337 1752/1/1329 
f 1752/1/1329 1760/1/1337 1761/2/1338 1753/2/1330 
f 1753/2/1330 1761/2/1338 1762/5/1339 1754/5/1331 
f 1754/5/1331 1762/5/1339 1763/7/1340 1755/7/1332 
f 1755/7/1332 1763/7/1340 1764/1/1341 1756/1/1333 
f 1756/1/1333 1764/1/1341 1765/2/1342 1757/2/1334 
f 1757/2/1334 1765/2/1342 1766/5/1343 1758/5/1335 
f 1758/5/1335 1766/5/1343 1759/7/1336 1751/7/1328 
f 1766/5/1343 1765/2/1342 1767/86/488 1759/7/1336 
f 1765/2/1342 1764/1/1341 1763/7/1340 1767/86/488 
f 1762/5/1339 1761/2/1338 1767/86/488 1763/7/1340 
f 1761/2/1338 1760/1/1337 1759/7/1336 1767/86/488 
f 1768/152/1267 1769/154/1344 1770/86/1345 1771/153/1346 
f 1769/154/1344 1772/156/1347 1773/155/1348 1770/86/1345 
f 1771/152/1346 1770/154/1345 1774/86/1349 1775/153/1350 
f 1770/154/1345 1773/156/1348 1776/155/1351 1774/86/1349 
f 1775/152/1350 1774/154/1349 1777/86/1352 1778/153/1353 
f 1774/154/1349 1776/156/1351 1779/155/1354 1777/86/1352 
f 1778/152/1353 1777/154/1352 1780/86/1355 1781/153/1356 
f 1777/154/1352 1779/156/1354 1782/155/1357 1780/86/1355 
f 1781/152/1356 1780/154/1355 1783/86/1358 1784/153/1359 
f 1780/154/1355 1782/156/1357 1785/155/1360 1783/86/1358 
f 1786/152/1361 1787/154/1362 1769/86/1344 1768/153/1267 
f 1787/154/1362 1788/156/1363 1772/155/1347 1769/86/1344 
f 1789/1/1364 1790/1/1365 1791/153/1366 1785/155/1360 
f 1792/1/1367 1789/1/1364 1785/155/1360 1782/155/1357 
f 1793/1/1368 1792/1/1367 1782/155/1357 1779/155/1354 
f 1794/1/1369 1793/1/1368 1779/155/1354 1776/155/1351 
f 1795/1/1370 1794/1/1369 1776/155/1351 1773/155/1348 
f 1796/1/1371 1795/1/1370 1773/155/1348 1772/156/1347 
f 1797/1/1372 1796/1/1371 1772/156/1347 1788/156/1363 
f 1790/1/1365 1797/1/1372 1788/156/1363 1791/153/1366 
f 1784/153/1359 1798/153/1373 1799/1/1374 1800/1/1375 
f 1781/153/1356 1784/153/1359 1800/1/1375 1801/1/1376 
f 1778/153/1353 1781/153/1356 1801/1/1376 1802/1/1377 
f 1775/153/1350 1778/153/1353 1802/1/1377 1803/1/1378 
f 1771/153/1346 1775/153/1350 1803/1/1378 1804/1/1379 
f 1768/152/1267 1771/153/1346 1804/1/1379 1805/1/1380 
f 1786/152/1361 1768/152/1267 1805/1/1380 1806/1/1381 
f 1798/153/1373 1786/152/1361 1806/1/1381 1799/1/1374 
f 1807/152/1382 1808/153/1383 1809/153/1384 1810/152/1385 
f 1810/152/1385 1809/153/1384 1798/153/1373 1784/152/1359 
f 1808/153/1383 1811/156/1386 1812/156/1387 1809/157/1384 
f 1809/157/1384 1812/156/1387 1786/156/1361 1798/155/1373 
f 1811/156/1386 1813/154/1388 1814/154/1389 1812/156/1387 
f 1812/156/1387 1814/154/1389 1787/154/1362 1786/156/1361 
f 1813/154/1388 1815/152/1390 1816/152/1391 1814/154/1389 
f 1814/154/1389 1816/152/1391 1788/152/1363 1787/154/1362 
f 1815/152/1390 1817/153/1392 1818/153/1393 1816/152/1391 
f 1816/152/1391 1818/153/1393 1791/153/1366 1788/152/1363 
f 1817/153/1392 1819/156/1394 1820/156/1395 1818/157/1393 
f 1818/157/1393 1820/156/1395 1785/156/1360 1791/155/1366 
f 1819/156/1394 1821/154/1396 1822/154/1397 1820/156/1395 
f 1820/156/1395 1822/154/1397 1783/154/1358 1785/156/1360 
f 1821/154/1396 1807/152/1382 1810/152/1385 1822/154/1397 
f 1822/154/1397 1810/152/1385 1784/152/1359 1783/154/1358 
f 1817/153/1392 1823/7/1398 1824/1/1399 1819/156/1394 
f 1819/156/1394 1824/1/1399 1825/2/1400 1821/154/1396 
f 1821/154/1396 1825/2/1400 1826/5/1401 1807/152/1382 
f 1807/152/1382 1826/5/1401 1827/7/1402 1808/153/1383 
f 1808/153/1383 1827/7/1402 1828/1/1403 1811/156/1386 
f 1811/156/1386 1828/1/1403 1829/2/1404 1813/154/1388 
f 1813/154/1388 1829/2/1404 1830/5/1405 1815/152/1390 
f 1815/152/1390 1830/5/1405 1823/7/1398 1817/153/1392 
f 1823/7/1398 1831/7/1406 1832/1/1407 1824/1/1399 
f 1824/1/1399 1832/1/1407 1833/2/1408 1825/2/1400 
f 1825/2/1400 1833/2/1408 1834/5/1409 1826/5/1401 
f 1826/5/1401 1834/5/1409 1835/7/1410 1827/7/1402 
f 1827/7/1402 1835/7/1410 1836/1/1411 1828/1/1403 
f 1828/1/1403 1836/1/1411 1837/2/1412 1829/2/1404 
f 1829/2/1404 1837/2/1412 1838/5/1413 1830/5/1405 
f 1830/5/1405 1838/5/1413 1831/7/1406 1823/7/1398 
f 1838/5/1413 1837/2/1412 1839/86/296 1831/7/1406 
f 1837/2/1412 1836/1/1411 1835/7/1410 1839/86/296 
f 1834/5/1409 1833/2/1408 1839/86/296 1835/7/1410 
f 1833/2/1408 1832/1/1407 1831/7/1406 1839/86/296 
f 1717/1/1294 1802/1/1377 1801/1/1376 1715/1/1293 
f 1715/1/1293 1801/1/1376 1800/1/1375 1710/1/1288 
f 1710/1/1288 1800/1/1375 1799/1/1374 1711/1/1289 
f 1711/1/1289 1799/1/1374 1806/1/1381 1725/1/1301 
f 1725/1/1301 1806/1/1381 1805/1/1380 1723/1/1300 
f 1723/1/1300 1805/1/1380 1804/1/1379 1721/1/1298 
f 1721/1/1298 1804/1/1379 1803/1/1378 1719/1/1296 
f 1719/1/1296 1803/1/1378 1802/1/1377 1717/1/1294 
f 1796/1/1371 1543/1/1186 1542/1/1185 1795/1/1370 
f 1795/1/1370 1542/1/1185 1541/1/1184 1794/1/1369 
f 1794/1/1369 1541/1/1184 1540/1/1183 1793/1/1368 
f 1793/1/1368 1540/1/1183 1539/1/1182 1792/1/1367 
f 1792/1/1367 1539/1/1182 1538/1/1181 1789/1/1364 
f 1789/1/1364 1538/1/1181 1537/1/1180 1790/1/1365 
f 1790/1/1365 1537/1/1180 1544/1/1187 1797/1/1372 
f 1797/1/1372 1544/1/1187 1543/1/1186 1796/1/1371 
f 1840/1/714 1841/1/488 1842/1/488 1843/1/713 
f 1843/1/713 1842/1/488 1844/1/488 1845/1/713 
f 1845/1/713 1844/1/488 1846/1/488 1847/1/713 
f 1847/1/713 1846/1/488 1848/1/488 1849/1/713 
f 1849/1/713 1848/1/488 1850/1/488 1851/1/713 
f 1851/1/713 1850/1/488 1852/1/488 1853/1/713 
f 1853/1/713 1852/1/488 1854/1/488 1855/1/713 
f 1855/1/713 1854/1/488 1856/1/1414 1857/1/1415 
f 1857/1/1415 1856/1/1414 1858/1/1416 1859/1/1417 
f 1859/1/1417 1858/1/1416 1860/1/1418 1861/1/1419 
f 1862/1/544 1863/1/705 1864/1/706 1865/1/544 
f 1865/1/544 1864/1/706 1866/1/706 1867/1/544 
f 1867/1/544 1866/1/706 1868/1/706 1869/1/544 
f 1869/1/544 1868/1/706 1870/1/706 1871/1/544 
f 1871/1/544 1870/1/706 1872/1/706 1873/1/544 
f 1873/1/544 1872/1/706 1874/1/706 1875/1/544 
f 1875/1/544 1874/1/706 1876/1/706 1877/1/544 
f 1877/1/544 1876/1/706 1878/1/1420 1879/1/1421 
f 1879/1/1421 1878/1/1420 1880/1/1422 1881/1/1423 
f 1881/1/1423 1880/1/1422 1882/1/1424 1883/1/1425 
f 1884/1/721 1840/1/714 1843/1/713 1885/1/721 
f 1885/1/721 1843/1/713 1845/1/713 1886/1/722 
f 1886/1/722 1845/1/713 1847/1/713 1887/1/722 
f 1887/1/722 1847/1/713 1849/1/713 1888/1/722 
f 1888/1/722 1849/1/713 1851/1/713 1889/1/722 
f 1889/1/722 1851/1/713 1853/1/713 1890/1/722 
f 1890/1/722 1853/1/713 1855/1/713 1891/1/721 
f 1891/1/721 1855/1/713 1857/1/1415 1892/1/723 
f 1892/1/723 1857/1/1415 1859/1/1417 1893/1/724 
f 1893/1/724 1859/1/1417 1861/1/1419 1894/1/725 
f 1841/1/488 1895/1/737 1896/1/736 1842/1/488 
f 1842/1/488 1896/1/736 1897/1/737 1844/1/488 
f 1844/1/488 1897/1/737 1898/1/737 1846/1/488 
f 1846/1/488 1898/1/737 1899/1/737 1848/1/488 
f 1848/1/488 1899/1/737 1900/1/737 1850/1/488 
f 1850/1/488 1900/1/737 1901/1/737 1852/1/488 
f 1852/1/488 1901/1/737 1902/1/736 1854/1/488 
f 1854/1/488 1902/1/736 1903/1/1426 1856/1/1414 
f 1856/1/1414 1903/1/1426 1904/1/1427 1858/1/1416 
f 1858/1/1416 1904/1/1427 1905/1/1428 1860/1/1418 
f 1863/1/705 1884/1/721 1885/1/721 1864/1/706 
f 1864/1/706 1885/1/721 1886/1/722 1866/1/706 
f 1866/1/706 1886/1/722 1887/1/722 1868/1/706 
f 1868/1/706 1887/1/722 1888/1/722 1870/1/706 
f 1870/1/706 1888/1/722 1889/1/722 1872/1/706 
f 1872/1/706 1889/1/722 1890/1/722 1874/1/706 
f 1874/1/706 1890/1/722 1891/1/721 1876/1/706 
f 1876/1/706 1891/1/721 1892/1/723 1878/1/1420 
f 1878/1/1420 1892/1/723 1893/1/724 1880/1/1422 
f 1880/1/1422 1893/1/724 1894/1/725 1882/1/1424 
f 1895/1/737 1906/1/731 1907/1/731 1896/1/736 
f 1896/1/736 1907/1/731 1908/1/731 1897/1/737 
f 1897/1/737 1908/1/731 1909/1/731 1898/1/737 
f 1898/1/737 1909/1/731 1910/1/731 1899/1/737 
f 1899/1/737 1910/1/731 1911/1/731 1900/1/737 
f 1900/1/737 1911/1/731 1912/1/732 1901/1/737 
f 1901/1/737 1912/1/732 1913/1/732 1902/1/736 
f 1902/1/736 1913/1/732 1914/1/733 1903/1/1426 
f 1903/1/1426 1914/1/733 1915/1/734 1904/1/1427 
f 1904/1/1427 1915/1/734 1916/1/735 1905/1/1428 
f 1906/1/731 1917/1/727 1918/1/726 1907/1/731 
f 1907/1/731 1918/1/726 1919/1/727 1908/1/731 
f 1908/1/731 1919/1/727 1920/1/727 1909/1/731 
f 1909/1/731 1920/1/727 1921/1/727 1910/1/731 
f 1910/1/731 1921/1/727 1922/1/727 1911/1/731 
f 1911/1/731 1922/1/727 1923/1/727 1912/1/732 
f 1912/1/732 1923/1/727 1924/1/726 1913/1/732 
f 1913/1/732 1924/1/726 1925/1/1429 1914/1/733 
f 1914/1/733 1925/1/1429 1926/1/1430 1915/1/734 
f 1915/1/734 1926/1/1430 1927/1/1431 1916/1/735 
f 1917/1/727 1862/1/544 1865/1/544 1918/1/726 
f 1918/1/726 1865/1/544 1867/1/544 1919/1/727 
f 1919/1/727 1867/1/544 1869/1/544 1920/1/727 
f 1920/1/727 1869/1/544 1871/1/544 1921/1/727 
f 1921/1/727 1871/1/544 1873/1/544 1922/1/727 
f 1922/1/727 1873/1/544 1875/1/544 1923/1/727 
f 1923/1/727 1875/1/544 1877/1/544 1924/1/726 
f 1924/1/726 1877/1/544 1879/1/1421 1925/1/1429 
f 1925/1/1429 1879/1/1421 1881/1/1423 1926/1/1430 
f 1926/1/1430 1881/1/1423 1883/1/1425 1927/1/1431 
f 1928/152/1432 1929/154/1433 1930/86/1434 1931/153/1435 
f 1932/152/1436 1933/154/1437 1934/86/1438 1935/153/1439 
f 1931/152/1435 1930/154/1434 1936/86/1440 1937/153/1441 
f 1935/152/1439 1934/154/1438 1929/86/1433 1928/153/1432 
f 1937/152/1441 1936/154/1440 1938/86/1442 1939/153/1443 
f 1939/152/1443 1938/154/1442 1940/86/1444 1941/153/1445 
f 1942/152/1446 1943/154/1447 1933/86/1437 1932/153/1436 
f 1941/152/1445 1940/154/1444 1943/86/1447 1942/153/1446 
f 1861/1/1419 1860/1/1418 1944/1/1448 1945/1/1449 
f 1883/1/1425 1882/1/1424 1946/1/1450 1947/1/1451 
f 1894/1/725 1861/1/1419 1945/1/1449 1948/1/1452 
f 1860/1/1418 1905/1/1428 1949/1/1453 1944/1/1448 
f 1882/1/1424 1894/1/725 1948/1/1452 1946/1/1450 
f 1905/1/1428 1916/1/735 1950/1/1454 1949/1/1453 
f 1916/1/735 1927/1/1431 1951/1/1455 1950/1/1454 
f 1927/1/1431 1883/1/1425 1947/1/1451 1951/1/1455 
f 1933/86/1437 1943/154/1447 1952/1/1456 1953/1/1457 
f 1953/1/1457 1952/1/1456 1944/1/1448 1949/1/1453 
f 1938/86/1442 1936/154/1440 1954/1/1458 1955/1/1459 
f 1955/1/1459 1954/1/1458 1946/1/1450 1948/1/1452 
f 1943/86/1447 1940/154/1444 1956/1/1460 1952/1/1456 
f 1952/1/1456 1956/1/1460 1945/1/1449 1944/1/1448 
f 1929/86/1433 1934/154/1438 1957/1/1461 1958/1/1462 
f 1958/1/1462 1957/1/1461 1950/1/1454 1951/1/1455 
f 1940/86/1444 1938/154/1442 1955/1/1459 1956/1/1460 
f 1956/1/1460 1955/1/1459 1948/1/1452 1945/1/1449 
f 1930/86/1434 1929/154/1433 1958/1/1462 1959/1/1463 
f 1959/1/1463 1958/1/1462 1951/1/1455 1947/1/1451 
f 1936/86/1440 1930/154/1434 1959/1/1463 1954/1/1458 
f 1954/1/1458 1959/1/1463 1947/1/1451 1946/1/1450 
f 1934/86/1438 1933/154/1437 1953/1/1457 1957/1/1461 
f 1957/1/1461 1953/1/1457 1949/1/1453 1950/1/1454 
f 1960/1/1464 1961/1/1465 1962/1/1466 1963/1/1467 
f 1964/1/1468 1965/1/1469 1966/1/1470 1967/1/1471 
f 1961/1/1465 1968/1/1472 1969/1/1473 1962/1/1466 
f 1970/1/1474 1960/1/1464 1963/1/1467 1971/1/1475 
f 1968/1/1472 1964/1/1468 1967/1/1471 1969/1/1473 
f 1972/1/1476 1970/1/1474 1971/1/1475 1973/1/1477 
f 1974/1/1478 1972/1/1476 1973/1/1477 1975/1/1479 
f 1965/1/1469 1974/1/1478 1975/1/1479 1966/1/1470 
f 1972/1/1476 1976/1/1480 1977/1/1481 1970/1/1474 
f 1970/1/1474 1977/1/1481 1978/1/1482 1960/1/1464 
f 1960/1/1464 1978/1/1482 1979/1/1483 1961/1/1465 
f 1961/1/1465 1979/1/1483 1980/1/1484 1968/1/1472 
f 1968/1/1472 1980/1/1484 1981/1/1485 1964/1/1468 
f 1964/1/1468 1981/1/1485 1982/1/1486 1965/1/1469 
f 1965/1/1469 1982/1/1486 1983/1/1487 1974/1/1478 
f 1974/1/1478 1983/1/1487 1976/1/1480 1972/1/1476 
f 1983/1/1487 1982/1/1486 1984/1/1488 1985/1/1489 
f 1982/1/1486 1981/1/1485 1986/1/1490 1984/1/1488 
f 1985/1/1489 1984/1/1488 1978/1/1482 1977/1/1481 
f 1984/1/1488 1986/1/1490 1979/1/1483 1978/1/1482 
f 1980/1/1484 1979/1/1483 1986/1/1490 1981/1/1485 
f 1976/1/1480 1983/1/1487 1985/1/1489 1977/1/1481 
f 1987/1/1491 1988/1/1492 1941/153/1445 1942/152/1446 
f 1989/1/1493 1990/1/1494 1931/153/1435 1937/153/1441 
f 1991/1/1495 1992/1/1496 1993/1/1497 1988/1/1492 
f 1988/1/1492 1993/1/1497 1939/153/1443 1941/153/1445 
f 1994/1/1498 1987/1/1491 1942/152/1446 1932/152/1436 
f 1992/1/1496 1995/1/1499 1989/1/1493 1993/1/1497 
f 1993/1/1497 1989/1/1493 1937/153/1441 1939/153/1443 
f 1996/1/1500 1997/1/1501 1994/1/1498 1998/1/1502 
f 1998/1/1502 1994/1/1498 1932/152/1436 1935/153/1439 
f 1999/1/1503 1996/1/1500 1998/1/1502 2000/1/1504 
f 2000/1/1504 1998/1/1502 1935/153/1439 1928/152/1432 
f 1990/1/1494 2000/1/1504 1928/152/1432 1931/153/1435 
f 1963/1/1467 1962/1/1466 2001/1/1505 2002/1/1506 
f 1967/1/1471 1966/1/1470 2003/1/1507 2004/1/1508 
f 1962/1/1466 1969/1/1473 2005/1/1509 2001/1/1505 
f 2001/1/1505 2005/1/1509 1992/1/1496 1991/1/1495 
f 1971/1/1475 1963/1/1467 2002/1/1506 2006/1/1510 
f 1969/1/1473 1967/1/1471 2004/1/1508 2005/1/1509 
f 2005/1/1509 2004/1/1508 1995/1/1499 1992/1/1496 
f 1973/1/1477 1971/1/1475 2006/1/1510 2007/1/1511 
f 2007/1/1511 2006/1/1510 1997/1/1501 1996/1/1500 
f 1975/1/1479 1973/1/1477 2007/1/1511 2008/1/1512 
f 2008/1/1512 2007/1/1511 1996/1/1500 1999/1/1503 
f 1966/1/1470 1975/1/1479 2008/1/1512 2003/1/1507 
f 2003/1/1507 2009/1/1513 2010/1/1514 2004/1/1508 
f 2004/1/1508 2010/1/1514 2011/1/1515 1995/1/1499 
f 1995/1/1499 2011/1/1515 2012/1/1516 1989/1/1493 
f 1989/1/1493 2012/1/1516 2013/1/1517 1990/1/1494 
f 1990/1/1494 2013/1/1517 2014/1/1518 2000/1/1504 
f 2000/1/1504 2014/1/1518 2015/1/1519 1999/1/1503 
f 1999/1/1503 2015/1/1519 2016/1/1520 2008/1/1512 
f 2008/1/1512 2016/1/1520 2009/1/1513 2003/1/1507 
f 2015/1/1519 2017/1/544 2018/1/544 2016/1/1520 
f 2016/1/1520 2018/1/544 2019/1/544 2009/1/1513 
f 2009/1/1513 2019/1/544 2020/1/544 2010/1/1514 
f 2010/1/1514 2020/1/544 2021/1/544 2011/1/1515 
f 2011/1/1515 2021/1/544 2022/1/544 2012/1/1516 
f 2012/1/1516 2022/1/544 2023/1/544 2013/1/1517 
f 2013/1/1517 2023/1/544 2024/1/544 2014/1/1518 
f 2014/1/1518 2024/1/544 2017/1/544 2015/1/1519 
f 2021/1/544 2025/1/854 2026/1/855 2022/1/544 
f 2022/1/544 2026/1/855 2027/1/856 2023/1/544 
f 2023/1/544 2027/1/856 2028/1/1521 2024/1/544 
f 2024/1/544 2028/1/1521 2029/1/858 2017/1/544 
f 2017/1/544 2029/1/858 2030/1/859 2018/1/544 
f 2018/1/544 2030/1/859 2031/1/860 2019/1/544 
f 2019/1/544 2031/1/860 2032/1/861 2020/1/544 
f 2020/1/544 2032/1/861 2025/1/854 2021/1/544 
f 2025/1/854 2033/1/862 2034/1/863 2026/1/855 
f 2026/1/855 2034/1/863 2035/1/1522 2027/1/856 
f 2027/1/856 2035/1/1522 2036/1/865 2028/1/1521 
f 2028/1/1521 2036/1/865 2037/1/866 2029/1/858 
f 2029/1/858 2037/1/866 2038/1/867 2030/1/859 
f 2030/1/859 2038/1/867 2039/1/868 2031/1/860 
f 2031/1/860 2039/1/868 2040/1/869 2032/1/861 
f 2032/1/861 2040/1/869 2033/1/862 2025/1/854 
f 2041/1/1523 2042/1/1524 2043/1/488 2044/1/488 
f 2042/1/1524 2045/1/1525 2046/1/488 2043/1/488 
f 2045/1/1525 2047/1/1526 2048/1/488 2046/1/488 
f 2047/1/1526 2049/1/1527 2050/1/488 2048/1/488 
f 2049/1/1527 2051/1/1528 2052/1/488 2050/1/488 
f 2051/1/1528 2053/1/1529 2054/1/488 2052/1/488 
f 2053/1/1529 2055/1/1530 2056/1/488 2054/1/488 
f 2055/1/1530 2041/1/1523 2044/1/488 2056/1/488 
f 2050/1/488 2052/1/488 2057/1/830 2058/1/831 
f 2052/1/488 2054/1/488 2059/1/832 2057/1/830 
f 2054/1/488 2056/1/488 2060/1/1531 2059/1/832 
f 2056/1/488 2044/1/488 2061/1/834 2060/1/1531 
f 2044/1/488 2043/1/488 2062/1/835 2061/1/834 
f 2043/1/488 2046/1/488 2063/1/836 2062/1/835 
f 2046/1/488 2048/1/488 2064/1/837 2063/1/836 
f 2048/1/488 2050/1/488 2058/1/831 2064/1/837 
f 2058/1/831 2057/1/830 2065/1/838 2066/1/839 
f 2057/1/830 2059/1/832 2067/1/1532 2065/1/838 
f 2059/1/832 2060/1/1531 2068/1/841 2067/1/1532 
f 2060/1/1531 2061/1/834 2069/1/842 2068/1/841 
f 2061/1/834 2062/1/835 2070/1/843 2069/1/842 
f 2062/1/835 2063/1/836 2071/1/844 2070/1/843 
f 2063/1/836 2064/1/837 2072/1/845 2071/1/844 
f 2064/1/837 2058/1/831 2066/1/839 2072/1/845 
f 2047/1/1526 2045/1/1525 2002/1/1506 2001/1/1505 
f 2042/1/1524 2006/1/1510 2002/1/1506 2045/1/1525 
f 2051/1/1528 2049/1/1527 1991/1/1495 1988/1/1492 
f 2047/1/1526 2001/1/1505 1991/1/1495 2049/1/1527 
f 2055/1/1530 1994/1/1498 1997/1/1501 2041/1/1523 
f 2051/1/1528 1988/1/1492 1987/1/1491 2053/1/1529 
f 2055/1/1530 2053/1/1529 1987/1/1491 1994/1/1498 
f 2042/1/1524 2041/1/1523 1997/1/1501 2006/1/1510 
f 2071/1/844 2072/1/845 2040/1/869 2039/1/868 
f 2067/1/1532 2068/1/841 2036/1/865 2035/1/1522 
f 2070/1/843 2071/1/844 2039/1/868 2038/1/867 
f 2033/1/862 2066/1/839 2065/1/838 2034/1/863 
f 2034/1/863 2065/1/838 2067/1/1532 2035/1/1522 
f 2036/1/865 2068/1/841 2069/1/842 2037/1/866 
f 2040/1/869 2072/1/845 2066/1/839 2033/1/862 
f 2037/1/866 2069/1/842 2070/1/843 2038/1/867 
f 2073/1/1533 2074/1/1534 2075/1/1535 2076/1/1536 
f 2074/1/1534 2077/1/1537 2078/1/1538 2075/1/1535 
f 2077/1/1537 2079/1/1539 2080/1/1540 2078/1/1538 
f 2079/1/1539 2081/1/1541 2082/1/1542 2080/1/1540 
f 2081/1/1541 2083/1/1543 2084/1/1544 2082/1/1542 
f 2083/1/1543 2085/1/1545 2086/1/1546 2084/1/1544 
f 2085/1/1545 2087/1/1547 2088/1/1548 2086/1/1546 
f 2087/1/1547 2073/1/1533 2076/1/1536 2088/1/1548 
f 2076/1/1536 2075/1/1535 2089/1/1549 2090/1/1536 
f 2075/1/1535 2078/1/1538 2091/1/1550 2089/1/1549 
f 2078/1/1538 2080/1/1540 2092/1/1540 2091/1/1550 
f 2080/1/1540 2082/1/1542 2093/1/1542 2092/1/1540 
f 2082/1/1542 2084/1/1544 2094/1/1551 2093/1/1542 
f 2084/1/1544 2086/1/1546 2095/1/1552 2094/1/1551 
f 2086/1/1546 2088/1/1548 2096/1/1553 2095/1/1552 
f 2088/1/1548 2076/1/1536 2090/1/1536 2096/1/1553 
f 2090/1/1536 2089/1/1549 2097/1/1549 2098/1/1554 
f 2089/1/1549 2091/1/1550 2099/1/1555 2097/1/1549 
f 2091/1/1550 2092/1/1540 2100/1/1540 2099/1/1555 
f 2092/1/1540 2093/1/1542 2101/1/1556 2100/1/1540 
f 2093/1/1542 2094/1/1551 2102/1/1557 2101/1/1556 
f 2094/1/1551 2095/1/1552 2103/1/1558 2102/1/1557 
f 2095/1/1552 2096/1/1553 2104/1/1559 2103/1/1558 
f 2096/1/1553 2090/1/1536 2098/1/1554 2104/1/1559 
f 2098/1/1554 2097/1/1549 2105/1/1560 2106/1/1561 
f 2097/1/1549 2099/1/1555 2107/1/1562 2105/1/1560 
f 2099/1/1555 2100/1/1540 2108/1/1563 2107/1/1562 
f 2100/1/1540 2101/1/1556 2109/1/1564 2108/1/1563 
f 2101/1/1556 2102/1/1557 2110/1/1565 2109/1/1564 
f 2102/1/1557 2103/1/1558 2111/1/1566 2110/1/1565 
f 2103/1/1558 2104/1/1559 2112/1/1567 2111/1/1566 
f 2104/1/1559 2098/1/1554 2106/1/1561 2112/1/1567 
f 2106/1/1561 2105/1/1560 2113/1/1568 2114/1/1569 
f 2105/1/1560 2107/1/1562 2115/1/1570 2113/1/1568 
f 2107/1/1562 2108/1/1563 2116/1/1571 2115/1/1570 
f 2108/1/1563 2109/1/1564 2117/1/1572 2116/1/1571 
f 2109/1/1564 2110/1/1565 2118/1/1573 2117/1/1572 
f 2110/1/1565 2111/1/1566 2119/1/1574 2118/1/1573 
f 2111/1/1566 2112/1/1567 2120/1/1575 2119/1/1574 
f 2112/1/1567 2106/1/1561 2114/1/1569 2120/1/1575 
f 2121/1/1576 2122/1/1577 2123/1/1578 2124/1/1579 
f 2122/1/1577 2125/1/1580 2126/1/1581 2123/1/1578 
f 2125/1/1580 2127/1/1582 2128/1/1583 2126/1/1581 
f 2127/1/1582 2129/1/1584 2130/1/1585 2128/1/1583 
f 2129/1/1584 2131/1/1586 2132/1/1587 2130/1/1585 
f 2131/1/1586 2133/1/1588 2134/1/1589 2132/1/1587 
f 2133/1/1588 2135/1/1590 2136/1/1591 2134/1/1589 
f 2135/1/1590 2121/1/1576 2124/1/1579 2136/1/1591 
f 2124/1/1579 2123/1/1578 2137/1/1592 2138/1/1593 
f 2123/1/1578 2126/1/1581 2139/1/1581 2137/1/1592 
f 2126/1/1581 2128/1/1583 2140/1/1594 2139/1/1581 
f 2128/1/1583 2130/1/1585 2141/1/1595 2140/1/1594 
f 2130/1/1585 2132/1/1587 2142/1/1596 2141/1/1595 
f 2132/1/1587 2134/1/1589 2143/1/1589 2142/1/1596 
f 2134/1/1589 2136/1/1591 2144/1/1597 2143/1/1589 
f 2136/1/1591 2124/1/1579 2138/1/1593 2144/1/1597 
f 2138/1/1593 2137/1/1592 2145/1/1598 2146/1/1599 
f 2137/1/1592 2139/1/1581 2147/1/1581 2145/1/1598 
f 2139/1/1581 2140/1/1594 2148/1/1600 2147/1/1581 
f 2140/1/1594 2141/1/1595 2149/1/1601 2148/1/1600 
f 2141/1/1595 2142/1/1596 2150/1/1602 2149/1/1601 
f 2142/1/1596 2143/1/1589 2151/1/1589 2150/1/1602 
f 2143/1/1589 2144/1/1597 2152/1/1603 2151/1/1589 
f 2144/1/1597 2138/1/1593 2146/1/1599 2152/1/1603 
f 2146/1/1599 2145/1/1598 2153/1/1604 2154/1/1605 
f 2145/1/1598 2147/1/1581 2155/1/1606 2153/1/1604 
f 2147/1/1581 2148/1/1600 2156/1/1607 2155/1/1606 
f 2148/1/1600 2149/1/1601 2157/1/1608 2156/1/1607 
f 2149/1/1601 2150/1/1602 2158/1/1609 2157/1/1608 
f 2150/1/1602 2151/1/1589 2159/1/1610 2158/1/1609 
f 2151/1/1589 2152/1/1603 2160/1/1611 2159/1/1610 
f 2152/1/1603 2146/1/1599 2154/1/1605 2160/1/1611 
f 2154/1/1605 2153/1/1604 2161/1/1612 2162/1/1613 
f 2153/1/1604 2155/1/1606 2163/1/1614 2161/1/1612 
f 2155/1/1606 2156/1/1607 2164/1/1615 2163/1/1614 
f 2156/1/1607 2157/1/1608 2165/1/1616 2164/1/1615 
f 2157/1/1608 2158/1/1609 2166/1/1617 2165/1/1616 
f 2158/1/1609 2159/1/1610 2167/1/1618 2166/1/1617 
f 2159/1/1610 2160/1/1611 2168/1/1619 2167/1/1618 
f 2160/1/1611 2154/1/1605 2162/1/1613 2168/1/1619 
f 2162/1/1613 2161/1/1612 2169/1/1620 2170/1/1621 
f 2161/1/1612 2163/1/1614 2171/1/1622 2169/1/1620 
f 2163/1/1614 2164/1/1615 2172/1/1623 2171/1/1622 
f 2164/1/1615 2165/1/1616 2173/1/1624 2172/1/1623 
f 2165/1/1616 2166/1/1617 2174/1/1625 2173/1/1624 
f 2166/1/1617 2167/1/1618 2175/1/1626 2174/1/1625 
f 2167/1/1618 2168/1/1619 2176/1/1627 2175/1/1626 
f 2168/1/1619 2162/1/1613 2170/1/1621 2176/1/1627 
f 2170/1/1621 2169/1/1620 2177/1/1628 2178/1/1629 
f 2169/1/1620 2171/1/1622 2179/1/1630 2177/1/1628 
f 2171/1/1622 2172/1/1623 2180/1/1631 2179/1/1630 
f 2172/1/1623 2173/1/1624 2181/1/1632 2180/1/1631 
f 2173/1/1624 2174/1/1625 2182/1/1633 2181/1/1632 
f 2174/1/1625 2175/1/1626 2183/1/1634 2182/1/1633 
f 2175/1/1626 2176/1/1627 2184/1/1635 2183/1/1634 
f 2176/1/1627 2170/1/1621 2178/1/1629 2184/1/1635 
f 2178/1/1629 2177/1/1628 2185/1/1636 2186/1/1637 
f 2177/1/1628 2179/1/1630 2187/1/1638 2185/1/1636 
f 2179/1/1630 2180/1/1631 2188/1/1639 2187/1/1638 
f 2180/1/1631 2181/1/1632 2189/1/1640 2188/1/1639 
f 2181/1/1632 2182/1/1633 2190/1/1641 2189/1/1640 
f 2182/1/1633 2183/1/1634 2191/1/1642 2190/1/1641 
f 2183/1/1634 2184/1/1635 2192/1/1643 2191/1/1642 
f 2184/1/1635 2178/1/1629 2186/1/1637 2192/1/1643 
f 2186/1/1637 2185/1/1636 2193/1/1644 2194/1/1645 
f 2185/1/1636 2187/1/1638 2195/1/1646 2193/1/1644 
f 2187/1/1638 2188/1/1639 2196/1/1647 2195/1/1646 
f 2188/1/1639 2189/1/1640 2197/1/1648 2196/1/1647 
f 2189/1/1640 2190/1/1641 2198/1/1649 2197/1/1648 
f 2190/1/1641 2191/1/1642 2199/1/1650 2198/1/1649 
f 2191/1/1642 2192/1/1643 2200/1/1651 2199/1/1650 
f 2192/1/1643 2186/1/1637 2194/1/1645 2200/1/1651 
f 2194/1/1645 2193/1/1644 2201/1/1652 2202/1/1653 
f 2193/1/1644 2195/1/1646 2203/1/1654 2201/1/1652 
f 2195/1/1646 2196/1/1647 2204/1/1655 2203/1/1654 
f 2196/1/1647 2197/1/1648 2205/1/1656 2204/1/1655 
f 2197/1/1648 2198/1/1649 2206/1/1657 2205/1/1656 
f 2198/1/1649 2199/1/1650 2207/1/1658 2206/1/1657 
f 2199/1/1650 2200/1/1651 2208/1/1659 2207/1/1658 
f 2200/1/1651 2194/1/1645 2202/1/1653 2208/1/1659 
f 2202/1/1653 2201/1/1652 2209/1/1660 2210/1/1661 
f 2201/1/1652 2203/1/1654 2211/1/1662 2209/1/1660 
f 2203/1/1654 2204/1/1655 2212/1/1663 2211/1/1662 
f 2204/1/1655 2205/1/1656 2213/1/1664 2212/1/1663 
f 2205/1/1656 2206/1/1657 2214/1/1665 2213/1/1664 
f 2206/1/1657 2207/1/1658 2215/1/1666 2214/1/1665 
f 2207/1/1658 2208/1/1659 2216/1/1667 2215/1/1666 
f 2208/1/1659 2202/1/1653 2210/1/1661 2216/1/1667 
f 2210/1/1661 2209/1/1660 2217/1/1668 2218/1/1669 
f 2209/1/1660 2211/1/1662 2219/1/1670 2217/1/1668 
f 2211/1/1662 2212/1/1663 2220/1/1671 2219/1/1670 
f 2212/1/1663 2213/1/1664 2221/1/1672 2220/1/1671 
f 2213/1/1664 2214/1/1665 2222/1/1673 2221/1/1672 
f 2214/1/1665 2215/1/1666 2223/1/1674 2222/1/1673 
f 2215/1/1666 2216/1/1667 2224/1/1675 2223/1/1674 
f 2216/1/1667 2210/1/1661 2218/1/1669 2224/1/1675 
f 2218/1/1669 2217/1/1668 2225/1/1676 2226/1/1677 
f 2217/1/1668 2219/1/1670 2227/1/1678 2225/1/1676 
f 2219/1/1670 2220/1/1671 2228/1/1679 2227/1/1678 
f 2220/1/1671 2221/1/1672 2229/1/1680 2228/1/1679 
f 2221/1/1672 2222/1/1673 2230/1/1681 2229/1/1680 
f 2222/1/1673 2223/1/1674 2231/1/1682 2230/1/1681 
f 2223/1/1674 2224/1/1675 2232/1/1683 2231/1/1682 
f 2224/1/1675 2218/1/1669 2226/1/1677 2232/1/1683 
f 2226/1/1677 2225/1/1676 2233/1/1684 2234/1/1685 
f 2225/1/1676 2227/1/1678 2235/1/1686 2233/1/1684 
f 2227/1/1678 2228/1/1679 2236/1/1687 2235/1/1686 
f 2228/1/1679 2229/1/1680 2237/1/1688 2236/1/1687 
f 2229/1/1680 2230/1/1681 2238/1/1689 2237/1/1688 
f 2230/1/1681 2231/1/1682 2239/1/1690 2238/1/1689 
f 2231/1/1682 2232/1/1683 2240/1/1691 2239/1/1690 
f 2232/1/1683 2226/1/1677 2234/1/1685 2240/1/1691 
f 2234/1/1685 2233/1/1684 2241/1/1692 2242/1/1693 
f 2233/1/1684 2235/1/1686 2243/1/1694 2241/1/1692 
f 2235/1/1686 2236/1/1687 2244/1/1695 2243/1/1694 
f 2236/1/1687 2237/1/1688 2245/1/1696 2244/1/1695 
f 2237/1/1688 2238/1/1689 2246/1/1697 2245/1/1696 
f 2238/1/1689 2239/1/1690 2247/1/1698 2246/1/1697 
f 2239/1/1690 2240/1/1691 2248/1/1699 2247/1/1698 
f 2240/1/1691 2234/1/1685 2242/1/1693 2248/1/1699 
f 2242/1/1693 2241/1/1692 2249/1/1700 2250/1/1701 
f 2241/1/1692 2243/1/1694 2251/1/1702 2249/1/1700 
f 2243/1/1694 2244/1/1695 2252/1/1703 2251/1/1702 
f 2244/1/1695 2245/1/1696 2253/1/1704 2252/1/1703 
f 2245/1/1696 2246/1/1697 2254/1/1705 2253/1/1704 
f 2246/1/1697 2247/1/1698 2255/1/1706 2254/1/1705 
f 2247/1/1698 2248/1/1699 2256/1/1707 2255/1/1706 
f 2248/1/1699 2242/1/1693 2250/1/1701 2256/1/1707 
f 2250/1/1701 2249/1/1700 2257/1/1708 2258/1/1709 
f 2249/1/1700 2251/1/1702 2259/1/1710 2257/1/1708 
f 2251/1/1702 2252/1/1703 2260/1/1711 2259/1/1710 
f 2252/1/1703 2253/1/1704 2261/1/1712 2260/1/1711 
f 2253/1/1704 2254/1/1705 2262/1/1713 2261/1/1712 
f 2254/1/1705 2255/1/1706 2263/1/1714 2262/1/1713 
f 2255/1/1706 2256/1/1707 2264/1/1715 2263/1/1714 
f 2256/1/1707 2250/1/1701 2258/1/1709 2264/1/1715 
f 2258/1/1709 2257/1/1708 2265/1/1716 2266/1/1717 
f 2257/1/1708 2259/1/1710 2267/1/1718 2265/1/1716 
f 2259/1/1710 2260/1/1711 2268/1/1719 2267/1/1718 
f 2260/1/1711 2261/1/1712 2269/1/1720 2268/1/1719 
f 2261/1/1712 2262/1/1713 2270/1/1721 2269/1/1720 
f 2262/1/1713 2263/1/1714 2271/1/1722 2270/1/1721 
f 2263/1/1714 2264/1/1715 2272/1/1723 2271/1/1722 
f 2264/1/1715 2258/1/1709 2266/1/1717 2272/1/1723 
f 2266/1/1717 2265/1/1716 2273/1/1724 2274/1/1725 
f 2265/1/1716 2267/1/1718 2275/1/1726 2273/1/1724 
f 2267/1/1718 2268/1/1719 2276/1/1727 2275/1/1726 
f 2268/1/1719 2269/1/1720 2277/1/1728 2276/1/1727 
f 2269/1/1720 2270/1/1721 2278/1/1729 2277/1/1728 
f 2270/1/1721 2271/1/1722 2279/1/1730 2278/1/1729 
f 2271/1/1722 2272/1/1723 2280/1/1731 2279/1/1730 
f 2272/1/1723 2266/1/1717 2274/1/1725 2280/1/1731 
f 2274/1/1725 2273/1/1724 2281/1/1732 2282/1/1733 
f 2273/1/1724 2275/1/1726 2283/1/1734 2281/1/1732 
f 2275/1/1726 2276/1/1727 2284/1/1735 2283/1/1734 
f 2276/1/1727 2277/1/1728 2285/1/1736 2284/1/1735 
f 2277/1/1728 2278/1/1729 2286/1/1737 2285/1/1736 
f 2278/1/1729 2279/1/1730 2287/1/1738 2286/1/1737 
f 2279/1/1730 2280/1/1731 2288/1/1739 2287/1/1738 
f 2280/1/1731 2274/1/1725 2282/1/1733 2288/1/1739 
f 2282/1/1733 2281/1/1732 2289/1/1740 2290/1/1741 
f 2281/1/1732 2283/1/1734 2291/1/1742 2289/1/1740 
f 2283/1/1734 2284/1/1735 2292/1/1743 2291/1/1742 
f 2284/1/1735 2285/1/1736 2293/1/1744 2292/1/1743 
f 2285/1/1736 2286/1/1737 2294/1/1745 2293/1/1744 
f 2286/1/1737 2287/1/1738 2295/1/1746 2294/1/1745 
f 2287/1/1738 2288/1/1739 2296/1/1747 2295/1/1746 
f 2288/1/1739 2282/1/1733 2290/1/1741 2296/1/1747 
f 2290/1/1741 2289/1/1740 2297/1/1748 2298/1/1749 
f 2289/1/1740 2291/1/1742 2299/1/1750 2297/1/1748 
f 2291/1/1742 2292/1/1743 2300/1/1751 2299/1/1750 
f 2292/1/1743 2293/1/1744 2301/1/1752 2300/1/1751 
f 2293/1/1744 2294/1/1745 2302/1/1753 2301/1/1752 
f 2294/1/1745 2295/1/1746 2303/1/1754 2302/1/1753 
f 2295/1/1746 2296/1/1747 2304/1/1755 2303/1/1754 
f 2296/1/1747 2290/1/1741 2298/1/1749 2304/1/1755 
f 2298/1/1749 2297/1/1748 2305/1/1756 2306/1/1757 
f 2297/1/1748 2299/1/1750 2307/1/1758 2305/1/1756 
f 2299/1/1750 2300/1/1751 2308/1/1759 2307/1/1758 
f 2300/1/1751 2301/1/1752 2309/1/1760 2308/1/1759 
f 2301/1/1752 2302/1/1753 2310/1/1761 2309/1/1760 
f 2302/1/1753 2303/1/1754 2311/1/1762 2310/1/1761 
f 2303/1/1754 2304/1/1755 2312/1/1763 2311/1/1762 
f 2304/1/1755 2298/1/1749 2306/1/1757 2312/1/1763 
f 2306/1/1757 2305/1/1756 2313/1/1764 2314/1/1765 
f 2305/1/1756 2307/1/1758 2315/1/1766 2313/1/1764 
f 2307/1/1758 2308/1/1759 2316/1/1767 2315/1/1766 
f 2308/1/1759 2309/1/1760 2317/1/1768 2316/1/1767 
f 2309/1/1760 2310/1/1761 2318/1/1769 2317/1/1768 
f 2310/1/1761 2311/1/1762 2319/1/1770 2318/1/1769 
f 2311/1/1762 2312/1/1763 2320/1/1771 2319/1/1770 
f 2312/1/1763 2306/1/1757 2314/1/1765 2320/1/1771 
f 2314/1/1765 2313/1/1764 2321/1/1772 2322/1/1773 
f 2313/1/1764 2315/1/1766 2323/1/1774 2321/1/1772 
f 2315/1/1766 2316/1/1767 2324/1/1775 2323/1/1774 
f 2316/1/1767 2317/1/1768 2325/1/1776 2324/1/1775 
f 2317/1/1768 2318/1/1769 2326/1/1777 2325/1/1776 
f 2318/1/1769 2319/1/1770 2327/1/1778 2326/1/1777 
f 2319/1/1770 2320/1/1771 2328/1/1779 2327/1/1778 
f 2320/1/1771 2314/1/1765 2322/1/1773 2328/1/1779 
f 2322/1/1773 2321/1/1772 2329/1/1780 2330/1/1781 
f 2321/1/1772 2323/1/1774 2331/1/1782 2329/1/1780 
f 2323/1/1774 2324/1/1775 2332/1/1783 2331/1/1782 
f 2324/1/1775 2325/1/1776 2333/1/1784 2332/1/1783 
f 2325/1/1776 2326/1/1777 2334/1/1785 2333/1/1784 
f 2326/1/1777 2327/1/1778 2335/1/1786 2334/1/1785 
f 2327/1/1778 2328/1/1779 2336/1/1787 2335/1/1786 
f 2328/1/1779 2322/1/1773 2330/1/1781 2336/1/1787 
f 2330/1/1781 2329/1/1780 2337/1/1788 2338/1/1789 
f 2329/1/1780 2331/1/1782 2339/1/1790 2337/1/1788 
f 2331/1/1782 2332/1/1783 2340/1/1791 2339/1/1790 
f 2332/1/1783 2333/1/1784 2341/1/1792 2340/1/1791 
f 2333/1/1784 2334/1/1785 2342/1/1793 2341/1/1792 
f 2334/1/1785 2335/1/1786 2343/1/1794 2342/1/1793 
f 2335/1/1786 2336/1/1787 2344/1/1795 2343/1/1794 
f 2336/1/1787 2330/1/1781 2338/1/1789 2344/1/1795 
f 2338/1/1789 2337/1/1788 2345/1/1796 2346/1/1797 
f 2337/1/1788 2339/1/1790 2347/1/1798 2345/1/1796 
f 2339/1/1790 2340/1/1791 2348/1/1799 2347/1/1798 
f 2340/1/1791 2341/1/1792 2349/1/1800 2348/1/1799 
f 2341/1/1792 2342/1/1793 2350/1/1801 2349/1/1800 
f 2342/1/1793 2343/1/1794 2351/1/1802 2350/1/1801 
f 2343/1/1794 2344/1/1795 2352/1/1803 2351/1/1802 
f 2344/1/1795 2338/1/1789 2346/1/1797 2352/1/1803 
f 2346/1/1797 2345/1/1796 2353/1/1804 2354/1/1805 
f 2345/1/1796 2347/1/1798 2355/1/1806 2353/1/1804 
f 2347/1/1798 2348/1/1799 2356/1/1807 2355/1/1806 
f 2348/1/1799 2349/1/1800 2357/1/1808 2356/1/1807 
f 2349/1/1800 2350/1/1801 2358/1/1809 2357/1/1808 
f 2350/1/1801 2351/1/1802 2359/1/1810 2358/1/1809 
f 2351/1/1802 2352/1/1803 2360/1/1811 2359/1/1810 
f 2352/1/1803 2346/1/1797 2354/1/1805 2360/1/1811 
f 2354/1/1805 2353/1/1804 2361/1/1812 2362/1/1813 
f 2353/1/1804 2355/1/1806 2363/1/1814 2361/1/1812 
f 2355/1/1806 2356/1/1807 2364/1/1815 2363/1/1814 
f 2356/1/1807 2357/1/1808 2365/1/1816 2364/1/1815 
f 2357/1/1808 2358/1/1809 2366/1/1817 2365/1/1816 
f 2358/1/1809 2359/1/1810 2367/1/1818 2366/1/1817 
f 2359/1/1810 2360/1/1811 2368/1/1819 2367/1/1818 
f 2360/1/1811 2354/1/1805 2362/1/1813 2368/1/1819 
f 2369/1/1820 2368/1/1819 2362/1/1813 2370/1/1821 
f 2370/1/1821 2362/1/1813 2361/1/1812 2371/1/1822 
f 2371/1/1822 2361/1/1812 2363/1/1814 2372/1/1823 
f 2372/1/1823 2363/1/1814 2364/1/1815 2373/1/1824 
f 2373/1/1824 2364/1/1815 2365/1/1816 2374/1/1825 
f 2374/1/1825 2365/1/1816 2366/1/1817 2375/1/1826 
f 2375/1/1826 2366/1/1817 2367/1/1818 2376/1/1827 
f 2376/1/1827 2367/1/1818 2368/1/1819 2369/1/1820 
f 2377/1/1541 2378/1/1542 2379/1/1540 2380/1/1828 
f 2380/1/1828 2379/1/1540 2381/1/1538 2382/1/1537 
f 2382/1/1537 2381/1/1538 2383/1/1535 2384/1/1534 
f 2384/1/1534 2383/1/1535 2385/1/1536 2386/1/1533 
f 2386/1/1533 2385/1/1536 2387/1/1548 2388/1/1547 
f 2388/1/1547 2387/1/1548 2389/1/1546 2390/1/1545 
f 2390/1/1545 2389/1/1546 2391/1/1544 2392/1/1543 
f 2392/1/1543 2391/1/1544 2378/1/1542 2377/1/1541 
f 2378/1/1542 2393/1/1542 2394/1/1540 2379/1/1540 
f 2379/1/1540 2394/1/1540 2395/1/1550 2381/1/1538 
f 2381/1/1538 2395/1/1550 2396/1/1549 2383/1/1535 
f 2383/1/1535 2396/1/1549 2397/1/1536 2385/1/1536 
f 2385/1/1536 2397/1/1536 2398/1/1553 2387/1/1548 
f 2387/1/1548 2398/1/1553 2399/1/1552 2389/1/1546 
f 2389/1/1546 2399/1/1552 2400/1/1551 2391/1/1544 
f 2391/1/1544 2400/1/1551 2393/1/1542 2378/1/1542 
f 2393/1/1542 2401/1/1556 2402/1/1540 2394/1/1540 
f 2394/1/1540 2402/1/1540 2403/1/1555 2395/1/1550 
f 2395/1/1550 2403/1/1555 2404/1/1549 2396/1/1549 
f 2396/1/1549 2404/1/1549 2405/1/1554 2397/1/1536 
f 2397/1/1536 2405/1/1554 2406/1/1559 2398/1/1553 
f 2398/1/1553 2406/1/1559 2407/1/1558 2399/1/1552 
f 2399/1/1552 2407/1/1558 2408/1/1557 2400/1/1551 
f 2400/1/1551 2408/1/1557 2401/1/1556 2393/1/1542 
f 2401/1/1556 2409/1/1829 2410/1/1830 2402/1/1540 
f 2402/1/1540 2410/1/1830 2411/1/1562 2403/1/1555 
f 2403/1/1555 2411/1/1562 2412/1/1831 2404/1/1549 
f 2404/1/1549 2412/1/1831 2413/1/1832 2405/1/1554 
f 2405/1/1554 2413/1/1832 2414/1/1833 2406/1/1559 
f 2406/1/1559 2414/1/1833 2415/1/1566 2407/1/1558 
f 2407/1/1558 2415/1/1566 2416/1/1834 2408/1/1557 
f 2408/1/1557 2416/1/1834 2409/1/1829 2401/1/1556 
f 2409/1/1829 2417/1/1835 2418/1/1836 2410/1/1830 
f 2410/1/1830 2418/1/1836 2419/1/1837 2411/1/1562 
f 2411/1/1562 2419/1/1837 2420/1/1838 2412/1/1831 
f 2412/1/1831 2420/1/1838 2421/1/1839 2413/1/1832 
f 2413/1/1832 2421/1/1839 2422/1/1840 2414/1/1833 
f 2414/1/1833 2422/1/1840 2423/1/1841 2415/1/1566 
f 2415/1/1566 2423/1/1841 2424/1/1842 2416/1/1834 
f 2416/1/1834 2424/1/1842 2417/1/1835 2409/1/1829 
f 2425/1/1843 2426/1/1844 2427/1/1845 2428/1/1846 
f 2428/1/1846 2427/1/1845 2429/1/1847 2430/1/1580 
f 2430/1/1580 2429/1/1847 2431/1/1848 2432/1/1849 
f 2432/1/1849 2431/1/1848 2433/1/1850 2434/1/1851 
f 2434/1/1851 2433/1/1850 2435/1/1852 2436/1/1853 
f 2436/1/1853 2435/1/1852 2437/1/1854 2438/1/1855 
f 2438/1/1855 2437/1/1854 2439/1/1856 2440/1/1857 
f 2440/1/1857 2439/1/1856 2426/1/1844 2425/1/1843 
f 2426/1/1844 2441/1/1858 2442/1/1859 2427/1/1845 
f 2427/1/1845 2442/1/1859 2443/1/1860 2429/1/1847 
f 2429/1/1847 2443/1/1860 2444/1/1861 2431/1/1848 
f 2431/1/1848 2444/1/1861 2445/1/1862 2433/1/1850 
f 2433/1/1850 2445/1/1862 2446/1/1863 2435/1/1852 
f 2435/1/1852 2446/1/1863 2447/1/1854 2437/1/1854 
f 2437/1/1854 2447/1/1854 2448/1/1864 2439/1/1856 
f 2439/1/1856 2448/1/1864 2441/1/1858 2426/1/1844 
f 2441/1/1858 2449/1/1865 2450/1/1866 2442/1/1859 
f 2442/1/1859 2450/1/1866 2451/1/1867 2443/1/1860 
f 2443/1/1860 2451/1/1867 2452/1/1868 2444/1/1861 
f 2444/1/1861 2452/1/1868 2453/1/1869 2445/1/1862 
f 2445/1/1862 2453/1/1869 2454/1/1870 2446/1/1863 
f 2446/1/1863 2454/1/1870 2455/1/1871 2447/1/1854 
f 2447/1/1854 2455/1/1871 2456/1/1872 2448/1/1864 
f 2448/1/1864 2456/1/1872 2449/1/1865 2441/1/1858 
f 2449/1/1865 2457/1/1873 2458/1/1874 2450/1/1866 
f 2450/1/1866 2458/1/1874 2459/1/1875 2451/1/1867 
f 2451/1/1867 2459/1/1875 2460/1/1876 2452/1/1868 
f 2452/1/1868 2460/1/1876 2461/1/1877 2453/1/1869 
f 2453/1/1869 2461/1/1877 2462/1/1878 2454/1/1870 
f 2454/1/1870 2462/1/1878 2463/1/1879 2455/1/1871 
f 2455/1/1871 2463/1/1879 2464/1/1880 2456/1/1872 
f 2456/1/1872 2464/1/1880 2457/1/1873 2449/1/1865 
f 2457/1/1873 2465/1/1881 2466/1/1882 2458/1/1874 
f 2458/1/1874 2466/1/1882 2467/1/1883 2459/1/1875 
f 2459/1/1875 2467/1/1883 2468/1/1884 2460/1/1876 
f 2460/1/1876 2468/1/1884 2469/1/1885 2461/1/1877 
f 2461/1/1877 2469/1/1885 2470/1/1886 2462/1/1878 
f 2462/1/1878 2470/1/1886 2471/1/1887 2463/1/1879 
f 2463/1/1879 2471/1/1887 2472/1/1888 2464/1/1880 
f 2464/1/1880 2472/1/1888 2465/1/1881 2457/1/1873 
f 2465/1/1881 2473/1/1889 2474/1/1890 2466/1/1882 
f 2466/1/1882 2474/1/1890 2475/1/1891 2467/1/1883 
f 2467/1/1883 2475/1/1891 2476/1/1892 2468/1/1884 
f 2468/1/1884 2476/1/1892 2477/1/1893 2469/1/1885 
f 2469/1/1885 2477/1/1893 2478/1/1894 2470/1/1886 
f 2470/1/1886 2478/1/1894 2479/1/1895 2471/1/1887 
f 2471/1/1887 2479/1/1895 2480/1/1896 2472/1/1888 
f 2472/1/1888 2480/1/1896 2473/1/1889 2465/1/1881 
f 2473/1/1889 2481/1/1897 2482/1/1898 2474/1/1890 
f 2474/1/1890 2482/1/1898 2483/1/1899 2475/1/1891 
f 2475/1/1891 2483/1/1899 2484/1/1900 2476/1/1892 
f 2476/1/1892 2484/1/1900 2485/1/1901 2477/1/1893 
f 2477/1/1893 2485/1/1901 2486/1/1902 2478/1/1894 
f 2478/1/1894 2486/1/1902 2487/1/1903 2479/1/1895 
f 2479/1/1895 2487/1/1903 2488/1/1904 2480/1/1896 
f 2480/1/1896 2488/1/1904 2481/1/1897 2473/1/1889 
f 2481/1/1897 2489/1/1905 2490/1/1906 2482/1/1898 
f 2482/1/1898 2490/1/1906 2491/1/1907 2483/1/1899 
f 2483/1/1899 2491/1/1907 2492/1/1908 2484/1/1900 
f 2484/1/1900 2492/1/1908 2493/1/1909 2485/1/1901 
f 2485/1/1901 2493/1/1909 2494/1/1910 2486/1/1902 
f 2486/1/1902 2494/1/1910 2495/1/1911 2487/1/1903 
f 2487/1/1903 2495/1/1911 2496/1/1912 2488/1/1904 
f 2488/1/1904 2496/1/1912 2489/1/1905 2481/1/1897 
f 2489/1/1905 2497/1/1913 2498/1/1914 2490/1/1906 
f 2490/1/1906 2498/1/1914 2499/1/1915 2491/1/1907 
f 2491/1/1907 2499/1/1915 2500/1/1916 2492/1/1908 
f 2492/1/1908 2500/1/1916 2501/1/1917 2493/1/1909 
f 2493/1/1909 2501/1/1917 2502/1/1918 2494/1/1910 
f 2494/1/1910 2502/1/1918 2503/1/1919 2495/1/1911 
f 2495/1/1911 2503/1/1919 2504/1/1920 2496/1/1912 
f 2496/1/1912 2504/1/1920 2497/1/1913 2489/1/1905 
f 2497/1/1913 2505/1/1921 2506/1/1922 2498/1/1914 
f 2498/1/1914 2506/1/1922 2507/1/1923 2499/1/1915 
f 2499/1/1915 2507/1/1923 2508/1/1924 2500/1/1916 
f 2500/1/1916 2508/1/1924 2509/1/1925 2501/1/1917 
f 2501/1/1917 2509/1/1925 2510/1/1926 2502/1/1918 
f 2502/1/1918 2510/1/1926 2511/1/1927 2503/1/1919 
f 2503/1/1919 2511/1/1927 2512/1/1928 2504/1/1920 
f 2504/1/1920 2512/1/1928 2505/1/1921 2497/1/1913 
f 2505/1/1921 2513/1/1929 2514/1/1930 2506/1/1922 
f 2506/1/1922 2514/1/1930 2515/1/1931 2507/1/1923 
f 2507/1/1923 2515/1/1931 2516/1/1932 2508/1/1924 
f 2508/1/1924 2516/1/1932 2517/1/1933 2509/1/1925 
f 2509/1/1925 2517/1/1933 2518/1/1934 2510/1/1926 
f 2510/1/1926 2518/1/1934 2519/1/1935 2511/1/1927 
f 2511/1/1927 2519/1/1935 2520/1/1936 2512/1/1928 
f 2512/1/1928 2520/1/1936 2513/1/1929 2505/1/1921 
f 2513/1/1929 2521/1/1937 2522/1/1938 2514/1/1930 
f 2514/1/1930 2522/1/1938 2523/1/1939 2515/1/1931 
f 2515/1/1931 2523/1/1939 2524/1/1940 2516/1/1932 
f 2516/1/1932 2524/1/1940 2525/1/1941 2517/1/1933 
f 2517/1/1933 2525/1/1941 2526/1/1942 2518/1/1934 
f 2518/1/1934 2526/1/1942 2527/1/1943 2519/1/1935 
f 2519/1/1935 2527/1/1943 2528/1/1944 2520/1/1936 
f 2520/1/1936 2528/1/1944 2521/1/1937 2513/1/1929 
f 2521/1/1937 2529/1/1945 2530/1/1946 2522/1/1938 
f 2522/1/1938 2530/1/1946 2531/1/1947 2523/1/1939 
f 2523/1/1939 2531/1/1947 2532/1/1948 2524/1/1940 
f 2524/1/1940 2532/1/1948 2533/1/1949 2525/1/1941 
f 2525/1/1941 2533/1/1949 2534/1/1950 2526/1/1942 
f 2526/1/1942 2534/1/1950 2535/1/1951 2527/1/1943 
f 2527/1/1943 2535/1/1951 2536/1/1952 2528/1/1944 
f 2528/1/1944 2536/1/1952 2529/1/1945 2521/1/1937 
f 2529/1/1945 2537/1/1953 2538/1/1954 2530/1/1946 
f 2530/1/1946 2538/1/1954 2539/1/1955 2531/1/1947 
f 2531/1/1947 2539/1/1955 2540/1/1956 2532/1/1948 
f 2532/1/1948 2540/1/1956 2541/1/1957 2533/1/1949 
f 2533/1/1949 2541/1/1957 2542/1/1958 2534/1/1950 
f 2534/1/1950 2542/1/1958 2543/1/1959 2535/1/1951 
f 2535/1/1951 2543/1/1959 2544/1/1960 2536/1/1952 
f 2536/1/1952 2544/1/1960 2537/1/1953 2529/1/1945 
f 2537/1/1953 2545/1/1961 2546/1/1962 2538/1/1954 
f 2538/1/1954 2546/1/1962 2547/1/1963 2539/1/1955 
f 2539/1/1955 2547/1/1963 2548/1/1964 2540/1/1956 
f 2540/1/1956 2548/1/1964 2549/1/1965 2541/1/1957 
f 2541/1/1957 2549/1/1965 2550/1/1966 2542/1/1958 
f 2542/1/1958 2550/1/1966 2551/1/1967 2543/1/1959 
f 2543/1/1959 2551/1/1967 2552/1/1968 2544/1/1960 
f 2544/1/1960 2552/1/1968 2545/1/1961 2537/1/1953 
f 2545/1/1961 2553/1/1969 2554/1/1970 2546/1/1962 
f 2546/1/1962 2554/1/1970 2555/1/1971 2547/1/1963 
f 2547/1/1963 2555/1/1971 2556/1/1972 2548/1/1964 
f 2548/1/1964 2556/1/1972 2557/1/1973 2549/1/1965 
f 2549/1/1965 2557/1/1973 2558/1/1974 2550/1/1966 
f 2550/1/1966 2558/1/1974 2559/1/1975 2551/1/1967 
f 2551/1/1967 2559/1/1975 2560/1/1976 2552/1/1968 
f 2552/1/1968 2560/1/1976 2553/1/1969 2545/1/1961 
f 2553/1/1969 2561/1/1977 2562/1/1978 2554/1/1970 
f 2554/1/1970 2562/1/1978 2563/1/1979 2555/1/1971 
f 2555/1/1971 2563/1/1979 2564/1/1980 2556/1/1972 
f 2556/1/1972 2564/1/1980 2565/1/1981 2557/1/1973 
f 2557/1/1973 2565/1/1981 2566/1/1982 2558/1/1974 
f 2558/1/1974 2566/1/1982 2567/1/1983 2559/1/1975 
f 2559/1/1975 2567/1/1983 2568/1/1984 2560/1/1976 
f 2560/1/1976 2568/1/1984 2561/1/1977 2553/1/1969 
f 2561/1/1977 2569/1/1985 2570/1/1986 2562/1/1978 
f 2562/1/1978 2570/1/1986 2571/1/1987 2563/1/1979 
f 2563/1/1979 2571/1/1987 2572/1/1988 2564/1/1980 
f 2564/1/1980 2572/1/1988 2573/1/1989 2565/1/1981 
f 2565/1/1981 2573/1/1989 2574/1/1990 2566/1/1982 
f 2566/1/1982 2574/1/1990 2575/1/1991 2567/1/1983 
f 2567/1/1983 2575/1/1991 2576/1/1992 2568/1/1984 
f 2568/1/1984 2576/1/1992 2569/1/1985 2561/1/1977 
f 2569/1/1985 2577/1/1993 2578/1/1994 2570/1/1986 
f 2570/1/1986 2578/1/1994 2579/1/1995 2571/1/1987 
f 2571/1/1987 2579/1/1995 2580/1/1996 2572/1/1988 
f 2572/1/1988 2580/1/1996 2581/1/1997 2573/1/1989 
f 2573/1/1989 2581/1/1997 2582/1/1998 2574/1/1990 
f 2574/1/1990 2582/1/1998 2583/1/1999 2575/1/1991 
f 2575/1/1991 2583/1/1999 2584/1/2000 2576/1/1992 
f 2576/1/1992 2584/1/2000 2577/1/1993 2569/1/1985 
f 2577/1/1993 2585/1/2001 2586/1/2002 2578/1/1994 
f 2578/1/1994 2586/1/2002 2587/1/2003 2579/1/1995 
f 2579/1/1995 2587/1/2003 2588/1/2004 2580/1/1996 
f 2580/1/1996 2588/1/2004 2589/1/2005 2581/1/1997 
f 2581/1/1997 2589/1/2005 2590/1/2006 2582/1/1998 
f 2582/1/1998 2590/1/2006 2591/1/2007 2583/1/1999 
f 2583/1/1999 2591/1/2007 2592/1/2008 2584/1/2000 
f 2584/1/2000 2592/1/2008 2585/1/2001 2577/1/1993 
f 2585/1/2001 2593/1/2009 2594/1/2010 2586/1/2002 
f 2586/1/2002 2594/1/2010 2595/1/2011 2587/1/2003 
f 2587/1/2003 2595/1/2011 2596/1/2012 2588/1/2004 
f 2588/1/2004 2596/1/2012 2597/1/2013 2589/1/2005 
f 2589/1/2005 2597/1/2013 2598/1/2014 2590/1/2006 
f 2590/1/2006 2598/1/2014 2599/1/2015 2591/1/2007 
f 2591/1/2007 2599/1/2015 2600/1/2016 2592/1/2008 
f 2592/1/2008 2600/1/2016 2593/1/2009 2585/1/2001 
f 2593/1/2009 2601/1/2017 2602/1/2018 2594/1/2010 
f 2594/1/2010 2602/1/2018 2603/1/2019 2595/1/2011 
f 2595/1/2011 2603/1/2019 2604/1/2020 2596/1/2012 
f 2596/1/2012 2604/1/2020 2605/1/2021 2597/1/2013 
f 2597/1/2013 2605/1/2021 2606/1/2022 2598/1/2014 
f 2598/1/2014 2606/1/2022 2607/1/2023 2599/1/2015 
f 2599/1/2015 2607/1/2023 2608/1/2024 2600/1/2016 
f 2600/1/2016 2608/1/2024 2601/1/2017 2593/1/2009 
f 2601/1/2017 2609/1/2025 2610/1/2026 2602/1/2018 
f 2602/1/2018 2610/1/2026 2611/1/2027 2603/1/2019 
f 2603/1/2019 2611/1/2027 2612/1/2028 2604/1/2020 
f 2604/1/2020 2612/1/2028 2613/1/2029 2605/1/2021 
f 2605/1/2021 2613/1/2029 2614/1/2030 2606/1/2022 
f 2606/1/2022 2614/1/2030 2615/1/2031 2607/1/2023 
f 2607/1/2023 2615/1/2031 2616/1/2032 2608/1/2024 
f 2608/1/2024 2616/1/2032 2609/1/2025 2601/1/2017 
f 2609/1/2025 2617/1/2033 2618/1/2034 2610/1/2026 
f 2610/1/2026 2618/1/2034 2619/1/2035 2611/1/2027 
f 2611/1/2027 2619/1/2035 2620/1/2036 2612/1/2028 
f 2612/1/2028 2620/1/2036 2621/1/2037 2613/1/2029 
f 2613/1/2029 2621/1/2037 2622/1/2038 2614/1/2030 
f 2614/1/2030 2622/1/2038 2623/1/2039 2615/1/2031 
f 2615/1/2031 2623/1/2039 2624/1/2040 2616/1/2032 
f 2616/1/2032 2624/1/2040 2617/1/2033 2609/1/2025 
f 2617/1/2033 2625/1/2041 2626/1/2042 2618/1/2034 
f 2618/1/2034 2626/1/2042 2627/1/2043 2619/1/2035 
f 2619/1/2035 2627/1/2043 2628/1/2044 2620/1/2036 
f 2620/1/2036 2628/1/2044 2629/1/2045 2621/1/2037 
f 2621/1/2037 2629/1/2045 2630/1/2046 2622/1/2038 
f 2622/1/2038 2630/1/2046 2631/1/2047 2623/1/2039 
f 2623/1/2039 2631/1/2047 2632/1/2048 2624/1/2040 
f 2624/1/2040 2632/1/2048 2625/1/2041 2617/1/2033 
f 2625/1/2041 2633/1/2049 2634/1/2050 2626/1/2042 
f 2626/1/2042 2634/1/2050 2635/1/2051 2627/1/2043 
f 2627/1/2043 2635/1/2051 2636/1/2052 2628/1/2044 
f 2628/1/2044 2636/1/2052 2637/1/2053 2629/1/2045 
f 2629/1/2045 2637/1/2053 2638/1/2054 2630/1/2046 
f 2630/1/2046 2638/1/2054 2639/1/2055 2631/1/2047 
f 2631/1/2047 2639/1/2055 2640/1/2056 2632/1/2048 
f 2632/1/2048 2640/1/2056 2633/1/2049 2625/1/2041 
f 2633/1/2049 2641/1/2057 2642/1/2058 2634/1/2050 
f 2634/1/2050 2642/1/2058 2643/1/2059 2635/1/2051 
f 2635/1/2051 2643/1/2059 2644/1/2060 2636/1/2052 
f 2636/1/2052 2644/1/2060 2645/1/2061 2637/1/2053 
f 2637/1/2053 2645/1/2061 2646/1/2062 2638/1/2054 
f 2638/1/2054 2646/1/2062 2647/1/2063 2639/1/2055 
f 2639/1/2055 2647/1/2063 2648/1/2064 2640/1/2056 
f 2640/1/2056 2648/1/2064 2641/1/2057 2633/1/2049 
f 2641/1/2057 2649/1/2065 2650/1/2066 2642/1/2058 
f 2642/1/2058 2650/1/2066 2651/1/2067 2643/1/2059 
f 2643/1/2059 2651/1/2067 2652/1/2068 2644/1/2060 
f 2644/1/2060 2652/1/2068 2653/1/2069 2645/1/2061 
f 2645/1/2061 2653/1/2069 2654/1/2070 2646/1/2062 
f 2646/1/2062 2654/1/2070 2655/1/2071 2647/1/2063 
f 2647/1/2063 2655/1/2071 2656/1/2072 2648/1/2064 
f 2648/1/2064 2656/1/2072 2649/1/2065 2641/1/2057 
f 2649/1/2065 2657/1/2073 2658/1/2074 2650/1/2066 
f 2650/1/2066 2658/1/2074 2659/1/2075 2651/1/2067 
f 2651/1/2067 2659/1/2075 2660/1/2076 2652/1/2068 
f 2652/1/2068 2660/1/2076 2661/1/2077 2653/1/2069 
f 2653/1/2069 2661/1/2077 2662/1/2078 2654/1/2070 
f 2654/1/2070 2662/1/2078 2663/1/2079 2655/1/2071 
f 2655/1/2071 2663/1/2079 2664/1/2080 2656/1/2072 
f 2656/1/2072 2664/1/2080 2657/1/2073 2649/1/2065 
f 2657/1/2073 2665/1/2081 2666/1/2082 2658/1/2074 
f 2658/1/2074 2666/1/2082 2667/1/2083 2659/1/2075 
f 2659/1/2075 2667/1/2083 2668/1/2084 2660/1/2076 
f 2660/1/2076 2668/1/2084 2669/1/2085 2661/1/2077 
f 2661/1/2077 2669/1/2085 2670/1/2086 2662/1/2078 
f 2662/1/2078 2670/1/2086 2671/1/2087 2663/1/2079 
f 2663/1/2079 2671/1/2087 2672/1/2088 2664/1/2080 
f 2664/1/2080 2672/1/2088 2665/1/2081 2657/1/2073 
f 2369/1/1820 2370/1/1821 2665/1/2081 2672/1/2088 
f 2370/1/1821 2371/1/1822 2666/1/2082 2665/1/2081 
f 2371/1/1822 2372/1/1823 2667/1/2083 2666/1/2082 
f 2372/1/1823 2373/1/1824 2668/1/2084 2667/1/2083 
f 2373/1/1824 2374/1/1825 2669/1/2085 2668/1/2084 
f 2374/1/1825 2375/1/1826 2670/1/2086 2669/1/2085 
f 2375/1/1826 2376/1/1827 2671/1/2087 2670/1/2086 
f 2376/1/1827 2369/1/1820 2672/1/2088 2671/1/2087 
f 2673/1/2089 2074/1/1534 2073/1/1533 2674/1/2090 
f 2675/1/2091 2077/1/1537 2074/1/1534 2673/1/2089 
f 2676/1/2092 2079/1/1539 2077/1/1537 2675/1/2091 
f 2677/1/2093 2081/1/1541 2079/1/1539 2676/1/2092 
f 2678/1/2094 2083/1/1543 2081/1/1541 2677/1/2093 
f 2679/1/2095 2085/1/1545 2083/1/1543 2678/1/2094 
f 2680/1/2096 2087/1/1547 2085/1/1545 2679/1/2095 
f 2674/1/2090 2073/1/1533 2087/1/1547 2680/1/2096 
f 2681/1/2093 2377/1/1541 2380/1/1828 2682/1/2092 
f 2682/1/2092 2380/1/1828 2382/1/1537 2683/1/2091 
f 2683/1/2091 2382/1/1537 2384/1/1534 2684/1/2089 
f 2684/1/2089 2384/1/1534 2386/1/1533 2685/1/2090 
f 2685/1/2090 2386/1/1533 2388/1/1547 2686/1/2096 
f 2686/1/2096 2388/1/1547 2390/1/1545 2687/1/2095 
f 2687/1/2095 2390/1/1545 2392/1/1543 2688/1/2094 
f 2688/1/2094 2392/1/1543 2377/1/1541 2681/1/2093 
f 2419/1/1837 2418/1/1836 2428/1/1846 2430/1/1580 
f 2117/1/1572 2129/1/1584 2127/1/1582 2116/1/1571 
f 2120/1/1575 2114/1/1569 2121/1/1576 2135/1/1590 
f 2420/1/1838 2419/1/1837 2430/1/1580 2432/1/1849 
f 2115/1/1570 2125/1/1580 2122/1/1577 2113/1/1568 
f 2116/1/1571 2127/1/1582 2125/1/1580 2115/1/1570 
f 2421/1/1839 2420/1/1838 2432/1/1849 2434/1/1851 
f 2424/1/1842 2440/1/1857 2425/1/1843 2417/1/1835 
f 2113/1/1568 2122/1/1577 2121/1/1576 2114/1/1569 
f 2119/1/1574 2120/1/1575 2135/1/1590 2133/1/1588 
f 2421/1/1839 2434/1/1851 2436/1/1853 2422/1/1840 
f 2118/1/1573 2119/1/1574 2133/1/1588 2131/1/1586 
f 2422/1/1840 2436/1/1853 2438/1/1855 2423/1/1841 
f 2117/1/1572 2118/1/1573 2131/1/1586 2129/1/1584 
f 2423/1/1841 2438/1/1855 2440/1/1857 2424/1/1842 
f 2418/1/1836 2417/1/1835 2425/1/1843 2428/1/1846 
f 2679/1/2095 2689/1/2097 2690/1/2098 2680/1/2096 
f 2678/1/2094 2691/1/2099 2689/1/2097 2679/1/2095 
f 2677/1/2093 2692/1/2100 2691/1/2099 2678/1/2094 
f 2680/1/2096 2690/1/2098 2693/1/2101 2674/1/2090 
f 2676/1/2092 2694/1/2102 2692/1/2100 2677/1/2093 
f 2675/1/2091 2695/1/2103 2694/1/2102 2676/1/2092 
f 2673/1/2089 2696/1/2104 2695/1/2103 2675/1/2091 
f 2674/1/2090 2693/1/2101 2696/1/2104 2673/1/2089 
f 2681/1/2093 2697/1/2100 2698/1/2105 2688/1/2094 
f 2685/1/2090 2699/1/2106 2700/1/2104 2684/1/2089 
f 2684/1/2089 2700/1/2104 2701/1/2103 2683/1/2091 
f 2683/1/2091 2701/1/2103 2702/1/2102 2682/1/2092 
f 2682/1/2092 2702/1/2102 2697/1/2100 2681/1/2093 
f 2688/1/2094 2698/1/2105 2703/1/2097 2687/1/2095 
f 2687/1/2095 2703/1/2097 2704/1/2098 2686/1/2096 
f 2686/1/2096 2704/1/2098 2699/1/2106 2685/1/2090 
usemtl Kitchen_Chair_Plastic
f 2705/158/2107 2706/159/2108 2707/160/2109 2708/161/2110 
f 2709/162/2111 2710/163/2112 2705/158/2107 2708/161/2110 
f 2711/164/2113 2712/165/2114 2713/166/2115 2714/167/2116 
f 2715/164/2117 2716/167/2118 2717/166/2119 2718/165/2120 
f 2719/168/2121 2707/160/2109 2706/159/2108 2720/169/2122 
f 2720/169/2122 2721/170/2123 2722/171/2124 2719/168/2121 
f 2723/169/2125 2724/168/2126 2725/171/2127 2726/170/2128 
f 2721/170/2123 2713/166/2115 2712/165/2114 2722/171/2124 
f 2726/170/2128 2725/171/2127 2718/165/2120 2717/166/2119 
f 2727/172/2129 2706/159/2108 2705/158/2107 2728/173/2130 
f 2728/173/2130 2705/158/2107 2710/163/2112 2729/174/2131 
f 2730/175/2132 2720/169/2122 2706/159/2108 2727/172/2129 
f 2720/169/2122 2730/175/2132 2731/176/2133 2721/170/2123 
f 2723/169/2125 2726/170/2128 2732/176/2134 2733/175/2135 
f 2721/170/2123 2731/176/2133 2734/177/2136 2713/166/2115 
f 2726/170/2128 2717/166/2119 2735/177/2137 2732/176/2134 
f 2713/166/2115 2734/177/2136 2736/178/2138 2714/167/2116 
f 2717/166/2119 2716/167/2118 2737/178/2139 2735/177/2137 
f 2738/179/2140 2739/180/2141 2740/181/2142 2741/182/2143 
f 2742/183/2144 2743/184/2145 2744/185/2146 2745/186/2147 
f 2746/187/2148 2747/188/2149 2743/184/2145 2742/183/2144 
f 2741/182/2143 2740/181/2142 2747/188/2149 2746/187/2148 
f 2745/186/2147 2744/185/2146 2748/189/2150 2749/190/2151 
f 2749/190/2151 2748/189/2150 2750/191/2152 2751/192/2153 
f 2751/192/2153 2750/191/2152 2752/193/2154 2753/194/2155 
f 2753/194/2155 2752/193/2154 2754/195/2156 2755/196/2157 
f 2756/197/2158 2757/198/2159 2758/199/2160 2759/200/2161 
f 2760/197/2162 2761/200/2163 2762/199/2164 2763/198/2165 
f 2764/201/2166 2711/164/2113 2714/167/2116 2765/202/2167 
f 2766/201/2168 2767/202/2169 2716/167/2118 2715/164/2117 
f 2759/200/2161 2758/199/2160 2768/203/2170 2769/204/2171 
f 2761/200/2163 2770/204/2172 2771/203/2173 2762/199/2164 
f 2765/202/2167 2714/167/2116 2736/178/2138 2772/205/2174 
f 2767/202/2169 2773/205/2175 2737/178/2139 2716/167/2118 
f 2774/206/2176 2775/207/2177 2776/208/2178 2777/209/2179 
f 2778/206/2180 2779/209/2181 2780/208/2182 2781/207/2183 
f 2782/210/2184 2755/196/2157 2754/195/2156 2783/211/2185 
f 2741/182/2143 2784/212/2186 2785/213/2187 2738/179/2140 
f 2784/212/2186 2710/163/2112 2709/162/2111 2785/213/2187 
f 2745/186/2147 2786/214/2188 2787/215/2189 2742/183/2144 
f 2786/214/2188 2727/172/2129 2728/173/2130 2787/215/2189 
f 2742/183/2144 2787/215/2189 2788/216/2190 2746/187/2148 
f 2787/215/2189 2728/173/2130 2729/174/2131 2788/216/2190 
f 2746/187/2148 2788/216/2190 2784/212/2186 2741/182/2143 
f 2788/216/2190 2729/174/2131 2710/163/2112 2784/212/2186 
f 2749/190/2151 2789/217/2191 2786/214/2188 2745/186/2147 
f 2789/217/2191 2730/175/2132 2727/172/2129 2786/214/2188 
f 2751/192/2153 2790/218/2192 2789/217/2191 2749/190/2151 
f 2790/218/2192 2731/176/2133 2730/175/2132 2789/217/2191 
f 2753/194/2155 2791/219/2193 2790/218/2192 2751/192/2153 
f 2791/219/2193 2734/177/2136 2731/176/2133 2790/218/2192 
f 2755/196/2157 2792/220/2194 2791/219/2193 2753/194/2155 
f 2792/220/2194 2736/178/2138 2734/177/2136 2791/219/2193 
f 2768/203/2170 2793/221/2195 2794/222/2196 2769/204/2171 
f 2771/203/2173 2770/204/2172 2795/222/2197 2796/221/2198 
f 2793/221/2195 2775/207/2177 2774/206/2176 2794/222/2196 
f 2796/221/2198 2795/222/2197 2778/206/2180 2781/207/2183 
f 2782/210/2184 2797/223/2199 2792/220/2194 2755/196/2157 
f 2797/223/2199 2772/205/2174 2736/178/2138 2792/220/2194 
f 2759/200/2161 2798/224/2200 2799/225/2201 2756/197/2158 
f 2761/200/2163 2760/197/2162 2800/225/2202 2801/224/2203 
f 2798/224/2200 2802/226/2204 2803/227/2205 2799/225/2201 
f 2801/224/2203 2800/225/2202 2804/227/2206 2805/226/2207 
f 2774/206/2176 2806/228/2208 2807/229/2209 2794/222/2196 
f 2778/206/2180 2795/222/2197 2808/229/2210 2809/228/2180 
f 2806/228/2208 2810/230/2211 2811/231/2212 2807/229/2209 
f 2809/228/2180 2808/229/2210 2812/231/2213 2813/230/2214 
f 2794/222/2196 2807/229/2209 2814/232/2215 2769/204/2171 
f 2795/222/2197 2770/204/2172 2815/232/2216 2808/229/2210 
f 2807/229/2209 2811/231/2212 2816/233/2217 2814/232/2215 
f 2808/229/2210 2815/232/2216 2817/233/2218 2812/231/2213 
f 2777/209/2179 2818/234/2219 2806/228/2208 2774/234/2176 
f 2779/209/2181 2778/234/2180 2809/228/2180 2819/234/2220 
f 2818/234/2219 2820/235/2221 2810/230/2211 2806/235/2208 
f 2819/234/2220 2809/235/2180 2813/230/2214 2821/235/2222 
f 2769/204/2171 2814/232/2215 2798/224/2200 2759/200/2161 
f 2770/204/2172 2761/200/2163 2801/224/2203 2815/232/2216 
f 2814/232/2215 2816/233/2217 2802/226/2204 2798/224/2200 
f 2815/232/2216 2801/224/2203 2805/226/2207 2817/233/2218 
f 2822/158/2223 2823/161/2224 2824/160/2225 2825/159/2226 
f 2826/162/2227 2823/161/2224 2822/158/2223 2827/163/2228 
f 2724/168/2126 2723/169/2125 2825/159/2226 2824/160/2225 
f 2828/172/2229 2829/173/2230 2822/158/2223 2825/159/2226 
f 2829/173/2230 2830/174/2231 2827/163/2228 2822/158/2223 
f 2733/175/2135 2828/172/2229 2825/159/2226 2723/169/2125 
f 2831/179/2232 2832/182/2233 2833/181/2234 2834/180/2235 
f 2835/183/2236 2836/186/2237 2837/185/2238 2838/184/2239 
f 2839/187/2240 2835/183/2236 2838/184/2239 2840/188/2241 
f 2832/182/2233 2839/187/2240 2840/188/2241 2833/181/2234 
f 2836/186/2237 2841/190/2242 2842/189/2243 2837/185/2238 
f 2841/190/2242 2843/192/2244 2844/191/2245 2842/189/2243 
f 2843/192/2244 2845/194/2246 2846/193/2247 2844/191/2245 
f 2845/194/2246 2847/196/2248 2848/195/2249 2846/193/2247 
f 2849/210/2250 2850/211/2251 2848/195/2249 2847/196/2248 
f 2832/182/2233 2831/179/2232 2851/213/2252 2852/212/2253 
f 2852/212/2253 2851/213/2252 2826/162/2227 2827/163/2228 
f 2836/186/2237 2835/183/2236 2853/215/2254 2854/214/2255 
f 2854/214/2255 2853/215/2254 2829/173/2230 2828/172/2229 
f 2835/183/2236 2839/187/2240 2855/216/2256 2853/215/2254 
f 2853/215/2254 2855/216/2256 2830/174/2231 2829/173/2230 
f 2839/187/2240 2832/182/2233 2852/212/2253 2855/216/2256 
f 2855/216/2256 2852/212/2253 2827/163/2228 2830/174/2231 
f 2841/190/2242 2836/186/2237 2854/214/2255 2856/217/2257 
f 2856/217/2257 2854/214/2255 2828/172/2229 2733/175/2135 
f 2843/192/2244 2841/190/2242 2856/217/2257 2857/218/2258 
f 2857/218/2258 2856/217/2257 2733/175/2135 2732/176/2134 
f 2845/194/2246 2843/192/2244 2857/218/2258 2858/219/2259 
f 2858/219/2259 2857/218/2258 2732/176/2134 2735/177/2137 
f 2847/196/2248 2845/194/2246 2858/219/2259 2859/220/2260 
f 2859/220/2260 2858/219/2259 2735/177/2137 2737/178/2139 
f 2849/210/2250 2847/196/2248 2859/220/2260 2860/223/2261 
f 2860/223/2261 2859/220/2260 2737/178/2139 2773/205/2175 
f 2810/230/2211 2861/230/2262 2862/231/2263 2811/231/2212 
f 2811/231/2212 2862/231/2263 2863/233/2264 2816/233/2217 
f 2820/235/2221 2864/236/2265 2861/230/2262 2810/230/2211 
f 2816/233/2217 2863/233/2264 2865/226/2266 2802/226/2204 
f 2866/226/2266 2805/226/2207 2804/227/2206 2867/227/2267 
f 2861/230/2262 2868/230/2268 2869/231/2263 2862/231/2263 
f 2868/230/2268 2813/230/2214 2812/231/2213 2869/231/2263 
f 2862/231/2263 2869/231/2263 2870/233/2264 2863/233/2264 
f 2869/231/2263 2812/231/2213 2817/233/2218 2870/233/2264 
f 2864/236/2265 2871/237/2269 2868/230/2268 2861/230/2262 
f 2871/237/2269 2821/153/2222 2813/230/2214 2868/230/2268 
f 2863/233/2264 2870/233/2264 2866/226/2266 2865/226/2266 
f 2870/233/2264 2817/233/2218 2805/226/2207 2866/226/2266 
f 2872/238/2270 2873/239/2271 2874/240/2272 2875/241/2273 
f 2873/239/2271 2740/155/2142 2739/153/2141 2874/240/2272 
f 2876/155/2274 2877/242/2275 2878/243/2276 2879/238/2277 
f 2877/242/2275 2834/153/2235 2833/241/2234 2878/243/2276 
f 2880/238/2278 2881/239/2279 2873/240/2271 2872/241/2270 
f 2881/239/2279 2747/155/2149 2740/153/2142 2873/240/2271 
f 2879/155/2277 2878/242/2276 2882/243/2280 2883/238/2281 
f 2878/242/2276 2833/153/2234 2840/241/2241 2882/243/2280 
f 2884/238/2282 2885/239/2283 2881/240/2279 2880/241/2278 
f 2885/239/2283 2743/155/2145 2747/153/2149 2881/240/2279 
f 2883/155/2281 2882/242/2280 2886/243/2284 2887/238/2285 
f 2882/242/2280 2840/153/2241 2838/241/2239 2886/243/2284 
f 2888/238/2286 2889/239/2287 2885/240/2283 2884/241/2282 
f 2889/239/2287 2744/155/2146 2743/153/2145 2885/240/2283 
f 2887/155/2285 2886/242/2284 2890/243/2288 2891/238/2289 
f 2886/242/2284 2838/153/2239 2837/241/2238 2890/243/2288 
f 2892/238/2290 2893/239/2291 2889/240/2287 2888/241/2286 
f 2893/239/2291 2748/155/2150 2744/153/2146 2889/240/2287 
f 2891/155/2289 2890/242/2288 2894/243/2292 2895/238/2293 
f 2890/242/2288 2837/153/2238 2842/241/2243 2894/243/2292 
f 2896/238/2294 2897/239/2295 2893/240/2291 2892/241/2290 
f 2897/239/2295 2750/155/2152 2748/153/2150 2893/240/2291 
f 2895/155/2293 2894/242/2292 2898/243/2296 2899/238/2297 
f 2894/242/2292 2842/153/2243 2844/241/2245 2898/243/2296 
f 2900/238/2298 2901/239/2299 2897/240/2295 2896/241/2294 
f 2901/239/2299 2752/155/2154 2750/153/2152 2897/240/2295 
f 2899/155/2297 2898/242/2296 2902/243/2300 2903/238/2301 
f 2898/242/2296 2844/153/2245 2846/241/2247 2902/243/2300 
f 2904/238/2302 2905/239/2303 2901/240/2299 2900/241/2298 
f 2905/239/2303 2754/155/2156 2752/153/2154 2901/240/2299 
f 2903/155/2301 2902/242/2300 2906/243/2304 2907/238/2305 
f 2902/242/2300 2846/153/2247 2848/241/2249 2906/243/2304 
f 2908/238/2306 2909/239/2307 2905/240/2303 2904/241/2302 
f 2909/239/2307 2783/155/2185 2754/153/2156 2905/240/2303 
f 2907/155/2305 2906/242/2304 2910/243/2308 2911/238/2309 
f 2906/242/2304 2848/153/2249 2850/241/2251 2910/243/2308 
f 2912/241/2310 2913/240/2311 2914/244/2312 2915/245/2306 
f 2913/240/2311 2777/153/2179 2776/155/2178 2914/244/2312 
f 2916/153/2313 2917/246/2314 2918/247/2315 2919/241/2316 
f 2917/246/2314 2780/155/2182 2779/245/2181 2918/247/2315 
f 2920/248/2317 2921/249/2318 2913/244/2311 2912/245/2310 
f 2921/249/2318 2818/250/2219 2777/155/2179 2913/244/2311 
f 2919/245/2316 2918/251/2315 2922/252/2315 2923/155/2316 
f 2918/251/2315 2779/248/2181 2819/250/2220 2922/252/2315 
f 2924/253/2319 2925/254/2320 2921/255/2318 2920/248/2317 
f 2925/254/2320 2820/153/2221 2818/253/2219 2921/255/2318 
f 2923/248/2316 2922/255/2315 2926/254/2321 2927/253/2322 
f 2922/255/2315 2819/253/2220 2821/153/2222 2926/254/2321 
f 2928/253/2323 2929/254/2324 2925/254/2320 2924/253/2319 
f 2929/254/2324 2864/153/2265 2820/153/2221 2925/254/2320 
f 2930/253/2325 2931/254/2326 2929/254/2324 2928/253/2323 
f 2931/254/2326 2871/153/2269 2864/153/2265 2929/254/2324 
f 2927/253/2322 2926/254/2321 2931/254/2326 2930/253/2325 
f 2926/254/2321 2821/153/2222 2871/153/2269 2931/254/2326 
f 2932/256/2327 2933/257/2328 2934/258/2329 2935/259/2330 
f 2935/259/2330 2934/258/2329 2936/260/2331 2937/261/2332 
f 2938/262/2333 2939/263/2334 2940/264/2335 2941/265/2336 
f 2941/265/2336 2940/264/2335 2942/266/2337 2943/267/2338 
f 2939/263/2334 2932/256/2327 2935/259/2330 2940/264/2335 
f 2940/264/2335 2935/259/2330 2937/261/2332 2942/266/2337 
f 2944/263/2339 2945/262/2340 2946/265/2341 2947/264/2342 
f 2947/264/2342 2946/265/2341 2948/267/2343 2949/266/2344 
f 2950/268/2345 2938/262/2333 2941/265/2336 2951/269/2346 
f 2951/269/2346 2941/265/2336 2943/267/2338 2952/270/2347 
f 2953/257/2348 2954/256/2349 2955/259/2350 2956/258/2351 
f 2956/258/2351 2955/259/2350 2957/261/2352 2958/260/2353 
f 2945/262/2340 2959/268/2354 2960/269/2355 2946/265/2341 
f 2946/265/2341 2960/269/2355 2961/270/2356 2948/267/2343 
f 2954/256/2349 2944/263/2339 2947/264/2342 2955/259/2350 
f 2955/259/2350 2947/264/2342 2949/266/2344 2957/261/2352 
f 2962/271/2357 2953/257/2348 2956/258/2351 2963/272/2358 
f 2963/272/2358 2956/258/2351 2958/260/2353 2964/273/2359 
f 2933/257/2328 2965/271/2360 2966/272/2361 2934/258/2329 
f 2934/258/2329 2966/272/2361 2967/273/2362 2936/260/2331 
f 2967/273/2362 2966/272/2361 2968/272/2363 2969/274/2364 
f 2966/272/2361 2965/271/2360 2970/271/2365 2968/272/2363 
f 2965/275/2360 2971/276/2366 2972/276/2367 2970/271/2365 
f 2971/276/2366 2973/277/2368 2974/277/2369 2972/276/2367 
f 2975/278/2370 2976/279/2371 2977/279/2372 2978/278/2373 
f 2976/279/2371 2962/280/2357 2979/280/2374 2977/279/2372 
f 2962/271/2357 2963/272/2358 2980/272/2375 2979/280/2374 
f 2963/272/2358 2964/273/2359 2981/273/2376 2980/272/2375 
f 2964/281/2359 2982/282/2377 2983/282/2378 2981/273/2376 
f 2982/282/2377 2984/283/2379 2985/283/2380 2983/282/2378 
f 2986/284/2381 2987/285/2382 2988/285/2383 2989/284/2384 
f 2987/285/2382 2967/274/2362 2969/274/2364 2988/285/2383 
f 2990/286/2385 2977/279/2372 2979/280/2374 2991/287/2386 
f 2991/271/2386 2979/280/2374 2980/272/2375 2992/272/2387 
f 2992/272/2387 2980/272/2375 2981/273/2376 2993/273/2388 
f 2993/288/2388 2981/273/2376 2983/282/2378 2994/289/2389 
f 2972/276/2367 2995/290/2390 2996/291/2391 2970/271/2365 
f 2995/290/2390 2990/286/2385 2991/287/2386 2996/291/2391 
f 2970/271/2365 2996/271/2391 2997/272/2392 2968/272/2363 
f 2996/271/2391 2991/271/2386 2992/272/2387 2997/272/2392 
f 2968/272/2363 2997/272/2392 2998/273/2393 2969/274/2364 
f 2997/272/2392 2992/272/2387 2993/273/2388 2998/273/2393 
f 2969/274/2364 2998/292/2393 2999/293/2394 2988/285/2383 
f 2998/292/2393 2993/288/2388 2994/289/2389 2999/293/2394 
f 2978/278/2373 2977/279/2372 2990/286/2385 3000/294/2325 
f 3000/294/2325 2990/286/2385 2995/290/2390 3001/295/2395 
f 3001/295/2395 2995/290/2390 2972/276/2367 2974/277/2369 
f 2989/284/2384 2988/285/2383 2999/293/2394 3002/296/2396 
f 3002/296/2396 2999/293/2394 2994/289/2389 3003/297/2397 
f 3003/297/2397 2994/289/2389 2983/282/2378 2985/283/2380 
f 3004/158/2398 3005/161/2399 3006/160/2400 3007/159/2401 
f 3008/162/2402 3005/161/2399 3004/158/2398 3009/163/2403 
f 3010/164/2404 3011/167/2405 3012/166/2406 3013/165/2407 
f 3014/164/2408 3015/165/2409 3016/166/2410 3017/167/2411 
f 3018/168/2412 3019/169/2413 3007/159/2401 3006/160/2400 
f 3019/169/2413 3018/168/2412 3020/171/2414 3021/170/2415 
f 3022/169/2416 3023/170/2417 3024/171/2418 3025/168/2419 
f 3021/170/2415 3020/171/2414 3013/165/2407 3012/166/2406 
f 3023/170/2417 3016/166/2410 3015/165/2409 3024/171/2418 
f 3026/172/2420 3027/173/2421 3004/158/2398 3007/159/2401 
f 3027/173/2421 3028/174/2422 3009/163/2403 3004/158/2398 
f 3029/175/2423 3026/172/2420 3007/159/2401 3019/169/2413 
f 3019/169/2413 3021/170/2415 3030/176/2424 3029/175/2423 
f 3022/169/2416 3031/175/2425 3032/176/2426 3023/170/2417 
f 3021/170/2415 3012/166/2406 3033/177/2427 3030/176/2424 
f 3023/170/2417 3032/176/2426 3034/177/2428 3016/166/2410 
f 3012/166/2406 3011/167/2405 3035/178/2429 3033/177/2427 
f 3016/166/2410 3034/177/2428 3036/178/2430 3017/167/2411 
f 3037/179/2431 3038/182/2432 3039/181/2433 3040/180/2434 
f 3041/183/2435 3042/186/2436 3043/185/2437 3044/184/2438 
f 3045/187/2439 3041/183/2435 3044/184/2438 3046/188/2440 
f 3038/182/2432 3045/187/2439 3046/188/2440 3039/181/2433 
f 3042/186/2436 3047/190/2441 3048/189/2442 3043/185/2437 
f 3047/190/2441 3049/192/2443 3050/191/2444 3048/189/2442 
f 3049/192/2443 3051/194/2445 3052/193/2446 3050/191/2444 
f 3051/194/2445 3053/196/2447 3054/195/2448 3052/193/2446 
f 3055/197/2449 3056/200/2450 3057/199/2451 3058/198/2452 
f 3059/197/2453 3060/198/2454 3061/199/2455 3062/200/2456 
f 3063/201/2457 3064/202/2458 3011/167/2405 3010/164/2404 
f 3065/201/2459 3014/164/2408 3017/167/2411 3066/202/2460 
f 3056/200/2450 3067/204/2461 3068/203/2462 3057/199/2451 
f 3062/200/2456 3061/199/2455 3069/203/2463 3070/204/2464 
f 3064/202/2458 3071/205/2465 3035/178/2429 3011/167/2405 
f 3066/202/2460 3017/167/2411 3036/178/2430 3072/205/2466 
f 3073/206/2467 3074/209/2468 3075/208/2469 3076/207/2470 
f 3077/206/2471 3078/207/2472 3079/208/2473 3080/209/2474 
f 3081/210/2475 3082/211/2476 3054/195/2448 3053/196/2447 
f 3038/182/2432 3037/179/2431 3083/213/2477 3084/212/2478 
f 3084/212/2478 3083/213/2477 3008/162/2402 3009/163/2403 
f 3042/186/2436 3041/183/2435 3085/215/2479 3086/214/2480 
f 3086/214/2480 3085/215/2479 3027/173/2421 3026/172/2420 
f 3041/183/2435 3045/187/2439 3087/216/2481 3085/215/2479 
f 3085/215/2479 3087/216/2481 3028/174/2422 3027/173/2421 
f 3045/187/2439 3038/182/2432 3084/212/2478 3087/216/2481 
f 3087/216/2481 3084/212/2478 3009/163/2403 3028/174/2422 
f 3047/190/2441 3042/186/2436 3086/214/2480 3088/217/2482 
f 3088/217/2482 3086/214/2480 3026/172/2420 3029/175/2423 
f 3049/192/2443 3047/190/2441 3088/217/2482 3089/218/2483 
f 3089/218/2483 3088/217/2482 3029/175/2423 3030/176/2424 
f 3051/194/2445 3049/192/2443 3089/218/2483 3090/219/2484 
f 3090/219/2484 3089/218/2483 3030/176/2424 3033/177/2427 
f 3053/196/2447 3051/194/2445 3090/219/2484 3091/220/2485 
f 3091/220/2485 3090/219/2484 3033/177/2427 3035/178/2429 
f 3068/203/2462 3067/204/2461 3092/222/2486 3093/221/2487 
f 3069/203/2463 3094/221/2488 3095/222/2489 3070/204/2464 
f 3093/221/2487 3092/222/2486 3073/206/2467 3076/207/2470 
f 3094/221/2488 3078/207/2472 3077/206/2471 3095/222/2489 
f 3081/210/2475 3053/196/2447 3091/220/2485 3096/223/2490 
f 3096/223/2490 3091/220/2485 3035/178/2429 3071/205/2465 
f 3056/200/2450 3055/197/2449 3097/225/2491 3098/224/2492 
f 3062/200/2456 3099/224/2493 3100/225/2494 3059/197/2453 
f 3098/224/2492 3097/225/2491 3101/227/2495 3102/226/2496 
f 3099/224/2493 3103/226/2497 3104/227/2498 3100/225/2494 
f 3073/206/2467 3092/222/2486 3105/229/2499 3106/228/2500 
f 3077/206/2471 3107/228/2471 3108/229/2501 3095/222/2489 
f 3106/228/2500 3105/229/2499 3109/231/2502 3110/230/2503 
f 3107/228/2471 3111/230/2504 3112/231/2505 3108/229/2501 
f 3092/222/2486 3067/204/2461 3113/232/2506 3105/229/2499 
f 3095/222/2489 3108/229/2501 3114/232/2507 3070/204/2464 
f 3105/229/2499 3113/232/2506 3115/233/2508 3109/231/2502 
f 3108/229/2501 3112/231/2505 3116/233/2509 3114/232/2507 
f 3074/209/2468 3073/234/2467 3106/228/2500 3117/234/2510 
f 3080/209/2474 3118/234/2511 3107/228/2471 3077/234/2471 
f 3117/234/2510 3106/235/2500 3110/230/2503 3119/235/2512 
f 3118/234/2511 3120/235/2513 3111/230/2504 3107/235/2471 
f 3067/204/2461 3056/200/2450 3098/224/2492 3113/232/2506 
f 3070/204/2464 3114/232/2507 3099/224/2493 3062/200/2456 
f 3113/232/2506 3098/224/2492 3102/226/2496 3115/233/2508 
f 3114/232/2507 3116/233/2509 3103/226/2497 3099/224/2493 
f 3121/158/2514 3122/159/2515 3123/160/2516 3124/161/2517 
f 3125/162/2518 3126/163/2519 3121/158/2514 3124/161/2517 
f 3025/168/2419 3123/160/2516 3122/159/2515 3022/169/2416 
f 3127/172/2520 3122/159/2515 3121/158/2514 3128/173/2521 
f 3128/173/2521 3121/158/2514 3126/163/2519 3129/174/2522 
f 3031/175/2425 3022/169/2416 3122/159/2515 3127/172/2520 
f 3130/179/2523 3131/180/2524 3132/181/2525 3133/182/2526 
f 3134/183/2527 3135/184/2528 3136/185/2529 3137/186/2530 
f 3138/187/2531 3139/188/2532 3135/184/2528 3134/183/2527 
f 3133/182/2526 3132/181/2525 3139/188/2532 3138/187/2531 
f 3137/186/2530 3136/185/2529 3140/189/2533 3141/190/2534 
f 3141/190/2534 3140/189/2533 3142/191/2535 3143/192/2536 
f 3143/192/2536 3142/191/2535 3144/193/2537 3145/194/2538 
f 3145/194/2538 3144/193/2537 3146/195/2539 3147/196/2540 
f 3148/210/2541 3147/196/2540 3146/195/2539 3149/211/2542 
f 3133/182/2526 3150/212/2543 3151/213/2544 3130/179/2523 
f 3150/212/2543 3126/163/2519 3125/162/2518 3151/213/2544 
f 3137/186/2530 3152/214/2545 3153/215/2546 3134/183/2527 
f 3152/214/2545 3127/172/2520 3128/173/2521 3153/215/2546 
f 3134/183/2527 3153/215/2546 3154/216/2547 3138/187/2531 
f 3153/215/2546 3128/173/2521 3129/174/2522 3154/216/2547 
f 3138/187/2531 3154/216/2547 3150/212/2543 3133/182/2526 
f 3154/216/2547 3129/174/2522 3126/163/2519 3150/212/2543 
f 3141/190/2534 3155/217/2548 3152/214/2545 3137/186/2530 
f 3155/217/2548 3031/175/2425 3127/172/2520 3152/214/2545 
f 3143/192/2536 3156/218/2549 3155/217/2548 3141/190/2534 
f 3156/218/2549 3032/176/2426 3031/175/2425 3155/217/2548 
f 3145/194/2538 3157/219/2550 3156/218/2549 3143/192/2536 
f 3157/219/2550 3034/177/2428 3032/176/2426 3156/218/2549 
f 3147/196/2540 3158/220/2551 3157/219/2550 3145/194/2538 
f 3158/220/2551 3036/178/2430 3034/177/2428 3157/219/2550 
f 3148/210/2541 3159/223/2552 3158/220/2551 3147/196/2540 
f 3159/223/2552 3072/205/2466 3036/178/2430 3158/220/2551 
f 3102/226/2496 3101/227/2495 3160/227/2553 3161/226/2554 
f 3110/230/2503 3109/231/2502 3162/231/2555 3163/230/2556 
f 3109/231/2502 3115/233/2508 3164/233/2557 3162/231/2555 
f 3119/235/2512 3110/230/2503 3163/230/2556 3165/236/2558 
f 3115/233/2508 3102/226/2496 3161/226/2554 3164/233/2557 
f 3166/226/2554 3167/227/2559 3104/227/2498 3103/226/2497 
f 3163/230/2556 3162/231/2555 3168/231/2555 3169/230/2560 
f 3169/230/2560 3168/231/2555 3112/231/2505 3111/230/2504 
f 3162/231/2555 3164/233/2557 3170/233/2557 3168/231/2555 
f 3168/231/2555 3170/233/2557 3116/233/2509 3112/231/2505 
f 3165/236/2558 3163/230/2556 3169/230/2560 3171/237/2561 
f 3171/237/2561 3169/230/2560 3111/230/2504 3120/153/2513 
f 3164/233/2557 3161/226/2554 3166/226/2554 3170/233/2557 
f 3170/233/2557 3166/226/2554 3103/226/2497 3116/233/2509 
f 3172/238/2562 3173/241/2563 3174/240/2564 3175/239/2565 
f 3175/239/2565 3174/240/2564 3040/153/2434 3039/155/2433 
f 3176/155/2566 3177/238/2567 3178/243/2568 3179/242/2569 
f 3179/242/2569 3178/243/2568 3132/241/2525 3131/153/2524 
f 3180/238/2570 3172/241/2562 3175/240/2565 3181/239/2571 
f 3181/239/2571 3175/240/2565 3039/153/2433 3046/155/2440 
f 3177/155/2567 3182/238/2572 3183/243/2573 3178/242/2568 
f 3178/242/2568 3183/243/2573 3139/241/2532 3132/153/2525 
f 3184/238/2574 3180/241/2570 3181/240/2571 3185/239/2575 
f 3185/239/2575 3181/240/2571 3046/153/2440 3044/155/2438 
f 3182/155/2572 3186/238/2576 3187/243/2577 3183/242/2573 
f 3183/242/2573 3187/243/2577 3135/241/2528 3139/153/2532 
f 3188/238/2578 3184/241/2574 3185/240/2575 3189/239/2579 
f 3189/239/2579 3185/240/2575 3044/153/2438 3043/155/2437 
f 3186/155/2576 3190/238/2580 3191/243/2581 3187/242/2577 
f 3187/242/2577 3191/243/2581 3136/241/2529 3135/153/2528 
f 3192/238/2582 3188/241/2578 3189/240/2579 3193/239/2583 
f 3193/239/2583 3189/240/2579 3043/153/2437 3048/155/2442 
f 3190/155/2580 3194/238/2584 3195/243/2585 3191/242/2581 
f 3191/242/2581 3195/243/2585 3140/241/2533 3136/153/2529 
f 3196/238/2586 3192/241/2582 3193/240/2583 3197/239/2587 
f 3197/239/2587 3193/240/2583 3048/153/2442 3050/155/2444 
f 3194/155/2584 3198/238/2588 3199/243/2589 3195/242/2585 
f 3195/242/2585 3199/243/2589 3142/241/2535 3140/153/2533 
f 3200/238/2590 3196/241/2586 3197/240/2587 3201/239/2591 
f 3201/239/2591 3197/240/2587 3050/153/2444 3052/155/2446 
f 3198/155/2588 3202/238/2592 3203/243/2593 3199/242/2589 
f 3199/242/2589 3203/243/2593 3144/241/2537 3142/153/2535 
f 3204/238/2594 3200/241/2590 3201/240/2591 3205/239/2595 
f 3205/239/2595 3201/240/2591 3052/153/2446 3054/155/2448 
f 3202/155/2592 3206/238/2596 3207/243/2597 3203/242/2593 
f 3203/242/2593 3207/243/2597 3146/241/2539 3144/153/2537 
f 3208/238/2598 3204/241/2594 3205/240/2595 3209/239/2599 
f 3209/239/2599 3205/240/2595 3054/153/2448 3082/155/2476 
f 3206/155/2596 3210/238/2600 3211/243/2601 3207/242/2597 
f 3207/242/2597 3211/243/2601 3149/241/2542 3146/153/2539 
f 3212/241/2602 3213/245/2598 3214/244/2603 3215/240/2604 
f 3215/240/2604 3214/244/2603 3075/155/2469 3074/153/2468 
f 3216/153/2605 3217/241/2606 3218/247/2607 3219/246/2608 
f 3219/246/2608 3218/247/2607 3080/245/2474 3079/155/2473 
f 3220/248/2609 3212/245/2602 3215/244/2604 3221/249/2610 
f 3221/249/2610 3215/244/2604 3074/155/2468 3117/250/2510 
f 3217/245/2606 3222/155/2606 3223/252/2607 3218/251/2607 
f 3218/251/2607 3223/252/2607 3118/250/2511 3080/248/2474 
f 3224/253/2611 3220/248/2609 3221/255/2610 3225/254/2612 
f 3225/254/2612 3221/255/2610 3117/253/2510 3119/153/2512 
f 3222/248/2606 3226/253/2613 3227/254/2614 3223/255/2607 
f 3223/255/2607 3227/254/2614 3120/153/2513 3118/253/2511 
f 3228/253/2615 3224/253/2611 3225/254/2612 3229/254/2616 
f 3229/254/2616 3225/254/2612 3119/153/2512 3165/153/2558 
f 3230/253/2617 3228/253/2615 3229/254/2616 3231/254/2618 
f 3231/254/2618 3229/254/2616 3165/153/2558 3171/153/2561 
f 3226/253/2613 3230/253/2617 3231/254/2618 3227/254/2614 
f 3227/254/2614 3231/254/2618 3171/153/2561 3120/153/2513 
f 3232/256/2619 3233/259/2620 3234/258/2621 3235/257/2622 
f 3233/259/2620 3236/261/2623 3237/260/2624 3234/258/2621 
f 3238/262/2625 3239/265/2626 3240/264/2627 3241/263/2628 
f 3239/265/2626 3242/267/2629 3243/266/2630 3240/264/2627 
f 3241/263/2628 3240/264/2627 3233/259/2620 3232/256/2619 
f 3240/264/2627 3243/266/2630 3236/261/2623 3233/259/2620 
f 3244/263/2631 3245/264/2632 3246/265/2633 3247/262/2634 
f 3245/264/2632 3248/266/2635 3249/267/2636 3246/265/2633 
f 3250/268/2637 3251/269/2638 3239/265/2626 3238/262/2625 
f 3251/269/2638 3252/270/2639 3242/267/2629 3239/265/2626 
f 3253/257/2640 3254/258/2641 3255/259/2642 3256/256/2643 
f 3254/258/2641 3257/260/2644 3258/261/2645 3255/259/2642 
f 3247/262/2634 3246/265/2633 3259/269/2646 3260/268/2647 
f 3246/265/2633 3249/267/2636 3261/270/2648 3259/269/2646 
f 3256/256/2643 3255/259/2642 3245/264/2632 3244/263/2631 
f 3255/259/2642 3258/261/2645 3248/266/2635 3245/264/2632 
f 3262/271/2649 3263/272/2650 3254/258/2641 3253/257/2640 
f 3263/272/2650 3264/273/2651 3257/260/2644 3254/258/2641 
f 3235/257/2622 3234/258/2621 3265/272/2652 3266/271/2653 
f 3234/258/2621 3237/260/2624 3267/273/2654 3265/272/2652 
f 3267/273/2654 3268/274/2655 3269/272/2656 3265/272/2652 
f 3265/272/2652 3269/272/2656 3270/271/2657 3266/271/2653 
f 3266/275/2653 3270/271/2657 3271/276/2658 3272/276/2659 
f 3272/276/2659 3271/276/2658 3273/277/2660 3274/277/2661 
f 3275/278/2662 3276/278/2663 3277/279/2664 3278/279/2665 
f 3278/279/2665 3277/279/2664 3279/280/2666 3262/280/2649 
f 3262/271/2649 3279/280/2666 3280/272/2667 3263/272/2650 
f 3263/272/2650 3280/272/2667 3281/273/2668 3264/273/2651 
f 3264/281/2651 3281/273/2668 3282/282/2669 3283/282/2670 
f 3283/282/2670 3282/282/2669 3284/283/2671 3285/283/2672 
f 3286/284/2673 3287/284/2674 3288/285/2675 3289/285/2676 
f 3289/285/2676 3288/285/2675 3268/274/2655 3267/274/2654 
f 3290/286/2677 3291/287/2678 3279/280/2666 3277/279/2664 
f 3291/271/2678 3292/272/2679 3280/272/2667 3279/280/2666 
f 3292/272/2679 3293/273/2680 3281/273/2668 3280/272/2667 
f 3293/288/2680 3294/289/2681 3282/282/2669 3281/273/2668 
f 3271/276/2658 3270/271/2657 3295/291/2682 3296/290/2683 
f 3296/290/2683 3295/291/2682 3291/287/2678 3290/286/2677 
f 3270/271/2657 3269/272/2656 3297/272/2684 3295/271/2682 
f 3295/271/2682 3297/272/2684 3292/272/2679 3291/271/2678 
f 3269/272/2656 3268/274/2655 3298/273/2685 3297/272/2684 
f 3297/272/2684 3298/273/2685 3293/273/2680 3292/272/2679 
f 3268/274/2655 3288/285/2675 3299/293/2686 3298/292/2685 
f 3298/292/2685 3299/293/2686 3294/289/2681 3293/288/2680 
f 3276/278/2663 3300/294/2617 3290/286/2677 3277/279/2664 
f 3300/294/2617 3301/295/2687 3296/290/2683 3290/286/2677 
f 3301/295/2687 3273/277/2660 3271/276/2658 3296/290/2683 
f 3287/284/2674 3302/296/2688 3299/293/2686 3288/285/2675 
f 3302/296/2688 3303/297/2689 3294/289/2681 3299/293/2686 
f 3303/297/2689 3284/283/2671 3282/282/2669 3294/289/2681 
f 3304/298/2690 2707/160/2109 2719/168/2121 3305/299/2691 
f 3306/300/2692 2950/268/2345 2951/269/2346 3307/301/2693 
f 3307/301/2693 2951/269/2346 2952/270/2347 3308/302/2694 
f 3309/303/2695 2708/161/2110 2707/160/2109 3304/298/2690 
f 3310/304/2696 2712/165/2114 2711/164/2113 3311/305/2697 
f 3312/304/2698 3313/305/2699 2715/164/2117 2718/165/2120 
f 2738/179/2140 3314/306/2700 3315/307/2701 2739/180/2141 
f 2708/161/2110 3309/303/2695 3316/308/2702 2709/162/2111 
f 2823/161/2224 2826/162/2227 3317/308/2703 3318/303/2704 
f 3319/309/2705 2722/171/2124 2712/165/2114 3310/304/2696 
f 3320/309/2706 3312/304/2698 2718/165/2120 2725/171/2127 
f 3305/299/2691 2719/168/2121 2722/171/2124 3319/309/2705 
f 3321/299/2707 3320/309/2706 2725/171/2127 2724/168/2126 
f 2711/164/2113 2764/201/2166 3322/310/2708 3311/305/2697 
f 2715/164/2117 3313/305/2699 3323/310/2709 2766/201/2168 
f 2757/198/2159 2756/197/2158 3324/311/2710 3325/312/2711 
f 2763/198/2165 3326/312/2712 3327/311/2713 2760/197/2162 
f 2738/179/2140 2785/213/2187 3328/313/2714 3314/306/2700 
f 2785/213/2187 2709/162/2111 3316/308/2702 3328/313/2714 
f 2756/197/2158 2799/225/2201 3329/314/2715 3324/311/2710 
f 2760/197/2162 3327/311/2713 3330/314/2716 2800/225/2202 
f 2799/225/2201 2803/227/2205 3331/315/2717 3329/314/2715 
f 2800/225/2202 3330/314/2716 3332/315/2718 2804/227/2206 
f 3318/303/2704 3333/298/2719 2824/160/2225 2823/161/2224 
f 3333/298/2719 3321/299/2707 2724/168/2126 2824/160/2225 
f 2831/179/2232 2834/180/2235 3334/307/2720 3335/306/2721 
f 2831/179/2232 3335/306/2721 3336/313/2722 2851/213/2252 
f 2851/213/2252 3336/313/2722 3317/308/2703 2826/162/2227 
f 2959/268/2354 3337/300/2723 3338/301/2724 2960/269/2355 
f 2960/269/2355 3338/301/2724 3339/302/2725 2961/270/2356 
f 3304/298/2690 3305/299/2691 3018/168/2412 3006/160/2400 
f 3306/300/2692 3307/301/2693 3251/269/2638 3250/268/2637 
f 3307/301/2693 3308/302/2694 3252/270/2639 3251/269/2638 
f 3309/303/2695 3304/298/2690 3006/160/2400 3005/161/2399 
f 3310/304/2696 3311/305/2697 3010/164/2404 3013/165/2407 
f 3312/304/2698 3015/165/2409 3014/164/2408 3313/305/2699 
f 3037/179/2431 3040/180/2434 3315/307/2701 3314/306/2700 
f 3005/161/2399 3008/162/2402 3316/308/2702 3309/303/2695 
f 3124/161/2517 3318/303/2704 3317/308/2703 3125/162/2518 
f 3319/309/2705 3310/304/2696 3013/165/2407 3020/171/2414 
f 3320/309/2706 3024/171/2418 3015/165/2409 3312/304/2698 
f 3305/299/2691 3319/309/2705 3020/171/2414 3018/168/2412 
f 3321/299/2707 3025/168/2419 3024/171/2418 3320/309/2706 
f 3010/164/2404 3311/305/2697 3322/310/2708 3063/201/2457 
f 3014/164/2408 3065/201/2459 3323/310/2709 3313/305/2699 
f 3058/198/2452 3325/312/2711 3324/311/2710 3055/197/2449 
f 3060/198/2454 3059/197/2453 3327/311/2713 3326/312/2712 
f 3037/179/2431 3314/306/2700 3328/313/2714 3083/213/2477 
f 3083/213/2477 3328/313/2714 3316/308/2702 3008/162/2402 
f 3055/197/2449 3324/311/2710 3329/314/2715 3097/225/2491 
f 3059/197/2453 3100/225/2494 3330/314/2716 3327/311/2713 
f 3097/225/2491 3329/314/2715 3331/315/2717 3101/227/2495 
f 3100/225/2494 3104/227/2498 3332/315/2718 3330/314/2716 
f 3318/303/2704 3124/161/2517 3123/160/2516 3333/298/2719 
f 3333/298/2719 3123/160/2516 3025/168/2419 3321/299/2707 
f 3130/179/2523 3335/306/2721 3334/307/2720 3131/180/2524 
f 3130/179/2523 3151/213/2544 3336/313/2722 3335/306/2721 
f 3151/213/2544 3125/162/2518 3317/308/2703 3336/313/2722 
f 3260/268/2647 3259/269/2646 3338/301/2724 3337/300/2723 
f 3259/269/2646 3261/270/2648 3339/302/2725 3338/301/2724 
f 2943/267/2338 3340/316/2726 3341/317/2727 2952/270/2347 
f 3340/316/2726 2758/199/2160 2757/198/2159 3341/317/2727 
f 2961/270/2356 3342/317/2728 3343/316/2729 2948/267/2343 
f 3342/317/2728 2763/198/2165 2762/199/2164 3343/316/2729 
f 2942/266/2337 3344/318/2730 3340/316/2726 2943/267/2338 
f 3344/318/2730 2768/203/2170 2758/199/2160 3340/316/2726 
f 2948/267/2343 3343/316/2729 3345/318/2731 2949/266/2344 
f 3343/316/2729 2762/199/2164 2771/203/2173 3345/318/2731 
f 2967/273/2362 3346/319/2732 3347/320/2733 2936/260/2331 
f 3346/319/2732 2776/208/2178 2775/207/2177 3347/320/2733 
f 2958/260/2353 3348/320/2734 3349/319/2735 2964/273/2359 
f 3348/320/2734 2781/207/2183 2780/208/2182 3349/319/2735 
f 2936/260/2331 3347/320/2733 3350/321/2736 2937/261/2332 
f 3347/320/2733 2775/207/2177 2793/221/2195 3350/321/2736 
f 2957/261/2352 3351/321/2737 3348/320/2734 2958/260/2353 
f 3351/321/2737 2796/221/2198 2781/207/2183 3348/320/2734 
f 2937/261/2332 3350/321/2736 3344/318/2730 2942/266/2337 
f 3350/321/2736 2793/221/2195 2768/203/2170 3344/318/2730 
f 2949/266/2344 3345/318/2731 3351/321/2737 2957/261/2352 
f 3345/318/2731 2771/203/2173 2796/221/2198 3351/321/2737 
f 2986/322/2381 3352/323/2306 3353/324/2307 2987/285/2382 
f 3352/323/2306 2915/245/2306 2914/244/2312 3353/324/2307 
f 2987/285/2382 3353/324/2307 3346/325/2732 2967/274/2362 
f 3353/324/2307 2914/244/2312 2776/155/2178 3346/325/2732 
f 2982/282/2377 3354/326/2738 3355/155/2313 2984/155/2379 
f 3354/326/2738 2917/327/2314 2916/155/2313 3355/155/2313 
f 2964/281/2359 3349/328/2735 3354/326/2738 2982/282/2377 
f 3349/328/2735 2780/241/2182 2917/327/2314 3354/326/2738 
f 3252/270/2639 3356/317/2739 3357/316/2740 3242/267/2629 
f 3356/317/2739 3058/198/2452 3057/199/2451 3357/316/2740 
f 3249/267/2636 3358/316/2741 3359/317/2742 3261/270/2648 
f 3358/316/2741 3061/199/2455 3060/198/2454 3359/317/2742 
f 3242/267/2629 3357/316/2740 3360/318/2743 3243/266/2630 
f 3357/316/2740 3057/199/2451 3068/203/2462 3360/318/2743 
f 3248/266/2635 3361/318/2744 3358/316/2741 3249/267/2636 
f 3361/318/2744 3069/203/2463 3061/199/2455 3358/316/2741 
f 3237/260/2624 3362/320/2745 3363/319/2746 3267/273/2654 
f 3362/320/2745 3076/207/2470 3075/208/2469 3363/319/2746 
f 3264/273/2651 3364/319/2747 3365/320/2748 3257/260/2644 
f 3364/319/2747 3079/208/2473 3078/207/2472 3365/320/2748 
f 3236/261/2623 3366/321/2749 3362/320/2745 3237/260/2624 
f 3366/321/2749 3093/221/2487 3076/207/2470 3362/320/2745 
f 3257/260/2644 3365/320/2748 3367/321/2750 3258/261/2645 
f 3365/320/2748 3078/207/2472 3094/221/2488 3367/321/2750 
f 3243/266/2630 3360/318/2743 3366/321/2749 3236/261/2623 
f 3360/318/2743 3068/203/2462 3093/221/2487 3366/321/2749 
f 3258/261/2645 3367/321/2750 3361/318/2744 3248/266/2635 
f 3367/321/2750 3094/221/2488 3069/203/2463 3361/318/2744 
f 3289/285/2676 3368/324/2599 3369/323/2598 3286/322/2673 
f 3368/324/2599 3214/244/2603 3213/245/2598 3369/323/2598 
f 3267/274/2654 3363/325/2746 3368/324/2599 3289/285/2676 
f 3363/325/2746 3075/155/2469 3214/244/2603 3368/324/2599 
f 3285/155/2672 3370/155/2605 3371/326/2751 3283/282/2670 
f 3370/155/2605 3216/155/2605 3219/327/2608 3371/326/2751 
f 3283/282/2670 3371/326/2751 3364/328/2747 3264/281/2651 
f 3371/326/2751 3219/327/2608 3079/241/2473 3364/328/2747 
f 2952/270/2347 3341/317/2727 3372/329/2752 3308/302/2694 
f 3341/317/2727 2757/198/2159 3325/312/2711 3372/329/2752 
f 3339/302/2725 3373/329/2753 3342/317/2728 2961/270/2356 
f 3373/329/2753 3326/312/2712 2763/198/2165 3342/317/2728 
f 3308/302/2694 3372/329/2752 3356/317/2739 3252/270/2639 
f 3372/329/2752 3325/312/2711 3058/198/2452 3356/317/2739 
f 3261/270/2648 3359/317/2742 3373/329/2753 3339/302/2725 
f 3359/317/2742 3060/198/2454 3326/312/2712 3373/329/2753 
f 2783/211/2185 3374/330/2754 3375/331/2755 2782/210/2184 
f 3374/330/2754 2965/271/2360 2933/257/2328 3375/331/2755 
f 2908/241/2306 3376/332/2306 3377/333/2312 2909/240/2307 
f 3376/332/2306 2973/334/2368 2971/276/2366 3377/333/2312 
f 2850/153/2251 3378/335/2756 3379/336/2308 2910/242/2308 
f 3378/335/2756 2962/280/2357 2976/279/2371 3379/336/2308 
f 2766/201/2168 3380/337/2757 3381/338/2758 2767/202/2169 
f 3380/337/2757 2959/268/2354 2945/262/2340 3381/338/2758 
f 2773/205/2175 3382/339/2339 3383/340/2349 2860/223/2261 
f 3382/339/2339 2944/263/2339 2954/256/2349 3383/340/2349 
f 2765/202/2167 3384/338/2759 3385/337/2760 2764/201/2166 
f 3384/338/2759 2938/262/2333 2950/268/2345 3385/337/2760 
f 2797/223/2199 3386/340/2327 3387/339/2334 2772/205/2174 
f 3386/340/2327 2932/256/2327 2939/263/2334 3387/339/2334 
f 2782/210/2184 3375/331/2755 3386/340/2327 2797/223/2199 
f 3375/331/2755 2933/257/2328 2932/256/2327 3386/340/2327 
f 2767/202/2169 3381/338/2758 3382/339/2339 2773/205/2175 
f 3381/338/2758 2945/262/2340 2944/263/2339 3382/339/2339 
f 2860/223/2261 3383/340/2349 3388/331/2761 2849/210/2250 
f 3383/340/2349 2954/256/2349 2953/257/2348 3388/331/2761 
f 2849/210/2250 3388/331/2761 3378/330/2756 2850/211/2251 
f 3388/331/2761 2953/257/2348 2962/271/2357 3378/330/2756 
f 2910/242/2308 3379/336/2308 3389/341/2762 2911/155/2309 
f 3379/336/2308 2976/279/2371 2975/342/2370 3389/341/2762 
f 2909/240/2307 3377/333/2312 3374/343/2754 2783/153/2185 
f 3377/333/2312 2971/276/2366 2965/275/2360 3374/343/2754 
f 2772/205/2174 3387/339/2334 3384/338/2759 2765/202/2167 
f 3387/339/2334 2939/263/2334 2938/262/2333 3384/338/2759 
f 3081/210/2475 3390/331/2763 3391/330/2764 3082/211/2476 
f 3390/331/2763 3235/257/2622 3266/271/2653 3391/330/2764 
f 3209/240/2599 3392/333/2603 3393/332/2598 3208/241/2598 
f 3392/333/2603 3272/276/2659 3274/334/2661 3393/332/2598 
f 3211/242/2601 3394/336/2601 3395/335/2765 3149/153/2542 
f 3394/336/2601 3278/279/2665 3262/280/2649 3395/335/2765 
f 3066/202/2460 3396/338/2766 3397/337/2767 3065/201/2459 
f 3396/338/2766 3247/262/2634 3260/268/2647 3397/337/2767 
f 3159/223/2552 3398/340/2643 3399/339/2631 3072/205/2466 
f 3398/340/2643 3256/256/2643 3244/263/2631 3399/339/2631 
f 3063/201/2457 3400/337/2768 3401/338/2769 3064/202/2458 
f 3400/337/2768 3250/268/2637 3238/262/2625 3401/338/2769 
f 3071/205/2465 3402/339/2628 3403/340/2619 3096/223/2490 
f 3402/339/2628 3241/263/2628 3232/256/2619 3403/340/2619 
f 3096/223/2490 3403/340/2619 3390/331/2763 3081/210/2475 
f 3403/340/2619 3232/256/2619 3235/257/2622 3390/331/2763 
f 3072/205/2466 3399/339/2631 3396/338/2766 3066/202/2460 
f 3399/339/2631 3244/263/2631 3247/262/2634 3396/338/2766 
f 3148/210/2541 3404/331/2770 3398/340/2643 3159/223/2552 
f 3404/331/2770 3253/257/2640 3256/256/2643 3398/340/2643 
f 3149/211/2542 3395/330/2765 3404/331/2770 3148/210/2541 
f 3395/330/2765 3262/271/2649 3253/257/2640 3404/331/2770 
f 3210/155/2600 3405/341/2771 3394/336/2601 3211/242/2601 
f 3405/341/2771 3275/342/2662 3278/279/2665 3394/336/2601 
f 3082/153/2476 3391/343/2764 3392/333/2603 3209/240/2599 
f 3391/343/2764 3266/275/2653 3272/276/2659 3392/333/2603 
f 3064/202/2458 3401/338/2769 3402/339/2628 3071/205/2465 
f 3401/338/2769 3238/262/2625 3241/263/2628 3402/339/2628 
f 2764/201/2166 3385/337/2760 3406/344/2772 3322/310/2708 
f 3385/337/2760 2950/268/2345 3306/300/2692 3406/344/2772 
f 3323/310/2709 3407/344/2773 3380/337/2757 2766/201/2168 
f 3407/344/2773 3337/300/2723 2959/268/2354 3380/337/2757 
f 3322/310/2708 3406/344/2772 3400/337/2768 3063/201/2457 
f 3406/344/2772 3306/300/2692 3250/268/2637 3400/337/2768 
f 3065/201/2459 3397/337/2767 3407/344/2773 3323/310/2709 
f 3397/337/2767 3260/268/2647 3337/300/2723 3407/344/2773 
f 3408/278/2774 2872/238/2270 2875/241/2273 3409/278/2775 
f 3410/278/2776 2880/238/2278 2872/241/2270 3408/278/2774 
f 3411/278/2777 2884/238/2282 2880/241/2278 3410/278/2776 
f 3412/278/2778 2888/238/2286 2884/241/2282 3411/278/2777 
f 3413/278/2779 2892/238/2290 2888/241/2286 3412/278/2778 
f 3414/278/2780 2896/238/2294 2892/241/2290 3413/278/2779 
f 3415/278/2781 2900/238/2298 2896/241/2294 3414/278/2780 
f 3416/278/2782 2904/238/2302 2900/241/2298 3415/278/2781 
f 3417/278/2783 2908/238/2306 2904/241/2302 3416/278/2782 
f 3418/345/2784 2912/241/2310 2915/245/2306 3419/345/2783 
f 3420/346/2785 2924/253/2319 2920/248/2317 3421/248/2786 
f 3422/346/2787 2928/253/2323 2924/253/2319 3420/346/2785 
f 3421/248/2786 2920/248/2317 2912/245/2310 3418/345/2784 
f 3423/238/2788 2876/155/2274 2879/238/2277 3424/238/2789 
f 3424/238/2789 2879/155/2277 2883/238/2281 3425/238/2790 
f 3425/238/2790 2883/155/2281 2887/238/2285 3426/238/2791 
f 3426/238/2791 2887/155/2285 2891/238/2289 3427/238/2792 
f 3427/238/2792 2891/155/2289 2895/238/2293 3428/238/2793 
f 3428/238/2793 2895/155/2293 2899/238/2297 3429/238/2794 
f 3429/238/2794 2899/155/2297 2903/238/2301 3430/238/2795 
f 3430/238/2795 2903/155/2301 2907/238/2305 3431/238/2796 
f 3431/238/2796 2907/155/2305 2911/238/2309 3432/238/2797 
f 3433/345/2797 2916/153/2313 2919/241/2316 3434/241/2798 
f 3435/346/2799 2930/253/2325 2928/253/2323 3422/346/2787 
f 3436/347/2800 2923/248/2316 2927/253/2322 3437/253/2801 
f 3437/253/2801 2927/253/2322 2930/253/2325 3435/346/2799 
f 3434/241/2798 2919/245/2316 2923/155/2316 3436/347/2800 
f 3438/277/2802 2974/277/2369 2973/277/2368 3439/334/2803 
f 3440/295/2804 3001/295/2395 2974/277/2369 3438/277/2802 
f 3441/294/2805 3000/294/2325 3001/295/2395 3440/295/2804 
f 3442/278/2806 2975/278/2370 2978/278/2373 3443/278/2807 
f 3443/278/2807 2978/278/2373 3000/294/2325 3441/294/2805 
f 3444/283/2808 2985/283/2380 2984/283/2379 3445/283/2809 
f 3446/297/2810 3003/297/2397 2985/283/2380 3444/283/2808 
f 3447/296/2811 3002/296/2396 3003/297/2397 3446/297/2810 
f 3448/284/2812 2986/284/2381 2989/284/2384 3449/284/2813 
f 3449/284/2813 2989/284/2384 3002/296/2396 3447/296/2811 
f 3450/278/2814 3173/241/2563 3172/238/2562 3451/278/2815 
f 3451/278/2815 3172/241/2562 3180/238/2570 3452/278/2816 
f 3452/278/2816 3180/241/2570 3184/238/2574 3453/278/2817 
f 3453/278/2817 3184/241/2574 3188/238/2578 3454/278/2818 
f 3454/278/2818 3188/241/2578 3192/238/2582 3455/278/2819 
f 3455/278/2819 3192/241/2582 3196/238/2586 3456/278/2820 
f 3456/278/2820 3196/241/2586 3200/238/2590 3457/278/2821 
f 3457/278/2821 3200/241/2590 3204/238/2594 3458/278/2822 
f 3458/278/2822 3204/241/2594 3208/238/2598 3459/278/2823 
f 3460/345/2823 3213/245/2598 3212/241/2602 3461/345/2824 
f 3462/248/2825 3220/248/2609 3224/253/2611 3463/346/2826 
f 3463/346/2826 3224/253/2611 3228/253/2615 3464/346/2827 
f 3461/345/2824 3212/245/2602 3220/248/2609 3462/248/2825 
f 3465/238/2828 3177/238/2567 3176/155/2566 3466/238/2829 
f 3467/238/2830 3182/238/2572 3177/155/2567 3465/238/2828 
f 3468/238/2831 3186/238/2576 3182/155/2572 3467/238/2830 
f 3469/238/2832 3190/238/2580 3186/155/2576 3468/238/2831 
f 3470/238/2833 3194/238/2584 3190/155/2580 3469/238/2832 
f 3471/238/2834 3198/238/2588 3194/155/2584 3470/238/2833 
f 3472/238/2835 3202/238/2592 3198/155/2588 3471/238/2834 
f 3473/238/2836 3206/238/2596 3202/155/2592 3472/238/2835 
f 3474/238/2837 3210/238/2600 3206/155/2596 3473/238/2836 
f 3475/241/2838 3217/241/2606 3216/153/2605 3476/345/2837 
f 3464/346/2827 3228/253/2615 3230/253/2617 3477/346/2839 
f 3477/346/2839 3230/253/2617 3226/253/2613 3478/253/2840 
f 3478/253/2840 3226/253/2613 3222/248/2606 3479/347/2841 
f 3479/347/2841 3222/155/2606 3217/245/2606 3475/241/2838 
f 3480/334/2842 3274/277/2661 3273/277/2660 3481/277/2843 
f 3481/277/2843 3273/277/2660 3301/295/2687 3482/295/2844 
f 3482/295/2844 3301/295/2687 3300/294/2617 3483/294/2845 
f 3483/294/2845 3300/294/2617 3276/278/2663 3484/278/2846 
f 3484/278/2846 3276/278/2663 3275/278/2662 3485/278/2847 
f 3486/283/2848 3285/283/2672 3284/283/2671 3487/283/2849 
f 3487/283/2849 3284/283/2671 3303/297/2689 3488/297/2850 
f 3488/297/2850 3303/297/2689 3302/296/2688 3489/296/2851 
f 3489/296/2851 3302/296/2688 3287/284/2674 3490/284/2852 
f 3490/284/2852 3287/284/2674 3286/284/2673 3491/284/2853 
f 3492/348/2783 3352/323/2306 2986/322/2381 3448/284/2812 
f 3419/345/2783 2915/245/2306 3352/323/2306 3492/348/2783 
f 3445/283/2809 2984/155/2379 3355/155/2313 3493/349/2797 
f 3493/349/2797 3355/155/2313 2916/155/2313 3433/345/2797 
f 3491/284/2853 3286/322/2673 3369/323/2598 3494/348/2823 
f 3494/348/2823 3369/323/2598 3213/245/2598 3460/345/2823 
f 3495/349/2837 3370/155/2605 3285/155/2672 3486/283/2848 
f 3476/345/2837 3216/155/2605 3370/155/2605 3495/349/2837 
f 3496/332/2783 3376/332/2306 2908/241/2306 3417/278/2783 
f 3439/334/2803 2973/334/2368 3376/332/2306 3496/332/2783 
f 3432/238/2797 2911/155/2309 3389/341/2762 3497/278/2797 
f 3497/278/2797 3389/341/2762 2975/342/2370 3442/278/2806 
f 3459/278/2823 3208/241/2598 3393/332/2598 3498/332/2823 
f 3498/332/2823 3393/332/2598 3274/334/2661 3480/334/2842 
f 3499/278/2837 3405/341/2771 3210/155/2600 3474/238/2837 
f 3485/278/2847 3275/342/2662 3405/341/2771 3499/278/2837 
f 3409/155/2775 3500/350/2854 3501/278/2855 3408/278/2774 
f 3408/155/2774 3501/350/2855 3502/278/2856 3410/278/2776 
f 3410/155/2776 3502/350/2856 3503/278/2857 3411/278/2777 
f 3411/155/2777 3503/350/2857 3504/278/2858 3412/278/2778 
f 3412/155/2778 3504/350/2858 3505/278/2859 3413/278/2779 
f 3413/155/2779 3505/350/2859 3506/278/2860 3414/278/2780 
f 3414/155/2780 3506/350/2860 3507/278/2861 3415/278/2781 
f 3415/155/2781 3507/350/2861 3508/278/2862 3416/278/2782 
f 3416/155/2782 3508/350/2862 3509/278/2863 3417/278/2783 
f 3419/345/2783 3510/345/2863 3511/155/2864 3418/155/2784 
f 3421/347/2786 3512/347/2865 3422/346/2787 3420/346/2785 
f 3418/345/2784 3511/351/2864 3512/352/2865 3421/245/2786 
f 3500/350/2854 3513/353/2866 3514/278/2867 3501/278/2855 
f 3513/353/2866 3423/278/2788 3424/278/2789 3514/278/2867 
f 3501/350/2855 3514/353/2867 3515/278/2868 3502/278/2856 
f 3514/353/2867 3424/278/2789 3425/278/2790 3515/278/2868 
f 3502/350/2856 3515/353/2868 3516/278/2869 3503/278/2857 
f 3515/353/2868 3425/278/2790 3426/278/2791 3516/278/2869 
f 3503/350/2857 3516/353/2869 3517/278/2870 3504/278/2858 
f 3516/353/2869 3426/278/2791 3427/278/2792 3517/278/2870 
f 3504/350/2858 3517/353/2870 3518/278/2871 3505/278/2859 
f 3517/353/2870 3427/278/2792 3428/278/2793 3518/278/2871 
f 3505/350/2859 3518/353/2871 3519/278/2872 3506/278/2860 
f 3518/353/2871 3428/278/2793 3429/278/2794 3519/278/2872 
f 3506/350/2860 3519/353/2872 3520/278/2873 3507/278/2861 
f 3519/353/2872 3429/278/2794 3430/278/2795 3520/278/2873 
f 3507/350/2861 3520/353/2873 3521/278/2874 3508/278/2862 
f 3520/353/2873 3430/278/2795 3431/278/2796 3521/278/2874 
f 3508/350/2862 3521/353/2874 3522/278/2863 3509/278/2863 
f 3521/353/2874 3431/278/2796 3432/278/2797 3522/278/2863 
f 3510/345/2863 3523/345/2863 3524/155/2875 3511/155/2864 
f 3523/345/2863 3433/345/2797 3434/155/2798 3524/155/2875 
f 3512/347/2865 3525/347/2865 3435/346/2799 3422/346/2787 
f 3525/347/2865 3436/347/2800 3437/346/2801 3435/346/2799 
f 3511/351/2864 3524/354/2875 3525/355/2865 3512/352/2865 
f 3524/354/2875 3434/155/2798 3436/347/2800 3525/355/2865 
f 3439/277/2803 3526/295/2876 3440/295/2804 3438/277/2802 
f 3526/295/2876 3527/294/2877 3441/294/2805 3440/295/2804 
f 3527/294/2877 3442/278/2806 3443/278/2807 3441/294/2805 
f 3445/283/2809 3528/297/2878 3446/297/2810 3444/283/2808 
f 3528/297/2878 3529/296/2879 3447/296/2811 3446/297/2810 
f 3529/296/2879 3448/284/2812 3449/284/2813 3447/296/2811 
f 3450/155/2814 3451/278/2815 3530/278/2880 3531/350/2881 
f 3451/155/2815 3452/278/2816 3532/278/2882 3530/350/2880 
f 3452/155/2816 3453/278/2817 3533/278/2883 3532/350/2882 
f 3453/155/2817 3454/278/2818 3534/278/2884 3533/350/2883 
f 3454/155/2818 3455/278/2819 3535/278/2885 3534/350/2884 
f 3455/155/2819 3456/278/2820 3536/278/2886 3535/350/2885 
f 3456/155/2820 3457/278/2821 3537/278/2887 3536/350/2886 
f 3457/155/2821 3458/278/2822 3538/278/2888 3537/350/2887 
f 3458/155/2822 3459/278/2823 3539/278/2889 3538/350/2888 
f 3460/345/2823 3461/155/2824 3540/155/2890 3541/345/2889 
f 3462/347/2825 3463/346/2826 3464/346/2827 3542/347/2891 
f 3461/345/2824 3462/245/2825 3542/352/2891 3540/351/2890 
f 3531/350/2881 3530/278/2880 3543/278/2892 3544/353/2893 
f 3544/353/2893 3543/278/2892 3465/278/2828 3466/278/2829 
f 3530/350/2880 3532/278/2882 3545/278/2894 3543/353/2892 
f 3543/353/2892 3545/278/2894 3467/278/2830 3465/278/2828 
f 3532/350/2882 3533/278/2883 3546/278/2895 3545/353/2894 
f 3545/353/2894 3546/278/2895 3468/278/2831 3467/278/2830 
f 3533/350/2883 3534/278/2884 3547/278/2896 3546/353/2895 
f 3546/353/2895 3547/278/2896 3469/278/2832 3468/278/2831 
f 3534/350/2884 3535/278/2885 3548/278/2897 3547/353/2896 
f 3547/353/2896 3548/278/2897 3470/278/2833 3469/278/2832 
f 3535/350/2885 3536/278/2886 3549/278/2898 3548/353/2897 
f 3548/353/2897 3549/278/2898 3471/278/2834 3470/278/2833 
f 3536/350/2886 3537/278/2887 3550/278/2899 3549/353/2898 
f 3549/353/2898 3550/278/2899 3472/278/2835 3471/278/2834 
f 3537/350/2887 3538/278/2888 3551/278/2900 3550/353/2899 
f 3550/353/2899 3551/278/2900 3473/278/2836 3472/278/2835 
f 3538/350/2888 3539/278/2889 3552/278/2889 3551/353/2900 
f 3551/353/2900 3552/278/2889 3474/278/2837 3473/278/2836 
f 3541/345/2889 3540/155/2890 3553/155/2901 3554/345/2889 
f 3554/345/2889 3553/155/2901 3475/155/2838 3476/345/2837 
f 3542/347/2891 3464/346/2827 3477/346/2839 3555/347/2891 
f 3555/347/2891 3477/346/2839 3478/346/2840 3479/347/2841 
f 3540/351/2890 3542/352/2891 3555/355/2891 3553/354/2901 
f 3553/354/2901 3555/355/2891 3479/347/2841 3475/155/2838 
f 3480/277/2842 3481/277/2843 3482/295/2844 3556/295/2902 
f 3556/295/2902 3482/295/2844 3483/294/2845 3557/294/2903 
f 3557/294/2903 3483/294/2845 3484/278/2846 3485/278/2847 
f 3486/283/2848 3487/283/2849 3488/297/2850 3558/297/2904 
f 3558/297/2904 3488/297/2850 3489/296/2851 3559/296/2905 
f 3559/296/2905 3489/296/2851 3490/284/2852 3491/284/2853 
f 3529/296/2879 3560/356/2863 3492/348/2783 3448/284/2812 
f 3560/356/2863 3510/345/2863 3419/345/2783 3492/348/2783 
f 3528/297/2878 3561/357/2863 3560/356/2863 3529/296/2879 
f 3561/357/2863 3523/345/2863 3510/345/2863 3560/356/2863 
f 3445/283/2809 3493/349/2797 3561/357/2863 3528/297/2878 
f 3493/349/2797 3433/345/2797 3523/345/2863 3561/357/2863 
f 3491/284/2853 3494/348/2823 3562/356/2889 3559/296/2905 
f 3494/348/2823 3460/345/2823 3541/345/2889 3562/356/2889 
f 3559/296/2905 3562/356/2889 3563/357/2889 3558/297/2904 
f 3562/356/2889 3541/345/2889 3554/345/2889 3563/357/2889 
f 3558/297/2904 3563/357/2889 3495/349/2837 3486/283/2848 
f 3563/357/2889 3554/345/2889 3476/345/2837 3495/349/2837 
f 3522/353/2863 3564/358/2863 3565/359/2863 3509/350/2863 
f 3564/358/2863 3527/294/2877 3526/295/2876 3565/359/2863 
f 3509/350/2863 3565/359/2863 3496/360/2783 3417/155/2783 
f 3565/359/2863 3526/295/2876 3439/277/2803 3496/360/2783 
f 3432/278/2797 3497/278/2797 3564/358/2863 3522/353/2863 
f 3497/278/2797 3442/278/2806 3527/294/2877 3564/358/2863 
f 3539/350/2889 3566/359/2889 3567/358/2889 3552/353/2889 
f 3566/359/2889 3556/295/2902 3557/294/2903 3567/358/2889 
f 3459/155/2823 3498/360/2823 3566/359/2889 3539/350/2889 
f 3498/360/2823 3480/277/2842 3556/295/2902 3566/359/2889 
f 3552/353/2889 3567/358/2889 3499/278/2837 3474/278/2837 
f 3567/358/2889 3557/294/2903 3485/278/2847 3499/278/2837 
f 2875/241/2273 3568/241/2906 3569/155/2907 3409/278/2775 
f 3409/155/2775 3569/155/2907 3570/350/2908 3500/350/2854 
f 3500/350/2854 3570/350/2908 3571/353/2908 3513/353/2866 
f 3513/353/2866 3571/353/2908 3572/278/2909 3423/278/2788 
f 3423/238/2788 3572/278/2909 3573/155/2910 2876/155/2274 
f 3568/241/2906 3173/241/2563 3450/278/2814 3569/155/2907 
f 3569/155/2907 3450/155/2814 3531/350/2881 3570/350/2908 
f 3570/350/2908 3531/350/2881 3544/353/2893 3571/353/2908 
f 3571/353/2908 3544/353/2893 3466/278/2829 3572/278/2909 
f 3572/278/2909 3466/238/2829 3176/155/2566 3573/155/2910 
f 3574/242/2911 3334/153/2720 2834/241/2235 2877/243/2275 
f 3574/242/2911 3179/243/2569 3131/241/2524 3334/153/2720 
f 2876/155/2274 3573/155/2910 3574/239/2911 2877/242/2275 
f 3573/155/2910 3176/155/2566 3179/242/2569 3574/239/2911 
f 2874/239/2272 2739/155/2141 3315/153/2701 3575/240/2912 
f 3174/239/2564 3575/240/2912 3315/153/2701 3040/155/2434 
f 2874/240/2272 3575/239/2912 3568/241/2906 2875/241/2273 
f 3575/239/2912 3174/240/2564 3173/241/2563 3568/241/2906 
f 1202/1/2913 1203/1/2914 1205/1/2915 1204/1/2916 
f 1313/1/2917 1298/1/2918 1299/1/2919 1312/1/2920 
f 1312/1/2920 1299/1/2919 3576/1/2921 3577/1/2922 
f 3577/1/2922 3576/1/2921 3578/1/2923 3579/1/2924 
f 3579/1/2924 3578/1/2923 3580/1/2925 3581/1/2926 
f 3581/1/2926 3580/1/2925 1338/1/2927 1345/1/2928 
f 1345/1/2928 1338/1/2927 1346/1/2929 1353/1/2930 
f 1353/1/2930 1346/1/2929 1354/1/2931 1361/1/2932 
f 1361/1/2932 1354/1/2931 1202/1/2913 1204/1/2916 
f 1298/1/2918 1313/1/2917 1368/1/2933 1367/1/2934 
f 1530/1/2935 1532/1/2936 1531/1/2937 1529/1/2938 
f 1639/1/2939 1640/1/2940 1628/1/2941 1625/1/2942 
f 1640/1/2940 3582/1/2943 3583/1/2944 1628/1/2941 
f 3582/1/2943 3584/1/2945 3585/1/2946 3583/1/2944 
f 3584/1/2945 3586/1/2947 3587/1/2948 3585/1/2946 
f 3586/1/2947 1672/1/2949 1666/1/2950 3587/1/2948 
f 1672/1/2949 1680/1/2951 1674/1/2952 1666/1/2950 
f 1680/1/2951 1688/1/2953 1682/1/2954 1674/1/2952 
f 1688/1/2953 1532/1/2936 1530/1/2935 1682/1/2954 
f 1625/1/2942 1367/1/2934 1368/1/2933 1639/1/2939 
f 3588/1/2955 3589/1/2956 3590/1/2957 3591/1/2958 
f 3592/1/2959 3593/1/2960 3594/1/2961 3595/1/2962 
f 3593/1/2960 3596/1/2963 3597/1/2964 3594/1/2961 
f 3596/1/2963 3598/1/2965 3599/1/2966 3597/1/2964 
f 3598/1/2965 3600/1/2967 3601/1/2968 3599/1/2966 
f 3600/1/2967 3602/1/2969 3603/1/2970 3601/1/2968 
f 3602/1/2969 3604/1/2971 3605/1/2972 3603/1/2970 
f 3604/1/2971 3606/1/2973 3607/1/2974 3605/1/2972 
f 3606/1/2973 3589/1/2956 3588/1/2955 3607/1/2974 
f 3595/1/2962 3608/1/2975 3609/1/2976 3592/1/2959 
f 3610/1/2977 3611/1/2978 3612/1/2979 3613/1/2980 
f 3614/1/2981 3615/1/2982 3616/1/2983 3617/1/2984 
f 3617/1/2984 3616/1/2983 3618/1/2985 3619/1/2986 
f 3619/1/2986 3618/1/2985 3620/1/2987 3621/1/2988 
f 3621/1/2988 3620/1/2987 3622/1/2989 3623/1/2990 
f 3623/1/2990 3622/1/2989 3624/1/2991 3625/1/2992 
f 3625/1/2992 3624/1/2991 3626/1/2993 3627/1/2994 
f 3627/1/2994 3626/1/2993 3628/1/2995 3629/1/2996 
f 3629/1/2996 3628/1/2995 3610/1/2977 3613/1/2980 
f 3615/1/2982 3614/1/2981 3609/1/2976 3608/1/2975 
f 3630/1/2997 3631/1/2998 3632/1/2999 3633/1/3000 
f 3631/1/2998 1198/1/3001 1356/1/3002 3632/1/2999 
f 3634/1/3003 3635/1/3004 3636/1/3005 3637/1/3006 
f 3635/1/3004 1675/1/3007 1683/1/3008 3636/1/3005 
f 3638/1/3009 3639/1/3010 3640/1/3011 3641/1/3012 
f 3639/1/3010 3642/1/3013 3643/1/3014 3640/1/3011 
f 3644/1/3015 3645/1/3016 3635/1/3004 3634/1/3003 
f 3645/1/3016 1667/1/3017 1675/1/3007 3635/1/3004 
f 3641/1/3012 3640/1/3011 3646/1/3018 3647/1/3019 
f 3640/1/3011 3643/1/3014 3648/1/3020 3646/1/3018 
f 3649/1/3021 3650/1/3022 3651/1/3023 3652/1/3024 
f 3650/1/3022 1348/1/3025 1340/1/3026 3651/1/3023 
f 3653/1/3027 3654/1/3028 3645/1/3016 3644/1/3015 
f 3654/1/3028 3655/1/3029 1667/1/3017 3645/1/3016 
f 3647/1/3019 3646/1/3018 3656/1/3030 3657/1/3031 
f 3646/1/3018 3648/1/3020 3658/1/3032 3656/1/3030 
f 3652/1/3024 3651/1/3023 3659/1/3033 3660/1/3034 
f 3651/1/3023 1340/1/3026 3661/1/3035 3659/1/3033 
f 3662/1/3036 3663/1/3037 3654/1/3028 3653/1/3027 
f 3663/1/3037 3664/1/3038 3655/1/3029 3654/1/3028 
f 3657/1/3031 3656/1/3030 3665/1/3039 3666/1/3040 
f 3656/1/3030 3658/1/3032 3667/1/3041 3665/1/3039 
f 3637/1/3006 3636/1/3005 3668/1/3042 3669/1/3043 
f 3636/1/3005 1683/1/3008 1526/1/3044 3668/1/3042 
f 3660/1/3034 3659/1/3033 3670/1/3045 3671/1/3046 
f 3659/1/3033 3661/1/3035 3672/1/3047 3670/1/3045 
f 3673/1/3048 3674/1/3049 3663/1/3037 3662/1/3036 
f 3674/1/3049 3675/1/3050 3664/1/3038 3663/1/3037 
f 3676/1/3051 3677/1/3052 3639/1/3010 3638/1/3009 
f 3677/1/3052 3678/1/3053 3642/1/3013 3639/1/3010 
f 3666/1/3040 3665/1/3039 3679/1/3054 3680/1/3055 
f 3665/1/3039 3667/1/3041 3681/1/3056 3679/1/3054 
f 3671/1/3046 3670/1/3045 3682/1/3057 3683/1/3058 
f 3670/1/3045 3672/1/3047 3684/1/3059 3682/1/3057 
f 3680/1/3055 3679/1/3054 3685/1/3060 3686/1/3061 
f 3679/1/3054 3681/1/3056 3687/1/3062 3685/1/3060 
f 3688/1/3063 3689/1/3064 3674/1/3049 3673/1/3048 
f 3689/1/3064 1630/1/3065 3675/1/3050 3674/1/3049 
f 3683/1/3058 3682/1/3057 3690/1/3066 3691/1/3067 
f 3682/1/3057 3684/1/3059 1302/1/3068 3690/1/3066 
f 3692/1/3069 3693/1/3070 3689/1/3064 3688/1/3063 
f 3693/1/3070 1629/1/3071 1630/1/3065 3689/1/3064 
f 3686/1/3061 3685/1/3060 3694/1/3072 3695/1/3073 
f 3685/1/3060 3687/1/3062 3696/1/3074 3694/1/3072 
f 3691/1/3067 3690/1/3066 3697/1/3075 3698/1/3076 
f 3690/1/3066 1302/1/3068 1303/1/3077 3697/1/3075 
f 3699/1/3078 3700/1/3079 3693/1/3070 3692/1/3069 
f 3700/1/3079 1365/1/3080 1629/1/3071 3693/1/3070 
f 3669/1/3043 3668/1/3042 3701/1/3081 3702/1/3082 
f 3668/1/3042 1526/1/3044 1525/1/3083 3701/1/3081 
f 3695/1/3073 3694/1/3072 3703/1/3084 3704/1/3085 
f 3694/1/3072 3696/1/3074 3705/1/3086 3703/1/3084 
f 3706/1/3087 3707/1/3088 3677/1/3052 3676/1/3051 
f 3707/1/3088 3708/1/3089 3678/1/3053 3677/1/3052 
f 3709/1/3090 3710/1/3091 3631/1/2998 3630/1/2997 
f 3710/1/3091 1199/1/3092 1198/1/3001 3631/1/2998 
f 3711/1/3093 3712/1/3094 3713/1/3095 3714/1/3096 
f 3712/1/3094 3715/1/3097 3716/1/3098 3713/1/3095 
f 3717/1/3099 3718/1/3100 3712/1/3094 3711/1/3093 
f 3718/1/3100 3719/1/3101 3715/1/3097 3712/1/3094 
f 3704/1/3085 3703/1/3084 3720/1/3102 3721/1/3103 
f 3703/1/3084 3705/1/3086 3722/1/3104 3720/1/3102 
f 3723/1/3105 3724/1/3106 3718/1/3100 3717/1/3099 
f 3724/1/3106 3725/1/3107 3719/1/3101 3718/1/3100 
f 3726/1/3108 3727/1/3109 3724/1/3106 3723/1/3105 
f 3727/1/3109 3728/1/3110 3725/1/3107 3724/1/3106 
f 3714/1/3096 3713/1/3095 3729/1/3111 3730/1/3112 
f 3713/1/3095 3716/1/3098 3731/1/3113 3729/1/3111 
f 3732/1/3114 3733/1/3115 3727/1/3109 3726/1/3108 
f 3733/1/3115 3734/1/3116 3728/1/3110 3727/1/3109 
f 3735/1/3117 3736/1/3118 3733/1/3115 3732/1/3114 
f 3736/1/3118 3737/1/3119 3734/1/3116 3733/1/3115 
f 3721/1/3103 3720/1/3102 3736/1/3118 3735/1/3117 
f 3720/1/3102 3722/1/3104 3737/1/3119 3736/1/3118 
f 3633/1/3000 3632/1/2999 3650/1/3022 3649/1/3021 
f 3632/1/2999 1356/1/3002 1348/1/3025 3650/1/3022 
f 3730/1/3112 3729/1/3111 3738/1/3120 3739/1/3121 
f 3729/1/3111 3731/1/3113 3740/1/3122 3738/1/3120 
f 3698/1/3076 3697/1/3075 3700/1/3079 3699/1/3078 
f 3697/1/3075 1303/1/3077 1365/1/3080 3700/1/3079 
f 1205/1/2915 3741/1/3123 3742/1/3124 1204/1/2916 
f 3741/1/3123 3743/1/3125 3744/1/3126 3742/1/3124 
f 3619/1/2986 3745/1/3127 3746/1/3128 3617/1/2984 
f 3745/1/3127 3747/1/3129 3748/1/3130 3746/1/3128 
f 3584/1/2945 3749/1/3131 3750/1/3132 3586/1/2947 
f 3749/1/3131 3751/1/3133 3752/1/3134 3750/1/3132 
f 3617/1/2984 3746/1/3128 3753/1/3135 3614/1/2981 
f 3746/1/3128 3748/1/3130 3754/1/3136 3753/1/3135 
f 1639/1/2939 3755/1/3137 3756/1/3138 1640/1/2940 
f 3755/1/3137 3757/1/3139 3758/1/3140 3756/1/3138 
f 1680/1/2951 3759/1/3141 3760/1/3142 1688/1/2953 
f 3759/1/3141 3761/1/3143 3762/1/3144 3760/1/3142 
f 3614/1/2981 3753/1/3135 3763/1/3145 3609/1/2976 
f 3753/1/3135 3754/1/3136 3764/1/3146 3763/1/3145 
f 3612/1/2979 3765/1/3147 3766/1/3148 3613/1/2980 
f 3765/1/3147 3767/1/3149 3768/1/3150 3766/1/3148 
f 1640/1/2940 3756/1/3138 3769/1/3151 3582/1/2943 
f 3756/1/3138 3758/1/3140 3770/1/3152 3769/1/3151 
f 3604/1/2971 3771/1/3153 3772/1/3154 3606/1/2973 
f 3771/1/3153 3773/1/3155 3774/1/3156 3772/1/3154 
f 3579/1/2924 3775/1/3157 3776/1/3158 3577/1/2922 
f 3775/1/3157 3777/1/3159 3778/1/3160 3776/1/3158 
f 3602/1/2969 3779/1/3161 3771/1/3153 3604/1/2971 
f 3779/1/3161 3780/1/3162 3773/1/3155 3771/1/3153 
f 3609/1/2976 3763/1/3145 3781/1/3163 3592/1/2959 
f 3763/1/3145 3764/1/3146 3782/1/3164 3781/1/3163 
f 3600/1/2967 3783/1/3165 3779/1/3161 3602/1/2969 
f 3783/1/3165 3784/1/3166 3780/1/3162 3779/1/3161 
f 1204/1/2916 3742/1/3124 3785/1/3167 1361/1/2932 
f 3742/1/3124 3744/1/3126 3786/1/3168 3785/1/3167 
f 3586/1/2947 3750/1/3132 3787/1/3169 1672/1/2949 
f 3750/1/3132 3752/1/3134 3788/1/3170 3787/1/3169 
f 1353/1/2930 3789/1/3171 3790/1/3172 1345/1/2928 
f 3789/1/3171 3791/1/3173 3792/1/3174 3790/1/3172 
f 3598/1/2965 3793/1/3175 3783/1/3165 3600/1/2967 
f 3793/1/3175 3794/1/3176 3784/1/3166 3783/1/3165 
f 3606/1/2973 3772/1/3154 3795/1/3177 3589/1/2956 
f 3772/1/3154 3774/1/3156 3796/1/3178 3795/1/3177 
f 3596/1/2963 3797/1/3179 3793/1/3175 3598/1/2965 
f 3797/1/3179 3798/1/3180 3794/1/3176 3793/1/3175 
f 3593/1/2960 3799/1/3181 3797/1/3179 3596/1/2963 
f 3799/1/3181 3800/1/3182 3798/1/3180 3797/1/3179 
f 3592/1/2959 3781/1/3163 3799/1/3181 3593/1/2960 
f 3781/1/3163 3782/1/3164 3800/1/3182 3799/1/3181 
f 1532/1/2936 3801/1/3183 3802/1/3184 1531/1/2937 
f 3801/1/3183 3803/1/3185 3804/1/3186 3802/1/3184 
f 3589/1/2956 3795/1/3177 3805/1/3187 3590/1/2957 
f 3795/1/3177 3796/1/3178 3806/1/3188 3805/1/3187 
f 3581/1/2926 3807/1/3189 3775/1/3157 3579/1/2924 
f 3807/1/3189 3808/1/3190 3777/1/3159 3775/1/3157 
f 1312/1/2920 3809/1/3191 3810/1/3192 1313/1/2917 
f 3809/1/3191 3811/1/3193 3812/1/3194 3810/1/3192 
f 1361/1/2932 3785/1/3167 3789/1/3171 1353/1/2930 
f 3785/1/3167 3786/1/3168 3791/1/3173 3789/1/3171 
f 1368/1/2933 3813/1/3195 3755/1/3137 1639/1/2939 
f 3813/1/3195 3814/1/3196 3757/1/3139 3755/1/3137 
f 3582/1/2943 3769/1/3151 3749/1/3131 3584/1/2945 
f 3769/1/3151 3770/1/3152 3751/1/3133 3749/1/3131 
f 1672/1/2949 3787/1/3169 3759/1/3141 1680/1/2951 
f 3787/1/3169 3788/1/3170 3761/1/3143 3759/1/3141 
f 1313/1/2917 3810/1/3192 3813/1/3195 1368/1/2933 
f 3810/1/3192 3812/1/3194 3814/1/3196 3813/1/3195 
f 3629/1/2996 3815/1/3197 3816/1/3198 3627/1/2994 
f 3815/1/3197 3817/1/3199 3818/1/3200 3816/1/3198 
f 3627/1/2994 3816/1/3198 3819/1/3201 3625/1/2992 
f 3816/1/3198 3818/1/3200 3820/1/3202 3819/1/3201 
f 3625/1/2992 3819/1/3201 3821/1/3203 3623/1/2990 
f 3819/1/3201 3820/1/3202 3822/1/3204 3821/1/3203 
f 3623/1/2990 3821/1/3203 3823/1/3205 3621/1/2988 
f 3821/1/3203 3822/1/3204 3824/1/3206 3823/1/3205 
f 3577/1/2922 3776/1/3158 3809/1/3191 1312/1/2920 
f 3776/1/3158 3778/1/3160 3811/1/3193 3809/1/3191 
f 1688/1/2953 3760/1/3142 3801/1/3183 1532/1/2936 
f 3760/1/3142 3762/1/3144 3803/1/3185 3801/1/3183 
f 1345/1/2928 3790/1/3172 3807/1/3189 3581/1/2926 
f 3790/1/3172 3792/1/3174 3808/1/3190 3807/1/3189 
f 3613/1/2980 3766/1/3148 3815/1/3197 3629/1/2996 
f 3766/1/3148 3768/1/3150 3817/1/3199 3815/1/3197 
f 3621/1/2988 3823/1/3205 3745/1/3127 3619/1/2986 
f 3823/1/3205 3824/1/3206 3747/1/3129 3745/1/3127 
f 3804/1/3186 3825/1/3207 3826/1/3208 3802/1/3184 
f 3701/1/3081 3827/1/3209 3828/1/3210 3702/1/3082 
f 3765/1/3147 3829/1/3211 3830/1/3212 3767/1/3149 
f 1525/1/3083 3831/1/3213 3827/1/3209 3701/1/3081 
f 1203/1/2914 3832/1/3214 3833/1/3215 1205/1/2915 
f 3741/1/3123 3834/1/3216 3835/1/3217 3743/1/3125 
f 3590/1/2957 3836/1/3218 3837/1/3219 3591/1/2958 
f 3706/1/3087 3838/1/3220 3839/1/3221 3707/1/3088 
f 3612/1/2979 3840/1/3222 3829/1/3211 3765/1/3147 
f 1205/1/2915 3833/1/3215 3834/1/3216 3741/1/3123 
f 1531/1/2937 3841/1/3223 3842/1/3224 1529/1/2938 
f 3805/1/3187 3843/1/3225 3836/1/3218 3590/1/2957 
f 3710/1/3091 3844/1/3226 3845/1/3227 1199/1/3092 
f 3709/1/3090 3846/1/3228 3844/1/3226 3710/1/3091 
f 3802/1/3184 3826/1/3208 3841/1/3223 1531/1/2937 
f 3806/1/3188 3847/1/3229 3843/1/3225 3805/1/3187 
f 3611/1/2978 3848/1/3230 3840/1/3222 3612/1/2979 
f 3740/1/3122 3849/1/3231 3850/1/3232 3738/1/3120 
f 3707/1/3088 3839/1/3221 3851/1/3233 3708/1/3089 
f 3738/1/3120 3850/1/3232 3852/1/3234 3739/1/3121 
f 1199/1/3092 3853/1/3235 3854/1/3236 1198/1/3001 
f 3855/1/3237 1203/1/2914 1202/1/2913 3856/1/3238 
f 3857/1/3239 3858/1/3240 1299/1/2919 1298/1/2918 
f 1303/1/3077 1302/1/3068 3859/1/3241 3860/1/3242 
f 3858/1/3240 3861/1/3243 3576/1/2921 1299/1/2919 
f 1302/1/3068 3684/1/3059 3862/1/3244 3859/1/3241 
f 3861/1/3243 3863/1/3245 3578/1/2923 3576/1/2921 
f 3684/1/3059 3672/1/3047 3864/1/3246 3862/1/3244 
f 3863/1/3245 3865/1/3247 3580/1/2925 3578/1/2923 
f 3672/1/3047 3661/1/3035 3866/1/3248 3864/1/3246 
f 3865/1/3247 3867/1/3249 1338/1/2927 3580/1/2925 
f 3661/1/3035 1340/1/3026 3868/1/3250 3866/1/3248 
f 3867/1/3249 3869/1/3251 1346/1/2929 1338/1/2927 
f 1340/1/3026 1348/1/3025 3870/1/3252 3868/1/3250 
f 3869/1/3251 3871/1/3253 1354/1/2931 1346/1/2929 
f 1348/1/3025 1356/1/3002 3872/1/3254 3870/1/3252 
f 3871/1/3253 3856/1/3238 1202/1/2913 1354/1/2931 
f 1356/1/3002 1198/1/3001 3854/1/3236 3872/1/3254 
f 3860/1/3242 3873/1/3255 1365/1/3080 1303/1/3077 
f 1298/1/2918 1367/1/2934 3874/1/3256 3857/1/3239 
f 3875/1/3257 3876/1/3258 1525/1/3083 1526/1/3044 
f 1530/1/2935 1529/1/2938 3877/1/3259 3878/1/3260 
f 1628/1/2941 3879/1/3261 3880/1/3262 1625/1/2942 
f 3881/1/3263 1630/1/3065 1629/1/3071 3882/1/3264 
f 3583/1/2944 3883/1/3265 3879/1/3261 1628/1/2941 
f 3884/1/3266 3675/1/3050 1630/1/3065 3881/1/3263 
f 3585/1/2946 3885/1/3267 3883/1/3265 3583/1/2944 
f 3886/1/3268 3664/1/3038 3675/1/3050 3884/1/3266 
f 3587/1/2948 3887/1/3269 3885/1/3267 3585/1/2946 
f 3888/1/3270 3655/1/3029 3664/1/3038 3886/1/3268 
f 1666/1/2950 3889/1/3271 3887/1/3269 3587/1/2948 
f 3890/1/3272 1667/1/3017 3655/1/3029 3888/1/3270 
f 1674/1/2952 3891/1/3273 3889/1/3271 1666/1/2950 
f 3892/1/3274 1675/1/3007 1667/1/3017 3890/1/3272 
f 1682/1/2954 3893/1/3275 3891/1/3273 1674/1/2952 
f 3894/1/3276 1683/1/3008 1675/1/3007 3892/1/3274 
f 1530/1/2935 3878/1/3260 3893/1/3275 1682/1/2954 
f 3875/1/3257 1526/1/3044 1683/1/3008 3894/1/3276 
f 1365/1/3080 3873/1/3255 3882/1/3264 1629/1/3071 
f 3874/1/3256 1367/1/2934 1625/1/2942 3880/1/3262 
f 3588/1/2955 3591/1/2958 3895/1/3277 3896/1/3278 
f 3594/1/2961 3897/1/3279 3898/1/3280 3595/1/2962 
f 3597/1/2964 3899/1/3281 3897/1/3279 3594/1/2961 
f 3599/1/2966 3900/1/3282 3899/1/3281 3597/1/2964 
f 3601/1/2968 3901/1/3283 3900/1/3282 3599/1/2966 
f 3603/1/2970 3902/1/3284 3901/1/3283 3601/1/2968 
f 3605/1/2972 3903/1/3285 3902/1/3284 3603/1/2970 
f 3607/1/2974 3904/1/3286 3903/1/3285 3605/1/2972 
f 3588/1/2955 3896/1/3278 3904/1/3286 3607/1/2974 
f 3905/1/3287 3608/1/2975 3595/1/2962 3898/1/3280 
f 3906/1/3288 3611/1/2978 3610/1/2977 3907/1/3289 
f 3908/1/3290 3909/1/3291 3616/1/2983 3615/1/2982 
f 3909/1/3291 3910/1/3292 3618/1/2985 3616/1/2983 
f 3910/1/3292 3911/1/3293 3620/1/2987 3618/1/2985 
f 3911/1/3293 3912/1/3294 3622/1/2989 3620/1/2987 
f 3912/1/3294 3913/1/3295 3624/1/2991 3622/1/2989 
f 3913/1/3295 3914/1/3296 3626/1/2993 3624/1/2991 
f 3914/1/3296 3915/1/3297 3628/1/2995 3626/1/2993 
f 3915/1/3297 3907/1/3289 3610/1/2977 3628/1/2995 
f 3615/1/2982 3608/1/2975 3905/1/3287 3908/1/3290 
f 3916/1/3298 3917/1/3299 3740/1/3122 3731/1/3113 
f 3918/1/3300 3737/1/3119 3722/1/3104 3919/1/3301 
f 3920/1/3302 3734/1/3116 3737/1/3119 3918/1/3300 
f 3921/1/3303 3728/1/3110 3734/1/3116 3920/1/3302 
f 3922/1/3304 3725/1/3107 3728/1/3110 3921/1/3303 
f 3923/1/3305 3719/1/3101 3725/1/3107 3922/1/3304 
f 3924/1/3306 3715/1/3097 3719/1/3101 3923/1/3305 
f 3925/1/3307 3716/1/3098 3715/1/3097 3924/1/3306 
f 3916/1/3298 3731/1/3113 3716/1/3098 3925/1/3307 
f 3705/1/3086 3926/1/3308 3919/1/3301 3722/1/3104 
f 3708/1/3089 3927/1/3309 3928/1/3310 3678/1/3053 
f 3696/1/3074 3687/1/3062 3929/1/3311 3930/1/3312 
f 3687/1/3062 3681/1/3056 3931/1/3313 3929/1/3311 
f 3681/1/3056 3667/1/3041 3932/1/3314 3931/1/3313 
f 3667/1/3041 3658/1/3032 3933/1/3315 3932/1/3314 
f 3658/1/3032 3648/1/3020 3934/1/3316 3933/1/3315 
f 3648/1/3020 3643/1/3014 3935/1/3317 3934/1/3316 
f 3643/1/3014 3642/1/3013 3936/1/3318 3935/1/3317 
f 3642/1/3013 3678/1/3053 3928/1/3310 3936/1/3318 
f 3930/1/3312 3926/1/3308 3705/1/3086 3696/1/3074 
f 3845/1/3227 3937/1/3319 3853/1/3235 1199/1/3092 
f 3938/1/3320 3849/1/3231 3740/1/3122 3917/1/3299 
f 3939/1/3321 3832/1/3214 1203/1/2914 3855/1/3237 
f 3842/1/3224 3940/1/3322 3877/1/3259 1529/1/2938 
f 3851/1/3233 3941/1/3323 3927/1/3309 3708/1/3089 
f 3942/1/3324 3848/1/3230 3611/1/2978 3906/1/3288 
f 3943/1/3325 3831/1/3213 1525/1/3083 3876/1/3258 
f 3837/1/3219 3944/1/3326 3895/1/3277 3591/1/2958 
f 3945/1/3327 3946/1/3328 3947/361/3329 3948/362/3330 
f 3949/1/3331 3950/362/3332 3951/361/3333 3952/1/3334 
f 3953/1/3335 3954/1/3336 3946/1/3328 3945/1/3327 
f 3955/1/3337 3949/1/3331 3952/1/3334 3956/1/3338 
f 3957/1/3339 3958/1/3340 3954/1/3336 3953/1/3335 
f 3959/1/3341 3955/1/3337 3956/1/3338 3960/1/3342 
f 3946/1/3328 3961/1/3343 3962/363/3344 3947/361/3329 
f 3952/1/3334 3951/361/3333 3963/363/3345 3964/1/3346 
f 3961/1/3343 3946/1/3328 3954/1/3336 3965/1/3347 
f 3964/1/3346 3966/1/3348 3956/1/3338 3952/1/3334 
f 3965/1/3347 3954/1/3336 3958/1/3340 3967/1/3349 
f 3966/1/3348 3968/1/3350 3960/1/3342 3956/1/3338 
f 3958/1/3340 3969/1/3351 3970/1/3352 3967/1/3349 
f 3960/1/3342 3968/1/3350 3971/1/3353 3972/1/3354 
f 3957/1/3339 3973/1/3355 3969/1/3351 3958/1/3340 
f 3959/1/3341 3960/1/3342 3972/1/3354 3974/1/3356 
f 3961/1/3343 3975/1/3357 3976/364/3358 3962/363/3344 
f 3964/1/3346 3963/363/3345 3977/364/3359 3978/1/3360 
f 3965/1/3347 3979/1/3361 3975/1/3357 3961/1/3343 
f 3966/1/3348 3964/1/3346 3978/1/3360 3980/1/3362 
f 3979/1/3361 3965/1/3347 3967/1/3349 3981/1/3363 
f 3980/1/3362 3982/1/3364 3968/1/3350 3966/1/3348 
f 3981/1/3363 3967/1/3349 3970/1/3352 3983/1/3365 
f 3982/1/3364 3984/1/3366 3971/1/3353 3968/1/3350 
f 3985/1/3367 3986/1/3368 3987/1/3369 3988/1/3370 
f 3989/1/3371 3990/1/3372 3991/1/3373 3992/1/3374 
f 3986/1/3368 3969/1/3351 3973/1/3355 3987/1/3369 
f 3992/1/3374 3991/1/3373 3974/1/3356 3972/1/3354 
f 3969/1/3351 3986/1/3368 3993/1/3375 3970/1/3352 
f 3972/1/3354 3971/1/3353 3994/1/3376 3992/1/3374 
f 3986/1/3368 3985/1/3367 3995/1/3377 3993/1/3375 
f 3992/1/3374 3994/1/3376 3996/1/3378 3989/1/3371 
f 3970/1/3352 3993/1/3375 3997/1/3379 3983/1/3365 
f 3971/1/3353 3984/1/3366 3998/1/3380 3994/1/3376 
f 3993/1/3375 3995/1/3377 3999/1/3381 3997/1/3379 
f 3994/1/3376 3998/1/3380 4000/1/3382 3996/1/3378 
f 3975/1/3357 4001/1/3383 4002/365/3384 3976/364/3358 
f 3978/1/3360 3977/364/3359 4003/365/3385 4004/1/3386 
f 4001/1/3383 4005/1/3387 4006/153/3388 4002/365/3384 
f 4004/1/3386 4003/365/3385 4007/153/3389 4008/1/3390 
f 3979/1/3361 4009/1/3391 4001/1/3383 3975/1/3357 
f 3980/1/3362 3978/1/3360 4004/1/3386 4010/1/3392 
f 4009/1/3391 4011/1/3393 4005/1/3387 4001/1/3383 
f 4010/1/3392 4004/1/3386 4008/1/3390 4012/1/3394 
f 4011/1/3393 4009/1/3391 4013/1/3395 4014/1/3396 
f 4012/1/3394 4015/1/3397 4016/1/3398 4010/1/3392 
f 4009/1/3391 3979/1/3361 3981/1/3363 4013/1/3395 
f 4010/1/3392 4016/1/3398 3982/1/3364 3980/1/3362 
f 4014/1/3396 4013/1/3395 4017/1/3399 4018/1/3400 
f 4015/1/3397 4019/1/3401 4020/1/3402 4016/1/3398 
f 4013/1/3395 3981/1/3363 3983/1/3365 4017/1/3399 
f 4016/1/3398 4020/1/3402 3984/1/3366 3982/1/3364 
f 4018/1/3400 4017/1/3399 4021/1/3403 4022/1/3404 
f 4019/1/3401 4023/1/3405 4024/1/3406 4020/1/3402 
f 3983/1/3365 3997/1/3379 4021/1/3403 4017/1/3399 
f 3984/1/3366 4020/1/3402 4024/1/3406 3998/1/3380 
f 4021/1/3403 4025/1/3407 4026/1/3408 4022/1/3404 
f 4024/1/3406 4023/1/3405 4027/1/3409 4028/1/3410 
f 3997/1/3379 3999/1/3381 4025/1/3407 4021/1/3403 
f 3998/1/3380 4024/1/3406 4028/1/3410 4000/1/3382 
f 4029/1/3411 3948/362/3330 3947/361/3329 4030/1/3412 
f 4031/1/3413 4032/1/3414 3951/361/3333 3950/362/3332 
f 4033/1/3415 4029/1/3411 4030/1/3412 4034/1/3416 
f 4035/1/3417 4036/1/3418 4032/1/3414 4031/1/3413 
f 4037/1/3419 4033/1/3415 4034/1/3416 4038/1/3420 
f 4039/1/3421 4040/1/3422 4036/1/3418 4035/1/3417 
f 4030/1/3412 3947/361/3329 3962/363/3344 4041/1/3423 
f 4032/1/3414 4042/1/3424 3963/363/3345 3951/361/3333 
f 4041/1/3423 4043/1/3425 4034/1/3416 4030/1/3412 
f 4042/1/3424 4032/1/3414 4036/1/3418 4044/1/3426 
f 4043/1/3425 4045/1/3427 4038/1/3420 4034/1/3416 
f 4044/1/3426 4036/1/3418 4040/1/3422 4046/1/3428 
f 4038/1/3420 4045/1/3427 4047/1/3429 4048/1/3430 
f 4040/1/3422 4049/1/3431 4050/1/3432 4046/1/3428 
f 4037/1/3419 4038/1/3420 4048/1/3430 4051/1/3433 
f 4039/1/3421 4052/1/3434 4049/1/3431 4040/1/3422 
f 4041/1/3423 3962/363/3344 3976/364/3358 4053/1/3435 
f 4042/1/3424 4054/1/3436 3977/364/3359 3963/363/3345 
f 4043/1/3425 4041/1/3423 4053/1/3435 4055/1/3437 
f 4044/1/3426 4056/1/3438 4054/1/3436 4042/1/3424 
f 4055/1/3437 4057/1/3439 4045/1/3427 4043/1/3425 
f 4056/1/3438 4044/1/3426 4046/1/3428 4058/1/3440 
f 4057/1/3439 4059/1/3441 4047/1/3429 4045/1/3427 
f 4058/1/3440 4046/1/3428 4050/1/3432 4060/1/3442 
f 4061/1/3443 4062/1/3444 4063/1/3445 4064/1/3446 
f 4065/1/3447 4066/1/3448 4067/1/3449 4068/1/3450 
f 4064/1/3446 4063/1/3445 4051/1/3433 4048/1/3430 
f 4066/1/3448 4049/1/3431 4052/1/3434 4067/1/3449 
f 4048/1/3430 4047/1/3429 4069/1/3451 4064/1/3446 
f 4049/1/3431 4066/1/3448 4070/1/3452 4050/1/3432 
f 4064/1/3446 4069/1/3451 4071/1/3453 4061/1/3443 
f 4066/1/3448 4065/1/3447 4072/1/3454 4070/1/3452 
f 4047/1/3429 4059/1/3441 4073/1/3455 4069/1/3451 
f 4050/1/3432 4070/1/3452 4074/1/3456 4060/1/3442 
f 4069/1/3451 4073/1/3455 4075/1/3457 4071/1/3453 
f 4070/1/3452 4072/1/3454 4076/1/3458 4074/1/3456 
f 4053/1/3435 3976/364/3358 4002/365/3384 4077/1/3459 
f 4054/1/3436 4078/1/3460 4003/365/3385 3977/364/3359 
f 4077/1/3459 4002/365/3384 4006/153/3388 4079/1/3461 
f 4078/1/3460 4080/1/3462 4007/153/3389 4003/365/3385 
f 4055/1/3437 4053/1/3435 4077/1/3459 4081/1/3463 
f 4056/1/3438 4082/1/3464 4078/1/3460 4054/1/3436 
f 4081/1/3463 4077/1/3459 4079/1/3461 4083/1/3465 
f 4082/1/3464 4084/1/3466 4080/1/3462 4078/1/3460 
f 4083/1/3465 4085/1/3467 4086/1/3468 4081/1/3463 
f 4084/1/3466 4082/1/3464 4087/1/3469 4088/1/3470 
f 4081/1/3463 4086/1/3468 4057/1/3439 4055/1/3437 
f 4082/1/3464 4056/1/3438 4058/1/3440 4087/1/3469 
f 4085/1/3467 4089/1/3471 4090/1/3472 4086/1/3468 
f 4088/1/3470 4087/1/3469 4091/1/3473 4092/1/3474 
f 4086/1/3468 4090/1/3472 4059/1/3441 4057/1/3439 
f 4087/1/3469 4058/1/3440 4060/1/3442 4091/1/3473 
f 4089/1/3471 4093/1/3475 4094/1/3476 4090/1/3472 
f 4092/1/3474 4091/1/3473 4095/1/3477 4096/1/3478 
f 4059/1/3441 4090/1/3472 4094/1/3476 4073/1/3455 
f 4060/1/3442 4074/1/3456 4095/1/3477 4091/1/3473 
f 4094/1/3476 4093/1/3475 4097/1/3479 4098/1/3480 
f 4095/1/3477 4099/1/3481 4100/1/3482 4096/1/3478 
f 4073/1/3455 4094/1/3476 4098/1/3480 4075/1/3457 
f 4074/1/3456 4076/1/3458 4099/1/3481 4095/1/3477 
f 4079/1/3461 4006/153/3388 3926/1/3308 3930/1/3312 
f 4014/1/3396 4018/1/3400 3921/1/3303 3920/1/3302 
f 4018/1/3400 4022/1/3404 3922/1/3304 3921/1/3303 
f 4022/1/3404 4026/1/3408 3923/1/3305 3922/1/3304 
f 4026/1/3408 4025/1/3407 3924/1/3306 3923/1/3305 
f 4025/1/3407 3999/1/3381 3925/1/3307 3924/1/3306 
f 4011/1/3393 4014/1/3396 3920/1/3302 3918/1/3300 
f 4005/1/3387 3919/1/3301 3926/1/3308 4006/153/3388 
f 4061/1/3443 4071/1/3453 3928/1/3310 3927/1/3309 
f 4097/1/3479 3934/1/3316 3935/1/3317 4098/1/3480 
f 3999/1/3381 3995/1/3377 3916/1/3298 3925/1/3307 
f 4098/1/3480 3935/1/3317 3936/1/3318 4075/1/3457 
f 4075/1/3457 3936/1/3318 3928/1/3310 4071/1/3453 
f 3985/1/3367 3917/1/3299 3916/1/3298 3995/1/3377 
f 4011/1/3393 3918/1/3300 3919/1/3301 4005/1/3387 
f 4093/1/3475 3933/1/3315 3934/1/3316 4097/1/3479 
f 3988/1/3370 3938/1/3320 3917/1/3299 3985/1/3367 
f 4062/1/3444 4061/1/3443 3927/1/3309 3941/1/3323 
f 4089/1/3471 3932/1/3314 3933/1/3315 4093/1/3475 
f 4085/1/3467 3931/1/3313 3932/1/3314 4089/1/3471 
f 4083/1/3465 4079/1/3461 3930/1/3312 3929/1/3311 
f 4083/1/3465 3929/1/3311 3931/1/3313 4085/1/3467 
f 3937/1/3319 3939/1/3321 3855/1/3237 3853/1/3235 
f 3853/1/3235 3855/1/3237 3856/1/3238 3854/1/3236 
f 3854/1/3236 3856/1/3238 3871/1/3253 3872/1/3254 
f 3872/1/3254 3871/1/3253 3869/1/3251 3870/1/3252 
f 3870/1/3252 3869/1/3251 3867/1/3249 3868/1/3250 
f 3868/1/3250 3867/1/3249 3865/1/3247 3866/1/3248 
f 3866/1/3248 3865/1/3247 3863/1/3245 3864/1/3246 
f 3864/1/3246 3863/1/3245 3861/1/3243 3862/1/3244 
f 3862/1/3244 3861/1/3243 3858/1/3240 3859/1/3241 
f 3859/1/3241 3858/1/3240 3857/1/3239 3860/1/3242 
f 3860/1/3242 3857/1/3239 3874/1/3256 3873/1/3255 
f 3873/1/3255 3874/1/3256 3880/1/3262 3882/1/3264 
f 3882/1/3264 3880/1/3262 3879/1/3261 3881/1/3263 
f 3881/1/3263 3879/1/3261 3883/1/3265 3884/1/3266 
f 3884/1/3266 3883/1/3265 3885/1/3267 3886/1/3268 
f 3886/1/3268 3885/1/3267 3887/1/3269 3888/1/3270 
f 3888/1/3270 3887/1/3269 3889/1/3271 3890/1/3272 
f 3890/1/3272 3889/1/3271 3891/1/3273 3892/1/3274 
f 3892/1/3274 3891/1/3273 3893/1/3275 3894/1/3276 
f 3894/1/3276 3893/1/3275 3878/1/3260 3875/1/3257 
f 3875/1/3257 3878/1/3260 3877/1/3259 3876/1/3258 
f 3876/1/3258 3877/1/3259 3940/1/3322 3943/1/3325 
f 4027/1/3409 3902/1/3284 3903/1/3285 4028/1/3410 
f 4023/1/3405 3901/1/3283 3902/1/3284 4027/1/3409 
f 3996/1/3378 3896/1/3278 3895/1/3277 3989/1/3371 
f 4015/1/3397 4012/1/3394 3897/1/3279 3899/1/3281 
f 4015/1/3397 3899/1/3281 3900/1/3282 4019/1/3401 
f 3944/1/3326 3990/1/3372 3989/1/3371 3895/1/3277 
f 4088/1/3470 4092/1/3474 3911/1/3293 3910/1/3292 
f 4092/1/3474 4096/1/3478 3912/1/3294 3911/1/3293 
f 4000/1/3382 4028/1/3410 3903/1/3285 3904/1/3286 
f 4007/153/3389 4080/1/3462 3908/1/3290 3905/1/3287 
f 4096/1/3478 4100/1/3482 3913/1/3295 3912/1/3294 
f 4088/1/3470 3910/1/3292 3909/1/3291 4084/1/3466 
f 4100/1/3482 4099/1/3481 3914/1/3296 3913/1/3295 
f 4080/1/3462 4084/1/3466 3909/1/3291 3908/1/3290 
f 4076/1/3458 4072/1/3454 3907/1/3289 3915/1/3297 
f 4007/153/3389 3905/1/3287 3898/1/3280 4008/1/3390 
f 4072/1/3454 4065/1/3447 3906/1/3288 3907/1/3289 
f 4000/1/3382 3904/1/3286 3896/1/3278 3996/1/3378 
f 4008/1/3390 3898/1/3280 3897/1/3279 4012/1/3394 
f 4019/1/3401 3900/1/3282 3901/1/3283 4023/1/3405 
f 4076/1/3458 3915/1/3297 3914/1/3296 4099/1/3481 
f 3942/1/3324 3906/1/3288 4065/1/3447 4068/1/3450 
f 4101/156/3483 4102/152/3484 4103/155/3485 4104/155/3486 
f 4104/155/3486 4103/155/3485 4105/366/3487 4106/366/3488 
f 4106/366/3488 4105/366/3487 4107/367/3489 4108/367/3490 
f 4108/367/3490 4107/367/3489 4109/368/3491 4110/368/3492 
f 4110/368/3492 4109/368/3491 4111/369/3493 4112/369/3494 
f 4113/370/3495 4112/369/3494 4111/369/3493 4114/370/3496 
f 4113/370/3495 4114/370/3496 4115/345/3497 4116/345/3498 
f 4116/345/3498 4115/345/3497 4117/370/3499 4118/370/3500 
f 4118/370/3500 4117/370/3499 4119/369/3501 4120/369/3502 
f 4120/369/3502 4119/369/3501 4121/368/3503 4122/368/3504 
f 4123/367/3505 4122/368/3504 4121/368/3503 4124/367/3506 
f 4125/366/3507 4123/367/3505 4124/367/3506 4126/366/3508 
f 4125/366/3507 4126/366/3508 4127/155/3509 4128/155/3510 
f 4128/155/3510 4127/155/3509 4129/156/3511 4130/152/3512 
f 3851/1/3233 4131/1/3513 4132/1/3514 3941/1/3323 
f 4131/1/3513 4133/1/3515 4129/156/3511 4132/1/3514 
f 3942/1/3324 4134/1/3516 4135/1/3230 3848/1/3230 
f 4134/1/3516 4130/152/3512 4136/1/3517 4135/1/3230 
f 3842/1/3224 4137/1/3518 4138/1/3322 3940/1/3322 
f 4137/1/3518 4139/1/3519 4140/153/3520 4138/1/3322 
f 3943/1/3325 4141/1/3325 4142/1/3521 3831/1/3213 
f 4141/1/3325 4143/155/3522 4144/1/3523 4142/1/3521 
f 3839/1/3221 4145/1/3524 4131/1/3513 3851/1/3233 
f 4145/1/3524 4146/1/3525 4133/1/3515 4131/1/3513 
f 3848/1/3230 4135/1/3230 4147/1/3526 3840/1/3222 
f 4135/1/3230 4136/1/3517 4148/1/3527 4147/1/3526 
f 3841/1/3223 4149/1/3528 4137/1/3518 3842/1/3224 
f 4149/1/3528 4150/1/3529 4139/1/3519 4137/1/3518 
f 3838/1/3220 4151/1/3220 4145/1/3524 3839/1/3221 
f 4151/1/3220 4152/1/3530 4146/1/3525 4145/1/3524 
f 3840/1/3222 4147/1/3526 4153/1/3531 3829/1/3211 
f 4147/1/3526 4148/1/3527 4154/1/3532 4153/1/3531 
f 3826/1/3208 4155/1/3533 4149/1/3528 3841/1/3223 
f 4155/1/3533 4156/1/3534 4150/1/3529 4149/1/3528 
f 3829/1/3211 4153/1/3531 4157/1/3212 3830/1/3212 
f 4153/1/3531 4154/1/3532 4158/1/3535 4157/1/3212 
f 3831/1/3213 4142/1/3521 4159/1/3536 3827/1/3209 
f 4142/1/3521 4144/1/3523 4160/1/3537 4159/1/3536 
f 3827/1/3209 4159/1/3536 4161/1/3538 3828/1/3210 
f 4159/1/3536 4160/1/3537 4162/1/3539 4161/1/3538 
f 3825/1/3207 4163/1/3540 4155/1/3533 3826/1/3208 
f 4163/1/3540 4164/1/3541 4156/1/3534 4155/1/3533 
f 3938/1/3320 4165/1/3542 4166/1/3543 3849/1/3231 
f 4165/1/3542 4102/152/3484 4167/1/3544 4166/1/3543 
f 3845/1/3227 4168/1/3545 4169/1/3319 3937/1/3319 
f 4168/1/3545 4170/1/3546 4171/153/3547 4169/1/3319 
f 3850/1/3232 4172/1/3548 4173/1/3234 3852/1/3234 
f 4172/1/3548 4174/1/3549 4175/1/3550 4173/1/3234 
f 3849/1/3231 4166/1/3543 4172/1/3548 3850/1/3232 
f 4166/1/3543 4167/1/3544 4174/1/3549 4172/1/3548 
f 3837/1/3219 4176/1/3219 4177/1/3551 3944/1/3326 
f 4176/1/3219 4178/1/3552 4101/156/3483 4177/1/3551 
f 3939/1/3321 4179/1/3321 4180/1/3553 3832/1/3214 
f 4179/1/3321 4181/155/3554 4182/1/3555 4180/1/3553 
f 3847/1/3229 4183/1/3229 4184/1/3556 3843/1/3225 
f 4183/1/3229 4185/1/3557 4186/1/3558 4184/1/3556 
f 3846/1/3228 4187/1/3559 4188/1/3560 3844/1/3226 
f 4187/1/3559 4189/1/3561 4190/1/3562 4188/1/3560 
f 3844/1/3226 4188/1/3560 4168/1/3545 3845/1/3227 
f 4188/1/3560 4190/1/3562 4170/1/3546 4168/1/3545 
f 3843/1/3225 4184/1/3556 4191/1/3563 3836/1/3218 
f 4184/1/3556 4186/1/3558 4192/1/3564 4191/1/3563 
f 3836/1/3218 4191/1/3563 4176/1/3219 3837/1/3219 
f 4191/1/3563 4192/1/3564 4178/1/3552 4176/1/3219 
f 3834/1/3216 4193/1/3565 4194/1/3566 3835/1/3217 
f 4193/1/3565 4195/1/3567 4196/1/3568 4194/1/3566 
f 3833/1/3215 4197/1/3569 4193/1/3565 3834/1/3216 
f 4197/1/3569 4198/1/3570 4195/1/3567 4193/1/3565 
f 3832/1/3214 4180/1/3553 4197/1/3569 3833/1/3215 
f 4180/1/3553 4182/1/3555 4198/1/3570 4197/1/3569 
f 3948/362/3330 4199/371/3571 4200/1/3572 3945/1/3327 
f 4199/371/3571 4115/345/3497 4114/370/3496 4200/1/3572 
f 3949/1/3331 4201/1/3573 4202/371/3574 3950/362/3332 
f 4201/1/3573 4113/370/3495 4116/345/3498 4202/371/3574 
f 3945/1/3327 4200/1/3572 4203/1/3575 3953/1/3335 
f 4200/1/3572 4114/370/3496 4111/369/3493 4203/1/3575 
f 3955/1/3337 4204/1/3576 4201/1/3573 3949/1/3331 
f 4204/1/3576 4112/369/3494 4113/370/3495 4201/1/3573 
f 3953/1/3335 4203/1/3575 4205/1/3577 3957/1/3339 
f 4203/1/3575 4111/369/3493 4109/368/3491 4205/1/3577 
f 3959/1/3341 4206/1/3578 4204/1/3576 3955/1/3337 
f 4206/1/3578 4110/368/3492 4112/369/3494 4204/1/3576 
f 3957/1/3339 4205/1/3577 4207/1/3579 3973/1/3355 
f 4205/1/3577 4109/368/3491 4107/367/3489 4207/1/3579 
f 3974/1/3356 4208/1/3580 4206/1/3578 3959/1/3341 
f 4208/1/3580 4108/367/3490 4110/368/3492 4206/1/3578 
f 3987/1/3369 4209/1/3581 4210/1/3582 3988/1/3370 
f 4209/1/3581 4105/366/3487 4103/155/3485 4210/1/3582 
f 3990/1/3372 4211/1/3583 4212/1/3584 3991/1/3373 
f 4211/1/3583 4104/155/3486 4106/366/3488 4212/1/3584 
f 3973/1/3355 4207/1/3579 4209/1/3581 3987/1/3369 
f 4207/1/3579 4107/367/3489 4105/366/3487 4209/1/3581 
f 3991/1/3373 4212/1/3584 4208/1/3580 3974/1/3356 
f 4212/1/3584 4106/366/3488 4108/367/3490 4208/1/3580 
f 4029/1/3411 4213/1/3585 4199/371/3571 3948/362/3330 
f 4213/1/3585 4117/370/3499 4115/345/3497 4199/371/3571 
f 3950/362/3332 4202/371/3574 4214/1/3586 4031/1/3413 
f 4202/371/3574 4116/345/3498 4118/370/3500 4214/1/3586 
f 4033/1/3415 4215/1/3587 4213/1/3585 4029/1/3411 
f 4215/1/3587 4119/369/3501 4117/370/3499 4213/1/3585 
f 4031/1/3413 4214/1/3586 4216/1/3588 4035/1/3417 
f 4214/1/3586 4118/370/3500 4120/369/3502 4216/1/3588 
f 4037/1/3419 4217/1/3589 4215/1/3587 4033/1/3415 
f 4217/1/3589 4121/368/3503 4119/369/3501 4215/1/3587 
f 4035/1/3417 4216/1/3588 4218/1/3590 4039/1/3421 
f 4216/1/3588 4120/369/3502 4122/368/3504 4218/1/3590 
f 4051/1/3433 4219/1/3591 4217/1/3589 4037/1/3419 
f 4219/1/3591 4124/367/3506 4121/368/3503 4217/1/3589 
f 4039/1/3421 4218/1/3590 4220/1/3592 4052/1/3434 
f 4218/1/3590 4122/368/3504 4123/367/3505 4220/1/3592 
f 4062/1/3444 4221/1/3593 4222/1/3594 4063/1/3445 
f 4221/1/3593 4127/155/3509 4126/366/3508 4222/1/3594 
f 4067/1/3449 4223/1/3595 4224/1/3596 4068/1/3450 
f 4223/1/3595 4125/366/3507 4128/155/3510 4224/1/3596 
f 4063/1/3445 4222/1/3594 4219/1/3591 4051/1/3433 
f 4222/1/3594 4126/366/3508 4124/367/3506 4219/1/3591 
f 4052/1/3434 4220/1/3592 4223/1/3595 4067/1/3449 
f 4220/1/3592 4123/367/3505 4125/366/3507 4223/1/3595 
f 3988/1/3370 4210/1/3582 4165/1/3542 3938/1/3320 
f 4210/1/3582 4103/155/3485 4102/152/3484 4165/1/3542 
f 3941/1/3323 4132/1/3514 4221/1/3593 4062/1/3444 
f 4132/1/3514 4129/156/3511 4127/155/3509 4221/1/3593 
f 3940/1/3322 4138/1/3322 4141/1/3325 3943/1/3325 
f 4138/1/3322 4140/153/3520 4143/155/3522 4141/1/3325 
f 3937/1/3319 4169/1/3319 4179/1/3321 3939/1/3321 
f 4169/1/3319 4171/153/3547 4181/155/3554 4179/1/3321 
f 4068/1/3450 4224/1/3596 4134/1/3516 3942/1/3324 
f 4224/1/3596 4128/155/3510 4130/152/3512 4134/1/3516 
f 3944/1/3326 4177/1/3551 4211/1/3583 3990/1/3372 
f 4177/1/3551 4101/156/3483 4104/155/3486 4211/1/3583 
f 4190/1/3562 4225/1/3597 4226/1/3598 4170/1/3546 
f 4225/1/3597 4227/1/3599 4228/1/3600 4226/1/3598 
f 4227/1/3599 4174/1/3549 4167/1/3544 4228/1/3600 
f 3683/1/3058 4229/1/3601 4230/1/3602 3671/1/3046 
f 4229/1/3601 4231/1/3601 4232/1/3603 4230/1/3602 
f 4231/1/3601 3732/1/3114 3726/1/3108 4232/1/3603 
f 3792/1/3174 4233/1/3604 4234/1/3605 3808/1/3190 
f 4233/1/3604 4235/1/3606 4236/1/3607 4234/1/3605 
f 4235/1/3606 3780/1/3162 3784/1/3166 4236/1/3607 
f 3653/1/3027 4237/1/3608 4238/1/3609 3662/1/3036 
f 4237/1/3608 4239/1/3610 4240/1/3611 4238/1/3609 
f 4239/1/3610 3657/1/3031 3666/1/3040 4240/1/3611 
f 4182/1/3555 4241/1/3612 4242/1/3613 4198/1/3570 
f 4241/1/3612 4243/1/3614 4244/1/3615 4242/1/3613 
f 4243/1/3614 4178/1/3552 4192/1/3564 4244/1/3615 
f 3803/1/3185 4245/1/3616 4246/1/3617 3804/1/3186 
f 4245/1/3616 4247/1/3618 4248/1/3617 4246/1/3617 
f 4247/1/3618 3768/1/3150 3767/1/3149 4248/1/3617 
f 3786/1/3168 4249/1/3619 4250/1/3620 3791/1/3173 
f 4249/1/3619 4251/1/3621 4252/1/3622 4250/1/3620 
f 4251/1/3621 3774/1/3156 3773/1/3155 4252/1/3622 
f 3751/1/3133 4253/1/3623 4254/1/3624 3752/1/3134 
f 4253/1/3623 4255/1/3625 4256/1/3626 4254/1/3624 
f 4255/1/3625 3824/1/3206 3822/1/3204 4256/1/3626 
f 4195/1/3567 4257/1/3627 4258/1/3628 4196/1/3568 
f 4257/1/3627 4259/1/3629 4260/1/3630 4258/1/3628 
f 4259/1/3629 4186/1/3558 4185/1/3557 4260/1/3630 
f 4170/1/3546 4226/1/3598 4261/372/3631 4171/153/3547 
f 4226/1/3598 4228/1/3600 4262/373/3632 4261/372/3631 
f 4228/1/3600 4167/1/3544 4102/152/3484 4262/373/3632 
f 3828/1/3210 4263/1/3633 4264/1/3634 3702/1/3082 
f 4263/1/3633 4265/1/3633 4266/1/3634 4264/1/3634 
f 4265/1/3633 3838/1/3220 3706/1/3087 4266/1/3634 
f 3808/1/3190 4234/1/3605 4267/1/3635 3777/1/3159 
f 4234/1/3605 4236/1/3607 4268/1/3636 4267/1/3635 
f 4236/1/3607 3784/1/3166 3794/1/3176 4268/1/3636 
f 3743/1/3125 4269/1/3637 4270/1/3638 3744/1/3126 
f 4269/1/3637 4271/1/3637 4272/1/3639 4270/1/3638 
f 4271/1/3637 3806/1/3188 3796/1/3178 4272/1/3639 
f 3633/1/3000 4273/1/3640 4274/1/3641 3630/1/2997 
f 4273/1/3640 4275/1/3642 4276/1/3643 4274/1/3641 
f 4275/1/3642 3714/1/3096 3730/1/3112 4276/1/3643 
f 3757/1/3139 4277/1/3644 4278/1/3645 3758/1/3140 
f 4277/1/3644 4279/1/3646 4280/1/3647 4278/1/3645 
f 4279/1/3646 3754/1/3136 3748/1/3130 4280/1/3647 
f 3777/1/3159 4267/1/3635 4281/1/3648 3778/1/3160 
f 4267/1/3635 4268/1/3636 4282/1/3649 4281/1/3648 
f 4268/1/3636 3794/1/3176 3798/1/3180 4282/1/3649 
f 4164/1/3541 4283/1/3650 4284/1/3651 4156/1/3534 
f 4283/1/3650 4285/1/3652 4286/1/3653 4284/1/3651 
f 4285/1/3652 4158/1/3535 4154/1/3532 4286/1/3653 
f 3709/1/3090 4287/1/3654 4288/1/3655 3846/1/3228 
f 4287/1/3654 4289/1/3654 4290/1/3655 4288/1/3655 
f 4289/1/3654 3739/1/3121 3852/1/3234 4290/1/3655 
f 3791/1/3173 4250/1/3620 4233/1/3604 3792/1/3174 
f 4250/1/3620 4252/1/3622 4235/1/3606 4233/1/3604 
f 4252/1/3622 3773/1/3155 3780/1/3162 4235/1/3606 
f 3692/1/3069 4291/1/3656 4292/1/3657 3699/1/3078 
f 4291/1/3656 4293/1/3658 4294/1/3659 4292/1/3657 
f 4293/1/3658 3695/1/3073 3704/1/3085 4294/1/3659 
f 4181/155/3554 4295/374/3660 4241/1/3612 4182/1/3555 
f 4295/374/3660 4296/375/3661 4243/1/3614 4241/1/3612 
f 4296/375/3661 4101/156/3483 4178/1/3552 4243/1/3614 
f 3788/1/3170 4297/1/3662 4298/1/3663 3761/1/3143 
f 4297/1/3662 4299/1/3664 4300/1/3665 4298/1/3663 
f 4299/1/3664 3820/1/3202 3818/1/3200 4300/1/3665 
f 3758/1/3140 4278/1/3645 4301/1/3666 3770/1/3152 
f 4278/1/3645 4280/1/3647 4302/1/3667 4301/1/3666 
f 4280/1/3647 3748/1/3130 3747/1/3129 4302/1/3667 
f 3770/1/3152 4301/1/3666 4253/1/3623 3751/1/3133 
f 4301/1/3666 4302/1/3667 4255/1/3625 4253/1/3623 
f 4302/1/3667 3747/1/3129 3824/1/3206 4255/1/3625 
f 4144/1/3523 4303/1/3668 4304/1/3669 4160/1/3537 
f 4303/1/3668 4305/1/3670 4306/1/3671 4304/1/3669 
f 4305/1/3670 4133/1/3515 4146/1/3525 4306/1/3671 
f 3688/1/3063 4307/1/3672 4291/1/3656 3692/1/3069 
f 4307/1/3672 4308/1/3673 4293/1/3658 4291/1/3656 
f 4308/1/3673 3686/1/3061 3695/1/3073 4293/1/3658 
f 3637/1/3006 4309/1/3674 4310/1/3675 3634/1/3003 
f 4309/1/3674 4311/1/3676 4312/1/3677 4310/1/3675 
f 4311/1/3676 3638/1/3009 3641/1/3012 4312/1/3677 
f 3702/1/3082 4264/1/3634 4313/1/3678 3669/1/3043 
f 4264/1/3634 4266/1/3634 4314/1/3679 4313/1/3678 
f 4266/1/3634 3706/1/3087 3676/1/3051 4314/1/3679 
f 3698/1/3076 4315/1/3680 4316/1/3681 3691/1/3067 
f 4315/1/3680 4317/1/3682 4318/1/3683 4316/1/3681 
f 4317/1/3682 3721/1/3103 3735/1/3117 4318/1/3683 
f 3752/1/3134 4254/1/3624 4297/1/3662 3788/1/3170 
f 4254/1/3624 4256/1/3626 4299/1/3664 4297/1/3662 
f 4256/1/3626 3822/1/3204 3820/1/3202 4299/1/3664 
f 4143/155/3522 4319/374/3684 4303/1/3668 4144/1/3523 
f 4319/374/3684 4320/375/3685 4305/1/3670 4303/1/3668 
f 4320/375/3685 4129/156/3511 4133/1/3515 4305/1/3670 
f 3662/1/3036 4238/1/3609 4321/1/3686 3673/1/3048 
f 4238/1/3609 4240/1/3611 4322/1/3686 4321/1/3686 
f 4240/1/3611 3666/1/3040 3680/1/3055 4322/1/3686 
f 3699/1/3078 4292/1/3657 4315/1/3680 3698/1/3076 
f 4292/1/3657 4294/1/3659 4317/1/3682 4315/1/3680 
f 4294/1/3659 3704/1/3085 3721/1/3103 4317/1/3682 
f 3671/1/3046 4230/1/3602 4323/1/3687 3660/1/3034 
f 4230/1/3602 4232/1/3603 4324/1/3688 4323/1/3687 
f 4232/1/3603 3726/1/3108 3723/1/3105 4324/1/3688 
f 4189/1/3561 4325/1/3689 4225/1/3597 4190/1/3562 
f 4325/1/3689 4326/1/3690 4227/1/3599 4225/1/3597 
f 4326/1/3690 4175/1/3550 4174/1/3549 4227/1/3599 
f 3644/1/3015 4327/1/3691 4237/1/3608 3653/1/3027 
f 4327/1/3691 4328/1/3692 4239/1/3610 4237/1/3608 
f 4328/1/3692 3647/1/3019 3657/1/3031 4239/1/3610 
f 3814/1/3196 4329/1/3693 4277/1/3644 3757/1/3139 
f 4329/1/3693 4330/1/3693 4279/1/3646 4277/1/3644 
f 4330/1/3693 3764/1/3146 3754/1/3136 4279/1/3646 
f 4160/1/3537 4304/1/3669 4331/1/3694 4162/1/3539 
f 4304/1/3669 4306/1/3671 4332/1/3695 4331/1/3694 
f 4306/1/3671 4146/1/3525 4152/1/3530 4332/1/3695 
f 3762/1/3144 4333/1/3696 4245/1/3616 3803/1/3185 
f 4333/1/3696 4334/1/3697 4247/1/3618 4245/1/3616 
f 4334/1/3697 3817/1/3199 3768/1/3150 4247/1/3618 
f 3835/1/3217 4335/1/3698 4269/1/3637 3743/1/3125 
f 4335/1/3698 4336/1/3698 4271/1/3637 4269/1/3637 
f 4336/1/3698 3847/1/3229 3806/1/3188 4271/1/3637 
f 3691/1/3067 4316/1/3681 4229/1/3601 3683/1/3058 
f 4316/1/3681 4318/1/3683 4231/1/3601 4229/1/3601 
f 4318/1/3683 3735/1/3117 3732/1/3114 4231/1/3601 
f 3660/1/3034 4323/1/3687 4337/1/3699 3652/1/3024 
f 4323/1/3687 4324/1/3688 4338/1/3700 4337/1/3699 
f 4324/1/3688 3723/1/3105 3717/1/3099 4338/1/3700 
f 4139/1/3519 4339/1/3701 4340/372/3702 4140/153/3520 
f 4339/1/3701 4341/1/3703 4342/373/3704 4340/372/3702 
f 4341/1/3703 4136/1/3517 4130/152/3512 4342/373/3704 
f 3652/1/3024 4337/1/3699 4343/1/3705 3649/1/3021 
f 4337/1/3699 4338/1/3700 4344/1/3706 4343/1/3705 
f 4338/1/3700 3717/1/3099 3711/1/3093 4344/1/3706 
f 3634/1/3003 4310/1/3675 4327/1/3691 3644/1/3015 
f 4310/1/3675 4312/1/3677 4328/1/3692 4327/1/3691 
f 4312/1/3677 3641/1/3012 3647/1/3019 4328/1/3692 
f 3649/1/3021 4343/1/3705 4273/1/3640 3633/1/3000 
f 4343/1/3705 4344/1/3706 4275/1/3642 4273/1/3640 
f 4344/1/3706 3711/1/3093 3714/1/3096 4275/1/3642 
f 3812/1/3194 4345/1/3707 4329/1/3693 3814/1/3196 
f 4345/1/3707 4346/1/3708 4330/1/3693 4329/1/3693 
f 4346/1/3708 3782/1/3164 3764/1/3146 4330/1/3693 
f 3804/1/3186 4246/1/3617 4347/1/3709 3825/1/3207 
f 4246/1/3617 4248/1/3617 4348/1/3709 4347/1/3709 
f 4248/1/3617 3767/1/3149 3830/1/3212 4348/1/3709 
f 4150/1/3529 4349/1/3710 4339/1/3701 4139/1/3519 
f 4349/1/3710 4350/1/3711 4341/1/3703 4339/1/3701 
f 4350/1/3711 4148/1/3527 4136/1/3517 4341/1/3703 
f 4198/1/3570 4242/1/3613 4257/1/3627 4195/1/3567 
f 4242/1/3613 4244/1/3615 4259/1/3629 4257/1/3627 
f 4244/1/3615 4192/1/3564 4186/1/3558 4259/1/3629 
f 3811/1/3193 4351/1/3712 4345/1/3707 3812/1/3194 
f 4351/1/3712 4352/1/3713 4346/1/3708 4345/1/3707 
f 4352/1/3713 3800/1/3182 3782/1/3164 4346/1/3708 
f 4156/1/3534 4284/1/3651 4349/1/3710 4150/1/3529 
f 4284/1/3651 4286/1/3653 4350/1/3711 4349/1/3710 
f 4286/1/3653 4154/1/3532 4148/1/3527 4350/1/3711 
f 3744/1/3126 4270/1/3638 4249/1/3619 3786/1/3168 
f 4270/1/3638 4272/1/3639 4251/1/3621 4249/1/3619 
f 4272/1/3639 3796/1/3178 3774/1/3156 4251/1/3621 
f 3761/1/3143 4298/1/3663 4333/1/3696 3762/1/3144 
f 4298/1/3663 4300/1/3665 4334/1/3697 4333/1/3696 
f 4300/1/3665 3818/1/3200 3817/1/3199 4334/1/3697 
f 3630/1/2997 4274/1/3641 4287/1/3654 3709/1/3090 
f 4274/1/3641 4276/1/3643 4289/1/3654 4287/1/3654 
f 4276/1/3643 3730/1/3112 3739/1/3121 4289/1/3654 
f 3673/1/3048 4321/1/3686 4307/1/3672 3688/1/3063 
f 4321/1/3686 4322/1/3686 4308/1/3673 4307/1/3672 
f 4322/1/3686 3680/1/3055 3686/1/3061 4308/1/3673 
f 3669/1/3043 4313/1/3678 4309/1/3674 3637/1/3006 
f 4313/1/3678 4314/1/3679 4311/1/3676 4309/1/3674 
f 4314/1/3679 3676/1/3051 3638/1/3009 4311/1/3676 
f 3778/1/3160 4281/1/3648 4351/1/3712 3811/1/3193 
f 4281/1/3648 4282/1/3649 4352/1/3713 4351/1/3712 
f 4282/1/3649 3798/1/3180 3800/1/3182 4352/1/3713 
f 4171/153/3547 4261/372/3631 4295/374/3660 4181/155/3554 
f 4261/372/3631 4262/373/3632 4296/375/3661 4295/374/3660 
f 4262/373/3632 4102/152/3484 4101/156/3483 4296/375/3661 
f 4140/153/3520 4340/372/3702 4319/374/3684 4143/155/3522 
f 4340/372/3702 4342/373/3704 4320/375/3685 4319/374/3684 
f 4342/373/3704 4130/152/3512 4129/156/3511 4320/375/3685 
f 4194/1/3566 4353/1/3698 4335/1/3698 3835/1/3217 
f 4353/1/3698 4354/1/3698 4336/1/3698 4335/1/3698 
f 4354/1/3698 4183/1/3229 3847/1/3229 4336/1/3698 
f 4196/1/3568 4258/1/3628 4353/1/3698 4194/1/3566 
f 4258/1/3628 4260/1/3630 4354/1/3698 4353/1/3698 
f 4260/1/3630 4185/1/3557 4183/1/3229 4354/1/3698 
f 3825/1/3207 4347/1/3709 4355/1/3709 4163/1/3540 
f 4347/1/3709 4348/1/3709 4356/1/3709 4355/1/3709 
f 4348/1/3709 3830/1/3212 4157/1/3212 4356/1/3709 
f 4163/1/3540 4355/1/3709 4283/1/3650 4164/1/3541 
f 4355/1/3709 4356/1/3709 4285/1/3652 4283/1/3650 
f 4356/1/3709 4157/1/3212 4158/1/3535 4285/1/3652 
f 3846/1/3228 4288/1/3655 4357/1/3714 4187/1/3559 
f 4288/1/3655 4290/1/3655 4358/1/3714 4357/1/3714 
f 4290/1/3655 3852/1/3234 4173/1/3234 4358/1/3714 
f 4187/1/3559 4357/1/3714 4325/1/3689 4189/1/3561 
f 4357/1/3714 4358/1/3714 4326/1/3690 4325/1/3689 
f 4358/1/3714 4173/1/3234 4175/1/3550 4326/1/3690 
f 4161/1/3538 4359/1/3715 4263/1/3633 3828/1/3210 
f 4359/1/3715 4360/1/3715 4265/1/3633 4263/1/3633 
f 4360/1/3715 4151/1/3220 3838/1/3220 4265/1/3633 
f 4162/1/3539 4331/1/3694 4359/1/3715 4161/1/3538 
f 4331/1/3694 4332/1/3695 4360/1/3715 4359/1/3715 
f 4332/1/3695 4152/1/3530 4151/1/3220 4360/1/3715 
usemtl Kitchen_Chair_Pips
f 4361/1/3716 4362/1/3717 4363/1/3718 4364/1/3719 
f 4362/1/3717 4365/1/3720 4366/1/3721 4363/1/3718 
f 4365/1/3720 4367/1/3722 4368/1/3723 4366/1/3721 
f 4367/1/3722 4369/1/3724 4370/1/3725 4368/1/3723 
f 4369/1/3724 4371/1/3726 4372/1/3727 4370/1/3725 
f 4371/1/3726 4373/1/3728 4374/1/3729 4372/1/3727 
f 4373/1/3728 4375/1/3730 4376/1/3731 4374/1/3729 
f 4375/1/3730 4361/1/3716 4364/1/3719 4376/1/3731 
f 4366/1/3721 4368/1/3723 4377/1/3732 4378/1/3733 
f 4368/1/3723 4370/1/3725 4379/1/3734 4377/1/3732 
f 4370/1/3725 4372/1/3727 4380/1/3735 4379/1/3734 
f 4372/1/3727 4374/1/3729 4381/1/3736 4380/1/3735 
f 4374/1/3729 4376/1/3731 4382/1/3737 4381/1/3736 
f 4376/1/3731 4364/1/3719 4383/1/3738 4382/1/3737 
f 4364/1/3719 4363/1/3718 4384/1/3739 4383/1/3738 
f 4363/1/3718 4366/1/3721 4378/1/3733 4384/1/3739 
f 4377/1/3732 4379/1/3734 4385/1/3740 4386/1/3740 
f 4379/1/3734 4380/1/3735 4387/1/3741 4385/1/3740 
f 4380/1/3735 4381/1/3736 4388/1/3742 4387/1/3741 
f 4381/1/3736 4382/1/3737 4389/1/3742 4388/1/3742 
f 4382/1/3737 4383/1/3738 4390/1/3740 4389/1/3742 
f 4383/1/3738 4384/1/3739 4391/1/3743 4390/1/3740 
f 4384/1/3739 4378/1/3733 4392/1/3740 4391/1/3743 
f 4378/1/3733 4377/1/3732 4386/1/3740 4392/1/3740 
f 4393/1/3742 4390/1/3740 4391/1/3743 4392/1/3740 
f 4393/1/3742 4385/1/3740 4387/1/3741 4388/1/3742 
f 4393/1/3742 4388/1/3742 4389/1/3742 4390/1/3740 
f 4393/1/3742 4392/1/3740 4386/1/3740 4385/1/3740 
f 4394/1/3744 4395/1/3745 4396/1/3746 4397/1/3747 
f 4397/1/3747 4396/1/3746 4398/1/3748 4399/1/3749 
f 4399/1/3749 4398/1/3748 4400/1/3750 4401/1/3751 
f 4401/1/3751 4400/1/3750 4402/1/3752 4403/1/3753 
f 4403/1/3753 4402/1/3752 4404/1/3754 4405/1/3755 
f 4405/1/3755 4404/1/3754 4406/1/3756 4407/1/3757 
f 4407/1/3757 4406/1/3756 4408/1/3758 4409/1/3759 
f 4409/1/3759 4408/1/3758 4395/1/3745 4394/1/3744 
f 4365/1/3720 4410/1/3760 4411/1/3761 4367/1/3722 
f 4410/1/3760 4409/1/3759 4394/1/3744 4411/1/3761 
f 4367/1/3722 4411/1/3761 4412/1/3762 4369/1/3724 
f 4411/1/3761 4394/1/3744 4397/1/3747 4412/1/3762 
f 4369/1/3724 4412/1/3762 4413/1/3763 4371/1/3726 
f 4412/1/3762 4397/1/3747 4399/1/3749 4413/1/3763 
f 4371/1/3726 4413/1/3763 4414/1/3764 4373/1/3728 
f 4413/1/3763 4399/1/3749 4401/1/3751 4414/1/3764 
f 4373/1/3728 4414/1/3764 4415/1/3765 4375/1/3730 
f 4414/1/3764 4401/1/3751 4403/1/3753 4415/1/3765 
f 4375/1/3730 4415/1/3765 4416/1/3766 4361/1/3716 
f 4415/1/3765 4403/1/3753 4405/1/3755 4416/1/3766 
f 4361/1/3716 4416/1/3766 4417/1/3767 4362/1/3717 
f 4416/1/3766 4405/1/3755 4407/1/3757 4417/1/3767 
f 4362/1/3717 4417/1/3767 4410/1/3760 4365/1/3720 
f 4417/1/3767 4407/1/3757 4409/1/3759 4410/1/3760 
f 4418/1/3768 4419/1/3769 4420/1/3770 4421/1/3771 
f 4422/1/3772 4423/1/3773 4419/1/3769 4418/1/3768 
f 4424/1/3774 4425/1/3775 4423/1/3773 4422/1/3772 
f 4426/1/3776 4427/1/3777 4425/1/3775 4424/1/3774 
f 4428/1/3778 4429/1/3779 4427/1/3777 4426/1/3776 
f 4430/1/3780 4431/1/3781 4429/1/3779 4428/1/3778 
f 4432/1/3782 4433/1/3783 4431/1/3781 4430/1/3780 
f 4421/1/3771 4420/1/3770 4433/1/3783 4432/1/3782 
f 4395/1/3745 4434/1/3784 4435/1/3746 4396/1/3746 
f 4434/1/3784 4429/1/3779 4431/1/3781 4435/1/3746 
f 4396/1/3746 4435/1/3746 4436/1/3748 4398/1/3748 
f 4435/1/3746 4431/1/3781 4433/1/3783 4436/1/3748 
f 4398/1/3748 4436/1/3748 4437/1/3750 4400/1/3750 
f 4436/1/3748 4433/1/3783 4420/1/3770 4437/1/3750 
f 4400/1/3750 4437/1/3750 4438/1/3785 4402/1/3752 
f 4437/1/3750 4420/1/3770 4419/1/3769 4438/1/3785 
f 4402/1/3752 4438/1/3785 4439/1/3786 4404/1/3754 
f 4438/1/3785 4419/1/3769 4423/1/3773 4439/1/3786 
f 4404/1/3754 4439/1/3786 4440/1/3787 4406/1/3756 
f 4439/1/3786 4423/1/3773 4425/1/3775 4440/1/3787 
f 4406/1/3756 4440/1/3787 4441/1/3758 4408/1/3758 
f 4440/1/3787 4425/1/3775 4427/1/3777 4441/1/3758 
f 4408/1/3758 4441/1/3758 4434/1/3784 4395/1/3745 
f 4441/1/3758 4427/1/3777 4429/1/3779 4434/1/3784 
f 4442/1/3788 4443/1/3789 4444/1/3790 4445/1/3791 
f 4445/1/3791 4444/1/3790 4446/1/3792 4447/1/3772 
f 4447/1/3772 4446/1/3792 4448/1/3793 4449/1/3774 
f 4449/1/3774 4448/1/3793 4450/1/3794 4451/1/3776 
f 4451/1/3776 4450/1/3794 4452/1/3795 4453/1/3778 
f 4453/1/3778 4452/1/3795 4454/1/3796 4455/1/3780 
f 4455/1/3780 4454/1/3796 4456/1/3797 4457/1/3782 
f 4457/1/3782 4456/1/3797 4443/1/3789 4442/1/3788 
f 4421/1/3771 4458/1/3798 4459/1/3799 4418/1/3768 
f 4458/1/3798 4442/1/3788 4445/1/3791 4459/1/3799 
f 4418/1/3768 4459/1/3799 4460/1/3772 4422/1/3772 
f 4459/1/3799 4445/1/3791 4447/1/3772 4460/1/3772 
f 4422/1/3772 4460/1/3772 4461/1/3800 4424/1/3774 
f 4460/1/3772 4447/1/3772 4449/1/3774 4461/1/3800 
f 4424/1/3774 4461/1/3800 4462/1/3776 4426/1/3776 
f 4461/1/3800 4449/1/3774 4451/1/3776 4462/1/3776 
f 4426/1/3776 4462/1/3776 4463/1/3778 4428/1/3778 
f 4462/1/3776 4451/1/3776 4453/1/3778 4463/1/3778 
f 4428/1/3778 4463/1/3778 4464/1/3780 4430/1/3780 
f 4463/1/3778 4453/1/3778 4455/1/3780 4464/1/3780 
f 4430/1/3780 4464/1/3780 4465/1/3782 4432/1/3782 
f 4464/1/3780 4455/1/3780 4457/1/3782 4465/1/3782 
f 4432/1/3782 4465/1/3782 4458/1/3798 4421/1/3771 
f 4465/1/3782 4457/1/3782 4442/1/3788 4458/1/3798 
f 4444/1/3790 4443/1/3789 4466/1/3801 4467/1/3802 
f 4443/1/3789 4456/1/3797 4468/1/3803 4466/1/3801 
f 4456/1/3797 4454/1/3796 4469/1/3804 4468/1/3803 
f 4454/1/3796 4452/1/3795 4470/1/3805 4469/1/3804 
f 4452/1/3795 4450/1/3794 4471/1/3806 4470/1/3805 
f 4450/1/3794 4448/1/3793 4472/1/3807 4471/1/3806 
f 4448/1/3793 4446/1/3792 4473/1/3808 4472/1/3807 
f 4446/1/3792 4444/1/3790 4467/1/3802 4473/1/3808 
f 4468/1/3803 4469/1/3804 4474/1/3809 4475/1/3810 
f 4469/1/3804 4470/1/3805 4476/1/3811 4474/1/3809 
f 4470/1/3805 4471/1/3806 4477/1/3812 4476/1/3811 
f 4471/1/3806 4472/1/3807 4478/1/3813 4477/1/3812 
f 4472/1/3807 4473/1/3808 4479/1/3814 4478/1/3813 
f 4473/1/3808 4467/1/3802 4480/1/3815 4479/1/3814 
f 4467/1/3802 4466/1/3801 4481/1/3816 4480/1/3815 
f 4466/1/3801 4468/1/3803 4475/1/3810 4481/1/3816 
f 4474/1/3809 4476/1/3811 4482/1/3817 4483/1/3818 
f 4476/1/3811 4477/1/3812 4484/1/3819 4482/1/3817 
f 4477/1/3812 4478/1/3813 4485/1/3820 4484/1/3819 
f 4478/1/3813 4479/1/3814 4486/1/3821 4485/1/3820 
f 4479/1/3814 4480/1/3815 4487/1/3822 4486/1/3821 
f 4480/1/3815 4481/1/3816 4488/1/3823 4487/1/3822 
f 4481/1/3816 4475/1/3810 4489/1/3824 4488/1/3823 
f 4475/1/3810 4474/1/3809 4483/1/3818 4489/1/3824 
f 4490/1/3825 4483/1/3818 4482/1/3817 4484/1/3819 
f 4490/1/3825 4484/1/3819 4485/1/3820 4486/1/3821 
f 4490/1/3825 4488/1/3823 4489/1/3824 4483/1/3818 
f 4490/1/3825 4486/1/3821 4487/1/3822 4488/1/3823 
f 4491/1/3826 4492/1/3827 4493/1/3828 4494/1/3829 
f 4494/1/3829 4493/1/3828 4495/1/3830 4496/1/3831 
f 4496/1/3831 4495/1/3830 4497/1/3832 4498/1/3833 
f 4498/1/3833 4497/1/3832 4499/1/3834 4500/1/3835 
f 4500/1/3835 4499/1/3834 4501/1/3836 4502/1/3837 
f 4502/1/3837 4501/1/3836 4503/1/3838 4504/1/3839 
f 4504/1/3839 4503/1/3838 4505/1/3840 4506/1/3841 
f 4506/1/3841 4505/1/3840 4492/1/3827 4491/1/3826 
f 4495/1/3830 4507/1/3842 4508/1/3843 4497/1/3832 
f 4497/1/3832 4508/1/3843 4509/1/3844 4499/1/3834 
f 4499/1/3834 4509/1/3844 4510/1/3845 4501/1/3836 
f 4501/1/3836 4510/1/3845 4511/1/3846 4503/1/3838 
f 4503/1/3838 4511/1/3846 4512/1/3847 4505/1/3840 
f 4505/1/3840 4512/1/3847 4513/1/3848 4492/1/3827 
f 4492/1/3827 4513/1/3848 4514/1/3849 4493/1/3828 
f 4493/1/3828 4514/1/3849 4507/1/3842 4495/1/3830 
f 4508/1/3843 4515/1/3850 4516/1/3851 4509/1/3844 
f 4509/1/3844 4516/1/3851 4517/1/3852 4510/1/3845 
f 4510/1/3845 4517/1/3852 4518/1/3853 4511/1/3846 
f 4511/1/3846 4518/1/3853 4519/1/3854 4512/1/3847 
f 4512/1/3847 4519/1/3854 4520/1/3850 4513/1/3848 
f 4513/1/3848 4520/1/3850 4521/1/3850 4514/1/3849 
f 4514/1/3849 4521/1/3850 4522/1/3850 4507/1/3842 
f 4507/1/3842 4522/1/3850 4515/1/3850 4508/1/3843 
f 4523/1/3853 4522/1/3850 4521/1/3850 4520/1/3850 
f 4523/1/3853 4518/1/3853 4517/1/3852 4516/1/3851 
f 4523/1/3853 4520/1/3850 4519/1/3854 4518/1/3853 
f 4523/1/3853 4516/1/3851 4515/1/3850 4522/1/3850 
f 4524/1/3855 4525/1/3856 4526/1/3786 4527/1/714 
f 4525/1/3856 4528/1/3857 4529/1/737 4526/1/3786 
f 4528/1/3857 4530/1/3858 4531/1/3859 4529/1/737 
f 4530/1/3858 4532/1/3860 4533/1/727 4531/1/3859 
f 4532/1/3860 4534/1/3861 4535/1/544 4533/1/727 
f 4534/1/3861 4536/1/3862 4537/1/3863 4535/1/544 
f 4536/1/3862 4538/1/3864 4539/1/722 4537/1/3863 
f 4538/1/3864 4524/1/3855 4527/1/714 4539/1/722 
f 4496/1/3831 4498/1/3833 4540/1/3865 4541/1/3866 
f 4541/1/3866 4540/1/3865 4524/1/3855 4538/1/3864 
f 4498/1/3833 4500/1/3835 4542/1/3867 4540/1/3865 
f 4540/1/3865 4542/1/3867 4525/1/3856 4524/1/3855 
f 4500/1/3835 4502/1/3837 4543/1/3868 4542/1/3867 
f 4542/1/3867 4543/1/3868 4528/1/3857 4525/1/3856 
f 4502/1/3837 4504/1/3839 4544/1/3869 4543/1/3868 
f 4543/1/3868 4544/1/3869 4530/1/3858 4528/1/3857 
f 4504/1/3839 4506/1/3841 4545/1/3870 4544/1/3869 
f 4544/1/3869 4545/1/3870 4532/1/3860 4530/1/3858 
f 4506/1/3841 4491/1/3826 4546/1/3871 4545/1/3870 
f 4545/1/3870 4546/1/3871 4534/1/3861 4532/1/3860 
f 4491/1/3826 4494/1/3829 4547/1/3872 4546/1/3871 
f 4546/1/3871 4547/1/3872 4536/1/3862 4534/1/3861 
f 4494/1/3829 4496/1/3831 4541/1/3866 4547/1/3872 
f 4547/1/3872 4541/1/3866 4538/1/3864 4536/1/3862 
f 4548/1/3873 4549/1/3874 4550/1/3875 4551/1/3876 
f 4552/1/3877 4548/1/3873 4551/1/3876 4553/1/3878 
f 4554/1/3879 4552/1/3877 4553/1/3878 4555/1/3880 
f 4556/1/3881 4554/1/3879 4555/1/3880 4557/1/3882 
f 4558/1/3883 4556/1/3881 4557/1/3882 4559/1/3884 
f 4560/1/3885 4558/1/3883 4559/1/3884 4561/1/3886 
f 4562/1/3887 4560/1/3885 4561/1/3886 4563/1/3888 
f 4549/1/3874 4562/1/3887 4563/1/3888 4550/1/3875 
f 4527/1/714 4526/1/3786 4564/1/3786 4565/1/713 
f 4565/1/713 4564/1/3786 4561/1/3886 4559/1/3884 
f 4526/1/3786 4529/1/737 4566/1/736 4564/1/3786 
f 4564/1/3786 4566/1/736 4563/1/3888 4561/1/3886 
f 4529/1/737 4531/1/3859 4567/1/3889 4566/1/736 
f 4566/1/736 4567/1/3889 4550/1/3875 4563/1/3888 
f 4531/1/3859 4533/1/727 4568/1/727 4567/1/3889 
f 4567/1/3889 4568/1/727 4551/1/3876 4550/1/3875 
f 4533/1/727 4535/1/544 4569/1/544 4568/1/727 
f 4568/1/727 4569/1/544 4553/1/3878 4551/1/3876 
f 4535/1/544 4537/1/3863 4570/1/3863 4569/1/544 
f 4569/1/544 4570/1/3863 4555/1/3880 4553/1/3878 
f 4537/1/3863 4539/1/722 4571/1/3890 4570/1/3863 
f 4570/1/3863 4571/1/3890 4557/1/3882 4555/1/3880 
f 4539/1/722 4527/1/714 4565/1/713 4571/1/3890 
f 4571/1/3890 4565/1/713 4559/1/3884 4557/1/3882 
f 4572/1/3891 4573/1/3892 4574/1/3893 4575/1/3894 
f 4573/1/3892 4576/1/3877 4577/1/3895 4574/1/3893 
f 4576/1/3877 4578/1/3879 4579/1/3896 4577/1/3895 
f 4578/1/3879 4580/1/3897 4581/1/3898 4579/1/3896 
f 4580/1/3897 4582/1/3899 4583/1/3900 4581/1/3898 
f 4582/1/3899 4584/1/3885 4585/1/3901 4583/1/3900 
f 4584/1/3885 4586/1/3887 4587/1/3902 4585/1/3901 
f 4586/1/3887 4572/1/3891 4575/1/3894 4587/1/3902 
f 4549/1/3874 4548/1/3873 4588/1/3873 4589/1/3874 
f 4589/1/3874 4588/1/3873 4573/1/3892 4572/1/3891 
f 4548/1/3873 4552/1/3877 4590/1/3877 4588/1/3873 
f 4588/1/3873 4590/1/3877 4576/1/3877 4573/1/3892 
f 4552/1/3877 4554/1/3879 4591/1/3879 4590/1/3877 
f 4590/1/3877 4591/1/3879 4578/1/3879 4576/1/3877 
f 4554/1/3879 4556/1/3881 4592/1/3881 4591/1/3879 
f 4591/1/3879 4592/1/3881 4580/1/3897 4578/1/3879 
f 4556/1/3881 4558/1/3883 4593/1/3883 4592/1/3881 
f 4592/1/3881 4593/1/3883 4582/1/3899 4580/1/3897 
f 4558/1/3883 4560/1/3885 4594/1/3885 4593/1/3883 
f 4593/1/3883 4594/1/3885 4584/1/3885 4582/1/3899 
f 4560/1/3885 4562/1/3887 4595/1/3903 4594/1/3885 
f 4594/1/3885 4595/1/3903 4586/1/3887 4584/1/3885 
f 4562/1/3887 4549/1/3874 4589/1/3874 4595/1/3903 
f 4595/1/3903 4589/1/3874 4572/1/3891 4586/1/3887 
f 4574/1/3893 4596/1/3904 4597/1/3905 4575/1/3894 
f 4575/1/3894 4597/1/3905 4598/1/3906 4587/1/3902 
f 4587/1/3902 4598/1/3906 4599/1/3907 4585/1/3901 
f 4585/1/3901 4599/1/3907 4600/1/3908 4583/1/3900 
f 4583/1/3900 4600/1/3908 4601/1/3909 4581/1/3898 
f 4581/1/3898 4601/1/3909 4602/1/3910 4579/1/3896 
f 4579/1/3896 4602/1/3910 4603/1/3911 4577/1/3895 
f 4577/1/3895 4603/1/3911 4596/1/3904 4574/1/3893 
f 4598/1/3906 4604/1/3912 4605/1/3913 4599/1/3907 
f 4599/1/3907 4605/1/3913 4606/1/3914 4600/1/3908 
f 4600/1/3908 4606/1/3914 4607/1/3915 4601/1/3909 
f 4601/1/3909 4607/1/3915 4608/1/3916 4602/1/3910 
f 4602/1/3910 4608/1/3916 4609/1/3917 4603/1/3911 
f 4603/1/3911 4609/1/3917 4610/1/3918 4596/1/3904 
f 4596/1/3904 4610/1/3918 4611/1/3919 4597/1/3905 
f 4597/1/3905 4611/1/3919 4604/1/3912 4598/1/3906 
f 4605/1/3913 4612/1/3920 4613/1/3921 4606/1/3914 
f 4606/1/3914 4613/1/3921 4614/1/3922 4607/1/3915 
f 4607/1/3915 4614/1/3922 4615/1/3923 4608/1/3916 
f 4608/1/3916 4615/1/3923 4616/1/3924 4609/1/3917 
f 4609/1/3917 4616/1/3924 4617/1/3925 4610/1/3918 
f 4610/1/3918 4617/1/3925 4618/1/3926 4611/1/3919 
f 4611/1/3919 4618/1/3926 4619/1/3927 4604/1/3912 
f 4604/1/3912 4619/1/3927 4612/1/3920 4605/1/3913 
f 4620/1/3928 4614/1/3922 4613/1/3921 4612/1/3920 
f 4620/1/3928 4616/1/3924 4615/1/3923 4614/1/3922 
f 4620/1/3928 4612/1/3920 4619/1/3927 4618/1/3926 
f 4620/1/3928 4618/1/3926 4617/1/3925 4616/1/3924 
f 4621/1/3835 4622/1/3833 4623/1/3832 4624/1/3834 
f 4622/1/3833 4625/1/3929 4626/1/3930 4623/1/3832 
f 4625/1/3929 4627/1/3829 4628/1/3828 4626/1/3930 
f 4627/1/3829 4629/1/3826 4630/1/3827 4628/1/3828 
f 4629/1/3826 4631/1/3931 4632/1/3840 4630/1/3827 
f 4631/1/3931 4633/1/3932 4634/1/3933 4632/1/3840 
f 4633/1/3932 4635/1/3934 4636/1/3836 4634/1/3933 
f 4635/1/3934 4621/1/3835 4624/1/3834 4636/1/3836 
f 4626/1/3930 4628/1/3828 4637/1/3849 4638/1/3935 
f 4628/1/3828 4630/1/3827 4639/1/3848 4637/1/3849 
f 4630/1/3827 4632/1/3840 4640/1/3936 4639/1/3848 
f 4632/1/3840 4634/1/3933 4641/1/3937 4640/1/3936 
f 4634/1/3933 4636/1/3836 4642/1/3938 4641/1/3937 
f 4636/1/3836 4624/1/3834 4643/1/3844 4642/1/3938 
f 4624/1/3834 4623/1/3832 4644/1/3843 4643/1/3844 
f 4623/1/3832 4626/1/3930 4638/1/3935 4644/1/3843 
f 4637/1/3849 4639/1/3848 4645/1/3850 4646/1/3851 
f 4639/1/3848 4640/1/3936 4647/1/3853 4645/1/3850 
f 4640/1/3936 4641/1/3937 4648/1/3852 4647/1/3853 
f 4641/1/3937 4642/1/3938 4649/1/3939 4648/1/3852 
f 4642/1/3938 4643/1/3844 4650/1/3851 4649/1/3939 
f 4643/1/3844 4644/1/3843 4651/1/3851 4650/1/3851 
f 4644/1/3843 4638/1/3935 4652/1/3851 4651/1/3851 
f 4638/1/3935 4637/1/3849 4646/1/3851 4652/1/3851 
f 4653/1/3852 4650/1/3851 4651/1/3851 4652/1/3851 
f 4653/1/3852 4645/1/3850 4647/1/3853 4648/1/3852 
f 4653/1/3852 4648/1/3852 4649/1/3939 4650/1/3851 
f 4653/1/3852 4652/1/3851 4646/1/3851 4645/1/3850 
f 4654/1/3862 4655/1/705 4656/1/3940 4657/1/3861 
f 4657/1/3861 4656/1/3940 4658/1/727 4659/1/3860 
f 4659/1/3860 4658/1/727 4660/1/731 4661/1/3941 
f 4661/1/3941 4660/1/731 4662/1/737 4663/1/3857 
f 4663/1/3857 4662/1/737 4664/1/488 4665/1/3856 
f 4665/1/3856 4664/1/488 4666/1/3942 4667/1/3855 
f 4667/1/3855 4666/1/3942 4668/1/3943 4669/1/3944 
f 4669/1/3944 4668/1/3943 4655/1/705 4654/1/3862 
f 4625/1/3929 4670/1/3945 4671/1/3872 4627/1/3829 
f 4670/1/3945 4669/1/3944 4654/1/3862 4671/1/3872 
f 4627/1/3829 4671/1/3872 4672/1/3871 4629/1/3826 
f 4671/1/3872 4654/1/3862 4657/1/3861 4672/1/3871 
f 4629/1/3826 4672/1/3871 4673/1/3870 4631/1/3931 
f 4672/1/3871 4657/1/3861 4659/1/3860 4673/1/3870 
f 4631/1/3931 4673/1/3870 4674/1/3946 4633/1/3932 
f 4673/1/3870 4659/1/3860 4661/1/3941 4674/1/3946 
f 4633/1/3932 4674/1/3946 4675/1/3868 4635/1/3934 
f 4674/1/3946 4661/1/3941 4663/1/3857 4675/1/3868 
f 4635/1/3934 4675/1/3868 4676/1/3867 4621/1/3835 
f 4675/1/3868 4663/1/3857 4665/1/3856 4676/1/3867 
f 4621/1/3835 4676/1/3867 4677/1/3865 4622/1/3833 
f 4676/1/3867 4665/1/3856 4667/1/3855 4677/1/3865 
f 4622/1/3833 4677/1/3865 4670/1/3945 4625/1/3929 
f 4677/1/3865 4667/1/3855 4669/1/3944 4670/1/3945 
f 4678/1/3903 4679/1/3947 4680/1/3948 4681/1/3891 
f 4682/1/3885 4683/1/3886 4679/1/3947 4678/1/3903 
f 4684/1/3883 4685/1/3949 4683/1/3886 4682/1/3885 
f 4686/1/3950 4687/1/3951 4685/1/3949 4684/1/3883 
f 4688/1/3879 4689/1/3952 4687/1/3951 4686/1/3950 
f 4690/1/3877 4691/1/3878 4689/1/3952 4688/1/3879 
f 4692/1/3892 4693/1/3953 4691/1/3878 4690/1/3877 
f 4681/1/3891 4680/1/3948 4693/1/3953 4692/1/3892 
f 4655/1/705 4694/1/706 4695/1/3940 4656/1/3940 
f 4694/1/706 4689/1/3952 4691/1/3878 4695/1/3940 
f 4656/1/3940 4695/1/3940 4696/1/726 4658/1/727 
f 4695/1/3940 4691/1/3878 4693/1/3953 4696/1/726 
f 4658/1/727 4696/1/726 4697/1/3954 4660/1/731 
f 4696/1/726 4693/1/3953 4680/1/3948 4697/1/3954 
f 4660/1/731 4697/1/3954 4698/1/737 4662/1/737 
f 4697/1/3954 4680/1/3948 4679/1/3947 4698/1/737 
f 4662/1/737 4698/1/737 4699/1/488 4664/1/488 
f 4698/1/737 4679/1/3947 4683/1/3886 4699/1/488 
f 4664/1/488 4699/1/488 4700/1/3942 4666/1/3942 
f 4699/1/488 4683/1/3886 4685/1/3949 4700/1/3942 
f 4666/1/3942 4700/1/3942 4701/1/3955 4668/1/3943 
f 4700/1/3942 4685/1/3949 4687/1/3951 4701/1/3955 
f 4668/1/3943 4701/1/3955 4694/1/706 4655/1/705 
f 4701/1/3955 4687/1/3951 4689/1/3952 4694/1/706 
f 4702/1/3891 4703/1/3894 4704/1/3956 4705/1/3887 
f 4705/1/3887 4704/1/3956 4706/1/3957 4707/1/3885 
f 4707/1/3885 4706/1/3957 4708/1/3900 4709/1/3883 
f 4709/1/3883 4708/1/3900 4710/1/3898 4711/1/3897 
f 4711/1/3897 4710/1/3898 4712/1/3896 4713/1/3958 
f 4713/1/3958 4712/1/3896 4714/1/3959 4715/1/3877 
f 4715/1/3877 4714/1/3959 4716/1/3960 4717/1/3892 
f 4717/1/3892 4716/1/3960 4703/1/3894 4702/1/3891 
f 4681/1/3891 4718/1/3891 4719/1/3903 4678/1/3903 
f 4718/1/3891 4702/1/3891 4705/1/3887 4719/1/3903 
f 4678/1/3903 4719/1/3903 4720/1/3885 4682/1/3885 
f 4719/1/3903 4705/1/3887 4707/1/3885 4720/1/3885 
f 4682/1/3885 4720/1/3885 4721/1/3883 4684/1/3883 
f 4720/1/3885 4707/1/3885 4709/1/3883 4721/1/3883 
f 4684/1/3883 4721/1/3883 4722/1/3950 4686/1/3950 
f 4721/1/3883 4709/1/3883 4711/1/3897 4722/1/3950 
f 4686/1/3950 4722/1/3950 4723/1/3879 4688/1/3879 
f 4722/1/3950 4711/1/3897 4713/1/3958 4723/1/3879 
f 4688/1/3879 4723/1/3879 4724/1/3877 4690/1/3877 
f 4723/1/3879 4713/1/3958 4715/1/3877 4724/1/3877 
f 4690/1/3877 4724/1/3877 4725/1/3873 4692/1/3892 
f 4724/1/3877 4715/1/3877 4717/1/3892 4725/1/3873 
f 4692/1/3892 4725/1/3873 4718/1/3891 4681/1/3891 
f 4725/1/3873 4717/1/3892 4702/1/3891 4718/1/3891 
f 4704/1/3956 4703/1/3894 4726/1/3961 4727/1/3962 
f 4703/1/3894 4716/1/3960 4728/1/3963 4726/1/3961 
f 4716/1/3960 4714/1/3959 4729/1/3964 4728/1/3963 
f 4714/1/3959 4712/1/3896 4730/1/3965 4729/1/3964 
f 4712/1/3896 4710/1/3898 4731/1/3966 4730/1/3965 
f 4710/1/3898 4708/1/3900 4732/1/3967 4731/1/3966 
f 4708/1/3900 4706/1/3957 4733/1/3968 4732/1/3967 
f 4706/1/3957 4704/1/3956 4727/1/3962 4733/1/3968 
f 4728/1/3963 4729/1/3964 4734/1/3969 4735/1/3970 
f 4729/1/3964 4730/1/3965 4736/1/3971 4734/1/3969 
f 4730/1/3965 4731/1/3966 4737/1/3972 4736/1/3971 
f 4731/1/3966 4732/1/3967 4738/1/3973 4737/1/3972 
f 4732/1/3967 4733/1/3968 4739/1/3974 4738/1/3973 
f 4733/1/3968 4727/1/3962 4740/1/3975 4739/1/3974 
f 4727/1/3962 4726/1/3961 4741/1/3976 4740/1/3975 
f 4726/1/3961 4728/1/3963 4735/1/3970 4741/1/3976 
f 4734/1/3969 4736/1/3971 4742/1/3977 4743/1/3924 
f 4736/1/3971 4737/1/3972 4744/1/3978 4742/1/3977 
f 4737/1/3972 4738/1/3973 4745/1/3979 4744/1/3978 
f 4738/1/3973 4739/1/3974 4746/1/3920 4745/1/3979 
f 4739/1/3974 4740/1/3975 4747/1/3980 4746/1/3920 
f 4740/1/3975 4741/1/3976 4748/1/3981 4747/1/3980 
f 4741/1/3976 4735/1/3970 4749/1/3982 4748/1/3981 
f 4735/1/3970 4734/1/3969 4743/1/3924 4749/1/3982 
f 4750/1/3983 4743/1/3924 4742/1/3977 4744/1/3978 
f 4750/1/3983 4744/1/3978 4745/1/3979 4746/1/3920 
f 4750/1/3983 4748/1/3981 4749/1/3982 4743/1/3924 
f 4750/1/3983 4746/1/3920 4747/1/3980 4748/1/3981 
f 4751/1/3984 4752/1/3985 4753/1/3986 4754/1/3987 
f 4754/1/3987 4753/1/3986 4755/1/3988 4756/1/3989 
f 4756/1/3989 4755/1/3988 4757/1/3990 4758/1/3991 
f 4758/1/3991 4757/1/3990 4759/1/3992 4760/1/3993 
f 4760/1/3993 4759/1/3992 4761/1/3994 4762/1/3995 
f 4762/1/3995 4761/1/3994 4763/1/3996 4764/1/3997 
f 4764/1/3997 4763/1/3996 4765/1/3998 4766/1/3999 
f 4766/1/3999 4765/1/3998 4752/1/3985 4751/1/3984 
f 4755/1/3988 4767/1/4000 4768/1/4001 4757/1/3990 
f 4757/1/3990 4768/1/4001 4769/1/4002 4759/1/3992 
f 4759/1/3992 4769/1/4002 4770/1/4003 4761/1/3994 
f 4761/1/3994 4770/1/4003 4771/1/4004 4763/1/3996 
f 4763/1/3996 4771/1/4004 4772/1/4005 4765/1/3998 
f 4765/1/3998 4772/1/4005 4773/1/4006 4752/1/3985 
f 4752/1/3985 4773/1/4006 4774/1/4007 4753/1/3986 
f 4753/1/3986 4774/1/4007 4767/1/4000 4755/1/3988 
f 4768/1/4001 4775/1/4008 4776/1/4008 4769/1/4002 
f 4769/1/4002 4776/1/4008 4777/1/4009 4770/1/4003 
f 4770/1/4003 4777/1/4009 4778/1/4010 4771/1/4004 
f 4771/1/4004 4778/1/4010 4779/1/4010 4772/1/4005 
f 4772/1/4005 4779/1/4010 4780/1/4008 4773/1/4006 
f 4773/1/4006 4780/1/4008 4781/1/4011 4774/1/4007 
f 4774/1/4007 4781/1/4011 4782/1/4008 4767/1/4000 
f 4767/1/4000 4782/1/4008 4775/1/4008 4768/1/4001 
f 4783/1/4010 4782/1/4008 4781/1/4011 4780/1/4008 
f 4783/1/4010 4778/1/4010 4777/1/4009 4776/1/4008 
f 4783/1/4010 4780/1/4008 4779/1/4010 4778/1/4010 
f 4783/1/4010 4776/1/4008 4775/1/4008 4782/1/4008 
f 4784/1/4012 4785/1/4013 4786/1/4014 4787/1/3787 
f 4785/1/4013 4788/1/4015 4789/1/4016 4786/1/4014 
f 4788/1/4015 4790/1/4017 4791/1/4018 4789/1/4016 
f 4790/1/4017 4792/1/4019 4793/1/4020 4791/1/4018 
f 4792/1/4019 4794/1/4021 4795/1/4022 4793/1/4020 
f 4794/1/4021 4796/1/4023 4797/1/4024 4795/1/4022 
f 4796/1/4023 4798/1/4025 4799/1/4026 4797/1/4024 
f 4798/1/4025 4784/1/4012 4787/1/3787 4799/1/4026 
f 4756/1/3989 4758/1/3991 4800/1/4027 4801/1/4028 
f 4801/1/4028 4800/1/4027 4784/1/4012 4798/1/4025 
f 4758/1/3991 4760/1/3993 4802/1/4029 4800/1/4027 
f 4800/1/4027 4802/1/4029 4785/1/4013 4784/1/4012 
f 4760/1/3993 4762/1/3995 4803/1/4030 4802/1/4029 
f 4802/1/4029 4803/1/4030 4788/1/4015 4785/1/4013 
f 4762/1/3995 4764/1/3997 4804/1/4031 4803/1/4030 
f 4803/1/4030 4804/1/4031 4790/1/4017 4788/1/4015 
f 4764/1/3997 4766/1/3999 4805/1/4032 4804/1/4031 
f 4804/1/4031 4805/1/4032 4792/1/4019 4790/1/4017 
f 4766/1/3999 4751/1/3984 4806/1/4033 4805/1/4032 
f 4805/1/4032 4806/1/4033 4794/1/4021 4792/1/4019 
f 4751/1/3984 4754/1/3987 4807/1/4034 4806/1/4033 
f 4806/1/4033 4807/1/4034 4796/1/4023 4794/1/4021 
f 4754/1/3987 4756/1/3989 4801/1/4028 4807/1/4034 
f 4807/1/4034 4801/1/4028 4798/1/4025 4796/1/4023 
f 4808/1/4035 4809/1/4036 4810/1/4037 4811/1/4038 
f 4812/1/4039 4808/1/4035 4811/1/4038 4813/1/4040 
f 4814/1/4041 4812/1/4039 4813/1/4040 4815/1/4042 
f 4816/1/4043 4814/1/4041 4815/1/4042 4817/1/4044 
f 4818/1/4045 4816/1/4043 4817/1/4044 4819/1/4046 
f 4820/1/4047 4818/1/4045 4819/1/4046 4821/1/4048 
f 4822/1/4049 4820/1/4047 4821/1/4048 4823/1/4050 
f 4809/1/4036 4822/1/4049 4823/1/4050 4810/1/4037 
f 4787/1/3787 4786/1/4014 4824/1/4014 4825/1/4051 
f 4825/1/4051 4824/1/4014 4821/1/4048 4819/1/4046 
f 4786/1/4014 4789/1/4016 4826/1/4016 4824/1/4014 
f 4824/1/4014 4826/1/4016 4823/1/4050 4821/1/4048 
f 4789/1/4016 4791/1/4018 4827/1/4018 4826/1/4016 
f 4826/1/4016 4827/1/4018 4810/1/4037 4823/1/4050 
f 4791/1/4018 4793/1/4020 4828/1/4052 4827/1/4018 
f 4827/1/4018 4828/1/4052 4811/1/4038 4810/1/4037 
f 4793/1/4020 4795/1/4022 4829/1/3940 4828/1/4052 
f 4828/1/4052 4829/1/3940 4813/1/4040 4811/1/4038 
f 4795/1/4022 4797/1/4024 4830/1/3745 4829/1/3940 
f 4829/1/3940 4830/1/3745 4815/1/4042 4813/1/4040 
f 4797/1/4024 4799/1/4026 4831/1/4026 4830/1/3745 
f 4830/1/3745 4831/1/4026 4817/1/4044 4815/1/4042 
f 4799/1/4026 4787/1/3787 4825/1/4051 4831/1/4026 
f 4831/1/4026 4825/1/4051 4819/1/4046 4817/1/4044 
f 4832/1/4053 4833/1/4054 4834/1/4055 4835/1/4056 
f 4833/1/4054 4836/1/4039 4837/1/3796 4834/1/4055 
f 4836/1/4039 4838/1/4041 4839/1/4057 4837/1/3796 
f 4838/1/4041 4840/1/4043 4841/1/4058 4839/1/4057 
f 4840/1/4043 4842/1/4045 4843/1/4059 4841/1/4058 
f 4842/1/4045 4844/1/4047 4845/1/3792 4843/1/4059 
f 4844/1/4047 4846/1/4049 4847/1/4060 4845/1/3792 
f 4846/1/4049 4832/1/4053 4835/1/4056 4847/1/4060 
f 4809/1/4036 4808/1/4035 4848/1/4061 4849/1/4062 
f 4849/1/4062 4848/1/4061 4833/1/4054 4832/1/4053 
f 4808/1/4035 4812/1/4039 4850/1/4039 4848/1/4061 
f 4848/1/4061 4850/1/4039 4836/1/4039 4833/1/4054 
f 4812/1/4039 4814/1/4041 4851/1/4063 4850/1/4039 
f 4850/1/4039 4851/1/4063 4838/1/4041 4836/1/4039 
f 4814/1/4041 4816/1/4043 4852/1/4043 4851/1/4063 
f 4851/1/4063 4852/1/4043 4840/1/4043 4838/1/4041 
f 4816/1/4043 4818/1/4045 4853/1/4045 4852/1/4043 
f 4852/1/4043 4853/1/4045 4842/1/4045 4840/1/4043 
f 4818/1/4045 4820/1/4047 4854/1/4047 4853/1/4045 
f 4853/1/4045 4854/1/4047 4844/1/4047 4842/1/4045 
f 4820/1/4047 4822/1/4049 4855/1/4049 4854/1/4047 
f 4854/1/4047 4855/1/4049 4846/1/4049 4844/1/4047 
f 4822/1/4049 4809/1/4036 4849/1/4062 4855/1/4049 
f 4855/1/4049 4849/1/4062 4832/1/4053 4846/1/4049 
f 4834/1/4055 4856/1/4064 4857/1/4065 4835/1/4056 
f 4835/1/4056 4857/1/4065 4858/1/4066 4847/1/4060 
f 4847/1/4060 4858/1/4066 4859/1/4067 4845/1/3792 
f 4845/1/3792 4859/1/4067 4860/1/4068 4843/1/4059 
f 4843/1/4059 4860/1/4068 4861/1/4069 4841/1/4058 
f 4841/1/4058 4861/1/4069 4862/1/4070 4839/1/4057 
f 4839/1/4057 4862/1/4070 4863/1/4071 4837/1/3796 
f 4837/1/3796 4863/1/4071 4856/1/4064 4834/1/4055 
f 4858/1/4066 4864/1/4072 4865/1/4073 4859/1/4067 
f 4859/1/4067 4865/1/4073 4866/1/4074 4860/1/4068 
f 4860/1/4068 4866/1/4074 4867/1/4075 4861/1/4069 
f 4861/1/4069 4867/1/4075 4868/1/4076 4862/1/4070 
f 4862/1/4070 4868/1/4076 4869/1/4077 4863/1/4071 
f 4863/1/4071 4869/1/4077 4870/1/4078 4856/1/4064 
f 4856/1/4064 4870/1/4078 4871/1/4079 4857/1/4065 
f 4857/1/4065 4871/1/4079 4864/1/4072 4858/1/4066 
f 4865/1/4073 4872/1/4080 4873/1/4081 4866/1/4074 
f 4866/1/4074 4873/1/4081 4874/1/4082 4867/1/4075 
f 4867/1/4075 4874/1/4082 4875/1/4083 4868/1/4076 
f 4868/1/4076 4875/1/4083 4876/1/4084 4869/1/4077 
f 4869/1/4077 4876/1/4084 4877/1/4085 4870/1/4078 
f 4870/1/4078 4877/1/4085 4878/1/4086 4871/1/4079 
f 4871/1/4079 4878/1/4086 4879/1/4087 4864/1/4072 
f 4864/1/4072 4879/1/4087 4872/1/4080 4865/1/4073 
f 4880/1/4088 4874/1/4082 4873/1/4081 4872/1/4080 
f 4880/1/4088 4876/1/4084 4875/1/4083 4874/1/4082 
f 4880/1/4088 4872/1/4080 4879/1/4087 4878/1/4086 
f 4880/1/4088 4878/1/4086 4877/1/4085 4876/1/4084 
f 4881/1/4089 4882/1/4090 4883/1/4091 4884/1/4092 
f 4882/1/4090 4885/1/4093 4886/1/4094 4883/1/4091 
f 4885/1/4093 4887/1/4095 4888/1/4096 4886/1/4094 
f 4887/1/4095 4889/1/4097 4890/1/4098 4888/1/4096 
f 4889/1/4097 4891/1/4099 4892/1/4100 4890/1/4098 
f 4891/1/4099 4893/1/4101 4894/1/4102 4892/1/4100 
f 4893/1/4101 4895/1/4103 4896/1/4104 4894/1/4102 
f 4895/1/4103 4881/1/4089 4884/1/4092 4896/1/4104 
f 4897/1/4105 4898/1/4097 4899/1/4098 4900/1/4096 
f 4898/1/4097 4901/1/4099 4902/1/4100 4899/1/4098 
f 4901/1/4099 4903/1/4101 4904/1/4106 4902/1/4100 
f 4903/1/4101 4905/1/4107 4906/1/4104 4904/1/4106 
f 4905/1/4107 4907/1/4089 4908/1/4092 4906/1/4104 
f 4907/1/4089 4909/1/4090 4910/1/4091 4908/1/4092 
f 4909/1/4090 4911/1/4093 4912/1/4108 4910/1/4091 
f 4911/1/4093 4897/1/4105 4900/1/4096 4912/1/4108 
f 4913/1/4109 4914/1/4110 4915/1/4111 4916/1/4112 
f 4914/1/4110 4917/1/4113 4918/1/4114 4915/1/4111 
f 4917/1/4113 4919/1/4115 4920/1/4116 4918/1/4114 
f 4919/1/4115 4921/1/4117 4922/1/4118 4920/1/4116 
f 4921/1/4117 4923/1/4119 4924/1/4120 4922/1/4118 
f 4923/1/4119 4925/1/4121 4926/1/4122 4924/1/4120 
f 4925/1/4121 4927/1/4123 4928/1/4124 4926/1/4122 
f 4927/1/4123 4913/1/4109 4916/1/4112 4928/1/4124 
f 4929/1/4125 4930/1/4113 4931/1/4114 4932/1/4111 
f 4930/1/4113 4933/1/4115 4934/1/4126 4931/1/4114 
f 4933/1/4115 4935/1/4117 4936/1/4118 4934/1/4126 
f 4935/1/4117 4937/1/4119 4938/1/4120 4936/1/4118 
f 4937/1/4119 4939/1/4121 4940/1/4122 4938/1/4120 
f 4939/1/4121 4941/1/4127 4942/1/4128 4940/1/4122 
f 4941/1/4127 4943/1/4109 4944/1/4129 4942/1/4128 
f 4943/1/4109 4929/1/4125 4932/1/4111 4944/1/4129 
f 4940/1/4122 4942/1/4128 4945/1/4130 4946/1/4131 
f 4942/1/4128 4944/1/4129 4947/1/4132 4945/1/4130 
f 4944/1/4129 4932/1/4111 4948/1/4133 4947/1/4132 
f 4932/1/4111 4931/1/4114 4949/1/4134 4948/1/4133 
f 4931/1/4114 4934/1/4126 4950/1/4135 4949/1/4134 
f 4934/1/4126 4936/1/4118 4951/1/4136 4950/1/4135 
f 4936/1/4118 4938/1/4120 4952/1/4137 4951/1/4136 
f 4938/1/4120 4940/1/4122 4946/1/4131 4952/1/4137 
f 4928/1/4124 4916/1/4112 4953/1/4138 4954/1/4130 
f 4916/1/4112 4915/1/4111 4955/1/4133 4953/1/4138 
f 4915/1/4111 4918/1/4114 4956/1/4134 4955/1/4133 
f 4918/1/4114 4920/1/4116 4957/1/4135 4956/1/4134 
f 4920/1/4116 4922/1/4118 4958/1/4136 4957/1/4135 
f 4922/1/4118 4924/1/4120 4959/1/4137 4958/1/4136 
f 4924/1/4120 4926/1/4122 4960/1/4131 4959/1/4137 
f 4926/1/4122 4928/1/4124 4954/1/4130 4960/1/4131 
f 4961/1/4139 4953/1/4138 4955/1/4133 4956/1/4134 
f 4962/1/4139 4951/1/4136 4952/1/4137 4946/1/4131 
f 4962/1/4139 4946/1/4131 4945/1/4130 4947/1/4132 
f 4961/1/4139 4960/1/4131 4954/1/4130 4953/1/4138 
f 4962/1/4139 4947/1/4132 4948/1/4133 4949/1/4134 
f 4961/1/4139 4958/1/4136 4959/1/4137 4960/1/4131 
f 4962/1/4139 4949/1/4134 4950/1/4135 4951/1/4136 
f 4961/1/4139 4956/1/4134 4957/1/4135 4958/1/4136 
f 4905/1/4107 4963/1/4140 4964/1/4141 4907/1/4089 
f 4907/1/4089 4964/1/4141 4965/1/4142 4909/1/4090 
f 4909/1/4090 4965/1/4142 4966/1/4143 4911/1/4093 
f 4903/1/4101 4967/1/4144 4963/1/4140 4905/1/4107 
f 4911/1/4093 4966/1/4143 4968/1/4145 4897/1/4105 
f 4897/1/4105 4968/1/4145 4969/1/4146 4898/1/4097 
f 4898/1/4097 4969/1/4146 4970/1/4147 4901/1/4099 
f 4901/1/4099 4970/1/4147 4967/1/4144 4903/1/4101 
f 4971/1/4148 4885/1/4093 4882/1/4090 4972/1/4149 
f 4973/1/4150 4893/1/4101 4891/1/4099 4974/1/4147 
f 4974/1/4147 4891/1/4099 4889/1/4097 4975/1/4146 
f 4975/1/4146 4889/1/4097 4887/1/4095 4976/1/4145 
f 4976/1/4145 4887/1/4095 4885/1/4093 4971/1/4148 
f 4972/1/4149 4882/1/4090 4881/1/4089 4977/1/4141 
f 4977/1/4141 4881/1/4089 4895/1/4103 4978/1/4140 
f 4978/1/4140 4895/1/4103 4893/1/4101 4973/1/4150 
f 2689/1/2097 4964/1/4141 4963/1/4140 2690/1/2098 
f 2691/1/2099 4965/1/4142 4964/1/4141 2689/1/2097 
f 2692/1/2100 4966/1/4143 4965/1/4142 2691/1/2099 
f 2690/1/2098 4963/1/4140 4967/1/4144 2693/1/2101 
f 2694/1/2102 4968/1/4145 4966/1/4143 2692/1/2100 
f 2695/1/2103 4969/1/4146 4968/1/4145 2694/1/2102 
f 2696/1/2104 4970/1/4147 4969/1/4146 2695/1/2103 
f 2693/1/2101 4967/1/4144 4970/1/4147 2696/1/2104 
f 2697/1/2100 4971/1/4148 4972/1/4149 2698/1/2105 
f 2699/1/2106 4973/1/4150 4974/1/4147 2700/1/2104 
f 2700/1/2104 4974/1/4147 4975/1/4146 2701/1/2103 
f 2701/1/2103 4975/1/4146 4976/1/4145 2702/1/2102 
f 2702/1/2102 4976/1/4145 4971/1/4148 2697/1/2100 
f 2698/1/2105 4972/1/4149 4977/1/4141 2703/1/2097 
f 2703/1/2097 4977/1/4141 4978/1/4140 2704/1/2098 
f 2704/1/2098 4978/1/4140 4973/1/4150 2699/1/2106 
f 4919/1/4115 4979/1/4151 4980/1/4152 4921/1/4117 
f 4979/1/4151 4892/1/4100 4894/1/4102 4980/1/4152 
f 4921/1/4117 4980/1/4152 4981/1/4153 4923/1/4119 
f 4980/1/4152 4894/1/4102 4896/1/4104 4981/1/4153 
f 4923/1/4119 4981/1/4153 4982/1/4154 4925/1/4121 
f 4981/1/4153 4896/1/4104 4884/1/4092 4982/1/4154 
f 4925/1/4121 4982/1/4154 4983/1/4155 4927/1/4123 
f 4982/1/4154 4884/1/4092 4883/1/4091 4983/1/4155 
f 4927/1/4123 4983/1/4155 4984/1/4156 4913/1/4109 
f 4983/1/4155 4883/1/4091 4886/1/4094 4984/1/4156 
f 4913/1/4109 4984/1/4156 4985/1/4157 4914/1/4110 
f 4984/1/4156 4886/1/4094 4888/1/4096 4985/1/4157 
f 4914/1/4110 4985/1/4157 4986/1/4158 4917/1/4113 
f 4985/1/4157 4888/1/4096 4890/1/4098 4986/1/4158 
f 4917/1/4113 4986/1/4158 4979/1/4151 4919/1/4115 
f 4986/1/4158 4890/1/4098 4892/1/4100 4979/1/4151 
f 4939/1/4121 4987/1/4154 4988/1/4155 4941/1/4127 
f 4987/1/4154 4908/1/4092 4910/1/4091 4988/1/4155 
f 4941/1/4127 4988/1/4155 4989/1/4156 4943/1/4109 
f 4988/1/4155 4910/1/4091 4912/1/4108 4989/1/4156 
f 4943/1/4109 4989/1/4156 4990/1/4157 4929/1/4125 
f 4989/1/4156 4912/1/4108 4900/1/4096 4990/1/4157 
f 4929/1/4125 4990/1/4157 4991/1/4158 4930/1/4113 
f 4990/1/4157 4900/1/4096 4899/1/4098 4991/1/4158 
f 4930/1/4113 4991/1/4158 4992/1/4151 4933/1/4115 
f 4991/1/4158 4899/1/4098 4902/1/4100 4992/1/4151 
f 4933/1/4115 4992/1/4151 4993/1/4152 4935/1/4117 
f 4992/1/4151 4902/1/4100 4904/1/4106 4993/1/4152 
f 4935/1/4117 4993/1/4152 4994/1/4153 4937/1/4119 
f 4993/1/4152 4904/1/4106 4906/1/4104 4994/1/4153 
f 4937/1/4119 4994/1/4153 4987/1/4154 4939/1/4121 
f 4994/1/4153 4906/1/4104 4908/1/4092 4987/1/4154 
usemtl Kitchen_Chair_Pipes
f 4995/136/697 4996/96/4159 4997/99/4160 4998/137/698 
f 4998/137/698 4997/99/4160 4999/107/4161 5000/140/699 
f 5000/140/699 4999/107/4161 5001/112/700 5002/142/700 
f 5002/142/700 5001/112/700 5003/117/4162 5004/144/701 
f 5004/144/701 5003/117/4162 5005/122/4163 5006/146/702 
f 5006/146/702 5005/122/4163 5007/127/4164 5008/148/703 
f 5008/148/703 5007/127/4164 5009/132/704 5010/150/704 
f 5010/150/704 5009/132/704 4996/96/4159 4995/136/697 
f 5003/117/4162 5001/112/700 5011/112/4165 5012/117/4166 
f 5001/112/700 4999/107/4161 5013/107/4167 5011/112/4165 
f 4999/107/4161 4997/99/4160 5014/99/4168 5013/107/4167 
f 4997/99/4160 4996/96/4159 5015/96/4169 5014/99/4168 
f 4996/96/4159 5009/132/704 5016/132/4170 5015/96/4169 
f 5009/132/704 5007/127/4164 5017/127/4171 5016/132/4170 
f 5007/127/4164 5005/122/4163 5018/122/4172 5017/127/4171 
f 5005/122/4163 5003/117/4162 5012/117/4166 5018/122/4172 
f 5014/99/4168 5015/96/4169 5019/376/4173 5020/377/4174 
f 5015/96/4169 5016/132/4170 5021/378/4175 5019/376/4173 
f 5016/132/4170 5017/127/4171 5022/379/4176 5021/378/4175 
f 5017/127/4171 5018/122/4172 5023/380/4177 5022/379/4176 
f 5018/122/4172 5012/117/4166 5024/381/4178 5023/380/4177 
f 5012/117/4166 5011/112/4165 5025/382/4179 5024/381/4178 
f 5011/112/4165 5013/107/4167 5026/383/4180 5025/382/4179 
f 5013/107/4167 5014/99/4168 5020/377/4174 5026/383/4180 
f 5027/384/4178 5021/378/4175 5022/379/4176 5023/380/4177 
f 5027/384/4178 5023/380/4177 5024/381/4178 5025/382/4179 
f 5027/384/4178 5025/382/4179 5026/383/4180 5020/377/4174 
f 5027/384/4178 5020/377/4174 5019/376/4173 5021/378/4175 
f 5028/136/697 5029/137/698 5030/99/4181 5031/96/4182 
f 5029/137/698 5032/140/699 5033/107/4183 5030/99/4181 
f 5032/140/699 5034/142/700 5035/112/700 5033/107/4183 
f 5034/142/700 5036/144/701 5037/117/4184 5035/112/700 
f 5036/144/701 5038/146/702 5039/122/4185 5037/117/4184 
f 5038/146/702 5040/148/703 5041/127/4186 5039/122/4185 
f 5040/148/703 5042/150/704 5043/132/704 5041/127/4186 
f 5042/150/704 5028/136/697 5031/96/4182 5043/132/704 
f 5037/117/4184 5044/117/4187 5045/112/4188 5035/112/700 
f 5035/112/700 5045/112/4188 5046/107/4189 5033/107/4183 
f 5033/107/4183 5046/107/4189 5047/99/4190 5030/99/4181 
f 5030/99/4181 5047/99/4190 5048/96/4191 5031/96/4182 
f 5031/96/4182 5048/96/4191 5049/132/4192 5043/132/704 
f 5043/132/704 5049/132/4192 5050/127/4193 5041/127/4186 
f 5041/127/4186 5050/127/4193 5051/122/4194 5039/122/4185 
f 5039/122/4185 5051/122/4194 5044/117/4187 5037/117/4184 
f 5047/99/4190 5052/377/4195 5053/376/4196 5048/96/4191 
f 5048/96/4191 5053/376/4196 5054/378/4197 5049/132/4192 
f 5049/132/4192 5054/378/4197 5055/379/4198 5050/127/4193 
f 5050/127/4193 5055/379/4198 5056/380/4199 5051/122/4194 
f 5051/122/4194 5056/380/4199 5057/381/4200 5044/117/4187 
f 5044/117/4187 5057/381/4200 5058/382/4201 5045/112/4188 
f 5045/112/4188 5058/382/4201 5059/383/4202 5046/107/4189 
f 5046/107/4189 5059/383/4202 5052/377/4195 5047/99/4190 
f 5060/384/4200 5056/380/4199 5055/379/4198 5054/378/4197 
f 5060/384/4200 5058/382/4201 5057/381/4200 5056/380/4199 
f 5060/384/4200 5052/377/4195 5059/383/4202 5058/382/4201 
f 5060/384/4200 5054/378/4197 5053/376/4196 5052/377/4195 
usemtl Kitchen_Chair_Plastic
f 5061/227/4203 2803/227/2205 2802/226/2204 2865/226/2266 
f 2866/226/2266 2867/227/2267 5061/227/4203 2865/226/2266 
f 3166/226/2554 3161/226/2554 3160/227/2553 3167/227/2559 
f 5062/315/4204 5063/315/4204 5061/227/4203 2867/227/2267 
f 5062/315/4204 3167/227/2559 3160/227/2553 5063/315/4204 
f 2804/227/2206 3332/315/2718 5062/315/4204 2867/227/2267 
f 3104/227/2498 3167/227/2559 5062/315/4204 3332/315/2718 
f 5061/227/4203 5063/315/4204 3331/315/2717 2803/227/2205 
f 3160/227/2553 3101/227/2495 3331/315/2717 5063/315/4204 
# 5088 polygons

