# Blender 5.1.1
# www.blender.org
mtllib StandFeria.mtl
o Plano
v -0.687181 -0.027438 0.000000
v 0.684492 -0.027438 0.000000
v -0.687181 2.249136 -0.000000
v 0.684492 2.249136 -0.000000
v -0.618598 0.086391 -0.000000
v 0.615909 0.086391 -0.000000
v 0.615909 2.135306 -0.000000
v -0.618598 2.135306 -0.000000
vn -0.0000 -0.0000 1.0000
vt 0.050000 0.050000
vt 0.950000 0.050000
vt 0.950000 0.950000
vt 0.050000 0.950000
vt 0.000000 0.000000
vt 1.000000 0.000000
vt 1.000000 1.000000
vt 0.000000 1.000000
s 1
usemtl Blanco
f 5/1/1 6/2/1 7/3/1 8/4/1
usemtl Metal.001
f 6/2/1 5/1/1 1/5/1 2/6/1
f 7/3/1 6/2/1 2/6/1 4/7/1
f 8/4/1 7/3/1 4/7/1 3/8/1
f 5/1/1 8/4/1 3/8/1 1/5/1
o Plano.001
v -2.060950 -0.027438 0.000000
v -0.689276 -0.027438 0.000000
v -2.060950 2.249136 -0.000000
v -0.689276 2.249136 -0.000000
v -1.992366 0.086391 -0.000000
v -0.757859 0.086391 -0.000000
v -0.757859 2.135306 -0.000000
v -1.992366 2.135306 -0.000000
vn -0.0000 -0.0000 1.0000
vt 0.050000 0.950000
vt 0.050000 0.050000
vt 0.950000 0.050000
vt 0.950000 0.950000
vt 0.000000 1.000000
vt 0.000000 0.000000
vt 1.000000 0.000000
vt 1.000000 1.000000
s 1
usemtl Blanco
f 13/9/2 14/10/2 15/11/2 16/12/2
usemtl Metal
f 14/10/2 13/9/2 9/13/2 10/14/2
f 15/11/2 14/10/2 10/14/2 12/15/2
f 16/12/2 15/11/2 12/15/2 11/16/2
f 13/9/2 16/12/2 11/16/2 9/13/2
o Plano.002
v -3.433823 -0.027438 0.000000
v -2.062148 -0.027438 0.000000
v -3.433823 2.249136 -0.000000
v -2.062148 2.249136 -0.000000
v -3.365238 0.086391 -0.000000
v -2.130732 0.086391 -0.000000
v -2.130732 2.135306 -0.000000
v -3.365238 2.135306 -0.000000
vn -0.0000 -0.0000 1.0000
vt 0.050000 0.050000
vt 0.950000 0.050000
vt 0.950000 0.950000
vt 0.050000 0.950000
vt 0.000000 0.000000
vt 1.000000 0.000000
vt 1.000000 1.000000
vt 0.000000 1.000000
s 1
usemtl Blanco
f 21/17/3 22/18/3 23/19/3 24/20/3
usemtl Plata
f 22/18/3 21/17/3 17/21/3 18/22/3
f 23/19/3 22/18/3 18/22/3 20/23/3
f 24/20/3 23/19/3 20/23/3 19/24/3
f 21/17/3 24/20/3 19/24/3 17/21/3
o Plano.003
v 0.677518 -0.027438 0.810072
v 0.684601 -0.027438 -0.001265
v 0.677516 2.249136 0.810071
v 0.684601 2.249136 -0.001265
v 0.677871 0.086391 0.769504
v 0.684247 0.086391 0.039302
v 0.684247 2.135306 0.039302
v 0.677871 2.135306 0.769504
vn -1.0000 -0.0000 -0.0087
vt 0.050000 0.050000
vt 0.050000 0.950000
vt 0.950000 0.950000
vt 0.950000 0.050000
vt 1.000000 0.000000
vt 0.000000 0.000000
vt 1.000000 1.000000
vt 0.000000 1.000000
s 1
usemtl Blanco
f 29/25/4 32/26/4 31/27/4 30/28/4
usemtl METAL
f 30/28/4 26/29/4 25/30/4 29/25/4
f 31/27/4 28/31/4 26/29/4 30/28/4
f 32/26/4 27/32/4 28/31/4 31/27/4
f 29/25/4 25/30/4 27/32/4 32/26/4
o Plano.004
v -3.442335 -0.027438 0.753792
v -3.435251 -0.027438 -0.001177
v -3.442335 2.249136 0.753792
v -3.435251 2.249136 -0.001177
v -3.441982 0.086391 0.716043
v -3.435606 0.086391 0.036572
v -3.435606 2.135306 0.036572
v -3.441982 2.135306 0.716043
vn -1.0000 -0.0000 -0.0094
vt 0.050000 0.050000
vt 0.050000 0.950000
vt 0.950000 0.950000
vt 0.950000 0.050000
vt 1.000000 0.000000
vt 0.000000 0.000000
vt 1.000000 1.000000
vt 0.000000 1.000000
s 1
usemtl Blanco
f 37/33/5 40/34/5 39/35/5 38/36/5
usemtl Metal.002
f 38/36/5 34/37/5 33/38/5 37/33/5
f 39/35/5 36/39/5 34/37/5 38/36/5
f 40/34/5 35/40/5 36/39/5 39/35/5
f 37/33/5 33/38/5 35/40/5 40/34/5
o Cilindro.001
v 0.022240 0.107909 1.837291
v 0.022240 0.764040 1.837291
v 0.030240 0.107909 1.838079
v 0.030240 0.764040 1.838079
v 0.037933 0.107909 1.840413
v 0.037933 0.764040 1.840413
v 0.045023 0.107909 1.844203
v 0.045023 0.764040 1.844203
v 0.051237 0.107909 1.849303
v 0.051237 0.764040 1.849303
v 0.056337 0.107909 1.855517
v 0.056337 0.764040 1.855517
v 0.060126 0.107909 1.862607
v 0.060126 0.764040 1.862607
v 0.062460 0.107909 1.870299
v 0.062460 0.764040 1.870299
v 0.063248 0.107909 1.878299
v 0.063248 0.764040 1.878299
v 0.062460 0.107909 1.886300
v 0.062460 0.764040 1.886300
v 0.060126 0.107909 1.893992
v 0.060126 0.764040 1.893992
v 0.056337 0.107909 1.901083
v 0.056337 0.764040 1.901083
v 0.051237 0.107909 1.907296
v 0.051237 0.764040 1.907296
v 0.045023 0.107909 1.912396
v 0.045023 0.764040 1.912396
v 0.037933 0.107909 1.916186
v 0.037933 0.764040 1.916186
v 0.030240 0.107909 1.918519
v 0.030240 0.764040 1.918519
v 0.022240 0.107909 1.919308
v 0.022240 0.764040 1.919308
v 0.014240 0.107909 1.918519
v 0.014240 0.764040 1.918519
v 0.006547 0.107909 1.916186
v 0.006547 0.764040 1.916186
v -0.000543 0.107909 1.912396
v -0.000543 0.764040 1.912396
v -0.006757 0.107909 1.907296
v -0.006757 0.764040 1.907296
v -0.011857 0.107909 1.901083
v -0.011857 0.764040 1.901083
v -0.015647 0.107909 1.893992
v -0.015647 0.764040 1.893992
v -0.017980 0.107909 1.886300
v -0.017980 0.764040 1.886300
v -0.018768 0.107909 1.878299
v -0.018768 0.764040 1.878299
v -0.017980 0.107909 1.870299
v -0.017980 0.764040 1.870299
v -0.015647 0.107909 1.862607
v -0.015647 0.764040 1.862607
v -0.011857 0.107909 1.855517
v -0.011857 0.764040 1.855517
v -0.006757 0.107909 1.849303
v -0.006757 0.764040 1.849303
v -0.000543 0.107909 1.844203
v -0.000543 0.764040 1.844203
v 0.006547 0.107909 1.840413
v 0.006547 0.764040 1.840413
v 0.014240 0.107909 1.838079
v 0.014240 0.764040 1.838079
v 0.268288 0.795758 1.632251
v 0.268288 0.779355 1.632251
v 0.268288 0.795758 3.272576
v 0.268288 0.779355 3.272576
v -3.012362 0.795758 1.632251
v -3.012362 0.779355 1.632251
v -3.012362 0.795758 3.272576
v -3.012362 0.779355 3.272576
v -2.766314 0.107909 1.837291
v -2.766314 0.764040 1.837291
v -2.758313 0.107909 1.838079
v -2.758313 0.764040 1.838079
v -2.750621 0.107909 1.840413
v -2.750621 0.764040 1.840413
v -2.743530 0.107909 1.844203
v -2.743530 0.764040 1.844203
v -2.737317 0.107909 1.849303
v -2.737317 0.764040 1.849303
v -2.732217 0.107909 1.855517
v -2.732217 0.764040 1.855517
v -2.728427 0.107909 1.862607
v -2.728427 0.764040 1.862607
v -2.726094 0.107909 1.870299
v -2.726094 0.764040 1.870299
v -2.725306 0.107909 1.878299
v -2.725306 0.764040 1.878299
v -2.726094 0.107909 1.886300
v -2.726094 0.764040 1.886300
v -2.728427 0.107909 1.893992
v -2.728427 0.764040 1.893992
v -2.732217 0.107909 1.901083
v -2.732217 0.764040 1.901083
v -2.737317 0.107909 1.907296
v -2.737317 0.764040 1.907296
v -2.743530 0.107909 1.912396
v -2.743530 0.764040 1.912396
v -2.750621 0.107909 1.916186
v -2.750621 0.764040 1.916186
v -2.758313 0.107909 1.918519
v -2.758313 0.764040 1.918519
v -2.766314 0.107909 1.919308
v -2.766314 0.764040 1.919308
v -2.774313 0.107909 1.918519
v -2.774313 0.764040 1.918519
v -2.782007 0.107909 1.916186
v -2.782007 0.764040 1.916186
v -2.789097 0.107909 1.912396
v -2.789097 0.764040 1.912396
v -2.795310 0.107909 1.907296
v -2.795310 0.764040 1.907296
v -2.800410 0.107909 1.901083
v -2.800410 0.764040 1.901083
v -2.804200 0.107909 1.893992
v -2.804200 0.764040 1.893992
v -2.806534 0.107909 1.886300
v -2.806534 0.764040 1.886300
v -2.807322 0.107909 1.878299
v -2.807322 0.764040 1.878299
v -2.806534 0.107909 1.870299
v -2.806534 0.764040 1.870299
v -2.804200 0.107909 1.862607
v -2.804200 0.764040 1.862607
v -2.800410 0.107909 1.855517
v -2.800410 0.764040 1.855517
v -2.795310 0.107909 1.849303
v -2.795310 0.764040 1.849303
v -2.789097 0.107909 1.844203
v -2.789097 0.764040 1.844203
v -2.782007 0.107909 1.840413
v -2.782007 0.764040 1.840413
v -2.774313 0.107909 1.838079
v -2.774313 0.764040 1.838079
v -2.766314 0.107909 2.985519
v -2.766314 0.764040 2.985519
v -2.758313 0.107909 2.986307
v -2.758313 0.764040 2.986307
v -2.750621 0.107909 2.988641
v -2.750621 0.764040 2.988641
v -2.743530 0.107909 2.992430
v -2.743530 0.764040 2.992430
v -2.737317 0.107909 2.997530
v -2.737317 0.764040 2.997530
v -2.732217 0.107909 3.003744
v -2.732217 0.764040 3.003744
v -2.728427 0.107909 3.010834
v -2.728427 0.764040 3.010834
v -2.726094 0.107909 3.018527
v -2.726094 0.764040 3.018527
v -2.725306 0.107909 3.026527
v -2.725306 0.764040 3.026527
v -2.726094 0.107909 3.034528
v -2.726094 0.764040 3.034528
v -2.728427 0.107909 3.042220
v -2.728427 0.764040 3.042220
v -2.732217 0.107909 3.049310
v -2.732217 0.764040 3.049310
v -2.737317 0.107909 3.055524
v -2.737317 0.764040 3.055524
v -2.743530 0.107909 3.060625
v -2.743530 0.764040 3.060625
v -2.750621 0.107909 3.064414
v -2.750621 0.764040 3.064414
v -2.758313 0.107909 3.066747
v -2.758313 0.764040 3.066747
v -2.766314 0.107909 3.067535
v -2.766314 0.764040 3.067535
v -2.774313 0.107909 3.066747
v -2.774313 0.764040 3.066747
v -2.782007 0.107909 3.064414
v -2.782007 0.764040 3.064414
v -2.789097 0.107909 3.060625
v -2.789097 0.764040 3.060625
v -2.795310 0.107909 3.055524
v -2.795310 0.764040 3.055524
v -2.800410 0.107909 3.049310
v -2.800410 0.764040 3.049310
v -2.804200 0.107909 3.042220
v -2.804200 0.764040 3.042220
v -2.806534 0.107909 3.034528
v -2.806534 0.764040 3.034528
v -2.807322 0.107909 3.026527
v -2.807322 0.764040 3.026527
v -2.806534 0.107909 3.018527
v -2.806534 0.764040 3.018527
v -2.804200 0.107909 3.010834
v -2.804200 0.764040 3.010834
v -2.800410 0.107909 3.003744
v -2.800410 0.764040 3.003744
v -2.795310 0.107909 2.997530
v -2.795310 0.764040 2.997530
v -2.789097 0.107909 2.992430
v -2.789097 0.764040 2.992430
v -2.782007 0.107909 2.988641
v -2.782007 0.764040 2.988641
v -2.774313 0.107909 2.986307
v -2.774313 0.764040 2.986307
v 0.022240 0.107909 2.985519
v 0.022240 0.764040 2.985519
v 0.030240 0.107909 2.986307
v 0.030240 0.764040 2.986307
v 0.037933 0.107909 2.988641
v 0.037933 0.764040 2.988641
v 0.045023 0.107909 2.992430
v 0.045023 0.764040 2.992430
v 0.051237 0.107909 2.997530
v 0.051237 0.764040 2.997530
v 0.056337 0.107909 3.003744
v 0.056337 0.764040 3.003744
v 0.060126 0.107909 3.010834
v 0.060126 0.764040 3.010834
v 0.062460 0.107909 3.018527
v 0.062460 0.764040 3.018527
v 0.063248 0.107909 3.026527
v 0.063248 0.764040 3.026527
v 0.062460 0.107909 3.034528
v 0.062460 0.764040 3.034528
v 0.060126 0.107909 3.042220
v 0.060126 0.764040 3.042220
v 0.056337 0.107909 3.049310
v 0.056337 0.764040 3.049310
v 0.051237 0.107909 3.055524
v 0.051237 0.764040 3.055524
v 0.045023 0.107909 3.060625
v 0.045023 0.764040 3.060625
v 0.037933 0.107909 3.064414
v 0.037933 0.764040 3.064414
v 0.030240 0.107909 3.066747
v 0.030240 0.764040 3.066747
v 0.022240 0.107909 3.067535
v 0.022240 0.764040 3.067535
v 0.014240 0.107909 3.066747
v 0.014240 0.764040 3.066747
v 0.006547 0.107909 3.064414
v 0.006547 0.764040 3.064414
v -0.000543 0.107909 3.060625
v -0.000543 0.764040 3.060625
v -0.006757 0.107909 3.055524
v -0.006757 0.764040 3.055524
v -0.011857 0.107909 3.049310
v -0.011857 0.764040 3.049310
v -0.015647 0.107909 3.042220
v -0.015647 0.764040 3.042220
v -0.017980 0.107909 3.034528
v -0.017980 0.764040 3.034528
v -0.018768 0.107909 3.026527
v -0.018768 0.764040 3.026527
v -0.017980 0.107909 3.018527
v -0.017980 0.764040 3.018527
v -0.015647 0.107909 3.010834
v -0.015647 0.764040 3.010834
v -0.011857 0.107909 3.003744
v -0.011857 0.764040 3.003744
v -0.006757 0.107909 2.997530
v -0.006757 0.764040 2.997530
v -0.000543 0.107909 2.992430
v -0.000543 0.764040 2.992430
v 0.006547 0.107909 2.988641
v 0.006547 0.764040 2.988641
v 0.014240 0.107909 2.986307
v 0.014240 0.764040 2.986307
vn 0.0980 -0.0000 -0.9952
vn 0.2903 -0.0000 -0.9569
vn 0.4714 -0.0000 -0.8819
vn 0.6344 -0.0000 -0.7730
vn 0.7730 -0.0000 -0.6344
vn 0.8819 -0.0000 -0.4714
vn 0.9569 -0.0000 -0.2903
vn 0.9952 -0.0000 -0.0980
vn 0.9952 -0.0000 0.0980
vn 0.9569 -0.0000 0.2903
vn 0.8820 -0.0000 0.4713
vn 0.7729 -0.0000 0.6345
vn 0.6344 -0.0000 0.7730
vn 0.4714 -0.0000 0.8819
vn 0.2903 -0.0000 0.9569
vn 0.0980 -0.0000 0.9952
vn -0.0980 -0.0000 0.9952
vn -0.2902 -0.0000 0.9570
vn -0.4715 -0.0000 0.8819
vn -0.6344 -0.0000 0.7730
vn -0.7730 -0.0000 0.6344
vn -0.8819 -0.0000 0.4714
vn -0.9569 -0.0000 0.2903
vn -0.9952 -0.0000 0.0980
vn -0.9952 -0.0000 -0.0980
vn -0.9569 -0.0000 -0.2903
vn -0.8819 -0.0000 -0.4714
vn -0.7730 -0.0000 -0.6344
vn -0.6344 -0.0000 -0.7730
vn -0.4715 -0.0000 -0.8819
vn -0.0000 1.0000 -0.0000
vn -0.2902 -0.0000 -0.9570
vn -0.0980 -0.0000 -0.9952
vn -0.0000 -1.0000 -0.0000
vn 0.8819 -0.0000 0.4714
vn 0.7730 -0.0000 0.6344
vn -0.4714 -0.0000 0.8819
vn -0.4714 -0.0000 -0.8819
vn 0.4713 -0.0000 -0.8820
vn 0.6345 -0.0000 -0.7729
vn 0.6345 -0.0000 0.7729
vn 0.4713 -0.0000 0.8820
vn -0.4713 -0.0000 0.8820
vn -0.6345 -0.0000 0.7729
vn -0.6345 -0.0000 -0.7729
vn -0.4713 -0.0000 -0.8820
vn 0.7729 -0.0000 -0.6345
vn 0.8820 -0.0000 -0.4713
vn -0.0000 -0.0000 1.0000
vn -1.0000 -0.0000 -0.0000
vn 1.0000 -0.0000 -0.0000
vn -0.0000 -0.0000 -1.0000
vt 1.000000 0.500000
vt 1.000000 1.000000
vt 0.968750 1.000000
vt 0.968750 0.500000
vt 0.937500 1.000000
vt 0.937500 0.500000
vt 0.906250 1.000000
vt 0.906250 0.500000
vt 0.875000 1.000000
vt 0.875000 0.500000
vt 0.843750 1.000000
vt 0.843750 0.500000
vt 0.812500 1.000000
vt 0.812500 0.500000
vt 0.781250 1.000000
vt 0.781250 0.500000
vt 0.750000 1.000000
vt 0.750000 0.500000
vt 0.718750 1.000000
vt 0.718750 0.500000
vt 0.687500 1.000000
vt 0.687500 0.500000
vt 0.656250 1.000000
vt 0.656250 0.500000
vt 0.625000 1.000000
vt 0.625000 0.500000
vt 0.593750 1.000000
vt 0.593750 0.500000
vt 0.562500 1.000000
vt 0.562500 0.500000
vt 0.531250 1.000000
vt 0.531250 0.500000
vt 0.500000 1.000000
vt 0.500000 0.500000
vt 0.468750 1.000000
vt 0.468750 0.500000
vt 0.437500 1.000000
vt 0.437500 0.500000
vt 0.406250 1.000000
vt 0.406250 0.500000
vt 0.375000 1.000000
vt 0.375000 0.500000
vt 0.343750 1.000000
vt 0.343750 0.500000
vt 0.312500 1.000000
vt 0.312500 0.500000
vt 0.281250 1.000000
vt 0.281250 0.500000
vt 0.250000 1.000000
vt 0.250000 0.500000
vt 0.218750 1.000000
vt 0.218750 0.500000
vt 0.187500 1.000000
vt 0.187500 0.500000
vt 0.156250 1.000000
vt 0.156250 0.500000
vt 0.125000 1.000000
vt 0.125000 0.500000
vt 0.093750 1.000000
vt 0.093750 0.500000
vt 0.062500 1.000000
vt 0.062500 0.500000
vt 0.296822 0.485388
vt 0.250000 0.490000
vt 0.203178 0.485388
vt 0.158156 0.471731
vt 0.116663 0.449553
vt 0.080294 0.419706
vt 0.050447 0.383337
vt 0.028269 0.341844
vt 0.014612 0.296822
vt 0.010000 0.250000
vt 0.014612 0.203178
vt 0.028269 0.158156
vt 0.050447 0.116663
vt 0.080294 0.080294
vt 0.116663 0.050447
vt 0.158156 0.028269
vt 0.203178 0.014612
vt 0.250000 0.010000
vt 0.296822 0.014612
vt 0.341844 0.028269
vt 0.383337 0.050447
vt 0.419706 0.080294
vt 0.449553 0.116663
vt 0.471731 0.158156
vt 0.485388 0.203178
vt 0.490000 0.250000
vt 0.485388 0.296822
vt 0.471731 0.341844
vt 0.449553 0.383337
vt 0.419706 0.419706
vt 0.383337 0.449553
vt 0.341844 0.471731
vt 0.031250 1.000000
vt 0.031250 0.500000
vt 0.000000 1.000000
vt 0.000000 0.500000
vt 0.750000 0.490000
vt 0.796822 0.485388
vt 0.841844 0.471731
vt 0.883337 0.449553
vt 0.919706 0.419706
vt 0.949553 0.383337
vt 0.971731 0.341844
vt 0.985388 0.296822
vt 0.990000 0.250000
vt 0.985388 0.203178
vt 0.971731 0.158156
vt 0.949553 0.116663
vt 0.919706 0.080294
vt 0.883337 0.050447
vt 0.841844 0.028269
vt 0.796822 0.014612
vt 0.750000 0.010000
vt 0.703178 0.014612
vt 0.658156 0.028269
vt 0.616663 0.050447
vt 0.580294 0.080294
vt 0.550447 0.116663
vt 0.528269 0.158156
vt 0.514612 0.203178
vt 0.510000 0.250000
vt 0.514612 0.296822
vt 0.528269 0.341844
vt 0.550447 0.383337
vt 0.580294 0.419706
vt 0.616663 0.449553
vt 0.658156 0.471731
vt 0.703178 0.485388
vt 0.000000 0.000000
s 1
usemtl Material.001
f 41/41/6 42/42/6 44/43/6 43/44/6
f 43/44/7 44/43/7 46/45/7 45/46/7
f 45/46/8 46/45/8 48/47/8 47/48/8
f 47/48/9 48/47/9 50/49/9 49/50/9
f 49/50/10 50/49/10 52/51/10 51/52/10
f 51/52/11 52/51/11 54/53/11 53/54/11
f 53/54/12 54/53/12 56/55/12 55/56/12
f 55/56/13 56/55/13 58/57/13 57/58/13
f 57/58/14 58/57/14 60/59/14 59/60/14
f 59/60/15 60/59/15 62/61/15 61/62/15
f 61/62/16 62/61/16 64/63/16 63/64/16
f 63/64/17 64/63/17 66/65/17 65/66/17
f 65/66/18 66/65/18 68/67/18 67/68/18
f 67/68/19 68/67/19 70/69/19 69/70/19
f 69/70/20 70/69/20 72/71/20 71/72/20
f 71/72/21 72/71/21 74/73/21 73/74/21
f 73/74/22 74/73/22 76/75/22 75/76/22
f 75/76/23 76/75/23 78/77/23 77/78/23
f 77/78/24 78/77/24 80/79/24 79/80/24
f 79/80/25 80/79/25 82/81/25 81/82/25
f 81/82/26 82/81/26 84/83/26 83/84/26
f 83/84/27 84/83/27 86/85/27 85/86/27
f 85/86/28 86/85/28 88/87/28 87/88/28
f 87/88/29 88/87/29 90/89/29 89/90/29
f 89/90/30 90/89/30 92/91/30 91/92/30
f 91/92/31 92/91/31 94/93/31 93/94/31
f 93/94/32 94/93/32 96/95/32 95/96/32
f 95/96/33 96/95/33 98/97/33 97/98/33
f 97/98/34 98/97/34 100/99/34 99/100/34
f 99/100/35 100/99/35 102/101/35 101/102/35
f 44/103/36 42/104/36 104/105/36 102/106/36 100/107/36 98/108/36 96/109/36 94/110/36 92/111/36 90/112/36 88/113/36 86/114/36 84/115/36 82/116/36 80/117/36 78/118/36 76/119/36 74/120/36 72/121/36 70/122/36 68/123/36 66/124/36 64/125/36 62/126/36 60/127/36 58/128/36 56/129/36 54/130/36 52/131/36 50/132/36 48/133/36 46/134/36
f 101/102/37 102/101/37 104/135/37 103/136/37
f 103/136/38 104/135/38 42/137/38 41/138/38
f 41/139/39 43/140/39 45/141/39 47/142/39 49/143/39 51/144/39 53/145/39 55/146/39 57/147/39 59/148/39 61/149/39 63/150/39 65/151/39 67/152/39 69/153/39 71/154/39 73/155/39 75/156/39 77/157/39 79/158/39 81/159/39 83/160/39 85/161/39 87/162/39 89/163/39 91/164/39 93/165/39 95/166/39 97/167/39 99/168/39 101/169/39 103/170/39
f 113/41/6 114/42/6 116/43/6 115/44/6
f 115/44/7 116/43/7 118/45/7 117/46/7
f 117/46/8 118/45/8 120/47/8 119/48/8
f 119/48/9 120/47/9 122/49/9 121/50/9
f 121/50/10 122/49/10 124/51/10 123/52/10
f 123/52/11 124/51/11 126/53/11 125/54/11
f 125/54/12 126/53/12 128/55/12 127/56/12
f 127/56/13 128/55/13 130/57/13 129/58/13
f 129/58/14 130/57/14 132/59/14 131/60/14
f 131/60/15 132/59/15 134/61/15 133/62/15
f 133/62/40 134/61/40 136/63/40 135/64/40
f 135/64/41 136/63/41 138/65/41 137/66/41
f 137/66/18 138/65/18 140/67/18 139/68/18
f 139/68/19 140/67/19 142/69/19 141/70/19
f 141/70/20 142/69/20 144/71/20 143/72/20
f 143/72/21 144/71/21 146/73/21 145/74/21
f 145/74/22 146/73/22 148/75/22 147/76/22
f 147/76/23 148/75/23 150/77/23 149/78/23
f 149/78/42 150/77/42 152/79/42 151/80/42
f 151/80/25 152/79/25 154/81/25 153/82/25
f 153/82/26 154/81/26 156/83/26 155/84/26
f 155/84/27 156/83/27 158/85/27 157/86/27
f 157/86/28 158/85/28 160/87/28 159/88/28
f 159/88/29 160/87/29 162/89/29 161/90/29
f 161/90/30 162/89/30 164/91/30 163/92/30
f 163/92/31 164/91/31 166/93/31 165/94/31
f 165/94/32 166/93/32 168/95/32 167/96/32
f 167/96/33 168/95/33 170/97/33 169/98/33
f 169/98/34 170/97/34 172/99/34 171/100/34
f 171/100/43 172/99/43 174/101/43 173/102/43
f 116/103/36 114/104/36 176/105/36 174/106/36 172/107/36 170/108/36 168/109/36 166/110/36 164/111/36 162/112/36 160/113/36 158/114/36 156/115/36 154/116/36 152/117/36 150/118/36 148/119/36 146/120/36 144/121/36 142/122/36 140/123/36 138/124/36 136/125/36 134/126/36 132/127/36 130/128/36 128/129/36 126/130/36 124/131/36 122/132/36 120/133/36 118/134/36
f 173/102/37 174/101/37 176/135/37 175/136/37
f 175/136/38 176/135/38 114/137/38 113/138/38
f 113/139/39 115/140/39 117/141/39 119/142/39 121/143/39 123/144/39 125/145/39 127/146/39 129/147/39 131/148/39 133/149/39 135/150/39 137/151/39 139/152/39 141/153/39 143/154/39 145/155/39 147/156/39 149/157/39 151/158/39 153/159/39 155/160/39 157/161/39 159/162/39 161/163/39 163/164/39 165/165/39 167/166/39 169/167/39 171/168/39 173/169/39 175/170/39
f 177/41/6 178/42/6 180/43/6 179/44/6
f 179/44/7 180/43/7 182/45/7 181/46/7
f 181/46/44 182/45/44 184/47/44 183/48/44
f 183/48/45 184/47/45 186/49/45 185/50/45
f 185/50/10 186/49/10 188/51/10 187/52/10
f 187/52/11 188/51/11 190/53/11 189/54/11
f 189/54/12 190/53/12 192/55/12 191/56/12
f 191/56/13 192/55/13 194/57/13 193/58/13
f 193/58/14 194/57/14 196/59/14 195/60/14
f 195/60/15 196/59/15 198/61/15 197/62/15
f 197/62/40 198/61/40 200/63/40 199/64/40
f 199/64/41 200/63/41 202/65/41 201/66/41
f 201/66/46 202/65/46 204/67/46 203/68/46
f 203/68/47 204/67/47 206/69/47 205/70/47
f 205/70/20 206/69/20 208/71/20 207/72/20
f 207/72/21 208/71/21 210/73/21 209/74/21
f 209/74/22 210/73/22 212/75/22 211/76/22
f 211/76/23 212/75/23 214/77/23 213/78/23
f 213/78/48 214/77/48 216/79/48 215/80/48
f 215/80/49 216/79/49 218/81/49 217/82/49
f 217/82/26 218/81/26 220/83/26 219/84/26
f 219/84/27 220/83/27 222/85/27 221/86/27
f 221/86/28 222/85/28 224/87/28 223/88/28
f 223/88/29 224/87/29 226/89/29 225/90/29
f 225/90/30 226/89/30 228/91/30 227/92/30
f 227/92/31 228/91/31 230/93/31 229/94/31
f 229/94/32 230/93/32 232/95/32 231/96/32
f 231/96/33 232/95/33 234/97/33 233/98/33
f 233/98/50 234/97/50 236/99/50 235/100/50
f 235/100/51 236/99/51 238/101/51 237/102/51
f 180/103/36 178/104/36 240/105/36 238/106/36 236/107/36 234/108/36 232/109/36 230/110/36 228/111/36 226/112/36 224/113/36 222/114/36 220/115/36 218/116/36 216/117/36 214/118/36 212/119/36 210/120/36 208/121/36 206/122/36 204/123/36 202/124/36 200/125/36 198/126/36 196/127/36 194/128/36 192/129/36 190/130/36 188/131/36 186/132/36 184/133/36 182/134/36
f 237/102/37 238/101/37 240/135/37 239/136/37
f 239/136/38 240/135/38 178/137/38 177/138/38
f 177/139/39 179/140/39 181/141/39 183/142/39 185/143/39 187/144/39 189/145/39 191/146/39 193/147/39 195/148/39 197/149/39 199/150/39 201/151/39 203/152/39 205/153/39 207/154/39 209/155/39 211/156/39 213/157/39 215/158/39 217/159/39 219/160/39 221/161/39 223/162/39 225/163/39 227/164/39 229/165/39 231/166/39 233/167/39 235/168/39 237/169/39 239/170/39
f 241/41/6 242/42/6 244/43/6 243/44/6
f 243/44/7 244/43/7 246/45/7 245/46/7
f 245/46/44 246/45/44 248/47/44 247/48/44
f 247/48/45 248/47/45 250/49/45 249/50/45
f 249/50/52 250/49/52 252/51/52 251/52/52
f 251/52/53 252/51/53 254/53/53 253/54/53
f 253/54/12 254/53/12 256/55/12 255/56/12
f 255/56/13 256/55/13 258/57/13 257/58/13
f 257/58/14 258/57/14 260/59/14 259/60/14
f 259/60/15 260/59/15 262/61/15 261/62/15
f 261/62/16 262/61/16 264/63/16 263/64/16
f 263/64/17 264/63/17 266/65/17 265/66/17
f 265/66/46 266/65/46 268/67/46 267/68/46
f 267/68/47 268/67/47 270/69/47 269/70/47
f 269/70/20 270/69/20 272/71/20 271/72/20
f 271/72/21 272/71/21 274/73/21 273/74/21
f 273/74/22 274/73/22 276/75/22 275/76/22
f 275/76/23 276/75/23 278/77/23 277/78/23
f 277/78/42 278/77/42 280/79/42 279/80/42
f 279/80/25 280/79/25 282/81/25 281/82/25
f 281/82/26 282/81/26 284/83/26 283/84/26
f 283/84/27 284/83/27 286/85/27 285/86/27
f 285/86/28 286/85/28 288/87/28 287/88/28
f 287/88/29 288/87/29 290/89/29 289/90/29
f 289/90/30 290/89/30 292/91/30 291/92/30
f 291/92/31 292/91/31 294/93/31 293/94/31
f 293/94/32 294/93/32 296/95/32 295/96/32
f 295/96/33 296/95/33 298/97/33 297/98/33
f 297/98/34 298/97/34 300/99/34 299/100/34
f 299/100/43 300/99/43 302/101/43 301/102/43
f 244/103/36 242/104/36 304/105/36 302/106/36 300/107/36 298/108/36 296/109/36 294/110/36 292/111/36 290/112/36 288/113/36 286/114/36 284/115/36 282/116/36 280/117/36 278/118/36 276/119/36 274/120/36 272/121/36 270/122/36 268/123/36 266/124/36 264/125/36 262/126/36 260/127/36 258/128/36 256/129/36 254/130/36 252/131/36 250/132/36 248/133/36 246/134/36
f 301/102/37 302/101/37 304/135/37 303/136/37
f 303/136/38 304/135/38 242/137/38 241/138/38
f 241/139/39 243/140/39 245/141/39 247/142/39 249/143/39 251/144/39 253/145/39 255/146/39 257/147/39 259/148/39 261/149/39 263/150/39 265/151/39 267/152/39 269/153/39 271/154/39 273/155/39 275/156/39 277/157/39 279/158/39 281/159/39 283/160/39 285/161/39 287/162/39 289/163/39 291/164/39 293/165/39 295/166/39 297/167/39 299/168/39 301/169/39 303/170/39
usemtl Material.002
f 105/171/36 109/171/36 111/171/36 107/171/36
f 108/171/54 107/171/54 111/171/54 112/171/54
f 112/171/55 111/171/55 109/171/55 110/171/55
f 110/171/39 106/171/39 108/171/39 112/171/39
f 106/171/56 105/171/56 107/171/56 108/171/56
f 110/171/57 109/171/57 105/171/57 106/171/57
o Kitchen_Fold_Chair
v -1.009528 0.896111 0.799134
v -1.009528 0.900632 0.794366
v -1.007621 0.901385 0.796082
v -1.007621 0.897806 0.799896
v -1.009719 0.907224 0.794176
v -1.007812 0.906659 0.795892
v -1.009719 0.911744 0.798371
v -1.007812 0.910238 0.799134
v -1.009719 0.912121 0.804854
v -1.007812 0.910426 0.804282
v -1.009528 0.907601 0.809622
v -1.007621 0.906847 0.808096
v -1.009528 0.901008 0.809812
v -1.007621 0.901762 0.808096
v -1.009528 0.896488 0.805617
v -1.007621 0.897995 0.804854
v -1.006668 0.907977 0.800278
v -1.006668 0.905717 0.798180
v -1.006668 0.908166 0.803329
v -1.006668 0.905905 0.805808
v -1.006668 0.902515 0.805808
v -1.006668 0.900255 0.803710
v -1.006668 0.900066 0.800659
v -1.006668 0.902515 0.798371
v -1.006668 0.902515 0.798562
v -1.006668 0.900443 0.800850
v -1.006668 0.905717 0.798371
v -1.006858 0.907789 0.800278
v -1.006668 0.907977 0.803329
v -1.006668 0.905717 0.805617
v -1.006668 0.902703 0.805617
v -1.006668 0.900443 0.803710
v -1.007049 0.902515 0.798562
v -1.007049 0.900443 0.800850
v -1.007049 0.905717 0.798371
v -1.007240 0.907789 0.800278
v -1.007049 0.907977 0.803329
v -1.007049 0.905717 0.805617
v -1.007049 0.902703 0.805617
v -1.007049 0.900443 0.803710
v -1.009719 0.907977 0.803329
v -1.009719 0.907789 0.800468
v -1.009719 0.905717 0.805617
v -1.009528 0.902515 0.805617
v -1.009528 0.900443 0.803710
v -1.009528 0.900255 0.800850
v -1.009719 0.902515 0.798562
v -1.009719 0.905717 0.798371
v -1.009909 0.907977 0.803329
v -1.010100 0.907789 0.800468
v -1.009909 0.905717 0.805617
v -1.009909 0.902515 0.805617
v -1.009909 0.900443 0.803710
v -1.009909 0.900255 0.800850
v -1.009909 0.902515 0.798562
v -1.009909 0.905717 0.798371
v -1.009909 0.902703 0.798943
v -1.009909 0.900632 0.800850
v -1.009909 0.905529 0.798752
v -1.009909 0.907412 0.800468
v -1.009909 0.907601 0.803138
v -1.009909 0.905529 0.805236
v -1.009909 0.902703 0.805236
v -1.009909 0.900820 0.803520
v -1.009909 0.903080 0.799896
v -1.009909 0.901573 0.801231
v -1.009909 0.905152 0.799706
v -1.009909 0.906471 0.801041
v -1.009909 0.906659 0.802757
v -1.009909 0.905152 0.804282
v -1.009909 0.903080 0.804282
v -1.009909 0.901762 0.803138
v -1.009909 0.904022 0.801994
v -1.010863 0.909484 0.799515
v -1.010863 0.909673 0.803901
v -1.010672 0.901950 0.807333
v -1.010672 0.898748 0.804473
v -1.010672 0.901950 0.807524
v -1.010863 0.906282 0.796655
v -1.010672 0.898560 0.800087
v -1.010863 0.906471 0.807333
v -1.010672 0.906471 0.807333
v -1.010863 0.901762 0.796845
v -1.010672 0.901762 0.796845
v -1.040802 0.898183 0.800468
v -1.040802 0.901197 0.797036
v -1.030504 0.901385 0.797036
v -1.030313 0.898371 0.800278
v -1.020016 0.901573 0.796845
v -1.019825 0.898560 0.800278
v -1.040802 0.901573 0.807524
v -1.040802 0.898371 0.804664
v -1.030313 0.898560 0.804664
v -1.030313 0.901573 0.807524
v -1.019825 0.898560 0.804473
v -1.019825 0.901762 0.807524
v -1.040992 0.905717 0.796845
v -1.030504 0.905905 0.796845
v -1.020016 0.906094 0.796845
v -1.040992 0.908919 0.799896
v -1.030504 0.909108 0.799706
v -1.020016 0.909296 0.799706
v -1.040992 0.909108 0.804092
v -1.030504 0.909296 0.804092
v -1.020016 0.909484 0.804092
v -1.040992 0.906094 0.807524
v -1.030504 0.906094 0.807333
v -1.020016 0.906282 0.807333
v -1.049955 0.911179 0.805045
v -1.049955 0.910803 0.798943
v -1.050336 0.910803 0.798943
v -1.050146 0.911179 0.805045
v -1.049955 0.906471 0.794748
v -1.050146 0.906471 0.794748
v -1.049764 0.900066 0.794938
v -1.050146 0.900066 0.794938
v -1.049764 0.895734 0.799706
v -1.049955 0.895734 0.799706
v -1.049764 0.896111 0.805808
v -1.049955 0.896111 0.805808
v -1.049764 0.900443 0.809812
v -1.049955 0.900443 0.809812
v -1.049764 0.906847 0.809622
v -1.050146 0.906847 0.809622
v -1.050908 0.901008 0.808668
v -1.050908 0.897241 0.805236
v -1.050908 0.906282 0.808478
v -1.051099 0.909861 0.804664
v -1.051099 0.909673 0.799515
v -1.051099 0.905905 0.796082
v -1.050908 0.900632 0.796273
v -1.050908 0.897053 0.800087
v -1.051671 0.907412 0.800468
v -1.051671 0.907412 0.803710
v -1.051671 0.905152 0.798371
v -1.051481 0.901573 0.798562
v -1.051481 0.899313 0.801041
v -1.051481 0.899501 0.804092
v -1.051481 0.901762 0.806189
v -1.051481 0.905152 0.806189
v -1.051671 0.904964 0.798752
v -1.051671 0.907224 0.800659
v -1.051481 0.901762 0.798752
v -1.051481 0.899690 0.801041
v -1.051481 0.899690 0.804092
v -1.051481 0.901950 0.805999
v -1.051481 0.905152 0.805999
v -1.051671 0.907224 0.803520
v -1.051290 0.899690 0.801041
v -1.051290 0.901762 0.798752
v -1.051290 0.899690 0.804092
v -1.051290 0.901950 0.805999
v -1.051290 0.905152 0.805999
v -1.051290 0.907224 0.803520
v -1.051481 0.907224 0.800659
v -1.051290 0.904964 0.798752
v -1.050146 0.901762 0.798752
v -1.050336 0.904964 0.798752
v -1.050146 0.899690 0.801041
v -1.050146 0.899690 0.804092
v -1.050146 0.901950 0.805999
v -1.050146 0.905152 0.805999
v -1.050336 0.907224 0.803520
v -1.050336 0.907224 0.800659
v -1.049955 0.904964 0.798752
v -1.049955 0.907224 0.800659
v -1.049764 0.901762 0.798752
v -1.049764 0.899690 0.801041
v -1.049764 0.899690 0.804092
v -1.049764 0.901950 0.805999
v -1.049764 0.905152 0.805999
v -1.049955 0.907224 0.803520
v -1.049764 0.900066 0.801231
v -1.049764 0.901950 0.799134
v -1.049764 0.900066 0.803901
v -1.049764 0.902138 0.805617
v -1.049764 0.904964 0.805426
v -1.049955 0.906847 0.803520
v -1.049955 0.906659 0.800850
v -1.049955 0.904775 0.799134
v -1.049764 0.902515 0.800468
v -1.049955 0.904399 0.800468
v -1.049764 0.901385 0.801803
v -1.049764 0.901385 0.803329
v -1.049764 0.902515 0.804282
v -1.049764 0.904399 0.804282
v -1.049955 0.905529 0.802947
v -1.049955 0.905529 0.801422
v -1.049764 0.903457 0.802375
v -1.048811 0.897995 0.800468
v -1.048620 0.898183 0.804854
v -1.048811 0.898183 0.804854
v -1.048811 0.897995 0.804854
v -1.048811 0.897806 0.800468
v -1.049001 0.908731 0.799896
v -1.048811 0.905529 0.797036
v -1.049001 0.905717 0.797036
v -1.049001 0.905717 0.796845
v -1.049001 0.908919 0.799896
v -1.048811 0.901385 0.807715
v -1.048811 0.901197 0.807905
v -1.048811 0.908919 0.804282
v -1.049001 0.908919 0.804282
v -1.049001 0.909108 0.804282
v -1.048811 0.901008 0.797227
v -1.049001 0.901008 0.797036
v -1.048811 0.905905 0.807524
v -1.049001 0.905905 0.807524
v -1.049001 0.905905 0.807715
v -1.049192 0.906471 0.794748
v -1.049383 0.910803 0.798943
v -1.049192 0.910803 0.798943
v -1.049001 0.906471 0.794748
v -1.049192 0.910614 0.798943
v -1.049001 0.906282 0.794938
v -1.049001 0.900443 0.809812
v -1.049001 0.896111 0.805808
v -1.048811 0.896111 0.805808
v -1.048811 0.900443 0.809812
v -1.048811 0.896299 0.805617
v -1.048811 0.900632 0.809622
v -1.049001 0.895734 0.799706
v -1.048811 0.895734 0.799706
v -1.048811 0.895923 0.799706
v -1.049192 0.911179 0.805045
v -1.049192 0.906847 0.809622
v -1.049001 0.906847 0.809622
v -1.049001 0.911179 0.805045
v -1.049001 0.906659 0.809431
v -1.049001 0.910991 0.805045
v -1.049192 0.900066 0.794938
v -1.049001 0.900066 0.794938
v -1.049001 0.900255 0.795129
v -1.010672 0.907412 0.809431
v -1.010672 0.901197 0.809812
v -1.010672 0.901008 0.809812
v -1.010672 0.907601 0.809622
v -1.010481 0.901008 0.809812
v -1.010481 0.907601 0.809622
v -1.010672 0.900632 0.794557
v -1.010863 0.907036 0.794366
v -1.010863 0.907224 0.794176
v -1.010672 0.900632 0.794366
v -1.010672 0.907224 0.794176
v -1.010481 0.900632 0.794366
v -1.010481 0.896111 0.799134
v -1.010672 0.896111 0.799134
v -1.010672 0.896299 0.799324
v -1.010863 0.911744 0.798562
v -1.010863 0.911933 0.804854
v -1.010863 0.912121 0.804854
v -1.010863 0.911744 0.798371
v -1.010672 0.912121 0.804854
v -1.010672 0.911744 0.798371
v -1.010672 0.896488 0.805617
v -1.010672 0.896299 0.805617
v -1.010481 0.896299 0.805617
v -1.790990 0.896111 0.799134
v -1.792897 0.897806 0.799896
v -1.792897 0.901385 0.796082
v -1.790990 0.900632 0.794366
v -1.792706 0.906659 0.795892
v -1.790799 0.907224 0.794176
v -1.792706 0.910238 0.799134
v -1.790799 0.911744 0.798371
v -1.792706 0.910426 0.804282
v -1.790799 0.912121 0.804854
v -1.792897 0.906847 0.808096
v -1.790990 0.907601 0.809622
v -1.792897 0.901762 0.808096
v -1.790990 0.901008 0.809812
v -1.792897 0.897995 0.804854
v -1.790990 0.896488 0.805617
v -1.793850 0.905717 0.798180
v -1.793850 0.907977 0.800278
v -1.793850 0.908166 0.803329
v -1.793850 0.905905 0.805808
v -1.793850 0.902515 0.805808
v -1.793850 0.900255 0.803710
v -1.793850 0.900066 0.800659
v -1.793850 0.902515 0.798371
v -1.793850 0.900443 0.800850
v -1.793850 0.902515 0.798562
v -1.793850 0.905717 0.798371
v -1.793659 0.907789 0.800278
v -1.793850 0.907977 0.803329
v -1.793850 0.905717 0.805617
v -1.793850 0.902703 0.805617
v -1.793850 0.900443 0.803710
v -1.793469 0.900443 0.800850
v -1.793469 0.902515 0.798562
v -1.793469 0.905717 0.798371
v -1.793278 0.907789 0.800278
v -1.793469 0.907977 0.803329
v -1.793469 0.905717 0.805617
v -1.793469 0.902703 0.805617
v -1.793469 0.900443 0.803710
v -1.790799 0.907789 0.800468
v -1.790799 0.907977 0.803329
v -1.790799 0.905717 0.805617
v -1.790990 0.902515 0.805617
v -1.790990 0.900443 0.803710
v -1.790990 0.900255 0.800850
v -1.790799 0.902515 0.798562
v -1.790799 0.905717 0.798371
v -1.790418 0.907789 0.800468
v -1.790608 0.907977 0.803329
v -1.790608 0.905717 0.805617
v -1.790608 0.902515 0.805617
v -1.790608 0.900443 0.803710
v -1.790608 0.900255 0.800850
v -1.790608 0.902515 0.798562
v -1.790608 0.905717 0.798371
v -1.790608 0.900632 0.800850
v -1.790608 0.902703 0.798943
v -1.790608 0.905529 0.798752
v -1.790608 0.907412 0.800468
v -1.790608 0.907601 0.803138
v -1.790608 0.905529 0.805236
v -1.790608 0.902703 0.805236
v -1.790608 0.900820 0.803520
v -1.790608 0.901573 0.801231
v -1.790608 0.903080 0.799896
v -1.790608 0.905152 0.799706
v -1.790608 0.906471 0.801041
v -1.790608 0.906659 0.802757
v -1.790608 0.905152 0.804282
v -1.790608 0.903080 0.804282
v -1.790608 0.901762 0.803138
v -1.790608 0.904022 0.801994
v -1.789655 0.909484 0.799515
v -1.789655 0.909673 0.803901
v -1.789845 0.901950 0.807333
v -1.789845 0.898748 0.804473
v -1.789845 0.901950 0.807524
v -1.789655 0.906282 0.796655
v -1.789845 0.898560 0.800087
v -1.789655 0.906471 0.807333
v -1.789845 0.906471 0.807333
v -1.789655 0.901762 0.796845
v -1.789845 0.901762 0.796845
v -1.759716 0.898183 0.800468
v -1.770204 0.898371 0.800278
v -1.770013 0.901385 0.797036
v -1.759716 0.901197 0.797036
v -1.780692 0.898560 0.800278
v -1.780501 0.901573 0.796845
v -1.759716 0.901573 0.807524
v -1.770204 0.901573 0.807524
v -1.770204 0.898560 0.804664
v -1.759716 0.898371 0.804664
v -1.780692 0.901762 0.807524
v -1.780692 0.898560 0.804473
v -1.770013 0.905905 0.796845
v -1.759525 0.905717 0.796845
v -1.780501 0.906094 0.796845
v -1.770013 0.909108 0.799706
v -1.759525 0.908919 0.799896
v -1.780501 0.909296 0.799706
v -1.770013 0.909296 0.804092
v -1.759525 0.909108 0.804092
v -1.780501 0.909484 0.804092
v -1.770013 0.906094 0.807333
v -1.759525 0.906094 0.807524
v -1.780501 0.906282 0.807333
v -1.750563 0.911179 0.805045
v -1.750372 0.911179 0.805045
v -1.750181 0.910803 0.798943
v -1.750563 0.910803 0.798943
v -1.750372 0.906471 0.794748
v -1.750563 0.906471 0.794748
v -1.750372 0.900066 0.794938
v -1.750753 0.900066 0.794938
v -1.750563 0.895734 0.799706
v -1.750753 0.895734 0.799706
v -1.750563 0.896111 0.805808
v -1.750753 0.896111 0.805808
v -1.750563 0.900443 0.809812
v -1.750753 0.900443 0.809812
v -1.750372 0.906847 0.809622
v -1.750753 0.906847 0.809622
v -1.749609 0.897241 0.805236
v -1.749609 0.901008 0.808668
v -1.749609 0.906282 0.808478
v -1.749418 0.909861 0.804664
v -1.749418 0.909673 0.799515
v -1.749418 0.905905 0.796082
v -1.749609 0.900632 0.796273
v -1.749609 0.897053 0.800087
v -1.748846 0.907412 0.803710
v -1.748846 0.907412 0.800468
v -1.748846 0.905152 0.798371
v -1.749037 0.901573 0.798562
v -1.749037 0.899313 0.801041
v -1.749037 0.899501 0.804092
v -1.749037 0.901762 0.806189
v -1.749037 0.905152 0.806189
v -1.748846 0.907224 0.800659
v -1.748846 0.904964 0.798752
v -1.749037 0.901762 0.798752
v -1.749037 0.899690 0.801041
v -1.749037 0.899690 0.804092
v -1.749037 0.901950 0.805999
v -1.749037 0.905152 0.805999
v -1.748846 0.907224 0.803520
v -1.749228 0.901762 0.798752
v -1.749228 0.899690 0.801041
v -1.749228 0.899690 0.804092
v -1.749228 0.901950 0.805999
v -1.749228 0.905152 0.805999
v -1.749228 0.907224 0.803520
v -1.749037 0.907224 0.800659
v -1.749228 0.904964 0.798752
v -1.750181 0.904964 0.798752
v -1.750372 0.901762 0.798752
v -1.750372 0.899690 0.801041
v -1.750372 0.899690 0.804092
v -1.750372 0.901950 0.805999
v -1.750372 0.905152 0.805999
v -1.750181 0.907224 0.803520
v -1.750181 0.907224 0.800659
v -1.750563 0.907224 0.800659
v -1.750563 0.904964 0.798752
v -1.750753 0.901762 0.798752
v -1.750753 0.899690 0.801041
v -1.750753 0.899690 0.804092
v -1.750753 0.901950 0.805999
v -1.750753 0.905152 0.805999
v -1.750563 0.907224 0.803520
v -1.750753 0.901950 0.799134
v -1.750753 0.900066 0.801231
v -1.750753 0.900066 0.803901
v -1.750753 0.902138 0.805617
v -1.750753 0.904964 0.805426
v -1.750563 0.906847 0.803520
v -1.750563 0.906659 0.800850
v -1.750563 0.904775 0.799134
v -1.750563 0.904399 0.800468
v -1.750753 0.902515 0.800468
v -1.750753 0.901385 0.801803
v -1.750753 0.901385 0.803329
v -1.750753 0.902515 0.804282
v -1.750753 0.904399 0.804282
v -1.750563 0.905529 0.802947
v -1.750563 0.905529 0.801422
v -1.750753 0.903457 0.802375
v -1.751707 0.897995 0.800468
v -1.751707 0.898183 0.804854
v -1.751897 0.898183 0.804854
v -1.751707 0.897806 0.800468
v -1.751707 0.897995 0.804854
v -1.751516 0.908731 0.799896
v -1.751516 0.905717 0.797036
v -1.751707 0.905529 0.797036
v -1.751516 0.908919 0.799896
v -1.751516 0.905717 0.796845
v -1.751707 0.901385 0.807715
v -1.751707 0.901197 0.807905
v -1.751707 0.908919 0.804282
v -1.751516 0.908919 0.804282
v -1.751516 0.909108 0.804282
v -1.751707 0.901008 0.797227
v -1.751516 0.901008 0.797036
v -1.751516 0.905905 0.807524
v -1.751707 0.905905 0.807524
v -1.751516 0.905905 0.807715
v -1.751325 0.906471 0.794748
v -1.751516 0.906471 0.794748
v -1.751325 0.910803 0.798943
v -1.751135 0.910803 0.798943
v -1.751516 0.906282 0.794938
v -1.751325 0.910614 0.798943
v -1.751516 0.900443 0.809812
v -1.751707 0.900443 0.809812
v -1.751707 0.896111 0.805808
v -1.751516 0.896111 0.805808
v -1.751707 0.900632 0.809622
v -1.751707 0.896299 0.805617
v -1.751707 0.895734 0.799706
v -1.751516 0.895734 0.799706
v -1.751707 0.895923 0.799706
v -1.751325 0.911179 0.805045
v -1.751516 0.911179 0.805045
v -1.751516 0.906847 0.809622
v -1.751325 0.906847 0.809622
v -1.751516 0.910991 0.805045
v -1.751516 0.906659 0.809431
v -1.751325 0.900066 0.794938
v -1.751516 0.900066 0.794938
v -1.751516 0.900255 0.795129
v -1.789845 0.907412 0.809431
v -1.789845 0.907601 0.809622
v -1.789845 0.901008 0.809812
v -1.789845 0.901197 0.809812
v -1.790036 0.907601 0.809622
v -1.790036 0.901008 0.809812
v -1.789845 0.900632 0.794557
v -1.789845 0.900632 0.794366
v -1.789655 0.907224 0.794176
v -1.789655 0.907036 0.794366
v -1.790036 0.900632 0.794366
v -1.789845 0.907224 0.794176
v -1.789845 0.896111 0.799134
v -1.790036 0.896111 0.799134
v -1.789845 0.896299 0.799324
v -1.789655 0.911744 0.798562
v -1.789655 0.911744 0.798371
v -1.789655 0.912121 0.804854
v -1.789655 0.911933 0.804854
v -1.789845 0.911744 0.798371
v -1.789845 0.912121 0.804854
v -1.789845 0.896299 0.805617
v -1.789845 0.896488 0.805617
v -1.790036 0.896299 0.805617
v -1.047476 0.670271 0.913168
v -1.047476 0.670082 0.908782
v -1.047667 0.670082 0.908782
v -1.047667 0.670271 0.913168
v -1.047476 0.666880 0.905922
v -1.047667 0.666880 0.905922
v -1.047476 0.662360 0.906113
v -1.047667 0.662360 0.906113
v -1.047476 0.659346 0.909354
v -1.047667 0.659346 0.909354
v -1.047476 0.659534 0.913740
v -1.047667 0.659534 0.913740
v -1.047476 0.662548 0.916601
v -1.047667 0.662548 0.916601
v -1.047476 0.667257 0.916410
v -1.047667 0.667257 0.916410
v -1.047667 0.669706 0.908973
v -1.047667 0.669706 0.912978
v -1.047667 0.666692 0.906303
v -1.047667 0.662548 0.906494
v -1.047667 0.659723 0.909545
v -1.047667 0.659911 0.913359
v -1.047667 0.662736 0.916029
v -1.047667 0.666880 0.915838
v -1.047667 0.664620 0.911261
v -1.000565 0.656709 0.908401
v -1.000565 0.661418 0.903634
v -0.998658 0.661983 0.905159
v -0.998658 0.658404 0.908973
v -1.000565 0.667822 0.903443
v -0.998658 0.667257 0.905159
v -1.000565 0.672531 0.907638
v -0.998658 0.670836 0.908401
v -1.000565 0.672719 0.914122
v -0.998658 0.671024 0.913359
v -1.000565 0.668199 0.918889
v -0.998658 0.667445 0.917173
v -1.000565 0.661795 0.919080
v -0.998658 0.662360 0.917364
v -1.000565 0.657086 0.914885
v -0.998658 0.658781 0.914122
v -0.997705 0.668764 0.909545
v -0.997705 0.666315 0.907447
v -0.997705 0.668764 0.912596
v -0.997705 0.666503 0.914885
v -0.997705 0.663113 0.915075
v -0.997705 0.660853 0.912978
v -0.997705 0.660853 0.909926
v -0.997705 0.663113 0.907447
v -0.997705 0.663113 0.907638
v -0.997705 0.661041 0.909926
v -0.997705 0.666315 0.907638
v -0.997705 0.668387 0.909545
v -0.997705 0.668575 0.912405
v -0.997705 0.666503 0.914694
v -0.997705 0.663301 0.914885
v -0.997705 0.661041 0.912978
v -0.998086 0.663113 0.907638
v -0.998086 0.661041 0.909926
v -0.998086 0.666315 0.907638
v -0.998086 0.668387 0.909545
v -0.998086 0.668575 0.912405
v -0.998086 0.666503 0.914694
v -0.998086 0.663301 0.914885
v -0.998086 0.661041 0.912978
v -1.000565 0.668575 0.912405
v -1.000565 0.668387 0.909545
v -1.000565 0.666503 0.914694
v -1.000565 0.663301 0.914885
v -1.000565 0.661041 0.912978
v -1.000565 0.661041 0.909926
v -1.000565 0.663113 0.907638
v -1.000565 0.666315 0.907638
v -1.000947 0.668575 0.912405
v -1.000947 0.668387 0.909545
v -1.000947 0.666503 0.914694
v -1.000947 0.663301 0.914885
v -1.000947 0.661041 0.912978
v -1.000947 0.661041 0.909926
v -1.000947 0.663113 0.907638
v -1.000947 0.666315 0.907638
v -1.000947 0.663301 0.908020
v -1.000947 0.661418 0.910117
v -1.000947 0.666127 0.908020
v -1.000947 0.668199 0.909736
v -1.000947 0.668199 0.912405
v -1.000947 0.666315 0.914503
v -1.000947 0.663301 0.914503
v -1.000947 0.661418 0.912787
v -1.000947 0.663678 0.908973
v -1.000947 0.662360 0.910499
v -1.000947 0.665750 0.908973
v -1.000947 0.667257 0.910117
v -1.000947 0.667257 0.912024
v -1.000947 0.665938 0.913550
v -1.000947 0.663678 0.913550
v -1.000947 0.662360 0.912215
v -1.000947 0.664808 0.911261
v -1.001900 0.659534 0.913740
v -1.001900 0.659346 0.909354
v -1.001709 0.659158 0.909354
v -1.001709 0.659346 0.913740
v -1.001900 0.670271 0.913168
v -1.001900 0.667257 0.916410
v -1.001709 0.667257 0.916410
v -1.001709 0.670271 0.913168
v -1.001709 0.667257 0.916601
v -1.001709 0.670459 0.913168
v -1.001900 0.662548 0.916601
v -1.001709 0.662548 0.916601
v -1.001709 0.662548 0.916791
v -1.001900 0.662360 0.906113
v -1.001900 0.666880 0.905922
v -1.001709 0.666880 0.905922
v -1.001709 0.662360 0.905922
v -1.001709 0.667068 0.905731
v -1.001900 0.670082 0.908782
v -1.001709 0.670082 0.908782
v -1.001709 0.670271 0.908782
v -1.034699 0.666880 0.905922
v -1.034699 0.670082 0.908782
v -1.023830 0.670082 0.908782
v -1.023830 0.666880 0.905922
v -1.013151 0.670082 0.908782
v -1.013151 0.666880 0.905922
v -1.034699 0.662360 0.906113
v -1.023830 0.662360 0.906113
v -1.013151 0.662360 0.906113
v -1.034699 0.659346 0.909354
v -1.023830 0.659346 0.909354
v -1.013151 0.659346 0.909354
v -1.034699 0.670271 0.913168
v -1.023830 0.670271 0.913168
v -1.013151 0.670271 0.913168
v -1.034699 0.659534 0.913740
v -1.023830 0.659534 0.913740
v -1.013151 0.659534 0.913740
v -1.034699 0.662548 0.916601
v -1.023830 0.662548 0.916601
v -1.013151 0.662548 0.916601
v -1.034699 0.667257 0.916410
v -1.023830 0.667257 0.916410
v -1.013151 0.667257 0.916410
v -1.001519 0.656709 0.908401
v -1.001519 0.657086 0.914885
v -1.001709 0.657086 0.914885
v -1.001709 0.656709 0.908401
v -1.001709 0.657274 0.914694
v -1.001709 0.656897 0.908401
v -1.001519 0.672531 0.907638
v -1.001519 0.667822 0.903443
v -1.001709 0.667822 0.903443
v -1.001709 0.672531 0.907638
v -1.001709 0.667822 0.903634
v -1.001709 0.672343 0.907638
v -1.001519 0.661795 0.919080
v -1.001709 0.661795 0.919080
v -1.001709 0.661795 0.918889
v -1.001519 0.672719 0.914122
v -1.001709 0.672719 0.914122
v -1.001709 0.672531 0.913931
v -1.001519 0.661418 0.903634
v -1.001709 0.661229 0.903634
v -1.001709 0.661418 0.903824
v -1.001519 0.668199 0.918889
v -1.001709 0.668199 0.918889
v -1.001709 0.668199 0.918698
v -1.753042 0.670271 0.913168
v -1.752851 0.670271 0.913168
v -1.752851 0.670082 0.908782
v -1.753042 0.670082 0.908782
v -1.752851 0.666880 0.905922
v -1.753042 0.666880 0.905922
v -1.752851 0.662360 0.906113
v -1.753042 0.662360 0.906113
v -1.752851 0.659346 0.909354
v -1.753042 0.659346 0.909354
v -1.752851 0.659534 0.913740
v -1.753042 0.659534 0.913740
v -1.752851 0.662548 0.916601
v -1.753042 0.662548 0.916601
v -1.752851 0.667257 0.916410
v -1.753042 0.667257 0.916410
v -1.752851 0.669706 0.912978
v -1.752851 0.669706 0.908973
v -1.752851 0.666692 0.906303
v -1.752851 0.662548 0.906494
v -1.752851 0.659723 0.909545
v -1.752851 0.659911 0.913359
v -1.752851 0.662736 0.916029
v -1.752851 0.666880 0.915838
v -1.752851 0.664620 0.911261
v -1.799952 0.656709 0.908401
v -1.801859 0.658404 0.908973
v -1.801859 0.661983 0.905159
v -1.799952 0.661418 0.903634
v -1.801859 0.667257 0.905159
v -1.799952 0.667822 0.903443
v -1.801859 0.670836 0.908401
v -1.799952 0.672531 0.907638
v -1.801859 0.671024 0.913359
v -1.799952 0.672719 0.914122
v -1.801859 0.667445 0.917173
v -1.799952 0.668199 0.918889
v -1.801859 0.662360 0.917364
v -1.799952 0.661795 0.919080
v -1.801859 0.658781 0.914122
v -1.799952 0.657086 0.914885
v -1.802813 0.666315 0.907447
v -1.802813 0.668764 0.909545
v -1.802813 0.668764 0.912596
v -1.802813 0.666503 0.914885
v -1.802813 0.663113 0.915075
v -1.802813 0.660853 0.912978
v -1.802813 0.660853 0.909926
v -1.802813 0.663113 0.907447
v -1.802813 0.661041 0.909926
v -1.802813 0.663113 0.907638
v -1.802813 0.666315 0.907638
v -1.802813 0.668387 0.909545
v -1.802813 0.668575 0.912405
v -1.802813 0.666503 0.914694
v -1.802813 0.663301 0.914885
v -1.802813 0.661041 0.912978
v -1.802431 0.661041 0.909926
v -1.802431 0.663113 0.907638
v -1.802431 0.666315 0.907638
v -1.802431 0.668387 0.909545
v -1.802431 0.668575 0.912405
v -1.802431 0.666503 0.914694
v -1.802431 0.663301 0.914885
v -1.802431 0.661041 0.912978
v -1.799952 0.668387 0.909545
v -1.799952 0.668575 0.912405
v -1.799952 0.666503 0.914694
v -1.799952 0.663301 0.914885
v -1.799952 0.661041 0.912978
v -1.799952 0.661041 0.909926
v -1.799952 0.663113 0.907638
v -1.799952 0.666315 0.907638
v -1.799571 0.668387 0.909545
v -1.799571 0.668575 0.912405
v -1.799571 0.666503 0.914694
v -1.799571 0.663301 0.914885
v -1.799571 0.661041 0.912978
v -1.799571 0.661041 0.909926
v -1.799571 0.663113 0.907638
v -1.799571 0.666315 0.907638
v -1.799571 0.661418 0.910117
v -1.799571 0.663301 0.908020
v -1.799571 0.666127 0.908020
v -1.799571 0.668199 0.909736
v -1.799571 0.668199 0.912405
v -1.799571 0.666315 0.914503
v -1.799571 0.663301 0.914503
v -1.799571 0.661418 0.912787
v -1.799571 0.662360 0.910499
v -1.799571 0.663678 0.908973
v -1.799571 0.665750 0.908973
v -1.799571 0.667257 0.910117
v -1.799571 0.667257 0.912024
v -1.799571 0.665938 0.913550
v -1.799571 0.663678 0.913550
v -1.799571 0.662360 0.912215
v -1.799571 0.664808 0.911261
v -1.798617 0.659534 0.913740
v -1.798808 0.659346 0.913740
v -1.798808 0.659158 0.909354
v -1.798617 0.659346 0.909354
v -1.798617 0.670271 0.913168
v -1.798808 0.670271 0.913168
v -1.798808 0.667257 0.916410
v -1.798617 0.667257 0.916410
v -1.798808 0.670459 0.913168
v -1.798808 0.667257 0.916601
v -1.798808 0.662548 0.916601
v -1.798617 0.662548 0.916601
v -1.798808 0.662548 0.916791
v -1.798617 0.662360 0.906113
v -1.798808 0.662360 0.905922
v -1.798808 0.666880 0.905922
v -1.798617 0.666880 0.905922
v -1.798808 0.667068 0.905731
v -1.798617 0.670082 0.908782
v -1.798808 0.670082 0.908782
v -1.798808 0.670271 0.908782
v -1.765818 0.666880 0.905922
v -1.776688 0.666880 0.905922
v -1.776688 0.670082 0.908782
v -1.765818 0.670082 0.908782
v -1.787366 0.666880 0.905922
v -1.787366 0.670082 0.908782
v -1.765818 0.662360 0.906113
v -1.776688 0.662360 0.906113
v -1.787366 0.662360 0.906113
v -1.765818 0.659346 0.909354
v -1.776688 0.659346 0.909354
v -1.787366 0.659346 0.909354
v -1.776688 0.670271 0.913168
v -1.765818 0.670271 0.913168
v -1.787366 0.670271 0.913168
v -1.765818 0.659534 0.913740
v -1.776688 0.659534 0.913740
v -1.787366 0.659534 0.913740
v -1.765818 0.662548 0.916601
v -1.776688 0.662548 0.916601
v -1.787366 0.662548 0.916601
v -1.765818 0.667257 0.916410
v -1.776688 0.667257 0.916410
v -1.787366 0.667257 0.916410
v -1.798999 0.656709 0.908401
v -1.798808 0.656709 0.908401
v -1.798808 0.657086 0.914885
v -1.798999 0.657086 0.914885
v -1.798808 0.656897 0.908401
v -1.798808 0.657274 0.914694
v -1.798999 0.672531 0.907638
v -1.798808 0.672531 0.907638
v -1.798808 0.667822 0.903443
v -1.798999 0.667822 0.903443
v -1.798808 0.672343 0.907638
v -1.798808 0.667822 0.903634
v -1.798808 0.661795 0.919080
v -1.798999 0.661795 0.919080
v -1.798808 0.661795 0.918889
v -1.798999 0.672719 0.914122
v -1.798808 0.672719 0.914122
v -1.798808 0.672531 0.913931
v -1.798999 0.661418 0.903634
v -1.798808 0.661229 0.903634
v -1.798808 0.661418 0.903824
v -1.798808 0.668199 0.918889
v -1.798999 0.668199 0.918889
v -1.798808 0.668199 0.918698
v -1.143013 0.067716 0.576022
v -1.271350 0.067716 0.576022
v -1.271159 0.062442 0.563437
v -1.142823 0.062442 0.563437
v -1.400259 0.067716 0.576022
v -1.400259 0.062442 0.563437
v -1.529168 0.067716 0.576022
v -1.529358 0.062442 0.563437
v -1.657504 0.067716 0.576022
v -1.657695 0.062442 0.563437
v -1.271350 0.067716 0.550660
v -1.143013 0.067716 0.550660
v -1.400259 0.067716 0.550660
v -1.529168 0.067716 0.550660
v -1.657504 0.067716 0.550660
v -1.271922 0.080147 0.545511
v -1.143395 0.080147 0.545511
v -1.400259 0.080147 0.545511
v -1.528595 0.080147 0.545511
v -1.657123 0.080147 0.545511
v -1.272303 0.092579 0.550660
v -1.143967 0.092579 0.550660
v -1.400259 0.092579 0.550660
v -1.528214 0.092579 0.550660
v -1.656551 0.092579 0.550660
v -1.272494 0.097853 0.563437
v -1.144158 0.097853 0.563437
v -1.400259 0.097853 0.563437
v -1.528023 0.097853 0.563437
v -1.656360 0.097853 0.563437
v -1.272303 0.092579 0.576022
v -1.143967 0.092579 0.576022
v -1.400259 0.092579 0.576022
v -1.528214 0.092579 0.576022
v -1.656551 0.092579 0.576022
v -1.271922 0.080147 0.581171
v -1.143395 0.080147 0.581171
v -1.400259 0.080147 0.581171
v -1.528595 0.080147 0.581171
v -1.657123 0.080147 0.581171
v -1.016584 0.067716 0.576022
v -1.016393 0.062442 0.563437
v -1.784125 0.062442 0.563437
v -1.783934 0.067716 0.576022
v -1.016584 0.067716 0.550660
v -1.783934 0.067716 0.550660
v -1.016965 0.080147 0.545511
v -1.783553 0.080147 0.545511
v -1.017537 0.092579 0.550660
v -1.782980 0.092579 0.550660
v -1.017728 0.097853 0.563437
v -1.782790 0.097853 0.563437
v -1.017537 0.092579 0.576022
v -1.782980 0.092579 0.576022
v -1.016965 0.080147 0.581171
v -1.783553 0.080147 0.581171
v -0.999612 -0.105008 0.507754
v -0.999612 -0.034186 0.523963
v -0.994082 -0.037011 0.536930
v -0.994082 -0.105008 0.521675
v -0.999612 0.066209 0.546656
v -0.994082 0.063195 0.559813
v -0.999612 0.166603 0.569348
v -0.994082 0.163590 0.582506
v -0.999612 0.266809 0.592041
v -0.994082 0.263984 0.605198
v -0.999612 0.367204 0.614733
v -0.994082 0.364378 0.627891
v -0.999612 0.467598 0.637616
v -0.994082 0.464773 0.650774
v -0.999612 0.567993 0.660309
v -0.994082 0.564979 0.673467
v -0.999612 0.668387 0.683001
v -0.994082 0.665373 0.696159
v -1.008765 0.768593 0.705885
v -1.002663 0.765768 0.719042
v -1.024593 0.848645 0.724191
v -1.018491 0.845631 0.737349
v -1.032220 -0.105008 0.521675
v -1.032220 -0.037011 0.536930
v -1.026690 -0.034186 0.523963
v -1.026690 -0.105008 0.507754
v -1.032220 0.063195 0.559813
v -1.026690 0.066209 0.546656
v -1.032220 0.163590 0.582506
v -1.026690 0.166603 0.569348
v -1.032220 0.263984 0.605198
v -1.026690 0.266809 0.592041
v -1.032220 0.364378 0.627891
v -1.026690 0.367204 0.614733
v -1.032220 0.464773 0.650774
v -1.026690 0.467598 0.637616
v -1.032220 0.564979 0.673467
v -1.026690 0.567993 0.660309
v -1.032220 0.665373 0.696159
v -1.026690 0.668387 0.683001
v -1.040802 0.765768 0.719042
v -1.035844 0.768593 0.705885
v -1.056439 0.845631 0.737349
v -1.051481 0.848645 0.724191
v -1.013151 -0.105008 0.502033
v -1.013151 -0.033055 0.518433
v -1.013151 0.067339 0.541126
v -1.013151 0.167733 0.563818
v -1.013151 0.268128 0.586701
v -1.013151 0.368522 0.609394
v -1.013151 0.468728 0.632086
v -1.013151 0.569123 0.654779
v -1.013151 0.669517 0.677471
v -1.022495 0.769912 0.700354
v -1.038323 0.849775 0.718852
v -0.999612 -0.040025 0.550088
v -0.999612 -0.105196 0.535405
v -0.999612 0.060370 0.572971
v -0.999612 0.160764 0.595664
v -0.999612 0.261159 0.618356
v -0.999612 0.361365 0.641049
v -0.999612 0.461759 0.663741
v -0.999612 0.562154 0.686625
v -0.999612 0.662548 0.709317
v -1.007812 0.762754 0.732200
v -1.023449 0.842806 0.750507
v -1.013151 -0.041155 0.555618
v -1.013151 -0.105196 0.541126
v -1.013151 0.059240 0.578311
v -1.013151 0.159446 0.601003
v -1.013151 0.259840 0.623886
v -1.013151 0.360234 0.646579
v -1.013151 0.460629 0.669271
v -1.013151 0.561023 0.691964
v -1.013151 0.661229 0.714656
v -1.020970 0.761624 0.737540
v -1.036606 0.841676 0.756037
v -1.026690 -0.040025 0.550088
v -1.026690 -0.105196 0.535405
v -1.026690 0.060370 0.572971
v -1.026690 0.160764 0.595664
v -1.026690 0.261159 0.618356
v -1.026690 0.361365 0.641049
v -1.026690 0.461759 0.663741
v -1.026690 0.562154 0.686625
v -1.026690 0.662548 0.709317
v -1.034699 0.762754 0.732200
v -1.050336 0.842806 0.750507
v -1.048620 0.876710 0.785785
v -1.051671 0.887446 0.777776
v -1.051671 0.881984 0.769576
v -1.048620 0.871248 0.777776
v -1.042137 0.876522 0.785976
v -1.044616 0.872190 0.789218
v -1.044616 0.866727 0.781018
v -1.041946 0.871059 0.777776
v -1.052053 0.898183 0.769576
v -1.052053 0.892532 0.761567
v -1.049574 0.902515 0.766334
v -1.049383 0.897053 0.758134
v -1.045569 0.897995 0.769767
v -1.045569 0.892532 0.761567
v -1.042518 0.887258 0.777776
v -1.042327 0.881796 0.769767
v -1.031267 0.863525 0.735823
v -1.025928 0.858063 0.747265
v -1.054913 0.858063 0.747265
v -1.051671 0.863525 0.735823
v -1.041946 0.865785 0.731056
v -1.029169 0.852789 0.758897
v -1.039085 0.850528 0.763665
v -1.049764 0.852789 0.758897
v -1.039848 0.868422 0.774153
v -1.039658 0.878029 0.765572
v -1.048239 0.892155 0.753177
v -1.051862 0.888200 0.756609
v -1.043090 0.888011 0.756800
v -1.048811 0.868611 0.774153
v -1.043662 0.864467 0.777776
v -1.052243 0.878405 0.765381
v -1.040230 0.910803 0.815152
v -1.040230 0.910426 0.814198
v -1.042327 0.922293 0.807715
v -1.042327 0.922858 0.808478
v -1.048620 0.923423 0.808287
v -1.048620 0.923046 0.807333
v -1.049383 0.911179 0.813817
v -1.049383 0.911744 0.814770
v -1.045760 0.927567 0.804854
v -1.045760 0.927943 0.805808
v -1.040992 0.899125 0.821445
v -1.040992 0.898748 0.820491
v -1.043853 0.894604 0.824114
v -1.043853 0.894039 0.823161
v -1.047476 0.899690 0.821254
v -1.047476 0.899313 0.820301
v -1.041374 0.899125 0.821445
v -1.043853 0.895357 0.823542
v -1.040802 0.910803 0.814961
v -1.042709 0.922669 0.808668
v -1.045760 0.927190 0.806189
v -1.048239 0.923234 0.808287
v -1.048811 0.911744 0.814580
v -1.046904 0.899878 0.821063
v -1.044234 0.901008 0.820491
v -1.044806 0.911179 0.814770
v -1.045378 0.921351 0.809240
v -1.041755 0.895546 0.790743
v -1.044425 0.906659 0.783115
v -1.050908 0.906847 0.783115
v -1.050908 0.895923 0.790552
v -1.043281 0.914758 0.795892
v -1.048239 0.911368 0.780064
v -1.046904 0.919844 0.792841
v -1.041755 0.884433 0.798180
v -1.049764 0.915323 0.795701
v -1.044044 0.887258 0.812673
v -1.044425 0.879912 0.801231
v -1.041374 0.891779 0.809812
v -1.047667 0.892344 0.809622
v -1.048239 0.884809 0.798180
v -1.040420 0.909673 0.813054
v -1.042327 0.921539 0.806380
v -1.048811 0.922293 0.806189
v -1.049383 0.910426 0.812673
v -1.045760 0.926813 0.803710
v -1.040992 0.897995 0.819538
v -1.043853 0.893474 0.822017
v -1.047476 0.898560 0.819156
v -1.049001 0.912686 0.803901
v -1.049001 0.908919 0.809622
v -1.049001 0.911368 0.797036
v -1.049001 0.905717 0.793031
v -1.049001 0.898936 0.794366
v -1.049001 0.895169 0.800278
v -1.049001 0.896488 0.807143
v -1.049001 0.902138 0.810957
v -1.049001 0.902703 0.807905
v -1.049001 0.898936 0.805426
v -1.049001 0.907224 0.807143
v -1.049001 0.909673 0.803329
v -1.049001 0.908919 0.798752
v -1.049001 0.905152 0.796082
v -1.049001 0.900632 0.797036
v -1.049001 0.897995 0.800850
v -1.049001 0.904964 0.796655
v -1.049001 0.908354 0.799134
v -1.049001 0.901008 0.797608
v -1.049001 0.898748 0.801041
v -1.049001 0.899501 0.805045
v -1.049001 0.902892 0.807333
v -1.049001 0.906847 0.806571
v -1.049001 0.909108 0.803138
v -1.048239 0.904964 0.796655
v -1.048239 0.908354 0.799134
v -1.048239 0.901008 0.797608
v -1.048239 0.898748 0.801041
v -1.048239 0.899501 0.805045
v -1.048239 0.902892 0.807333
v -1.048239 0.906847 0.806571
v -1.048239 0.909108 0.803138
v -1.042137 0.896488 0.807143
v -1.042137 0.898936 0.805426
v -1.042137 0.902703 0.807905
v -1.042137 0.902138 0.810957
v -1.042137 0.907224 0.807143
v -1.042137 0.908919 0.809622
v -1.042137 0.909673 0.803329
v -1.042137 0.912686 0.803901
v -1.042137 0.908919 0.798752
v -1.042137 0.911368 0.797036
v -1.042137 0.905152 0.796082
v -1.042137 0.905717 0.793031
v -1.042137 0.900632 0.797036
v -1.042137 0.898936 0.794366
v -1.042137 0.897995 0.800850
v -1.042137 0.895169 0.800278
v -1.042137 0.908354 0.799134
v -1.042137 0.904964 0.796655
v -1.042137 0.901008 0.797608
v -1.042137 0.898748 0.801041
v -1.042137 0.899501 0.805045
v -1.042137 0.902892 0.807333
v -1.042137 0.906847 0.806571
v -1.042137 0.909108 0.803138
v -1.042899 0.908354 0.799134
v -1.042899 0.904964 0.796655
v -1.042899 0.901008 0.797608
v -1.042899 0.898748 0.801041
v -1.042899 0.899501 0.805045
v -1.042899 0.902892 0.807333
v -1.042899 0.906847 0.806571
v -1.042899 0.909108 0.803138
v -1.143013 0.100678 1.176325
v -1.271350 0.100678 1.176325
v -1.271159 0.095404 1.163739
v -1.142823 0.095404 1.163739
v -1.400259 0.100678 1.176325
v -1.400259 0.095404 1.163739
v -1.529168 0.100678 1.176325
v -1.529358 0.095404 1.163739
v -1.657504 0.100678 1.176325
v -1.657695 0.095404 1.163739
v -1.271350 0.100678 1.150963
v -1.143013 0.100678 1.150963
v -1.400259 0.100678 1.150963
v -1.529168 0.100678 1.150963
v -1.657504 0.100678 1.150963
v -1.271922 0.113110 1.145814
v -1.143395 0.113110 1.145814
v -1.400259 0.113110 1.145814
v -1.528595 0.113110 1.145814
v -1.657123 0.113110 1.145814
v -1.272303 0.125541 1.150963
v -1.143967 0.125541 1.150963
v -1.400259 0.125541 1.150963
v -1.528214 0.125541 1.150963
v -1.656551 0.125541 1.150963
v -1.272494 0.130815 1.163739
v -1.144158 0.130815 1.163739
v -1.400259 0.130815 1.163739
v -1.528023 0.130815 1.163739
v -1.656360 0.130815 1.163739
v -1.272303 0.125541 1.176325
v -1.143967 0.125541 1.176325
v -1.400259 0.125541 1.176325
v -1.528214 0.125541 1.176325
v -1.656551 0.125541 1.176325
v -1.271922 0.113110 1.181474
v -1.143395 0.113110 1.181474
v -1.400259 0.113110 1.181474
v -1.528595 0.113110 1.181474
v -1.657123 0.113110 1.181474
v -1.016584 0.100678 1.176325
v -1.016393 0.095404 1.163739
v -1.784125 0.095404 1.163739
v -1.783934 0.100678 1.176325
v -1.016584 0.100678 1.150963
v -1.783934 0.100678 1.150963
v -1.016965 0.113110 1.145814
v -1.783553 0.113110 1.145814
v -1.017537 0.125541 1.150963
v -1.782980 0.125541 1.150963
v -1.017728 0.130815 1.163739
v -1.782790 0.130815 1.163739
v -1.017537 0.125541 1.176325
v -1.782980 0.125541 1.176325
v -1.016965 0.113110 1.181474
v -1.783553 0.113110 1.181474
v -1.017918 1.179777 0.674992
v -1.023830 1.185051 0.687197
v -1.019635 1.113475 0.719996
v -1.013914 1.108201 0.707791
v -1.037179 1.186935 0.692345
v -1.033174 1.115547 0.725145
v -1.050718 1.184486 0.687387
v -1.046522 1.112910 0.720187
v -1.056057 1.178835 0.674992
v -1.051862 1.107259 0.707791
v -1.050146 1.173561 0.662788
v -1.046141 1.101985 0.695587
v -1.036606 1.171489 0.657639
v -1.032602 1.099913 0.690438
v -1.023258 1.174126 0.662788
v -1.019253 1.102550 0.695587
v -1.014867 1.011197 0.767097
v -1.009147 1.005923 0.754893
v -1.028407 1.013081 0.772246
v -1.041755 1.010632 0.767097
v -1.047095 1.004982 0.754893
v -1.041374 0.999707 0.742688
v -1.027835 0.997635 0.737540
v -1.014486 1.000273 0.742498
v -0.994082 0.557445 0.960460
v -0.999612 0.562907 0.972665
v -0.999612 0.499054 1.002031
v -0.994082 0.493591 0.989827
v -1.013151 0.565167 0.977813
v -1.013151 0.501314 1.007180
v -1.026500 0.562907 0.972855
v -1.026690 0.499054 1.002031
v -1.032220 0.557256 0.960460
v -1.032220 0.493591 0.989827
v -1.026500 0.551794 0.948256
v -1.026690 0.488129 0.977432
v -1.013151 0.549534 0.943107
v -1.013151 0.485869 0.972474
v -0.999612 0.551794 0.948256
v -0.999612 0.488129 0.977432
v -0.999612 0.396776 1.048942
v -0.994082 0.391313 1.036738
v -1.013151 0.399036 1.054091
v -1.026690 0.396776 1.048942
v -1.032220 0.391313 1.036738
v -1.026690 0.385663 1.024533
v -1.013151 0.383402 1.019385
v -0.999612 0.385663 1.024533
v -0.999612 0.294309 1.096043
v -0.994082 0.288847 1.083648
v -1.013151 0.296570 1.101001
v -1.026690 0.294309 1.096043
v -1.032220 0.288847 1.083648
v -1.026690 0.283385 1.071444
v -1.013151 0.281124 1.066295
v -0.999612 0.283385 1.071444
v -0.999612 0.192032 1.142954
v -0.994082 0.186569 1.130749
v -1.013151 0.194292 1.148103
v -1.026690 0.192032 1.142954
v -1.032220 0.186569 1.130749
v -1.026690 0.180918 1.118354
v -1.013151 0.178658 1.113396
v -0.999612 0.180918 1.118354
v -0.999612 0.089377 1.190055
v -0.994082 0.084103 1.177660
v -1.013151 0.091637 1.195204
v -1.026690 0.089377 1.190055
v -1.032220 0.084103 1.177660
v -1.026690 0.078829 1.165265
v -1.013151 0.076569 1.160307
v -0.999612 0.078829 1.165265
v -0.999612 -0.007816 1.227240
v -0.994082 -0.011583 1.214273
v -1.013151 -0.006120 1.232580
v -1.026690 -0.007816 1.227240
v -1.032220 -0.011583 1.214273
v -1.026690 -0.015350 1.201306
v -1.013151 -0.016857 1.195967
v -0.999612 -0.015350 1.201306
v -0.994082 -0.066206 1.230101
v -0.999612 -0.064323 1.243449
v -1.013151 -0.063569 1.249170
v -1.026690 -0.064323 1.243449
v -1.032220 -0.066206 1.230101
v -1.026690 -0.068090 1.216752
v -1.013151 -0.068843 1.211031
v -0.999612 -0.068090 1.216752
v -0.999612 -0.091635 1.251077
v -0.994082 -0.092576 1.237347
v -0.999612 -0.108775 1.254891
v -0.994082 -0.108775 1.240970
v -1.013151 -0.091258 1.256798
v -1.013151 -0.108775 1.260802
v -1.026690 -0.091635 1.251077
v -1.026690 -0.108775 1.254891
v -1.032220 -0.092576 1.237347
v -1.032220 -0.108775 1.240970
v -1.026690 -0.093518 1.223808
v -1.026690 -0.108587 1.227050
v -1.013151 -0.093895 1.218087
v -1.013151 -0.108587 1.221329
v -0.999612 -0.093518 1.223808
v -0.999612 -0.108587 1.227050
v -1.342288 1.309178 0.594519
v -1.276689 1.308048 0.596999
v -1.275164 1.318031 0.607487
v -1.341907 1.319161 0.605008
v -1.272113 1.332158 0.607677
v -1.341907 1.333476 0.604817
v -1.269443 1.342329 0.597571
v -1.342288 1.343459 0.594329
v -1.268680 1.342518 0.582887
v -1.343051 1.343836 0.579645
v -1.270206 1.332723 0.572399
v -1.343432 1.333853 0.569348
v -1.273066 1.318408 0.572208
v -1.343241 1.319538 0.569348
v -1.275927 1.308237 0.582506
v -1.342860 1.309367 0.579836
v -1.219481 1.303716 0.602147
v -1.217002 1.313511 0.612826
v -1.211282 1.327261 0.613398
v -1.205752 1.336867 0.603482
v -1.203654 1.336867 0.588989
v -1.206133 1.327072 0.578311
v -1.211854 1.313322 0.577929
v -1.217384 1.303716 0.587845
v -1.170664 1.294863 0.609966
v -1.167231 1.304281 0.620835
v -1.159222 1.317278 0.621598
v -1.151404 1.325942 0.612254
v -1.148162 1.325565 0.598143
v -1.151595 1.316148 0.587273
v -1.159604 1.303151 0.586320
v -1.167422 1.294487 0.595664
v -1.130237 1.281301 0.619882
v -1.126232 1.290343 0.630942
v -1.116316 1.302021 0.632468
v -1.106591 1.309367 0.623696
v -1.102396 1.308425 0.609775
v -1.106400 1.299384 0.598715
v -1.116316 1.287706 0.597189
v -1.126232 1.280360 0.605961
v -1.098582 1.263219 0.631895
v -1.094005 1.271507 0.643146
v -1.082564 1.281678 0.645625
v -1.071313 1.287329 0.637616
v -1.066355 1.285634 0.624077
v -1.070931 1.277158 0.612635
v -1.082373 1.267175 0.610347
v -1.093814 1.261336 0.618356
v -1.075508 1.240240 0.645625
v -1.070550 1.247774 0.657067
v -1.058155 1.255497 0.659737
v -1.045569 1.258887 0.652300
v -1.040230 1.256062 0.638951
v -1.045188 1.248527 0.627509
v -1.057773 1.240805 0.624840
v -1.070168 1.237414 0.632277
v -1.061397 1.211986 0.659546
v -1.056057 1.218579 0.671369
v -1.042899 1.223853 0.675183
v -1.029742 1.224794 0.668699
v -1.024021 1.220651 0.655923
v -1.029169 1.214058 0.644100
v -1.042327 1.208784 0.640286
v -1.055676 1.207842 0.646770
v -1.400259 1.333476 0.568204
v -1.400259 1.342894 0.577929
v -1.400259 1.343083 0.593375
v -1.400259 1.333288 0.604245
v -1.400259 1.319161 0.604626
v -1.400259 1.309178 0.594138
v -1.400259 1.309367 0.579455
v -1.400259 1.319350 0.568776
v -1.013342 0.642770 0.900392
v -1.026881 0.645031 0.905350
v -1.026881 0.658969 0.898866
v -1.013533 0.656897 0.893908
v -1.027453 0.673096 0.892573
v -1.013914 0.671024 0.887425
v -1.032602 0.650305 0.917554
v -1.032793 0.664432 0.911071
v -1.033174 0.678558 0.904587
v -1.027262 0.655955 0.929949
v -1.027453 0.670082 0.923466
v -1.027835 0.684021 0.916982
v -1.013723 0.658404 0.935098
v -1.013914 0.672531 0.928614
v -1.014486 0.686469 0.922131
v -1.000375 0.658216 0.928996
v -1.002854 0.670459 0.923466
v -1.000947 0.682702 0.917936
v -0.999993 0.647103 0.904396
v -1.002282 0.659346 0.899057
v -1.000375 0.671589 0.893527
v -1.005333 0.806453 0.861109
v -1.001519 0.701161 0.909354
v -0.995798 0.695887 0.897150
v -0.999612 0.801179 0.848905
v -0.995226 0.682137 0.903443
v -1.018872 0.808525 0.866067
v -1.015058 0.703233 0.914312
v -1.032220 0.805888 0.861109
v -1.028597 0.700784 0.909354
v -1.037560 0.800237 0.848714
v -1.033937 0.695322 0.896959
v -1.031839 0.794963 0.836510
v -1.028025 0.689860 0.884755
v -1.018300 0.792891 0.831551
v -1.014486 0.687788 0.879797
v -1.004761 0.795528 0.836510
v -1.001137 0.690236 0.884755
v -1.000184 0.641075 0.936814
v -0.994463 0.635613 0.924610
v -0.994463 0.647856 0.919080
v -1.013723 0.643147 0.941963
v -1.027072 0.640698 0.937005
v -1.032602 0.635236 0.924610
v -1.026881 0.629774 0.912405
v -1.013342 0.627702 0.907257
v -0.999803 0.629962 0.912405
v -1.001328 0.662548 0.917364
v -1.000756 0.661795 0.919270
v -1.001137 0.658969 0.913931
v -1.000565 0.656897 0.908210
v -1.001137 0.658781 0.908973
v -1.002282 0.661229 0.903443
v -1.002663 0.662171 0.905350
v -1.000756 0.667822 0.903252
v -1.001328 0.667068 0.905159
v -1.000756 0.672531 0.907638
v -1.001328 0.670647 0.908592
v -1.000947 0.672719 0.914122
v -1.001519 0.670836 0.913550
v -1.002663 0.668387 0.919080
v -1.002854 0.667445 0.917173
v -1.003616 0.670271 0.913168
v -1.003616 0.670082 0.908782
v -1.003616 0.667068 0.916410
v -1.003616 0.662736 0.916601
v -1.003616 0.659534 0.913740
v -1.003616 0.659346 0.909354
v -1.003616 0.662360 0.905922
v -1.003616 0.666880 0.905922
v -1.006477 0.670271 0.913168
v -1.006477 0.670082 0.908782
v -1.006477 0.667068 0.916410
v -1.006477 0.662736 0.916601
v -1.006477 0.659534 0.913740
v -1.006477 0.659346 0.909354
v -1.006477 0.662360 0.905922
v -1.006477 0.666880 0.905922
v -1.006477 0.664808 0.911261
v -1.022304 0.881984 0.791315
v -1.035844 0.883868 0.796464
v -1.036225 0.897995 0.789980
v -1.022686 0.896111 0.784832
v -1.036988 0.911933 0.783497
v -1.023449 0.910049 0.778348
v -1.041564 0.889142 0.808668
v -1.042137 0.903268 0.802185
v -1.042709 0.917207 0.795701
v -1.036225 0.894792 0.820873
v -1.036797 0.908919 0.814580
v -1.037369 0.923046 0.808096
v -1.022877 0.897429 0.826021
v -1.023258 0.911556 0.819538
v -1.024021 0.925683 0.813054
v -1.009337 0.897618 0.819728
v -1.012007 0.909673 0.814389
v -1.010481 0.922104 0.808668
v -1.008956 0.886316 0.795320
v -1.011626 0.898560 0.789790
v -1.009909 0.910803 0.784259
v -1.011435 0.940563 0.800087
v -1.004761 0.921539 0.794176
v -1.005714 0.935289 0.787883
v -1.024974 0.942447 0.805236
v -1.038513 0.939810 0.800278
v -1.043662 0.933971 0.788073
v -1.037941 0.928697 0.775869
v -1.024402 0.926813 0.770530
v -1.011054 0.929639 0.775678
v -1.008956 0.880477 0.827738
v -1.003235 0.875015 0.815533
v -1.003426 0.887258 0.809812
v -1.022304 0.882361 0.832886
v -1.035844 0.879724 0.827928
v -1.041183 0.874073 0.815724
v -1.035462 0.868799 0.803329
v -1.022114 0.866727 0.798180
v -1.008574 0.869364 0.803138
v -1.010481 0.901950 0.808096
v -1.009909 0.901197 0.810003
v -1.009719 0.896488 0.805617
v -1.010481 0.898183 0.804854
v -1.009719 0.896111 0.799134
v -1.010481 0.897995 0.799706
v -1.011626 0.900632 0.794366
v -1.012007 0.901385 0.796082
v -1.010100 0.907036 0.793985
v -1.010672 0.906282 0.795892
v -1.010291 0.911744 0.798562
v -1.010863 0.910049 0.799324
v -1.010291 0.912121 0.805045
v -1.010863 0.910238 0.804282
v -1.011816 0.907601 0.809812
v -1.012198 0.906847 0.808096
v -1.012960 0.909484 0.804092
v -1.012960 0.909296 0.799515
v -1.012960 0.906471 0.807333
v -1.012770 0.901950 0.807524
v -1.012770 0.898748 0.804473
v -1.012770 0.898560 0.800087
v -1.012960 0.901762 0.796845
v -1.012960 0.906094 0.796655
v -1.015821 0.909484 0.804092
v -1.015821 0.909296 0.799706
v -1.015821 0.906471 0.807333
v -1.015630 0.901950 0.807524
v -1.015630 0.898748 0.804473
v -1.015630 0.898560 0.800087
v -1.015821 0.901573 0.796845
v -1.015821 0.906094 0.796655
v -1.015821 0.904022 0.801994
v -1.782599 1.179777 0.674992
v -1.786604 1.108201 0.707791
v -1.780883 1.113475 0.719996
v -1.776688 1.185051 0.687197
v -1.767344 1.115547 0.725145
v -1.763339 1.186935 0.692345
v -1.753995 1.112910 0.720187
v -1.749800 1.184486 0.687387
v -1.748656 1.107259 0.707791
v -1.744460 1.178835 0.674992
v -1.754376 1.101985 0.695587
v -1.750372 1.173561 0.662788
v -1.767916 1.099913 0.690438
v -1.763911 1.171489 0.657639
v -1.781264 1.102550 0.695587
v -1.777260 1.174126 0.662788
v -1.791371 1.005923 0.754893
v -1.785650 1.011197 0.767097
v -1.772111 1.013081 0.772246
v -1.758762 1.010632 0.767097
v -1.753423 1.004982 0.754893
v -1.759144 0.999707 0.742688
v -1.772683 0.997635 0.737540
v -1.786031 1.000273 0.742498
v -1.806436 0.557445 0.960460
v -1.806436 0.493591 0.989827
v -1.800906 0.499054 1.002031
v -1.800906 0.562907 0.972665
v -1.787366 0.501314 1.007180
v -1.787366 0.565167 0.977813
v -1.773827 0.499054 1.002031
v -1.774018 0.562907 0.972855
v -1.768297 0.493591 0.989827
v -1.768297 0.557256 0.960460
v -1.773827 0.488129 0.977432
v -1.774018 0.551794 0.948256
v -1.787366 0.485869 0.972474
v -1.787366 0.549534 0.943107
v -1.800906 0.488129 0.977432
v -1.800906 0.551794 0.948256
v -1.806436 0.391313 1.036738
v -1.800906 0.396776 1.048942
v -1.787366 0.399036 1.054091
v -1.773827 0.396776 1.048942
v -1.768297 0.391313 1.036738
v -1.773827 0.385663 1.024533
v -1.787366 0.383402 1.019385
v -1.800906 0.385663 1.024533
v -1.806436 0.288847 1.083648
v -1.800906 0.294309 1.096043
v -1.787366 0.296570 1.101001
v -1.773827 0.294309 1.096043
v -1.768297 0.288847 1.083648
v -1.773827 0.283385 1.071444
v -1.787366 0.281124 1.066295
v -1.800906 0.283385 1.071444
v -1.806436 0.186569 1.130749
v -1.800906 0.192032 1.142954
v -1.787366 0.194292 1.148103
v -1.773827 0.192032 1.142954
v -1.768297 0.186569 1.130749
v -1.773827 0.180918 1.118354
v -1.787366 0.178658 1.113396
v -1.800906 0.180918 1.118354
v -1.806436 0.084103 1.177660
v -1.800906 0.089377 1.190055
v -1.787366 0.091637 1.195204
v -1.773827 0.089377 1.190055
v -1.768297 0.084103 1.177660
v -1.773827 0.078829 1.165265
v -1.787366 0.076569 1.160307
v -1.800906 0.078829 1.165265
v -1.806436 -0.011583 1.214273
v -1.800906 -0.007816 1.227240
v -1.787366 -0.006120 1.232580
v -1.773827 -0.007816 1.227240
v -1.768297 -0.011583 1.214273
v -1.773827 -0.015350 1.201306
v -1.787366 -0.016857 1.195967
v -1.800906 -0.015350 1.201306
v -1.806436 -0.066206 1.230101
v -1.800906 -0.064323 1.243449
v -1.787366 -0.063569 1.249170
v -1.773827 -0.064323 1.243449
v -1.768297 -0.066206 1.230101
v -1.773827 -0.068090 1.216752
v -1.787366 -0.068843 1.211031
v -1.800906 -0.068090 1.216752
v -1.806436 -0.092576 1.237347
v -1.800906 -0.091635 1.251077
v -1.806436 -0.108775 1.240970
v -1.800906 -0.108775 1.254891
v -1.787366 -0.091258 1.256798
v -1.787366 -0.108775 1.260802
v -1.773827 -0.091635 1.251077
v -1.773827 -0.108775 1.254891
v -1.768297 -0.092576 1.237347
v -1.768297 -0.108775 1.240970
v -1.773827 -0.093518 1.223808
v -1.773827 -0.108587 1.227050
v -1.787366 -0.093895 1.218087
v -1.787366 -0.108587 1.221329
v -1.800906 -0.093518 1.223808
v -1.800906 -0.108587 1.227050
v -1.458230 1.309178 0.594519
v -1.458611 1.319161 0.605008
v -1.525354 1.318031 0.607487
v -1.523828 1.308048 0.596999
v -1.458611 1.333476 0.604817
v -1.528405 1.332158 0.607677
v -1.458230 1.343459 0.594329
v -1.531075 1.342329 0.597571
v -1.457467 1.343836 0.579645
v -1.531837 1.342518 0.582887
v -1.457085 1.333853 0.569348
v -1.530312 1.332723 0.572399
v -1.457276 1.319538 0.569348
v -1.527451 1.318408 0.572208
v -1.457657 1.309367 0.579836
v -1.524591 1.308237 0.582506
v -1.583515 1.313511 0.612826
v -1.581036 1.303716 0.602147
v -1.589236 1.327261 0.613398
v -1.594766 1.336867 0.603482
v -1.596864 1.336867 0.588989
v -1.594385 1.327072 0.578311
v -1.588664 1.313322 0.577929
v -1.583134 1.303716 0.587845
v -1.633286 1.304281 0.620835
v -1.629854 1.294863 0.609966
v -1.641295 1.317278 0.621598
v -1.649114 1.325942 0.612254
v -1.652355 1.325565 0.598143
v -1.648923 1.316148 0.587273
v -1.640914 1.303151 0.586320
v -1.633096 1.294487 0.595664
v -1.674285 1.290343 0.630942
v -1.670281 1.281301 0.619882
v -1.684201 1.302021 0.632468
v -1.693927 1.309367 0.623696
v -1.698122 1.308425 0.609775
v -1.694117 1.299384 0.598715
v -1.684201 1.287706 0.597189
v -1.674285 1.280360 0.605961
v -1.706512 1.271507 0.643146
v -1.701936 1.263219 0.631895
v -1.717954 1.281678 0.645625
v -1.729205 1.287329 0.637616
v -1.734163 1.285634 0.624077
v -1.729586 1.277158 0.612635
v -1.718145 1.267175 0.610347
v -1.706703 1.261336 0.618356
v -1.729968 1.247774 0.657067
v -1.725010 1.240240 0.645625
v -1.742363 1.255497 0.659737
v -1.754948 1.258887 0.652300
v -1.760288 1.256062 0.638951
v -1.755330 1.248527 0.627509
v -1.742744 1.240805 0.624840
v -1.730349 1.237414 0.632277
v -1.744460 1.218579 0.671369
v -1.739121 1.211986 0.659546
v -1.757618 1.223853 0.675183
v -1.770776 1.224794 0.668699
v -1.776497 1.220651 0.655923
v -1.771348 1.214058 0.644100
v -1.758190 1.208784 0.640286
v -1.744842 1.207842 0.646770
v -1.787176 0.642770 0.900392
v -1.786985 0.656897 0.893908
v -1.773636 0.658969 0.898866
v -1.773636 0.645031 0.905350
v -1.786604 0.671024 0.887425
v -1.773064 0.673096 0.892573
v -1.767725 0.664432 0.911071
v -1.767916 0.650305 0.917554
v -1.767344 0.678558 0.904587
v -1.773064 0.670082 0.923466
v -1.773255 0.655955 0.929949
v -1.772683 0.684021 0.916982
v -1.786604 0.672531 0.928614
v -1.786794 0.658404 0.935098
v -1.786031 0.686469 0.922131
v -1.797664 0.670459 0.923466
v -1.800143 0.658216 0.928996
v -1.799571 0.682702 0.917936
v -1.800524 0.647103 0.904396
v -1.798236 0.659346 0.899057
v -1.800143 0.671589 0.893527
v -1.795185 0.806453 0.861109
v -1.800906 0.801179 0.848905
v -1.804719 0.695887 0.897150
v -1.798999 0.701161 0.909354
v -1.805292 0.682137 0.903443
v -1.781646 0.808525 0.866067
v -1.785460 0.703233 0.914312
v -1.768297 0.805888 0.861109
v -1.771920 0.700784 0.909354
v -1.762958 0.800237 0.848714
v -1.766581 0.695322 0.896959
v -1.768678 0.794963 0.836510
v -1.772492 0.689860 0.884755
v -1.782218 0.792891 0.831551
v -1.786031 0.687788 0.879797
v -1.795757 0.795528 0.836510
v -1.799380 0.690236 0.884755
v -1.806054 0.647856 0.919080
v -1.806054 0.635613 0.924610
v -1.800333 0.641075 0.936814
v -1.786794 0.643147 0.941963
v -1.773446 0.640698 0.937005
v -1.767916 0.635236 0.924610
v -1.773636 0.629774 0.912405
v -1.787176 0.627702 0.907257
v -1.800715 0.629962 0.912405
v -1.799189 0.662548 0.917364
v -1.799380 0.658969 0.913931
v -1.799762 0.661795 0.919270
v -1.799380 0.658781 0.908973
v -1.799952 0.656897 0.908210
v -1.797855 0.662171 0.905350
v -1.798236 0.661229 0.903443
v -1.799189 0.667068 0.905159
v -1.799762 0.667822 0.903252
v -1.799189 0.670647 0.908592
v -1.799762 0.672531 0.907638
v -1.798999 0.670836 0.913550
v -1.799571 0.672719 0.914122
v -1.797664 0.667445 0.917173
v -1.797855 0.668387 0.919080
v -1.796901 0.670082 0.908782
v -1.796901 0.670271 0.913168
v -1.796901 0.667068 0.916410
v -1.796901 0.662736 0.916601
v -1.796901 0.659534 0.913740
v -1.796901 0.659346 0.909354
v -1.796901 0.662360 0.905922
v -1.796901 0.666880 0.905922
v -1.794041 0.670082 0.908782
v -1.794041 0.670271 0.913168
v -1.794041 0.667068 0.916410
v -1.794041 0.662736 0.916601
v -1.794041 0.659534 0.913740
v -1.794041 0.659346 0.909354
v -1.794041 0.662360 0.905922
v -1.794041 0.666880 0.905922
v -1.794041 0.664808 0.911261
v -1.778213 0.881984 0.791315
v -1.777832 0.896111 0.784832
v -1.764292 0.897995 0.789980
v -1.764674 0.883868 0.796464
v -1.777069 0.910049 0.778348
v -1.763530 0.911933 0.783497
v -1.758381 0.903268 0.802185
v -1.758953 0.889142 0.808668
v -1.757809 0.917207 0.795701
v -1.763720 0.908919 0.814580
v -1.764292 0.894792 0.820873
v -1.763148 0.923046 0.808096
v -1.777260 0.911556 0.819538
v -1.777641 0.897429 0.826021
v -1.776497 0.925683 0.813054
v -1.788511 0.909673 0.814389
v -1.791180 0.897618 0.819728
v -1.790036 0.922104 0.808668
v -1.791562 0.886316 0.795320
v -1.788892 0.898560 0.789790
v -1.790608 0.910803 0.784259
v -1.789083 0.940563 0.800087
v -1.794803 0.935289 0.787883
v -1.795757 0.921539 0.794176
v -1.775543 0.942447 0.805236
v -1.762004 0.939810 0.800278
v -1.756855 0.933971 0.788073
v -1.762576 0.928697 0.775869
v -1.776116 0.926813 0.770530
v -1.789464 0.929639 0.775678
v -1.797092 0.887258 0.809812
v -1.797282 0.875015 0.815533
v -1.791562 0.880477 0.827738
v -1.778213 0.882361 0.832886
v -1.764674 0.879724 0.827928
v -1.759334 0.874073 0.815724
v -1.765055 0.868799 0.803329
v -1.778404 0.866727 0.798180
v -1.791943 0.869364 0.803138
v -1.790036 0.901950 0.808096
v -1.790036 0.898183 0.804854
v -1.790799 0.896488 0.805617
v -1.790608 0.901197 0.810003
v -1.790036 0.897995 0.799706
v -1.790799 0.896111 0.799134
v -1.788511 0.901385 0.796082
v -1.788892 0.900632 0.794366
v -1.789845 0.906282 0.795892
v -1.790418 0.907036 0.793985
v -1.789655 0.910049 0.799324
v -1.790227 0.911744 0.798562
v -1.789655 0.910238 0.804282
v -1.790227 0.912121 0.805045
v -1.788320 0.906847 0.808096
v -1.788701 0.907601 0.809812
v -1.787557 0.909296 0.799515
v -1.787557 0.909484 0.804092
v -1.787557 0.906471 0.807333
v -1.787748 0.901950 0.807524
v -1.787748 0.898748 0.804473
v -1.787748 0.898560 0.800087
v -1.787557 0.901762 0.796845
v -1.787557 0.906094 0.796655
v -1.784697 0.909296 0.799706
v -1.784697 0.909484 0.804092
v -1.784697 0.906471 0.807333
v -1.784887 0.901950 0.807524
v -1.784887 0.898748 0.804473
v -1.784887 0.898560 0.800087
v -1.784697 0.901573 0.796845
v -1.784697 0.906094 0.796655
v -1.784697 0.904022 0.801994
v -1.800906 -0.105008 0.507754
v -1.806436 -0.105008 0.521675
v -1.806436 -0.037011 0.536930
v -1.800906 -0.034186 0.523963
v -1.806436 0.063195 0.559813
v -1.800906 0.066209 0.546656
v -1.806436 0.163590 0.582506
v -1.800906 0.166603 0.569348
v -1.806436 0.263984 0.605198
v -1.800906 0.266809 0.592041
v -1.806436 0.364378 0.627891
v -1.800906 0.367204 0.614733
v -1.806436 0.464773 0.650774
v -1.800906 0.467598 0.637616
v -1.806436 0.564979 0.673467
v -1.800906 0.567993 0.660309
v -1.806436 0.665373 0.696159
v -1.800906 0.668387 0.683001
v -1.797855 0.765768 0.719042
v -1.791752 0.768593 0.705885
v -1.782027 0.845631 0.737349
v -1.775925 0.848645 0.724191
v -1.768297 -0.105008 0.521675
v -1.773827 -0.105008 0.507754
v -1.773827 -0.034186 0.523963
v -1.768297 -0.037011 0.536930
v -1.773827 0.066209 0.546656
v -1.768297 0.063195 0.559813
v -1.773827 0.166603 0.569348
v -1.768297 0.163590 0.582506
v -1.773827 0.266809 0.592041
v -1.768297 0.263984 0.605198
v -1.773827 0.367204 0.614733
v -1.768297 0.364378 0.627891
v -1.773827 0.467598 0.637616
v -1.768297 0.464773 0.650774
v -1.773827 0.567993 0.660309
v -1.768297 0.564979 0.673467
v -1.773827 0.668387 0.683001
v -1.768297 0.665373 0.696159
v -1.764674 0.768593 0.705885
v -1.759716 0.765768 0.719042
v -1.749037 0.848645 0.724191
v -1.744079 0.845631 0.737349
v -1.787366 -0.105008 0.502033
v -1.787366 -0.033055 0.518433
v -1.787366 0.067339 0.541126
v -1.787366 0.167733 0.563818
v -1.787366 0.268128 0.586701
v -1.787366 0.368522 0.609394
v -1.787366 0.468728 0.632086
v -1.787366 0.569123 0.654779
v -1.787366 0.669517 0.677471
v -1.778022 0.769912 0.700354
v -1.762195 0.849775 0.718852
v -1.800906 -0.105196 0.535405
v -1.800906 -0.040025 0.550088
v -1.800906 0.060370 0.572971
v -1.800906 0.160764 0.595664
v -1.800906 0.261159 0.618356
v -1.800906 0.361365 0.641049
v -1.800906 0.461759 0.663741
v -1.800906 0.562154 0.686625
v -1.800906 0.662548 0.709317
v -1.792706 0.762754 0.732200
v -1.777069 0.842806 0.750507
v -1.787366 -0.105196 0.541126
v -1.787366 -0.041155 0.555618
v -1.787366 0.059240 0.578311
v -1.787366 0.159446 0.601003
v -1.787366 0.259840 0.623886
v -1.787366 0.360234 0.646579
v -1.787366 0.460629 0.669271
v -1.787366 0.561023 0.691964
v -1.787366 0.661229 0.714656
v -1.779548 0.761624 0.737540
v -1.763911 0.841676 0.756037
v -1.773827 -0.105196 0.535405
v -1.773827 -0.040025 0.550088
v -1.773827 0.060370 0.572971
v -1.773827 0.160764 0.595664
v -1.773827 0.261159 0.618356
v -1.773827 0.361365 0.641049
v -1.773827 0.461759 0.663741
v -1.773827 0.562154 0.686625
v -1.773827 0.662548 0.709317
v -1.765818 0.762754 0.732200
v -1.750181 0.842806 0.750507
v -1.751897 0.876710 0.785785
v -1.751897 0.871248 0.777776
v -1.748846 0.881984 0.769576
v -1.748846 0.887446 0.777776
v -1.758381 0.876522 0.785976
v -1.758572 0.871059 0.777776
v -1.755902 0.866727 0.781018
v -1.755902 0.872190 0.789218
v -1.748465 0.892532 0.761567
v -1.748465 0.898183 0.769576
v -1.751135 0.897053 0.758134
v -1.750944 0.902515 0.766334
v -1.754948 0.892532 0.761567
v -1.754948 0.897995 0.769767
v -1.758000 0.887258 0.777776
v -1.758190 0.881796 0.769767
v -1.774590 0.858063 0.747265
v -1.769251 0.863525 0.735823
v -1.748846 0.863525 0.735823
v -1.745605 0.858063 0.747265
v -1.758572 0.865785 0.731056
v -1.771348 0.852789 0.758897
v -1.761432 0.850528 0.763665
v -1.750753 0.852789 0.758897
v -1.760860 0.878029 0.765572
v -1.760669 0.868422 0.774153
v -1.748656 0.888200 0.756609
v -1.752279 0.892155 0.753177
v -1.757428 0.888011 0.756800
v -1.756855 0.864467 0.777776
v -1.751707 0.868611 0.774153
v -1.748274 0.878405 0.765381
v -1.760288 0.910803 0.815152
v -1.758190 0.922858 0.808478
v -1.758190 0.922293 0.807715
v -1.760288 0.910426 0.814198
v -1.751897 0.923423 0.808287
v -1.751135 0.911744 0.814770
v -1.751135 0.911179 0.813817
v -1.751897 0.923046 0.807333
v -1.754758 0.927943 0.805808
v -1.754758 0.927567 0.804854
v -1.759525 0.899125 0.821445
v -1.759525 0.898748 0.820491
v -1.756665 0.894604 0.824114
v -1.756665 0.894039 0.823161
v -1.753042 0.899690 0.821254
v -1.753042 0.899313 0.820301
v -1.756665 0.895357 0.823542
v -1.759144 0.899125 0.821445
v -1.759716 0.910803 0.814961
v -1.757809 0.922669 0.808668
v -1.754758 0.927190 0.806189
v -1.752279 0.923234 0.808287
v -1.751707 0.911744 0.814580
v -1.753614 0.899878 0.821063
v -1.755711 0.911179 0.814770
v -1.756283 0.901008 0.820491
v -1.755139 0.921351 0.809240
v -1.758762 0.895546 0.790743
v -1.756093 0.906659 0.783115
v -1.749609 0.906847 0.783115
v -1.749609 0.895923 0.790552
v -1.757237 0.914758 0.795892
v -1.753614 0.919844 0.792841
v -1.752279 0.911368 0.780064
v -1.758762 0.884433 0.798180
v -1.750753 0.915323 0.795701
v -1.756474 0.887258 0.812673
v -1.759144 0.891779 0.809812
v -1.756093 0.879912 0.801231
v -1.752851 0.892344 0.809622
v -1.752279 0.884809 0.798180
v -1.758190 0.921539 0.806380
v -1.760097 0.909673 0.813054
v -1.751135 0.910426 0.812673
v -1.751707 0.922293 0.806189
v -1.754758 0.926813 0.803710
v -1.759525 0.897995 0.819538
v -1.756665 0.893474 0.822017
v -1.753042 0.898560 0.819156
v -1.751516 0.908919 0.809622
v -1.751516 0.912686 0.803901
v -1.751516 0.911368 0.797036
v -1.751516 0.905717 0.793031
v -1.751516 0.898936 0.794366
v -1.751516 0.895169 0.800278
v -1.751516 0.896488 0.807143
v -1.751516 0.902138 0.810957
v -1.751516 0.898936 0.805426
v -1.751516 0.902703 0.807905
v -1.751516 0.907224 0.807143
v -1.751516 0.909673 0.803329
v -1.751516 0.908919 0.798752
v -1.751516 0.905152 0.796082
v -1.751516 0.900632 0.797036
v -1.751516 0.897995 0.800850
v -1.751516 0.908354 0.799134
v -1.751516 0.904964 0.796655
v -1.751516 0.901008 0.797608
v -1.751516 0.898748 0.801041
v -1.751516 0.899501 0.805045
v -1.751516 0.902892 0.807333
v -1.751516 0.906847 0.806571
v -1.751516 0.909108 0.803138
v -1.752279 0.908354 0.799134
v -1.752279 0.904964 0.796655
v -1.752279 0.901008 0.797608
v -1.752279 0.898748 0.801041
v -1.752279 0.899501 0.805045
v -1.752279 0.902892 0.807333
v -1.752279 0.906847 0.806571
v -1.752279 0.909108 0.803138
v -1.758381 0.896488 0.807143
v -1.758381 0.902138 0.810957
v -1.758381 0.902703 0.807905
v -1.758381 0.898936 0.805426
v -1.758381 0.908919 0.809622
v -1.758381 0.907224 0.807143
v -1.758381 0.912686 0.803901
v -1.758381 0.909673 0.803329
v -1.758381 0.911368 0.797036
v -1.758381 0.908919 0.798752
v -1.758381 0.905717 0.793031
v -1.758381 0.905152 0.796082
v -1.758381 0.898936 0.794366
v -1.758381 0.900632 0.797036
v -1.758381 0.895169 0.800278
v -1.758381 0.897995 0.800850
v -1.758381 0.904964 0.796655
v -1.758381 0.908354 0.799134
v -1.758381 0.901008 0.797608
v -1.758381 0.898748 0.801041
v -1.758381 0.899501 0.805045
v -1.758381 0.902892 0.807333
v -1.758381 0.906847 0.806571
v -1.758381 0.909108 0.803138
v -1.757618 0.904964 0.796655
v -1.757618 0.908354 0.799134
v -1.757618 0.901008 0.797608
v -1.757618 0.898748 0.801041
v -1.757618 0.899501 0.805045
v -1.757618 0.902892 0.807333
v -1.757618 0.906847 0.806571
v -1.757618 0.909108 0.803138
v -1.038895 0.651435 0.709317
v -1.045188 0.664997 0.708936
v -1.045378 0.666880 0.764618
v -1.039276 0.653507 0.765000
v -1.059108 0.670459 0.708745
v -1.059108 0.672531 0.764427
v -1.072838 0.664620 0.708936
v -1.072647 0.666692 0.764618
v -1.077987 0.650870 0.709317
v -1.077796 0.652942 0.765000
v -1.071694 0.637308 0.709508
v -1.071694 0.639568 0.765190
v -1.057964 0.631657 0.709698
v -1.057964 0.634106 0.765381
v -1.044044 0.637496 0.709508
v -1.044425 0.639945 0.765190
v -1.045760 0.668952 0.817822
v -1.039658 0.655767 0.818203
v -1.059299 0.674414 0.817822
v -1.072647 0.668764 0.817822
v -1.077605 0.655202 0.818203
v -1.071503 0.642017 0.818394
v -1.057964 0.636555 0.818584
v -1.044616 0.642205 0.818394
v -1.045950 0.670836 0.868165
v -1.039848 0.657651 0.868546
v -1.059299 0.676110 0.868165
v -1.072647 0.670647 0.868165
v -1.077605 0.657086 0.868546
v -1.071503 0.644089 0.868737
v -1.058155 0.638627 0.868927
v -1.044806 0.644277 0.868737
v -1.046141 0.672531 0.915266
v -1.040230 0.659534 0.915457
v -1.059490 0.677805 0.915075
v -1.072457 0.672343 0.915266
v -1.077415 0.658969 0.915457
v -1.071503 0.646161 0.915838
v -1.058155 0.640698 0.915838
v -1.045188 0.646349 0.915838
v -1.046141 0.674226 0.959697
v -1.040420 0.661418 0.959888
v -1.059299 0.679500 0.959697
v -1.072266 0.673849 0.959888
v -1.077224 0.660853 0.960079
v -1.071313 0.648044 0.960460
v -1.058155 0.642770 0.960460
v -1.045188 0.648233 0.960270
v -1.040420 0.662736 0.993641
v -1.046141 0.675168 0.993450
v -1.046904 0.676486 1.027394
v -1.041183 0.664055 1.027775
v -1.058918 0.680442 0.993259
v -1.059680 0.681572 1.027012
v -1.071503 0.674980 0.993259
v -1.072075 0.676298 1.026631
v -1.076271 0.662171 0.993450
v -1.076843 0.663490 1.026822
v -1.070550 0.649740 0.993641
v -1.071122 0.651246 1.027203
v -1.057773 0.644654 0.993832
v -1.058536 0.646161 1.027584
v -1.045188 0.649928 0.993832
v -1.045950 0.651435 1.027966
v -1.047857 0.677617 1.058095
v -1.042137 0.665373 1.058477
v -1.060443 0.682702 1.057714
v -1.072838 0.677428 1.057523
v -1.077415 0.664808 1.057714
v -1.071885 0.652565 1.058095
v -1.059299 0.647479 1.058477
v -1.046904 0.652753 1.058667
v -1.048620 0.678747 1.086699
v -1.042899 0.666503 1.087081
v -1.061015 0.683644 1.086318
v -1.073410 0.678370 1.086127
v -1.077987 0.665938 1.086127
v -1.072457 0.653695 1.086509
v -1.059871 0.648798 1.087081
v -1.047667 0.654072 1.087271
v -1.049764 0.679688 1.113778
v -1.044234 0.667634 1.114350
v -1.062159 0.684586 1.112824
v -1.074364 0.679312 1.112252
v -1.078940 0.666880 1.112062
v -1.073410 0.654825 1.112634
v -1.061015 0.649928 1.113587
v -1.048811 0.655202 1.114159
v -1.052053 0.680630 1.139140
v -1.046522 0.668575 1.140093
v -1.064257 0.685528 1.137614
v -1.076461 0.680254 1.136089
v -1.081038 0.667822 1.135707
v -1.075508 0.655955 1.136661
v -1.063303 0.651058 1.138186
v -1.051099 0.656144 1.139712
v -1.056248 0.681384 1.163167
v -1.050908 0.669517 1.164312
v -1.068262 0.686281 1.160307
v -1.080085 0.681007 1.157828
v -1.084471 0.668764 1.157065
v -1.079131 0.656897 1.158400
v -1.067117 0.652000 1.161070
v -1.055294 0.657274 1.163549
v -1.061778 0.682325 1.184906
v -1.056439 0.670459 1.186623
v -1.073410 0.687034 1.181474
v -1.085043 0.681760 1.178232
v -1.089429 0.669517 1.177088
v -1.084280 0.657651 1.178804
v -1.072457 0.652942 1.182237
v -1.060825 0.658216 1.185478
v -1.068262 0.683079 1.205311
v -1.063303 0.671212 1.207217
v -1.079703 0.687788 1.201115
v -1.090954 0.682514 1.197111
v -1.095340 0.670271 1.195585
v -1.090191 0.658592 1.197492
v -1.078750 0.653695 1.201687
v -1.067499 0.658969 1.205692
v -1.075889 0.683644 1.224189
v -1.070931 0.671966 1.226478
v -1.086949 0.688353 1.219422
v -1.097819 0.683267 1.214655
v -1.102014 0.671024 1.212748
v -1.097056 0.659346 1.215036
v -1.085996 0.654637 1.219994
v -1.075127 0.659911 1.224761
v -1.084471 0.684397 1.242114
v -1.079703 0.672531 1.244784
v -1.095149 0.689106 1.236584
v -1.105637 0.683832 1.231054
v -1.109642 0.671777 1.228957
v -1.104875 0.659911 1.231626
v -1.094196 0.655390 1.237156
v -1.083708 0.660664 1.242687
v -1.094196 0.684962 1.259277
v -1.089619 0.673284 1.262137
v -1.104303 0.689671 1.252984
v -1.114409 0.684397 1.246691
v -1.118223 0.672343 1.244403
v -1.113647 0.660664 1.247263
v -1.103349 0.656144 1.253556
v -1.093433 0.661229 1.259849
v -1.105065 0.685528 1.275676
v -1.100679 0.673849 1.278918
v -1.114791 0.690236 1.268621
v -1.124325 0.684962 1.261756
v -1.127949 0.672908 1.259086
v -1.123563 0.661418 1.262137
v -1.113837 0.656709 1.269384
v -1.104303 0.661983 1.276249
v -1.117079 0.686093 1.291313
v -1.113075 0.674603 1.294555
v -1.126423 0.690613 1.283495
v -1.135386 0.685528 1.276058
v -1.138627 0.673661 1.273007
v -1.134623 0.661983 1.276439
v -1.125470 0.657462 1.284067
v -1.116507 0.662736 1.291695
v -1.130046 0.686658 1.305615
v -1.126232 0.675168 1.309238
v -1.138627 0.691178 1.297415
v -1.147209 0.686093 1.289406
v -1.150450 0.674038 1.286165
v -1.146446 0.662548 1.289788
v -1.137865 0.658027 1.298178
v -1.129283 0.663301 1.306187
v -1.143395 0.687034 1.318964
v -1.139772 0.675545 1.322778
v -1.151595 0.691743 1.310383
v -1.159604 0.686469 1.301801
v -1.162464 0.674603 1.298560
v -1.158841 0.663113 1.302374
v -1.150641 0.658592 1.310955
v -1.142823 0.663866 1.319536
v -1.156934 0.687599 1.331168
v -1.153502 0.676110 1.335173
v -1.164562 0.692120 1.322206
v -1.172189 0.686846 1.313243
v -1.174859 0.675168 1.309811
v -1.171427 0.663490 1.313625
v -1.163608 0.659158 1.322778
v -1.156171 0.664243 1.331550
v -1.170664 0.687976 1.342228
v -1.167422 0.676486 1.346233
v -1.177720 0.692497 1.332885
v -1.184775 0.687223 1.323540
v -1.187254 0.675545 1.319917
v -1.184012 0.664055 1.323922
v -1.176766 0.659534 1.333457
v -1.169901 0.664808 1.342610
v -1.184584 0.688353 1.352335
v -1.181724 0.676863 1.356530
v -1.191259 0.692873 1.342419
v -1.197552 0.687599 1.332885
v -1.200031 0.675921 1.329071
v -1.196980 0.664432 1.333266
v -1.190305 0.659911 1.342991
v -1.184012 0.665185 1.352717
v -1.199077 0.688730 1.361298
v -1.196217 0.677240 1.365684
v -1.204989 0.693062 1.351191
v -1.210710 0.687976 1.341275
v -1.212998 0.676298 1.337270
v -1.210137 0.664808 1.341656
v -1.204035 0.660476 1.351763
v -1.198314 0.665562 1.361679
v -1.213951 0.688918 1.369498
v -1.211472 0.677617 1.374074
v -1.219291 0.693439 1.359010
v -1.224439 0.688165 1.348712
v -1.226346 0.676486 1.344707
v -1.223867 0.665185 1.349093
v -1.218337 0.660664 1.359582
v -1.213379 0.665938 1.369879
v -1.229398 0.689295 1.376935
v -1.227109 0.677805 1.381511
v -1.234165 0.693627 1.366065
v -1.238551 0.688541 1.355577
v -1.240267 0.676863 1.351191
v -1.237979 0.665373 1.355958
v -1.233211 0.661041 1.366637
v -1.228635 0.666315 1.377125
v -1.245416 0.689483 1.383418
v -1.243509 0.677993 1.387995
v -1.249420 0.693815 1.372358
v -1.253234 0.688730 1.361488
v -1.254569 0.677052 1.357103
v -1.252662 0.665750 1.361679
v -1.248467 0.661229 1.372739
v -1.244844 0.666503 1.383609
v -1.262006 0.689671 1.388758
v -1.260290 0.678182 1.393525
v -1.265439 0.694004 1.377507
v -1.268490 0.688918 1.366446
v -1.269443 0.677240 1.362061
v -1.267918 0.665938 1.366828
v -1.264485 0.661606 1.378079
v -1.261434 0.666692 1.388948
v -1.278978 0.689860 1.393334
v -1.277452 0.678370 1.398102
v -1.281647 0.694192 1.381893
v -1.284317 0.689106 1.370642
v -1.285080 0.677428 1.366065
v -1.283745 0.666127 1.371023
v -1.280885 0.661795 1.382465
v -1.278215 0.666880 1.393525
v -1.296140 0.689860 1.396958
v -1.294996 0.678558 1.401916
v -1.298429 0.694380 1.385516
v -1.300526 0.689295 1.374265
v -1.301098 0.677617 1.369688
v -1.299954 0.666315 1.374456
v -1.297666 0.661983 1.386088
v -1.295568 0.667069 1.397339
v -1.313684 0.690048 1.400199
v -1.312540 0.678747 1.404967
v -1.315591 0.694380 1.388567
v -1.317116 0.689295 1.377316
v -1.317689 0.677805 1.372549
v -1.316544 0.666315 1.377507
v -1.314637 0.661983 1.389139
v -1.312921 0.667257 1.400390
v -1.331419 0.690048 1.402678
v -1.330656 0.678747 1.407446
v -1.332944 0.694569 1.391046
v -1.334088 0.689483 1.379604
v -1.334279 0.677805 1.374837
v -1.333516 0.666503 1.379795
v -1.331990 0.662171 1.391427
v -1.330846 0.667257 1.402869
v -1.349725 0.690237 1.404204
v -1.349153 0.678747 1.409162
v -1.350678 0.694569 1.392571
v -1.351251 0.689483 1.381130
v -1.351441 0.677993 1.376553
v -1.350678 0.666503 1.381321
v -1.349725 0.662171 1.393144
v -1.349153 0.667445 1.404395
v -1.368413 0.690237 1.405157
v -1.367841 0.678935 1.410115
v -1.368794 0.694569 1.393525
v -1.368985 0.689483 1.382083
v -1.368794 0.677993 1.377316
v -1.368413 0.666503 1.382274
v -1.368032 0.662171 1.393906
v -1.367841 0.667445 1.405348
v -1.387292 0.690237 1.405348
v -1.386910 0.678935 1.410306
v -1.387292 0.694569 1.393716
v -1.387292 0.689483 1.382274
v -1.386910 0.677993 1.377507
v -1.386529 0.666692 1.382465
v -1.386529 0.662171 1.394288
v -1.386529 0.667445 1.405539
v -1.401784 0.667445 1.405539
v -1.402166 0.678935 1.410306
v -1.402356 0.690237 1.405348
v -1.402547 0.694569 1.393716
v -1.402356 0.689483 1.382274
v -1.401975 0.677993 1.377507
v -1.401784 0.666692 1.382465
v -1.401594 0.662171 1.394288
v -1.762576 0.650870 0.709317
v -1.762386 0.652942 0.765000
v -1.757237 0.666692 0.764618
v -1.757428 0.664620 0.708936
v -1.743698 0.672531 0.764427
v -1.743698 0.670459 0.708745
v -1.729968 0.666880 0.764618
v -1.729777 0.664997 0.708936
v -1.723866 0.653507 0.765000
v -1.723484 0.651435 0.709317
v -1.729014 0.639945 0.765190
v -1.728633 0.637496 0.709508
v -1.742553 0.634106 0.765381
v -1.742553 0.631657 0.709698
v -1.756283 0.639568 0.765190
v -1.756283 0.637308 0.709508
v -1.762195 0.655202 0.818203
v -1.757237 0.668764 0.817822
v -1.743888 0.674414 0.817822
v -1.730349 0.668952 0.817822
v -1.724247 0.655767 0.818203
v -1.729205 0.642205 0.818394
v -1.742553 0.636555 0.818584
v -1.756093 0.642017 0.818394
v -1.762195 0.657086 0.868546
v -1.757237 0.670647 0.868165
v -1.743888 0.676110 0.868165
v -1.730540 0.670836 0.868165
v -1.724438 0.657651 0.868546
v -1.729396 0.644277 0.868737
v -1.742744 0.638627 0.868927
v -1.756093 0.644089 0.868737
v -1.762004 0.658969 0.915457
v -1.757046 0.672343 0.915266
v -1.744079 0.677805 0.915075
v -1.730731 0.672531 0.915266
v -1.724819 0.659534 0.915457
v -1.729777 0.646349 0.915838
v -1.742744 0.640698 0.915838
v -1.756093 0.646161 0.915838
v -1.762004 0.660853 0.959888
v -1.757237 0.673849 0.959697
v -1.744270 0.679500 0.959697
v -1.731112 0.674226 0.959888
v -1.725200 0.661418 0.960079
v -1.730158 0.648233 0.960460
v -1.743126 0.642770 0.960460
v -1.756283 0.648044 0.960270
v -1.762195 0.662171 0.993641
v -1.761432 0.663490 1.027775
v -1.756665 0.676298 1.027394
v -1.757428 0.674980 0.993450
v -1.744270 0.681572 1.027012
v -1.744842 0.680442 0.993259
v -1.731493 0.676486 1.026631
v -1.732065 0.675168 0.993259
v -1.725772 0.664055 1.026822
v -1.726345 0.662736 0.993450
v -1.730540 0.651435 1.027203
v -1.731112 0.649928 0.993641
v -1.743126 0.646161 1.027584
v -1.743698 0.644654 0.993832
v -1.755711 0.651246 1.027966
v -1.756474 0.649740 0.993832
v -1.760669 0.664808 1.058477
v -1.755902 0.677428 1.058095
v -1.743507 0.682702 1.057714
v -1.730921 0.677617 1.057523
v -1.725391 0.665373 1.057714
v -1.729968 0.652753 1.058095
v -1.742363 0.647479 1.058477
v -1.754948 0.652565 1.058477
v -1.759907 0.665938 1.087081
v -1.755330 0.678370 1.086699
v -1.742935 0.683644 1.086318
v -1.730540 0.678558 1.086127
v -1.724819 0.666503 1.086127
v -1.729586 0.653884 1.086509
v -1.741791 0.648798 1.087081
v -1.754376 0.653695 1.087271
v -1.758762 0.667068 1.114350
v -1.754186 0.679500 1.113778
v -1.741981 0.684586 1.112824
v -1.729586 0.679688 1.112252
v -1.724056 0.667445 1.112252
v -1.728633 0.655014 1.112634
v -1.740837 0.649928 1.113587
v -1.753232 0.654825 1.114159
v -1.756474 0.668010 1.140093
v -1.752088 0.680254 1.139140
v -1.739884 0.685528 1.137614
v -1.727679 0.680442 1.136089
v -1.722149 0.668387 1.135707
v -1.726726 0.656144 1.136470
v -1.738740 0.651058 1.138186
v -1.750944 0.655955 1.139521
v -1.752470 0.668952 1.164312
v -1.747893 0.681195 1.163167
v -1.736070 0.686281 1.160498
v -1.724056 0.681384 1.158019
v -1.718717 0.669329 1.157065
v -1.723103 0.657086 1.158400
v -1.734926 0.652000 1.161070
v -1.746939 0.657086 1.163549
v -1.746749 0.669894 1.186623
v -1.742553 0.681949 1.185097
v -1.730921 0.687034 1.181474
v -1.719098 0.682137 1.178232
v -1.713759 0.670082 1.177088
v -1.718145 0.658027 1.178614
v -1.729777 0.652942 1.182237
v -1.741409 0.658027 1.185478
v -1.740074 0.670647 1.207217
v -1.736070 0.682702 1.205311
v -1.724628 0.687788 1.201115
v -1.713187 0.682702 1.197111
v -1.708038 0.670836 1.195585
v -1.712233 0.658781 1.197492
v -1.723484 0.653695 1.201687
v -1.734926 0.658781 1.205692
v -1.732447 0.671401 1.226478
v -1.728442 0.683456 1.224380
v -1.717573 0.688353 1.219422
v -1.706322 0.683456 1.214655
v -1.701364 0.671589 1.212748
v -1.705368 0.659534 1.215036
v -1.716429 0.654637 1.219994
v -1.727489 0.659534 1.224761
v -1.723866 0.672154 1.244784
v -1.719861 0.684209 1.242305
v -1.709373 0.689106 1.236584
v -1.698694 0.684021 1.231245
v -1.693736 0.672154 1.228957
v -1.697741 0.660288 1.231436
v -1.708229 0.655390 1.237156
v -1.718907 0.660288 1.242496
v -1.713949 0.672908 1.262137
v -1.710326 0.684774 1.259467
v -1.700220 0.689671 1.252984
v -1.689922 0.684586 1.246882
v -1.685345 0.672908 1.244403
v -1.688969 0.660853 1.247072
v -1.699075 0.656144 1.253556
v -1.709373 0.661041 1.259658
v -1.702889 0.673473 1.278918
v -1.699457 0.685339 1.275867
v -1.689922 0.690236 1.268811
v -1.680197 0.685151 1.261756
v -1.675620 0.673473 1.259086
v -1.679243 0.661606 1.262137
v -1.688778 0.656709 1.269193
v -1.698503 0.661795 1.276058
v -1.690685 0.674038 1.294555
v -1.687252 0.685904 1.291313
v -1.678290 0.690613 1.283686
v -1.669137 0.685716 1.276058
v -1.664941 0.674038 1.273007
v -1.668183 0.662171 1.276249
v -1.677336 0.657462 1.284067
v -1.686490 0.662548 1.291504
v -1.677527 0.674603 1.309238
v -1.674476 0.686469 1.305806
v -1.666085 0.691178 1.297606
v -1.657313 0.686093 1.289597
v -1.653309 0.674603 1.286165
v -1.656360 0.662736 1.289788
v -1.664941 0.658027 1.297988
v -1.673522 0.663113 1.305997
v -1.663988 0.675168 1.322778
v -1.661127 0.687034 1.319155
v -1.653118 0.691743 1.310383
v -1.644918 0.686658 1.301992
v -1.641295 0.674980 1.298560
v -1.644156 0.663301 1.302183
v -1.652165 0.658592 1.310955
v -1.660365 0.663678 1.319345
v -1.650449 0.675733 1.335173
v -1.647779 0.687411 1.331359
v -1.640151 0.692120 1.322206
v -1.632523 0.687034 1.313434
v -1.628900 0.675545 1.309811
v -1.631570 0.663678 1.313625
v -1.639198 0.659158 1.322778
v -1.646825 0.664243 1.331550
v -1.636528 0.676110 1.346233
v -1.634049 0.687788 1.342419
v -1.626993 0.692497 1.332885
v -1.619938 0.687411 1.323731
v -1.616505 0.675921 1.319917
v -1.618984 0.664243 1.323922
v -1.626040 0.659534 1.333457
v -1.633286 0.664620 1.342610
v -1.622226 0.676675 1.356530
v -1.620128 0.688165 1.352335
v -1.613645 0.692873 1.342610
v -1.606970 0.687788 1.332885
v -1.603919 0.676298 1.329071
v -1.606208 0.664620 1.333075
v -1.612691 0.659911 1.342991
v -1.619175 0.664997 1.352526
v -1.607733 0.677052 1.365684
v -1.605636 0.688541 1.361488
v -1.599915 0.693062 1.351191
v -1.593813 0.688165 1.341275
v -1.590952 0.676486 1.337270
v -1.593050 0.664997 1.341466
v -1.598961 0.660476 1.351763
v -1.604873 0.665562 1.361679
v -1.592668 0.677240 1.374074
v -1.590762 0.688918 1.369688
v -1.585613 0.693439 1.359200
v -1.580273 0.688353 1.348903
v -1.577604 0.676863 1.344707
v -1.579511 0.665185 1.349093
v -1.584659 0.660664 1.359582
v -1.589999 0.665750 1.369879
v -1.576841 0.677617 1.381511
v -1.575315 0.689106 1.376935
v -1.570929 0.693627 1.366256
v -1.566162 0.688541 1.355577
v -1.563683 0.677052 1.351191
v -1.565399 0.665562 1.355768
v -1.569976 0.661041 1.366637
v -1.574553 0.666127 1.377125
v -1.560632 0.677805 1.387995
v -1.559297 0.689295 1.383418
v -1.555483 0.693815 1.372358
v -1.551479 0.688730 1.361488
v -1.549381 0.677240 1.357103
v -1.550716 0.665750 1.361679
v -1.554530 0.661229 1.372739
v -1.558534 0.666503 1.383609
v -1.543660 0.678182 1.393525
v -1.542707 0.689483 1.388758
v -1.539656 0.694004 1.377507
v -1.536223 0.688918 1.366446
v -1.534507 0.677428 1.362061
v -1.535460 0.665938 1.366637
v -1.538702 0.661606 1.378079
v -1.542135 0.666692 1.388948
v -1.526688 0.678370 1.398102
v -1.525926 0.689671 1.393334
v -1.523256 0.694192 1.381893
v -1.520396 0.689106 1.370832
v -1.518870 0.677617 1.366065
v -1.519633 0.666127 1.370832
v -1.522303 0.661795 1.382465
v -1.525163 0.666880 1.393525
v -1.509145 0.678558 1.401916
v -1.508573 0.689860 1.397148
v -1.506475 0.694380 1.385516
v -1.504187 0.689295 1.374265
v -1.502852 0.677805 1.369688
v -1.503424 0.666315 1.374456
v -1.505522 0.661983 1.386088
v -1.508001 0.667069 1.397148
v -1.491601 0.678558 1.404967
v -1.491220 0.690048 1.400199
v -1.489503 0.694380 1.388567
v -1.487596 0.689295 1.377316
v -1.486452 0.677805 1.372549
v -1.486834 0.666315 1.377507
v -1.488550 0.661983 1.389139
v -1.490457 0.667069 1.400390
v -1.473485 0.678747 1.407446
v -1.473294 0.690048 1.402678
v -1.472150 0.694569 1.391046
v -1.470625 0.689483 1.379604
v -1.469862 0.677993 1.374837
v -1.470053 0.666503 1.379795
v -1.471197 0.662171 1.391427
v -1.472532 0.667257 1.402869
v -1.454988 0.678747 1.409162
v -1.454988 0.690237 1.404204
v -1.454225 0.694569 1.392571
v -1.453462 0.689483 1.381130
v -1.452699 0.677993 1.376553
v -1.452699 0.666503 1.381321
v -1.453462 0.662171 1.393144
v -1.454416 0.667257 1.404395
v -1.436300 0.678747 1.410115
v -1.436300 0.690237 1.405157
v -1.436109 0.694569 1.393525
v -1.435728 0.689483 1.382083
v -1.435156 0.677993 1.377316
v -1.434965 0.666692 1.382274
v -1.435346 0.662171 1.393906
v -1.435728 0.667445 1.405348
v -1.417230 0.678935 1.410306
v -1.417612 0.690237 1.405348
v -1.417612 0.694569 1.393716
v -1.417612 0.689483 1.382274
v -1.417230 0.677993 1.377507
v -1.416849 0.666692 1.382465
v -1.416658 0.662171 1.394288
v -1.416849 0.667445 1.405539
v -1.044997 0.662925 0.654779
v -1.038704 0.649175 0.655160
v -1.058918 0.668575 0.654779
v -1.072838 0.662736 0.654779
v -1.077987 0.648610 0.655160
v -1.071885 0.635048 0.655351
v -1.057964 0.629209 0.655351
v -1.043853 0.635236 0.655351
v -1.762576 0.648610 0.655160
v -1.757428 0.662736 0.654779
v -1.743507 0.668575 0.654779
v -1.729586 0.662925 0.654779
v -1.723293 0.649175 0.655160
v -1.728442 0.635236 0.655351
v -1.742553 0.629209 0.655351
v -1.756474 0.635048 0.655351
v -1.057964 0.629209 0.647151
v -1.043853 0.635048 0.646960
v -1.071885 0.634859 0.646960
v -1.078178 0.648610 0.646770
v -1.038513 0.649175 0.646770
v -1.072838 0.662548 0.646579
v -1.058918 0.668575 0.646579
v -1.044806 0.662925 0.646579
v -1.762767 0.648610 0.646770
v -1.756474 0.634859 0.646960
v -1.723103 0.649175 0.646770
v -1.729396 0.662925 0.646579
v -1.743507 0.668575 0.646579
v -1.757428 0.662548 0.646579
v -1.742553 0.629209 0.647151
v -1.728442 0.635048 0.646960
v -1.275164 0.693627 1.311527
v -1.251709 0.689860 1.267477
v -1.328558 0.686469 1.252030
v -1.333325 0.691178 1.302183
v -1.349725 0.697206 1.362061
v -1.302814 0.698147 1.356340
v -1.325698 0.677617 1.101192
v -1.325316 0.679500 1.139140
v -1.232067 0.682890 1.144289
v -1.230732 0.681007 1.101192
v -1.325507 0.671212 1.101383
v -1.230542 0.674603 1.101383
v -1.231876 0.676675 1.144670
v -1.325316 0.673096 1.139521
v -1.326842 0.684209 1.214655
v -1.242555 0.687599 1.228003
v -1.235690 0.685151 1.186813
v -1.325698 0.681760 1.177088
v -1.242365 0.681195 1.228575
v -1.326651 0.677805 1.215227
v -1.325698 0.675356 1.177469
v -1.235500 0.678747 1.187195
v -1.186301 0.694569 1.297225
v -1.233402 0.697206 1.332885
v -1.265629 0.698524 1.352526
v -1.160366 0.692497 1.253747
v -1.141106 0.690236 1.205501
v -1.140725 0.683832 1.205883
v -1.160176 0.686093 1.254128
v -1.129665 0.687976 1.154014
v -1.129474 0.681572 1.154395
v -1.124516 0.685716 1.101192
v -1.124135 0.679312 1.101383
v -1.349344 0.702856 1.399436
v -1.348962 0.696641 1.411450
v -1.288703 0.696452 1.405539
v -1.288703 0.702668 1.392953
v -1.193166 0.701161 1.353670
v -1.177910 0.694569 1.359200
v -1.131190 0.693062 1.320680
v -1.146255 0.699654 1.315341
v -1.244653 0.702103 1.378651
v -1.231114 0.695699 1.387804
v -1.092861 0.691178 1.273579
v -1.108689 0.697959 1.269765
v -1.064257 0.689106 1.219994
v -1.080275 0.695887 1.217515
v -1.046713 0.686846 1.161832
v -1.064066 0.693627 1.160498
v -1.040611 0.684397 1.101001
v -1.054341 0.691367 1.101192
v -1.329512 0.660853 0.660309
v -1.328749 0.665185 0.765953
v -1.234355 0.668199 0.765953
v -1.235118 0.664055 0.660309
v -1.329512 0.654637 0.660500
v -1.234928 0.657651 0.660690
v -1.233974 0.661795 0.766334
v -1.328749 0.658781 0.766334
v -1.326460 0.674038 0.995357
v -1.231686 0.677240 0.995357
v -1.326270 0.667634 0.995739
v -1.231304 0.670836 0.995739
v -1.125851 0.672719 0.765953
v -1.126232 0.668575 0.660309
v -1.125851 0.662171 0.660690
v -1.125660 0.666315 0.766334
v -1.124897 0.681760 0.995357
v -1.124516 0.675356 0.995739
v -1.054532 0.674038 0.660309
v -1.054532 0.678182 0.765953
v -1.040039 0.671401 0.766144
v -1.039848 0.667257 0.660500
v -1.054913 0.667634 0.660690
v -1.045188 0.661983 0.660690
v -1.045378 0.666127 0.766334
v -1.054913 0.671777 0.766334
v -1.054341 0.687223 0.995357
v -1.040420 0.680254 0.995548
v -1.293471 0.700219 1.380749
v -1.349344 0.700031 1.387041
v -1.159604 0.697017 1.309238
v -1.206705 0.698901 1.346805
v -1.251709 0.700219 1.369879
v -1.126042 0.695134 1.264426
v -1.100489 0.693062 1.213510
v -1.085996 0.690802 1.158400
v -1.077796 0.688541 1.101192
v -1.078368 0.675356 0.766144
v -1.078368 0.671401 0.660309
v -1.077987 0.664997 0.660690
v -1.077796 0.669140 0.766334
v -1.077796 0.684397 0.995548
v -1.235309 0.663301 0.637998
v -1.329702 0.660099 0.637998
v -1.329702 0.653695 0.638188
v -1.235118 0.656897 0.638188
v -1.235309 0.663113 0.635519
v -1.329702 0.660099 0.635519
v -1.329702 0.653695 0.635709
v -1.235118 0.656709 0.635709
v -1.054532 0.673284 0.637998
v -1.078559 0.670459 0.637998
v -1.077987 0.664055 0.638188
v -1.054913 0.666692 0.638188
v -1.054532 0.673096 0.635519
v -1.078559 0.670271 0.635519
v -1.077987 0.664055 0.635709
v -1.054913 0.666503 0.635709
v -1.126232 0.667822 0.637998
v -1.126042 0.661418 0.638188
v -1.126232 0.667634 0.635519
v -1.126042 0.661229 0.635709
v -1.039848 0.666315 0.638188
v -1.045188 0.661229 0.638379
v -1.039848 0.666315 0.635519
v -1.045188 0.661041 0.635900
v -1.274973 0.687223 1.312290
v -1.333135 0.684774 1.302946
v -1.328367 0.680065 1.252412
v -1.251518 0.683456 1.268049
v -1.349725 0.690990 1.362823
v -1.302624 0.691743 1.357103
v -1.186110 0.688353 1.297797
v -1.233402 0.690802 1.333647
v -1.265439 0.692497 1.353098
v -1.349344 0.696264 1.399246
v -1.288894 0.696076 1.392762
v -1.289847 0.691367 1.400199
v -1.349344 0.691555 1.405920
v -1.193356 0.694569 1.353479
v -1.146636 0.693062 1.315341
v -1.135004 0.687788 1.317057
v -1.180961 0.689295 1.354814
v -1.244844 0.695511 1.378460
v -1.233211 0.690425 1.382846
v -1.109070 0.691367 1.269956
v -1.097438 0.685904 1.270909
v -1.080657 0.689295 1.217706
v -1.069215 0.683832 1.218087
v -1.064448 0.687034 1.160688
v -1.051862 0.681384 1.161070
v -1.054913 0.684774 1.101383
v -1.045950 0.679312 1.101001
v -1.054913 0.680630 0.995739
v -1.045760 0.675168 0.995739
v -1.349344 0.693815 1.387995
v -1.293280 0.693815 1.381702
v -1.206324 0.692497 1.347568
v -1.159222 0.690613 1.310192
v -1.251518 0.693815 1.370642
v -1.125470 0.688730 1.265188
v -1.099917 0.686658 1.214082
v -1.085424 0.684397 1.158781
v -1.077224 0.682137 1.101383
v -1.077224 0.677993 0.995739
v -1.054532 0.671777 0.635519
v -1.078368 0.668952 0.635519
v -1.126232 0.666315 0.635519
v -1.040992 0.665185 0.635709
v -1.235309 0.661795 0.635519
v -1.235118 0.658404 0.635709
v -1.329702 0.655390 0.635709
v -1.054913 0.668387 0.635709
v -1.077987 0.665562 0.635709
v -1.126042 0.662925 0.635709
v -1.043662 0.662548 0.635709
v -1.287178 0.680819 1.409353
v -1.287368 0.684586 1.408590
v -1.348199 0.684774 1.414692
v -1.347818 0.681007 1.415455
v -1.348199 0.680819 1.408971
v -1.348390 0.683644 1.408208
v -1.288703 0.683267 1.402297
v -1.288512 0.680442 1.402869
v -1.228635 0.680065 1.391618
v -1.229207 0.684021 1.390855
v -1.231686 0.682514 1.384944
v -1.231304 0.679689 1.385516
v -1.174668 0.678935 1.362442
v -1.175431 0.682702 1.361870
v -1.179054 0.681384 1.356530
v -1.178482 0.678558 1.357103
v -1.127377 0.677428 1.323350
v -1.128330 0.681195 1.322778
v -1.132716 0.679877 1.318392
v -1.132144 0.676863 1.318773
v -1.088666 0.675545 1.275676
v -1.089429 0.679500 1.275295
v -1.094768 0.677993 1.271863
v -1.094196 0.674980 1.272244
v -1.059680 0.673473 1.221329
v -1.060634 0.677240 1.221138
v -1.066545 0.675733 1.218850
v -1.065783 0.672908 1.219041
v -1.041946 0.671024 1.162405
v -1.042899 0.674980 1.162214
v -1.049192 0.673473 1.161260
v -1.048429 0.670647 1.161260
v -1.035844 0.668764 1.101192
v -1.036797 0.672531 1.101192
v -1.043090 0.671212 1.100811
v -1.042327 0.668199 1.100811
v -1.035653 0.664620 0.995357
v -1.036606 0.668387 0.995548
v -1.042899 0.667068 0.995548
v -1.042137 0.664055 0.995548
v -1.034890 0.651435 0.660309
v -1.036034 0.655390 0.660309
v -1.036225 0.659534 0.766144
v -1.035081 0.655579 0.765953
v -1.041755 0.655014 0.766144
v -1.042518 0.658027 0.766144
v -1.042327 0.653884 0.660500
v -1.041564 0.651058 0.660500
v -1.035272 0.651623 0.637998
v -1.036225 0.655390 0.637998
v -1.042327 0.652942 0.637998
v -1.041564 0.650116 0.637998
v -1.034890 0.650493 0.635519
v -1.035844 0.654449 0.635519
v -1.042327 0.652942 0.635519
v -1.041564 0.649928 0.635519
v -1.036225 0.650305 0.635519
v -1.037369 0.654072 0.635519
v -1.039658 0.650116 0.635519
v -1.040611 0.653318 0.635519
v -1.078178 0.681572 0.924991
v -1.054341 0.684397 0.924991
v -1.054341 0.683832 0.910880
v -1.078178 0.681195 0.910880
v -1.054341 0.683267 0.896769
v -1.078178 0.680630 0.896769
v -1.232639 0.674414 0.924991
v -1.125279 0.678935 0.924991
v -1.125279 0.678370 0.910880
v -1.232830 0.673849 0.910880
v -1.125470 0.677805 0.896769
v -1.233021 0.673473 0.896769
v -1.124897 0.672531 0.925182
v -1.232449 0.668010 0.925182
v -1.232639 0.667634 0.911071
v -1.125088 0.671966 0.911071
v -1.232830 0.667068 0.896959
v -1.125088 0.671589 0.896959
v -1.327414 0.671401 0.924991
v -1.327605 0.670836 0.910880
v -1.327605 0.670271 0.896769
v -1.054913 0.677993 0.925182
v -1.077605 0.675356 0.925182
v -1.077605 0.674791 0.911071
v -1.054913 0.677428 0.911071
v -1.077605 0.674226 0.896959
v -1.054913 0.676863 0.896959
v -1.327223 0.664997 0.925182
v -1.327414 0.664432 0.911071
v -1.327605 0.663866 0.896959
v -1.045760 0.672531 0.925182
v -1.045760 0.674791 0.911261
v -1.045569 0.671401 0.897150
v -1.040420 0.677617 0.924991
v -1.040420 0.679877 0.910880
v -1.040230 0.676486 0.896959
v -1.039467 0.675356 0.911071
v -1.039467 0.674980 0.899248
v -1.039467 0.675733 0.922703
v -1.036416 0.665750 0.924991
v -1.036606 0.665750 0.922512
v -1.035462 0.661795 0.924991
v -1.035462 0.661795 0.922512
v -1.041946 0.661229 0.924991
v -1.042709 0.664243 0.924991
v -1.042899 0.664243 0.922703
v -1.041946 0.661418 0.922703
v -1.044806 0.670647 0.922894
v -1.044806 0.670271 0.911261
v -1.044616 0.669706 0.899248
v -1.042709 0.663113 0.896769
v -1.042709 0.663113 0.899248
v -1.041946 0.660288 0.896769
v -1.041946 0.660099 0.899057
v -1.035462 0.660664 0.896769
v -1.036416 0.664620 0.896769
v -1.036416 0.664620 0.899057
v -1.035462 0.660664 0.899057
v -1.041183 0.664620 0.922703
v -1.043471 0.671966 0.922703
v -1.043471 0.671589 0.911261
v -1.043471 0.671024 0.899248
v -1.041183 0.663490 0.899248
v -1.037751 0.665373 0.922512
v -1.040420 0.674791 0.922703
v -1.040420 0.674414 0.911071
v -1.040420 0.673849 0.899248
v -1.037560 0.664243 0.899057
v -1.040230 0.661418 0.922512
v -1.036797 0.661795 0.922512
v -1.036797 0.660664 0.899057
v -1.040230 0.660288 0.899057
v -1.525354 0.693627 1.311527
v -1.467192 0.691178 1.302183
v -1.471959 0.686469 1.252030
v -1.548809 0.689860 1.267477
v -1.450793 0.697206 1.362061
v -1.497703 0.698147 1.356340
v -1.474820 0.677617 1.101192
v -1.569785 0.681007 1.101192
v -1.568450 0.682890 1.144289
v -1.475201 0.679500 1.139140
v -1.475011 0.671212 1.101383
v -1.475201 0.673096 1.139521
v -1.568641 0.676675 1.144670
v -1.569976 0.674603 1.101383
v -1.473676 0.684209 1.214655
v -1.557962 0.687599 1.228003
v -1.474820 0.681760 1.177088
v -1.564827 0.685151 1.186813
v -1.558153 0.681195 1.228575
v -1.565018 0.678747 1.187195
v -1.474820 0.675356 1.177469
v -1.473866 0.677805 1.215227
v -1.614217 0.694569 1.297225
v -1.567116 0.697206 1.332885
v -1.534888 0.698524 1.352526
v -1.640151 0.692497 1.253747
v -1.659411 0.690236 1.205501
v -1.640342 0.686093 1.254128
v -1.659793 0.683832 1.205883
v -1.670853 0.687976 1.154014
v -1.671043 0.681572 1.154395
v -1.676001 0.685716 1.101192
v -1.676383 0.679312 1.101383
v -1.451174 0.702856 1.399436
v -1.511814 0.702668 1.392953
v -1.511814 0.696452 1.405539
v -1.451555 0.696641 1.411450
v -1.607352 0.701161 1.353670
v -1.654262 0.699654 1.315341
v -1.669327 0.693062 1.320680
v -1.622607 0.694569 1.359200
v -1.555865 0.702103 1.378651
v -1.569404 0.695699 1.387804
v -1.691829 0.697959 1.269765
v -1.707657 0.691178 1.273579
v -1.720242 0.695887 1.217515
v -1.736261 0.689106 1.219994
v -1.736451 0.693627 1.160498
v -1.753804 0.686846 1.161832
v -1.746177 0.691367 1.101192
v -1.759907 0.684397 1.101001
v -1.471006 0.660853 0.660309
v -1.565399 0.664055 0.660309
v -1.566162 0.668199 0.765953
v -1.471769 0.665185 0.765953
v -1.471006 0.654637 0.660500
v -1.471769 0.658781 0.766334
v -1.566543 0.661795 0.766334
v -1.565590 0.657651 0.660690
v -1.474057 0.674038 0.995357
v -1.568832 0.677240 0.995357
v -1.474248 0.667634 0.995739
v -1.569213 0.670836 0.995739
v -1.674285 0.668575 0.660309
v -1.674667 0.672719 0.765953
v -1.674857 0.666315 0.766334
v -1.674667 0.662171 0.660690
v -1.675620 0.681760 0.995357
v -1.676001 0.675356 0.995739
v -1.745986 0.674038 0.660309
v -1.760669 0.667257 0.660500
v -1.760479 0.671401 0.766144
v -1.745986 0.678182 0.765953
v -1.745605 0.667634 0.660690
v -1.745605 0.671777 0.766334
v -1.755139 0.666127 0.766334
v -1.755330 0.661983 0.660690
v -1.746177 0.687223 0.995357
v -1.760097 0.680254 0.995548
v -1.451174 0.700031 1.387041
v -1.507047 0.700219 1.380749
v -1.593813 0.698901 1.346805
v -1.640914 0.697017 1.309238
v -1.548809 0.700219 1.369879
v -1.674476 0.695134 1.264426
v -1.700029 0.693062 1.213510
v -1.714522 0.690802 1.158400
v -1.722721 0.688541 1.101192
v -1.722149 0.671401 0.660309
v -1.722149 0.675356 0.766144
v -1.722721 0.669140 0.766334
v -1.722531 0.664997 0.660690
v -1.722721 0.684397 0.995548
v -1.470815 0.660099 0.637998
v -1.565209 0.663301 0.637998
v -1.565399 0.656897 0.638188
v -1.470815 0.653695 0.638188
v -1.470815 0.660099 0.635519
v -1.565209 0.663113 0.635519
v -1.565399 0.656709 0.635709
v -1.470815 0.653695 0.635709
v -1.721959 0.670459 0.637998
v -1.745986 0.673284 0.637998
v -1.745605 0.666692 0.638188
v -1.722531 0.664055 0.638188
v -1.721959 0.670271 0.635519
v -1.745986 0.673096 0.635519
v -1.745605 0.666503 0.635709
v -1.722531 0.664055 0.635709
v -1.674285 0.667822 0.637998
v -1.674476 0.661418 0.638188
v -1.674285 0.667634 0.635519
v -1.674476 0.661229 0.635709
v -1.760669 0.666315 0.638188
v -1.755330 0.661229 0.638379
v -1.760669 0.666315 0.635519
v -1.755330 0.661041 0.635900
v -1.525544 0.687223 1.312290
v -1.549000 0.683456 1.268049
v -1.472150 0.680065 1.252412
v -1.467383 0.684774 1.302946
v -1.450793 0.690990 1.362823
v -1.497894 0.691743 1.357103
v -1.614408 0.688353 1.297797
v -1.567116 0.690802 1.333647
v -1.535079 0.692497 1.353098
v -1.451174 0.696264 1.399246
v -1.451174 0.691555 1.405920
v -1.510670 0.691367 1.400199
v -1.511624 0.696076 1.392762
v -1.607161 0.694569 1.353479
v -1.619556 0.689295 1.354814
v -1.665513 0.687788 1.317057
v -1.653881 0.693062 1.315341
v -1.555674 0.695511 1.378460
v -1.567306 0.690425 1.382846
v -1.703080 0.685904 1.270909
v -1.691448 0.691367 1.269956
v -1.731302 0.683832 1.218087
v -1.719861 0.689295 1.217706
v -1.748656 0.681384 1.161070
v -1.736070 0.687034 1.160688
v -1.754567 0.679312 1.101001
v -1.745605 0.684774 1.101383
v -1.745605 0.680630 0.995739
v -1.754758 0.675168 0.995739
v -1.507238 0.693815 1.381702
v -1.451174 0.693815 1.387995
v -1.641295 0.690613 1.310192
v -1.594194 0.692497 1.347568
v -1.549000 0.693815 1.370642
v -1.675048 0.688730 1.265188
v -1.700601 0.686658 1.214082
v -1.715094 0.684397 1.158781
v -1.723293 0.682137 1.101383
v -1.723293 0.677993 0.995739
v -1.470815 0.658781 0.635519
v -1.565209 0.661795 0.635519
v -1.722149 0.668952 0.635519
v -1.745986 0.671777 0.635519
v -1.674285 0.666315 0.635519
v -1.759525 0.665185 0.635709
v -1.565399 0.658404 0.635709
v -1.470815 0.655390 0.635709
v -1.722531 0.665562 0.635709
v -1.745605 0.668387 0.635709
v -1.674476 0.662925 0.635709
v -1.756855 0.662548 0.635709
v -1.513340 0.680819 1.409353
v -1.452699 0.681007 1.415455
v -1.452318 0.684774 1.414692
v -1.513149 0.684586 1.408590
v -1.452318 0.680819 1.408971
v -1.512005 0.680442 1.402869
v -1.511814 0.683267 1.402297
v -1.452127 0.683644 1.408208
v -1.571883 0.680065 1.391618
v -1.571311 0.684021 1.390855
v -1.569213 0.679689 1.385516
v -1.568832 0.682514 1.384944
v -1.625849 0.678935 1.362442
v -1.625086 0.682702 1.361870
v -1.622035 0.678558 1.357103
v -1.621463 0.681384 1.356530
v -1.673141 0.677428 1.323350
v -1.672188 0.681195 1.322778
v -1.668374 0.676863 1.318773
v -1.667802 0.679877 1.318392
v -1.711852 0.675545 1.275676
v -1.711089 0.679500 1.275295
v -1.706322 0.674980 1.272244
v -1.705750 0.677993 1.271863
v -1.740837 0.673473 1.221329
v -1.739884 0.677240 1.221138
v -1.734735 0.672908 1.219041
v -1.733972 0.675733 1.218850
v -1.758572 0.671024 1.162405
v -1.757618 0.674980 1.162214
v -1.752088 0.670647 1.161260
v -1.751325 0.673473 1.161260
v -1.764674 0.668764 1.101192
v -1.763720 0.672531 1.101192
v -1.758190 0.668199 1.100811
v -1.757428 0.671212 1.100811
v -1.764865 0.664620 0.995357
v -1.763911 0.668387 0.995548
v -1.758381 0.664055 0.995548
v -1.757618 0.667068 0.995548
v -1.765627 0.651435 0.660309
v -1.765437 0.655579 0.765953
v -1.764292 0.659534 0.766144
v -1.764483 0.655390 0.660309
v -1.758762 0.655014 0.766144
v -1.758953 0.651058 0.660500
v -1.758190 0.653884 0.660500
v -1.758000 0.658027 0.766144
v -1.765246 0.651623 0.637998
v -1.764292 0.655390 0.637998
v -1.758953 0.650116 0.637998
v -1.758190 0.652942 0.637998
v -1.765627 0.650493 0.635519
v -1.764674 0.654449 0.635519
v -1.758953 0.649928 0.635519
v -1.758190 0.652942 0.635519
v -1.764292 0.650305 0.635519
v -1.763148 0.654072 0.635519
v -1.760860 0.650116 0.635519
v -1.759907 0.653318 0.635519
v -1.722340 0.681572 0.924991
v -1.722340 0.681195 0.910880
v -1.746177 0.683832 0.910880
v -1.746177 0.684397 0.924991
v -1.722340 0.680630 0.896769
v -1.746177 0.683267 0.896769
v -1.567878 0.674414 0.924991
v -1.567688 0.673849 0.910880
v -1.675239 0.678370 0.910880
v -1.675239 0.678935 0.924991
v -1.567497 0.673473 0.896769
v -1.675048 0.677805 0.896769
v -1.675620 0.672531 0.925182
v -1.675429 0.671966 0.911071
v -1.567878 0.667634 0.911071
v -1.568069 0.668010 0.925182
v -1.675429 0.671589 0.896959
v -1.567688 0.667068 0.896959
v -1.473104 0.671401 0.924991
v -1.472913 0.670836 0.910880
v -1.472913 0.670271 0.896769
v -1.745605 0.677993 0.925182
v -1.745605 0.677428 0.911071
v -1.722912 0.674791 0.911071
v -1.722912 0.675356 0.925182
v -1.745605 0.676863 0.896959
v -1.722912 0.674226 0.896959
v -1.473104 0.664432 0.911071
v -1.473294 0.664997 0.925182
v -1.472913 0.663866 0.896959
v -1.754758 0.672531 0.925182
v -1.754758 0.674791 0.911261
v -1.754948 0.671401 0.897150
v -1.760097 0.679877 0.910880
v -1.760097 0.677617 0.924991
v -1.760288 0.676486 0.896959
v -1.761051 0.674980 0.899248
v -1.761051 0.675356 0.911071
v -1.761051 0.675733 0.922703
v -1.763911 0.665750 0.922512
v -1.764102 0.665750 0.924991
v -1.765055 0.661795 0.922512
v -1.765055 0.661795 0.924991
v -1.758572 0.661229 0.924991
v -1.758572 0.661418 0.922703
v -1.757618 0.664243 0.922703
v -1.757809 0.664243 0.924991
v -1.755711 0.670647 0.922894
v -1.755711 0.670271 0.911261
v -1.755902 0.669706 0.899248
v -1.757809 0.663113 0.899248
v -1.757809 0.663113 0.896769
v -1.758572 0.660099 0.899057
v -1.758572 0.660288 0.896769
v -1.765055 0.660664 0.896769
v -1.765055 0.660664 0.899057
v -1.764102 0.664620 0.899057
v -1.764102 0.664620 0.896769
v -1.759334 0.664620 0.922703
v -1.757046 0.671966 0.922703
v -1.757046 0.671589 0.911261
v -1.757046 0.671024 0.899248
v -1.759334 0.663490 0.899248
v -1.760097 0.674791 0.922703
v -1.762767 0.665373 0.922512
v -1.760097 0.674414 0.911071
v -1.760097 0.673849 0.899248
v -1.762958 0.664243 0.899057
v -1.760288 0.661418 0.922512
v -1.763720 0.661795 0.922512
v -1.763720 0.660664 0.899057
v -1.760288 0.660288 0.899057
v -1.400259 0.686281 1.245738
v -1.400259 0.683644 1.209506
v -1.400259 0.670836 0.924991
v -1.400259 0.670271 0.910880
v -1.400259 0.669706 0.896769
v -1.400259 0.690802 1.297988
v -1.400259 0.678747 1.137233
v -1.400259 0.677240 1.101192
v -1.400259 0.672343 1.137614
v -1.400259 0.670836 1.101383
v -1.400259 0.702856 1.399246
v -1.400259 0.696641 1.411450
v -1.400259 0.697206 1.361679
v -1.400259 0.690802 1.362442
v -1.400259 0.684397 1.298560
v -1.400259 0.681384 1.173465
v -1.400259 0.674980 1.173846
v -1.400259 0.677240 1.210078
v -1.400259 0.673284 0.995357
v -1.400259 0.666880 0.995739
v -1.400259 0.660476 0.660309
v -1.400259 0.664997 0.765953
v -1.400259 0.658592 0.766334
v -1.400259 0.654072 0.660500
v -1.400259 0.700031 1.386660
v -1.400259 0.659911 0.637998
v -1.400259 0.653507 0.637998
v -1.400259 0.659911 0.635519
v -1.400259 0.653507 0.635519
v -1.400259 0.679877 1.246310
v -1.400259 0.691555 1.405920
v -1.400259 0.696264 1.399055
v -1.400259 0.693815 1.387804
v -1.400259 0.664432 0.925182
v -1.400259 0.663866 0.911071
v -1.400259 0.663301 0.896959
v -1.233211 0.672531 0.877127
v -1.327795 0.669517 0.877127
v -1.327795 0.663113 0.877318
v -1.233021 0.666127 0.877318
v -1.125470 0.677051 0.877127
v -1.125088 0.670647 0.877318
v -1.040230 0.675733 0.877318
v -1.054341 0.682514 0.877127
v -1.054913 0.676110 0.877318
v -1.045569 0.670647 0.877509
v -1.078178 0.679877 0.877127
v -1.077605 0.673473 0.877318
v -1.035272 0.659911 0.877127
v -1.036416 0.663866 0.877127
v -1.042709 0.662360 0.877318
v -1.041946 0.659346 0.877127
v -1.472722 0.669517 0.877127
v -1.567306 0.672531 0.877127
v -1.567497 0.666127 0.877318
v -1.472722 0.663113 0.877318
v -1.675048 0.677051 0.877127
v -1.675429 0.670647 0.877318
v -1.746177 0.682514 0.877127
v -1.760288 0.675733 0.877318
v -1.754948 0.670647 0.877509
v -1.745605 0.676110 0.877318
v -1.722340 0.679877 0.877127
v -1.722912 0.673473 0.877318
v -1.764102 0.663866 0.877127
v -1.765246 0.659911 0.877127
v -1.758572 0.659346 0.877127
v -1.757809 0.662360 0.877318
v -1.400259 0.668952 0.877127
v -1.400259 0.662548 0.877318
v -1.040420 0.678182 0.941963
v -1.054341 0.685151 0.941772
v -1.035462 0.662548 0.941772
v -1.036606 0.666315 0.941963
v -1.045760 0.673096 0.942154
v -1.042899 0.664808 0.941963
v -1.327033 0.665562 0.942154
v -1.232067 0.668764 0.942154
v -1.124897 0.673284 0.942154
v -1.077415 0.675921 0.942154
v -1.232449 0.675168 0.941772
v -1.327033 0.671966 0.941772
v -1.077987 0.682325 0.941963
v -1.125088 0.679688 0.941772
v -1.054913 0.678558 0.942154
v -1.042137 0.661983 0.941963
v -1.746177 0.685151 0.941772
v -1.760097 0.678182 0.941963
v -1.763911 0.666315 0.941963
v -1.765055 0.662548 0.941772
v -1.757618 0.664808 0.941963
v -1.754758 0.673096 0.942154
v -1.568450 0.668764 0.942154
v -1.473485 0.665562 0.942154
v -1.723103 0.675921 0.942154
v -1.675620 0.673284 0.942154
v -1.473485 0.671966 0.941772
v -1.568069 0.675168 0.941772
v -1.675429 0.679688 0.941772
v -1.722531 0.682325 0.941963
v -1.745605 0.678558 0.942154
v -1.758381 0.661983 0.941963
v -1.400259 0.671401 0.941772
v -1.400259 0.664997 0.942154
v -1.287178 0.670459 1.409353
v -1.347818 0.670647 1.415455
v -1.228635 0.669706 1.391618
v -1.174668 0.668575 1.362442
v -1.127377 0.667068 1.323350
v -1.088666 0.665185 1.275676
v -1.059680 0.663113 1.221329
v -1.041946 0.660664 1.162405
v -1.035844 0.658404 1.101192
v -1.035653 0.654260 0.995357
v -1.034890 0.641075 0.660309
v -1.035081 0.645219 0.765953
v -1.034890 0.640133 0.635519
v -1.035272 0.641264 0.637998
v -1.036225 0.639945 0.635519
v -1.348199 0.670459 1.408971
v -1.288512 0.670082 1.402869
v -1.231304 0.669329 1.385516
v -1.178482 0.668199 1.357103
v -1.132144 0.666503 1.318773
v -1.094196 0.664620 1.272244
v -1.065783 0.662548 1.219041
v -1.048429 0.660288 1.161260
v -1.042327 0.657839 1.100811
v -1.042137 0.653695 0.995548
v -1.041755 0.644654 0.766144
v -1.041564 0.640698 0.660500
v -1.039658 0.639757 0.635519
v -1.041564 0.639757 0.637998
v -1.041564 0.639568 0.635519
v -1.035462 0.651435 0.922512
v -1.035462 0.651435 0.924991
v -1.036797 0.651435 0.922512
v -1.040230 0.651058 0.922512
v -1.041946 0.650870 0.924991
v -1.041946 0.651058 0.922703
v -1.041946 0.649740 0.899057
v -1.041946 0.649928 0.896769
v -1.040230 0.649928 0.899057
v -1.036797 0.650305 0.899057
v -1.035462 0.650305 0.896769
v -1.035462 0.650305 0.899057
v -1.452699 0.670647 1.415455
v -1.513340 0.670459 1.409353
v -1.571883 0.669706 1.391618
v -1.625849 0.668575 1.362442
v -1.673141 0.667068 1.323350
v -1.711852 0.665185 1.275676
v -1.740837 0.663113 1.221329
v -1.758572 0.660664 1.162405
v -1.764674 0.658404 1.101192
v -1.764865 0.654260 0.995357
v -1.765437 0.645219 0.765953
v -1.765627 0.641075 0.660309
v -1.765246 0.641264 0.637998
v -1.765627 0.640133 0.635519
v -1.764292 0.639945 0.635519
v -1.512005 0.670082 1.402869
v -1.452318 0.670459 1.408971
v -1.569213 0.669329 1.385516
v -1.622035 0.668199 1.357103
v -1.668374 0.666503 1.318773
v -1.706322 0.664620 1.272244
v -1.734735 0.662548 1.219041
v -1.752088 0.660288 1.161260
v -1.758190 0.657839 1.100811
v -1.758381 0.653695 0.995548
v -1.758953 0.640698 0.660500
v -1.758762 0.644654 0.766144
v -1.760860 0.639757 0.635519
v -1.758953 0.639568 0.635519
v -1.758953 0.639757 0.637998
v -1.765055 0.651435 0.924991
v -1.765055 0.651435 0.922512
v -1.763720 0.651435 0.922512
v -1.760288 0.651058 0.922512
v -1.758572 0.651058 0.922703
v -1.758572 0.650870 0.924991
v -1.758572 0.649928 0.896769
v -1.758572 0.649740 0.899057
v -1.760288 0.649928 0.899057
v -1.763720 0.650305 0.899057
v -1.765055 0.650305 0.899057
v -1.765055 0.650305 0.896769
v -1.035272 0.649551 0.877127
v -1.041946 0.648986 0.877127
v -1.765246 0.649551 0.877127
v -1.758572 0.648986 0.877127
v -1.035462 0.652188 0.941772
v -1.042137 0.651623 0.941963
v -1.765055 0.652188 0.941772
v -1.758381 0.651623 0.941963
v -1.348009 0.670647 1.414120
v -1.287368 0.670271 1.408018
v -1.229207 0.669517 1.390283
v -1.175622 0.668387 1.361298
v -1.128521 0.666880 1.322396
v -1.089810 0.664997 1.274914
v -1.061015 0.662925 1.220948
v -1.043281 0.660664 1.162214
v -1.037179 0.658216 1.101001
v -1.036988 0.654072 0.995357
v -1.036606 0.645219 0.765953
v -1.036416 0.641075 0.660309
v -1.036606 0.641075 0.637998
v -1.348199 0.670459 1.410687
v -1.288131 0.670082 1.404585
v -1.230542 0.669517 1.387041
v -1.177529 0.668199 1.358437
v -1.131000 0.666692 1.319917
v -1.092670 0.664808 1.273197
v -1.064257 0.662736 1.219613
v -1.046713 0.660288 1.161642
v -1.040611 0.658027 1.101001
v -1.040420 0.653884 0.995548
v -1.040039 0.644842 0.766144
v -1.039848 0.640698 0.660309
v -1.039848 0.640133 0.637998
v -1.036797 0.651246 0.924991
v -1.040230 0.651058 0.924991
v -1.040230 0.649928 0.896769
v -1.036797 0.650305 0.896769
v -1.513149 0.670271 1.408018
v -1.452509 0.670647 1.414120
v -1.571311 0.669517 1.390283
v -1.624896 0.668387 1.361298
v -1.671997 0.666880 1.322396
v -1.710708 0.664997 1.274914
v -1.739502 0.662925 1.220948
v -1.757237 0.660664 1.162214
v -1.763339 0.658216 1.101001
v -1.763530 0.654072 0.995357
v -1.764102 0.641075 0.660309
v -1.763911 0.645219 0.765953
v -1.763911 0.641075 0.637998
v -1.512387 0.670082 1.404585
v -1.452318 0.670459 1.410687
v -1.569976 0.669517 1.387041
v -1.622989 0.668199 1.358437
v -1.669518 0.666692 1.319917
v -1.707847 0.664808 1.273197
v -1.736261 0.662736 1.219613
v -1.753804 0.660288 1.161642
v -1.759907 0.658027 1.101001
v -1.760097 0.653884 0.995548
v -1.760669 0.640698 0.660309
v -1.760479 0.644842 0.766144
v -1.760669 0.640133 0.637998
v -1.763720 0.651246 0.924991
v -1.760288 0.651058 0.924991
v -1.760288 0.649928 0.896769
v -1.763720 0.650305 0.896769
v -1.036797 0.649551 0.877127
v -1.040230 0.649175 0.877127
v -1.763720 0.649551 0.877127
v -1.760288 0.649175 0.877127
v -1.040420 0.651812 0.941963
v -1.036988 0.652000 0.941772
v -1.763530 0.652000 0.941772
v -1.760097 0.651812 0.941963
v -1.400259 0.681007 1.415455
v -1.400259 0.670647 1.415455
v -1.400259 0.670647 1.414120
v -1.400259 0.670459 1.410687
v -1.400259 0.670459 1.408971
v -1.400259 0.680819 1.408971
v -1.400259 0.683644 1.408208
v -1.400259 0.684774 1.414692
v -1.219481 1.303716 0.601957
v -1.217384 1.303716 0.587655
v -1.170473 1.294487 0.609203
v -1.167231 1.294110 0.595092
v -1.130237 1.280925 0.618928
v -1.126042 1.279983 0.605008
v -1.583134 1.303716 0.587655
v -1.581036 1.303716 0.601957
v -1.633286 1.294110 0.595092
v -1.630044 1.294487 0.609203
v -1.674476 1.279983 0.605008
v -1.670281 1.280925 0.618928
v -1.060252 1.178458 0.675183
v -1.053197 1.172054 0.660118
v -1.049001 1.100667 0.692917
v -1.056248 1.107071 0.707791
v -1.342860 1.305600 0.578311
v -1.276117 1.304469 0.580790
v -1.277071 1.304281 0.598715
v -1.342288 1.305411 0.596236
v -1.217765 1.299761 0.585938
v -1.220244 1.299761 0.603482
v -1.168185 1.290343 0.593185
v -1.171808 1.290719 0.610538
v -1.127377 1.276216 0.603101
v -1.132144 1.277534 0.620072
v -1.095721 1.258134 0.616259
v -1.101442 1.260206 0.632849
v -1.072647 1.234777 0.630179
v -1.079131 1.238168 0.646388
v -1.058536 1.205770 0.644291
v -1.065401 1.210856 0.659927
v -1.400259 1.305411 0.596045
v -1.400259 1.305788 0.578120
v -1.740265 1.178458 0.675183
v -1.744270 1.107071 0.707791
v -1.751516 1.100667 0.692917
v -1.747321 1.172054 0.660118
v -1.457657 1.305600 0.578311
v -1.458230 1.305411 0.596236
v -1.523447 1.304281 0.598715
v -1.524400 1.304469 0.580790
v -1.580273 1.299761 0.603482
v -1.582752 1.299761 0.585938
v -1.628710 1.290719 0.610538
v -1.632333 1.290343 0.593185
v -1.668374 1.277534 0.620072
v -1.673141 1.276216 0.603101
v -1.699075 1.260206 0.632849
v -1.704796 1.258134 0.616259
v -1.721386 1.238168 0.646388
v -1.727870 1.234777 0.630179
v -1.735116 1.210856 0.659927
v -1.741981 1.205770 0.644291
v -1.023830 1.184109 0.685099
v -1.024211 1.184109 0.685290
v -1.030313 1.223664 0.666792
v -1.029742 1.223664 0.666602
v -1.754948 1.257945 0.650011
v -1.754376 1.257757 0.650393
v -1.770204 1.223664 0.666792
v -1.770776 1.223664 0.666602
v -1.772492 1.225736 0.669843
v -1.771920 1.225736 0.670034
v -1.755711 1.260206 0.653634
v -1.756283 1.260394 0.653253
v -1.757618 1.225548 0.678997
v -1.742363 1.257380 0.663551
v -1.729205 1.286387 0.635519
v -1.728824 1.286199 0.635709
v -1.729777 1.288836 0.638951
v -1.730349 1.289213 0.638570
v -1.717763 1.283373 0.649439
v -1.045569 1.257945 0.650011
v -1.046141 1.257757 0.650393
v -1.071694 1.286199 0.635709
v -1.071313 1.286387 0.635519
v -1.693927 1.308237 0.621217
v -1.693545 1.308048 0.621598
v -1.684201 1.301832 0.631895
v -1.694308 1.310874 0.624649
v -1.694880 1.311250 0.624268
v -1.684201 1.303528 0.635900
v -1.106972 1.308048 0.621598
v -1.106591 1.308237 0.621217
v -1.116316 1.301832 0.631895
v -1.649114 1.325000 0.610156
v -1.648732 1.324624 0.610538
v -1.641295 1.317089 0.621407
v -1.649304 1.327637 0.613589
v -1.649686 1.328014 0.613207
v -1.641105 1.318785 0.625412
v -1.776306 1.184109 0.685290
v -1.776688 1.184109 0.685099
v -1.151785 1.324624 0.610538
v -1.151404 1.325000 0.610156
v -1.159222 1.317089 0.621407
v -1.594766 1.335925 0.601385
v -1.594575 1.335548 0.601766
v -1.589236 1.327261 0.613207
v -1.778594 1.185804 0.688531
v -1.777832 1.185804 0.688722
v -1.763339 1.188818 0.696159
v -1.594766 1.338562 0.604626
v -1.595147 1.338939 0.604245
v -1.589236 1.328956 0.617212
v -1.205942 1.335548 0.601766
v -1.205752 1.335925 0.601385
v -1.211282 1.327261 0.613207
v -1.531075 1.343836 0.598715
v -1.531265 1.344401 0.598333
v -1.528405 1.333853 0.611682
v -1.531075 1.341387 0.595282
v -1.530884 1.341011 0.595664
v -1.269634 1.341011 0.595664
v -1.269443 1.341387 0.595282
v -1.458230 1.342518 0.592041
v -1.458230 1.342141 0.592422
v -1.458230 1.344966 0.595473
v -1.458230 1.345531 0.595092
v -1.458611 1.334983 0.608822
v -1.342288 1.342141 0.592422
v -1.342288 1.342518 0.592041
v -1.400259 1.341953 0.590896
v -1.400259 1.341576 0.591278
v -1.780311 1.112722 0.718089
v -1.780883 1.112533 0.717898
v -1.400259 1.344590 0.594329
v -1.400259 1.345155 0.593947
v -1.400259 1.334795 0.608440
v -1.782599 1.114229 0.721521
v -1.782027 1.114229 0.721712
v -1.767344 1.117242 0.729149
v -1.019635 1.112533 0.717898
v -1.020207 1.112722 0.718089
v -1.044234 1.260394 0.653253
v -1.044806 1.260206 0.653634
v -1.028597 1.225736 0.670034
v -1.028025 1.225736 0.669843
v -1.058155 1.257380 0.663551
v -1.042899 1.225548 0.678997
v -1.070168 1.289213 0.638570
v -1.070741 1.288836 0.638951
v -1.082754 1.283373 0.649439
v -1.342288 1.344966 0.595473
v -1.342288 1.345531 0.595092
v -1.341907 1.334983 0.608822
v -1.105637 1.311250 0.624268
v -1.106210 1.310874 0.624649
v -1.116316 1.303528 0.635900
v -1.150832 1.328014 0.613207
v -1.151213 1.327637 0.613589
v -1.159413 1.318785 0.625412
v -1.022686 1.185804 0.688722
v -1.021923 1.185804 0.688531
v -1.037179 1.188818 0.696159
v -1.205370 1.338939 0.604245
v -1.205752 1.338562 0.604626
v -1.211282 1.328956 0.617212
v -1.269252 1.344401 0.598333
v -1.269443 1.343836 0.598715
v -1.272113 1.333853 0.611682
v -1.018491 1.114229 0.721712
v -1.017918 1.114229 0.721521
v -1.033174 1.117242 0.729149
v -1.033174 1.100290 0.691201
v -1.037179 1.171678 0.658211
v -1.032602 1.100290 0.691010
v -1.036606 1.171678 0.658020
v -1.588473 1.311627 0.575259
v -1.527070 1.316713 0.569539
v -1.588664 1.312192 0.574687
v -1.527261 1.317278 0.569157
v -1.640723 1.302774 0.586701
v -1.683820 1.287329 0.597189
v -1.641105 1.303151 0.586320
v -1.684201 1.287706 0.596808
v -1.457085 1.317843 0.566678
v -1.457085 1.318408 0.566106
v -1.457276 1.319350 0.570111
v -1.527261 1.318220 0.573162
v -1.457276 1.319726 0.569729
v -1.527451 1.318596 0.572780
v -1.742363 1.240805 0.625412
v -1.757618 1.208784 0.640858
v -1.742744 1.240993 0.625221
v -1.758190 1.208972 0.640667
v -1.400259 1.317654 0.566106
v -1.400259 1.318220 0.565725
v -1.767344 1.098783 0.687578
v -1.763148 1.170171 0.654779
v -1.767916 1.098595 0.687387
v -1.763911 1.170171 0.654588
v -1.588473 1.313134 0.578692
v -1.588664 1.313511 0.578311
v -1.058155 1.239110 0.621979
v -1.043090 1.207277 0.637426
v -1.057583 1.239298 0.621598
v -1.042327 1.207277 0.637235
v -1.159794 1.302774 0.586701
v -1.212044 1.313134 0.578692
v -1.159413 1.303151 0.586320
v -1.211854 1.313511 0.578311
v -1.082754 1.265480 0.607677
v -1.082182 1.265668 0.607296
v -1.343432 1.317843 0.566678
v -1.343432 1.318408 0.566106
v -1.116507 1.285634 0.593757
v -1.116126 1.286010 0.593375
v -1.042899 1.208784 0.640858
v -1.042327 1.208972 0.640667
v -1.717763 1.267175 0.611110
v -1.718145 1.267363 0.610919
v -1.058155 1.240805 0.625412
v -1.082754 1.267175 0.611110
v -1.057773 1.240993 0.625221
v -1.082373 1.267363 0.610919
v -1.159794 1.301267 0.583269
v -1.159413 1.301644 0.582697
v -1.037369 1.170171 0.654779
v -1.036606 1.170171 0.654588
v -1.212044 1.311627 0.575259
v -1.211854 1.312192 0.574687
v -1.273448 1.316713 0.569539
v -1.273257 1.317278 0.569157
v -1.763339 1.171678 0.658211
v -1.767344 1.100290 0.691201
v -1.763911 1.171678 0.658020
v -1.767916 1.100290 0.691010
v -1.033174 1.098783 0.687578
v -1.032602 1.098595 0.687387
v -1.116698 1.287329 0.597189
v -1.116316 1.287706 0.596808
v -1.273257 1.318220 0.573162
v -1.343241 1.319350 0.570111
v -1.273066 1.318596 0.572780
v -1.343241 1.319726 0.569729
v -1.400259 1.319161 0.569539
v -1.400259 1.319538 0.569157
v -1.757428 1.207277 0.637426
v -1.742363 1.239110 0.621979
v -1.758190 1.207277 0.637235
v -1.742935 1.239298 0.621598
v -1.717763 1.265480 0.607677
v -1.718335 1.265668 0.607296
v -1.684011 1.285634 0.593757
v -1.684392 1.286010 0.593375
v -1.640723 1.301267 0.583269
v -1.641105 1.301644 0.582697
v -1.771158 1.029280 0.723619
v -1.770585 1.029280 0.723810
v -1.783553 1.041711 0.750697
v -1.784125 1.041711 0.750507
v -1.770585 1.027773 0.720187
v -1.771158 1.027773 0.719996
v -1.770585 1.044536 0.757753
v -1.048620 1.036437 0.740400
v -1.042899 1.030975 0.728196
v -1.029932 1.029280 0.723810
v -1.029360 1.029280 0.723619
v -1.045760 1.029656 0.725526
v -1.052815 1.036249 0.740400
v -1.785841 1.043218 0.754130
v -1.785269 1.043406 0.754321
v -1.754758 1.029656 0.725526
v -1.757618 1.030975 0.728196
v -1.751897 1.036437 0.740400
v -1.029932 1.027773 0.720187
v -1.016965 1.041711 0.750697
v -1.029932 1.044536 0.757753
v -1.016393 1.041711 0.750507
v -1.029360 1.027773 0.719996
v -1.747702 1.036249 0.740400
v -1.029932 1.046232 0.761567
v -1.015249 1.043406 0.754321
v -1.770585 1.046232 0.761567
v -1.014677 1.043218 0.754130
v -1.042709 1.113664 0.721712
v -1.046713 1.185239 0.688722
v -1.048239 1.111403 0.716563
v -1.052243 1.182791 0.683764
v -1.341907 1.316336 0.601957
v -1.275545 1.315206 0.604626
v -1.274401 1.321987 0.607677
v -1.341907 1.323305 0.605008
v -1.217765 1.310685 0.609775
v -1.215286 1.317278 0.612826
v -1.168185 1.301456 0.617212
v -1.165134 1.307672 0.620645
v -1.127377 1.287329 0.626937
v -1.123563 1.293168 0.630561
v -1.095340 1.269247 0.640095
v -1.090954 1.274332 0.643909
v -1.072075 1.245702 0.653825
v -1.067117 1.250034 0.657830
v -1.057583 1.216695 0.667937
v -1.052243 1.220086 0.672513
v -1.400259 1.323305 0.604436
v -1.400259 1.316148 0.601575
v -1.753804 1.185239 0.688722
v -1.757809 1.113664 0.721712
v -1.752279 1.111403 0.716563
v -1.748274 1.182791 0.683764
v -1.524972 1.315206 0.604626
v -1.458611 1.316336 0.601957
v -1.526116 1.321987 0.607677
v -1.458611 1.323305 0.605008
v -1.582752 1.310685 0.609775
v -1.585231 1.317278 0.612826
v -1.632333 1.301456 0.617212
v -1.635384 1.307672 0.620645
v -1.673141 1.287329 0.626937
v -1.676955 1.293168 0.630561
v -1.705178 1.269247 0.640095
v -1.709563 1.274332 0.643909
v -1.728442 1.245702 0.653825
v -1.733400 1.250034 0.657830
v -1.742935 1.216695 0.667937
v -1.748274 1.220086 0.672513
v -1.051099 1.112345 0.719424
v -1.055294 1.183732 0.686624
v -1.275736 1.313511 0.608440
v -1.341907 1.314641 0.605961
v -1.218147 1.308990 0.613589
v -1.168948 1.299949 0.621026
v -1.128711 1.286199 0.630751
v -1.097247 1.268305 0.643528
v -1.074554 1.245514 0.657067
v -1.060443 1.217072 0.670988
v -1.400259 1.314641 0.605580
v -1.749418 1.112345 0.719424
v -1.745223 1.183732 0.686624
v -1.458611 1.314641 0.605961
v -1.524782 1.313511 0.608440
v -1.582371 1.308990 0.613589
v -1.631570 1.299949 0.621026
v -1.671806 1.286199 0.630751
v -1.703271 1.268305 0.643528
v -1.725963 1.245514 0.657067
v -1.740074 1.217072 0.670988
v -1.049764 1.187876 0.695015
v -1.045760 1.116489 0.727814
v -1.274592 1.322175 0.614924
v -1.341907 1.323305 0.612445
v -1.216049 1.317466 0.620263
v -1.166278 1.308048 0.627891
v -1.125088 1.293733 0.637807
v -1.093052 1.275274 0.650774
v -1.069787 1.251541 0.664504
v -1.055294 1.222157 0.678806
v -1.400259 1.323305 0.612063
v -1.754758 1.116489 0.727814
v -1.750753 1.187876 0.695015
v -1.525926 1.322175 0.614924
v -1.458611 1.323305 0.612445
v -1.584469 1.317466 0.620263
v -1.634240 1.308048 0.627891
v -1.675429 1.293733 0.637807
v -1.707466 1.275274 0.650774
v -1.730731 1.251541 0.664504
v -1.745223 1.222157 0.678806
v -1.039467 1.042841 0.754130
v -1.042518 1.045478 0.760232
v -1.044806 1.040393 0.749172
v -1.755711 1.040393 0.749172
v -1.758000 1.045478 0.760232
v -1.752660 1.041523 0.751842
v -1.761051 1.042841 0.754130
v -1.047857 1.041523 0.751842
v -1.338856 1.028715 0.703405
v -1.339428 1.101985 0.677853
v -1.400259 1.101797 0.675755
v -1.400259 1.027961 0.701308
v -1.338283 1.025512 0.697113
v -1.400259 1.024759 0.694824
v -1.400259 1.099537 0.669081
v -1.338856 1.099725 0.670988
v -1.276880 1.031540 0.709508
v -1.278024 1.103116 0.683383
v -1.275545 1.028149 0.703215
v -1.276689 1.100855 0.676708
v -1.221770 1.036249 0.717517
v -1.223105 1.104811 0.691201
v -1.219863 1.032670 0.711415
v -1.221007 1.102362 0.684527
v -1.340000 1.177893 0.651728
v -1.400259 1.178270 0.650011
v -1.400259 1.177140 0.642765
v -1.339428 1.176763 0.644672
v -1.279168 1.176763 0.657258
v -1.277834 1.175633 0.650011
v -1.224249 1.174880 0.664885
v -1.222342 1.173750 0.657830
v -1.173524 1.106883 0.700164
v -1.175050 1.173373 0.674039
v -1.173143 1.172054 0.666792
v -1.171617 1.104246 0.693680
v -1.172571 1.041523 0.726670
v -1.170473 1.037567 0.720759
v -1.340190 1.221592 0.637998
v -1.400259 1.222157 0.636472
v -1.400259 1.220651 0.629226
v -1.339809 1.220086 0.630751
v -1.279741 1.220274 0.642765
v -1.278596 1.218767 0.635519
v -1.224821 1.218014 0.649821
v -1.223295 1.216318 0.642574
v -1.176003 1.215565 0.658211
v -1.174478 1.213681 0.650774
v -1.077415 1.113664 0.720949
v -1.125470 1.109896 0.710461
v -1.124135 1.046985 0.737349
v -1.073982 1.051317 0.749172
v -1.077796 1.110085 0.713703
v -1.074173 1.046985 0.742688
v -1.122991 1.042841 0.731056
v -1.124135 1.106883 0.703596
v -1.127758 1.172996 0.683955
v -1.126614 1.171113 0.676518
v -1.081229 1.176010 0.693108
v -1.081801 1.173185 0.685480
v -1.130237 1.214246 0.667174
v -1.129474 1.211798 0.659737
v -1.086568 1.215753 0.675374
v -1.087331 1.212174 0.667937
v -1.340190 1.257757 0.628082
v -1.400259 1.258134 0.626747
v -1.400259 1.256250 0.619310
v -1.340190 1.255873 0.620645
v -1.340381 1.299384 0.617975
v -1.400259 1.299949 0.617021
v -1.400259 1.297312 0.609203
v -1.340572 1.296935 0.610156
v -1.279550 1.256250 0.632277
v -1.278596 1.254178 0.624840
v -1.278024 1.297312 0.621407
v -1.278024 1.294675 0.613589
v -1.224439 1.253613 0.638570
v -1.221579 1.292603 0.627128
v -1.221960 1.289589 0.619310
v -1.223295 1.251353 0.631133
v -1.176003 1.250034 0.646197
v -1.173334 1.285257 0.634756
v -1.174096 1.281867 0.626937
v -1.175241 1.247397 0.638760
v -1.132907 1.246644 0.654588
v -1.133097 1.276028 0.643718
v -1.134432 1.272072 0.635900
v -1.132525 1.243253 0.647151
v -1.094959 1.245702 0.662025
v -1.104875 1.267175 0.651728
v -1.106591 1.262466 0.644291
v -1.095912 1.241181 0.654588
v -1.461662 1.028715 0.703405
v -1.461090 1.101985 0.677853
v -1.462234 1.025512 0.697113
v -1.461662 1.099725 0.670988
v -1.523637 1.031540 0.709508
v -1.522493 1.103116 0.683383
v -1.524972 1.028149 0.703215
v -1.523828 1.100855 0.676708
v -1.578748 1.036249 0.717517
v -1.577413 1.104811 0.691201
v -1.580655 1.032670 0.711415
v -1.579511 1.102362 0.684527
v -1.460518 1.177893 0.651728
v -1.461090 1.176763 0.644672
v -1.521349 1.176763 0.657258
v -1.522684 1.175633 0.650011
v -1.576269 1.174880 0.664885
v -1.578176 1.173750 0.657830
v -1.625468 1.173373 0.674039
v -1.626993 1.106883 0.700164
v -1.628900 1.104246 0.693680
v -1.627375 1.172054 0.666792
v -1.627947 1.041523 0.726670
v -1.630044 1.037567 0.720759
v -1.460327 1.221592 0.637998
v -1.460709 1.220086 0.630751
v -1.520777 1.220274 0.642765
v -1.521921 1.218767 0.635519
v -1.575697 1.218014 0.649821
v -1.577222 1.216318 0.642574
v -1.624514 1.215565 0.658211
v -1.626040 1.213681 0.650774
v -1.723103 1.113664 0.720949
v -1.726535 1.051317 0.749172
v -1.676383 1.046985 0.737349
v -1.675048 1.109896 0.710461
v -1.722721 1.110085 0.713703
v -1.676383 1.106883 0.703596
v -1.677527 1.042841 0.731056
v -1.726345 1.046985 0.742688
v -1.672760 1.172996 0.683955
v -1.673904 1.171113 0.676518
v -1.719289 1.176010 0.693108
v -1.718717 1.173185 0.685480
v -1.670281 1.214246 0.667174
v -1.671043 1.211798 0.659737
v -1.713949 1.215753 0.675374
v -1.713187 1.212174 0.667937
v -1.460327 1.257757 0.628082
v -1.460327 1.255873 0.620645
v -1.460137 1.299384 0.617975
v -1.459946 1.296935 0.610156
v -1.520968 1.256250 0.632277
v -1.521921 1.254178 0.624840
v -1.522493 1.297312 0.621407
v -1.522493 1.294675 0.613589
v -1.578938 1.292603 0.627128
v -1.576078 1.253613 0.638570
v -1.577222 1.251353 0.631133
v -1.578557 1.289589 0.619310
v -1.627184 1.285257 0.634756
v -1.624514 1.250034 0.646197
v -1.625277 1.247397 0.638760
v -1.626421 1.281867 0.626937
v -1.667420 1.276028 0.643718
v -1.667611 1.246644 0.654588
v -1.667992 1.243253 0.647151
v -1.666085 1.272072 0.635900
v -1.695643 1.267175 0.651728
v -1.705559 1.245702 0.662025
v -1.704605 1.241181 0.654588
v -1.693927 1.262466 0.644291
v -1.046522 1.011009 0.765953
v -1.040992 1.015153 0.774343
v -1.064066 1.012516 0.769767
v -1.063494 1.009502 0.763283
v -1.125660 1.007053 0.754511
v -1.124135 1.004040 0.748028
v -1.171808 1.002533 0.742498
v -1.169710 0.999707 0.736014
v -1.219291 0.999142 0.732010
v -1.217193 0.996505 0.725526
v -1.274020 0.995752 0.721712
v -1.272685 0.993303 0.715038
v -1.337902 0.991231 0.707601
v -1.338474 0.993868 0.714275
v -1.400259 0.993680 0.711415
v -1.400259 0.991420 0.704550
v -1.462043 0.993868 0.714275
v -1.462615 0.991231 0.707601
v -1.526498 0.995752 0.721712
v -1.527833 0.993303 0.715038
v -1.581227 0.999142 0.732010
v -1.583324 0.996505 0.725526
v -1.630807 0.999707 0.736014
v -1.628710 1.002533 0.742498
v -1.676383 1.004040 0.748028
v -1.674857 1.007053 0.754511
v -1.736451 1.012516 0.769767
v -1.737023 1.009502 0.763283
v -1.759525 1.015153 0.774343
v -1.753995 1.011009 0.765953
v -1.772111 1.016659 0.775297
v -1.759525 1.015906 0.773962
v -1.772111 1.015906 0.775488
v -1.753995 1.011762 0.765572
v -1.749037 1.006488 0.753939
v -1.749037 1.005735 0.754321
v -1.753232 1.006677 0.753939
v -1.757046 1.010821 0.762711
v -1.753232 1.005923 0.754321
v -1.757046 1.010067 0.763093
v -1.762386 1.013081 0.767860
v -1.772111 1.014964 0.771292
v -1.762576 1.012327 0.768051
v -1.772111 1.014211 0.771674
v -1.786604 1.013646 0.767860
v -1.786604 1.012892 0.768241
v -1.756093 1.000084 0.739065
v -1.756093 0.999331 0.739447
v -1.759144 1.001403 0.741735
v -1.759144 1.000649 0.742116
v -1.787176 1.013646 0.767669
v -1.787366 1.012892 0.768051
v -1.771920 0.998201 0.733916
v -1.771920 0.997447 0.734298
v -1.772111 0.999707 0.737349
v -1.772111 0.998954 0.737730
v -1.772683 0.998012 0.733726
v -1.772683 0.997259 0.734107
v -1.785078 1.012139 0.764427
v -1.785078 1.011386 0.764809
v -1.785460 1.011951 0.764237
v -1.785650 1.011197 0.764618
v -1.772492 0.999707 0.737158
v -1.772683 0.998954 0.737540
v -1.040992 1.015906 0.773962
v -1.028407 1.016659 0.775297
v -1.028407 1.015906 0.775488
v -1.028407 1.014964 0.771292
v -1.038132 1.013081 0.767860
v -1.028407 1.014211 0.771674
v -1.037941 1.012327 0.768051
v -1.013914 1.013646 0.767860
v -1.013342 1.013646 0.767669
v -1.013914 1.012892 0.768241
v -1.013151 1.012892 0.768051
v -1.051481 1.006488 0.753939
v -1.046522 1.011762 0.765572
v -1.051481 1.005735 0.754321
v -1.043471 1.010821 0.762711
v -1.047285 1.006677 0.753939
v -1.043471 1.010067 0.763093
v -1.047285 1.005923 0.754321
v -1.027835 0.998012 0.733726
v -1.028597 0.998201 0.733916
v -1.027835 0.997259 0.734107
v -1.028597 0.997447 0.734298
v -1.015058 1.011951 0.764237
v -1.015440 1.012139 0.764427
v -1.014867 1.011197 0.764618
v -1.015440 1.011386 0.764809
v -1.044425 1.000084 0.739065
v -1.044425 0.999331 0.739447
v -1.028407 0.999707 0.737349
v -1.028025 0.999707 0.737158
v -1.028407 0.998954 0.737730
v -1.027835 0.998954 0.737540
v -1.041374 1.001403 0.741735
v -1.041374 1.000649 0.742116
v -1.400259 0.994622 0.711033
v -1.338474 0.994622 0.713894
v -1.337902 0.992173 0.707219
v -1.400259 0.992361 0.704168
v -1.274020 0.996505 0.721521
v -1.272876 0.994057 0.714847
v -1.219291 0.999896 0.731628
v -1.217193 0.997447 0.725145
v -1.171808 1.003286 0.742116
v -1.169710 1.000461 0.735633
v -1.125660 1.007807 0.754130
v -1.064066 1.013269 0.769385
v -1.063494 1.010255 0.762902
v -1.124135 1.004793 0.747646
v -1.462043 0.994622 0.713894
v -1.462615 0.992173 0.707219
v -1.526498 0.996505 0.721521
v -1.527642 0.994057 0.714847
v -1.581227 0.999896 0.731628
v -1.583324 0.997447 0.725145
v -1.628710 1.003286 0.742116
v -1.630807 1.000461 0.735633
v -1.736451 1.013269 0.769385
v -1.674857 1.007807 0.754130
v -1.676383 1.004793 0.747646
v -1.737023 1.010255 0.762902
v -1.015249 1.011574 0.765381
v -1.028407 1.014588 0.772436
v -1.014105 1.012704 0.767478
v -1.028407 1.015529 0.774725
v -1.205752 1.336490 0.601957
v -1.151404 1.325565 0.610728
v -1.205561 1.338374 0.603673
v -1.151022 1.327449 0.612635
v -1.082373 1.266986 0.610156
v -1.116316 1.287329 0.596236
v -1.082373 1.266045 0.608059
v -1.116126 1.286387 0.593947
v -1.694117 1.308802 0.621789
v -1.649114 1.325565 0.610728
v -1.694689 1.310685 0.623696
v -1.649495 1.327449 0.612635
v -1.048048 1.005923 0.754321
v -1.041946 1.000461 0.741544
v -1.050527 1.005923 0.754321
v -1.043853 0.999519 0.740019
v -1.763911 1.171301 0.657448
v -1.767916 1.099913 0.690248
v -1.763911 1.170359 0.655351
v -1.767916 1.098972 0.688150
v -1.042327 1.208596 0.639905
v -1.057583 1.240616 0.624458
v -1.042327 1.207654 0.637807
v -1.057583 1.239675 0.622361
v -1.641105 1.302963 0.585557
v -1.684201 1.287329 0.596236
v -1.641105 1.302021 0.583459
v -1.684392 1.286387 0.593947
v -1.028407 0.998577 0.736968
v -1.027835 0.998577 0.736777
v -1.028597 0.997635 0.734870
v -1.027835 0.997635 0.734679
v -1.038704 1.012516 0.768623
v -1.040420 1.013269 0.770339
v -1.784506 1.041899 0.751270
v -1.781264 1.112910 0.718661
v -1.785460 1.043030 0.753367
v -1.782218 1.113852 0.720759
v -1.159413 1.302963 0.585557
v -1.159413 1.302021 0.583459
v -1.032602 1.099913 0.690248
v -1.036606 1.171301 0.657448
v -1.032602 1.098972 0.688150
v -1.036606 1.170359 0.655351
v -1.029360 1.224041 0.667174
v -1.023449 1.184298 0.685862
v -1.028407 1.225359 0.669271
v -1.022304 1.185428 0.687769
v -1.457085 1.319350 0.568967
v -1.527261 1.318220 0.572018
v -1.457085 1.318596 0.566869
v -1.527261 1.317466 0.569920
v -1.211854 1.313322 0.577548
v -1.211854 1.312380 0.575450
v -1.772683 0.998577 0.736777
v -1.772111 0.998577 0.736968
v -1.772683 0.997635 0.734679
v -1.771920 0.997635 0.734870
v -1.019253 1.112910 0.718661
v -1.016012 1.041899 0.751270
v -1.018300 1.113852 0.720759
v -1.015058 1.043030 0.753367
v -1.458230 1.343083 0.592613
v -1.400259 1.342518 0.591468
v -1.458230 1.344966 0.594329
v -1.400259 1.344401 0.593375
v -1.044044 1.010255 0.763665
v -1.045760 1.010821 0.765381
v -1.718145 1.266986 0.610156
v -1.742935 1.240616 0.624458
v -1.718145 1.266045 0.608059
v -1.742935 1.239675 0.622361
v -1.588664 1.313322 0.577548
v -1.588664 1.312380 0.575450
v -1.772111 1.014588 0.772436
v -1.785269 1.011574 0.765381
v -1.772111 1.015529 0.774725
v -1.786413 1.012704 0.767478
v -1.531075 1.341953 0.595854
v -1.531265 1.343836 0.597761
v -1.771158 1.224041 0.667174
v -1.755139 1.258322 0.650774
v -1.772111 1.225359 0.669271
v -1.756093 1.259829 0.652681
v -1.777069 1.184298 0.685862
v -1.778213 1.185428 0.687769
v -1.342288 1.343083 0.592613
v -1.269443 1.341953 0.595854
v -1.342288 1.344966 0.594329
v -1.269252 1.343836 0.597761
v -1.761814 1.012516 0.768623
v -1.760097 1.013269 0.770339
v -1.594766 1.336490 0.601957
v -1.594957 1.338374 0.603673
v -1.106400 1.308802 0.621789
v -1.105828 1.310685 0.623696
v -1.014677 1.011574 0.765190
v -1.013533 1.012516 0.767288
v -1.729586 1.286952 0.636091
v -1.730158 1.288647 0.637998
v -1.400259 1.319350 0.568395
v -1.400259 1.318408 0.566297
v -1.785841 1.011574 0.765190
v -1.786985 1.012516 0.767288
v -1.758190 1.208596 0.639905
v -1.758190 1.207654 0.637807
v -1.029360 1.028903 0.722856
v -1.029360 1.027961 0.720759
v -1.070931 1.286952 0.636091
v -1.070359 1.288647 0.637998
v -1.752470 1.005923 0.754321
v -1.756474 1.010255 0.763665
v -1.749990 1.005923 0.754321
v -1.754758 1.010821 0.765381
v -1.045378 1.258322 0.650774
v -1.044425 1.259829 0.652681
v -1.343432 1.319350 0.568967
v -1.343432 1.318596 0.566869
v -1.771158 1.028903 0.722856
v -1.771158 1.027961 0.720759
v -1.758572 1.000461 0.741544
v -1.756665 0.999519 0.740019
v -1.273257 1.318220 0.572018
v -1.273257 1.317466 0.569920
v -1.027835 0.999331 0.736395
v -1.027835 0.998389 0.734298
v -1.772683 0.999331 0.736395
v -1.772683 0.998389 0.734298
v -1.014677 1.012327 0.764809
v -1.013533 1.013269 0.766906
v -1.785841 1.012327 0.764809
v -1.786985 1.013269 0.766906
v -1.038132 -0.114614 1.244594
v -1.030886 -0.119511 1.227622
v -1.024593 -0.121395 1.234677
v -1.029360 -0.118193 1.245738
v -1.013151 -0.121583 1.220566
v -1.013151 -0.122713 1.229910
v -0.995417 -0.119700 1.227622
v -1.001519 -0.121395 1.234677
v -0.987980 -0.114614 1.244594
v -0.996752 -0.118193 1.245738
v -0.995417 -0.109717 1.261565
v -1.001519 -0.114991 1.256798
v -1.013151 -0.107645 1.268621
v -1.013151 -0.113672 1.261374
v -1.030886 -0.109717 1.261565
v -1.024593 -0.114991 1.256798
v -1.007240 -0.120453 1.240208
v -1.013151 -0.121207 1.237919
v -1.004761 -0.118758 1.245928
v -1.007240 -0.117251 1.251458
v -1.013151 -0.116498 1.253747
v -1.019063 -0.117251 1.251458
v -1.021542 -0.118758 1.245928
v -1.019063 -0.120453 1.240208
v -1.007621 -0.118758 1.245928
v -1.009337 -0.119888 1.242115
v -1.009337 -0.117816 1.249552
v -1.013151 -0.117251 1.251077
v -1.016965 -0.117816 1.249552
v -1.018681 -0.118758 1.245928
v -1.016965 -0.119888 1.242115
v -1.013151 -0.120265 1.240589
v -1.013151 -0.118758 1.245928
v -0.992747 -0.117439 1.224189
v -0.992747 -0.116309 1.223808
v -0.984356 -0.110659 1.243449
v -0.984356 -0.111789 1.243831
v -0.992747 -0.105008 1.262900
v -0.992747 -0.106138 1.263281
v -1.013151 -0.102559 1.271100
v -1.013151 -0.103689 1.271291
v -1.033555 -0.105008 1.262900
v -1.033555 -0.106138 1.263281
v -1.041946 -0.110659 1.243449
v -1.041946 -0.111789 1.243831
v -1.033555 -0.116309 1.223808
v -1.033555 -0.117439 1.224189
v -1.013151 -0.118758 1.215799
v -1.013151 -0.119888 1.216180
v -1.013151 -0.120076 1.216562
v -0.993128 -0.117628 1.224571
v -0.984738 -0.112165 1.243831
v -0.993128 -0.106515 1.263091
v -1.013151 -0.104066 1.271100
v -1.033174 -0.106515 1.263091
v -1.041564 -0.111977 1.243831
v -1.033174 -0.117628 1.224571
v -1.033555 -0.099734 1.261374
v -1.033555 -0.099922 1.261374
v -1.013151 -0.097662 1.269574
v -1.013151 -0.097285 1.269384
v -1.041946 -0.105385 1.241924
v -1.041946 -0.105573 1.241924
v -1.033555 -0.111035 1.222282
v -1.033555 -0.111224 1.222473
v -1.013151 -0.113484 1.214273
v -1.013151 -0.113672 1.214273
v -0.992747 -0.111035 1.222282
v -0.992747 -0.111224 1.222473
v -0.984356 -0.105385 1.241924
v -0.984356 -0.105573 1.241924
v -0.992747 -0.099734 1.261374
v -0.992747 -0.099922 1.261374
v -0.992747 -0.112165 1.222664
v -0.984356 -0.106515 1.242115
v -0.992747 -0.100676 1.261756
v -1.013151 -0.098415 1.269765
v -1.033555 -0.100676 1.261756
v -1.041946 -0.106515 1.242115
v -1.033555 -0.112165 1.222664
v -1.013151 -0.114426 1.214464
v -1.013151 -0.049442 1.250314
v -1.013151 -0.049066 1.250124
v -1.030123 -0.050949 1.243449
v -1.030123 -0.051514 1.243640
v -1.037179 -0.055658 1.227050
v -1.037179 -0.056223 1.227240
v -1.030123 -0.060556 1.210650
v -1.030123 -0.060932 1.210841
v -1.013151 -0.062439 1.203976
v -1.013151 -0.063004 1.203976
v -0.996179 -0.060556 1.210650
v -0.995989 -0.060932 1.210841
v -0.988933 -0.055847 1.227050
v -0.988933 -0.056223 1.227240
v -0.996179 -0.050949 1.243449
v -0.995989 -0.051514 1.243640
v -1.013151 -0.073741 1.260040
v -1.031839 -0.075813 1.252603
v -1.039658 -0.081087 1.234677
v -1.031839 -0.086361 1.216562
v -1.013151 -0.088432 1.209125
v -0.994463 -0.086361 1.216562
v -0.986645 -0.081087 1.234677
v -0.994463 -0.075813 1.252603
v -1.013151 -0.048877 1.249170
v -1.029551 -0.050761 1.242687
v -0.996752 -0.050761 1.242687
v -0.989887 -0.055282 1.226859
v -0.996752 -0.059802 1.211222
v -1.013151 -0.061686 1.204548
v -1.029551 -0.059802 1.211222
v -1.036416 -0.055282 1.226859
v -0.994654 -0.053586 1.226478
v -1.000184 -0.050008 1.238873
v -1.000184 -0.057353 1.213892
v -1.013151 -0.058860 1.208743
v -1.026118 -0.057353 1.213892
v -1.031458 -0.053586 1.226478
v -1.026118 -0.050008 1.238873
v -1.013151 -0.048501 1.244021
v -1.001900 -0.056788 1.215799
v -0.997324 -0.053775 1.226478
v -1.013151 -0.058107 1.211413
v -1.024211 -0.056788 1.215799
v -1.028979 -0.053775 1.226478
v -1.024211 -0.050573 1.237156
v -1.013151 -0.049254 1.241542
v -1.001900 -0.050573 1.237156
v -1.013151 -0.053775 1.226478
v -1.762195 -0.115556 0.519196
v -1.770967 -0.119135 0.518433
v -1.775734 -0.116686 0.507182
v -1.769632 -0.111789 0.501843
v -1.787366 -0.115556 0.502415
v -1.787366 -0.110094 0.494596
v -1.798999 -0.116686 0.507182
v -1.805101 -0.111789 0.501843
v -1.803766 -0.119135 0.518433
v -1.812538 -0.115556 0.519196
v -1.798999 -0.121583 0.529684
v -1.805101 -0.119323 0.536549
v -1.787366 -0.122714 0.534261
v -1.787366 -0.121018 0.543604
v -1.775734 -0.121583 0.529684
v -1.769632 -0.119323 0.536549
v -1.787366 -0.118005 0.510042
v -1.793278 -0.118570 0.512522
v -1.795757 -0.119700 0.518242
v -1.793278 -0.121018 0.523963
v -1.787366 -0.121583 0.526251
v -1.781455 -0.121018 0.523963
v -1.778976 -0.119700 0.518242
v -1.781455 -0.118570 0.512522
v -1.791180 -0.118946 0.514428
v -1.792897 -0.119700 0.518242
v -1.791180 -0.120642 0.522056
v -1.787366 -0.121018 0.523582
v -1.783553 -0.120642 0.522056
v -1.781836 -0.119700 0.518242
v -1.783553 -0.118946 0.514428
v -1.787366 -0.118570 0.512903
v -1.787366 -0.119700 0.518242
v -1.807771 -0.108210 0.499936
v -1.816161 -0.112542 0.519768
v -1.816161 -0.111412 0.520149
v -1.807771 -0.107080 0.500126
v -1.807771 -0.117063 0.539791
v -1.807771 -0.115933 0.539981
v -1.787366 -0.118758 0.547990
v -1.787366 -0.117628 0.548181
v -1.766962 -0.117063 0.539791
v -1.766962 -0.115933 0.539981
v -1.758572 -0.112542 0.519768
v -1.758572 -0.111412 0.520149
v -1.766962 -0.108210 0.499936
v -1.766962 -0.107080 0.500126
v -1.787366 -0.106326 0.491736
v -1.787366 -0.105196 0.491927
v -1.807389 -0.108587 0.500126
v -1.787366 -0.106703 0.492117
v -1.815780 -0.112919 0.519768
v -1.807389 -0.117251 0.539409
v -1.787366 -0.119135 0.547418
v -1.767344 -0.117251 0.539409
v -1.758953 -0.112919 0.519768
v -1.767344 -0.108587 0.500126
v -1.766962 -0.110470 0.541126
v -1.787366 -0.112354 0.549325
v -1.787366 -0.112542 0.549325
v -1.766962 -0.110847 0.541126
v -1.758572 -0.106138 0.521293
v -1.758572 -0.106326 0.521293
v -1.766962 -0.101806 0.501461
v -1.766962 -0.101994 0.501271
v -1.787366 -0.099922 0.493261
v -1.787366 -0.100111 0.493071
v -1.807771 -0.101806 0.501461
v -1.807771 -0.101994 0.501271
v -1.816161 -0.106138 0.521293
v -1.816161 -0.106326 0.521293
v -1.807771 -0.110470 0.541126
v -1.807771 -0.110847 0.541126
v -1.816161 -0.107268 0.521103
v -1.807771 -0.102748 0.501271
v -1.807771 -0.111600 0.540935
v -1.787366 -0.113484 0.549135
v -1.766962 -0.111600 0.540935
v -1.758572 -0.107268 0.521103
v -1.766962 -0.102748 0.501271
v -1.787366 -0.101052 0.492880
v -1.787366 -0.061309 0.556190
v -1.770204 -0.059802 0.549325
v -1.770395 -0.059237 0.549325
v -1.787366 -0.060744 0.556190
v -1.763148 -0.056223 0.532544
v -1.763339 -0.055658 0.532735
v -1.770204 -0.052456 0.515954
v -1.770395 -0.051891 0.516145
v -1.787366 -0.050949 0.509089
v -1.787366 -0.050384 0.509280
v -1.804529 -0.052456 0.515954
v -1.804338 -0.051891 0.516145
v -1.811584 -0.056223 0.532544
v -1.811394 -0.055658 0.532735
v -1.804529 -0.059802 0.549325
v -1.804338 -0.059237 0.549325
v -1.768678 -0.085419 0.545130
v -1.787366 -0.087114 0.552758
v -1.760860 -0.081463 0.526823
v -1.768678 -0.077319 0.508708
v -1.787366 -0.075624 0.501080
v -1.806054 -0.077319 0.508708
v -1.813873 -0.081463 0.526823
v -1.806054 -0.085419 0.545130
v -1.770967 -0.058672 0.548944
v -1.787366 -0.060179 0.555618
v -1.803766 -0.058672 0.548944
v -1.810631 -0.055093 0.532926
v -1.803766 -0.051703 0.516717
v -1.787366 -0.050196 0.510233
v -1.770967 -0.051703 0.516717
v -1.764102 -0.055093 0.532926
v -1.800333 -0.056412 0.545893
v -1.805673 -0.053586 0.533307
v -1.800333 -0.050761 0.520531
v -1.787366 -0.049631 0.515191
v -1.774399 -0.050761 0.520531
v -1.769060 -0.053586 0.533307
v -1.774399 -0.056412 0.545893
v -1.787366 -0.057542 0.551232
v -1.803194 -0.053586 0.533116
v -1.798617 -0.051138 0.522247
v -1.787366 -0.050196 0.517861
v -1.776116 -0.051138 0.522247
v -1.771539 -0.053586 0.533116
v -1.776116 -0.056035 0.544177
v -1.787366 -0.056977 0.548563
v -1.798617 -0.056035 0.544177
v -1.787366 -0.053586 0.533116
v -1.038323 -0.115556 0.519196
v -1.030886 -0.111789 0.501843
v -1.024783 -0.116686 0.507182
v -1.029551 -0.119135 0.518433
v -1.013151 -0.110094 0.494596
v -1.013151 -0.115556 0.502415
v -0.995417 -0.111789 0.501843
v -1.001519 -0.116686 0.507182
v -0.987980 -0.115556 0.519196
v -0.996752 -0.119135 0.518433
v -0.995417 -0.119323 0.536549
v -1.001519 -0.121583 0.529684
v -1.013151 -0.121018 0.543604
v -1.013151 -0.122714 0.534261
v -1.030886 -0.119323 0.536549
v -1.024783 -0.121583 0.529684
v -1.007240 -0.118570 0.512522
v -1.013151 -0.118005 0.510042
v -1.004761 -0.119700 0.518242
v -1.007240 -0.121018 0.523963
v -1.013151 -0.121583 0.526251
v -1.019063 -0.121018 0.523963
v -1.021542 -0.119700 0.518242
v -1.019063 -0.118570 0.512522
v -1.007621 -0.119700 0.518242
v -1.009337 -0.118946 0.514428
v -1.009337 -0.120642 0.522056
v -1.013151 -0.121018 0.523582
v -1.016965 -0.120642 0.522056
v -1.018681 -0.119700 0.518242
v -1.016965 -0.118946 0.514428
v -1.013151 -0.118570 0.512903
v -1.013151 -0.119700 0.518242
v -0.992747 -0.108210 0.499936
v -0.992747 -0.107080 0.500126
v -0.984356 -0.111412 0.520149
v -0.984356 -0.112542 0.519768
v -0.992747 -0.115933 0.539981
v -0.992747 -0.117063 0.539791
v -1.013151 -0.117628 0.548181
v -1.013151 -0.118758 0.547990
v -1.033555 -0.115933 0.539981
v -1.033555 -0.117063 0.539791
v -1.041946 -0.111412 0.520149
v -1.041946 -0.112542 0.519768
v -1.033555 -0.107080 0.500126
v -1.033555 -0.108210 0.499936
v -1.013151 -0.105196 0.491927
v -1.013151 -0.106326 0.491736
v -1.013151 -0.106703 0.492117
v -0.993128 -0.108587 0.500126
v -0.984738 -0.112919 0.519768
v -0.993128 -0.117251 0.539409
v -1.013151 -0.119135 0.547418
v -1.033174 -0.117251 0.539409
v -1.041564 -0.112919 0.519768
v -1.033174 -0.108587 0.500126
v -1.033555 -0.110470 0.541126
v -1.033555 -0.110847 0.541126
v -1.013151 -0.112542 0.549325
v -1.013151 -0.112354 0.549325
v -1.041946 -0.106138 0.521293
v -1.041946 -0.106326 0.521293
v -1.033555 -0.101806 0.501461
v -1.033555 -0.101994 0.501271
v -1.013151 -0.099922 0.493261
v -1.013151 -0.100111 0.493071
v -0.992747 -0.101806 0.501461
v -0.992747 -0.101994 0.501271
v -0.984356 -0.106138 0.521293
v -0.984356 -0.106326 0.521293
v -0.992747 -0.110470 0.541126
v -0.992747 -0.110847 0.541126
v -0.992747 -0.102748 0.501271
v -0.984356 -0.107268 0.521103
v -0.992747 -0.111600 0.540935
v -1.013151 -0.113484 0.549135
v -1.033555 -0.111600 0.540935
v -1.041946 -0.107268 0.521103
v -1.033555 -0.102748 0.501271
v -1.013151 -0.101052 0.492880
v -1.013151 -0.061309 0.556190
v -1.013151 -0.060744 0.556190
v -1.030123 -0.059237 0.549325
v -1.030313 -0.059802 0.549325
v -1.037179 -0.055658 0.532735
v -1.037369 -0.056223 0.532544
v -1.030123 -0.051891 0.516145
v -1.030313 -0.052456 0.515954
v -1.013151 -0.050384 0.509280
v -1.013151 -0.050949 0.509089
v -0.996179 -0.051891 0.516145
v -0.995989 -0.052456 0.515954
v -0.989124 -0.055658 0.532735
v -0.988933 -0.056223 0.532544
v -0.996179 -0.059237 0.549325
v -0.995989 -0.059802 0.549325
v -1.013151 -0.087114 0.552758
v -1.031839 -0.085419 0.545130
v -1.039658 -0.081463 0.526823
v -1.031839 -0.077319 0.508708
v -1.013151 -0.075624 0.501080
v -0.994463 -0.077319 0.508708
v -0.986645 -0.081463 0.526823
v -0.994463 -0.085419 0.545130
v -1.013151 -0.060179 0.555618
v -1.029551 -0.058672 0.548944
v -0.996752 -0.058672 0.548944
v -0.989887 -0.055093 0.532926
v -0.996752 -0.051703 0.516717
v -1.013151 -0.050196 0.510233
v -1.029551 -0.051703 0.516717
v -1.036416 -0.055093 0.532926
v -0.994845 -0.053586 0.533307
v -1.000184 -0.056412 0.545893
v -1.000184 -0.050761 0.520531
v -1.013151 -0.049631 0.515191
v -1.026118 -0.050761 0.520531
v -1.031458 -0.053586 0.533307
v -1.026118 -0.056412 0.545893
v -1.013151 -0.057542 0.551232
v -1.001900 -0.051138 0.522247
v -0.997324 -0.053586 0.533116
v -1.013151 -0.050196 0.517861
v -1.024402 -0.051138 0.522247
v -1.028979 -0.053586 0.533116
v -1.024402 -0.056035 0.544177
v -1.013151 -0.056977 0.548563
v -1.001900 -0.056035 0.544177
v -1.013151 -0.053586 0.533116
v -1.762386 -0.114614 1.244594
v -1.771158 -0.118193 1.245738
v -1.775925 -0.121395 1.234677
v -1.769632 -0.119511 1.227622
v -1.787366 -0.122713 1.229910
v -1.787366 -0.121583 1.220566
v -1.798999 -0.121395 1.234677
v -1.805101 -0.119700 1.227622
v -1.803766 -0.118193 1.245738
v -1.812538 -0.114614 1.244594
v -1.798999 -0.114991 1.256798
v -1.805101 -0.109717 1.261565
v -1.787366 -0.113672 1.261374
v -1.787366 -0.107645 1.268621
v -1.775925 -0.114991 1.256798
v -1.769632 -0.109717 1.261565
v -1.787366 -0.121207 1.237919
v -1.793278 -0.120453 1.240208
v -1.795757 -0.118758 1.245928
v -1.793278 -0.117251 1.251458
v -1.787366 -0.116498 1.253747
v -1.781455 -0.117251 1.251458
v -1.778976 -0.118758 1.245928
v -1.781455 -0.120453 1.240208
v -1.791180 -0.119888 1.242115
v -1.792897 -0.118758 1.245928
v -1.791180 -0.117816 1.249552
v -1.787366 -0.117251 1.251077
v -1.783553 -0.117816 1.249552
v -1.781836 -0.118758 1.245928
v -1.783553 -0.119888 1.242115
v -1.787366 -0.120265 1.240589
v -1.787366 -0.118758 1.245928
v -1.807771 -0.117439 1.224189
v -1.816161 -0.111789 1.243831
v -1.816161 -0.110659 1.243449
v -1.807771 -0.116309 1.223808
v -1.807771 -0.106138 1.263281
v -1.807771 -0.105008 1.262900
v -1.787366 -0.103689 1.271291
v -1.787366 -0.102559 1.271100
v -1.766962 -0.106138 1.263281
v -1.766962 -0.105008 1.262900
v -1.758572 -0.111789 1.243831
v -1.758572 -0.110659 1.243449
v -1.766962 -0.117439 1.224189
v -1.766962 -0.116309 1.223808
v -1.787366 -0.119888 1.216180
v -1.787366 -0.118758 1.215799
v -1.807389 -0.117628 1.224571
v -1.787366 -0.120076 1.216562
v -1.815780 -0.112165 1.243831
v -1.807389 -0.106515 1.263091
v -1.787366 -0.104066 1.271100
v -1.767344 -0.106515 1.263091
v -1.758953 -0.111977 1.243831
v -1.767344 -0.117628 1.224571
v -1.766962 -0.099734 1.261374
v -1.787366 -0.097285 1.269384
v -1.787366 -0.097662 1.269574
v -1.766962 -0.099922 1.261374
v -1.758572 -0.105385 1.241924
v -1.758572 -0.105573 1.241924
v -1.766962 -0.111035 1.222282
v -1.766962 -0.111224 1.222473
v -1.787366 -0.113484 1.214273
v -1.787366 -0.113672 1.214273
v -1.807771 -0.111035 1.222282
v -1.807771 -0.111224 1.222473
v -1.816161 -0.105385 1.241924
v -1.816161 -0.105573 1.241924
v -1.807771 -0.099734 1.261374
v -1.807771 -0.099922 1.261374
v -1.816161 -0.106515 1.242115
v -1.807771 -0.112165 1.222664
v -1.807771 -0.100676 1.261756
v -1.787366 -0.098415 1.269765
v -1.766962 -0.100676 1.261756
v -1.758572 -0.106515 1.242115
v -1.766962 -0.112165 1.222664
v -1.787366 -0.114426 1.214464
v -1.787366 -0.049442 1.250314
v -1.770395 -0.051514 1.243640
v -1.770395 -0.050949 1.243449
v -1.787366 -0.049066 1.250124
v -1.763339 -0.056223 1.227240
v -1.763339 -0.055658 1.227050
v -1.770395 -0.060932 1.210841
v -1.770395 -0.060556 1.210650
v -1.787366 -0.063004 1.203976
v -1.787366 -0.062439 1.203976
v -1.804529 -0.060932 1.210841
v -1.804338 -0.060556 1.210650
v -1.811584 -0.056223 1.227240
v -1.811584 -0.055847 1.227050
v -1.804529 -0.051514 1.243640
v -1.804338 -0.050949 1.243449
v -1.768678 -0.075813 1.252603
v -1.787366 -0.073741 1.260040
v -1.760860 -0.081087 1.234677
v -1.768678 -0.086361 1.216562
v -1.787366 -0.088432 1.209125
v -1.806054 -0.086361 1.216562
v -1.813873 -0.081087 1.234677
v -1.806054 -0.075813 1.252603
v -1.770967 -0.050761 1.242687
v -1.787366 -0.048877 1.249170
v -1.803766 -0.050761 1.242687
v -1.810631 -0.055282 1.226859
v -1.803766 -0.059802 1.211222
v -1.787366 -0.061686 1.204548
v -1.770967 -0.059802 1.211222
v -1.764102 -0.055282 1.226859
v -1.800333 -0.050008 1.238873
v -1.805864 -0.053586 1.226478
v -1.800333 -0.057353 1.213892
v -1.787366 -0.058860 1.208743
v -1.774399 -0.057353 1.213892
v -1.769060 -0.053586 1.226478
v -1.774399 -0.050008 1.238873
v -1.787366 -0.048501 1.244021
v -1.803194 -0.053775 1.226478
v -1.798617 -0.056788 1.215799
v -1.787366 -0.058107 1.211413
v -1.776306 -0.056788 1.215799
v -1.771539 -0.053775 1.226478
v -1.776306 -0.050573 1.237156
v -1.787366 -0.049254 1.241542
v -1.798617 -0.050573 1.237156
v -1.787366 -0.053775 1.226478
v -1.742553 0.627513 0.634374
v -1.757618 0.633541 0.634184
v -1.757809 0.633164 0.632277
v -1.742553 0.626948 0.632468
v -1.764102 0.648421 0.634184
v -1.764674 0.648233 0.632086
v -1.758572 0.663490 0.633993
v -1.758953 0.663678 0.631896
v -1.743507 0.669894 0.633802
v -1.743698 0.670271 0.631896
v -1.728442 0.663678 0.633993
v -1.728061 0.664055 0.631896
v -1.721577 0.648986 0.634184
v -1.721196 0.648986 0.632086
v -1.727298 0.633729 0.634374
v -1.727107 0.633353 0.632277
v -1.073982 0.663490 0.633993
v -1.058918 0.669894 0.633802
v -1.058918 0.670271 0.631896
v -1.074364 0.663678 0.631896
v -1.043853 0.663678 0.633993
v -1.043471 0.664055 0.631896
v -1.036988 0.648986 0.634184
v -1.036606 0.648986 0.632086
v -1.042709 0.633729 0.634374
v -1.042518 0.633353 0.632277
v -1.057964 0.627513 0.634374
v -1.057964 0.626948 0.632468
v -1.073029 0.633541 0.634184
v -1.073220 0.633164 0.632277
v -1.079512 0.648421 0.634184
v -1.080085 0.648233 0.632086
v -1.763339 0.648233 0.621598
v -1.758000 0.662736 0.621407
v -1.752088 0.657274 0.617021
v -1.755330 0.648421 0.617212
v -1.743507 0.668952 0.621407
v -1.743507 0.660853 0.617021
v -1.729014 0.663113 0.621598
v -1.734544 0.657274 0.617021
v -1.722531 0.648798 0.621598
v -1.730540 0.648421 0.617212
v -1.728061 0.634106 0.621789
v -1.733782 0.639757 0.617212
v -1.742553 0.628079 0.621979
v -1.742553 0.635990 0.617212
v -1.757046 0.633918 0.621789
v -1.751325 0.639757 0.617212
v -1.073410 0.662736 0.621407
v -1.058918 0.668952 0.621407
v -1.058918 0.660853 0.617021
v -1.067499 0.657274 0.617021
v -1.044425 0.663113 0.621598
v -1.049955 0.657274 0.617021
v -1.037751 0.648798 0.621598
v -1.045950 0.648421 0.617212
v -1.043281 0.634106 0.621789
v -1.049192 0.639757 0.617212
v -1.057964 0.628079 0.621979
v -1.057964 0.635990 0.617212
v -1.072457 0.633918 0.621789
v -1.066736 0.639757 0.617212
v -1.078750 0.648233 0.621598
v -1.070741 0.648421 0.617212
v -1.062350 0.644089 0.616068
v -1.057964 0.642394 0.616068
v -1.064257 0.648610 0.615877
v -1.062922 0.652942 0.615877
v -1.058918 0.654449 0.615877
v -1.054341 0.652753 0.615877
v -1.052434 0.648233 0.615877
v -1.053769 0.644089 0.616068
v -1.748846 0.648610 0.615877
v -1.746939 0.644089 0.616068
v -1.747512 0.652942 0.615877
v -1.743507 0.654449 0.615877
v -1.738930 0.652753 0.615877
v -1.737023 0.648233 0.615877
v -1.738358 0.644089 0.616068
v -1.742553 0.642394 0.616068
v -1.742935 0.648421 0.615877
v -1.058346 0.648421 0.615877
v -1.043853 0.635048 0.644863
v -1.057964 0.629020 0.644863
v -1.071885 0.634859 0.644863
v -1.078178 0.648610 0.644672
v -1.038513 0.648986 0.644672
v -1.072838 0.662548 0.644481
v -1.058918 0.668575 0.644291
v -1.044806 0.662736 0.644481
v -1.762767 0.648610 0.644672
v -1.756474 0.634859 0.644863
v -1.723103 0.648986 0.644672
v -1.729396 0.662736 0.644481
v -1.743507 0.668575 0.644291
v -1.757428 0.662548 0.644481
v -1.742553 0.629020 0.644863
v -1.728442 0.635048 0.644863
v -1.728824 0.663113 0.622361
v -1.722340 0.648798 0.622552
v -1.727870 0.634106 0.622552
v -1.742553 0.627890 0.622742
v -1.757046 0.633918 0.622742
v -1.763530 0.648233 0.622552
v -1.758190 0.662925 0.622361
v -1.743507 0.669140 0.622170
v -1.057964 0.627890 0.622742
v -1.072457 0.633918 0.622742
v -1.078940 0.648233 0.622552
v -1.073601 0.662925 0.622361
v -1.058918 0.669140 0.622170
v -1.044234 0.663113 0.622361
v -1.037751 0.648798 0.622552
v -1.043281 0.634106 0.622552
v -1.016584 0.677051 0.711415
v -1.069596 0.677051 0.711415
v -1.069596 0.672908 0.701499
v -1.016393 0.672908 0.701499
v -1.069596 0.677051 0.691583
v -1.016584 0.677051 0.691583
v -1.069787 0.686846 0.687387
v -1.016774 0.686846 0.687387
v -1.069978 0.696641 0.691583
v -1.016965 0.696641 0.691583
v -1.070168 0.700784 0.701499
v -1.016965 0.700784 0.701499
v -1.069978 0.696641 0.711415
v -1.016965 0.696641 0.711415
v -1.069787 0.686846 0.715419
v -1.016774 0.686846 0.715419
v -1.070931 0.686846 0.687387
v -1.071122 0.696641 0.691583
v -1.070741 0.677051 0.691583
v -1.070741 0.672908 0.701499
v -1.070741 0.677051 0.711415
v -1.070931 0.686846 0.715419
v -1.071122 0.696641 0.711415
v -1.071313 0.700596 0.701499
v -1.070931 0.677993 0.710461
v -1.070741 0.674414 0.701499
v -1.070931 0.686846 0.714084
v -1.071122 0.695699 0.710461
v -1.071313 0.699278 0.701499
v -1.071122 0.695699 0.692536
v -1.070931 0.686846 0.688722
v -1.070931 0.677993 0.692536
v -1.071122 0.686846 0.701499
v -1.783934 0.677051 0.711415
v -1.784125 0.672908 0.701499
v -1.730921 0.672908 0.701499
v -1.730921 0.677051 0.711415
v -1.783934 0.677051 0.691583
v -1.730921 0.677051 0.691583
v -1.783743 0.686846 0.687387
v -1.730731 0.686846 0.687387
v -1.783553 0.696641 0.691583
v -1.730540 0.696641 0.691583
v -1.783553 0.700784 0.701499
v -1.730349 0.700784 0.701499
v -1.783553 0.696641 0.711415
v -1.730540 0.696641 0.711415
v -1.783743 0.686846 0.715419
v -1.730731 0.686846 0.715419
v -1.729396 0.696641 0.691583
v -1.729586 0.686846 0.687387
v -1.729777 0.677051 0.691583
v -1.729777 0.672908 0.701499
v -1.729777 0.677051 0.711415
v -1.729586 0.686846 0.715419
v -1.729396 0.696641 0.711415
v -1.729205 0.700596 0.701499
v -1.729777 0.674414 0.701499
v -1.729586 0.677993 0.710461
v -1.729586 0.686846 0.714084
v -1.729396 0.695699 0.710461
v -1.729205 0.699278 0.701499
v -1.729396 0.695699 0.692536
v -1.729586 0.686846 0.688722
v -1.729586 0.677993 0.692536
v -1.729396 0.686846 0.701499
v -1.329702 0.658781 0.635519
v -1.400259 0.655014 0.635519
v -1.400259 0.658592 0.635519
vn 0.5460 -0.3100 0.7783
vn 0.5304 -0.7786 0.3353
vn 0.8207 -0.5281 0.2180
vn 0.8313 -0.2125 0.5136
vn 0.5191 -0.8036 -0.2913
vn 0.8131 -0.5458 -0.2023
vn 0.5200 -0.3645 -0.7725
vn 0.8139 -0.2483 -0.5253
vn 0.5254 0.3020 -0.7955
vn 0.8176 0.2004 -0.5398
vn 0.5305 0.7710 -0.3523
vn 0.8209 0.5163 -0.2441
vn 0.5397 0.7959 0.2743
vn 0.8269 0.5340 0.1762
vn 0.5496 0.3572 0.7552
vn 0.8338 0.2367 0.4988
vn 0.9305 -0.1573 -0.3309
vn 0.9306 -0.3423 -0.1298
vn 0.9325 0.1231 -0.3395
vn 0.9352 0.3172 -0.1572
vn 0.9390 0.3289 0.1002
vn 0.9427 0.1440 0.3011
vn 0.9410 -0.1368 0.3096
vn 0.9351 -0.3306 0.1273
vn 0.5215 0.7777 -0.3509
vn 0.5162 0.3133 -0.7971
vn 0.5306 0.8043 0.2676
vn 0.5401 0.3621 0.7598
vn 0.5369 -0.3205 0.7804
vn 0.5211 -0.7852 0.3344
vn 0.5108 -0.8114 -0.2841
vn 0.5112 -0.3704 -0.7756
vn 0.0001 0.9158 -0.4017
vn -0.0120 0.3731 -0.9277
vn 0.0119 0.9463 0.3231
vn 0.0174 0.4301 0.9026
vn 0.0121 -0.3726 0.9279
vn -0.0003 -0.9158 0.4015
vn -0.0118 -0.9463 -0.3231
vn -0.0174 -0.4311 -0.9021
vn 0.0157 -0.3726 0.9279
vn 0.0211 0.4301 0.9025
vn 0.0035 -0.9158 0.4017
vn -0.0082 -0.9463 -0.3231
vn -0.0139 -0.4311 -0.9022
vn -0.0085 0.3729 -0.9278
vn 0.0036 0.9157 -0.4018
vn 0.0153 0.9463 0.3230
vn 0.7920 -0.2368 0.5627
vn 0.7948 0.2613 0.5477
vn 0.7804 -0.5779 0.2387
vn 0.7723 -0.5979 -0.2146
vn 0.7729 -0.2733 -0.5726
vn 0.7768 0.2257 -0.5879
vn 0.7805 0.5669 -0.2635
vn 0.7863 0.5879 0.1901
vn 0.9998 -0.0072 -0.0160
vn 0.9998 -0.0071 -0.0161
vn 0.9998 -0.0074 -0.0160
vn 0.9998 -0.0073 -0.0159
vn 0.9998 -0.0073 -0.0158
vn 0.9998 -0.0076 -0.0158
vn 0.9998 -0.0074 -0.0159
vn 0.9998 -0.0072 -0.0159
vn -0.0008 -0.9994 0.0341
vn 0.0171 -0.5229 -0.8522
vn -0.0000 -0.4765 -0.8792
vn -0.0000 -0.9998 0.0215
vn 0.0008 -0.9994 0.0341
vn -0.0149 -0.5229 -0.8522
vn -0.0174 -0.5406 0.8411
vn -0.0011 -0.9994 0.0341
vn -0.0000 -0.5374 0.8433
vn 0.0174 -0.5406 0.8411
vn -0.0001 -0.9994 0.0341
vn -0.6933 0.3089 0.6511
vn -0.9997 0.0146 0.0185
vn -0.6956 0.6754 0.2448
vn -0.0015 -0.9993 0.0375
vn -0.0014 -0.9993 0.0374
vn 0.0016 -0.9993 0.0375
vn 0.0016 -0.9993 0.0374
vn -0.0301 -0.5257 -0.8501
vn -0.7144 0.2646 -0.6477
vn -0.7044 0.6542 -0.2754
vn -0.9998 0.0144 0.0128
vn 0.9998 -0.0000 0.0200
vn 0.9998 0.0014 0.0200
vn 0.9998 -0.0000 0.0201
vn 0.9998 -0.0000 0.0214
vn 0.9998 -0.0014 0.0200
vn -0.9998 0.0001 0.0191
vn -0.7046 -0.6441 0.2978
vn -0.7115 -0.6663 -0.2230
vn 0.9998 0.0002 0.0199
vn 0.9998 -0.0000 0.0187
vn 0.0137 -0.3668 0.9302
vn -0.0001 -0.9148 0.4039
vn -0.0000 -0.9148 0.4039
vn 0.0123 -0.3668 0.9302
vn 0.0001 -0.9148 0.4039
vn 0.0121 -0.3668 0.9302
vn 0.0135 0.9442 0.3292
vn 0.0196 0.4288 0.9032
vn 0.0051 0.4288 0.9034
vn 0.0120 0.9442 0.3292
vn 0.0059 0.4288 0.9034
vn 0.0118 0.9442 0.3292
vn -0.0133 -0.9442 -0.3292
vn -0.0042 -0.9442 -0.3294
vn -0.0057 -0.9442 -0.3293
vn -0.0195 -0.4281 -0.9035
vn -0.0079 -0.4280 -0.9037
vn -0.0096 -0.4281 -0.9037
vn -0.0138 0.3665 -0.9303
vn -0.0060 0.3666 -0.9304
vn -0.0072 0.3666 -0.9304
vn 0.0002 0.9148 -0.4040
vn -0.0005 0.9148 -0.4040
vn -0.0012 0.9147 -0.4040
vn 0.0026 -0.3668 0.9303
vn 0.0077 0.4288 0.9034
vn 0.0099 0.9442 0.3292
vn 0.0005 0.9148 -0.4040
vn -0.0070 0.3667 -0.9303
vn -0.0120 -0.4280 -0.9037
vn -0.0085 -0.9442 -0.3293
vn -0.0021 -0.9148 0.4039
vn -0.0000 0.3628 -0.9319
vn -0.0174 -0.4269 -0.9041
vn -0.7813 -0.2666 -0.5643
vn -0.7787 0.2366 -0.5811
vn -0.0119 -0.9428 -0.3331
vn -0.7735 -0.6007 -0.2021
vn -0.0001 -0.9141 0.4054
vn -0.7667 -0.5814 0.2724
vn 0.0121 -0.3628 0.9318
vn -0.7631 -0.2256 0.6056
vn 0.0173 0.4276 0.9038
vn -0.7592 0.2781 0.5884
vn 0.0120 0.9429 0.3330
vn -0.7579 0.6118 0.2263
vn -0.0000 0.9141 -0.4055
vn -0.7665 0.5924 -0.2481
vn -0.9293 0.3444 0.1334
vn -0.9292 0.1581 0.3340
vn -0.9340 0.3330 -0.1295
vn -0.9400 0.1353 -0.3133
vn -0.9415 -0.1442 -0.3045
vn -0.9380 -0.3308 -0.1036
vn -0.9341 -0.3196 0.1593
vn -0.9313 -0.1219 0.3432
vn -0.9806 -0.0845 -0.1771
vn -0.9795 0.0860 -0.1820
vn -0.9788 -0.1973 -0.0546
vn -0.9764 -0.1901 0.1022
vn -0.9744 -0.0720 0.2130
vn -0.9731 0.0988 0.2080
vn -0.9736 0.2114 0.0856
vn -0.9763 0.2044 -0.0711
vn -0.7391 0.6343 0.2267
vn -0.7407 0.2887 0.6067
vn -0.7485 0.6125 -0.2543
vn -0.7614 0.2504 -0.5979
vn -0.7643 -0.2782 -0.5817
vn -0.7553 -0.6232 -0.2028
vn -0.7489 -0.6015 0.2782
vn -0.7449 -0.2394 0.6227
vn -0.0000 0.3729 -0.9279
vn -0.0000 0.9157 -0.4018
vn -0.0000 -0.9463 -0.3233
vn -0.0000 -0.9158 0.4017
vn -0.0000 -0.3724 0.9281
vn 0.0175 0.4300 0.9027
vn 0.0117 0.9462 0.3233
vn 0.0001 0.9158 -0.4016
vn 0.0116 0.9462 0.3233
vn -0.0000 -0.9157 0.4018
vn 0.0122 -0.3723 0.9280
vn 0.0174 0.4300 0.9027
vn -0.7531 0.6194 0.2217
vn -0.7543 0.2821 0.5928
vn -0.7617 0.5986 -0.2481
vn -0.7740 0.2451 -0.5838
vn -0.7768 -0.2715 -0.5682
vn -0.7687 -0.6083 -0.1977
vn -0.7619 -0.5877 0.2724
vn -0.7585 -0.2336 0.6084
vn -0.9998 0.0074 0.0157
vn -0.9998 0.0072 0.0159
vn -0.9998 0.0073 0.0159
vn -0.9998 0.0072 0.0160
vn -0.9998 0.0073 0.0158
vn -0.9998 0.0074 0.0159
vn -0.6961 -0.2550 0.6711
vn 0.7152 -0.2645 0.6469
vn 0.7189 0.2983 0.6279
vn 1.0000 0.0025 0.0046
vn 0.9999 -0.0155 0.0051
vn 0.0281 0.4288 0.9029
vn 0.7190 0.2982 0.6278
vn 0.0216 -0.3668 0.9301
vn 0.6936 -0.3084 -0.6510
vn 0.6942 -0.6766 -0.2454
vn 0.9993 -0.0288 -0.0235
vn 0.9992 -0.0169 -0.0364
vn -0.0165 -0.4281 -0.9036
vn -0.0096 -0.9442 -0.3292
vn 0.7123 0.6656 0.2226
vn 0.9999 0.0146 -0.0083
vn 0.0212 0.9441 0.3290
vn 0.6976 0.2543 -0.6699
vn 0.9993 0.0010 -0.0370
vn -0.0098 0.3665 -0.9304
vn 0.7039 -0.6546 0.2756
vn 0.0058 -0.9148 0.4038
vn 0.7039 -0.6547 0.2757
vn 0.7030 0.6455 -0.2986
vn 0.9996 0.0139 -0.0252
vn -0.0117 -0.9428 -0.3331
vn -0.0173 -0.4269 -0.9041
vn 0.6943 -0.3072 -0.6508
vn 0.6938 -0.6760 -0.2483
vn 0.9998 -0.0072 -0.0158
vn 0.0117 0.9429 0.3329
vn 0.0172 0.4276 0.9038
vn 0.7183 0.2976 0.6289
vn 0.7117 0.6652 0.2256
vn 0.0122 -0.3628 0.9318
vn 0.7151 -0.2620 0.6481
vn -0.0122 0.3627 -0.9318
vn -0.0002 0.9141 -0.4055
vn 0.7033 0.6448 -0.2994
vn 0.6982 0.2515 -0.6703
vn 0.0003 -0.9142 0.4053
vn 0.7034 -0.6546 0.2768
vn 0.9996 -0.0280 -0.0067
vn -0.9998 0.0074 0.0158
vn -0.6948 0.6750 0.2482
vn -0.7033 0.6547 -0.2770
vn 0.0069 0.9427 0.3335
vn -0.0000 0.9141 -0.4056
vn -0.7107 -0.6661 -0.2264
vn -0.7044 -0.6437 0.2990
vn -0.0120 -0.9427 -0.3335
vn -0.0000 -0.9141 0.4055
vn 0.0122 -0.3626 0.9319
vn -0.6973 -0.2515 0.6712
vn -0.9998 0.0072 0.0158
vn -0.7157 0.2615 -0.6476
vn -0.7192 -0.2967 -0.6282
vn -0.0000 0.3624 -0.9320
vn -0.9998 0.0073 0.0160
vn -0.6943 0.3075 0.6507
vn 0.0195 0.4275 0.9038
vn -0.9997 0.0105 0.0228
vn -0.9997 0.0044 0.0229
vn -0.9999 0.0100 0.0088
vn -1.0000 0.0040 0.0089
vn -0.9999 -0.0000 0.0134
vn -0.5460 -0.3101 0.7783
vn -0.8314 -0.2125 0.5135
vn -0.8208 -0.5280 0.2180
vn -0.5304 -0.7786 0.3353
vn -0.8131 -0.5458 -0.2023
vn -0.5190 -0.8036 -0.2913
vn -0.8139 -0.2483 -0.5252
vn -0.5199 -0.3645 -0.7726
vn -0.8175 0.2004 -0.5399
vn -0.5253 0.3021 -0.7955
vn -0.8209 0.5163 -0.2441
vn -0.5305 0.7710 -0.3523
vn -0.8269 0.5340 0.1762
vn -0.5396 0.7960 0.2744
vn -0.8338 0.2367 0.4987
vn -0.5495 0.3572 0.7553
vn -0.9306 -0.3423 -0.1298
vn -0.9305 -0.1572 -0.3310
vn -0.9325 0.1230 -0.3395
vn -0.9352 0.3172 -0.1572
vn -0.9390 0.3289 0.1002
vn -0.9427 0.1440 0.3011
vn -0.9410 -0.1368 0.3096
vn -0.9351 -0.3306 0.1273
vn -0.5162 0.3133 -0.7971
vn -0.5215 0.7778 -0.3509
vn -0.5306 0.8043 0.2676
vn -0.5402 0.3621 0.7597
vn -0.5369 -0.3205 0.7804
vn -0.5212 -0.7852 0.3345
vn -0.5108 -0.8114 -0.2841
vn -0.5112 -0.3704 -0.7756
vn 0.0120 0.3731 -0.9277
vn -0.0000 0.9158 -0.4017
vn -0.0118 0.9463 0.3231
vn -0.0173 0.4301 0.9026
vn -0.0122 -0.3726 0.9279
vn 0.0002 -0.9158 0.4015
vn 0.0119 -0.9463 -0.3231
vn 0.0173 -0.4311 -0.9021
vn -0.0210 0.4301 0.9025
vn -0.0158 -0.3726 0.9279
vn -0.0036 -0.9158 0.4017
vn 0.0083 -0.9463 -0.3231
vn 0.0139 -0.4311 -0.9022
vn 0.0086 0.3729 -0.9278
vn -0.0037 0.9157 -0.4018
vn -0.0153 0.9463 0.3230
vn -0.7948 0.2613 0.5477
vn -0.7920 -0.2368 0.5627
vn -0.7804 -0.5779 0.2387
vn -0.7723 -0.5979 -0.2146
vn -0.7729 -0.2733 -0.5727
vn -0.7768 0.2257 -0.5879
vn -0.7805 0.5669 -0.2635
vn -0.7863 0.5879 0.1902
vn -0.9998 -0.0071 -0.0161
vn -0.9998 -0.0072 -0.0160
vn -0.9998 -0.0074 -0.0160
vn -0.9998 -0.0073 -0.0159
vn -0.9998 -0.0073 -0.0158
vn -0.9998 -0.0076 -0.0158
vn -0.9998 -0.0074 -0.0159
vn -0.9998 -0.0072 -0.0159
vn 0.7593 -0.4554 0.4649
vn 0.7576 -0.0000 0.6527
vn 0.7664 -0.6422 0.0153
vn 0.6956 0.6754 0.2448
vn 0.9997 0.0146 0.0185
vn 0.9997 0.0105 0.0228
vn 0.7774 -0.4552 -0.4341
vn 0.7831 -0.0000 -0.6219
vn 0.7774 0.4553 -0.4341
vn 0.7664 0.6421 0.0154
vn 0.7593 0.4553 0.4649
vn 0.9998 0.0144 0.0128
vn 0.7044 0.6542 -0.2754
vn 0.7145 0.2646 -0.6477
vn 0.0003 -0.0000 -1.0000
vn 0.0003 -0.7115 -0.7027
vn 0.9999 -0.0000 0.0134
vn 0.7046 -0.6441 0.2978
vn 0.9998 0.0001 0.0191
vn 0.0004 0.7115 -0.7027
vn -0.0136 -0.3668 0.9302
vn -0.0122 -0.3668 0.9302
vn 0.0002 -0.9148 0.4039
vn 0.0006 -0.9148 0.4039
vn -0.0134 0.9442 0.3292
vn -0.0119 0.9442 0.3292
vn -0.0172 0.4289 0.9032
vn -0.0098 0.4287 0.9034
vn -0.0118 0.9442 0.3292
vn -0.0173 0.4289 0.9032
vn 0.0118 -0.9442 -0.3293
vn 0.0135 -0.9442 -0.3292
vn 0.0119 -0.9442 -0.3292
vn 0.0175 -0.4281 -0.9036
vn 0.0094 -0.4280 -0.9037
vn 0.0174 -0.4282 -0.9035
vn 0.0123 0.3665 -0.9304
vn 0.0063 0.3666 -0.9304
vn 0.0121 0.3665 -0.9304
vn -0.0000 0.9148 -0.4040
vn -0.0012 0.9148 -0.4040
vn 0.0001 0.9148 -0.4040
vn -0.0101 -0.3668 0.9303
vn -0.0153 0.4289 0.9032
vn -0.0099 0.9442 0.3292
vn 0.0020 0.9148 -0.4040
vn 0.0143 0.3665 -0.9303
vn 0.0194 -0.4281 -0.9035
vn 0.0139 -0.9442 -0.3292
vn 0.0021 -0.9148 0.4039
vn 0.0124 0.3627 -0.9318
vn 0.7787 0.2365 -0.5811
vn 0.7813 -0.2666 -0.5643
vn 0.0173 -0.4269 -0.9041
vn 0.7735 -0.6008 -0.2021
vn 0.0120 -0.9428 -0.3331
vn 0.7667 -0.5813 0.2724
vn -0.0000 -0.9141 0.4054
vn 0.7631 -0.2256 0.6057
vn -0.0122 -0.3628 0.9318
vn 0.7592 0.2781 0.5884
vn -0.0173 0.4276 0.9038
vn 0.7579 0.6118 0.2263
vn -0.0120 0.9429 0.3330
vn 0.7665 0.5924 -0.2481
vn -0.0001 0.9141 -0.4055
vn 0.9292 0.1581 0.3340
vn 0.9293 0.3443 0.1333
vn 0.9340 0.3331 -0.1295
vn 0.9399 0.1354 -0.3134
vn 0.9415 -0.1442 -0.3045
vn 0.9380 -0.3308 -0.1037
vn 0.9341 -0.3195 0.1593
vn 0.9313 -0.1219 0.3432
vn 0.9795 0.0861 -0.1820
vn 0.9806 -0.0845 -0.1771
vn 0.9788 -0.1973 -0.0546
vn 0.9764 -0.1901 0.1022
vn 0.9744 -0.0720 0.2130
vn 0.9731 0.0989 0.2079
vn 0.9736 0.2114 0.0857
vn 0.9763 0.2044 -0.0711
vn 0.7406 0.2887 0.6067
vn 0.7390 0.6344 0.2268
vn 0.7485 0.6125 -0.2544
vn 0.7614 0.2505 -0.5980
vn 0.7644 -0.2782 -0.5817
vn 0.7553 -0.6232 -0.2028
vn 0.7489 -0.6015 0.2782
vn 0.7449 -0.2395 0.6227
vn -0.0001 0.9157 -0.4018
vn 0.0122 0.3729 -0.9278
vn 0.0174 -0.4311 -0.9021
vn 0.0117 -0.9462 -0.3233
vn -0.0119 -0.3724 0.9280
vn -0.0173 0.4300 0.9027
vn -0.0118 0.9462 0.3233
vn -0.0117 0.9462 0.3233
vn -0.0000 0.9158 -0.4016
vn 0.0120 0.3728 -0.9278
vn -0.0121 -0.3723 0.9280
vn -0.0175 0.4300 0.9027
vn 0.7544 0.2821 0.5928
vn 0.7530 0.6195 0.2218
vn 0.7616 0.5986 -0.2481
vn 0.7740 0.2450 -0.5838
vn 0.7768 -0.2715 -0.5682
vn 0.7687 -0.6083 -0.1976
vn 0.7619 -0.5877 0.2723
vn 0.7584 -0.2336 0.6084
vn 0.9998 0.0072 0.0159
vn 0.9998 0.0074 0.0157
vn 0.9998 0.0073 0.0159
vn 0.9998 0.0072 0.0160
vn 0.9998 0.0073 0.0158
vn 0.9998 0.0074 0.0159
vn 0.6961 -0.2550 0.6711
vn -0.7152 -0.2645 0.6469
vn -0.9999 -0.0155 0.0051
vn -1.0000 0.0025 0.0046
vn -0.7190 0.2983 0.6278
vn -0.0079 -0.3671 0.9302
vn -0.0281 0.4288 0.9029
vn -0.6936 -0.3083 -0.6511
vn -0.9992 -0.0169 -0.0364
vn -0.9993 -0.0288 -0.0235
vn -0.6942 -0.6767 -0.2454
vn -0.6942 -0.6766 -0.2455
vn 0.0095 -0.9442 -0.3292
vn 0.0064 -0.4280 -0.9037
vn -0.9999 0.0146 -0.0083
vn -0.7123 0.6656 0.2227
vn -0.6976 0.2542 -0.6698
vn -0.9993 0.0010 -0.0370
vn 0.0098 0.3665 -0.9304
vn -0.7039 -0.6547 0.2756
vn -0.0058 -0.9148 0.4038
vn -0.9996 -0.0280 -0.0067
vn -0.9996 0.0139 -0.0252
vn -0.7030 0.6455 -0.2986
vn -0.0059 0.9147 -0.4040
vn -0.0212 0.9441 0.3290
vn 0.0116 -0.9428 -0.3331
vn -0.6938 -0.6760 -0.2483
vn -0.6943 -0.3072 -0.6508
vn 0.0172 -0.4269 -0.9041
vn -0.9998 -0.0072 -0.0158
vn -0.0117 0.9429 0.3329
vn -0.7118 0.6652 0.2255
vn -0.7183 0.2976 0.6288
vn -0.0172 0.4276 0.9038
vn -0.7150 -0.2621 0.6481
vn -0.0000 -0.3629 0.9318
vn 0.0121 0.3627 -0.9318
vn -0.6983 0.2514 -0.6702
vn -0.7033 0.6447 -0.2994
vn -0.0001 -0.9142 0.4053
vn -0.7034 -0.6546 0.2768
vn 0.9998 0.0074 0.0158
vn 0.7034 0.6546 -0.2770
vn 0.6948 0.6751 0.2482
vn 0.0003 0.9141 -0.4056
vn -0.0119 0.9427 0.3334
vn 0.7044 -0.6438 0.2990
vn 0.7107 -0.6660 -0.2263
vn -0.0001 -0.9141 0.4055
vn 0.0119 -0.9427 -0.3335
vn 0.6973 -0.2517 0.6712
vn -0.0123 -0.3625 0.9319
vn 0.9998 0.0072 0.0158
vn 0.7193 -0.2967 -0.6282
vn 0.7157 0.2614 -0.6476
vn 0.0122 0.3624 -0.9319
vn 0.6944 0.3075 0.6506
vn 0.9998 0.0073 0.0160
vn -0.0174 0.4274 0.9039
vn 0.9997 0.0044 0.0229
vn 0.9999 0.0100 0.0088
vn 1.0000 0.0040 0.0089
vn -0.0000 0.3664 -0.9304
vn -0.0000 -0.4282 -0.9037
vn -0.8953 -0.1907 -0.4025
vn -0.8957 0.1630 -0.4137
vn -0.0000 -0.9442 -0.3294
vn -0.8928 -0.4254 -0.1484
vn -0.8933 -0.4112 0.1816
vn -0.0000 -0.3667 0.9304
vn -0.8957 -0.1630 0.4137
vn -0.0000 0.4289 0.9034
vn -0.8954 0.1910 0.4023
vn -0.0000 0.9442 0.3293
vn -0.8927 0.4255 0.1483
vn -0.8933 0.4111 -0.1815
vn -1.0000 -0.0000 -0.0000
vn 0.5357 -0.3061 0.7870
vn 0.5306 -0.7748 0.3437
vn 0.8210 -0.5222 0.2310
vn 0.8245 -0.2066 0.5268
vn 0.5295 -0.7997 -0.2829
vn 0.8202 -0.5399 -0.1894
vn 0.5349 -0.3607 -0.7640
vn 0.8240 -0.2423 -0.5122
vn 0.5357 0.3059 -0.7870
vn 0.8246 0.2063 -0.5267
vn 0.5305 0.7748 -0.3438
vn 0.8209 0.5222 -0.2311
vn 0.5296 0.7997 0.2828
vn 0.8202 0.5398 0.1893
vn 0.5350 0.3612 0.7637
vn 0.8240 0.2427 0.5120
vn 0.9366 -0.1505 -0.3163
vn 0.9350 -0.3355 -0.1150
vn 0.9369 0.1299 -0.3246
vn 0.9353 0.3240 -0.1423
vn 0.9350 0.3355 0.1151
vn 0.9367 0.1508 0.3161
vn 0.9369 -0.1300 0.3245
vn 0.9354 -0.3239 0.1422
vn 0.5218 0.7812 -0.3426
vn 0.5267 0.3171 -0.7887
vn 0.5206 0.8080 0.2759
vn 0.5259 0.3659 0.7678
vn 0.5265 -0.3167 0.7890
vn 0.5218 -0.7813 0.3426
vn 0.5205 -0.8080 -0.2759
vn 0.5259 -0.3667 -0.7674
vn -0.0001 0.9158 -0.4016
vn -0.0000 0.3730 -0.9278
vn -0.0001 0.9464 0.3231
vn -0.0001 0.4302 0.9027
vn -0.0001 -0.3724 0.9281
vn 0.0003 -0.9158 0.4017
vn -0.0001 -0.9464 -0.3231
vn -0.0001 -0.4311 -0.9023
vn 0.0035 -0.3725 0.9280
vn 0.0036 0.4301 0.9028
vn 0.0035 -0.9158 0.4016
vn 0.0035 -0.9464 -0.3231
vn 0.0035 -0.4311 -0.9023
vn 0.0035 0.3729 -0.9279
vn 0.0035 0.9158 -0.4016
vn 0.0035 0.9464 0.3231
vn 0.7846 -0.2310 0.5754
vn 0.7839 0.2670 0.5605
vn 0.7804 -0.5726 0.2511
vn 0.7794 -0.5929 -0.2024
vn 0.7839 -0.2676 -0.5603
vn 0.7845 0.2313 -0.5754
vn 0.7804 0.5726 -0.2511
vn 0.7795 0.5928 0.2023
vn 1.0000 -0.0000 -0.0000
vn -0.0038 0.4289 0.9033
vn -0.0038 -0.3667 0.9303
vn -0.7060 -0.2597 0.6589
vn -0.7056 0.3038 0.6402
vn -0.0039 0.3664 -0.9305
vn -0.0038 0.9148 -0.4040
vn -0.7027 0.6508 -0.2875
vn -0.7060 0.2594 -0.6589
vn -0.9998 0.0168 -0.0074
vn -0.9998 0.0066 -0.0168
vn -0.0039 0.9442 0.3292
vn -0.7026 0.6719 0.2343
vn -0.9998 0.0174 0.0061
vn -0.0038 -0.9148 0.4039
vn -0.0039 -0.9442 -0.3294
vn -0.7027 -0.6717 -0.2344
vn -0.7028 -0.6508 0.2873
vn -0.0000 1.0000 -0.0000
vn -0.9998 -0.0174 -0.0061
vn -0.0039 -0.4282 -0.9037
vn -0.7060 -0.3032 -0.6400
vn -0.9998 -0.0078 -0.0164
vn -0.0002 0.7115 0.7027
vn -0.0001 -0.9442 -0.3294
vn -0.0001 -0.3667 0.9303
vn -0.0000 -0.3666 0.9304
vn -0.0000 0.3665 -0.9304
vn 0.0003 0.4289 0.9034
vn -0.0001 0.9442 0.3293
vn -0.0001 0.9148 -0.4040
vn 0.0057 -0.3625 0.9320
vn 0.0056 0.4275 0.9040
vn -0.7060 0.3027 0.6403
vn -0.7060 -0.2567 0.6600
vn -1.0000 -0.0011 -0.0024
vn -1.0000 0.0010 -0.0025
vn -0.0000 -0.4269 -0.9043
vn 0.0059 -0.9427 -0.3336
vn -0.7030 -0.6705 -0.2372
vn -0.7059 -0.3023 -0.6405
vn -1.0000 0.0025 0.0009
vn -1.0000 0.0011 0.0024
vn 0.0054 0.9428 0.3334
vn -0.7028 0.6706 0.2372
vn -1.0000 -0.0025 -0.0009
vn -0.7060 0.2567 -0.6600
vn -1.0000 -0.0010 0.0025
vn 0.0056 -0.9141 0.4055
vn -0.7036 -0.6496 0.2882
vn -1.0000 0.0025 -0.0011
vn 0.0056 0.9140 -0.4057
vn -0.7028 0.6503 -0.2885
vn -1.0000 -0.0025 0.0011
vn -0.9998 0.0078 0.0164
vn -0.9998 -0.0067 0.0168
vn -0.9998 -0.0168 0.0074
vn 0.8957 0.1630 -0.4137
vn 0.8953 -0.1908 -0.4026
vn -0.0001 -0.4282 -0.9037
vn 0.8928 -0.4254 -0.1484
vn 0.8933 -0.4112 0.1816
vn 0.8957 -0.1630 0.4137
vn -0.0001 -0.3667 0.9304
vn 0.8954 0.1910 0.4023
vn -0.0001 0.4289 0.9034
vn 0.8927 0.4255 0.1483
vn 0.8934 0.4110 -0.1815
vn -0.5357 -0.3061 0.7870
vn -0.8245 -0.2065 0.5268
vn -0.8210 -0.5221 0.2310
vn -0.5307 -0.7748 0.3437
vn -0.8201 -0.5399 -0.1894
vn -0.5294 -0.7998 -0.2830
vn -0.8240 -0.2423 -0.5122
vn -0.5349 -0.3607 -0.7641
vn -0.8246 0.2064 -0.5267
vn -0.5357 0.3059 -0.7871
vn -0.8209 0.5222 -0.2311
vn -0.5305 0.7748 -0.3438
vn -0.8202 0.5399 0.1894
vn -0.5296 0.7997 0.2828
vn -0.8240 0.2428 0.5120
vn -0.5349 0.3612 0.7638
vn -0.9350 -0.3355 -0.1151
vn -0.9366 -0.1505 -0.3163
vn -0.9369 0.1299 -0.3246
vn -0.9353 0.3239 -0.1423
vn -0.9350 0.3355 0.1150
vn -0.9367 0.1508 0.3161
vn -0.9369 -0.1300 0.3245
vn -0.9354 -0.3239 0.1422
vn -0.5268 0.3170 -0.7886
vn -0.5218 0.7813 -0.3426
vn -0.5207 0.8080 0.2759
vn -0.5258 0.3658 0.7679
vn -0.5265 -0.3167 0.7890
vn -0.5218 -0.7813 0.3426
vn -0.5205 -0.8080 -0.2759
vn -0.5258 -0.3666 -0.7675
vn -0.0000 0.9464 0.3231
vn -0.0000 0.4302 0.9027
vn -0.0000 -0.9464 -0.3231
vn -0.0000 -0.4311 -0.9023
vn -0.0000 0.4301 0.9028
vn -0.0036 -0.3725 0.9280
vn -0.0034 -0.9158 0.4016
vn -0.0036 -0.9464 -0.3231
vn -0.0036 -0.4311 -0.9023
vn -0.0036 0.3729 -0.9279
vn -0.0036 0.9158 -0.4016
vn -0.0036 0.9464 0.3231
vn -0.7839 0.2670 0.5606
vn -0.7846 -0.2310 0.5753
vn -0.7805 -0.5725 0.2511
vn -0.7794 -0.5929 -0.2024
vn -0.7839 -0.2676 -0.5603
vn -0.7844 0.2314 -0.5755
vn -0.7805 0.5725 -0.2511
vn -0.7794 0.5929 0.2024
vn 0.0040 0.4290 0.9033
vn 0.7056 0.3038 0.6401
vn 0.7061 -0.2596 0.6588
vn 0.0040 -0.3668 0.9303
vn 0.0039 0.3664 -0.9305
vn 0.7060 0.2595 -0.6590
vn 0.7028 0.6507 -0.2875
vn 0.9998 0.0066 -0.0168
vn 0.9998 0.0168 -0.0074
vn 0.7026 0.6719 0.2343
vn 0.0039 0.9442 0.3292
vn 0.9998 0.0174 0.0061
vn 0.0039 -0.9148 0.4040
vn 0.7028 -0.6508 0.2874
vn 0.7028 -0.6717 -0.2343
vn 0.0040 -0.9442 -0.3294
vn -0.0004 -0.0000 1.0000
vn 0.9998 -0.0174 -0.0061
vn 0.0039 -0.4282 -0.9037
vn 0.7060 -0.3032 -0.6400
vn 0.9998 -0.0078 -0.0164
vn -0.0002 -0.7115 0.7027
vn -0.0000 -0.3667 0.9303
vn -0.0001 -0.3666 0.9304
vn 0.0003 -0.3666 0.9304
vn 0.0003 0.9442 0.3293
vn -0.0056 -0.3625 0.9320
vn 0.7059 -0.2568 0.6601
vn 0.7059 0.3027 0.6403
vn -0.0056 0.4275 0.9040
vn 1.0000 0.0010 -0.0025
vn 1.0000 -0.0011 -0.0024
vn -0.0056 -0.4269 -0.9043
vn 0.7060 -0.3024 -0.6404
vn 0.7030 -0.6705 -0.2373
vn -0.0058 -0.9427 -0.3336
vn 1.0000 0.0011 0.0024
vn 1.0000 0.0025 0.0009
vn 0.7029 0.6706 0.2372
vn -0.0054 0.9428 0.3334
vn 1.0000 -0.0025 -0.0009
vn -0.0056 0.3624 -0.9320
vn 0.7061 0.2566 -0.6600
vn 1.0000 -0.0010 0.0025
vn -0.0055 -0.9141 0.4055
vn 0.7035 -0.6496 0.2882
vn 1.0000 0.0025 -0.0011
vn 0.7027 0.6503 -0.2886
vn -0.0056 0.9140 -0.4057
vn 1.0000 -0.0025 0.0011
vn 0.9998 0.0078 0.0164
vn 0.9998 -0.0067 0.0168
vn 0.9998 -0.0168 0.0074
vn -0.0000 0.7114 0.7027
vn -0.0000 0.7115 0.7027
vn -0.0000 -0.0000 1.0000
vn -0.0001 0.7114 0.7027
vn -0.0000 -0.7115 0.7027
vn -0.0000 -0.7114 0.7028
vn -0.0000 -1.0000 -0.0000
vn -0.0000 -0.7115 -0.7027
vn 0.0001 -0.7115 -0.7027
vn -0.0000 -0.0000 -1.0000
vn -0.0000 0.7115 -0.7027
vn 0.0001 0.7115 -0.7027
vn -0.0000 0.7114 -0.7027
vn 0.7029 -0.6945 -0.1535
vn 0.7030 -0.6944 -0.1535
vn 1.0000 -0.0001 -0.0001
vn 1.0000 -0.0000 0.0001
vn 0.7030 -0.6945 -0.1535
vn 1.0000 0.0001 -0.0000
vn 0.7027 -0.6873 -0.1840
vn 0.9991 0.0091 -0.0403
vn 0.6862 -0.6845 -0.2462
vn 0.9908 -0.0119 -0.1345
vn 0.6745 -0.6463 -0.3567
vn 0.9711 0.0125 -0.2383
vn -0.7030 -0.6945 -0.1535
vn -0.7029 -0.6945 -0.1535
vn -1.0000 -0.0001 -0.0001
vn -1.0000 -0.0000 0.0001
vn -0.7030 -0.6944 -0.1534
vn -1.0000 0.0001 -0.0000
vn -0.9991 -0.0091 0.0403
vn -0.7026 -0.7007 -0.1235
vn -0.9908 0.0120 0.1345
vn -0.7149 -0.6968 -0.0582
vn -0.9884 0.0079 0.1519
vn -0.7172 -0.6906 -0.0932
vn -0.0001 -0.9764 -0.2158
vn -0.0000 -0.9764 -0.2158
vn -0.0000 -0.9764 -0.2159
vn -0.0001 -0.9764 -0.2162
vn -0.0000 -0.9760 -0.2177
vn 0.0001 -0.9548 -0.2973
vn 0.7029 0.6945 0.1535
vn 0.7030 0.6945 0.1535
vn 0.7029 0.6945 0.1536
vn 0.7030 0.6944 0.1534
vn 0.7026 0.7001 0.1274
vn 0.7151 0.6962 0.0625
vn 0.7131 0.7002 0.0346
vn -0.0001 0.9764 0.2158
vn 0.0001 0.9764 0.2158
vn -0.0001 0.9765 0.2157
vn -0.0001 0.9763 0.2164
vn -0.0000 0.9759 0.2180
vn -0.0000 0.9616 0.2746
vn -0.7029 0.6945 0.1535
vn -0.7030 0.6944 0.1535
vn -0.7029 0.6945 0.1536
vn -0.7030 0.6944 0.1534
vn -0.7030 0.6945 0.1535
vn -0.7028 0.6882 0.1803
vn -0.6863 0.6858 0.2424
vn -0.6811 0.6656 0.3052
vn -0.9390 0.2056 0.2755
vn -0.9916 0.0968 0.0862
vn -0.9912 0.1072 0.0779
vn -0.9382 0.2154 0.2708
vn 0.9935 0.0521 0.1010
vn -0.0260 0.5584 0.8291
vn -0.0256 0.5734 0.8189
vn 0.9823 0.1873 0.0020
vn -0.9925 -0.0272 -0.1191
vn -0.9934 -0.0751 -0.0867
vn 0.0190 -0.5620 -0.8269
vn 0.0257 -0.6286 -0.7773
vn 0.9390 -0.2233 -0.2616
vn 0.9305 -0.0991 -0.3525
vn 0.9917 -0.0924 -0.0895
vn 0.9757 0.0701 -0.2078
vn 0.6839 -0.3777 -0.6241
vn 0.8800 0.1364 -0.4550
vn -0.9934 0.1083 -0.0375
vn -0.8020 -0.4706 -0.3677
vn 0.0001 -0.7832 -0.6217
vn 0.7887 0.6127 0.0494
vn -0.0000 0.7325 0.6807
vn -0.7366 0.5257 0.4255
vn 0.8766 0.4601 -0.1410
vn 0.8921 0.2621 -0.3681
vn 0.0250 -0.7591 -0.6505
vn -0.9755 -0.1706 -0.1391
vn 0.8777 -0.0592 -0.4756
vn -0.9081 0.3229 0.2666
vn -0.0256 0.6853 0.7278
vn -0.9865 0.1633 0.0130
vn 0.8997 0.3633 -0.2421
vn 0.9984 -0.0507 -0.0268
vn 0.9623 -0.1729 -0.2098
vn 0.8641 0.2787 -0.4191
vn -0.8774 0.3147 -0.3622
vn -0.9812 -0.0602 -0.1835
vn -0.9983 0.0515 0.0263
vn -0.8987 0.4052 -0.1677
vn 0.1047 -0.5138 -0.8515
vn 0.0812 0.2916 -0.9531
vn 0.8842 0.4641 -0.0532
vn 0.9816 0.0824 0.1723
vn -0.0706 0.9433 0.3243
vn -0.1044 0.5043 0.8572
vn -0.8674 0.4974 0.0094
vn -0.9631 0.1513 0.2226
vn -0.0105 0.8810 -0.4730
vn 0.0110 0.8767 -0.4809
vn -0.0075 0.8826 -0.4701
vn -0.0116 0.8843 -0.4667
vn 0.0078 0.8876 -0.4605
vn 0.0293 0.8831 -0.4683
vn 0.0263 0.8816 -0.4713
vn 0.0302 0.8797 -0.4745
vn 0.0094 0.8825 -0.4702
vn 0.0095 0.8822 -0.4708
vn 0.0093 0.8818 -0.4715
vn 0.9949 -0.0719 -0.0711
vn 0.9417 -0.2457 -0.2299
vn -0.9889 0.0259 -0.1461
vn -0.9862 0.1651 0.0083
vn 0.8848 -0.3086 -0.3492
vn 0.0539 -0.5570 -0.8287
vn 0.0798 -0.5593 -0.8251
vn 0.9929 0.0540 0.1056
vn -0.9755 -0.0560 -0.2128
vn -0.0795 0.5511 0.8306
vn -0.0536 0.5504 0.8332
vn 0.9833 0.0749 0.1657
vn -0.9103 0.2523 0.3283
vn -0.9518 0.2008 0.2317
vn 0.9283 -0.3468 0.1341
vn 0.9593 -0.2170 -0.1804
vn -0.9871 -0.0515 -0.1517
vn -0.9956 -0.0468 0.0818
vn 0.1014 -0.5611 -0.8215
vn 0.9886 -0.0258 0.1486
vn -0.1011 0.5517 0.8279
vn -0.9580 0.1935 0.2115
vn -0.9999 0.0030 -0.0148
vn -0.9975 -0.0591 0.0387
vn -0.9945 0.0586 0.0872
vn -0.9900 0.1386 0.0278
vn -0.9738 0.1902 -0.1244
vn -0.9982 -0.0119 0.0581
vn -0.9885 0.0844 0.1257
vn -0.9914 0.1282 0.0257
vn -0.6152 0.7730 0.1550
vn -0.6180 0.4388 0.6524
vn -0.6154 0.6597 -0.4313
vn -0.6166 0.1578 -0.7713
vn -0.6137 -0.4406 -0.6552
vn -0.6101 -0.7768 -0.1559
vn -0.6129 -0.6614 0.4324
vn -0.6178 -0.1578 0.7703
vn -0.0000 0.9805 0.1965
vn -0.0001 0.5580 0.8298
vn -0.0000 0.8370 -0.5472
vn -0.0000 0.2005 -0.9797
vn -0.0000 -0.5579 -0.8299
vn -0.0000 -0.9804 -0.1968
vn -0.0000 -0.8370 0.5472
vn -0.0000 -0.2006 0.9797
vn 0.9951 -0.0553 -0.0823
vn 0.9954 -0.0939 -0.0188
vn 0.9608 -0.2321 0.1519
vn 0.9999 0.0030 -0.0150
vn 0.9856 -0.0943 -0.1404
vn 0.9853 -0.1677 -0.0336
vn 0.9984 0.0470 -0.0307
vn 0.9995 0.0065 -0.0317
vn 0.6179 0.4387 0.6525
vn 0.6152 0.7730 0.1549
vn 0.6154 0.6597 -0.4313
vn 0.6165 0.1580 -0.7713
vn 0.6137 -0.4406 -0.6552
vn 0.6101 -0.7768 -0.1559
vn 0.6129 -0.6614 0.4324
vn 0.6178 -0.1578 0.7704
vn 0.0003 0.5580 0.8298
vn 0.0001 0.9805 0.1965
vn 0.9965 -0.0172 -0.0812
vn 0.6935 0.6317 -0.3465
vn 0.6945 0.6430 -0.3228
vn 0.9988 -0.0024 -0.0491
vn -0.0060 0.9118 -0.4105
vn -0.0059 0.9128 -0.4084
vn -0.0061 0.9119 -0.4104
vn -0.7102 0.6632 -0.2361
vn -0.7114 0.6541 -0.2571
vn -0.9966 0.0169 0.0806
vn -0.9988 0.0024 0.0491
vn -0.9959 -0.0132 0.0897
vn -0.5902 -0.7929 0.1518
vn -0.6945 -0.6430 0.3229
vn -0.6935 -0.6317 0.3464
vn 0.0061 -0.9118 0.4105
vn 0.0059 -0.9128 0.4084
vn -0.6945 -0.6431 0.3228
vn 0.7103 -0.6633 0.2356
vn 0.7113 -0.6541 0.2571
vn 0.6945 0.6430 -0.3227
vn 0.9989 -0.0011 -0.0462
vn -0.0061 0.9115 -0.4113
vn -0.7115 0.6523 -0.2613
vn -0.9989 0.0010 0.0461
vn -0.6945 -0.6430 0.3228
vn 0.0061 -0.9115 0.4113
vn 0.7115 -0.6523 0.2612
vn 1.0000 -0.0009 -0.0020
vn 0.7035 0.6478 -0.2923
vn 0.7035 0.6487 -0.2903
vn 1.0000 0.0001 0.0004
vn -0.0001 0.9126 -0.4088
vn 0.0001 0.9127 -0.4087
vn -0.7035 0.6494 -0.2887
vn -0.7034 0.6486 -0.2907
vn -1.0000 0.0009 0.0020
vn -1.0000 -0.0000 -0.0002
vn -0.7036 -0.6481 0.2915
vn -0.7035 -0.6488 0.2903
vn -0.0000 -0.9126 0.4088
vn -0.0000 -0.9127 0.4087
vn 0.7035 -0.6491 0.2895
vn 0.7035 -0.6486 0.2907
vn 0.7035 0.6486 -0.2905
vn 1.0000 -0.0000 -0.0001
vn -0.0000 0.9127 -0.4087
vn -0.7035 0.6486 -0.2905
vn -1.0000 -0.0000 -0.0001
vn -0.7035 -0.6487 0.2905
vn 0.7035 -0.6486 0.2905
vn 0.7034 0.6487 -0.2905
vn -0.0001 0.9127 -0.4087
vn -0.7034 -0.6487 0.2905
vn -0.7035 0.6487 -0.2905
vn -0.7035 -0.6486 0.2905
vn 0.0001 -0.9127 0.4087
vn 0.7035 -0.6487 0.2905
vn 0.7033 0.6575 -0.2704
vn 0.0001 0.9249 -0.3802
vn -0.7033 0.6575 -0.2703
vn -0.7033 -0.6573 0.2709
vn -0.0000 -0.9245 0.3811
vn 0.7033 -0.6573 0.2709
vn 0.7027 0.6737 -0.2286
vn 0.0001 0.9471 -0.3210
vn -0.7027 0.6737 -0.2286
vn -0.7027 -0.6735 0.2295
vn -0.0001 -0.9465 0.3228
vn 0.7027 -0.6735 0.2295
vn 0.7023 0.6858 -0.1910
vn -0.0000 0.9634 -0.2681
vn -0.7023 0.6858 -0.1910
vn -0.7022 -0.6857 0.1916
vn 0.0001 -0.9631 0.2693
vn 0.7022 -0.6857 0.1916
vn 0.7037 0.6891 -0.1729
vn 0.7066 0.6914 -0.1505
vn -0.0001 0.9699 -0.2434
vn -0.0001 0.9769 -0.2136
vn -0.7037 0.6892 -0.1729
vn -0.7066 0.6914 -0.1505
vn -0.7037 -0.6893 0.1721
vn -0.7070 -0.6918 0.1466
vn -0.0000 -0.9703 0.2421
vn 0.0001 -0.9785 0.2061
vn 0.7037 -0.6893 0.1721
vn 0.7071 -0.6918 0.1466
vn -0.0170 0.3679 0.9297
vn -0.0648 0.3686 0.9273
vn -0.0752 0.9206 0.3832
vn -0.0253 0.9225 0.3851
vn -0.0408 0.9233 -0.3818
vn -0.0216 0.9212 -0.3884
vn -0.0216 0.9213 -0.3884
vn 0.0196 0.3952 -0.9184
vn -0.0068 0.3888 -0.9213
vn 0.0707 -0.3685 -0.9269
vn 0.0166 -0.3679 -0.9297
vn 0.0791 -0.9206 -0.3824
vn 0.0314 -0.9227 -0.3842
vn 0.0409 -0.9234 0.3817
vn 0.0214 -0.9212 0.3884
vn -0.0177 -0.3949 0.9186
vn 0.0006 -0.3896 0.9210
vn 0.0629 -0.3698 -0.9270
vn -0.0177 -0.3949 0.9185
vn -0.0648 0.3687 0.9273
vn -0.0296 0.3632 0.9312
vn -0.1594 0.3673 0.9163
vn -0.1578 0.9163 0.3680
vn -0.0598 0.9192 -0.3893
vn 0.0797 0.3964 -0.9146
vn 0.1764 -0.3665 -0.9136
vn 0.1648 -0.9161 -0.3655
vn 0.0597 -0.9193 0.3890
vn -0.0709 -0.3943 0.9162
vn -0.2951 0.3585 0.8857
vn -0.2641 0.9055 0.3322
vn -0.0736 0.9126 -0.4023
vn 0.1700 0.4046 -0.8985
vn 0.3220 -0.3553 -0.8776
vn 0.2745 -0.9045 -0.3263
vn 0.0733 -0.9127 0.4019
vn -0.1559 -0.3999 0.9032
vn -0.4651 0.3344 0.8197
vn -0.3876 0.8822 0.2674
vn -0.0818 0.9049 -0.4177
vn 0.2852 0.4261 -0.8585
vn 0.4993 -0.3270 -0.8024
vn 0.4001 -0.8797 -0.2570
vn 0.0815 -0.9052 0.4172
vn -0.2673 -0.4182 0.8681
vn -0.6599 0.2844 0.6955
vn -0.5174 0.8396 0.1658
vn -0.0763 0.9028 -0.4233
vn 0.4286 0.4714 -0.7708
vn 0.6941 -0.2719 -0.6665
vn 0.5220 -0.8379 -0.1596
vn 0.0760 -0.9031 0.4227
vn -0.4031 -0.4569 0.7929
vn -0.8431 0.2014 0.4987
vn -0.6129 0.7898 0.0233
vn -0.0230 0.9002 -0.4348
vn -0.0231 0.9002 -0.4348
vn 0.5797 0.5164 -0.6303
vn 0.8638 -0.1877 -0.4675
vn 0.6151 -0.7882 -0.0195
vn 0.0227 -0.9005 0.4344
vn -0.5632 -0.5027 0.6559
vn -0.4031 -0.4570 0.7929
vn -0.4950 -0.6264 0.6022
vn -0.8222 0.0650 0.5655
vn -0.6598 0.2844 0.6955
vn -0.9616 0.0958 0.2570
vn -0.6845 0.7186 -0.1227
vn -0.0095 0.9081 -0.4187
vn -0.0096 0.9080 -0.4188
vn 0.6661 0.5836 -0.4645
vn 0.9671 -0.0876 -0.2387
vn 0.6867 -0.7151 0.1306
vn 0.0094 -0.9082 0.4185
vn -0.6630 -0.5791 0.4745
vn -0.5856 -0.7319 0.3485
vn -0.9567 0.0075 0.2909
vn -0.0001 -0.9354 -0.3536
vn 0.0001 -0.3671 -0.9302
vn -0.0000 0.3542 -0.9352
vn -0.0000 0.9094 -0.4159
vn -0.0000 0.9093 -0.4160
vn -0.0001 0.9262 0.3771
vn -0.0000 0.3670 0.9302
vn -0.0000 0.3672 0.9302
vn -0.0000 -0.3568 -0.9342
vn -0.0000 -0.3812 0.9245
vn -0.0000 -0.9096 0.4154
vn 0.0013 -0.9127 0.4087
vn -0.6965 -0.6533 0.2966
vn -0.6953 -0.6506 0.3054
vn 0.0120 -0.9126 0.4087
vn -0.6947 -0.6472 0.3139
vn 0.0094 -0.9127 0.4084
vn -0.9999 -0.0106 0.0125
vn -0.9997 -0.0078 0.0248
vn -0.9993 -0.0034 0.0366
vn -0.7104 0.6449 -0.2819
vn -0.7115 0.6472 -0.2739
vn -0.7117 0.6502 -0.2660
vn -0.0120 0.9126 -0.4086
vn -0.0063 0.9127 -0.4086
vn -0.0095 0.9127 -0.4084
vn 0.7368 0.5744 -0.3566
vn 0.6721 0.6721 -0.3107
vn 0.7337 0.6411 -0.2251
vn 0.7478 -0.6372 0.1868
vn 0.6842 -0.6726 0.2818
vn 0.7519 -0.5764 0.3202
vn 0.6947 0.6465 -0.3152
vn 0.6947 0.6468 -0.3146
vn 0.9993 0.0030 -0.0373
vn 0.9991 0.0011 -0.0413
vn 0.9811 0.0983 0.1670
vn -0.0060 0.9140 -0.4057
vn -0.0060 0.9128 -0.4084
vn -0.7115 0.6524 -0.2609
vn -0.7117 0.6503 -0.2657
vn -0.9991 -0.0011 0.0414
vn -0.9993 -0.0031 0.0370
vn -0.6947 -0.6463 0.3156
vn -0.6947 -0.6470 0.3144
vn 0.0059 -0.9140 0.4057
vn 0.0060 -0.9128 0.4084
vn 0.7115 -0.6526 0.2605
vn 0.7117 -0.6500 0.2663
vn 0.6982 0.6514 -0.2969
vn 0.9999 0.0086 -0.0081
vn 0.9686 -0.0922 -0.2311
vn -0.0036 0.9126 -0.4088
vn -0.7087 0.6455 -0.2847
vn -0.9999 -0.0083 0.0086
vn -0.6982 -0.6524 0.2946
vn 0.0037 -0.9126 0.4088
vn 0.7087 -0.6446 0.2868
vn 0.6798 -0.6349 -0.3671
vn 0.9832 -0.0171 -0.1816
vn 0.8770 -0.1887 -0.4420
vn 0.6501 -0.3098 -0.6938
vn 0.9850 -0.0993 -0.1411
vn 0.6463 0.1670 -0.7446
vn 0.9982 0.0463 -0.0384
vn 0.8987 0.3934 -0.1940
vn 0.9903 0.0247 0.1367
vn 0.6816 0.6485 0.3389
vn 0.8962 0.2005 0.3956
vn 0.6882 0.3161 0.6530
vn 0.9885 0.1202 0.0913
vn 0.7003 -0.1396 0.7001
vn 0.9996 -0.0270 -0.0052
vn 0.9354 -0.3279 0.1323
vn 0.1329 -0.3591 0.9238
vn 0.1254 0.4235 0.8972
vn 0.2111 -0.8934 0.3965
vn 0.1409 -0.9333 -0.3302
vn 0.1157 -0.4245 -0.8980
vn 0.1185 0.3599 -0.9254
vn 0.1922 0.8971 -0.3979
vn 0.1403 0.9334 0.3303
vn 0.5218 -0.3092 0.7951
vn 0.9009 0.1853 0.3925
vn 0.8955 -0.4068 0.1805
vn 0.4992 -0.8169 -0.2889
vn 0.8985 -0.1877 -0.3968
vn 0.5214 0.3093 -0.7953
vn 0.8931 0.4112 -0.1825
vn 0.4992 0.8169 0.2890
vn 0.0014 -0.9127 0.4087
vn -0.6965 -0.6483 0.3077
vn -0.6949 -0.6457 0.3165
vn 0.0062 -0.9127 0.4085
vn -0.6942 -0.6422 0.3250
vn 0.0094 -0.9128 0.4083
vn -0.9996 -0.0033 0.0284
vn -0.9992 -0.0005 0.0407
vn -0.9986 0.0039 0.0524
vn -0.7102 0.6499 -0.2706
vn -0.7111 0.6523 -0.2625
vn -0.7112 0.6553 -0.2547
vn -0.0015 0.9127 -0.4086
vn -0.0063 0.9128 -0.4085
vn -0.0096 0.9128 -0.4083
vn 0.7352 0.5691 -0.3684
vn 0.6718 0.6673 -0.3214
vn 0.7347 0.6357 -0.2369
vn 0.7461 -0.6425 0.1750
vn 0.6838 -0.6775 0.2710
vn 0.7526 -0.5819 0.3082
vn 0.6943 0.6412 -0.3269
vn 0.9843 0.0911 0.1513
vn 0.9988 -0.0022 -0.0489
vn -0.0063 0.9103 -0.4140
vn -0.7115 0.6522 -0.2616
vn -0.9988 0.0021 0.0485
vn -0.6942 -0.6415 0.3263
vn 0.0062 -0.9103 0.4140
vn 0.7115 -0.6520 0.2621
vn 0.6979 0.6432 -0.3149
vn 0.9991 -0.0068 -0.0416
vn 0.9641 -0.0993 -0.2464
vn -0.0036 0.9151 -0.4031
vn -0.7079 0.6574 -0.2583
vn -0.9991 0.0068 0.0416
vn -0.6980 -0.6432 0.3148
vn 0.0035 -0.9151 0.4031
vn 0.7079 -0.6572 0.2587
vn 0.6693 -0.6397 -0.3780
vn 0.9800 -0.0241 -0.1973
vn 0.8684 -0.1950 -0.4560
vn 0.6367 -0.3144 -0.7041
vn 0.9819 -0.1065 -0.1568
vn 0.6355 0.1624 -0.7549
vn 0.9978 0.0391 -0.0543
vn 0.8983 0.3869 -0.2084
vn 0.9925 0.0175 0.1210
vn 0.6914 0.6436 0.3281
vn 0.9038 0.1941 0.3814
vn 0.7008 0.3110 0.6420
vn 0.9907 0.1130 0.0756
vn 0.7103 -0.1448 0.6889
vn 0.9992 -0.0343 -0.0211
vn 0.9350 -0.3346 0.1175
vn 0.1449 -0.3601 0.9216
vn 0.1428 0.4226 0.8950
vn 0.2112 -0.8949 0.3932
vn 0.1290 -0.9343 -0.3322
vn 0.0985 -0.4254 -0.8996
vn 0.1063 0.3592 -0.9272
vn 0.1922 0.8957 -0.4011
vn 0.1520 0.9324 0.3279
vn 0.5322 -0.3130 0.7866
vn 0.9083 0.1787 0.3781
vn 0.8953 -0.4133 0.1663
vn 0.4887 -0.8204 -0.2967
vn 0.8907 -0.1942 -0.4110
vn 0.5109 0.3057 -0.8035
vn 0.8930 0.4048 -0.1967
vn 0.5095 0.8132 0.2811
vn -0.9966 -0.0172 -0.0812
vn -0.9988 -0.0024 -0.0491
vn -0.6945 0.6430 -0.3228
vn -0.6934 0.6317 -0.3465
vn 0.0059 0.9128 -0.4084
vn 0.0061 0.9118 -0.4105
vn 0.0060 0.9119 -0.4104
vn 0.7113 0.6542 -0.2571
vn 0.7103 0.6632 -0.2361
vn 0.9988 0.0024 0.0491
vn 0.9966 0.0169 0.0806
vn 0.9959 -0.0133 0.0898
vn 0.6944 -0.6431 0.3229
vn 0.6641 0.4629 -0.5871
vn 0.6936 -0.6317 0.3464
vn 0.6945 -0.6430 0.3228
vn -0.0060 -0.9128 0.4084
vn -0.0061 -0.9118 0.4105
vn -0.7114 -0.6541 0.2572
vn -0.7103 -0.6633 0.2356
vn -0.9989 -0.0011 -0.0462
vn -0.6946 0.6430 -0.3227
vn 0.0061 0.9115 -0.4113
vn 0.7114 0.6524 -0.2613
vn 0.9989 0.0010 0.0461
vn 0.6945 -0.6431 0.3227
vn -0.0060 -0.9115 0.4113
vn -0.7115 -0.6523 0.2612
vn -1.0000 -0.0009 -0.0020
vn -1.0000 0.0001 0.0004
vn -0.7035 0.6488 -0.2903
vn -0.7035 0.6478 -0.2923
vn 0.0001 0.9126 -0.4088
vn 0.7035 0.6486 -0.2907
vn 0.7035 0.6494 -0.2887
vn 1.0000 -0.0000 -0.0002
vn 1.0000 0.0009 0.0020
vn 0.7035 -0.6487 0.2903
vn 0.7035 -0.6482 0.2915
vn -0.0001 -0.9127 0.4087
vn -0.7035 -0.6485 0.2907
vn -0.7035 -0.6490 0.2895
vn -0.7033 0.6575 -0.2704
vn -0.0000 0.9249 -0.3802
vn 0.7033 -0.6572 0.2709
vn -0.0003 -0.9245 0.3811
vn -0.7033 -0.6572 0.2709
vn -0.7028 0.6737 -0.2286
vn -0.0000 0.9471 -0.3210
vn 0.7028 0.6737 -0.2286
vn 0.7028 -0.6734 0.2295
vn -0.7028 -0.6734 0.2295
vn 0.7023 -0.6856 0.1916
vn -0.0001 -0.9631 0.2693
vn -0.7023 -0.6856 0.1916
vn -0.7037 0.6891 -0.1729
vn -0.0000 0.9699 -0.2434
vn 0.7038 -0.6892 0.1722
vn -0.0001 -0.9703 0.2421
vn -0.7038 -0.6892 0.1722
vn 0.0169 0.3679 0.9297
vn 0.0252 0.9225 0.3851
vn 0.0752 0.9206 0.3832
vn 0.0648 0.3686 0.9273
vn 0.0215 0.9212 -0.3884
vn 0.0408 0.9233 -0.3818
vn 0.0216 0.9213 -0.3884
vn 0.0067 0.3888 -0.9213
vn -0.0194 0.3952 -0.9184
vn -0.0166 -0.3679 -0.9297
vn -0.0708 -0.3685 -0.9269
vn -0.0315 -0.9227 -0.3842
vn -0.0792 -0.9206 -0.3824
vn -0.0213 -0.9212 0.3884
vn -0.0408 -0.9234 0.3817
vn -0.0006 -0.3896 0.9210
vn 0.0177 -0.3949 0.9186
vn 0.0679 -0.3931 0.9170
vn 0.0295 0.3632 0.9312
vn 0.0648 0.3687 0.9273
vn 0.0177 -0.3949 0.9185
vn 0.1578 0.9163 0.3680
vn 0.1596 0.3673 0.9163
vn 0.0597 0.9192 -0.3893
vn -0.0797 0.3964 -0.9146
vn -0.1763 -0.3665 -0.9136
vn -0.1649 -0.9161 -0.3655
vn -0.0596 -0.9193 0.3890
vn 0.0709 -0.3943 0.9162
vn 0.2640 0.9055 0.3323
vn 0.2951 0.3585 0.8857
vn 0.0735 0.9126 -0.4023
vn -0.1701 0.4046 -0.8985
vn -0.3219 -0.3553 -0.8776
vn -0.2745 -0.9045 -0.3263
vn -0.0733 -0.9127 0.4020
vn 0.1559 -0.3999 0.9032
vn 0.3877 0.8822 0.2673
vn 0.4651 0.3344 0.8197
vn 0.0819 0.9049 -0.4177
vn -0.2852 0.4261 -0.8585
vn -0.4993 -0.3271 -0.8023
vn -0.4002 -0.8797 -0.2570
vn -0.0816 -0.9051 0.4172
vn 0.2673 -0.4182 0.8681
vn 0.5173 0.8396 0.1658
vn 0.6598 0.2844 0.6955
vn 0.0763 0.9028 -0.4233
vn -0.4286 0.4714 -0.7708
vn -0.6941 -0.2719 -0.6666
vn -0.5221 -0.8378 -0.1596
vn -0.0760 -0.9031 0.4227
vn 0.4031 -0.4570 0.7929
vn 0.6129 0.7898 0.0233
vn 0.8431 0.2014 0.4986
vn 0.0230 0.9002 -0.4348
vn -0.5798 0.5163 -0.6303
vn 0.0229 0.9002 -0.4349
vn -0.8638 -0.1877 -0.4675
vn -0.6151 -0.7882 -0.0195
vn -0.0227 -0.9005 0.4344
vn 0.5631 -0.5027 0.6559
vn 0.6599 0.2845 0.6955
vn 0.8222 0.0650 0.5655
vn 0.5276 -0.2013 -0.8253
vn 0.6845 0.7186 -0.1227
vn 0.9616 0.0958 0.2570
vn 0.0096 0.9081 -0.4187
vn -0.6660 0.5837 -0.4645
vn 0.0096 0.9080 -0.4188
vn -0.9671 -0.0876 -0.2386
vn -0.6868 -0.7151 0.1306
vn -0.0094 -0.9082 0.4185
vn 0.6630 -0.5790 0.4745
vn 0.9567 0.0074 0.2909
vn 0.6878 0.1827 -0.7025
vn -0.0013 -0.9127 0.4087
vn -0.0062 -0.9127 0.4086
vn 0.6953 -0.6506 0.3054
vn 0.6966 -0.6533 0.2966
vn -0.0093 -0.9127 0.4084
vn 0.6948 -0.6471 0.3140
vn 0.9997 -0.0078 0.0248
vn 0.9999 -0.0106 0.0125
vn 0.9993 -0.0034 0.0366
vn 0.7115 0.6471 -0.2739
vn 0.7104 0.6448 -0.2819
vn 0.7117 0.6501 -0.2660
vn 0.0062 0.9127 -0.4086
vn 0.0016 0.9127 -0.4087
vn 0.0094 0.9127 -0.4084
vn -0.6721 0.6722 -0.3107
vn -0.7368 0.5745 -0.3565
vn -0.7337 0.6411 -0.2251
vn -0.7478 -0.6371 0.1868
vn -0.6842 -0.6726 0.2818
vn -0.7518 -0.5765 0.3201
vn -0.6947 0.6465 -0.3152
vn -0.9991 0.0011 -0.0413
vn -0.9993 0.0030 -0.0373
vn -0.6948 0.6467 -0.3147
vn -0.9811 0.0982 0.1670
vn 0.0060 0.9140 -0.4057
vn 0.7115 0.6525 -0.2609
vn 0.7117 0.6503 -0.2657
vn 0.9991 -0.0011 0.0414
vn 0.9993 -0.0031 0.0370
vn 0.6947 -0.6464 0.3156
vn 0.6947 -0.6469 0.3144
vn -0.0060 -0.9140 0.4057
vn -0.7115 -0.6527 0.2605
vn -0.7118 -0.6500 0.2663
vn -0.9686 -0.0922 -0.2310
vn -0.9999 0.0086 -0.0081
vn -0.6983 0.6513 -0.2970
vn -0.0000 0.9126 -0.4088
vn 0.7087 0.6455 -0.2847
vn 0.9999 -0.0083 0.0086
vn 0.6983 -0.6523 0.2947
vn -0.0037 -0.9126 0.4088
vn -0.7088 -0.6445 0.2868
vn -0.6798 -0.6349 -0.3671
vn -0.6501 -0.3098 -0.6938
vn -0.8769 -0.1887 -0.4420
vn -0.9832 -0.0170 -0.1816
vn -0.6462 0.1670 -0.7446
vn -0.9850 -0.0993 -0.1411
vn -0.8987 0.3934 -0.1940
vn -0.9982 0.0463 -0.0384
vn -0.6816 0.6485 0.3389
vn -0.9903 0.0247 0.1367
vn -0.6883 0.3162 0.6529
vn -0.8962 0.2005 0.3956
vn -0.7003 -0.1396 0.7001
vn -0.9885 0.1202 0.0913
vn -0.9354 -0.3279 0.1323
vn -0.9996 -0.0270 -0.0052
vn -0.1254 0.4235 0.8972
vn -0.1329 -0.3591 0.9238
vn -0.2110 -0.8934 0.3965
vn -0.1408 -0.9334 -0.3302
vn -0.1157 -0.4245 -0.8980
vn -0.1186 0.3599 -0.9254
vn -0.1922 0.8971 -0.3979
vn -0.1401 0.9335 0.3302
vn -0.9008 0.1853 0.3926
vn -0.5219 -0.3091 0.7950
vn -0.8955 -0.4068 0.1805
vn -0.4992 -0.8169 -0.2889
vn -0.8985 -0.1877 -0.3968
vn -0.5215 0.3093 -0.7952
vn -0.8930 0.4113 -0.1825
vn -0.4991 0.8169 0.2891
vn -0.0014 -0.9127 0.4087
vn -0.0063 -0.9127 0.4085
vn 0.6950 -0.6456 0.3165
vn 0.6964 -0.6484 0.3077
vn -0.0094 -0.9128 0.4083
vn 0.6943 -0.6421 0.3251
vn 0.9992 -0.0005 0.0407
vn 0.9996 -0.0033 0.0284
vn 0.9986 0.0039 0.0524
vn 0.7111 0.6522 -0.2625
vn 0.7102 0.6499 -0.2706
vn 0.7112 0.6552 -0.2547
vn 0.0063 0.9128 -0.4085
vn 0.0016 0.9127 -0.4086
vn 0.0096 0.9128 -0.4083
vn -0.6719 0.6673 -0.3215
vn -0.7351 0.5691 -0.3683
vn -0.7347 0.6358 -0.2368
vn -0.7460 -0.6426 0.1749
vn -0.6837 -0.6776 0.2709
vn -0.7527 -0.5818 0.3082
vn -0.6942 0.6412 -0.3269
vn -0.9988 -0.0022 -0.0489
vn -0.9843 0.0911 0.1513
vn 0.0062 0.9103 -0.4140
vn 0.7115 0.6522 -0.2616
vn 0.9988 0.0021 0.0485
vn 0.6942 -0.6415 0.3263
vn -0.0062 -0.9103 0.4140
vn -0.7115 -0.6519 0.2622
vn -0.9641 -0.0993 -0.2465
vn -0.9991 -0.0068 -0.0416
vn -0.6980 0.6431 -0.3150
vn 0.0035 0.9151 -0.4031
vn 0.7080 0.6573 -0.2583
vn 0.9991 0.0068 0.0416
vn 0.6979 -0.6433 0.3148
vn -0.0035 -0.9151 0.4031
vn -0.7079 -0.6572 0.2587
vn -0.6693 -0.6396 -0.3780
vn -0.6368 -0.3145 -0.7040
vn -0.8684 -0.1950 -0.4559
vn -0.9800 -0.0241 -0.1973
vn -0.6355 0.1624 -0.7549
vn -0.9819 -0.1065 -0.1567
vn -0.8982 0.3870 -0.2084
vn -0.9978 0.0391 -0.0543
vn -0.6915 0.6436 0.3280
vn -0.9925 0.0175 0.1210
vn -0.7007 0.3110 0.6421
vn -0.9038 0.1941 0.3814
vn -0.7103 -0.1447 0.6888
vn -0.9907 0.1130 0.0756
vn -0.9350 -0.3346 0.1174
vn -0.9992 -0.0343 -0.0211
vn -0.1428 0.4226 0.8950
vn -0.1449 -0.3602 0.9216
vn -0.2111 -0.8949 0.3931
vn -0.1288 -0.9343 -0.3323
vn -0.0984 -0.4254 -0.8997
vn -0.1064 0.3592 -0.9272
vn -0.1922 0.8957 -0.4011
vn -0.1519 0.9324 0.3279
vn -0.9083 0.1787 0.3781
vn -0.5323 -0.3129 0.7866
vn -0.8953 -0.4134 0.1663
vn -0.4888 -0.8204 -0.2967
vn -0.8907 -0.1942 -0.4110
vn -0.5110 0.3056 -0.8034
vn -0.8930 0.4049 -0.1967
vn -0.5096 0.8132 0.2810
vn -0.9991 0.0091 -0.0403
vn -0.7028 -0.6872 -0.1839
vn -0.9908 -0.0119 -0.1345
vn -0.6862 -0.6845 -0.2462
vn -0.9711 0.0125 -0.2383
vn -0.6746 -0.6463 -0.3567
vn 0.7026 -0.7008 -0.1236
vn 0.9991 -0.0091 0.0403
vn 0.7149 -0.6968 -0.0582
vn 0.9908 0.0120 0.1345
vn 0.7171 -0.6907 -0.0933
vn 0.9884 0.0079 0.1519
vn -0.0000 -0.9764 -0.2162
vn -0.0001 -0.9760 -0.2177
vn -0.0000 -0.9548 -0.2973
vn -0.7027 0.7000 0.1273
vn -0.7151 0.6963 0.0626
vn -0.7131 0.7002 0.0347
vn -0.0000 0.9764 0.2158
vn -0.0000 0.9765 0.2157
vn -0.0000 0.9763 0.2164
vn -0.0001 0.9616 0.2746
vn 0.7030 0.6944 0.1535
vn 0.7027 0.6882 0.1804
vn 0.6862 0.6858 0.2425
vn 0.6811 0.6656 0.3051
vn 0.9391 0.2056 0.2754
vn 0.9382 0.2154 0.2709
vn 0.9912 0.1072 0.0779
vn 0.9916 0.0968 0.0862
vn -0.9935 0.0521 0.1010
vn -0.9823 0.1873 0.0020
vn 0.0254 0.5734 0.8189
vn 0.0259 0.5584 0.8291
vn 0.9934 -0.0751 -0.0867
vn 0.9925 -0.0272 -0.1191
vn -0.0258 -0.6286 -0.7773
vn -0.0261 -0.5613 -0.8272
vn -0.9305 -0.0991 -0.3526
vn -0.9390 -0.2233 -0.2617
vn -0.9917 -0.0924 -0.0895
vn -0.9757 0.0701 -0.2078
vn -0.8800 0.1364 -0.4550
vn -0.6839 -0.3777 -0.6242
vn 0.8021 -0.4706 -0.3677
vn 0.9934 0.1083 -0.0375
vn -0.0000 -0.7832 -0.6217
vn -0.7887 0.6128 0.0494
vn -0.0001 0.7325 0.6807
vn 0.7366 0.5257 0.4255
vn -0.8921 0.2621 -0.3681
vn -0.8767 0.4600 -0.1411
vn 0.9755 -0.1705 -0.1390
vn -0.0250 -0.7591 -0.6505
vn -0.8777 -0.0592 -0.4755
vn 0.0255 0.6853 0.7278
vn 0.9081 0.3229 0.2665
vn 0.9865 0.1633 0.0130
vn -0.8996 0.3634 -0.2421
vn -0.8641 0.2786 -0.4191
vn -0.9623 -0.1729 -0.2098
vn -0.9984 -0.0507 -0.0268
vn 0.8774 0.3148 -0.3621
vn 0.8987 0.4053 -0.1677
vn 0.9983 0.0515 0.0263
vn 0.9812 -0.0602 -0.1835
vn -0.0810 0.2916 -0.9531
vn -0.1047 -0.5138 -0.8515
vn -0.8842 0.4641 -0.0532
vn -0.9816 0.0824 0.1723
vn 0.0706 0.9433 0.3243
vn 0.1044 0.5044 0.8572
vn 0.8674 0.4975 0.0094
vn 0.9631 0.1513 0.2226
vn -0.0110 0.8767 -0.4809
vn 0.0106 0.8810 -0.4730
vn 0.0074 0.8826 -0.4701
vn 0.0116 0.8843 -0.4667
vn 0.0014 0.8879 -0.4599
vn -0.0294 0.8831 -0.4683
vn -0.0263 0.8816 -0.4714
vn -0.0303 0.8797 -0.4745
vn -0.0095 0.8822 -0.4708
vn -0.0095 0.8825 -0.4702
vn -0.0092 0.8818 -0.4715
vn -0.9949 -0.0719 -0.0711
vn -0.9417 -0.2457 -0.2299
vn 0.9889 0.0259 -0.1461
vn 0.9862 0.1652 0.0083
vn -0.8848 -0.3085 -0.3492
vn -0.0798 -0.5593 -0.8251
vn -0.0537 -0.5570 -0.8287
vn -0.9929 0.0540 0.1056
vn 0.9755 -0.0559 -0.2128
vn 0.0795 0.5511 0.8306
vn -0.9833 0.0749 0.1657
vn 0.0536 0.5504 0.8332
vn 0.9102 0.2523 0.3283
vn 0.9518 0.2008 0.2317
vn -0.9594 -0.2170 -0.1804
vn -0.9283 -0.3468 0.1341
vn 0.9956 -0.0468 0.0818
vn 0.9871 -0.0515 -0.1517
vn -0.1015 -0.5611 -0.8215
vn -0.9886 -0.0258 0.1486
vn 0.1012 0.5517 0.8279
vn 0.9580 0.1935 0.2115
vn 0.9975 -0.0591 0.0387
vn 0.9999 0.0030 -0.0148
vn 0.9945 0.0586 0.0872
vn 0.9900 0.1386 0.0278
vn 0.9738 0.1902 -0.1244
vn 0.9982 -0.0119 0.0581
vn 0.9885 0.0844 0.1257
vn 0.9914 0.1282 0.0257
vn 0.6166 0.1578 -0.7713
vn 0.6178 -0.1579 0.7703
vn 0.0001 0.8370 -0.5472
vn -0.9951 -0.0553 -0.0823
vn -0.9954 -0.0939 -0.0188
vn -0.9608 -0.2320 0.1519
vn -0.9999 0.0030 -0.0150
vn -0.9856 -0.0943 -0.1404
vn -0.9853 -0.1677 -0.0336
vn -0.9984 0.0470 -0.0307
vn -0.9995 0.0065 -0.0317
vn -0.6165 0.1580 -0.7713
vn 0.9992 0.0046 -0.0389
vn 0.6936 -0.0239 -0.7199
vn 0.6936 -0.0239 -0.7200
vn 0.9992 0.0046 -0.0392
vn -0.0086 -0.0366 -0.9993
vn -0.0086 -0.0365 -0.9993
vn -0.7274 -0.0251 -0.6857
vn -0.7274 -0.0250 -0.6858
vn -0.9992 0.0038 0.0388
vn -0.9992 0.0038 0.0391
vn -0.6969 0.0326 0.7165
vn -0.6941 0.0322 0.7192
vn -0.0000 0.0450 0.9990
vn 0.0085 0.0451 0.9989
vn 0.7239 0.0333 0.6891
vn 0.7266 0.0338 0.6862
vn 0.6935 -0.0239 -0.7200
vn -0.0087 -0.0365 -0.9993
vn -0.6934 0.0322 0.7198
vn 0.0089 0.0452 0.9989
vn 0.7273 0.0338 0.6855
vn 0.6934 -0.0238 -0.7201
vn 0.9992 0.0046 -0.0391
vn -0.0090 -0.0365 -0.9993
vn -0.7273 -0.0250 -0.6858
vn -0.9992 0.0038 0.0390
vn -0.6933 0.0322 0.7199
vn 0.0089 0.0451 0.9989
vn 0.7272 0.0339 0.6856
vn 0.6934 -0.0251 -0.7201
vn 0.9992 0.0028 -0.0390
vn -0.0089 -0.0365 -0.9993
vn -0.7273 -0.0237 -0.6859
vn -0.9992 0.0056 0.0389
vn -0.6933 0.0334 0.7199
vn 0.0090 0.0451 0.9989
vn 0.7272 0.0325 0.6856
vn 0.6934 -0.0256 -0.7201
vn 0.9992 0.0010 -0.0389
vn -0.0091 -0.0325 -0.9994
vn -0.7274 -0.0147 -0.6861
vn -0.9991 0.0168 0.0387
vn -0.6931 0.0431 0.7195
vn 0.0093 0.0507 0.9987
vn 0.7272 0.0332 0.6857
vn 0.9992 0.0125 -0.0388
vn 0.6934 -0.0175 -0.7203
vn 0.6934 -0.0091 -0.7205
vn 0.9989 0.0259 -0.0388
vn -0.0094 -0.0320 -0.9994
vn -0.0093 -0.0367 -0.9993
vn -0.7273 -0.0219 -0.6859
vn -0.7268 -0.0406 -0.6857
vn -0.9992 0.0071 0.0385
vn -0.9991 -0.0175 0.0387
vn -0.6932 0.0366 0.7198
vn -0.6935 0.0174 0.7203
vn 0.0092 0.0516 0.9986
vn 0.0092 0.0454 0.9989
vn 0.7269 0.0419 0.6855
vn 0.7265 0.0493 0.6854
vn 0.6934 -0.0083 -0.7205
vn 0.9989 0.0271 -0.0387
vn -0.0092 -0.0368 -0.9993
vn -0.7268 -0.0414 -0.6856
vn -0.9991 -0.0186 0.0387
vn -0.6935 0.0166 0.7203
vn 0.0092 0.0453 0.9989
vn 0.7265 0.0501 0.6854
vn 0.6933 -0.0027 -0.7206
vn 0.9987 0.0343 -0.0387
vn -0.0093 -0.0368 -0.9993
vn -0.7264 -0.0470 -0.6856
vn -0.9989 -0.0263 0.0387
vn -0.6934 0.0112 0.7205
vn 0.0091 0.0454 0.9989
vn 0.7262 0.0559 0.6852
vn 0.6927 0.0200 -0.7210
vn 0.9969 0.0680 -0.0389
vn -0.0091 -0.0371 -0.9993
vn -0.7250 -0.0707 -0.6851
vn -0.9975 -0.0587 0.0388
vn -0.6930 -0.0113 0.7209
vn 0.0088 0.0457 0.9989
vn 0.7244 0.0798 0.6848
vn 0.6893 0.0637 -0.7216
vn 0.9907 0.1306 -0.0391
vn -0.0086 -0.0375 -0.9993
vn -0.7198 -0.1158 -0.6845
vn -0.9919 -0.1211 0.0390
vn -0.6900 -0.0547 0.7217
vn 0.0081 0.0462 0.9989
vn 0.7188 0.1251 0.6839
vn 0.6812 0.1187 -0.7224
vn 0.9771 0.2091 -0.0392
vn -0.0078 -0.0382 -0.9992
vn -0.7089 -0.1736 -0.6836
vn -0.9787 -0.2015 0.0393
vn -0.6822 -0.1108 0.7227
vn 0.0072 0.0466 0.9989
vn 0.7075 0.1818 0.6829
vn 0.6700 0.1682 -0.7230
vn 0.9593 0.2796 -0.0391
vn -0.0070 -0.0386 -0.9992
vn -0.6952 -0.2242 -0.6829
vn -0.9616 -0.2718 0.0392
vn -0.6715 -0.1601 0.7235
vn 0.0061 0.0469 0.9989
vn 0.6934 0.2324 0.6820
vn 0.6571 0.2119 -0.7234
vn 0.9391 0.3416 -0.0389
vn -0.0063 -0.0387 -0.9992
vn -0.6799 -0.2687 -0.6823
vn -0.9418 -0.3339 0.0390
vn -0.6588 -0.2040 0.7241
vn 0.0052 0.0470 0.9989
vn 0.6776 0.2768 0.6814
vn 0.6404 0.2568 -0.7238
vn 0.9135 0.4051 -0.0385
vn -0.0055 -0.0390 -0.9992
vn -0.6604 -0.3143 -0.6819
vn -0.9167 -0.3978 0.0385
vn -0.6425 -0.2493 0.7246
vn 0.0043 0.0470 0.9989
vn 0.6580 0.3219 0.6807
vn 0.6209 0.3007 -0.7240
vn 0.8836 0.4667 -0.0378
vn -0.0048 -0.0390 -0.9992
vn -0.6380 -0.3585 -0.6815
vn -0.8871 -0.4600 0.0380
vn -0.6231 -0.2934 0.7250
vn 0.0035 0.0469 0.9989
vn 0.6353 0.3658 0.6801
vn 0.5974 0.3447 -0.7241
vn 0.8482 0.5284 -0.0369
vn -0.0039 -0.0389 -0.9992
vn -0.6116 -0.4022 -0.6813
vn -0.8522 -0.5219 0.0371
vn -0.5999 -0.3377 0.7253
vn 0.0023 0.0466 0.9989
vn 0.6087 0.4093 0.6797
vn 0.5694 0.3892 -0.7241
vn 0.8067 0.5899 -0.0359
vn -0.0030 -0.0387 -0.9992
vn -0.5807 -0.4462 -0.6810
vn -0.8105 -0.5846 0.0360
vn -0.5719 -0.3827 0.7255
vn 0.0014 0.0462 0.9989
vn 0.5777 0.4525 0.6794
vn 0.5402 0.4290 -0.7240
vn 0.7635 0.6449 -0.0346
vn -0.0023 -0.0383 -0.9993
vn -0.5487 -0.4850 -0.6810
vn -0.7675 -0.6401 0.0348
vn -0.5428 -0.4229 0.7256
vn 0.0007 0.0457 0.9990
vn 0.5457 0.4909 0.6791
vn 0.5123 0.4623 -0.7238
vn 0.7225 0.6905 -0.0334
vn -0.0015 -0.0381 -0.9993
vn -0.5184 -0.5171 -0.6811
vn -0.7265 -0.6863 0.0335
vn -0.5149 -0.4566 0.7255
vn -0.0001 0.0452 0.9990
vn 0.5154 0.5227 0.6791
vn 0.4854 0.4907 -0.7236
vn 0.6835 0.7293 -0.0322
vn -0.0011 -0.0377 -0.9993
vn -0.4899 -0.5441 -0.6811
vn -0.6877 -0.7253 0.0323
vn -0.4883 -0.4851 0.7254
vn -0.0006 0.0445 0.9990
vn 0.4868 0.5494 0.6791
vn 0.4582 0.5165 -0.7234
vn 0.6441 0.7643 -0.0309
vn -0.0006 -0.0372 -0.9993
vn -0.4611 -0.5684 -0.6814
vn -0.6485 -0.7606 0.0311
vn -0.4612 -0.5112 0.7253
vn -0.0009 0.0440 0.9990
vn 0.4581 0.5736 0.6791
vn 0.4282 0.5422 -0.7229
vn 0.6005 0.7991 -0.0295
vn -0.0001 -0.0367 -0.9993
vn -0.4295 -0.5925 -0.6815
vn -0.6048 -0.7958 0.0297
vn -0.4310 -0.5372 0.7250
vn -0.0014 0.0434 0.9991
vn 0.4265 0.5973 0.6792
vn 0.3948 0.5676 -0.7225
vn 0.5526 0.8330 -0.0280
vn 0.0002 -0.0361 -0.9993
vn -0.3946 -0.6160 -0.6817
vn -0.5566 -0.8303 0.0282
vn -0.3975 -0.5629 0.7247
vn -0.0017 0.0426 0.9991
vn 0.3917 0.6204 0.6795
vn 0.3595 0.5912 -0.7220
vn 0.5022 0.8644 -0.0264
vn 0.0006 -0.0355 -0.9994
vn -0.3579 -0.6375 -0.6822
vn -0.5058 -0.8622 0.0265
vn -0.3618 -0.5870 0.7243
vn -0.0018 0.0418 0.9991
vn 0.3554 0.6416 0.6797
vn 0.3233 0.6124 -0.7214
vn 0.4506 0.8924 -0.0247
vn 0.0008 -0.0348 -0.9994
vn -0.3208 -0.6566 -0.6826
vn -0.4539 -0.8907 0.0248
vn -0.3254 -0.6085 0.7238
vn -0.0020 0.0410 0.9992
vn 0.3182 0.6604 0.6802
vn 0.2843 0.6323 -0.7207
vn 0.3957 0.9181 -0.0228
vn 0.0009 -0.0341 -0.9994
vn -0.2813 -0.6738 -0.6833
vn -0.3988 -0.9167 0.0230
vn -0.2866 -0.6283 0.7232
vn -0.0020 0.0402 0.9992
vn 0.2791 0.6773 0.6807
vn 0.2426 0.6502 -0.7200
vn 0.3368 0.9413 -0.0207
vn 0.0011 -0.0333 -0.9994
vn -0.2393 -0.6893 -0.6838
vn -0.3393 -0.9405 0.0209
vn -0.2443 -0.6467 0.7225
vn -0.0022 0.0393 0.9992
vn 0.2373 0.6926 0.6812
vn 0.2023 0.6647 -0.7192
vn 0.2805 0.9597 -0.0187
vn 0.0010 -0.0326 -0.9995
vn -0.1986 -0.7013 -0.6846
vn -0.2825 -0.9591 0.0189
vn -0.2037 -0.6614 0.7219
vn -0.0020 0.0385 0.9993
vn 0.1972 0.7044 0.6819
vn 0.1676 0.6750 -0.7185
vn 0.2320 0.9726 -0.0170
vn 0.0010 -0.0320 -0.9995
vn -0.1643 -0.7096 -0.6852
vn -0.2337 -0.9722 0.0171
vn -0.1687 -0.6719 0.7211
vn -0.0018 0.0378 0.9993
vn 0.1629 0.7125 0.6825
vn 0.1383 0.6823 -0.7179
vn 0.1914 0.9814 -0.0155
vn 0.0010 -0.0315 -0.9995
vn -0.1352 -0.7150 -0.6859
vn -0.1927 -0.9811 0.0156
vn -0.1394 -0.6792 0.7206
vn -0.0016 0.0372 0.9993
vn 0.1342 0.7179 0.6831
vn 0.1110 0.6879 -0.7173
vn 0.1531 0.9881 -0.0141
vn 0.0009 -0.0310 -0.9995
vn -0.1083 -0.7191 -0.6864
vn -0.1546 -0.9879 0.0142
vn -0.1118 -0.6849 0.7200
vn -0.0013 0.0368 0.9993
vn 0.1074 0.7219 0.6836
vn 0.0806 0.6928 -0.7166
vn 0.1113 0.9937 -0.0126
vn 0.0006 -0.0304 -0.9995
vn -0.0785 -0.7223 -0.6871
vn -0.1121 -0.9936 0.0128
vn -0.0812 -0.6898 0.7194
vn -0.0010 0.0361 0.9993
vn 0.0779 0.7250 0.6843
vn 0.0499 0.6964 -0.7159
vn 0.0688 0.9976 -0.0110
vn 0.0005 -0.0300 -0.9996
vn -0.0485 -0.7243 -0.6878
vn -0.0693 -0.9975 0.0111
vn -0.0504 -0.6934 0.7187
vn -0.0006 0.0357 0.9994
vn 0.0481 0.7270 0.6849
vn 0.0217 0.6985 -0.7153
vn 0.0298 0.9995 -0.0096
vn 0.0002 -0.0296 -0.9996
vn -0.0209 -0.7250 -0.6885
vn -0.0298 -0.9995 0.0097
vn -0.0216 -0.6956 0.7181
vn -0.0003 0.0352 0.9994
vn 0.0209 0.7277 0.6855
vn 0.0046 0.6993 -0.7148
vn 0.0063 0.9999 -0.0087
vn -0.0000 -0.0293 -0.9996
vn -0.0043 -0.7249 -0.6889
vn -0.0061 -0.9999 0.0088
vn -0.0044 -0.6964 0.7176
vn -0.0001 0.0349 0.9994
vn 0.0044 0.7276 0.6860
vn -0.0000 0.7276 0.6860
vn -0.0000 1.0000 -0.0084
vn -0.0000 0.6994 -0.7147
vn -0.0000 -0.0292 -0.9996
vn -0.0000 -0.7248 -0.6889
vn -0.0000 -1.0000 0.0085
vn -0.0000 -0.6965 0.7175
vn -0.0000 0.0349 0.9994
vn -0.7274 -0.0250 -0.6857
vn -0.0000 -0.0365 -0.9993
vn -0.0085 -0.0366 -0.9993
vn 0.6935 -0.0238 -0.7200
vn 0.7239 0.0332 0.6891
vn 0.0076 0.0450 0.9990
vn -0.6941 0.0322 0.7191
vn -0.6968 0.0326 0.7165
vn 0.0036 -0.0364 -0.9993
vn 0.6935 -0.0239 -0.7201
vn 0.7272 0.0338 0.6855
vn 0.0087 0.0452 0.9989
vn -0.6935 0.0322 0.7198
vn -0.9992 0.0021 0.0390
vn -0.7273 -0.0263 -0.6858
vn 0.0041 -0.0364 -0.9993
vn 0.6935 -0.0227 -0.7201
vn 0.9992 0.0064 -0.0391
vn 0.7272 0.0351 0.6855
vn -0.6934 0.0310 0.7199
vn -0.9992 0.0003 0.0389
vn -0.7273 -0.0268 -0.6858
vn 0.0042 -0.0325 -0.9995
vn 0.6936 -0.0142 -0.7202
vn 0.9991 0.0175 -0.0391
vn 0.7269 0.0452 0.6853
vn 0.0090 0.0508 0.9987
vn -0.6934 0.0317 0.7198
vn -0.9992 0.0117 0.0385
vn -0.9989 0.0252 0.0383
vn -0.7274 -0.0096 -0.6862
vn -0.7273 -0.0184 -0.6861
vn -0.0169 -0.0365 -0.9992
vn 0.6930 -0.0387 -0.7199
vn 0.6933 -0.0208 -0.7203
vn 0.9991 -0.0168 -0.0384
vn 0.9992 0.0078 -0.0388
vn 0.7273 0.0182 0.6861
vn 0.7271 0.0385 0.6854
vn 0.0097 0.0450 0.9989
vn 0.0095 0.0516 0.9986
vn -0.6928 0.0470 0.7196
vn -0.6931 0.0399 0.7197
vn -0.9989 0.0263 0.0382
vn -0.7273 -0.0087 -0.6863
vn -0.0097 -0.0364 -0.9993
vn 0.6930 -0.0395 -0.7198
vn 0.9991 -0.0178 -0.0383
vn 0.7273 0.0174 0.6861
vn 0.0098 0.0449 0.9989
vn -0.6927 0.0478 0.7196
vn -0.9987 0.0343 0.0381
vn -0.7272 -0.0029 -0.6864
vn -0.0200 -0.0364 -0.9991
vn 0.6927 -0.0448 -0.7198
vn 0.9989 -0.0256 -0.0382
vn 0.7274 0.0118 0.6862
vn 0.0099 0.0448 0.9989
vn -0.6924 0.0533 0.7195
vn -0.9970 0.0673 0.0377
vn -0.7265 0.0211 -0.6869
vn -0.0101 -0.0358 -0.9993
vn 0.6913 -0.0673 -0.7194
vn 0.9976 -0.0580 -0.0378
vn 0.7268 -0.0119 0.6868
vn 0.0103 0.0444 0.9990
vn -0.6908 0.0760 0.7190
vn -0.9908 0.1299 0.0368
vn -0.7229 0.0668 -0.6877
vn -0.0106 -0.0353 -0.9993
vn 0.6867 -0.1105 -0.7185
vn 0.9920 -0.1203 -0.0370
vn 0.7235 -0.0574 0.6879
vn 0.0109 0.0438 0.9990
vn -0.6858 0.1193 0.7180
vn -0.9774 0.2084 0.0356
vn -0.7140 0.1244 -0.6891
vn -0.0110 -0.0342 -0.9994
vn 0.6769 -0.1659 -0.7172
vn 0.9790 -0.2009 -0.0357
vn 0.7150 -0.1161 0.6894
vn 0.0117 0.0427 0.9990
vn -0.6756 0.1736 0.7165
vn -0.9597 0.2789 0.0342
vn -0.7018 0.1761 -0.6902
vn -0.0112 -0.0333 -0.9994
vn 0.6645 -0.2142 -0.7160
vn 0.9619 -0.2711 -0.0343
vn 0.7034 -0.1677 0.6908
vn 0.0120 0.0417 0.9991
vn -0.6629 0.2221 0.7150
vn -0.9395 0.3411 0.0329
vn -0.6876 0.2218 -0.6914
vn -0.0112 -0.0325 -0.9994
vn 0.6502 -0.2570 -0.7149
vn 0.9422 -0.3333 -0.0331
vn 0.6894 -0.2136 0.6921
vn 0.0123 0.0408 0.9991
vn -0.6483 0.2648 0.7138
vn -0.9140 0.4046 0.0313
vn -0.6695 0.2684 -0.6926
vn -0.0111 -0.0317 -0.9994
vn 0.6326 -0.3010 -0.7136
vn 0.9171 -0.3973 -0.0315
vn 0.6717 -0.2606 0.6935
vn 0.0123 0.0398 0.9991
vn -0.6303 0.3084 0.7124
vn -0.8841 0.4663 0.0295
vn -0.6481 0.3139 -0.6939
vn -0.0110 -0.0309 -0.9995
vn 0.6119 -0.3439 -0.7123
vn 0.8876 -0.4597 -0.0297
vn 0.6506 -0.3064 0.6949
vn 0.0123 0.0388 0.9992
vn -0.6096 0.3509 0.7108
vn -0.8487 0.5281 0.0275
vn -0.6225 0.3594 -0.6952
vn -0.0106 -0.0300 -0.9995
vn 0.5877 -0.3865 -0.7108
vn 0.8527 -0.5217 -0.0277
vn 0.6254 -0.3521 0.6964
vn 0.0119 0.0377 0.9992
vn -0.5850 0.3934 0.7092
vn -0.8073 0.5895 0.0254
vn -0.5925 0.4046 -0.6966
vn -0.0101 -0.0292 -0.9995
vn 0.5590 -0.4295 -0.7092
vn 0.8111 -0.5844 -0.0256
vn 0.5952 -0.3981 0.6980
vn 0.0117 0.0367 0.9993
vn -0.5564 0.4358 0.7074
vn -0.7641 0.6447 0.0234
vn -0.5608 0.4453 -0.6980
vn -0.0095 -0.0284 -0.9996
vn 0.5293 -0.4680 -0.7077
vn 0.7680 -0.6400 -0.0235
vn 0.5637 -0.4391 0.6996
vn 0.0111 0.0358 0.9993
vn -0.5266 0.4738 0.7058
vn -0.7229 0.6906 0.0214
vn -0.5308 0.4789 -0.6992
vn -0.0090 -0.0280 -0.9996
vn 0.5012 -0.5000 -0.7063
vn 0.7271 -0.6862 -0.0216
vn 0.5337 -0.4731 0.7009
vn 0.0106 0.0350 0.9993
vn -0.4984 0.5055 0.7043
vn -0.6840 0.7292 0.0196
vn -0.5021 0.5074 -0.7003
vn -0.0084 -0.0275 -0.9996
vn 0.4746 -0.5271 -0.7050
vn 0.6882 -0.7253 -0.0196
vn 0.5051 -0.5018 0.7022
vn 0.0101 0.0345 0.9994
vn -0.4716 0.5324 0.7029
vn -0.6445 0.7644 0.0178
vn -0.4731 0.5331 -0.7014
vn -0.0079 -0.0272 -0.9996
vn 0.4476 -0.5516 -0.7038
vn 0.6489 -0.7607 -0.0180
vn 0.4762 -0.5278 0.7034
vn 0.0094 0.0340 0.9994
vn -0.4447 0.5568 0.7016
vn -0.6009 0.7992 0.0160
vn -0.4409 0.5586 -0.7025
vn -0.0072 -0.0269 -0.9996
vn 0.4176 -0.5763 -0.7025
vn 0.6052 -0.7959 -0.0160
vn 0.4440 -0.5535 0.7046
vn 0.0089 0.0335 0.9994
vn -0.4148 0.5810 0.7003
vn -0.5530 0.8331 0.0138
vn -0.4057 0.5833 -0.7037
vn -0.0066 -0.0267 -0.9996
vn 0.3846 -0.6004 -0.7012
vn 0.5569 -0.8305 -0.0139
vn 0.4085 -0.5787 0.7059
vn 0.0080 0.0332 0.9994
vn -0.3819 0.6048 0.6988
vn -0.5025 0.8645 0.0116
vn -0.3683 0.6062 -0.7049
vn -0.0059 -0.0265 -0.9996
vn 0.3498 -0.6229 -0.6998
vn 0.5062 -0.8623 -0.0117
vn 0.3711 -0.6018 0.7072
vn 0.0072 0.0329 0.9994
vn -0.3472 0.6269 0.6974
vn -0.4508 0.8926 0.0094
vn -0.3304 0.6264 -0.7060
vn -0.0052 -0.0265 -0.9996
vn 0.3142 -0.6430 -0.6985
vn 0.4543 -0.8908 -0.0095
vn 0.3327 -0.6224 0.7084
vn 0.0063 0.0327 0.9994
vn -0.3119 0.6468 0.6959
vn -0.3958 0.9183 0.0072
vn -0.2900 0.6447 -0.7073
vn -0.0044 -0.0266 -0.9996
vn 0.2763 -0.6616 -0.6971
vn 0.3992 -0.9168 -0.0072
vn 0.2923 -0.6409 0.7098
vn 0.0055 0.0327 0.9995
vn -0.2741 0.6652 0.6946
vn -0.3371 0.9415 0.0046
vn -0.2466 0.6612 -0.7085
vn -0.0036 -0.0267 -0.9996
vn 0.2351 -0.6787 -0.6958
vn 0.3395 -0.9406 -0.0046
vn 0.2484 -0.6578 0.7111
vn 0.0045 0.0327 0.9995
vn -0.2337 0.6820 0.6931
vn -0.2807 0.9598 0.0024
vn -0.2052 0.6740 -0.7097
vn -0.0028 -0.0269 -0.9996
vn 0.1960 -0.6923 -0.6945
vn 0.2827 -0.9592 -0.0024
vn 0.2067 -0.6707 0.7123
vn 0.0037 0.0328 0.9995
vn -0.1948 0.6954 0.6917
vn -0.2321 0.9727 0.0005
vn -0.1696 0.6829 -0.7106
vn -0.0023 -0.0272 -0.9996
vn 0.1623 -0.7020 -0.6935
vn 0.2339 -0.9723 -0.0004
vn 0.1708 -0.6797 0.7133
vn 0.0029 0.0330 0.9995
vn -0.1613 0.7050 0.6906
vn -0.1915 0.9815 -0.0011
vn -0.1398 0.6888 -0.7114
vn -0.0019 -0.0275 -0.9996
vn 0.1340 -0.7088 -0.6926
vn 0.1929 -0.9812 0.0011
vn 0.1409 -0.6857 0.7141
vn 0.0023 0.0333 0.9994
vn -0.1330 0.7117 0.6898
vn -0.1532 0.9882 -0.0026
vn -0.1117 0.6931 -0.7121
vn -0.0014 -0.0279 -0.9996
vn 0.1076 -0.7140 -0.6918
vn 0.1546 -0.9880 0.0027
vn 0.1127 -0.6902 0.7148
vn 0.0018 0.0335 0.9994
vn -0.1066 0.7169 0.6890
vn -0.1114 0.9938 -0.0042
vn -0.0812 0.6966 -0.7128
vn -0.0009 -0.0281 -0.9996
vn 0.0781 -0.7186 -0.6910
vn 0.1122 -0.9937 0.0043
vn 0.0817 -0.6938 0.7156
vn 0.0013 0.0338 0.9994
vn -0.0776 0.7214 0.6882
vn -0.0688 0.9976 -0.0058
vn -0.0501 0.6988 -0.7135
vn -0.0006 -0.0285 -0.9996
vn 0.0484 -0.7220 -0.6902
vn 0.0693 -0.9976 0.0059
vn 0.0504 -0.6959 0.7163
vn 0.0007 0.0342 0.9994
vn -0.0481 0.7248 0.6873
vn -0.0299 0.9995 -0.0073
vn -0.0217 0.6995 -0.7143
vn -0.0001 -0.0289 -0.9996
vn 0.0210 -0.7240 -0.6895
vn 0.0298 -0.9995 0.0074
vn 0.0217 -0.6966 0.7171
vn 0.0002 0.0346 0.9994
vn -0.0207 0.7267 0.6866
vn -0.0063 0.9999 -0.0082
vn -0.0047 0.6995 -0.7146
vn -0.0000 -0.0291 -0.9996
vn 0.0043 -0.7247 -0.6890
vn 0.0062 -0.9999 0.0083
vn 0.0045 -0.6966 0.7174
vn -0.0000 0.0348 0.9994
vn -0.0044 0.7275 0.6861
vn 0.6941 -0.0211 -0.7196
vn 0.9994 0.0049 -0.0353
vn -0.0085 -0.0328 -0.9994
vn -0.7270 -0.0223 -0.6863
vn -0.9994 0.0040 0.0352
vn -0.6995 0.0308 0.7139
vn -0.0000 0.0417 0.9991
vn 0.7213 0.0306 0.6919
vn -0.7270 -0.0224 -0.6862
vn -0.0086 -0.0328 -0.9994
vn 0.0059 0.0417 0.9991
vn -0.6995 0.0308 0.7140
vn 0.0060 0.0203 0.9998
vn 0.7214 0.0156 0.6923
vn -0.6996 0.0166 0.7144
vn -0.9994 0.0063 0.0349
vn 0.9994 0.0059 -0.0350
vn -0.7270 -0.0045 -0.6866
vn -0.0089 -0.0083 -0.9999
vn 0.6941 -0.0035 -0.7199
vn -0.6995 0.0167 0.7144
vn 0.9994 0.0060 -0.0350
vn -0.0088 -0.0083 -0.9999
vn -0.7270 -0.0044 -0.6866
vn -0.0001 0.0203 0.9998
vn -0.0261 -0.1100 -0.9936
vn -0.0308 -0.0858 -0.9958
vn -0.0125 -0.0827 -0.9965
vn -0.0125 -0.1022 -0.9947
vn -0.0148 -0.1096 -0.9939
vn -0.0271 -0.1038 -0.9942
vn -0.0223 -0.0381 -0.9990
vn -0.0228 -0.0540 -0.9983
vn -0.0402 -0.0519 -0.9978
vn -0.0402 -0.0391 -0.9984
vn 0.0221 0.0383 0.9990
vn 0.0402 0.0391 0.9984
vn 0.0402 0.0519 0.9978
vn 0.0229 0.0540 0.9983
vn -0.0183 -0.0666 -0.9976
vn -0.0351 -0.0661 -0.9972
vn -0.0376 -0.0617 -0.9974
vn -0.0181 -0.0646 -0.9977
vn 0.0351 0.0661 0.9972
vn 0.0182 0.0666 0.9976
vn 0.0181 0.0646 0.9977
vn 0.0373 0.0616 0.9974
vn -0.0370 -0.0939 -0.9949
vn -0.0230 -0.1058 -0.9941
vn -0.0166 -0.0908 -0.9957
vn -0.0433 -0.0706 -0.9966
vn -0.0470 -0.0608 -0.9970
vn 0.0468 0.0607 0.9971
vn 0.0432 0.0706 0.9966
vn -0.0491 -0.0525 -0.9974
vn 0.0491 0.0524 0.9974
vn -0.0494 -0.0417 -0.9979
vn 0.0494 0.0417 0.9979
vn 0.0101 0.1421 -0.9898
vn 0.0420 0.7717 -0.6346
vn 0.1537 0.7515 -0.6416
vn 0.0369 0.1480 -0.9883
vn 0.0987 0.1158 -0.9884
vn 0.4234 0.6099 -0.6699
vn 0.5182 0.4930 -0.6988
vn 0.1104 0.0731 -0.9912
vn 0.0791 0.1548 -0.9848
vn 0.2887 0.6729 -0.6811
vn 0.5935 0.3703 -0.7146
vn 0.1092 0.0349 -0.9934
vn 0.6491 0.2422 -0.7211
vn 0.1076 0.0044 -0.9942
vn 0.6561 0.1021 -0.7477
vn 0.1027 -0.0166 -0.9946
vn 0.7350 0.0008 -0.6781
vn 0.1088 -0.0332 -0.9935
vn -0.0227 -0.0397 -0.9990
vn -0.0201 -0.0400 -0.9990
vn -0.0379 -0.0397 -0.9985
vn -0.0383 -0.0396 -0.9985
vn 0.0228 0.0397 0.9990
vn 0.0382 0.0396 0.9985
vn 0.0379 0.0398 0.9985
vn 0.0201 0.0400 0.9990
vn -0.0238 -0.0365 -0.9991
vn -0.0386 -0.0370 -0.9986
vn 0.0238 0.0364 0.9991
vn 0.0387 0.0371 0.9986
vn -0.0464 -0.0399 -0.9981
vn -0.0463 -0.0398 -0.9981
vn 0.0463 0.0398 0.9981
vn 0.0466 0.0399 0.9981
vn -0.0467 -0.0385 -0.9982
vn 0.0468 0.0386 0.9982
vn 0.1058 -0.0398 -0.9936
vn 0.1066 -0.0398 -0.9935
vn 0.7188 -0.0264 -0.6947
vn 0.7149 -0.0266 -0.6988
vn -0.0883 0.0399 0.9953
vn -0.7366 0.0257 0.6758
vn -0.7418 0.0255 0.6702
vn -0.0886 0.0399 0.9953
vn 0.1099 -0.0398 -0.9931
vn 0.7307 -0.0259 -0.6822
vn -0.0210 -0.1200 -0.9926
vn -0.0095 -0.1530 -0.9882
vn -0.0725 -0.1179 -0.9904
vn -0.0415 -0.1156 -0.9924
vn -0.0290 -0.1146 -0.9930
vn -0.0762 -0.0903 -0.9930
vn -0.0783 -0.0716 -0.9943
vn -0.0800 -0.0578 -0.9951
vn -0.0802 -0.0440 -0.9958
vn -0.0766 -0.0398 -0.9963
vn -0.0762 -0.0398 -0.9963
vn 0.0757 0.0398 0.9963
vn 0.0760 0.0398 0.9963
vn -0.0765 -0.0394 -0.9963
vn -0.0378 -0.0385 -0.9985
vn -0.0205 -0.0351 -0.9992
vn 0.0205 0.0350 0.9992
vn 0.0379 0.0385 0.9985
vn 0.0242 -0.5381 0.8426
vn 0.1057 -0.0398 -0.9936
vn -0.0762 -0.0397 -0.9963
vn 0.0754 0.0397 0.9964
vn -0.0883 0.0400 0.9953
vn 0.0910 -0.5335 -0.8409
vn -0.0648 -0.5268 -0.8475
vn 0.0639 -0.5367 0.8413
vn -0.0731 -0.5438 0.8360
vn -0.0461 -0.0395 -0.9982
vn 0.0461 0.0395 0.9982
vn -0.0391 -0.5266 -0.8492
vn 0.0391 -0.5368 0.8428
vn 0.7015 -0.0271 -0.7122
vn -0.7355 0.0259 0.6770
vn 0.5877 -0.5694 -0.5748
vn -0.5892 -0.6041 0.5365
vn 0.0261 0.1101 0.9936
vn 0.0124 0.1022 0.9947
vn 0.0126 0.0826 0.9965
vn 0.0307 0.0858 0.9958
vn 0.0148 0.1096 0.9939
vn 0.0317 0.1048 0.9940
vn 0.0370 0.0939 0.9949
vn 0.0209 0.1097 0.9937
vn 0.0166 0.0905 0.9958
vn -0.0089 -0.1252 0.9921
vn -0.0337 -0.1346 0.9903
vn -0.1627 -0.7961 0.5828
vn -0.0441 -0.8204 0.5701
vn -0.0950 -0.1093 0.9895
vn -0.1014 -0.0635 0.9928
vn -0.5377 -0.5150 0.6676
vn -0.4431 -0.6439 0.6237
vn -0.0793 -0.1566 0.9845
vn -0.3021 -0.7055 0.6411
vn -0.0967 -0.0268 0.9950
vn -0.6112 -0.3828 0.6927
vn -0.0930 0.0011 0.9957
vn -0.6657 -0.2494 0.7033
vn -0.0904 0.0195 0.9957
vn -0.6640 -0.1045 0.7404
vn -0.0886 0.0347 0.9955
vn -0.7629 -0.0034 0.6466
vn -0.0905 0.0398 0.9951
vn -0.7572 0.0249 0.6527
vn 0.0093 0.1500 0.9886
vn 0.0203 0.1177 0.9928
vn 0.0408 0.1143 0.9926
vn 0.0708 0.1161 0.9907
vn 0.0239 0.1016 0.9945
vn 0.0748 0.0894 0.9932
vn 0.0774 0.0713 0.9945
vn 0.0791 0.0576 0.9952
vn 0.0793 0.0441 0.9959
vn 0.0759 0.0394 0.9963
vn -0.0010 -0.9992 0.0389
vn 0.0031 -0.9993 0.0386
vn 0.0019 -0.9993 0.0385
vn -0.0187 -0.9997 0.0180
vn -0.0013 -0.9992 0.0389
vn 0.0020 -0.9993 0.0386
vn -0.0220 -0.9996 0.0147
vn 0.1944 0.9791 -0.0593
vn 0.1901 0.9497 -0.2490
vn 0.0515 0.9690 -0.2418
vn 0.0528 0.9969 -0.0576
vn -0.0525 -0.9976 0.0456
vn -0.0512 -0.9652 0.2564
vn -0.1891 -0.9459 0.2637
vn -0.1940 -0.9799 0.0470
vn 0.3814 0.9223 -0.0618
vn 0.3721 0.8914 -0.2589
vn -0.3702 -0.8861 0.2787
vn -0.3814 -0.9231 0.0494
vn 0.5539 0.8301 -0.0642
vn 0.5385 0.7988 -0.2681
vn -0.5355 -0.7937 0.2887
vn -0.5539 -0.8310 0.0517
vn 0.7051 0.7060 -0.0663
vn 0.6834 0.6758 -0.2762
vn -0.6812 -0.6738 0.2865
vn -0.7051 -0.7072 0.0515
vn 0.8293 0.5547 -0.0682
vn 0.8011 0.5273 -0.2831
vn -0.7984 -0.5250 0.2948
vn -0.8296 -0.5559 0.0531
vn 0.9216 0.3819 -0.0696
vn 0.8877 0.3590 -0.2884
vn -0.8841 -0.3571 0.3013
vn -0.9221 -0.3830 0.0545
vn 0.9784 0.1943 -0.0705
vn 0.9398 0.1777 -0.2918
vn -0.9356 -0.1760 0.3060
vn -0.9792 -0.1950 0.0552
vn 0.9968 0.0353 -0.0711
vn 0.9556 0.0247 -0.2935
vn -0.9506 -0.0236 0.3095
vn -0.9977 -0.0356 0.0573
vn 0.9975 -0.0009 -0.0712
vn 0.9559 -0.0099 -0.2937
vn -0.9505 0.0106 0.3105
vn -0.9984 0.0004 0.0574
vn 0.9975 -0.0026 -0.0712
vn 0.9559 -0.0096 -0.2937
vn 0.9558 -0.0099 -0.2937
vn -0.9984 0.0004 0.0573
vn -0.9505 0.0106 0.3107
vn -0.9504 0.0106 0.3108
vn -0.9984 0.0004 0.0572
vn 0.9977 -0.0008 -0.0680
vn 0.9549 -0.0100 -0.2968
vn 0.8952 -0.4410 -0.0648
vn 0.8194 -0.5125 -0.2568
vn -0.7918 -0.5599 0.2441
vn -0.8183 -0.5731 0.0443
vn -0.0096 -1.0000 -0.0022
vn -0.0160 -0.9998 -0.0075
vn -0.0096 -0.9999 -0.0034
vn -0.0178 -0.9997 -0.0149
vn -0.0767 -0.0399 -0.9963
vn 0.1085 -0.0398 -0.9933
vn 0.0332 -0.0400 -0.9986
vn -0.0769 -0.0399 -0.9962
vn 0.1082 -0.0399 -0.9933
vn -0.0769 -0.0398 -0.9962
vn -0.0384 -0.0402 -0.9985
vn -0.0469 -0.0404 -0.9981
vn -0.0468 -0.0402 -0.9981
vn -0.0386 -0.0401 -0.9985
vn -0.0467 -0.0400 -0.9981
vn -0.0385 -0.0398 -0.9985
vn 0.0467 0.0403 0.9981
vn 0.0384 0.0402 0.9985
vn 0.0385 0.0399 0.9985
vn 0.0467 0.0401 0.9981
vn 0.0384 0.0398 0.9985
vn 0.0468 0.0400 0.9981
vn -0.0226 -0.0401 -0.9989
vn -0.0224 -0.0398 -0.9990
vn -0.0222 -0.0395 -0.9990
vn -0.0896 0.0399 0.9952
vn 0.0761 0.0399 0.9963
vn -0.0002 0.0400 0.9992
vn 0.0761 0.0398 0.9963
vn -0.0894 0.0399 0.9952
vn 0.0226 0.0401 0.9989
vn 0.0224 0.0398 0.9990
vn 0.0222 0.0395 0.9990
vn -0.7130 -0.0373 0.7002
vn -0.5761 0.0318 0.8168
vn -0.7116 0.0852 0.6974
vn 0.6736 0.0390 -0.7381
vn 0.4983 -0.0337 -0.8664
vn 0.6744 -0.0893 -0.7330
vn 0.9997 0.0029 0.0235
vn 0.9820 0.1642 -0.0935
vn 0.9814 -0.1668 -0.0951
vn 0.9558 -0.0113 -0.2937
vn 0.8361 -0.4949 -0.2366
vn 0.9975 -0.0032 -0.0712
vn 0.8477 -0.5269 -0.0622
vn -0.9984 0.0007 0.0574
vn -0.9505 0.0098 0.3106
vn -0.8002 -0.5588 0.2179
vn -0.8078 -0.5878 0.0447
vn -0.5263 -0.3297 0.7838
vn -0.8196 0.0213 0.5726
vn -0.4853 0.3914 0.7818
vn -0.9505 0.0118 0.3106
vn -0.7797 0.5806 0.2346
vn -0.9983 0.0021 0.0574
vn -0.7962 0.6032 0.0472
vn 0.9975 -0.0008 -0.0712
vn 0.9559 -0.0094 -0.2937
vn 0.8507 0.4709 -0.2335
vn 0.8579 0.5104 -0.0590
vn -0.0169 -0.9998 -0.0116
vn 0.5980 -0.4989 0.6272
vn 0.6990 0.0301 0.7145
vn 0.6025 0.5270 0.5994
vn 0.0168 0.9998 0.0118
vn -0.0153 -0.9999 -0.0049
vn 0.5527 -0.5941 0.5844
vn 0.6990 0.0299 0.7145
vn 0.5623 0.6126 0.5555
vn 0.0154 0.9999 0.0050
vn -0.0097 -0.9999 -0.0034
vn -0.0096 -1.0000 -0.0019
vn 0.0096 1.0000 0.0021
vn 0.0094 0.9999 0.0034
vn 0.0260 -0.1100 -0.9936
vn 0.0124 -0.1022 -0.9947
vn 0.0125 -0.0827 -0.9965
vn 0.0307 -0.0858 -0.9958
vn 0.0148 -0.1096 -0.9939
vn 0.0271 -0.1038 -0.9942
vn 0.0222 -0.0381 -0.9990
vn 0.0402 -0.0391 -0.9984
vn 0.0401 -0.0519 -0.9978
vn 0.0100 -0.0538 -0.9985
vn -0.0221 0.0383 0.9990
vn -0.0227 0.0540 0.9983
vn -0.0402 0.0519 0.9978
vn -0.0403 0.0391 0.9984
vn 0.0181 -0.0666 -0.9976
vn 0.0350 -0.0660 -0.9972
vn 0.0180 -0.0646 -0.9977
vn 0.0374 -0.0617 -0.9974
vn -0.0351 0.0661 0.9972
vn -0.0373 0.0616 0.9974
vn -0.0182 0.0646 0.9977
vn -0.0182 0.0666 0.9976
vn 0.0370 -0.0939 -0.9949
vn 0.0230 -0.1058 -0.9941
vn 0.0166 -0.0908 -0.9957
vn 0.0433 -0.0706 -0.9966
vn 0.0468 -0.0608 -0.9971
vn -0.0431 0.0706 0.9966
vn -0.0469 0.0608 0.9971
vn 0.0491 -0.0525 -0.9974
vn -0.0491 0.0524 0.9974
vn 0.0494 -0.0417 -0.9979
vn -0.0493 0.0417 0.9979
vn -0.0100 0.1421 -0.9898
vn -0.0368 0.1480 -0.9883
vn -0.1537 0.7515 -0.6416
vn -0.0420 0.7717 -0.6346
vn -0.0986 0.1158 -0.9884
vn -0.1104 0.0731 -0.9912
vn -0.5183 0.4930 -0.6988
vn -0.4234 0.6099 -0.6699
vn -0.0792 0.1548 -0.9848
vn -0.2888 0.6728 -0.6811
vn -0.1092 0.0349 -0.9934
vn -0.5935 0.3703 -0.7146
vn -0.1076 0.0044 -0.9942
vn -0.6491 0.2421 -0.7211
vn -0.1027 -0.0166 -0.9946
vn -0.6561 0.1021 -0.7478
vn -0.1088 -0.0332 -0.9935
vn -0.7350 0.0007 -0.6781
vn 0.0227 -0.0397 -0.9990
vn 0.0382 -0.0395 -0.9985
vn 0.0378 -0.0397 -0.9985
vn 0.0073 -0.0398 -0.9992
vn -0.0227 0.0397 0.9990
vn -0.0202 0.0400 0.9990
vn -0.0379 0.0398 0.9985
vn -0.0382 0.0396 0.9985
vn 0.0237 -0.0365 -0.9991
vn 0.0386 -0.0370 -0.9986
vn -0.0239 0.0364 0.9991
vn -0.0385 0.0370 0.9986
vn 0.0463 -0.0398 -0.9981
vn 0.0465 -0.0399 -0.9981
vn -0.0464 0.0399 0.9981
vn -0.0464 0.0398 0.9981
vn 0.0469 -0.0385 -0.9982
vn -0.0468 0.0386 0.9982
vn -0.1059 -0.0398 -0.9936
vn -0.7149 -0.0266 -0.6987
vn -0.7188 -0.0264 -0.6947
vn -0.1067 -0.0398 -0.9935
vn 0.0883 0.0398 0.9953
vn 0.0887 0.0399 0.9953
vn 0.7418 0.0256 0.6701
vn 0.7366 0.0257 0.6758
vn -0.1100 -0.0398 -0.9931
vn -0.7307 -0.0259 -0.6822
vn 0.0096 -0.1530 -0.9882
vn 0.0209 -0.1199 -0.9926
vn 0.0415 -0.1156 -0.9924
vn 0.0727 -0.1179 -0.9904
vn 0.0289 -0.1146 -0.9930
vn 0.0761 -0.0903 -0.9930
vn 0.0785 -0.0716 -0.9943
vn 0.0799 -0.0578 -0.9951
vn 0.0801 -0.0440 -0.9958
vn 0.0763 -0.0398 -0.9963
vn 0.0766 -0.0398 -0.9963
vn -0.0760 0.0398 0.9963
vn -0.0756 0.0398 0.9963
vn 0.0765 -0.0394 -0.9963
vn 0.0205 -0.0351 -0.9992
vn 0.0378 -0.0385 -0.9985
vn -0.0377 0.0385 0.9985
vn -0.0087 0.0348 0.9994
vn 0.0320 -0.5257 -0.8501
vn -0.0318 -0.5377 0.8425
vn 0.0761 -0.0397 -0.9963
vn 0.0882 0.0400 0.9953
vn -0.0754 0.0397 0.9964
vn 0.0647 -0.5268 -0.8475
vn -0.0911 -0.5335 -0.8409
vn 0.0730 -0.5438 0.8360
vn -0.0638 -0.5367 0.8413
vn 0.0461 -0.0395 -0.9982
vn -0.0462 0.0395 0.9982
vn 0.0389 -0.5266 -0.8492
vn -0.0319 -0.5372 0.8428
vn -0.7015 -0.0272 -0.7122
vn 0.7355 0.0258 0.6770
vn -0.5876 -0.5694 -0.5749
vn 0.5893 -0.6041 0.5365
vn -0.0261 0.1101 0.9936
vn -0.0308 0.0858 0.9958
vn -0.0126 0.0826 0.9965
vn -0.0126 0.1022 0.9947
vn -0.0148 0.1096 0.9939
vn -0.0316 0.1048 0.9940
vn -0.0371 0.0939 0.9949
vn -0.0210 0.1097 0.9937
vn -0.0166 0.0905 0.9958
vn 0.0090 -0.1252 0.9921
vn 0.0441 -0.8204 0.5701
vn 0.1626 -0.7962 0.5828
vn 0.0335 -0.1346 0.9903
vn 0.0950 -0.1093 0.9895
vn 0.4431 -0.6439 0.6238
vn 0.5376 -0.5151 0.6676
vn 0.1013 -0.0636 0.9928
vn 0.0794 -0.1566 0.9845
vn 0.3021 -0.7055 0.6411
vn 0.6111 -0.3829 0.6927
vn 0.0967 -0.0268 0.9950
vn 0.6657 -0.2493 0.7033
vn 0.0931 0.0011 0.9957
vn 0.6640 -0.1045 0.7404
vn 0.0905 0.0195 0.9957
vn 0.7628 -0.0035 0.6466
vn 0.0885 0.0347 0.9955
vn 0.0905 0.0398 0.9951
vn 0.7571 0.0248 0.6528
vn -0.0203 0.1177 0.9928
vn -0.0007 0.1499 0.9887
vn -0.0707 0.1161 0.9907
vn -0.0407 0.1143 0.9926
vn -0.0239 0.1016 0.9945
vn -0.0749 0.0894 0.9932
vn -0.0774 0.0713 0.9944
vn -0.0792 0.0576 0.9952
vn -0.0792 0.0441 0.9959
vn -0.0758 0.0394 0.9963
vn -0.0031 -0.9993 0.0386
vn 0.0011 -0.9992 0.0389
vn -0.0021 -0.9993 0.0385
vn 0.0188 -0.9997 0.0181
vn -0.0029 -0.9993 0.0386
vn 0.0013 -0.9992 0.0389
vn -0.0021 -0.9993 0.0386
vn 0.0220 -0.9997 0.0147
vn -0.1944 0.9791 -0.0593
vn -0.0528 0.9969 -0.0576
vn -0.0516 0.9690 -0.2418
vn -0.1900 0.9497 -0.2489
vn 0.0524 -0.9976 0.0456
vn 0.1941 -0.9799 0.0470
vn 0.1892 -0.9459 0.2637
vn 0.0511 -0.9652 0.2564
vn -0.3815 0.9223 -0.0618
vn -0.3721 0.8914 -0.2589
vn 0.3814 -0.9231 0.0494
vn 0.3702 -0.8862 0.2787
vn -0.5539 0.8301 -0.0642
vn -0.5385 0.7988 -0.2681
vn 0.5539 -0.8310 0.0517
vn 0.5354 -0.7938 0.2886
vn -0.7051 0.7060 -0.0663
vn -0.6834 0.6758 -0.2762
vn 0.7052 -0.7072 0.0515
vn 0.6812 -0.6737 0.2865
vn -0.8292 0.5547 -0.0682
vn -0.8011 0.5273 -0.2831
vn 0.8296 -0.5558 0.0532
vn 0.7984 -0.5249 0.2949
vn -0.9216 0.3819 -0.0696
vn -0.8877 0.3590 -0.2884
vn 0.9221 -0.3830 0.0545
vn 0.8841 -0.3571 0.3013
vn -0.9784 0.1943 -0.0705
vn -0.9398 0.1776 -0.2918
vn 0.9793 -0.1950 0.0552
vn 0.9356 -0.1760 0.3060
vn -0.9968 0.0353 -0.0711
vn -0.9556 0.0247 -0.2935
vn 0.9977 -0.0357 0.0573
vn 0.9506 -0.0236 0.3095
vn -0.9975 -0.0009 -0.0712
vn -0.9559 -0.0099 -0.2937
vn 0.9984 0.0004 0.0574
vn 0.9505 0.0106 0.3105
vn -0.9975 -0.0026 -0.0712
vn -0.9558 -0.0099 -0.2937
vn -0.9558 -0.0096 -0.2937
vn 0.9984 0.0004 0.0573
vn 0.9984 0.0004 0.0572
vn 0.9504 0.0106 0.3108
vn 0.9504 0.0106 0.3107
vn -0.9977 -0.0008 -0.0680
vn -0.9549 -0.0100 -0.2968
vn -0.8952 -0.4410 -0.0648
vn -0.8194 -0.5125 -0.2568
vn 0.8183 -0.5731 0.0443
vn 0.7918 -0.5598 0.2441
vn 0.0095 -1.0000 -0.0022
vn 0.0159 -0.9998 -0.0075
vn 0.0096 -0.9999 -0.0034
vn 0.0176 -0.9997 -0.0149
vn 0.0768 -0.0399 -0.9962
vn -0.0333 -0.0400 -0.9986
vn -0.1086 -0.0399 -0.9933
vn 0.0768 -0.0398 -0.9963
vn -0.1081 -0.0399 -0.9933
vn 0.0385 -0.0402 -0.9985
vn 0.0385 -0.0401 -0.9985
vn 0.0468 -0.0402 -0.9981
vn 0.0468 -0.0404 -0.9981
vn 0.0384 -0.0398 -0.9985
vn 0.0468 -0.0400 -0.9981
vn -0.0468 0.0403 0.9981
vn -0.0468 0.0401 0.9981
vn -0.0386 0.0399 0.9985
vn -0.0384 0.0402 0.9985
vn -0.0467 0.0400 0.9981
vn -0.0385 0.0398 0.9985
vn 0.0135 -0.0399 -0.9991
vn 0.0224 -0.0398 -0.9990
vn 0.0221 -0.0395 -0.9990
vn 0.0896 0.0399 0.9952
vn 0.0002 0.0400 0.9992
vn -0.0762 0.0399 0.9963
vn -0.0761 0.0399 0.9963
vn 0.0893 0.0399 0.9952
vn -0.0762 0.0398 0.9963
vn -0.0135 0.0396 0.9991
vn -0.0225 0.0401 0.9989
vn -0.0135 0.0393 0.9991
vn 0.7130 -0.0373 0.7002
vn 0.5761 0.0318 0.8168
vn 0.7116 0.0852 0.6974
vn -0.4983 -0.0337 -0.8664
vn -0.6736 0.0389 -0.7380
vn -0.6743 -0.0892 -0.7330
vn -0.9820 0.1641 -0.0935
vn -0.9997 0.0029 0.0235
vn -0.9814 -0.1668 -0.0951
vn -0.8361 -0.4949 -0.2366
vn -0.9558 -0.0113 -0.2937
vn -0.8477 -0.5269 -0.0622
vn -0.9975 -0.0032 -0.0712
vn 0.9984 0.0007 0.0574
vn 0.8077 -0.5879 0.0446
vn 0.8002 -0.5588 0.2179
vn 0.9505 0.0098 0.3106
vn 0.5263 -0.3297 0.7838
vn 0.8196 0.0214 0.5726
vn 0.4852 0.3914 0.7819
vn 0.7797 0.5805 0.2346
vn 0.9505 0.0117 0.3106
vn 0.7962 0.6032 0.0472
vn 0.9984 0.0021 0.0574
vn -0.9975 -0.0008 -0.0712
vn -0.8579 0.5105 -0.0590
vn -0.8507 0.4709 -0.2335
vn -0.9559 -0.0094 -0.2937
vn 0.0168 -0.9998 -0.0116
vn -0.5980 -0.4989 0.6272
vn -0.6989 0.0300 0.7145
vn -0.6024 0.5270 0.5995
vn -0.0169 0.9998 0.0118
vn -0.5527 -0.5941 0.5844
vn 0.0153 -0.9999 -0.0049
vn -0.6990 0.0300 0.7145
vn -0.5624 0.6126 0.5554
vn -0.0152 0.9999 0.0050
vn 0.0097 -0.9999 -0.0034
vn 0.0096 -1.0000 -0.0019
vn -0.0095 1.0000 0.0021
vn -0.0096 0.9999 0.0034
vn -0.0000 -0.0824 -0.9966
vn -0.0001 -0.0685 -0.9977
vn 0.0001 -0.0377 -0.9993
vn -0.0001 -0.0376 -0.9993
vn -0.0001 -0.0373 -0.9993
vn 0.0001 -0.0968 -0.9953
vn -0.0000 -0.0579 -0.9983
vn -0.0001 -0.0395 -0.9992
vn -0.0001 0.0578 0.9983
vn -0.0001 0.0395 0.9992
vn -0.0001 0.1399 -0.9902
vn -0.0000 0.7712 -0.6366
vn -0.0000 -0.1073 -0.9942
vn -0.0005 0.1073 0.9942
vn -0.0000 0.0968 0.9953
vn -0.0000 -0.0677 -0.9977
vn -0.0001 0.0677 0.9977
vn -0.0001 0.0685 0.9976
vn -0.0001 -0.0380 -0.9993
vn -0.0000 0.0381 0.9993
vn -0.0001 -0.0402 -0.9992
vn 0.0001 -0.0406 -0.9992
vn -0.0001 0.0406 0.9992
vn -0.0000 0.0402 0.9992
vn -0.0001 -0.1541 -0.9881
vn -0.0001 -0.0220 -0.9998
vn 0.0001 0.0220 0.9998
vn -0.0001 0.0825 0.9966
vn -0.0001 -0.8193 0.5734
vn -0.0001 -0.1228 0.9924
vn -0.0001 0.1510 0.9885
vn -0.0001 0.0377 0.9993
vn -0.0000 0.0376 0.9993
vn -0.0000 0.0374 0.9993
vn -0.0382 -0.0398 -0.9985
vn -0.0219 -0.0395 -0.9990
vn 0.0219 0.0394 0.9990
vn 0.0382 0.0397 0.9985
vn -0.0466 -0.0400 -0.9981
vn 0.0467 0.0400 0.9981
vn 0.7238 -0.0263 -0.6895
vn 0.1079 -0.0398 -0.9934
vn -0.0892 0.0399 0.9952
vn -0.7482 0.0253 0.6630
vn -0.0768 -0.0397 -0.9963
vn -0.9505 0.0106 0.3106
vn 0.0218 -0.0395 -0.9990
vn 0.0383 -0.0396 -0.9985
vn -0.0383 0.0397 0.9985
vn -0.0097 0.0391 0.9992
vn 0.0467 -0.0400 -0.9981
vn -0.0466 0.0400 0.9981
vn -0.1079 -0.0398 -0.9934
vn -0.7238 -0.0263 -0.6895
vn 0.7482 0.0252 0.6630
vn 0.0768 -0.0397 -0.9963
vn -0.0761 0.0398 0.9963
vn 0.9505 0.0106 0.3106
vn -0.0001 -0.0372 -0.9993
vn -0.0000 0.0372 0.9993
vn 0.7272 -0.0261 -0.6859
vn 0.1089 -0.0400 -0.9932
vn -0.7527 0.0250 0.6579
vn 0.0228 0.0402 0.9989
vn 0.0386 0.0403 0.9984
vn 0.0468 0.0403 0.9981
vn 0.0760 0.0399 0.9963
vn -0.0385 -0.0403 -0.9984
vn -0.0228 -0.0401 -0.9989
vn -0.0768 -0.0398 -0.9962
vn -0.0468 -0.0403 -0.9981
vn -0.0898 0.0400 0.9952
vn -0.1088 -0.0400 -0.9933
vn -0.7272 -0.0261 -0.6859
vn 0.7527 0.0250 0.6579
vn -0.0384 0.0403 0.9984
vn -0.0142 0.0400 0.9991
vn -0.0760 0.0399 0.9963
vn 0.0229 -0.0401 -0.9989
vn 0.0385 -0.0403 -0.9984
vn 0.0467 -0.0403 -0.9981
vn 0.0767 -0.0398 -0.9963
vn 0.0898 0.0400 0.9952
vn -0.0001 -0.0377 -0.9993
vn 0.0001 0.0377 0.9993
vn 0.1917 0.9725 0.1320
vn 0.0521 0.9899 0.1316
vn 0.3761 0.9171 0.1319
vn 0.5465 0.8270 0.1321
vn 0.6964 0.7054 0.1321
vn 0.8202 0.5566 0.1324
vn 0.9128 0.3863 0.1325
vn 0.9706 0.2009 0.1327
vn 0.9903 0.0432 0.1322
vn 0.9912 0.0072 0.1321
vn 0.9912 0.0038 0.1321
vn 0.9275 -0.3528 0.1240
vn 0.9923 0.0069 0.1235
vn 0.0102 -0.9678 0.2515
vn -0.0522 -0.9854 0.1620
vn -0.1928 -0.9676 0.1627
vn -0.3786 -0.9111 0.1632
vn -0.5493 -0.8194 0.1636
vn -0.6990 -0.6961 0.1640
vn -0.8216 -0.5459 0.1645
vn -0.9125 -0.3744 0.1649
vn -0.9681 -0.1882 0.1652
vn -0.9859 -0.0307 0.1647
vn -0.9864 0.0047 0.1645
vn -0.9864 0.0047 0.1646
vn 0.0091 -0.9715 0.2370
vn -0.9868 0.0046 0.1619
vn -0.8111 -0.5693 0.1344
vn 0.8464 -0.5207 0.1117
vn 0.9912 0.0036 0.1321
vn 0.0068 -0.9763 0.2165
vn 0.0064 -0.9763 0.2162
vn -0.9864 0.0042 0.1645
vn -0.7983 -0.5879 0.1310
vn -0.7881 0.6014 0.1310
vn -0.9864 0.0059 0.1645
vn 0.0185 0.9757 0.2184
vn 0.0267 0.9757 0.2173
vn 0.9912 0.0066 0.1321
vn 0.8574 0.5023 0.1118
vn -0.0521 0.9899 0.1316
vn -0.1916 0.9726 0.1320
vn -0.3762 0.9171 0.1319
vn -0.5466 0.8269 0.1320
vn -0.6964 0.7054 0.1320
vn -0.8202 0.5566 0.1323
vn -0.9128 0.3863 0.1325
vn -0.9706 0.2009 0.1326
vn -0.9903 0.0432 0.1322
vn -0.9912 0.0073 0.1321
vn -0.9912 0.0073 0.1320
vn -0.9912 0.0038 0.1321
vn -0.9923 0.0070 0.1236
vn -0.9274 -0.3528 0.1241
vn -0.0103 -0.9678 0.2515
vn 0.1927 -0.9677 0.1627
vn 0.0522 -0.9854 0.1620
vn 0.3786 -0.9111 0.1632
vn 0.5494 -0.8194 0.1636
vn 0.6989 -0.6961 0.1641
vn 0.8216 -0.5458 0.1645
vn 0.9125 -0.3745 0.1649
vn 0.9682 -0.1882 0.1652
vn 0.9859 -0.0307 0.1647
vn 0.9864 0.0047 0.1644
vn 0.9864 0.0047 0.1645
vn -0.0091 -0.9715 0.2370
vn 0.8111 -0.5692 0.1344
vn 0.9868 0.0046 0.1619
vn -0.9912 0.0036 0.1321
vn -0.8464 -0.5208 0.1117
vn -0.0067 -0.9763 0.2165
vn -0.0065 -0.9763 0.2162
vn 0.7983 -0.5878 0.1310
vn 0.9864 0.0042 0.1645
vn 0.9864 0.0059 0.1644
vn 0.7880 0.6015 0.1311
vn -0.0264 0.9757 0.2177
vn -0.0267 0.9757 0.2173
vn -0.8574 0.5023 0.1118
vn -0.9912 0.0066 0.1320
vn 0.9912 0.0072 0.1320
vn -0.9864 0.0047 0.1644
vn -0.9912 0.0072 0.1320
vn -0.0006 0.0356 0.9994
vn 0.0004 0.0433 0.9991
vn 0.0052 0.0531 0.9986
vn 0.0138 0.0613 0.9980
vn 0.0257 0.0664 0.9975
vn 0.0399 0.0671 0.9969
vn 0.0544 0.0629 0.9965
vn 0.0673 0.0536 0.9963
vn 0.0749 0.0429 0.9963
vn 0.0769 0.0401 0.9962
vn 0.0770 0.0401 0.9962
vn 0.0768 0.0329 0.9965
vn 0.2523 0.0392 0.9669
vn -0.0007 0.0355 0.9994
vn -0.0000 0.0433 0.9991
vn 0.0045 0.0532 0.9986
vn 0.0133 0.0616 0.9980
vn 0.0253 0.0668 0.9974
vn 0.0396 0.0676 0.9969
vn 0.0540 0.0634 0.9965
vn 0.0673 0.0542 0.9963
vn 0.0748 0.0430 0.9963
vn 0.0768 0.0401 0.9962
vn 0.0768 0.0377 0.9963
vn 0.2522 0.0392 0.9669
vn 0.0770 0.0331 0.9965
vn 0.0768 0.0323 0.9965
vn 0.0769 0.0350 0.9964
vn 0.0769 0.0357 0.9964
vn -0.0005 0.0433 0.9991
vn 0.0006 0.0356 0.9994
vn -0.0051 0.0531 0.9986
vn -0.0138 0.0613 0.9980
vn -0.0259 0.0663 0.9975
vn -0.0399 0.0671 0.9969
vn -0.0543 0.0629 0.9965
vn -0.0673 0.0536 0.9963
vn -0.0749 0.0428 0.9963
vn -0.0769 0.0401 0.9962
vn -0.0768 0.0329 0.9965
vn -0.2523 0.0392 0.9669
vn 0.0008 0.0355 0.9994
vn -0.0044 0.0532 0.9986
vn -0.0134 0.0616 0.9980
vn -0.0253 0.0668 0.9974
vn -0.0395 0.0676 0.9969
vn -0.0540 0.0634 0.9965
vn -0.0672 0.0542 0.9963
vn -0.0749 0.0431 0.9963
vn -0.0768 0.0400 0.9962
vn -0.0768 0.0377 0.9963
vn -0.2522 0.0392 0.9669
vn -0.0769 0.0331 0.9965
vn -0.0769 0.0323 0.9965
vn -0.0768 0.0350 0.9964
vn -0.0768 0.0357 0.9964
vn 0.0769 0.0400 0.9962
vn -0.0769 0.0400 0.9962
vn -0.0768 0.0401 0.9962
vn -0.0001 0.9983 -0.0582
vn -0.0000 0.9913 0.1317
vn -0.0000 0.0346 0.9994
vn -0.0000 -0.9868 0.1617
vn -0.0000 -0.9989 0.0464
vn -0.0001 -0.9666 0.2563
vn -0.0000 0.9707 -0.2405
vn 0.0184 0.3994 -0.9166
vn 0.0620 -0.3029 -0.9510
vn 0.1555 -0.3024 -0.9404
vn 0.0744 0.4035 -0.9119
vn 0.2898 -0.2945 -0.9107
vn 0.1586 0.4140 -0.8964
vn 0.4575 -0.2705 -0.8471
vn 0.2575 0.4253 -0.8677
vn 0.6523 -0.2206 -0.7252
vn 0.3930 0.4572 -0.7978
vn -0.0184 0.3994 -0.9166
vn -0.0744 0.4035 -0.9119
vn -0.1554 -0.3024 -0.9404
vn -0.0620 -0.3029 -0.9510
vn -0.1586 0.4140 -0.8964
vn -0.2898 -0.2945 -0.9107
vn -0.2575 0.4253 -0.8677
vn -0.4575 -0.2706 -0.8470
vn -0.3930 0.4572 -0.7978
vn -0.6523 -0.2206 -0.7251
vn -0.9942 -0.0326 0.1022
vn -0.6868 -0.6379 0.3483
vn -0.6870 -0.6494 0.3259
vn -0.9963 -0.0466 0.0718
vn -0.0005 -0.3958 0.9183
vn -0.0186 -0.4049 0.9142
vn -0.0626 0.3182 0.9459
vn -0.0163 0.3170 0.9483
vn -0.0744 -0.4085 0.9097
vn -0.1565 0.3180 0.9351
vn -0.1577 -0.4184 0.8945
vn -0.2910 0.3105 0.9049
vn -0.2548 -0.4285 0.8668
vn -0.4591 0.2870 0.8407
vn -0.3894 -0.4589 0.7986
vn -0.6542 0.2369 0.7182
vn -0.5551 -0.5110 0.6563
vn -0.8392 0.1530 0.5218
vn -0.6573 -0.5850 0.4751
vn -0.9594 0.0459 0.2784
vn -0.0001 0.3159 0.9488
vn -0.0000 -0.3884 0.9215
vn 0.9942 -0.0326 0.1022
vn 0.9963 -0.0466 0.0718
vn 0.6870 -0.6494 0.3259
vn 0.6868 -0.6379 0.3483
vn 0.0004 -0.3958 0.9183
vn 0.0162 0.3170 0.9483
vn 0.0626 0.3182 0.9459
vn 0.0186 -0.4049 0.9142
vn 0.1564 0.3180 0.9351
vn 0.0743 -0.4085 0.9097
vn 0.2910 0.3105 0.9049
vn 0.1578 -0.4184 0.8945
vn 0.4590 0.2870 0.8408
vn 0.2549 -0.4285 0.8668
vn 0.6541 0.2369 0.7183
vn 0.3894 -0.4589 0.7986
vn 0.8392 0.1530 0.5219
vn 0.5551 -0.5110 0.6563
vn 0.9594 0.0459 0.2784
vn 0.6573 -0.5850 0.4751
vn 0.5375 -0.7856 0.3066
vn -0.5005 -0.7715 0.3928
vn -0.4786 -0.7353 0.4798
vn 0.5239 -0.8211 0.2265
vn -0.1587 -0.8947 0.4175
vn -0.1476 -0.8794 0.4526
vn -0.4750 -0.8729 0.1116
vn 0.4105 -0.6856 0.6013
vn 0.4786 -0.7353 0.4798
vn -0.5238 -0.8212 0.2265
vn 0.1116 -0.8563 0.5042
vn 0.1476 -0.8794 0.4526
vn -0.9296 0.1438 -0.3393
vn -0.4515 0.7522 -0.4800
vn -0.3876 0.7043 -0.5947
vn -0.8227 0.0550 -0.5659
vn -0.2187 0.8584 -0.4640
vn -0.1754 0.8277 -0.5330
vn -0.4221 -0.9065 0.0026
vn 0.2779 -0.6572 0.7006
vn 0.0230 -0.8489 0.5280
vn -0.2600 0.6775 -0.6881
vn -0.6483 -0.0237 -0.7610
vn -0.0757 0.8156 -0.5736
vn 0.4750 -0.8729 0.1116
vn -0.4103 -0.6856 0.6013
vn -0.2778 -0.6572 0.7006
vn 0.4221 -0.9065 0.0025
vn -0.1116 -0.8563 0.5042
vn -0.0230 -0.8489 0.5280
vn -0.3347 -0.9383 -0.0868
vn 0.1707 -0.6318 0.7561
vn -0.0171 -0.8501 0.5263
vn -0.1569 0.6542 -0.7399
vn -0.4575 -0.0843 -0.8852
vn -0.0214 0.8119 -0.5834
vn -0.1707 -0.6318 0.7561
vn 0.3348 -0.9383 -0.0868
vn 0.0172 -0.8501 0.5263
vn -0.2308 -0.9623 -0.1439
vn 0.0959 -0.6218 0.7773
vn -0.0261 -0.8564 0.5157
vn -0.0857 0.6454 -0.7590
vn -0.2902 -0.1153 -0.9500
vn 0.0013 0.8150 -0.5794
vn 0.5006 -0.7714 0.3928
vn -0.5374 -0.7856 0.3066
vn 0.1587 -0.8947 0.4175
vn -0.0960 -0.6218 0.7773
vn 0.2309 -0.9623 -0.1439
vn 0.0261 -0.8564 0.5157
vn -0.1437 -0.9762 -0.1626
vn 0.0357 -0.6090 0.7923
vn -0.0313 -0.8516 0.5232
vn -0.9618 0.2068 -0.1796
vn -0.4716 0.7871 -0.3975
vn -0.2316 0.8790 -0.4168
vn -0.0295 0.6337 -0.7730
vn -0.1531 -0.1266 -0.9801
vn 0.0175 0.8086 -0.5881
vn -0.0357 -0.6090 0.7923
vn 0.1439 -0.9762 -0.1626
vn 0.0313 -0.8516 0.5232
vn 0.0044 0.6275 -0.7786
vn -0.0564 -0.1268 -0.9903
vn 0.0224 0.8055 -0.5922
vn -0.0745 -0.9817 -0.1754
vn -0.0019 -0.6020 0.7985
vn -0.0284 -0.8488 0.5279
vn 0.0018 -0.6021 0.7984
vn 0.0746 -0.9817 -0.1754
vn 0.0284 -0.8488 0.5279
vn -0.0370 -0.9825 -0.1825
vn -0.0156 -0.5860 0.8102
vn -0.0181 -0.8387 0.5442
vn 0.0156 0.6125 -0.7903
vn -0.0095 -0.1288 -0.9916
vn 0.0283 0.7950 -0.6060
vn 0.0156 -0.5860 0.8102
vn 0.0340 -0.9826 -0.1826
vn 0.0181 -0.8387 0.5442
vn -0.0000 -0.9822 -0.1879
vn -0.0000 -0.5563 0.8310
vn -0.0000 -0.8183 0.5748
vn 0.4982 -0.7813 0.3760
vn -0.5387 -0.7786 0.3218
vn 0.1563 -0.8984 0.4103
vn -0.0000 0.5873 -0.8093
vn -0.0000 -0.1440 -0.9896
vn -0.0000 0.7772 -0.6293
vn -0.9635 0.2222 -0.1490
vn -0.4696 0.7963 -0.3814
vn -0.2299 0.8838 -0.4075
vn 0.5388 -0.7786 0.3218
vn -0.4982 -0.7813 0.3760
vn -0.1563 -0.8984 0.4103
vn 0.8226 0.0550 -0.5659
vn 0.3877 0.7043 -0.5947
vn 0.4514 0.7522 -0.4800
vn 0.9296 0.1439 -0.3394
vn 0.1754 0.8277 -0.5330
vn 0.2186 0.8584 -0.4640
vn 0.6483 -0.0238 -0.7610
vn 0.2601 0.6775 -0.6880
vn 0.0757 0.8156 -0.5736
vn -0.0156 0.6125 -0.7903
vn 0.0095 -0.1288 -0.9916
vn -0.0283 0.7950 -0.6060
vn 0.4575 -0.0843 -0.8852
vn 0.1568 0.6542 -0.7399
vn 0.0214 0.8119 -0.5834
vn 0.2902 -0.1153 -0.9500
vn 0.0858 0.6454 -0.7590
vn -0.0014 0.8150 -0.5794
vn 0.4714 0.7873 -0.3975
vn 0.9617 0.2069 -0.1796
vn 0.2316 0.8790 -0.4168
vn 0.1530 -0.1265 -0.9801
vn 0.0296 0.6337 -0.7730
vn -0.0177 0.8086 -0.5881
vn 0.0565 -0.1269 -0.9903
vn -0.0045 0.6275 -0.7786
vn -0.0225 0.8055 -0.5922
vn 0.4696 0.7963 -0.3814
vn 0.9635 0.2223 -0.1490
vn 0.2299 0.8838 -0.4075
vn 0.6913 0.6456 -0.3244
vn 0.3448 0.8497 -0.3989
vn 0.3481 0.8424 -0.4114
vn 0.6916 0.6335 -0.3470
vn 0.8697 0.4321 -0.2384
vn 0.8682 0.4187 -0.2664
vn 0.0034 -0.7471 0.6647
vn -0.0158 -0.7421 0.6701
vn -0.1482 -0.9554 -0.2555
vn -0.0749 -0.9611 -0.2659
vn -0.0388 0.7465 -0.6643
vn -0.0775 0.7449 -0.6627
vn -0.2395 0.1282 -0.9624
vn -0.3824 0.1482 -0.9120
vn -0.0139 -0.7306 0.6827
vn -0.0283 -0.9645 -0.2626
vn 0.0007 0.3891 -0.9212
vn 0.0147 0.7187 -0.6952
vn 0.0154 0.7321 -0.6810
vn -0.0040 0.1285 -0.9917
vn -0.0390 0.1246 -0.9914
vn -0.5608 0.5057 -0.6556
vn -0.2728 0.7747 -0.5705
vn -0.3301 0.8148 -0.4766
vn -0.6611 0.5810 -0.4748
vn -0.7327 0.2657 -0.6266
vn -0.8372 0.3557 -0.4154
vn -0.0000 -0.7199 0.6940
vn -0.0000 -0.9713 -0.2377
vn 0.3309 -0.8545 0.4004
vn 0.3333 -0.8478 0.4125
vn -0.6230 -0.7251 0.2934
vn -0.6219 -0.7330 0.2756
vn -0.0052 0.7376 -0.6752
vn -0.1209 0.1215 -0.9852
vn -0.2607 -0.7823 0.5658
vn -0.3159 -0.8211 0.4754
vn 0.5427 -0.8384 0.0513
vn 0.6027 -0.7773 0.1804
vn 0.0389 0.7465 -0.6643
vn 0.0052 0.7376 -0.6752
vn 0.2394 0.1282 -0.9624
vn 0.1209 0.1215 -0.9852
vn -0.1437 -0.7628 0.6305
vn 0.4727 -0.8788 -0.0652
vn 0.0139 -0.7306 0.6827
vn 0.0283 -0.9645 -0.2626
vn -0.0703 -0.7538 0.6534
vn 0.3666 -0.9152 -0.1675
vn 0.3301 0.8148 -0.4766
vn 0.6611 0.5810 -0.4748
vn 0.8372 0.3557 -0.4154
vn -0.1529 0.7550 -0.6376
vn -0.5567 0.1977 -0.8069
vn 0.5607 0.5057 -0.6557
vn 0.2727 0.7747 -0.5705
vn 0.1529 0.7550 -0.6376
vn 0.7326 0.2658 -0.6267
vn 0.5567 0.1977 -0.8069
vn -0.0350 -0.7557 0.6540
vn 0.2447 -0.9409 -0.2339
vn -0.3333 -0.8478 0.4125
vn 0.6219 -0.7330 0.2756
vn -0.0032 -0.7470 0.6648
vn 0.1483 -0.9554 -0.2555
vn 0.0158 -0.7422 0.6700
vn 0.0750 -0.9611 -0.2659
vn -0.6915 0.6336 -0.3470
vn -0.3481 0.8424 -0.4114
vn -0.3448 0.8497 -0.3989
vn -0.6913 0.6457 -0.3244
vn -0.8682 0.4187 -0.2664
vn -0.8697 0.4321 -0.2384
vn -0.3308 -0.8546 0.4004
vn 0.6230 -0.7251 0.2934
vn 0.0774 0.7449 -0.6627
vn 0.3824 0.1482 -0.9120
vn -0.0153 0.7321 -0.6810
vn -0.0148 0.7187 -0.6952
vn -0.0007 0.3891 -0.9212
vn 0.0391 0.1247 -0.9914
vn 0.0040 0.1285 -0.9917
vn -0.0000 0.3805 -0.9248
vn -0.0000 0.7062 -0.7080
vn -0.0001 0.1361 -0.9907
vn 0.3159 -0.8211 0.4754
vn 0.2607 -0.7823 0.5658
vn -0.6027 -0.7773 0.1804
vn -0.5427 -0.8383 0.0514
vn 0.1436 -0.7628 0.6305
vn -0.4728 -0.8788 -0.0651
vn 0.0703 -0.7538 0.6533
vn -0.3667 -0.9151 -0.1675
vn 0.0351 -0.7557 0.6540
vn -0.2448 -0.9409 -0.2339
vn -0.8699 0.4338 -0.2348
vn -0.3412 0.8516 -0.3978
vn 0.4954 -0.7838 0.3745
vn -0.5389 -0.7775 0.3240
vn 0.3279 -0.8562 0.3993
vn -0.6232 -0.7239 0.2960
vn 0.1540 -0.8991 0.4097
vn 0.9950 0.0612 -0.0783
vn 0.9952 0.0632 -0.0742
vn 0.6903 0.6479 -0.3220
vn 0.3414 0.8516 -0.3979
vn 0.8699 0.4338 -0.2348
vn -0.6861 -0.6517 0.3234
vn -0.9965 -0.0485 0.0677
vn -0.9637 0.2242 -0.1451
vn -0.4670 0.7985 -0.3798
vn 0.6861 -0.6517 0.3234
vn -0.6902 0.6480 -0.3220
vn -0.9952 0.0632 -0.0742
vn -0.9950 0.0612 -0.0783
vn -0.3279 -0.8562 0.3993
vn -0.4955 -0.7837 0.3746
vn -0.1538 -0.8991 0.4097
vn 0.5389 -0.7776 0.3240
vn 0.6232 -0.7239 0.2960
vn 0.9965 -0.0485 0.0677
vn 0.2281 0.8846 -0.4067
vn 0.4670 0.7985 -0.3798
vn -0.2280 0.8847 -0.4067
vn 0.9637 0.2242 -0.1451
vn 0.5339 -0.7816 0.3226
vn 0.5335 -0.7878 0.3078
vn -0.1587 -0.8948 0.4174
vn 0.8522 -0.4924 0.1769
vn 0.9929 0.0470 -0.1092
vn 0.8507 -0.5034 0.1516
vn 0.0242 -0.8103 -0.5855
vn 0.0766 -0.8080 -0.5842
vn 0.0157 -0.3018 -0.9532
vn 0.0181 -0.8387 0.5443
vn 0.0689 -0.9840 -0.1641
vn 0.0257 -0.9860 -0.1645
vn 0.1671 -0.8015 -0.5742
vn 0.1352 -0.9787 -0.1545
vn 0.2904 -0.7862 -0.5454
vn 0.2203 -0.9660 -0.1356
vn 0.4463 -0.7610 -0.4709
vn 0.3252 -0.9429 -0.0726
vn 0.6058 -0.7181 -0.3425
vn 0.4151 -0.9095 0.0234
vn 0.7321 -0.6577 -0.1771
vn 0.8376 -0.1365 -0.5289
vn 0.4639 -0.8769 0.1256
vn 0.8213 -0.5705 0.0106
vn 0.9577 -0.0314 -0.2859
vn -0.1475 -0.8794 0.4526
vn 0.5140 -0.8272 0.2270
vn -0.0001 -0.9884 -0.1519
vn -0.0000 -0.8182 0.5749
vn -0.0000 -0.3005 -0.9538
vn -0.0000 -0.8137 -0.5813
vn -0.5335 -0.7878 0.3078
vn -0.5340 -0.7815 0.3227
vn 0.1587 -0.8948 0.4174
vn -0.9929 0.0470 -0.1092
vn -0.8522 -0.4924 0.1769
vn -0.8507 -0.5034 0.1516
vn -0.0766 -0.8080 -0.5842
vn -0.0243 -0.8103 -0.5855
vn -0.0157 -0.3018 -0.9532
vn -0.0689 -0.9840 -0.1641
vn -0.0181 -0.8387 0.5443
vn -0.0257 -0.9860 -0.1645
vn -0.1670 -0.8015 -0.5742
vn -0.1353 -0.9787 -0.1545
vn -0.2904 -0.7862 -0.5454
vn -0.2202 -0.9660 -0.1356
vn -0.4462 -0.7610 -0.4709
vn -0.3253 -0.9428 -0.0725
vn -0.6059 -0.7181 -0.3424
vn -0.4151 -0.9095 0.0234
vn -0.8376 -0.1365 -0.5289
vn -0.7322 -0.6577 -0.1770
vn -0.4639 -0.8769 0.1256
vn -0.9577 -0.0313 -0.2859
vn -0.8212 -0.5705 0.0105
vn -0.5139 -0.8273 0.2270
vn -0.2876 -0.8686 0.4036
vn -0.3041 -0.8581 0.4137
vn -0.0049 -0.5499 0.8352
vn 0.0039 -0.5310 0.8474
vn -0.0438 -0.5544 0.8311
vn -0.1288 -0.4971 0.8580
vn -0.2846 -0.3567 0.8898
vn -0.5697 -0.1042 0.8152
vn -0.4272 -0.6409 0.6377
vn -0.3239 -0.8152 0.4801
vn -0.0001 -0.5338 0.8456
vn 0.2876 -0.8685 0.4036
vn 0.3041 -0.8581 0.4137
vn -0.0038 -0.5310 0.8474
vn 0.0049 -0.5499 0.8352
vn 0.0438 -0.5544 0.8311
vn 0.1286 -0.4972 0.8581
vn 0.2846 -0.3568 0.8898
vn 0.5697 -0.1041 0.8152
vn 0.4273 -0.6409 0.6377
vn 0.3239 -0.8152 0.4801
vn -0.1790 0.9027 -0.3912
vn -0.1973 0.8985 -0.3922
vn -0.0470 0.9649 -0.2585
vn -0.0199 0.9703 -0.2411
vn -0.0752 0.9574 -0.2788
vn -0.1010 0.9478 -0.3024
vn -0.1351 0.9310 -0.3392
vn -0.1648 0.9195 -0.3569
vn -0.1588 0.9180 -0.3634
vn -0.1613 0.9127 -0.3755
vn 0.0001 0.9722 -0.2340
vn 0.1973 0.8985 -0.3922
vn 0.1790 0.9028 -0.3912
vn 0.0470 0.9649 -0.2585
vn 0.0200 0.9703 -0.2411
vn 0.0752 0.9574 -0.2788
vn 0.1012 0.9478 -0.3024
vn 0.1350 0.9310 -0.3392
vn 0.1647 0.9195 -0.3569
vn 0.1588 0.9180 -0.3634
vn 0.1614 0.9127 -0.3755
vn 0.5341 -0.7805 0.3248
vn -0.2044 0.8969 -0.3922
vn 0.8524 -0.4908 0.1805
vn -0.8524 -0.4908 0.1805
vn 0.2045 0.8969 -0.3922
vn 0.2934 -0.8673 0.4020
vn -0.5342 -0.7805 0.3248
vn -0.2933 -0.8674 0.4020
vn -0.0709 0.9477 -0.3112
vn -0.0608 0.9458 -0.3190
vn -0.0001 0.9488 -0.3160
vn -0.0000 0.9521 -0.3057
vn 0.0710 -0.9480 0.3101
vn -0.0001 -0.9525 0.3047
vn -0.0000 -0.9487 0.3162
vn 0.0608 -0.9457 0.3194
vn -0.1322 0.9374 -0.3222
vn -0.1142 0.9379 -0.3276
vn 0.1322 -0.9376 0.3216
vn 0.1136 -0.9378 0.3281
vn -0.1837 0.9220 -0.3409
vn -0.1608 0.9266 -0.3399
vn 0.1833 -0.9219 0.3413
vn 0.1593 -0.9265 0.3410
vn -0.0516 0.9502 -0.3074
vn -0.0001 0.9527 -0.3040
vn 0.0001 -0.9520 0.3061
vn 0.0513 -0.9495 0.3094
vn -0.0976 0.9434 -0.3170
vn 0.0962 -0.9428 0.3193
vn -0.1388 0.9336 -0.3302
vn 0.1363 -0.9331 0.3328
vn -0.1965 0.9148 -0.3528
vn -0.1722 0.9227 -0.3449
vn 0.1685 -0.9223 0.3477
vn 0.1943 -0.9147 0.3543
vn -0.2209 0.9087 -0.3543
vn 0.2199 -0.9085 0.3553
vn -0.0457 0.9597 -0.2772
vn -0.0001 0.9622 -0.2724
vn -0.0000 -0.9606 0.2778
vn 0.0452 -0.9581 0.2827
vn -0.0867 0.9529 -0.2908
vn 0.0851 -0.9513 0.2964
vn -0.1239 0.9429 -0.3091
vn 0.1214 -0.9414 0.3147
vn -0.1548 0.9316 -0.3289
vn 0.1513 -0.9303 0.3341
vn -0.2253 0.8968 -0.3808
vn -0.2171 0.9044 -0.3674
vn -0.2395 0.8956 -0.3748
vn -0.2407 0.8895 -0.3883
vn 0.2208 -0.8968 0.3833
vn 0.2361 -0.8884 0.3936
vn 0.2380 -0.8953 0.3766
vn 0.2139 -0.9043 0.3694
vn -0.1928 0.9127 -0.3603
vn 0.1885 -0.9125 0.3631
vn -0.1995 0.9050 -0.3757
vn 0.1943 -0.9051 0.3783
vn -0.1755 0.9210 -0.3477
vn 0.1713 -0.9201 0.3523
vn -0.1809 0.9139 -0.3635
vn 0.1765 -0.9132 0.3673
vn -0.0393 0.9689 -0.2442
vn -0.0001 0.9714 -0.2373
vn 0.0001 -0.9693 0.2458
vn 0.0388 -0.9667 0.2530
vn -0.0300 0.9732 -0.2282
vn -0.0001 0.9764 -0.2162
vn 0.0001 -0.9749 0.2226
vn 0.0290 -0.9712 0.2365
vn -0.0754 0.9620 -0.2624
vn 0.0737 -0.9597 0.2713
vn -0.0596 0.9658 -0.2522
vn 0.0577 -0.9635 0.2616
vn -0.1087 0.9520 -0.2863
vn -0.0886 0.9561 -0.2795
vn 0.0852 -0.9534 0.2895
vn 0.1062 -0.9496 0.2950
vn -0.1377 0.9399 -0.3125
vn -0.1143 0.9435 -0.3111
vn 0.1094 -0.9399 0.3234
vn 0.1344 -0.9375 0.3210
vn -0.1598 0.9280 -0.3366
vn -0.1358 0.9292 -0.3438
vn 0.1306 -0.9250 0.3569
vn 0.1565 -0.9258 0.3440
vn -0.1733 0.9205 -0.3502
vn -0.1549 0.9238 -0.3501
vn 0.1514 -0.9209 0.3592
vn 0.1712 -0.9189 0.3555
vn 0.0709 0.9477 -0.3112
vn 0.0608 0.9458 -0.3190
vn -0.0711 -0.9480 0.3102
vn -0.0609 -0.9457 0.3194
vn 0.1322 0.9374 -0.3222
vn 0.1142 0.9379 -0.3276
vn -0.1323 -0.9376 0.3216
vn -0.1136 -0.9378 0.3281
vn 0.1837 0.9220 -0.3409
vn 0.1609 0.9266 -0.3399
vn -0.1832 -0.9219 0.3413
vn -0.1594 -0.9265 0.3410
vn 0.0517 0.9502 -0.3074
vn -0.0512 -0.9495 0.3094
vn 0.0975 0.9434 -0.3170
vn -0.0962 -0.9428 0.3193
vn 0.1389 0.9336 -0.3302
vn -0.1363 -0.9331 0.3328
vn 0.1722 0.9227 -0.3449
vn 0.1965 0.9148 -0.3528
vn -0.1941 -0.9148 0.3543
vn -0.1687 -0.9223 0.3477
vn 0.2208 0.9087 -0.3543
vn -0.2198 -0.9085 0.3553
vn 0.0457 0.9597 -0.2772
vn -0.0450 -0.9582 0.2827
vn 0.0867 0.9529 -0.2908
vn -0.0850 -0.9513 0.2964
vn 0.1240 0.9429 -0.3091
vn -0.1214 -0.9414 0.3147
vn 0.1547 0.9316 -0.3289
vn -0.1515 -0.9303 0.3342
vn 0.2251 0.8968 -0.3808
vn 0.2408 0.8895 -0.3884
vn 0.2394 0.8957 -0.3748
vn 0.2173 0.9043 -0.3674
vn -0.2209 -0.8968 0.3834
vn -0.2138 -0.9043 0.3694
vn -0.2381 -0.8953 0.3766
vn -0.2360 -0.8885 0.3936
vn 0.1927 0.9127 -0.3603
vn -0.1885 -0.9125 0.3631
vn 0.1995 0.9050 -0.3757
vn -0.1944 -0.9050 0.3783
vn 0.1753 0.9211 -0.3477
vn -0.1715 -0.9201 0.3523
vn 0.1808 0.9139 -0.3635
vn -0.1764 -0.9132 0.3672
vn 0.0393 0.9689 -0.2442
vn -0.0387 -0.9667 0.2530
vn 0.0299 0.9732 -0.2282
vn -0.0290 -0.9712 0.2365
vn 0.0753 0.9620 -0.2624
vn -0.0738 -0.9597 0.2713
vn 0.0596 0.9658 -0.2522
vn -0.0577 -0.9635 0.2616
vn 0.0886 0.9561 -0.2795
vn 0.1088 0.9519 -0.2863
vn -0.1062 -0.9496 0.2950
vn -0.0852 -0.9534 0.2895
vn 0.1141 0.9435 -0.3111
vn 0.1378 0.9399 -0.3125
vn -0.1344 -0.9375 0.3210
vn -0.1095 -0.9399 0.3234
vn 0.1358 0.9292 -0.3438
vn 0.1599 0.9280 -0.3366
vn -0.1565 -0.9258 0.3440
vn -0.1307 -0.9249 0.3569
vn 0.1548 0.9238 -0.3501
vn 0.1732 0.9205 -0.3501
vn -0.1712 -0.9189 0.3555
vn -0.1514 -0.9209 0.3592
vn -0.0296 0.3740 0.9269
vn -0.0014 0.5307 0.8476
vn -0.0357 0.5154 0.8562
vn 0.0165 0.3091 0.9509
vn -0.0488 0.5129 0.8571
vn 0.0103 0.3100 0.9507
vn -0.0471 0.5071 0.8606
vn 0.0064 0.2992 0.9542
vn -0.0360 0.4763 0.8786
vn 0.0089 0.2595 0.9657
vn -0.0267 0.4555 0.8899
vn 0.0081 0.2382 0.9712
vn -0.0057 0.2417 0.9703
vn -0.0240 0.4699 0.8824
vn -0.0001 0.4352 0.9003
vn -0.0000 0.2034 0.9791
vn 0.0240 0.4699 0.8824
vn 0.0057 0.2417 0.9703
vn 0.0267 0.4554 0.8899
vn -0.0081 0.2381 0.9712
vn 0.0360 0.4763 0.8786
vn -0.0089 0.2595 0.9657
vn -0.0064 0.2992 0.9542
vn 0.0471 0.5071 0.8606
vn -0.0104 0.3100 0.9507
vn 0.0488 0.5129 0.8571
vn 0.0357 0.5154 0.8562
vn -0.0166 0.3091 0.9509
vn 0.0014 0.5307 0.8476
vn 0.0297 0.3740 0.9269
vn -0.2272 0.8848 -0.4067
vn 0.1832 0.9003 -0.3948
vn -0.1757 0.9247 0.3378
vn 0.6188 -0.7059 0.3446
vn 0.6748 0.2616 0.6901
vn -0.9952 0.0631 -0.0742
vn -0.8524 -0.4907 0.1805
vn -0.7330 0.3405 0.5889
vn -0.6379 -0.0671 0.7671
vn -0.5342 -0.7804 0.3249
vn 0.1529 -0.8993 0.4097
vn -0.4044 -0.2785 0.8712
vn 0.0955 -0.3517 0.9312
vn -0.4659 0.7991 -0.3801
vn -0.3482 0.8635 0.3648
vn 0.6858 -0.6520 0.3236
vn 0.4631 -0.1613 0.8715
vn -0.6897 0.6485 -0.3221
vn -0.5080 0.7576 0.4097
vn -0.8318 0.4183 0.3649
vn 0.3266 -0.8566 0.3995
vn 0.2324 -0.3811 0.8949
vn -0.3399 0.8521 -0.3981
vn -0.2724 0.9190 0.2850
vn -0.6233 -0.7238 0.2960
vn -0.5262 -0.3513 0.7744
vn 0.4943 -0.7844 0.3748
vn 0.3367 -0.2625 0.9043
vn -0.5388 -0.7776 0.3240
vn -0.4896 -0.4853 0.7245
vn -0.8697 0.4340 -0.2349
vn -0.8086 0.5682 0.1524
vn -0.1833 0.9003 -0.3948
vn 0.2272 0.8848 -0.4067
vn 0.1757 0.9247 0.3378
vn -0.1529 -0.8993 0.4097
vn -0.0955 -0.3517 0.9312
vn 0.4044 -0.2784 0.8712
vn 0.4659 0.7991 -0.3801
vn 0.3482 0.8635 0.3649
vn 0.8318 0.4183 0.3649
vn -0.6188 -0.7059 0.3446
vn -0.6747 0.2616 0.6901
vn 0.9952 0.0631 -0.0742
vn 0.6379 -0.0672 0.7672
vn 0.7330 0.3405 0.5889
vn 0.6231 -0.7240 0.2959
vn -0.3266 -0.8566 0.3995
vn 0.5262 -0.3513 0.7744
vn -0.2324 -0.3811 0.8948
vn 0.5388 -0.7776 0.3240
vn -0.4943 -0.7844 0.3747
vn 0.4896 -0.4853 0.7245
vn -0.3367 -0.2625 0.9043
vn -0.6858 -0.6520 0.3236
vn -0.4631 -0.1613 0.8715
vn 0.3398 0.8521 -0.3981
vn 0.8698 0.4340 -0.2349
vn 0.2725 0.9190 0.2849
vn 0.8087 0.5682 0.1525
vn 0.6897 0.6485 -0.3221
vn 0.5080 0.7577 0.4098
vn -0.0000 0.9610 -0.2764
vn -0.0817 0.9542 -0.2879
vn 0.0818 -0.9551 0.2849
vn -0.0003 -0.9621 0.2728
vn -0.1514 0.9407 -0.3035
vn 0.1516 -0.9415 0.3011
vn -0.2060 0.9196 -0.3347
vn 0.2058 -0.9197 0.3345
vn -0.2439 0.9040 -0.3510
vn 0.2435 -0.9039 0.3516
vn -0.2580 0.8878 -0.3810
vn -0.2337 0.8884 -0.3950
vn 0.2385 -0.8824 0.4056
vn 0.2594 -0.8866 0.3830
vn 0.0817 0.9542 -0.2879
vn -0.0818 -0.9551 0.2849
vn 0.1512 0.9408 -0.3035
vn -0.1515 -0.9415 0.3011
vn 0.2060 0.9195 -0.3347
vn -0.2058 -0.9197 0.3345
vn 0.2440 0.9040 -0.3510
vn -0.2435 -0.9039 0.3516
vn 0.2434 0.8853 -0.3962
vn 0.2579 0.8879 -0.3810
vn -0.2594 -0.8866 0.3830
vn -0.2385 -0.8824 0.4056
vn 0.0238 0.4235 0.9056
vn 0.0208 0.4169 0.9087
vn 0.0246 0.4230 0.9058
vn 0.0226 0.4169 0.9087
vn 0.1831 -0.7235 -0.6656
vn 0.3177 -0.7080 -0.6307
vn 0.3177 -0.7079 -0.6309
vn 0.6816 -0.2960 -0.6692
vn 0.4865 -0.3499 -0.8006
vn 0.6819 -0.2957 -0.6690
vn 0.4869 -0.3497 -0.8004
vn -0.4820 -0.6764 -0.5569
vn -0.3177 -0.7080 -0.6307
vn -0.4817 -0.6765 -0.5571
vn -0.3177 -0.7079 -0.6309
vn 0.0420 0.4185 0.9073
vn 0.0317 0.4262 0.9041
vn 0.0420 0.4181 0.9074
vn 0.0327 0.4252 0.9045
vn -0.9967 -0.0279 -0.0760
vn -0.9989 -0.0134 -0.0451
vn -0.9967 -0.0278 -0.0761
vn 0.9651 -0.1027 -0.2410
vn 0.8557 -0.2086 -0.4735
vn 0.9652 -0.1026 -0.2407
vn 0.8559 -0.2084 -0.4732
vn -0.3117 -0.3741 -0.8734
vn -0.4865 -0.3499 -0.8006
vn -0.3121 -0.3741 -0.8733
vn -0.4869 -0.3497 -0.8004
vn 0.0218 0.4167 0.9088
vn 0.8516 0.2233 0.4743
vn 0.0243 0.4166 0.9088
vn 0.8203 0.2428 0.5178
vn 0.0279 0.4083 0.9124
vn 0.0161 0.4294 0.9030
vn -0.9107 -0.3910 0.1334
vn -0.9104 -0.3928 0.1297
vn -0.9107 -0.3910 0.1335
vn -0.9105 -0.3927 0.1297
vn 0.3116 -0.3741 -0.8735
vn 0.3121 -0.3741 -0.8733
vn 0.9989 -0.0134 -0.0451
vn 0.9967 -0.0279 -0.0760
vn 0.9967 -0.0278 -0.0761
vn 0.8835 -0.4665 -0.0428
vn 0.9080 -0.4063 0.1023
vn 0.8833 -0.4667 -0.0435
vn 0.9080 -0.4063 0.1020
vn -0.0177 -0.3714 -0.9283
vn -0.0685 -0.3762 -0.9240
vn -0.0176 -0.3713 -0.9283
vn -0.0686 -0.3762 -0.9240
vn 0.1698 -0.3794 -0.9095
vn 0.1702 -0.3793 -0.9095
vn -0.8516 0.2232 0.4743
vn -0.0219 0.4167 0.9088
vn -0.8203 0.2429 0.5178
vn -0.0242 0.4166 0.9088
vn 0.9105 -0.3927 0.1297
vn 0.9107 -0.3910 0.1334
vn 0.9105 -0.3928 0.1297
vn 0.9107 -0.3910 0.1335
vn -0.0277 -0.7237 -0.6896
vn -0.0000 -0.7166 -0.6975
vn -0.0273 -0.7237 -0.6896
vn 0.0359 0.4093 0.9117
vn 0.0368 0.4102 0.9113
vn -0.6815 -0.2960 -0.6692
vn -0.8557 -0.2086 -0.4735
vn -0.6819 -0.2957 -0.6690
vn -0.8559 -0.2084 -0.4732
vn -0.1698 -0.3794 -0.9095
vn -0.1702 -0.3793 -0.9095
vn -0.0208 0.4169 0.9087
vn -0.0239 0.4235 0.9056
vn -0.0225 0.4169 0.9087
vn -0.0248 0.4230 0.9058
vn -0.0819 -0.7262 -0.6825
vn -0.0817 -0.7262 -0.6826
vn -0.8835 -0.4664 -0.0427
vn -0.7935 -0.5542 -0.2516
vn -0.8833 -0.4667 -0.0435
vn -0.7931 -0.5545 -0.2521
vn -0.9080 -0.4063 0.1023
vn -0.9080 -0.4063 0.1020
vn 0.0277 -0.7237 -0.6896
vn 0.0819 -0.7262 -0.6825
vn 0.0273 -0.7237 -0.6896
vn 0.0818 -0.7262 -0.6826
vn -0.0280 0.4083 0.9124
vn -0.0160 0.4294 0.9029
vn -0.1831 -0.7235 -0.6656
vn -0.1830 -0.7235 -0.6656
vn 0.4821 -0.6764 -0.5568
vn 0.4816 -0.6765 -0.5571
vn 0.7698 -0.0799 0.6333
vn 0.7546 -0.0629 0.6531
vn -0.6516 -0.6257 -0.4289
vn -0.6511 -0.6259 -0.4294
vn 0.0001 -0.3673 -0.9301
vn -0.0000 -0.3672 -0.9301
vn -0.7697 -0.0800 0.6334
vn -0.7546 -0.0629 0.6531
vn -0.9651 -0.1027 -0.2410
vn -0.9652 -0.1026 -0.2407
vn 0.9991 -0.0115 -0.0409
vn 0.6516 -0.6257 -0.4289
vn 0.6510 -0.6259 -0.4295
vn -0.0419 0.4185 0.9073
vn -0.0359 0.4093 0.9117
vn -0.0420 0.4181 0.9074
vn -0.0368 0.4102 0.9112
vn 0.7935 -0.5542 -0.2516
vn 0.7931 -0.5545 -0.2521
vn 0.0176 -0.3714 -0.9283
vn 0.0176 -0.3713 -0.9283
vn -0.9991 -0.0115 -0.0409
vn -0.0316 0.4262 0.9041
vn -0.0327 0.4252 0.9045
vn 0.0684 -0.3762 -0.9240
vn 0.0686 -0.3762 -0.9240
vn 0.9107 -0.3909 0.1334
vn -0.9107 -0.3909 0.1334
vn -0.4702 0.2519 0.8459
vn -0.3327 -0.0710 0.9403
vn -0.1789 0.1027 0.9785
vn -0.2527 0.2762 0.9273
vn -0.0001 -0.2048 0.9788
vn -0.0002 0.0307 0.9995
vn 0.3325 -0.0710 0.9404
vn 0.1786 0.1027 0.9785
vn 0.4700 0.2519 0.8460
vn 0.2524 0.2762 0.9274
vn 0.3312 0.5728 0.7498
vn 0.1782 0.4489 0.8756
vn -0.0001 0.7047 0.7095
vn -0.0003 0.5203 0.8540
vn -0.3315 0.5728 0.7497
vn -0.1786 0.4490 0.8755
vn 0.0435 0.2426 0.9691
vn -0.0003 0.2252 0.9743
vn 0.0613 0.2848 0.9566
vn 0.0433 0.3270 0.9440
vn -0.0002 0.3444 0.9388
vn -0.0436 0.3269 0.9440
vn -0.0616 0.2848 0.9566
vn -0.0437 0.2427 0.9691
vn -0.0002 0.2854 0.9584
vn -0.0001 0.2854 0.9584
vn -0.0002 0.2853 0.9584
vn -0.0001 0.2853 0.9584
vn -0.0002 0.2855 0.9584
vn -0.0003 0.2855 0.9584
vn 0.6810 -0.5893 0.4348
vn 0.7030 -0.6830 0.1983
vn 1.0000 -0.0000 0.0002
vn 0.9672 0.0725 0.2433
vn 0.7031 0.6829 -0.1983
vn 0.6794 0.7320 0.0504
vn -0.0001 0.9603 -0.2790
vn 0.0001 0.9996 -0.0292
vn -0.7030 0.6829 -0.1984
vn -0.6795 0.7319 0.0502
vn -0.9673 0.0724 0.2431
vn -0.7031 -0.6829 0.1983
vn -0.6812 -0.5895 0.4342
vn -0.0000 -0.9603 0.2790
vn -0.0001 -0.8592 0.5116
vn -0.0001 -0.3950 0.9187
vn 0.4482 -0.2151 0.8677
vn 0.6342 0.2207 0.7410
vn 0.4464 0.6532 0.6116
vn -0.0001 0.8301 0.5576
vn -0.4466 0.6532 0.6114
vn -0.6344 0.2205 0.7409
vn -0.4487 -0.2150 0.8674
vn -0.7006 0.6552 -0.2827
vn -0.7030 0.6768 -0.2186
vn -0.0000 0.9544 -0.2987
vn -0.0000 0.9320 -0.3625
vn -0.9960 -0.0254 -0.0856
vn -0.9998 -0.0060 -0.0204
vn -0.7000 -0.7052 0.1124
vn -0.7029 -0.6886 0.1781
vn -0.0000 -0.9811 0.1933
vn -0.0000 -0.9659 0.2591
vn 0.7000 -0.7051 0.1127
vn 0.7028 -0.6887 0.1781
vn 0.9960 -0.0254 -0.0853
vn 0.9998 -0.0060 -0.0200
vn 0.7007 0.6552 -0.2825
vn 0.7031 0.6767 -0.2185
vn 0.7031 -0.6829 0.1984
vn -0.7030 0.6829 -0.1985
vn -0.7031 -0.6828 0.1984
vn -0.0002 0.9319 -0.3626
vn 0.0001 0.5327 -0.8463
vn -0.5268 0.3218 -0.7867
vn -0.7005 0.6552 -0.2828
vn -0.7458 -0.1902 -0.6385
vn -0.5243 -0.6983 -0.4873
vn -0.0008 -0.9056 -0.4242
vn 0.0001 -0.9811 0.1933
vn 0.5245 -0.6984 -0.4870
vn 0.7001 -0.7051 0.1128
vn 0.7457 -0.1902 -0.6385
vn 0.5269 0.3217 -0.7867
vn 0.7006 0.6552 -0.2825
vn 0.0001 0.9319 -0.3626
vn -0.7006 0.6551 -0.2828
vn -0.7001 -0.7051 0.1125
vn 0.7000 -0.7052 0.1127
vn 0.0001 0.0811 -0.9967
vn -0.2531 -0.0208 -0.9672
vn 0.2534 -0.0208 -0.9671
vn 0.3579 -0.2665 -0.8949
vn 0.2526 -0.5110 -0.8216
vn 0.0001 -0.6118 -0.7910
vn -0.2523 -0.5111 -0.8217
vn -0.3577 -0.2665 -0.8950
vn 0.2191 -0.2785 -0.9351
vn 0.1551 -0.1282 -0.9795
vn 0.1548 -0.4282 -0.8903
vn 0.0002 -0.4901 -0.8716
vn -0.1544 -0.4283 -0.8904
vn -0.2188 -0.2785 -0.9352
vn -0.1549 -0.1282 -0.9796
vn 0.0001 -0.0659 -0.9978
vn -0.0036 -0.2818 -0.9595
vn -0.0018 -0.2853 -0.9584
vn 0.0001 -0.2833 -0.9590
vn 0.0039 -0.2818 -0.9595
vn 0.0023 -0.2853 -0.9584
vn 0.0039 -0.2889 -0.9573
vn 0.0001 -0.2874 -0.9578
vn -0.0036 -0.2890 -0.9573
vn 0.0001 -0.2853 -0.9585
vn 0.4703 -0.1950 0.8607
vn 0.2528 -0.2136 0.9436
vn 0.1785 -0.3897 0.9035
vn 0.3317 -0.5219 0.7859
vn -0.0001 -0.4625 0.8866
vn -0.0000 -0.6564 0.7544
vn -0.1785 -0.3897 0.9035
vn -0.3315 -0.5220 0.7859
vn -0.2527 -0.2136 0.9437
vn -0.4702 -0.1951 0.8607
vn -0.1788 -0.0372 0.9832
vn -0.3327 0.1336 0.9335
vn -0.0000 0.0360 0.9994
vn -0.0000 0.2695 0.9630
vn 0.1788 -0.0372 0.9832
vn 0.3326 0.1335 0.9336
vn -0.0000 -0.2812 0.9597
vn -0.0436 -0.2634 0.9637
vn -0.0615 -0.2205 0.9735
vn -0.0435 -0.1775 0.9832
vn -0.0000 -0.1597 0.9872
vn 0.0435 -0.1776 0.9831
vn 0.0615 -0.2205 0.9735
vn 0.0436 -0.2634 0.9637
vn -0.0001 -0.2208 0.9753
vn -0.0000 -0.2209 0.9753
vn 0.0001 -0.2210 0.9753
vn -0.0000 -0.2210 0.9753
vn -0.0000 -0.2208 0.9753
vn -0.0001 -0.2210 0.9753
vn -0.6795 -0.7271 0.0977
vn -0.9672 -0.0561 0.2476
vn -0.7030 -0.6945 -0.1534
vn -0.6808 0.6168 0.3952
vn -0.0000 0.8908 0.4545
vn 0.6808 0.6168 0.3952
vn 0.9672 -0.0561 0.2476
vn 0.6796 -0.7271 0.0977
vn 0.7029 -0.6946 -0.1534
vn -0.0001 -0.9994 0.0356
vn 0.0001 -0.9764 -0.2158
vn -0.4468 -0.6114 0.6531
vn -0.0000 -0.7917 0.6109
vn -0.6344 -0.1708 0.7539
vn -0.4484 0.2723 0.8514
vn 0.0001 0.4551 0.8905
vn 0.4484 0.2723 0.8514
vn 0.6344 -0.1708 0.7539
vn 0.4468 -0.6114 0.6531
vn 0.7000 0.7111 0.0665
vn -0.0003 0.9916 0.1290
vn 0.0001 0.9808 0.1951
vn 0.7027 0.6990 0.1325
vn 0.9960 0.0196 -0.0869
vn 0.9998 0.0046 -0.0203
vn 0.7004 -0.6724 -0.2394
vn 0.7029 -0.6896 -0.1745
vn 0.0001 -0.9536 -0.3010
vn -0.0001 -0.9717 -0.2364
vn -0.7004 -0.6724 -0.2393
vn -0.7028 -0.6897 -0.1742
vn -0.9960 0.0197 -0.0869
vn -0.9998 0.0046 -0.0203
vn -0.6999 0.7111 0.0666
vn -0.7027 0.6990 0.1328
vn -0.7030 -0.6944 -0.1535
vn 0.0001 0.9765 0.2157
vn 0.7029 -0.6945 -0.1534
vn -0.0000 -0.9765 -0.2156
vn -0.0000 0.9916 0.1290
vn 0.6999 0.7111 0.0664
vn 0.5248 0.6648 -0.5316
vn -0.0001 0.8760 -0.4823
vn 0.9960 0.0197 -0.0869
vn 0.7458 0.1472 -0.6497
vn 0.5266 -0.3733 -0.7637
vn -0.0001 -0.9536 -0.3010
vn -0.0001 -0.5873 -0.8094
vn -0.7005 -0.6723 -0.2394
vn -0.5266 -0.3733 -0.7637
vn -0.7458 0.1471 -0.6497
vn -0.6999 0.7111 0.0664
vn -0.5248 0.6648 -0.5316
vn -0.0001 0.9916 0.1290
vn 0.7005 -0.6724 -0.2393
vn -0.0000 -0.9536 -0.3010
vn -0.7005 -0.6724 -0.2393
vn -0.9960 0.0196 -0.0869
vn 0.2525 0.4555 -0.8537
vn -0.0001 0.5582 -0.8297
vn -0.2525 0.4554 -0.8537
vn -0.3579 0.2063 -0.9107
vn -0.2531 -0.0438 -0.9664
vn -0.0000 -0.1474 -0.9891
vn 0.2531 -0.0439 -0.9664
vn 0.3581 0.2063 -0.9106
vn -0.1546 0.3681 -0.9168
vn -0.2190 0.2155 -0.9516
vn -0.1549 0.0625 -0.9860
vn -0.0000 -0.0008 -1.0000
vn 0.1551 0.0625 -0.9859
vn 0.2192 0.2155 -0.9516
vn 0.1547 0.3682 -0.9168
vn -0.0001 0.4312 -0.9023
vn 0.0022 0.2208 -0.9753
vn 0.0036 0.2246 -0.9744
vn -0.0000 0.2230 -0.9748
vn -0.0036 0.2245 -0.9745
vn -0.0020 0.2209 -0.9753
vn -0.0037 0.2172 -0.9761
vn -0.0001 0.2189 -0.9758
vn 0.0037 0.2172 -0.9761
vn -0.0000 0.2209 -0.9753
vn -0.3316 -0.5219 0.7859
vn -0.1786 -0.3897 0.9035
vn -0.0000 -0.4625 0.8866
vn 0.3316 -0.5219 0.7859
vn 0.1784 -0.3897 0.9035
vn 0.1789 -0.0372 0.9832
vn -0.0001 0.2695 0.9630
vn -0.3326 0.1335 0.9336
vn -0.1789 -0.0372 0.9832
vn -0.0001 -0.2812 0.9597
vn 0.0616 -0.2204 0.9735
vn 0.0437 -0.1775 0.9831
vn -0.0001 -0.1597 0.9872
vn -0.0435 -0.1776 0.9831
vn -0.0616 -0.2205 0.9735
vn -0.0435 -0.2634 0.9637
vn 0.0001 -0.2209 0.9753
vn 0.9672 -0.0560 0.2476
vn 0.6808 0.6168 0.3951
vn -0.6808 0.6167 0.3951
vn -0.7029 -0.6945 -0.1534
vn -0.0000 -0.9994 0.0356
vn 0.0001 -0.7917 0.6109
vn 0.4467 -0.6115 0.6531
vn 0.4484 0.2723 0.8513
vn -0.0001 0.4551 0.8905
vn -0.4485 0.2723 0.8513
vn -0.4467 -0.6115 0.6531
vn -0.7000 0.7110 0.0664
vn -0.7027 0.6991 0.1326
vn -0.0000 0.9808 0.1951
vn -0.7004 -0.6724 -0.2394
vn -0.7029 -0.6896 -0.1744
vn -0.0000 -0.9717 -0.2364
vn 0.7028 -0.6897 -0.1742
vn 0.6999 0.7111 0.0665
vn 0.7027 0.6990 0.1328
vn -0.0000 0.8760 -0.4823
vn -0.5247 0.6649 -0.5316
vn -0.7458 0.1472 -0.6497
vn -0.5266 -0.3733 -0.7638
vn -0.0000 -0.5873 -0.8094
vn 0.5266 -0.3733 -0.7638
vn 0.7004 -0.6723 -0.2394
vn 0.5247 0.6649 -0.5316
vn 0.6998 0.7112 0.0665
vn 0.7000 0.7110 0.0664
vn -0.0000 0.5582 -0.8297
vn -0.2526 0.4555 -0.8537
vn 0.3579 0.2062 -0.9107
vn 0.2532 -0.0438 -0.9664
vn -0.2532 -0.0439 -0.9664
vn -0.3580 0.2063 -0.9106
vn 0.2189 0.2155 -0.9516
vn 0.1547 0.3681 -0.9168
vn 0.1550 0.0625 -0.9859
vn -0.0001 -0.0008 -1.0000
vn -0.1551 0.0625 -0.9859
vn -0.1546 0.3682 -0.9168
vn -0.0000 0.4312 -0.9023
vn -0.0038 0.2246 -0.9744
vn -0.0001 0.2230 -0.9748
vn 0.0037 0.2245 -0.9745
vn 0.0022 0.2209 -0.9753
vn 0.0038 0.2172 -0.9761
vn -0.0000 0.2189 -0.9758
vn 0.4703 0.2519 0.8458
vn 0.2527 0.2762 0.9273
vn 0.1790 0.1027 0.9785
vn 0.3329 -0.0710 0.9403
vn 0.0002 0.0307 0.9995
vn 0.0001 -0.2048 0.9788
vn -0.1786 0.1027 0.9786
vn -0.3323 -0.0711 0.9405
vn -0.2525 0.2762 0.9274
vn -0.4700 0.2519 0.8460
vn -0.1782 0.4489 0.8756
vn -0.3312 0.5728 0.7498
vn -0.0000 0.5203 0.8540
vn 0.0001 0.7047 0.7095
vn 0.1786 0.4490 0.8755
vn 0.3314 0.5728 0.7497
vn 0.0002 0.2252 0.9743
vn -0.0434 0.2426 0.9691
vn -0.0614 0.2848 0.9566
vn -0.0433 0.3270 0.9440
vn -0.0000 0.3444 0.9388
vn 0.0437 0.3269 0.9440
vn 0.0616 0.2848 0.9566
vn 0.0436 0.2427 0.9691
vn 0.0002 0.2854 0.9584
vn 0.0001 0.2853 0.9584
vn -0.0000 0.2853 0.9584
vn 0.0002 0.2853 0.9584
vn 0.0002 0.2855 0.9584
vn -0.0001 0.2855 0.9584
vn -0.6809 -0.5893 0.4348
vn -0.9672 0.0725 0.2434
vn -1.0000 -0.0001 0.0001
vn -0.6794 0.7321 0.0505
vn -0.7031 0.6829 -0.1982
vn -0.0000 0.9996 -0.0292
vn -0.0000 0.9603 -0.2790
vn 0.6795 0.7320 0.0502
vn 0.7030 0.6829 -0.1984
vn 0.9673 0.0724 0.2430
vn 0.6812 -0.5895 0.4342
vn 0.7031 -0.6829 0.1982
vn 0.0003 -0.8592 0.5116
vn -0.4483 -0.2150 0.8676
vn -0.0000 -0.3950 0.9187
vn -0.6341 0.2206 0.7411
vn -0.4463 0.6532 0.6117
vn 0.0002 0.8301 0.5576
vn 0.4465 0.6532 0.6115
vn 0.6344 0.2205 0.7409
vn 0.4487 -0.2150 0.8674
vn 0.7006 0.6552 -0.2827
vn -0.0001 0.9320 -0.3625
vn 0.7030 0.6768 -0.2186
vn 0.9960 -0.0254 -0.0856
vn 0.9998 -0.0060 -0.0204
vn 0.7001 -0.7052 0.1124
vn 0.7029 -0.6886 0.1781
vn -0.0001 -0.9811 0.1933
vn 0.0003 -0.9659 0.2591
vn -0.7000 -0.7052 0.1127
vn -0.7028 -0.6888 0.1781
vn -0.9960 -0.0254 -0.0853
vn -0.9998 -0.0060 -0.0200
vn -0.7006 0.6553 -0.2825
vn -0.7030 0.6768 -0.2184
vn -1.0000 -0.0000 0.0002
vn -0.7030 0.6830 -0.1982
vn 0.7030 0.6829 -0.1985
vn 0.7005 0.6552 -0.2828
vn 0.5268 0.3218 -0.7867
vn -0.0001 0.5328 -0.8463
vn 0.7458 -0.1902 -0.6385
vn 0.7000 -0.7052 0.1124
vn 0.5241 -0.6983 -0.4875
vn -0.0001 -0.9056 -0.4242
vn -0.5244 -0.6984 -0.4870
vn -0.7458 -0.1902 -0.6384
vn -0.7006 0.6552 -0.2825
vn -0.5270 0.3216 -0.7867
vn 0.7006 0.6551 -0.2828
vn -0.0001 0.9319 -0.3626
vn 0.7000 -0.7052 0.1125
vn 0.2530 -0.0207 -0.9672
vn -0.0001 0.0811 -0.9967
vn -0.2535 -0.0208 -0.9671
vn -0.3580 -0.2665 -0.8949
vn -0.2526 -0.5111 -0.8216
vn -0.0000 -0.6118 -0.7910
vn 0.2523 -0.5111 -0.8217
vn 0.3576 -0.2664 -0.8951
vn -0.1551 -0.1282 -0.9795
vn -0.2192 -0.2785 -0.9351
vn -0.1548 -0.4282 -0.8903
vn -0.0000 -0.4901 -0.8716
vn 0.1544 -0.4283 -0.8904
vn 0.2188 -0.2785 -0.9352
vn 0.1547 -0.1282 -0.9796
vn -0.0003 -0.0659 -0.9978
vn 0.0019 -0.2853 -0.9584
vn 0.0035 -0.2818 -0.9595
vn -0.0000 -0.2833 -0.9590
vn -0.0040 -0.2818 -0.9595
vn -0.0022 -0.2853 -0.9584
vn -0.0038 -0.2889 -0.9573
vn -0.0003 -0.2874 -0.9578
vn 0.0035 -0.2889 -0.9573
vn -0.0000 -0.2853 -0.9585
vn 0.0061 0.1746 0.9846
vn -0.6906 0.1680 0.7035
vn -0.6985 -0.0473 0.7141
vn 0.0009 -0.0447 0.9990
vn -0.9870 0.1575 0.0325
vn -0.9979 -0.0551 0.0350
vn -0.7181 0.1486 -0.6799
vn -0.7258 -0.0641 -0.6850
vn -0.0090 0.1427 -0.9897
vn -0.0094 -0.0672 -0.9977
vn 0.6859 0.1451 -0.7131
vn 0.6930 -0.0632 -0.7181
vn 0.9870 0.1570 -0.0357
vn 0.9979 -0.0561 -0.0336
vn 0.7119 0.1703 0.6813
vn 0.7202 -0.0486 0.6920
vn 0.0005 0.1428 -0.9897
vn -0.0093 -0.0672 -0.9977
vn -0.7258 -0.0641 -0.6849
vn 0.6859 0.1451 -0.7130
vn 0.7118 0.1705 0.6814
vn 0.0060 0.1746 0.9846
vn 0.0062 -0.0447 0.9990
vn -0.9979 -0.0552 0.0350
vn -0.5398 -0.8413 0.0289
vn -0.3899 -0.8482 -0.3584
vn -0.2655 -0.9341 -0.2389
vn -0.3644 -0.9309 0.0258
vn -0.0003 -0.8493 -0.5278
vn -0.0002 -0.9362 -0.3516
vn 0.3754 -0.8454 -0.3798
vn 0.2563 -0.9324 -0.2547
vn 0.5387 -0.8424 -0.0104
vn 0.3633 -0.9317 -0.0052
vn 0.3870 -0.8400 0.3802
vn 0.2628 -0.9285 0.2622
vn 0.0024 -0.8375 0.5464
vn 0.0003 -0.9282 0.3721
vn -0.3787 -0.8369 0.3952
vn -0.2590 -0.9266 0.2726
vn -0.3899 -0.8483 -0.3583
vn -0.0003 -0.8494 -0.5278
vn -0.2654 -0.9341 -0.2389
vn 0.3755 -0.8454 -0.3798
vn 0.2562 -0.9325 -0.2546
vn 0.5388 -0.8424 -0.0104
vn 0.3869 -0.8401 0.3802
vn 0.0023 -0.8375 0.5464
vn 0.0002 -0.9282 0.3722
vn -0.5399 -0.8412 0.0290
vn -0.1029 -0.9882 0.1132
vn -0.0000 -0.9941 0.1083
vn -0.0993 -0.9949 0.0168
vn -0.1059 -0.9906 -0.0871
vn 0.0019 -0.9962 -0.0866
vn 0.1009 -0.9906 -0.0928
vn 0.0987 -0.9951 0.0050
vn 0.1038 -0.9884 0.1104
vn -0.1027 -0.9882 0.1132
vn 0.1007 -0.9906 -0.0929
vn -0.0010 -0.9941 0.1083
vn -0.0002 -0.9999 0.0109
vn -0.0001 -0.9999 0.0109
vn 0.7162 0.1305 0.6856
vn 0.0061 0.1342 0.9909
vn -0.6947 0.1287 0.7077
vn -0.9923 0.1197 0.0330
vn 0.9922 0.1192 -0.0362
vn -0.7217 0.1118 -0.6831
vn 0.0002 0.1070 -0.9943
vn 0.6892 0.1093 -0.7163
vn -0.9923 0.1196 0.0330
vn -0.6946 0.1287 0.7078
vn 0.9922 0.1193 -0.0362
vn 0.6892 0.1092 -0.7163
vn -0.0088 0.1070 -0.9942
vn -0.7216 0.1119 -0.6832
vn 0.0060 0.1342 0.9909
vn 0.6893 -0.1247 -0.7136
vn 0.9922 -0.1202 -0.0331
vn 0.7159 -0.1161 0.6885
vn 0.0059 -0.1131 0.9936
vn -0.6944 -0.1139 0.7105
vn -0.9922 -0.1193 0.0358
vn -0.7219 -0.1264 -0.6803
vn -0.0006 -0.1282 -0.9917
vn 0.0060 -0.1131 0.9936
vn -0.7219 -0.1264 -0.6804
vn -0.0007 -0.1282 -0.9917
vn 0.6894 -0.1247 -0.7135
vn 0.7159 -0.1160 0.6885
vn -0.0001 0.7115 0.7027
vn 0.0003 -0.0000 1.0000
vn 0.0003 -0.7115 0.7027
vn -0.0002 -0.7115 -0.7027
vn -0.0000 -0.7114 -0.7028
vn -0.0004 -0.0000 -1.0000
vn -0.0003 0.7115 -0.7027
vn -0.7664 -0.6421 0.0153
vn -0.7773 -0.4552 -0.4342
vn -0.7593 -0.4554 0.4649
vn -0.7576 -0.0000 0.6527
vn -0.7593 0.4553 0.4650
vn -0.7665 0.6421 0.0154
vn -0.7774 0.4552 -0.4341
vn -0.7831 -0.0000 -0.6219
vn -0.9998 -0.0000 0.0201
vn -0.9998 -0.0000 0.0214
vn -0.9998 0.0014 0.0200
vn -0.9998 -0.0000 0.0200
vn -0.9998 -0.0000 0.0187
vn -0.9998 0.0002 0.0199
vn -0.9998 -0.0014 0.0200
vn -0.0001 -1.0000 -0.0000
vt -0.926900 0.823500
vt -0.926900 0.500000
vt -0.847900 0.500000
vt -0.847900 0.632700
vt -0.926900 0.073100
vt -0.847900 0.152100
vt -0.176500 0.073100
vt -0.367300 0.152100
vt -0.577500 0.239200
vt -0.760800 0.239200
vt -0.760800 0.422500
vt -0.760800 0.500000
vt -0.767200 0.419900
vt -0.754400 0.245600
vt -0.593000 0.245600
vt -0.767500 0.419800
vt -0.593600 0.245900
vt -0.760700 0.505200
vt -0.754100 0.245900
vt -0.755700 0.684900
vt -0.777300 0.416200
vt -0.744900 0.255300
vt -0.616400 0.255300
vt -0.733700 1.490900
vt -0.821000 0.400000
vt -0.703600 0.297700
vt -0.718700 0.297700
vt -0.744300 0.621600
vt 0.389600 1.000000
vt 0.371700 1.000000
vt -0.455000 0.188500
vt -0.813000 0.187000
vt -0.811500 0.188500
vt 0.408400 1.000000
vt -0.811500 0.545000
vt -0.811500 0.500000
vt -0.813000 0.500000
vt 0.583300 0.500000
vt 0.724700 0.076600
vt 0.929700 0.322600
vt 0.929700 0.677400
vt 0.724700 0.923400
vt 0.441900 0.923400
vt 0.237000 0.677400
vt 0.237000 0.322600
vt -0.810100 0.541600
vt -0.810100 0.500000
vt -0.810100 0.189900
vt -0.458400 0.189900
vt -0.880000 0.710200
vt -0.289800 0.120000
vt -0.880000 0.120000
vt -0.880000 0.500000
vt -0.830700 0.169300
vt -0.408800 0.169300
vt -0.830700 0.500000
vt -0.830700 0.591200
vt -0.592600 0.245500
vt -0.754500 0.407400
vt -0.754500 0.245500
vt -0.754500 0.500000
vt -0.748000 0.252000
vt -0.608400 0.252000
vt -0.761000 0.404700
vt -0.772500 0.400400
vt -0.749600 0.736200
vt -0.635300 0.263100
vt -0.737100 0.263100
vt -0.775200 -0.487700
vt -0.793400 0.205400
vt -0.713100 0.422600
vt -0.495800 0.205400
vt -0.694400 0.086400
vt -0.812500 0.547400
vt -0.452600 0.187500
vt -0.446800 0.185100
vt -0.814900 0.553200
vt -0.812600 0.187400
vt -0.815000 0.185000
vt -0.446700 0.185000
vt -0.812500 0.500000
vt -0.815000 0.500000
vt -0.304000 0.125900
vt -0.874000 0.126000
vt -0.874100 0.696000
vt -0.874000 0.500000
vt -0.918900 0.500000
vt -0.918900 0.081100
vt -0.919000 0.804400
vt -0.195700 0.081100
vt -0.451600 0.187100
vt -0.812900 0.548400
vt 0.441900 0.076600
vt 0.742800 0.961900
vt 0.968300 0.691300
vt 0.423900 0.961900
vt 0.198400 0.691300
vt 0.198400 0.308700
vt 0.423900 0.038100
vt 0.742800 0.038100
vt 0.968300 0.308700
vt -0.497000 0.205900
vt -0.794100 0.503000
vt -0.794100 0.205900
vt -0.794100 0.500000
vt 0.000000 0.500000
vt -0.813400 0.549600
vt -0.450400 0.186600
vt -0.813500 0.500000
vt -0.816800 0.500000
vt -0.816700 0.557600
vt -0.813500 0.186500
vt -0.816800 0.183200
vt -0.442400 0.183200
vt -0.919000 0.804300
vt 0.974600 0.308700
vt 0.974600 0.691300
vt 0.981000 0.308700
vt 0.981000 0.691300
vt 0.987300 0.308700
vt 0.987300 0.691300
vt 0.993700 0.308700
vt 0.993700 0.691300
vt 0.794200 0.961900
vt 0.845700 0.961900
vt 0.897100 0.961900
vt 0.948600 0.961900
vt 0.539100 0.961900
vt 0.654300 0.961900
vt 0.769600 0.961900
vt 0.884800 0.961900
vt 0.358700 0.691300
vt 0.519000 0.691300
vt 0.679400 0.691300
vt 0.839700 0.691300
vt 0.358700 0.308700
vt 0.519000 0.308700
vt 0.679400 0.308700
vt 0.839700 0.308700
vt 0.539100 0.038100
vt 0.654300 0.038100
vt 0.769600 0.038100
vt 0.884800 0.038100
vt 0.794200 0.038100
vt 0.845700 0.038100
vt 0.897100 0.038100
vt 0.948600 0.038100
vt 0.962000 0.308700
vt 0.962000 0.691300
vt 0.999900 0.691300
vt 0.999900 0.308700
vt 0.692100 0.961900
vt 0.999200 0.961900
vt 0.310400 0.961900
vt 0.998300 0.961900
vt 0.040500 0.691300
vt 0.997600 0.691300
vt 0.040500 0.308700
vt 0.997600 0.308700
vt 0.310400 0.038100
vt 0.998300 0.038100
vt 0.692100 0.038100
vt 0.999200 0.038100
vt -1.000000 0.000000
vt 0.000000 0.000000
vt -1.000000 0.500000
vt 0.000000 1.000000
vt -1.000000 1.000000
vt 0.000000 0.005000
vt 0.408200 0.718100
vt 0.408900 0.736700
vt 0.392300 0.731300
vt 0.392600 0.711200
vt 0.393100 0.687200
vt 0.407500 0.700500
vt 0.391200 0.787400
vt 0.391500 0.773400
vt 0.410300 0.774700
vt 0.410800 0.787400
vt 0.392000 0.745300
vt 0.409400 0.749400
vt 0.409900 0.762100
vt 0.391800 0.759400
vt 0.427800 0.731900
vt 0.420800 0.715000
vt 0.413800 0.698700
vt 0.434700 0.745800
vt 0.441600 0.759700
vt 0.448500 0.773500
vt 0.455400 0.787400
vt 0.393300 0.672800
vt 0.393500 0.666700
vt 0.406800 0.681800
vt 0.407000 0.687400
vt 0.429600 0.712900
vt 0.433400 0.712000
vt 0.446700 0.727000
vt 0.441000 0.728500
vt 0.418200 0.697400
vt 0.420100 0.696900
vt 0.460000 0.742100
vt 0.452400 0.743200
vt 0.473400 0.757200
vt 0.463800 0.758000
vt 0.486700 0.772300
vt 0.475200 0.772700
vt 0.500000 0.787400
vt 0.486600 0.787400
vt 0.389700 0.990400
vt 0.390000 0.949800
vt 0.408900 0.949800
vt 0.408500 0.990400
vt 0.390900 0.828000
vt 0.410400 0.828000
vt 0.454500 0.949800
vt 0.454200 0.990400
vt 0.455200 0.828000
vt 0.486300 0.990400
vt 0.486300 0.949800
vt 0.500000 0.949800
vt 0.500000 0.990400
vt 0.486600 0.828000
vt 0.500000 0.828000
vt 0.407200 0.691800
vt 0.393300 0.677600
vt 0.436600 0.729600
vt 0.426700 0.713600
vt 0.416700 0.697800
vt 0.446500 0.744100
vt 0.456400 0.758500
vt 0.466300 0.773000
vt 0.476200 0.787400
vt 0.475700 0.949800
vt 0.475500 0.990400
vt 0.476000 0.828000
vt 0.408400 0.999000
vt 0.389600 0.999000
vt 0.486300 0.999000
vt 0.475500 0.999000
vt 0.486300 1.000000
vt 0.475500 1.000000
vt 0.454200 0.999000
vt 0.454200 1.000000
vt 0.500000 0.999000
vt 0.500000 1.000000
vt 0.392500 0.785000
vt 0.131500 0.263000
vt 0.940000 0.060000
vt 0.742600 0.257400
vt 0.000000 0.742600
vt 0.000000 0.940000
vt 0.000000 0.790000
vt 0.742600 0.244800
vt 0.742600 1.000000
vt 0.940000 1.000000
vt 0.000000 0.210000
vt 0.197400 0.952600
vt 0.094000 0.281900
vt 0.074300 0.243700
vt 0.000000 0.100000
vt 0.762300 0.849200
vt 0.000000 0.811000
vt 0.000000 0.202100
vt 0.000000 0.159700
vt 0.074300 0.265100
vt 0.475800 0.895700
vt 0.486400 0.895700
vt 0.486400 0.904400
vt 0.475800 0.904400
vt 0.486400 0.913200
vt 0.475800 0.913200
vt 0.409600 0.895700
vt 0.454800 0.895700
vt 0.454700 0.904400
vt 0.409500 0.904400
vt 0.454700 0.913200
vt 0.409400 0.913200
vt 0.390400 0.895700
vt 0.390300 0.904400
vt 0.390300 0.913200
vt 0.500000 0.895700
vt 0.500000 0.904400
vt 0.500000 0.913200
vt 0.000000 0.097400
vt 0.000000 0.833400
vt 0.618900 0.338200
vt 0.833400 0.166600
vt 1.000000 0.000000
vt 0.618900 0.335600
vt 0.000000 0.783400
vt 0.000000 0.091500
vt 0.000000 0.809200
vt 1.000000 0.097400
vt 0.097400 1.000000
vt 0.072300 0.767700
vt 0.618900 0.336300
vt 0.000000 0.795900
vt 0.000000 0.093000
vt 0.018100 0.798800
vt 0.618900 0.337700
vt 0.000000 0.823400
vt 0.000000 0.096200
vt 0.057900 0.775900
vt 0.956200 0.043800
vt 0.869200 0.130800
vt 0.291500 0.805900
vt 0.762600 0.334800
vt 0.374000 0.731900
vt 0.373800 0.745800
vt 0.372400 0.895700
vt 0.372300 0.904400
vt 0.372300 0.913200
vt 0.374300 0.711800
vt 0.373300 0.773500
vt 0.373100 0.787400
vt 0.374900 0.672900
vt 0.375000 0.666700
vt 0.374700 0.687300
vt 0.373600 0.759700
vt 0.372800 0.828000
vt 0.371700 0.990400
vt 0.372000 0.949800
vt 0.374800 0.677700
vt 0.371700 0.999000
vt 0.409300 0.918700
vt 0.390200 0.918700
vt 0.454600 0.918700
vt 0.500000 0.918700
vt 0.486400 0.918700
vt 0.475800 0.918700
vt 0.091500 0.945800
vt 0.218800 0.954000
vt 0.172900 0.802500
vt 0.000000 0.232800
vt 0.000000 0.836000
vt 0.000000 0.987400
vt 0.000000 0.218800
vt 0.372200 0.918700
vt 0.500000 0.879500
vt 0.486500 0.879500
vt 0.595400 0.382600
vt 0.470300 0.435300
vt 0.783400 0.206600
vt 0.000000 0.595400
vt 0.470300 0.444700
vt 0.390500 0.879500
vt 0.409800 0.879500
vt 0.454900 0.879500
vt 0.475900 0.879500
vt 0.595400 0.404600
vt 0.783400 0.216600
vt 0.000000 0.633400
vt 0.372500 0.879500
vt 1.000000 1.000000
vt 0.000000 0.215000
vt 0.100000 0.293500
vt 0.232800 1.000000
vt 1.000000 0.232800
vt 0.215000 0.785000
vt 0.785000 1.000000
vt 0.759400 0.848100
vt 0.737000 0.263000
vt 0.263000 1.000000
vt 0.320900 0.479300
vt 0.397700 0.835000
vt 0.798200 0.434500
vt 0.903600 0.096400
vt 0.712200 0.287800
vt 0.633400 0.366600
vt 0.640800 0.640800
vt 0.890000 0.890000
vt 0.387700 0.387700
vt 0.252000 0.252000
vt 0.143600 0.143600
vt 0.190300 1.000000
vt 0.330900 1.000000
vt 0.472700 1.000000
vt 0.638800 1.000000
vt 0.835000 1.000000
vt 0.997300 0.997300
vt -0.200000 0.000000
vt -0.800000 0.000000
vt -0.200000 1.000000
vt -0.800000 1.000000
s 1
usemtl Bolts
f 305/172/58 306/173/59 307/174/60 308/175/61
f 306/173/59 309/176/62 310/177/63 307/174/60
f 309/176/62 311/178/64 312/179/65 310/177/63
f 311/178/64 313/172/66 314/175/67 312/179/65
f 313/172/66 315/173/68 316/174/69 314/175/67
f 315/173/68 317/176/70 318/177/71 316/174/69
f 317/176/70 319/178/72 320/179/73 318/177/71
f 319/178/72 305/172/58 308/175/61 320/179/73
f 310/177/63 312/179/65 321/180/74 322/181/75
f 312/179/65 314/175/67 323/182/76 321/180/74
f 314/175/67 316/174/69 324/183/77 323/182/76
f 316/174/69 318/177/71 325/181/78 324/183/77
f 318/177/71 320/179/73 326/180/79 325/181/78
f 320/179/73 308/175/61 327/182/80 326/180/79
f 308/175/61 307/174/60 328/183/81 327/182/80
f 307/174/60 310/177/63 322/181/75 328/183/81
f 327/182/80 328/183/81 329/183/82 330/184/83
f 328/183/81 322/181/75 331/185/84 329/183/82
f 322/181/75 321/180/74 332/186/85 331/185/84
f 321/180/74 323/182/76 333/184/86 332/186/85
f 323/182/76 324/183/77 334/183/87 333/184/86
f 324/183/77 325/181/78 335/185/88 334/183/87
f 325/181/78 326/180/79 336/186/89 335/185/88
f 326/180/79 327/182/80 330/184/83 336/186/89
f 330/184/83 329/183/82 337/183/90 338/184/91
f 329/183/82 331/185/84 339/185/92 337/183/90
f 331/185/84 332/186/85 340/186/93 339/185/92
f 332/186/85 333/184/86 341/184/94 340/186/93
f 333/184/86 334/183/87 342/183/95 341/184/94
f 334/183/87 335/185/88 343/185/96 342/183/95
f 335/185/88 336/186/89 344/186/97 343/185/96
f 336/186/89 330/184/83 338/184/91 344/186/97
f 340/186/93 341/184/94 345/184/98 346/186/99
f 341/184/94 342/183/95 347/183/100 345/184/98
f 342/183/95 343/185/96 348/185/101 347/183/100
f 343/185/96 344/186/97 349/186/102 348/185/101
f 344/186/97 338/184/91 350/184/103 349/186/102
f 338/184/91 337/183/90 351/183/104 350/184/103
f 337/183/90 339/185/92 352/185/105 351/183/104
f 339/185/92 340/186/93 346/186/99 352/185/105
f 346/186/99 345/184/98 353/187/106 354/188/107
f 345/184/98 347/183/100 355/189/108 353/187/106
f 347/183/100 348/185/101 356/190/109 355/189/108
f 348/185/101 349/186/102 357/188/110 356/190/109
f 349/186/102 350/184/103 358/187/111 357/188/110
f 350/184/103 351/183/104 359/189/112 358/187/111
f 351/183/104 352/185/105 360/190/113 359/189/112
f 352/185/105 346/186/99 354/188/107 360/190/113
f 358/187/111 359/189/112 361/191/114 362/192/115
f 359/189/112 360/190/113 363/193/116 361/191/114
f 360/190/113 354/188/107 364/194/117 363/193/116
f 354/188/107 353/187/106 365/192/118 364/194/117
f 353/187/106 355/189/108 366/191/119 365/192/118
f 355/189/108 356/190/109 367/193/120 366/191/119
f 356/190/109 357/188/110 368/194/117 367/193/120
f 357/188/110 358/187/111 362/192/115 368/194/117
f 362/192/115 361/191/114 369/195/121 370/196/117
f 361/191/114 363/193/116 371/197/116 369/195/121
f 363/193/116 364/194/117 372/198/121 371/197/116
f 364/194/117 365/192/118 373/196/117 372/198/121
f 365/192/118 366/191/119 374/195/118 373/196/117
f 366/191/119 367/193/120 375/197/116 374/195/118
f 367/193/120 368/194/117 376/198/121 375/197/116
f 368/194/117 362/192/115 370/196/117 376/198/121
f 377/199/114 376/198/121 370/196/117 369/195/121
f 377/199/114 369/195/121 371/197/116 372/198/121
f 377/199/114 374/195/118 375/197/116 376/198/121
f 377/199/114 372/198/121 373/196/117 374/195/118
f 381/202/133 382/203/134 380/204/135
f 379/206/141 385/207/142 386/208/143
f 385/207/142 380/204/135 382/203/134 386/208/143
f 388/208/149 387/207/150 383/204/151
f 389/217/154 390/218/155 391/218/156 392/217/157
f 392/217/157 391/218/156 393/218/158 394/217/159
f 395/219/160 396/220/161 397/220/162 398/219/163
f 398/219/163 397/220/162 399/220/164 400/219/165
f 390/218/155 401/219/166 402/219/167 391/218/156
f 391/218/156 402/219/167 403/219/168 393/218/158
f 401/219/166 404/220/169 405/220/170 402/219/167
f 402/219/167 405/220/170 406/220/171 403/219/168
f 404/220/169 407/217/172 408/217/173 405/220/170
f 405/220/170 408/217/173 409/217/174 406/220/171
f 407/217/172 410/218/175 411/218/176 408/217/173
f 408/217/173 411/218/176 412/218/177 409/217/174
f 410/218/175 395/219/160 398/219/163 411/218/176
f 411/218/176 398/219/163 400/219/165 412/218/177
f 396/220/161 389/217/154 392/217/157 397/220/162
f 397/220/162 392/217/157 394/217/159 399/220/164
f 384/217/178 381/220/179 399/220/164 394/217/159
f 381/220/179 380/219/180 400/219/165 399/220/164
f 380/219/180 385/218/181 412/218/177 400/219/165
f 385/218/181 379/217/182 409/217/174 412/218/177
f 379/217/182 378/220/183 406/220/171 409/217/174
f 378/220/183 383/219/184 403/219/168 406/220/171
f 383/219/184 387/218/185 393/218/158 403/219/168
f 387/218/185 384/217/178 394/217/159 393/218/158
f 413/221/186 414/222/187 415/222/188 416/221/189
f 414/222/187 417/223/190 418/223/191 415/222/188
f 417/223/190 419/224/192 420/224/193 418/223/191
f 419/224/192 421/221/194 422/221/195 420/224/193
f 421/221/194 423/222/196 424/222/197 422/221/195
f 423/222/196 425/223/198 426/223/199 424/222/197
f 425/223/198 427/224/200 428/224/201 426/223/199
f 427/224/200 413/221/186 416/221/189 428/224/201
f 424/222/197 426/223/199 429/225/202 430/226/203
f 426/223/199 428/224/201 431/227/204 429/225/202
f 428/224/201 416/221/189 432/228/205 431/227/204
f 416/221/189 415/222/188 433/226/206 432/228/205
f 415/222/188 418/223/191 434/225/207 433/226/206
f 418/223/191 420/224/193 435/227/208 434/225/207
f 420/224/193 422/221/195 436/228/209 435/227/208
f 422/221/195 424/222/197 430/226/203 436/228/209
f 432/228/205 433/226/206 437/229/210 438/230/211
f 433/226/206 434/225/207 439/231/212 437/229/210
f 434/225/207 435/227/208 440/232/213 439/231/212
f 435/227/208 436/228/209 441/230/214 440/232/213
f 436/228/209 430/226/203 442/229/215 441/230/214
f 430/226/203 429/225/202 443/231/216 442/229/215
f 429/225/202 431/227/204 444/232/217 443/231/216
f 431/227/204 432/228/205 438/230/211 444/232/217
f 437/229/210 439/231/212 445/233/218 446/234/219
f 439/231/212 440/232/213 447/232/220 445/233/218
f 440/232/213 441/230/214 448/235/221 447/232/220
f 441/230/214 442/229/215 449/234/222 448/235/221
f 442/229/215 443/231/216 450/233/223 449/234/222
f 443/231/216 444/232/217 451/232/224 450/233/223
f 444/232/217 438/230/211 452/235/225 451/232/224
f 438/230/211 437/229/210 446/234/219 452/235/225
f 447/232/220 448/235/221 453/235/226 454/232/227
f 448/235/221 449/234/222 455/234/97 453/235/226
f 449/234/222 450/233/223 456/233/228 455/234/97
f 450/233/223 451/232/224 457/232/229 456/233/228
f 451/232/224 452/235/225 458/235/230 457/232/229
f 452/235/225 446/234/219 459/234/231 458/235/230
f 446/234/219 445/233/218 460/233/232 459/234/231
f 445/233/218 447/232/220 454/232/227 460/233/232
f 460/233/232 454/232/227 461/232/233 462/233/234
f 454/232/227 453/235/226 463/235/226 461/232/233
f 453/235/226 455/234/97 464/234/97 463/235/226
f 455/234/97 456/233/228 465/233/228 464/234/97
f 456/233/228 457/232/229 466/232/235 465/233/228
f 457/232/229 458/235/230 467/235/236 466/232/235
f 458/235/230 459/234/231 468/234/237 467/235/236
f 459/234/231 460/233/232 462/233/234 468/234/237
f 468/234/237 462/233/234 469/233/238 470/234/239
f 462/233/234 461/232/233 471/232/240 469/233/238
f 461/232/233 463/235/226 472/235/241 471/232/240
f 463/235/226 464/234/97 473/234/242 472/235/241
f 464/234/97 465/233/228 474/233/243 473/234/242
f 465/233/228 466/232/235 475/232/244 474/233/243
f 466/232/235 467/235/236 476/235/245 475/232/244
f 467/235/236 468/234/237 470/234/239 476/235/245
f 471/232/240 472/235/241 477/236/246 478/237/247
f 472/235/241 473/234/242 479/238/248 477/236/246
f 473/234/242 474/233/243 480/239/248 479/238/248
f 474/233/243 475/232/244 481/237/249 480/239/248
f 475/232/244 476/235/245 482/236/246 481/237/249
f 476/235/245 470/234/239 483/238/248 482/236/246
f 470/234/239 469/233/238 484/239/248 483/238/248
f 469/233/238 471/232/240 478/237/247 484/239/248
f 484/239/248 478/237/247 485/240/248 486/241/250
f 478/237/247 477/236/246 487/242/249 485/240/248
f 477/236/246 479/238/248 488/243/247 487/242/249
f 479/238/248 480/239/248 489/241/251 488/243/247
f 480/239/248 481/237/249 490/240/251 489/241/251
f 481/237/249 482/236/246 491/242/248 490/240/251
f 482/236/246 483/238/248 492/243/247 491/242/248
f 483/238/248 484/239/248 486/241/250 492/243/247
f 493/244/249 491/242/248 492/243/247 486/241/250
f 493/244/249 487/242/249 488/243/247 489/241/251
f 493/244/249 486/241/250 485/240/248 487/242/249
f 493/244/249 489/241/251 490/240/251 491/242/248
f 388/208/149 384/206/252 387/207/150
f 494/245/253 496/246/254 497/247/255 498/248/256
f 495/220/257 496/246/258 494/217/259
f 499/246/260 501/249/261 502/250/262 503/251/263
f 501/249/261 499/220/264 500/219/265
f 496/246/254 504/249/266 505/250/267 497/247/255
f 495/220/257 504/219/268 496/246/258
f 507/245/269 499/246/260 503/251/263 508/248/270
f 499/220/264 507/245/269 506/217/271
f 510/252/272 509/218/273 494/217/259
f 500/219/265 509/218/273 510/252/272 501/249/261
f 510/252/274 494/245/253 498/248/256
f 502/250/262 501/249/261 510/252/272
f 504/249/266 512/252/275 513/253/276 505/250/267
f 511/218/175 506/217/271 507/245/269 512/252/275
f 512/252/275 507/245/269 508/248/270 513/253/276
f 396/220/161 495/220/257 494/217/259 389/217/154
f 395/219/160 504/219/268 495/220/257 396/220/161
f 410/218/175 511/218/175 504/219/268 395/219/160
f 407/217/172 506/217/271 511/218/175 410/218/175
f 404/220/169 499/220/264 506/217/271 407/217/172
f 401/219/166 500/219/265 499/220/264 404/220/169
f 390/218/155 509/218/273 500/219/265 401/219/166
f 389/217/154 494/217/259 509/218/273 390/218/155
f 514/223/277 515/222/278 516/222/279 517/223/280
f 517/223/280 516/222/279 518/254/281 519/255/116
f 520/223/282 521/222/283 522/222/284 523/223/285
f 523/223/285 522/222/284 524/254/117 525/255/121
f 521/222/283 526/221/286 527/221/287 522/222/284
f 522/222/284 527/221/287 528/256/114 524/254/117
f 529/221/288 530/224/289 531/224/290 532/221/291
f 532/221/291 531/224/290 533/257/121 534/256/118
f 535/224/292 514/223/277 517/223/280 536/224/293
f 536/224/293 517/223/280 519/255/116 537/257/121
f 530/224/289 520/223/282 523/223/285 531/224/290
f 531/224/290 523/223/285 525/255/121 533/257/121
f 526/221/286 535/224/292 536/224/293 527/221/287
f 527/221/287 536/224/293 537/257/121 528/256/114
f 515/222/278 529/221/288 532/221/291 516/222/279
f 516/222/279 532/221/291 534/256/118 518/254/281
f 514/223/277 417/223/190 414/222/187 515/222/278
f 535/224/292 419/224/192 417/223/190 514/223/277
f 526/221/286 421/221/194 419/224/192 535/224/292
f 521/222/283 423/222/196 421/221/194 526/221/286
f 520/223/282 425/223/198 423/222/196 521/222/283
f 530/224/289 427/224/200 425/223/198 520/223/282
f 529/221/288 413/221/186 427/224/200 530/224/289
f 515/222/278 414/222/187 413/221/186 529/221/288
f 524/254/117 528/256/114 498/248/256 497/247/255
f 525/255/121 524/254/117 497/247/255 505/250/267
f 533/257/121 525/255/121 505/250/267 513/253/276
f 534/256/118 533/257/121 513/253/276 508/248/270
f 518/254/281 534/256/118 508/248/270 503/251/263
f 519/255/116 518/254/281 503/251/263 502/250/262
f 537/257/121 519/255/116 502/250/262 510/253/294
f 528/256/114 537/257/121 510/253/294 498/248/256
f 538/258/295 539/259/248 540/176/296 541/173/297
f 541/173/297 540/176/296 542/176/298 543/173/299
f 544/258/247 545/259/248 546/176/300 547/173/301
f 547/173/301 546/176/300 548/176/302 549/173/303
f 549/173/303 550/172/304 551/172/305 547/173/301
f 547/173/301 551/172/305 552/260/250 544/258/247
f 553/261/306 554/260/250 555/172/307 556/178/308
f 556/178/308 555/172/307 557/172/309 558/178/187
f 539/259/248 559/261/310 560/178/311 540/176/296
f 540/176/296 560/178/311 561/178/312 542/176/298
f 545/259/248 553/261/306 556/178/308 546/176/300
f 546/176/300 556/178/308 558/178/187 548/176/302
f 559/261/310 552/260/250 551/172/305 560/178/311
f 560/178/311 551/172/305 550/172/304 561/178/312
f 554/260/250 538/258/295 541/173/297 555/172/307
f 555/172/307 541/173/297 543/173/299 557/172/309
f 550/172/304 305/172/58 319/178/72 561/178/312
f 549/173/303 306/173/59 305/172/58 550/172/304
f 548/176/302 309/176/62 306/173/59 549/173/303
f 558/178/187 311/178/64 309/176/62 548/176/302
f 557/172/309 313/172/66 311/178/64 558/178/187
f 543/173/299 315/173/68 313/172/66 557/172/309
f 542/176/298 317/176/70 315/173/68 543/173/299
f 561/178/312 319/178/72 317/176/70 542/176/298
f 381/262/313 384/263/314 552/260/250 559/261/310
f 382/203/134 381/262/313 559/261/310 539/259/248
f 386/208/143 382/203/134 539/259/248 538/258/295
f 379/263/315 386/208/143 538/258/295 554/260/250
f 378/262/316 379/263/315 554/260/250 553/261/306
f 383/203/317 378/262/316 553/261/306 545/259/248
f 388/208/149 383/203/317 545/259/248 544/258/247
f 384/263/314 388/208/149 544/258/247 552/260/250
f 562/172/318 563/175/319 564/174/320 565/173/321
f 565/173/321 564/174/320 566/177/322 567/176/323
f 567/176/323 566/177/322 568/179/324 569/178/325
f 569/178/325 568/179/324 570/175/326 571/172/327
f 571/172/327 570/175/326 572/174/328 573/173/329
f 573/173/329 572/174/328 574/177/330 575/176/331
f 575/176/331 574/177/330 576/179/332 577/178/333
f 577/178/333 576/179/332 563/175/319 562/172/318
f 566/177/322 578/181/334 579/180/335 568/179/324
f 568/179/324 579/180/335 580/182/336 570/175/326
f 570/175/326 580/182/336 581/183/337 572/174/328
f 572/174/328 581/183/337 582/181/338 574/177/330
f 574/177/330 582/181/338 583/180/339 576/179/332
f 576/179/332 583/180/339 584/182/340 563/175/319
f 563/175/319 584/182/340 585/183/341 564/174/320
f 564/174/320 585/183/341 578/181/334 566/177/322
f 584/182/340 586/184/342 587/183/343 585/183/341
f 585/183/341 587/183/343 588/185/344 578/181/334
f 578/181/334 588/185/344 589/186/345 579/180/335
f 579/180/335 589/186/345 590/184/346 580/182/336
f 580/182/336 590/184/346 591/183/347 581/183/337
f 581/183/337 591/183/347 592/185/348 582/181/338
f 582/181/338 592/185/348 593/186/349 583/180/339
f 583/180/339 593/186/349 586/184/342 584/182/340
f 586/184/342 594/184/350 595/183/351 587/183/343
f 587/183/343 595/183/351 596/185/352 588/185/344
f 588/185/344 596/185/352 597/186/353 589/186/345
f 589/186/345 597/186/353 598/184/354 590/184/346
f 590/184/346 598/184/354 599/183/355 591/183/347
f 591/183/347 599/183/355 600/185/356 592/185/348
f 592/185/348 600/185/356 601/186/357 593/186/349
f 593/186/349 601/186/357 594/184/350 586/184/342
f 597/186/353 602/186/358 603/184/359 598/184/354
f 598/184/354 603/184/359 604/183/360 599/183/355
f 599/183/355 604/183/360 605/185/361 600/185/356
f 600/185/356 605/185/361 606/186/362 601/186/357
f 601/186/357 606/186/362 607/184/363 594/184/350
f 594/184/350 607/184/363 608/183/364 595/183/351
f 595/183/351 608/183/364 609/185/365 596/185/352
f 596/185/352 609/185/365 602/186/358 597/186/353
f 602/186/358 610/188/366 611/187/367 603/184/359
f 603/184/359 611/187/367 612/189/368 604/183/360
f 604/183/360 612/189/368 613/190/369 605/185/361
f 605/185/361 613/190/369 614/188/370 606/186/362
f 606/186/362 614/188/370 615/187/371 607/184/363
f 607/184/363 615/187/371 616/189/372 608/183/364
f 608/183/364 616/189/372 617/190/373 609/185/365
f 609/185/365 617/190/373 610/188/366 602/186/358
f 615/187/371 618/192/374 619/191/375 616/189/372
f 616/189/372 619/191/375 620/193/376 617/190/373
f 617/190/373 620/193/376 621/194/377 610/188/366
f 610/188/366 621/194/377 622/192/378 611/187/367
f 611/187/367 622/192/378 623/191/379 612/189/368
f 612/189/368 623/191/379 624/193/380 613/190/369
f 613/190/369 624/193/380 625/194/377 614/188/370
f 614/188/370 625/194/377 618/192/374 615/187/371
f 618/192/374 626/196/377 627/195/381 619/191/375
f 619/191/375 627/195/381 628/197/376 620/193/376
f 620/193/376 628/197/376 629/198/381 621/194/377
f 621/194/377 629/198/381 630/196/377 622/192/378
f 622/192/378 630/196/377 631/195/378 623/191/379
f 623/191/379 631/195/378 632/197/376 624/193/380
f 624/193/380 632/197/376 633/198/381 625/194/377
f 625/194/377 633/198/381 626/196/377 618/192/374
f 634/199/377 627/195/381 626/196/377 633/198/381
f 634/199/377 629/198/381 628/197/376 627/195/381
f 634/199/377 633/198/381 632/197/376 631/195/378
f 634/199/377 631/195/378 630/196/377 629/198/381
f 512/252/275 504/219/268 511/218/175
f 637/204/385 639/203/386 638/262/387
f 643/208/393 642/207/394 636/206/395
f 642/207/394 643/208/393 639/203/386 637/204/385
f 640/203/398 644/207/399 645/208/400
f 646/217/402 647/217/403 648/218/404 649/218/405
f 647/217/403 650/217/403 651/218/155 648/218/404
f 652/219/406 653/219/407 654/220/408 655/220/409
f 653/219/407 656/219/410 657/220/411 654/220/408
f 649/218/405 648/218/404 658/219/412 659/219/413
f 648/218/404 651/218/155 660/219/414 658/219/412
f 659/219/413 658/219/412 661/220/415 662/220/416
f 658/219/412 660/219/414 663/220/417 661/220/415
f 662/220/416 661/220/415 664/217/418 665/217/419
f 661/220/415 663/220/417 666/217/420 664/217/418
f 665/217/419 664/217/418 667/218/421 668/218/422
f 664/217/418 666/217/420 669/218/423 667/218/421
f 668/218/422 667/218/421 653/219/407 652/219/406
f 667/218/421 669/218/423 656/219/410 653/219/407
f 655/220/409 654/220/408 647/217/403 646/217/402
f 654/220/408 657/220/411 650/217/403 647/217/403
f 641/217/424 650/217/403 657/220/411 638/220/425
f 638/220/425 657/220/411 656/219/410 637/219/426
f 637/219/426 656/219/410 669/218/423 642/218/427
f 642/218/427 669/218/423 666/217/420 636/217/428
f 636/217/428 666/217/420 663/220/417 635/220/429
f 635/220/429 663/220/417 660/219/414 640/219/430
f 640/219/430 660/219/414 651/218/155 644/218/431
f 644/218/431 651/218/155 650/217/403 641/217/424
f 670/221/432 671/221/433 672/222/434 673/222/435
f 673/222/435 672/222/434 674/223/436 675/223/437
f 675/223/437 674/223/436 676/224/438 677/224/439
f 677/224/439 676/224/438 678/221/440 679/221/441
f 679/221/441 678/221/440 680/222/442 681/222/443
f 681/222/443 680/222/442 682/223/444 683/223/445
f 683/223/445 682/223/444 684/224/446 685/224/447
f 685/224/447 684/224/446 671/221/433 670/221/432
f 680/222/442 686/226/448 687/225/449 682/223/444
f 682/223/444 687/225/449 688/227/450 684/224/446
f 684/224/446 688/227/450 689/228/451 671/221/433
f 671/221/433 689/228/451 690/226/452 672/222/434
f 672/222/434 690/226/452 691/225/453 674/223/436
f 674/223/436 691/225/453 692/227/454 676/224/438
f 676/224/438 692/227/454 693/228/455 678/221/440
f 678/221/440 693/228/455 686/226/448 680/222/442
f 689/228/451 694/230/456 695/229/457 690/226/452
f 690/226/452 695/229/457 696/231/458 691/225/453
f 691/225/453 696/231/458 697/232/459 692/227/454
f 692/227/454 697/232/459 698/230/460 693/228/455
f 693/228/455 698/230/460 699/229/461 686/226/448
f 686/226/448 699/229/461 700/231/462 687/225/449
f 687/225/449 700/231/462 701/232/463 688/227/450
f 688/227/450 701/232/463 694/230/456 689/228/451
f 695/229/457 702/234/464 703/233/465 696/231/458
f 696/231/458 703/233/465 704/232/466 697/232/459
f 697/232/459 704/232/466 705/235/467 698/230/460
f 698/230/460 705/235/467 706/234/468 699/229/461
f 699/229/461 706/234/468 707/233/469 700/231/462
f 700/231/462 707/233/469 708/232/470 701/232/463
f 701/232/463 708/232/470 709/235/471 694/230/456
f 694/230/456 709/235/471 702/234/464 695/229/457
f 704/232/466 710/232/472 711/235/473 705/235/467
f 705/235/467 711/235/473 712/234/474 706/234/468
f 706/234/468 712/234/474 713/233/475 707/233/469
f 707/233/469 713/233/475 714/232/229 708/232/470
f 708/232/470 714/232/229 715/235/476 709/235/471
f 709/235/471 715/235/476 716/234/477 702/234/464
f 702/234/464 716/234/477 717/233/478 703/233/465
f 703/233/465 717/233/478 710/232/472 704/232/466
f 717/233/478 718/233/479 719/232/480 710/232/472
f 710/232/472 719/232/480 720/235/481 711/235/473
f 711/235/473 720/235/481 721/234/474 712/234/474
f 712/234/474 721/234/474 722/233/475 713/233/475
f 713/233/475 722/233/475 723/232/235 714/232/229
f 714/232/229 723/232/235 724/235/482 715/235/476
f 715/235/476 724/235/482 725/234/483 716/234/477
f 716/234/477 725/234/483 718/233/479 717/233/478
f 725/234/483 726/234/484 727/233/485 718/233/479
f 718/233/479 727/233/485 728/232/486 719/232/480
f 719/232/480 728/232/486 729/235/487 720/235/481
f 720/235/481 729/235/487 730/234/488 721/234/474
f 721/234/474 730/234/488 731/233/489 722/233/475
f 722/233/475 731/233/489 732/232/490 723/232/235
f 723/232/235 732/232/490 733/235/491 724/235/482
f 724/235/482 733/235/491 726/234/484 725/234/483
f 728/232/486 734/237/492 735/236/493 729/235/487
f 729/235/487 735/236/493 736/238/494 730/234/488
f 730/234/488 736/238/494 737/239/494 731/233/489
f 731/233/489 737/239/494 738/237/495 732/232/490
f 732/232/490 738/237/495 739/236/493 733/235/491
f 733/235/491 739/236/493 740/238/494 726/234/484
f 726/234/484 740/238/494 741/239/494 727/233/485
f 727/233/485 741/239/494 734/237/492 728/232/486
f 741/239/494 742/241/496 743/240/494 734/237/492
f 734/237/492 743/240/494 744/242/495 735/236/493
f 735/236/493 744/242/495 745/243/492 736/238/494
f 736/238/494 745/243/492 746/241/497 737/239/494
f 737/239/494 746/241/497 747/240/497 738/237/495
f 738/237/495 747/240/497 748/242/494 739/236/493
f 739/236/493 748/242/494 749/243/492 740/238/494
f 740/238/494 749/243/492 742/241/496 741/239/494
f 750/244/495 742/241/496 749/243/492 748/242/494
f 750/244/495 746/241/497 745/243/492 744/242/495
f 750/244/495 744/242/495 743/240/494 742/241/496
f 750/244/495 748/242/494 747/240/497 746/241/497
f 644/207/399 641/206/498 645/208/400
f 751/245/499 754/248/500 755/247/501 752/246/502
f 751/217/503 752/246/502 753/220/504
f 756/246/505 759/251/506 760/250/507 757/249/508
f 757/249/509 758/219/510 756/220/511
f 752/246/502 755/247/501 762/250/512 761/249/513
f 752/246/502 761/249/513 753/220/504
f 764/245/514 765/248/515 759/251/506 756/246/505
f 763/217/516 764/245/514 756/246/505
f 767/252/517 751/245/499 766/218/518
f 758/219/510 757/249/509 767/252/517 766/218/518
f 754/248/500 751/245/499 767/252/517
f 767/253/519 757/249/508 760/250/507
f 761/249/513 762/250/512 770/253/520 768/252/521
f 769/218/522 768/252/521 764/245/514 763/217/516
f 768/252/521 770/253/520 765/248/515 764/245/514
f 655/220/409 646/217/402 751/217/503 753/220/504
f 652/219/406 655/220/409 753/220/504 761/219/523
f 668/218/422 652/219/406 761/219/523 769/218/522
f 665/217/419 668/218/422 769/218/522 763/217/516
f 662/220/416 665/217/419 763/217/516 756/220/511
f 659/219/413 662/220/416 756/220/511 758/219/510
f 649/218/405 659/219/413 758/219/510 766/218/518
f 646/217/402 649/218/405 766/218/518 751/217/503
f 771/223/524 772/223/525 773/222/526 774/222/527
f 772/223/525 775/255/376 776/254/528 773/222/526
f 777/223/529 778/223/530 779/222/531 780/222/532
f 778/223/530 781/255/381 782/254/377 779/222/531
f 780/222/532 779/222/531 783/221/533 784/221/534
f 779/222/531 782/254/377 785/256/375 783/221/533
f 786/221/535 787/221/536 788/224/537 789/224/200
f 787/221/536 790/256/378 791/257/381 788/224/537
f 792/224/538 793/224/539 772/223/525 771/223/524
f 793/224/539 794/257/381 775/255/376 772/223/525
f 789/224/200 788/224/537 778/223/530 777/223/529
f 788/224/537 791/257/381 781/255/381 778/223/530
f 784/221/534 783/221/533 793/224/539 792/224/538
f 783/221/533 785/256/375 794/257/381 793/224/539
f 774/222/527 773/222/526 787/221/536 786/221/535
f 773/222/526 776/254/528 790/256/378 787/221/536
f 771/223/524 774/222/527 673/222/435 675/223/437
f 792/224/538 771/223/524 675/223/437 677/224/439
f 784/221/534 792/224/538 677/224/439 679/221/441
f 780/222/532 784/221/534 679/221/441 681/222/443
f 777/223/529 780/222/532 681/222/443 683/223/445
f 789/224/200 777/223/529 683/223/445 685/224/447
f 786/221/535 789/224/200 685/224/447 670/221/432
f 774/222/527 786/221/535 670/221/432 673/222/435
f 782/254/377 755/247/501 754/248/500 785/256/375
f 781/255/381 762/250/512 755/247/501 782/254/377
f 791/257/381 770/253/520 762/250/512 781/255/381
f 790/256/378 765/248/515 770/253/520 791/257/381
f 776/254/528 759/251/506 765/248/515 790/256/378
f 775/255/376 760/250/507 759/251/506 776/254/528
f 794/257/381 767/253/519 760/250/507 775/255/376
f 785/256/375 754/248/500 767/253/519 794/257/381
f 795/258/540 796/173/541 797/176/542 798/259/494
f 796/173/541 799/173/543 800/176/544 797/176/542
f 801/258/492 802/173/545 803/176/546 804/259/494
f 802/173/545 805/173/547 806/176/548 803/176/546
f 805/173/547 802/173/545 807/172/549 808/172/550
f 802/173/545 801/258/492 809/260/496 807/172/549
f 810/261/551 811/178/552 812/172/553 813/260/496
f 811/178/552 814/178/435 815/172/554 812/172/553
f 798/259/494 797/176/542 816/178/555 817/261/556
f 797/176/542 800/176/544 818/178/557 816/178/555
f 804/259/494 803/176/546 811/178/552 810/261/551
f 803/176/546 806/176/548 814/178/435 811/178/552
f 817/261/556 816/178/555 807/172/549 809/260/496
f 816/178/555 818/178/557 808/172/550 807/172/549
f 813/260/496 812/172/553 796/173/541 795/258/540
f 812/172/553 815/172/554 799/173/543 796/173/541
f 808/172/550 818/178/557 577/178/333 562/172/318
f 805/173/547 808/172/550 562/172/318 565/173/321
f 806/176/548 805/173/547 565/173/321 567/176/323
f 814/178/435 806/176/548 567/176/323 569/178/325
f 815/172/554 814/178/435 569/178/325 571/172/327
f 799/173/543 815/172/554 571/172/327 573/173/329
f 800/176/544 799/173/543 573/173/329 575/176/331
f 818/178/557 800/176/544 575/176/331 577/178/333
f 638/262/387 817/261/556 809/260/496 641/263/558
f 639/203/386 798/259/494 817/261/556 638/262/387
f 643/208/393 795/258/540 798/259/494 639/203/386
f 636/263/559 813/260/496 795/258/540 643/208/393
f 635/262/560 810/261/551 813/260/496 636/263/559
f 640/203/398 804/259/494 810/261/551 635/262/560
f 645/208/400 801/258/492 804/259/494 640/203/398
f 641/263/558 809/260/496 801/258/492 645/208/400
f 819/217/561 820/220/562 821/220/563 822/217/564
f 820/220/562 823/219/565 824/219/566 821/220/563
f 823/219/565 825/218/156 826/218/567 824/219/566
f 825/218/156 827/217/568 828/217/569 826/218/567
f 827/217/568 829/220/570 830/220/571 828/217/569
f 829/220/570 831/219/572 832/219/573 830/220/571
f 831/219/572 833/218/421 834/218/574 832/219/573
f 833/218/421 819/217/561 822/217/564 834/218/574
f 822/217/564 821/220/563 835/273/575 836/274/575
f 821/220/563 824/219/566 837/275/575 835/273/575
f 824/219/566 826/218/567 838/276/575 837/275/575
f 826/218/567 828/217/569 839/274/575 838/276/575
f 828/217/569 830/220/571 840/273/575 839/274/575
f 830/220/571 832/219/573 841/275/575 840/273/575
f 832/219/573 834/218/574 842/276/575 841/275/575
f 834/218/574 822/217/564 836/274/575 842/276/575
f 837/275/575 838/276/575 843/277/575 835/273/575
f 838/276/575 839/274/575 840/273/575 843/277/575
f 841/275/575 842/276/575 843/277/575 840/273/575
f 842/276/575 836/274/575 835/273/575 843/277/575
f 844/172/576 845/173/577 846/174/578 847/175/579
f 845/173/577 848/176/580 849/177/581 846/174/578
f 848/176/580 850/178/582 851/179/583 849/177/581
f 850/178/582 852/172/584 853/175/585 851/179/583
f 852/172/584 854/173/586 855/174/587 853/175/585
f 854/173/586 856/176/588 857/177/589 855/174/587
f 856/176/588 858/178/590 859/179/591 857/177/589
f 858/178/590 844/172/576 847/175/579 859/179/591
f 849/177/581 851/179/583 860/180/592 861/181/593
f 851/179/583 853/175/585 862/182/594 860/180/592
f 853/175/585 855/174/587 863/183/595 862/182/594
f 855/174/587 857/177/589 864/181/596 863/183/595
f 857/177/589 859/179/591 865/180/597 864/181/596
f 859/179/591 847/175/579 866/182/598 865/180/597
f 847/175/579 846/174/578 867/183/599 866/182/598
f 846/174/578 849/177/581 861/181/593 867/183/599
f 866/182/598 867/183/599 868/183/600 869/184/601
f 867/183/599 861/181/593 870/185/602 868/183/600
f 861/181/593 860/180/592 871/186/603 870/185/602
f 860/180/592 862/182/594 872/184/604 871/186/603
f 862/182/594 863/183/595 873/183/605 872/184/604
f 863/183/595 864/181/596 874/185/606 873/183/605
f 864/181/596 865/180/597 875/186/607 874/185/606
f 865/180/597 866/182/598 869/184/601 875/186/607
f 869/184/601 868/183/600 876/183/608 877/184/609
f 868/183/600 870/185/602 878/185/610 876/183/608
f 870/185/602 871/186/603 879/186/611 878/185/610
f 871/186/603 872/184/604 880/184/612 879/186/611
f 872/184/604 873/183/605 881/183/613 880/184/612
f 873/183/605 874/185/606 882/185/614 881/183/613
f 874/185/606 875/186/607 883/186/615 882/185/614
f 875/186/607 869/184/601 877/184/609 883/186/615
f 879/186/611 880/184/612 884/184/616 885/186/617
f 880/184/612 881/183/613 886/183/618 884/184/616
f 881/183/613 882/185/614 887/185/619 886/183/618
f 882/185/614 883/186/615 888/186/620 887/185/619
f 883/186/615 877/184/609 889/184/621 888/186/620
f 877/184/609 876/183/608 890/183/622 889/184/621
f 876/183/608 878/185/610 891/185/623 890/183/622
f 878/185/610 879/186/611 885/186/617 891/185/623
f 885/186/617 884/184/616 892/187/624 893/188/625
f 884/184/616 886/183/618 894/189/626 892/187/624
f 886/183/618 887/185/619 895/190/627 894/189/626
f 887/185/619 888/186/620 896/188/628 895/190/627
f 888/186/620 889/184/621 897/187/629 896/188/628
f 889/184/621 890/183/622 898/189/630 897/187/629
f 890/183/622 891/185/623 899/190/631 898/189/630
f 891/185/623 885/186/617 893/188/625 899/190/631
f 897/187/629 898/189/630 900/191/632 901/192/632
f 898/189/630 899/190/631 902/193/632 900/191/632
f 899/190/631 893/188/625 903/194/632 902/193/632
f 893/188/625 892/187/624 904/192/632 903/194/632
f 892/187/624 894/189/626 905/191/632 904/192/632
f 894/189/626 895/190/627 906/193/632 905/191/632
f 895/190/627 896/188/628 907/194/632 906/193/632
f 896/188/628 897/187/629 901/192/632 907/194/632
f 901/192/632 900/191/632 908/195/632 909/196/632
f 900/191/632 902/193/632 910/197/632 908/195/632
f 902/193/632 903/194/632 911/198/632 910/197/632
f 903/194/632 904/192/632 912/196/632 911/198/632
f 904/192/632 905/191/632 913/195/632 912/196/632
f 905/191/632 906/193/632 914/197/632 913/195/632
f 906/193/632 907/194/632 915/198/632 914/197/632
f 907/194/632 901/192/632 909/196/632 915/198/632
f 916/199/632 915/198/632 909/196/632 908/195/632
f 916/199/632 908/195/632 910/197/632 911/198/632
f 916/199/632 913/195/632 914/197/632 915/198/632
f 916/199/632 911/198/632 912/196/632 913/195/632
f 917/220/633 918/217/634 919/278/635 920/279/636
f 769/218/522 761/219/523 768/252/521
f 921/217/637 922/218/638 923/280/639 924/278/640
f 924/278/640 923/280/639 925/281/641 926/282/642
f 922/218/638 927/219/643 928/283/644 923/280/639
f 923/280/639 928/283/644 929/284/645 925/281/641
f 930/218/646 931/219/647 932/283/648 933/280/649
f 918/217/634 930/218/646 933/280/649 919/278/635
f 933/280/649 932/283/648 934/284/651
f 935/220/652 921/217/637 924/278/640 936/279/653
f 936/279/653 924/278/640 926/282/642 937/285/654
f 927/219/643 917/220/633 920/279/636 928/283/644
f 931/219/647 935/220/652 936/279/653 932/283/648
f 932/283/648 936/279/653 937/285/654 934/284/651
f 938/219/656 939/220/562 940/220/562 941/219/565
f 941/219/565 940/220/562 942/220/562 943/219/565
f 944/218/155 938/219/656 941/219/565 945/218/156
f 945/218/156 941/219/565 943/219/565 946/218/156
f 947/217/657 944/218/155 945/218/156 948/217/658
f 948/217/658 945/218/156 946/218/156 949/217/658
f 939/220/562 950/217/561 951/217/659 940/220/562
f 940/220/562 951/217/659 952/217/659 942/220/562
f 953/220/660 947/217/657 948/217/658 954/220/570
f 954/220/570 948/217/658 949/217/658 955/220/570
f 956/219/661 953/220/660 954/220/570 957/219/572
f 957/219/572 954/220/570 955/220/570 958/219/572
f 959/218/662 956/219/661 957/219/572 960/218/421
f 960/218/421 957/219/572 958/219/572 961/218/421
f 950/217/561 959/218/662 960/218/421 951/217/659
f 951/217/659 960/218/421 961/218/421 952/217/659
f 947/217/657 953/220/660 829/220/570 827/217/568
f 918/217/634 917/220/633 955/220/570 949/217/658
f 953/220/660 956/219/661 831/219/572 829/220/570
f 917/220/633 927/219/643 958/219/572 955/220/570
f 956/219/661 959/218/662 833/218/421 831/219/572
f 927/219/643 922/218/638 961/218/421 958/219/572
f 959/218/662 950/217/561 819/217/561 833/218/421
f 922/218/638 921/217/637 952/217/659 961/218/421
f 950/217/561 939/220/562 820/220/562 819/217/561
f 921/217/637 935/220/652 942/220/562 952/217/659
f 939/220/562 938/219/656 823/219/565 820/220/562
f 935/220/652 931/219/647 943/219/565 942/220/562
f 938/219/656 944/218/155 825/218/156 823/219/565
f 931/219/647 930/218/646 946/218/156 943/219/565
f 944/218/155 947/217/657 827/217/568 825/218/156
f 930/218/646 918/217/634 949/217/658 946/218/156
f 962/172/663 963/178/664 964/178/665 965/172/666
f 965/172/666 964/178/665 966/261/667 967/286/668
f 968/178/669 969/176/670 970/176/671 971/178/672
f 971/178/672 970/176/671 972/259/673 973/261/674
f 963/178/664 974/176/675 975/176/676 964/178/665
f 964/178/665 975/176/676 976/259/677 966/261/667
f 977/172/309 968/178/669 971/178/672 978/172/678
f 978/172/678 971/178/672 973/261/674 979/260/679
f 980/173/680 962/172/663 965/172/666 981/173/681
f 981/173/681 965/172/666 967/286/668 982/258/682
f 969/176/670 980/173/680 981/173/681 970/176/671
f 970/176/671 981/173/681 982/258/682 972/259/673
f 974/176/675 983/173/683 984/173/684 975/176/676
f 975/176/676 984/173/684 985/258/685 976/259/677
f 983/173/683 977/172/309 978/172/678 984/173/684
f 984/173/684 978/172/678 979/260/679 985/258/685
f 962/172/663 844/172/576 858/178/590 963/178/664
f 980/173/680 845/173/577 844/172/576 962/172/663
f 969/176/670 848/176/580 845/173/577 980/173/680
f 968/178/669 850/178/582 848/176/580 969/176/670
f 977/172/309 852/172/584 850/178/582 968/178/669
f 983/173/683 854/173/586 852/172/584 977/172/309
f 974/176/675 856/176/588 854/173/586 983/173/683
f 963/178/664 858/178/590 856/176/588 974/176/675
f 920/285/686 919/282/687 967/286/668 966/261/667
f 929/284/645 920/285/686 966/261/667 976/259/677
f 925/281/641 929/284/645 976/259/677 985/258/685
f 926/282/642 925/281/641 985/258/685 979/260/679
f 937/285/654 926/282/642 979/260/679 973/261/674
f 934/284/651 937/285/654 973/261/674 972/259/673
f 933/281/688 934/284/651 972/259/673 982/258/682
f 919/282/687 933/281/688 982/258/682 967/286/668
f 986/217/561 987/217/689 988/220/690 989/220/691
f 989/220/691 988/220/690 990/219/692 991/219/656
f 991/219/656 990/219/692 992/218/693 993/218/155
f 993/218/155 992/218/693 994/217/694 995/217/695
f 995/217/695 994/217/694 996/220/696 997/220/697
f 997/220/697 996/220/696 998/219/698 999/219/661
f 999/219/661 998/219/698 1000/218/699 1001/218/662
f 1001/218/662 1000/218/699 987/217/689 986/217/561
f 987/217/689 1002/274/632 1003/273/632 988/220/690
f 988/220/690 1003/273/632 1004/275/632 990/219/692
f 990/219/692 1004/275/632 1005/276/632 992/218/693
f 992/218/693 1005/276/632 1006/274/632 994/217/694
f 994/217/694 1006/274/632 1007/273/632 996/220/696
f 996/220/696 1007/273/632 1008/275/632 998/219/698
f 998/219/698 1008/275/632 1009/276/632 1000/218/699
f 1000/218/699 1009/276/632 1002/274/632 987/217/689
f 1004/275/632 1003/273/632 1010/277/632 1005/276/632
f 1005/276/632 1010/277/632 1007/273/632 1006/274/632
f 1008/275/632 1007/273/632 1010/277/632 1009/276/632
f 1009/276/632 1010/277/632 1003/273/632 1002/274/632
f 1011/172/700 1012/175/701 1013/174/702 1014/173/703
f 1014/173/703 1013/174/702 1015/177/704 1016/176/705
f 1016/176/705 1015/177/704 1017/179/706 1018/178/707
f 1018/178/707 1017/179/706 1019/175/708 1020/172/709
f 1020/172/709 1019/175/708 1021/174/710 1022/173/711
f 1022/173/711 1021/174/710 1023/177/712 1024/176/713
f 1024/176/713 1023/177/712 1025/179/714 1026/178/715
f 1026/178/715 1025/179/714 1012/175/701 1011/172/700
f 1015/177/704 1027/181/716 1028/180/717 1017/179/706
f 1017/179/706 1028/180/717 1029/182/718 1019/175/708
f 1019/175/708 1029/182/718 1030/183/719 1021/174/710
f 1021/174/710 1030/183/719 1031/181/720 1023/177/712
f 1023/177/712 1031/181/720 1032/180/721 1025/179/714
f 1025/179/714 1032/180/721 1033/182/722 1012/175/701
f 1012/175/701 1033/182/722 1034/183/723 1013/174/702
f 1013/174/702 1034/183/723 1027/181/716 1015/177/704
f 1033/182/722 1035/184/724 1036/183/725 1034/183/723
f 1034/183/723 1036/183/725 1037/185/726 1027/181/716
f 1027/181/716 1037/185/726 1038/186/727 1028/180/717
f 1028/180/717 1038/186/727 1039/184/728 1029/182/718
f 1029/182/718 1039/184/728 1040/183/729 1030/183/719
f 1030/183/719 1040/183/729 1041/185/730 1031/181/720
f 1031/181/720 1041/185/730 1042/186/731 1032/180/721
f 1032/180/721 1042/186/731 1035/184/724 1033/182/722
f 1035/184/724 1043/184/609 1044/183/480 1036/183/725
f 1036/183/725 1044/183/480 1045/185/732 1037/185/726
f 1037/185/726 1045/185/732 1046/186/733 1038/186/727
f 1038/186/727 1046/186/733 1047/184/230 1039/184/728
f 1039/184/728 1047/184/230 1048/183/229 1040/183/729
f 1040/183/729 1048/183/229 1049/185/734 1041/185/730
f 1041/185/730 1049/185/734 1050/186/735 1042/186/731
f 1042/186/731 1050/186/735 1043/184/609 1035/184/724
f 1046/186/733 1051/186/736 1052/184/737 1047/184/230
f 1047/184/230 1052/184/737 1053/183/738 1048/183/229
f 1048/183/229 1053/183/738 1054/185/739 1049/185/734
f 1049/185/734 1054/185/739 1055/186/740 1050/186/735
f 1050/186/735 1055/186/740 1056/184/741 1043/184/609
f 1043/184/609 1056/184/741 1057/183/742 1044/183/480
f 1044/183/480 1057/183/742 1058/185/743 1045/185/732
f 1045/185/732 1058/185/743 1051/186/736 1046/186/733
f 1051/186/736 1059/188/744 1060/187/745 1052/184/737
f 1052/184/737 1060/187/745 1061/189/746 1053/183/738
f 1053/183/738 1061/189/746 1062/190/747 1054/185/739
f 1054/185/739 1062/190/747 1063/188/748 1055/186/740
f 1055/186/740 1063/188/748 1064/187/749 1056/184/741
f 1056/184/741 1064/187/749 1065/189/750 1057/183/742
f 1057/183/742 1065/189/750 1066/190/751 1058/185/743
f 1058/185/743 1066/190/751 1059/188/744 1051/186/736
f 1064/187/749 1067/192/575 1068/191/575 1065/189/750
f 1065/189/750 1068/191/575 1069/193/575 1066/190/751
f 1066/190/751 1069/193/575 1070/194/575 1059/188/744
f 1059/188/744 1070/194/575 1071/192/575 1060/187/745
f 1060/187/745 1071/192/575 1072/191/575 1061/189/746
f 1061/189/746 1072/191/575 1073/193/575 1062/190/747
f 1062/190/747 1073/193/575 1074/194/575 1063/188/748
f 1063/188/748 1074/194/575 1067/192/575 1064/187/749
f 1067/192/575 1075/196/575 1076/195/575 1068/191/575
f 1068/191/575 1076/195/575 1077/197/575 1069/193/575
f 1069/193/575 1077/197/575 1078/198/575 1070/194/575
f 1070/194/575 1078/198/575 1079/196/575 1071/192/575
f 1071/192/575 1079/196/575 1080/195/575 1072/191/575
f 1072/191/575 1080/195/575 1081/197/575 1073/193/575
f 1073/193/575 1081/197/575 1082/198/575 1074/194/575
f 1074/194/575 1082/198/575 1075/196/575 1067/192/575
f 1083/199/575 1076/195/575 1075/196/575 1082/198/575
f 1083/199/575 1078/198/575 1077/197/575 1076/195/575
f 1083/199/575 1082/198/575 1081/197/575 1080/195/575
f 1083/199/575 1080/195/575 1079/196/575 1078/198/575
f 1084/220/752 1085/279/753 1086/278/754 1087/217/755
f 920/279/636 929/284/645 928/283/644
f 1088/217/756 1089/278/757 1090/280/758 1091/218/421
f 1089/278/757 1092/282/759 1093/281/760 1090/280/758
f 1091/218/421 1090/280/758 1094/283/761 1095/219/762
f 1090/280/758 1093/281/760 1096/284/763 1094/283/761
f 1097/218/764 1098/280/765 1099/283/766 1100/219/767
f 1087/217/755 1086/278/754 1098/280/765 1097/218/764
f 1101/284/769 1099/283/766 1098/280/765
f 1102/220/770 1103/279/771 1089/278/757 1088/217/756
f 1103/279/771 1104/285/772 1092/282/759 1089/278/757
f 1095/219/762 1094/283/761 1085/279/753 1084/220/752
f 1100/219/767 1099/283/766 1103/279/771 1102/220/770
f 1099/283/766 1101/284/769 1104/285/772 1103/279/771
f 1105/219/565 1106/219/656 1107/220/562 1108/220/562
f 1106/219/656 1109/219/656 1110/220/562 1107/220/562
f 1111/218/156 1112/218/155 1106/219/656 1105/219/565
f 1112/218/155 1113/218/155 1109/219/656 1106/219/656
f 1114/217/774 1115/217/775 1112/218/155 1111/218/156
f 1115/217/775 1116/217/776 1113/218/155 1112/218/155
f 1108/220/562 1107/220/562 1117/217/659 1118/217/561
f 1107/220/562 1110/220/562 1119/217/659 1117/217/659
f 1120/220/570 1121/220/697 1115/217/775 1114/217/774
f 1121/220/697 1122/220/660 1116/217/776 1115/217/775
f 1123/219/572 1124/219/777 1121/220/697 1120/220/570
f 1124/219/777 1125/219/661 1122/220/660 1121/220/697
f 1126/218/421 1127/218/662 1124/219/777 1123/219/572
f 1127/218/662 1128/218/662 1125/219/661 1124/219/777
f 1118/217/561 1117/217/659 1127/218/662 1126/218/421
f 1117/217/659 1119/217/659 1128/218/662 1127/218/662
f 1114/217/774 995/217/695 997/220/697 1120/220/570
f 1087/217/755 1116/217/776 1122/220/660 1084/220/752
f 1120/220/570 997/220/697 999/219/661 1123/219/572
f 1084/220/752 1122/220/660 1125/219/661 1095/219/762
f 1123/219/572 999/219/661 1001/218/662 1126/218/421
f 1095/219/762 1125/219/661 1128/218/662 1091/218/421
f 1126/218/421 1001/218/662 986/217/561 1118/217/561
f 1091/218/421 1128/218/662 1119/217/659 1088/217/756
f 1118/217/561 986/217/561 989/220/691 1108/220/562
f 1088/217/756 1119/217/659 1110/220/562 1102/220/770
f 1108/220/562 989/220/691 991/219/656 1105/219/565
f 1102/220/770 1110/220/562 1109/219/656 1100/219/767
f 1105/219/565 991/219/656 993/218/155 1111/218/156
f 1100/219/767 1109/219/656 1113/218/155 1097/218/764
f 1111/218/156 993/218/155 995/217/695 1114/217/774
f 1097/218/764 1113/218/155 1116/217/776 1087/217/755
f 1129/172/778 1130/172/779 1131/178/780 1132/178/781
f 1130/172/779 1133/286/782 1134/261/783 1131/178/780
f 1135/178/784 1136/178/785 1137/176/786 1138/176/787
f 1136/178/785 1139/261/788 1140/259/789 1137/176/786
f 1132/178/781 1131/178/780 1141/176/790 1142/176/791
f 1131/178/780 1134/261/783 1143/259/792 1141/176/790
f 1144/172/793 1145/172/794 1136/178/785 1135/178/784
f 1145/172/794 1146/260/795 1139/261/788 1136/178/785
f 1147/173/796 1148/173/797 1130/172/779 1129/172/778
f 1148/173/797 1149/258/798 1133/286/782 1130/172/779
f 1138/176/787 1137/176/786 1148/173/797 1147/173/796
f 1137/176/786 1140/259/789 1149/258/798 1148/173/797
f 1142/176/791 1141/176/790 1150/173/799 1151/173/800
f 1141/176/790 1143/259/792 1152/258/801 1150/173/799
f 1151/173/800 1150/173/799 1145/172/794 1144/172/793
f 1150/173/799 1152/258/801 1146/260/795 1145/172/794
f 1129/172/778 1132/178/781 1026/178/715 1011/172/700
f 1147/173/796 1129/172/778 1011/172/700 1014/173/703
f 1138/176/787 1147/173/796 1014/173/703 1016/176/705
f 1135/178/784 1138/176/787 1016/176/705 1018/178/707
f 1144/172/793 1135/178/784 1018/178/707 1020/172/709
f 1151/173/800 1144/172/793 1020/172/709 1022/173/711
f 1142/176/791 1151/173/800 1022/173/711 1024/176/713
f 1132/178/781 1142/176/791 1024/176/713 1026/178/715
f 1085/285/802 1134/261/783 1133/286/782 1086/282/803
f 1096/284/763 1143/259/792 1134/261/783 1085/285/802
f 1093/281/760 1152/258/801 1143/259/792 1096/284/763
f 1092/282/759 1146/260/795 1152/258/801 1093/281/760
f 1104/285/772 1139/261/788 1146/260/795 1092/282/759
f 1101/284/769 1140/259/789 1139/261/788 1104/285/772
f 1098/281/804 1149/258/798 1140/259/789 1101/284/769
f 1086/282/803 1133/286/782 1149/258/798 1098/281/804
f 1094/283/761 1096/284/763 1085/285/802
usemtl Kitchen_Chair_Pipes
f 5364/209/144 5358/210/145 5357/211/146 5356/212/147
f 5364/209/144 5356/212/147 5363/213/146 5362/214/148
f 5364/209/144 5362/214/148 5361/215/152 5360/216/153
f 5364/209/144 5360/216/153 5359/264/144 5358/210/145
f 5350/265/382 5363/213/146 5356/212/147 5351/266/383
f 5349/267/384 5362/214/148 5363/213/146 5350/265/382
f 5348/268/388 5361/215/152 5362/214/148 5349/267/384
f 5355/269/389 5360/216/153 5361/215/152 5348/268/388
f 5354/270/390 5359/264/144 5360/216/153 5355/269/389
f 5353/271/391 5358/210/145 5359/264/144 5354/270/390
f 5352/272/392 5357/211/146 5358/210/145 5353/271/391
f 5351/266/383 5356/212/147 5357/211/146 5352/272/392
f 5343/269/396 5355/269/389 5348/268/388 5341/268/397
f 5345/270/401 5354/270/390 5355/269/389 5343/269/396
f 5347/271/650 5353/271/391 5354/270/390 5345/270/401
f 5335/272/655 5352/272/392 5353/271/391 5347/271/650
f 5334/266/768 5351/266/383 5352/272/392 5335/272/655
f 5337/265/773 5350/265/382 5351/266/383 5334/266/768
f 1153/272/805 1154/287/806 1155/288/807 1156/266/807
f 1154/287/806 1157/289/808 1158/290/807 1155/288/807
f 1157/289/808 1159/291/806 1160/292/807 1158/290/807
f 1159/291/806 1161/293/805 1162/294/807 1160/292/807
f 1156/266/807 1155/288/807 1163/295/809 1164/265/809
f 1155/288/807 1158/290/807 1165/296/810 1163/295/809
f 1158/290/807 1160/292/807 1166/297/809 1165/296/810
f 1160/292/807 1162/294/807 1167/298/809 1166/297/809
f 1164/265/809 1163/295/809 1168/299/811 1169/267/811
f 1163/295/809 1165/296/810 1170/300/811 1168/299/811
f 1165/296/810 1166/297/809 1171/301/811 1170/300/811
f 1166/297/809 1167/298/809 1172/302/811 1171/301/811
f 1169/267/811 1168/299/811 1173/303/812 1174/268/813
f 1168/299/811 1170/300/811 1175/304/812 1173/303/812
f 1170/300/811 1171/301/811 1176/305/812 1175/304/812
f 1171/301/811 1172/302/811 1177/306/812 1176/305/812
f 1174/268/813 1173/303/812 1178/307/814 1179/269/814
f 1173/303/812 1175/304/812 1180/308/814 1178/307/814
f 1175/304/812 1176/305/812 1181/309/814 1180/308/814
f 1176/305/812 1177/306/812 1182/310/814 1181/309/814
f 1179/269/814 1178/307/814 1183/311/815 1184/270/816
f 1178/307/814 1180/308/814 1185/312/817 1183/311/815
f 1180/308/814 1181/309/814 1186/313/815 1185/312/817
f 1181/309/814 1182/310/814 1187/314/815 1186/313/815
f 1184/270/816 1183/311/815 1188/315/650 1189/271/650
f 1183/311/815 1185/312/817 1190/316/650 1188/315/650
f 1185/312/817 1186/313/815 1191/317/650 1190/316/650
f 1186/313/815 1187/314/815 1192/318/650 1191/317/650
f 1189/271/650 1188/315/650 1154/287/806 1153/272/805
f 1188/315/650 1190/316/650 1157/289/808 1154/287/806
f 1190/316/650 1191/317/650 1159/291/806 1157/289/808
f 1191/317/650 1192/318/650 1161/293/805 1159/291/806
f 1193/319/805 1153/272/805 1156/266/807 1194/320/807
f 1195/321/807 1162/294/807 1161/293/805 1196/322/805
f 1194/320/807 1156/266/807 1164/265/809 1197/323/810
f 1198/324/810 1167/298/809 1162/294/807 1195/321/807
f 1197/323/810 1164/265/809 1169/267/811 1199/325/811
f 1200/326/811 1172/302/811 1167/298/809 1198/324/810
f 1199/325/811 1169/267/811 1174/268/813 1201/327/812
f 1202/328/812 1177/306/812 1172/302/811 1200/326/811
f 1201/327/812 1174/268/813 1179/269/814 1203/329/814
f 1204/330/814 1182/310/814 1177/306/812 1202/328/812
f 1203/329/814 1179/269/814 1184/270/816 1205/331/815
f 1206/332/815 1187/314/815 1182/310/814 1204/330/814
f 1205/331/815 1184/270/816 1189/271/650 1207/333/650
f 1208/334/650 1192/318/650 1187/314/815 1206/332/815
f 1207/333/650 1189/271/650 1153/272/805 1193/319/805
f 1196/322/805 1161/293/805 1192/318/650 1208/334/650
f 1209/172/818 1210/172/819 1211/172/632 1212/172/632
f 1210/172/819 1213/172/818 1214/172/820 1211/172/632
f 1213/172/818 1215/172/819 1216/172/821 1214/172/820
f 1215/172/819 1217/172/819 1218/172/632 1216/172/821
f 1217/172/819 1219/172/822 1220/172/823 1218/172/632
f 1219/172/822 1221/172/818 1222/172/632 1220/172/823
f 1221/172/818 1223/172/822 1224/172/632 1222/172/632
f 1223/172/822 1225/172/824 1226/172/825 1224/172/632
f 1225/172/824 1227/172/826 1228/172/827 1226/172/825
f 1227/172/826 1229/172/828 1230/172/829 1228/172/827
f 1231/172/575 1232/172/575 1233/172/830 1234/172/831
f 1232/172/575 1235/172/832 1236/172/831 1233/172/830
f 1235/172/832 1237/172/833 1238/172/834 1236/172/831
f 1237/172/833 1239/172/575 1240/172/830 1238/172/834
f 1239/172/575 1241/172/835 1242/172/830 1240/172/830
f 1241/172/835 1243/172/575 1244/172/830 1242/172/830
f 1243/172/575 1245/172/575 1246/172/830 1244/172/830
f 1245/172/575 1247/172/836 1248/172/837 1246/172/830
f 1247/172/836 1249/172/838 1250/172/839 1248/172/837
f 1249/172/838 1251/172/840 1252/172/841 1250/172/839
f 1253/172/842 1254/172/843 1210/172/819 1209/172/818
f 1254/172/843 1255/172/843 1213/172/818 1210/172/819
f 1255/172/843 1256/172/844 1215/172/819 1213/172/818
f 1256/172/844 1257/172/843 1217/172/819 1215/172/819
f 1257/172/843 1258/172/843 1219/172/822 1217/172/819
f 1258/172/843 1259/172/843 1221/172/818 1219/172/822
f 1259/172/843 1260/172/843 1223/172/822 1221/172/818
f 1260/172/843 1261/172/845 1225/172/824 1223/172/822
f 1261/172/845 1262/172/846 1227/172/826 1225/172/824
f 1262/172/846 1263/172/847 1229/172/828 1227/172/826
f 1212/172/632 1211/172/632 1264/172/848 1265/172/849
f 1211/172/632 1214/172/820 1266/172/850 1264/172/848
f 1214/172/820 1216/172/821 1267/172/851 1266/172/850
f 1216/172/821 1218/172/632 1268/172/849 1267/172/851
f 1218/172/632 1220/172/823 1269/172/851 1268/172/849
f 1220/172/823 1222/172/632 1270/172/849 1269/172/851
f 1222/172/632 1224/172/632 1271/172/849 1270/172/849
f 1224/172/632 1226/172/825 1272/172/852 1271/172/849
f 1226/172/825 1228/172/827 1273/172/853 1272/172/852
f 1228/172/827 1230/172/829 1274/172/854 1273/172/853
f 1234/172/831 1233/172/830 1254/172/843 1253/172/842
f 1233/172/830 1236/172/831 1255/172/843 1254/172/843
f 1236/172/831 1238/172/834 1256/172/844 1255/172/843
f 1238/172/834 1240/172/830 1257/172/843 1256/172/844
f 1240/172/830 1242/172/830 1258/172/843 1257/172/843
f 1242/172/830 1244/172/830 1259/172/843 1258/172/843
f 1244/172/830 1246/172/830 1260/172/843 1259/172/843
f 1246/172/830 1248/172/837 1261/172/845 1260/172/843
f 1248/172/837 1250/172/839 1262/172/846 1261/172/845
f 1250/172/839 1252/172/841 1263/172/847 1262/172/846
f 1265/172/849 1264/172/848 1275/172/855 1276/172/856
f 1264/172/848 1266/172/850 1277/172/855 1275/172/855
f 1266/172/850 1267/172/851 1278/172/855 1277/172/855
f 1267/172/851 1268/172/849 1279/172/855 1278/172/855
f 1268/172/849 1269/172/851 1280/172/855 1279/172/855
f 1269/172/851 1270/172/849 1281/172/857 1280/172/855
f 1270/172/849 1271/172/849 1282/172/855 1281/172/857
f 1271/172/849 1272/172/852 1283/172/858 1282/172/855
f 1272/172/852 1273/172/853 1284/172/859 1283/172/858
f 1273/172/853 1274/172/854 1285/172/860 1284/172/859
f 1276/172/856 1275/172/855 1286/172/861 1287/172/862
f 1275/172/855 1277/172/855 1288/172/863 1286/172/861
f 1277/172/855 1278/172/855 1289/172/864 1288/172/863
f 1278/172/855 1279/172/855 1290/172/865 1289/172/864
f 1279/172/855 1280/172/855 1291/172/864 1290/172/865
f 1280/172/855 1281/172/857 1292/172/865 1291/172/864
f 1281/172/857 1282/172/855 1293/172/865 1292/172/865
f 1282/172/855 1283/172/858 1294/172/866 1293/172/865
f 1283/172/858 1284/172/859 1295/172/867 1294/172/866
f 1284/172/859 1285/172/860 1296/172/868 1295/172/867
f 1287/172/862 1286/172/861 1232/172/575 1231/172/575
f 1286/172/861 1288/172/863 1235/172/832 1232/172/575
f 1288/172/863 1289/172/864 1237/172/833 1235/172/832
f 1289/172/864 1290/172/865 1239/172/575 1237/172/833
f 1290/172/865 1291/172/864 1241/172/835 1239/172/575
f 1291/172/864 1292/172/865 1243/172/575 1241/172/835
f 1292/172/865 1293/172/865 1245/172/575 1243/172/575
f 1293/172/865 1294/172/866 1247/172/836 1245/172/575
f 1294/172/866 1295/172/867 1249/172/838 1247/172/836
f 1295/172/867 1296/172/868 1251/172/840 1249/172/838
f 1297/335/869 1298/336/870 1299/277/871 1300/337/872
f 1301/335/873 1302/336/874 1303/277/875 1304/337/876
f 1298/335/870 1305/336/877 1306/277/878 1299/337/871
f 1302/335/874 1297/336/869 1300/277/872 1303/337/875
f 1305/335/877 1307/336/879 1308/277/880 1306/337/878
f 1307/335/879 1309/336/881 1310/277/882 1308/337/880
f 1311/335/883 1301/336/873 1304/277/876 1312/337/884
f 1309/335/881 1311/336/883 1312/277/884 1310/337/882
f 1229/172/828 1313/172/885 1314/172/886 1230/172/829
f 1251/172/840 1315/172/887 1316/172/888 1252/172/841
f 1263/172/847 1317/172/889 1313/172/885 1229/172/828
f 1230/172/829 1314/172/886 1318/172/890 1274/172/854
f 1252/172/841 1316/172/888 1317/172/889 1263/172/847
f 1274/172/854 1318/172/890 1319/172/891 1285/172/860
f 1285/172/860 1319/172/891 1320/172/892 1296/172/868
f 1296/172/868 1320/172/892 1315/172/887 1251/172/840
f 1304/277/876 1321/172/893 1322/172/894 1312/337/884
f 1321/172/893 1318/172/890 1314/172/886 1322/172/894
f 1308/277/880 1323/172/895 1324/172/896 1306/337/878
f 1323/172/895 1317/172/889 1316/172/888 1324/172/896
f 1312/277/884 1322/172/894 1325/172/897 1310/337/882
f 1322/172/894 1314/172/886 1313/172/885 1325/172/897
f 1300/277/872 1326/172/898 1327/172/899 1303/337/875
f 1326/172/898 1320/172/892 1319/172/891 1327/172/899
f 1310/277/882 1325/172/897 1323/172/895 1308/337/880
f 1325/172/897 1313/172/885 1317/172/889 1323/172/895
f 1299/277/871 1328/172/900 1326/172/898 1300/337/872
f 1328/172/900 1315/172/887 1320/172/892 1326/172/898
f 1306/277/878 1324/172/896 1328/172/900 1299/337/871
f 1324/172/896 1316/172/888 1315/172/887 1328/172/900
f 1303/277/875 1327/172/899 1321/172/893 1304/337/876
f 1327/172/899 1319/172/891 1318/172/890 1321/172/893
f 1329/172/901 1330/172/902 1331/172/903 1332/172/904
f 1333/172/905 1334/172/906 1335/172/907 1336/172/908
f 1332/172/904 1331/172/903 1337/172/909 1338/172/910
f 1339/172/911 1340/172/912 1330/172/902 1329/172/901
f 1338/172/910 1337/172/909 1334/172/906 1333/172/905
f 1341/172/913 1342/172/914 1340/172/912 1339/172/911
f 1343/172/915 1344/172/916 1342/172/914 1341/172/913
f 1336/172/908 1335/172/907 1344/172/916 1343/172/915
f 1341/172/913 1339/172/911 1345/172/917 1346/172/918
f 1339/172/911 1329/172/901 1347/172/919 1345/172/917
f 1329/172/901 1332/172/904 1348/172/920 1347/172/919
f 1332/172/904 1338/172/910 1349/172/921 1348/172/920
f 1338/172/910 1333/172/905 1350/172/922 1349/172/921
f 1333/172/905 1336/172/908 1351/172/923 1350/172/922
f 1336/172/908 1343/172/915 1352/172/924 1351/172/923
f 1343/172/915 1341/172/913 1346/172/918 1352/172/924
f 1352/172/924 1353/172/925 1354/172/926 1351/172/923
f 1351/172/923 1354/172/926 1355/172/927 1350/172/922
f 1353/172/925 1345/172/917 1347/172/919 1354/172/926
f 1354/172/926 1347/172/919 1348/172/920 1355/172/927
f 1349/172/921 1350/172/922 1355/172/927 1348/172/920
f 1346/172/918 1345/172/917 1353/172/925 1352/172/924
f 1356/172/928 1311/172/883 1309/172/881 1357/172/929
f 1358/172/930 1305/172/877 1298/172/870 1359/172/931
f 1360/172/932 1357/172/929 1361/172/933 1362/172/934
f 1357/172/929 1309/172/881 1307/172/879 1361/172/933
f 1363/172/935 1301/172/873 1311/172/883 1356/172/928
f 1362/172/934 1361/172/933 1358/172/930 1364/172/936
f 1361/172/933 1307/172/879 1305/172/877 1358/172/930
f 1365/172/937 1366/172/938 1363/172/935 1367/172/939
f 1366/172/938 1302/172/874 1301/172/873 1363/172/935
f 1368/172/940 1369/172/941 1366/172/938 1365/172/937
f 1369/172/941 1297/172/869 1302/172/874 1366/172/938
f 1359/172/931 1298/172/870 1297/172/869 1369/172/941
f 1330/172/902 1370/172/942 1371/172/943 1331/172/903
f 1334/172/906 1372/172/944 1373/172/945 1335/172/907
f 1331/172/903 1371/172/943 1374/172/946 1337/172/909
f 1371/172/943 1360/172/932 1362/172/934 1374/172/946
f 1340/172/912 1375/172/947 1370/172/942 1330/172/902
f 1337/172/909 1374/172/946 1372/172/944 1334/172/906
f 1374/172/946 1362/172/934 1364/172/936 1372/172/944
f 1342/172/914 1376/172/948 1375/172/947 1340/172/912
f 1376/172/948 1365/172/937 1367/172/939 1375/172/947
f 1344/172/916 1377/172/949 1376/172/948 1342/172/914
f 1377/172/949 1368/172/940 1365/172/937 1376/172/948
f 1335/172/907 1373/172/945 1377/172/949 1344/172/916
f 1373/172/945 1372/172/944 1378/172/950 1379/172/951
f 1372/172/944 1364/172/936 1380/172/952 1378/172/950
f 1364/172/936 1358/172/930 1381/172/953 1380/172/952
f 1358/172/930 1359/172/931 1382/172/954 1381/172/953
f 1359/172/931 1369/172/941 1383/172/955 1382/172/954
f 1369/172/941 1368/172/940 1384/172/956 1383/172/955
f 1368/172/940 1377/172/949 1385/172/957 1384/172/956
f 1377/172/949 1373/172/945 1379/172/951 1385/172/957
f 1384/172/956 1385/172/957 1386/172/575 1387/172/575
f 1385/172/957 1379/172/951 1388/172/575 1386/172/575
f 1379/172/951 1378/172/950 1389/172/575 1388/172/575
f 1378/172/950 1380/172/952 1390/172/575 1389/172/575
f 1380/172/952 1381/172/953 1391/172/575 1390/172/575
f 1381/172/953 1382/172/954 1392/172/575 1391/172/575
f 1382/172/954 1383/172/955 1393/172/575 1392/172/575
f 1383/172/955 1384/172/956 1387/172/575 1393/172/575
f 1390/172/575 1391/172/575 1394/172/958 1395/172/959
f 1391/172/575 1392/172/575 1396/172/960 1394/172/958
f 1392/172/575 1393/172/575 1397/172/961 1396/172/960
f 1393/172/575 1387/172/575 1398/172/962 1397/172/961
f 1387/172/575 1386/172/575 1399/172/963 1398/172/962
f 1386/172/575 1388/172/575 1400/172/964 1399/172/963
f 1388/172/575 1389/172/575 1401/172/965 1400/172/964
f 1389/172/575 1390/172/575 1395/172/959 1401/172/965
f 1395/172/959 1394/172/958 1402/172/966 1403/172/967
f 1394/172/958 1396/172/960 1404/172/968 1402/172/966
f 1396/172/960 1397/172/961 1405/172/969 1404/172/968
f 1397/172/961 1398/172/962 1406/172/970 1405/172/969
f 1398/172/962 1399/172/963 1407/172/971 1406/172/970
f 1399/172/963 1400/172/964 1408/172/972 1407/172/971
f 1400/172/964 1401/172/965 1409/172/973 1408/172/972
f 1401/172/965 1395/172/959 1403/172/967 1409/172/973
f 1410/172/974 1411/172/632 1412/172/632 1413/172/975
f 1413/172/975 1412/172/632 1414/172/632 1415/172/976
f 1415/172/976 1414/172/632 1416/172/632 1417/172/977
f 1417/172/977 1416/172/632 1418/172/632 1419/172/978
f 1419/172/978 1418/172/632 1420/172/632 1421/172/979
f 1421/172/979 1420/172/632 1422/172/632 1423/172/980
f 1423/172/980 1422/172/632 1424/172/632 1425/172/981
f 1425/172/981 1424/172/632 1411/172/632 1410/172/974
f 1418/172/632 1426/172/982 1427/172/983 1420/172/632
f 1420/172/632 1427/172/983 1428/172/984 1422/172/632
f 1422/172/632 1428/172/984 1429/172/985 1424/172/632
f 1424/172/632 1429/172/985 1430/172/986 1411/172/632
f 1411/172/632 1430/172/986 1431/172/987 1412/172/632
f 1412/172/632 1431/172/987 1432/172/988 1414/172/632
f 1414/172/632 1432/172/988 1433/172/989 1416/172/632
f 1416/172/632 1433/172/989 1426/172/982 1418/172/632
f 1426/172/982 1434/172/990 1435/172/991 1427/172/983
f 1427/172/983 1435/172/991 1436/172/968 1428/172/984
f 1428/172/984 1436/172/968 1437/172/969 1429/172/985
f 1429/172/985 1437/172/969 1438/172/970 1430/172/986
f 1430/172/986 1438/172/970 1439/172/971 1431/172/987
f 1431/172/987 1439/172/971 1440/172/972 1432/172/988
f 1432/172/988 1440/172/972 1441/172/973 1433/172/989
f 1433/172/989 1441/172/973 1434/172/990 1426/172/982
f 1417/172/977 1371/172/943 1370/172/942 1415/172/976
f 1413/172/975 1415/172/976 1370/172/942 1375/172/947
f 1421/172/979 1357/172/929 1360/172/932 1419/172/978
f 1417/172/977 1419/172/978 1360/172/932 1371/172/943
f 1425/172/981 1410/172/974 1367/172/939 1363/172/935
f 1421/172/979 1423/172/980 1356/172/928 1357/172/929
f 1425/172/981 1363/172/935 1356/172/928 1423/172/980
f 1413/172/975 1375/172/947 1367/172/939 1410/172/974
f 1440/172/972 1408/172/972 1409/172/973 1441/172/973
f 1436/172/968 1404/172/968 1405/172/969 1437/172/969
f 1439/172/971 1407/172/971 1408/172/972 1440/172/972
f 1403/172/967 1402/172/966 1435/172/991 1434/172/990
f 1402/172/966 1404/172/968 1436/172/968 1435/172/991
f 1405/172/969 1406/172/970 1438/172/970 1437/172/969
f 1409/172/973 1403/172/967 1434/172/990 1441/172/973
f 1406/172/970 1407/172/971 1439/172/971 1438/172/970
f 1442/272/806 1443/287/806 1444/288/807 1445/266/807
f 1443/287/806 1446/289/808 1447/290/807 1444/288/807
f 1446/289/808 1448/291/806 1449/292/807 1447/290/807
f 1448/291/806 1450/293/806 1451/294/807 1449/292/807
f 1445/266/807 1444/288/807 1452/295/809 1453/265/809
f 1444/288/807 1447/290/807 1454/296/810 1452/295/809
f 1447/290/807 1449/292/807 1455/297/809 1454/296/810
f 1449/292/807 1451/294/807 1456/298/809 1455/297/809
f 1453/265/809 1452/295/809 1457/299/811 1458/267/811
f 1452/295/809 1454/296/810 1459/300/811 1457/299/811
f 1454/296/810 1455/297/809 1460/301/811 1459/300/811
f 1455/297/809 1456/298/809 1461/302/811 1460/301/811
f 1458/267/811 1457/299/811 1462/303/812 1463/268/813
f 1457/299/811 1459/300/811 1464/304/812 1462/303/812
f 1459/300/811 1460/301/811 1465/305/812 1464/304/812
f 1460/301/811 1461/302/811 1466/306/812 1465/305/812
f 1463/268/813 1462/303/812 1467/307/814 1468/269/814
f 1462/303/812 1464/304/812 1469/308/814 1467/307/814
f 1464/304/812 1465/305/812 1470/309/814 1469/308/814
f 1465/305/812 1466/306/812 1471/310/814 1470/309/814
f 1468/269/814 1467/307/814 1472/311/815 1473/270/816
f 1467/307/814 1469/308/814 1474/312/817 1472/311/815
f 1469/308/814 1470/309/814 1475/313/815 1474/312/817
f 1470/309/814 1471/310/814 1476/314/815 1475/313/815
f 1473/270/816 1472/311/815 1477/315/650 1478/271/650
f 1472/311/815 1474/312/817 1479/316/650 1477/315/650
f 1474/312/817 1475/313/815 1480/317/650 1479/316/650
f 1475/313/815 1476/314/815 1481/318/650 1480/317/650
f 1478/271/650 1477/315/650 1443/287/806 1442/272/806
f 1477/315/650 1479/316/650 1446/289/808 1443/287/806
f 1479/316/650 1480/317/650 1448/291/806 1446/289/808
f 1480/317/650 1481/318/650 1450/293/806 1448/291/806
f 1482/319/805 1442/272/806 1445/266/807 1483/320/807
f 1484/321/807 1451/294/807 1450/293/806 1485/322/805
f 1483/320/807 1445/266/807 1453/265/809 1486/323/810
f 1487/324/810 1456/298/809 1451/294/807 1484/321/807
f 1486/323/810 1453/265/809 1458/267/811 1488/325/811
f 1489/326/811 1461/302/811 1456/298/809 1487/324/810
f 1488/325/811 1458/267/811 1463/268/813 1490/327/812
f 1491/328/812 1466/306/812 1461/302/811 1489/326/811
f 1490/327/812 1463/268/813 1468/269/814 1492/329/814
f 1493/330/814 1471/310/814 1466/306/812 1491/328/812
f 1492/329/814 1468/269/814 1473/270/816 1494/331/815
f 1495/332/815 1476/314/815 1471/310/814 1493/330/814
f 1494/331/815 1473/270/816 1478/271/650 1496/333/650
f 1497/334/650 1481/318/650 1476/314/815 1495/332/815
f 1496/333/650 1478/271/650 1442/272/806 1482/319/805
f 1485/322/805 1450/293/806 1481/318/650 1497/334/650
f 1498/172/992 1499/172/993 1500/172/994 1501/172/995
f 1499/172/993 1502/172/996 1503/172/997 1500/172/994
f 1502/172/998 1504/172/999 1505/172/1000 1503/172/997
f 1504/172/999 1506/172/1001 1507/172/1002 1505/172/1000
f 1506/172/1003 1508/172/1004 1509/172/1005 1507/172/1002
f 1508/172/1006 1510/172/1007 1511/172/1008 1509/172/1009
f 1510/172/1007 1512/172/1010 1513/172/1011 1511/172/1008
f 1512/172/1010 1498/172/992 1501/172/995 1513/172/1011
f 1501/172/995 1500/172/994 1514/172/1012 1515/172/1013
f 1500/172/994 1503/172/997 1516/172/1014 1514/172/1012
f 1503/172/997 1505/172/1000 1517/172/1015 1516/172/1014
f 1505/172/1000 1507/172/1002 1518/172/1016 1517/172/1015
f 1507/172/1002 1509/172/1009 1519/172/1017 1518/172/1016
f 1509/172/1009 1511/172/1008 1520/172/1018 1519/172/1017
f 1511/172/1008 1513/172/1011 1521/172/1019 1520/172/1018
f 1513/172/1011 1501/172/995 1515/172/1013 1521/172/1019
f 1522/172/1020 1523/172/1021 1524/172/1022 1525/172/1023
f 1523/172/1021 1526/172/1024 1527/172/1025 1524/172/1022
f 1526/172/1024 1528/172/1026 1529/172/1027 1527/172/1025
f 1528/172/1026 1530/172/1028 1531/172/1029 1529/172/1027
f 1530/172/1028 1532/172/1030 1533/172/1031 1531/172/1029
f 1532/172/1030 1534/172/1032 1535/172/1033 1533/172/1031
f 1534/172/1032 1536/172/1034 1537/172/1035 1535/172/1033
f 1536/172/1034 1522/172/1020 1525/172/1023 1537/172/1035
f 1525/172/1023 1524/172/1022 1538/172/1036 1539/172/1037
f 1524/172/1022 1527/172/1025 1540/172/1038 1538/172/1036
f 1527/172/1025 1529/172/1027 1541/172/1039 1540/172/1038
f 1529/172/1027 1531/172/1029 1542/172/1040 1541/172/1039
f 1531/172/1029 1533/172/1031 1543/172/1041 1542/172/1040
f 1533/172/1031 1535/172/1033 1544/172/1033 1543/172/1041
f 1535/172/1033 1537/172/1035 1545/172/1042 1544/172/1033
f 1537/172/1035 1525/172/1023 1539/172/1037 1545/172/1042
f 1539/172/1037 1538/172/1036 1546/172/1043 1547/172/632
f 1538/172/1036 1540/172/1038 1548/172/1044 1546/172/1043
f 1540/172/1038 1541/172/1039 1549/172/1039 1548/172/1044
f 1541/172/1039 1542/172/1040 1550/172/575 1549/172/1039
f 1542/172/1040 1543/172/1041 1551/172/1045 1550/172/575
f 1543/172/1041 1544/172/1033 1552/172/1033 1551/172/1045
f 1544/172/1033 1545/172/1042 1553/172/1042 1552/172/1033
f 1545/172/1042 1539/172/1037 1547/172/632 1553/172/1042
f 1547/172/632 1546/172/1043 1554/172/1036 1555/172/632
f 1546/172/1043 1548/172/1044 1556/172/1038 1554/172/1036
f 1548/172/1044 1549/172/1039 1557/172/1046 1556/172/1038
f 1549/172/1039 1550/172/575 1558/172/575 1557/172/1046
f 1550/172/575 1551/172/1045 1559/172/1047 1558/172/575
f 1551/172/1045 1552/172/1033 1560/172/1048 1559/172/1047
f 1552/172/1033 1553/172/1042 1561/172/1049 1560/172/1048
f 1553/172/1042 1547/172/632 1555/172/632 1561/172/1049
f 1555/172/632 1554/172/1036 1562/172/1050 1563/172/632
f 1554/172/1036 1556/172/1038 1564/172/1051 1562/172/1050
f 1556/172/1038 1557/172/1046 1565/172/1052 1564/172/1051
f 1557/172/1046 1558/172/575 1566/172/575 1565/172/1052
f 1558/172/575 1559/172/1047 1567/172/1053 1566/172/575
f 1559/172/1047 1560/172/1048 1568/172/1054 1567/172/1053
f 1560/172/1048 1561/172/1049 1569/172/1055 1568/172/1054
f 1561/172/1049 1555/172/632 1563/172/632 1569/172/1055
f 1563/172/632 1562/172/1050 1570/172/1056 1571/172/632
f 1562/172/1050 1564/172/1051 1572/172/1057 1570/172/1056
f 1564/172/1051 1565/172/1052 1573/172/1058 1572/172/1057
f 1565/172/1052 1566/172/575 1574/172/575 1573/172/1058
f 1566/172/575 1567/172/1053 1575/172/1059 1574/172/575
f 1567/172/1053 1568/172/1054 1576/172/1060 1575/172/1059
f 1568/172/1054 1569/172/1055 1577/172/1061 1576/172/1060
f 1569/172/1055 1563/172/632 1571/172/632 1577/172/1061
f 1578/172/632 1571/172/632 1570/172/1056 1579/172/1062
f 1579/172/1062 1570/172/1056 1572/172/1057 1580/172/1063
f 1580/172/1063 1572/172/1057 1573/172/1058 1581/172/1064
f 1581/172/1064 1573/172/1058 1574/172/575 1582/172/575
f 1582/172/575 1574/172/575 1575/172/1059 1583/172/1065
f 1583/172/1065 1575/172/1059 1576/172/1060 1584/172/1066
f 1584/172/1066 1576/172/1060 1577/172/1061 1585/172/1067
f 1585/172/1067 1577/172/1061 1571/172/632 1578/172/632
f 1579/172/1062 1586/172/1068 1587/172/632 1578/172/632
f 1586/172/1068 1588/172/1069 1589/172/632 1587/172/632
f 1580/172/1063 1590/172/1070 1586/172/1068 1579/172/1062
f 1590/172/1070 1591/172/1071 1588/172/1069 1586/172/1068
f 1581/172/1064 1592/172/1072 1590/172/1070 1580/172/1063
f 1592/172/1072 1593/172/1073 1591/172/1071 1590/172/1070
f 1582/172/575 1594/172/575 1592/172/1072 1581/172/1064
f 1594/172/575 1595/172/575 1593/172/1073 1592/172/1072
f 1583/172/1065 1596/172/1074 1594/172/575 1582/172/575
f 1596/172/1074 1597/172/1075 1595/172/575 1594/172/575
f 1584/172/1066 1598/172/1076 1596/172/1074 1583/172/1065
f 1598/172/1076 1599/172/1077 1597/172/1075 1596/172/1074
f 1585/172/1067 1600/172/1078 1598/172/1076 1584/172/1066
f 1600/172/1078 1601/172/1079 1599/172/1077 1598/172/1076
f 1578/172/632 1587/172/632 1600/172/1078 1585/172/1067
f 1587/172/632 1589/172/632 1601/172/1079 1600/172/1078
f 1602/172/1080 1603/172/1081 1604/172/1082 1605/172/1083
f 1605/172/1083 1604/172/1082 1606/172/1084 1607/172/1085
f 1607/172/1086 1606/172/1084 1608/172/1087 1609/172/1088
f 1609/172/1088 1608/172/1087 1610/172/1089 1611/172/1090
f 1611/172/1090 1610/172/1089 1612/172/1091 1613/172/1092
f 1613/172/1092 1612/172/1091 1614/172/1093 1615/172/1094
f 1615/172/1094 1614/172/1093 1616/172/1095 1617/172/1096
f 1617/172/1097 1616/172/1098 1603/172/1099 1602/172/1100
f 1603/172/1081 1618/172/1101 1619/172/1102 1604/172/1082
f 1604/172/1082 1619/172/1102 1620/172/1103 1606/172/1084
f 1606/172/1084 1620/172/1103 1621/172/1104 1608/172/1087
f 1608/172/1087 1621/172/1104 1622/172/1105 1610/172/1089
f 1610/172/1089 1622/172/1105 1623/172/1106 1612/172/1091
f 1612/172/1091 1623/172/1106 1624/172/1107 1614/172/1093
f 1614/172/1093 1624/172/1107 1625/172/1108 1616/172/1095
f 1616/172/1095 1625/172/1108 1618/172/1101 1603/172/1081
f 1618/172/1101 1626/172/1109 1627/172/1110 1619/172/1102
f 1619/172/1102 1627/172/1110 1628/172/1111 1620/172/1103
f 1620/172/1103 1628/172/1111 1629/172/1112 1621/172/1104
f 1621/172/1104 1629/172/1112 1630/172/1113 1622/172/1105
f 1622/172/1105 1630/172/1113 1631/172/1114 1623/172/1106
f 1623/172/1106 1631/172/1114 1632/172/1115 1624/172/1107
f 1624/172/1107 1632/172/1115 1633/172/1116 1625/172/1108
f 1625/172/1108 1633/172/1116 1626/172/1109 1618/172/1101
f 1626/172/1109 1634/172/1117 1635/172/1118 1627/172/1110
f 1627/172/1110 1635/172/1118 1636/172/1119 1628/172/1111
f 1628/172/1111 1636/172/1119 1637/172/1120 1629/172/1112
f 1629/172/1112 1637/172/1120 1638/172/1121 1630/172/1113
f 1630/172/1113 1638/172/1121 1639/172/1122 1631/172/1114
f 1631/172/1114 1639/172/1122 1640/172/1123 1632/172/1115
f 1632/172/1115 1640/172/1123 1641/172/1124 1633/172/1116
f 1633/172/1116 1641/172/1124 1634/172/1117 1626/172/1109
f 1634/172/1117 1642/172/1125 1643/172/1126 1635/172/1118
f 1635/172/1118 1643/172/1126 1644/172/1127 1636/172/1119
f 1636/172/1119 1644/172/1127 1645/172/1128 1637/172/1120
f 1637/172/1120 1645/172/1128 1646/172/1129 1638/172/1121
f 1638/172/1121 1646/172/1129 1647/172/1130 1639/172/1122
f 1639/172/1122 1647/172/1130 1648/172/1131 1640/172/1123
f 1640/172/1123 1648/172/1131 1649/172/1132 1641/172/1124
f 1641/172/1124 1649/172/1132 1642/172/1125 1634/172/1117
f 1642/172/1125 1650/172/1133 1651/172/1134 1643/172/1126
f 1643/172/1126 1651/172/1134 1652/172/1135 1644/172/1127
f 1644/172/1127 1652/172/1136 1653/172/1137 1645/172/1128
f 1645/172/1128 1653/172/1137 1654/172/1138 1646/172/1129
f 1646/172/1129 1654/172/1138 1655/172/1139 1647/172/1130
f 1647/172/1130 1655/172/1139 1656/172/1140 1648/172/1131
f 1648/172/1131 1656/172/1140 1657/172/1141 1649/172/1132
f 1649/172/1142 1657/172/1143 1650/172/1144 1642/172/1145
f 1650/172/1133 1658/172/1146 1659/172/1147 1651/172/1134
f 1651/172/1134 1659/172/1147 1660/172/1148 1652/172/1135
f 1652/172/1136 1660/172/1149 1661/172/1150 1653/172/1137
f 1653/172/1137 1661/172/1150 1662/172/1151 1654/172/1138
f 1654/172/1138 1662/172/1151 1663/172/1152 1655/172/1139
f 1655/172/1139 1663/172/1152 1664/172/1153 1656/172/1140
f 1656/172/1140 1664/172/1153 1665/172/1154 1657/172/1141
f 1657/172/1143 1665/172/1155 1658/172/1156 1650/172/1144
f 1658/172/1146 1506/172/1001 1504/172/999 1659/172/1147
f 1659/172/1147 1504/172/999 1502/172/998 1660/172/1148
f 1660/172/1149 1502/172/996 1499/172/993 1661/172/1150
f 1661/172/1150 1499/172/993 1498/172/992 1662/172/1151
f 1662/172/1151 1498/172/992 1512/172/1010 1663/172/1152
f 1663/172/1152 1512/172/1010 1510/172/1007 1664/172/1153
f 1664/172/1153 1510/172/1007 1508/172/1006 1665/172/1154
f 1665/172/1155 1508/172/1004 1506/172/1003 1658/172/1156
f 1613/172/1092 1666/172/1157 1667/172/1158 1611/172/1090
f 1611/172/1090 1667/172/1158 1668/172/1159 1609/172/1088
f 1609/172/1088 1668/172/1159 1669/172/1160 1607/172/1086
f 1607/172/1085 1669/172/1161 1670/172/1162 1605/172/1083
f 1605/172/1083 1670/172/1162 1671/172/1163 1602/172/1080
f 1602/172/1100 1671/172/1164 1672/172/1165 1617/172/1097
f 1617/172/1096 1672/172/1166 1673/172/1167 1615/172/1094
f 1615/172/1094 1673/172/1167 1666/172/1157 1613/172/1092
f 1674/335/1168 1675/336/1169 1676/277/1170 1677/337/1171
f 1677/337/1171 1676/277/1170 1678/338/1172 1679/339/1173
f 1675/335/1169 1680/336/1174 1681/277/1175 1676/337/1170
f 1676/337/1170 1681/277/1175 1682/338/1176 1678/339/1172
f 1680/335/1174 1683/336/1177 1684/277/1178 1681/337/1175
f 1681/337/1175 1684/277/1178 1685/338/1179 1682/339/1176
f 1683/335/1177 1686/336/1180 1687/277/1181 1684/337/1178
f 1684/337/1178 1687/277/1181 1688/338/1182 1685/339/1179
f 1686/335/1180 1689/336/1183 1690/277/1184 1687/337/1181
f 1687/337/1181 1690/277/1184 1691/338/1185 1688/339/1182
f 1692/335/1186 1674/336/1168 1677/277/1171 1693/337/1187
f 1693/337/1187 1677/277/1171 1679/338/1173 1694/339/1188
f 1695/172/1189 1696/172/1190 1697/172/1191 1698/172/1192
f 1696/172/1190 1691/172/1185 1699/172/1193 1697/172/1191
f 1700/172/1194 1701/172/1195 1696/172/1190 1695/172/1189
f 1701/172/1195 1688/172/1182 1691/172/1185 1696/172/1190
f 1702/172/1196 1703/172/1197 1701/172/1195 1700/172/1194
f 1703/172/1197 1685/172/1179 1688/172/1182 1701/172/1195
f 1704/172/1198 1705/172/1199 1703/172/1197 1702/172/1196
f 1705/172/1199 1682/172/1176 1685/172/1179 1703/172/1197
f 1706/172/1200 1707/172/1201 1705/172/1199 1704/172/1198
f 1707/172/1201 1678/172/1172 1682/172/1176 1705/172/1199
f 1708/172/1202 1709/172/1203 1707/172/1201 1706/172/1200
f 1709/172/1203 1679/172/1173 1678/172/1172 1707/172/1201
f 1710/172/1204 1711/172/1205 1709/172/1203 1708/172/1202
f 1711/172/1205 1694/172/1188 1679/172/1173 1709/172/1203
f 1698/172/1192 1697/172/1191 1711/172/1205 1710/172/1204
f 1697/172/1191 1699/172/1193 1694/172/1188 1711/172/1205
f 1689/172/1183 1712/172/1206 1713/172/1207 1714/172/1208
f 1712/172/1206 1523/172/1021 1522/172/1020 1713/172/1207
f 1686/172/1180 1715/172/1209 1712/172/1206 1689/172/1183
f 1715/172/1209 1526/172/1024 1523/172/1021 1712/172/1206
f 1683/172/1177 1716/172/1210 1715/172/1209 1686/172/1180
f 1716/172/1210 1528/172/1026 1526/172/1024 1715/172/1209
f 1680/172/1174 1717/172/1211 1716/172/1210 1683/172/1177
f 1717/172/1211 1530/172/1028 1528/172/1026 1716/172/1210
f 1675/172/1169 1718/172/1212 1717/172/1211 1680/172/1174
f 1718/172/1212 1532/172/1030 1530/172/1028 1717/172/1211
f 1674/172/1168 1719/172/1213 1718/172/1212 1675/172/1169
f 1719/172/1213 1534/172/1032 1532/172/1030 1718/172/1212
f 1692/172/1186 1720/172/1214 1719/172/1213 1674/172/1168
f 1720/172/1214 1536/172/1034 1534/172/1032 1719/172/1213
f 1714/172/1208 1713/172/1207 1720/172/1214 1692/172/1186
f 1713/172/1207 1522/172/1020 1536/172/1034 1720/172/1214
f 1721/335/1215 1722/335/1216 858/336/1217 1723/336/1218
f 1722/335/1216 1689/335/1183 1714/336/1208 858/336/1217
f 1723/336/1218 858/340/1217 1724/339/1219 1725/339/1220
f 858/340/1217 1714/338/1208 1692/339/1186 1724/339/1219
f 1725/339/1220 1724/339/1219 1726/337/1221 1727/337/1222
f 1724/339/1219 1692/339/1186 1693/337/1187 1726/337/1221
f 1727/337/1222 1726/337/1221 1728/335/1223 1729/335/1224
f 1726/337/1221 1693/337/1187 1694/335/1188 1728/335/1223
f 1729/335/1224 1728/335/1223 1730/336/1225 1731/336/1226
f 1728/335/1223 1694/335/1188 1699/336/1193 1730/336/1225
f 1731/336/1226 1730/340/1225 1732/339/1227 1733/339/1228
f 1730/340/1225 1699/338/1193 1691/339/1185 1732/339/1227
f 1733/339/1228 1732/339/1227 1734/337/1229 1735/337/1230
f 1732/339/1227 1691/339/1185 1690/337/1184 1734/337/1229
f 1735/337/1230 1734/337/1229 1722/335/1216 1721/335/1215
f 1734/337/1229 1690/337/1184 1689/335/1183 1722/335/1216
f 1731/336/1226 1733/339/1228 1736/172/1231 1737/178/1232
f 1733/339/1228 1735/337/1230 1738/173/1233 1736/172/1231
f 1735/337/1230 1721/335/1215 1739/176/1234 1738/173/1233
f 1721/335/1215 1723/336/1218 1740/178/1235 1739/176/1234
f 1723/336/1218 1725/339/1220 1741/172/1236 1740/178/1235
f 1725/339/1220 1727/337/1222 1742/173/1237 1741/172/1236
f 1727/337/1222 1729/335/1224 1743/176/1238 1742/173/1237
f 1729/335/1224 1731/336/1226 1737/178/1232 1743/176/1238
f 1737/178/1232 1736/172/1231 1744/172/1239 1745/178/1240
f 1736/172/1231 1738/173/1233 1746/173/1241 1744/172/1239
f 1738/173/1233 1739/176/1234 1747/176/1242 1746/173/1241
f 1739/176/1234 1740/178/1235 1748/178/1243 1747/176/1242
f 1740/178/1235 1741/172/1236 1749/172/1244 1748/178/1243
f 1741/172/1236 1742/173/1237 1750/173/1245 1749/172/1244
f 1742/173/1237 1743/176/1238 1751/176/1246 1750/173/1245
f 1743/176/1238 1737/178/1232 1745/178/1240 1751/176/1246
f 1751/176/1246 1745/178/1240 1752/277/632 1750/173/1245
f 1750/173/1245 1752/277/632 1748/178/1243 1749/172/1244
f 1747/176/1242 1748/178/1243 1752/277/632 1746/173/1241
f 1746/173/1241 1752/277/632 1745/178/1240 1744/172/1239
f 1753/335/1247 1754/336/1248 1755/277/1249 1756/337/1250
f 1756/337/1250 1755/277/1249 1757/338/1251 1758/339/1252
f 1754/335/1248 1759/336/1253 1760/277/1254 1755/337/1249
f 1755/337/1249 1760/277/1254 1761/338/1255 1757/339/1251
f 1759/335/1253 1762/336/1256 1763/277/1257 1760/337/1254
f 1760/337/1254 1763/277/1257 1764/338/1258 1761/339/1255
f 1762/335/1256 1765/336/1259 1766/277/1260 1763/337/1257
f 1763/337/1257 1766/277/1260 1767/338/1261 1764/339/1258
f 1765/335/1259 1768/336/1262 1769/277/1263 1766/337/1260
f 1766/337/1260 1769/277/1263 1770/338/1264 1767/339/1261
f 1771/335/1265 1753/336/1247 1756/277/1250 1772/337/1266
f 1772/337/1266 1756/277/1250 1758/338/1252 1773/339/1267
f 1774/172/1268 1770/172/1264 1775/172/1269 1776/172/1270
f 1777/172/1271 1767/172/1261 1770/172/1264 1774/172/1268
f 1778/172/1272 1764/172/1258 1767/172/1261 1777/172/1271
f 1779/172/1273 1761/172/1255 1764/172/1258 1778/172/1272
f 1780/172/1274 1757/172/1251 1761/172/1255 1779/172/1273
f 1781/172/1275 1758/172/1252 1757/172/1251 1780/172/1274
f 1782/172/1276 1773/172/1267 1758/172/1252 1781/172/1275
f 1776/172/1270 1775/172/1269 1773/172/1267 1782/172/1276
f 1768/172/1262 1783/172/1277 1784/172/1278 1785/172/1279
f 1765/172/1259 1786/172/1280 1783/172/1277 1768/172/1262
f 1762/172/1256 1787/172/1281 1786/172/1280 1765/172/1259
f 1759/172/1253 1788/172/1282 1787/172/1281 1762/172/1256
f 1754/172/1248 1789/172/1283 1788/172/1282 1759/172/1253
f 1753/172/1247 1790/172/1284 1789/172/1283 1754/172/1248
f 1771/172/1265 1791/172/1285 1790/172/1284 1753/172/1247
f 1785/172/1279 1784/172/1278 1791/172/1285 1771/172/1265
f 1792/335/1286 1793/335/1287 1794/336/1288 1795/336/1289
f 1793/335/1287 1768/335/1262 1785/336/1279 1794/336/1288
f 1795/336/1289 1794/340/1288 1796/339/1290 1797/339/1291
f 1794/340/1288 1785/338/1279 1771/339/1265 1796/339/1290
f 1797/339/1291 1796/339/1290 1798/337/1292 1799/337/1293
f 1796/339/1290 1771/339/1265 1772/337/1266 1798/337/1292
f 1799/337/1293 1798/337/1292 1800/335/1294 1801/335/1295
f 1798/337/1292 1772/337/1266 1773/335/1267 1800/335/1294
f 1801/335/1295 1800/335/1294 1802/336/1296 1803/336/1297
f 1800/335/1294 1773/335/1267 1775/336/1269 1802/336/1296
f 1803/336/1297 1802/340/1296 1804/339/1298 1805/339/1299
f 1802/340/1296 1775/338/1269 1770/339/1264 1804/339/1298
f 1805/339/1299 1804/339/1298 1806/337/1300 1807/337/1301
f 1804/339/1298 1770/339/1264 1769/337/1263 1806/337/1300
f 1807/337/1301 1806/337/1300 1793/335/1287 1792/335/1286
f 1806/337/1300 1769/337/1263 1768/335/1262 1793/335/1287
f 1803/336/1297 1805/339/1299 1808/172/1302 1809/178/1303
f 1805/339/1299 1807/337/1301 1810/173/1304 1808/172/1302
f 1807/337/1301 1792/335/1286 1811/176/1305 1810/173/1304
f 1792/335/1286 1795/336/1289 1812/178/1306 1811/176/1305
f 1795/336/1289 1797/339/1291 1813/172/1307 1812/178/1306
f 1797/339/1291 1799/337/1293 1814/173/1308 1813/172/1307
f 1799/337/1293 1801/335/1295 1815/176/1309 1814/173/1308
f 1801/335/1295 1803/336/1297 1809/178/1303 1815/176/1309
f 1809/178/1303 1808/172/1302 1816/172/1310 1817/178/1311
f 1808/172/1302 1810/173/1304 1818/173/1312 1816/172/1310
f 1810/173/1304 1811/176/1305 1819/176/1313 1818/173/1312
f 1811/176/1305 1812/178/1306 1820/178/1314 1819/176/1313
f 1812/178/1306 1813/172/1307 1821/172/1315 1820/178/1314
f 1813/172/1307 1814/173/1308 1822/173/1316 1821/172/1315
f 1814/173/1308 1815/176/1309 1823/176/1317 1822/173/1316
f 1815/176/1309 1809/178/1303 1817/178/1311 1823/176/1317
f 1823/176/1317 1817/178/1311 1824/277/117 1822/173/1316
f 1822/173/1316 1824/277/117 1820/178/1314 1821/172/1315
f 1819/176/1313 1820/178/1314 1824/277/117 1818/173/1312
f 1818/173/1312 1824/277/117 1817/178/1311 1816/172/1310
f 1702/172/1196 1700/172/1194 1786/172/1280 1787/172/1281
f 1700/172/1194 1695/172/1189 1783/172/1277 1786/172/1280
f 1695/172/1189 1698/172/1192 1784/172/1278 1783/172/1277
f 1698/172/1192 1710/172/1204 1791/172/1285 1784/172/1278
f 1710/172/1204 1708/172/1202 1790/172/1284 1791/172/1285
f 1708/172/1202 1706/172/1200 1789/172/1283 1790/172/1284
f 1706/172/1200 1704/172/1198 1788/172/1282 1789/172/1283
f 1704/172/1198 1702/172/1196 1787/172/1281 1788/172/1282
f 1781/172/1275 1780/172/1274 1519/172/1017 1520/172/1018
f 1780/172/1274 1779/172/1273 1518/172/1016 1519/172/1017
f 1779/172/1273 1778/172/1272 1517/172/1015 1518/172/1016
f 1778/172/1272 1777/172/1271 1516/172/1014 1517/172/1015
f 1777/172/1271 1774/172/1268 1514/172/1012 1516/172/1014
f 1774/172/1268 1776/172/1270 1515/172/1013 1514/172/1012
f 1776/172/1270 1782/172/1276 1521/172/1019 1515/172/1013
f 1782/172/1276 1781/172/1275 1520/172/1018 1521/172/1019
f 1825/172/1318 1826/172/1319 1827/172/1320 1828/172/1321
f 1828/172/1321 1827/172/1320 1829/172/1322 1830/172/1323
f 1830/172/1324 1829/172/1322 1831/172/1325 1832/172/1326
f 1832/172/1326 1831/172/1325 1833/172/1327 1834/172/1328
f 1834/172/1329 1833/172/1327 1835/172/1330 1836/172/1331
f 1836/172/1332 1835/172/1333 1837/172/1334 1838/172/1335
f 1838/172/1335 1837/172/1334 1839/172/1336 1840/172/1337
f 1840/172/1337 1839/172/1336 1826/172/1319 1825/172/1318
f 1826/172/1319 1841/172/1338 1842/172/1339 1827/172/1320
f 1827/172/1320 1842/172/1339 1843/172/1340 1829/172/1322
f 1829/172/1322 1843/172/1340 1844/172/1341 1831/172/1325
f 1831/172/1325 1844/172/1341 1845/172/1342 1833/172/1327
f 1833/172/1327 1845/172/1342 1846/172/1343 1835/172/1333
f 1835/172/1333 1846/172/1343 1847/172/1344 1837/172/1334
f 1837/172/1334 1847/172/1344 1848/172/1345 1839/172/1336
f 1839/172/1336 1848/172/1345 1841/172/1338 1826/172/1319
f 1849/172/1346 1850/172/1347 1851/172/1348 1852/172/1349
f 1852/172/1349 1851/172/1348 1853/172/1038 1854/172/1350
f 1854/172/1350 1853/172/1038 1855/172/1351 1856/172/1352
f 1856/172/1352 1855/172/1351 1857/172/1353 1858/172/1354
f 1858/172/1354 1857/172/1353 1859/172/1355 1860/172/1356
f 1860/172/1356 1859/172/1355 1861/172/1357 1862/172/1032
f 1862/172/1032 1861/172/1357 1863/172/1358 1864/172/1359
f 1864/172/1359 1863/172/1358 1850/172/1347 1849/172/1346
f 1850/172/1347 1865/172/1040 1866/172/1039 1851/172/1348
f 1851/172/1348 1866/172/1039 1867/172/1038 1853/172/1038
f 1853/172/1038 1867/172/1038 1868/172/1036 1855/172/1351
f 1855/172/1351 1868/172/1036 1869/172/1037 1857/172/1353
f 1857/172/1353 1869/172/1037 1870/172/1042 1859/172/1355
f 1859/172/1355 1870/172/1042 1871/172/1357 1861/172/1357
f 1861/172/1357 1871/172/1357 1872/172/1047 1863/172/1358
f 1863/172/1358 1872/172/1047 1865/172/1040 1850/172/1347
f 1865/172/1040 1873/172/575 1874/172/1039 1866/172/1039
f 1866/172/1039 1874/172/1039 1875/172/1038 1867/172/1038
f 1867/172/1038 1875/172/1038 1876/172/1036 1868/172/1036
f 1868/172/1036 1876/172/1036 1877/172/632 1869/172/1037
f 1869/172/1037 1877/172/632 1878/172/1042 1870/172/1042
f 1870/172/1042 1878/172/1042 1879/172/1357 1871/172/1357
f 1871/172/1357 1879/172/1357 1880/172/1047 1872/172/1047
f 1872/172/1047 1880/172/1047 1873/172/575 1865/172/1040
f 1873/172/575 1881/172/575 1882/172/1039 1874/172/1039
f 1874/172/1039 1882/172/1039 1883/172/1038 1875/172/1038
f 1875/172/1038 1883/172/1038 1884/172/1036 1876/172/1036
f 1876/172/1036 1884/172/1036 1885/172/632 1877/172/632
f 1877/172/632 1885/172/632 1886/172/1042 1878/172/1042
f 1878/172/1042 1886/172/1042 1887/172/1357 1879/172/1357
f 1879/172/1357 1887/172/1357 1888/172/1047 1880/172/1047
f 1880/172/1047 1888/172/1047 1881/172/575 1873/172/575
f 1881/172/575 1889/172/575 1890/172/1360 1882/172/1039
f 1882/172/1039 1890/172/1360 1891/172/1361 1883/172/1038
f 1883/172/1038 1891/172/1361 1892/172/1050 1884/172/1036
f 1884/172/1036 1892/172/1050 1893/172/632 1885/172/632
f 1885/172/632 1893/172/632 1894/172/1362 1886/172/1042
f 1886/172/1042 1894/172/1362 1895/172/1363 1887/172/1357
f 1887/172/1357 1895/172/1363 1896/172/1364 1888/172/1047
f 1888/172/1047 1896/172/1364 1889/172/575 1881/172/575
f 1889/172/575 1897/172/575 1898/172/1365 1890/172/1360
f 1890/172/1360 1898/172/1365 1899/172/1366 1891/172/1361
f 1891/172/1361 1899/172/1366 1900/172/1367 1892/172/1050
f 1892/172/1050 1900/172/1367 1901/172/632 1893/172/632
f 1893/172/632 1901/172/632 1902/172/1368 1894/172/1362
f 1894/172/1362 1902/172/1368 1903/172/1060 1895/172/1363
f 1895/172/1363 1903/172/1060 1904/172/1369 1896/172/1364
f 1896/172/1364 1904/172/1369 1897/172/575 1889/172/575
f 1905/172/575 1906/172/1064 1898/172/1365 1897/172/575
f 1906/172/1064 1907/172/1063 1899/172/1366 1898/172/1365
f 1907/172/1063 1908/172/1062 1900/172/1367 1899/172/1366
f 1908/172/1062 1909/172/632 1901/172/632 1900/172/1367
f 1909/172/632 1910/172/1370 1902/172/1368 1901/172/632
f 1910/172/1370 1911/172/1371 1903/172/1060 1902/172/1368
f 1911/172/1371 1912/172/1372 1904/172/1369 1903/172/1060
f 1912/172/1372 1905/172/575 1897/172/575 1904/172/1369
f 1906/172/1064 1905/172/575 1913/172/575 1914/172/1373
f 1914/172/1373 1913/172/575 1915/172/575 1916/172/1073
f 1907/172/1063 1906/172/1064 1914/172/1373 1917/172/1374
f 1917/172/1374 1914/172/1373 1916/172/1073 1918/172/1071
f 1908/172/1062 1907/172/1063 1917/172/1374 1919/172/1068
f 1919/172/1068 1917/172/1374 1918/172/1071 1920/172/1069
f 1909/172/632 1908/172/1062 1919/172/1068 1921/172/632
f 1921/172/632 1919/172/1068 1920/172/1069 1922/172/632
f 1910/172/1370 1909/172/632 1921/172/632 1923/172/1375
f 1923/172/1375 1921/172/632 1922/172/632 1924/172/1079
f 1911/172/1371 1910/172/1370 1923/172/1375 1925/172/1376
f 1925/172/1376 1923/172/1375 1924/172/1079 1926/172/1077
f 1912/172/1372 1911/172/1371 1925/172/1376 1927/172/1377
f 1927/172/1377 1925/172/1376 1926/172/1077 1928/172/1075
f 1905/172/575 1912/172/1372 1927/172/1377 1913/172/575
f 1913/172/575 1927/172/1377 1928/172/1075 1915/172/575
f 1929/172/1378 1930/172/1379 1931/172/1380 1932/172/1381
f 1930/172/1379 1933/172/1382 1934/172/1383 1931/172/1380
f 1933/172/1384 1935/172/1385 1936/172/1386 1934/172/1383
f 1935/172/1385 1937/172/1387 1938/172/1388 1936/172/1386
f 1937/172/1387 1939/172/1389 1940/172/1390 1938/172/1388
f 1939/172/1389 1941/172/1391 1942/172/1392 1940/172/1390
f 1941/172/1391 1943/172/1393 1944/172/1394 1942/172/1392
f 1943/172/1395 1929/172/1396 1932/172/1397 1944/172/1398
f 1932/172/1381 1931/172/1380 1945/172/1399 1946/172/1400
f 1931/172/1380 1934/172/1383 1947/172/1401 1945/172/1399
f 1934/172/1383 1936/172/1386 1948/172/1402 1947/172/1401
f 1936/172/1386 1938/172/1388 1949/172/1403 1948/172/1402
f 1938/172/1388 1940/172/1390 1950/172/1404 1949/172/1403
f 1940/172/1390 1942/172/1392 1951/172/1405 1950/172/1404
f 1942/172/1392 1944/172/1394 1952/172/1406 1951/172/1405
f 1944/172/1394 1932/172/1381 1946/172/1400 1952/172/1406
f 1946/172/1400 1945/172/1399 1953/172/1407 1954/172/1408
f 1945/172/1399 1947/172/1401 1955/172/1409 1953/172/1407
f 1947/172/1401 1948/172/1402 1956/172/1410 1955/172/1409
f 1948/172/1402 1949/172/1403 1957/172/1411 1956/172/1410
f 1949/172/1403 1950/172/1404 1958/172/1412 1957/172/1411
f 1950/172/1404 1951/172/1405 1959/172/1413 1958/172/1412
f 1951/172/1405 1952/172/1406 1960/172/1414 1959/172/1413
f 1952/172/1406 1946/172/1400 1954/172/1408 1960/172/1414
f 1954/172/1408 1953/172/1407 1961/172/1415 1962/172/1416
f 1953/172/1407 1955/172/1409 1963/172/1417 1961/172/1415
f 1955/172/1409 1956/172/1410 1964/172/1418 1963/172/1417
f 1956/172/1410 1957/172/1411 1965/172/1419 1964/172/1418
f 1957/172/1411 1958/172/1412 1966/172/1420 1965/172/1419
f 1958/172/1412 1959/172/1413 1967/172/1421 1966/172/1420
f 1959/172/1413 1960/172/1414 1968/172/1422 1967/172/1421
f 1960/172/1414 1954/172/1408 1962/172/1416 1968/172/1422
f 1962/172/1416 1961/172/1415 1969/172/1423 1970/172/1424
f 1961/172/1415 1963/172/1417 1971/172/1425 1969/172/1423
f 1963/172/1417 1964/172/1418 1972/172/1426 1971/172/1425
f 1964/172/1418 1965/172/1419 1973/172/1427 1972/172/1426
f 1965/172/1419 1966/172/1420 1974/172/1428 1973/172/1427
f 1966/172/1420 1967/172/1421 1975/172/1429 1974/172/1428
f 1967/172/1421 1968/172/1422 1976/172/1430 1975/172/1429
f 1968/172/1422 1962/172/1416 1970/172/1424 1976/172/1430
f 1970/172/1424 1969/172/1423 1977/172/1431 1978/172/1432
f 1969/172/1423 1971/172/1425 1979/172/1433 1977/172/1431
f 1971/172/1425 1972/172/1426 1980/172/1434 1979/172/1435
f 1972/172/1426 1973/172/1427 1981/172/1436 1980/172/1434
f 1973/172/1427 1974/172/1428 1982/172/1437 1981/172/1436
f 1974/172/1428 1975/172/1429 1983/172/1438 1982/172/1437
f 1975/172/1429 1976/172/1430 1984/172/1439 1983/172/1438
f 1976/172/1430 1970/172/1440 1978/172/1441 1984/172/1442
f 1978/172/1432 1977/172/1431 1985/172/1443 1986/172/1444
f 1977/172/1431 1979/172/1433 1987/172/1445 1985/172/1443
f 1979/172/1435 1980/172/1434 1988/172/1446 1987/172/1447
f 1980/172/1434 1981/172/1436 1989/172/1448 1988/172/1446
f 1981/172/1436 1982/172/1437 1990/172/1449 1989/172/1448
f 1982/172/1437 1983/172/1438 1991/172/1450 1990/172/1449
f 1983/172/1438 1984/172/1439 1992/172/1451 1991/172/1450
f 1984/172/1442 1978/172/1441 1986/172/1452 1992/172/1453
f 1986/172/1444 1985/172/1443 1832/172/1326 1834/172/1328
f 1985/172/1443 1987/172/1445 1830/172/1324 1832/172/1326
f 1987/172/1447 1988/172/1446 1828/172/1321 1830/172/1323
f 1988/172/1446 1989/172/1448 1825/172/1318 1828/172/1321
f 1989/172/1448 1990/172/1449 1840/172/1337 1825/172/1318
f 1990/172/1449 1991/172/1450 1838/172/1335 1840/172/1337
f 1991/172/1450 1992/172/1451 1836/172/1332 1838/172/1335
f 1992/172/1453 1986/172/1452 1834/172/1329 1836/172/1331
f 1939/172/1389 1937/172/1387 1667/172/1158 1666/172/1157
f 1937/172/1387 1935/172/1385 1668/172/1159 1667/172/1158
f 1935/172/1385 1933/172/1384 1669/172/1160 1668/172/1159
f 1933/172/1382 1930/172/1379 1670/172/1162 1669/172/1161
f 1930/172/1379 1929/172/1378 1671/172/1163 1670/172/1162
f 1929/172/1396 1943/172/1395 1672/172/1165 1671/172/1164
f 1943/172/1393 1941/172/1391 1673/172/1167 1672/172/1166
f 1941/172/1391 1939/172/1389 1666/172/1157 1673/172/1167
f 1993/335/1454 1994/337/1455 1995/277/1456 1996/336/1457
f 1994/337/1455 1997/339/1458 1998/338/1459 1995/277/1456
f 1996/335/1457 1995/337/1456 1999/277/1460 2000/336/1461
f 1995/337/1456 1998/339/1459 2001/338/1462 1999/277/1460
f 2000/335/1461 1999/337/1460 2002/277/1463 2003/336/1464
f 1999/337/1460 2001/339/1462 2004/338/1465 2002/277/1463
f 2003/335/1464 2002/337/1463 2005/277/1466 2006/336/1467
f 2002/337/1463 2004/339/1465 2007/338/1468 2005/277/1466
f 2006/335/1467 2005/337/1466 2008/277/1469 2009/336/1470
f 2005/337/1466 2007/339/1468 2010/338/1471 2008/277/1469
f 2011/335/1472 2012/337/1473 1994/277/1455 1993/336/1454
f 2012/337/1473 2013/339/1474 1997/338/1458 1994/277/1455
f 2014/172/1475 2015/172/1476 2016/172/1477 2017/172/1478
f 2017/172/1478 2016/172/1477 2018/336/1479 2010/338/1471
f 2019/172/1480 2014/172/1475 2017/172/1478 2020/172/1322
f 2020/172/1322 2017/172/1478 2010/338/1471 2007/338/1468
f 2021/172/1481 2019/172/1480 2020/172/1322 2022/172/1482
f 2022/172/1482 2020/172/1322 2007/338/1468 2004/338/1465
f 2023/172/1483 2021/172/1481 2022/172/1482 2024/172/1484
f 2024/172/1484 2022/172/1482 2004/338/1465 2001/338/1462
f 2025/172/1485 2023/172/1483 2024/172/1484 2026/172/1486
f 2026/172/1486 2024/172/1484 2001/338/1462 1998/338/1459
f 2027/172/1487 2025/172/1485 2026/172/1486 2028/172/1334
f 2028/172/1334 2026/172/1486 1998/338/1459 1997/339/1458
f 2029/172/1488 2027/172/1487 2028/172/1334 2030/172/1489
f 2030/172/1489 2028/172/1334 1997/339/1458 2013/339/1474
f 2015/172/1476 2029/172/1488 2030/172/1489 2016/172/1477
f 2016/172/1477 2030/172/1489 2013/339/1474 2018/336/1479
f 2009/336/1470 2031/336/1490 2032/172/1491 2033/172/1492
f 2033/172/1492 2032/172/1491 1849/172/1346 1852/172/1349
f 2006/336/1467 2009/336/1470 2033/172/1492 2034/172/1493
f 2034/172/1493 2033/172/1492 1852/172/1349 1854/172/1350
f 2003/336/1464 2006/336/1467 2034/172/1493 2035/172/1494
f 2035/172/1494 2034/172/1493 1854/172/1350 1856/172/1352
f 2000/336/1461 2003/336/1464 2035/172/1494 2036/172/1495
f 2036/172/1495 2035/172/1494 1856/172/1352 1858/172/1354
f 1996/336/1457 2000/336/1461 2036/172/1495 2037/172/1496
f 2037/172/1496 2036/172/1495 1858/172/1354 1860/172/1356
f 1993/335/1454 1996/336/1457 2037/172/1496 2038/172/1497
f 2038/172/1497 2037/172/1496 1860/172/1356 1862/172/1032
f 2011/335/1472 1993/335/1454 2038/172/1497 2039/172/1498
f 2039/172/1498 2038/172/1497 1862/172/1032 1864/172/1359
f 2031/336/1490 2011/335/1472 2039/172/1498 2032/172/1491
f 2032/172/1491 2039/172/1498 1864/172/1359 1849/172/1346
f 2040/335/1499 2041/336/1500 1026/336/1501 2042/335/1502
f 2042/335/1502 1026/336/1501 2031/336/1490 2009/335/1470
f 2041/336/1500 2043/339/1503 2044/339/1504 1026/340/1501
f 1026/340/1501 2044/339/1504 2011/339/1472 2031/338/1490
f 2043/339/1503 2045/337/1505 2046/337/1506 2044/339/1504
f 2044/339/1504 2046/337/1506 2012/337/1473 2011/339/1472
f 2045/337/1505 2047/335/1507 2048/335/1508 2046/337/1506
f 2046/337/1506 2048/335/1508 2013/335/1474 2012/337/1473
f 2047/335/1507 2049/336/1509 2050/336/1510 2048/335/1508
f 2048/335/1508 2050/336/1510 2018/336/1479 2013/335/1474
f 2049/336/1509 2051/339/1511 2052/339/1512 2050/340/1510
f 2050/340/1510 2052/339/1512 2010/339/1471 2018/338/1479
f 2051/339/1511 2053/337/1513 2054/337/1514 2052/339/1512
f 2052/339/1512 2054/337/1514 2008/337/1469 2010/339/1471
f 2053/337/1513 2040/335/1499 2042/335/1502 2054/337/1514
f 2054/337/1514 2042/335/1502 2009/335/1470 2008/337/1469
f 2049/336/1509 2055/178/1515 2056/172/1516 2051/339/1511
f 2051/339/1511 2056/172/1516 2057/173/1517 2053/337/1513
f 2053/337/1513 2057/173/1517 2058/176/1518 2040/335/1499
f 2040/335/1499 2058/176/1518 2059/178/1519 2041/336/1500
f 2041/336/1500 2059/178/1519 2060/172/1520 2043/339/1503
f 2043/339/1503 2060/172/1520 2061/173/1521 2045/337/1505
f 2045/337/1505 2061/173/1521 2062/176/1522 2047/335/1507
f 2047/335/1507 2062/176/1522 2055/178/1515 2049/336/1509
f 2055/178/1515 2063/178/1523 2064/172/1524 2056/172/1516
f 2056/172/1516 2064/172/1524 2065/173/1525 2057/173/1517
f 2057/173/1517 2065/173/1525 2066/176/1526 2058/176/1518
f 2058/176/1518 2066/176/1526 2067/178/1527 2059/178/1519
f 2059/178/1519 2067/178/1527 2068/172/1528 2060/172/1520
f 2060/172/1520 2068/172/1528 2069/173/1529 2061/173/1521
f 2061/173/1521 2069/173/1529 2070/176/1530 2062/176/1522
f 2062/176/1522 2070/176/1530 2063/178/1523 2055/178/1515
f 2070/176/1530 2069/173/1529 2071/277/575 2063/178/1523
f 2069/173/1529 2068/172/1528 2067/178/1527 2071/277/575
f 2066/176/1526 2065/173/1525 2071/277/575 2067/178/1527
f 2065/173/1525 2064/172/1524 2063/178/1523 2071/277/575
f 2072/335/1531 2073/337/1532 2074/277/1533 2075/336/1534
f 2073/337/1532 2076/339/1535 2077/338/1536 2074/277/1533
f 2075/335/1534 2074/337/1533 2078/277/1537 2079/336/1538
f 2074/337/1533 2077/339/1536 2080/338/1539 2078/277/1537
f 2079/335/1538 2078/337/1537 2081/277/1540 2082/336/1541
f 2078/337/1537 2080/339/1539 2083/338/1542 2081/277/1540
f 2082/335/1541 2081/337/1540 2084/277/1543 2085/336/1544
f 2081/337/1540 2083/339/1542 2086/338/1545 2084/277/1543
f 2085/335/1544 2084/337/1543 2087/277/1546 2088/336/1547
f 2084/337/1543 2086/339/1545 2089/338/1548 2087/277/1546
f 2090/335/1549 2091/337/1550 2073/277/1532 2072/336/1531
f 2091/337/1550 2092/339/1551 2076/338/1535 2073/277/1532
f 2093/172/1552 2094/172/1553 2095/336/1554 2089/338/1548
f 2096/172/1555 2093/172/1552 2089/338/1548 2086/338/1545
f 2097/172/1556 2096/172/1555 2086/338/1545 2083/338/1542
f 2098/172/1557 2097/172/1556 2083/338/1542 2080/338/1539
f 2099/172/1558 2098/172/1557 2080/338/1539 2077/338/1536
f 2100/172/1559 2099/172/1558 2077/338/1536 2076/339/1535
f 2101/172/1560 2100/172/1559 2076/339/1535 2092/339/1551
f 2094/172/1553 2101/172/1560 2092/339/1551 2095/336/1554
f 2088/336/1547 2102/336/1561 2103/172/1562 2104/172/1563
f 2085/336/1544 2088/336/1547 2104/172/1563 2105/172/1564
f 2082/336/1541 2085/336/1544 2105/172/1564 2106/172/1565
f 2079/336/1538 2082/336/1541 2106/172/1565 2107/172/1566
f 2075/336/1534 2079/336/1538 2107/172/1566 2108/172/1567
f 2072/335/1531 2075/336/1534 2108/172/1567 2109/172/1568
f 2090/335/1549 2072/335/1531 2109/172/1568 2110/172/1569
f 2102/336/1561 2090/335/1549 2110/172/1569 2103/172/1562
f 2111/335/1570 2112/336/1571 2113/336/1572 2114/335/1573
f 2114/335/1573 2113/336/1572 2102/336/1561 2088/335/1547
f 2112/336/1571 2115/339/1574 2116/339/1575 2113/340/1572
f 2113/340/1572 2116/339/1575 2090/339/1549 2102/338/1561
f 2115/339/1574 2117/337/1576 2118/337/1577 2116/339/1575
f 2116/339/1575 2118/337/1577 2091/337/1550 2090/339/1549
f 2117/337/1576 2119/335/1578 2120/335/1579 2118/337/1577
f 2118/337/1577 2120/335/1579 2092/335/1551 2091/337/1550
f 2119/335/1578 2121/336/1580 2122/336/1581 2120/335/1579
f 2120/335/1579 2122/336/1581 2095/336/1554 2092/335/1551
f 2121/336/1580 2123/339/1582 2124/339/1583 2122/340/1581
f 2122/340/1581 2124/339/1583 2089/339/1548 2095/338/1554
f 2123/339/1582 2125/337/1584 2126/337/1585 2124/339/1583
f 2124/339/1583 2126/337/1585 2087/337/1546 2089/339/1548
f 2125/337/1584 2111/335/1570 2114/335/1573 2126/337/1585
f 2126/337/1585 2114/335/1573 2088/335/1547 2087/337/1546
f 2121/336/1580 2127/178/1586 2128/172/1587 2123/339/1582
f 2123/339/1582 2128/172/1587 2129/173/1588 2125/337/1584
f 2125/337/1584 2129/173/1588 2130/176/1589 2111/335/1570
f 2111/335/1570 2130/176/1589 2131/178/1590 2112/336/1571
f 2112/336/1571 2131/178/1590 2132/172/1591 2115/339/1574
f 2115/339/1574 2132/172/1591 2133/173/1592 2117/337/1576
f 2117/337/1576 2133/173/1592 2134/176/1593 2119/335/1578
f 2119/335/1578 2134/176/1593 2127/178/1586 2121/336/1580
f 2127/178/1586 2135/178/1594 2136/172/1595 2128/172/1587
f 2128/172/1587 2136/172/1595 2137/173/1596 2129/173/1588
f 2129/173/1588 2137/173/1596 2138/176/1597 2130/176/1589
f 2130/176/1589 2138/176/1597 2139/178/1598 2131/178/1590
f 2131/178/1590 2139/178/1598 2140/172/1599 2132/172/1591
f 2132/172/1591 2140/172/1599 2141/173/1600 2133/173/1592
f 2133/173/1592 2141/173/1600 2142/176/1601 2134/176/1593
f 2134/176/1593 2142/176/1601 2135/178/1594 2127/178/1586
f 2142/176/1601 2141/173/1600 2143/277/377 2135/178/1594
f 2141/173/1600 2140/172/1599 2139/178/1598 2143/277/377
f 2138/176/1597 2137/173/1596 2143/277/377 2139/178/1598
f 2137/173/1596 2136/172/1595 2135/178/1594 2143/277/377
f 2021/172/1481 2106/172/1565 2105/172/1564 2019/172/1480
f 2019/172/1480 2105/172/1564 2104/172/1563 2014/172/1475
f 2014/172/1475 2104/172/1563 2103/172/1562 2015/172/1476
f 2015/172/1476 2103/172/1562 2110/172/1569 2029/172/1488
f 2029/172/1488 2110/172/1569 2109/172/1568 2027/172/1487
f 2027/172/1487 2109/172/1568 2108/172/1567 2025/172/1485
f 2025/172/1485 2108/172/1567 2107/172/1566 2023/172/1483
f 2023/172/1483 2107/172/1566 2106/172/1565 2021/172/1481
f 2100/172/1559 1847/172/1344 1846/172/1343 2099/172/1558
f 2099/172/1558 1846/172/1343 1845/172/1342 2098/172/1557
f 2098/172/1557 1845/172/1342 1844/172/1341 2097/172/1556
f 2097/172/1556 1844/172/1341 1843/172/1340 2096/172/1555
f 2096/172/1555 1843/172/1340 1842/172/1339 2093/172/1552
f 2093/172/1552 1842/172/1339 1841/172/1338 2094/172/1553
f 2094/172/1553 1841/172/1338 1848/172/1345 2101/172/1560
f 2101/172/1560 1848/172/1345 1847/172/1344 2100/172/1559
f 2144/172/831 2145/172/575 2146/172/575 2147/172/830
f 2147/172/830 2146/172/575 2148/172/832 2149/172/831
f 2149/172/831 2148/172/832 2150/172/833 2151/172/834
f 2151/172/834 2150/172/833 2152/172/575 2153/172/830
f 2153/172/830 2152/172/575 2154/172/835 2155/172/830
f 2155/172/830 2154/172/835 2156/172/575 2157/172/830
f 2157/172/830 2156/172/575 2158/172/575 2159/172/830
f 2159/172/830 2158/172/575 2160/172/1602 2161/172/1603
f 2161/172/1603 2160/172/1602 2162/172/1604 2163/172/1605
f 2163/172/1605 2162/172/1604 2164/172/1606 2165/172/1607
f 2166/172/632 2167/172/818 2168/172/819 2169/172/632
f 2169/172/632 2168/172/819 2170/172/818 2171/172/820
f 2171/172/820 2170/172/818 2172/172/819 2173/172/821
f 2173/172/821 2172/172/819 2174/172/819 2175/172/632
f 2175/172/632 2174/172/819 2176/172/822 2177/172/823
f 2177/172/823 2176/172/822 2178/172/818 2179/172/632
f 2179/172/632 2178/172/818 2180/172/822 2181/172/632
f 2181/172/632 2180/172/822 2182/172/1608 2183/172/1609
f 2183/172/1609 2182/172/1608 2184/172/1610 2185/172/1611
f 2185/172/1611 2184/172/1610 2186/172/1612 2187/172/1613
f 2188/172/842 2144/172/831 2147/172/830 2189/172/843
f 2189/172/843 2147/172/830 2149/172/831 2190/172/843
f 2190/172/843 2149/172/831 2151/172/834 2191/172/844
f 2191/172/844 2151/172/834 2153/172/830 2192/172/843
f 2192/172/843 2153/172/830 2155/172/830 2193/172/843
f 2193/172/843 2155/172/830 2157/172/830 2194/172/843
f 2194/172/843 2157/172/830 2159/172/830 2195/172/843
f 2195/172/843 2159/172/830 2161/172/1603 2196/172/1614
f 2196/172/1614 2161/172/1603 2163/172/1605 2197/172/1615
f 2197/172/1615 2163/172/1605 2165/172/1607 2198/172/1616
f 2145/172/575 2199/172/862 2200/172/865 2146/172/575
f 2146/172/575 2200/172/865 2201/172/865 2148/172/832
f 2148/172/832 2201/172/865 2202/172/861 2150/172/833
f 2150/172/833 2202/172/861 2203/172/862 2152/172/575
f 2152/172/575 2203/172/862 2204/172/861 2154/172/835
f 2154/172/835 2204/172/861 2205/172/863 2156/172/575
f 2156/172/575 2205/172/863 2206/172/865 2158/172/575
f 2158/172/575 2206/172/865 2207/172/1617 2160/172/1602
f 2160/172/1602 2207/172/1617 2208/172/1618 2162/172/1604
f 2162/172/1604 2208/172/1618 2209/172/1619 2164/172/1606
f 2167/172/818 2188/172/842 2189/172/843 2168/172/819
f 2168/172/819 2189/172/843 2190/172/843 2170/172/818
f 2170/172/818 2190/172/843 2191/172/844 2172/172/819
f 2172/172/819 2191/172/844 2192/172/843 2174/172/819
f 2174/172/819 2192/172/843 2193/172/843 2176/172/822
f 2176/172/822 2193/172/843 2194/172/843 2178/172/818
f 2178/172/818 2194/172/843 2195/172/843 2180/172/822
f 2180/172/822 2195/172/843 2196/172/1614 2182/172/1608
f 2182/172/1608 2196/172/1614 2197/172/1615 2184/172/1610
f 2184/172/1610 2197/172/1615 2198/172/1616 2186/172/1612
f 2199/172/862 2210/172/856 2211/172/855 2200/172/865
f 2200/172/865 2211/172/855 2212/172/1620 2201/172/865
f 2201/172/865 2212/172/1620 2213/172/1620 2202/172/861
f 2202/172/861 2213/172/1620 2214/172/855 2203/172/862
f 2203/172/862 2214/172/855 2215/172/1620 2204/172/861
f 2204/172/861 2215/172/1620 2216/172/1621 2205/172/863
f 2205/172/863 2216/172/1621 2217/172/1620 2206/172/865
f 2206/172/865 2217/172/1620 2218/172/1622 2207/172/1617
f 2207/172/1617 2218/172/1622 2219/172/859 2208/172/1618
f 2208/172/1618 2219/172/859 2220/172/1623 2209/172/1619
f 2210/172/856 2221/172/849 2222/172/850 2211/172/855
f 2211/172/855 2222/172/850 2223/172/1624 2212/172/1620
f 2212/172/1620 2223/172/1624 2224/172/848 2213/172/1620
f 2213/172/1620 2224/172/848 2225/172/848 2214/172/855
f 2214/172/855 2225/172/848 2226/172/1624 2215/172/1620
f 2215/172/1620 2226/172/1624 2227/172/848 2216/172/1621
f 2216/172/1621 2227/172/848 2228/172/848 2217/172/1620
f 2217/172/1620 2228/172/848 2229/172/1625 2218/172/1622
f 2218/172/1622 2229/172/1625 2230/172/1626 2219/172/859
f 2219/172/859 2230/172/1626 2231/172/1627 2220/172/1623
f 2221/172/849 2166/172/632 2169/172/632 2222/172/850
f 2222/172/850 2169/172/632 2171/172/820 2223/172/1624
f 2223/172/1624 2171/172/820 2173/172/821 2224/172/848
f 2224/172/848 2173/172/821 2175/172/632 2225/172/848
f 2225/172/848 2175/172/632 2177/172/823 2226/172/1624
f 2226/172/1624 2177/172/823 2179/172/632 2227/172/848
f 2227/172/848 2179/172/632 2181/172/632 2228/172/848
f 2228/172/848 2181/172/632 2183/172/1609 2229/172/1625
f 2229/172/1625 2183/172/1609 2185/172/1611 2230/172/1626
f 2230/172/1626 2185/172/1611 2187/172/1613 2231/172/1627
f 2232/335/1628 2233/337/1629 2234/277/1630 2235/336/1631
f 2236/335/1632 2237/337/1633 2238/277/1634 2239/336/1635
f 2235/335/1631 2234/337/1630 2240/277/1636 2241/336/1637
f 2239/335/1635 2238/337/1634 2233/277/1629 2232/336/1628
f 2241/335/1637 2240/337/1636 2242/277/1638 2243/336/1639
f 2243/335/1639 2242/337/1638 2244/277/1640 2245/336/1641
f 2246/335/1642 2247/337/1643 2237/277/1633 2236/336/1632
f 2245/335/1641 2244/337/1640 2247/277/1643 2246/336/1642
f 2165/172/1607 2164/172/1606 2248/172/1644 2249/172/1645
f 2187/172/1613 2186/172/1612 2250/172/1646 2251/172/1647
f 2198/172/1616 2165/172/1607 2249/172/1645 2252/172/1648
f 2164/172/1606 2209/172/1619 2253/172/1649 2248/172/1644
f 2186/172/1612 2198/172/1616 2252/172/1648 2250/172/1646
f 2209/172/1619 2220/172/1623 2254/172/1650 2253/172/1649
f 2220/172/1623 2231/172/1627 2255/172/1651 2254/172/1650
f 2231/172/1627 2187/172/1613 2251/172/1647 2255/172/1651
f 2237/277/1633 2247/337/1643 2256/172/1652 2257/172/1653
f 2257/172/1653 2256/172/1652 2248/172/1644 2253/172/1649
f 2242/277/1638 2240/337/1636 2258/172/1654 2259/172/1655
f 2259/172/1655 2258/172/1654 2250/172/1646 2252/172/1648
f 2247/277/1643 2244/337/1640 2260/172/1656 2256/172/1652
f 2256/172/1652 2260/172/1656 2249/172/1645 2248/172/1644
f 2233/277/1629 2238/337/1634 2261/172/1657 2262/172/1658
f 2262/172/1658 2261/172/1657 2254/172/1650 2255/172/1651
f 2244/277/1640 2242/337/1638 2259/172/1655 2260/172/1656
f 2260/172/1656 2259/172/1655 2252/172/1648 2249/172/1645
f 2234/277/1630 2233/337/1629 2262/172/1658 2263/172/1659
f 2263/172/1659 2262/172/1658 2255/172/1651 2251/172/1647
f 2240/277/1636 2234/337/1630 2263/172/1659 2258/172/1654
f 2258/172/1654 2263/172/1659 2251/172/1647 2250/172/1646
f 2238/277/1634 2237/337/1633 2257/172/1653 2261/172/1657
f 2261/172/1657 2257/172/1653 2253/172/1649 2254/172/1650
f 2264/172/1660 2265/172/1661 2266/172/1662 2267/172/1663
f 2268/172/1664 2269/172/1665 2270/172/1666 2271/172/1667
f 2265/172/1661 2272/172/1668 2273/172/1669 2266/172/1662
f 2274/172/1670 2264/172/1660 2267/172/1663 2275/172/1671
f 2272/172/1668 2268/172/1664 2271/172/1667 2273/172/1669
f 2276/172/1672 2274/172/1670 2275/172/1671 2277/172/1673
f 2278/172/1674 2276/172/1672 2277/172/1673 2279/172/1675
f 2269/172/1665 2278/172/1674 2279/172/1675 2270/172/1666
f 2276/172/1672 2280/172/1676 2281/172/1677 2274/172/1670
f 2274/172/1670 2281/172/1677 2282/172/1678 2264/172/1660
f 2264/172/1660 2282/172/1678 2283/172/1679 2265/172/1661
f 2265/172/1661 2283/172/1679 2284/172/1680 2272/172/1668
f 2272/172/1668 2284/172/1680 2285/172/1681 2268/172/1664
f 2268/172/1664 2285/172/1681 2286/172/1682 2269/172/1665
f 2269/172/1665 2286/172/1682 2287/172/1683 2278/172/1674
f 2278/172/1674 2287/172/1683 2280/172/1676 2276/172/1672
f 2287/172/1683 2286/172/1682 2288/172/1684 2289/172/1685
f 2286/172/1682 2285/172/1681 2290/172/1686 2288/172/1684
f 2289/172/1685 2288/172/1684 2282/172/1678 2281/172/1677
f 2288/172/1684 2290/172/1686 2283/172/1679 2282/172/1678
f 2284/172/1680 2283/172/1679 2290/172/1686 2285/172/1681
f 2280/172/1676 2287/172/1683 2289/172/1685 2281/172/1677
f 2291/172/1687 2292/172/1688 2245/336/1641 2246/335/1642
f 2293/172/1689 2294/172/1690 2235/336/1631 2241/336/1637
f 2295/172/1691 2296/172/1692 2297/172/1693 2292/172/1688
f 2292/172/1688 2297/172/1693 2243/336/1639 2245/336/1641
f 2298/172/1694 2291/172/1687 2246/335/1642 2236/335/1632
f 2296/172/1692 2299/172/1695 2293/172/1689 2297/172/1693
f 2297/172/1693 2293/172/1689 2241/336/1637 2243/336/1639
f 2300/172/1696 2301/172/1697 2298/172/1694 2302/172/1698
f 2302/172/1698 2298/172/1694 2236/335/1632 2239/336/1635
f 2303/172/1699 2300/172/1696 2302/172/1698 2304/172/1700
f 2304/172/1700 2302/172/1698 2239/336/1635 2232/335/1628
f 2294/172/1690 2304/172/1700 2232/335/1628 2235/336/1631
f 2267/172/1663 2266/172/1662 2305/172/1701 2306/172/1702
f 2271/172/1667 2270/172/1666 2307/172/1703 2308/172/1704
f 2266/172/1662 2273/172/1669 2309/172/1705 2305/172/1701
f 2305/172/1701 2309/172/1705 2296/172/1692 2295/172/1691
f 2275/172/1671 2267/172/1663 2306/172/1702 2310/172/1706
f 2273/172/1669 2271/172/1667 2308/172/1704 2309/172/1705
f 2309/172/1705 2308/172/1704 2299/172/1695 2296/172/1692
f 2277/172/1673 2275/172/1671 2310/172/1706 2311/172/1707
f 2311/172/1707 2310/172/1706 2301/172/1697 2300/172/1696
f 2279/172/1675 2277/172/1673 2311/172/1707 2312/172/1708
f 2312/172/1708 2311/172/1707 2300/172/1696 2303/172/1699
f 2270/172/1666 2279/172/1675 2312/172/1708 2307/172/1703
f 2307/172/1703 2313/172/1709 2314/172/1710 2308/172/1704
f 2308/172/1704 2314/172/1710 2315/172/1711 2299/172/1695
f 2299/172/1695 2315/172/1711 2316/172/1712 2293/172/1689
f 2293/172/1689 2316/172/1712 2317/172/1713 2294/172/1690
f 2294/172/1690 2317/172/1713 2318/172/1714 2304/172/1700
f 2304/172/1700 2318/172/1714 2319/172/1715 2303/172/1699
f 2303/172/1699 2319/172/1715 2320/172/1716 2312/172/1708
f 2312/172/1708 2320/172/1716 2313/172/1709 2307/172/1703
f 2319/172/1715 2321/172/632 2322/172/632 2320/172/1716
f 2320/172/1716 2322/172/632 2323/172/632 2313/172/1709
f 2313/172/1709 2323/172/632 2324/172/632 2314/172/1710
f 2314/172/1710 2324/172/632 2325/172/632 2315/172/1711
f 2315/172/1711 2325/172/632 2326/172/632 2316/172/1712
f 2316/172/1712 2326/172/632 2327/172/632 2317/172/1713
f 2317/172/1713 2327/172/632 2328/172/632 2318/172/1714
f 2318/172/1714 2328/172/632 2321/172/632 2319/172/1715
f 2325/172/632 2329/172/982 2330/172/983 2326/172/632
f 2326/172/632 2330/172/983 2331/172/984 2327/172/632
f 2327/172/632 2331/172/984 2332/172/1717 2328/172/632
f 2328/172/632 2332/172/1717 2333/172/986 2321/172/632
f 2321/172/632 2333/172/986 2334/172/987 2322/172/632
f 2322/172/632 2334/172/987 2335/172/988 2323/172/632
f 2323/172/632 2335/172/988 2336/172/1718 2324/172/632
f 2324/172/632 2336/172/1718 2329/172/982 2325/172/632
f 2329/172/982 2337/172/967 2338/172/991 2330/172/983
f 2330/172/983 2338/172/991 2339/172/1719 2331/172/984
f 2331/172/984 2339/172/1719 2340/172/969 2332/172/1717
f 2332/172/1717 2340/172/969 2341/172/970 2333/172/986
f 2333/172/986 2341/172/970 2342/172/971 2334/172/987
f 2334/172/987 2342/172/971 2343/172/972 2335/172/988
f 2335/172/988 2343/172/972 2344/172/973 2336/172/1718
f 2336/172/1718 2344/172/973 2337/172/967 2329/172/982
f 2345/172/1720 2346/172/1721 2347/172/575 2348/172/575
f 2346/172/1721 2349/172/1722 2350/172/575 2347/172/575
f 2349/172/1722 2351/172/1723 2352/172/575 2350/172/575
f 2351/172/1723 2353/172/1724 2354/172/575 2352/172/575
f 2353/172/1724 2355/172/1725 2356/172/575 2354/172/575
f 2355/172/1725 2357/172/1726 2358/172/575 2356/172/575
f 2357/172/1726 2359/172/1727 2360/172/575 2358/172/575
f 2359/172/1727 2345/172/1720 2348/172/575 2360/172/575
f 2354/172/575 2356/172/575 2361/172/958 2362/172/959
f 2356/172/575 2358/172/575 2363/172/960 2361/172/958
f 2358/172/575 2360/172/575 2364/172/1728 2363/172/960
f 2360/172/575 2348/172/575 2365/172/962 2364/172/1728
f 2348/172/575 2347/172/575 2366/172/963 2365/172/962
f 2347/172/575 2350/172/575 2367/172/964 2366/172/963
f 2350/172/575 2352/172/575 2368/172/965 2367/172/964
f 2352/172/575 2354/172/575 2362/172/959 2368/172/965
f 2362/172/959 2361/172/958 2369/172/966 2370/172/967
f 2361/172/958 2363/172/960 2371/172/968 2369/172/966
f 2363/172/960 2364/172/1728 2372/172/969 2371/172/968
f 2364/172/1728 2365/172/962 2373/172/970 2372/172/969
f 2365/172/962 2366/172/963 2374/172/971 2373/172/970
f 2366/172/963 2367/172/964 2375/172/972 2374/172/971
f 2367/172/964 2368/172/965 2376/172/973 2375/172/972
f 2368/172/965 2362/172/959 2370/172/967 2376/172/973
f 2351/172/1723 2349/172/1722 2306/172/1702 2305/172/1701
f 2346/172/1721 2310/172/1706 2306/172/1702 2349/172/1722
f 2355/172/1725 2353/172/1724 2295/172/1691 2292/172/1688
f 2351/172/1723 2305/172/1701 2295/172/1691 2353/172/1724
f 2359/172/1727 2298/172/1694 2301/172/1697 2345/172/1720
f 2355/172/1725 2292/172/1688 2291/172/1687 2357/172/1726
f 2359/172/1727 2357/172/1726 2291/172/1687 2298/172/1694
f 2346/172/1721 2345/172/1720 2301/172/1697 2310/172/1706
f 2375/172/972 2376/172/973 2344/172/973 2343/172/972
f 2371/172/968 2372/172/969 2340/172/969 2339/172/1719
f 2374/172/971 2375/172/972 2343/172/972 2342/172/971
f 2337/172/967 2370/172/967 2369/172/966 2338/172/991
f 2338/172/991 2369/172/966 2371/172/968 2339/172/1719
f 2340/172/969 2372/172/969 2373/172/970 2341/172/970
f 2344/172/973 2376/172/973 2370/172/967 2337/172/967
f 2341/172/970 2373/172/970 2374/172/971 2342/172/971
f 2377/172/1729 2378/172/1730 2379/172/1731 2380/172/1732
f 2378/172/1730 2381/172/1733 2382/172/1734 2379/172/1731
f 2381/172/1733 2383/172/1735 2384/172/1736 2382/172/1734
f 2383/172/1735 2385/172/1737 2386/172/1738 2384/172/1736
f 2385/172/1737 2387/172/1739 2388/172/1740 2386/172/1738
f 2387/172/1739 2389/172/1741 2390/172/1742 2388/172/1740
f 2389/172/1741 2391/172/1743 2392/172/1744 2390/172/1742
f 2391/172/1743 2377/172/1729 2380/172/1732 2392/172/1744
f 2380/172/1732 2379/172/1731 2393/172/1745 2394/172/1732
f 2379/172/1731 2382/172/1734 2395/172/1746 2393/172/1745
f 2382/172/1734 2384/172/1736 2396/172/1736 2395/172/1746
f 2384/172/1736 2386/172/1738 2397/172/1738 2396/172/1736
f 2386/172/1738 2388/172/1740 2398/172/1747 2397/172/1738
f 2388/172/1740 2390/172/1742 2399/172/1748 2398/172/1747
f 2390/172/1742 2392/172/1744 2400/172/1749 2399/172/1748
f 2392/172/1744 2380/172/1732 2394/172/1732 2400/172/1749
f 2394/172/1732 2393/172/1745 2401/172/1750 2402/172/1751
f 2393/172/1745 2395/172/1746 2403/172/1752 2401/172/1750
f 2395/172/1746 2396/172/1736 2404/172/1753 2403/172/1752
f 2396/172/1736 2397/172/1738 2405/172/1754 2404/172/1753
f 2397/172/1738 2398/172/1747 2406/172/1755 2405/172/1754
f 2398/172/1747 2399/172/1748 2407/172/1756 2406/172/1755
f 2399/172/1748 2400/172/1749 2408/172/1757 2407/172/1756
f 2400/172/1749 2394/172/1732 2402/172/1751 2408/172/1757
f 2402/172/1751 2401/172/1750 2409/172/1758 2410/172/1759
f 2401/172/1750 2403/172/1752 2411/172/1760 2409/172/1758
f 2403/172/1752 2404/172/1753 2412/172/1761 2411/172/1760
f 2404/172/1753 2405/172/1754 2413/172/1762 2412/172/1761
f 2405/172/1754 2406/172/1755 2414/172/1763 2413/172/1762
f 2406/172/1755 2407/172/1756 2415/172/1764 2414/172/1763
f 2407/172/1756 2408/172/1757 2416/172/1765 2415/172/1764
f 2408/172/1757 2402/172/1751 2410/172/1759 2416/172/1765
f 2410/172/1759 2409/172/1758 2417/172/1766 2418/172/1767
f 2409/172/1758 2411/172/1760 2419/172/1768 2417/172/1766
f 2411/172/1760 2412/172/1761 2420/172/1769 2419/172/1768
f 2412/172/1761 2413/172/1762 2421/172/1770 2420/172/1769
f 2413/172/1762 2414/172/1763 2422/172/1771 2421/172/1770
f 2414/172/1763 2415/172/1764 2423/172/1772 2422/172/1771
f 2415/172/1764 2416/172/1765 2424/172/1773 2423/172/1772
f 2416/172/1765 2410/172/1759 2418/172/1767 2424/172/1773
f 2425/172/1774 2426/172/1775 2427/172/1776 2428/172/1777
f 2426/172/1775 2429/172/1778 2430/172/1779 2427/172/1776
f 2429/172/1778 2431/172/1780 2432/172/1781 2430/172/1779
f 2431/172/1780 2433/172/1782 2434/172/1783 2432/172/1781
f 2433/172/1782 2435/172/1784 2436/172/1785 2434/172/1783
f 2435/172/1784 2437/172/1786 2438/172/1787 2436/172/1785
f 2437/172/1786 2439/172/1788 2440/172/1789 2438/172/1787
f 2439/172/1788 2425/172/1774 2428/172/1777 2440/172/1789
f 2428/172/1777 2427/172/1776 2441/172/1790 2442/172/1791
f 2427/172/1776 2430/172/1779 2443/172/1792 2441/172/1790
f 2430/172/1779 2432/172/1781 2444/172/1793 2443/172/1792
f 2432/172/1781 2434/172/1783 2445/172/1794 2444/172/1793
f 2434/172/1783 2436/172/1785 2446/172/1795 2445/172/1794
f 2436/172/1785 2438/172/1787 2447/172/1796 2446/172/1795
f 2438/172/1787 2440/172/1789 2448/172/1797 2447/172/1796
f 2440/172/1789 2428/172/1777 2442/172/1791 2448/172/1797
f 2442/172/1791 2441/172/1790 2449/172/1798 2450/172/1799
f 2441/172/1790 2443/172/1792 2451/172/1800 2449/172/1798
f 2443/172/1792 2444/172/1793 2452/172/1801 2451/172/1800
f 2444/172/1793 2445/172/1794 2453/172/1802 2452/172/1801
f 2445/172/1794 2446/172/1795 2454/172/1803 2453/172/1802
f 2446/172/1795 2447/172/1796 2455/172/1804 2454/172/1803
f 2447/172/1796 2448/172/1797 2456/172/1805 2455/172/1804
f 2448/172/1797 2442/172/1791 2450/172/1799 2456/172/1805
f 2450/172/1799 2449/172/1798 2457/172/1806 2458/172/1807
f 2449/172/1798 2451/172/1800 2459/172/1808 2457/172/1806
f 2451/172/1800 2452/172/1801 2460/172/1809 2459/172/1808
f 2452/172/1801 2453/172/1802 2461/172/1810 2460/172/1809
f 2453/172/1802 2454/172/1803 2462/172/1811 2461/172/1810
f 2454/172/1803 2455/172/1804 2463/172/1812 2462/172/1811
f 2455/172/1804 2456/172/1805 2464/172/1813 2463/172/1812
f 2456/172/1805 2450/172/1799 2458/172/1807 2464/172/1813
f 2458/172/1807 2457/172/1806 2465/172/1814 2466/172/1815
f 2457/172/1806 2459/172/1808 2467/172/1816 2465/172/1814
f 2459/172/1808 2460/172/1809 2468/172/1817 2467/172/1816
f 2460/172/1809 2461/172/1810 2469/172/1818 2468/172/1817
f 2461/172/1810 2462/172/1811 2470/172/1819 2469/172/1818
f 2462/172/1811 2463/172/1812 2471/172/1820 2470/172/1819
f 2463/172/1812 2464/172/1813 2472/172/1821 2471/172/1820
f 2464/172/1813 2458/172/1807 2466/172/1815 2472/172/1821
f 2466/172/1815 2465/172/1814 2473/172/1822 2474/172/1823
f 2465/172/1814 2467/172/1816 2475/172/1824 2473/172/1822
f 2467/172/1816 2468/172/1817 2476/172/1825 2475/172/1824
f 2468/172/1817 2469/172/1818 2477/172/1826 2476/172/1825
f 2469/172/1818 2470/172/1819 2478/172/1827 2477/172/1826
f 2470/172/1819 2471/172/1820 2479/172/1828 2478/172/1827
f 2471/172/1820 2472/172/1821 2480/172/1829 2479/172/1828
f 2472/172/1821 2466/172/1815 2474/172/1823 2480/172/1829
f 2474/172/1823 2473/172/1822 2481/172/1830 2482/172/1831
f 2473/172/1822 2475/172/1824 2483/172/1832 2481/172/1830
f 2475/172/1824 2476/172/1825 2484/172/1833 2483/172/1832
f 2476/172/1825 2477/172/1826 2485/172/1834 2484/172/1833
f 2477/172/1826 2478/172/1827 2486/172/1835 2485/172/1834
f 2478/172/1827 2479/172/1828 2487/172/1836 2486/172/1835
f 2479/172/1828 2480/172/1829 2488/172/1837 2487/172/1836
f 2480/172/1829 2474/172/1823 2482/172/1831 2488/172/1837
f 2482/172/1831 2481/172/1830 2489/172/1838 2490/172/1839
f 2481/172/1830 2483/172/1832 2491/172/1840 2489/172/1838
f 2483/172/1832 2484/172/1833 2492/172/1841 2491/172/1840
f 2484/172/1833 2485/172/1834 2493/172/1842 2492/172/1841
f 2485/172/1834 2486/172/1835 2494/172/1843 2493/172/1842
f 2486/172/1835 2487/172/1836 2495/172/1844 2494/172/1843
f 2487/172/1836 2488/172/1837 2496/172/1845 2495/172/1844
f 2488/172/1837 2482/172/1831 2490/172/1839 2496/172/1845
f 2490/172/1839 2489/172/1838 2497/172/1846 2498/172/1847
f 2489/172/1838 2491/172/1840 2499/172/1848 2497/172/1846
f 2491/172/1840 2492/172/1841 2500/172/1849 2499/172/1848
f 2492/172/1841 2493/172/1842 2501/172/1850 2500/172/1849
f 2493/172/1842 2494/172/1843 2502/172/1851 2501/172/1850
f 2494/172/1843 2495/172/1844 2503/172/1852 2502/172/1851
f 2495/172/1844 2496/172/1845 2504/172/1853 2503/172/1852
f 2496/172/1845 2490/172/1839 2498/172/1847 2504/172/1853
f 2498/172/1847 2497/172/1846 2505/172/1854 2506/172/1855
f 2497/172/1846 2499/172/1848 2507/172/1856 2505/172/1854
f 2499/172/1848 2500/172/1849 2508/172/1857 2507/172/1856
f 2500/172/1849 2501/172/1850 2509/172/1858 2508/172/1857
f 2501/172/1850 2502/172/1851 2510/172/1859 2509/172/1858
f 2502/172/1851 2503/172/1852 2511/172/1860 2510/172/1859
f 2503/172/1852 2504/172/1853 2512/172/1861 2511/172/1860
f 2504/172/1853 2498/172/1847 2506/172/1855 2512/172/1861
f 2506/172/1855 2505/172/1854 2513/172/1862 2514/172/1863
f 2505/172/1854 2507/172/1856 2515/172/1864 2513/172/1862
f 2507/172/1856 2508/172/1857 2516/172/1865 2515/172/1864
f 2508/172/1857 2509/172/1858 2517/172/1866 2516/172/1865
f 2509/172/1858 2510/172/1859 2518/172/1867 2517/172/1866
f 2510/172/1859 2511/172/1860 2519/172/1868 2518/172/1867
f 2511/172/1860 2512/172/1861 2520/172/1869 2519/172/1868
f 2512/172/1861 2506/172/1855 2514/172/1863 2520/172/1869
f 2514/172/1863 2513/172/1862 2521/172/1870 2522/172/1871
f 2513/172/1862 2515/172/1864 2523/172/1872 2521/172/1870
f 2515/172/1864 2516/172/1865 2524/172/1873 2523/172/1872
f 2516/172/1865 2517/172/1866 2525/172/1874 2524/172/1873
f 2517/172/1866 2518/172/1867 2526/172/1875 2525/172/1874
f 2518/172/1867 2519/172/1868 2527/172/1876 2526/172/1875
f 2519/172/1868 2520/172/1869 2528/172/1877 2527/172/1876
f 2520/172/1869 2514/172/1863 2522/172/1871 2528/172/1877
f 2522/172/1871 2521/172/1870 2529/172/1878 2530/172/1879
f 2521/172/1870 2523/172/1872 2531/172/1880 2529/172/1878
f 2523/172/1872 2524/172/1873 2532/172/1881 2531/172/1880
f 2524/172/1873 2525/172/1874 2533/172/1882 2532/172/1881
f 2525/172/1874 2526/172/1875 2534/172/1883 2533/172/1882
f 2526/172/1875 2527/172/1876 2535/172/1884 2534/172/1883
f 2527/172/1876 2528/172/1877 2536/172/1885 2535/172/1884
f 2528/172/1877 2522/172/1871 2530/172/1879 2536/172/1885
f 2530/172/1879 2529/172/1878 2537/172/1886 2538/172/1887
f 2529/172/1878 2531/172/1880 2539/172/1888 2537/172/1886
f 2531/172/1880 2532/172/1881 2540/172/1889 2539/172/1888
f 2532/172/1881 2533/172/1882 2541/172/1890 2540/172/1889
f 2533/172/1882 2534/172/1883 2542/172/1891 2541/172/1890
f 2534/172/1883 2535/172/1884 2543/172/1892 2542/172/1891
f 2535/172/1884 2536/172/1885 2544/172/1893 2543/172/1892
f 2536/172/1885 2530/172/1879 2538/172/1887 2544/172/1893
f 2538/172/1887 2537/172/1886 2545/172/1894 2546/172/1895
f 2537/172/1886 2539/172/1888 2547/172/1896 2545/172/1894
f 2539/172/1888 2540/172/1889 2548/172/1897 2547/172/1896
f 2540/172/1889 2541/172/1890 2549/172/1898 2548/172/1897
f 2541/172/1890 2542/172/1891 2550/172/1899 2549/172/1898
f 2542/172/1891 2543/172/1892 2551/172/1900 2550/172/1899
f 2543/172/1892 2544/172/1893 2552/172/1901 2551/172/1900
f 2544/172/1893 2538/172/1887 2546/172/1895 2552/172/1901
f 2546/172/1895 2545/172/1894 2553/172/1902 2554/172/1903
f 2545/172/1894 2547/172/1896 2555/172/1904 2553/172/1902
f 2547/172/1896 2548/172/1897 2556/172/1905 2555/172/1904
f 2548/172/1897 2549/172/1898 2557/172/1906 2556/172/1905
f 2549/172/1898 2550/172/1899 2558/172/1907 2557/172/1906
f 2550/172/1899 2551/172/1900 2559/172/1908 2558/172/1907
f 2551/172/1900 2552/172/1901 2560/172/1909 2559/172/1908
f 2552/172/1901 2546/172/1895 2554/172/1903 2560/172/1909
f 2554/172/1903 2553/172/1902 2561/172/1910 2562/172/1911
f 2553/172/1902 2555/172/1904 2563/172/1912 2561/172/1910
f 2555/172/1904 2556/172/1905 2564/172/1913 2563/172/1912
f 2556/172/1905 2557/172/1906 2565/172/1914 2564/172/1913
f 2557/172/1906 2558/172/1907 2566/172/1915 2565/172/1914
f 2558/172/1907 2559/172/1908 2567/172/1916 2566/172/1915
f 2559/172/1908 2560/172/1909 2568/172/1917 2567/172/1916
f 2560/172/1909 2554/172/1903 2562/172/1911 2568/172/1917
f 2562/172/1911 2561/172/1910 2569/172/1918 2570/172/1919
f 2561/172/1910 2563/172/1912 2571/172/1920 2569/172/1918
f 2563/172/1912 2564/172/1913 2572/172/1921 2571/172/1920
f 2564/172/1913 2565/172/1914 2573/172/1922 2572/172/1921
f 2565/172/1914 2566/172/1915 2574/172/1923 2573/172/1922
f 2566/172/1915 2567/172/1916 2575/172/1924 2574/172/1923
f 2567/172/1916 2568/172/1917 2576/172/1925 2575/172/1924
f 2568/172/1917 2562/172/1911 2570/172/1919 2576/172/1925
f 2570/172/1919 2569/172/1918 2577/172/1926 2578/172/1927
f 2569/172/1918 2571/172/1920 2579/172/1928 2577/172/1926
f 2571/172/1920 2572/172/1921 2580/172/1929 2579/172/1928
f 2572/172/1921 2573/172/1922 2581/172/1930 2580/172/1929
f 2573/172/1922 2574/172/1923 2582/172/1931 2581/172/1930
f 2574/172/1923 2575/172/1924 2583/172/1932 2582/172/1931
f 2575/172/1924 2576/172/1925 2584/172/1933 2583/172/1932
f 2576/172/1925 2570/172/1919 2578/172/1927 2584/172/1933
f 2578/172/1927 2577/172/1926 2585/172/1934 2586/172/1935
f 2577/172/1926 2579/172/1928 2587/172/1936 2585/172/1934
f 2579/172/1928 2580/172/1929 2588/172/1937 2587/172/1936
f 2580/172/1929 2581/172/1930 2589/172/1938 2588/172/1937
f 2581/172/1930 2582/172/1931 2590/172/1939 2589/172/1938
f 2582/172/1931 2583/172/1932 2591/172/1940 2590/172/1939
f 2583/172/1932 2584/172/1933 2592/172/1941 2591/172/1940
f 2584/172/1933 2578/172/1927 2586/172/1935 2592/172/1941
f 2586/172/1935 2585/172/1934 2593/172/1942 2594/172/1943
f 2585/172/1934 2587/172/1936 2595/172/1944 2593/172/1942
f 2587/172/1936 2588/172/1937 2596/172/1945 2595/172/1944
f 2588/172/1937 2589/172/1938 2597/172/1946 2596/172/1945
f 2589/172/1938 2590/172/1939 2598/172/1947 2597/172/1946
f 2590/172/1939 2591/172/1940 2599/172/1948 2598/172/1947
f 2591/172/1940 2592/172/1941 2600/172/1949 2599/172/1948
f 2592/172/1941 2586/172/1935 2594/172/1943 2600/172/1949
f 2594/172/1943 2593/172/1942 2601/172/1950 2602/172/1951
f 2593/172/1942 2595/172/1944 2603/172/1952 2601/172/1950
f 2595/172/1944 2596/172/1945 2604/172/1953 2603/172/1952
f 2596/172/1945 2597/172/1946 2605/172/1954 2604/172/1953
f 2597/172/1946 2598/172/1947 2606/172/1955 2605/172/1954
f 2598/172/1947 2599/172/1948 2607/172/1956 2606/172/1955
f 2599/172/1948 2600/172/1949 2608/172/1957 2607/172/1956
f 2600/172/1949 2594/172/1943 2602/172/1951 2608/172/1957
f 2602/172/1951 2601/172/1950 2609/172/1958 2610/172/1959
f 2601/172/1950 2603/172/1952 2611/172/1960 2609/172/1958
f 2603/172/1952 2604/172/1953 2612/172/1961 2611/172/1960
f 2604/172/1953 2605/172/1954 2613/172/1962 2612/172/1961
f 2605/172/1954 2606/172/1955 2614/172/1963 2613/172/1962
f 2606/172/1955 2607/172/1956 2615/172/1964 2614/172/1963
f 2607/172/1956 2608/172/1957 2616/172/1965 2615/172/1964
f 2608/172/1957 2602/172/1951 2610/172/1959 2616/172/1965
f 2610/172/1959 2609/172/1958 2617/172/1966 2618/172/1967
f 2609/172/1958 2611/172/1960 2619/172/1968 2617/172/1966
f 2611/172/1960 2612/172/1961 2620/172/1969 2619/172/1968
f 2612/172/1961 2613/172/1962 2621/172/1970 2620/172/1969
f 2613/172/1962 2614/172/1963 2622/172/1971 2621/172/1970
f 2614/172/1963 2615/172/1964 2623/172/1972 2622/172/1971
f 2615/172/1964 2616/172/1965 2624/172/1973 2623/172/1972
f 2616/172/1965 2610/172/1959 2618/172/1967 2624/172/1973
f 2618/172/1967 2617/172/1966 2625/172/1974 2626/172/1975
f 2617/172/1966 2619/172/1968 2627/172/1976 2625/172/1974
f 2619/172/1968 2620/172/1969 2628/172/1977 2627/172/1976
f 2620/172/1969 2621/172/1970 2629/172/1978 2628/172/1977
f 2621/172/1970 2622/172/1971 2630/172/1979 2629/172/1978
f 2622/172/1971 2623/172/1972 2631/172/1980 2630/172/1979
f 2623/172/1972 2624/172/1973 2632/172/1981 2631/172/1980
f 2624/172/1973 2618/172/1967 2626/172/1975 2632/172/1981
f 2626/172/1975 2625/172/1974 2633/172/1982 2634/172/1983
f 2625/172/1974 2627/172/1976 2635/172/1984 2633/172/1982
f 2627/172/1976 2628/172/1977 2636/172/1985 2635/172/1984
f 2628/172/1977 2629/172/1978 2637/172/1986 2636/172/1985
f 2629/172/1978 2630/172/1979 2638/172/1987 2637/172/1986
f 2630/172/1979 2631/172/1980 2639/172/1988 2638/172/1987
f 2631/172/1980 2632/172/1981 2640/172/1989 2639/172/1988
f 2632/172/1981 2626/172/1975 2634/172/1983 2640/172/1989
f 2634/172/1983 2633/172/1982 2641/172/1990 2642/172/1991
f 2633/172/1982 2635/172/1984 2643/172/1992 2641/172/1990
f 2635/172/1984 2636/172/1985 2644/172/1993 2643/172/1992
f 2636/172/1985 2637/172/1986 2645/172/1994 2644/172/1993
f 2637/172/1986 2638/172/1987 2646/172/1995 2645/172/1994
f 2638/172/1987 2639/172/1988 2647/172/1996 2646/172/1995
f 2639/172/1988 2640/172/1989 2648/172/1997 2647/172/1996
f 2640/172/1989 2634/172/1983 2642/172/1991 2648/172/1997
f 2642/172/1991 2641/172/1990 2649/172/1998 2650/172/1999
f 2641/172/1990 2643/172/1992 2651/172/2000 2649/172/1998
f 2643/172/1992 2644/172/1993 2652/172/2001 2651/172/2000
f 2644/172/1993 2645/172/1994 2653/172/2002 2652/172/2001
f 2645/172/1994 2646/172/1995 2654/172/2003 2653/172/2002
f 2646/172/1995 2647/172/1996 2655/172/2004 2654/172/2003
f 2647/172/1996 2648/172/1997 2656/172/2005 2655/172/2004
f 2648/172/1997 2642/172/1991 2650/172/1999 2656/172/2005
f 2650/172/1999 2649/172/1998 2657/172/2006 2658/172/2007
f 2649/172/1998 2651/172/2000 2659/172/2008 2657/172/2006
f 2651/172/2000 2652/172/2001 2660/172/2009 2659/172/2008
f 2652/172/2001 2653/172/2002 2661/172/2010 2660/172/2009
f 2653/172/2002 2654/172/2003 2662/172/2011 2661/172/2010
f 2654/172/2003 2655/172/2004 2663/172/2012 2662/172/2011
f 2655/172/2004 2656/172/2005 2664/172/2013 2663/172/2012
f 2656/172/2005 2650/172/1999 2658/172/2007 2664/172/2013
f 2658/172/2007 2657/172/2006 2665/172/2014 2666/172/2015
f 2657/172/2006 2659/172/2008 2667/172/2016 2665/172/2014
f 2659/172/2008 2660/172/2009 2668/172/2017 2667/172/2016
f 2660/172/2009 2661/172/2010 2669/172/2018 2668/172/2017
f 2661/172/2010 2662/172/2011 2670/172/2019 2669/172/2018
f 2662/172/2011 2663/172/2012 2671/172/2020 2670/172/2019
f 2663/172/2012 2664/172/2013 2672/172/2021 2671/172/2020
f 2664/172/2013 2658/172/2007 2666/172/2015 2672/172/2021
f 2673/172/2022 2672/172/2021 2666/172/2015 2674/172/2023
f 2674/172/2023 2666/172/2015 2665/172/2014 2675/172/2024
f 2675/172/2024 2665/172/2014 2667/172/2016 2676/172/2025
f 2676/172/2025 2667/172/2016 2668/172/2017 2677/172/2026
f 2677/172/2026 2668/172/2017 2669/172/2018 2678/172/2027
f 2678/172/2027 2669/172/2018 2670/172/2019 2679/172/2028
f 2679/172/2028 2670/172/2019 2671/172/2020 2680/172/2029
f 2680/172/2029 2671/172/2020 2672/172/2021 2673/172/2022
f 2681/172/1737 2682/172/1738 2683/172/1736 2684/172/2030
f 2684/172/2030 2683/172/1736 2685/172/2031 2686/172/2032
f 2686/172/2032 2685/172/2031 2687/172/1731 2688/172/2033
f 2688/172/2033 2687/172/1731 2689/172/1732 2690/172/1729
f 2690/172/1729 2689/172/1732 2691/172/1744 2692/172/2034
f 2692/172/2034 2691/172/1744 2693/172/1742 2694/172/2035
f 2694/172/2035 2693/172/1742 2695/172/2036 2696/172/2037
f 2696/172/2037 2695/172/2036 2682/172/1738 2681/172/1737
f 2682/172/1738 2697/172/1738 2698/172/2030 2683/172/1736
f 2683/172/1736 2698/172/2030 2699/172/2038 2685/172/2031
f 2685/172/2031 2699/172/2038 2700/172/2039 2687/172/1731
f 2687/172/1731 2700/172/2039 2701/172/1732 2689/172/1732
f 2689/172/1732 2701/172/1732 2702/172/2040 2691/172/1744
f 2691/172/1744 2702/172/2040 2703/172/2041 2693/172/1742
f 2693/172/1742 2703/172/2041 2704/172/2042 2695/172/2036
f 2695/172/2036 2704/172/2042 2697/172/1738 2682/172/1738
f 2697/172/1738 2705/172/1754 2706/172/1736 2698/172/2030
f 2698/172/2030 2706/172/1736 2707/172/2031 2699/172/2038
f 2699/172/2038 2707/172/2031 2708/172/2039 2700/172/2039
f 2700/172/2039 2708/172/2039 2709/172/1751 2701/172/1732
f 2701/172/1732 2709/172/1751 2710/172/1757 2702/172/2040
f 2702/172/2040 2710/172/1757 2711/172/1756 2703/172/2041
f 2703/172/2041 2711/172/1756 2712/172/1747 2704/172/2042
f 2704/172/2042 2712/172/1747 2705/172/1754 2697/172/1738
f 2705/172/1754 2713/172/2043 2714/172/2044 2706/172/1736
f 2706/172/1736 2714/172/2044 2715/172/2045 2707/172/2031
f 2707/172/2031 2715/172/2045 2716/172/2046 2708/172/2039
f 2708/172/2039 2716/172/2046 2717/172/2047 2709/172/1751
f 2709/172/1751 2717/172/2047 2718/172/2048 2710/172/1757
f 2710/172/1757 2718/172/2048 2719/172/1748 2711/172/1756
f 2711/172/1756 2719/172/1748 2720/172/2049 2712/172/1747
f 2712/172/1747 2720/172/2049 2713/172/2043 2705/172/1754
f 2713/172/2043 2721/172/2050 2722/172/2051 2714/172/2044
f 2714/172/2044 2722/172/2051 2723/172/2052 2715/172/2045
f 2715/172/2045 2723/172/2052 2724/172/2053 2716/172/2046
f 2716/172/2046 2724/172/2053 2725/172/2054 2717/172/2047
f 2717/172/2047 2725/172/2054 2726/172/2055 2718/172/2048
f 2718/172/2048 2726/172/2055 2727/172/2056 2719/172/1748
f 2719/172/1748 2727/172/2056 2728/172/2057 2720/172/2049
f 2720/172/2049 2728/172/2057 2721/172/2050 2713/172/2043
f 2729/172/2058 2730/172/2059 2731/172/2060 2732/172/2061
f 2732/172/2061 2731/172/2060 2733/172/2062 2734/172/1778
f 2734/172/1778 2733/172/2062 2735/172/2063 2736/172/2064
f 2736/172/2064 2735/172/2063 2737/172/2065 2738/172/2066
f 2738/172/2066 2737/172/2065 2739/172/2067 2740/172/2068
f 2740/172/2068 2739/172/2067 2741/172/2069 2742/172/2070
f 2742/172/2070 2741/172/2069 2743/172/2071 2744/172/2072
f 2744/172/2072 2743/172/2071 2730/172/2059 2729/172/2058
f 2730/172/2059 2745/172/2073 2746/172/2074 2731/172/2060
f 2731/172/2060 2746/172/2074 2747/172/2075 2733/172/2062
f 2733/172/2062 2747/172/2075 2748/172/2076 2735/172/2063
f 2735/172/2063 2748/172/2076 2749/172/2077 2737/172/2065
f 2737/172/2065 2749/172/2077 2750/172/2078 2739/172/2067
f 2739/172/2067 2750/172/2078 2751/172/2079 2741/172/2069
f 2741/172/2069 2751/172/2079 2752/172/2080 2743/172/2071
f 2743/172/2071 2752/172/2080 2745/172/2073 2730/172/2059
f 2745/172/2073 2753/172/2081 2754/172/2082 2746/172/2074
f 2746/172/2074 2754/172/2082 2755/172/2083 2747/172/2075
f 2747/172/2075 2755/172/2083 2756/172/2084 2748/172/2076
f 2748/172/2076 2756/172/2084 2757/172/2085 2749/172/2077
f 2749/172/2077 2757/172/2085 2758/172/2086 2750/172/2078
f 2750/172/2078 2758/172/2086 2759/172/2087 2751/172/2079
f 2751/172/2079 2759/172/2087 2760/172/2088 2752/172/2080
f 2752/172/2080 2760/172/2088 2753/172/2081 2745/172/2073
f 2753/172/2081 2761/172/2089 2762/172/2090 2754/172/2082
f 2754/172/2082 2762/172/2090 2763/172/2091 2755/172/2083
f 2755/172/2083 2763/172/2091 2764/172/2092 2756/172/2084
f 2756/172/2084 2764/172/2092 2765/172/2093 2757/172/2085
f 2757/172/2085 2765/172/2093 2766/172/2094 2758/172/2086
f 2758/172/2086 2766/172/2094 2767/172/2095 2759/172/2087
f 2759/172/2087 2767/172/2095 2768/172/2096 2760/172/2088
f 2760/172/2088 2768/172/2096 2761/172/2089 2753/172/2081
f 2761/172/2089 2769/172/2097 2770/172/2098 2762/172/2090
f 2762/172/2090 2770/172/2098 2771/172/2099 2763/172/2091
f 2763/172/2091 2771/172/2099 2772/172/2100 2764/172/2092
f 2764/172/2092 2772/172/2100 2773/172/2101 2765/172/2093
f 2765/172/2093 2773/172/2101 2774/172/2102 2766/172/2094
f 2766/172/2094 2774/172/2102 2775/172/2103 2767/172/2095
f 2767/172/2095 2775/172/2103 2776/172/2104 2768/172/2096
f 2768/172/2096 2776/172/2104 2769/172/2097 2761/172/2089
f 2769/172/2097 2777/172/2105 2778/172/2106 2770/172/2098
f 2770/172/2098 2778/172/2106 2779/172/2107 2771/172/2099
f 2771/172/2099 2779/172/2107 2780/172/2108 2772/172/2100
f 2772/172/2100 2780/172/2108 2781/172/2109 2773/172/2101
f 2773/172/2101 2781/172/2109 2782/172/2110 2774/172/2102
f 2774/172/2102 2782/172/2110 2783/172/2111 2775/172/2103
f 2775/172/2103 2783/172/2111 2784/172/2112 2776/172/2104
f 2776/172/2104 2784/172/2112 2777/172/2105 2769/172/2097
f 2777/172/2105 2785/172/2113 2786/172/2114 2778/172/2106
f 2778/172/2106 2786/172/2114 2787/172/2115 2779/172/2107
f 2779/172/2107 2787/172/2115 2788/172/2116 2780/172/2108
f 2780/172/2108 2788/172/2116 2789/172/2117 2781/172/2109
f 2781/172/2109 2789/172/2117 2790/172/2118 2782/172/2110
f 2782/172/2110 2790/172/2118 2791/172/2119 2783/172/2111
f 2783/172/2111 2791/172/2119 2792/172/2120 2784/172/2112
f 2784/172/2112 2792/172/2120 2785/172/2113 2777/172/2105
f 2785/172/2113 2793/172/2121 2794/172/2122 2786/172/2114
f 2786/172/2114 2794/172/2122 2795/172/2123 2787/172/2115
f 2787/172/2115 2795/172/2123 2796/172/2124 2788/172/2116
f 2788/172/2116 2796/172/2124 2797/172/2125 2789/172/2117
f 2789/172/2117 2797/172/2125 2798/172/2126 2790/172/2118
f 2790/172/2118 2798/172/2126 2799/172/2127 2791/172/2119
f 2791/172/2119 2799/172/2127 2800/172/2128 2792/172/2120
f 2792/172/2120 2800/172/2128 2793/172/2121 2785/172/2113
f 2793/172/2121 2801/172/2129 2802/172/2130 2794/172/2122
f 2794/172/2122 2802/172/2130 2803/172/2131 2795/172/2123
f 2795/172/2123 2803/172/2131 2804/172/2132 2796/172/2124
f 2796/172/2124 2804/172/2132 2805/172/2133 2797/172/2125
f 2797/172/2125 2805/172/2133 2806/172/2134 2798/172/2126
f 2798/172/2126 2806/172/2134 2807/172/2135 2799/172/2127
f 2799/172/2127 2807/172/2135 2808/172/2136 2800/172/2128
f 2800/172/2128 2808/172/2136 2801/172/2129 2793/172/2121
f 2801/172/2129 2809/172/2137 2810/172/2138 2802/172/2130
f 2802/172/2130 2810/172/2138 2811/172/2139 2803/172/2131
f 2803/172/2131 2811/172/2139 2812/172/2140 2804/172/2132
f 2804/172/2132 2812/172/2140 2813/172/2141 2805/172/2133
f 2805/172/2133 2813/172/2141 2814/172/2142 2806/172/2134
f 2806/172/2134 2814/172/2142 2815/172/2143 2807/172/2135
f 2807/172/2135 2815/172/2143 2816/172/2144 2808/172/2136
f 2808/172/2136 2816/172/2144 2809/172/2137 2801/172/2129
f 2809/172/2137 2817/172/2145 2818/172/2146 2810/172/2138
f 2810/172/2138 2818/172/2146 2819/172/2147 2811/172/2139
f 2811/172/2139 2819/172/2147 2820/172/2148 2812/172/2140
f 2812/172/2140 2820/172/2148 2821/172/2149 2813/172/2141
f 2813/172/2141 2821/172/2149 2822/172/2150 2814/172/2142
f 2814/172/2142 2822/172/2150 2823/172/2151 2815/172/2143
f 2815/172/2143 2823/172/2151 2824/172/2152 2816/172/2144
f 2816/172/2144 2824/172/2152 2817/172/2145 2809/172/2137
f 2817/172/2145 2825/172/2153 2826/172/2154 2818/172/2146
f 2818/172/2146 2826/172/2154 2827/172/2155 2819/172/2147
f 2819/172/2147 2827/172/2155 2828/172/2156 2820/172/2148
f 2820/172/2148 2828/172/2156 2829/172/2157 2821/172/2149
f 2821/172/2149 2829/172/2157 2830/172/2158 2822/172/2150
f 2822/172/2150 2830/172/2158 2831/172/2159 2823/172/2151
f 2823/172/2151 2831/172/2159 2832/172/2160 2824/172/2152
f 2824/172/2152 2832/172/2160 2825/172/2153 2817/172/2145
f 2825/172/2153 2833/172/2161 2834/172/2162 2826/172/2154
f 2826/172/2154 2834/172/2162 2835/172/2163 2827/172/2155
f 2827/172/2155 2835/172/2163 2836/172/2164 2828/172/2156
f 2828/172/2156 2836/172/2164 2837/172/2165 2829/172/2157
f 2829/172/2157 2837/172/2165 2838/172/2166 2830/172/2158
f 2830/172/2158 2838/172/2166 2839/172/2167 2831/172/2159
f 2831/172/2159 2839/172/2167 2840/172/2168 2832/172/2160
f 2832/172/2160 2840/172/2168 2833/172/2161 2825/172/2153
f 2833/172/2161 2841/172/2169 2842/172/2170 2834/172/2162
f 2834/172/2162 2842/172/2170 2843/172/2171 2835/172/2163
f 2835/172/2163 2843/172/2171 2844/172/2172 2836/172/2164
f 2836/172/2164 2844/172/2172 2845/172/2173 2837/172/2165
f 2837/172/2165 2845/172/2173 2846/172/2174 2838/172/2166
f 2838/172/2166 2846/172/2174 2847/172/2175 2839/172/2167
f 2839/172/2167 2847/172/2175 2848/172/2176 2840/172/2168
f 2840/172/2168 2848/172/2176 2841/172/2169 2833/172/2161
f 2841/172/2169 2849/172/2177 2850/172/2178 2842/172/2170
f 2842/172/2170 2850/172/2178 2851/172/2179 2843/172/2171
f 2843/172/2171 2851/172/2179 2852/172/2180 2844/172/2172
f 2844/172/2172 2852/172/2180 2853/172/2181 2845/172/2173
f 2845/172/2173 2853/172/2181 2854/172/2182 2846/172/2174
f 2846/172/2174 2854/172/2182 2855/172/2183 2847/172/2175
f 2847/172/2175 2855/172/2183 2856/172/2184 2848/172/2176
f 2848/172/2176 2856/172/2184 2849/172/2177 2841/172/2169
f 2849/172/2177 2857/172/2185 2858/172/2186 2850/172/2178
f 2850/172/2178 2858/172/2186 2859/172/2187 2851/172/2179
f 2851/172/2179 2859/172/2187 2860/172/2188 2852/172/2180
f 2852/172/2180 2860/172/2188 2861/172/2189 2853/172/2181
f 2853/172/2181 2861/172/2189 2862/172/2190 2854/172/2182
f 2854/172/2182 2862/172/2190 2863/172/2191 2855/172/2183
f 2855/172/2183 2863/172/2191 2864/172/2192 2856/172/2184
f 2856/172/2184 2864/172/2192 2857/172/2185 2849/172/2177
f 2857/172/2185 2865/172/2193 2866/172/2194 2858/172/2186
f 2858/172/2186 2866/172/2194 2867/172/2195 2859/172/2187
f 2859/172/2187 2867/172/2195 2868/172/2196 2860/172/2188
f 2860/172/2188 2868/172/2196 2869/172/2197 2861/172/2189
f 2861/172/2189 2869/172/2197 2870/172/2198 2862/172/2190
f 2862/172/2190 2870/172/2198 2871/172/2199 2863/172/2191
f 2863/172/2191 2871/172/2199 2872/172/2200 2864/172/2192
f 2864/172/2192 2872/172/2200 2865/172/2193 2857/172/2185
f 2865/172/2193 2873/172/2201 2874/172/2202 2866/172/2194
f 2866/172/2194 2874/172/2202 2875/172/2203 2867/172/2195
f 2867/172/2195 2875/172/2203 2876/172/2204 2868/172/2196
f 2868/172/2196 2876/172/2204 2877/172/2205 2869/172/2197
f 2869/172/2197 2877/172/2205 2878/172/2206 2870/172/2198
f 2870/172/2198 2878/172/2206 2879/172/2207 2871/172/2199
f 2871/172/2199 2879/172/2207 2880/172/2208 2872/172/2200
f 2872/172/2200 2880/172/2208 2873/172/2201 2865/172/2193
f 2873/172/2201 2881/172/2209 2882/172/2210 2874/172/2202
f 2874/172/2202 2882/172/2210 2883/172/2211 2875/172/2203
f 2875/172/2203 2883/172/2211 2884/172/2212 2876/172/2204
f 2876/172/2204 2884/172/2212 2885/172/2213 2877/172/2205
f 2877/172/2205 2885/172/2213 2886/172/2214 2878/172/2206
f 2878/172/2206 2886/172/2214 2887/172/2215 2879/172/2207
f 2879/172/2207 2887/172/2215 2888/172/2216 2880/172/2208
f 2880/172/2208 2888/172/2216 2881/172/2209 2873/172/2201
f 2881/172/2209 2889/172/2217 2890/172/2218 2882/172/2210
f 2882/172/2210 2890/172/2218 2891/172/2219 2883/172/2211
f 2883/172/2211 2891/172/2219 2892/172/2220 2884/172/2212
f 2884/172/2212 2892/172/2220 2893/172/2221 2885/172/2213
f 2885/172/2213 2893/172/2221 2894/172/2222 2886/172/2214
f 2886/172/2214 2894/172/2222 2895/172/2223 2887/172/2215
f 2887/172/2215 2895/172/2223 2896/172/2224 2888/172/2216
f 2888/172/2216 2896/172/2224 2889/172/2217 2881/172/2209
f 2889/172/2217 2897/172/2225 2898/172/2226 2890/172/2218
f 2890/172/2218 2898/172/2226 2899/172/2227 2891/172/2219
f 2891/172/2219 2899/172/2227 2900/172/2228 2892/172/2220
f 2892/172/2220 2900/172/2228 2901/172/2229 2893/172/2221
f 2893/172/2221 2901/172/2229 2902/172/2230 2894/172/2222
f 2894/172/2222 2902/172/2230 2903/172/2231 2895/172/2223
f 2895/172/2223 2903/172/2231 2904/172/2232 2896/172/2224
f 2896/172/2224 2904/172/2232 2897/172/2225 2889/172/2217
f 2897/172/2225 2905/172/2233 2906/172/2234 2898/172/2226
f 2898/172/2226 2906/172/2234 2907/172/2235 2899/172/2227
f 2899/172/2227 2907/172/2235 2908/172/2236 2900/172/2228
f 2900/172/2228 2908/172/2236 2909/172/2237 2901/172/2229
f 2901/172/2229 2909/172/2237 2910/172/2238 2902/172/2230
f 2902/172/2230 2910/172/2238 2911/172/2239 2903/172/2231
f 2903/172/2231 2911/172/2239 2912/172/2240 2904/172/2232
f 2904/172/2232 2912/172/2240 2905/172/2233 2897/172/2225
f 2905/172/2233 2913/172/2241 2914/172/2242 2906/172/2234
f 2906/172/2234 2914/172/2242 2915/172/2243 2907/172/2235
f 2907/172/2235 2915/172/2243 2916/172/2244 2908/172/2236
f 2908/172/2236 2916/172/2244 2917/172/2245 2909/172/2237
f 2909/172/2237 2917/172/2245 2918/172/2246 2910/172/2238
f 2910/172/2238 2918/172/2246 2919/172/2247 2911/172/2239
f 2911/172/2239 2919/172/2247 2920/172/2248 2912/172/2240
f 2912/172/2240 2920/172/2248 2913/172/2241 2905/172/2233
f 2913/172/2241 2921/172/2249 2922/172/2250 2914/172/2242
f 2914/172/2242 2922/172/2250 2923/172/2251 2915/172/2243
f 2915/172/2243 2923/172/2251 2924/172/2252 2916/172/2244
f 2916/172/2244 2924/172/2252 2925/172/2253 2917/172/2245
f 2917/172/2245 2925/172/2253 2926/172/2254 2918/172/2246
f 2918/172/2246 2926/172/2254 2927/172/2255 2919/172/2247
f 2919/172/2247 2927/172/2255 2928/172/2256 2920/172/2248
f 2920/172/2248 2928/172/2256 2921/172/2249 2913/172/2241
f 2921/172/2249 2929/172/2257 2930/172/2258 2922/172/2250
f 2922/172/2250 2930/172/2258 2931/172/2259 2923/172/2251
f 2923/172/2251 2931/172/2259 2932/172/2260 2924/172/2252
f 2924/172/2252 2932/172/2260 2933/172/2261 2925/172/2253
f 2925/172/2253 2933/172/2261 2934/172/2262 2926/172/2254
f 2926/172/2254 2934/172/2262 2935/172/2263 2927/172/2255
f 2927/172/2255 2935/172/2263 2936/172/2264 2928/172/2256
f 2928/172/2256 2936/172/2264 2929/172/2257 2921/172/2249
f 2929/172/2257 2937/172/2265 2938/172/2266 2930/172/2258
f 2930/172/2258 2938/172/2266 2939/172/2267 2931/172/2259
f 2931/172/2259 2939/172/2267 2940/172/2268 2932/172/2260
f 2932/172/2260 2940/172/2268 2941/172/2269 2933/172/2261
f 2933/172/2261 2941/172/2269 2942/172/2270 2934/172/2262
f 2934/172/2262 2942/172/2270 2943/172/2271 2935/172/2263
f 2935/172/2263 2943/172/2271 2944/172/2272 2936/172/2264
f 2936/172/2264 2944/172/2272 2937/172/2265 2929/172/2257
f 2937/172/2265 2945/172/2273 2946/172/2274 2938/172/2266
f 2938/172/2266 2946/172/2274 2947/172/2275 2939/172/2267
f 2939/172/2267 2947/172/2275 2948/172/2276 2940/172/2268
f 2940/172/2268 2948/172/2276 2949/172/2277 2941/172/2269
f 2941/172/2269 2949/172/2277 2950/172/2278 2942/172/2270
f 2942/172/2270 2950/172/2278 2951/172/2279 2943/172/2271
f 2943/172/2271 2951/172/2279 2952/172/2280 2944/172/2272
f 2944/172/2272 2952/172/2280 2945/172/2273 2937/172/2265
f 2945/172/2273 2953/172/2281 2954/172/2282 2946/172/2274
f 2946/172/2274 2954/172/2282 2955/172/2283 2947/172/2275
f 2947/172/2275 2955/172/2283 2956/172/2284 2948/172/2276
f 2948/172/2276 2956/172/2284 2957/172/2285 2949/172/2277
f 2949/172/2277 2957/172/2285 2958/172/2286 2950/172/2278
f 2950/172/2278 2958/172/2286 2959/172/2287 2951/172/2279
f 2951/172/2279 2959/172/2287 2960/172/2288 2952/172/2280
f 2952/172/2280 2960/172/2288 2953/172/2281 2945/172/2273
f 2953/172/2281 2961/172/2289 2962/172/2290 2954/172/2282
f 2954/172/2282 2962/172/2290 2963/172/2291 2955/172/2283
f 2955/172/2283 2963/172/2291 2964/172/2292 2956/172/2284
f 2956/172/2284 2964/172/2292 2965/172/2293 2957/172/2285
f 2957/172/2285 2965/172/2293 2966/172/2294 2958/172/2286
f 2958/172/2286 2966/172/2294 2967/172/2295 2959/172/2287
f 2959/172/2287 2967/172/2295 2968/172/2296 2960/172/2288
f 2960/172/2288 2968/172/2296 2961/172/2289 2953/172/2281
f 2961/172/2289 2969/172/2297 2970/172/2298 2962/172/2290
f 2962/172/2290 2970/172/2298 2971/172/2299 2963/172/2291
f 2963/172/2291 2971/172/2299 2972/172/2300 2964/172/2292
f 2964/172/2292 2972/172/2300 2973/172/2301 2965/172/2293
f 2965/172/2293 2973/172/2301 2974/172/2302 2966/172/2294
f 2966/172/2294 2974/172/2302 2975/172/2303 2967/172/2295
f 2967/172/2295 2975/172/2303 2976/172/2304 2968/172/2296
f 2968/172/2296 2976/172/2304 2969/172/2297 2961/172/2289
f 2673/172/2022 2674/172/2023 2969/172/2297 2976/172/2304
f 2674/172/2023 2675/172/2024 2970/172/2298 2969/172/2297
f 2675/172/2024 2676/172/2025 2971/172/2299 2970/172/2298
f 2676/172/2025 2677/172/2026 2972/172/2300 2971/172/2299
f 2677/172/2026 2678/172/2027 2973/172/2301 2972/172/2300
f 2678/172/2027 2679/172/2028 2974/172/2302 2973/172/2301
f 2679/172/2028 2680/172/2029 2975/172/2303 2974/172/2302
f 2680/172/2029 2673/172/2022 2976/172/2304 2975/172/2303
f 2977/172/2305 2378/172/1730 2377/172/1729 2978/172/2306
f 2979/172/2307 2381/172/1733 2378/172/1730 2977/172/2305
f 2980/172/2308 2383/172/1735 2381/172/1733 2979/172/2307
f 2981/172/2309 2385/172/1737 2383/172/1735 2980/172/2308
f 2982/172/2310 2387/172/1739 2385/172/1737 2981/172/2309
f 2983/172/2311 2389/172/1741 2387/172/1739 2982/172/2310
f 2984/172/2312 2391/172/1743 2389/172/1741 2983/172/2311
f 2978/172/2306 2377/172/1729 2391/172/1743 2984/172/2312
f 2985/172/2309 2681/172/1737 2684/172/2030 2986/172/2313
f 2986/172/2313 2684/172/2030 2686/172/2032 2987/172/2314
f 2987/172/2314 2686/172/2032 2688/172/2033 2988/172/2305
f 2988/172/2305 2688/172/2033 2690/172/1729 2989/172/2306
f 2989/172/2306 2690/172/1729 2692/172/2034 2990/172/2312
f 2990/172/2312 2692/172/2034 2694/172/2035 2991/172/2315
f 2991/172/2315 2694/172/2035 2696/172/2037 2992/172/2316
f 2992/172/2316 2696/172/2037 2681/172/1737 2985/172/2309
f 2723/172/2052 2722/172/2051 2732/172/2061 2734/172/1778
f 2421/172/1770 2433/172/1782 2431/172/1780 2420/172/1769
f 2424/172/1773 2418/172/1767 2425/172/1774 2439/172/1788
f 2724/172/2053 2723/172/2052 2734/172/1778 2736/172/2064
f 2419/172/1768 2429/172/1778 2426/172/1775 2417/172/1766
f 2420/172/1769 2431/172/1780 2429/172/1778 2419/172/1768
f 2725/172/2054 2724/172/2053 2736/172/2064 2738/172/2066
f 2728/172/2057 2744/172/2072 2729/172/2058 2721/172/2050
f 2417/172/1766 2426/172/1775 2425/172/1774 2418/172/1767
f 2423/172/1772 2424/172/1773 2439/172/1788 2437/172/1786
f 2725/172/2054 2738/172/2066 2740/172/2068 2726/172/2055
f 2422/172/1771 2423/172/1772 2437/172/1786 2435/172/1784
f 2726/172/2055 2740/172/2068 2742/172/2070 2727/172/2056
f 2421/172/1770 2422/172/1771 2435/172/1784 2433/172/1782
f 2727/172/2056 2742/172/2070 2744/172/2072 2728/172/2057
f 2722/172/2051 2721/172/2050 2729/172/2058 2732/172/2061
f 2983/172/2311 2993/172/2317 2994/172/2318 2984/172/2312
f 2982/172/2310 2995/172/2319 2993/172/2317 2983/172/2311
f 2981/172/2309 2996/172/2320 2995/172/2319 2982/172/2310
f 2984/172/2312 2994/172/2318 2997/172/2321 2978/172/2306
f 2980/172/2308 2998/172/2322 2996/172/2320 2981/172/2309
f 2979/172/2307 2999/172/2323 2998/172/2322 2980/172/2308
f 2977/172/2305 3000/172/2324 2999/172/2323 2979/172/2307
f 2978/172/2306 2997/172/2321 3000/172/2324 2977/172/2305
f 2985/172/2309 3001/172/2320 3002/172/2325 2992/172/2316
f 2989/172/2306 3003/172/2326 3004/172/2324 2988/172/2305
f 2988/172/2305 3004/172/2324 3005/172/2327 2987/172/2314
f 2987/172/2314 3005/172/2327 3006/172/2328 2986/172/2313
f 2986/172/2313 3006/172/2328 3001/172/2320 2985/172/2309
f 2992/172/2316 3002/172/2325 3007/172/2329 2991/172/2315
f 2991/172/2315 3007/172/2329 3008/172/2318 2990/172/2312
f 2990/172/2312 3008/172/2318 3003/172/2326 2989/172/2306
f 5299/319/806 5300/272/4452 5301/266/4453 5302/320/807
f 5302/320/807 5301/266/4453 5303/265/4454 5304/323/810
f 5304/323/810 5303/265/4454 5305/267/811 5306/325/811
f 5306/325/811 5305/267/811 5307/268/4455 5308/327/4456
f 5308/327/4456 5307/268/4455 5309/269/4457 5310/329/814
f 5310/329/814 5309/269/4457 5311/270/4458 5312/331/815
f 5312/331/815 5311/270/4458 5313/271/650 5314/333/650
f 5314/333/650 5313/271/650 5300/272/4452 5299/319/806
f 5307/268/4455 5305/267/811 5315/267/4459 5316/268/4460
f 5305/267/811 5303/265/4454 5317/265/4461 5315/267/4459
f 5303/265/4454 5301/266/4453 5318/266/4462 5317/265/4461
f 5301/266/4453 5300/272/4452 5319/272/4463 5318/266/4462
f 5300/272/4452 5313/271/650 5320/271/4464 5319/272/4463
f 5313/271/650 5311/270/4458 5321/270/4465 5320/271/4464
f 5311/270/4458 5309/269/4457 5322/269/4466 5321/270/4465
f 5309/269/4457 5307/268/4455 5316/268/4460 5322/269/4466
f 5318/266/4462 5319/272/4463 5323/211/4467 5324/212/4468
f 5319/272/4463 5320/271/4464 5325/210/4469 5323/211/4467
f 5320/271/4464 5321/270/4465 5326/264/4470 5325/210/4469
f 5321/270/4465 5322/269/4466 5327/216/4471 5326/264/4470
f 5322/269/4466 5316/268/4460 5328/215/4472 5327/216/4471
f 5316/268/4460 5315/267/4459 5329/214/4473 5328/215/4472
f 5315/267/4459 5317/265/4461 5330/213/4467 5329/214/4473
f 5317/265/4461 5318/266/4462 5324/212/4468 5330/213/4467
f 5331/209/4470 5325/210/4469 5326/264/4470 5327/216/4471
f 5331/209/4470 5327/216/4471 5328/215/4472 5329/214/4473
f 5331/209/4470 5329/214/4473 5330/213/4467 5324/212/4468
f 5331/209/4470 5324/212/4468 5323/211/4467 5325/210/4469
f 5332/319/806 5333/320/807 5334/266/768 5335/272/655
f 5333/320/807 5336/323/810 5337/265/773 5334/266/768
f 5336/323/810 5338/325/811 5339/267/4474 5337/265/773
f 5338/325/811 5340/327/4456 5341/268/397 5339/267/4474
f 5340/327/4456 5342/329/814 5343/269/396 5341/268/397
f 5342/329/814 5344/331/815 5345/270/401 5343/269/396
f 5344/331/815 5346/333/650 5347/271/650 5345/270/401
f 5346/333/650 5332/319/806 5335/272/655 5347/271/650
f 5341/268/397 5348/268/388 5349/267/384 5339/267/4474
f 5339/267/4474 5349/267/384 5350/265/382 5337/265/773
usemtl Kitchen_Chair_Plastic
f 3464/200/122 3405/200/123 3635/201/124 5367/201/125
f 5365/200/126 5367/201/125 3635/201/124 3107/200/127
f 3408/200/128 3471/200/129 5366/201/125 3636/201/130
f 3108/200/131 3636/201/130 5366/201/125 3171/200/132
f 5366/201/125 3471/200/129 3464/200/122 5367/201/125
f 5366/201/125 5367/201/125 5365/200/126 3171/200/132
f 3470/205/136 3465/205/137 3464/200/122 3471/200/129
f 3170/205/138 3171/200/132 5365/200/126 3169/205/139
f 5365/200/126 3107/200/127 3106/205/140 3169/205/139
f 3009/341/2330 3010/342/2331 3011/343/2332 3012/344/2333
f 3013/345/2334 3014/346/2335 3009/341/2330 3012/344/2333
f 3015/347/2336 3016/348/2337 3017/349/2338 3018/350/2339
f 3019/347/2340 3020/350/2341 3021/349/2342 3022/348/2343
f 3023/351/2344 3011/343/2332 3010/342/2331 3024/352/2345
f 3024/352/2345 3025/353/2346 3026/354/2347 3023/351/2344
f 3027/352/2348 3028/351/2349 3029/354/2350 3030/353/2351
f 3025/353/2346 3017/349/2338 3016/348/2337 3026/354/2347
f 3030/353/2351 3029/354/2350 3022/348/2343 3021/349/2342
f 3031/355/2352 3010/342/2331 3009/341/2330 3032/356/2353
f 3032/356/2353 3009/341/2330 3014/346/2335 3033/357/2354
f 3034/358/2355 3024/352/2345 3010/342/2331 3031/355/2352
f 3024/352/2345 3034/358/2355 3035/359/2356 3025/353/2346
f 3027/352/2348 3030/353/2351 3036/359/2357 3037/358/2358
f 3025/353/2346 3035/359/2356 3038/360/2359 3017/349/2338
f 3030/353/2351 3021/349/2342 3039/360/2360 3036/359/2357
f 3017/349/2338 3038/360/2359 3040/361/2361 3018/350/2339
f 3021/349/2342 3020/350/2341 3041/361/2362 3039/360/2360
f 3042/362/2363 3043/363/2364 3044/364/2365 3045/365/2366
f 3046/366/2367 3047/367/2368 3048/368/2369 3049/369/2370
f 3050/370/2371 3051/371/2372 3047/367/2368 3046/366/2367
f 3045/365/2366 3044/364/2365 3051/371/2372 3050/370/2371
f 3049/369/2370 3048/368/2369 3052/372/2373 3053/373/2374
f 3053/373/2374 3052/372/2373 3054/374/2375 3055/375/2376
f 3055/375/2376 3054/374/2375 3056/376/2377 3057/377/2378
f 3057/377/2378 3056/376/2377 3058/378/2379 3059/379/2380
f 3060/380/2381 3061/381/2382 3062/382/2383 3063/383/2384
f 3064/380/2385 3065/383/2386 3066/382/2387 3067/381/2388
f 3068/384/2389 3015/347/2336 3018/350/2339 3069/385/2390
f 3070/384/2391 3071/385/2392 3020/350/2341 3019/347/2340
f 3063/383/2384 3062/382/2383 3072/386/2393 3073/387/2394
f 3065/383/2386 3074/387/2395 3075/386/2396 3066/382/2387
f 3069/385/2390 3018/350/2339 3040/361/2361 3076/388/2397
f 3071/385/2392 3077/388/2398 3041/361/2362 3020/350/2341
f 3078/389/2399 3079/390/2400 3080/391/2401 3081/392/2402
f 3082/389/2403 3083/392/2404 3084/391/2405 3085/390/2406
f 3086/393/2407 3059/379/2380 3058/378/2379 3087/394/2408
f 3045/365/2366 3088/395/2409 3089/396/2410 3042/362/2363
f 3088/395/2409 3014/346/2335 3013/345/2334 3089/396/2410
f 3049/369/2370 3090/397/2411 3091/398/2412 3046/366/2367
f 3090/397/2411 3031/355/2352 3032/356/2353 3091/398/2412
f 3046/366/2367 3091/398/2412 3092/399/2413 3050/370/2371
f 3091/398/2412 3032/356/2353 3033/357/2354 3092/399/2413
f 3050/370/2371 3092/399/2413 3088/395/2409 3045/365/2366
f 3092/399/2413 3033/357/2354 3014/346/2335 3088/395/2409
f 3053/373/2374 3093/400/2414 3090/397/2411 3049/369/2370
f 3093/400/2414 3034/358/2355 3031/355/2352 3090/397/2411
f 3055/375/2376 3094/401/2415 3093/400/2414 3053/373/2374
f 3094/401/2415 3035/359/2356 3034/358/2355 3093/400/2414
f 3057/377/2378 3095/402/2416 3094/401/2415 3055/375/2376
f 3095/402/2416 3038/360/2359 3035/359/2356 3094/401/2415
f 3059/379/2380 3096/403/2417 3095/402/2416 3057/377/2378
f 3096/403/2417 3040/361/2361 3038/360/2359 3095/402/2416
f 3072/386/2393 3097/404/2418 3098/405/2419 3073/387/2394
f 3075/386/2396 3074/387/2395 3099/405/2420 3100/404/2421
f 3097/404/2418 3079/390/2400 3078/389/2399 3098/405/2419
f 3100/404/2421 3099/405/2420 3082/389/2403 3085/390/2406
f 3086/393/2407 3101/406/2422 3096/403/2417 3059/379/2380
f 3101/406/2422 3076/388/2397 3040/361/2361 3096/403/2417
f 3063/383/2384 3102/407/2423 3103/408/2424 3060/380/2381
f 3065/383/2386 3064/380/2385 3104/408/2425 3105/407/2426
f 3102/407/2423 3106/205/140 3107/200/127 3103/408/2424
f 3105/407/2426 3104/408/2425 3108/200/131 3109/205/2427
f 3078/389/2399 3110/409/2428 3111/410/2429 3098/405/2419
f 3082/389/2403 3099/405/2420 3112/410/2430 3113/409/2431
f 3110/409/2428 3114/411/2432 3115/412/2433 3111/410/2429
f 3113/409/2431 3112/410/2430 3116/412/2434 3117/411/2435
f 3098/405/2419 3111/410/2429 3118/413/2436 3073/387/2394
f 3099/405/2420 3074/387/2395 3119/413/2437 3112/410/2430
f 3111/410/2429 3115/412/2433 3120/414/2438 3118/413/2436
f 3112/410/2430 3119/413/2437 3121/414/2439 3116/412/2434
f 3081/392/2402 3122/415/2440 3110/409/2428 3078/415/2399
f 3083/392/2404 3082/415/2403 3113/409/2431 3123/415/2441
f 3122/415/2440 3124/416/2442 3114/411/2432 3110/416/2428
f 3123/415/2441 3113/416/2431 3117/411/2435 3125/416/2443
f 3073/387/2394 3118/413/2436 3102/407/2423 3063/383/2384
f 3074/387/2395 3065/383/2386 3105/407/2426 3119/413/2437
f 3118/413/2436 3120/414/2438 3106/205/140 3102/407/2423
f 3119/413/2437 3105/407/2426 3109/205/2427 3121/414/2439
f 3126/341/2444 3127/344/2445 3128/343/2446 3129/342/2447
f 3130/345/2448 3127/344/2445 3126/341/2444 3131/346/2449
f 3028/351/2349 3027/352/2348 3129/342/2447 3128/343/2446
f 3132/355/2450 3133/356/2451 3126/341/2444 3129/342/2447
f 3133/356/2451 3134/357/2452 3131/346/2449 3126/341/2444
f 3037/358/2358 3132/355/2450 3129/342/2447 3027/352/2348
f 3135/362/2453 3136/365/2454 3137/364/2455 3138/363/2456
f 3139/366/2457 3140/369/2458 3141/368/2459 3142/367/2460
f 3143/370/2461 3139/366/2457 3142/367/2460 3144/371/2462
f 3136/365/2454 3143/370/2461 3144/371/2462 3137/364/2455
f 3140/369/2458 3145/373/2463 3146/372/2464 3141/368/2459
f 3145/373/2463 3147/375/2465 3148/374/2466 3146/372/2464
f 3147/375/2465 3149/377/2467 3150/376/2468 3148/374/2466
f 3149/377/2467 3151/379/2469 3152/378/2470 3150/376/2468
f 3153/393/2471 3154/394/2472 3152/378/2470 3151/379/2469
f 3136/365/2454 3135/362/2453 3155/396/2473 3156/395/2474
f 3156/395/2474 3155/396/2473 3130/345/2448 3131/346/2449
f 3140/369/2458 3139/366/2457 3157/398/2475 3158/397/2476
f 3158/397/2476 3157/398/2475 3133/356/2451 3132/355/2450
f 3139/366/2457 3143/370/2461 3159/399/2477 3157/398/2475
f 3157/398/2475 3159/399/2477 3134/357/2452 3133/356/2451
f 3143/370/2461 3136/365/2454 3156/395/2474 3159/399/2477
f 3159/399/2477 3156/395/2474 3131/346/2449 3134/357/2452
f 3145/373/2463 3140/369/2458 3158/397/2476 3160/400/2478
f 3160/400/2478 3158/397/2476 3132/355/2450 3037/358/2358
f 3147/375/2465 3145/373/2463 3160/400/2478 3161/401/2479
f 3161/401/2479 3160/400/2478 3037/358/2358 3036/359/2357
f 3149/377/2467 3147/375/2465 3161/401/2479 3162/402/2480
f 3162/402/2480 3161/401/2479 3036/359/2357 3039/360/2360
f 3151/379/2469 3149/377/2467 3162/402/2480 3163/403/2481
f 3163/403/2481 3162/402/2480 3039/360/2360 3041/361/2362
f 3153/393/2471 3151/379/2469 3163/403/2481 3164/406/2482
f 3164/406/2482 3163/403/2481 3041/361/2362 3077/388/2398
f 3114/411/2432 3165/411/2483 3166/412/2484 3115/412/2433
f 3115/412/2433 3166/412/2484 3167/414/2485 3120/414/2438
f 3124/416/2442 3168/417/2486 3165/411/2483 3114/411/2432
f 3120/414/2438 3167/414/2485 3169/205/139 3106/205/140
f 3170/205/138 3109/205/2427 3108/200/131 3171/200/132
f 3165/411/2483 3172/411/2487 3173/412/2484 3166/412/2484
f 3172/411/2487 3117/411/2435 3116/412/2434 3173/412/2484
f 3166/412/2484 3173/412/2484 3174/414/2488 3167/414/2485
f 3173/412/2484 3116/412/2434 3121/414/2439 3174/414/2488
f 3168/417/2486 3175/418/2489 3172/411/2487 3165/411/2483
f 3175/418/2489 3125/336/2443 3117/411/2435 3172/411/2487
f 3167/414/2485 3174/414/2488 3170/205/138 3169/205/139
f 3174/414/2488 3121/414/2439 3109/205/2427 3170/205/138
f 3176/419/2490 3177/420/2491 3178/421/2492 3179/422/2493
f 3177/420/2491 3044/338/2365 3043/336/2364 3178/421/2492
f 3180/338/2494 3181/423/2495 3182/424/2496 3183/419/2497
f 3181/423/2495 3138/336/2456 3137/422/2455 3182/424/2496
f 3184/419/2498 3185/420/2499 3177/421/2491 3176/422/2490
f 3185/420/2499 3051/338/2372 3044/336/2365 3177/421/2491
f 3183/338/2497 3182/423/2496 3186/424/2500 3187/419/2501
f 3182/423/2496 3137/336/2455 3144/422/2462 3186/424/2500
f 3188/419/2502 3189/420/2503 3185/421/2499 3184/422/2498
f 3189/420/2503 3047/338/2368 3051/336/2372 3185/421/2499
f 3187/338/2501 3186/423/2500 3190/424/2504 3191/419/2505
f 3186/423/2500 3144/336/2462 3142/422/2460 3190/424/2504
f 3192/419/2506 3193/420/2507 3189/421/2503 3188/422/2502
f 3193/420/2507 3048/338/2369 3047/336/2368 3189/421/2503
f 3191/338/2505 3190/423/2504 3194/424/2508 3195/419/2509
f 3190/423/2504 3142/336/2460 3141/422/2459 3194/424/2508
f 3196/419/2510 3197/420/2511 3193/421/2507 3192/422/2506
f 3197/420/2511 3052/338/2373 3048/336/2369 3193/421/2507
f 3195/338/2509 3194/423/2508 3198/424/2512 3199/419/2513
f 3194/423/2508 3141/336/2459 3146/422/2464 3198/424/2512
f 3200/419/2514 3201/420/2515 3197/421/2511 3196/422/2510
f 3201/420/2515 3054/338/2375 3052/336/2373 3197/421/2511
f 3199/338/2513 3198/423/2512 3202/424/2516 3203/419/2517
f 3198/423/2512 3146/336/2464 3148/422/2466 3202/424/2516
f 3204/419/2518 3205/420/2519 3201/421/2515 3200/422/2514
f 3205/420/2519 3056/338/2377 3054/336/2375 3201/421/2515
f 3203/338/2517 3202/423/2516 3206/424/2520 3207/419/2521
f 3202/423/2516 3148/336/2466 3150/422/2468 3206/424/2520
f 3208/419/2522 3209/420/2523 3205/421/2519 3204/422/2518
f 3209/420/2523 3058/338/2379 3056/336/2377 3205/421/2519
f 3207/338/2521 3206/423/2520 3210/424/2524 3211/419/2525
f 3206/423/2520 3150/336/2468 3152/422/2470 3210/424/2524
f 3212/419/2526 3213/420/2527 3209/421/2523 3208/422/2522
f 3213/420/2527 3087/338/2408 3058/336/2379 3209/421/2523
f 3211/338/2525 3210/423/2524 3214/424/2528 3215/419/2529
f 3210/423/2524 3152/336/2470 3154/422/2472 3214/424/2528
f 3216/422/2530 3217/421/2531 3218/425/2532 3219/426/2526
f 3217/421/2531 3081/336/2402 3080/338/2401 3218/425/2532
f 3220/336/2533 3221/427/2534 3222/428/2535 3223/422/2536
f 3221/427/2534 3084/338/2405 3083/426/2404 3222/428/2535
f 3224/429/2537 3225/430/2538 3217/425/2531 3216/426/2530
f 3225/430/2538 3122/431/2440 3081/338/2402 3217/425/2531
f 3223/426/2536 3222/432/2535 3226/433/2535 3227/338/2536
f 3222/432/2535 3083/429/2404 3123/431/2441 3226/433/2535
f 3228/434/2539 3229/435/2540 3225/436/2538 3224/429/2537
f 3229/435/2540 3124/336/2442 3122/434/2440 3225/436/2538
f 3227/429/2536 3226/436/2535 3230/435/2541 3231/434/2542
f 3226/436/2535 3123/434/2441 3125/336/2443 3230/435/2541
f 3232/434/2543 3233/435/2544 3229/435/2540 3228/434/2539
f 3233/435/2544 3168/336/2486 3124/336/2442 3229/435/2540
f 3234/434/2545 3235/435/2546 3233/435/2544 3232/434/2543
f 3235/435/2546 3175/336/2489 3168/336/2486 3233/435/2544
f 3231/434/2542 3230/435/2541 3235/435/2546 3234/434/2545
f 3230/435/2541 3125/336/2443 3175/336/2489 3235/435/2546
f 3236/437/2547 3237/438/2548 3238/439/2549 3239/440/2550
f 3239/440/2550 3238/439/2549 3240/441/2551 3241/442/2552
f 3242/443/2553 3243/444/2554 3244/445/2555 3245/446/2556
f 3245/446/2556 3244/445/2555 3246/447/2557 3247/448/2558
f 3243/444/2554 3236/437/2547 3239/440/2550 3244/445/2555
f 3244/445/2555 3239/440/2550 3241/442/2552 3246/447/2557
f 3248/444/2559 3249/443/2560 3250/446/2561 3251/445/2562
f 3251/445/2562 3250/446/2561 3252/448/2563 3253/447/2564
f 3254/449/2565 3242/443/2553 3245/446/2556 3255/450/2566
f 3255/450/2566 3245/446/2556 3247/448/2558 3256/451/2567
f 3257/438/2568 3258/437/2569 3259/440/2569 3260/439/2570
f 3260/439/2570 3259/440/2569 3261/442/2571 3262/441/2572
f 3249/443/2560 3263/449/2573 3264/450/2574 3250/446/2561
f 3250/446/2561 3264/450/2574 3265/451/2575 3252/448/2563
f 3258/437/2569 3248/444/2559 3251/445/2562 3259/440/2569
f 3259/440/2569 3251/445/2562 3253/447/2564 3261/442/2571
f 3266/452/2576 3257/438/2568 3260/439/2570 3267/453/2577
f 3267/453/2577 3260/439/2570 3262/441/2572 3268/454/2578
f 3237/438/2548 3269/452/2579 3270/453/2580 3238/439/2549
f 3238/439/2549 3270/453/2580 3271/454/2581 3240/441/2551
f 3271/454/2581 3270/453/2580 3272/453/2582 3273/455/2583
f 3270/453/2580 3269/452/2579 3274/452/2584 3272/453/2582
f 3269/456/2579 3275/457/2585 3276/457/2586 3274/452/2584
f 3275/457/2585 3277/458/2587 3278/458/2588 3276/457/2586
f 3279/459/2589 3280/460/2590 3281/460/2591 3282/459/2592
f 3280/460/2590 3266/461/2576 3283/461/2593 3281/460/2591
f 3266/452/2576 3267/453/2577 3284/453/2594 3283/461/2593
f 3267/453/2577 3268/454/2578 3285/454/2595 3284/453/2594
f 3268/462/2578 3286/463/2596 3287/463/2597 3285/454/2595
f 3286/463/2596 3288/464/2598 3289/464/2599 3287/463/2597
f 3290/465/2600 3291/466/2601 3292/466/2602 3293/465/2603
f 3291/466/2601 3271/455/2581 3273/455/2583 3292/466/2602
f 3294/467/2604 3281/460/2591 3283/461/2593 3295/468/2605
f 3295/452/2605 3283/461/2593 3284/453/2594 3296/453/2606
f 3296/453/2606 3284/453/2594 3285/454/2595 3297/454/2607
f 3297/469/2607 3285/454/2595 3287/463/2597 3298/470/2608
f 3276/457/2586 3299/471/2609 3300/472/2610 3274/452/2584
f 3299/471/2609 3294/467/2604 3295/468/2605 3300/472/2610
f 3274/452/2584 3300/452/2610 3301/453/2611 3272/453/2582
f 3300/452/2610 3295/452/2605 3296/453/2606 3301/453/2611
f 3272/453/2582 3301/453/2611 3302/454/2612 3273/455/2583
f 3301/453/2611 3296/453/2606 3297/454/2607 3302/454/2612
f 3273/455/2583 3302/473/2612 3303/474/2613 3292/466/2602
f 3302/473/2612 3297/469/2607 3298/470/2608 3303/474/2613
f 3282/459/2592 3281/460/2591 3294/467/2604 3304/475/2614
f 3304/475/2614 3294/467/2604 3299/471/2609 3305/476/2615
f 3305/476/2615 3299/471/2609 3276/457/2586 3278/458/2588
f 3293/465/2603 3292/466/2602 3303/474/2613 3306/477/2616
f 3306/477/2616 3303/474/2613 3298/470/2608 3307/478/2617
f 3307/478/2617 3298/470/2608 3287/463/2597 3289/464/2599
f 3308/341/2618 3309/344/2619 3310/343/2620 3311/342/2621
f 3312/345/2622 3309/344/2619 3308/341/2618 3313/346/2623
f 3314/347/2624 3315/350/2625 3316/349/2626 3317/348/2627
f 3318/347/2628 3319/348/2629 3320/349/2630 3321/350/2631
f 3322/351/2632 3323/352/2633 3311/342/2621 3310/343/2620
f 3323/352/2633 3322/351/2632 3324/354/2634 3325/353/2635
f 3326/352/2636 3327/353/2637 3328/354/2638 3329/351/2639
f 3325/353/2635 3324/354/2634 3317/348/2627 3316/349/2626
f 3327/353/2637 3320/349/2630 3319/348/2629 3328/354/2638
f 3330/355/2640 3331/356/2641 3308/341/2618 3311/342/2621
f 3331/356/2641 3332/357/2642 3313/346/2623 3308/341/2618
f 3333/358/2643 3330/355/2640 3311/342/2621 3323/352/2633
f 3323/352/2633 3325/353/2635 3334/359/2644 3333/358/2643
f 3326/352/2636 3335/358/2645 3336/359/2646 3327/353/2637
f 3325/353/2635 3316/349/2626 3337/360/2647 3334/359/2644
f 3327/353/2637 3336/359/2646 3338/360/2648 3320/349/2630
f 3316/349/2626 3315/350/2625 3339/361/2649 3337/360/2647
f 3320/349/2630 3338/360/2648 3340/361/2650 3321/350/2631
f 3341/362/2651 3342/365/2652 3343/364/2653 3344/363/2654
f 3345/366/2655 3346/369/2656 3347/368/2657 3348/367/2658
f 3349/370/2659 3345/366/2655 3348/367/2658 3350/371/2660
f 3342/365/2652 3349/370/2659 3350/371/2660 3343/364/2653
f 3346/369/2656 3351/373/2661 3352/372/2662 3347/368/2657
f 3351/373/2661 3353/375/2663 3354/374/2664 3352/372/2662
f 3353/375/2663 3355/377/2665 3356/376/2666 3354/374/2664
f 3355/377/2665 3357/379/2667 3358/378/2668 3356/376/2666
f 3359/380/2669 3360/383/2670 3361/382/2671 3362/381/2672
f 3363/380/2673 3364/381/2674 3365/382/2675 3366/383/2676
f 3367/384/2677 3368/385/2678 3315/350/2625 3314/347/2624
f 3369/384/2679 3318/347/2628 3321/350/2631 3370/385/2680
f 3360/383/2670 3371/387/2681 3372/386/2682 3361/382/2671
f 3366/383/2676 3365/382/2675 3373/386/2683 3374/387/2684
f 3368/385/2678 3375/388/2685 3339/361/2649 3315/350/2625
f 3370/385/2680 3321/350/2631 3340/361/2650 3376/388/2686
f 3377/389/2687 3378/392/2688 3379/391/2689 3380/390/2690
f 3381/389/2691 3382/390/2692 3383/391/2693 3384/392/2694
f 3385/393/2695 3386/394/2696 3358/378/2668 3357/379/2667
f 3342/365/2652 3341/362/2651 3387/396/2697 3388/395/2698
f 3388/395/2698 3387/396/2697 3312/345/2622 3313/346/2623
f 3346/369/2656 3345/366/2655 3389/398/2699 3390/397/2700
f 3390/397/2700 3389/398/2699 3331/356/2641 3330/355/2640
f 3345/366/2655 3349/370/2659 3391/399/2701 3389/398/2699
f 3389/398/2699 3391/399/2701 3332/357/2642 3331/356/2641
f 3349/370/2659 3342/365/2652 3388/395/2698 3391/399/2701
f 3391/399/2701 3388/395/2698 3313/346/2623 3332/357/2642
f 3351/373/2661 3346/369/2656 3390/397/2700 3392/400/2702
f 3392/400/2702 3390/397/2700 3330/355/2640 3333/358/2643
f 3353/375/2663 3351/373/2661 3392/400/2702 3393/401/2703
f 3393/401/2703 3392/400/2702 3333/358/2643 3334/359/2644
f 3355/377/2665 3353/375/2663 3393/401/2703 3394/402/2704
f 3394/402/2704 3393/401/2703 3334/359/2644 3337/360/2647
f 3357/379/2667 3355/377/2665 3394/402/2704 3395/403/2705
f 3395/403/2705 3394/402/2704 3337/360/2647 3339/361/2649
f 3372/386/2682 3371/387/2681 3396/405/2706 3397/404/2707
f 3373/386/2683 3398/404/2708 3399/405/2709 3374/387/2684
f 3397/404/2707 3396/405/2706 3377/389/2687 3380/390/2690
f 3398/404/2708 3382/390/2692 3381/389/2691 3399/405/2709
f 3385/393/2695 3357/379/2667 3395/403/2705 3400/406/2710
f 3400/406/2710 3395/403/2705 3339/361/2649 3375/388/2685
f 3360/383/2670 3359/380/2669 3401/408/2711 3402/407/2712
f 3366/383/2676 3403/407/2713 3404/408/2714 3363/380/2673
f 3402/407/2712 3401/408/2711 3405/200/123 3406/205/2715
f 3403/407/2713 3407/205/2716 3408/200/128 3404/408/2714
f 3377/389/2687 3396/405/2706 3409/410/2717 3410/409/2687
f 3381/389/2691 3411/409/2718 3412/410/2719 3399/405/2709
f 3410/409/2687 3409/410/2717 3413/412/2720 3414/411/2721
f 3411/409/2718 3415/411/2722 3416/412/2723 3412/410/2719
f 3396/405/2706 3371/387/2681 3417/413/2724 3409/410/2717
f 3399/405/2709 3412/410/2719 3418/413/2725 3374/387/2684
f 3409/410/2717 3417/413/2724 3419/414/2726 3413/412/2720
f 3412/410/2719 3416/412/2723 3420/414/2727 3418/413/2725
f 3378/392/2688 3377/415/2687 3410/409/2687 3421/415/2728
f 3384/392/2694 3422/415/2729 3411/409/2718 3381/415/2691
f 3421/415/2728 3410/416/2687 3414/411/2721 3423/416/2730
f 3422/415/2729 3424/416/2731 3415/411/2722 3411/416/2718
f 3371/387/2681 3360/383/2670 3402/407/2712 3417/413/2724
f 3374/387/2684 3418/413/2725 3403/407/2713 3366/383/2676
f 3417/413/2724 3402/407/2712 3406/205/2715 3419/414/2726
f 3418/413/2725 3420/414/2727 3407/205/2716 3403/407/2713
f 3425/341/2732 3426/342/2733 3427/343/2734 3428/344/2735
f 3429/345/2736 3430/346/2737 3425/341/2732 3428/344/2735
f 3329/351/2639 3427/343/2734 3426/342/2733 3326/352/2636
f 3431/355/2738 3426/342/2733 3425/341/2732 3432/356/2739
f 3432/356/2739 3425/341/2732 3430/346/2737 3433/357/2740
f 3335/358/2645 3326/352/2636 3426/342/2733 3431/355/2738
f 3434/362/2741 3435/363/2742 3436/364/2743 3437/365/2744
f 3438/366/2745 3439/367/2746 3440/368/2747 3441/369/2748
f 3442/370/2749 3443/371/2750 3439/367/2746 3438/366/2745
f 3437/365/2744 3436/364/2743 3443/371/2750 3442/370/2749
f 3441/369/2748 3440/368/2747 3444/372/2751 3445/373/2752
f 3445/373/2752 3444/372/2751 3446/374/2753 3447/375/2754
f 3447/375/2754 3446/374/2753 3448/376/2755 3449/377/2756
f 3449/377/2756 3448/376/2755 3450/378/2757 3451/379/2758
f 3452/393/2759 3451/379/2758 3450/378/2757 3453/394/2760
f 3437/365/2744 3454/395/2761 3455/396/2762 3434/362/2741
f 3454/395/2761 3430/346/2737 3429/345/2736 3455/396/2762
f 3441/369/2748 3456/397/2763 3457/398/2764 3438/366/2745
f 3456/397/2763 3431/355/2738 3432/356/2739 3457/398/2764
f 3438/366/2745 3457/398/2764 3458/399/2765 3442/370/2749
f 3457/398/2764 3432/356/2739 3433/357/2740 3458/399/2765
f 3442/370/2749 3458/399/2765 3454/395/2761 3437/365/2744
f 3458/399/2765 3433/357/2740 3430/346/2737 3454/395/2761
f 3445/373/2752 3459/400/2766 3456/397/2763 3441/369/2748
f 3459/400/2766 3335/358/2645 3431/355/2738 3456/397/2763
f 3447/375/2754 3460/401/2767 3459/400/2766 3445/373/2752
f 3460/401/2767 3336/359/2646 3335/358/2645 3459/400/2766
f 3449/377/2756 3461/402/2768 3460/401/2767 3447/375/2754
f 3461/402/2768 3338/360/2648 3336/359/2646 3460/401/2767
f 3451/379/2758 3462/403/2769 3461/402/2768 3449/377/2756
f 3462/403/2769 3340/361/2650 3338/360/2648 3461/402/2768
f 3452/393/2759 3463/406/2770 3462/403/2769 3451/379/2758
f 3463/406/2770 3376/388/2686 3340/361/2650 3462/403/2769
f 3406/205/2715 3405/200/123 3464/200/122 3465/205/137
f 3414/411/2721 3413/412/2720 3466/412/2771 3467/411/2772
f 3413/412/2720 3419/414/2726 3468/414/2773 3466/412/2771
f 3423/416/2730 3414/411/2721 3467/411/2772 3469/417/2774
f 3419/414/2726 3406/205/2715 3465/205/137 3468/414/2773
f 3470/205/136 3471/200/129 3408/200/128 3407/205/2716
f 3467/411/2772 3466/412/2771 3472/412/2775 3473/411/2776
f 3473/411/2776 3472/412/2775 3416/412/2723 3415/411/2722
f 3466/412/2771 3468/414/2773 3474/414/2777 3472/412/2775
f 3472/412/2775 3474/414/2777 3420/414/2727 3416/412/2723
f 3469/417/2774 3467/411/2772 3473/411/2776 3475/418/2778
f 3475/418/2778 3473/411/2776 3415/411/2722 3424/336/2731
f 3468/414/2773 3465/205/137 3470/205/136 3474/414/2777
f 3474/414/2777 3470/205/136 3407/205/2716 3420/414/2727
f 3476/419/2779 3477/422/2780 3478/421/2781 3479/420/2782
f 3479/420/2782 3478/421/2781 3344/336/2654 3343/338/2653
f 3480/338/2783 3481/419/2784 3482/424/2785 3483/423/2786
f 3483/423/2786 3482/424/2785 3436/422/2743 3435/336/2742
f 3484/419/2787 3476/422/2779 3479/421/2782 3485/420/2788
f 3485/420/2788 3479/421/2782 3343/336/2653 3350/338/2660
f 3481/338/2784 3486/419/2789 3487/424/2790 3482/423/2785
f 3482/423/2785 3487/424/2790 3443/422/2750 3436/336/2743
f 3488/419/2791 3484/422/2787 3485/421/2788 3489/420/2792
f 3489/420/2792 3485/421/2788 3350/336/2660 3348/338/2658
f 3486/338/2789 3490/419/2793 3491/424/2794 3487/423/2790
f 3487/423/2790 3491/424/2794 3439/422/2746 3443/336/2750
f 3492/419/2795 3488/422/2791 3489/421/2792 3493/420/2796
f 3493/420/2796 3489/421/2792 3348/336/2658 3347/338/2657
f 3490/338/2793 3494/419/2797 3495/424/2798 3491/423/2794
f 3491/423/2794 3495/424/2798 3440/422/2747 3439/336/2746
f 3496/419/2799 3492/422/2795 3493/421/2796 3497/420/2800
f 3497/420/2800 3493/421/2796 3347/336/2657 3352/338/2662
f 3494/338/2797 3498/419/2801 3499/424/2802 3495/423/2798
f 3495/423/2798 3499/424/2802 3444/422/2751 3440/336/2747
f 3500/419/2803 3496/422/2799 3497/421/2800 3501/420/2804
f 3501/420/2804 3497/421/2800 3352/336/2662 3354/338/2664
f 3498/338/2801 3502/419/2805 3503/424/2806 3499/423/2802
f 3499/423/2802 3503/424/2806 3446/422/2753 3444/336/2751
f 3504/419/2807 3500/422/2803 3501/421/2804 3505/420/2808
f 3505/420/2808 3501/421/2804 3354/336/2664 3356/338/2666
f 3502/338/2805 3506/419/2809 3507/424/2810 3503/423/2806
f 3503/423/2806 3507/424/2810 3448/422/2755 3446/336/2753
f 3508/419/2811 3504/422/2807 3505/421/2808 3509/420/2812
f 3509/420/2812 3505/421/2808 3356/336/2666 3358/338/2668
f 3506/338/2809 3510/419/2813 3511/424/2814 3507/423/2810
f 3507/423/2810 3511/424/2814 3450/422/2757 3448/336/2755
f 3512/419/2815 3508/422/2811 3509/421/2812 3513/420/2816
f 3513/420/2816 3509/421/2812 3358/336/2668 3386/338/2696
f 3510/338/2813 3514/419/2817 3515/424/2818 3511/423/2814
f 3511/423/2814 3515/424/2818 3453/422/2760 3450/336/2757
f 3516/422/2819 3517/426/2815 3518/425/2820 3519/421/2821
f 3519/421/2821 3518/425/2820 3379/338/2689 3378/336/2688
f 3520/336/2822 3521/422/2823 3522/428/2824 3523/427/2825
f 3523/427/2825 3522/428/2824 3384/426/2694 3383/338/2693
f 3524/429/2826 3516/426/2819 3519/425/2821 3525/430/2827
f 3525/430/2827 3519/425/2821 3378/338/2688 3421/431/2728
f 3521/426/2823 3526/338/2823 3527/433/2824 3522/432/2824
f 3522/432/2824 3527/433/2824 3422/431/2729 3384/429/2694
f 3528/434/2828 3524/429/2826 3525/436/2827 3529/435/2829
f 3529/435/2829 3525/436/2827 3421/434/2728 3423/336/2730
f 3526/429/2823 3530/434/2830 3531/435/2831 3527/436/2824
f 3527/436/2824 3531/435/2831 3424/336/2731 3422/434/2729
f 3532/434/2832 3528/434/2828 3529/435/2829 3533/435/2833
f 3533/435/2833 3529/435/2829 3423/336/2730 3469/336/2774
f 3534/434/2834 3532/434/2832 3533/435/2833 3535/435/2835
f 3535/435/2835 3533/435/2833 3469/336/2774 3475/336/2778
f 3530/434/2830 3534/434/2834 3535/435/2835 3531/435/2831
f 3531/435/2831 3535/435/2835 3475/336/2778 3424/336/2731
f 3536/437/2836 3537/440/2836 3538/439/2837 3539/438/2838
f 3537/440/2836 3540/442/2839 3541/441/2840 3538/439/2837
f 3542/443/2841 3543/446/2842 3544/445/2843 3545/444/2844
f 3543/446/2842 3546/448/2845 3547/447/2846 3544/445/2843
f 3545/444/2844 3544/445/2843 3537/440/2836 3536/437/2836
f 3544/445/2843 3547/447/2846 3540/442/2839 3537/440/2836
f 3548/444/2847 3549/445/2848 3550/446/2849 3551/443/2850
f 3549/445/2848 3552/447/2851 3553/448/2852 3550/446/2849
f 3554/449/2853 3555/450/2854 3543/446/2842 3542/443/2841
f 3555/450/2854 3556/451/2855 3546/448/2845 3543/446/2842
f 3557/438/2856 3558/439/2857 3559/440/2858 3560/437/2859
f 3558/439/2857 3561/441/2860 3562/442/2861 3559/440/2858
f 3551/443/2850 3550/446/2849 3563/450/2862 3564/449/2863
f 3550/446/2849 3553/448/2852 3565/451/2864 3563/450/2862
f 3560/437/2859 3559/440/2858 3549/445/2848 3548/444/2847
f 3559/440/2858 3562/442/2861 3552/447/2851 3549/445/2848
f 3566/452/2865 3567/453/2866 3558/439/2857 3557/438/2856
f 3567/453/2866 3568/454/2867 3561/441/2860 3558/439/2857
f 3539/438/2838 3538/439/2837 3569/453/2868 3570/452/2869
f 3538/439/2837 3541/441/2840 3571/454/2870 3569/453/2868
f 3571/454/2870 3572/455/2871 3573/453/2872 3569/453/2868
f 3569/453/2868 3573/453/2872 3574/452/2873 3570/452/2869
f 3570/456/2869 3574/452/2873 3575/457/2874 3576/457/2875
f 3576/457/2875 3575/457/2874 3577/458/2876 3578/458/2877
f 3579/459/2878 3580/459/2879 3581/460/2880 3582/460/2881
f 3582/460/2881 3581/460/2880 3583/461/2882 3566/461/2865
f 3566/452/2865 3583/461/2882 3584/453/2883 3567/453/2866
f 3567/453/2866 3584/453/2883 3585/454/2884 3568/454/2867
f 3568/462/2867 3585/454/2884 3586/463/2885 3587/463/2886
f 3587/463/2886 3586/463/2885 3588/464/2887 3589/464/2888
f 3590/465/2889 3591/465/2890 3592/466/2891 3593/466/2892
f 3593/466/2892 3592/466/2891 3572/455/2871 3571/455/2870
f 3594/467/2893 3595/468/2894 3583/461/2882 3581/460/2880
f 3595/452/2894 3596/453/2895 3584/453/2883 3583/461/2882
f 3596/453/2895 3597/454/2896 3585/454/2884 3584/453/2883
f 3597/469/2896 3598/470/2897 3586/463/2885 3585/454/2884
f 3575/457/2874 3574/452/2873 3599/472/2898 3600/471/2899
f 3600/471/2899 3599/472/2898 3595/468/2894 3594/467/2893
f 3574/452/2873 3573/453/2872 3601/453/2900 3599/452/2898
f 3599/452/2898 3601/453/2900 3596/453/2895 3595/452/2894
f 3573/453/2872 3572/455/2871 3602/454/2901 3601/453/2900
f 3601/453/2900 3602/454/2901 3597/454/2896 3596/453/2895
f 3572/455/2871 3592/466/2891 3603/474/2902 3602/473/2901
f 3602/473/2901 3603/474/2902 3598/470/2897 3597/469/2896
f 3580/459/2879 3604/475/2903 3594/467/2893 3581/460/2880
f 3604/475/2903 3605/476/2904 3600/471/2899 3594/467/2893
f 3605/476/2904 3577/458/2876 3575/457/2874 3600/471/2899
f 3591/465/2890 3606/477/2905 3603/474/2902 3592/466/2891
f 3606/477/2905 3607/478/2906 3598/470/2897 3603/474/2902
f 3607/478/2906 3588/464/2887 3586/463/2885 3598/470/2897
f 3608/479/2907 3011/343/2332 3023/351/2344 3609/480/2908
f 3610/481/2909 3254/449/2565 3255/450/2566 3611/482/2910
f 3611/482/2910 3255/450/2566 3256/451/2567 3612/483/2911
f 3613/484/2912 3012/344/2333 3011/343/2332 3608/479/2907
f 3614/485/2913 3016/348/2337 3015/347/2336 3615/486/2914
f 3616/485/2915 3617/486/2916 3019/347/2340 3022/348/2343
f 3042/362/2363 3618/487/2917 3619/488/2918 3043/363/2364
f 3012/344/2333 3613/484/2912 3620/489/2919 3013/345/2334
f 3127/344/2445 3130/345/2448 3621/489/2920 3622/484/2921
f 3623/490/2922 3026/354/2347 3016/348/2337 3614/485/2913
f 3624/490/2923 3616/485/2915 3022/348/2343 3029/354/2350
f 3609/480/2908 3023/351/2344 3026/354/2347 3623/490/2922
f 3625/480/2924 3624/490/2923 3029/354/2350 3028/351/2349
f 3015/347/2336 3068/384/2389 3626/491/2925 3615/486/2914
f 3019/347/2340 3617/486/2916 3627/491/2926 3070/384/2391
f 3061/381/2382 3060/380/2381 3628/492/2927 3629/493/2928
f 3067/381/2388 3630/493/2929 3631/492/2930 3064/380/2385
f 3042/362/2363 3089/396/2410 3632/494/2931 3618/487/2917
f 3089/396/2410 3013/345/2334 3620/489/2919 3632/494/2931
f 3060/380/2381 3103/408/2424 3633/495/2932 3628/492/2927
f 3064/380/2385 3631/492/2930 3634/495/2933 3104/408/2425
f 3103/408/2424 3107/200/127 3635/201/124 3633/495/2932
f 3104/408/2425 3634/495/2933 3636/201/130 3108/200/131
f 3622/484/2921 3637/479/2934 3128/343/2446 3127/344/2445
f 3637/479/2934 3625/480/2924 3028/351/2349 3128/343/2446
f 3135/362/2453 3138/363/2456 3638/488/2935 3639/487/2936
f 3135/362/2453 3639/487/2936 3640/494/2937 3155/396/2473
f 3155/396/2473 3640/494/2937 3621/489/2920 3130/345/2448
f 3263/449/2573 3641/481/2938 3642/482/2939 3264/450/2574
f 3264/450/2574 3642/482/2939 3643/483/2940 3265/451/2575
f 3608/479/2907 3609/480/2908 3322/351/2632 3310/343/2620
f 3610/481/2909 3611/482/2910 3555/450/2854 3554/449/2853
f 3611/482/2910 3612/483/2911 3556/451/2855 3555/450/2854
f 3613/484/2912 3608/479/2907 3310/343/2620 3309/344/2619
f 3614/485/2913 3615/486/2914 3314/347/2624 3317/348/2627
f 3616/485/2915 3319/348/2629 3318/347/2628 3617/486/2916
f 3341/362/2651 3344/363/2654 3619/488/2918 3618/487/2917
f 3309/344/2619 3312/345/2622 3620/489/2919 3613/484/2912
f 3428/344/2735 3622/484/2921 3621/489/2920 3429/345/2736
f 3623/490/2922 3614/485/2913 3317/348/2627 3324/354/2634
f 3624/490/2923 3328/354/2638 3319/348/2629 3616/485/2915
f 3609/480/2908 3623/490/2922 3324/354/2634 3322/351/2632
f 3625/480/2924 3329/351/2639 3328/354/2638 3624/490/2923
f 3314/347/2624 3615/486/2914 3626/491/2925 3367/384/2677
f 3318/347/2628 3369/384/2679 3627/491/2926 3617/486/2916
f 3362/381/2672 3629/493/2928 3628/492/2927 3359/380/2669
f 3364/381/2674 3363/380/2673 3631/492/2930 3630/493/2929
f 3341/362/2651 3618/487/2917 3632/494/2931 3387/396/2697
f 3387/396/2697 3632/494/2931 3620/489/2919 3312/345/2622
f 3359/380/2669 3628/492/2927 3633/495/2932 3401/408/2711
f 3363/380/2673 3404/408/2714 3634/495/2933 3631/492/2930
f 3401/408/2711 3633/495/2932 3635/201/124 3405/200/123
f 3404/408/2714 3408/200/128 3636/201/130 3634/495/2933
f 3622/484/2921 3428/344/2735 3427/343/2734 3637/479/2934
f 3637/479/2934 3427/343/2734 3329/351/2639 3625/480/2924
f 3434/362/2741 3639/487/2936 3638/488/2935 3435/363/2742
f 3434/362/2741 3455/396/2762 3640/494/2937 3639/487/2936
f 3455/396/2762 3429/345/2736 3621/489/2920 3640/494/2937
f 3564/449/2863 3563/450/2862 3642/482/2939 3641/481/2938
f 3563/450/2862 3565/451/2864 3643/483/2940 3642/482/2939
f 3247/448/2558 3644/496/2941 3645/497/2942 3256/451/2567
f 3644/496/2941 3062/382/2383 3061/381/2382 3645/497/2942
f 3265/451/2575 3646/497/2943 3647/496/2944 3252/448/2563
f 3646/497/2943 3067/381/2388 3066/382/2387 3647/496/2944
f 3246/447/2557 3648/498/2945 3644/496/2941 3247/448/2558
f 3648/498/2945 3072/386/2393 3062/382/2383 3644/496/2941
f 3252/448/2563 3647/496/2944 3649/498/2946 3253/447/2564
f 3647/496/2944 3066/382/2387 3075/386/2396 3649/498/2946
f 3271/454/2581 3650/499/2947 3651/500/2948 3240/441/2551
f 3650/499/2947 3080/391/2401 3079/390/2400 3651/500/2948
f 3262/441/2572 3652/500/2949 3653/499/2950 3268/454/2578
f 3652/500/2949 3085/390/2406 3084/391/2405 3653/499/2950
f 3240/441/2551 3651/500/2948 3654/501/2951 3241/442/2552
f 3651/500/2948 3079/390/2400 3097/404/2418 3654/501/2951
f 3261/442/2571 3655/501/2571 3652/500/2949 3262/441/2572
f 3655/501/2571 3100/404/2421 3085/390/2406 3652/500/2949
f 3241/442/2552 3654/501/2951 3648/498/2945 3246/447/2557
f 3654/501/2951 3097/404/2418 3072/386/2393 3648/498/2945
f 3253/447/2564 3649/498/2946 3655/501/2571 3261/442/2571
f 3649/498/2946 3075/386/2396 3100/404/2421 3655/501/2571
f 3290/502/2600 3656/503/2526 3657/504/2527 3291/466/2601
f 3656/503/2526 3219/426/2526 3218/425/2532 3657/504/2527
f 3291/466/2601 3657/504/2527 3650/505/2947 3271/455/2581
f 3657/504/2527 3218/425/2532 3080/338/2401 3650/505/2947
f 3286/463/2596 3658/506/2952 3659/338/2533 3288/338/2598
f 3658/506/2952 3221/507/2534 3220/338/2533 3659/338/2533
f 3268/462/2578 3653/508/2950 3658/506/2952 3286/463/2596
f 3653/508/2950 3084/422/2405 3221/507/2534 3658/506/2952
f 3556/451/2855 3660/497/2953 3661/496/2954 3546/448/2845
f 3660/497/2953 3362/381/2672 3361/382/2671 3661/496/2954
f 3553/448/2852 3662/496/2955 3663/497/2956 3565/451/2864
f 3662/496/2955 3365/382/2675 3364/381/2674 3663/497/2956
f 3546/448/2845 3661/496/2954 3664/498/2957 3547/447/2846
f 3661/496/2954 3361/382/2671 3372/386/2682 3664/498/2957
f 3552/447/2851 3665/498/2958 3662/496/2955 3553/448/2852
f 3665/498/2958 3373/386/2683 3365/382/2675 3662/496/2955
f 3541/441/2840 3666/500/2959 3667/499/2960 3571/454/2870
f 3666/500/2959 3380/390/2690 3379/391/2689 3667/499/2960
f 3568/454/2867 3668/499/2961 3669/500/2860 3561/441/2860
f 3668/499/2961 3383/391/2693 3382/390/2692 3669/500/2860
f 3540/442/2839 3670/501/2962 3666/500/2959 3541/441/2840
f 3670/501/2962 3397/404/2707 3380/390/2690 3666/500/2959
f 3561/441/2860 3669/500/2860 3671/501/2963 3562/442/2861
f 3669/500/2860 3382/390/2692 3398/404/2708 3671/501/2963
f 3547/447/2846 3664/498/2957 3670/501/2962 3540/442/2839
f 3664/498/2957 3372/386/2682 3397/404/2707 3670/501/2962
f 3562/442/2861 3671/501/2963 3665/498/2958 3552/447/2851
f 3671/501/2963 3398/404/2708 3373/386/2683 3665/498/2958
f 3593/466/2892 3672/504/2820 3673/503/2815 3590/502/2889
f 3672/504/2820 3518/425/2820 3517/426/2815 3673/503/2815
f 3571/455/2870 3667/505/2960 3672/504/2820 3593/466/2892
f 3667/505/2960 3379/338/2689 3518/425/2820 3672/504/2820
f 3589/338/2888 3674/338/2822 3675/506/2964 3587/463/2886
f 3674/338/2822 3520/338/2822 3523/507/2825 3675/506/2964
f 3587/463/2886 3675/506/2964 3668/508/2961 3568/462/2867
f 3675/506/2964 3523/507/2825 3383/422/2693 3668/508/2961
f 3256/451/2567 3645/497/2942 3676/509/2965 3612/483/2911
f 3645/497/2942 3061/381/2382 3629/493/2928 3676/509/2965
f 3643/483/2940 3677/509/2966 3646/497/2943 3265/451/2575
f 3677/509/2966 3630/493/2929 3067/381/2388 3646/497/2943
f 3612/483/2911 3676/509/2965 3660/497/2953 3556/451/2855
f 3676/509/2965 3629/493/2928 3362/381/2672 3660/497/2953
f 3565/451/2864 3663/497/2956 3677/509/2966 3643/483/2940
f 3663/497/2956 3364/381/2674 3630/493/2929 3677/509/2966
f 3087/394/2408 3678/510/2967 3679/511/2968 3086/393/2407
f 3678/510/2967 3269/452/2579 3237/438/2548 3679/511/2968
f 3212/422/2526 3680/512/2526 3681/513/2532 3213/421/2527
f 3680/512/2526 3277/514/2587 3275/457/2585 3681/513/2532
f 3154/336/2472 3682/515/2969 3683/516/2528 3214/423/2528
f 3682/515/2969 3266/461/2576 3280/460/2590 3683/516/2528
f 3070/384/2391 3684/517/2970 3685/518/2971 3071/385/2392
f 3684/517/2970 3263/449/2573 3249/443/2560 3685/518/2971
f 3077/388/2398 3686/519/2972 3687/520/2973 3164/406/2482
f 3686/519/2972 3248/444/2559 3258/437/2569 3687/520/2973
f 3069/385/2390 3688/518/2974 3689/517/2975 3068/384/2389
f 3688/518/2974 3242/443/2553 3254/449/2565 3689/517/2975
f 3101/406/2422 3690/520/2976 3691/519/2977 3076/388/2397
f 3690/520/2976 3236/437/2547 3243/444/2554 3691/519/2977
f 3086/393/2407 3679/511/2968 3690/520/2976 3101/406/2422
f 3679/511/2968 3237/438/2548 3236/437/2547 3690/520/2976
f 3071/385/2392 3685/518/2971 3686/519/2972 3077/388/2398
f 3685/518/2971 3249/443/2560 3248/444/2559 3686/519/2972
f 3164/406/2482 3687/520/2973 3692/511/2978 3153/393/2471
f 3687/520/2973 3258/437/2569 3257/438/2568 3692/511/2978
f 3153/393/2471 3692/511/2978 3682/510/2969 3154/394/2472
f 3692/511/2978 3257/438/2568 3266/452/2576 3682/510/2969
f 3214/423/2528 3683/516/2528 3693/521/2529 3215/338/2529
f 3683/516/2528 3280/460/2590 3279/522/2589 3693/521/2529
f 3213/421/2527 3681/513/2532 3678/523/2967 3087/336/2408
f 3681/513/2532 3275/457/2585 3269/456/2579 3678/523/2967
f 3076/388/2397 3691/519/2977 3688/518/2974 3069/385/2390
f 3691/519/2977 3243/444/2554 3242/443/2553 3688/518/2974
f 3385/393/2695 3694/511/2979 3695/510/2980 3386/394/2696
f 3694/511/2979 3539/438/2838 3570/452/2869 3695/510/2980
f 3513/421/2816 3696/513/2820 3697/512/2815 3512/422/2815
f 3696/513/2820 3576/457/2875 3578/514/2877 3697/512/2815
f 3515/423/2818 3698/516/2818 3699/515/2981 3453/336/2760
f 3698/516/2818 3582/460/2881 3566/461/2865 3699/515/2981
f 3370/385/2680 3700/518/2982 3701/517/2983 3369/384/2679
f 3700/518/2982 3551/443/2850 3564/449/2863 3701/517/2983
f 3463/406/2770 3702/520/2984 3703/519/2847 3376/388/2686
f 3702/520/2984 3560/437/2859 3548/444/2847 3703/519/2847
f 3367/384/2677 3704/517/2985 3705/518/2986 3368/385/2678
f 3704/517/2985 3554/449/2853 3542/443/2841 3705/518/2986
f 3375/388/2685 3706/519/2987 3707/520/2988 3400/406/2710
f 3706/519/2987 3545/444/2844 3536/437/2836 3707/520/2988
f 3400/406/2710 3707/520/2988 3694/511/2979 3385/393/2695
f 3707/520/2988 3536/437/2836 3539/438/2838 3694/511/2979
f 3376/388/2686 3703/519/2847 3700/518/2982 3370/385/2680
f 3703/519/2847 3548/444/2847 3551/443/2850 3700/518/2982
f 3452/393/2759 3708/511/2989 3702/520/2984 3463/406/2770
f 3708/511/2989 3557/438/2856 3560/437/2859 3702/520/2984
f 3453/394/2760 3699/510/2981 3708/511/2989 3452/393/2759
f 3699/510/2981 3566/452/2865 3557/438/2856 3708/511/2989
f 3514/338/2817 3709/521/2817 3698/516/2818 3515/423/2818
f 3709/521/2817 3579/522/2878 3582/460/2881 3698/516/2818
f 3386/336/2696 3695/523/2980 3696/513/2820 3513/421/2816
f 3695/523/2980 3570/456/2869 3576/457/2875 3696/513/2820
f 3368/385/2678 3705/518/2986 3706/519/2987 3375/388/2685
f 3705/518/2986 3542/443/2841 3545/444/2844 3706/519/2987
f 3068/384/2389 3689/517/2975 3710/524/2990 3626/491/2925
f 3689/517/2975 3254/449/2565 3610/481/2909 3710/524/2990
f 3627/491/2926 3711/524/2991 3684/517/2970 3070/384/2391
f 3711/524/2991 3641/481/2938 3263/449/2573 3684/517/2970
f 3626/491/2925 3710/524/2990 3704/517/2985 3367/384/2677
f 3710/524/2990 3610/481/2909 3554/449/2853 3704/517/2985
f 3369/384/2679 3701/517/2983 3711/524/2991 3627/491/2926
f 3701/517/2983 3564/449/2863 3641/481/2938 3711/524/2991
f 3712/459/2992 3176/419/2490 3179/422/2493 3713/459/2993
f 3714/459/2994 3184/419/2498 3176/422/2490 3712/459/2992
f 3715/459/2995 3188/419/2502 3184/422/2498 3714/459/2994
f 3716/459/2996 3192/419/2506 3188/422/2502 3715/459/2995
f 3717/459/2997 3196/419/2510 3192/422/2506 3716/459/2996
f 3718/459/2998 3200/419/2514 3196/422/2510 3717/459/2997
f 3719/459/2999 3204/419/2518 3200/422/2514 3718/459/2998
f 3720/459/3000 3208/419/2522 3204/422/2518 3719/459/2999
f 3721/459/3001 3212/419/2526 3208/422/2522 3720/459/3000
f 3722/525/3002 3216/422/2530 3219/426/2526 3723/525/3001
f 3724/526/3003 3228/434/2539 3224/429/2537 3725/429/3004
f 3726/526/3005 3232/434/2543 3228/434/2539 3724/526/3003
f 3725/429/3004 3224/429/2537 3216/426/2530 3722/525/3002
f 3727/419/3006 3180/338/2494 3183/419/2497 3728/419/3007
f 3728/419/3007 3183/338/2497 3187/419/2501 3729/419/3008
f 3729/419/3008 3187/338/2501 3191/419/2505 3730/419/3009
f 3730/419/3009 3191/338/2505 3195/419/2509 3731/419/3010
f 3731/419/3010 3195/338/2509 3199/419/2513 3732/419/3011
f 3732/419/3011 3199/338/2513 3203/419/2517 3733/419/3012
f 3733/419/3012 3203/338/2517 3207/419/2521 3734/419/3013
f 3734/419/3013 3207/338/2521 3211/419/2525 3735/419/3014
f 3735/419/3014 3211/338/2525 3215/419/2529 3736/419/3015
f 3737/525/3015 3220/336/2533 3223/422/2536 3738/422/3016
f 3739/526/3017 3234/434/2545 3232/434/2543 3726/526/3005
f 3740/527/3018 3227/429/2536 3231/434/2542 3741/434/3019
f 3741/434/3019 3231/434/2542 3234/434/2545 3739/526/3017
f 3738/422/3016 3223/426/2536 3227/338/2536 3740/527/3018
f 3742/458/3020 3278/458/2588 3277/458/2587 3743/514/3021
f 3744/476/3022 3305/476/2615 3278/458/2588 3742/458/3020
f 3745/475/3023 3304/475/2614 3305/476/2615 3744/476/3022
f 3746/459/3024 3279/459/2589 3282/459/2592 3747/459/3025
f 3747/459/3025 3282/459/2592 3304/475/2614 3745/475/3023
f 3748/464/3026 3289/464/2599 3288/464/2598 3749/464/3027
f 3750/478/3028 3307/478/2617 3289/464/2599 3748/464/3026
f 3751/477/3029 3306/477/2616 3307/478/2617 3750/478/3028
f 3752/465/3030 3290/465/2600 3293/465/2603 3753/465/3031
f 3753/465/3031 3293/465/2603 3306/477/2616 3751/477/3029
f 3754/459/3032 3477/422/2780 3476/419/2779 3755/459/3033
f 3755/459/3033 3476/422/2779 3484/419/2787 3756/459/3034
f 3756/459/3034 3484/422/2787 3488/419/2791 3757/459/3035
f 3757/459/3035 3488/422/2791 3492/419/2795 3758/459/3036
f 3758/459/3036 3492/422/2795 3496/419/2799 3759/459/3037
f 3759/459/3037 3496/422/2799 3500/419/2803 3760/459/3038
f 3760/459/3038 3500/422/2803 3504/419/2807 3761/459/3039
f 3761/459/3039 3504/422/2807 3508/419/2811 3762/459/3040
f 3762/459/3040 3508/422/2811 3512/419/2815 3763/459/3041
f 3764/525/3042 3517/426/2815 3516/422/2819 3765/525/3043
f 3766/429/3044 3524/429/2826 3528/434/2828 3767/526/3045
f 3767/526/3045 3528/434/2828 3532/434/2832 3768/526/3046
f 3765/525/3043 3516/426/2819 3524/429/2826 3766/429/3044
f 3769/419/3047 3481/419/2784 3480/338/2783 3770/419/3048
f 3771/419/3049 3486/419/2789 3481/338/2784 3769/419/3047
f 3772/419/3050 3490/419/2793 3486/338/2789 3771/419/3049
f 3773/419/3051 3494/419/2797 3490/338/2793 3772/419/3050
f 3774/419/3052 3498/419/2801 3494/338/2797 3773/419/3051
f 3775/419/3053 3502/419/2805 3498/338/2801 3774/419/3052
f 3776/419/3054 3506/419/2809 3502/338/2805 3775/419/3053
f 3777/419/3055 3510/419/2813 3506/338/2809 3776/419/3054
f 3778/419/3056 3514/419/2817 3510/338/2813 3777/419/3055
f 3779/422/3057 3521/422/2823 3520/336/2822 3780/525/3057
f 3768/526/3046 3532/434/2832 3534/434/2834 3781/526/3058
f 3781/526/3058 3534/434/2834 3530/434/2830 3782/434/3059
f 3782/434/3059 3530/434/2830 3526/429/2823 3783/527/3060
f 3783/527/3060 3526/338/2823 3521/426/2823 3779/422/3057
f 3784/514/3061 3578/458/2877 3577/458/2876 3785/458/3062
f 3785/458/3062 3577/458/2876 3605/476/2904 3786/476/3063
f 3786/476/3063 3605/476/2904 3604/475/2903 3787/475/3064
f 3787/475/3064 3604/475/2903 3580/459/2879 3788/459/3065
f 3788/459/3065 3580/459/2879 3579/459/2878 3789/459/3066
f 3790/464/3067 3589/464/2888 3588/464/2887 3791/464/3068
f 3791/464/3068 3588/464/2887 3607/478/2906 3792/478/3069
f 3792/478/3069 3607/478/2906 3606/477/2905 3793/477/3070
f 3793/477/3070 3606/477/2905 3591/465/2890 3794/465/3071
f 3794/465/3071 3591/465/2890 3590/465/2889 3795/465/3072
f 3796/528/3073 3656/503/2526 3290/502/2600 3752/465/3030
f 3723/525/3001 3219/426/2526 3656/503/2526 3796/528/3073
f 3749/464/3027 3288/338/2598 3659/338/2533 3797/529/3074
f 3797/529/3074 3659/338/2533 3220/338/2533 3737/525/3015
f 3795/465/3072 3590/502/2889 3673/503/2815 3798/528/3075
f 3798/528/3075 3673/503/2815 3517/426/2815 3764/525/3042
f 3799/529/3056 3674/338/2822 3589/338/2888 3790/464/3067
f 3780/525/3057 3520/338/2822 3674/338/2822 3799/529/3056
f 3800/512/3073 3680/512/2526 3212/422/2526 3721/459/3001
f 3743/514/3021 3277/514/2587 3680/512/2526 3800/512/3073
f 3736/419/3015 3215/338/2529 3693/521/2529 3801/459/3016
f 3801/459/3016 3693/521/2529 3279/522/2589 3746/459/3024
f 3763/459/3041 3512/422/2815 3697/512/2815 3802/512/3075
f 3802/512/3075 3697/512/2815 3578/514/2877 3784/514/3061
f 3803/459/3056 3709/521/2817 3514/338/2817 3778/419/3056
f 3789/459/3066 3579/522/2878 3709/521/2817 3803/459/3056
f 3713/338/2993 3804/530/3076 3805/459/3077 3712/459/2992
f 3712/338/2992 3805/530/3077 3806/459/3078 3714/459/2994
f 3714/338/2994 3806/530/3078 3807/459/3079 3715/459/2995
f 3715/338/2995 3807/530/3079 3808/459/3080 3716/459/2996
f 3716/338/2996 3808/530/3080 3809/459/3081 3717/459/2997
f 3717/338/2997 3809/530/3081 3810/459/3082 3718/459/2998
f 3718/338/2998 3810/530/3082 3811/459/3083 3719/459/2999
f 3719/338/2999 3811/530/3083 3812/459/3084 3720/459/3000
f 3720/338/3000 3812/530/3084 3813/459/3085 3721/459/3001
f 3723/525/3001 3814/525/3086 3815/338/3087 3722/338/3002
f 3725/527/3004 3816/527/3088 3726/526/3005 3724/526/3003
f 3722/525/3002 3815/531/3087 3816/532/3088 3725/426/3004
f 3804/530/3076 3817/533/3089 3818/459/3090 3805/459/3077
f 3817/533/3089 3727/459/3006 3728/459/3007 3818/459/3090
f 3805/530/3077 3818/533/3090 3819/459/3091 3806/459/3078
f 3818/533/3090 3728/459/3007 3729/459/3008 3819/459/3091
f 3806/530/3078 3819/533/3091 3820/459/3092 3807/459/3079
f 3819/533/3091 3729/459/3008 3730/459/3009 3820/459/3092
f 3807/530/3079 3820/533/3092 3821/459/3093 3808/459/3080
f 3820/533/3092 3730/459/3009 3731/459/3010 3821/459/3093
f 3808/530/3080 3821/533/3093 3822/459/3094 3809/459/3081
f 3821/533/3093 3731/459/3010 3732/459/3011 3822/459/3094
f 3809/530/3081 3822/533/3094 3823/459/3095 3810/459/3082
f 3822/533/3094 3732/459/3011 3733/459/3012 3823/459/3095
f 3810/530/3082 3823/533/3095 3824/459/3096 3811/459/3083
f 3823/533/3095 3733/459/3012 3734/459/3013 3824/459/3096
f 3811/530/3083 3824/533/3096 3825/459/3097 3812/459/3084
f 3824/533/3096 3734/459/3013 3735/459/3014 3825/459/3097
f 3812/530/3084 3825/533/3097 3826/459/3085 3813/459/3085
f 3825/533/3097 3735/459/3014 3736/459/3015 3826/459/3085
f 3814/525/3086 3827/525/3098 3828/338/3099 3815/338/3087
f 3827/525/3098 3737/525/3015 3738/338/3016 3828/338/3099
f 3816/527/3088 3829/527/3100 3739/526/3017 3726/526/3005
f 3829/527/3100 3740/527/3018 3741/526/3019 3739/526/3017
f 3815/531/3087 3828/534/3099 3829/535/3100 3816/532/3088
f 3828/534/3099 3738/338/3016 3740/527/3018 3829/535/3100
f 3743/458/3021 3830/476/3101 3744/476/3022 3742/458/3020
f 3830/476/3101 3831/475/3102 3745/475/3023 3744/476/3022
f 3831/475/3102 3746/459/3024 3747/459/3025 3745/475/3023
f 3749/464/3027 3832/478/3103 3750/478/3028 3748/464/3026
f 3832/478/3103 3833/477/3104 3751/477/3029 3750/478/3028
f 3833/477/3104 3752/465/3030 3753/465/3031 3751/477/3029
f 3754/338/3032 3755/459/3033 3834/459/3105 3835/530/3106
f 3755/338/3033 3756/459/3034 3836/459/3107 3834/530/3105
f 3756/338/3034 3757/459/3035 3837/459/3108 3836/530/3107
f 3757/338/3035 3758/459/3036 3838/459/3109 3837/530/3108
f 3758/338/3036 3759/459/3037 3839/459/3110 3838/530/3109
f 3759/338/3037 3760/459/3038 3840/459/3111 3839/530/3110
f 3760/338/3038 3761/459/3039 3841/459/3112 3840/530/3111
f 3761/338/3039 3762/459/3040 3842/459/3113 3841/530/3112
f 3762/338/3040 3763/459/3041 3843/459/3114 3842/530/3113
f 3764/525/3042 3765/338/3043 3844/338/3115 3845/525/3114
f 3766/527/3044 3767/526/3045 3768/526/3046 3846/527/3116
f 3765/525/3043 3766/426/3044 3846/532/3116 3844/531/3115
f 3835/530/3106 3834/459/3105 3847/459/3090 3848/533/3117
f 3848/533/3117 3847/459/3090 3769/459/3047 3770/459/3048
f 3834/530/3105 3836/459/3107 3849/459/3118 3847/533/3090
f 3847/533/3090 3849/459/3118 3771/459/3049 3769/459/3047
f 3836/530/3107 3837/459/3108 3850/459/3119 3849/533/3118
f 3849/533/3118 3850/459/3119 3772/459/3050 3771/459/3049
f 3837/530/3108 3838/459/3109 3851/459/3120 3850/533/3119
f 3850/533/3119 3851/459/3120 3773/459/3051 3772/459/3050
f 3838/530/3109 3839/459/3110 3852/459/3121 3851/533/3120
f 3851/533/3120 3852/459/3121 3774/459/3052 3773/459/3051
f 3839/530/3110 3840/459/3111 3853/459/3122 3852/533/3121
f 3852/533/3121 3853/459/3122 3775/459/3053 3774/459/3052
f 3840/530/3111 3841/459/3112 3854/459/3123 3853/533/3122
f 3853/533/3122 3854/459/3123 3776/459/3054 3775/459/3053
f 3841/530/3112 3842/459/3113 3855/459/3124 3854/533/3123
f 3854/533/3123 3855/459/3124 3777/459/3055 3776/459/3054
f 3842/530/3113 3843/459/3114 3856/459/3125 3855/533/3124
f 3855/533/3124 3856/459/3125 3778/459/3056 3777/459/3055
f 3845/525/3114 3844/338/3115 3857/338/3126 3858/525/3114
f 3858/525/3114 3857/338/3126 3779/338/3057 3780/525/3057
f 3846/527/3116 3768/526/3046 3781/526/3058 3859/527/3127
f 3859/527/3127 3781/526/3058 3782/526/3059 3783/527/3060
f 3844/531/3115 3846/532/3116 3859/535/3127 3857/534/3126
f 3857/534/3126 3859/535/3127 3783/527/3060 3779/338/3057
f 3784/458/3061 3785/458/3062 3786/476/3063 3860/476/3128
f 3860/476/3128 3786/476/3063 3787/475/3064 3861/475/3129
f 3861/475/3129 3787/475/3064 3788/459/3065 3789/459/3066
f 3790/464/3067 3791/464/3068 3792/478/3069 3862/478/3130
f 3862/478/3130 3792/478/3069 3793/477/3070 3863/477/3131
f 3863/477/3131 3793/477/3070 3794/465/3071 3795/465/3072
f 3833/477/3104 3864/536/3132 3796/528/3073 3752/465/3030
f 3864/536/3132 3814/525/3086 3723/525/3001 3796/528/3073
f 3832/478/3103 3865/537/3098 3864/536/3132 3833/477/3104
f 3865/537/3098 3827/525/3098 3814/525/3086 3864/536/3132
f 3749/464/3027 3797/529/3074 3865/537/3098 3832/478/3103
f 3797/529/3074 3737/525/3015 3827/525/3098 3865/537/3098
f 3795/465/3072 3798/528/3075 3866/536/3133 3863/477/3131
f 3798/528/3075 3764/525/3042 3845/525/3114 3866/536/3133
f 3863/477/3131 3866/536/3133 3867/537/3114 3862/478/3130
f 3866/536/3133 3845/525/3114 3858/525/3114 3867/537/3114
f 3862/478/3130 3867/537/3114 3799/529/3056 3790/464/3067
f 3867/537/3114 3858/525/3114 3780/525/3057 3799/529/3056
f 3826/533/3085 3868/538/3098 3869/539/3085 3813/530/3085
f 3868/538/3098 3831/475/3102 3830/476/3101 3869/539/3085
f 3813/530/3085 3869/539/3085 3800/540/3073 3721/338/3001
f 3869/539/3085 3830/476/3101 3743/458/3021 3800/540/3073
f 3736/459/3015 3801/459/3016 3868/538/3098 3826/533/3085
f 3801/459/3016 3746/459/3024 3831/475/3102 3868/538/3098
f 3843/530/3114 3870/539/3134 3871/538/3134 3856/533/3125
f 3870/539/3134 3860/476/3128 3861/475/3129 3871/538/3134
f 3763/338/3041 3802/540/3075 3870/539/3134 3843/530/3114
f 3802/540/3075 3784/458/3061 3860/476/3128 3870/539/3134
f 3856/533/3125 3871/538/3134 3803/459/3056 3778/459/3056
f 3871/538/3134 3861/475/3129 3789/459/3066 3803/459/3056
f 3179/422/2493 3872/422/3135 3873/338/3136 3713/459/2993
f 3713/338/2993 3873/338/3136 3874/530/3137 3804/530/3076
f 3804/530/3076 3874/530/3137 3875/533/3137 3817/533/3089
f 3817/533/3089 3875/533/3137 3876/459/3138 3727/459/3006
f 3727/419/3006 3876/459/3138 3877/338/3139 3180/338/2494
f 3872/422/3135 3477/422/2780 3754/459/3032 3873/338/3136
f 3873/338/3136 3754/338/3032 3835/530/3106 3874/530/3137
f 3874/530/3137 3835/530/3106 3848/533/3117 3875/533/3137
f 3875/533/3137 3848/533/3117 3770/459/3048 3876/459/3138
f 3876/459/3138 3770/419/3048 3480/338/2783 3877/338/3139
f 3878/423/3140 3638/336/2935 3138/422/2456 3181/424/2495
f 3878/423/3140 3483/424/2786 3435/422/2742 3638/336/2935
f 3180/338/2494 3877/338/3139 3878/420/3140 3181/423/2495
f 3877/338/3139 3480/338/2783 3483/423/2786 3878/420/3140
f 3178/420/2492 3043/338/2364 3619/336/2918 3879/421/3141
f 3478/420/2781 3879/421/3141 3619/336/2918 3344/338/2654
f 3178/421/2492 3879/420/3141 3872/422/3135 3179/422/2493
f 3879/420/3141 3478/421/2781 3477/422/2780 3872/422/3135
f 1616/172/3142 1603/172/3143 3880/172/3144 3881/172/3145
f 3881/172/3145 3880/172/3144 3882/172/3146 3883/172/3147
f 3883/172/3147 3882/172/3146 3884/172/3148 3885/172/3149
f 3885/172/3149 3884/172/3148 1642/172/3150 1649/172/3151
f 1944/172/3152 3886/172/3153 3887/172/3154 1932/172/3155
f 3886/172/3153 3888/172/3156 3889/172/3157 3887/172/3154
f 3888/172/3156 3890/172/3158 3891/172/3159 3889/172/3157
f 3890/172/3158 1976/172/3160 1970/172/3161 3891/172/3159
f 3892/172/3162 3893/172/3163 3894/172/3164 3895/172/3165
f 3896/172/3166 3897/172/3167 3898/172/3168 3899/172/3169
f 3897/172/3167 3900/172/3170 3901/172/3171 3898/172/3168
f 3900/172/3170 3902/172/3172 3903/172/3173 3901/172/3171
f 3902/172/3172 3904/172/3174 3905/172/3175 3903/172/3173
f 3904/172/3174 3906/172/3176 3907/172/3177 3905/172/3175
f 3906/172/3176 3908/172/3178 3909/172/3179 3907/172/3177
f 3908/172/3178 3910/172/3180 3911/172/3181 3909/172/3179
f 3910/172/3180 3893/172/3163 3892/172/3162 3911/172/3181
f 3899/172/3169 3912/172/3182 3913/172/3183 3896/172/3166
f 3914/172/3184 3915/172/3185 3916/172/3186 3917/172/3187
f 3918/172/3188 3919/172/3189 3920/172/3190 3921/172/3191
f 3921/172/3191 3920/172/3190 3922/172/3192 3923/172/3193
f 3923/172/3193 3922/172/3192 3924/172/3194 3925/172/3195
f 3925/172/3195 3924/172/3194 3926/172/3196 3927/172/3197
f 3927/172/3197 3926/172/3196 3928/172/3198 3929/172/3199
f 3929/172/3199 3928/172/3198 3930/172/3200 3931/172/3201
f 3931/172/3201 3930/172/3200 3932/172/3202 3933/172/3203
f 3933/172/3203 3932/172/3202 3914/172/3184 3917/172/3187
f 3919/172/3189 3918/172/3188 3913/172/3183 3912/172/3182
f 3934/172/3204 3935/172/3205 3936/172/3206 3937/172/3207
f 3935/172/3205 1502/172/3208 1660/172/3209 3936/172/3206
f 3938/172/3210 3939/172/3211 3940/172/3212 3941/172/3213
f 3939/172/3211 1979/172/3214 1987/172/3215 3940/172/3212
f 3942/172/3216 3943/172/3217 3944/172/3218 3945/172/3219
f 3943/172/3217 3946/172/3220 3947/172/3221 3944/172/3218
f 3948/172/3222 3949/172/3223 3939/172/3211 3938/172/3210
f 3949/172/3223 1971/172/3224 1979/172/3214 3939/172/3211
f 3945/172/3219 3944/172/3218 3950/172/3225 3951/172/3226
f 3944/172/3218 3947/172/3221 3952/172/3227 3950/172/3225
f 3953/172/3228 3954/172/3229 3955/172/3230 3956/172/3231
f 3954/172/3229 1652/172/3232 1644/172/3233 3955/172/3230
f 3957/172/3234 3958/172/3235 3949/172/3223 3948/172/3222
f 3958/172/3235 3959/172/3236 1971/172/3224 3949/172/3223
f 3951/172/3226 3950/172/3225 3960/172/3237 3961/172/3238
f 3950/172/3225 3952/172/3227 3962/172/3239 3960/172/3237
f 3956/172/3231 3955/172/3230 3963/172/3240 3964/172/3241
f 3955/172/3230 1644/172/3233 3965/172/3242 3963/172/3240
f 3966/172/3243 3967/172/3244 3958/172/3235 3957/172/3234
f 3967/172/3244 3968/172/3245 3959/172/3236 3958/172/3235
f 3961/172/3238 3960/172/3237 3969/172/3246 3970/172/3247
f 3960/172/3237 3962/172/3239 3971/172/3248 3969/172/3246
f 3941/172/3213 3940/172/3212 3972/172/3249 3973/172/3250
f 3940/172/3212 1987/172/3215 1830/172/3251 3972/172/3249
f 3964/172/3241 3963/172/3240 3974/172/3252 3975/172/3253
f 3963/172/3240 3965/172/3242 3976/172/3254 3974/172/3252
f 3977/172/3255 3978/172/3256 3967/172/3244 3966/172/3243
f 3978/172/3256 3979/172/3257 3968/172/3245 3967/172/3244
f 3980/172/3258 3981/172/3259 3943/172/3217 3942/172/3216
f 3981/172/3259 3982/172/3260 3946/172/3220 3943/172/3217
f 3970/172/3247 3969/172/3246 3983/172/3261 3984/172/3262
f 3969/172/3246 3971/172/3248 3985/172/3263 3983/172/3261
f 3975/172/3253 3974/172/3252 3986/172/3264 3987/172/3265
f 3974/172/3252 3976/172/3254 3988/172/3266 3986/172/3264
f 3984/172/3262 3983/172/3261 3989/172/3267 3990/172/3268
f 3983/172/3261 3985/172/3263 3991/172/3269 3989/172/3267
f 3992/172/3270 3993/172/3271 3978/172/3256 3977/172/3255
f 3993/172/3271 1934/172/3272 3979/172/3257 3978/172/3256
f 3987/172/3265 3986/172/3264 3994/172/3273 3995/172/3274
f 3986/172/3264 3988/172/3266 1606/172/3275 3994/172/3273
f 3996/172/3276 3997/172/3277 3993/172/3271 3992/172/3270
f 3997/172/3277 1933/172/3278 1934/172/3272 3993/172/3271
f 3990/172/3268 3989/172/3267 3998/172/3279 3999/172/3280
f 3989/172/3267 3991/172/3269 4000/172/3281 3998/172/3279
f 3995/172/3274 3994/172/3273 4001/172/3282 4002/172/3283
f 3994/172/3273 1606/172/3275 1607/172/3284 4001/172/3282
f 4003/172/3285 4004/172/3286 3997/172/3277 3996/172/3276
f 4004/172/3286 1669/172/3287 1933/172/3278 3997/172/3277
f 3973/172/3250 3972/172/3249 4005/172/3288 4006/172/3289
f 3972/172/3249 1830/172/3251 1829/172/3290 4005/172/3288
f 3999/172/3280 3998/172/3279 4007/172/3291 4008/172/3292
f 3998/172/3279 4000/172/3281 4009/172/3293 4007/172/3291
f 4010/172/3294 4011/172/3295 3981/172/3259 3980/172/3258
f 4011/172/3295 4012/172/3296 3982/172/3260 3981/172/3259
f 4013/172/3297 4014/172/3298 3935/172/3205 3934/172/3204
f 4014/172/3298 1503/172/3299 1502/172/3208 3935/172/3205
f 4015/172/3300 4016/172/3301 4017/172/3302 4018/172/3303
f 4016/172/3301 4019/172/3304 4020/172/3305 4017/172/3302
f 4021/172/3306 4022/172/3307 4016/172/3301 4015/172/3300
f 4022/172/3307 4023/172/3308 4019/172/3304 4016/172/3301
f 4008/172/3292 4007/172/3291 4024/172/3309 4025/172/3310
f 4007/172/3291 4009/172/3293 4026/172/3311 4024/172/3309
f 4027/172/3312 4028/172/3313 4022/172/3307 4021/172/3306
f 4028/172/3313 4029/172/3314 4023/172/3308 4022/172/3307
f 4030/172/3315 4031/172/3316 4028/172/3313 4027/172/3312
f 4031/172/3316 4032/172/3317 4029/172/3314 4028/172/3313
f 4018/172/3303 4017/172/3302 4033/172/3318 4034/172/3319
f 4017/172/3302 4020/172/3305 4035/172/3320 4033/172/3318
f 4036/172/3321 4037/172/3322 4031/172/3316 4030/172/3315
f 4037/172/3322 4038/172/3323 4032/172/3317 4031/172/3316
f 4039/172/3324 4040/172/3325 4037/172/3322 4036/172/3321
f 4040/172/3325 4041/172/3326 4038/172/3323 4037/172/3322
f 4025/172/3310 4024/172/3309 4040/172/3325 4039/172/3324
f 4024/172/3309 4026/172/3311 4041/172/3326 4040/172/3325
f 3937/172/3207 3936/172/3206 3954/172/3229 3953/172/3228
f 3936/172/3206 1660/172/3209 1652/172/3232 3954/172/3229
f 4034/172/3319 4033/172/3318 4042/172/3327 4043/172/3328
f 4033/172/3318 4035/172/3320 4044/172/3329 4042/172/3327
f 4002/172/3283 4001/172/3282 4004/172/3286 4003/172/3285
f 4001/172/3282 1607/172/3284 1669/172/3287 4004/172/3286
f 1509/172/3330 4045/172/3331 4046/172/3332 1508/172/3333
f 4045/172/3331 4047/172/3334 4048/172/3335 4046/172/3332
f 3923/172/3193 4049/172/3336 4050/172/3337 3921/172/3191
f 4049/172/3336 4051/172/3338 4052/172/3339 4050/172/3337
f 3888/172/3156 4053/172/3340 4054/172/3341 3890/172/3158
f 4053/172/3340 4055/172/3342 4056/172/3343 4054/172/3341
f 3921/172/3191 4050/172/3337 4057/172/3344 3918/172/3188
f 4050/172/3337 4052/172/3339 4058/172/3345 4057/172/3344
f 1943/172/3346 4059/172/3347 4060/172/3348 1944/172/3152
f 4059/172/3347 4061/172/3349 4062/172/3350 4060/172/3348
f 1984/172/3351 4063/172/3352 4064/172/3353 1992/172/3354
f 4063/172/3352 4065/172/3355 4066/172/3356 4064/172/3353
f 3918/172/3188 4057/172/3344 4067/172/3357 3913/172/3183
f 4057/172/3344 4058/172/3345 4068/172/3358 4067/172/3357
f 3916/172/3186 4069/172/3359 4070/172/3360 3917/172/3187
f 4069/172/3359 4071/172/3361 4072/172/3362 4070/172/3360
f 1944/172/3152 4060/172/3348 4073/172/3363 3886/172/3153
f 4060/172/3348 4062/172/3350 4074/172/3364 4073/172/3363
f 3908/172/3178 4075/172/3365 4076/172/3366 3910/172/3180
f 4075/172/3365 4077/172/3367 4078/172/3368 4076/172/3366
f 3883/172/3147 4079/172/3369 4080/172/3370 3881/172/3145
f 4079/172/3369 4081/172/3371 4082/172/3372 4080/172/3370
f 3906/172/3176 4083/172/3373 4075/172/3365 3908/172/3178
f 4083/172/3373 4084/172/3374 4077/172/3367 4075/172/3365
f 3913/172/3183 4067/172/3357 4085/172/3375 3896/172/3166
f 4067/172/3357 4068/172/3358 4086/172/3376 4085/172/3375
f 3904/172/3174 4087/172/3377 4083/172/3373 3906/172/3176
f 4087/172/3377 4088/172/3378 4084/172/3374 4083/172/3373
f 1508/172/3333 4046/172/3332 4089/172/3379 1665/172/3380
f 4046/172/3332 4048/172/3335 4090/172/3381 4089/172/3379
f 3890/172/3158 4054/172/3341 4091/172/3382 1976/172/3160
f 4054/172/3341 4056/172/3343 4092/172/3383 4091/172/3382
f 1657/172/3384 4093/172/3385 4094/172/3386 1649/172/3151
f 4093/172/3385 4095/172/3387 4096/172/3388 4094/172/3386
f 3902/172/3172 4097/172/3389 4087/172/3377 3904/172/3174
f 4097/172/3389 4098/172/3390 4088/172/3378 4087/172/3377
f 3910/172/3180 4076/172/3366 4099/172/3391 3893/172/3163
f 4076/172/3366 4078/172/3368 4100/172/3392 4099/172/3391
f 3900/172/3170 4101/172/3393 4097/172/3389 3902/172/3172
f 4101/172/3393 4102/172/3394 4098/172/3390 4097/172/3389
f 3897/172/3167 4103/172/3395 4101/172/3393 3900/172/3170
f 4103/172/3395 4104/172/3396 4102/172/3394 4101/172/3393
f 3896/172/3166 4085/172/3375 4103/172/3395 3897/172/3167
f 4085/172/3375 4086/172/3376 4104/172/3396 4103/172/3395
f 1836/172/3397 4105/172/3398 4106/172/3399 1835/172/3400
f 4105/172/3398 4107/172/3401 4108/172/3402 4106/172/3399
f 3893/172/3163 4099/172/3391 4109/172/3403 3894/172/3164
f 4099/172/3391 4100/172/3392 4110/172/3404 4109/172/3403
f 3885/172/3149 4111/172/3405 4079/172/3369 3883/172/3147
f 4111/172/3405 4112/172/3406 4081/172/3371 4079/172/3369
f 1616/172/3142 4113/172/3407 4114/172/3408 1617/172/3409
f 4113/172/3407 4115/172/3410 4116/172/3411 4114/172/3408
f 1665/172/3380 4089/172/3379 4093/172/3385 1657/172/3384
f 4089/172/3379 4090/172/3381 4095/172/3387 4093/172/3385
f 1672/172/3412 4117/172/3413 4059/172/3347 1943/172/3346
f 4117/172/3413 4118/172/3414 4061/172/3349 4059/172/3347
f 3886/172/3153 4073/172/3363 4053/172/3340 3888/172/3156
f 4073/172/3363 4074/172/3364 4055/172/3342 4053/172/3340
f 1976/172/3160 4091/172/3382 4063/172/3352 1984/172/3351
f 4091/172/3382 4092/172/3383 4065/172/3355 4063/172/3352
f 1617/172/3409 4114/172/3408 4117/172/3413 1672/172/3412
f 4114/172/3408 4116/172/3411 4118/172/3414 4117/172/3413
f 3933/172/3203 4119/172/3415 4120/172/3416 3931/172/3201
f 4119/172/3415 4121/172/3417 4122/172/3418 4120/172/3416
f 3931/172/3201 4120/172/3416 4123/172/3419 3929/172/3199
f 4120/172/3416 4122/172/3418 4124/172/3420 4123/172/3419
f 3929/172/3199 4123/172/3419 4125/172/3421 3927/172/3197
f 4123/172/3419 4124/172/3420 4126/172/3422 4125/172/3421
f 3927/172/3197 4125/172/3421 4127/172/3423 3925/172/3195
f 4125/172/3421 4126/172/3422 4128/172/3424 4127/172/3423
f 3881/172/3145 4080/172/3370 4113/172/3407 1616/172/3142
f 4080/172/3370 4082/172/3372 4115/172/3410 4113/172/3407
f 1992/172/3354 4064/172/3353 4105/172/3398 1836/172/3397
f 4064/172/3353 4066/172/3356 4107/172/3401 4105/172/3398
f 1649/172/3151 4094/172/3386 4111/172/3405 3885/172/3149
f 4094/172/3386 4096/172/3388 4112/172/3406 4111/172/3405
f 3917/172/3187 4070/172/3360 4119/172/3415 3933/172/3203
f 4070/172/3360 4072/172/3362 4121/172/3417 4119/172/3415
f 3925/172/3195 4127/172/3423 4049/172/3336 3923/172/3193
f 4127/172/3423 4128/172/3424 4051/172/3338 4049/172/3336
f 4108/172/3402 4129/172/3425 4130/172/3426 4106/172/3399
f 4005/172/3288 4131/172/3427 4132/172/3428 4006/172/3289
f 4069/172/3359 4133/172/3429 4134/172/3430 4071/172/3361
f 1829/172/3290 4135/172/3431 4131/172/3427 4005/172/3288
f 1507/172/3432 4136/172/3433 4137/172/3434 1509/172/3330
f 4045/172/3331 4138/172/3435 4139/172/3436 4047/172/3334
f 3894/172/3164 4140/172/3437 4141/172/3438 3895/172/3165
f 4010/172/3294 4142/172/3439 4143/172/3440 4011/172/3295
f 3916/172/3186 4144/172/3441 4133/172/3429 4069/172/3359
f 1509/172/3330 4137/172/3434 4138/172/3435 4045/172/3331
f 1835/172/3400 4145/172/3442 4146/172/3443 1833/172/3444
f 4109/172/3403 4147/172/3445 4140/172/3437 3894/172/3164
f 4014/172/3298 4148/172/3446 4149/172/3447 1503/172/3299
f 4013/172/3297 4150/172/3448 4148/172/3446 4014/172/3298
f 4106/172/3399 4130/172/3426 4145/172/3442 1835/172/3400
f 4110/172/3404 4151/172/3449 4147/172/3445 4109/172/3403
f 3915/172/3185 4152/172/3450 4144/172/3441 3916/172/3186
f 4044/172/3329 4153/172/3451 4154/172/3452 4042/172/3327
f 4011/172/3295 4143/172/3440 4155/172/3453 4012/172/3296
f 4042/172/3327 4154/172/3452 4156/172/3454 4043/172/3328
f 1503/172/3299 4157/172/3455 4158/172/3456 1502/172/3457
f 4159/172/3458 1507/172/3432 1506/172/3459 4160/172/3460
f 4161/172/3461 4162/172/3462 1603/172/3143 1602/172/3463
f 1607/172/3464 1606/172/3275 4163/172/3465 4164/172/3466
f 4162/172/3462 4165/172/3467 3880/172/3144 1603/172/3143
f 1606/172/3275 3988/172/3266 4166/172/3468 4163/172/3465
f 4165/172/3467 4167/172/3469 3882/172/3146 3880/172/3144
f 3988/172/3266 3976/172/3254 4168/172/3470 4166/172/3468
f 4167/172/3469 4169/172/3471 3884/172/3148 3882/172/3146
f 3976/172/3254 3965/172/3242 4170/172/3472 4168/172/3470
f 4169/172/3471 4171/172/3473 1642/172/3150 3884/172/3148
f 3965/172/3242 1644/172/3233 4172/172/3474 4170/172/3472
f 4171/172/3473 4173/172/3475 1650/172/3476 1642/172/3150
f 1644/172/3233 1652/172/3232 4174/172/3477 4172/172/3474
f 4173/172/3475 4175/172/3478 1658/172/3479 1650/172/3476
f 1652/172/3232 1660/172/3480 4176/172/3481 4174/172/3477
f 4175/172/3478 4160/172/3460 1506/172/3459 1658/172/3479
f 1660/172/3480 1502/172/3457 4158/172/3456 4176/172/3481
f 4164/172/3466 4177/172/3482 1669/172/3483 1607/172/3464
f 1602/172/3463 1671/172/3484 4178/172/3485 4161/172/3461
f 4179/172/3486 4180/172/3487 1829/172/3290 1830/172/3488
f 1834/172/3489 1833/172/3444 4181/172/3490 4182/172/3491
f 1932/172/3155 4183/172/3492 4184/172/3493 1929/172/3494
f 4185/172/3495 1934/172/3272 1933/172/3496 4186/172/3497
f 3887/172/3154 4187/172/3498 4183/172/3492 1932/172/3155
f 4188/172/3499 3979/172/3257 1934/172/3272 4185/172/3495
f 3889/172/3157 4189/172/3500 4187/172/3498 3887/172/3154
f 4190/172/3501 3968/172/3245 3979/172/3257 4188/172/3499
f 3891/172/3159 4191/172/3502 4189/172/3500 3889/172/3157
f 4192/172/3503 3959/172/3236 3968/172/3245 4190/172/3501
f 1970/172/3161 4193/172/3504 4191/172/3502 3891/172/3159
f 4194/172/3505 1971/172/3224 3959/172/3236 4192/172/3503
f 1978/172/3506 4195/172/3507 4193/172/3504 1970/172/3161
f 4196/172/3508 1979/172/3214 1971/172/3224 4194/172/3505
f 1986/172/3509 4197/172/3510 4195/172/3507 1978/172/3506
f 4198/172/3511 1987/172/3215 1979/172/3214 4196/172/3508
f 1834/172/3489 4182/172/3491 4197/172/3510 1986/172/3509
f 4179/172/3486 1830/172/3488 1987/172/3215 4198/172/3511
f 1669/172/3483 4177/172/3482 4186/172/3497 1933/172/3496
f 4178/172/3485 1671/172/3484 1929/172/3494 4184/172/3493
f 3892/172/3162 3895/172/3165 4199/172/3512 4200/172/3513
f 3898/172/3168 4201/172/3514 4202/172/3515 3899/172/3169
f 3901/172/3171 4203/172/3516 4201/172/3514 3898/172/3168
f 3903/172/3173 4204/172/3517 4203/172/3516 3901/172/3171
f 3905/172/3175 4205/172/3518 4204/172/3517 3903/172/3173
f 3907/172/3177 4206/172/3519 4205/172/3518 3905/172/3175
f 3909/172/3179 4207/172/3520 4206/172/3519 3907/172/3177
f 3911/172/3181 4208/172/3521 4207/172/3520 3909/172/3179
f 3892/172/3162 4200/172/3513 4208/172/3521 3911/172/3181
f 4209/172/3522 3912/172/3182 3899/172/3169 4202/172/3515
f 4210/172/3523 3915/172/3185 3914/172/3184 4211/172/3524
f 4212/172/3525 4213/172/3526 3920/172/3190 3919/172/3189
f 4213/172/3526 4214/172/3527 3922/172/3192 3920/172/3190
f 4214/172/3527 4215/172/3528 3924/172/3194 3922/172/3192
f 4215/172/3528 4216/172/3529 3926/172/3196 3924/172/3194
f 4216/172/3529 4217/172/3530 3928/172/3198 3926/172/3196
f 4217/172/3530 4218/172/3531 3930/172/3200 3928/172/3198
f 4218/172/3531 4219/172/3532 3932/172/3202 3930/172/3200
f 4219/172/3532 4211/172/3524 3914/172/3184 3932/172/3202
f 3919/172/3189 3912/172/3182 4209/172/3522 4212/172/3525
f 4220/172/3533 4221/172/3534 4044/172/3329 4035/172/3320
f 4222/172/3535 4041/172/3326 4026/172/3311 4223/172/3536
f 4224/172/3537 4038/172/3323 4041/172/3326 4222/172/3535
f 4225/172/3538 4032/172/3317 4038/172/3323 4224/172/3537
f 4226/172/3539 4029/172/3314 4032/172/3317 4225/172/3538
f 4227/172/3540 4023/172/3308 4029/172/3314 4226/172/3539
f 4228/172/3541 4019/172/3304 4023/172/3308 4227/172/3540
f 4229/172/3542 4020/172/3305 4019/172/3304 4228/172/3541
f 4220/172/3533 4035/172/3320 4020/172/3305 4229/172/3542
f 4009/172/3293 4230/172/3543 4223/172/3536 4026/172/3311
f 4012/172/3296 4231/172/3544 4232/172/3545 3982/172/3260
f 4000/172/3281 3991/172/3269 4233/172/3546 4234/172/3547
f 3991/172/3269 3985/172/3263 4235/172/3548 4233/172/3546
f 3985/172/3263 3971/172/3248 4236/172/3549 4235/172/3548
f 3971/172/3248 3962/172/3239 4237/172/3550 4236/172/3549
f 3962/172/3239 3952/172/3227 4238/172/3551 4237/172/3550
f 3952/172/3227 3947/172/3221 4239/172/3552 4238/172/3551
f 3947/172/3221 3946/172/3220 4240/172/3553 4239/172/3552
f 3946/172/3220 3982/172/3260 4232/172/3545 4240/172/3553
f 4234/172/3547 4230/172/3543 4009/172/3293 4000/172/3281
f 4149/172/3447 4241/172/3554 4157/172/3455 1503/172/3299
f 4242/172/3555 4153/172/3451 4044/172/3329 4221/172/3534
f 4243/172/3556 4136/172/3433 1507/172/3432 4159/172/3458
f 4146/172/3443 4244/172/3557 4181/172/3490 1833/172/3444
f 4155/172/3453 4245/172/3558 4231/172/3544 4012/172/3296
f 4246/172/3559 4152/172/3450 3915/172/3185 4210/172/3523
f 4247/172/3560 4135/172/3431 1829/172/3290 4180/172/3487
f 4141/172/3438 4248/172/3561 4199/172/3512 3895/172/3165
f 4249/172/3562 4250/172/3563 4251/541/3564 4252/542/3565
f 4253/172/3566 4254/542/3567 4255/541/3568 4256/172/3569
f 4257/172/3570 4258/172/3571 4250/172/3563 4249/172/3562
f 4259/172/3572 4253/172/3566 4256/172/3569 4260/172/3573
f 4261/172/3574 4262/172/3575 4258/172/3571 4257/172/3570
f 4263/172/3576 4259/172/3572 4260/172/3573 4264/172/3577
f 4250/172/3563 4265/172/3578 4266/543/3579 4251/541/3564
f 4256/172/3569 4255/541/3568 4267/543/3580 4268/172/3581
f 4265/172/3578 4250/172/3563 4258/172/3571 4269/172/3582
f 4268/172/3581 4270/172/3583 4260/172/3573 4256/172/3569
f 4269/172/3582 4258/172/3571 4262/172/3575 4271/172/3584
f 4270/172/3583 4272/172/3585 4264/172/3577 4260/172/3573
f 4262/172/3575 4273/172/3586 4274/172/3587 4271/172/3584
f 4264/172/3577 4272/172/3585 4275/172/3588 4276/172/3589
f 4261/172/3574 4277/172/3590 4273/172/3586 4262/172/3575
f 4263/172/3576 4264/172/3577 4276/172/3589 4278/172/3591
f 4265/172/3578 4279/172/3592 4280/544/3593 4266/543/3579
f 4268/172/3581 4267/543/3580 4281/544/3594 4282/172/3595
f 4269/172/3582 4283/172/3596 4279/172/3592 4265/172/3578
f 4270/172/3583 4268/172/3581 4282/172/3595 4284/172/3597
f 4283/172/3596 4269/172/3582 4271/172/3584 4285/172/3598
f 4284/172/3597 4286/172/3599 4272/172/3585 4270/172/3583
f 4285/172/3598 4271/172/3584 4274/172/3587 4287/172/3600
f 4286/172/3599 4288/172/3601 4275/172/3588 4272/172/3585
f 4289/172/3602 4290/172/3603 4291/172/3604 4292/172/3605
f 4293/172/3606 4294/172/3607 4295/172/3608 4296/172/3609
f 4290/172/3603 4273/172/3586 4277/172/3590 4291/172/3604
f 4296/172/3609 4295/172/3608 4278/172/3591 4276/172/3589
f 4273/172/3586 4290/172/3603 4297/172/3610 4274/172/3587
f 4276/172/3589 4275/172/3588 4298/172/3611 4296/172/3609
f 4290/172/3603 4289/172/3602 4299/172/3612 4297/172/3610
f 4296/172/3609 4298/172/3611 4300/172/3613 4293/172/3606
f 4274/172/3587 4297/172/3610 4301/172/3614 4287/172/3600
f 4275/172/3588 4288/172/3601 4302/172/3615 4298/172/3611
f 4297/172/3610 4299/172/3612 4303/172/3616 4301/172/3614
f 4298/172/3611 4302/172/3615 4304/172/3617 4300/172/3613
f 4279/172/3592 4305/172/3618 4306/545/3619 4280/544/3593
f 4282/172/3595 4281/544/3594 4307/545/3620 4308/172/3621
f 4305/172/3618 4309/172/3622 4310/336/3623 4306/545/3619
f 4308/172/3621 4307/545/3620 4311/336/3624 4312/172/3625
f 4283/172/3596 4313/172/3626 4305/172/3618 4279/172/3592
f 4284/172/3597 4282/172/3595 4308/172/3621 4314/172/3627
f 4313/172/3626 4315/172/3628 4309/172/3622 4305/172/3618
f 4314/172/3627 4308/172/3621 4312/172/3625 4316/172/3629
f 4315/172/3628 4313/172/3626 4317/172/3630 4318/172/3631
f 4316/172/3629 4319/172/3632 4320/172/3633 4314/172/3627
f 4313/172/3626 4283/172/3596 4285/172/3598 4317/172/3630
f 4314/172/3627 4320/172/3633 4286/172/3599 4284/172/3597
f 4318/172/3631 4317/172/3630 4321/172/3634 4322/172/3635
f 4319/172/3632 4323/172/3636 4324/172/3637 4320/172/3633
f 4317/172/3630 4285/172/3598 4287/172/3600 4321/172/3634
f 4320/172/3633 4324/172/3637 4288/172/3601 4286/172/3599
f 4322/172/3635 4321/172/3634 4325/172/3638 4326/172/3639
f 4323/172/3636 4327/172/3640 4328/172/3641 4324/172/3637
f 4287/172/3600 4301/172/3614 4325/172/3638 4321/172/3634
f 4288/172/3601 4324/172/3637 4328/172/3641 4302/172/3615
f 4325/172/3638 4329/172/3642 4330/172/3643 4326/172/3639
f 4328/172/3641 4327/172/3640 4331/172/3644 4332/172/3645
f 4301/172/3614 4303/172/3616 4329/172/3642 4325/172/3638
f 4302/172/3615 4328/172/3641 4332/172/3645 4304/172/3617
f 4333/172/3646 4252/542/3565 4251/541/3564 4334/172/3647
f 4335/172/3648 4336/172/3649 4255/541/3568 4254/542/3567
f 4337/172/3650 4333/172/3646 4334/172/3647 4338/172/3651
f 4339/172/3652 4340/172/3653 4336/172/3649 4335/172/3648
f 4341/172/3654 4337/172/3650 4338/172/3651 4342/172/3655
f 4343/172/3656 4344/172/3657 4340/172/3653 4339/172/3652
f 4334/172/3647 4251/541/3564 4266/543/3579 4345/172/3658
f 4336/172/3649 4346/172/3659 4267/543/3580 4255/541/3568
f 4345/172/3658 4347/172/3660 4338/172/3651 4334/172/3647
f 4346/172/3659 4336/172/3649 4340/172/3653 4348/172/3661
f 4347/172/3660 4349/172/3662 4342/172/3655 4338/172/3651
f 4348/172/3661 4340/172/3653 4344/172/3657 4350/172/3663
f 4342/172/3655 4349/172/3662 4351/172/3664 4352/172/3665
f 4344/172/3657 4353/172/3666 4354/172/3667 4350/172/3663
f 4341/172/3654 4342/172/3655 4352/172/3665 4355/172/3668
f 4343/172/3656 4356/172/3669 4353/172/3666 4344/172/3657
f 4345/172/3658 4266/543/3579 4280/544/3593 4357/172/3670
f 4346/172/3659 4358/172/3671 4281/544/3594 4267/543/3580
f 4347/172/3660 4345/172/3658 4357/172/3670 4359/172/3672
f 4348/172/3661 4360/172/3673 4358/172/3671 4346/172/3659
f 4359/172/3672 4361/172/3674 4349/172/3662 4347/172/3660
f 4360/172/3673 4348/172/3661 4350/172/3663 4362/172/3675
f 4361/172/3674 4363/172/3676 4351/172/3664 4349/172/3662
f 4362/172/3675 4350/172/3663 4354/172/3667 4364/172/3677
f 4365/172/3678 4366/172/3679 4367/172/3680 4368/172/3681
f 4369/172/3682 4370/172/3683 4371/172/3684 4372/172/3685
f 4368/172/3681 4367/172/3680 4355/172/3668 4352/172/3665
f 4370/172/3683 4353/172/3666 4356/172/3669 4371/172/3684
f 4352/172/3665 4351/172/3664 4373/172/3686 4368/172/3681
f 4353/172/3666 4370/172/3683 4374/172/3687 4354/172/3667
f 4368/172/3681 4373/172/3686 4375/172/3688 4365/172/3678
f 4370/172/3683 4369/172/3682 4376/172/3689 4374/172/3687
f 4351/172/3664 4363/172/3676 4377/172/3690 4373/172/3686
f 4354/172/3667 4374/172/3687 4378/172/3691 4364/172/3677
f 4373/172/3686 4377/172/3690 4379/172/3692 4375/172/3688
f 4374/172/3687 4376/172/3689 4380/172/3693 4378/172/3691
f 4357/172/3670 4280/544/3593 4306/545/3619 4381/172/3694
f 4358/172/3671 4382/172/3695 4307/545/3620 4281/544/3594
f 4381/172/3694 4306/545/3619 4310/336/3623 4383/172/3696
f 4382/172/3695 4384/172/3697 4311/336/3624 4307/545/3620
f 4359/172/3672 4357/172/3670 4381/172/3694 4385/172/3698
f 4360/172/3673 4386/172/3699 4382/172/3695 4358/172/3671
f 4385/172/3698 4381/172/3694 4383/172/3696 4387/172/3700
f 4386/172/3699 4388/172/3701 4384/172/3697 4382/172/3695
f 4387/172/3700 4389/172/3702 4390/172/3703 4385/172/3698
f 4388/172/3701 4386/172/3699 4391/172/3704 4392/172/3705
f 4385/172/3698 4390/172/3703 4361/172/3674 4359/172/3672
f 4386/172/3699 4360/172/3673 4362/172/3675 4391/172/3704
f 4389/172/3702 4393/172/3706 4394/172/3707 4390/172/3703
f 4392/172/3705 4391/172/3704 4395/172/3708 4396/172/3709
f 4390/172/3703 4394/172/3707 4363/172/3676 4361/172/3674
f 4391/172/3704 4362/172/3675 4364/172/3677 4395/172/3708
f 4393/172/3706 4397/172/3710 4398/172/3711 4394/172/3707
f 4396/172/3709 4395/172/3708 4399/172/3712 4400/172/3713
f 4363/172/3676 4394/172/3707 4398/172/3711 4377/172/3690
f 4364/172/3677 4378/172/3691 4399/172/3712 4395/172/3708
f 4398/172/3711 4397/172/3710 4401/172/3714 4402/172/3715
f 4399/172/3712 4403/172/3716 4404/172/3717 4400/172/3713
f 4377/172/3690 4398/172/3711 4402/172/3715 4379/172/3692
f 4378/172/3691 4380/172/3693 4403/172/3716 4399/172/3712
f 4383/172/3696 4310/336/3623 4230/172/3543 4234/172/3547
f 4318/172/3631 4322/172/3635 4225/172/3538 4224/172/3537
f 4322/172/3635 4326/172/3639 4226/172/3539 4225/172/3538
f 4326/172/3639 4330/172/3643 4227/172/3540 4226/172/3539
f 4330/172/3643 4329/172/3642 4228/172/3541 4227/172/3540
f 4329/172/3642 4303/172/3616 4229/172/3542 4228/172/3541
f 4315/172/3628 4318/172/3631 4224/172/3537 4222/172/3535
f 4309/172/3622 4223/172/3536 4230/172/3543 4310/336/3623
f 4365/172/3678 4375/172/3688 4232/172/3545 4231/172/3544
f 4401/172/3714 4238/172/3551 4239/172/3552 4402/172/3715
f 4303/172/3616 4299/172/3612 4220/172/3533 4229/172/3542
f 4402/172/3715 4239/172/3552 4240/172/3553 4379/172/3692
f 4379/172/3692 4240/172/3553 4232/172/3545 4375/172/3688
f 4289/172/3602 4221/172/3534 4220/172/3533 4299/172/3612
f 4315/172/3628 4222/172/3535 4223/172/3536 4309/172/3622
f 4397/172/3710 4237/172/3550 4238/172/3551 4401/172/3714
f 4292/172/3605 4242/172/3555 4221/172/3534 4289/172/3602
f 4366/172/3679 4365/172/3678 4231/172/3544 4245/172/3558
f 4393/172/3706 4236/172/3549 4237/172/3550 4397/172/3710
f 4389/172/3702 4235/172/3548 4236/172/3549 4393/172/3706
f 4387/172/3700 4383/172/3696 4234/172/3547 4233/172/3546
f 4387/172/3700 4233/172/3546 4235/172/3548 4389/172/3702
f 4241/172/3554 4243/172/3556 4159/172/3458 4157/172/3455
f 4157/172/3455 4159/172/3458 4160/172/3460 4158/172/3456
f 4158/172/3456 4160/172/3460 4175/172/3478 4176/172/3481
f 4176/172/3481 4175/172/3478 4173/172/3475 4174/172/3477
f 4174/172/3477 4173/172/3475 4171/172/3473 4172/172/3474
f 4172/172/3474 4171/172/3473 4169/172/3471 4170/172/3472
f 4170/172/3472 4169/172/3471 4167/172/3469 4168/172/3470
f 4168/172/3470 4167/172/3469 4165/172/3467 4166/172/3468
f 4166/172/3468 4165/172/3467 4162/172/3462 4163/172/3465
f 4163/172/3465 4162/172/3462 4161/172/3461 4164/172/3466
f 4164/172/3466 4161/172/3461 4178/172/3485 4177/172/3482
f 4177/172/3482 4178/172/3485 4184/172/3493 4186/172/3497
f 4186/172/3497 4184/172/3493 4183/172/3492 4185/172/3495
f 4185/172/3495 4183/172/3492 4187/172/3498 4188/172/3499
f 4188/172/3499 4187/172/3498 4189/172/3500 4190/172/3501
f 4190/172/3501 4189/172/3500 4191/172/3502 4192/172/3503
f 4192/172/3503 4191/172/3502 4193/172/3504 4194/172/3505
f 4194/172/3505 4193/172/3504 4195/172/3507 4196/172/3508
f 4196/172/3508 4195/172/3507 4197/172/3510 4198/172/3511
f 4198/172/3511 4197/172/3510 4182/172/3491 4179/172/3486
f 4179/172/3486 4182/172/3491 4181/172/3490 4180/172/3487
f 4180/172/3487 4181/172/3490 4244/172/3557 4247/172/3560
f 4331/172/3644 4206/172/3519 4207/172/3520 4332/172/3645
f 4327/172/3640 4205/172/3518 4206/172/3519 4331/172/3644
f 4300/172/3613 4200/172/3513 4199/172/3512 4293/172/3606
f 4319/172/3632 4316/172/3629 4201/172/3514 4203/172/3516
f 4319/172/3632 4203/172/3516 4204/172/3517 4323/172/3636
f 4248/172/3561 4294/172/3607 4293/172/3606 4199/172/3512
f 4392/172/3705 4396/172/3709 4215/172/3528 4214/172/3527
f 4396/172/3709 4400/172/3713 4216/172/3529 4215/172/3528
f 4304/172/3617 4332/172/3645 4207/172/3520 4208/172/3521
f 4311/336/3624 4384/172/3697 4212/172/3525 4209/172/3522
f 4400/172/3713 4404/172/3717 4217/172/3530 4216/172/3529
f 4392/172/3705 4214/172/3527 4213/172/3526 4388/172/3701
f 4404/172/3717 4403/172/3716 4218/172/3531 4217/172/3530
f 4384/172/3697 4388/172/3701 4213/172/3526 4212/172/3525
f 4380/172/3693 4376/172/3689 4211/172/3524 4219/172/3532
f 4311/336/3624 4209/172/3522 4202/172/3515 4312/172/3625
f 4376/172/3689 4369/172/3682 4210/172/3523 4211/172/3524
f 4304/172/3617 4208/172/3521 4200/172/3513 4300/172/3613
f 4312/172/3625 4202/172/3515 4201/172/3514 4316/172/3629
f 4323/172/3636 4204/172/3517 4205/172/3518 4327/172/3640
f 4380/172/3693 4219/172/3532 4218/172/3531 4403/172/3716
f 4246/172/3559 4210/172/3523 4369/172/3682 4372/172/3685
f 4405/339/3718 4406/335/3719 4407/338/3720 4408/338/3721
f 4408/338/3721 4407/338/3720 4409/546/3722 4410/546/3723
f 4410/546/3723 4409/546/3722 4411/547/3724 4412/547/3725
f 4412/547/3725 4411/547/3724 4413/548/3726 4414/548/3727
f 4414/548/3727 4413/548/3726 4415/549/3728 4416/549/3729
f 4417/550/3730 4416/549/3729 4415/549/3728 4418/550/3731
f 4417/550/3730 4418/550/3731 4419/525/3732 4420/525/3733
f 4420/525/3733 4419/525/3732 4421/550/3734 4422/550/3735
f 4422/550/3735 4421/550/3734 4423/549/3736 4424/549/3737
f 4424/549/3737 4423/549/3736 4425/548/3738 4426/548/3739
f 4427/547/3740 4426/548/3739 4425/548/3738 4428/547/3741
f 4429/546/3742 4427/547/3740 4428/547/3741 4430/546/3743
f 4429/546/3742 4430/546/3743 4431/338/3744 4432/338/3745
f 4432/338/3745 4431/338/3744 4433/339/3746 4434/335/3747
f 4155/172/3453 4435/172/3748 4436/172/3749 4245/172/3558
f 4435/172/3748 4437/172/3750 4433/339/3746 4436/172/3749
f 4246/172/3559 4438/172/3751 4439/172/3450 4152/172/3450
f 4438/172/3751 4434/335/3747 4440/172/3752 4439/172/3450
f 4146/172/3443 4441/172/3753 4442/172/3754 4244/172/3557
f 4441/172/3753 4443/172/3755 4444/336/3756 4442/172/3754
f 4247/172/3560 4445/172/3757 4446/172/3758 4135/172/3431
f 4445/172/3757 4447/338/3759 4448/172/3760 4446/172/3758
f 4143/172/3440 4449/172/3761 4435/172/3748 4155/172/3453
f 4449/172/3761 4450/172/3762 4437/172/3750 4435/172/3748
f 4152/172/3450 4439/172/3450 4451/172/3763 4144/172/3441
f 4439/172/3450 4440/172/3752 4452/172/3764 4451/172/3763
f 4145/172/3442 4453/172/3765 4441/172/3753 4146/172/3443
f 4453/172/3765 4454/172/3766 4443/172/3755 4441/172/3753
f 4142/172/3439 4455/172/3439 4449/172/3761 4143/172/3440
f 4455/172/3439 4456/172/3767 4450/172/3762 4449/172/3761
f 4144/172/3441 4451/172/3763 4457/172/3768 4133/172/3429
f 4451/172/3763 4452/172/3764 4458/172/3769 4457/172/3768
f 4130/172/3426 4459/172/3770 4453/172/3765 4145/172/3442
f 4459/172/3770 4460/172/3771 4454/172/3766 4453/172/3765
f 4133/172/3429 4457/172/3768 4461/172/3772 4134/172/3430
f 4457/172/3768 4458/172/3769 4462/172/3773 4461/172/3772
f 4135/172/3431 4446/172/3758 4463/172/3774 4131/172/3427
f 4446/172/3758 4448/172/3760 4464/172/3775 4463/172/3774
f 4131/172/3427 4463/172/3774 4465/172/3776 4132/172/3428
f 4463/172/3774 4464/172/3775 4466/172/3777 4465/172/3776
f 4129/172/3425 4467/172/3778 4459/172/3770 4130/172/3426
f 4467/172/3778 4468/172/3779 4460/172/3771 4459/172/3770
f 4242/172/3555 4469/172/3780 4470/172/3781 4153/172/3451
f 4469/172/3780 4406/335/3719 4471/172/3782 4470/172/3781
f 4149/172/3447 4472/172/3783 4473/172/3554 4241/172/3554
f 4472/172/3783 4474/172/3784 4475/336/3785 4473/172/3554
f 4154/172/3452 4476/172/3786 4477/172/3454 4156/172/3454
f 4476/172/3786 4478/172/3787 4479/172/3788 4477/172/3454
f 4153/172/3451 4470/172/3781 4476/172/3786 4154/172/3452
f 4470/172/3781 4471/172/3782 4478/172/3787 4476/172/3786
f 4141/172/3438 4480/172/3438 4481/172/3789 4248/172/3561
f 4480/172/3438 4482/172/3790 4405/339/3718 4481/172/3789
f 4243/172/3556 4483/172/3556 4484/172/3791 4136/172/3433
f 4483/172/3556 4485/338/3792 4486/172/3793 4484/172/3791
f 4151/172/3449 4487/172/3794 4488/172/3795 4147/172/3445
f 4487/172/3794 4489/172/3796 4490/172/3797 4488/172/3795
f 4150/172/3448 4491/172/3798 4492/172/3799 4148/172/3446
f 4491/172/3798 4493/172/3800 4494/172/3801 4492/172/3799
f 4148/172/3446 4492/172/3799 4472/172/3783 4149/172/3447
f 4492/172/3799 4494/172/3801 4474/172/3784 4472/172/3783
f 4147/172/3445 4488/172/3795 4495/172/3802 4140/172/3437
f 4488/172/3795 4490/172/3797 4496/172/3803 4495/172/3802
f 4140/172/3437 4495/172/3802 4480/172/3438 4141/172/3438
f 4495/172/3802 4496/172/3803 4482/172/3790 4480/172/3438
f 4138/172/3435 4497/172/3804 4498/172/3805 4139/172/3436
f 4497/172/3804 4499/172/3806 4500/172/3807 4498/172/3805
f 4137/172/3434 4501/172/3808 4497/172/3804 4138/172/3435
f 4501/172/3808 4502/172/3809 4499/172/3806 4497/172/3804
f 4136/172/3433 4484/172/3791 4501/172/3808 4137/172/3434
f 4484/172/3791 4486/172/3793 4502/172/3809 4501/172/3808
f 4252/542/3565 4503/551/3810 4504/172/3811 4249/172/3562
f 4503/551/3810 4419/525/3732 4418/550/3731 4504/172/3811
f 4253/172/3566 4505/172/3812 4506/551/3813 4254/542/3567
f 4505/172/3812 4417/550/3730 4420/525/3733 4506/551/3813
f 4249/172/3562 4504/172/3811 4507/172/3814 4257/172/3570
f 4504/172/3811 4418/550/3731 4415/549/3728 4507/172/3814
f 4259/172/3572 4508/172/3815 4505/172/3812 4253/172/3566
f 4508/172/3815 4416/549/3729 4417/550/3730 4505/172/3812
f 4257/172/3570 4507/172/3814 4509/172/3816 4261/172/3574
f 4507/172/3814 4415/549/3728 4413/548/3726 4509/172/3816
f 4263/172/3576 4510/172/3817 4508/172/3815 4259/172/3572
f 4510/172/3817 4414/548/3727 4416/549/3729 4508/172/3815
f 4261/172/3574 4509/172/3816 4511/172/3818 4277/172/3590
f 4509/172/3816 4413/548/3726 4411/547/3724 4511/172/3818
f 4278/172/3591 4512/172/3819 4510/172/3817 4263/172/3576
f 4512/172/3819 4412/547/3725 4414/548/3727 4510/172/3817
f 4291/172/3604 4513/172/3820 4514/172/3821 4292/172/3605
f 4513/172/3820 4409/546/3722 4407/338/3720 4514/172/3821
f 4294/172/3607 4515/172/3822 4516/172/3823 4295/172/3608
f 4515/172/3822 4408/338/3721 4410/546/3723 4516/172/3823
f 4277/172/3590 4511/172/3818 4513/172/3820 4291/172/3604
f 4511/172/3818 4411/547/3724 4409/546/3722 4513/172/3820
f 4295/172/3608 4516/172/3823 4512/172/3819 4278/172/3591
f 4516/172/3823 4410/546/3723 4412/547/3725 4512/172/3819
f 4333/172/3646 4517/172/3824 4503/551/3810 4252/542/3565
f 4517/172/3824 4421/550/3734 4419/525/3732 4503/551/3810
f 4254/542/3567 4506/551/3813 4518/172/3825 4335/172/3648
f 4506/551/3813 4420/525/3733 4422/550/3735 4518/172/3825
f 4337/172/3650 4519/172/3826 4517/172/3824 4333/172/3646
f 4519/172/3826 4423/549/3736 4421/550/3734 4517/172/3824
f 4335/172/3648 4518/172/3825 4520/172/3827 4339/172/3652
f 4518/172/3825 4422/550/3735 4424/549/3737 4520/172/3827
f 4341/172/3654 4521/172/3828 4519/172/3826 4337/172/3650
f 4521/172/3828 4425/548/3738 4423/549/3736 4519/172/3826
f 4339/172/3652 4520/172/3827 4522/172/3829 4343/172/3656
f 4520/172/3827 4424/549/3737 4426/548/3739 4522/172/3829
f 4355/172/3668 4523/172/3830 4521/172/3828 4341/172/3654
f 4523/172/3830 4428/547/3741 4425/548/3738 4521/172/3828
f 4343/172/3656 4522/172/3829 4524/172/3831 4356/172/3669
f 4522/172/3829 4426/548/3739 4427/547/3740 4524/172/3831
f 4366/172/3679 4525/172/3832 4526/172/3833 4367/172/3680
f 4525/172/3832 4431/338/3744 4430/546/3743 4526/172/3833
f 4371/172/3684 4527/172/3834 4528/172/3835 4372/172/3685
f 4527/172/3834 4429/546/3742 4432/338/3745 4528/172/3835
f 4367/172/3680 4526/172/3833 4523/172/3830 4355/172/3668
f 4526/172/3833 4430/546/3743 4428/547/3741 4523/172/3830
f 4356/172/3669 4524/172/3831 4527/172/3834 4371/172/3684
f 4524/172/3831 4427/547/3740 4429/546/3742 4527/172/3834
f 4292/172/3605 4514/172/3821 4469/172/3780 4242/172/3555
f 4514/172/3821 4407/338/3720 4406/335/3719 4469/172/3780
f 4245/172/3558 4436/172/3749 4525/172/3832 4366/172/3679
f 4436/172/3749 4433/339/3746 4431/338/3744 4525/172/3832
f 4244/172/3557 4442/172/3754 4445/172/3757 4247/172/3560
f 4442/172/3754 4444/336/3756 4447/338/3759 4445/172/3757
f 4241/172/3554 4473/172/3554 4483/172/3556 4243/172/3556
f 4473/172/3554 4475/336/3785 4485/338/3792 4483/172/3556
f 4372/172/3685 4528/172/3835 4438/172/3751 4246/172/3559
f 4528/172/3835 4432/338/3745 4434/335/3747 4438/172/3751
f 4248/172/3561 4481/172/3789 4515/172/3822 4294/172/3607
f 4481/172/3789 4405/339/3718 4408/338/3721 4515/172/3822
f 4494/172/3801 4529/172/3836 4530/172/3837 4474/172/3784
f 4529/172/3836 4531/172/3838 4532/172/3839 4530/172/3837
f 4531/172/3838 4478/172/3787 4471/172/3782 4532/172/3839
f 3987/172/3265 4533/172/3840 4534/172/3841 3975/172/3253
f 4533/172/3840 4535/172/3840 4536/172/3842 4534/172/3841
f 4535/172/3840 4036/172/3321 4030/172/3315 4536/172/3842
f 4096/172/3388 4537/172/3843 4538/172/3844 4112/172/3406
f 4537/172/3843 4539/172/3845 4540/172/3846 4538/172/3844
f 4539/172/3845 4084/172/3374 4088/172/3378 4540/172/3846
f 3957/172/3234 4541/172/3847 4542/172/3848 3966/172/3243
f 4541/172/3847 4543/172/3849 4544/172/3850 4542/172/3848
f 4543/172/3849 3961/172/3238 3970/172/3247 4544/172/3850
f 4486/172/3793 4545/172/3851 4546/172/3852 4502/172/3809
f 4545/172/3851 4547/172/3853 4548/172/3854 4546/172/3852
f 4547/172/3853 4482/172/3790 4496/172/3803 4548/172/3854
f 4107/172/3401 4549/172/3855 4550/172/3856 4108/172/3402
f 4549/172/3855 4551/172/3857 4552/172/3856 4550/172/3856
f 4551/172/3857 4072/172/3362 4071/172/3361 4552/172/3856
f 4090/172/3381 4553/172/3858 4554/172/3859 4095/172/3387
f 4553/172/3858 4555/172/3860 4556/172/3861 4554/172/3859
f 4555/172/3860 4078/172/3368 4077/172/3367 4556/172/3861
f 4055/172/3342 4557/172/3862 4558/172/3863 4056/172/3343
f 4557/172/3862 4559/172/3864 4560/172/3865 4558/172/3863
f 4559/172/3864 4128/172/3424 4126/172/3422 4560/172/3865
f 4499/172/3806 4561/172/3866 4562/172/3867 4500/172/3807
f 4561/172/3866 4563/172/3868 4564/172/3869 4562/172/3867
f 4563/172/3868 4490/172/3797 4489/172/3796 4564/172/3869
f 4474/172/3784 4530/172/3837 4565/552/3870 4475/336/3785
f 4530/172/3837 4532/172/3839 4566/553/3871 4565/552/3870
f 4532/172/3839 4471/172/3782 4406/335/3719 4566/553/3871
f 4132/172/3428 4567/172/3872 4568/172/3873 4006/172/3289
f 4567/172/3872 4569/172/3874 4570/172/3875 4568/172/3873
f 4569/172/3874 4142/172/3439 4010/172/3294 4570/172/3875
f 4112/172/3406 4538/172/3844 4571/172/3876 4081/172/3371
f 4538/172/3844 4540/172/3846 4572/172/3877 4571/172/3876
f 4540/172/3846 4088/172/3378 4098/172/3390 4572/172/3877
f 4047/172/3334 4573/172/3878 4574/172/3879 4048/172/3335
f 4573/172/3878 4575/172/3878 4576/172/3880 4574/172/3879
f 4575/172/3878 4110/172/3404 4100/172/3392 4576/172/3880
f 3937/172/3207 4577/172/3881 4578/172/3882 3934/172/3204
f 4577/172/3881 4579/172/3883 4580/172/3884 4578/172/3882
f 4579/172/3883 4018/172/3303 4034/172/3319 4580/172/3884
f 4061/172/3349 4581/172/3885 4582/172/3886 4062/172/3350
f 4581/172/3885 4583/172/3887 4584/172/3888 4582/172/3886
f 4583/172/3887 4058/172/3345 4052/172/3339 4584/172/3888
f 4081/172/3371 4571/172/3876 4585/172/3889 4082/172/3372
f 4571/172/3876 4572/172/3877 4586/172/3890 4585/172/3889
f 4572/172/3877 4098/172/3390 4102/172/3394 4586/172/3890
f 4468/172/3779 4587/172/3891 4588/172/3892 4460/172/3771
f 4587/172/3891 4589/172/3893 4590/172/3894 4588/172/3892
f 4589/172/3893 4462/172/3773 4458/172/3769 4590/172/3894
f 4013/172/3297 4591/172/3895 4592/172/3896 4150/172/3448
f 4591/172/3895 4593/172/3897 4594/172/3898 4592/172/3896
f 4593/172/3897 4043/172/3328 4156/172/3454 4594/172/3898
f 4095/172/3387 4554/172/3859 4537/172/3843 4096/172/3388
f 4554/172/3859 4556/172/3861 4539/172/3845 4537/172/3843
f 4556/172/3861 4077/172/3367 4084/172/3374 4539/172/3845
f 3996/172/3276 4595/172/3899 4596/172/3900 4003/172/3285
f 4595/172/3899 4597/172/3901 4598/172/3900 4596/172/3900
f 4597/172/3901 3999/172/3280 4008/172/3292 4598/172/3900
f 4485/338/3792 4599/554/3902 4545/172/3851 4486/172/3793
f 4599/554/3902 4600/555/3903 4547/172/3853 4545/172/3851
f 4600/555/3903 4405/339/3718 4482/172/3790 4547/172/3853
f 4092/172/3383 4601/172/3904 4602/172/3905 4065/172/3355
f 4601/172/3904 4603/172/3906 4604/172/3907 4602/172/3905
f 4603/172/3906 4124/172/3420 4122/172/3418 4604/172/3907
f 4062/172/3350 4582/172/3886 4605/172/3908 4074/172/3364
f 4582/172/3886 4584/172/3888 4606/172/3909 4605/172/3908
f 4584/172/3888 4052/172/3339 4051/172/3338 4606/172/3909
f 4074/172/3364 4605/172/3908 4557/172/3862 4055/172/3342
f 4605/172/3908 4606/172/3909 4559/172/3864 4557/172/3862
f 4606/172/3909 4051/172/3338 4128/172/3424 4559/172/3864
f 4448/172/3760 4607/172/3910 4608/172/3911 4464/172/3775
f 4607/172/3910 4609/172/3912 4610/172/3913 4608/172/3911
f 4609/172/3912 4437/172/3750 4450/172/3762 4610/172/3913
f 3992/172/3270 4611/172/3914 4595/172/3899 3996/172/3276
f 4611/172/3914 4612/172/3915 4597/172/3901 4595/172/3899
f 4612/172/3915 3990/172/3268 3999/172/3280 4597/172/3901
f 3941/172/3213 4613/172/3916 4614/172/3917 3938/172/3210
f 4613/172/3916 4615/172/3918 4616/172/3919 4614/172/3917
f 4615/172/3918 3942/172/3216 3945/172/3219 4616/172/3919
f 4006/172/3289 4568/172/3873 4617/172/3920 3973/172/3250
f 4568/172/3873 4570/172/3875 4618/172/3921 4617/172/3920
f 4570/172/3875 4010/172/3294 3980/172/3258 4618/172/3921
f 4002/172/3283 4619/172/3922 4620/172/3923 3995/172/3274
f 4619/172/3922 4621/172/3924 4622/172/3925 4620/172/3923
f 4621/172/3924 4025/172/3310 4039/172/3324 4622/172/3925
f 4056/172/3343 4558/172/3863 4601/172/3904 4092/172/3383
f 4558/172/3863 4560/172/3865 4603/172/3906 4601/172/3904
f 4560/172/3865 4126/172/3422 4124/172/3420 4603/172/3906
f 4447/338/3759 4623/554/3926 4607/172/3910 4448/172/3760
f 4623/554/3926 4624/555/3927 4609/172/3912 4607/172/3910
f 4624/555/3927 4433/339/3746 4437/172/3750 4609/172/3912
f 3966/172/3243 4542/172/3848 4625/172/3928 3977/172/3255
f 4542/172/3848 4544/172/3850 4626/172/3929 4625/172/3928
f 4544/172/3850 3970/172/3247 3984/172/3262 4626/172/3929
f 4003/172/3285 4596/172/3900 4619/172/3922 4002/172/3283
f 4596/172/3900 4598/172/3900 4621/172/3924 4619/172/3922
f 4598/172/3900 4008/172/3292 4025/172/3310 4621/172/3924
f 3975/172/3253 4534/172/3841 4627/172/3930 3964/172/3241
f 4534/172/3841 4536/172/3842 4628/172/3931 4627/172/3930
f 4536/172/3842 4030/172/3315 4027/172/3312 4628/172/3931
f 4493/172/3800 4629/172/3932 4529/172/3836 4494/172/3801
f 4629/172/3932 4630/172/3933 4531/172/3838 4529/172/3836
f 4630/172/3933 4479/172/3788 4478/172/3787 4531/172/3838
f 3948/172/3222 4631/172/3934 4541/172/3847 3957/172/3234
f 4631/172/3934 4632/172/3935 4543/172/3849 4541/172/3847
f 4632/172/3935 3951/172/3226 3961/172/3238 4543/172/3849
f 4118/172/3414 4633/172/3936 4581/172/3885 4061/172/3349
f 4633/172/3936 4634/172/3937 4583/172/3887 4581/172/3885
f 4634/172/3937 4068/172/3358 4058/172/3345 4583/172/3887
f 4464/172/3775 4608/172/3911 4635/172/3938 4466/172/3777
f 4608/172/3911 4610/172/3913 4636/172/3939 4635/172/3938
f 4610/172/3913 4450/172/3762 4456/172/3767 4636/172/3939
f 4066/172/3356 4637/172/3940 4549/172/3855 4107/172/3401
f 4637/172/3940 4638/172/3941 4551/172/3857 4549/172/3855
f 4638/172/3941 4121/172/3417 4072/172/3362 4551/172/3857
f 4139/172/3436 4639/172/3942 4573/172/3878 4047/172/3334
f 4639/172/3942 4640/172/3942 4575/172/3878 4573/172/3878
f 4640/172/3942 4151/172/3449 4110/172/3404 4575/172/3878
f 3995/172/3274 4620/172/3923 4533/172/3840 3987/172/3265
f 4620/172/3923 4622/172/3925 4535/172/3840 4533/172/3840
f 4622/172/3925 4039/172/3324 4036/172/3321 4535/172/3840
f 3964/172/3241 4627/172/3930 4641/172/3943 3956/172/3231
f 4627/172/3930 4628/172/3931 4642/172/3944 4641/172/3943
f 4628/172/3931 4027/172/3312 4021/172/3306 4642/172/3944
f 4443/172/3755 4643/172/3945 4644/552/3946 4444/336/3756
f 4643/172/3945 4645/172/3947 4646/553/3948 4644/552/3946
f 4645/172/3947 4440/172/3752 4434/335/3747 4646/553/3948
f 3956/172/3231 4641/172/3943 4647/172/3949 3953/172/3228
f 4641/172/3943 4642/172/3944 4648/172/3950 4647/172/3949
f 4642/172/3944 4021/172/3306 4015/172/3300 4648/172/3950
f 3938/172/3210 4614/172/3917 4631/172/3934 3948/172/3222
f 4614/172/3917 4616/172/3919 4632/172/3935 4631/172/3934
f 4616/172/3919 3945/172/3219 3951/172/3226 4632/172/3935
f 3953/172/3228 4647/172/3949 4577/172/3881 3937/172/3207
f 4647/172/3949 4648/172/3950 4579/172/3883 4577/172/3881
f 4648/172/3950 4015/172/3300 4018/172/3303 4579/172/3883
f 4116/172/3411 4649/172/3951 4633/172/3936 4118/172/3414
f 4649/172/3951 4650/172/3952 4634/172/3937 4633/172/3936
f 4650/172/3952 4086/172/3376 4068/172/3358 4634/172/3937
f 4108/172/3402 4550/172/3856 4651/172/3953 4129/172/3425
f 4550/172/3856 4552/172/3856 4652/172/3953 4651/172/3953
f 4552/172/3856 4071/172/3361 4134/172/3430 4652/172/3953
f 4454/172/3766 4653/172/3954 4643/172/3945 4443/172/3755
f 4653/172/3954 4654/172/3955 4645/172/3947 4643/172/3945
f 4654/172/3955 4452/172/3764 4440/172/3752 4645/172/3947
f 4502/172/3809 4546/172/3852 4561/172/3866 4499/172/3806
f 4546/172/3852 4548/172/3854 4563/172/3868 4561/172/3866
f 4548/172/3854 4496/172/3803 4490/172/3797 4563/172/3868
f 4115/172/3410 4655/172/3956 4649/172/3951 4116/172/3411
f 4655/172/3956 4656/172/3957 4650/172/3952 4649/172/3951
f 4656/172/3957 4104/172/3396 4086/172/3376 4650/172/3952
f 4460/172/3771 4588/172/3892 4653/172/3954 4454/172/3766
f 4588/172/3892 4590/172/3894 4654/172/3955 4653/172/3954
f 4590/172/3894 4458/172/3769 4452/172/3764 4654/172/3955
f 4048/172/3335 4574/172/3879 4553/172/3858 4090/172/3381
f 4574/172/3879 4576/172/3880 4555/172/3860 4553/172/3858
f 4576/172/3880 4100/172/3392 4078/172/3368 4555/172/3860
f 4065/172/3355 4602/172/3905 4637/172/3940 4066/172/3356
f 4602/172/3905 4604/172/3907 4638/172/3941 4637/172/3940
f 4604/172/3907 4122/172/3418 4121/172/3417 4638/172/3941
f 3934/172/3204 4578/172/3882 4591/172/3895 4013/172/3297
f 4578/172/3882 4580/172/3884 4593/172/3897 4591/172/3895
f 4580/172/3884 4034/172/3319 4043/172/3328 4593/172/3897
f 3977/172/3255 4625/172/3928 4611/172/3914 3992/172/3270
f 4625/172/3928 4626/172/3929 4612/172/3915 4611/172/3914
f 4626/172/3929 3984/172/3262 3990/172/3268 4612/172/3915
f 3973/172/3250 4617/172/3920 4613/172/3916 3941/172/3213
f 4617/172/3920 4618/172/3921 4615/172/3918 4613/172/3916
f 4618/172/3921 3980/172/3258 3942/172/3216 4615/172/3918
f 4082/172/3372 4585/172/3889 4655/172/3956 4115/172/3410
f 4585/172/3889 4586/172/3890 4656/172/3957 4655/172/3956
f 4586/172/3890 4102/172/3394 4104/172/3396 4656/172/3957
f 4475/336/3785 4565/552/3870 4599/554/3902 4485/338/3792
f 4565/552/3870 4566/553/3871 4600/555/3903 4599/554/3902
f 4566/553/3871 4406/335/3719 4405/339/3718 4600/555/3903
f 4444/336/3756 4644/552/3946 4623/554/3926 4447/338/3759
f 4644/552/3946 4646/553/3948 4624/555/3927 4623/554/3926
f 4646/553/3948 4434/335/3747 4433/339/3746 4624/555/3927
f 4498/172/3805 4657/172/3942 4639/172/3942 4139/172/3436
f 4657/172/3942 4658/172/3942 4640/172/3942 4639/172/3942
f 4658/172/3942 4487/172/3794 4151/172/3449 4640/172/3942
f 4500/172/3807 4562/172/3867 4657/172/3942 4498/172/3805
f 4562/172/3867 4564/172/3869 4658/172/3942 4657/172/3942
f 4564/172/3869 4489/172/3796 4487/172/3794 4658/172/3942
f 4129/172/3425 4651/172/3953 4659/172/3953 4467/172/3778
f 4651/172/3953 4652/172/3953 4660/172/3953 4659/172/3953
f 4652/172/3953 4134/172/3430 4461/172/3772 4660/172/3953
f 4467/172/3778 4659/172/3953 4587/172/3891 4468/172/3779
f 4659/172/3953 4660/172/3953 4589/172/3893 4587/172/3891
f 4660/172/3953 4461/172/3772 4462/172/3773 4589/172/3893
f 4150/172/3448 4592/172/3896 4661/172/3958 4491/172/3798
f 4592/172/3896 4594/172/3898 4662/172/3896 4661/172/3958
f 4594/172/3898 4156/172/3454 4477/172/3454 4662/172/3896
f 4491/172/3798 4661/172/3958 4629/172/3932 4493/172/3800
f 4661/172/3958 4662/172/3896 4630/172/3933 4629/172/3932
f 4662/172/3896 4477/172/3454 4479/172/3788 4630/172/3933
f 4465/172/3776 4663/172/3959 4567/172/3872 4132/172/3428
f 4663/172/3959 4664/172/3872 4569/172/3874 4567/172/3872
f 4664/172/3872 4455/172/3439 4142/172/3439 4569/172/3874
f 4466/172/3777 4635/172/3938 4663/172/3959 4465/172/3776
f 4635/172/3938 4636/172/3939 4664/172/3872 4663/172/3959
f 4636/172/3939 4456/172/3767 4455/172/3439 4664/172/3872
usemtl Kitchen_Chair_Pips
f 4665/172/3960 4666/172/3961 4667/172/3962 4668/172/3963
f 4666/172/3961 4669/172/3964 4670/172/3965 4667/172/3962
f 4669/172/3964 4671/172/3966 4672/172/3967 4670/172/3965
f 4671/172/3966 4673/172/3968 4674/172/3969 4672/172/3967
f 4673/172/3968 4675/172/3970 4676/172/3971 4674/172/3969
f 4675/172/3970 4677/172/3972 4678/172/3973 4676/172/3971
f 4677/172/3972 4679/172/3974 4680/172/3975 4678/172/3973
f 4679/172/3974 4665/172/3960 4668/172/3963 4680/172/3975
f 4670/172/3965 4672/172/3967 4681/172/3976 4682/172/3977
f 4672/172/3967 4674/172/3969 4683/172/3978 4681/172/3976
f 4674/172/3969 4676/172/3971 4684/172/3979 4683/172/3978
f 4676/172/3971 4678/172/3973 4685/172/3980 4684/172/3979
f 4678/172/3973 4680/172/3975 4686/172/3981 4685/172/3980
f 4680/172/3975 4668/172/3963 4687/172/3982 4686/172/3981
f 4668/172/3963 4667/172/3962 4688/172/3983 4687/172/3982
f 4667/172/3962 4670/172/3965 4682/172/3977 4688/172/3983
f 4681/172/3976 4683/172/3978 4689/172/3984 4690/172/3985
f 4683/172/3978 4684/172/3979 4691/172/3986 4689/172/3984
f 4684/172/3979 4685/172/3980 4692/172/3986 4691/172/3986
f 4685/172/3980 4686/172/3981 4693/172/3987 4692/172/3986
f 4686/172/3981 4687/172/3982 4694/172/3985 4693/172/3987
f 4687/172/3982 4688/172/3983 4695/172/3988 4694/172/3985
f 4688/172/3983 4682/172/3977 4696/172/3989 4695/172/3988
f 4682/172/3977 4681/172/3976 4690/172/3985 4696/172/3989
f 4697/172/3987 4694/172/3985 4695/172/3988 4696/172/3989
f 4697/172/3987 4689/172/3984 4691/172/3986 4692/172/3986
f 4697/172/3987 4692/172/3986 4693/172/3987 4694/172/3985
f 4697/172/3987 4696/172/3989 4690/172/3985 4689/172/3984
f 4698/172/3990 4699/172/3991 4700/172/3992 4701/172/3993
f 4701/172/3993 4700/172/3992 4702/172/3994 4703/172/3995
f 4703/172/3995 4702/172/3994 4704/172/3996 4705/172/3997
f 4705/172/3997 4704/172/3996 4706/172/3998 4707/172/3999
f 4707/172/3999 4706/172/3998 4708/172/1029 4709/172/4000
f 4709/172/4000 4708/172/1029 4710/172/4001 4711/172/4002
f 4711/172/4002 4710/172/4001 4712/172/4003 4713/172/4004
f 4713/172/4004 4712/172/4003 4699/172/3991 4698/172/3990
f 4669/172/3964 4714/172/4005 4715/172/4006 4671/172/3966
f 4714/172/4005 4713/172/4004 4698/172/3990 4715/172/4006
f 4671/172/3966 4715/172/4006 4716/172/4007 4673/172/3968
f 4715/172/4006 4698/172/3990 4701/172/3993 4716/172/4007
f 4673/172/3968 4716/172/4007 4717/172/4008 4675/172/3970
f 4716/172/4007 4701/172/3993 4703/172/3995 4717/172/4008
f 4675/172/3970 4717/172/4008 4718/172/4009 4677/172/3972
f 4717/172/4008 4703/172/3995 4705/172/3997 4718/172/4009
f 4677/172/3972 4718/172/4009 4719/172/4010 4679/172/3974
f 4718/172/4009 4705/172/3997 4707/172/3999 4719/172/4010
f 4679/172/3974 4719/172/4010 4720/172/4011 4665/172/3960
f 4719/172/4010 4707/172/3999 4709/172/4000 4720/172/4011
f 4665/172/3960 4720/172/4011 4721/172/4012 4666/172/3961
f 4720/172/4011 4709/172/4000 4711/172/4002 4721/172/4012
f 4666/172/3961 4721/172/4012 4714/172/4005 4669/172/3964
f 4721/172/4012 4711/172/4002 4713/172/4004 4714/172/4005
f 4722/172/4013 4723/172/4014 4724/172/4015 4725/172/4016
f 4726/172/4017 4727/172/4018 4723/172/4014 4722/172/4013
f 4728/172/4019 4729/172/4020 4727/172/4018 4726/172/4017
f 4730/172/4021 4731/172/4022 4729/172/4020 4728/172/4019
f 4732/172/4023 4733/172/4024 4731/172/4022 4730/172/4021
f 4734/172/4025 4735/172/4026 4733/172/4024 4732/172/4023
f 4736/172/4027 4737/172/4028 4735/172/4026 4734/172/4025
f 4725/172/4016 4724/172/4015 4737/172/4028 4736/172/4027
f 4699/172/3991 4738/172/4029 4739/172/3992 4700/172/3992
f 4738/172/4029 4733/172/4024 4735/172/4026 4739/172/3992
f 4700/172/3992 4739/172/3992 4740/172/3994 4702/172/3994
f 4739/172/3992 4735/172/4026 4737/172/4028 4740/172/3994
f 4702/172/3994 4740/172/3994 4741/172/3996 4704/172/3996
f 4740/172/3994 4737/172/4028 4724/172/4015 4741/172/3996
f 4704/172/3996 4741/172/3996 4742/172/4030 4706/172/3998
f 4741/172/3996 4724/172/4015 4723/172/4014 4742/172/4030
f 4706/172/3998 4742/172/4030 4743/172/1040 4708/172/1029
f 4742/172/4030 4723/172/4014 4727/172/4018 4743/172/1040
f 4708/172/1029 4743/172/1040 4744/172/4031 4710/172/4001
f 4743/172/1040 4727/172/4018 4729/172/4020 4744/172/4031
f 4710/172/4001 4744/172/4031 4745/172/4003 4712/172/4003
f 4744/172/4031 4729/172/4020 4731/172/4022 4745/172/4003
f 4712/172/4003 4745/172/4003 4738/172/4029 4699/172/3991
f 4745/172/4003 4731/172/4022 4733/172/4024 4738/172/4029
f 4746/172/4032 4747/172/4033 4748/172/4034 4749/172/4035
f 4749/172/4035 4748/172/4034 4750/172/4036 4751/172/4017
f 4751/172/4017 4750/172/4036 4752/172/4037 4753/172/4019
f 4753/172/4019 4752/172/4037 4754/172/4038 4755/172/4039
f 4755/172/4039 4754/172/4038 4756/172/4040 4757/172/4041
f 4757/172/4041 4756/172/4040 4758/172/4042 4759/172/4025
f 4759/172/4025 4758/172/4042 4760/172/4043 4761/172/4044
f 4761/172/4044 4760/172/4043 4747/172/4033 4746/172/4032
f 4725/172/4016 4762/172/4045 4763/172/4046 4722/172/4013
f 4762/172/4045 4746/172/4032 4749/172/4035 4763/172/4046
f 4722/172/4013 4763/172/4046 4764/172/4017 4726/172/4017
f 4763/172/4046 4749/172/4035 4751/172/4017 4764/172/4017
f 4726/172/4017 4764/172/4017 4765/172/4047 4728/172/4019
f 4764/172/4017 4751/172/4017 4753/172/4019 4765/172/4047
f 4728/172/4019 4765/172/4047 4766/172/4021 4730/172/4021
f 4765/172/4047 4753/172/4019 4755/172/4039 4766/172/4021
f 4730/172/4021 4766/172/4021 4767/172/4048 4732/172/4023
f 4766/172/4021 4755/172/4039 4757/172/4041 4767/172/4048
f 4732/172/4023 4767/172/4048 4768/172/4025 4734/172/4025
f 4767/172/4048 4757/172/4041 4759/172/4025 4768/172/4025
f 4734/172/4025 4768/172/4025 4769/172/4044 4736/172/4027
f 4768/172/4025 4759/172/4025 4761/172/4044 4769/172/4044
f 4736/172/4027 4769/172/4044 4762/172/4045 4725/172/4016
f 4769/172/4044 4761/172/4044 4746/172/4032 4762/172/4045
f 4748/172/4034 4747/172/4033 4770/172/4049 4771/172/4050
f 4747/172/4033 4760/172/4043 4772/172/4051 4770/172/4049
f 4760/172/4043 4758/172/4042 4773/172/4052 4772/172/4051
f 4758/172/4042 4756/172/4040 4774/172/4053 4773/172/4052
f 4756/172/4040 4754/172/4038 4775/172/4054 4774/172/4053
f 4754/172/4038 4752/172/4037 4776/172/4055 4775/172/4054
f 4752/172/4037 4750/172/4036 4777/172/4056 4776/172/4055
f 4750/172/4036 4748/172/4034 4771/172/4050 4777/172/4056
f 4772/172/4051 4773/172/4052 4778/172/4057 4779/172/4058
f 4773/172/4052 4774/172/4053 4780/172/4059 4778/172/4057
f 4774/172/4053 4775/172/4054 4781/172/4060 4780/172/4059
f 4775/172/4054 4776/172/4055 4782/172/4061 4781/172/4060
f 4776/172/4055 4777/172/4056 4783/172/4062 4782/172/4061
f 4777/172/4056 4771/172/4050 4784/172/4063 4783/172/4062
f 4771/172/4050 4770/172/4049 4785/172/4064 4784/172/4063
f 4770/172/4049 4772/172/4051 4779/172/4058 4785/172/4064
f 4778/172/4057 4780/172/4059 4786/172/4065 4787/172/4066
f 4780/172/4059 4781/172/4060 4788/172/4067 4786/172/4065
f 4781/172/4060 4782/172/4061 4789/172/4068 4788/172/4067
f 4782/172/4061 4783/172/4062 4790/172/4069 4789/172/4068
f 4783/172/4062 4784/172/4063 4791/172/4070 4790/172/4069
f 4784/172/4063 4785/172/4064 4792/172/4071 4791/172/4070
f 4785/172/4064 4779/172/4058 4793/172/4072 4792/172/4071
f 4779/172/4058 4778/172/4057 4787/172/4066 4793/172/4072
f 4794/172/4073 4787/172/4066 4786/172/4065 4788/172/4067
f 4794/172/4073 4788/172/4067 4789/172/4068 4790/172/4069
f 4794/172/4073 4792/172/4071 4793/172/4072 4787/172/4066
f 4794/172/4073 4790/172/4069 4791/172/4070 4792/172/4071
f 4795/172/4074 4796/172/4075 4797/172/4076 4798/172/4077
f 4798/172/4077 4797/172/4076 4799/172/4078 4800/172/4079
f 4800/172/4079 4799/172/4078 4801/172/4080 4802/172/4081
f 4802/172/4081 4801/172/4080 4803/172/4082 4804/172/4083
f 4804/172/4083 4803/172/4082 4805/172/4084 4806/172/4085
f 4806/172/4085 4805/172/4084 4807/172/4086 4808/172/4087
f 4808/172/4087 4807/172/4086 4809/172/4088 4810/172/4089
f 4810/172/4089 4809/172/4088 4796/172/4075 4795/172/4074
f 4799/172/4078 4811/172/4090 4812/172/4091 4801/172/4080
f 4801/172/4080 4812/172/4091 4813/172/4092 4803/172/4082
f 4803/172/4082 4813/172/4092 4814/172/4093 4805/172/4084
f 4805/172/4084 4814/172/4093 4815/172/4094 4807/172/4086
f 4807/172/4086 4815/172/4094 4816/172/4095 4809/172/4088
f 4809/172/4088 4816/172/4095 4817/172/4096 4796/172/4075
f 4796/172/4075 4817/172/4096 4818/172/4097 4797/172/4076
f 4797/172/4076 4818/172/4097 4811/172/4090 4799/172/4078
f 4812/172/4091 4819/172/4098 4820/172/4099 4813/172/4092
f 4813/172/4092 4820/172/4099 4821/172/4100 4814/172/4093
f 4814/172/4093 4821/172/4100 4822/172/4101 4815/172/4094
f 4815/172/4094 4822/172/4101 4823/172/4100 4816/172/4095
f 4816/172/4095 4823/172/4100 4824/172/4099 4817/172/4096
f 4817/172/4096 4824/172/4099 4825/172/4102 4818/172/4097
f 4818/172/4097 4825/172/4102 4826/172/4098 4811/172/4090
f 4811/172/4090 4826/172/4098 4819/172/4098 4812/172/4091
f 4827/172/4103 4826/172/4098 4825/172/4102 4824/172/4099
f 4827/172/4103 4822/172/4101 4821/172/4100 4820/172/4099
f 4827/172/4103 4824/172/4099 4823/172/4100 4822/172/4101
f 4827/172/4103 4820/172/4099 4819/172/4098 4826/172/4098
f 4828/172/4104 4829/172/4105 4830/172/1040 4831/172/4106
f 4829/172/4105 4832/172/4107 4833/172/861 4830/172/1040
f 4832/172/4107 4834/172/4108 4835/172/856 4833/172/861
f 4834/172/4108 4836/172/4109 4837/172/848 4835/172/856
f 4836/172/4109 4838/172/4110 4839/172/632 4837/172/848
f 4838/172/4110 4840/172/4111 4841/172/4112 4839/172/632
f 4840/172/4111 4842/172/4113 4843/172/4114 4841/172/4112
f 4842/172/4113 4828/172/4104 4831/172/4106 4843/172/4114
f 4800/172/4079 4802/172/4081 4844/172/4115 4845/172/4116
f 4845/172/4116 4844/172/4115 4828/172/4104 4842/172/4113
f 4802/172/4081 4804/172/4083 4846/172/4117 4844/172/4115
f 4844/172/4115 4846/172/4117 4829/172/4105 4828/172/4104
f 4804/172/4083 4806/172/4085 4847/172/4118 4846/172/4117
f 4846/172/4117 4847/172/4118 4832/172/4107 4829/172/4105
f 4806/172/4085 4808/172/4087 4848/172/4119 4847/172/4118
f 4847/172/4118 4848/172/4119 4834/172/4108 4832/172/4107
f 4808/172/4087 4810/172/4089 4849/172/4120 4848/172/4119
f 4848/172/4119 4849/172/4120 4836/172/4109 4834/172/4108
f 4810/172/4089 4795/172/4074 4850/172/4121 4849/172/4120
f 4849/172/4120 4850/172/4121 4838/172/4110 4836/172/4109
f 4795/172/4074 4798/172/4077 4851/172/4122 4850/172/4121
f 4850/172/4121 4851/172/4122 4840/172/4111 4838/172/4110
f 4798/172/4077 4800/172/4079 4845/172/4116 4851/172/4122
f 4851/172/4122 4845/172/4116 4842/172/4113 4840/172/4111
f 4852/172/4123 4853/172/4124 4854/172/4125 4855/172/4126
f 4856/172/4127 4852/172/4123 4855/172/4126 4857/172/4128
f 4858/172/4129 4856/172/4127 4857/172/4128 4859/172/4130
f 4860/172/4131 4858/172/4129 4859/172/4130 4861/172/4132
f 4862/172/4133 4860/172/4131 4861/172/4132 4863/172/4134
f 4864/172/4135 4862/172/4133 4863/172/4134 4865/172/4136
f 4866/172/4137 4864/172/4135 4865/172/4136 4867/172/4138
f 4853/172/4124 4866/172/4137 4867/172/4138 4854/172/4125
f 4831/172/4106 4830/172/1040 4868/172/1040 4869/172/4139
f 4869/172/4139 4868/172/1040 4865/172/4136 4863/172/4134
f 4830/172/1040 4833/172/861 4870/172/863 4868/172/1040
f 4868/172/1040 4870/172/863 4867/172/4138 4865/172/4136
f 4833/172/861 4835/172/856 4871/172/4140 4870/172/863
f 4870/172/863 4871/172/4140 4854/172/4125 4867/172/4138
f 4835/172/856 4837/172/848 4872/172/1624 4871/172/4140
f 4871/172/4140 4872/172/1624 4855/172/4126 4854/172/4125
f 4837/172/848 4839/172/632 4873/172/632 4872/172/1624
f 4872/172/1624 4873/172/632 4857/172/4128 4855/172/4126
f 4839/172/632 4841/172/4112 4874/172/4141 4873/172/632
f 4873/172/632 4874/172/4141 4859/172/4130 4857/172/4128
f 4841/172/4112 4843/172/4114 4875/172/4142 4874/172/4141
f 4874/172/4141 4875/172/4142 4861/172/4132 4859/172/4130
f 4843/172/4114 4831/172/4106 4869/172/4139 4875/172/4142
f 4875/172/4142 4869/172/4139 4863/172/4134 4861/172/4132
f 4876/172/4143 4877/172/4144 4878/172/4145 4879/172/4146
f 4877/172/4144 4880/172/4147 4881/172/4148 4878/172/4145
f 4880/172/4147 4882/172/4129 4883/172/4149 4881/172/4148
f 4882/172/4129 4884/172/4150 4885/172/4151 4883/172/4149
f 4884/172/4150 4886/172/4152 4887/172/4153 4885/172/4151
f 4886/172/4152 4888/172/4135 4889/172/4154 4887/172/4153
f 4888/172/4135 4890/172/4155 4891/172/4156 4889/172/4154
f 4890/172/4155 4876/172/4143 4879/172/4146 4891/172/4156
f 4853/172/4124 4852/172/4123 4892/172/4123 4893/172/4157
f 4893/172/4157 4892/172/4123 4877/172/4144 4876/172/4143
f 4852/172/4123 4856/172/4127 4894/172/4127 4892/172/4123
f 4892/172/4123 4894/172/4127 4880/172/4147 4877/172/4144
f 4856/172/4127 4858/172/4129 4895/172/4158 4894/172/4127
f 4894/172/4127 4895/172/4158 4882/172/4129 4880/172/4147
f 4858/172/4129 4860/172/4131 4896/172/4159 4895/172/4158
f 4895/172/4158 4896/172/4159 4884/172/4150 4882/172/4129
f 4860/172/4131 4862/172/4133 4897/172/4160 4896/172/4159
f 4896/172/4159 4897/172/4160 4886/172/4152 4884/172/4150
f 4862/172/4133 4864/172/4135 4898/172/4161 4897/172/4160
f 4897/172/4160 4898/172/4161 4888/172/4135 4886/172/4152
f 4864/172/4135 4866/172/4137 4899/172/4137 4898/172/4161
f 4898/172/4161 4899/172/4137 4890/172/4155 4888/172/4135
f 4866/172/4137 4853/172/4124 4893/172/4157 4899/172/4137
f 4899/172/4137 4893/172/4157 4876/172/4143 4890/172/4155
f 4878/172/4145 4900/172/4162 4901/172/4163 4879/172/4146
f 4879/172/4146 4901/172/4163 4902/172/4164 4891/172/4156
f 4891/172/4156 4902/172/4164 4903/172/4165 4889/172/4154
f 4889/172/4154 4903/172/4165 4904/172/4166 4887/172/4153
f 4887/172/4153 4904/172/4166 4905/172/4167 4885/172/4151
f 4885/172/4151 4905/172/4167 4906/172/4168 4883/172/4149
f 4883/172/4149 4906/172/4168 4907/172/4169 4881/172/4148
f 4881/172/4148 4907/172/4169 4900/172/4162 4878/172/4145
f 4902/172/4164 4908/172/4170 4909/172/4171 4903/172/4165
f 4903/172/4165 4909/172/4171 4910/172/4172 4904/172/4166
f 4904/172/4166 4910/172/4172 4911/172/4173 4905/172/4167
f 4905/172/4167 4911/172/4173 4912/172/4174 4906/172/4168
f 4906/172/4168 4912/172/4174 4913/172/4175 4907/172/4169
f 4907/172/4169 4913/172/4175 4914/172/4176 4900/172/4162
f 4900/172/4162 4914/172/4176 4915/172/4177 4901/172/4163
f 4901/172/4163 4915/172/4177 4908/172/4170 4902/172/4164
f 4909/172/4171 4916/172/4178 4917/172/4179 4910/172/4172
f 4910/172/4172 4917/172/4179 4918/172/4180 4911/172/4173
f 4911/172/4173 4918/172/4180 4919/172/4181 4912/172/4174
f 4912/172/4174 4919/172/4181 4920/172/4182 4913/172/4175
f 4913/172/4175 4920/172/4182 4921/172/4183 4914/172/4176
f 4914/172/4176 4921/172/4183 4922/172/4184 4915/172/4177
f 4915/172/4177 4922/172/4184 4923/172/4185 4908/172/4170
f 4908/172/4170 4923/172/4185 4916/172/4178 4909/172/4171
f 4924/172/4186 4918/172/4180 4917/172/4179 4916/172/4178
f 4924/172/4186 4920/172/4182 4919/172/4181 4918/172/4180
f 4924/172/4186 4916/172/4178 4923/172/4185 4922/172/4184
f 4924/172/4186 4922/172/4184 4921/172/4183 4920/172/4182
f 4925/172/4083 4926/172/4187 4927/172/4188 4928/172/4082
f 4926/172/4187 4929/172/4079 4930/172/4189 4927/172/4188
f 4929/172/4079 4931/172/4190 4932/172/4191 4930/172/4189
f 4931/172/4190 4933/172/4074 4934/172/4075 4932/172/4191
f 4933/172/4074 4935/172/4089 4936/172/4192 4934/172/4075
f 4935/172/4089 4937/172/4193 4938/172/4086 4936/172/4192
f 4937/172/4193 4939/172/4194 4940/172/4195 4938/172/4086
f 4939/172/4194 4925/172/4083 4928/172/4082 4940/172/4195
f 4930/172/4189 4932/172/4191 4941/172/4097 4942/172/4196
f 4932/172/4191 4934/172/4075 4943/172/4197 4941/172/4097
f 4934/172/4075 4936/172/4192 4944/172/4198 4943/172/4197
f 4936/172/4192 4938/172/4086 4945/172/4199 4944/172/4198
f 4938/172/4086 4940/172/4195 4946/172/4200 4945/172/4199
f 4940/172/4195 4928/172/4082 4947/172/4201 4946/172/4200
f 4928/172/4082 4927/172/4188 4948/172/4202 4947/172/4201
f 4927/172/4188 4930/172/4189 4942/172/4196 4948/172/4202
f 4941/172/4097 4943/172/4197 4949/172/4203 4950/172/4102
f 4943/172/4197 4944/172/4198 4951/172/4101 4949/172/4203
f 4944/172/4198 4945/172/4199 4952/172/4101 4951/172/4101
f 4945/172/4199 4946/172/4200 4953/172/4101 4952/172/4101
f 4946/172/4200 4947/172/4201 4954/172/4203 4953/172/4101
f 4947/172/4201 4948/172/4202 4955/172/4098 4954/172/4203
f 4948/172/4202 4942/172/4196 4956/172/4102 4955/172/4098
f 4942/172/4196 4941/172/4097 4950/172/4102 4956/172/4102
f 4957/172/4101 4954/172/4203 4955/172/4098 4956/172/4102
f 4957/172/4101 4949/172/4203 4951/172/4101 4952/172/4101
f 4957/172/4101 4952/172/4101 4953/172/4101 4954/172/4203
f 4957/172/4101 4956/172/4102 4950/172/4102 4949/172/4203
f 4958/172/4111 4959/172/818 4960/172/1037 4961/172/4204
f 4961/172/4204 4960/172/1037 4962/172/851 4963/172/4205
f 4963/172/4205 4962/172/851 4964/172/855 4965/172/4108
f 4965/172/4108 4964/172/855 4966/172/864 4967/172/4206
f 4967/172/4206 4966/172/864 4968/172/575 4969/172/4105
f 4969/172/4105 4968/172/575 4970/172/4207 4971/172/4104
f 4971/172/4104 4970/172/4207 4972/172/843 4973/172/4208
f 4973/172/4208 4972/172/843 4959/172/818 4958/172/4111
f 4929/172/4079 4974/172/4209 4975/172/4210 4931/172/4190
f 4974/172/4209 4973/172/4208 4958/172/4111 4975/172/4210
f 4931/172/4190 4975/172/4210 4976/172/4121 4933/172/4074
f 4975/172/4210 4958/172/4111 4961/172/4204 4976/172/4121
f 4933/172/4074 4976/172/4121 4977/172/4211 4935/172/4089
f 4976/172/4121 4961/172/4204 4963/172/4205 4977/172/4211
f 4935/172/4089 4977/172/4211 4978/172/4212 4937/172/4193
f 4977/172/4211 4963/172/4205 4965/172/4108 4978/172/4212
f 4937/172/4193 4978/172/4212 4979/172/4213 4939/172/4194
f 4978/172/4212 4965/172/4108 4967/172/4206 4979/172/4213
f 4939/172/4194 4979/172/4213 4980/172/4117 4925/172/4083
f 4979/172/4213 4967/172/4206 4969/172/4105 4980/172/4117
f 4925/172/4083 4980/172/4117 4981/172/4214 4926/172/4187
f 4980/172/4117 4969/172/4105 4971/172/4104 4981/172/4214
f 4926/172/4187 4981/172/4214 4974/172/4209 4929/172/4079
f 4981/172/4214 4971/172/4104 4973/172/4208 4974/172/4209
f 4982/172/4215 4983/172/4216 4984/172/4217 4985/172/4143
f 4986/172/4161 4987/172/4136 4983/172/4216 4982/172/4215
f 4988/172/4218 4989/172/4219 4987/172/4136 4986/172/4161
f 4990/172/4159 4991/172/4220 4989/172/4219 4988/172/4218
f 4992/172/4129 4993/172/4221 4991/172/4220 4990/172/4159
f 4994/172/4147 4995/172/4128 4993/172/4221 4992/172/4129
f 4996/172/4222 4997/172/4223 4995/172/4128 4994/172/4147
f 4985/172/4143 4984/172/4217 4997/172/4223 4996/172/4222
f 4959/172/818 4998/172/819 4999/172/1037 4960/172/1037
f 4998/172/819 4993/172/4221 4995/172/4128 4999/172/1037
f 4960/172/1037 4999/172/1037 5000/172/848 4962/172/851
f 4999/172/1037 4995/172/4128 4997/172/4223 5000/172/848
f 4962/172/851 5000/172/848 5001/172/857 4964/172/855
f 5000/172/848 4997/172/4223 4984/172/4217 5001/172/857
f 4964/172/855 5001/172/857 5002/172/861 4966/172/864
f 5001/172/857 4984/172/4217 4983/172/4216 5002/172/861
f 4966/172/864 5002/172/861 5003/172/575 4968/172/575
f 5002/172/861 4983/172/4216 4987/172/4136 5003/172/575
f 4968/172/575 5003/172/575 5004/172/4207 4970/172/4207
f 5003/172/575 4987/172/4136 4989/172/4219 5004/172/4207
f 4970/172/4207 5004/172/4207 5005/172/4142 4972/172/843
f 5004/172/4207 4989/172/4219 4991/172/4220 5005/172/4142
f 4972/172/843 5005/172/4142 4998/172/819 4959/172/818
f 5005/172/4142 4991/172/4220 4993/172/4221 4998/172/819
f 5006/172/4143 5007/172/4224 5008/172/4225 5009/172/4155
f 5009/172/4155 5008/172/4225 5010/172/4226 5011/172/4135
f 5011/172/4135 5010/172/4226 5012/172/4227 5013/172/4160
f 5013/172/4160 5012/172/4227 5014/172/4228 5015/172/4150
f 5015/172/4150 5014/172/4228 5016/172/4229 5017/172/4230
f 5017/172/4230 5016/172/4229 5018/172/4148 5019/172/4147
f 5019/172/4147 5018/172/4148 5020/172/4231 5021/172/4232
f 5021/172/4232 5020/172/4231 5007/172/4224 5006/172/4143
f 4985/172/4143 5022/172/4143 5023/172/4215 4982/172/4215
f 5022/172/4143 5006/172/4143 5009/172/4155 5023/172/4215
f 4982/172/4215 5023/172/4215 5024/172/4135 4986/172/4161
f 5023/172/4215 5009/172/4155 5011/172/4135 5024/172/4135
f 4986/172/4161 5024/172/4135 5025/172/4218 4988/172/4218
f 5024/172/4135 5011/172/4135 5013/172/4160 5025/172/4218
f 4988/172/4218 5025/172/4218 5026/172/4159 4990/172/4159
f 5025/172/4218 5013/172/4160 5015/172/4150 5026/172/4159
f 4990/172/4159 5026/172/4159 5027/172/4129 4992/172/4129
f 5026/172/4159 5015/172/4150 5017/172/4230 5027/172/4129
f 4992/172/4129 5027/172/4129 5028/172/4147 4994/172/4147
f 5027/172/4129 5017/172/4230 5019/172/4147 5028/172/4147
f 4994/172/4147 5028/172/4147 5029/172/4233 4996/172/4222
f 5028/172/4147 5019/172/4147 5021/172/4232 5029/172/4233
f 4996/172/4222 5029/172/4233 5022/172/4143 4985/172/4143
f 5029/172/4233 5021/172/4232 5006/172/4143 5022/172/4143
f 5008/172/4225 5007/172/4224 5030/172/4234 5031/172/4235
f 5007/172/4224 5020/172/4231 5032/172/4162 5030/172/4234
f 5020/172/4231 5018/172/4148 5033/172/4236 5032/172/4162
f 5018/172/4148 5016/172/4229 5034/172/4237 5033/172/4236
f 5016/172/4229 5014/172/4228 5035/172/4167 5034/172/4237
f 5014/172/4228 5012/172/4227 5036/172/4238 5035/172/4167
f 5012/172/4227 5010/172/4226 5037/172/4239 5036/172/4238
f 5010/172/4226 5008/172/4225 5031/172/4235 5037/172/4239
f 5032/172/4162 5033/172/4236 5038/172/4240 5039/172/4241
f 5033/172/4236 5034/172/4237 5040/172/4242 5038/172/4240
f 5034/172/4237 5035/172/4167 5041/172/4243 5040/172/4242
f 5035/172/4167 5036/172/4238 5042/172/4244 5041/172/4243
f 5036/172/4238 5037/172/4239 5043/172/4171 5042/172/4244
f 5037/172/4239 5031/172/4235 5044/172/4245 5043/172/4171
f 5031/172/4235 5030/172/4234 5045/172/4246 5044/172/4245
f 5030/172/4234 5032/172/4162 5039/172/4241 5045/172/4246
f 5038/172/4240 5040/172/4242 5046/172/4247 5047/172/4182
f 5040/172/4242 5041/172/4243 5048/172/4248 5046/172/4247
f 5041/172/4243 5042/172/4244 5049/172/4249 5048/172/4248
f 5042/172/4244 5043/172/4171 5050/172/4250 5049/172/4249
f 5043/172/4171 5044/172/4245 5051/172/4251 5050/172/4250
f 5044/172/4245 5045/172/4246 5052/172/4252 5051/172/4251
f 5045/172/4246 5039/172/4241 5053/172/4183 5052/172/4252
f 5039/172/4241 5038/172/4240 5047/172/4182 5053/172/4183
f 5054/172/4186 5047/172/4182 5046/172/4247 5048/172/4248
f 5054/172/4186 5048/172/4248 5049/172/4249 5050/172/4250
f 5054/172/4186 5052/172/4252 5053/172/4183 5047/172/4182
f 5054/172/4186 5050/172/4250 5051/172/4251 5052/172/4252
f 5055/172/4253 5056/172/4254 5057/172/4255 5058/172/4256
f 5058/172/4256 5057/172/4255 5059/172/4257 5060/172/4258
f 5060/172/4258 5059/172/4257 5061/172/4259 5062/172/4260
f 5062/172/4260 5061/172/4259 5063/172/4261 5064/172/4262
f 5064/172/4262 5063/172/4261 5065/172/4263 5066/172/4264
f 5066/172/4264 5065/172/4263 5067/172/4265 5068/172/4266
f 5068/172/4266 5067/172/4265 5069/172/4267 5070/172/4268
f 5070/172/4268 5069/172/4267 5056/172/4254 5055/172/4253
f 5059/172/4257 5071/172/4269 5072/172/4270 5061/172/4259
f 5061/172/4259 5072/172/4270 5073/172/4271 5063/172/4261
f 5063/172/4261 5073/172/4271 5074/172/4272 5065/172/4263
f 5065/172/4263 5074/172/4272 5075/172/4273 5067/172/4265
f 5067/172/4265 5075/172/4273 5076/172/4274 5069/172/4267
f 5069/172/4267 5076/172/4274 5077/172/4275 5056/172/4254
f 5056/172/4254 5077/172/4275 5078/172/4276 5057/172/4255
f 5057/172/4255 5078/172/4276 5071/172/4269 5059/172/4257
f 5072/172/4270 5079/172/4277 5080/172/4277 5073/172/4271
f 5073/172/4271 5080/172/4277 5081/172/4278 5074/172/4272
f 5074/172/4272 5081/172/4278 5082/172/4279 5075/172/4273
f 5075/172/4273 5082/172/4279 5083/172/4280 5076/172/4274
f 5076/172/4274 5083/172/4280 5084/172/4277 5077/172/4275
f 5077/172/4275 5084/172/4277 5085/172/4281 5078/172/4276
f 5078/172/4276 5085/172/4281 5086/172/4282 5071/172/4269
f 5071/172/4269 5086/172/4282 5079/172/4277 5072/172/4270
f 5087/172/3987 5086/172/4282 5085/172/4281 5084/172/4277
f 5087/172/3987 5082/172/4279 5081/172/4278 5080/172/4277
f 5087/172/3987 5084/172/4277 5083/172/4280 5082/172/4279
f 5087/172/3987 5080/172/4277 5079/172/4277 5086/172/4282
f 5088/172/4283 5089/172/4284 5090/172/4285 5091/172/4001
f 5089/172/4284 5092/172/4286 5093/172/4287 5090/172/4285
f 5092/172/4286 5094/172/4288 5095/172/4289 5093/172/4287
f 5094/172/4288 5096/172/4290 5097/172/4291 5095/172/4289
f 5096/172/4290 5098/172/4292 5099/172/1353 5097/172/4291
f 5098/172/4292 5100/172/4293 5101/172/4294 5099/172/1353
f 5100/172/4293 5102/172/4295 5103/172/4003 5101/172/4294
f 5102/172/4295 5088/172/4283 5091/172/4001 5103/172/4003
f 5060/172/4258 5062/172/4260 5104/172/4296 5105/172/4297
f 5105/172/4297 5104/172/4296 5088/172/4283 5102/172/4295
f 5062/172/4260 5064/172/4262 5106/172/4298 5104/172/4296
f 5104/172/4296 5106/172/4298 5089/172/4284 5088/172/4283
f 5064/172/4262 5066/172/4264 5107/172/4299 5106/172/4298
f 5106/172/4298 5107/172/4299 5092/172/4286 5089/172/4284
f 5066/172/4264 5068/172/4266 5108/172/4300 5107/172/4299
f 5107/172/4299 5108/172/4300 5094/172/4288 5092/172/4286
f 5068/172/4266 5070/172/4268 5109/172/4301 5108/172/4300
f 5108/172/4300 5109/172/4301 5096/172/4290 5094/172/4288
f 5070/172/4268 5055/172/4253 5110/172/4302 5109/172/4301
f 5109/172/4301 5110/172/4302 5098/172/4292 5096/172/4290
f 5055/172/4253 5058/172/4256 5111/172/4303 5110/172/4302
f 5110/172/4302 5111/172/4303 5100/172/4293 5098/172/4292
f 5058/172/4256 5060/172/4258 5105/172/4297 5111/172/4303
f 5111/172/4303 5105/172/4297 5102/172/4295 5100/172/4293
f 5112/172/4304 5113/172/4305 5114/172/4015 5115/172/4306
f 5116/172/4307 5112/172/4304 5115/172/4306 5117/172/4308
f 5118/172/4309 5116/172/4307 5117/172/4308 5119/172/4310
f 5120/172/4311 5118/172/4309 5119/172/4310 5121/172/4312
f 5122/172/4313 5120/172/4311 5121/172/4312 5123/172/4314
f 5124/172/4315 5122/172/4313 5123/172/4314 5125/172/4316
f 5126/172/4317 5124/172/4315 5125/172/4316 5127/172/4318
f 5113/172/4305 5126/172/4317 5127/172/4318 5114/172/4015
f 5091/172/4001 5090/172/4285 5128/172/4319 5129/172/4031
f 5129/172/4031 5128/172/4319 5125/172/4316 5123/172/4314
f 5090/172/4285 5093/172/4287 5130/172/4320 5128/172/4319
f 5128/172/4319 5130/172/4320 5127/172/4318 5125/172/4316
f 5093/172/4287 5095/172/4289 5131/172/4289 5130/172/4320
f 5130/172/4320 5131/172/4289 5114/172/4015 5127/172/4318
f 5095/172/4289 5097/172/4291 5132/172/4321 5131/172/4289
f 5131/172/4289 5132/172/4321 5115/172/4306 5114/172/4015
f 5097/172/4291 5099/172/1353 5133/172/1037 5132/172/4321
f 5132/172/4321 5133/172/1037 5117/172/4308 5115/172/4306
f 5099/172/1353 5101/172/4294 5134/172/4029 5133/172/1037
f 5133/172/1037 5134/172/4029 5119/172/4310 5117/172/4308
f 5101/172/4294 5103/172/4003 5135/172/4003 5134/172/4029
f 5134/172/4029 5135/172/4003 5121/172/4312 5119/172/4310
f 5103/172/4003 5091/172/4001 5129/172/4031 5135/172/4003
f 5135/172/4003 5129/172/4031 5123/172/4314 5121/172/4312
f 5136/172/4045 5137/172/4322 5138/172/4323 5139/172/4324
f 5137/172/4322 5140/172/4307 5141/172/4325 5138/172/4323
f 5140/172/4307 5142/172/4326 5143/172/4327 5141/172/4325
f 5142/172/4326 5144/172/4311 5145/172/4328 5143/172/4327
f 5144/172/4311 5146/172/4313 5147/172/4329 5145/172/4328
f 5146/172/4313 5148/172/4315 5149/172/4330 5147/172/4329
f 5148/172/4315 5150/172/4331 5151/172/4332 5149/172/4330
f 5150/172/4331 5136/172/4045 5139/172/4324 5151/172/4332
f 5113/172/4305 5112/172/4304 5152/172/4333 5153/172/4334
f 5153/172/4334 5152/172/4333 5137/172/4322 5136/172/4045
f 5112/172/4304 5116/172/4307 5154/172/4307 5152/172/4333
f 5152/172/4333 5154/172/4307 5140/172/4307 5137/172/4322
f 5116/172/4307 5118/172/4309 5155/172/4335 5154/172/4307
f 5154/172/4307 5155/172/4335 5142/172/4326 5140/172/4307
f 5118/172/4309 5120/172/4311 5156/172/4021 5155/172/4335
f 5155/172/4335 5156/172/4021 5144/172/4311 5142/172/4326
f 5120/172/4311 5122/172/4313 5157/172/4313 5156/172/4021
f 5156/172/4021 5157/172/4313 5146/172/4313 5144/172/4311
f 5122/172/4313 5124/172/4315 5158/172/4315 5157/172/4313
f 5157/172/4313 5158/172/4315 5148/172/4315 5146/172/4313
f 5124/172/4315 5126/172/4317 5159/172/4331 5158/172/4315
f 5158/172/4315 5159/172/4331 5150/172/4331 5148/172/4315
f 5126/172/4317 5113/172/4305 5153/172/4334 5159/172/4331
f 5159/172/4331 5153/172/4334 5136/172/4045 5150/172/4331
f 5138/172/4323 5160/172/4336 5161/172/4337 5139/172/4324
f 5139/172/4324 5161/172/4337 5162/172/4338 5151/172/4332
f 5151/172/4332 5162/172/4338 5163/172/4339 5149/172/4330
f 5149/172/4330 5163/172/4339 5164/172/4340 5147/172/4329
f 5147/172/4329 5164/172/4340 5165/172/4341 5145/172/4328
f 5145/172/4328 5165/172/4341 5166/172/4342 5143/172/4327
f 5143/172/4327 5166/172/4342 5167/172/4343 5141/172/4325
f 5141/172/4325 5167/172/4343 5160/172/4336 5138/172/4323
f 5162/172/4338 5168/172/4344 5169/172/4345 5163/172/4339
f 5163/172/4339 5169/172/4345 5170/172/4346 5164/172/4340
f 5164/172/4340 5170/172/4346 5171/172/4347 5165/172/4341
f 5165/172/4341 5171/172/4347 5172/172/4348 5166/172/4342
f 5166/172/4342 5172/172/4348 5173/172/4349 5167/172/4343
f 5167/172/4343 5173/172/4349 5174/172/4350 5160/172/4336
f 5160/172/4336 5174/172/4350 5175/172/4351 5161/172/4337
f 5161/172/4337 5175/172/4351 5168/172/4344 5162/172/4338
f 5169/172/4345 5176/172/4352 5177/172/4353 5170/172/4346
f 5170/172/4346 5177/172/4353 5178/172/4354 5171/172/4347
f 5171/172/4347 5178/172/4354 5179/172/4355 5172/172/4348
f 5172/172/4348 5179/172/4355 5180/172/4356 5173/172/4349
f 5173/172/4349 5180/172/4356 5181/172/4357 5174/172/4350
f 5174/172/4350 5181/172/4357 5182/172/4358 5175/172/4351
f 5175/172/4351 5182/172/4358 5183/172/4359 5168/172/4344
f 5168/172/4344 5183/172/4359 5176/172/4352 5169/172/4345
f 5184/172/4360 5178/172/4354 5177/172/4353 5176/172/4352
f 5184/172/4360 5180/172/4356 5179/172/4355 5178/172/4354
f 5184/172/4360 5176/172/4352 5183/172/4359 5182/172/4358
f 5184/172/4360 5182/172/4358 5181/172/4357 5180/172/4356
f 5185/172/4361 5186/172/4362 5187/172/4363 5188/172/4364
f 5186/172/4362 5189/172/4365 5190/172/4366 5187/172/4363
f 5189/172/4365 5191/172/4367 5192/172/4368 5190/172/4366
f 5191/172/4367 5193/172/4369 5194/172/4370 5192/172/4368
f 5193/172/4369 5195/172/4371 5196/172/4372 5194/172/4370
f 5195/172/4371 5197/172/4373 5198/172/4374 5196/172/4372
f 5197/172/4373 5199/172/4375 5200/172/4376 5198/172/4374
f 5199/172/4375 5185/172/4361 5188/172/4364 5200/172/4376
f 5201/172/4367 5202/172/4377 5203/172/4378 5204/172/4379
f 5202/172/4377 5205/172/4380 5206/172/4372 5203/172/4378
f 5205/172/4380 5207/172/4373 5208/172/4374 5206/172/4372
f 5207/172/4373 5209/172/4381 5210/172/4376 5208/172/4374
f 5209/172/4381 5211/172/4382 5212/172/4383 5210/172/4376
f 5211/172/4382 5213/172/4362 5214/172/4363 5212/172/4383
f 5213/172/4362 5215/172/4365 5216/172/4384 5214/172/4363
f 5215/172/4365 5201/172/4367 5204/172/4379 5216/172/4384
f 5217/172/4385 5218/172/4386 5219/172/4387 5220/172/4388
f 5218/172/4386 5221/172/4389 5222/172/4390 5219/172/4387
f 5221/172/4389 5223/172/4391 5224/172/4392 5222/172/4390
f 5223/172/4391 5225/172/4393 5226/172/4394 5224/172/4392
f 5225/172/4393 5227/172/4395 5228/172/4396 5226/172/4394
f 5227/172/4395 5229/172/4397 5230/172/4398 5228/172/4396
f 5229/172/4397 5231/172/4399 5232/172/4400 5230/172/4398
f 5231/172/4399 5217/172/4385 5220/172/4388 5232/172/4400
f 5233/172/4401 5234/172/4402 5235/172/4390 5236/172/4403
f 5234/172/4402 5237/172/4404 5238/172/4405 5235/172/4390
f 5237/172/4404 5239/172/4406 5240/172/4394 5238/172/4405
f 5239/172/4406 5241/172/4407 5242/172/4396 5240/172/4394
f 5241/172/4407 5243/172/4408 5244/172/4409 5242/172/4396
f 5243/172/4408 5245/172/4399 5246/172/4400 5244/172/4409
f 5245/172/4399 5247/172/4410 5248/172/4388 5246/172/4400
f 5247/172/4410 5233/172/4401 5236/172/4403 5248/172/4388
f 5244/172/4409 5246/172/4400 5249/172/4411 5250/172/4412
f 5246/172/4400 5248/172/4388 5251/172/4413 5249/172/4411
f 5248/172/4388 5236/172/4403 5252/172/4414 5251/172/4413
f 5236/172/4403 5235/172/4390 5253/172/4415 5252/172/4414
f 5235/172/4390 5238/172/4405 5254/172/4416 5253/172/4415
f 5238/172/4405 5240/172/4394 5255/172/4417 5254/172/4416
f 5240/172/4394 5242/172/4396 5256/172/4418 5255/172/4417
f 5242/172/4396 5244/172/4409 5250/172/4412 5256/172/4418
f 5232/172/4400 5220/172/4388 5257/172/4413 5258/172/4419
f 5220/172/4388 5219/172/4387 5259/172/4414 5257/172/4413
f 5219/172/4387 5222/172/4390 5260/172/4415 5259/172/4414
f 5222/172/4390 5224/172/4392 5261/172/4420 5260/172/4415
f 5224/172/4392 5226/172/4394 5262/172/4417 5261/172/4420
f 5226/172/4394 5228/172/4396 5263/172/4418 5262/172/4417
f 5228/172/4396 5230/172/4398 5264/172/4421 5263/172/4418
f 5230/172/4398 5232/172/4400 5258/172/4419 5264/172/4421
f 5265/172/4422 5257/172/4413 5259/172/4414 5260/172/4415
f 5266/172/4423 5255/172/4417 5256/172/4418 5250/172/4412
f 5266/172/4423 5250/172/4412 5249/172/4411 5251/172/4413
f 5265/172/4422 5264/172/4421 5258/172/4419 5257/172/4413
f 5266/172/4423 5251/172/4413 5252/172/4414 5253/172/4415
f 5265/172/4422 5262/172/4417 5263/172/4418 5264/172/4421
f 5266/172/4423 5253/172/4415 5254/172/4416 5255/172/4417
f 5265/172/4422 5260/172/4415 5261/172/4420 5262/172/4417
f 5209/172/4381 5267/172/4424 5268/172/4425 5211/172/4382
f 5211/172/4382 5268/172/4425 5269/172/4426 5213/172/4362
f 5213/172/4362 5269/172/4426 5270/172/4427 5215/172/4365
f 5207/172/4373 5271/172/4428 5267/172/4424 5209/172/4381
f 5215/172/4365 5270/172/4427 5272/172/4429 5201/172/4367
f 5201/172/4367 5272/172/4429 5273/172/4430 5202/172/4377
f 5202/172/4377 5273/172/4430 5274/172/4431 5205/172/4380
f 5205/172/4380 5274/172/4431 5271/172/4428 5207/172/4373
f 5275/172/4432 5189/172/4365 5186/172/4362 5276/172/4433
f 5277/172/4434 5197/172/4373 5195/172/4371 5278/172/4435
f 5278/172/4435 5195/172/4371 5193/172/4369 5279/172/4436
f 5279/172/4436 5193/172/4369 5191/172/4367 5280/172/4437
f 5280/172/4437 5191/172/4367 5189/172/4365 5275/172/4432
f 5276/172/4433 5186/172/4362 5185/172/4361 5281/172/4438
f 5281/172/4438 5185/172/4361 5199/172/4375 5282/172/4424
f 5282/172/4424 5199/172/4375 5197/172/4373 5277/172/4434
f 2993/172/2317 5268/172/4425 5267/172/4424 2994/172/2318
f 2995/172/2319 5269/172/4426 5268/172/4425 2993/172/2317
f 2996/172/2320 5270/172/4427 5269/172/4426 2995/172/2319
f 2994/172/2318 5267/172/4424 5271/172/4428 2997/172/2321
f 2998/172/2322 5272/172/4429 5270/172/4427 2996/172/2320
f 2999/172/2323 5273/172/4430 5272/172/4429 2998/172/2322
f 3000/172/2324 5274/172/4431 5273/172/4430 2999/172/2323
f 2997/172/2321 5271/172/4428 5274/172/4431 3000/172/2324
f 3001/172/2320 5275/172/4432 5276/172/4433 3002/172/2325
f 3003/172/2326 5277/172/4434 5278/172/4435 3004/172/2324
f 3004/172/2324 5278/172/4435 5279/172/4436 3005/172/2327
f 3005/172/2327 5279/172/4436 5280/172/4437 3006/172/2328
f 3006/172/2328 5280/172/4437 5275/172/4432 3001/172/2320
f 3002/172/2325 5276/172/4433 5281/172/4438 3007/172/2329
f 3007/172/2329 5281/172/4438 5282/172/4424 3008/172/2318
f 3008/172/2318 5282/172/4424 5277/172/4434 3003/172/2326
f 5223/172/4391 5283/172/4439 5284/172/4440 5225/172/4393
f 5283/172/4439 5196/172/4372 5198/172/4374 5284/172/4440
f 5225/172/4393 5284/172/4440 5285/172/4441 5227/172/4395
f 5284/172/4440 5198/172/4374 5200/172/4376 5285/172/4441
f 5227/172/4395 5285/172/4441 5286/172/4442 5229/172/4397
f 5285/172/4441 5200/172/4376 5188/172/4364 5286/172/4442
f 5229/172/4397 5286/172/4442 5287/172/4443 5231/172/4399
f 5286/172/4442 5188/172/4364 5187/172/4363 5287/172/4443
f 5231/172/4399 5287/172/4443 5288/172/4444 5217/172/4385
f 5287/172/4443 5187/172/4363 5190/172/4366 5288/172/4444
f 5217/172/4385 5288/172/4444 5289/172/4445 5218/172/4386
f 5288/172/4444 5190/172/4366 5192/172/4368 5289/172/4445
f 5218/172/4386 5289/172/4445 5290/172/4446 5221/172/4389
f 5289/172/4445 5192/172/4368 5194/172/4370 5290/172/4446
f 5221/172/4389 5290/172/4446 5283/172/4439 5223/172/4391
f 5290/172/4446 5194/172/4370 5196/172/4372 5283/172/4439
f 5243/172/4408 5291/172/4447 5292/172/4443 5245/172/4399
f 5291/172/4447 5212/172/4383 5214/172/4363 5292/172/4443
f 5245/172/4399 5292/172/4443 5293/172/4444 5247/172/4410
f 5292/172/4443 5214/172/4363 5216/172/4384 5293/172/4444
f 5247/172/4410 5293/172/4444 5294/172/4448 5233/172/4401
f 5293/172/4444 5216/172/4384 5204/172/4379 5294/172/4448
f 5233/172/4401 5294/172/4448 5295/172/4449 5234/172/4402
f 5294/172/4448 5204/172/4379 5203/172/4378 5295/172/4449
f 5234/172/4402 5295/172/4449 5296/172/4450 5237/172/4404
f 5295/172/4449 5203/172/4378 5206/172/4372 5296/172/4450
f 5237/172/4404 5296/172/4450 5297/172/4440 5239/172/4406
f 5296/172/4450 5206/172/4372 5208/172/4374 5297/172/4440
f 5239/172/4406 5297/172/4440 5298/172/4451 5241/172/4407
f 5297/172/4440 5208/172/4374 5210/172/4376 5298/172/4451
f 5241/172/4407 5298/172/4451 5291/172/4447 5243/172/4408
f 5298/172/4451 5210/172/4376 5212/172/4383 5291/172/4447
